#{"t_start": 1785395591.1490886, "env_id": "None"}
r,l,t
-2.0,1,1.617748
-2.0,1,1.619707
-2.0,1,1.621423
-2.0,1,1.623149
-2.0,1,1.624835
-2.0,1,1.626552
-2.0,1,1.628165
-2.0,1,1.62983
-2.0,1,1.631434
-2.0,1,1.633019
-2.0,1,1.634645
-2.0,1,1.636332
-2.0,1,1.637913
-2.0,1,1.639506
-2.0,1,1.641091
-2.0,1,1.642699
-2.0,1,1.644602
-2.0,1,1.646223
-2.0,1,1.647803
-2.0,1,1.649531
-2.0,1,1.651062
-2.0,1,1.652615
-2.0,1,1.654324
-2.0,1,1.655975
-2.0,1,1.657645
-2.0,1,1.659283
-2.0,1,1.660924
-2.0,1,1.662533
-2.0,1,1.664201
-2.0,1,1.665821
-2.0,1,1.667445
-2.0,1,1.669059
-2.0,1,1.670744
-2.0,1,1.672391
-2.0,1,1.674016
-2.0,1,1.675637
-2.0,1,1.677315
-2.0,1,1.678932
-2.0,1,1.680582
-2.0,1,1.68221
-2.0,1,1.683862
-2.0,1,1.685543
-2.0,1,1.687238
-2.0,1,1.688886
-2.0,1,1.690491
-2.0,1,1.69213
-2.0,1,1.693772
-2.0,1,1.695389
-2.0,1,1.697046
-2.0,1,1.698773
-2.0,1,1.700549
-2.0,1,1.702247
-2.0,1,1.703961
-2.0,1,1.705658
-2.0,1,1.70736
-2.0,1,1.70909
-2.0,1,1.710847
-2.0,1,1.712693
-2.0,1,1.714509
-2.0,1,1.71631
-2.0,1,1.718041
-2.0,1,1.719888
-2.0,1,1.721783
-2.0,1,1.723595
-2.0,1,1.725464
-2.0,1,1.72731
-2.0,1,1.729291
-2.0,1,1.731135
-2.0,1,1.732965
-2.0,1,1.734772
-2.0,1,1.736578
-2.0,1,1.738342
-2.0,1,1.740171
-2.0,1,1.742054
-2.0,1,1.743905
-2.0,1,1.745688
-2.0,1,1.747426
-2.0,1,1.749192
-2.0,1,1.750992
-2.0,1,1.75272
-2.0,1,1.754475
-2.0,1,1.756212
-2.0,1,1.757999
-2.0,1,1.759835
-2.0,1,1.761713
-2.0,1,1.763694
-2.0,1,1.765534
-2.0,1,1.767314
-2.0,1,1.76911
-2.0,1,1.770911
-2.0,1,1.772715
-2.0,1,1.774739
-2.0,1,1.776589
-2.0,1,1.778351
-2.0,1,1.780072
-2.0,1,1.781864
-2.0,1,1.783682
-2.0,1,1.785411
-2.0,1,1.787193
-2.0,1,1.788998
-2.0,1,1.790709
-2.0,1,1.792719
-2.0,1,1.794395
-2.0,1,1.796201
-2.0,1,1.797925
-2.0,1,1.799713
-2.0,1,1.801455
-2.0,1,1.803204
-2.0,1,1.804948
-2.0,1,1.806794
-2.0,1,1.808594
-2.0,1,1.810334
-2.0,1,1.812088
-2.0,1,1.813821
-2.0,1,1.815699
-2.0,1,1.817375
-2.0,1,1.819072
-2.0,1,1.82079
-2.0,1,1.822553
-2.0,1,1.824348
-2.0,1,1.826097
-2.0,1,1.827758
-2.0,1,1.829439
-2.0,1,1.831092
-2.0,1,1.832821
-2.0,1,1.834477
-2.0,1,1.836133
-2.0,1,1.837834
-2.0,1,1.839489
-2.0,1,1.841178
-2.0,1,1.842841
-2.0,1,1.844503
-2.0,1,1.846186
-2.0,1,1.847831
-2.0,1,1.849523
-2.0,1,1.851171
-2.0,1,1.852832
-2.0,1,1.854482
-2.0,1,1.85614
-2.0,1,1.857993
-2.0,1,1.859649
-2.0,1,1.861325
-2.0,1,1.86297
-2.0,1,1.864642
-2.0,1,1.866308
-2.0,1,1.867951
-2.0,1,1.869616
-2.0,1,1.871263
-2.0,1,1.872924
-2.0,1,1.874569
-2.0,1,1.876227
-2.0,1,1.877916
-2.0,1,1.879587
-2.0,1,1.881245
-2.0,1,1.882909
-2.0,1,1.884604
-2.0,1,1.886261
-2.0,1,1.887899
-2.0,1,1.889643
-2.0,1,1.891311
-2.0,1,1.893005
-2.0,1,1.894741
-2.0,1,1.8964
-2.0,1,1.898052
-2.0,1,1.899707
-2.0,1,1.901453
-2.0,1,1.903225
-2.0,1,1.904921
-2.0,1,1.906648
-2.0,1,1.908314
-2.0,1,1.910035
-2.0,1,1.911681
-2.0,1,1.913372
-2.0,1,1.915034
-2.0,1,1.916745
-2.0,1,1.918445
-2.0,1,1.920064
-2.0,1,1.921809
-2.0,1,1.923436
-2.0,1,1.925086
-2.0,1,1.926727
-2.0,1,1.928354
-2.0,1,1.929981
-2.0,1,1.931594
-2.0,1,1.933252
-2.0,1,1.934879
-2.0,1,1.93653
-2.0,1,1.938171
-2.0,1,1.939829
-2.0,1,1.941501
-2.0,1,1.943186
-2.0,1,1.94489
-2.0,1,1.946521
-2.0,1,1.948155
-2.0,1,1.949797
-2.0,1,1.95139
-2.0,1,1.952973
-2.0,1,1.954681
-2.0,1,1.956397
-2.0,1,1.958094
-2.0,1,1.95997
-2.0,1,1.96169
-2.0,1,1.963804
-2.0,1,1.965456
-2.0,1,1.967103
-2.0,1,1.968775
-2.0,1,1.970473
-2.0,1,1.972071
-2.0,1,1.974182
-2.0,1,1.975995
-2.0,1,1.9778
-2.0,1,1.979488
-2.0,1,1.981192
-2.0,1,1.98286
-2.0,1,1.984501
-2.0,1,1.986243
-2.0,1,1.987838
-2.0,1,1.989483
-2.0,1,1.99115
-2.0,1,1.992837
-2.0,1,1.994498
-2.0,1,1.996093
-2.0,1,1.99796
-2.0,1,1.99951
-2.0,1,2.001195
-2.0,1,2.002808
-2.0,1,2.004443
-2.0,1,2.006088
-2.0,1,2.007704
-2.0,1,2.009363
-2.0,1,2.011041
-2.0,1,2.012746
-2.0,1,2.014398
-2.0,1,2.016032
-2.0,1,2.017708
-2.0,1,2.01933
-2.0,1,2.021025
-2.0,1,2.0227
-2.0,1,2.024379
-2.0,1,2.026048
-2.0,1,2.02773
-2.0,1,2.029488
-2.0,1,2.031165
-2.0,1,2.032847
-2.0,1,2.034511
-2.0,1,2.036165
-2.0,1,2.037867
-2.0,1,2.039536
-2.0,1,2.041267
-2.0,1,2.042962
-2.0,1,2.044614
-2.0,1,2.04623
-2.0,1,2.04788
-2.0,1,2.04954
-2.0,1,2.051208
-2.0,1,2.052894
-2.0,1,2.054559
-2.0,1,2.05633
-2.0,1,2.058349
-2.0,1,2.060208
-2.0,1,2.06202
-2.0,1,2.063747
-2.0,1,2.065424
-2.0,1,2.067035
-2.0,1,2.068706
-2.0,1,2.070378
-2.0,1,2.07218
-2.0,1,2.074026
-2.0,1,2.075661
-2.0,1,2.077341
-2.0,1,2.078997
-2.0,1,2.080646
-2.0,1,2.082273
-2.0,1,2.083873
-2.0,1,2.08564
-2.0,1,2.087292
-2.0,1,2.088939
-2.0,1,2.090574
-2.0,1,2.092181
-2.0,1,2.093838
-2.0,1,2.09547
-2.0,1,2.097195
-2.0,1,2.098909
-2.0,1,2.100571
-2.0,1,2.102218
-2.0,1,2.103868
-2.0,1,2.105503
-2.0,1,2.107146
-2.0,1,2.10878
-2.0,1,2.110432
-2.0,1,2.11209
-2.0,1,2.113858
-2.0,1,2.115653
-2.0,1,2.1173
-2.0,1,2.118897
-2.0,1,2.120548
-2.0,1,2.122253
-2.0,1,2.1243
-2.0,1,2.12613
-2.0,1,2.127779
-2.0,1,2.129411
-2.0,1,2.131063
-2.0,1,2.132669
-2.0,1,2.134414
-2.0,1,2.136091
-2.0,1,2.137736
-2.0,1,2.139705
-2.0,1,2.141364
-2.0,1,2.143198
-2.0,1,2.145004
-2.0,1,2.146645
-2.0,1,2.148293
-2.0,1,2.149971
-2.0,1,2.151708
-2.0,1,2.153351
-2.0,1,2.154956
-2.0,1,2.156837
-2.0,1,2.158851
-2.0,1,2.160579
-2.0,1,2.162195
-2.0,1,2.163836
-2.0,1,2.165462
-2.0,1,2.167068
-2.0,1,2.168726
-2.0,1,2.170341
-2.0,1,2.171987
-2.0,1,2.173621
-2.0,1,2.175246
-2.0,1,2.176895
-2.0,1,2.178508
-2.0,1,2.180119
-2.0,1,2.181751
-2.0,1,2.183362
-2.0,1,2.18499
-2.0,1,2.186601
-2.0,1,2.188207
-2.0,1,2.189808
-2.0,1,2.191421
-2.0,1,2.193114
-2.0,1,2.194787
-2.0,1,2.196448
-2.0,1,2.198082
-2.0,1,2.199773
-2.0,1,2.20142
-2.0,1,2.20303
-2.0,1,2.204682
-2.0,1,2.206327
-2.0,1,2.207962
-2.0,1,2.209655
-2.0,1,2.211403
-2.0,1,2.213143
-2.0,1,2.214875
-2.0,1,2.216602
-2.0,1,2.218305
-2.0,1,2.220234
-2.0,1,2.221985
-2.0,1,2.223713
-2.0,1,2.225478
-2.0,1,2.227364
-2.0,1,2.229275
-2.0,1,2.231111
-2.0,1,2.23292
-2.0,1,2.234686
-2.0,1,2.236454
-2.0,1,2.238197
-2.0,1,2.240004
-2.0,1,2.241882
-2.0,1,2.243581
-2.0,1,2.245365
-2.0,1,2.247091
-2.0,1,2.24884
-2.0,1,2.250583
-2.0,1,2.252353
-2.0,1,2.254065
-2.0,1,2.255795
-2.0,1,2.257538
-2.0,1,2.259261
-2.0,1,2.261022
-2.0,1,2.26276
-2.0,1,2.264428
-2.0,1,2.266176
-2.0,1,2.26792
-2.0,1,2.269621
-2.0,1,2.27129
-2.0,1,2.273067
-2.0,1,2.274802
-2.0,1,2.276454
-2.0,1,2.278201
-2.0,1,2.279928
-2.0,1,2.281688
-2.0,1,2.28346
-2.0,1,2.285254
-2.0,1,2.287008
-2.0,1,2.288749
-2.0,1,2.290492
-2.0,1,2.292218
-2.0,1,2.29398
-2.0,1,2.295703
-2.0,1,2.297459
5.0,1,2.299253
-2.0,1,2.300987
-2.0,1,2.302732
-2.0,1,2.304492
-2.0,1,2.306226
-2.0,1,2.307941
-2.0,1,2.309696
-2.0,1,2.311444
-2.0,1,2.313186
-2.0,1,2.314905
-2.0,1,2.316666
-2.0,1,2.318389
-2.0,1,2.320156
-2.0,1,2.321931
-2.0,1,2.323725
-2.0,1,2.325461
-2.0,1,2.32731
-2.0,1,2.329177
-2.0,1,2.330986
-2.0,1,2.332751
-2.0,1,2.334453
-2.0,1,2.336173
-2.0,1,2.337934
-2.0,1,2.33972
-2.0,1,2.341625
-2.0,1,2.343581
-2.0,1,2.345367
-2.0,1,2.347162
-2.0,1,2.348896
-2.0,1,2.350705
-2.0,1,2.352439
-2.0,1,2.354164
-2.0,1,2.355952
-2.0,1,2.35789
-2.0,1,2.359603
-2.0,1,2.361327
-2.0,1,2.363085
-2.0,1,2.364841
-2.0,1,2.366575
-2.0,1,2.368282
-2.0,1,2.370019
-2.0,1,2.371761
-2.0,1,2.373489
-2.0,1,2.375185
-2.0,1,2.376911
-2.0,1,2.378619
-2.0,1,2.380339
-2.0,1,2.382089
-2.0,1,2.383799
-2.0,1,2.38551
-2.0,1,2.38724
-2.0,1,2.389065
-2.0,1,2.390754
-2.0,1,2.392484
-2.0,1,2.394181
-2.0,1,2.395887
-2.0,1,2.397698
-2.0,1,2.39942
-2.0,1,2.401163
-2.0,1,2.402892
-2.0,1,2.404637
-2.0,1,2.406345
-2.0,1,2.408058
-2.0,1,2.409785
-2.0,1,2.411497
-2.0,1,2.413357
-2.0,1,2.415056
-2.0,1,2.416772
-2.0,1,2.418464
-2.0,1,2.420214
-2.0,1,2.42193
-2.0,1,2.423652
-2.0,1,2.425371
-2.0,1,2.427063
-2.0,1,2.428775
-2.0,1,2.430479
-2.0,1,2.432181
-2.0,1,2.433892
-2.0,1,2.435582
-2.0,1,2.437339
-2.0,1,2.43912
-2.0,1,2.440832
-2.0,1,2.442523
-2.0,1,2.444229
-2.0,1,2.445995
-2.0,1,2.447732
-2.0,1,2.449454
-2.05,2,2.452885
-2.0,1,2.454636
-2.0,1,2.456357
-2.0,1,2.458057
-2.0,1,2.459748
-2.0,1,2.461456
-2.0,1,2.463145
-2.0,1,2.464947
-2.0,1,2.46666
-2.0,1,2.468378
-2.0,1,2.470079
-2.0,1,2.471771
-2.0,1,2.473502
-2.0,1,2.475192
-2.0,1,2.476922
-2.0,1,2.478626
-2.0,1,2.48035
-2.0,1,2.482117
-2.0,1,2.483806
-2.0,1,2.485526
-2.0,1,2.487231
-2.0,1,2.488954
-2.0,1,2.490699
-2.0,1,2.492427
-2.0,1,2.494117
-2.0,1,3.74417
-2.0,1,3.746515
-2.0,1,3.748466
-2.0,1,3.750356
-2.0,1,3.752248
-2.0,1,3.754174
-2.0,1,3.756069
-2.0,1,3.758014
-2.0,1,3.759912
-2.0,1,3.761849
-2.0,1,3.763753
-2.0,1,3.765652
-2.0,1,3.767701
-2.0,1,3.769717
-2.0,1,3.771632
-2.0,1,3.773547
-2.0,1,3.775437
-2.0,1,3.777428
-2.0,1,3.779503
-2.0,1,3.781449
-2.0,1,3.783382
-2.0,1,3.785304
-2.0,1,3.787189
-2.0,1,3.789108
-2.0,1,3.791022
-2.0,1,3.792949
-2.0,1,3.794843
-2.0,1,3.796784
-2.0,1,3.798673
-2.0,1,3.800599
-2.0,1,3.802481
-2.0,1,3.804367
-2.0,1,3.806475
-2.0,1,3.808426
-2.0,1,3.810301
-2.0,1,3.812309
-2.0,1,3.81442
-2.0,1,3.816431
-2.0,1,3.818398
-2.0,1,3.820436
-2.0,1,3.822471
-2.0,1,3.82454
-2.0,1,3.826442
-2.0,1,3.828329
-2.0,1,3.830235
-2.0,1,3.832109
-2.0,1,3.834025
-2.0,1,3.835907
-2.0,1,3.837896
-2.0,1,3.839722
-2.0,1,3.841672
-2.0,1,3.843731
-2.0,1,3.8457
-2.0,1,3.847663
-2.0,1,3.84962
-2.0,1,3.851503
-2.0,1,3.853433
-2.0,1,3.85535
-2.0,1,3.85727
-2.0,1,3.859197
-2.0,1,3.861107
-2.0,1,3.86318
-2.0,1,3.865214
-2.0,1,3.867113
-2.0,1,3.86903
-2.0,1,3.870936
-2.0,1,3.872845
-2.0,1,3.874753
-2.0,1,3.876687
-2.0,1,3.878593
-2.0,1,3.880669
-2.0,1,3.882642
-2.0,1,3.884575
-2.0,1,3.886509
-2.0,1,3.888402
-2.0,1,3.890287
-2.0,1,3.89219
-2.0,1,3.894111
-2.0,1,3.896062
-2.0,1,3.897995
-2.0,1,3.899933
-2.0,1,3.902097
-2.0,1,3.903985
-2.0,1,3.906061
-2.0,1,3.908008
-2.0,1,3.909934
-2.0,1,3.91189
-2.0,1,3.913799
-2.0,1,3.915736
-2.0,1,3.917673
-2.0,1,3.919581
-2.0,1,3.921494
-2.0,1,3.923412
-2.0,1,3.925352
-2.0,1,3.927282
-2.0,1,3.929219
-2.0,1,3.931113
-2.0,1,3.933012
-2.0,1,3.934921
-2.0,1,3.936881
-2.0,1,3.938757
-2.0,1,3.940681
-2.0,1,3.94261
-2.0,1,3.944542
-2.0,1,3.946477
-2.0,1,3.948486
-2.0,1,3.950418
-2.0,1,3.952357
-2.0,1,3.954194
-2.0,1,3.956048
-2.0,1,3.958109
-2.0,1,3.960124
-2.0,1,3.962071
-2.0,1,3.964067
-2.0,1,3.966082
-2.0,1,3.968051
-2.0,1,3.970015
-2.0,1,3.971943
-2.0,1,3.973894
-2.0,1,3.975901
-2.0,1,3.977867
-2.0,1,3.979804
-2.0,1,3.981786
-2.0,1,3.983796
-2.0,1,3.986034
-2.0,1,3.987944
-2.0,1,3.989908
-2.0,1,3.991871
-2.0,1,3.993799
-2.0,1,3.995673
-2.0,1,3.997641
-2.0,1,3.999606
-2.0,1,4.00152
-2.0,1,4.003421
-2.0,1,4.005399
-2.0,1,4.007315
-2.0,1,4.009215
-2.0,1,4.011128
-2.0,1,4.013055
-2.0,1,4.014934
-2.0,1,4.01685
-2.0,1,4.018744
-2.0,1,4.020615
-2.0,1,4.022456
-2.0,1,4.024289
-2.0,1,4.026119
-2.0,1,4.027959
-2.0,1,4.02981
-2.0,1,4.03159
-2.0,1,4.033424
-2.0,1,4.035291
-2.0,1,4.03711
-2.0,1,4.038939
-2.0,1,4.040735
-2.0,1,4.04252
-2.0,1,4.044325
-2.0,1,4.046167
-2.0,1,4.047951
-2.0,1,4.049757
-2.0,1,4.051581
-2.0,1,4.053429
-2.0,1,4.055254
-2.0,1,4.057049
-2.0,1,4.058834
-2.0,1,4.060673
-2.0,1,4.062453
-2.0,1,4.064363
-2.0,1,4.066157
-2.0,1,4.067967
-2.0,1,4.069838
-2.0,1,4.07168
-2.0,1,4.073515
-2.0,1,4.075304
-2.0,1,4.07719
-2.0,1,4.079009
-2.0,1,4.080849
-2.0,1,4.082683
-2.0,1,4.084499
5.0,1,4.086382
-2.0,1,4.088167
-2.0,1,4.090055
-2.0,1,4.091843
-2.0,1,4.093675
-2.0,1,4.0955
-2.0,1,4.09731
-2.0,1,4.099145
-2.0,1,4.100976
-2.0,1,4.102765
-2.0,1,4.104595
-2.0,1,4.106406
-2.0,1,4.108201
-2.0,1,4.110029
-2.0,1,4.111825
-2.0,1,4.113658
-2.0,1,4.115448
-2.0,1,4.117246
-2.0,1,4.119119
-2.0,1,4.120904
-2.0,1,4.12266
-2.0,1,4.124492
-2.0,1,4.126286
-2.0,1,4.128081
-2.0,1,4.129926
-2.0,1,4.13176
-2.0,1,4.133552
-2.0,1,4.135351
-2.0,1,4.137161
-2.0,1,4.138955
-2.0,1,4.140769
-2.0,1,4.142571
-2.0,1,4.144422
-2.0,1,4.146253
-2.0,1,4.148102
-2.0,1,4.149908
-2.0,1,4.151709
-2.0,1,4.153535
-2.0,1,4.155333
-2.0,1,4.15714
-2.0,1,4.158938
-2.0,1,4.160792
-2.0,1,4.163249
-2.0,1,4.165367
-2.0,1,4.167398
-2.0,1,4.169414
-2.0,1,4.171426
-2.0,1,4.173571
-2.0,1,4.175762
-2.0,1,4.177967
-2.0,1,4.180139
-2.0,1,4.182231
-2.0,1,4.184318
-2.0,1,4.186489
-2.0,1,4.18863
-2.0,1,4.19077
-2.0,1,4.19294
-2.0,1,4.195086
-2.0,1,4.19735
-2.0,1,4.199582
-2.0,1,4.201801
-2.0,1,4.204163
-2.0,1,4.206457
-2.0,1,4.208672
-2.0,1,4.21078
-2.0,1,4.21295
-2.0,1,4.2151
-2.0,1,4.217265
-2.0,1,4.21941
-2.0,1,4.221585
-2.0,1,4.22378
-2.0,1,4.226022
-2.0,1,4.228207
-2.0,1,4.230308
-2.0,1,4.232382
-2.0,1,4.23444
-2.0,1,4.236517
-2.0,1,4.238551
-2.0,1,4.240653
-2.0,1,4.24269
-2.0,1,4.244668
-2.0,1,4.246777
-2.0,1,4.248798
-2.0,1,4.250794
-2.0,1,4.252808
-2.0,1,4.254854
-2.0,1,4.256862
-2.0,1,4.258853
-2.0,1,4.260956
-2.0,1,4.262957
-2.0,1,4.264971
-2.0,1,4.266977
-2.0,1,4.26899
-2.0,1,4.270992
-2.0,1,4.273014
-2.0,1,4.275058
-2.0,1,4.277126
-2.0,1,4.279468
-2.0,1,4.281721
-2.0,1,4.283748
-2.0,1,4.285845
-2.05,2,4.290092
-2.0,1,4.292135
-2.0,1,4.294157
-2.0,1,4.296211
-2.0,1,4.298287
-2.0,1,4.300348
-2.0,1,4.302373
-2.0,1,4.304412
-2.0,1,4.30645
-2.0,1,4.308503
-2.0,1,4.3105
-2.0,1,4.312536
-2.0,1,4.314532
-2.0,1,4.31656
-2.0,1,4.318557
-2.0,1,4.320609
-2.0,1,4.322624
-2.0,1,4.324659
-2.0,1,4.326708
-2.0,1,4.328715
-2.0,1,4.330729
-2.0,1,4.332944
-2.0,1,4.33495
-2.0,1,4.336998
-2.0,1,4.339088
-2.0,1,4.341121
-2.0,1,4.343128
-2.0,1,4.345146
-2.0,1,4.347177
-2.0,1,4.34921
-2.0,1,4.351283
-2.0,1,4.353346
-2.0,1,4.355403
-2.0,1,4.357441
-2.0,1,4.35946
-2.0,1,4.361495
-2.0,1,4.363512
-2.0,1,4.365561
-2.0,1,4.367596
-2.0,1,4.369629
-2.0,1,4.371682
-2.0,1,4.373697
-2.0,1,4.375895
-2.0,1,4.377959
-2.0,1,4.379998
-2.0,1,4.382015
-2.0,1,4.384014
-2.0,1,4.386025
-2.0,1,4.388067
-2.0,1,4.390086
-2.0,1,4.39213
-2.0,1,4.394155
-2.0,1,4.396153
-2.0,1,4.398163
-2.0,1,4.400156
-2.0,1,4.402186
-2.0,1,4.404188
-2.0,1,4.406226
-2.0,1,4.408274
-2.0,1,4.410299
-2.0,1,4.412283
-2.0,1,4.414279
5.0,1,4.416344
-2.0,1,4.418382
-2.0,1,4.420405
-2.0,1,4.422402
-2.0,1,4.424428
-2.0,1,4.426425
-2.0,1,4.428452
-2.0,1,4.430502
-2.0,1,4.432501
-2.0,1,4.434505
-2.0,1,4.43653
-2.0,1,4.438524
-2.0,1,4.440541
-2.0,1,4.442546
-2.0,1,4.444597
-2.0,1,4.4466
-2.0,1,4.448647
-2.0,1,4.450666
-2.0,1,4.452682
-2.0,1,4.454709
-2.0,1,4.456718
-2.0,1,4.458736
-2.0,1,4.460756
-2.0,1,4.462782
-2.0,1,4.464835
-2.0,1,4.466849
-2.0,1,4.468896
-2.0,1,4.470899
-2.0,1,4.472947
-2.0,1,4.474989
-2.0,1,4.477058
-2.0,1,4.479061
-2.0,1,4.481103
-2.0,1,4.483093
-2.0,1,4.485146
-2.0,1,4.487198
-2.0,1,4.489281
-2.0,1,4.491277
-2.0,1,4.493303
-2.0,1,4.495306
-2.0,1,4.497447
-2.0,1,4.499453
-2.0,1,4.501499
-2.0,1,4.503537
-2.0,1,4.505598
-2.0,1,4.507634
-2.0,1,4.509653
-2.0,1,4.511659
-2.0,1,4.51368
-2.0,1,4.515686
-2.0,1,4.51774
-2.0,1,4.519766
-2.0,1,4.521836
-2.0,1,4.523834
-2.0,1,4.525899
-2.0,1,4.527908
-2.0,1,4.529926
-2.0,1,4.531937
-2.0,1,4.534085
-2.0,1,4.5361
-2.0,1,4.538115
-2.0,1,4.54015
-2.0,1,4.54219
-2.0,1,4.544159
-2.0,1,4.546134
-2.0,1,4.548153
-2.0,1,4.550191
-2.0,1,4.552232
-2.0,1,4.55432
-2.0,1,4.556359
-2.0,1,4.558427
-2.0,1,4.560456
-2.0,1,4.562435
-2.0,1,4.564514
-2.0,1,4.56652
-2.0,1,4.568575
-2.0,1,4.570578
-2.0,1,4.572628
-2.0,1,4.574657
-2.0,1,4.576731
-2.0,1,4.578766
-2.0,1,4.580872
-2.0,1,4.582853
-2.0,1,4.584899
-2.0,1,4.58689
-2.0,1,4.58911
-2.0,1,4.59115
-2.0,1,4.59323
-2.0,1,4.595236
-2.0,1,4.597257
-2.0,1,4.599289
-2.0,1,4.601337
-2.0,1,4.603354
-2.0,1,4.605425
-2.0,1,4.607472
-2.0,1,4.609525
-2.0,1,4.611566
-2.0,1,4.61364
-2.0,1,4.615643
-2.0,1,4.61774
-2.05,2,4.621962
-2.0,1,4.624752
-2.0,1,4.627332
-2.0,1,4.630315
-2.0,1,4.632739
-2.0,1,4.634927
-2.0,1,4.63708
-2.0,1,4.639443
-2.0,1,4.641702
-2.0,1,4.643983
-2.0,1,4.64619
-2.0,1,4.648372
-2.0,1,4.650537
-2.0,1,4.652666
-2.0,1,4.655038
-2.0,1,4.657239
-2.0,1,4.659386
-2.0,1,4.661691
-2.0,1,4.663843
-2.0,1,4.666008
-2.0,1,4.668167
-2.0,1,4.670339
-2.0,1,4.672524
-2.0,1,4.674804
-2.0,1,4.676964
-2.0,1,4.679107
-2.0,1,4.681263
-2.0,1,4.683403
-2.0,1,4.685576
-2.0,1,4.687716
-2.0,1,4.689913
-2.0,1,4.692036
-2.0,1,4.694196
-2.0,1,4.696345
-2.0,1,4.6985
-2.0,1,4.700648
-2.0,1,4.702784
-2.0,1,4.704938
-2.0,1,4.707067
-2.0,1,4.709254
-2.0,1,4.711392
-2.0,1,4.713571
-2.0,1,4.71585
-2.0,1,4.718211
-2.0,1,4.720421
-2.0,1,4.722552
-2.0,1,4.724728
-2.0,1,4.726899
-2.0,1,4.729231
-2.0,1,4.731422
-2.0,1,4.733626
-2.0,1,4.735803
-2.0,1,4.738023
-2.0,1,4.740225
-2.0,1,4.742393
-2.0,1,4.744608
-2.0,1,4.746802
-2.0,1,4.749029
-2.0,1,4.751212
-2.0,1,4.753423
-2.0,1,4.755646
-2.0,1,4.757935
-2.0,1,4.760184
-2.0,1,4.762322
-2.0,1,4.764556
-2.0,1,4.766736
-2.0,1,4.768959
-2.0,1,4.771118
-2.0,1,4.773274
-2.0,1,6.116844
-2.0,1,6.118891
-2.0,1,6.120956
-2.0,1,6.122998
-2.0,1,6.125325
-2.0,1,6.127398
-2.0,1,6.129481
-2.0,1,6.131493
-2.0,1,6.133543
-2.0,1,6.135594
-2.0,1,6.137613
-2.0,1,6.139594
-2.0,1,6.141663
-2.0,1,6.143557
-2.0,1,6.145585
-2.0,1,6.147566
-2.0,1,6.149644
-2.0,1,6.15166
-2.0,1,6.153562
-2.0,1,6.155588
-2.0,1,6.157623
-2.0,1,6.159521
-2.0,1,6.161579
-2.0,1,6.163606
-2.0,1,6.16565
-2.0,1,6.167924
-2.0,1,6.169958
-2.0,1,6.172005
-2.0,1,6.174049
-2.0,1,6.17606
-2.0,1,6.178143
-2.0,1,6.180335
-2.0,1,6.18228
-2.0,1,6.184327
-2.0,1,6.186376
-2.0,1,6.188453
-2.0,1,6.190519
-2.0,1,6.192486
-2.0,1,6.194503
-2.0,1,6.196559
-2.0,1,6.198588
-2.0,1,6.200634
-2.0,1,6.202663
-2.0,1,6.204704
-2.0,1,6.206719
-2.0,1,6.208747
-2.0,1,6.211084
-2.0,1,6.213122
-2.0,1,6.215155
-2.0,1,6.217221
-2.0,1,6.219332
-2.0,1,6.221373
-2.0,1,6.22343
-2.0,1,6.225437
-2.0,1,6.227412
-2.0,1,6.229427
-2.0,1,6.231387
-2.0,1,6.233388
-2.0,1,6.235344
-2.0,1,6.237376
-2.0,1,6.239404
-2.0,1,6.241474
-2.0,1,6.243481
-2.0,1,6.245642
-2.0,1,6.247762
-2.0,1,6.249864
-2.0,1,6.251819
-2.0,1,6.254005
-2.0,1,6.256026
-2.0,1,6.258138
-2.0,1,6.260149
-2.0,1,6.262228
-2.0,1,6.26415
-2.0,1,6.266196
-2.0,1,6.26818
-2.0,1,6.27018
-2.0,1,6.272164
-2.0,1,6.274184
-2.0,1,6.276173
-2.0,1,6.278193
-2.0,1,6.28021
-2.0,1,6.282311
-2.0,1,6.284375
-2.0,1,6.286268
-2.0,1,6.288145
-2.0,1,6.290173
-2.0,1,6.292272
-2.0,1,6.294434
-2.0,1,6.296586
-2.0,1,6.298815
-2.0,1,6.300885
-2.0,1,6.302962
-2.0,1,6.305148
-2.0,1,6.307182
-2.0,1,6.309243
-2.0,1,6.311255
-2.0,1,6.313293
-2.0,1,6.315307
-2.0,1,6.317359
-2.0,1,6.319417
-2.0,1,6.321499
-2.0,1,6.323504
-2.0,1,6.325555
-2.0,1,6.327595
-2.0,1,6.329667
-2.0,1,6.331783
-2.0,1,6.333819
-2.0,1,6.335822
-2.0,1,6.338012
-2.0,1,6.340034
-2.0,1,6.342103
-2.0,1,6.344154
-2.0,1,6.34618
-2.0,1,6.348248
-2.0,1,6.350277
-2.0,1,6.352327
-2.0,1,6.354362
-2.0,1,6.356413
-2.0,1,6.358418
-2.0,1,6.360437
-2.0,1,6.36245
-2.0,1,6.364518
-2.0,1,6.366533
-2.0,1,6.368582
-2.0,1,6.370588
-2.0,1,6.372651
-2.0,1,6.374694
-2.0,1,6.376753
-2.0,1,6.378757
-2.0,1,6.380958
-2.0,1,6.382962
-2.0,1,6.385002
-2.0,1,6.387007
-2.0,1,6.389061
-2.0,1,6.391064
-2.0,1,6.393099
-2.0,1,6.395115
-2.0,1,6.397138
-2.0,1,6.399131
-2.0,1,6.401153
-2.0,1,6.403162
-2.0,1,6.405253
-2.0,1,6.407253
-2.0,1,6.409296
-2.0,1,6.411305
-2.0,1,6.41334
-2.0,1,6.415373
-2.0,1,6.417459
-2.0,1,6.41947
-2.0,1,6.421589
-2.0,1,6.423581
-2.0,1,6.425647
-2.0,1,6.427661
-2.0,1,6.429667
-2.0,1,6.43166
-2.0,1,6.433677
-2.0,1,6.435702
-2.0,1,6.437687
-2.0,1,6.439694
-2.0,1,6.441752
-2.0,1,6.44377
-2.0,1,6.445821
-2.0,1,6.447807
-2.0,1,6.449805
-2.0,1,6.45182
-2.0,1,6.453837
-2.0,1,6.45579
-2.0,1,6.45786
-2.0,1,6.459823
-2.0,1,6.461831
-2.0,1,6.463838
-2.0,1,6.465983
-2.0,1,6.467989
-2.0,1,6.470015
-2.0,1,6.471985
-2.0,1,6.473989
-2.0,1,6.476014
-2.0,1,6.478052
-2.0,1,6.48002
-2.0,1,6.48202
-2.0,1,6.483993
-2.0,1,6.485985
-2.0,1,6.48796
-2.0,1,6.489985
-2.0,1,6.49197
-2.0,1,6.493972
-2.0,1,6.495939
-2.0,1,6.498017
-2.0,1,6.499991
-2.0,1,6.502001
-2.0,1,6.503976
-2.0,1,6.506003
-2.0,1,6.508089
-2.0,1,6.510219
-2.0,1,6.512205
-2.0,1,6.514181
-2.0,1,6.516159
-2.0,1,6.518138
-2.0,1,6.520106
-2.0,1,6.522092
-2.0,1,6.52407
-2.0,1,6.526061
-2.0,1,6.52803
-2.0,1,6.530014
-2.0,1,6.531973
-2.0,1,6.533953
-2.0,1,6.535973
-2.0,1,6.538074
-2.0,1,6.540039
-2.0,1,6.542024
-2.0,1,6.543986
-2.0,1,6.545969
-2.0,1,6.54793
-2.0,1,6.549929
-2.0,1,6.552083
-2.0,1,6.55408
-2.0,1,6.556037
-2.0,1,6.558048
-2.0,1,6.560056
-2.0,1,6.562065
-2.0,1,6.564104
-2.0,1,6.566104
-2.0,1,6.56807
-2.0,1,6.57005
-2.0,1,6.57204
-2.0,1,6.574287
-2.0,1,6.576732
-2.0,1,6.578867
-2.0,1,6.581023
-2.0,1,6.583148
-2.0,1,6.585381
-2.0,1,6.587646
-2.0,1,6.589762
-2.0,1,6.591862
-2.0,1,6.593998
-2.0,1,6.596135
-2.0,1,6.598247
-2.0,1,6.60035
-2.0,1,6.602447
-2.0,1,6.604585
-2.0,1,6.606688
-2.0,1,6.608803
-2.0,1,6.610898
-2.0,1,6.613042
-2.0,1,6.615152
-2.0,1,6.617305
-2.0,1,6.619377
-2.0,1,6.621521
-2.0,1,6.623646
-2.0,1,6.625808
-2.0,1,6.627891
-2.0,1,6.629994
-2.0,1,6.632082
-2.0,1,6.634202
-2.0,1,6.636436
-2.0,1,6.638584
-2.0,1,6.640697
-2.0,1,6.642777
-2.0,1,6.644871
-2.0,1,6.646974
-2.0,1,6.649073
-2.0,1,6.651167
-2.0,1,6.653295
-2.0,1,6.655396
-2.0,1,6.657521
-2.0,1,6.659602
-2.0,1,6.661708
-2.0,1,6.663802
-2.0,1,6.665918
-2.0,1,6.667998
-2.0,1,6.670115
-2.0,1,6.672222
-2.0,1,6.674325
-2.0,1,6.676454
-2.0,1,6.678544
-2.0,1,6.680666
-2.0,1,6.682754
-2.0,1,6.684865
-2.0,1,6.686956
-2.0,1,6.68907
-2.0,1,6.691173
-2.0,1,6.693274
-2.0,1,6.695371
-2.0,1,6.697504
-2.0,1,6.699592
-2.0,1,6.701703
-2.0,1,6.703805
-2.0,1,6.705914
-2.0,1,6.708011
-2.0,1,6.710128
-2.0,1,6.712234
-2.0,1,6.714343
-2.0,1,6.716469
-2.0,1,6.718546
-2.0,1,6.720662
-2.0,1,6.722844
-2.0,1,6.724966
-2.0,1,6.727067
-2.0,1,6.729212
-2.0,1,6.731315
-2.0,1,6.733431
-2.0,1,6.735533
-2.0,1,6.737657
-2.0,1,6.739757
-2.0,1,6.741891
-2.0,1,6.743965
-2.0,1,6.746074
-2.0,1,6.748168
-2.0,1,6.750288
-2.0,1,6.752433
-2.0,1,6.754532
-2.0,1,6.75665
-2.0,1,6.758737
-2.0,1,6.760922
-2.0,1,6.763012
-2.0,1,6.765238
-2.0,1,6.767319
-2.0,1,6.769438
-2.0,1,6.771539
-2.0,1,6.773707
-2.0,1,6.775806
-2.0,1,6.77797
-2.0,1,6.780118
-2.05,2,6.784331
-2.0,1,6.786441
-2.0,1,6.78857
-2.0,1,6.790664
-2.0,1,6.792794
-2.0,1,6.794887
-2.0,1,6.79701
-2.0,1,6.799102
-2.0,1,6.801208
-2.0,1,6.803291
-2.0,1,6.805412
-2.0,1,6.807597
-2.0,1,6.809715
-2.0,1,6.811848
-2.0,1,6.81401
-2.0,1,6.816097
-2.0,1,6.818199
-2.0,1,6.820368
-2.0,1,6.822488
-2.0,1,6.824631
-2.0,1,6.826748
-2.0,1,6.828872
-2.0,1,6.830992
-2.0,1,6.833118
-2.0,1,6.835345
-2.0,1,6.837517
-2.0,1,6.839631
-2.0,1,6.841753
-2.0,1,6.843889
-2.0,1,6.846029
-2.0,1,6.848179
-2.0,1,6.85038
-2.0,1,6.852729
-2.0,1,6.854908
-2.0,1,6.857053
-2.0,1,6.859174
-2.0,1,6.861402
-2.0,1,6.863536
-2.0,1,6.86568
-2.0,1,6.867778
-2.0,1,6.869921
-2.0,1,6.872047
-2.0,1,6.874203
-2.0,1,6.876331
-2.0,1,6.878463
-2.0,1,6.880592
-2.0,1,6.882743
-2.0,1,6.884891
-2.0,1,6.887026
-2.0,1,6.889194
-2.0,1,6.891288
-2.0,1,6.893507
-2.0,1,6.895637
-2.0,1,6.897761
-2.0,1,6.899858
-2.0,1,6.902018
-2.0,1,6.904177
-2.0,1,6.906309
-2.0,1,6.908455
-2.0,1,6.910663
-2.0,1,6.912819
-2.0,1,6.914862
5.0,1,6.916977
-2.0,1,6.919001
-2.0,1,6.921069
-2.0,1,6.923084
-2.0,1,6.925125
-2.0,1,6.927153
-2.0,1,6.929246
-2.0,1,6.931266
-2.0,1,6.933301
-2.0,1,6.935391
-2.0,1,6.93746
-2.0,1,6.939468
-2.0,1,6.941495
-2.0,1,6.943479
-2.0,1,6.945527
-2.0,1,6.947529
-2.0,1,6.949564
-2.0,1,6.951572
-2.0,1,6.953598
-2.0,1,6.955602
-2.0,1,6.957624
-2.0,1,6.959647
-2.0,1,6.961726
-2.0,1,6.963761
-2.0,1,6.965791
-2.0,1,6.967821
-2.0,1,6.969864
-2.0,1,6.971893
-2.0,1,6.973935
-2.0,1,6.975952
-2.0,1,6.978057
-2.0,1,6.980047
-2.0,1,6.982017
-2.0,1,6.983986
-2.0,1,6.985964
-2.0,1,6.987972
-2.0,1,6.989968
-2.0,1,6.991956
-2.0,1,6.99401
-2.0,1,6.99608
-2.0,1,6.998124
-2.0,1,7.000173
-2.0,1,7.002232
-2.0,1,7.004409
-2.0,1,7.006525
-2.0,1,7.008583
-2.0,1,7.010872
-2.0,1,7.012946
-2.0,1,7.014977
-2.0,1,7.017058
-2.0,1,7.019182
-2.0,1,7.021321
-2.0,1,7.023345
-2.0,1,7.025403
-2.0,1,7.027432
-2.0,1,7.029475
-2.0,1,7.031554
-2.0,1,7.033617
-2.0,1,7.035663
-2.0,1,7.037764
-2.0,1,7.039797
-2.0,1,7.041875
-2.0,1,7.043954
-2.0,1,7.046084
-2.0,1,7.048127
-2.0,1,7.050211
-2.0,1,7.052228
-2.0,1,7.054251
-2.0,1,7.056251
-2.0,1,7.058284
-2.0,1,7.060317
-2.0,1,7.062396
-2.0,1,7.064499
-2.0,1,7.066503
-2.0,1,7.068516
-2.0,1,7.070533
-2.0,1,7.072551
-2.0,1,7.074516
-2.0,1,7.076513
-2.0,1,7.078471
-2.0,1,7.08048
-2.0,1,7.082461
-2.0,1,7.084464
-2.0,1,7.08642
-2.0,1,7.088404
-2.0,1,7.090371
-2.0,1,7.092351
-2.0,1,7.094322
-2.0,1,7.096316
-2.0,1,7.098382
-2.0,1,7.100356
-2.0,1,7.102337
-2.0,1,7.104325
-2.0,1,7.10648
-2.0,1,7.108475
-2.0,1,7.110435
-2.0,1,7.112456
-2.0,1,7.114459
-2.0,1,7.116458
-2.0,1,7.118486
-2.0,1,7.120568
-2.0,1,7.122585
-2.0,1,7.124616
-2.0,1,7.126662
-2.0,1,7.128706
-2.0,1,7.13073
-2.0,1,7.132779
-2.0,1,7.13483
-2.0,1,7.136878
-2.0,1,7.138945
-2.0,1,7.141008
-2.0,1,7.143028
-2.0,1,7.145138
5.0,1,7.147237
-2.0,1,7.149338
-2.0,1,7.15138
-2.0,1,7.153431
-2.0,1,7.155452
-2.0,1,7.157508
-2.0,1,7.159579
-2.0,1,7.161721
-2.0,1,7.163789
-2.0,1,7.165792
-2.0,1,7.16781
-2.0,1,7.169855
-2.0,1,7.171859
-2.0,1,8.891787
-2.0,1,8.894541
-2.0,1,8.897224
-2.05,2,8.901767
-2.0,1,8.904033
-2.0,1,8.906322
-2.0,1,8.908674
-2.0,1,8.910961
-2.0,1,8.913257
-2.0,1,8.915575
-2.0,1,8.917866
-2.0,1,8.920139
-2.0,1,8.922418
-2.0,1,8.924739
-2.0,1,8.927005
-2.0,1,8.929319
-2.0,1,8.931553
-2.0,1,8.93391
-2.0,1,8.936339
-2.0,1,8.938692
5.0,1,8.941196
-2.0,1,8.943697
-2.0,1,8.946056
-2.0,1,8.948411
-2.0,1,8.950859
-2.0,1,8.953239
-2.0,1,8.955558
-2.0,1,8.957911
-2.0,1,8.960224
-2.0,1,8.962572
-2.0,1,8.964902
-2.0,1,8.967342
-2.0,1,8.969691
-2.0,1,8.971959
-2.0,1,8.974371
-2.0,1,8.976847
-2.0,1,8.979143
-2.0,1,8.98144
-2.0,1,8.984135
-2.0,1,8.986492
-2.0,1,8.988781
-2.0,1,8.991451
-2.0,1,8.993789
-2.0,1,8.996071
-2.0,1,8.998406
-2.0,1,9.000692
-2.0,1,9.002951
-2.0,1,9.005244
-2.0,1,9.00754
-2.0,1,9.009866
-2.0,1,9.012152
-2.0,1,9.014471
-2.0,1,9.01687
-2.0,1,9.019178
-2.0,1,9.021467
-2.0,1,9.023754
-2.0,1,9.026158
-2.0,1,9.028581
-2.0,1,9.030944
-2.0,1,9.033298
-2.0,1,9.03565
-2.0,1,9.038012
-2.0,1,9.040411
-2.0,1,9.043018
-2.0,1,9.04541
-2.0,1,9.047787
-2.0,1,9.050167
-2.0,1,9.052508
-2.0,1,9.05497
-2.0,1,9.057341
-2.0,1,9.059886
-2.0,1,9.062279
-2.0,1,9.064587
-2.0,1,9.066843
-2.0,1,9.069364
-2.0,1,9.071634
-2.0,1,9.073934
-2.0,1,9.076304
-2.0,1,9.078823
-2.0,1,9.081195
-2.0,1,9.083464
-2.0,1,9.08576
-2.0,1,9.088134
-2.0,1,9.090413
-2.0,1,9.092784
-2.0,1,9.095467
-2.0,1,9.098247
-2.0,1,9.100548
-2.0,1,9.102904
-2.0,1,9.105261
-2.0,1,9.10778
-2.0,1,9.110366
-2.0,1,9.113471
-2.0,1,9.116047
-2.0,1,9.118486
-2.0,1,9.12089
-2.0,1,9.123242
-2.0,1,9.125629
-2.0,1,9.128213
-2.0,1,9.1306
-2.0,1,9.132986
-2.0,1,9.13547
-2.0,1,9.137818
-2.0,1,9.140135
-2.0,1,9.142588
-2.0,1,9.145083
-2.0,1,9.147462
-2.0,1,9.149991
-2.0,1,9.152382
-2.0,1,9.154944
5.0,1,9.157237
-2.0,1,9.159854
-2.0,1,9.162373
-2.0,1,9.164695
-2.0,1,9.166991
-2.0,1,9.169288
-2.0,1,9.171559
-2.0,1,9.173869
-2.0,1,9.176228
-2.0,1,9.178512
-2.0,1,9.180818
-2.0,1,9.183125
-2.0,1,9.185406
-2.0,1,9.187681
-2.0,1,9.190047
-2.0,1,9.192397
-2.0,1,9.194692
-2.0,1,9.197211
-2.0,1,9.199509
-2.0,1,9.201827
-2.0,1,9.204089
-2.0,1,9.206355
-2.0,1,9.208749
-2.0,1,9.211068
-2.0,1,9.21334
-2.0,1,9.215604
-2.0,1,9.21791
-2.0,1,9.220146
-2.0,1,9.22244
-2.0,1,9.224725
-2.0,1,9.226993
-2.0,1,9.229309
-2.0,1,9.231575
-2.0,1,9.233851
-2.0,1,9.236105
-2.0,1,9.238549
-2.0,1,9.240989
-2.0,1,9.2433
-2.0,1,9.245618
-2.0,1,9.247954
5.0,1,9.250517
-2.0,1,9.252826
-2.0,1,9.255151
-2.0,1,9.257557
-2.0,1,9.259996
-2.0,1,9.263085
-2.0,1,9.265585
-2.05,2,9.270295
-2.0,1,9.272679
-2.0,1,9.274981
-2.0,1,9.277588
-2.0,1,9.280893
-2.0,1,9.283621
-2.0,1,9.28594
-2.0,1,9.28832
-2.0,1,9.290627
-2.0,1,9.293427
-2.0,1,9.295772
-2.0,1,9.298192
-2.0,1,9.300708
-2.0,1,9.30306
-2.0,1,9.305545
-2.0,1,9.307902
-2.0,1,9.31033
-2.0,1,9.312834
-2.0,1,9.315171
-2.0,1,9.317521
-2.0,1,9.32
-2.0,1,9.322339
-2.0,1,9.324823
-2.0,1,9.327296
-2.0,1,9.329694
-2.0,1,9.332027
-2.0,1,9.334421
-2.0,1,9.336724
-2.0,1,9.339011
-2.0,1,9.34133
-2.0,1,9.343841
-2.0,1,9.346484
-2.0,1,9.348933
-2.0,1,9.351216
-2.0,1,9.353589
-2.0,1,9.356016
-2.0,1,9.359003
-2.0,1,9.36235
-2.0,1,9.364727
-2.0,1,9.367467
-2.0,1,9.369802
-2.0,1,9.372075
-2.0,1,9.374488
-2.0,1,9.377081
-2.0,1,9.379453
-2.0,1,9.381791
-2.0,1,9.384507
-2.0,1,9.386772
-2.0,1,9.389178
-2.0,1,9.391811
-2.0,1,9.39417
-2.0,1,9.396482
-2.0,1,9.399174
-2.0,1,9.401496
-2.0,1,9.403759
-2.0,1,9.406166
-2.0,1,9.408514
-2.0,1,9.411156
-2.0,1,9.413532
-2.0,1,9.415833
-2.0,1,9.418173
-2.0,1,9.420449
-2.0,1,9.422713
-2.0,1,9.425002
-2.0,1,9.42746
-2.0,1,9.42984
-2.0,1,9.432112
-2.0,1,9.43453
-2.0,1,9.43682
-2.0,1,9.439234
-2.0,1,9.441599
-2.0,1,9.444199
-2.0,1,9.446684
-2.0,1,9.44903
-2.0,1,9.451313
-2.0,1,9.454103
-2.0,1,9.45681
-2.0,1,9.459106
-2.0,1,9.461742
-2.0,1,9.46403
-2.0,1,9.466283
-2.0,1,9.468438
-2.0,1,9.470742
-2.0,1,9.472902
-2.0,1,9.475027
-2.0,1,9.477102
-2.0,1,9.47913
-2.0,1,9.48117
-2.0,1,9.483143
-2.0,1,9.485164
-2.0,1,9.487123
-2.0,1,9.489039
-2.0,1,9.490967
-2.0,1,9.492968
-2.0,1,9.49536
-2.0,1,9.49753
-2.0,1,9.499581
-2.0,1,9.501508
5.0,1,9.503549
-2.0,1,9.505486
-2.0,1,9.507338
-2.0,1,9.509181
-2.0,1,9.511391
-2.0,1,9.513212
-2.0,1,9.515088
-2.0,1,9.516962
-2.0,1,9.518785
-2.0,1,9.520631
-2.0,1,9.522389
-2.0,1,9.524173
-2.0,1,9.526267
-2.0,1,9.528118
-2.0,1,9.529946
-2.0,1,9.531707
-2.0,1,9.533438
-2.0,1,9.535132
-2.0,1,9.536923
-2.0,1,9.538762
-2.0,1,9.540498
-2.0,1,9.542206
-2.0,1,9.54404
-2.0,1,9.545929
-2.0,1,9.547725
-2.0,1,9.549544
-2.0,1,9.551423
-2.0,1,9.553208
-2.0,1,9.554996
-2.0,1,9.556797
-2.0,1,9.558568
-2.0,1,9.560316
-2.0,1,9.562141
-2.0,1,9.563892
-2.0,1,9.565698
-2.0,1,9.56754
-2.0,1,9.569397
-2.0,1,9.571177
-2.0,1,9.572996
-2.0,1,9.574896
-2.0,1,9.576777
-2.0,1,9.578944
-2.0,1,9.580864
-2.0,1,9.582741
-2.0,1,9.584616
-2.0,1,9.586469
-2.0,1,9.588367
-2.0,1,9.590214
-2.0,1,9.592067
-2.0,1,9.593915
-2.0,1,9.595821
-2.0,1,9.597708
-2.0,1,9.599638
-2.0,1,9.601558
-2.0,1,9.60344
-2.0,1,9.605357
-2.0,1,9.607259
-2.0,1,9.609228
-2.0,1,9.611086
-2.0,1,9.613096
-2.0,1,9.614978
-2.0,1,9.616937
-2.0,1,9.618778
-2.0,1,9.62069
-2.0,1,9.622658
-2.0,1,9.624688
-2.0,1,9.626571
-2.0,1,9.628406
-2.0,1,9.630233
-2.0,1,9.632095
-2.0,1,9.63401
-2.0,1,9.635903
-2.0,1,9.637885
-2.0,1,9.639827
-2.0,1,9.64171
-2.0,1,9.643611
-2.0,1,9.645541
-2.0,1,9.647409
-2.0,1,9.649357
-2.0,1,9.651259
-2.0,1,9.653141
-2.0,1,9.655139
-2.0,1,9.657466
-2.0,1,9.659426
-2.0,1,9.661445
-2.0,1,9.663378
-2.0,1,9.66574
-2.0,1,9.667755
-2.0,1,9.669646
-2.0,1,9.671512
-2.0,1,9.673409
-2.0,1,9.675351
-2.0,1,9.677226
-2.0,1,9.679091
-2.0,1,9.680932
-2.0,1,9.682739
-2.0,1,9.684592
-2.0,1,9.686471
-2.0,1,9.688321
-2.0,1,9.690113
-2.0,1,9.691896
-2.0,1,9.693693
-2.0,1,9.695722
-2.0,1,9.697589
-2.0,1,9.69945
-2.0,1,9.701298
-2.0,1,9.703194
-2.0,1,9.705155
-2.0,1,9.707075
-2.0,1,9.708986
-2.0,1,9.711253
-2.0,1,9.713376
-2.0,1,9.715323
-2.0,1,9.717347
-2.0,1,9.719257
-2.0,1,9.721331
-2.0,1,9.723292
-2.0,1,9.725579
-2.0,1,9.727844
-2.0,1,9.730079
-2.0,1,9.732122
-2.0,1,9.734699
-2.0,1,9.736631
-2.0,1,9.738666
-2.0,1,9.740587
-2.0,1,9.742578
-2.0,1,9.744643
-2.0,1,9.746872
-2.0,1,9.748893
-2.0,1,9.750824
-2.0,1,9.752937
-2.0,1,9.754843
-2.0,1,9.756831
-2.0,1,9.758828
-2.0,1,9.760831
-2.0,1,9.762787
-2.0,1,9.764784
-2.0,1,9.766715
-2.0,1,9.768635
-2.0,1,9.770611
-2.0,1,9.772568
-2.0,1,9.774495
-2.0,1,9.776443
-2.0,1,9.77837
-2.0,1,9.780565
-2.0,1,9.782593
-2.0,1,9.784521
-2.0,1,9.786431
-2.0,1,9.788587
-2.0,1,9.791112
-2.0,1,9.793239
-2.0,1,9.795403
5.0,1,9.797607
-2.0,1,9.799812
-2.0,1,9.802315
-2.0,1,9.804858
-2.0,1,9.806997
-2.0,1,9.809007
-2.0,1,9.811196
-2.0,1,9.81391
-2.0,1,9.816309
-2.0,1,9.818475
-2.0,1,9.820581
-2.0,1,9.822726
-2.0,1,9.824776
-2.0,1,9.826717
-2.0,1,9.828767
-2.0,1,9.830814
-2.0,1,9.83278
-2.0,1,9.834888
-2.0,1,9.836965
-2.0,1,9.839116
-2.0,1,9.841185
-2.0,1,9.844655
-2.0,1,9.846734
-2.0,1,9.848914
-2.0,1,9.851058
-2.0,1,9.853094
-2.0,1,9.855106
-2.0,1,9.857127
-2.0,1,9.859097
-2.0,1,9.861114
-2.0,1,9.863126
-2.0,1,9.865116
-2.0,1,9.867134
-2.0,1,9.869199
-2.0,1,9.871223
-2.0,1,9.873279
-2.0,1,9.875514
-2.0,1,9.87756
-2.0,1,9.879602
-2.0,1,9.881688
-2.0,1,9.883831
-2.0,1,9.885945
-2.0,1,9.888013
-2.0,1,9.890194
-2.0,1,9.892122
-2.0,1,9.894191
-2.0,1,9.896189
-2.0,1,9.898447
-2.0,1,9.900549
-2.0,1,9.902741
-2.0,1,9.904855
-2.0,1,9.906947
-2.0,1,9.909085
-2.0,1,9.911133
-2.0,1,9.913276
-2.0,1,9.915361
-2.0,1,9.917472
-2.0,1,9.919612
-2.0,1,9.921882
-2.0,1,9.923897
-2.0,1,9.926006
-2.0,1,9.928082
-2.0,1,9.930343
-2.0,1,9.932437
-2.0,1,9.934563
-2.0,1,9.936724
-2.0,1,9.938908
-2.0,1,9.94119
-2.0,1,9.943332
-2.0,1,9.94541
-2.0,1,9.94742
-2.0,1,9.94945
-2.0,1,9.951442
-2.0,1,9.953444
-2.0,1,9.955387
-2.0,1,9.95746
-2.0,1,9.959943
-2.0,1,9.96212
-2.0,1,9.964103
-2.0,1,9.96618
-2.0,1,9.968178
-2.0,1,9.970144
-2.0,1,9.972186
-2.0,1,9.97442
-2.0,1,9.976346
-2.0,1,9.978497
-2.0,1,9.98051
-2.0,1,9.98248
-2.0,1,9.984511
-2.0,1,9.98647
-2.0,1,9.988508
-2.0,1,9.990507
-2.0,1,9.99251
-2.0,1,9.994481
-2.0,1,9.996488
-2.0,1,9.998547
-2.0,1,10.000644
-2.0,1,10.002628
-2.0,1,10.00476
-2.0,1,10.006732
-2.0,1,10.008945
-2.0,1,10.010937
-2.0,1,10.012963
-2.0,1,11.468527
-2.0,1,11.47082
-2.0,1,11.472927
-2.0,1,11.475067
-2.0,1,11.477166
-2.0,1,11.479337
-2.0,1,11.481406
-2.0,1,11.483425
-2.0,1,11.485477
-2.0,1,11.487513
-2.0,1,11.4896
-2.0,1,11.491709
-2.0,1,11.49384
-2.0,1,11.495889
-2.0,1,11.497973
-2.0,1,11.499995
-2.0,1,11.502277
-2.0,1,11.504388
-2.0,1,11.50645
-2.0,1,11.508603
-2.0,1,11.510667
-2.0,1,11.512593
-2.0,1,11.514654
-2.0,1,11.516734
-2.0,1,11.518774
-2.0,1,11.520901
-2.0,1,11.522945
-2.0,1,11.525463
-2.0,1,11.527605
-2.0,1,11.529816
5.0,1,11.531935
-2.0,1,11.534075
-2.0,1,11.536055
-2.0,1,11.538066
-2.0,1,11.540025
-2.0,1,11.542175
-2.0,1,11.544576
-2.0,1,11.546611
-2.0,1,11.548632
-2.0,1,11.550679
-2.0,1,11.552708
-2.0,1,11.554742
-2.0,1,11.556767
-2.0,1,11.559368
-2.0,1,11.561651
-2.0,1,11.563788
-2.0,1,11.565925
-2.0,1,11.568077
-2.0,1,11.570477
-2.0,1,11.572754
-2.0,1,11.575064
-2.0,1,11.577379
-2.0,1,11.57966
-2.0,1,11.581853
-2.0,1,11.584177
-2.0,1,11.586438
-2.0,1,11.588667
-2.0,1,11.590932
-2.0,1,11.59306
-2.0,1,11.595265
-2.0,1,11.597461
-2.0,1,11.599636
-2.0,1,11.601822
-2.0,1,11.603937
-2.0,1,11.606133
-2.0,1,11.608331
5.0,1,11.610578
5.0,1,11.612863
-2.0,1,11.614976
5.0,1,11.617163
-2.0,1,11.61928
-2.0,1,11.62143
-2.0,1,11.623596
-2.0,1,11.625696
-2.0,1,11.627868
-2.0,1,11.630266
-2.0,1,11.632641
-2.0,1,11.634965
-2.0,1,11.637215
-2.0,1,11.63939
-2.0,1,11.641956
-2.0,1,11.64419
-2.0,1,11.646442
-2.0,1,11.648718
-2.0,1,11.651029
-2.0,1,11.653254
-2.0,1,11.655527
-2.0,1,11.657733
-2.0,1,11.659929
-2.0,1,11.662151
-2.0,1,11.664306
-2.0,1,11.666438
-2.0,1,11.668558
-2.0,1,11.670835
-2.0,1,11.673228
-2.0,1,11.675348
-2.0,1,11.67757
-2.0,1,11.679821
-2.0,1,11.682069
-2.0,1,11.684153
-2.0,1,11.686325
-2.0,1,11.688596
-2.0,1,11.69075
-2.0,1,11.692924
-2.0,1,11.695224
-2.0,1,11.697366
-2.0,1,11.699625
-2.0,1,11.701787
-2.0,1,11.703973
-2.0,1,11.706246
-2.0,1,11.708452
-2.0,1,11.710718
-2.0,1,11.713664
-2.0,1,11.715989
-2.0,1,11.718266
-2.0,1,11.720421
-2.0,1,11.722898
-2.0,1,11.725018
-2.0,1,11.72748
-2.0,1,11.729702
-2.0,1,11.731919
-2.0,1,11.734097
-2.0,1,11.736174
-2.0,1,11.738593
-2.0,1,11.740755
-2.0,1,11.742937
-2.0,1,11.745152
-2.0,1,11.747339
-2.0,1,11.749402
-2.0,1,11.751531
-2.0,1,11.753746
-2.0,1,11.755945
-2.0,1,11.758127
-2.0,1,11.760306
-2.0,1,11.762646
-2.0,1,11.764772
-2.0,1,11.766902
-2.0,1,11.7691
-2.0,1,11.771179
-2.0,1,11.77335
-2.0,1,11.775489
5.0,1,11.777969
-2.0,1,11.780093
-2.0,1,11.782238
-2.0,1,11.784412
-2.0,1,11.786583
-2.0,1,11.788929
-2.0,1,11.791098
-2.0,1,11.793233
-2.0,1,11.795573
-2.0,1,11.797738
-2.0,1,11.800025
-2.0,1,11.802305
-2.0,1,11.80448
-2.0,1,11.806775
-2.0,1,11.809
-2.0,1,11.811257
-2.0,1,11.813401
-2.0,1,11.815513
-2.0,1,11.817637
-2.0,1,11.819732
-2.0,1,11.822106
-2.0,1,11.824181
-2.0,1,11.826304
-2.0,1,11.828439
-2.0,1,11.830522
-2.0,1,11.832676
-2.0,1,11.834785
-2.0,1,11.836902
-2.0,1,11.839001
-2.0,1,11.841416
-2.0,1,11.843607
-2.0,1,11.845757
-2.0,1,11.847913
-2.0,1,11.850015
-2.0,1,11.852121
-2.0,1,11.854307
-2.0,1,11.856457
-2.0,1,11.858569
-2.0,1,11.860786
-2.0,1,11.862872
-2.0,1,11.865129
-2.0,1,11.867243
-2.0,1,11.869355
-2.0,1,11.871453
-2.0,1,11.873568
-2.0,1,11.875682
-2.0,1,11.877932
-2.0,1,11.880063
-2.0,1,11.882296
-2.0,1,11.884617
-2.0,1,11.887019
-2.0,1,11.889207
-2.0,1,11.891377
-2.0,1,11.893508
-2.0,1,11.895731
-2.0,1,11.898025
-2.0,1,11.900236
-2.0,1,11.902427
-2.0,1,11.904734
-2.0,1,11.906893
-2.0,1,11.909108
-2.0,1,11.911359
-2.0,1,11.913571
-2.0,1,11.915701
-2.0,1,11.917917
5.0,1,11.920153
-2.0,1,11.922342
-2.0,1,11.92454
-2.0,1,11.926819
-2.0,1,11.929358
-2.0,1,11.931738
-2.0,1,11.934139
-2.0,1,11.936509
-2.0,1,11.938877
5.0,1,11.941223
-2.0,1,11.943436
-2.0,1,11.945772
-2.0,1,11.948421
-2.0,1,11.950678
-2.0,1,11.953151
-2.0,1,11.955456
-2.0,1,11.957846
-2.0,1,11.960288
-2.0,1,11.962662
-2.0,1,11.965083
-2.0,1,11.967372
-2.0,1,11.969864
-2.0,1,11.972479
-2.0,1,11.9748
-2.0,1,11.97712
5.0,1,11.979529
-2.0,1,11.981808
-2.0,1,11.984155
-2.0,1,11.986633
-2.0,1,11.989019
-2.0,1,11.991309
-2.0,1,11.993634
-2.0,1,11.996049
-2.0,1,11.998353
-2.0,1,12.000665
-2.0,1,12.002977
-2.0,1,12.005299
-2.0,1,12.007575
-2.0,1,12.009932
-2.0,1,12.012339
-2.0,1,12.014859
-2.0,1,12.017122
-2.0,1,12.019355
-2.0,1,12.021615
-2.0,1,12.023854
-2.0,1,12.026165
-2.0,1,12.028695
-2.0,1,12.031044
-2.0,1,12.033373
-2.0,1,12.035653
-2.0,1,12.038004
-2.0,1,12.040392
5.0,1,12.042961
-2.0,1,12.0452
-2.0,1,12.047824
5.0,1,12.050094
-2.0,1,12.052299
5.0,1,12.055606
-2.0,1,12.057889
-2.0,1,12.060082
-2.0,1,12.062312
-2.0,1,12.064514
-2.0,1,12.066781
-2.0,1,12.069072
-2.0,1,12.071293
-2.0,1,12.073541
-2.0,1,12.075778
-2.0,1,12.077998
-2.0,1,12.080354
-2.0,1,12.082678
-2.0,1,12.084979
-2.0,1,12.087269
-2.0,1,12.089588
-2.0,1,12.091855
-2.0,1,12.094194
-2.0,1,12.096532
-2.0,1,12.098811
-2.0,1,12.101177
-2.0,1,12.103423
-2.0,1,12.105608
-2.0,1,12.107701
-2.0,1,12.10985
-2.0,1,12.111991
-2.0,1,12.114182
-2.0,1,12.11634
-2.0,1,12.118501
-2.0,1,12.120625
-2.0,1,12.122706
-2.0,1,12.124901
-2.0,1,12.127134
-2.0,1,12.129371
-2.0,1,12.131626
-2.0,1,12.13376
-2.0,1,12.136135
-2.0,1,12.138632
-2.0,1,12.141026
-2.0,1,12.143234
5.0,1,12.145519
-2.0,1,12.147632
-2.0,1,12.149808
-2.0,1,12.151978
-2.0,1,12.154136
-2.0,1,12.156296
-2.0,1,12.158484
-2.0,1,12.160751
-2.0,1,12.163089
-2.0,1,12.165262
-2.0,1,12.167504
-2.0,1,12.16968
5.0,1,12.171876
-2.0,1,12.174011
-2.0,1,12.176156
-2.0,1,12.178377
-2.0,1,12.180692
-2.0,1,12.182902
-2.0,1,12.18523
-2.0,1,12.187345
-2.0,1,12.189492
-2.0,1,12.191593
5.0,1,12.193806
-2.0,1,12.195893
-2.0,1,12.198015
-2.0,1,12.20015
-2.0,1,12.202275
-2.0,1,12.20449
-2.0,1,12.206691
-2.0,1,12.208851
-2.0,1,12.210983
-2.0,1,12.213149
-2.0,1,12.215292
-2.0,1,12.217501
-2.0,1,12.219638
-2.0,1,12.221813
-2.0,1,12.224015
5.0,1,12.226372
-2.0,1,12.228442
-2.0,1,12.230594
-2.0,1,12.232834
-2.0,1,12.235111
-2.0,1,12.237264
-2.0,1,12.239398
-2.0,1,12.241533
-2.0,1,12.243639
-2.0,1,12.245974
-2.0,1,12.248359
-2.0,1,12.250495
-2.0,1,12.252614
-2.0,1,12.254729
-2.0,1,12.25686
-2.0,1,12.258973
-2.0,1,12.261339
-2.0,1,12.263385
-2.0,1,12.265571
-2.0,1,12.26776
-2.0,1,12.270123
-2.0,1,12.272279
-2.0,1,12.27435
-2.0,1,12.276511
5.0,1,12.278791
5.0,1,12.281084
-2.0,1,12.283373
-2.0,1,12.285594
-2.0,1,12.287708
-2.0,1,12.289842
-2.0,1,12.29195
-2.0,1,12.294098
-2.0,1,12.296218
5.0,1,12.298465
-2.0,1,12.300629
-2.0,1,12.302795
-2.0,1,12.30505
-2.0,1,12.307258
-2.0,1,12.30943
-2.0,1,12.311772
-2.0,1,12.314002
-2.0,1,12.316275
-2.0,1,12.318457
-2.0,1,12.320736
-2.0,1,12.322859
-2.0,1,12.32507
-2.0,1,12.327245
-2.0,1,12.329272
-2.0,1,12.331422
-2.0,1,12.333484
-2.0,1,12.335711
-2.0,1,12.337866
-2.0,1,12.340021
-2.0,1,12.342219
-2.0,1,12.344509
-2.0,1,12.34676
-2.0,1,12.348989
-2.0,1,12.351166
-2.0,1,12.353376
-2.0,1,12.355516
-2.0,1,12.357712
-2.0,1,12.359997
-2.0,1,12.362174
-2.0,1,12.36438
-2.0,1,12.366495
-2.0,1,12.36869
-2.0,1,12.370851
-2.0,1,12.373001
5.0,1,12.375208
-2.0,1,12.37736
5.0,1,12.379572
-2.0,1,12.381698
-2.0,1,12.38387
5.0,1,12.386065
-2.0,1,12.388382
-2.0,1,12.390518
-2.0,1,12.392674
-2.0,1,12.39479
5.0,1,12.397009
-2.0,1,12.399176
-2.0,1,12.401344
-2.0,1,12.403485
-2.0,1,12.40561
-2.0,1,12.407722
-2.0,1,12.409903
-2.0,1,12.412046
-2.0,1,12.414191
-2.0,1,12.416324
-2.0,1,12.418441
-2.0,1,12.420589
-2.0,1,12.422707
-2.0,1,12.424851
-2.0,1,12.426957
-2.0,1,12.429138
-2.0,1,12.431231
-2.0,1,12.433366
-2.0,1,12.435461
-2.0,1,12.437577
-2.0,1,12.439772
-2.0,1,12.442013
-2.0,1,12.444194
-2.0,1,12.446333
-2.0,1,12.44847
5.0,1,12.450616
-2.0,1,12.452646
-2.0,1,12.454757
-2.0,1,12.456881
-2.0,1,12.459003
-2.0,1,12.461119
-2.0,1,12.463219
-2.0,1,12.46541
-2.0,1,12.467506
-2.0,1,12.469619
-2.0,1,12.471709
-2.0,1,12.473833
-2.0,1,12.475931
-2.0,1,12.47805
-2.0,1,12.480161
-2.0,1,12.48233
-2.0,1,12.484531
-2.0,1,12.48662
-2.0,1,12.488729
-2.0,1,12.490848
-2.0,1,12.492932
-2.0,1,12.495034
-2.0,1,12.497133
-2.0,1,12.499228
-2.0,1,12.501366
-2.0,1,12.503501
-2.0,1,12.505624
-2.0,1,12.50773
-2.0,1,12.509851
-2.0,1,12.511945
-2.0,1,12.514081
-2.0,1,12.51618
-2.0,1,12.51833
-2.0,1,12.52046
-2.0,1,12.522621
-2.0,1,12.524776
-2.0,1,12.526891
-2.0,1,12.529001
-2.0,1,12.5311
-2.0,1,12.533217
-2.0,1,12.535312
-2.0,1,12.537425
-2.0,1,12.539525
-2.0,1,12.541632
-2.0,1,12.543719
5.0,1,12.545887
-2.0,1,12.547924
-2.0,1,12.55003
-2.0,1,12.552111
-2.0,1,12.554234
-2.0,1,12.556338
-2.0,1,12.558466
-2.0,1,12.56065
-2.0,1,12.562825
-2.0,1,12.564868
-2.0,1,12.567108
-2.0,1,12.569255
-2.0,1,12.571388
-2.0,1,12.573521
-2.0,1,12.575683
-2.0,1,12.577819
-2.0,1,12.579927
-2.0,1,12.58214
-2.0,1,12.584323
-2.0,1,12.586448
-2.0,1,12.588577
-2.0,1,12.590698
-2.0,1,12.592792
-2.0,1,12.594917
-2.0,1,14.134466
-2.0,1,14.136955
-2.0,1,14.139118
-2.0,1,14.141348
5.0,1,14.143544
-2.0,1,14.145927
5.0,1,14.148152
-2.0,1,14.150564
-2.0,1,14.152843
-2.0,1,14.154997
-2.0,1,14.157221
-2.0,1,14.159396
-2.0,1,14.161563
5.0,1,14.163942
5.0,1,14.166247
5.0,1,14.16864
-2.0,1,14.170732
-2.0,1,14.173282
-2.0,1,14.175506
-2.0,1,14.177666
-2.0,1,14.179909
-2.0,1,14.182175
-2.0,1,14.18439
-2.0,1,14.18666
5.0,1,14.188931
-2.0,1,14.191086
-2.0,1,14.193231
-2.0,1,14.195359
-2.0,1,14.197553
-2.0,1,14.200113
-2.0,1,14.202273
-2.0,1,14.20471
-2.0,1,14.206837
-2.0,1,14.209035
-2.0,1,14.211171
-2.0,1,14.213341
-2.0,1,14.215484
-2.0,1,14.217637
-2.0,1,14.219814
-2.0,1,14.222079
-2.0,1,14.224309
-2.0,1,14.226473
-2.0,1,14.228764
-2.0,1,14.230999
-2.0,1,14.233235
-2.0,1,14.235444
-2.0,1,14.237628
-2.0,1,14.239801
-2.0,1,14.242029
-2.0,1,14.244171
-2.0,1,14.246604
-2.0,1,14.248927
-2.0,1,14.251256
-2.0,1,14.253721
-2.0,1,14.256089
5.0,1,14.258632
-2.0,1,14.26094
-2.0,1,14.263277
-2.0,1,14.265681
-2.0,1,14.268038
-2.0,1,14.270399
5.0,1,14.272814
-2.0,1,14.275259
-2.0,1,14.277582
-2.0,1,14.279836
-2.0,1,14.282183
-2.0,1,14.284672
-2.0,1,14.287036
-2.0,1,14.289401
5.0,1,14.291763
-2.0,1,14.294187
-2.0,1,14.296641
-2.0,1,14.299017
-2.0,1,14.30143
-2.0,1,14.303747
-2.0,1,14.306081
5.0,1,14.308467
-2.0,1,14.310754
-2.0,1,14.313067
-2.0,1,14.315522
-2.0,1,14.317928
-2.0,1,14.32019
-2.0,1,14.322445
-2.0,1,14.324734
-2.0,1,14.327057
-2.0,1,14.329387
5.0,1,14.331695
-2.0,1,14.333941
-2.0,1,14.33623
-2.0,1,14.33859
-2.0,1,14.340892
-2.0,1,14.343271
-2.0,1,14.345552
-2.0,1,14.347812
-2.0,1,14.350154
-2.0,1,14.352472
-2.0,1,14.354706
5.0,1,14.356998
-2.0,1,14.359298
-2.0,1,14.361747
-2.0,1,14.364053
-2.0,1,14.366318
-2.0,1,14.368584
-2.0,1,14.370801
-2.0,1,14.373054
-2.0,1,14.37531
-2.0,1,14.377591
-2.0,1,14.379821
-2.0,1,14.382097
-2.0,1,14.38449
-2.0,1,14.386795
-2.0,1,14.389045
-2.0,1,14.391382
-2.0,1,14.393882
-2.0,1,14.396564
-2.0,1,14.398882
-2.0,1,14.401292
-2.0,1,14.403576
-2.0,1,14.405882
-2.0,1,14.408201
5.0,1,14.410524
-2.0,1,14.412723
-2.0,1,14.414954
-2.0,1,14.417217
5.0,1,14.419648
-2.0,1,14.421906
-2.0,1,14.424224
-2.0,1,14.426509
-2.0,1,14.428777
-2.0,1,14.431071
-2.0,1,14.433329
-2.0,1,14.435702
-2.0,1,14.438233
-2.0,1,14.440497
-2.0,1,14.442753
-2.0,1,14.445213
5.0,1,14.447797
-2.0,1,14.450018
-2.0,1,14.452289
-2.0,1,14.454592
-2.0,1,14.456844
-2.0,1,14.459343
-2.0,1,14.461723
-2.0,1,14.464117
-2.0,1,14.466463
5.0,1,14.468874
-2.0,1,14.471163
5.0,1,14.47351
-2.0,1,14.475846
-2.0,1,14.478245
5.0,1,14.480694
-2.0,1,14.483021
-2.0,1,14.485381
-2.0,1,14.487695
-2.0,1,14.489866
-2.0,1,14.492198
-2.0,1,14.494455
-2.0,1,14.496731
-2.0,1,14.498984
-2.0,1,14.501199
5.0,1,14.50347
5.0,1,14.50571
-2.0,1,14.507911
-2.0,1,14.510142
-2.0,1,14.512331
-2.0,1,14.51473
-2.0,1,14.516958
-2.0,1,14.519154
-2.0,1,14.521403
-2.0,1,14.523604
-2.0,1,14.525828
-2.0,1,14.528057
-2.0,1,14.530334
-2.0,1,14.53254
-2.0,1,14.534706
-2.0,1,14.536921
5.0,1,14.539133
-2.0,1,14.541291
-2.0,1,14.543456
-2.0,1,14.545743
-2.0,1,14.547856
-2.0,1,14.549997
-2.0,1,14.552119
-2.0,1,14.554271
-2.0,1,14.556334
5.0,1,14.558504
-2.0,1,14.560663
5.0,1,14.562833
5.0,1,14.564998
-2.0,1,14.567145
-2.0,1,14.569363
-2.0,1,14.571487
-2.0,1,14.573672
-2.0,1,14.57583
-2.0,1,14.578017
5.0,1,14.580205
-2.0,1,14.582363
-2.0,1,14.584607
-2.0,1,14.586764
-2.0,1,14.588971
-2.0,1,14.591124
-2.0,1,14.593384
-2.0,1,14.595625
-2.0,1,14.597821
-2.0,1,14.599987
-2.0,1,14.60232
-2.0,1,14.604575
-2.0,1,14.606744
5.0,1,14.608953
5.0,1,14.611154
-2.0,1,14.613251
-2.0,1,14.61545
-2.0,1,14.617715
5.0,1,14.619917
-2.0,1,14.622119
-2.0,1,14.624234
-2.0,1,14.626424
-2.0,1,14.628579
-2.0,1,14.630766
-2.0,1,14.63295
-2.0,1,14.635119
-2.0,1,14.637308
-2.0,1,14.639492
5.0,1,14.641783
-2.0,1,14.64389
-2.0,1,14.646122
-2.0,1,14.648237
5.0,1,14.65055
5.0,1,14.652717
-2.0,1,14.654858
5.0,1,14.657126
-2.0,1,14.659232
5.0,1,14.661657
-2.0,1,14.66375
-2.0,1,14.665953
-2.0,1,14.668116
-2.0,1,14.670264
5.0,1,14.672479
-2.0,1,14.674608
-2.0,1,14.676747
-2.0,1,14.678875
-2.0,1,14.68104
-2.0,1,14.683172
-2.0,1,14.685389
-2.0,1,14.687529
-2.0,1,14.689773
-2.0,1,14.69195
-2.0,1,14.694118
-2.0,1,14.696329
-2.0,1,14.698564
-2.0,1,14.700773
-2.0,1,14.702918
-2.0,1,14.705223
-2.0,1,14.707438
-2.0,1,14.709649
-2.0,1,14.711845
-2.0,1,14.714177
-2.0,1,14.71644
-2.0,1,14.718633
-2.0,1,14.720852
-2.0,1,14.723052
5.0,1,14.725322
-2.0,1,14.72753
-2.0,1,14.729801
-2.0,1,14.732014
5.0,1,14.734279
5.0,1,14.736537
-2.0,1,14.738589
-2.0,1,14.740819
-2.0,1,14.743083
-2.0,1,14.745369
-2.0,1,14.747521
-2.0,1,14.749696
-2.0,1,14.751842
-2.0,1,14.753994
-2.0,1,14.756115
-2.0,1,14.758254
5.0,1,14.760533
-2.0,1,14.76261
-2.0,1,14.764812
5.0,1,14.766994
-2.0,1,14.769095
-2.0,1,14.771283
-2.0,1,14.773448
-2.0,1,14.775603
5.0,1,14.777886
-2.0,1,14.779955
-2.0,1,14.782113
-2.0,1,14.784238
-2.0,1,14.786479
-2.0,1,14.788937
-2.0,1,14.791765
-2.0,1,14.79447
-2.0,1,14.797145
-2.0,1,14.799811
-2.0,1,14.802521
-2.0,1,14.805194
-2.0,1,14.80783
-2.0,1,14.810759
-2.0,1,14.813506
-2.0,1,14.816204
-2.0,1,14.818931
-2.0,1,14.821752
-2.05,2,14.826082
-2.0,1,14.828339
-2.0,1,14.830491
-2.0,1,14.832701
5.0,1,14.834903
-2.0,1,14.83709
-2.0,1,14.839227
-2.0,1,14.84143
-2.0,1,14.843695
-2.0,1,14.845933
-2.0,1,14.848048
-2.0,1,14.85026
-2.0,1,14.852438
-2.0,1,14.85456
-2.0,1,14.856749
-2.0,1,14.858969
-2.0,1,14.861183
-2.0,1,14.863445
-2.0,1,14.865649
-2.0,1,14.867783
5.0,1,14.870013
-2.0,1,14.872145
-2.0,1,14.874299
-2.0,1,14.876553
-2.0,1,14.87869
-2.0,1,14.880832
-2.0,1,14.882959
-2.0,1,14.885111
-2.0,1,14.887263
-2.0,1,14.889477
-2.0,1,14.891622
-2.0,1,14.893869
-2.0,1,14.896028
-2.0,1,14.898351
-2.0,1,14.900598
-2.0,1,14.902832
-2.0,1,14.90509
-2.0,1,14.907327
-2.0,1,14.909569
-2.0,1,14.911745
5.0,1,14.914143
-2.0,1,14.916369
-2.0,1,14.918639
-2.0,1,14.920903
5.0,1,14.923104
-2.0,1,14.925436
-2.0,1,14.927662
-2.0,1,14.929903
-2.0,1,14.932109
-2.0,1,14.934326
-2.0,1,14.936578
-2.0,1,14.938835
-2.0,1,14.941075
-2.0,1,14.943295
5.0,1,14.945659
-2.0,1,14.947859
-2.0,1,14.950169
5.0,1,14.95248
-2.0,1,14.954677
-2.0,1,14.956991
-2.0,1,14.959302
-2.0,1,14.961513
5.0,1,14.963898
-2.0,1,14.966121
-2.0,1,14.968359
-2.0,1,14.972384
-2.0,1,14.974536
5.0,1,14.976838
-2.0,1,14.978981
-2.0,1,14.981188
-2.0,1,14.983472
-2.0,1,14.985945
-2.0,1,14.988181
-2.0,1,14.990402
-2.0,1,14.992589
-2.0,1,14.994809
5.0,1,14.997005
-2.0,1,14.999373
-2.0,1,15.001503
-2.0,1,15.003654
-2.0,1,15.005946
-2.0,1,15.008281
-2.0,1,15.010473
5.0,1,15.012797
-2.0,1,15.014987
-2.0,1,15.017257
-2.0,1,15.019458
-2.0,1,15.021667
-2.0,1,15.023906
-2.0,1,15.026226
-2.0,1,15.028539
-2.0,1,15.030645
-2.0,1,15.032859
-2.0,1,15.035146
-2.0,1,15.037503
-2.0,1,15.039651
5.0,1,15.041987
-2.0,1,15.044181
-2.0,1,15.046622
5.0,1,15.048834
-2.0,1,15.050953
5.0,1,15.053193
-2.0,1,15.055297
-2.0,1,15.057477
5.0,1,15.05977
-2.0,1,15.061989
-2.0,1,15.064233
-2.0,1,15.066389
-2.0,1,15.068591
5.0,1,15.070838
-2.0,1,15.072963
-2.0,1,15.075205
-2.0,1,15.077368
-2.0,1,15.079553
-2.0,1,15.081681
-2.0,1,15.083889
-2.0,1,15.086691
-2.0,1,15.088866
-2.0,1,15.091297
-2.0,1,15.093485
-2.0,1,15.095716
-2.0,1,15.097876
-2.0,1,15.100077
-2.0,1,15.1023
-2.0,1,15.104522
-2.0,1,15.106649
-2.0,1,15.108812
5.0,1,15.111053
-2.0,1,15.113181
-2.0,1,15.115497
-2.0,1,15.11768
-2.0,1,15.119808
-2.0,1,15.121969
-2.0,1,15.124131
-2.0,1,15.126328
-2.0,1,15.128591
5.0,1,15.130847
-2.0,1,15.132983
5.0,1,15.135299
-2.0,1,15.137399
-2.0,1,15.139593
-2.0,1,15.141873
-2.0,1,15.144005
-2.0,1,15.146283
5.0,1,15.148494
5.0,1,15.15067
-2.0,1,15.15278
-2.0,1,15.155055
-2.0,1,15.157406
-2.0,1,15.159516
5.0,1,15.16186
-2.0,1,15.163956
-2.0,1,15.166214
5.0,1,15.168435
5.0,1,15.170917
-2.0,1,15.173128
-2.0,1,15.175361
-2.0,1,15.177613
-2.0,1,15.17987
-2.0,1,15.182292
-2.0,1,15.184545
-2.0,1,15.186883
-2.0,1,15.189631
-2.0,1,15.192796
-2.0,1,15.19547
-2.0,1,15.198694
5.0,1,15.201334
-2.0,1,15.203634
-2.0,1,15.205946
-2.0,1,15.208466
5.0,1,15.210699
-2.0,1,15.213137
-2.0,1,15.215493
-2.0,1,15.218179
-2.0,1,15.221131
-2.0,1,15.223784
-2.0,1,15.226327
-2.0,1,15.229301
5.0,1,15.232377
-2.0,1,15.235345
-2.0,1,15.237822
-2.0,1,15.240583
-2.0,1,15.243598
-2.0,1,15.246114
-2.0,1,15.248603
-2.0,1,15.251352
-2.0,1,15.254083
-2.0,1,15.25655
-2.0,1,15.258999
-2.0,1,15.261469
5.0,1,15.263958
-2.0,1,15.266647
-2.0,1,15.26945
-2.0,1,15.272112
-2.0,1,15.275219
-2.0,1,15.277917
-2.0,1,15.280607
-2.0,1,15.283578
-2.0,1,15.28609
-2.0,1,15.288857
-2.0,1,15.291332
-2.0,1,15.294351
-2.0,1,15.29697
-2.0,1,15.29978
-2.0,1,15.302311
-2.0,1,15.304905
-2.0,1,15.307437
-2.0,1,15.310094
-2.0,1,16.811996
-2.0,1,16.81447
5.0,1,16.816828
-2.0,1,16.819052
-2.0,1,16.821306
-2.0,1,16.823542
5.0,1,16.825867
-2.0,1,16.828055
-2.0,1,16.830295
5.0,1,16.832613
-2.0,1,16.834809
-2.0,1,16.837106
-2.0,1,16.839383
-2.0,1,16.841658
-2.0,1,16.843852
-2.0,1,16.846169
5.0,1,16.848471
5.0,1,16.850696
-2.0,1,16.852908
-2.0,1,16.855156
-2.0,1,16.857428
-2.0,1,16.85964
-2.0,1,16.861854
-2.0,1,16.86415
-2.0,1,16.866354
-2.0,1,16.86855
-2.0,1,16.870749
5.0,1,16.873085
-2.0,1,16.875282
-2.0,1,16.877607
-2.0,1,16.879831
-2.0,1,16.882067
-2.0,1,16.884289
-2.0,1,16.886572
-2.0,1,16.888825
-2.0,1,16.891032
5.0,1,16.893304
-2.0,1,16.895502
-2.0,1,16.897722
-2.0,1,16.899931
-2.0,1,16.902166
-2.0,1,16.904431
-2.0,1,16.906655
-2.0,1,16.90888
5.0,1,16.911124
-2.0,1,16.913346
5.0,1,16.915651
-2.0,1,16.917864
-2.0,1,16.920051
5.0,1,16.922402
-2.0,1,16.924602
-2.0,1,16.926818
-2.0,1,16.929123
-2.0,1,16.931346
-2.0,1,16.933617
5.0,1,16.93592
-2.0,1,16.938146
5.0,1,16.940428
5.0,1,16.942683
-2.0,1,16.944903
5.0,1,16.947235
5.0,1,16.949518
-2.0,1,16.951745
-2.0,1,16.954039
-2.0,1,16.956323
5.0,1,16.958602
-2.0,1,16.960819
5.0,1,16.963193
-2.0,1,16.965379
-2.0,1,16.967565
-2.0,1,16.969866
-2.0,1,16.972148
-2.0,1,16.974446
-2.0,1,16.976686
-2.0,1,16.978987
-2.0,1,16.981309
-2.0,1,16.983577
-2.0,1,16.985847
5.0,1,16.988137
-2.0,1,16.99036
-2.0,1,16.992626
5.0,1,16.994989
-2.0,1,16.997215
-2.0,1,16.999506
5.0,1,17.001839
-2.0,1,17.004083
5.0,1,17.006408
-2.0,1,17.008705
5.0,1,17.010965
-2.0,1,17.013254
-2.0,1,17.015527
-2.0,1,17.01771
-2.0,1,17.01985
5.0,1,17.022073
-2.0,1,17.024194
5.0,1,17.026357
5.0,1,17.02853
-2.0,1,17.030712
-2.0,1,17.032873
-2.0,1,17.034988
-2.0,1,17.037129
-2.0,1,17.039236
-2.0,1,17.041346
5.0,1,17.043572
-2.0,1,17.0457
-2.0,1,17.048082
5.0,1,17.050334
-2.0,1,17.052575
-2.0,1,17.054693
5.0,1,17.056873
-2.05,2,17.061143
-2.0,1,17.063286
-2.0,1,17.06537
-2.0,1,17.067468
4.75,2,17.07164
5.0,1,17.073775
-2.05,2,17.077946
-2.0,1,17.080056
5.0,1,17.082166
-2.0,1,17.084181
-2.0,1,17.086252
-2.0,1,17.088345
-2.0,1,17.090755
-2.05,2,17.094942
-2.0,1,17.097026
5.0,1,17.099181
-2.0,1,17.101233
-2.0,1,17.103443
-2.0,1,17.105539
-2.0,1,17.10762
-2.0,1,17.109729
-2.0,1,17.111765
5.0,1,17.113893
-2.0,1,17.115921
-2.0,1,17.118042
5.0,1,17.120144
-2.0,1,17.122205
5.0,1,17.124381
-2.0,1,17.126413
-2.0,1,17.128498
5.0,1,17.13063
-2.0,1,17.132939
-2.0,1,17.135066
-2.0,1,17.137235
-2.0,1,17.139332
-2.0,1,17.141484
5.0,1,17.143691
-2.0,1,17.145767
-2.0,1,17.147853
-2.0,1,17.149953
-2.0,1,17.152037
-2.0,1,17.15417
-2.0,1,17.156288
-2.0,1,17.158431
-2.0,1,17.160558
-2.0,1,17.162663
-2.0,1,17.164813
-2.0,1,17.166946
5.0,1,17.169101
5.0,1,17.171205
5.0,1,17.173333
-2.0,1,17.175684
-2.0,1,17.177879
-2.0,1,17.179988
-2.0,1,17.182144
-2.0,1,17.184254
5.0,1,17.186368
-2.0,1,17.188521
5.0,1,17.190627
-2.0,1,17.192653
-2.0,1,17.194755
-2.0,1,17.19683
-2.0,1,17.198908
-2.0,1,17.200989
5.0,1,17.203082
-2.0,1,17.205116
5.0,1,17.207268
-2.0,1,17.209336
5.0,1,17.211439
-2.0,1,17.213532
-2.0,1,17.215594
-2.0,1,17.217948
5.0,1,17.220221
-2.0,1,17.222346
-2.0,1,17.22442
-2.0,1,17.226493
-2.0,1,17.22862
-2.0,1,17.230802
-2.0,1,17.232997
5.0,1,17.235131
-2.0,1,17.237188
-2.0,1,17.239259
5.0,1,17.241405
-2.0,1,17.243462
-2.0,1,17.245546
-2.0,1,17.247602
-2.0,1,17.249755
-2.0,1,17.251949
-2.0,1,17.254118
5.0,1,17.25643
-2.0,1,17.258411
-2.0,1,17.260747
-2.0,1,17.263265
5.0,1,17.265897
-2.05,2,17.271163
-2.0,1,17.273806
-2.0,1,17.276445
-2.0,1,17.2788
-2.0,1,17.281407
5.0,1,17.283698
-2.0,1,17.285971
-2.0,1,17.288297
-2.0,1,17.29043
-2.0,1,17.292557
-2.0,1,17.29471
-2.0,1,17.296981
5.0,1,17.299118
-2.0,1,17.301171
5.0,1,17.303739
-2.0,1,17.306112
-2.0,1,17.308227
5.0,1,17.310567
5.0,1,17.312648
-2.0,1,17.314732
-2.0,1,17.316843
5.0,1,17.319035
-2.0,1,17.321342
5.0,1,17.323521
-2.0,1,17.325602
-2.0,1,17.327815
5.0,1,17.329992
-2.0,1,17.33207
-2.0,1,17.334145
-2.0,1,17.336245
-2.0,1,17.338424
-2.0,1,17.340683
-2.0,1,17.34291
5.0,1,17.345359
-2.0,1,17.347552
5.0,1,17.349782
-2.0,1,17.351862
5.0,1,17.354043
-2.0,1,17.35612
5.0,1,17.358367
-2.0,1,17.360548
-2.0,1,17.362658
-2.0,1,17.364832
-2.0,1,17.367006
-2.0,1,17.369151
5.0,1,17.371302
-2.0,1,17.373553
-2.0,1,17.375682
-2.0,1,17.377894
5.0,1,17.380078
-2.0,1,17.382226
-2.0,1,17.384368
-2.0,1,17.386488
5.0,1,17.388875
5.0,1,17.391079
-2.0,1,17.393168
-2.0,1,17.395265
5.0,1,17.397413
-2.0,1,17.399507
5.0,1,17.401727
-2.0,1,17.403923
-2.0,1,17.406053
-2.0,1,17.408161
5.0,1,17.410309
-2.0,1,17.412384
-2.0,1,17.414463
-2.0,1,17.416572
-2.0,1,17.418735
-2.0,1,17.420907
-2.0,1,17.423017
-2.0,1,17.425122
-2.0,1,17.427226
-2.0,1,17.429335
-2.0,1,17.431573
-2.0,1,17.433681
-2.0,1,17.43578
-2.0,1,17.437881
-2.0,1,17.439978
-2.0,1,17.442079
-2.0,1,17.444227
-2.0,1,17.446405
-2.0,1,17.448554
5.0,1,17.450727
-2.0,1,17.452832
-2.0,1,17.454969
5.0,1,17.457061
5.0,1,17.459108
-2.0,1,17.461128
-2.0,1,17.463187
-2.0,1,17.465271
-2.0,1,17.467353
5.0,1,17.469481
-2.0,1,17.471479
-2.0,1,17.473701
-2.0,1,17.475801
-2.0,1,17.477911
5.0,1,17.480032
-2.0,1,17.482076
5.0,1,17.484219
5.0,1,17.486275
-2.0,1,17.488308
5.0,1,17.490437
5.0,1,17.492553
-2.0,1,17.494606
-2.0,1,17.496771
-2.0,1,17.498858
-2.0,1,17.50094
-2.0,1,17.503026
5.0,1,17.505143
-2.0,1,17.507147
-2.0,1,17.509219
-2.0,1,17.511385
-2.0,1,17.513457
4.75,2,17.517751
-2.0,1,17.519757
-2.0,1,17.521857
-2.0,1,17.523918
5.0,1,17.526057
-2.0,1,17.528097
-2.0,1,17.530211
-2.0,1,17.53229
5.0,1,17.534469
-2.0,1,17.536594
-2.0,1,17.538646
-2.0,1,17.54079
5.0,1,17.542932
-2.0,1,17.545039
-2.0,1,17.547113
5.0,1,17.549233
-2.0,1,17.551271
-2.0,1,17.553442
5.0,1,17.555603
-2.0,1,17.557665
-2.0,1,17.55991
-2.0,1,17.561995
-2.0,1,17.564045
-2.0,1,17.566164
-2.0,1,17.56825
5.0,1,17.570535
-2.0,1,17.572635
5.0,1,17.574834
-2.0,1,17.576957
5.0,1,17.579046
-2.0,1,17.581506
-2.0,1,17.583617
5.0,1,17.585828
5.0,1,17.58787
-2.0,1,17.589927
-2.0,1,17.59198
-2.0,1,17.594124
-2.0,1,17.59635
-2.0,1,17.598662
-2.0,1,17.600788
-2.0,1,17.603078
-2.0,1,17.605226
-2.0,1,17.607373
-2.0,1,17.609492
-2.0,1,17.611572
-2.0,1,17.614146
-2.0,1,17.616328
-2.0,1,17.618426
-2.0,1,17.620526
-2.0,1,17.622616
-2.0,1,17.624716
-2.0,1,17.626842
-2.0,1,17.628958
5.0,1,17.631537
5.0,1,17.633717
-2.0,1,17.63577
-2.0,1,17.637857
5.0,1,17.639986
5.0,1,17.642078
5.0,1,17.644391
-2.0,1,17.64658
5.0,1,17.64887
5.0,1,17.651004
-2.0,1,17.653061
-2.0,1,17.655147
5.0,1,17.657299
5.0,1,17.659401
-2.0,1,17.661451
5.0,1,17.663933
-2.0,1,17.666021
5.0,1,17.668146
-2.0,1,17.670168
5.0,1,17.672334
-2.0,1,17.67434
5.0,1,17.676488
5.0,1,17.678584
-2.0,1,17.680685
-2.0,1,17.682877
-2.0,1,17.684974
-2.0,1,17.687231
-2.0,1,17.689356
-2.0,1,17.691427
-2.0,1,17.693533
-2.0,1,17.695712
-2.0,1,17.697943
-2.0,1,17.700088
5.0,1,17.702254
-2.0,1,17.70435
-2.0,1,17.706407
5.0,1,17.708619
-2.0,1,17.710721
-2.0,1,17.712842
5.0,1,17.715058
-2.0,1,17.717134
-2.0,1,17.71921
5.0,1,17.72136
-2.0,1,17.723424
5.0,1,17.725572
-2.0,1,17.727598
5.0,1,17.729965
5.0,1,17.732201
5.0,1,17.734318
5.0,1,17.736413
5.0,1,17.738459
-2.0,1,17.740446
-2.0,1,17.742499
-2.0,1,17.744622
-2.0,1,17.746912
-2.0,1,17.749031
-2.0,1,17.751211
5.0,1,17.753378
-2.0,1,17.755478
5.0,1,17.757693
-2.0,1,17.759769
-2.0,1,17.761888
-2.0,1,17.764059
-2.0,1,17.766191
-2.0,1,17.768353
-2.0,1,17.770453
-2.0,1,17.77289
-2.0,1,17.775047
5.0,1,17.777264
-2.0,1,17.77937
5.0,1,17.78165
5.0,1,17.783853
-2.0,1,17.785931
-2.0,1,17.787996
-2.0,1,17.790092
-2.0,1,17.792233
-2.0,1,17.794332
-2.0,1,17.796469
-2.0,1,17.798758
5.0,1,17.801042
-2.0,1,17.803163
-2.0,1,17.805243
-2.0,1,17.807291
-2.0,1,17.80939
-2.0,1,17.811483
-2.0,1,17.813647
-2.0,1,17.816072
-2.0,1,17.818183
-2.0,1,17.820283
-2.0,1,17.822341
-2.0,1,17.824448
5.0,1,17.826655
-2.0,1,17.828689
5.0,1,17.830983
-2.0,1,17.833107
-2.0,1,17.835188
-2.0,1,17.837314
-2.0,1,17.839439
-2.0,1,17.8416
-2.0,1,17.843673
-2.0,1,17.845765
-2.0,1,17.847899
-2.0,1,17.850074
-2.0,1,17.852166
-2.0,1,17.854254
-2.0,1,17.856343
-2.0,1,17.858894
-2.0,1,17.860972
-2.0,1,17.863149
5.0,1,17.865433
-2.0,1,17.867493
-2.0,1,17.869649
-2.0,1,17.871703
-2.0,1,17.873803
-2.0,1,17.87591
-2.0,1,17.878021
-2.0,1,17.880081
-2.0,1,17.882199
-2.0,1,17.884252
-2.0,1,17.886326
-2.0,1,17.88839
-2.0,1,17.890598
5.0,1,17.892768
-2.0,1,17.894821
5.0,1,17.896978
-2.0,1,17.899067
-2.0,1,17.901265
-2.0,1,17.903475
-2.0,1,17.905575
-2.0,1,17.907659
-2.0,1,17.909721
-2.0,1,17.911864
-2.0,1,17.913993
-2.0,1,17.916117
5.0,1,17.918264
-2.0,1,17.920384
-2.0,1,19.453958
5.0,1,19.456702
-2.0,1,19.459086
-2.05,2,19.46449
-2.0,1,19.466711
-2.0,1,19.469106
-2.0,1,19.471454
-2.0,1,19.473761
-2.0,1,19.47601
-2.0,1,19.478409
5.0,1,19.481073
5.0,1,19.48348
-2.0,1,19.485785
-2.0,1,19.488161
-2.0,1,19.490576
5.0,1,19.493024
-2.0,1,19.49553
-2.0,1,19.497832
-2.0,1,19.500251
-2.0,1,19.502549
-2.0,1,19.504818
5.0,1,19.507137
-2.0,1,19.509403
5.0,1,19.512063
5.0,1,19.514316
-2.0,1,19.516723
-2.0,1,19.518973
5.0,1,19.521461
-2.0,1,19.523682
5.0,1,19.526004
-2.0,1,19.528411
4.75,2,19.533753
5.0,1,19.536044
-2.0,1,19.538299
5.0,1,19.540664
5.0,1,19.542901
5.0,1,19.545249
5.0,1,19.548083
-2.0,1,19.550358
5.0,1,19.552745
5.0,1,19.554999
-2.0,1,19.55728
-2.0,1,19.559611
5.0,1,19.561931
-2.0,1,19.564336
-2.0,1,19.566625
-2.05,2,19.571217
-2.0,1,19.573577
5.0,1,19.575885
-2.0,1,19.578149
5.0,1,19.580518
5.0,1,19.582754
5.0,1,19.585012
4.75,2,19.589487
-2.0,1,19.591672
-2.0,1,19.593986
5.0,1,19.596283
5.0,1,19.598547
-2.0,1,19.600759
-2.0,1,19.60305
-2.0,1,19.6053
5.0,1,19.60769
-2.05,2,19.612123
-2.0,1,19.614468
5.0,1,19.617088
5.0,1,19.619341
5.0,1,19.62159
5.0,1,19.623847
-2.0,1,19.626246
5.0,1,19.628766
5.0,1,19.631132
-2.0,1,19.63358
-2.0,1,19.636129
5.0,1,19.638566
-2.0,1,19.641052
-2.0,1,19.643395
5.0,1,19.645721
-2.0,1,19.647964
-2.0,1,19.65035
-2.0,1,19.652708
-2.0,1,19.655132
-2.0,1,19.657639
-2.0,1,19.660109
-2.0,1,19.662546
-2.0,1,19.665246
5.0,1,19.667709
5.0,1,19.670057
-2.0,1,19.672447
5.0,1,19.674804
5.0,1,19.677211
-2.0,1,19.679495
5.0,1,19.681867
-2.0,1,19.684183
-2.0,1,19.686707
-2.0,1,19.688974
-2.0,1,19.691084
5.0,1,19.693651
5.0,1,19.695815
-2.0,1,19.698103
-2.0,1,19.700586
-2.0,1,19.702931
5.0,1,19.705307
-2.0,1,19.707578
-2.0,1,19.709876
5.0,1,19.712313
5.0,1,19.714659
5.0,1,19.717368
-2.0,1,19.719857
-2.0,1,19.722679
5.0,1,19.725313
5.0,1,19.727701
-2.0,1,19.730061
-2.0,1,19.73274
5.0,1,19.7356
5.0,1,19.738032
5.0,1,19.740428
5.0,1,19.742785
-2.0,1,19.74517
-2.0,1,19.747633
-2.0,1,19.750122
-2.0,1,19.752675
-2.0,1,19.755237
-2.0,1,19.757961
-2.0,1,19.76064
4.75,2,19.765925
-2.0,1,19.768528
-2.0,1,19.771014
5.0,1,19.773784
-2.0,1,19.776522
5.0,1,19.779215
-2.0,1,19.782174
-2.0,1,19.784811
5.0,1,19.787524
-2.0,1,19.790107
-2.0,1,19.792751
-2.0,1,19.795423
-2.0,1,19.797995
-2.0,1,19.800618
-2.05,2,19.806278
-2.0,1,19.808995
-2.0,1,19.811677
-2.0,1,19.814393
5.0,1,19.817173
-2.0,1,19.81984
5.0,1,19.822749
-2.0,1,19.825405
-2.05,2,19.830575
5.0,1,19.833256
-2.0,1,19.835936
-2.0,1,19.838522
-2.0,1,19.841123
5.0,1,19.843813
-2.0,1,19.846546
-2.0,1,19.849355
-2.0,1,19.852569
5.0,1,19.855509
-2.0,1,19.858226
-2.0,1,19.860896
-2.0,1,19.863716
-2.0,1,19.866295
-2.0,1,19.869081
5.0,1,19.872399
-2.0,1,19.875243
-2.0,1,19.877866
5.0,1,19.880885
-2.0,1,19.883328
5.0,1,19.886189
-2.0,1,19.888999
-2.0,1,19.892009
-2.0,1,19.894428
-2.0,1,19.896893
-2.0,1,19.899664
-2.0,1,19.902273
5.0,1,19.904638
-2.0,1,19.907639
5.0,1,19.910565
5.0,1,19.913479
5.0,1,19.916089
-2.0,1,19.918588
5.0,1,19.921287
-2.0,1,19.924073
5.0,1,19.926815
5.0,1,19.929583
-2.0,1,19.932461
-2.0,1,19.93554
-2.0,1,19.938484
-2.0,1,19.941141
-2.0,1,19.943897
-2.0,1,19.946625
-2.0,1,19.949421
5.0,1,19.952313
-2.0,1,19.955126
-2.0,1,19.958565
-2.0,1,19.961597
-2.0,1,19.964593
5.0,1,19.967565
5.0,1,19.970466
5.0,1,19.973629
-2.0,1,19.976398
-2.0,1,19.978982
-2.0,1,19.981636
-2.0,1,19.984511
5.0,1,19.987343
-2.0,1,19.990114
5.0,1,19.993397
-2.0,1,19.996111
5.0,1,19.999156
-2.0,1,20.002073
-2.0,1,20.004897
-2.0,1,20.00768
5.0,1,20.010536
-2.0,1,20.01326
-2.0,1,20.015939
-2.0,1,20.018761
5.0,1,20.021523
-2.0,1,20.024215
5.0,1,20.026921
-2.0,1,20.029554
-2.0,1,20.0325
5.0,1,20.035352
5.0,1,20.038141
-2.0,1,20.041108
5.0,1,20.043806
-2.0,1,20.046476
-2.0,1,20.049232
-2.0,1,20.052118
5.0,1,20.05494
5.0,1,20.0576
5.0,1,20.060203
-2.0,1,20.062752
-2.0,1,20.065542
-2.05,2,20.071651
-2.0,1,20.074119
-2.0,1,20.076693
-2.0,1,20.079177
5.0,1,20.081646
-2.0,1,20.083985
-2.0,1,20.086436
-2.0,1,20.088949
-2.0,1,20.091442
-2.0,1,20.093943
-2.05,2,20.098814
5.0,1,20.101302
-2.0,1,20.10378
-2.0,1,20.106266
5.0,1,20.108816
-2.0,1,20.111232
-2.05,2,20.116138
-2.0,1,20.118734
-2.0,1,20.121218
-2.0,1,20.123588
-2.0,1,20.12601
-2.0,1,20.128443
-2.0,1,20.130826
-2.0,1,20.13324
-2.0,1,20.135676
-2.05,2,20.140594
-2.0,1,20.143023
-2.0,1,20.145504
5.0,1,20.147976
-2.0,1,20.15039
5.0,1,20.152921
-2.0,1,20.155274
-2.0,1,20.157747
-2.0,1,20.160173
5.0,1,20.162741
-2.0,1,20.165125
-2.0,1,20.167523
5.0,1,20.170013
-2.0,1,20.172373
5.0,1,20.174815
-2.0,1,20.177249
-2.0,1,20.180985
5.0,1,20.183455
5.0,1,20.185904
-2.0,1,20.188288
-2.0,1,20.191084
5.0,1,20.193629
-2.0,1,20.195955
-2.05,2,20.200461
-2.0,1,20.202687
5.0,1,20.205194
-2.0,1,20.207527
-2.0,1,20.210197
5.0,1,20.212547
5.0,1,20.214729
5.0,1,20.217005
-2.0,1,20.219263
5.0,1,20.221534
5.0,1,20.223863
-2.0,1,20.226091
-2.0,1,20.228336
-2.0,1,20.230528
5.0,1,20.232783
-2.0,1,20.234921
-2.0,1,20.237133
-2.0,1,20.239916
5.0,1,20.242751
-2.0,1,20.245391
-2.0,1,20.247875
-2.0,1,20.250326
-2.0,1,20.252711
5.0,1,20.255134
-2.0,1,20.257502
-2.0,1,20.259908
5.0,1,20.262401
-2.0,1,20.264792
-2.0,1,20.267197
-2.0,1,20.269572
-2.0,1,20.271982
5.0,1,20.274414
-2.0,1,20.276799
-2.0,1,20.27914
-2.0,1,20.281513
5.0,1,20.283976
-2.0,1,20.286327
-2.0,1,20.288725
-2.0,1,20.291085
-2.0,1,20.29338
-2.0,1,20.295635
-2.0,1,20.297894
5.0,1,20.300193
5.0,1,20.302778
-2.0,1,20.305085
-2.0,1,20.30729
5.0,1,20.309571
5.0,1,20.311793
-2.0,1,20.314108
-2.0,1,20.31651
-2.0,1,20.318734
-2.0,1,20.320988
-2.0,1,20.323173
-2.0,1,20.325448
-2.0,1,20.327664
-2.0,1,20.32993
5.0,1,20.332272
5.0,1,20.334519
-2.0,1,20.336732
5.0,1,20.338985
-2.0,1,20.341147
-2.0,1,20.343351
4.75,2,20.347831
-2.0,1,20.350039
-2.0,1,20.352277
-2.0,1,20.354511
-2.0,1,20.356743
-2.0,1,20.358974
5.0,1,20.361286
5.0,1,20.363454
-2.0,1,20.365624
-2.0,1,20.367843
-2.0,1,20.370108
5.0,1,20.372349
-2.0,1,20.374528
-2.0,1,20.376832
-2.0,1,20.379023
-2.0,1,20.38142
-2.0,1,20.38363
-2.0,1,20.385863
5.0,1,20.388133
-2.0,1,20.390314
-2.0,1,20.392563
5.0,1,20.394831
-2.0,1,20.397006
5.0,1,20.399306
-2.0,1,20.401463
-2.0,1,20.403729
-2.0,1,20.405929
-2.0,1,20.408155
5.0,1,20.410467
-2.0,1,20.41264
5.0,1,20.414875
5.0,1,20.417106
-2.0,1,20.419314
5.0,1,20.421665
-2.0,1,20.42384
5.0,1,20.426093
-2.0,1,20.428253
-2.0,1,20.430495
5.0,1,20.432761
-2.0,1,20.434882
-2.0,1,20.437131
-2.0,1,20.439391
-2.0,1,20.441742
5.0,1,20.444023
5.0,1,20.44628
-2.0,1,20.448522
-2.0,1,20.450774
5.0,1,20.453077
-2.0,1,20.455221
-2.0,1,20.457458
-2.0,1,20.459673
-2.0,1,20.462084
-2.0,1,20.464299
-2.0,1,20.466522
5.0,1,20.468827
5.0,1,20.471005
-2.0,1,20.473254
-2.0,1,20.475467
5.0,1,20.477758
-2.0,1,20.479942
-2.0,1,20.482144
5.0,1,20.484411
-2.0,1,20.486553
5.0,1,20.488854
-2.05,2,20.493287
-2.0,1,20.495466
-2.0,1,20.497704
5.0,1,20.499936
-2.0,1,20.502124
5.0,1,20.504451
5.0,1,20.506644
-2.0,1,20.508792
5.0,1,20.511053
5.0,1,20.513289
5.0,1,20.515511
-2.0,1,20.517697
-2.0,1,20.519905
-2.0,1,20.522188
-2.0,1,20.524433
5.0,1,20.52673
-2.0,1,20.528917
-2.0,1,20.53127
-2.0,1,20.533522
-2.0,1,20.535707
-2.0,1,20.537925
-2.0,1,20.540112
-2.0,1,20.542352
-2.0,1,20.544569
-2.0,1,20.546816
5.0,1,20.549065
5.0,1,20.55125
5.0,1,20.553461
5.0,1,20.555678
5.0,1,20.557924
5.0,1,20.5603
-2.0,1,20.562628
-2.0,1,20.564924
5.0,1,20.56717
-2.0,1,20.569346
-2.0,1,20.571616
-2.0,1,20.573982
-2.0,1,20.576431
5.0,1,20.578823
-2.0,1,20.581158
5.0,1,20.583584
-2.0,1,20.585822
5.0,1,20.588093
5.0,1,20.590379
-2.0,1,20.592646
-2.0,1,20.594977
-2.0,1,20.597274
-2.0,1,20.599549
-2.0,1,20.601811
-2.0,1,20.604028
-2.0,1,20.60632
-2.0,1,20.608602
5.0,1,20.610906
-2.05,2,20.615765
-2.0,1,20.618058
5.0,1,20.620331
5.0,1,20.62255
-2.0,1,20.624743
-2.0,1,20.626956
5.0,1,20.629316
5.0,1,20.631689
5.0,1,20.634016
-2.0,1,20.636445
-2.0,1,20.638657
-2.0,1,20.64104
5.0,1,20.643271
-2.0,1,20.645455
-2.0,1,20.647731
-2.0,1,20.650109
-2.0,1,20.652843
-2.0,1,20.655362
5.0,1,20.657957
5.0,1,20.660427
5.0,1,20.663083
5.0,1,20.666212
5.0,1,20.668788
5.0,1,20.671299
5.0,1,20.674126
-2.0,1,20.676842
-2.0,1,20.679501
5.0,1,20.682411
-2.0,1,20.685148
5.0,1,20.687974
-2.0,1,20.690735
-2.05,2,20.695761
5.0,1,20.698517
-2.0,1,20.701217
-2.0,1,20.703602
-2.0,1,20.706234
5.0,1,20.708726
5.0,1,22.210353
5.0,1,22.212773
5.0,1,22.214879
-2.0,1,22.216967
-2.0,1,22.218971
-2.0,1,22.221064
-2.0,1,22.223238
-2.0,1,22.225387
5.0,1,22.22749
-2.0,1,22.229609
-2.0,1,22.231714
5.0,1,22.23387
4.75,2,22.238041
-2.0,1,22.240058
4.75,2,22.244292
5.0,1,22.246586
-2.0,1,22.248692
-2.0,1,22.2508
4.75,2,22.255578
5.0,1,22.257669
-2.0,1,22.259652
5.0,1,22.261866
5.0,1,22.264151
-2.0,1,22.26623
-2.0,1,22.268342
-2.0,1,22.270494
5.0,1,22.272673
-2.0,1,22.274713
5.0,1,22.276962
5.0,1,22.279032
5.0,1,22.281094
-2.0,1,22.283127
5.0,1,22.285311
4.75,2,22.289635
4.75,2,22.29386
5.0,1,22.296089
5.0,1,22.298223
5.0,1,22.300344
4.75,2,22.304663
5.0,1,22.306708
-2.0,1,22.30878
-2.0,1,22.310875
-2.0,1,22.312959
-2.0,1,22.315023
5.0,1,22.317211
5.0,1,22.319264
5.0,1,22.321334
-2.0,1,22.323388
-2.0,1,22.325456
-2.0,1,22.327531
5.0,1,22.329682
-2.0,1,22.331675
-2.0,1,22.333808
-2.0,1,22.335905
5.0,1,22.338085
-2.0,1,22.34017
4.75,2,22.344391
5.0,1,22.346483
-2.0,1,22.348554
5.0,1,22.350694
5.0,1,22.352818
-2.0,1,22.354832
-2.0,1,22.356929
-2.0,1,22.358975
-2.0,1,22.36105
-2.0,1,22.36319
-2.0,1,22.365313
-2.0,1,22.367364
5.0,1,22.369592
-2.0,1,22.371643
5.0,1,22.373977
-2.0,1,22.375993
-2.0,1,22.378181
-2.0,1,22.380397
-2.0,1,22.382491
-2.0,1,22.384609
-2.0,1,22.386708
-2.0,1,22.388818
4.75,2,22.393759
5.0,1,22.396423
5.0,1,22.398992
-2.0,1,22.401696
5.0,1,22.404749
-2.0,1,22.407813
-2.0,1,22.410788
-2.0,1,22.413845
-2.0,1,22.416899
-2.0,1,22.419807
5.0,1,22.422873
-2.0,1,22.425711
-2.0,1,22.428677
-2.0,1,22.431584
5.0,1,22.434521
-2.0,1,22.437622
5.0,1,22.440692
5.0,1,22.443851
-2.0,1,22.446666
5.0,1,22.449623
5.0,1,22.452513
-2.0,1,22.45465
-2.0,1,22.457025
5.0,1,22.459418
-2.0,1,22.461617
5.0,1,22.463897
-2.0,1,22.466211
-2.0,1,22.46857
5.0,1,22.470897
5.0,1,22.473177
-2.0,1,22.475402
-2.0,1,22.477628
5.0,1,22.479987
5.0,1,22.482241
-2.0,1,22.484471
-2.0,1,22.48667
5.0,1,22.489035
5.0,1,22.491302
-2.0,1,22.493566
5.0,1,22.495873
5.0,1,22.498137
-2.0,1,22.50039
4.75,2,22.50495
-2.0,1,22.507146
-2.05,2,22.511705
5.0,1,22.513968
-2.0,1,22.516143
5.0,1,22.518459
-2.05,2,22.522947
5.0,1,22.525213
-2.0,1,22.527383
-2.0,1,22.529651
-2.0,1,22.531902
5.0,1,22.534192
-2.05,2,22.538641
5.0,1,22.540971
-2.0,1,22.543212
5.0,1,22.545487
-2.0,1,22.547681
5.0,1,22.550014
-2.0,1,22.55223
5.0,1,22.554532
5.0,1,22.556835
5.0,1,22.559084
5.0,1,22.561317
5.0,1,22.563578
5.0,1,22.565858
-2.0,1,22.568041
-2.0,1,22.570276
-2.0,1,22.572553
5.0,1,22.574825
5.0,1,22.577097
5.0,1,22.579303
4.75,2,22.583808
-2.0,1,22.586046
5.0,1,22.588303
-2.0,1,22.590469
-2.0,1,22.592721
-2.0,1,22.594997
5.0,1,22.597329
-2.0,1,22.5995
-2.0,1,22.601708
-2.0,1,22.60396
-2.0,1,22.606222
-2.0,1,22.608437
-2.0,1,22.610737
-2.0,1,22.612955
5.0,1,22.615202
5.0,1,22.617487
-2.05,2,22.622025
-2.0,1,22.624385
-2.0,1,22.626641
5.0,1,22.628939
-2.0,1,22.631135
-2.05,2,22.635664
5.0,1,22.638138
-2.0,1,22.640406
5.0,1,22.64273
-2.0,1,22.64513
-2.0,1,22.647438
4.75,2,22.652166
5.0,1,22.654453
5.0,1,22.656687
-2.0,1,22.658932
-2.0,1,22.661214
5.0,1,22.663449
-2.0,1,22.665672
-2.0,1,22.667879
5.0,1,22.670262
4.75,2,22.674649
-2.0,1,22.676782
-2.0,1,22.679157
-2.0,1,22.681618
5.0,1,22.683928
5.0,1,22.686205
-2.0,1,22.68843
5.0,1,22.690662
-2.0,1,22.692798
-2.0,1,22.695039
-2.0,1,22.697294
5.0,1,22.699719
-2.0,1,22.701918
-2.0,1,22.704132
5.0,1,22.706419
-2.0,1,22.708661
-2.0,1,22.710873
5.0,1,22.713159
-2.0,1,22.715354
5.0,1,22.717639
5.0,1,22.7199
-2.0,1,22.722351
-2.0,1,22.724536
5.0,1,22.726796
-2.0,1,22.728999
5.0,1,22.731285
5.0,1,22.733595
5.0,1,22.735762
-2.0,1,22.737929
-2.0,1,22.740145
-2.0,1,22.742353
5.0,1,22.744625
-2.0,1,22.746806
5.0,1,22.749088
5.0,1,22.751328
5.0,1,22.753594
5.0,1,22.755849
5.0,1,22.758113
-2.0,1,22.760314
-2.0,1,22.762506
-2.0,1,22.764824
-2.0,1,22.767032
-2.0,1,22.769256
-2.0,1,22.771493
5.0,1,22.773759
-2.0,1,22.775882
-2.0,1,22.778146
5.0,1,22.780384
-2.0,1,22.782587
-2.0,1,22.78479
5.0,1,22.787024
-2.0,1,22.789177
5.0,1,22.791465
-2.0,1,22.793732
5.0,1,22.795968
-2.0,1,22.798171
-2.0,1,22.800394
-2.0,1,22.802567
-2.0,1,22.804776
-2.0,1,22.807099
-2.0,1,22.809376
-2.0,1,22.811575
-2.0,1,22.813816
5.0,1,22.816043
5.0,1,22.818312
-2.0,1,22.820525
5.0,1,22.822815
5.0,1,22.825091
-2.0,1,22.827232
-2.0,1,22.829434
-2.0,1,22.831675
5.0,1,22.833983
4.75,2,22.838481
-2.0,1,22.840688
5.0,1,22.842921
5.0,1,22.845176
-2.0,1,22.847384
-2.0,1,22.849718
5.0,1,22.852506
-2.0,1,22.854872
-2.0,1,22.857251
5.0,1,22.859751
-2.0,1,22.862166
5.0,1,22.864677
-2.0,1,22.867034
5.0,1,22.869494
5.0,1,22.871942
-2.0,1,22.874357
-2.0,1,22.876775
5.0,1,22.87923
4.75,2,22.884115
-2.0,1,22.886439
-2.0,1,22.888893
5.0,1,22.891335
-2.0,1,22.893802
-2.0,1,22.896246
-2.0,1,22.898733
-2.0,1,22.90123
-2.0,1,22.903601
5.0,1,22.906135
5.0,1,22.90862
-2.0,1,22.911031
-2.0,1,22.913467
5.0,1,22.915887
-2.0,1,22.918269
5.0,1,22.920842
-2.0,1,22.923218
-2.0,1,22.925673
4.75,2,22.930549
5.0,1,22.932966
5.0,1,22.935529
-2.0,1,22.9381
-2.0,1,22.940588
5.0,1,22.94306
-2.0,1,22.945503
5.0,1,22.947975
5.0,1,22.950439
5.0,1,22.952886
-2.0,1,22.955147
5.0,1,22.957486
5.0,1,22.959764
5.0,1,22.962107
-2.05,2,22.966604
-2.0,1,22.968901
-2.0,1,22.971138
-2.0,1,22.973447
-2.0,1,22.975698
-2.0,1,22.978179
5.0,1,22.980726
5.0,1,22.983049
-2.0,1,22.985424
-2.0,1,22.987688
5.0,1,22.989923
5.0,1,22.992145
5.0,1,22.994413
-2.0,1,22.99653
5.0,1,22.998668
5.0,1,23.000856
5.0,1,23.002958
5.0,1,23.005121
5.0,1,23.007226
5.0,1,23.009399
5.0,1,23.011511
5.0,1,23.013683
-2.0,1,23.01575
5.0,1,23.01808
-2.0,1,23.020271
4.75,2,23.024434
5.0,1,23.026542
-2.0,1,23.028609
4.75,2,23.032734
5.0,1,23.034847
-2.0,1,23.036937
5.0,1,23.039078
5.0,1,23.04121
-2.0,1,23.043265
-2.0,1,23.04534
5.0,1,23.047453
-2.05,2,23.051534
5.0,1,23.053651
-2.0,1,23.055702
-2.0,1,23.057764
-2.0,1,23.059848
4.75,2,23.064076
-2.0,1,23.066144
5.0,1,23.068297
5.0,1,23.070403
-2.0,1,23.072511
-2.0,1,23.074602
5.0,1,23.076798
5.0,1,23.078902
5.0,1,23.081014
-2.0,1,23.083119
-2.0,1,23.085907
5.0,1,23.088192
-2.0,1,23.090336
-2.0,1,23.092511
5.0,1,23.094768
-2.0,1,23.096896
-2.0,1,23.099091
5.0,1,23.101378
5.0,1,23.103523
4.75,2,23.107979
-2.0,1,23.110096
-2.0,1,23.11227
-2.0,1,23.114351
5.0,1,23.116586
-2.0,1,23.118671
-2.0,1,23.120833
-2.0,1,23.122979
5.0,1,23.125234
-2.0,1,23.127304
5.0,1,23.129432
-2.0,1,23.131526
5.0,1,23.133689
5.0,1,23.135802
-2.0,1,23.137944
-2.0,1,23.140056
5.0,1,23.14237
-2.0,1,23.144433
-2.05,2,23.148747
-2.0,1,23.150933
5.0,1,23.153186
5.0,1,23.155265
5.0,1,23.157412
5.0,1,23.159517
-2.0,1,23.161637
5.0,1,23.163727
-2.0,1,23.16581
-2.0,1,23.167913
-2.0,1,23.170047
4.75,2,23.174188
5.0,1,23.176365
-2.05,2,23.180623
-2.0,1,23.182719
5.0,1,23.184897
5.0,1,23.186958
5.0,1,23.189071
-2.0,1,23.191207
5.0,1,23.193394
-2.0,1,23.195452
-2.0,1,23.197583
5.0,1,23.199679
5.0,1,23.201761
-2.0,1,23.203798
-2.0,1,23.205929
5.0,1,23.208042
-2.0,1,23.210066
5.0,1,23.21216
5.0,1,23.21423
4.75,2,23.218385
5.0,1,23.220474
5.0,1,23.222494
-2.0,1,23.224536
5.0,1,23.226655
-2.0,1,23.228777
-2.0,1,23.23081
5.0,1,23.232946
-2.0,1,23.235239
-2.0,1,23.237309
-2.0,1,23.239417
-2.0,1,23.241511
-2.0,1,23.243551
-2.0,1,23.245688
-2.0,1,23.247788
5.0,1,23.249912
5.0,1,23.251964
5.0,1,23.25404
5.0,1,23.256142
-2.0,1,23.258224
5.0,1,23.26052
5.0,1,23.262632
-2.0,1,23.264665
-2.0,1,23.266788
-2.0,1,23.268859
-2.0,1,23.270966
-2.0,1,23.273051
-2.0,1,23.275107
5.0,1,23.277532
5.0,1,23.279643
-2.0,1,23.281659
-2.0,1,23.283753
-2.05,2,23.287922
-2.0,1,23.290064
-2.0,1,23.292112
-2.0,1,23.294233
5.0,1,23.296408
-2.0,1,23.298418
-2.0,1,23.300692
-2.0,1,23.30283
-2.0,1,23.304889
5.0,1,23.307114
-2.0,1,23.309142
-2.0,1,23.311183
-2.0,1,23.31326
-2.0,1,23.315356
5.0,1,23.317485
-2.0,1,23.319818
-2.0,1,23.321928
4.75,2,23.326179
-2.0,1,23.328239
5.0,1,23.33035
4.75,2,23.334679
5.0,1,23.336893
-2.0,1,23.339031
-2.0,1,23.3413
5.0,1,23.343606
-2.0,1,23.345853
-2.0,1,23.348049
-2.0,1,23.350299
5.0,1,23.35262
-2.0,1,23.354807
5.0,1,24.789177
5.0,1,24.791545
-2.0,1,24.793752
5.0,1,24.795953
5.0,1,24.798062
5.0,1,24.800382
5.0,1,24.802587
-2.0,1,24.804651
5.0,1,24.80675
5.0,1,24.808886
-2.0,1,24.810973
5.0,1,24.81334
-2.0,1,24.815432
5.0,1,24.817655
-2.0,1,24.819744
5.0,1,24.821971
-2.0,1,24.824062
5.0,1,24.826292
5.0,1,24.828493
5.0,1,24.830694
-2.0,1,24.832905
-2.0,1,24.835026
5.0,1,24.837244
5.0,1,24.839407
5.0,1,24.841655
-2.0,1,24.843774
5.0,1,24.845973
-2.0,1,24.848084
-2.0,1,24.850224
-2.0,1,24.852397
-2.0,1,24.85458
4.75,2,24.859184
-2.0,1,24.861224
5.0,1,24.863377
5.0,1,24.865446
-2.0,1,24.867823
5.0,1,24.87027
5.0,1,24.872567
4.75,2,24.877187
-2.0,1,24.879421
5.0,1,24.881768
-2.0,1,24.883989
5.0,1,24.886392
-2.0,1,24.888693
5.0,1,24.891063
5.0,1,24.893429
5.0,1,24.895676
-2.0,1,24.898148
5.0,1,24.900465
-2.0,1,24.90268
5.0,1,24.904991
5.0,1,24.907249
-2.0,1,24.909536
5.0,1,24.911887
5.0,1,24.914215
5.0,1,24.916555
-2.0,1,24.918805
-2.0,1,24.921145
5.0,1,24.923531
5.0,1,24.925781
5.0,1,24.92818
-2.0,1,24.930438
5.0,1,24.932856
-2.0,1,24.935171
5.0,1,24.937585
5.0,1,24.940041
-2.0,1,24.942337
5.0,1,24.944595
5.0,1,24.946838
-2.0,1,24.949081
-2.0,1,24.951348
-2.0,1,24.953635
-2.0,1,24.95595
-2.0,1,24.958325
4.75,2,24.962888
4.75,2,24.967564
5.0,1,24.969846
5.0,1,24.972115
-2.0,1,24.974394
5.0,1,24.976887
-2.0,1,24.979284
-2.0,1,24.982092
-2.0,1,24.984779
5.0,1,24.98725
5.0,1,24.990496
-2.0,1,24.992795
-2.0,1,24.99527
5.0,1,24.997822
-2.0,1,25.000131
5.0,1,25.002567
5.0,1,25.004948
5.0,1,25.00729
5.0,1,25.009639
-2.0,1,25.011965
5.0,1,25.014453
5.0,1,25.016784
4.75,2,25.021498
5.0,1,25.023822
-2.0,1,25.026132
5.0,1,25.028686
5.0,1,25.031144
4.75,2,25.036069
5.0,1,25.038497
-2.0,1,25.040793
5.0,1,25.043172
5.0,1,25.045527
5.0,1,25.047789
5.0,1,25.050092
-2.0,1,25.052451
5.0,1,25.054776
5.0,1,25.057086
5.0,1,25.059319
-2.0,1,25.061454
-2.0,1,25.063715
5.0,1,25.065901
5.0,1,25.068138
-2.0,1,25.070592
5.0,1,25.072819
-2.0,1,25.074876
-2.0,1,25.076971
-2.0,1,25.079064
5.0,1,25.081206
-2.0,1,25.083252
-2.0,1,25.085341
5.0,1,25.087475
5.0,1,25.089615
-2.0,1,25.091669
5.0,1,25.093806
5.0,1,25.095947
-2.0,1,25.09815
-2.0,1,25.10028
-2.0,1,25.10242
-2.0,1,25.104553
5.0,1,25.106706
-2.0,1,25.108752
4.75,2,25.113171
-2.0,1,25.115209
-2.0,1,25.117346
4.75,2,25.121612
-2.0,1,25.123772
4.75,2,25.128085
-2.0,1,25.130155
-2.0,1,25.132254
5.0,1,25.134434
5.0,1,25.136571
5.0,1,25.138697
5.0,1,25.140795
-2.0,1,25.142876
5.0,1,25.144995
5.0,1,25.147086
-2.0,1,25.149194
5.0,1,25.151368
-2.0,1,25.153527
-2.0,1,25.15571
4.75,2,25.160092
5.0,1,25.162286
4.75,2,25.166683
-2.0,1,25.16881
-2.0,1,25.17096
4.75,2,25.175349
-2.0,1,25.1775
-2.0,1,25.179677
5.0,1,25.181844
-2.0,1,25.183973
-2.0,1,25.186174
5.0,1,25.188383
5.0,1,25.190833
4.75,2,25.195219
5.0,1,25.197467
-2.0,1,25.199623
5.0,1,25.201891
5.0,1,25.204037
-2.0,1,25.206139
-2.0,1,25.208966
-2.0,1,25.211983
-2.0,1,25.21454
5.0,1,25.217059
-2.0,1,25.219416
-2.0,1,25.22176
4.75,2,25.226286
5.0,1,25.228496
-2.0,1,25.23061
5.0,1,25.232798
5.0,1,25.235095
-2.0,1,25.237213
5.0,1,25.239447
-2.0,1,25.242011
4.75,2,25.246392
5.0,1,25.248559
5.0,1,25.25072
5.0,1,25.252867
-2.0,1,25.254997
5.0,1,25.257263
-2.0,1,25.259403
-2.0,1,25.261535
5.0,1,25.263762
5.0,1,25.265965
-2.0,1,25.268041
5.0,1,25.270332
-2.0,1,25.27251
-2.0,1,25.274735
4.75,2,25.279202
-2.0,1,25.281458
5.0,1,25.2837
-2.0,1,25.285807
-2.0,1,25.287828
5.0,1,25.290028
-2.0,1,25.292058
5.0,1,25.294346
-2.0,1,25.296447
5.0,1,25.298712
-2.0,1,25.300852
5.0,1,25.303188
5.0,1,25.305358
5.0,1,25.307506
5.0,1,25.309676
-2.0,1,25.311815
5.0,1,25.314016
-2.0,1,25.316109
-2.0,1,25.318238
5.0,1,25.320468
4.75,2,25.324739
4.75,2,25.329349
-2.0,1,25.331469
5.0,1,25.333769
-2.0,1,25.336335
-2.0,1,25.33858
-2.0,1,25.340767
5.0,1,25.343188
5.0,1,25.34539
5.0,1,25.347568
-2.0,1,25.349746
5.0,1,25.351943
-2.0,1,25.354073
-2.0,1,25.356212
5.0,1,25.358389
5.0,1,25.360623
5.0,1,25.362708
-2.0,1,25.364906
5.0,1,25.367059
-2.0,1,25.369337
-2.0,1,25.371437
-2.0,1,25.373532
-2.0,1,25.375654
5.0,1,25.377796
5.0,1,25.379863
-2.0,1,25.381819
5.0,1,25.384029
-2.0,1,25.386393
5.0,1,25.388695
-2.0,1,25.390982
5.0,1,25.393288
5.0,1,25.395518
5.0,1,25.397995
-2.0,1,25.400462
5.0,1,25.402726
4.75,2,25.407235
-2.0,1,25.409603
-2.0,1,25.412042
5.0,1,25.414322
5.0,1,25.416957
-2.0,1,25.419058
4.75,2,25.4234
-2.0,1,25.425512
4.75,2,25.42977
4.75,2,25.435097
5.0,1,25.438119
-2.0,1,25.441037
5.0,1,25.444098
5.0,1,25.447208
5.0,1,25.449824
-2.0,1,25.452072
-2.0,1,25.454407
5.0,1,25.456749
-2.0,1,25.459031
5.0,1,25.461438
5.0,1,25.463997
-2.0,1,25.46629
-2.0,1,25.469191
5.0,1,25.471819
5.0,1,25.474646
5.0,1,25.477196
-2.0,1,25.479821
-2.0,1,25.482308
-2.0,1,25.485086
5.0,1,25.488318
4.75,2,25.493846
5.0,1,25.496793
-2.0,1,25.499466
5.0,1,25.502212
5.0,1,25.504841
-2.0,1,25.507382
-2.0,1,25.510127
5.0,1,25.512887
5.0,1,25.515464
-2.0,1,25.518268
-2.0,1,25.520997
5.0,1,25.523825
-2.0,1,25.526647
5.0,1,25.52916
-2.0,1,25.531582
5.0,1,25.534386
-2.0,1,25.537414
-2.0,1,25.540113
5.0,1,25.542842
5.0,1,25.545315
-2.0,1,25.547684
5.0,1,25.550328
5.0,1,25.553008
5.0,1,25.555465
5.0,1,25.557764
5.0,1,25.560138
-2.0,1,25.562405
5.0,1,25.564778
5.0,1,25.567597
-2.05,2,25.572313
5.0,1,25.574566
-2.0,1,25.576825
5.0,1,25.579134
-2.0,1,25.581615
-2.0,1,25.584682
5.0,1,25.587316
5.0,1,25.590079
5.0,1,25.592917
5.0,1,25.595595
4.75,2,25.600629
5.0,1,25.603376
5.0,1,25.605957
5.0,1,25.608658
-2.0,1,25.611381
-2.0,1,25.614005
-2.0,1,25.616487
5.0,1,25.619416
5.0,1,25.622304
-2.0,1,25.625127
5.0,1,25.627502
5.0,1,25.629868
5.0,1,25.632511
-2.0,1,25.635463
5.0,1,25.637901
-2.0,1,25.640186
5.0,1,25.642584
5.0,1,25.644871
-2.0,1,25.647204
-2.0,1,25.650172
-2.0,1,25.652455
-2.0,1,25.654816
5.0,1,25.657149
5.0,1,25.659388
5.0,1,25.66164
-2.0,1,25.664536
5.0,1,25.667675
5.0,1,25.670687
5.0,1,25.673731
5.0,1,25.676657
-2.0,1,25.679469
5.0,1,25.682499
5.0,1,25.685441
5.0,1,25.689004
4.75,2,25.695739
5.0,1,25.69877
5.0,1,25.702622
-2.0,1,25.70597
4.75,2,25.71193
5.0,1,25.715189
5.0,1,25.719541
4.75,2,25.726912
5.0,1,25.729783
-2.0,1,25.733724
-2.0,1,25.739206
5.0,1,25.742817
4.75,2,25.750833
5.0,1,25.754111
5.0,1,25.757605
5.0,1,25.76054
5.0,1,25.764487
5.0,1,25.768138
-2.0,1,25.772557
5.0,1,25.775887
5.0,1,25.779305
4.75,2,25.788851
5.0,1,25.792751
5.0,1,25.796074
5.0,1,25.799941
5.0,1,25.802851
5.0,1,25.805918
5.0,1,25.808915
5.0,1,25.811481
5.0,1,25.814404
-2.0,1,25.818343
5.0,1,25.822573
5.0,1,25.826601
5.0,1,25.829769
4.75,2,25.837957
-2.0,1,25.841691
5.0,1,25.844918
5.0,1,25.848677
5.0,1,25.852347
-2.0,1,25.856313
-2.0,1,25.859421
5.0,1,25.862144
-2.0,1,25.866145
-2.0,1,25.870231
-2.0,1,25.873604
-2.0,1,25.876758
5.0,1,25.879848
-2.0,1,25.88364
5.0,1,25.887861
5.0,1,25.891545
5.0,1,25.894664
5.0,1,25.898406
5.0,1,25.901951
-2.0,1,25.904994
-2.0,1,25.907491
5.0,1,25.910058
5.0,1,25.912591
-2.0,1,25.915581
-2.0,1,25.918275
-2.0,1,25.921133
5.0,1,25.92404
-2.0,1,25.926664
4.75,2,25.932582
-2.0,1,25.935062
-2.0,1,25.937491
-2.0,1,25.939794
4.75,2,25.944842
-2.0,1,25.947323
-2.0,1,25.949845
-2.0,1,25.952211
-2.0,1,25.954745
-2.0,1,25.957203
-2.0,1,25.959737
4.75,2,25.965022
5.0,1,25.967717
5.0,1,25.970161
5.0,1,25.972602
5.0,1,25.974935
-2.0,1,25.97727
5.0,1,25.979809
5.0,1,25.982374
-2.0,1,25.984644
5.0,1,25.986931
5.0,1,25.989236
-2.05,2,25.993738
-2.0,1,25.995968
5.0,1,25.998224
5.0,1,26.000447
-2.0,1,26.002617
-2.0,1,26.004881
5.0,1,26.007192
-2.0,1,26.009607
5.0,1,26.011975
-2.0,1,26.014367
5.0,1,26.016722
5.0,1,26.018978
-2.0,1,26.02125
4.75,2,26.025923
5.0,1,26.028205
-2.0,1,26.030436
4.75,2,26.035079
-2.0,1,26.037191
-2.0,1,26.039426
4.75,2,26.043935
-2.0,1,26.046274
5.0,1,26.04863
5.0,1,26.051316
-2.0,1,26.053685
5.0,1,26.056036
-2.0,1,26.058367
-2.0,1,26.060644
-2.0,1,26.063027
-2.0,1,26.065331
5.0,1,26.06773
5.0,1,26.070016
4.75,2,27.652379
-2.0,1,27.654701
-2.0,1,27.657124
4.75,2,27.662417
4.75,2,27.66728
4.75,2,27.67281
5.0,1,27.675382
-2.0,1,27.677611
5.0,1,27.67999
4.75,2,27.685167
-2.0,1,27.687593
5.0,1,27.690657
4.75,2,27.695273
5.0,1,27.698471
-2.0,1,27.701321
-2.0,1,27.703873
5.0,1,27.706459
-2.0,1,27.709264
5.0,1,27.711871
-2.0,1,27.714538
5.0,1,27.717418
-2.0,1,27.719963
5.0,1,27.722575
-2.0,1,27.725013
5.0,1,27.727267
-2.0,1,27.729597
5.0,1,27.732707
-2.0,1,27.734951
4.75,2,27.739725
-2.0,1,27.741959
-2.0,1,27.744172
5.0,1,27.746589
5.0,1,27.749735
5.0,1,27.752139
4.75,2,27.756815
-2.0,1,27.759183
5.0,1,27.761528
-2.0,1,27.764402
-2.0,1,27.767608
5.0,1,27.770857
5.0,1,27.774042
5.0,1,27.777047
5.0,1,27.779368
-2.0,1,27.782672
-2.0,1,27.784995
5.0,1,27.787281
4.75,2,27.792376
-2.0,1,27.794595
5.0,1,27.797222
5.0,1,27.799726
5.0,1,27.802238
5.0,1,27.804824
5.0,1,27.807272
-2.0,1,27.809551
-2.0,1,27.811793
5.0,1,27.81429
5.0,1,27.816739
5.0,1,27.819277
-2.0,1,27.82163
5.0,1,27.824092
5.0,1,27.826394
5.0,1,27.828686
-2.0,1,27.831178
4.75,2,27.835953
4.75,2,27.840717
-2.0,1,27.843051
-2.0,1,27.845354
-2.0,1,27.847807
-2.0,1,27.850128
-2.0,1,27.852501
-2.0,1,27.854866
-2.0,1,27.857251
5.0,1,27.859697
-2.0,1,27.861931
4.75,2,27.866816
-2.0,1,27.869106
-2.0,1,27.871541
-2.0,1,27.87388
-2.0,1,27.876159
5.0,1,27.878603
5.0,1,27.88101
-2.0,1,27.883381
-2.0,1,27.885982
5.0,1,27.888413
-2.0,1,27.890623
4.75,2,27.895154
5.0,1,27.897942
-2.0,1,27.900509
5.0,1,27.903155
5.0,1,27.905667
5.0,1,27.908149
5.0,1,27.910593
-2.0,1,27.913051
5.0,1,27.915777
-2.0,1,27.918235
5.0,1,27.920823
4.75,2,27.925906
5.0,1,27.928389
-2.0,1,27.930945
-2.0,1,27.933538
-2.0,1,27.936149
5.0,1,27.938676
5.0,1,27.941384
-2.0,1,27.944121
5.0,1,27.94667
5.0,1,27.949275
4.75,2,27.95489
5.0,1,27.957601
-2.0,1,27.960315
-2.0,1,27.962808
5.0,1,27.965386
-2.0,1,27.967918
-2.0,1,27.970639
-2.0,1,27.973504
5.0,1,27.976419
5.0,1,27.979164
5.0,1,27.981947
5.0,1,27.984643
5.0,1,27.987508
-2.0,1,27.990159
4.75,2,27.996245
-2.0,1,27.998815
-2.0,1,28.001648
4.75,2,28.006808
5.0,1,28.00941
-2.0,1,28.011817
-2.0,1,28.014466
5.0,1,28.017096
5.0,1,28.0202
5.0,1,28.022844
4.75,2,28.028192
-2.0,1,28.030946
5.0,1,28.03348
4.75,2,28.038751
5.0,1,28.04124
5.0,1,28.043782
-2.0,1,28.046714
-2.0,1,28.049138
5.0,1,28.05201
5.0,1,28.054838
5.0,1,28.058002
4.75,2,28.063684
-2.0,1,28.066358
5.0,1,28.069256
5.0,1,28.072044
4.75,2,28.077226
4.75,2,28.081974
5.0,1,28.084291
4.75,2,28.088861
5.0,1,28.091093
-2.0,1,28.093339
-2.0,1,28.095644
5.0,1,28.097969
5.0,1,28.100507
4.75,2,28.105123
4.75,2,28.109874
5.0,1,28.11213
5.0,1,28.114486
-2.0,1,28.116796
5.0,1,28.119135
-2.0,1,28.121364
-2.0,1,28.123719
-2.0,1,28.125981
5.0,1,28.128328
-2.0,1,28.130534
5.0,1,28.132851
5.0,1,28.135173
-2.0,1,28.137408
4.75,2,28.14222
5.0,1,28.144561
5.0,1,28.146824
5.0,1,28.149192
5.0,1,28.151542
-2.0,1,28.153821
5.0,1,28.156204
-2.0,1,28.158463
-2.0,1,28.160698
-2.0,1,28.162992
5.0,1,28.165335
5.0,1,28.167609
5.0,1,28.169924
5.0,1,28.172172
-2.0,1,28.174418
5.0,1,28.176764
4.75,2,28.181244
5.0,1,28.183702
4.75,2,28.188368
-2.0,1,28.190577
-2.0,1,28.192908
-2.0,1,28.195149
-2.0,1,28.197371
-2.0,1,28.199601
-2.0,1,28.201871
5.0,1,28.204101
-2.0,1,28.206309
5.0,1,28.208609
4.75,2,28.213073
5.0,1,28.215342
5.0,1,28.217627
5.0,1,28.220055
5.0,1,28.222392
5.0,1,28.224695
5.0,1,28.227208
4.75,2,28.231869
5.0,1,28.234229
5.0,1,28.236613
-2.0,1,28.238868
5.0,1,28.24127
4.75,2,28.245845
4.75,2,28.250461
5.0,1,28.252853
-2.0,1,28.25506
4.75,2,28.259654
5.0,1,28.262075
5.0,1,28.265094
5.0,1,28.267715
-2.0,1,28.270587
5.0,1,28.274165
5.0,1,28.277142
5.0,1,28.280148
-2.0,1,28.282884
-2.0,1,28.286132
5.0,1,28.289159
5.0,1,28.292087
5.0,1,28.295255
5.0,1,28.29828
5.0,1,28.300839
4.75,2,28.3058
-2.0,1,28.308185
5.0,1,28.310832
-2.0,1,28.313532
5.0,1,28.316536
-2.0,1,28.320103
-2.05,2,28.325912
5.0,1,28.328784
5.0,1,28.331801
5.0,1,28.335053
4.75,2,28.341913
5.0,1,28.34504
-2.0,1,28.350553
-2.0,1,28.353955
-2.0,1,28.356862
5.0,1,28.359539
5.0,1,28.36202
5.0,1,28.364545
4.75,2,28.371187
5.0,1,28.375094
5.0,1,28.378147
5.0,1,28.381451
5.0,1,28.384707
4.75,2,28.391176
4.75,2,28.397412
-2.0,1,28.400363
4.75,2,28.405821
4.75,2,28.411158
5.0,1,28.413818
5.0,1,28.417801
-2.0,1,28.421367
5.0,1,28.424897
-2.0,1,28.428432
5.0,1,28.432692
-2.0,1,28.436531
5.0,1,28.440409
4.75,2,28.446953
-2.0,1,28.451303
-2.0,1,28.455362
4.75,2,28.461675
4.75,2,28.468296
-2.0,1,28.472126
4.75,2,28.478268
5.0,1,28.482604
5.0,1,28.486413
5.0,1,28.490326
5.0,1,28.493314
-2.0,1,28.496017
5.0,1,28.499722
4.75,2,28.506104
5.0,1,28.508797
-2.0,1,28.511325
5.0,1,28.514277
5.0,1,28.517782
5.0,1,28.52051
-2.0,1,28.523081
4.75,2,28.528313
-2.0,1,28.531301
5.0,1,28.534009
5.0,1,28.536514
5.0,1,28.539013
4.75,2,28.544052
5.0,1,28.54659
4.75,2,28.551898
-2.0,1,28.554172
5.0,1,28.556721
-2.0,1,28.559149
5.0,1,28.561588
-2.0,1,28.563937
4.75,2,28.568575
5.0,1,28.570839
5.0,1,28.573099
5.0,1,28.575353
5.0,1,28.577609
5.0,1,28.579884
-2.0,1,28.582152
4.75,2,28.586854
5.0,1,28.589147
-2.0,1,28.591299
4.75,2,28.595854
5.0,1,28.598142
4.75,2,28.602804
5.0,1,28.605064
-2.0,1,28.607502
5.0,1,28.609913
-2.0,1,28.61215
5.0,1,28.614516
4.75,2,28.61916
5.0,1,28.621618
5.0,1,28.623996
4.75,2,28.628483
5.0,1,28.630818
-2.0,1,28.632981
-2.0,1,28.635252
-2.0,1,28.637572
5.0,1,28.639915
5.0,1,28.642158
-2.0,1,28.644349
5.0,1,28.646669
-2.0,1,28.648886
5.0,1,28.651231
5.0,1,28.653584
-2.05,2,28.658036
5.0,1,28.660323
-2.0,1,28.662541
5.0,1,28.66494
4.75,2,28.669345
5.0,1,28.671628
5.0,1,28.673914
-2.0,1,28.676079
-2.0,1,28.67837
5.0,1,28.680672
-2.0,1,28.683039
5.0,1,28.685324
-2.0,1,28.68752
4.75,2,28.692122
4.75,2,28.697014
4.75,2,28.701554
-2.0,1,28.703695
5.0,1,28.706036
5.0,1,28.708251
5.0,1,28.710503
5.0,1,28.712748
5.0,1,28.715024
5.0,1,28.717309
5.0,1,28.719644
4.75,2,28.724074
5.0,1,28.726297
5.0,1,28.728537
5.0,1,28.730712
-2.0,1,28.733072
4.75,2,28.737575
-2.05,2,28.742049
5.0,1,28.744363
5.0,1,28.746573
-2.0,1,28.748823
4.75,2,28.753365
5.0,1,28.755585
5.0,1,28.757848
5.0,1,28.760099
5.0,1,28.762376
-2.0,1,28.76459
4.75,2,28.769108
5.0,1,28.771367
5.0,1,28.773637
5.0,1,28.775882
5.0,1,28.778139
-2.0,1,28.780426
5.0,1,28.782802
5.0,1,28.785075
5.0,1,28.787306
5.0,1,28.789521
-2.0,1,28.791717
-2.0,1,28.793932
5.0,1,28.796227
5.0,1,28.79856
4.75,2,28.803075
5.0,1,28.80534
5.0,1,28.80759
-2.0,1,28.809777
-2.0,1,28.812013
4.75,2,28.816594
4.75,2,28.821117
5.0,1,28.823445
5.0,1,28.825976
-2.0,1,28.828321
5.0,1,28.830661
-2.0,1,28.83286
4.75,2,28.837688
5.0,1,28.840212
5.0,1,28.842746
4.75,2,28.847737
5.0,1,28.850248
-2.0,1,28.852711
4.75,2,28.857583
5.0,1,28.859996
4.75,2,28.864983
5.0,1,28.867408
5.0,1,28.869936
-2.0,1,28.872393
5.0,1,28.874864
5.0,1,28.877252
5.0,1,28.879745
-2.0,1,28.882154
5.0,1,28.884808
5.0,1,28.887538
-2.0,1,28.889942
-2.0,1,28.892574
4.75,2,28.897643
4.75,2,28.902719
4.75,2,28.907699
4.75,2,28.912914
5.0,1,28.9157
-2.0,1,28.918258
5.0,1,28.920893
5.0,1,28.923315
5.0,1,28.925739
-2.0,1,28.928132
5.0,1,28.930621
5.0,1,28.93305
-2.0,1,28.935497
-2.0,1,28.937914
5.0,1,28.940529
-2.0,1,28.943062
5.0,1,28.945602
5.0,1,28.948017
4.75,2,28.953433
5.0,1,28.955753
5.0,1,30.518763
5.0,1,30.521266
4.75,2,30.525731
5.0,1,30.527962
5.0,1,30.533555
-2.0,1,30.535709
-5.25,18,30.57564
-5.25,18,30.61456
5.75,2,30.619491
-2.0,1,30.621861
-5.25,18,30.664613
-2.0,1,30.666928
5.0,1,30.669346
-2.0,1,30.671647
5.0,1,30.67406
6.0,1,30.676389
6.0,1,30.678728
5.0,1,30.681099
-5.25,18,30.722863
-2.05,2,30.727161
6.0,1,30.729377
6.0,1,30.731668
-3.05,6,30.745208
-4.8,13,30.774798
5.75,2,30.779541
-5.8,17,30.816851
5.0,1,30.819014
-2.05,2,30.823289
-6.05,18,30.861951
5.0,1,30.864125
-2.05,2,30.868447
5.75,2,30.8728
6.0,1,30.875321
-3.05,6,30.887527
-2.05,2,30.89164
6.0,1,30.893788
4.75,2,30.897935
5.0,1,30.900177
6.0,1,30.902307
6.0,1,30.904424
4.75,2,30.908613
4.75,2,30.912784
5.0,1,30.915038
6.0,1,30.917198
4.75,2,30.92133
-2.0,1,30.923394
-2.8,5,30.933478
-2.0,1,30.935566
-2.0,1,30.937652
6.0,1,30.939766
-6.05,18,30.975991
-2.05,2,30.980065
-2.0,1,30.982194
-5.25,18,31.018833
-6.05,18,31.055579
-3.05,6,31.067693
-2.55,4,31.075884
6.0,1,31.078032
4.75,2,31.082084
-2.0,1,31.084068
-2.05,2,31.088216
-2.05,2,31.092205
-2.55,4,31.100248
-2.0,1,31.102274
5.75,2,31.106321
5.75,2,31.110343
5.0,1,31.112406
5.75,2,31.116541
-2.0,1,31.118667
-5.25,18,31.156685
5.75,2,31.16095
5.75,2,31.165087
5.0,1,31.167237
-3.55,8,31.183903
5.75,2,31.187984
-2.0,1,31.190015
6.0,1,31.192076
6.0,1,31.194296
4.75,2,31.19868
-2.0,1,31.200807
-2.0,1,31.202869
5.75,2,31.207029
-2.05,2,31.211261
-3.05,6,31.224216
5.75,2,31.228556
-2.0,1,31.230798
5.0,1,31.233025
5.0,1,31.235193
-5.25,18,31.273873
-5.05,14,31.304252
6.0,1,31.306662
-2.3,3,31.313597
-2.05,2,31.31802
-2.05,2,31.322374
-4.3,11,31.346149
-5.25,18,31.386153
-2.05,2,31.390445
6.0,1,31.392667
6.0,1,31.394859
-2.0,1,31.397011
-2.0,1,31.399143
-5.25,18,31.438768
5.0,1,31.441041
-2.05,2,31.445362
-5.25,18,31.484071
5.75,2,31.488473
-2.0,1,31.490642
-2.05,2,31.494966
-5.25,18,31.534271
-2.3,3,31.540723
6.0,1,31.542991
-2.05,2,31.547327
-2.0,1,31.54952
-2.05,2,31.553794
-5.25,18,31.59321
-2.05,2,31.597625
-5.25,18,33.150285
6.0,1,33.152997
-2.0,1,33.155078
-2.05,2,33.159257
5.75,2,33.163527
-2.05,2,33.167694
-2.05,2,33.17186
5.95,2,33.176617
-2.05,2,33.181123
-5.25,18,33.223826
-2.05,2,33.228768
-5.25,18,33.271397
-5.25,18,33.312216
-5.25,18,33.351355
-5.05,14,33.380699
-2.05,2,33.38497
-2.05,2,33.389256
-5.25,18,33.427367
-5.25,18,33.465307
-2.05,2,33.470866
4.75,2,33.47593
-2.3,3,33.482256
-2.05,2,33.486689
5.0,1,33.488831
5.0,1,33.490955
6.0,1,33.493064
5.75,2,33.497367
-5.25,18,33.534585
-4.3,11,33.560232
6.0,1,33.563163
-6.05,18,33.613877
-2.0,1,33.616837
-2.0,1,33.620158
-5.25,18,33.661982
5.0,1,33.664242
4.75,2,33.668674
-2.05,2,33.673118
-5.55,16,33.706731
5.0,1,33.708837
-4.3,11,33.731525
-2.0,1,33.733757
5.75,2,33.738424
6.0,1,33.740743
-5.25,18,33.780545
5.0,1,33.782874
5.0,1,33.785233
5.75,2,33.789854
5.0,1,33.79212
-5.25,18,33.83002
5.0,1,33.832099
5.75,2,33.836449
5.0,1,33.838677
-2.0,1,33.840709
5.0,1,33.842782
5.0,1,33.844852
5.0,1,33.846842
-2.05,2,33.850855
5.75,2,33.855206
-2.0,1,33.857225
-5.25,18,33.893754
4.75,2,33.897768
-5.25,18,33.933021
-2.05,2,33.937088
5.75,2,33.941086
-5.25,18,33.977278
6.0,1,33.979271
5.75,2,33.983357
5.0,1,33.985604
-2.0,1,33.987803
5.75,2,33.9921
4.75,2,33.996407
-2.05,2,34.000681
-5.25,18,34.038627
-2.05,2,34.043601
-4.55,12,34.07184
-2.0,1,34.073921
-2.0,1,34.075938
5.0,1,34.07813
-2.8,5,34.088324
5.0,1,34.090385
-2.8,5,34.100317
-2.05,2,34.104575
4.75,2,34.108615
-2.0,1,34.110676
-5.05,14,34.139684
6.0,1,34.141861
5.0,1,34.143852
-5.25,18,34.180973
5.0,1,34.183169
-2.3,3,34.189403
5.0,1,34.191491
-2.0,1,34.193623
6.0,1,34.195714
4.75,2,34.199999
5.75,2,34.204145
5.0,1,34.206296
-2.0,1,34.208376
5.0,1,34.210491
4.75,2,34.214673
-3.05,6,34.227
6.0,1,34.229178
-2.05,2,34.233274
-2.0,1,34.235371
-5.25,18,35.691871
5.0,1,35.694175
-5.25,18,35.733195
-2.05,2,35.738466
-4.3,11,35.762692
5.0,1,35.764765
5.0,1,35.766798
-2.0,1,35.768811
-5.8,17,35.807096
6.0,1,35.809505
5.0,1,35.81185
5.0,1,35.814253
6.0,1,35.816692
5.0,1,35.819011
6.0,1,35.821432
-5.25,18,35.863176
-4.3,11,35.888464
5.0,1,35.89089
-2.0,1,35.893225
-5.25,18,35.935628
-3.05,6,35.949421
5.0,1,35.951769
-2.0,1,35.95419
5.0,1,35.956545
-2.0,1,35.958888
-2.05,2,35.963509
-5.25,18,36.004671
-2.05,2,36.009309
-2.0,1,36.011627
6.0,1,36.014032
-2.55,4,36.023237
4.75,2,36.027995
-5.25,18,36.069888
-2.0,1,36.072156
6.0,1,36.074551
6.0,1,36.076916
6.0,1,36.079309
5.0,1,36.081662
4.75,2,36.086226
6.0,1,36.088582
5.0,1,36.090909
5.75,2,36.095525
-2.0,1,36.09784
-2.0,1,36.100153
-2.0,1,36.102524
4.75,2,36.107205
-2.3,3,36.114002
-2.0,1,36.116238
5.0,1,36.118551
5.75,2,36.12315
-5.3,15,36.157968
6.0,1,36.160375
6.0,1,36.162677
5.0,1,36.165032
5.75,2,36.169611
-3.55,8,36.187863
5.75,2,36.192441
5.0,1,36.194773
6.0,1,36.197158
5.0,1,36.199509
4.75,2,36.204067
-2.0,1,36.206403
-2.05,2,36.211035
-2.0,1,36.21334
5.0,1,36.215714
-2.0,1,36.218007
5.0,1,36.220433
4.75,2,36.225259
5.75,2,36.22991
4.75,2,36.234618
4.75,2,36.239296
-2.05,2,36.243868
5.75,2,36.248545
5.75,2,36.253176
6.0,1,36.255532
4.75,2,36.260159
5.0,1,36.262477
-5.25,18,36.304518
5.75,2,36.309227
-5.25,18,36.350745
-2.05,2,36.355433
5.75,2,36.360178
-2.0,1,36.362427
6.0,1,36.36488
-2.8,5,36.376489
-5.25,18,36.417562
5.0,1,36.420033
-2.0,1,36.422384
-3.05,6,36.43625
-2.0,1,36.438551
-4.8,13,36.468139
6.0,1,36.470469
6.0,1,36.472846
6.0,1,36.475106
5.0,1,36.477403
6.0,1,36.479661
-5.25,18,36.518273
4.75,2,36.523239
5.0,1,36.525611
-2.0,1,36.527965
5.0,1,36.53037
4.75,2,36.534987
-5.25,18,36.576507
-2.05,2,36.581086
-2.05,2,36.585561
-5.25,18,36.623668
-2.0,1,36.625753
-2.0,1,36.627802
-5.25,18,36.66629
-2.0,1,36.668382
-2.0,1,36.670443
-2.0,1,36.67258
-2.0,1,36.674741
5.75,2,36.679026
4.75,2,36.683315
-2.0,1,36.685391
4.75,2,36.689641
-2.0,1,36.691719
5.75,2,36.695958
5.75,2,36.700333
-2.05,2,36.704658
5.75,2,36.708921
4.75,2,36.713229
6.0,1,36.715346
5.75,2,36.719767
5.0,1,36.721906
-5.25,18,36.759556
-5.05,14,36.790306
5.0,1,36.792567
5.75,2,36.79686
6.0,1,36.799044
5.0,1,36.801306
4.75,2,36.805828
5.0,1,36.808113
-2.0,1,36.810283
-2.0,1,36.812539
6.0,1,36.814743
-5.05,14,38.398962
-2.0,1,38.401541
5.0,1,38.403946
-2.0,1,38.406297
4.75,2,38.411095
-5.25,18,38.451726
5.75,2,38.45627
-2.55,4,38.465681
-2.05,2,38.470257
5.75,2,38.474874
-5.25,18,38.516141
-6.05,18,38.557219
-2.0,1,38.559622
-2.0,1,38.562004
4.75,2,38.566563
-5.25,18,38.607756
5.0,1,38.610072
-2.0,1,38.612318
5.75,2,38.616786
-3.05,6,38.63084
-2.0,1,38.633257
5.75,2,38.637998
4.75,2,38.642665
-5.05,18,38.68357
4.75,2,38.688237
-2.3,3,38.695318
5.0,1,38.697786
-2.55,4,38.707244
5.75,2,38.711783
-2.0,1,38.713986
-2.0,1,38.716219
6.0,1,38.718523
4.75,2,38.723134
5.75,2,38.727642
-2.0,1,38.729878
-2.3,3,38.736523
5.0,1,38.738938
4.75,2,38.743569
-2.0,1,38.745811
6.0,1,38.748231
-2.55,4,38.757587
5.0,1,38.759884
-5.25,18,38.800623
5.75,2,38.805149
4.75,2,38.809731
-2.05,2,38.814191
-3.8,9,38.833739
-2.0,1,38.835914
6.0,1,38.838096
-2.0,1,38.840489
-2.0,1,38.8427
6.0,1,38.845159
5.0,1,38.84742
5.75,2,38.852108
6.0,1,38.854378
5.75,2,38.859079
-2.0,1,38.861407
5.0,1,38.863853
-6.05,18,38.905391
-2.05,2,38.91021
-2.0,1,38.912559
5.0,1,38.914993
-2.05,2,38.919626
-2.05,2,38.924285
-5.25,18,38.966241
-5.25,18,39.007437
4.75,2,39.012378
-2.0,1,39.01465
5.0,1,39.017115
-2.05,2,39.02188
4.75,2,39.026584
-5.05,14,39.058078
-5.25,18,39.099406
-5.25,18,39.140422
5.75,2,39.144989
5.0,1,39.14724
-2.0,1,39.149537
-2.0,1,39.151967
-2.8,5,39.166316
4.75,2,39.170896
-5.25,18,39.215075
-2.8,5,39.22725
-2.05,2,39.232093
-5.8,17,39.273911
-5.25,18,39.31736
-2.0,1,39.319872
5.0,1,39.322611
6.0,1,39.325121
-5.05,14,39.358155
6.0,1,39.360612
-2.0,1,39.363378
-2.0,1,39.365731
5.0,1,39.368144
-2.8,5,39.37984
-2.55,4,39.389151
-2.05,2,39.393903
-5.3,15,39.429214
-2.05,2,39.433773
4.75,2,39.438327
5.75,2,39.442876
-2.05,2,39.447448
6.0,1,39.449937
-2.0,1,39.452394
5.75,2,39.457192
4.75,2,39.462178
4.75,2,39.466778
5.0,1,39.469212
-5.25,18,39.511549
-2.0,1,39.513758
-5.25,18,39.556226
5.0,1,39.558676
5.75,2,39.563474
4.75,2,39.568411
-2.3,3,39.575412
-2.05,2,39.580101
-2.3,3,41.191
6.0,1,41.193237
5.75,2,41.197744
-3.1,7,41.21334
5.75,2,41.217698
5.75,2,41.22228
6.0,1,41.224441
5.0,1,41.22675
6.0,1,41.229015
4.75,2,41.233275
-2.05,2,41.23783
-5.25,18,41.277873
-4.8,13,41.306965
6.0,1,41.309086
6.0,1,41.311149
5.0,1,41.313393
5.0,1,41.315619
6.0,1,41.317915
-5.25,18,41.358522
4.75,2,41.363185
-2.05,2,41.368134
-5.25,18,41.409402
-2.05,2,41.4139
6.0,1,41.41634
4.75,2,41.420923
5.0,1,41.423392
-2.05,2,41.428031
5.0,1,41.430442
4.75,2,41.435211
-2.0,1,41.437529
5.0,1,41.43985
-2.55,4,41.449181
-5.25,18,41.490758
-2.0,1,41.493132
-2.0,1,41.49546
-2.0,1,41.497963
5.75,2,41.502846
-3.55,8,41.521691
-2.0,1,41.523992
-5.25,18,41.565394
-2.0,1,41.567697
5.75,2,41.572218
6.0,1,41.574569
-3.55,8,41.593863
-4.05,10,41.617992
-2.0,1,41.620449
4.75,2,41.625906
5.0,1,41.628451
-2.0,1,41.630995
-4.05,10,41.655824
6.0,1,41.65822
-2.0,1,41.660573
-2.05,2,41.665078
-4.8,13,41.693747
4.75,2,41.698181
6.0,1,41.700396
6.0,1,41.702592
5.75,2,41.706952
-2.05,2,41.711365
-2.0,1,41.7135
5.0,1,41.715715
5.0,1,41.717895
5.0,1,41.720058
6.0,1,41.72229
5.0,1,41.724511
6.0,1,41.726723
-2.55,4,41.735156
6.0,1,41.737389
5.0,1,41.739614
5.0,1,41.741858
4.75,2,41.746185
-5.25,18,41.785509
-5.25,18,41.82664
6.0,1,41.828995
-2.05,2,41.833501
5.0,1,41.835915
-5.25,18,41.87708
4.75,2,41.881816
6.0,1,41.884078
-3.05,6,41.897995
4.75,2,41.902813
5.0,1,41.905279
-2.8,5,41.916826
4.75,2,41.921511
-5.25,18,41.964179
6.0,1,41.966944
-2.0,1,41.969703
-2.05,2,41.974206
6.0,1,41.976876
-2.05,2,41.982332
4.75,2,41.987411
-2.05,2,41.992539
4.75,2,41.997523
-5.25,18,42.040889
6.0,1,42.043392
-2.0,1,42.045766
-2.0,1,42.048084
-4.05,10,42.071152
6.0,1,42.073593
-2.0,1,42.075968
-2.0,1,42.078316
-2.0,1,42.080548
6.0,1,42.082816
5.0,1,42.085084
5.75,2,42.089526
6.0,1,42.091779
-2.05,2,42.096316
-2.0,1,42.098565
6.0,1,42.100813
5.0,1,42.103069
-2.0,1,42.105297
-5.25,18,42.146234
-2.8,5,42.15729
5.75,2,42.161796
-2.0,1,42.164008
-3.8,9,42.184748
4.75,2,42.18943
-2.05,2,42.193936
5.0,1,42.196206
4.75,2,42.200793
-2.0,1,42.203
-5.55,16,42.238718
-2.05,2,42.243237
-2.05,2,42.247878
-5.25,18,42.288462
-5.25,18,42.329274
-2.05,2,42.333879
-5.25,18,43.962206
4.75,2,43.966385
-2.05,2,43.970525
5.0,1,43.97264
4.75,2,43.976655
-2.0,1,43.978614
4.75,2,43.982648
5.75,2,43.986827
6.0,1,43.988903
5.0,1,43.99151
-2.0,1,43.994298
6.0,1,43.996569
5.0,1,43.998772
-5.25,18,44.038141
-2.55,4,44.046774
5.75,2,44.051144
5.75,2,44.055477
-5.25,18,44.094311
-2.0,1,44.096476
-5.25,18,44.136096
5.0,1,44.138338
-3.05,6,44.151858
6.0,1,44.15403
6.0,1,44.156172
6.0,1,44.158355
-2.0,1,44.16053
-5.25,18,44.19931
-5.25,18,44.238746
-2.55,4,44.247544
-2.0,1,44.249801
-5.25,18,44.290231
5.0,1,44.292481
-2.0,1,44.294665
5.75,2,44.298865
-2.05,2,44.303066
-2.8,5,44.313679
5.0,1,44.3158
-5.25,18,44.354164
4.75,2,44.358614
5.75,2,44.362823
-2.05,2,44.367
6.0,1,44.369123
-2.0,1,44.371242
-4.55,12,44.397872
5.75,2,44.402191
6.0,1,44.404386
-2.05,2,44.408735
5.0,1,44.411028
6.0,1,44.413314
-2.0,1,44.415563
6.0,1,44.417814
5.0,1,44.420038
-2.0,1,44.422232
-2.05,2,44.426855
-2.0,1,44.429125
5.0,1,44.431509
4.75,2,44.436052
-2.05,2,44.440582
6.0,1,44.443436
5.0,1,44.445847
-2.0,1,44.448158
-2.05,2,44.452583
-2.05,2,44.457354
5.0,1,44.460499
4.75,2,44.465204
-3.3,7,44.480768
-2.05,2,44.485366
-2.05,2,44.4899
-5.25,18,44.53072
4.75,2,44.535227
-2.05,2,44.539677
5.75,2,44.544143
5.75,2,44.54879
-2.05,2,44.553207
-2.0,1,44.555418
5.0,1,44.557738
4.75,2,44.562117
5.0,1,44.564307
6.0,1,44.566422
-2.0,1,44.568836
5.75,2,44.57308
-5.25,18,44.611391
6.0,1,44.61358
6.0,1,44.615757
5.0,1,44.617967
-3.55,8,44.634872
-2.05,2,44.639132
5.75,2,44.643466
-3.55,8,44.661046
5.0,1,44.663258
-2.05,2,44.66738
4.75,2,44.671722
-5.25,18,44.710551
5.0,1,44.712723
-2.0,1,44.714858
-2.05,2,44.719138
-2.05,2,44.723398
-2.0,1,44.725536
-2.05,2,44.72981
6.0,1,44.732105
-2.05,2,44.736481
-2.05,2,44.740886
-2.0,1,44.743043
6.0,1,44.745298
-5.25,18,44.785083
-2.0,1,44.787493
-2.05,2,44.792384
-2.05,2,44.797041
-5.55,16,44.833164
5.0,1,44.835457
-5.25,18,44.876119
-5.8,17,44.915532
5.75,2,44.920285
-2.0,1,44.922533
5.75,2,44.927045
-5.25,18,44.966989
4.75,2,44.971268
-2.05,2,44.975628
6.0,1,44.977923
5.0,1,44.980179
5.0,1,44.982363
-2.05,2,44.986505
-2.05,2,44.990952
5.0,1,44.993357
-2.05,2,44.997647
5.0,1,44.999964
5.0,1,45.002064
5.0,1,45.004283
-2.3,3,45.010715
5.0,1,45.012927
4.75,2,45.017252
6.0,1,45.019348
5.0,1,45.021512
6.0,1,45.023579
-2.8,5,45.033895
6.0,1,45.036043
-2.3,3,45.042308
-5.25,18,46.901344
-2.05,2,46.907021
5.75,2,46.912797
4.75,2,46.918262
5.75,2,46.923572
-2.0,1,46.92614
-3.55,8,46.948334
5.75,2,46.953942
-2.05,2,46.959896
5.0,1,46.963013
-2.05,2,46.969036
5.0,1,46.971915
-2.0,1,46.975568
-5.25,18,47.027643
5.75,2,47.032475
-2.0,1,47.034802
-2.0,1,47.037132
6.0,1,47.040476
-2.0,1,47.043169
6.0,1,47.045763
4.75,2,47.051154
4.75,2,47.05637
4.75,2,47.061539
5.0,1,47.064455
5.0,1,47.067933
6.0,1,47.071408
-2.05,2,47.077783
-5.25,18,47.122013
-3.8,9,47.14663
-5.25,18,47.213059
5.0,1,47.217029
6.0,1,47.221323
6.0,1,47.22578
5.75,2,47.233812
4.75,2,47.241099
4.75,2,47.24825
5.75,2,47.253613
-4.3,11,47.286625
-2.05,2,47.292521
-2.05,2,47.299129
-2.0,1,47.302157
-2.8,5,47.317542
6.0,1,47.320208
-2.05,2,47.325772
5.75,2,47.331689
-5.25,18,47.378435
6.0,1,47.380952
5.75,2,47.386162
-2.0,1,47.388708
-2.0,1,47.391368
6.0,1,47.393898
-5.25,18,47.43884
-2.05,2,47.443782
5.75,2,47.448832
-4.55,12,47.47864
5.75,2,47.483762
-2.0,1,47.486313
5.0,1,47.488997
5.75,2,47.493981
-2.0,1,47.496495
-2.05,2,47.501472
-2.05,2,47.50672
5.0,1,47.509279
5.75,2,47.514587
-2.55,4,47.525209
5.75,2,47.530486
6.0,1,47.53307
-2.05,2,47.538264
5.75,2,47.54324
-2.05,2,47.548229
-5.25,18,47.596091
4.75,2,47.601847
5.75,2,47.60758
5.75,2,47.612811
-2.55,4,47.623643
5.75,2,47.628869
5.0,1,47.631539
5.0,1,47.634454
-5.25,18,47.685991
-2.0,1,47.689195
4.75,2,47.695453
-3.3,7,47.717531
-3.05,6,47.735983
6.0,1,47.739115
-2.3,3,47.748815
-5.25,18,47.80295
-2.0,1,47.805707
5.0,1,47.809408
-2.05,2,47.815804
5.0,1,47.818791
5.0,1,47.82163
5.0,1,47.825041
4.75,2,47.832005
-2.0,1,47.835129
4.75,2,47.841672
5.0,1,47.844952
-2.0,1,47.848218
-2.55,4,47.861277
4.75,2,47.867915
-2.0,1,47.871026
6.0,1,47.874147
6.0,1,47.877793
-2.3,3,47.887856
-2.05,2,47.89405
5.75,2,47.900484
-5.25,18,47.953089
-2.8,5,47.968617
-2.05,2,47.976163
5.0,1,47.982483
5.75,2,47.9901
-2.0,1,47.994443
-2.05,2,48.001826
-2.0,1,48.00521
-2.05,2,48.011711
5.0,1,48.014824
-2.0,1,48.017452
4.75,2,48.023048
-2.05,2,48.032805
5.75,2,48.040783
-2.0,1,48.044088
5.0,1,48.047574
-2.0,1,48.05108
5.0,1,48.054608
5.0,1,48.05791
5.75,2,48.06446
-3.05,6,48.089857
-2.3,3,48.102075
5.75,2,48.11256
5.75,2,48.12107
4.75,2,48.129767
-2.8,5,48.151273
-2.05,2,48.159595
-2.0,1,48.164355
6.0,1,48.168521
-2.3,3,48.18393
5.0,1,48.188482
4.75,2,48.199049
6.0,1,48.204867
5.0,1,48.210512
6.0,1,48.215879
-5.3,15,48.278152
-5.25,18,48.34294
-2.0,1,48.346133
-2.0,1,48.349479
-2.0,1,48.35333
-5.55,16,48.405829
-2.0,1,48.408934
-2.05,2,48.414623
-4.8,13,48.453641
-2.0,1,48.457027
5.0,1,48.460275
4.75,2,48.467029
5.75,2,48.473607
-2.05,2,48.479958
5.75,2,48.48593
-2.0,1,48.488823
6.0,1,48.491957
5.0,1,48.495808
-2.0,1,50.54979
-2.05,2,50.555777
5.75,2,50.562078
-2.55,4,50.573154
-2.55,4,50.585001
-2.05,2,50.591616
-2.0,1,50.595052
5.0,1,50.599067
-2.0,1,50.602486
4.75,2,50.608701
4.75,2,50.614845
-3.55,8,50.637457
-4.3,11,50.666175
-2.55,4,50.676895
5.0,1,50.679562
5.75,2,50.684834
5.0,1,50.687478
4.75,2,50.692901
4.75,2,50.698126
-5.25,18,50.745144
4.75,2,50.750699
-2.0,1,50.753363
4.75,2,50.759121
6.0,1,50.761806
-5.8,17,50.807865
5.75,2,50.813362
-2.55,4,50.823808
5.0,1,50.826494
-2.0,1,50.829085
-2.05,2,50.834241
6.0,1,50.836924
4.75,2,50.842293
6.0,1,50.844928
5.75,2,50.850155
-5.25,18,50.897689
-2.05,2,50.902906
5.0,1,50.905661
-2.0,1,50.908275
4.75,2,50.91354
5.75,2,50.91891
4.75,2,50.924605
-2.0,1,50.927816
5.75,2,50.933416
6.0,1,50.93607
-2.55,4,50.946653
-2.05,2,50.951873
6.0,1,50.954593
5.75,2,50.960065
5.0,1,50.962751
5.0,1,50.96541
-2.05,2,50.970777
5.75,2,50.976106
-5.25,18,51.025452
-2.05,2,51.030715
5.0,1,51.033983
-2.0,1,51.036411
4.75,2,51.041251
-2.0,1,51.0436
4.75,2,51.048493
4.75,2,51.053473
5.0,1,51.056011
6.0,1,51.058556
-2.05,2,51.063344
5.0,1,51.066002
4.75,2,51.070854
5.75,2,51.076092
4.75,2,51.082325
-2.05,2,51.086594
5.0,1,51.088863
5.0,1,51.091266
-2.05,2,51.096701
-2.05,2,51.101456
-2.0,1,51.103676
4.75,2,51.108414
-2.0,1,51.11113
6.0,1,51.113546
4.75,2,51.118395
4.75,2,51.123483
-5.25,18,51.186084
-2.05,2,51.194734
-2.55,4,51.206077
4.75,2,51.21115
5.75,2,51.216478
5.0,1,51.219241
4.75,2,51.224924
-2.55,4,51.236044
4.75,2,51.241197
-2.05,2,51.24621
-2.05,2,51.251245
5.75,2,51.257004
-2.05,2,51.26335
-2.0,1,51.266514
5.75,2,51.271794
6.0,1,51.274367
-2.8,5,51.28609
6.0,1,51.288635
5.0,1,51.291037
5.75,2,51.295833
5.0,1,51.298458
6.0,1,51.300977
-2.0,1,51.303516
5.0,1,51.305979
5.0,1,51.308525
-3.55,8,51.328789
6.0,1,51.331287
6.0,1,51.333882
4.75,2,51.338886
-5.25,18,51.382842
4.75,2,51.38751
6.0,1,51.389889
4.75,2,51.394733
-5.25,18,51.43739
-2.05,2,51.442432
4.75,2,51.44722
5.75,2,51.452077
6.0,1,51.454516
4.75,2,51.459514
-2.0,1,51.462037
-2.05,2,51.466714
-2.05,2,51.471441
-2.0,1,51.473795
6.0,1,51.476385
-2.05,2,51.481678
-2.05,2,51.487584
-5.25,18,51.544577
-2.55,4,51.554313
5.0,1,51.556883
5.75,2,51.562786
-5.25,18,51.6243
-5.25,18,51.674825
-2.05,2,51.680208
4.75,2,51.685836
-2.05,2,51.691262
-2.0,1,51.694034
-4.05,10,51.719429
-2.05,2,51.724644
5.75,2,51.729983
-5.25,18,51.780114
4.75,2,51.785524
-2.05,2,51.791016
5.0,1,51.793834
5.0,1,51.796543
5.0,1,51.799198
5.0,1,51.801814
4.75,2,51.807204
5.75,2,51.812515
-2.05,2,51.818275
5.75,2,51.823825
-3.55,8,51.847773
6.0,1,51.850943
-2.0,1,51.853473
4.75,2,51.85881
-2.0,1,51.861566
-2.3,3,51.883318
-5.25,18,51.930679
5.0,1,51.933161
5.0,1,51.935652
-2.0,1,51.938238
-2.05,2,51.944002
6.0,1,51.946965
-2.0,1,51.949834
5.75,2,51.954898
5.75,2,51.960225
5.0,1,51.964007
4.75,2,53.751202
-2.05,2,53.755845
-2.0,1,53.758177
5.0,1,53.760613
-3.3,7,53.777137
-2.05,2,53.783039
5.0,1,53.786406
4.75,2,53.791183
-5.25,18,53.834532
-5.25,18,53.876937
-2.0,1,53.879216
5.75,2,53.884141
5.0,1,53.886603
5.0,1,53.889059
5.75,2,53.895002
-3.3,7,53.914322
-2.05,2,53.919675
6.0,1,53.922345
5.0,1,53.925034
5.0,1,53.927669
-2.8,5,53.940548
6.0,1,53.943264
6.0,1,53.945969
5.75,2,53.951236
-3.05,6,53.967095
-2.0,1,53.969744
6.0,1,53.972505
-2.8,5,53.985503
-2.0,1,53.988158
4.75,2,53.993504
-2.05,2,53.998761
-2.05,2,54.004199
-2.0,1,54.006925
5.75,2,54.012196
5.75,2,54.017269
5.0,1,54.020016
-2.05,2,54.02535
5.0,1,54.028029
5.75,2,54.033401
-2.05,2,54.038626
-2.0,1,54.041422
6.0,1,54.044117
4.75,2,54.049349
5.75,2,54.054552
5.0,1,54.057174
-2.0,1,54.059748
-2.05,2,54.064933
-5.25,18,54.112668
-2.0,1,54.115297
-2.0,1,54.1179
-4.8,13,54.15392
-4.8,13,54.191095
5.0,1,54.194207
-2.0,1,54.197069
-2.0,1,54.20013
5.0,1,54.203335
4.75,2,54.209059
5.75,2,54.214559
5.75,2,54.21945
-2.55,4,54.230109
5.0,1,54.233104
6.0,1,54.235869
-2.0,1,54.238542
-5.25,18,54.286154
5.75,2,54.291218
-5.25,18,54.337034
4.75,2,54.342513
-2.0,1,54.345084
5.75,2,54.35019
-2.55,4,54.360664
4.75,2,54.365877
-2.05,2,54.370979
5.0,1,54.373537
4.75,2,54.37858
-2.05,2,54.383851
5.0,1,54.386592
5.75,2,54.391715
4.75,2,54.397019
-2.0,1,54.399538
-5.25,18,54.446922
5.75,2,54.452096
4.75,2,54.45734
6.0,1,54.460082
-2.0,1,54.462694
5.0,1,54.465358
4.75,2,54.471002
-5.25,18,54.516749
-2.0,1,54.519474
-2.0,1,54.522287
5.0,1,54.525325
6.0,1,54.52869
5.75,2,54.534662
6.0,1,54.537449
5.75,2,54.54284
6.0,1,54.545634
6.0,1,54.548127
-2.0,1,54.550625
-2.05,2,54.555945
6.0,1,54.55864
5.75,2,54.564341
-2.0,1,54.567037
-2.3,3,54.575016
-2.0,1,54.577773
-2.05,2,54.58457
6.0,1,54.588273
6.0,1,54.591234
-3.55,8,54.613902
5.0,1,54.61688
5.75,2,54.623082
-2.05,2,54.628208
-2.05,2,54.633236
5.75,2,54.638985
-5.25,18,54.689803
-2.0,1,54.692436
-2.0,1,54.695098
-2.0,1,54.697835
6.0,1,54.700567
5.75,2,54.706476
-2.05,2,54.712176
-2.8,5,54.727137
6.0,1,54.730212
-2.3,3,54.73897
-2.05,2,54.745043
-2.05,2,54.75102
-2.0,1,54.753824
-3.55,8,54.777231
-2.0,1,54.78016
-2.0,1,54.783511
-2.0,1,54.786667
-3.05,6,54.80402
-5.25,18,54.853659
-2.0,1,54.856642
-2.05,2,54.862225
4.75,2,54.867501
4.75,2,54.872826
4.75,2,54.878217
4.75,2,54.883569
-2.0,1,54.886196
-2.0,1,54.888809
-2.8,5,54.902162
-2.0,1,54.904734
4.75,2,54.909937
3.95,10,54.94085
5.0,1,54.944859
-4.05,10,54.971401
5.75,2,54.982056
-2.0,1,54.987384
-2.05,2,54.998074
4.75,2,55.006275
-5.25,18,55.065614
-2.05,2,55.070952
-2.0,1,55.074518
-3.8,9,55.110219
5.0,1,55.116605
-2.05,2,55.127982
5.75,2,55.13706
-2.0,1,55.141417
6.0,1,55.145069
6.0,1,55.149102
5.0,1,55.152636
-4.05,10,55.187984
-2.0,1,55.191709
4.75,2,57.02037
-2.0,1,57.022304
-2.05,2,57.026746
4.75,2,57.030898
5.0,1,57.033015
5.0,1,57.035037
-2.55,4,57.042864
6.0,1,57.04494
5.75,2,57.048906
-5.3,15,57.078415
-5.25,18,57.115164
-2.0,1,57.117204
-5.25,18,57.153457
6.0,1,57.155544
5.75,2,57.15965
-2.0,1,57.161623
6.0,1,57.163693
-2.0,1,57.165703
-2.0,1,57.167684
-2.0,1,57.169642
5.0,1,57.171696
-2.0,1,57.173747
-5.25,18,57.211408
-2.05,2,57.215677
5.75,2,57.22042
5.0,1,57.222673
-5.25,18,57.263596
6.0,1,57.26576
5.0,1,57.26798
-2.3,3,57.274553
4.75,2,57.27893
5.0,1,57.281199
-2.0,1,57.283306
5.75,2,57.287555
-2.0,1,57.289723
5.0,1,57.291873
-2.05,2,57.296131
-2.0,1,57.298315
5.0,1,57.300457
5.75,2,57.304701
-3.55,8,57.321746
-2.55,4,57.330157
-2.0,1,57.332192
-2.0,1,57.334261
5.0,1,57.336422
-2.3,3,57.342795
-2.8,5,57.35366
-2.05,2,57.358027
5.75,2,57.362226
-2.05,2,57.366353
-2.0,1,57.368517
-2.0,1,57.370651
4.75,2,57.374886
4.75,2,57.379166
5.0,1,57.381346
-2.0,1,57.383456
-2.0,1,57.385614
-2.3,3,57.391946
6.0,1,57.394118
5.75,2,57.398413
4.75,2,57.402835
-2.0,1,57.405027
5.75,2,57.409341
6.0,1,57.411494
-2.0,1,57.413635
4.75,2,57.417917
6.0,1,57.420115
-2.0,1,57.42237
-2.05,2,57.426867
-2.05,2,57.431313
5.75,2,57.435673
-2.05,2,57.440017
5.75,2,57.444359
4.75,2,57.448681
-2.55,4,57.45721
6.0,1,57.459376
5.0,1,57.461557
5.75,2,57.46579
-2.05,2,57.469931
5.75,2,57.474177
-2.05,2,57.47832
4.75,2,57.482602
-3.55,8,57.499564
-2.0,1,57.50193
-2.0,1,57.504308
6.0,1,57.506712
-2.0,1,57.509062
5.75,2,57.513711
-6.05,18,57.553574
-2.05,2,57.559151
4.75,2,57.563697
5.0,1,57.56586
-2.0,1,57.567899
-2.0,1,57.56992
-5.25,18,57.606076
-2.55,4,57.614064
5.0,1,57.616203
6.0,1,57.618241
6.0,1,57.620269
-2.0,1,57.622237
6.0,1,57.624472
-2.0,1,57.626419
-4.8,13,57.652108
4.75,2,57.656211
-5.3,15,57.686106
6.0,1,57.688116
5.0,1,57.69014
6.0,1,57.692067
5.75,2,57.695999
5.75,2,57.69999
5.0,1,57.702037
6.0,1,57.704011
-2.0,1,57.70595
-2.0,1,57.707954
5.75,2,57.712006
5.0,1,57.71405
-5.25,18,57.750089
6.0,1,57.752197
5.0,1,57.754229
-2.0,1,57.756303
-2.05,2,57.760399
-5.25,18,57.79623
-2.0,1,57.79831
6.0,1,57.800617
5.0,1,57.802763
4.75,2,57.807361
-2.05,2,57.811607
5.75,2,57.815979
-3.05,6,57.828829
4.75,2,57.833093
-4.3,11,57.85643
-2.05,2,57.860621
-2.05,2,57.864849
5.0,1,57.866953
5.75,2,57.871161
-2.0,1,57.873219
-3.3,7,57.889177
5.75,2,57.894449
5.75,2,57.899183
5.75,2,57.903889
-2.05,2,57.908618
-2.0,1,57.911001
6.0,1,57.913435
5.75,2,57.918098
-5.25,18,57.961445
4.75,2,57.966203
-2.05,2,57.97091
5.0,1,57.973382
-2.05,2,57.978188
-2.05,2,57.982817
6.0,1,57.985259
5.75,2,57.99009
-2.0,1,57.992487
-2.05,2,57.997225
5.0,1,57.999639
-2.0,1,58.002032
-2.3,3,58.009145
-5.25,18,58.053998
5.75,2,58.058928
4.75,2,58.06387
-2.0,1,58.06629
-2.0,1,58.06864
-2.0,1,58.071047
4.75,2,58.076003
5.0,1,58.078507
5.75,2,58.083777
5.0,1,58.086223
5.0,1,58.088758
-5.25,18,59.852453
-5.55,16,59.887387
-4.55,12,59.913456
6.0,1,59.915606
-2.0,1,59.917784
5.75,2,59.92216
6.0,1,59.924334
-2.0,1,59.926595
-2.05,2,59.930858
6.0,1,59.933104
-2.55,4,59.941747
-3.3,7,59.957054
5.0,1,59.959347
-3.55,8,59.976736
-2.0,1,59.978995
5.0,1,59.981199
-2.05,2,59.985408
5.0,1,59.98762
-2.05,2,59.992056
4.75,2,59.996435
5.0,1,59.998665
5.0,1,60.000867
6.0,1,60.003108
-2.3,3,60.009605
-2.05,2,60.014213
5.75,2,60.019649
-2.0,1,60.022269
-2.3,3,60.030329
-2.05,2,60.035584
5.0,1,60.038304
-2.8,5,60.052605
5.0,1,60.05555
-2.0,1,60.05847
-3.3,7,60.07909
6.0,1,60.082076
-2.0,1,60.084885
-2.0,1,60.087819
-2.8,5,60.102464
4.75,2,60.108669
-2.0,1,60.111463
-2.55,4,60.123071
6.0,1,60.126127
-2.0,1,60.129097
-5.8,17,60.175143
5.0,1,60.177634
5.0,1,60.180084
-5.25,18,60.223613
4.75,2,60.228553
-2.8,5,60.240706
5.75,2,60.245482
4.75,2,60.250215
6.0,1,60.252675
-2.0,1,60.255009
4.75,2,60.259919
-2.0,1,60.262383
-2.0,1,60.26486
-3.05,6,60.279716
-2.05,2,60.284703
-2.05,2,60.289645
-2.0,1,60.292132
-2.0,1,60.294741
-3.55,8,60.314766
-2.0,1,60.317359
4.75,2,60.322313
-2.0,1,60.324906
5.0,1,60.327561
-2.05,2,60.332461
-5.25,18,60.378228
6.0,1,60.380769
5.75,2,60.385802
6.0,1,60.388294
-2.0,1,60.390934
6.0,1,60.393613
5.0,1,60.396306
-2.0,1,60.398849
6.0,1,60.401517
-2.0,1,60.403945
5.75,2,60.409016
5.0,1,60.411507
-5.25,18,60.455328
6.0,1,60.45785
5.75,2,60.462761
6.0,1,60.465235
6.0,1,60.467702
4.75,2,60.472718
6.0,1,60.475236
-5.25,18,60.520239
-2.05,2,60.525514
-2.05,2,60.5308
-2.05,2,60.536152
5.75,2,60.541502
5.0,1,60.544216
-5.25,18,60.591567
5.75,2,60.596379
-2.05,2,60.601126
-2.0,1,60.603572
-2.1,3,60.610859
-3.3,7,60.627797
4.75,2,60.63292
6.0,1,60.63542
5.0,1,60.637968
-2.0,1,60.640348
5.75,2,60.645116
6.0,1,60.647508
-2.0,1,60.649853
-5.25,18,60.691311
-2.0,1,60.693606
5.0,1,60.695906
-4.05,10,60.718193
-2.0,1,60.720417
5.0,1,60.722765
-2.0,1,60.724984
-2.0,1,60.727265
-2.0,1,60.729605
5.75,2,60.734099
5.75,2,60.739072
-2.05,2,60.743664
5.0,1,60.746014
-2.0,1,60.748343
-2.05,2,60.752784
5.75,2,60.75729
-2.0,1,60.75955
-2.0,1,60.761883
5.0,1,60.764349
5.0,1,60.76678
-2.0,1,60.769037
-2.05,2,60.773803
5.75,2,60.778462
5.0,1,60.780822
4.75,2,60.785392
6.0,1,60.787674
4.75,2,60.792246
5.0,1,60.794593
-2.0,1,60.796847
-2.05,2,60.801367
-3.05,6,60.815248
5.0,1,60.8176
4.75,2,60.822278
6.0,1,60.824697
-2.0,1,60.826934
5.75,2,60.831636
4.75,2,60.836229
4.75,2,60.840909
-5.8,17,60.879881
-2.8,5,60.891063
-3.05,6,60.906406
5.0,1,60.909046
5.75,2,60.914098
4.75,2,60.919108
-2.0,1,60.921546
5.0,1,60.924067
-2.0,1,60.926518
-2.0,1,60.928921
-2.0,1,60.931358
-2.05,2,60.936393
5.0,1,60.938901
-2.05,2,60.94378
6.0,1,60.946349
-2.3,3,60.953756
-2.05,2,60.958525
-2.05,2,60.963418
6.0,1,60.966054
5.75,2,60.970899
-2.0,1,60.973318
-2.0,1,60.975742
4.75,2,60.980633
6.0,1,60.983099
-2.05,2,60.988046
-5.25,18,61.033498
4.75,2,61.038839
-2.05,2,61.044169
5.75,2,61.049398
5.75,2,61.054686
-2.0,1,61.057327
5.75,2,61.062614
4.75,2,61.06781
5.0,1,61.07033
-2.0,1,61.072752
5.75,2,61.077519
-5.25,18,62.582361
5.75,2,62.586245
-2.05,2,62.590152
6.0,1,62.59216
-2.0,1,62.594113
-5.8,17,62.62823
-2.0,1,62.630333
5.75,2,62.634276
4.75,2,62.638238
-2.55,4,62.646141
5.75,2,62.65038
-3.05,6,62.66243
-2.0,1,62.664514
-2.0,1,62.666559
6.0,1,62.668697
-2.05,2,62.672602
4.45,8,62.68861
-2.0,1,62.690588
4.75,2,62.694553
-2.05,2,62.69842
6.0,1,62.700585
-2.05,2,62.704545
-2.05,2,62.708522
5.0,1,62.710502
5.75,2,62.714664
6.0,1,62.716748
6.0,1,62.718763
5.75,2,62.722853
-2.05,2,62.726878
4.75,2,62.730929
-2.05,2,62.734771
5.0,1,62.736761
6.0,1,62.738685
-2.0,1,62.740594
5.0,1,62.74261
-2.0,1,62.744627
6.0,1,62.746622
5.0,1,62.748601
-3.55,8,62.76454
5.0,1,62.766691
5.0,1,62.768772
6.0,1,62.771193
-2.0,1,62.77386
5.75,2,62.777791
5.0,1,62.779785
-5.25,18,62.815567
-2.05,2,62.819566
-2.0,1,62.821658
-2.0,1,62.823611
5.0,1,62.825721
-4.05,10,62.845759
-2.05,2,62.849921
-2.0,1,62.851945
5.75,2,62.85605
-2.0,1,62.858102
6.0,1,62.860162
6.0,1,62.862236
-2.0,1,62.864278
5.75,2,62.868326
6.0,1,62.870369
-2.05,2,62.874532
-2.05,2,62.878556
5.75,2,62.882564
5.75,2,62.886587
4.75,2,62.890729
6.0,1,62.892804
-2.0,1,62.89484
5.0,1,62.896958
4.75,2,62.900999
-2.05,2,62.904881
4.75,2,62.909043
5.0,1,62.911136
-2.05,2,62.915252
5.75,2,62.919805
4.75,2,62.925188
-2.0,1,62.927139
5.0,1,62.929274
-2.0,1,62.931562
4.75,2,62.936045
-2.0,1,62.938281
-2.05,2,62.942718
5.0,1,62.945001
5.0,1,62.947231
6.0,1,62.949506
-2.55,4,62.958239
-2.0,1,62.960407
-2.05,2,62.964808
-2.0,1,62.967054
-2.05,2,62.971432
4.75,2,62.975904
5.0,1,62.978092
4.75,2,62.982566
-2.0,1,62.984734
4.75,2,62.989115
-2.0,1,62.991324
4.75,2,62.995708
5.75,2,63.000216
4.75,2,63.004642
5.0,1,63.006902
-2.0,1,63.009084
-2.0,1,63.011291
-2.0,1,63.01355
5.0,1,63.015841
-2.0,1,63.01801
-2.05,2,63.022439
-2.0,1,63.024775
-2.3,3,63.031081
5.0,1,63.033297
5.0,1,63.035382
-2.05,2,63.039418
-5.25,18,63.076543
-2.0,1,63.078633
-2.0,1,63.080679
6.0,1,63.08274
-5.25,18,63.119527
6.0,1,63.121636
-2.0,1,63.123745
-2.05,2,63.127842
-5.25,18,63.164891
-2.0,1,63.166911
-2.0,1,63.168963
4.75,2,63.173195
5.0,1,63.175243
-5.25,18,63.211437
-2.3,3,63.217628
-2.0,1,63.219611
-2.0,1,63.221662
-2.0,1,63.223671
-2.05,2,63.227651
6.0,1,63.229722
5.0,1,63.231801
-5.25,18,63.268764
6.0,1,63.270886
6.0,1,63.27302
6.0,1,63.275084
-2.05,2,63.279151
-2.05,2,63.283217
-2.0,1,63.285371
6.0,1,63.287495
-2.0,1,63.28954
5.75,2,63.293752
6.0,1,63.29585
4.75,2,63.300053
-2.0,1,63.302161
-2.05,2,63.30624
-2.05,2,63.310375
5.0,1,63.312541
-2.0,1,63.314584
5.0,1,63.316738
-2.05,2,63.320772
-2.05,2,63.324885
5.75,2,63.32888
-2.0,1,63.330853
6.0,1,63.332872
-2.0,1,63.334873
-2.05,2,63.338764
-5.25,18,63.374855
6.0,1,63.376931
5.75,2,63.381015
-2.0,1,63.383054
5.75,2,63.387231
5.75,2,63.391311
-2.0,1,63.393342
5.75,2,63.397457
5.75,2,63.401576
5.0,1,63.403592
-2.05,2,63.407593
6.0,1,63.40964
5.0,1,63.411668
-5.05,14,63.439918
5.0,1,63.442045
-2.0,1,63.444044
5.0,1,63.446087
4.75,2,63.450158
5.75,2,63.454149
-2.05,2,63.458211
-2.0,1,63.460177
6.0,1,63.46229
-2.0,1,63.46425
4.75,2,63.468394
5.0,1,63.470657
-2.8,5,63.480949
-2.0,1,63.482945
5.0,1,63.485076
-2.55,4,63.493245
-2.8,5,63.503236
4.75,2,63.50732
4.75,2,63.511596
4.75,2,63.515734
4.75,2,63.519748
4.75,2,63.523731
4.75,2,63.527626
-2.05,2,63.531454
6.0,1,63.533471
5.0,1,63.535371
-2.05,2,63.53923
4.75,2,63.543188
-2.05,2,63.547125
5.75,2,63.551323
5.75,2,63.555227
6.0,1,63.557272
6.0,1,63.55933
5.0,1,63.56143
6.0,1,63.563428
6.0,1,63.565478
-2.0,1,63.567514
5.75,2,63.571766
-2.05,2,63.575934
5.75,2,63.580233
4.75,2,63.584658
-2.0,1,63.586767
-2.0,1,63.588976
6.0,1,63.5912
-2.3,3,63.597477
-5.05,14,65.236953
-2.0,1,65.239183
6.0,1,65.241508
5.0,1,65.243765
6.0,1,65.246035
-2.05,2,65.250393
-2.0,1,65.252614
-2.0,1,65.254808
5.0,1,65.257067
-2.0,1,65.259279
-2.0,1,65.26177
-2.05,2,65.266415
6.0,1,65.268714
5.0,1,65.270967
-4.05,10,65.293441
4.75,2,65.297886
5.75,2,65.302296
-2.0,1,65.304554
6.0,1,65.30693
-2.05,2,65.311402
-2.55,4,65.320494
5.75,2,65.325099
-2.05,2,65.329554
-2.0,1,65.331765
-2.05,2,65.336191
5.0,1,65.338417
-2.05,2,65.342762
4.75,2,65.347195
-2.8,5,65.358094
5.0,1,65.360392
-2.55,4,65.369133
-3.05,6,65.382373
5.75,2,65.386956
-2.0,1,65.389303
-3.3,7,65.40537
6.0,1,65.40777
4.75,2,65.412252
-2.0,1,65.414552
-2.05,2,65.418987
4.75,2,65.423568
5.0,1,65.425892
5.75,2,65.430625
6.0,1,65.432984
-2.05,2,65.437484
5.75,2,65.442242
4.75,2,65.44696
5.0,1,65.449311
6.0,1,65.451677
4.75,2,65.456179
5.75,2,65.460721
6.0,1,65.463127
-2.05,2,65.468074
6.0,1,65.470479
5.75,2,65.475172
5.75,2,65.479859
6.0,1,65.482192
-5.25,18,65.523749
5.0,1,65.526103
5.0,1,65.528551
-2.0,1,65.530847
-2.0,1,65.533193
-2.05,2,65.537787
-2.05,2,65.542497
5.75,2,65.547246
6.0,1,65.549593
5.0,1,65.551942
5.0,1,65.554349
6.0,1,65.556705
-5.05,18,65.59881
5.75,2,65.603528
5.75,2,65.608071
-6.05,18,65.649189
-2.8,5,65.660438
-2.05,2,65.66499
-2.05,2,65.669669
-2.3,3,65.6766
-5.25,18,65.717873
5.0,1,65.720191
-2.05,2,65.725128
-2.0,1,65.727462
-2.0,1,65.730018
5.75,2,65.735201
-2.55,4,65.74484
5.75,2,65.74975
5.75,2,65.754622
-2.0,1,65.757087
-2.0,1,65.759517
-2.05,2,65.764819
-2.0,1,65.767271
-2.0,1,65.769866
5.0,1,65.772422
-2.3,3,65.779486
5.0,1,65.781845
5.75,2,65.786373
-2.0,1,65.788685
-2.05,2,65.793201
-3.55,8,65.811589
-2.55,4,65.820516
5.75,2,65.825132
4.75,2,65.829729
5.0,1,65.831975
6.0,1,65.834264
-2.05,2,65.838797
-2.0,1,65.841021
4.75,2,65.84561
6.0,1,65.847832
5.75,2,65.852361
-3.05,6,65.866647
-2.0,1,65.869311
5.0,1,65.871845
4.75,2,65.877093
-2.0,1,65.87965
5.75,2,65.884694
-2.0,1,65.887209
5.0,1,65.889734
-2.05,2,65.894576
-6.05,18,65.938698
-5.25,18,65.983228
6.0,1,65.985758
-5.25,18,66.029544
4.75,2,66.03441
4.75,2,66.039314
6.0,1,66.041826
-2.05,2,66.046655
4.75,2,66.051678
4.75,2,66.056523
-2.0,1,66.058998
4.75,2,66.063937
5.4,5,66.076241
-2.0,1,66.07863
5.0,1,66.081166
-2.3,3,66.088397
-2.05,2,66.093153
-2.55,4,66.102614
-2.0,1,66.104997
5.0,1,66.107462
-2.0,1,66.109854
4.75,2,66.114901
-2.0,1,66.117358
5.0,1,66.119877
-2.0,1,66.122327
5.75,2,66.12722
5.75,2,66.132119
5.0,1,66.134675
-2.0,1,66.137128
5.0,1,66.139657
-2.55,4,66.149287
5.0,1,66.151828
-2.05,2,66.156755
6.0,1,66.15925
5.0,1,66.161729
6.0,1,66.1642
-2.05,2,66.168961
-3.55,8,66.188239
-3.3,7,66.205413
5.0,1,66.207825
5.75,2,66.212744
6.0,1,66.21519
6.0,1,66.217649
-2.3,3,66.224785
6.0,1,66.227185
-2.05,2,66.231924
-5.55,16,66.270269
4.75,2,66.275249
6.0,1,66.277688
-2.0,1,66.280055
6.0,1,66.282506
5.0,1,66.28498
5.0,1,66.287433
-2.05,2,66.292384
4.75,2,66.297443
-2.05,2,66.30233
6.0,1,66.304856
4.75,2,66.309725
-2.05,2,66.314568
-3.05,6,66.328916
-2.05,2,66.333776
-2.0,1,66.33625
5.75,2,66.341138
-2.05,2,66.346057
-2.05,2,66.350899
6.0,1,66.353449
6.0,1,66.355851
-5.25,18,66.39853
-2.0,1,66.400891
-2.3,3,66.408057
-2.0,1,66.410478
-2.0,1,66.413044
5.75,2,66.417941
-2.0,1,66.420301
5.0,1,66.422714
6.0,1,66.425329
-2.05,2,66.430136
-2.0,1,66.43261
-3.3,7,68.191805
6.0,1,68.194367
5.75,2,68.19926
-2.05,2,68.204096
5.0,1,68.206776
-2.6,5,68.218824
-2.3,3,68.226231
-2.0,1,68.228756
-2.0,1,68.231096
5.0,1,68.233619
5.75,2,68.238678
-5.25,18,68.283469
-2.0,1,68.285945
-2.0,1,68.288496
-2.0,1,68.29118
5.0,1,68.293658
6.0,1,68.295996
-2.05,2,68.300735
-3.55,8,68.319704
6.0,1,68.322305
-2.05,2,68.327299
6.0,1,68.329914
-2.0,1,68.332419
-2.0,1,68.33489
-2.05,2,68.339755
-2.05,2,68.345024
-2.05,2,68.350096
-2.0,1,68.352615
4.75,2,68.357874
-2.0,1,68.360223
-2.0,1,68.362714
5.75,2,68.367689
-2.05,2,68.372562
-2.0,1,68.374924
4.75,2,68.380121
5.0,1,68.382592
-2.0,1,68.384888
5.75,2,68.389614
-2.0,1,68.391854
-2.0,1,68.394008
-2.0,1,68.396136
-4.05,10,68.417166
5.0,1,68.419457
-2.0,1,68.421543
5.75,2,68.425633
-2.05,2,68.429572
4.75,2,68.433698
6.0,1,68.435689
5.0,1,68.437752
-2.0,1,68.439726
5.0,1,68.441772
-2.05,2,68.44577
-2.0,1,68.447688
-2.0,1,68.449747
6.0,1,68.451854
-2.0,1,68.453843
6.0,1,68.455889
5.0,1,68.457981
4.75,2,68.462185
-5.25,18,68.497385
4.75,2,68.501337
5.75,2,68.505326
-2.0,1,68.50718
5.75,2,68.511005
5.0,1,68.51293
4.75,2,68.516792
5.0,1,68.518688
-2.0,1,68.520564
4.75,2,68.524463
5.9,3,68.530157
6.0,1,68.532023
4.75,2,68.535521
-2.05,2,68.539017
-4.3,11,68.558045
-2.0,1,68.559774
-5.25,18,68.591113
-2.0,1,68.592859
6.0,1,68.594617
5.75,2,68.598046
-2.0,1,68.599707
-5.25,18,68.6308
6.0,1,68.632658
-2.0,1,68.634401
6.0,1,68.63618
6.0,1,68.637987
-2.0,1,68.639681
-2.0,1,68.641533
6.0,1,68.643363
-2.0,1,68.645089
6.0,1,68.6469
4.75,2,68.650434
-2.0,1,68.652167
6.0,1,68.653908
5.0,1,68.65564
5.75,2,68.659066
-2.0,1,68.66076
-2.05,2,68.664111
-2.05,2,68.667519
-2.0,1,68.669287
-2.05,2,68.672731
-5.55,16,68.700307
-4.55,12,68.721326
4.75,2,68.724863
6.0,1,68.726675
5.75,2,68.730158
6.0,1,68.731878
-2.0,1,68.733604
-2.55,4,68.740582
5.0,1,68.74234
-3.3,7,68.754373
6.0,1,68.756082
5.75,2,68.7596
-4.05,10,68.776667
-2.55,4,68.783654
-2.05,2,68.787218
5.75,2,68.790891
-2.05,2,68.794397
5.0,1,68.796293
-2.0,1,68.798
-2.0,1,68.799867
-2.05,2,68.803631
-2.8,5,68.812959
-5.25,18,68.84616
4.75,2,68.849911
4.75,2,68.853665
-2.05,2,68.857415
-5.25,18,68.890337
-2.0,1,68.89213
5.75,2,68.895717
5.75,2,68.899329
6.0,1,68.901182
5.0,1,68.902992
6.0,1,68.90477
6.0,1,68.906572
-2.05,2,68.910163
-2.05,2,68.913932
-3.55,8,68.928592
4.75,2,68.932426
-2.0,1,68.934253
4.75,2,68.937818
6.0,1,68.939607
5.0,1,68.941518
4.75,2,68.94524
-2.0,1,68.947016
5.0,1,68.949004
-2.3,3,68.954529
-2.0,1,68.956353
-2.0,1,68.958144
3.9,11,68.978498
5.75,2,68.982179
4.75,2,68.98594
-2.0,1,68.98773
4.75,2,68.991433
5.75,2,68.995169
-2.0,1,68.996987
5.0,1,68.998816
5.0,1,69.000677
-2.05,2,69.004254
4.75,2,69.007893
5.75,2,69.011518
5.0,1,69.013449
4.75,2,69.017293
-4.05,10,69.035812
5.0,1,69.037747
-2.0,1,69.039587
6.0,1,69.041476
-2.05,2,69.045223
-2.0,1,69.047033
-2.05,2,69.050792
-5.25,18,69.09106
6.0,1,69.093456
-2.0,1,69.095752
-2.3,3,69.103356
-2.0,1,69.105799
-2.0,1,69.108299
-2.55,4,69.118005
-5.25,18,69.161091
6.0,1,69.16325
6.0,1,69.165491
5.95,2,69.169913
-3.3,7,69.18559
5.0,1,69.188343
5.0,1,69.190803
-2.05,2,69.195669
6.0,1,69.198213
-2.0,1,69.200621
-2.0,1,69.203084
6.0,1,70.733635
4.75,2,70.73889
-2.05,2,70.743568
-3.55,8,70.762157
-2.05,2,70.767193
-3.55,8,70.786035
-2.0,1,70.788434
-2.05,2,70.793155
-2.0,1,70.795556
-2.0,1,70.797943
-2.0,1,70.800334
-2.0,1,70.802688
5.75,2,70.807627
5.0,1,70.810349
-5.25,18,70.852849
-2.0,1,70.855193
4.75,2,70.859993
5.0,1,70.862508
-2.8,5,70.874205
4.75,2,70.878989
5.0,1,70.881482
-2.0,1,70.883987
6.0,1,70.886679
5.0,1,70.889271
-2.0,1,70.891662
-2.05,2,70.896621
5.0,1,70.899057
5.75,2,70.90372
-2.0,1,70.906286
-2.05,2,70.910953
5.75,2,70.915616
5.75,2,70.92028
5.75,2,70.925097
-2.0,1,70.927441
-5.8,17,70.968693
4.75,2,70.973534
5.0,1,70.975946
6.0,1,70.978405
-2.0,1,70.980934
5.75,2,70.985773
4.75,2,70.990562
-2.8,5,71.002323
5.0,1,71.004802
-2.05,2,71.009638
-3.3,7,71.027171
5.0,1,71.029648
6.0,1,71.032054
-2.0,1,71.034601
-3.3,7,71.052551
5.0,1,71.055319
-2.0,1,71.057988
5.75,2,71.063244
-2.0,1,71.066104
5.0,1,71.068793
-2.0,1,71.071348
-2.55,4,71.081902
-2.05,2,71.087157
5.75,2,71.092434
5.0,1,71.095027
4.75,2,71.100379
5.0,1,71.103025
-2.05,2,71.108317
6.0,1,71.110995
5.0,1,71.11365
6.0,1,71.116271
-2.0,1,71.118843
6.0,1,71.121458
-2.05,2,71.126521
-2.05,2,71.131632
-2.55,4,71.141769
5.0,1,71.144417
-2.0,1,71.147073
6.0,1,71.15
-3.3,7,71.167555
-2.0,1,71.170062
-5.55,16,71.205556
-2.0,1,71.207787
-5.25,18,71.247276
-2.05,2,71.251633
-2.0,1,71.253828
5.0,1,71.256058
-4.8,13,71.284536
-2.0,1,71.286699
6.0,1,71.288995
5.2,5,71.299877
-2.05,2,71.304223
-2.55,4,71.312836
6.0,1,71.315008
-5.8,17,71.352825
-2.55,4,71.362163
4.75,2,71.366542
-2.0,1,71.368728
-2.0,1,71.371006
-2.0,1,71.373238
5.0,1,71.375455
5.75,2,71.379754
-2.05,2,71.384151
5.75,2,71.388549
-2.05,2,71.392865
5.0,1,71.395062
-2.0,1,71.397247
5.0,1,71.399403
5.75,2,71.403734
-2.0,1,71.406123
4.75,2,71.410634
4.75,2,71.415153
5.75,2,71.419485
4.75,2,71.423997
-5.25,18,71.463174
4.75,2,71.467399
-2.05,2,71.471593
6.0,1,71.473752
-2.05,2,71.478111
5.75,2,71.482508
4.75,2,71.486983
-5.25,18,71.526085
5.0,1,71.528214
4.75,2,71.532523
-2.3,3,71.538969
4.75,2,71.54315
5.0,1,71.545267
-2.05,2,71.549486
-2.0,1,71.551534
-2.0,1,71.553597
5.75,2,71.557701
5.0,1,71.560017
-2.05,2,71.564168
6.0,1,71.566267
5.0,1,71.568404
-2.05,2,71.572499
4.75,2,71.576992
-2.0,1,71.579127
5.75,2,71.583452
5.95,2,71.587666
-5.3,15,71.619628
4.75,2,71.623803
5.75,2,71.627972
6.0,1,71.630048
-2.0,1,71.632123
4.75,2,71.636309
4.75,2,71.640372
-2.0,1,71.642356
-2.0,1,71.644357
-2.05,2,71.648386
5.0,1,71.650505
-2.05,2,71.654521
4.75,2,71.65859
5.0,1,71.660706
6.0,1,71.663033
-2.05,2,71.667115
-2.0,1,71.669185
4.75,2,71.673495
6.0,1,71.675562
-5.55,16,71.709275
5.75,2,71.713603
6.0,1,71.715663
-4.55,12,71.740692
-2.0,1,71.742715
6.0,1,71.744779
3.7,11,71.768136
-2.0,1,71.770298
5.45,4,71.778649
5.0,1,71.780786
6.0,1,71.782932
6.0,1,71.785044
5.0,1,71.787157
-3.05,6,71.799517
6.0,1,71.801983
-2.8,5,71.8137
-2.0,1,71.815977
-2.0,1,71.818296
4.75,2,71.82297
-2.05,2,71.827646
-2.0,1,71.830011
4.75,2,71.834762
-2.0,1,71.83701
-2.0,1,71.83927
-4.3,11,71.864545
-2.8,5,71.877359
-2.0,1,71.879805
-2.0,1,71.882209
-2.0,1,71.884573
-2.0,1,71.887166
5.75,2,71.892612
-3.3,7,73.659905
6.0,1,73.662214
5.0,1,73.66466
6.0,1,73.667147
6.0,1,73.669379
5.75,2,73.673811
5.0,1,73.675985
-2.8,5,73.686657
-2.05,2,73.690948
5.75,2,73.69528
-3.55,8,73.712523
-5.25,18,73.751387
-5.25,18,73.790635
-2.0,1,73.792861
-2.05,2,73.797572
-2.05,2,73.801941
5.0,1,73.804212
-2.05,2,73.808527
4.75,2,73.812933
5.0,1,73.815231
-3.55,8,73.832518
-2.05,2,73.836956
4.75,2,73.841973
4.75,2,73.846965
-5.25,18,73.891394
-2.55,4,73.901108
5.0,1,73.903522
-3.3,7,73.920185
4.75,2,73.925242
5.75,2,73.930145
-2.0,1,73.932545
-2.8,5,73.944382
4.75,2,73.949181
5.0,1,73.951556
6.0,1,73.953913
5.75,2,73.958562
-2.0,1,73.96096
-2.8,5,73.972803
5.0,1,73.975439
6.0,1,73.977936
4.75,2,73.982928
5.75,2,73.98793
-2.0,1,73.990338
6.0,1,73.992865
-2.1,3,74.000057
5.0,1,74.002509
-2.0,1,74.00491
-3.05,6,74.019948
5.75,2,74.024829
5.0,1,74.027321
5.0,1,74.029889
5.75,2,74.034777
4.75,2,74.039717
-2.55,4,74.049395
5.0,1,74.05196
-2.0,1,74.054392
-2.05,2,74.05938
-5.25,18,74.0998
-5.25,18,74.14099
-2.0,1,74.143351
4.75,2,74.148312
5.95,2,74.153236
-5.8,17,74.191419
-2.3,3,74.198843
-2.0,1,74.201334
-2.0,1,74.203816
-2.0,1,74.206332
-5.25,18,74.24981
4.75,2,74.254813
-3.3,7,74.270369
-2.0,1,74.272518
-2.8,5,74.28319
-2.0,1,74.285338
4.75,2,74.290014
4.75,2,74.294525
3.9,11,74.319196
4.75,2,74.323653
-2.0,1,74.325825
6.0,1,74.32802
-2.0,1,74.330168
6.0,1,74.33235
-2.0,1,74.334488
5.0,1,74.33672
-2.05,2,74.341008
5.75,2,74.345294
5.75,2,74.349656
-2.0,1,74.35182
5.75,2,74.356205
4.75,2,74.360772
6.0,1,74.362995
6.0,1,74.365285
-2.05,2,74.369562
5.0,1,74.37178
4.75,2,74.376116
6.0,1,74.378323
-2.8,5,74.389019
5.75,2,74.39347
-2.05,2,74.397903
4.75,2,74.402389
5.0,1,74.404632
-3.05,6,74.417773
5.0,1,74.420041
4.75,2,74.424482
6.0,1,74.42666
-2.05,2,74.431065
4.75,2,74.435601
-2.8,5,74.446639
-2.05,2,74.451194
4.75,2,74.455644
-3.05,6,74.468693
4.15,10,74.490545
5.0,1,74.49283
-2.05,2,74.497223
-5.25,18,74.536828
-5.55,16,74.572335
5.75,2,74.576866
-2.0,1,74.579017
4.75,2,74.583447
-2.05,2,74.587855
-2.05,2,74.592359
-3.3,7,74.607846
-2.0,1,74.610126
5.75,2,74.614648
5.75,2,74.619006
6.0,1,74.621184
-2.05,2,74.625478
5.75,2,74.629848
-5.25,18,74.669593
4.75,2,74.674003
-2.0,1,74.676112
5.0,1,74.678396
6.0,1,74.680626
5.0,1,74.68288
-2.05,2,74.687212
5.0,1,74.689562
-2.3,3,74.696153
-2.05,2,74.70055
5.0,1,74.702866
6.0,1,74.705144
-5.25,18,74.744205
-2.05,2,74.748641
4.75,2,74.753116
-5.25,18,74.792193
6.0,1,74.794444
4.75,2,74.798988
6.0,1,74.801163
5.0,1,74.803343
-2.05,2,74.807578
4.75,2,76.327792
-3.3,7,76.342977
-2.0,1,76.345127
-2.05,2,76.349651
5.0,1,76.351905
-5.25,18,76.396208
-2.05,2,76.400974
-2.55,4,76.409542
-3.3,7,76.424682
-2.0,1,76.426909
6.0,1,76.429115
4.75,2,76.433673
5.75,2,76.438054
5.75,2,76.442606
-2.3,3,76.449283
-5.25,18,76.486816
5.75,2,76.49097
-2.05,2,76.49511
-2.0,1,76.497164
5.0,1,76.499294
5.75,2,76.503482
4.75,2,76.507642
-2.0,1,76.509716
5.0,1,76.511809
5.0,1,76.51392
5.75,2,76.518047
-3.55,8,76.534638
-2.0,1,76.53665
-3.55,8,76.553138
4.75,2,76.557267
-4.55,12,76.582919
4.75,2,76.587205
-2.0,1,76.58942
-2.0,1,76.59155
-2.0,1,76.593831
5.0,1,76.596038
4.75,2,76.600574
-2.0,1,76.602745
-2.0,1,76.605014
-2.0,1,76.6072
-2.05,2,76.611903
-3.3,7,76.627115
5.75,2,76.631594
-2.0,1,76.633739
-5.25,18,76.673315
-2.8,5,76.684156
4.75,2,76.688601
5.75,2,76.692889
5.95,2,76.697269
6.0,1,76.699492
-2.0,1,76.701588
5.0,1,76.703797
6.0,1,76.70593
-2.3,3,76.712515
5.0,1,76.714711
-2.05,2,76.71918
5.0,1,76.721499
2.2,17,76.758397
-3.05,6,76.771363
5.0,1,76.773677
-2.0,1,76.775864
5.0,1,76.77816
-2.6,5,76.789033
6.0,1,76.791309
-2.05,2,76.795703
-2.55,4,76.804299
-2.0,1,76.80643
-5.25,18,76.846565
5.0,1,76.848763
4.75,2,76.853193
-2.8,5,76.864229
6.0,1,76.866516
5.0,1,76.868865
-2.0,1,76.871024
4.75,2,76.875496
-2.05,2,76.879853
6.0,1,76.882183
6.0,1,76.884356
5.0,1,76.886596
-2.0,1,76.888827
6.0,1,76.891084
6.0,1,76.893296
-3.55,8,76.911289
-2.0,1,76.913481
-3.3,7,76.928906
5.0,1,76.931151
5.75,2,76.93542
5.0,1,76.937625
4.75,2,76.942038
4.75,2,76.94647
-2.3,3,76.953513
4.75,2,76.95799
6.0,1,76.960165
6.0,1,76.962437
5.0,1,76.964707
5.0,1,76.966875
-2.0,1,76.969065
6.0,1,76.971319
6.0,1,76.973529
-2.0,1,76.975644
-2.05,2,76.979988
5.0,1,76.982317
-5.05,14,77.012896
4.75,2,77.017568
5.75,2,77.021943
-2.0,1,77.024117
4.75,2,77.028591
-3.05,6,77.041804
5.0,1,77.044014
-2.05,2,77.048537
5.0,1,77.050891
-2.3,3,77.057537
-2.0,1,77.059695
5.0,1,77.061945
5.75,2,77.066266
-2.0,1,77.068528
-2.0,1,77.07077
-2.05,2,77.075387
-2.0,1,77.07765
5.75,2,77.082385
-2.0,1,77.084588
-2.0,1,77.086722
4.75,2,77.091232
-2.0,1,77.093436
-2.0,1,77.095578
-5.25,18,77.135269
6.0,1,77.137493
-2.0,1,77.139635
-2.0,1,77.141765
4.75,2,77.146099
5.0,1,77.148353
-2.55,4,77.157094
-2.3,3,77.163514
-2.0,1,77.166018
5.75,2,77.170434
-2.55,4,77.179128
-2.0,1,77.181348
4.75,2,77.185755
6.0,1,77.188279
-2.05,2,77.192487
5.75,2,77.19668
4.95,6,77.209757
-2.05,2,77.214201
5.0,1,77.216674
-3.8,9,77.236803
-3.05,6,77.250482
6.0,1,77.252764
-2.3,3,77.2593
3.2,13,77.287305
-5.25,18,77.327601
5.9,3,77.334287
6.0,1,77.336734
-2.3,3,77.343148
6.0,1,77.345441
-2.0,1,77.347644
-2.8,5,77.358736
-2.0,1,77.360937
-5.25,18,77.400927
-2.0,1,77.403065
-5.25,18,77.442662
6.0,1,77.444865
5.0,1,77.447064
-2.0,1,77.449212
-2.0,1,77.451393
-2.3,3,78.918452
5.75,2,78.922894
5.0,1,78.925067
4.75,2,78.929199
-5.25,18,78.966524
5.75,2,78.97069
-2.0,1,78.972762
-2.0,1,78.974833
-2.0,1,78.97697
5.0,1,78.979098
5.0,1,78.981228
5.7,3,78.987422
6.0,1,78.989559
-2.0,1,78.991557
5.75,2,78.995797
5.0,1,78.99789
-2.0,1,79.000056
-2.3,3,79.00631
5.75,2,79.010508
-5.25,18,79.048006
4.75,2,79.052171
4.75,2,79.056418
5.75,2,79.060575
-2.05,2,79.064609
6.0,1,79.06664
-2.0,1,79.068636
4.75,2,79.072675
-4.55,12,79.097579
5.0,1,79.099724
5.0,1,79.101784
-2.05,2,79.105918
5.75,2,79.110112
-2.0,1,79.112135
-3.3,7,79.126367
5.0,1,79.128932
4.75,2,79.133186
4.75,2,79.13751
4.75,2,79.141782
5.0,1,79.143879
-3.1,7,79.157962
-6.05,18,79.19479
5.0,1,79.196906
6.0,1,79.198965
-2.05,2,79.202944
-5.8,17,79.23789
6.0,1,79.240034
6.0,1,79.242189
-2.0,1,79.244291
4.75,2,79.248641
-2.05,2,79.252862
4.75,2,79.257451
6.0,1,79.259539
5.9,3,79.265679
-2.0,1,79.267888
-2.05,2,79.27195
-2.0,1,79.273979
-4.8,13,79.301003
-2.05,2,79.30523
5.75,2,79.30959
5.75,2,79.313776
4.75,2,79.317894
-2.0,1,79.319989
-2.0,1,79.322042
5.75,2,79.326275
6.0,1,79.328391
-2.3,3,79.334536
6.0,1,79.336671
6.0,1,79.338717
6.0,1,79.340863
-2.0,1,79.342926
-2.05,2,79.346997
-2.05,2,79.351066
-2.05,2,79.355094
6.0,1,79.357266
-2.0,1,79.359284
5.0,1,79.361447
-2.0,1,79.363454
5.0,1,79.365632
6.0,1,79.367702
5.75,2,79.371858
6.0,1,79.373967
-2.0,1,79.376011
-2.0,1,79.378063
-2.05,2,79.382288
-5.25,18,79.419759
6.0,1,79.421899
-5.25,18,79.459822
6.0,1,79.461898
-2.0,1,79.464038
6.0,1,79.466119
6.0,1,79.468164
5.15,6,79.480518
5.0,1,79.482578
-4.8,13,79.509342
5.0,1,79.511513
5.0,1,79.514133
-3.55,8,79.532507
5.0,1,79.534745
4.75,2,79.539211
-2.05,2,79.543627
-4.85,18,79.584625
2.45,16,79.620626
5.0,1,79.622908
-2.0,1,79.625177
-2.05,2,79.629752
-2.8,5,79.641483
5.0,1,79.643855
-2.0,1,79.645915
-2.05,2,79.649958
5.75,2,79.654282
-2.0,1,79.656355
-2.0,1,79.658444
6.0,1,79.660613
-6.05,18,79.699703
-2.0,1,79.701973
6.0,1,79.70423
-2.8,5,79.715204
-2.0,1,79.717366
5.0,1,79.719556
-2.05,2,79.72383
6.0,1,79.726207
5.75,2,79.730953
6.0,1,79.733184
-3.05,6,79.746319
5.0,1,79.748473
-2.05,2,79.752715
5.0,1,79.754838
-2.0,1,79.756965
-2.55,4,79.765315
-3.05,6,79.778504
-2.0,1,79.780582
-3.55,8,79.797301
-2.3,3,79.803503
6.0,1,79.805658
5.0,1,79.807822
5.0,1,79.809958
4.75,2,79.81432
4.75,2,79.818598
5.9,3,79.824815
5.0,1,79.826931
5.0,1,79.829059
-2.05,2,79.833293
5.2,5,79.844038
-2.05,2,79.848333
-2.0,1,79.850482
-5.25,18,79.888838
5.0,1,79.891036
5.75,2,79.895308
-5.3,15,79.926528
5.75,2,79.931013
5.75,2,79.935237
-2.05,2,79.939626
4.75,2,79.943825
-4.05,10,79.96497
6.0,1,79.967033
-2.05,2,79.97101
5.0,1,79.973213
-2.0,1,79.97524
-2.05,2,79.9794
-2.0,1,79.981633
-2.05,2,79.985698
5.75,2,79.989775
-2.05,2,79.993763
-5.55,16,81.48663
-2.0,1,81.488801
-2.0,1,81.490848
5.95,2,81.495033
5.0,1,81.497126
-5.8,17,81.531961
5.75,2,81.536015
-5.25,18,81.573046
-2.05,2,81.577066
5.0,1,81.579175
4.75,2,81.583545
4.75,2,81.587835
6.0,1,81.590008
6.0,1,81.592213
5.0,1,81.594365
5.0,1,81.596533
-2.8,5,81.607824
-2.0,1,81.609915
5.0,1,81.612071
-2.3,3,81.618357
4.75,2,81.622566
-2.05,2,81.626923
-2.55,4,81.635633
-5.25,18,81.674478
-2.0,1,81.67655
6.0,1,81.678677
5.0,1,81.680781
5.0,1,81.682893
-2.8,5,81.695693
5.75,2,81.70147
5.75,2,81.706959
5.0,1,81.709754
5.75,2,81.716182
5.95,2,81.722035
5.75,2,81.727811
6.0,1,81.731184
6.0,1,81.734721
-2.05,2,81.740516
5.75,2,81.746243
-2.0,1,81.7491
-2.05,2,81.754841
5.75,2,81.760689
5.0,1,81.763561
5.0,1,81.766407
-2.8,5,81.780604
-2.0,1,81.783417
5.75,2,81.789251
5.75,2,81.794912
5.0,1,81.79786
4.75,2,81.803683
-2.0,1,81.806665
-2.0,1,81.809554
4.75,2,81.815102
6.0,1,81.818113
-2.0,1,81.820911
-4.8,13,81.857023
-3.8,9,81.881036
5.0,1,81.883808
5.0,1,81.886518
4.75,2,81.89179
5.75,2,81.897073
4.75,2,81.902479
5.75,2,81.907787
6.0,1,81.910678
-5.05,14,81.947556
5.65,4,81.95859
-2.0,1,81.961096
5.0,1,81.963754
5.75,2,81.968896
5.0,1,81.971612
5.75,2,81.976915
5.75,2,81.98245
-2.55,4,81.993257
6.0,1,81.996021
5.75,2,82.001194
5.0,1,82.003795
5.75,2,82.009058
-2.3,3,82.017013
4.75,2,82.022345
-5.25,18,82.06995
4.75,2,82.074988
4.1,11,82.103135
-2.0,1,82.105604
6.0,1,82.108155
5.0,1,82.110878
-5.05,14,82.146693
-2.05,2,82.151896
-2.0,1,82.154443
6.0,1,82.157133
6.0,1,82.1595
-2.05,2,82.164367
5.95,2,82.169196
-2.0,1,82.171507
-2.55,4,82.181102
-2.05,2,82.185925
-2.0,1,82.188456
5.0,1,82.191026
5.0,1,82.193671
-2.05,2,82.199032
-2.05,2,82.204516
-2.8,5,82.217587
5.75,2,82.222939
5.75,2,82.228233
-2.55,4,82.238788
6.0,1,82.241533
-2.0,1,82.244173
4.7,7,82.262812
-2.1,3,82.270843
4.75,2,82.276303
5.75,2,82.28165
5.0,1,82.284364
5.75,2,82.28968
4.75,2,82.29497
6.0,1,82.297643
-2.0,1,82.300209
-2.0,1,82.302785
-2.0,1,82.305431
-3.05,6,82.321394
5.75,2,82.326664
-2.05,2,82.33183
-2.05,2,82.337115
5.75,2,82.342448
-2.3,3,82.350352
-2.05,2,82.355596
-4.3,11,82.384777
5.75,2,82.390143
5.2,5,82.403193
-2.05,2,82.408623
-4.05,10,82.434071
-3.65,10,82.45906
5.0,1,82.46155
-2.0,1,82.464169
5.75,2,82.46897
-2.0,1,82.471354
-2.1,3,82.479102
-3.1,7,82.497123
6.0,1,82.500139
-2.05,2,82.504992
-5.25,18,82.549954
-2.0,1,82.552425
-2.0,1,82.554798
-2.05,2,82.559826
-2.0,1,82.562286
-2.0,1,82.564814
4.75,2,82.569725
5.7,3,82.577141
5.0,1,82.579616
-5.25,18,82.623833
4.75,2,82.629063
4.75,2,82.634029
5.0,1,82.636508
4.75,2,82.641287
4.75,2,82.646016
5.7,3,82.653352
-2.0,1,82.655714
4.75,2,82.660525
4.75,2,82.665401
6.0,1,82.667773
5.0,1,82.670464
5.75,2,82.675437
-5.25,18,82.719442
5.75,2,82.724319
5.0,1,82.726757
-3.55,8,84.243385
4.75,2,84.248354
-2.05,2,84.253099
-2.0,1,84.255471
-2.55,4,84.264782
-2.0,1,84.267118
-3.3,7,84.283177
-2.3,3,84.290135
-5.25,18,84.332519
-2.0,1,84.335087
-2.05,2,84.339455
4.75,2,84.343901
-3.3,7,84.359423
5.75,2,84.363972
-2.55,4,84.372972
-5.55,16,84.409318
-2.05,2,84.413844
-2.05,2,84.418435
5.0,1,84.420859
-2.3,3,84.427697
-2.0,1,84.429982
-5.25,18,84.47325
4.75,2,84.478104
6.0,1,84.480592
5.75,2,84.485424
5.0,1,84.487826
-3.05,6,84.502558
4.75,2,84.507423
-4.05,10,84.531504
5.0,1,84.53403
-2.0,1,84.536451
-5.25,18,84.581131
-2.05,2,84.586426
6.0,1,84.58913
-2.0,1,84.591673
5.75,2,84.597055
6.0,1,84.599534
5.0,1,84.602131
3.7,11,84.630525
-2.3,3,84.638366
-2.65,6,84.653027
5.0,1,84.655552
-2.0,1,84.658014
6.0,1,84.660516
-2.05,2,84.665444
6.0,1,84.667922
-2.0,1,84.670417
5.0,1,84.67293
5.95,2,84.678065
-4.3,11,84.705399
5.0,1,84.707856
-2.05,2,84.712677
4.75,2,84.71774
-2.3,3,84.724872
-2.0,1,84.727212
5.75,2,84.732024
6.0,1,84.734388
-2.0,1,84.736858
-2.0,1,84.739366
-3.8,9,84.761671
5.0,1,84.764247
4.75,2,84.769184
5.75,2,84.774054
6.0,1,84.776591
-2.05,2,84.781381
5.0,1,84.783916
-2.05,2,84.788766
4.75,2,84.793704
-5.25,18,84.836942
5.0,1,84.839557
6.0,1,84.842055
-4.05,10,84.866167
-2.0,1,84.868627
-2.3,3,84.875812
5.0,1,84.878365
6.0,1,84.880891
-5.25,18,84.924301
4.75,2,84.929232
4.75,2,84.934326
4.75,2,84.939239
6.0,1,84.941776
5.75,2,84.946655
-2.05,2,84.951555
-5.25,18,84.994754
-2.3,3,85.001936
5.0,1,85.004488
5.0,1,85.00701
3.45,12,85.036025
-2.0,1,85.038491
-2.35,4,85.048079
-2.05,2,85.052982
6.0,1,85.055488
-5.25,18,85.098841
5.75,2,85.103986
6.0,1,85.106544
5.75,2,85.111399
5.0,1,85.113944
5.0,1,85.116457
-3.3,7,85.133274
6.0,1,85.135749
5.75,2,85.14061
5.0,1,85.143151
-2.0,1,85.145935
-2.05,2,85.150799
4.2,9,85.173093
-2.0,1,85.175608
3.2,13,85.206288
5.0,1,85.208838
5.45,4,85.218431
-2.0,1,85.220886
5.75,2,85.225805
6.0,1,85.22833
6.0,1,85.231098
-2.05,2,85.235922
-2.0,1,85.238393
-2.8,5,85.250429
5.95,2,85.255402
-2.0,1,85.257854
-2.05,2,85.262726
-2.0,1,85.265181
4.75,2,85.27012
-2.05,2,85.275228
6.0,1,85.277755
6.0,1,85.280238
-2.0,1,85.282734
5.85,4,85.292433
5.0,1,85.294953
5.0,1,85.29747
-5.25,18,85.3411
-2.0,1,85.343636
-2.0,1,85.346158
5.75,2,85.350984
-2.8,5,85.364271
5.4,5,85.377071
-2.0,1,85.379616
-5.25,18,85.423011
5.0,1,85.425563
5.0,1,85.428408
4.75,2,85.433426
6.0,1,85.435953
-2.0,1,85.438497
-2.05,2,85.443413
6.0,1,85.445829
4.75,2,85.450912
5.0,1,85.453468
5.0,1,85.456026
4.75,2,85.460689
-3.55,8,85.479105
5.75,2,85.483822
5.75,2,86.981355
5.0,1,86.983566
5.75,2,86.987795
5.0,1,86.989952
5.0,1,86.992202
-2.0,1,86.994411
-5.25,18,87.032041
5.0,1,87.034128
-6.05,18,87.070921
4.75,2,87.075282
4.75,2,87.079533
-2.55,4,87.088081
4.75,2,87.092307
5.0,1,87.094479
-2.55,4,87.102778
-2.55,4,87.111189
-2.05,2,87.115613
6.0,1,87.117734
-2.05,2,87.122134
5.0,1,87.124271
6.0,1,87.126386
4.75,2,87.130616
5.0,1,87.132714
-2.05,2,87.136846
4.75,2,87.141115
5.0,1,87.143333
6.0,1,87.145435
4.75,2,87.149645
5.75,2,87.153919
4.75,2,87.158162
-2.3,3,87.164774
-3.55,8,87.1818
-2.0,1,87.183902
4.75,2,87.188332
4.75,2,87.192585
-2.05,2,87.196835
-2.1,3,87.203138
-2.3,3,87.209683
5.75,2,87.213982
5.9,3,87.220309
-5.25,18,87.258772
-2.0,1,87.260996
5.0,1,87.263274
-2.0,1,87.265437
-2.0,1,87.267566
4.75,2,87.2719
-2.0,1,87.274051
5.0,1,87.276287
-2.0,1,87.278442
-5.25,18,87.317158
5.65,4,87.325851
5.0,1,87.328108
4.75,2,87.332468
5.0,1,87.334614
6.0,1,87.336745
-2.05,2,87.340935
4.75,2,87.345347
-2.0,1,87.347516
-2.05,2,87.351812
5.0,1,87.35403
4.2,9,87.37388
5.75,2,87.378316
5.0,1,87.380544
-2.0,1,87.382733
5.0,1,87.384959
-4.8,13,87.413185
-5.25,18,87.451075
5.45,4,87.459791
5.0,1,87.462053
5.75,2,87.466367
-5.25,18,87.508184
-2.0,1,87.51062
4.75,2,87.515818
-5.25,18,87.560323
5.0,1,87.562925
5.0,1,87.565388
6.0,1,87.567752
4.75,2,87.572287
4.75,2,87.576834
6.0,1,87.579045
6.0,1,87.581307
-3.8,9,87.601891
-5.25,18,87.643054
5.0,1,87.645335
-3.1,7,87.661165
-2.0,1,87.663493
5.0,1,87.665766
-5.25,18,87.70813
3.95,10,87.73296
4.75,2,87.737761
-2.05,2,87.742481
5.75,2,87.747683
5.95,2,87.752543
-5.25,18,87.796581
-2.3,3,87.803868
4.75,2,87.80878
5.95,2,87.813614
4.75,2,87.81841
4.75,2,87.823341
-2.0,1,87.825707
-2.0,1,87.828058
-2.55,4,87.838175
5.0,1,87.840691
-2.0,1,87.843182
4.75,2,87.848089
-2.05,2,87.85291
-2.05,2,87.857789
-3.05,6,87.872088
5.0,1,87.87487
5.0,1,87.877408
-5.25,18,87.920247
5.0,1,87.922834
5.75,2,87.9278
5.0,1,87.930383
6.0,1,87.932951
-4.55,12,87.961746
4.75,2,87.966686
-2.0,1,87.969194
5.0,1,87.971718
-2.0,1,87.974164
-2.05,2,87.978987
5.0,1,87.981556
6.0,1,87.984052
-4.85,18,88.029142
5.4,5,88.041556
4.75,2,88.046577
-5.25,18,88.091374
4.75,2,88.096408
6.0,1,88.098879
5.75,2,88.103745
5.65,4,88.113373
4.75,2,88.118432
-2.0,1,88.120965
-3.8,9,88.143413
-2.0,1,88.145974
3.55,14,89.644525
5.0,1,89.646586
5.4,5,89.656801
6.0,1,89.65886
-2.0,1,89.660847
5.75,2,89.664952
6.0,1,89.667055
4.75,2,89.671129
-2.05,2,89.675302
5.75,2,89.679519
5.95,2,89.683745
-2.8,5,89.694098
5.0,1,89.696278
6.0,1,89.698418
4.75,2,89.702624
-5.25,18,89.740438
-2.0,1,89.742589
-4.85,18,89.780246
-5.25,18,89.817327
4.75,2,89.821492
5.2,5,89.831598
5.75,2,89.835732
4.75,2,89.840017
-5.25,18,89.877236
4.75,2,89.881659
-2.05,2,89.885764
5.0,1,89.887867
5.95,2,89.891934
4.75,2,89.896191
5.75,2,89.900304
6.0,1,89.90241
-2.55,4,89.910581
-2.0,1,89.912618
5.0,1,89.914708
5.0,1,89.916783
4.75,2,89.920905
5.0,1,89.923115
5.75,2,89.927411
6.0,1,89.929598
6.0,1,89.931763
5.0,1,89.933961
5.9,3,89.940274
5.0,1,89.942446
6.0,1,89.944653
6.0,1,89.946808
6.0,1,89.948876
-2.0,1,89.950966
2.45,16,89.984828
4.65,8,90.001239
-5.05,18,90.039626
-2.0,1,90.041867
5.0,1,90.044026
6.0,1,90.046147
4.75,2,90.050348
5.75,2,90.054526
-3.05,6,90.066816
4.4,9,90.085249
5.0,1,90.087298
5.1,7,90.101566
5.75,2,90.105755
-2.3,3,90.111872
4.75,2,90.116043
-3.3,7,90.130058
-2.0,1,90.13211
5.75,2,90.136387
5.0,1,90.138568
5.75,2,90.142599
5.0,1,90.144766
5.0,1,90.146926
-2.05,2,90.150999
-2.0,1,90.15301
-2.55,4,90.161257
6.0,1,90.163291
-2.05,2,90.167565
-2.0,1,90.169714
-2.0,1,90.171678
5.95,2,90.175891
5.0,1,90.178059
4.75,2,90.182401
5.0,1,90.184552
6.0,1,90.186543
5.0,1,90.18863
-2.05,2,90.192976
5.75,2,90.197249
6.0,1,90.199402
5.0,1,90.201615
-2.05,2,90.206146
5.95,2,90.210624
5.0,1,90.2128
5.0,1,90.215068
-2.0,1,90.217371
-2.05,2,90.221928
5.0,1,90.224298
5.65,4,90.233099
4.7,7,90.248201
5.7,3,90.254628
5.7,3,90.261058
-5.25,18,90.30138
3.9,11,90.325484
3.7,11,90.350574
-2.05,2,90.355012
5.0,1,90.357282
5.0,1,90.359465
-2.55,4,90.368289
-2.55,4,90.376918
-2.05,2,90.381211
-5.25,18,90.421057
5.2,5,90.431948
5.75,2,90.436568
4.75,2,90.440929
5.75,2,90.445275
4.75,2,90.449582
5.0,1,90.451749
5.0,1,90.454049
5.75,2,90.459051
-5.4,17,90.497663
4.65,8,90.515578
-2.0,1,90.51785
4.95,6,90.531436
6.0,1,90.53371
5.7,3,90.540499
4.75,2,90.545112
5.95,2,90.549654
6.0,1,90.551954
5.0,1,90.554383
4.75,2,90.559034
6.0,1,90.56134
5.0,1,90.563818
-5.55,16,90.600722
-2.0,1,90.603317
5.2,5,90.615489
4.75,2,90.6204
4.7,7,90.637238
-4.85,18,90.679727
-2.0,1,90.682171
4.95,6,90.696727
5.0,1,90.699234
5.75,2,90.704085
4.75,2,90.709055
5.0,1,90.711555
6.0,1,90.714063
6.0,1,90.716601
-5.25,18,92.531461
5.0,1,92.534265
-5.25,18,92.579811
5.95,2,92.584476
-2.0,1,92.586928
5.95,2,92.591658
-2.0,1,92.593841
5.15,6,92.607421
6.0,1,92.60957
5.0,1,92.611722
-2.0,1,92.613801
6.0,1,92.615914
-5.25,18,92.652981
2.15,18,92.687962
4.4,9,92.705276
5.0,1,92.707097
-2.0,1,92.708935
4.75,2,92.712569
5.0,1,92.714514
4.75,2,92.718436
-2.0,1,92.720256
5.75,2,92.723973
5.0,1,92.725901
3.7,11,92.746597
-2.0,1,92.748485
6.0,1,92.750328
-2.05,2,92.754032
5.0,1,92.755971
5.75,2,92.760157
-2.0,1,92.762166
-5.25,18,92.798513
4.75,2,92.802438
5.0,1,92.804405
5.65,4,92.812414
-2.05,2,92.816451
-5.25,18,92.851724
-3.55,8,92.86797
6.0,1,92.869954
5.0,1,92.871976
5.0,1,92.873988
4.75,2,92.877875
4.75,2,92.881753
6.0,1,92.883741
6.0,1,92.88572
5.75,2,92.889697
4.75,2,92.893708
5.0,1,92.895747
-2.05,2,92.899708
-5.25,18,92.93518
6.0,1,92.937238
-2.0,1,92.939203
4.75,2,92.943288
5.7,3,92.949392
6.0,1,92.951476
6.0,1,92.953633
-2.0,1,92.955611
6.0,1,92.95762
6.0,1,92.959582
4.75,2,92.963488
6.0,1,92.965497
-2.0,1,92.967462
-4.85,18,93.003435
5.95,2,93.007381
5.0,1,93.009422
5.95,2,93.013582
4.75,2,93.017688
5.95,2,93.021661
2.2,17,93.055872
4.65,8,93.071732
-2.0,1,93.073772
-2.3,3,93.07964
-5.25,18,93.11501
5.9,3,93.121005
-5.25,18,93.157368
5.75,2,93.16154
6.0,1,93.163652
5.0,1,93.165866
2.6,17,93.199681
5.75,2,93.203695
4.7,7,93.21756
6.0,1,93.219608
5.75,2,93.223623
6.0,1,93.225827
4.75,2,93.229992
4.35,10,93.250369
4.95,6,93.262158
-2.0,1,93.264046
5.0,1,93.26618
4.75,2,93.270158
-5.25,18,93.305555
-2.3,3,93.311552
-2.0,1,93.313554
4.75,2,93.317595
5.95,2,93.321455
6.0,1,93.323426
-2.0,1,93.325335
5.9,3,93.331328
5.0,1,93.333398
5.7,3,93.339432
5.0,1,93.341435
5.75,2,93.345472
5.9,3,93.35142
-2.0,1,93.353443
4.9,7,93.367028
5.75,2,93.371063
-2.05,2,93.375113
4.85,8,93.391575
6.0,1,93.393666
-2.0,1,93.395584
-2.05,2,93.3995
5.75,2,93.403512
5.0,1,93.405627
4.75,2,93.409889
3.65,12,93.434795
-2.05,2,93.438862
5.15,6,93.450709
-2.8,5,93.460795
-2.3,3,93.467676
-8.55,32,93.530144
5.0,1,93.532085
5.0,1,93.533989
-7.55,32,94.995802
-8.35,32,95.059786
-6.15,20,95.100112
-2.0,1,95.102124
5.75,2,95.106208
-8.75,32,95.170244
-2.85,6,95.182127
4.2,17,95.216132
4.75,2,95.22014
-8.55,32,95.2849
4.75,2,95.289235
-2.0,1,95.291344
-8.35,32,95.359426
-8.15,32,95.427483
-2.0,1,95.429651
-8.75,32,95.49744
-8.75,32,95.566736
-2.0,1,95.568966
-8.35,32,95.6376
-8.55,32,95.705321
6.0,1,95.707519
-8.15,32,95.775808
7.95,2,95.780136
5.7,3,95.786645
-5.4,21,95.83099
-8.75,32,95.899219
-7.95,32,95.967508
-8.35,32,97.633398
-8.35,32,97.703712
-7.75,32,97.775373
-8.35,32,97.848801
6.0,1,97.851334
-2.6,5,97.863306
7.95,2,97.868488
-8.75,32,97.945032
4.7,15,97.98098
4.75,2,97.986274
-8.35,32,98.062295
-2.0,1,98.064666
-2.0,1,98.067093
5.75,2,98.072095
7.75,2,98.076926
4.4,9,98.098286
2.45,16,98.135122
-7.15,32,98.210661
-8.1,31,98.284979
-4.15,12,98.313433
7.45,4,98.323136
-2.0,1,98.325642
-8.75,32,98.402565
-6.9,23,98.457711
-8.75,32,98.533327
-2.05,2,98.538145
-8.55,32,98.611192
6.15,10,98.633724
5.75,2,98.638278
-7.5,27,98.699091
-2.0,1,98.701258
-2.55,4,98.710007
-8.35,32,98.780844
-2.0,1,98.783104
-7.95,32,100.417227
8.0,1,100.419671
-6.8,25,100.476562
4.75,2,100.481124
4.75,2,100.485633
-3.95,12,100.511888
8.0,1,100.514111
-2.15,4,100.522987
6.0,1,100.525247
5.65,4,100.534027
2.95,14,100.564608
-7.05,22,100.61147
-2.55,4,100.619692
-7.35,32,100.686126
4.75,2,100.690494
-8.15,32,100.757711
-8.35,32,100.823518
-2.0,1,100.825591
-6.95,32,100.892954
-8.75,32,100.960273
-7.35,28,101.019481
6.0,1,101.021717
5.0,1,101.023926
-7.95,32,101.08976
7.75,2,101.094244
5.0,1,101.096564
5.0,1,101.098777
-8.75,32,101.164926
-2.0,1,101.167141
-8.55,32,101.238037
-8.15,32,101.308104
-5.05,18,101.347613
-2.55,4,101.356268
7.75,2,101.360891
-6.0,21,101.407398
-6.95,32,103.017323
5.75,2,103.021765
-8.35,32,103.089128
6.0,1,103.091292
5.65,4,103.099641
-6.35,32,103.166492
6.0,1,103.168686
-7.15,32,103.239479
-2.05,2,103.24391
-2.1,3,103.250598
-2.0,1,103.252897
-3.35,8,103.271071
-8.5,31,103.345667
7.65,4,103.356424
-8.35,32,103.436239
6.0,1,103.438867
-2.0,1,103.441408
-5.9,19,103.486443
-5.3,15,103.519709
5.0,1,103.52195
-6.15,20,103.567468
5.95,2,103.572163
-7.55,28,103.634315
3.4,13,103.663439
-6.3,19,103.706247
-7.55,32,103.778869
-2.55,4,103.788155
-2.0,1,103.790582
6.0,1,103.792975
4.75,2,103.797518
7.95,2,103.802042
-2.05,2,103.806443
5.75,2,103.810891
4.95,6,103.824353
-7.55,32,103.897658
-2.55,4,103.906606
4.75,2,103.91116
-8.75,32,103.982287
-2.0,1,103.98448
-8.0,29,104.049226
6.0,1,104.051551
4.75,2,104.056026
-8.15,32,104.126549
-7.75,32,105.74534
-2.1,3,105.75173
4.75,2,105.756225
5.35,6,105.768595
-2.1,3,105.774904
5.0,1,105.777028
4.75,2,105.781251
-2.0,1,105.783261
-2.0,1,105.785384
-3.0,9,105.804194
7.9,3,105.810423
-7.35,32,105.876647
-6.65,22,105.922089
-2.95,8,105.938676
-2.3,3,105.944977
-5.45,18,105.982323
5.9,3,105.988587
6.0,1,105.990676
5.75,2,105.994814
7.75,2,105.998964
-2.05,2,106.003084
8.0,1,106.005353
-8.35,32,106.071831
5.95,2,106.076107
-7.95,32,106.144227
-2.05,2,106.148683
-8.55,32,106.220329
5.0,1,106.222713
-8.35,28,106.285851
7.6,5,106.297205
-2.0,1,106.299484
-2.0,1,106.301791
-2.55,4,106.310777
-8.75,32,106.382445
-3.45,10,106.404714
5.9,3,106.411573
5.2,5,106.422832
-2.05,2,106.427235
-8.55,32,106.499048
5.75,2,106.503598
-2.05,2,106.508161
-2.05,2,106.512776
-8.75,32,106.584715
-2.0,1,106.586993
6.4,9,106.607295
-7.55,32,106.678714
5.95,2,106.683218
-7.75,32,106.753653
7.6,5,106.764813
5.9,3,106.771345
-8.35,32,108.374351
8.0,1,108.376562
-2.0,1,108.378714
-2.1,3,108.385164
4.75,2,108.389692
-3.45,10,108.410661
7.75,2,108.414984
8.0,1,108.417167
-7.55,32,108.484812
5.0,1,108.487022
-8.75,32,108.553709
-3.95,12,108.578738
8.0,1,108.580859
8.0,1,108.582986
5.0,1,108.585126
-2.05,2,108.589246
-7.55,32,108.65291
-5.3,15,108.683984
5.95,2,108.688221
4.75,2,108.692475
-4.2,13,108.71915
-3.1,7,108.733619
6.0,1,108.735826
-8.55,32,108.802508
-8.35,32,108.868988
-4.65,14,108.898237
5.75,2,108.902461
8.0,1,108.904624
-3.25,10,108.925344
5.75,2,108.929518
8.0,1,108.931625
-8.55,32,108.997401
-2.0,1,108.999517
-2.0,1,109.001618
-2.6,5,109.012011
-7.15,32,109.079064
-2.0,1,109.081401
-8.15,32,109.147668
5.0,1,109.149873
-2.6,5,109.160653
-8.15,32,109.227696
-2.1,3,109.234137
-3.1,7,109.248712
-2.0,1,109.250914
5.75,2,109.255196
-2.05,2,109.25938
-8.75,32,109.326009
-2.35,4,109.334397
-2.0,1,109.336679
-2.55,4,109.344954
5.0,1,109.347166
-2.45,6,109.359578
-6.7,23,109.407015
-3.3,7,110.910827
5.0,1,110.913214
5.0,1,110.915544
-5.55,16,110.949524
7.45,4,110.957994
-2.95,8,110.974791
-3.6,9,110.99386
5.0,1,110.995915
-2.05,2,111.000286
-7.55,32,111.072496
-3.4,9,111.092472
3.95,18,111.133028
-5.1,15,111.166762
-2.1,3,111.173657
6.0,1,111.177054
-2.1,3,111.18653
4.75,2,111.19127
8.0,1,111.19367
-8.75,32,111.26647
-2.8,5,111.277853
-8.15,32,111.350913
-7.95,32,111.422262
-2.8,5,111.433673
-6.2,21,111.480335
6.0,1,111.482697
-2.35,4,111.491645
-8.75,32,111.565496
-2.0,1,111.567773
-2.0,1,111.570088
-2.85,6,111.583705
5.75,2,111.58812
-2.0,1,111.590311
-2.05,2,111.594781
-2.65,6,111.609262
7.75,2,111.61399
-2.35,4,111.623221
-2.05,2,111.627847
7.75,2,111.632459
-3.3,7,111.648523
-5.0,17,111.68691
-8.35,32,111.763852
5.0,1,111.766393
-8.3,31,111.845506
-6.3,23,111.903463
-6.4,21,111.953475
-2.05,2,111.958224
-4.85,14,111.991849
5.0,1,111.994461
-8.85,30,112.064737
-4.45,14,113.727161
7.75,2,113.732311
-2.35,4,113.741973
-2.4,5,113.753489
-2.0,1,113.755847
7.75,2,113.760367
8.0,1,113.762699
5.0,1,113.765079
-2.0,1,113.767334
6.0,1,113.769696
-2.0,1,113.771975
4.75,2,113.776992
-3.15,8,113.795367
-2.7,7,113.812106
-3.9,11,113.837274
5.4,5,113.848496
-2.15,4,113.85748
-2.05,2,113.862616
-3.9,11,113.891068
-2.0,1,113.893685
-2.95,8,113.916408
-2.05,2,113.922211
-2.05,2,113.927756
-2.9,7,113.946776
-2.7,7,113.965025
-2.1,3,113.97246
-2.0,1,113.974999
-5.35,16,114.017017
-2.0,1,114.019547
5.95,2,114.024639
-4.3,11,114.051104
5.75,2,114.055882
6.0,1,114.058389
-2.0,1,114.060696
5.0,1,114.063098
-2.0,1,114.065417
8.0,1,114.068
8.0,1,114.070483
6.0,1,114.07319
5.7,3,114.080515
-2.05,2,114.085315
6.0,1,114.087774
6.0,1,114.090238
7.2,5,114.10224
-7.55,32,114.186436
-2.0,1,114.189035
-6.95,24,114.246844
5.0,1,114.249301
-2.05,2,114.253947
-7.95,32,114.326433
-2.0,1,114.328919
-2.0,1,114.331131
-9.15,32,114.403371
-3.65,10,114.426692
-2.0,1,114.429032
-2.0,1,114.43127
-2.6,5,114.442374
-9.35,32,114.514513
-4.45,14,114.54665
-2.0,1,114.549
-4.1,11,114.573205
-3.55,8,114.59114
-2.05,2,114.595849
-2.05,2,114.600412
-2.65,6,114.614292
4.75,2,114.619098
-2.05,2,114.623651
-2.0,1,114.625942
-2.1,3,114.632895
-2.0,1,114.635161
-2.05,2,114.6397
-3.8,9,114.65995
-2.05,2,114.66449
-2.0,1,114.666822
4.75,2,114.671486
-2.0,1,114.673829
5.95,2,114.678407
7.85,4,114.687373
-2.05,2,114.691937
-3.9,11,114.716135
7.7,3,114.723013
-6.9,23,114.774998
-8.55,32,114.847333
-7.35,32,114.918426
5.0,1,114.920677
-7.55,32,116.606797
8.0,1,116.609246
-7.55,28,116.673023
-2.05,2,116.678072
-4.2,13,116.707762
-3.65,10,116.731104
-2.0,1,116.733482
5.0,1,116.735846
5.65,4,116.744901
5.0,1,116.747233
8.0,1,116.749561
5.7,3,116.756407
5.0,1,116.758828
-2.6,5,116.771172
7.9,3,116.777859
5.0,1,116.780237
-2.9,7,116.795995
-5.35,20,116.840883
-2.1,3,116.847662
-2.05,2,116.852051
5.95,2,116.856598
5.0,1,116.858922
-2.3,3,116.865702
-8.15,32,116.938797
-3.95,12,116.965154
-2.85,6,116.978591
8.0,1,116.980863
-2.3,3,116.987453
7.95,2,116.991936
5.0,1,116.994177
-2.05,2,116.998468
5.0,1,117.00086
-2.35,4,117.00982
-5.95,20,117.054702
-4.9,19,117.099079
5.0,1,117.101687
5.9,3,117.108941
-2.1,3,117.116064
7.4,5,117.128118
-3.25,10,117.15272
-8.55,32,117.229667
-2.0,1,117.232174
-3.9,15,117.268278
-2.05,2,117.273101
-2.1,3,117.280066
5.75,2,117.284968
5.0,1,117.287459
4.75,2,117.292274
-4.8,13,117.321691
-2.0,1,117.323934
-2.35,4,117.332758
8.0,1,117.335007
-2.15,4,117.343833
4.75,2,117.348657
-2.0,1,117.351029
6.0,1,117.353438
-2.0,1,117.355744
5.0,1,117.358115
7.75,2,117.362581
-2.05,2,117.367002
5.2,5,117.378094
-2.0,1,117.380361
-2.6,5,117.391567
5.0,1,117.393893
-2.05,2,117.398468
-2.05,2,117.403003
5.9,3,117.409867
-2.0,1,117.412156
-2.65,6,117.425528
5.0,1,117.427865
-3.85,10,117.450827
-2.05,2,117.455321
-2.05,2,117.46012
8.0,1,117.462446
-2.35,4,117.471726
-2.0,1,117.473947
-2.05,2,117.478413
-2.0,1,117.480715
-2.15,4,117.490176
-2.05,2,117.494968
-2.4,5,117.506767
-2.05,2,117.511534
-2.0,1,117.513993
8.0,1,117.516484
4.9,7,117.533537
-5.6,17,117.572966
8.0,1,117.575185
6.0,1,117.577515
-2.1,3,117.583897
-2.0,1,117.586041
-4.85,18,117.627024
5.0,1,117.629511
8.0,1,117.631759
-2.45,6,117.645797
-2.05,2,117.650234
4.65,8,117.668495
5.0,1,117.670997
-2.0,1,117.673274
-2.05,2,117.677759
-2.6,5,117.689279
-2.0,1,117.691563
7.75,2,117.696288
-2.6,5,117.708786
-3.2,9,119.330303
-3.8,9,119.352573
-2.1,3,119.359704
-2.4,5,119.372064
5.0,1,119.374597
-3.15,8,119.393077
-2.85,6,119.406285
7.95,2,119.410827
5.0,1,119.41347
-2.0,1,119.415984
-2.1,3,119.422696
-6.65,22,119.471879
5.75,2,119.476612
-2.15,4,119.48564
6.0,1,119.488005
-2.85,6,119.501456
-8.35,32,119.57328
-2.05,2,119.577872
-2.05,2,119.582435
-2.0,1,119.584702
-2.05,2,119.589184
-3.6,9,119.608766
4.7,7,119.624767
-2.0,1,119.627029
-3.4,9,119.647216
-2.15,4,119.656375
-2.1,3,119.663334
-2.05,2,119.667967
5.0,1,119.670265
7.2,5,119.681755
5.0,1,119.684033
7.65,4,119.693134
5.0,1,119.69541
7.15,6,119.708868
7.85,4,119.717922
4.75,2,119.722429
-2.3,3,119.729174
-3.45,10,119.752069
-2.05,2,119.756495
-5.35,16,119.792363
4.75,2,119.797191
6.0,1,119.799659
4.95,6,119.812977
8.0,1,119.815282
-2.0,1,119.817578
7.75,2,119.822163
5.0,1,119.824476
4.75,2,119.828946
-4.95,16,119.865462
-2.2,5,119.877002
-3.95,12,119.903085
8.0,1,119.905438
-2.0,1,119.907731
-5.75,20,119.951587
-2.0,1,119.953827
7.9,3,119.960534
-2.0,1,119.962701
-7.75,28,120.023585
-2.0,1,120.025794
-3.15,12,120.053879
-2.05,2,120.059031
-5.35,16,120.10268
5.4,5,120.116446
-2.0,1,120.119199
-8.75,32,120.211148
5.0,1,120.214043
-2.6,5,120.226214
-2.2,5,120.238863
-2.4,5,120.250573
-3.15,8,120.269357
-2.45,6,120.283604
-2.05,2,120.288412
-2.05,2,120.293109
-2.8,5,120.304866
-2.05,2,120.309641
4.75,2,120.314362
-2.1,3,120.321424
4.75,2,120.326076
8.0,1,120.328545
5.95,2,120.333275
-2.0,1,120.335617
5.0,1,120.338057
8.0,1,120.340437
-2.1,3,120.347589
-7.5,27,120.410961
-2.0,1,120.413298
-2.05,2,120.417901
-3.6,9,120.438731
5.9,3,120.445673
5.0,1,120.448047
-2.1,3,120.454882
-2.05,2,120.459604
5.0,1,120.462001
-2.05,2,120.466748
7.7,3,120.47416
-2.0,1,120.47655
-2.1,3,120.483535
7.9,3,120.490615
8.0,1,120.492976
5.0,1,120.495346
-2.05,2,120.499992
-2.55,4,120.509453
-2.0,1,120.511849
-3.35,8,120.53082
5.0,1,122.067716
-2.05,2,122.071912
4.9,7,122.086434
-2.0,1,122.088508
5.0,1,122.090589
-4.45,14,122.120014
-2.0,1,122.122131
4.75,2,122.126293
-2.45,6,122.138692
-7.6,29,122.198288
-2.05,2,122.202496
-2.0,1,122.204571
-2.3,3,122.210681
7.4,5,122.221151
4.75,2,122.225208
-2.0,1,122.227172
-2.05,2,122.23126
8.0,1,122.233374
-2.0,1,122.235331
7.9,3,122.241693
-2.55,4,122.250385
-2.0,1,122.252583
-3.25,10,122.27432
8.0,1,122.276577
-2.5,7,122.291885
5.0,1,122.29414
-2.0,1,122.296209
-2.05,2,122.300622
7.95,2,122.305104
-2.05,2,122.309688
-3.1,7,122.324695
5.7,3,122.331356
-2.0,1,122.333548
8.0,1,122.33574
-2.0,1,122.33797
-2.0,1,122.340217
8.0,1,122.342479
-2.1,3,122.349097
5.0,1,122.351556
-2.05,2,122.355951
-2.05,2,122.360272
5.0,1,122.362524
7.95,2,122.366878
-2.05,2,122.371174
-2.0,1,122.37341
-2.1,3,122.379881
-2.25,6,122.392773
-2.0,1,122.39496
6.0,1,122.397189
-2.05,2,122.401473
-2.05,2,122.405829
-2.1,3,122.412436
6.0,1,122.414692
5.9,3,122.421372
-2.0,1,122.423599
-2.0,1,122.425805
-2.1,3,122.432369
-2.05,2,122.436997
-5.75,24,122.490669
-2.15,4,122.499454
-2.3,3,122.506167
-2.05,2,122.510802
-2.1,3,122.51765
6.0,1,122.520027
-2.1,3,122.527117
5.0,1,122.529422
-2.0,1,122.531694
-2.0,1,122.534014
8.0,1,122.536327
-2.0,1,122.538533
-2.3,3,122.545274
-6.05,22,122.595297
-2.1,3,122.601986
8.0,1,122.604295
-5.3,23,122.654569
-2.0,1,122.656886
-2.0,1,122.65918
4.75,2,122.663663
-3.35,8,122.681231
7.75,2,122.685733
-2.05,2,122.690104
5.95,2,122.694628
-2.1,3,122.70147
-2.0,1,122.703733
-2.3,3,122.710565
-2.0,1,122.712848
-2.3,3,122.72063
5.0,1,122.723977
-2.05,2,122.729589
8.0,1,122.732741
-2.1,3,122.741134
-2.0,1,122.744286
7.75,2,122.750738
-2.05,2,122.756636
5.95,2,122.762302
-2.0,1,122.765088
-3.05,6,122.78199
-2.05,2,122.787585
-2.1,3,122.795926
5.0,1,122.79876
-3.1,7,122.818433
-2.0,1,122.821312
8.0,1,122.824537
6.85,8,122.845677
-2.0,1,122.8481
-2.0,1,122.850587
-2.05,2,122.855472
6.0,1,122.858051
5.0,1,122.860691
-2.0,1,122.863216
-2.15,4,122.873772
-2.6,5,122.886451
5.0,1,122.889148
7.9,3,122.896868
-2.0,1,122.899423
7.9,3,122.907503
-2.05,2,122.912868
7.95,2,122.918271
-2.0,1,122.920955
-2.05,2,122.926252
-2.0,1,122.928845
5.0,1,122.931505
-2.55,4,122.94205
-2.3,3,122.949928
-2.0,1,122.952527
-2.3,3,122.960202
-2.05,2,122.965419
-2.0,1,122.968017
4.75,2,122.973262
4.75,2,122.978579
7.9,3,122.986486
-2.05,2,122.991933
-2.1,3,122.999754
5.0,1,123.002481
8.0,1,123.005135
5.95,2,123.010298
-5.9,23,123.070573
-2.3,3,123.07865
-2.0,1,123.081283
-2.1,3,123.088827
-2.05,2,123.094102
-2.0,1,123.096741
7.9,3,123.104503
-2.05,2,123.109617
-2.3,3,123.117344
-2.05,2,123.122497
-2.0,1,123.125145
-2.6,5,123.13798
-2.05,2,123.143154
-2.0,1,123.145769
-2.05,2,123.150714
-3.85,10,123.176646
-2.35,4,123.186793
7.95,2,123.191788
-2.1,3,123.199368
-2.0,1,123.201915
-2.05,2,123.20705
-2.8,5,123.219711
-2.0,1,123.222312
-3.15,8,123.242837
-2.05,2,123.247937
7.75,2,123.252955
-2.05,2,123.258016
7.75,2,123.263054
6.0,1,123.265642
-4.9,15,124.983217
-3.35,12,125.016536
6.0,1,125.019404
5.0,1,125.022325
-2.35,4,125.033791
7.85,4,125.045509
-3.15,8,125.067956
-2.05,2,125.073659
5.0,1,125.076553
4.75,2,125.082626
-2.0,1,125.085401
8.0,1,125.088342
-2.6,5,125.102513
-2.0,1,125.105406
-2.05,2,125.111099
6.0,1,125.11405
-2.1,3,125.122357
7.7,3,125.131211
7.75,2,125.136953
-2.0,1,125.139722
-2.3,3,125.148219
-2.0,1,125.151044
7.95,2,125.156663
-2.0,1,125.159431
7.7,3,125.168388
-2.05,2,125.17415
-2.0,1,125.177108
-2.65,6,125.194332
-2.05,2,125.200107
-2.0,1,125.20298
7.35,6,125.220304
7.95,2,125.226102
-2.0,1,125.229077
-2.15,4,125.24086
-2.05,2,125.24661
-2.75,8,125.269894
5.0,1,125.272856
-2.05,2,125.278643
-3.35,8,125.300327
5.0,1,125.303115
-2.2,5,125.316015
-2.0,1,125.318682
-2.05,2,125.323866
5.0,1,125.326675
-4.85,18,125.372978
-2.0,1,125.375618
8.0,1,125.378409
-2.1,3,125.386343
-2.35,4,125.396706
-2.0,1,125.399336
5.95,2,125.404702
5.95,2,125.41009
-2.6,5,125.423005
-2.0,1,125.425651
-2.9,7,125.443784
-2.0,1,125.446478
5.0,1,125.44925
6.0,1,125.451981
7.95,2,125.457278
-2.05,2,125.462479
-2.0,1,125.465305
-2.6,5,125.478197
-2.6,5,125.491435
-2.05,2,125.496716
-2.05,2,125.501879
8.0,1,125.504604
5.0,1,125.507308
-2.05,2,125.512876
-2.3,3,125.520957
-2.0,1,125.523427
7.45,4,125.532982
-2.05,2,125.537754
-2.05,2,125.542564
5.0,1,125.544851
5.0,1,125.547087
5.0,1,125.549369
-2.05,2,125.553749
5.95,2,125.558223
7.6,5,125.569609
-7.1,31,125.638529
8.0,1,125.640795
-2.0,1,125.642969
4.75,2,125.647438
-2.0,1,125.649668
4.75,2,125.654059
-2.1,3,125.660656
-2.0,1,125.662776
-2.1,3,125.668901
5.0,1,125.671045
-2.3,3,125.677475
-2.6,5,125.687791
5.0,1,125.689958
-2.3,3,125.696094
-2.1,3,125.702191
-2.0,1,125.704272
-2.0,1,125.70629
-2.05,2,125.710281
4.75,2,125.714391
-2.0,1,125.716436
7.35,6,125.728828
-2.0,1,125.730882
-2.65,6,125.74334
-2.75,8,125.759612
-2.0,1,125.761626
-2.05,2,125.765996
-2.0,1,125.768044
5.0,1,125.770118
5.0,1,125.772158
-2.25,6,125.784539
-2.65,6,125.797051
5.0,1,125.799227
-2.1,3,125.805779
-2.0,1,125.808008
-2.05,2,125.812147
5.0,1,125.814359
-2.05,2,125.818597
-2.1,3,125.825073
4.75,2,125.829565
7.95,2,125.833795
-3.2,9,125.852723
3.75,14,125.882001
-2.0,1,125.884072
-2.0,1,125.886328
7.75,2,125.890904
-2.45,6,125.903484
-3.05,6,125.915812
8.0,1,125.917949
-2.0,1,125.920021
8.0,1,125.922208
4.75,2,125.926458
-2.35,4,125.934911
-2.1,3,125.941324
6.0,1,125.943514
7.65,4,125.952029
-2.0,1,125.954149
-2.0,1,125.956392
-2.1,3,125.962944
4.75,2,125.967244
5.45,4,125.976244
-2.0,1,125.978521
6.0,1,125.98078
5.75,2,125.98505
-3.45,10,126.005829
-3.7,11,126.028898
-2.35,4,126.037163
-2.05,2,126.041319
5.95,2,126.045431
-2.05,2,126.049398
-3.1,7,126.063683
-2.05,2,126.067681
-2.0,1,126.069822
-2.9,7,126.083994
7.45,4,126.092138
-2.05,2,126.096138
5.0,1,126.098216
-2.0,1,126.100168
5.9,3,126.106343
4.75,2,126.110422
-2.1,3,126.116391
5.0,1,126.118492
-2.0,1,126.12058
-2.05,2,126.124665
-2.0,1,126.126682
-2.8,9,126.145001
-2.05,2,126.149199
5.95,2,126.153408
-2.1,3,126.159579
-3.1,7,126.174021
-3.45,10,127.671218
-2.15,4,127.679855
7.95,2,127.684412
-2.55,4,127.692966
-2.35,4,127.70176
-2.05,2,127.706264
-2.1,3,127.712775
-2.05,2,127.717189
5.0,1,127.719385
-2.0,1,127.721636
5.0,1,127.723902
-2.05,2,127.72849
-2.05,2,127.732846
5.0,1,127.735065
-2.05,2,127.739396
7.75,2,127.743762
-2.0,1,127.745994
-2.05,2,127.750358
-2.05,2,127.754725
4.75,2,127.75913
7.9,3,127.765673
7.95,2,127.770182
-2.15,4,127.779089
-2.0,1,127.781253
5.0,1,127.783503
5.0,1,127.786191
5.95,2,127.790638
-2.0,1,127.792804
-2.1,3,127.799344
-2.0,1,127.801554
8.0,1,127.803759
7.75,2,127.808165
-2.05,2,127.812815
-3.15,8,127.830547
-2.35,4,127.839459
-2.0,1,127.841722
-4.65,18,127.884696
-3.45,10,127.908539
7.75,2,127.91344
8.0,1,127.915872
-2.05,2,127.920673
-2.0,1,127.923234
7.75,2,127.928124
5.0,1,127.930561
-2.0,1,127.932944
5.75,2,127.93781
-2.1,3,127.944913
8.0,1,127.947294
-2.3,3,127.95433
-2.0,1,127.956712
5.85,4,127.966142
-2.0,1,127.968503
-2.05,2,127.97314
-2.1,3,127.980084
7.8,5,127.991973
7.95,2,127.996716
-2.3,3,128.003818
7.75,2,128.008141
-2.05,2,128.01245
-2.0,1,128.014555
-2.0,1,128.016734
-2.0,1,128.018961
-2.1,3,128.025744
7.9,3,128.032338
5.95,2,128.036781
-2.05,2,128.041133
-2.05,2,128.045501
-2.35,4,128.054091
-3.6,9,128.073616
-3.75,12,128.099322
-2.05,2,128.103698
-2.0,1,128.10592
-2.05,2,128.110301
-2.4,5,128.121092
5.0,1,128.123387
-2.05,2,128.127725
-2.0,1,128.129947
-2.05,2,128.134323
-2.05,2,128.138695
5.75,2,128.143099
8.0,1,128.145347
-7.3,23,128.194614
8.0,1,128.19693
3.9,11,128.220587
7.4,5,128.231628
-2.05,2,128.235999
5.0,1,128.238435
-2.35,4,128.24708
-2.1,3,128.253711
7.75,2,128.257993
5.95,2,128.262445
-2.1,3,128.268915
8.0,1,128.271095
-2.65,6,128.284285
-2.05,2,128.288726
-2.35,4,128.297474
8.0,1,128.299753
5.0,1,128.301988
-2.05,2,128.306282
-2.05,2,128.310622
-2.0,1,128.31286
-2.1,3,128.3195
-2.35,4,128.32862
-2.3,3,128.33503
-2.05,2,128.339384
-2.1,3,128.34593
-2.05,2,128.350368
-4.3,15,128.38369
7.6,5,128.394713
-2.0,1,128.396899
-2.05,2,128.401343
-2.7,7,128.416711
-5.05,18,128.45553
-2.05,2,128.45984
-2.15,4,128.468395
-2.1,3,128.474788
7.95,2,128.479248
6.0,1,128.481475
8.0,1,128.483663
-2.0,1,128.485808
-2.05,2,128.490106
-2.7,7,128.505934
-2.05,2,128.510276
-2.6,5,128.521133
-2.05,2,128.525455
-2.6,5,128.536397
7.9,3,128.543218
-2.1,3,128.54992
5.0,1,128.552195
5.2,5,128.563302
-2.1,3,128.570044
-4.7,15,128.603153
-2.0,1,128.605478
5.0,1,128.607802
-2.85,6,128.621169
-2.0,1,128.623305
-2.0,1,128.625607
-2.2,5,128.636415
8.0,1,128.638659
-3.3,7,128.653876
-2.0,1,128.65606
5.0,1,128.658243
5.9,3,128.664933
-2.0,1,128.667035
-2.05,2,128.671444
-2.05,2,128.675862
-2.4,5,128.686763
-2.1,3,128.693298
-2.2,5,128.704026
5.0,1,128.706501
-2.0,1,128.708767
-2.0,1,128.711016
-2.05,2,128.715406
-2.0,1,128.717637
-2.3,3,128.724188
-2.0,1,128.726415
-2.05,2,128.730839
4.75,2,128.735273
-2.0,1,128.737477
-2.05,2,128.741831
5.0,1,128.744136
-2.05,2,128.748512
-3.2,9,128.768018
5.0,1,128.770331
-2.05,2,128.774804
8.0,1,128.777093
-2.05,2,128.781656
-2.05,2,128.786233
-2.1,3,130.326836
8.0,1,130.329289
7.75,2,130.33381
-2.0,1,130.336087
-2.3,3,130.342739
-2.0,1,130.345043
-2.6,5,130.355798
-2.0,1,130.358053
8.0,1,130.360341
-2.8,5,130.371337
-2.1,3,130.378289
-3.4,9,130.398436
6.0,1,130.400774
-2.0,1,130.402977
-2.05,2,130.407497
-2.15,4,130.41674
5.0,1,130.419082
6.0,1,130.42142
-2.0,1,130.423624
5.0,1,130.425859
7.15,6,130.438998
7.95,2,130.443378
-6.0,25,130.498844
5.0,1,130.501129
-2.0,1,130.503353
-2.05,2,130.507806
-2.1,3,130.514587
-2.6,5,130.525641
5.0,1,130.527964
-2.3,3,130.534672
-2.75,8,130.552798
5.85,4,130.561877
7.75,2,130.56662
-2.0,1,130.568982
8.0,1,130.571369
5.75,2,130.575977
7.15,6,130.589324
-2.0,1,130.591446
-2.05,2,130.595684
-2.05,2,130.600157
-2.05,2,130.604595
6.0,1,130.606777
-2.1,3,130.613965
6.0,1,130.616339
-2.05,2,130.620898
-2.0,1,130.62313
-2.0,1,130.625368
8.0,1,130.627795
-2.6,5,130.63869
-8.35,32,130.709532
7.95,2,130.714482
-2.65,6,130.727455
5.75,2,130.731828
6.75,10,130.753742
-2.1,3,130.760752
5.95,2,130.765168
7.2,5,130.776072
-3.5,11,130.801989
7.75,6,130.815847
-3.75,12,130.843612
-2.0,1,130.845917
-2.8,5,130.856703
6.0,1,130.858992
5.0,1,130.861245
-2.35,4,130.870042
6.0,1,130.872213
-2.1,3,130.878756
5.95,2,130.883436
5.75,2,130.888074
-2.0,1,130.890314
-2.0,1,130.89258
-3.4,9,130.912878
-2.05,2,130.917605
4.75,2,130.922328
5.9,3,130.929711
-2.05,2,130.934414
-2.95,8,130.953594
8.0,1,130.956036
-2.0,1,130.958398
-2.0,1,130.960743
-2.15,4,130.970527
6.0,1,130.973163
-2.65,6,130.987314
-2.0,1,130.989674
-2.0,1,130.991998
-2.65,6,131.006035
4.2,9,131.027644
7.75,2,131.032378
-6.35,32,131.110469
5.0,1,131.112891
5.95,2,131.117662
5.0,1,131.120127
-2.05,2,131.124775
-2.0,1,131.127156
-2.3,3,131.134362
7.95,2,131.139543
-3.3,7,131.15623
-2.05,2,131.160892
-2.1,3,131.167717
5.45,4,131.177083
-2.0,1,131.179375
-2.05,2,131.18435
5.9,3,131.191447
5.0,1,131.193853
-2.0,1,131.196249
5.0,1,131.198589
-2.0,1,131.200985
-2.0,1,131.20331
-4.85,14,131.236504
-2.05,2,131.241154
4.75,2,131.245778
7.9,3,131.25262
5.0,1,131.254925
-2.05,2,131.259447
-2.15,4,131.269207
-4.0,17,131.308942
-2.3,3,131.31597
-2.1,3,131.322929
8.0,1,131.325376
7.95,2,131.330096
-2.05,2,131.33478
-2.8,5,131.346415
7.95,2,131.351216
5.0,1,131.353794
-2.1,3,131.360789
5.95,2,131.365494
-2.1,3,131.372466
-2.05,2,131.377188
-2.05,2,131.381899
-2.4,5,131.394849
-2.85,6,131.410534
-2.05,2,131.415792
-2.35,4,131.426183
5.0,1,131.428857
-2.2,5,131.441652
5.75,2,131.446883
-2.35,4,131.456523
-3.35,8,131.476
6.0,1,131.478433
7.95,2,131.48351
-2.0,1,131.485883
-2.15,4,131.495361
5.0,1,131.497924
4.75,2,131.502586
-2.35,4,133.124486
-2.0,1,133.126884
-2.0,1,133.129176
8.0,1,133.131488
-3.2,9,133.151311
-2.1,3,133.157887
-2.3,3,133.164736
-2.05,2,133.169299
-4.2,13,133.198112
-2.0,1,133.200291
5.0,1,133.202547
-2.05,2,133.206951
-2.1,3,133.213577
5.0,1,133.215874
8.0,1,133.218346
5.0,1,133.220632
-2.0,1,133.222825
-2.0,1,133.225139
8.0,1,133.227413
-2.35,4,133.236384
-2.15,4,133.245251
5.9,3,133.252098
-4.15,12,133.279095
7.75,2,133.283822
-2.05,2,133.28867
-2.15,4,133.297601
-2.0,1,133.299765
-2.0,1,133.301949
4.75,2,133.306398
-2.0,1,133.308559
-2.0,1,133.310737
7.85,4,133.3197
8.0,1,133.32199
8.0,1,133.324215
4.75,2,133.328819
5.9,3,133.335476
-2.8,5,133.346754
8.0,1,133.349023
-2.0,1,133.351201
-8.4,29,133.417266
-2.05,2,133.42214
5.95,2,133.427044
-2.05,2,133.431852
-2.05,2,133.436559
-2.1,3,133.44364
-2.0,1,133.446066
7.95,2,133.450883
-2.4,5,133.462912
-3.45,10,133.487001
-2.0,1,133.489468
5.0,1,133.491912
-2.0,1,133.494245
-2.05,2,133.498974
8.0,1,133.501408
-2.0,1,133.503825
-2.0,1,133.506175
7.95,2,133.511155
-2.1,3,133.518287
7.95,2,133.52294
6.85,8,133.542344
-2.1,3,133.549647
5.0,1,133.552152
-2.0,1,133.554585
-2.3,3,133.56179
5.95,2,133.566574
4.75,2,133.571383
-2.05,2,133.576173
7.45,4,133.586067
-2.05,2,133.59078
-2.1,3,133.597931
-3.6,9,133.620471
-3.2,9,133.643544
5.0,1,133.64625
-2.95,8,133.666719
-2.45,6,133.681454
-2.0,1,133.684049
-2.1,3,133.691496
-6.3,23,133.747189
-7.65,26,133.808963
-2.05,2,133.813695
-2.15,4,133.823234
4.75,2,133.828252
-2.0,1,133.830565
-2.1,3,133.837906
-2.0,1,133.840218
-2.05,2,133.845117
-2.0,1,133.84749
-2.05,2,133.852387
7.95,2,133.857411
-2.35,4,133.867037
5.95,2,133.872391
-2.65,6,133.886724
-2.65,6,133.901043
4.75,2,133.905979
6.0,1,133.908488
7.95,2,133.913556
-2.0,1,133.915964
-2.7,7,133.932491
-2.0,1,133.934924
-2.05,2,133.939713
-2.85,6,133.954148
5.0,1,133.956853
-2.0,1,133.959276
-2.1,3,133.966508
5.0,1,133.96914
-2.6,5,133.980937
6.0,1,133.98351
-2.05,2,133.988913
7.9,3,133.996741
8.0,1,133.999361
7.75,2,134.004615
-2.3,3,134.012378
-2.4,5,134.025448
6.0,1,134.028198
-2.0,1,134.030896
8.0,1,134.033602
-2.85,6,134.049322
-2.05,2,134.054508
-2.35,4,134.064814
7.45,4,134.075242
7.75,2,134.080519
-2.05,2,134.085804
4.75,2,134.091108
-2.35,4,134.101636
8.0,1,134.104233
-2.05,2,134.109446
5.0,1,134.112067
-3.35,8,134.131665
8.0,1,134.134168
7.45,4,134.144016
5.0,1,134.146461
-3.1,7,134.163116
-2.05,2,134.167913
5.0,1,134.170386
-2.0,1,134.172829
5.0,1,134.175316
6.0,1,134.177833
-2.9,7,134.194974
5.0,1,134.197427
-2.05,2,134.202303
-2.0,1,134.204889
-2.05,2,134.20985
8.0,1,134.212449
-2.05,2,134.217017
-2.1,3,134.223794
-6.4,25,134.279146
-2.0,1,134.281446
-2.0,1,134.283686
-2.6,5,134.294739
7.9,3,134.301848
-2.0,1,134.304039
-2.1,3,134.310802
4.75,2,134.315341
-6.4,25,135.944034
7.95,2,135.948563
-3.65,10,135.971406
8.0,1,135.973643
5.45,4,135.982417
-2.7,7,135.997747
-2.6,5,136.008973
-2.05,2,136.01343
4.75,2,136.018091
-2.1,3,136.024655
8.0,1,136.026865
-2.05,2,136.031508
-2.15,4,136.04053
-2.0,1,136.042835
-2.05,2,136.047391
8.0,1,136.049674
-2.0,1,136.051856
-2.05,2,136.056412
5.4,5,136.067783
-6.8,25,136.123593
8.0,1,136.125898
-2.4,5,136.137238
-2.55,4,136.146238
5.0,1,136.148598
7.85,4,136.157483
-2.35,4,136.166498
-8.55,32,136.239103
-2.0,1,136.241445
-2.0,1,136.243638
-2.0,1,136.246003
-4.3,11,136.270885
-2.0,1,136.273232
-2.0,1,136.275529
5.7,3,136.282321
-2.05,2,136.286928
8.0,1,136.289243
5.0,1,136.291579
-3.15,8,136.309958
-2.35,4,136.319301
-2.1,3,136.326133
4.75,2,136.33083
5.7,3,136.33772
-2.15,4,136.346689
7.15,6,136.360309
-2.65,6,136.373871
7.95,2,136.378531
5.45,4,136.387632
7.65,4,136.397012
-2.4,5,136.408322
-2.0,1,136.410516
-2.0,1,136.412877
8.0,1,136.415104
6.0,1,136.417379
-3.15,8,136.435391
-2.15,4,136.444324
5.75,2,136.448757
-7.15,32,136.520714
-2.1,3,136.527636
-2.3,3,136.534655
5.0,1,136.536994
7.95,2,136.541556
-2.05,2,136.546034
-2.05,2,136.550461
-2.0,1,136.552722
7.65,4,136.562045
6.0,1,136.564409
-2.6,5,136.576315
-2.1,3,136.583014
-2.8,5,136.594226
-2.15,4,136.603532
-2.3,3,136.610459
5.0,1,136.612872
-2.1,3,136.619876
8.0,1,136.622263
7.9,3,136.629158
5.0,1,136.63159
5.0,1,136.634009
5.9,3,136.640893
-2.0,1,136.643208
5.0,1,136.645569
-3.05,6,136.65886
-7.95,32,136.730775
-2.0,1,136.733086
8.0,1,136.735403
-2.35,4,136.74437
-2.15,4,136.753231
4.75,2,136.757846
5.45,4,136.766758
-2.15,4,136.775694
-2.1,3,136.782361
-2.0,1,136.784661
-4.0,13,136.815418
-2.4,5,136.827556
-3.15,8,136.84661
5.0,1,136.849065
7.45,4,136.858985
-2.15,4,136.868136
-2.0,1,136.870368
-4.15,12,136.896652
-2.3,3,136.903403
-2.45,6,136.9167
-3.55,12,136.943508
7.75,2,136.94789
-3.45,10,136.969785
-2.55,4,136.978572
4.75,2,136.983005
5.65,4,136.992182
-2.0,1,136.994401
-2.6,5,137.00539
-2.0,1,137.007566
4.75,2,137.012007
-2.1,3,137.018802
-2.1,3,137.02561
-2.0,1,137.027939
-2.05,2,137.032434
7.95,2,137.036872
-2.0,1,137.039089
-2.1,3,137.045682
-2.55,4,137.054532
-3.9,11,138.519115
8.0,1,138.521317
5.95,2,138.525438
8.0,1,138.527473
5.65,4,138.535416
7.55,6,138.547263
-2.0,1,138.549261
-3.15,8,138.564934
-2.35,4,138.573327
-2.0,1,138.57538
-4.3,15,138.613537
-2.0,1,138.616385
-2.15,4,138.625571
-2.05,2,138.629794
-2.05,2,138.63398
5.0,1,138.636101
-2.0,1,138.63817
-2.0,1,138.640304
-2.1,3,138.646722
6.6,13,138.674472
-2.1,3,138.681311
-6.9,27,138.740119
6.0,1,138.742391
-2.2,5,138.753374
-2.0,1,138.755552
-2.1,3,138.762305
-2.0,1,138.764578
-6.2,25,138.821004
-2.05,2,138.825428
8.0,1,138.827679
4.75,2,138.832149
-2.0,1,138.834348
-2.0,1,138.836555
4.75,2,138.841103
-2.0,1,138.843338
-2.7,7,138.85923
8.0,1,138.86143
-2.3,3,138.868112
6.0,1,138.870518
-5.2,21,138.917315
6.0,1,138.91961
-2.3,3,138.926321
-2.05,2,138.930922
6.0,1,138.933224
-2.0,1,138.935427
-4.6,13,138.964748
5.65,4,138.973708
-2.75,8,138.99157
5.0,1,138.993927
3.45,28,139.056296
8.0,1,139.058551
-2.0,1,139.060791
-2.05,2,139.065281
4.75,2,139.069729
7.9,3,139.076495
-2.65,6,139.089459
7.75,2,139.094061
-2.4,5,139.105123
-2.55,4,139.113786
-2.1,3,139.120568
-2.05,2,139.125067
7.85,4,139.133859
-2.05,2,139.138278
6.0,1,139.140606
-2.15,4,139.14935
5.9,3,139.156167
-2.0,1,139.158479
5.75,2,139.16349
-2.15,4,139.172373
5.0,1,139.174713
-2.0,1,139.177119
-2.2,5,139.188795
-5.6,17,139.226719
4.85,8,139.244612
7.95,2,139.249313
-2.0,1,139.25157
6.0,1,139.25396
-2.05,2,139.258475
7.9,3,139.265324
7.95,2,139.26985
-2.4,5,139.280589
8.0,1,139.282941
-2.0,1,139.285238
5.0,1,139.287552
7.75,2,139.292698
-2.05,2,139.297183
-6.75,24,139.352022
-2.05,2,139.356629
-2.05,2,139.361234
-2.0,1,139.363604
-2.05,2,139.368173
-2.05,2,139.372622
-2.8,5,139.383705
5.75,2,139.388314
-2.0,1,139.390511
-2.05,2,139.395116
-2.0,1,139.397387
-3.3,11,139.42351
5.0,1,139.426029
-2.05,2,139.430828
-2.05,2,139.435511
6.0,1,139.438
-2.0,1,139.440363
-2.05,2,139.445138
-3.15,8,139.464512
-2.05,2,139.469548
-2.0,1,139.472101
-2.6,5,139.484574
-2.15,4,139.494489
8.0,1,139.497156
-2.05,2,139.502189
-2.0,1,139.50465
5.0,1,139.507217
-2.3,3,139.514723
-2.05,2,139.519617
-2.65,6,139.534057
8.0,1,139.536581
-3.8,13,139.566491
-6.65,26,139.624367
8.0,1,139.626537
5.0,1,139.628846
-2.0,1,139.631128
4.4,9,139.651299
-2.0,1,139.653548
6.15,14,141.234689
6.0,1,141.236947
-2.0,1,141.239169
-2.0,1,141.241678
-2.05,2,141.245932
-2.35,4,141.255006
-2.0,1,141.257466
8.0,1,141.259756
6.0,1,141.261894
-2.05,2,141.266019
-2.05,2,141.270255
-2.1,3,141.27674
-2.05,2,141.280801
-2.0,1,141.282867
-3.1,7,141.297558
-2.05,2,141.301602
-2.05,2,141.305663
-2.7,7,141.320115
5.75,2,141.324348
7.45,4,141.332861
-2.0,1,141.334915
8.0,1,141.337441
-2.05,2,141.341583
-2.05,2,141.345762
-3.75,12,141.370356
-2.0,1,141.372432
4.75,2,141.376585
-2.6,5,141.387426
5.0,1,141.389571
5.0,1,141.391708
-2.65,6,141.404156
-3.1,7,141.41931
5.85,4,141.427802
5.9,3,141.434469
6.0,1,141.436677
-2.35,4,141.445084
-2.1,3,141.451464
5.75,2,141.455718
-2.05,2,141.460017
5.0,1,141.462252
6.0,1,141.464586
-2.3,3,141.470937
-2.7,7,141.486913
-5.0,17,141.52488
6.0,1,141.527236
6.0,1,141.529551
4.75,2,141.534011
-2.0,1,141.536254
-2.35,4,141.544913
-2.05,2,141.549421
-2.0,1,141.55172
7.4,5,141.56273
-2.1,3,141.569325
5.0,1,141.571626
5.4,5,141.582605
-2.2,5,141.593688
7.95,2,141.598109
-2.35,4,141.607644
7.75,2,141.612053
7.75,2,141.616609
7.9,3,141.623312
4.2,21,141.669486
7.95,2,141.673975
-2.0,1,141.676255
8.0,1,141.678797
-2.0,1,141.680974
-3.7,11,141.705454
5.9,3,141.712101
-2.05,2,141.716496
5.0,1,141.718798
8.0,1,141.721257
-2.05,2,141.726299
7.95,2,141.731215
-2.0,1,141.733667
-2.1,3,141.740972
-2.1,3,141.748204
5.0,1,141.750661
-2.05,2,141.755482
7.95,2,141.760337
-2.35,4,141.770563
6.0,1,141.773113
6.0,1,141.775586
-2.3,3,141.782891
-2.0,1,141.785349
-2.05,2,141.790205
-2.1,3,141.797581
5.0,1,141.800143
5.0,1,141.802665
-2.0,1,141.805141
-2.05,2,141.810067
-2.05,2,141.815175
-2.05,2,141.819994
-2.05,2,141.824742
-4.8,17,141.866194
4.75,2,141.870965
-2.05,2,141.875689
-3.7,11,141.902146
7.45,4,141.911887
-2.4,5,141.924111
-2.15,4,141.934014
-2.1,3,141.941335
-2.1,3,141.948709
7.75,2,141.953672
7.1,7,141.97097
5.95,2,141.97593
-2.0,1,141.978491
7.95,2,141.983459
8.0,1,141.986017
-2.1,3,141.993438
5.45,4,142.003211
7.95,2,142.008126
-4.55,16,142.047228
6.0,1,142.049735
-3.2,9,142.071442
-2.3,3,142.07887
-3.45,10,142.103271
-2.65,6,142.117949
6.0,1,142.120471
-2.0,1,142.122863
6.45,12,142.150429
-2.55,4,142.159463
7.95,2,142.164123
5.0,1,142.166412
-2.0,1,142.168615
-2.0,1,142.170876
-2.0,1,142.173212
-2.0,1,142.175468
8.0,1,142.177983
-2.4,5,142.189955
-2.05,2,142.195287
7.9,3,142.20288
-2.0,1,142.205321
-2.0,1,142.207722
-2.05,2,142.212592
5.0,1,142.215045
-2.35,4,142.22477
-2.0,1,142.227216
7.95,2,142.231976
-2.1,3,142.23948
-2.6,5,142.251569
-2.0,1,142.254136
-2.05,2,142.258918
-2.85,6,142.273264
-2.05,2,142.278154
-6.5,27,142.340134
-2.0,1,142.342465
-2.05,2,142.346888
5.75,2,142.351537
5.0,1,142.35389
-2.8,5,142.365479
-2.55,4,142.374236
-2.3,3,142.381168
-4.15,12,144.029478
-2.05,2,144.033908
-2.0,1,144.036432
-2.0,1,144.03858
7.75,6,144.052396
-2.35,4,144.061323
7.85,4,144.070508
-2.0,1,144.072851
-2.0,1,144.075076
-2.0,1,144.077303
5.0,1,144.079639
8.0,1,144.081921
5.0,1,144.084241
5.45,4,144.093395
-2.7,7,144.109067
-2.05,2,144.113634
-2.0,1,144.115823
-2.0,1,144.118135
5.9,3,144.124839
5.0,1,144.127086
5.0,1,144.129402
-2.4,5,144.140822
-2.8,5,144.151772
5.0,1,144.154159
4.3,19,144.196762
-2.05,2,144.201175
-2.1,3,144.208019
-3.3,11,144.232759
-2.1,3,144.240016
-2.05,2,144.244953
7.95,2,144.249861
6.0,1,144.252371
-2.0,1,144.254804
-2.05,2,144.25965
-2.05,2,144.264472
-2.0,1,144.266893
-2.1,3,144.274081
-3.1,7,144.291312
-2.0,1,144.293787
-2.05,2,144.298519
-2.0,1,144.301008
5.95,2,144.305972
-2.15,4,144.315878
8.0,1,144.318505
4.75,2,144.323523
-2.05,2,144.328466
-3.1,7,144.345253
8.0,1,144.347765
-2.0,1,144.35018
-2.1,3,144.357435
7.9,3,144.364532
-3.35,8,144.383765
-2.1,3,144.391098
5.95,2,144.396093
7.75,2,144.400968
-2.05,2,144.405742
4.75,2,144.410915
-2.05,2,144.415699
7.95,2,144.420493
-2.35,4,144.429993
-2.0,1,144.432414
-2.0,1,144.434752
-2.35,4,144.443921
-2.1,3,144.45099
-2.0,1,144.45339
5.35,18,144.495603
-2.6,5,144.507198
-2.15,4,144.516338
-2.85,6,144.530004
7.65,4,144.539301
-2.65,6,144.553005
-2.05,2,144.557504
6.0,1,144.559864
5.0,1,144.562218
5.75,2,144.566871
-3.8,13,144.596752
-2.05,2,144.601384
-6.0,21,144.65064
5.0,1,144.65316
8.0,1,144.655619
-2.05,2,144.660505
7.95,2,144.665474
8.0,1,144.667971
-2.0,1,144.670421
7.9,3,144.677677
-2.0,1,144.680173
7.85,4,144.689929
6.0,1,144.692359
-2.05,2,144.697309
-2.0,1,144.699658
7.75,6,144.7142
4.75,2,144.71892
-2.05,2,144.72358
-7.35,32,144.802552
7.7,3,144.810149
5.0,1,144.812695
-2.05,2,144.817645
-3.05,6,144.832546
6.55,10,144.857575
-2.0,1,144.860045
7.9,3,144.867332
7.4,5,144.879749
5.95,2,144.884687
-2.45,6,144.898902
8.0,1,144.901445
5.15,6,144.915871
-2.05,2,144.920838
-2.05,2,144.925703
-2.0,1,144.928166
-3.75,12,144.957107
8.0,1,144.959551
-2.0,1,144.961883
7.6,5,144.974354
-2.15,4,144.984185
-2.05,2,144.989039
6.0,1,144.991391
4.75,2,144.996477
7.95,2,145.001489
-2.05,2,145.006614
-2.05,2,145.011496
-3.85,10,145.035682
-2.95,8,145.055367
-2.0,1,145.057752
-2.0,1,145.060173
-2.05,2,145.06501
-2.15,4,145.074657
7.9,3,145.081862
6.0,1,145.084305
8.0,1,145.08669
-2.05,2,145.091589
-2.05,2,145.096411
-2.1,3,145.10356
-2.0,1,145.105994
-2.0,1,145.108346
-2.05,2,145.113425
-2.15,4,145.123071
5.0,1,145.125626
-2.1,3,145.132925
-2.0,1,145.135679
5.0,1,145.13817
5.9,3,145.145549
-2.0,1,145.148015
5.7,3,145.155586
-2.05,2,145.160483
-2.05,2,145.165545
5.0,1,145.168236
6.95,10,145.193164
6.65,8,145.212677
8.0,1,145.215193
6.0,1,145.217752
8.0,1,145.2206
-2.0,1,145.222979
7.9,3,145.230278
6.7,7,145.247248
7.75,6,146.999102
5.0,1,147.001825
-3.85,10,147.027293
7.9,3,147.034188
-2.0,1,147.036543
-2.0,1,147.038812
-4.9,19,147.082506
6.0,1,147.084929
-2.0,1,147.087222
-2.05,2,147.091844
5.95,2,147.096627
7.95,2,147.101256
7.9,3,147.108327
-2.05,2,147.112894
7.7,3,147.119628
5.0,1,147.121873
-2.0,1,147.124045
-2.1,3,147.130879
5.9,3,147.137637
8.0,1,147.140153
-2.6,5,147.151453
7.85,4,147.160535
-2.0,1,147.162821
-2.65,6,147.176371
-4.75,16,147.212694
6.0,1,147.214938
6.0,1,147.217189
7.95,2,147.221612
5.75,2,147.226232
5.0,1,147.228489
-2.15,4,147.237438
-2.15,4,147.246579
7.75,2,147.251093
7.75,2,147.255534
7.75,2,147.260043
-2.65,6,147.273966
5.75,2,147.27865
-2.05,2,147.283526
-2.0,1,147.285778
5.0,1,147.288105
6.0,1,147.290485
-2.0,1,147.292663
-2.55,4,147.301761
-2.0,1,147.304055
-2.0,1,147.306264
-2.05,2,147.311207
-3.1,7,147.326865
-2.95,8,147.344843
-2.0,1,147.347108
7.95,2,147.351704
-2.1,3,147.358601
-2.1,3,147.365322
5.6,5,147.376703
5.0,1,147.379055
-2.05,2,147.383682
-2.0,1,147.386001
-2.0,1,147.388252
-2.0,1,147.390519
-2.0,1,147.392833
-2.3,3,147.399728
-2.05,2,147.404429
6.0,1,147.407147
-5.7,19,147.453421
-2.3,3,147.460708
-2.0,1,147.463069
-2.0,1,147.465448
-2.0,1,147.467797
4.75,22,147.519477
-2.0,1,147.521796
6.0,1,147.5244
4.75,2,147.529024
7.95,2,147.533527
5.0,1,147.535722
-2.0,1,147.537898
7.95,2,147.542302
4.75,2,147.546776
-8.15,32,147.620534
6.0,1,147.622769
5.0,1,147.624983
5.0,1,147.627189
-2.0,1,147.629321
7.5,7,147.644619
6.0,1,147.64678
-2.15,4,147.65553
7.75,2,147.660062
6.0,1,147.662247
-2.35,4,147.671253
-2.6,5,147.682337
5.9,3,147.689127
-2.1,3,147.695689
-2.4,5,147.706387
-2.15,4,147.714998
-2.05,2,147.719123
-2.05,2,147.723272
-2.05,2,147.727535
8.0,1,147.729539
5.0,1,147.731656
7.85,4,147.739697
6.0,1,147.741664
7.9,3,147.747581
-2.0,1,147.749698
-2.0,1,147.751764
-2.05,2,147.755801
-2.0,1,147.757933
-2.05,2,147.762097
6.0,1,147.76424
-2.05,2,147.768455
5.9,3,147.774773
8.0,1,147.776924
-2.15,4,147.785456
-4.2,13,147.813109
-2.0,1,147.815385
-2.05,2,147.819623
-2.35,4,147.828329
8.0,1,147.830474
-2.1,3,147.836926
-2.0,1,147.839155
7.9,3,147.845876
-2.55,4,147.854651
8.0,1,147.857018
-2.05,2,147.861509
-2.1,3,147.86858
5.0,1,147.871008
-2.05,2,147.875592
7.95,2,147.880059
4.75,2,147.884641
5.9,3,147.891593
-6.35,24,147.947002
5.0,1,147.949375
5.0,1,147.95173
5.95,2,147.956473
-2.1,3,147.963411
8.0,1,147.965768
7.9,3,147.972533
7.0,9,147.993335
5.75,2,147.998183
-2.9,7,148.014649
-2.0,1,148.017076
4.75,2,148.021879
-2.45,6,148.035446
7.95,2,148.040021
6.95,10,148.061979
7.9,3,148.068295
-3.2,9,148.087333
-2.2,5,148.097906
5.0,1,148.099923
6.0,1,148.101964
-2.15,4,148.109829
5.9,3,148.115797
-2.0,1,148.117868
7.15,6,148.13056
8.0,1,148.132729
-2.05,2,148.136826
-2.0,1,148.138718
5.95,2,148.142485
-2.3,3,149.544457
4.75,2,149.548676
4.75,2,149.552858
-2.7,7,149.567196
7.5,7,149.581809
7.75,2,149.585938
8.0,1,149.587989
8.0,1,149.590075
5.0,1,149.592208
-4.4,13,149.619374
5.0,1,149.621549
7.55,6,149.63373
-2.15,4,149.641845
7.75,2,149.646137
5.75,2,149.650168
-2.0,1,149.652292
8.0,1,149.654495
-3.6,9,149.673121
-2.05,2,149.677538
-2.95,8,149.695041
8.0,1,149.697299
-2.0,1,149.699884
7.9,3,149.706645
6.0,1,149.708952
6.0,1,149.711198
-2.1,3,149.717781
-2.0,1,149.720027
7.95,2,149.724513
-2.0,1,149.72666
-2.0,1,149.728797
-2.1,3,149.735384
-2.05,2,149.73992
5.0,1,149.742405
-2.0,1,149.744626
-2.45,6,149.758005
7.55,6,149.771288
-2.05,2,149.775662
-3.35,8,149.793441
7.45,4,149.803352
-2.0,1,149.805958
-2.9,7,149.823396
-5.0,21,149.872532
7.95,2,149.876927
-2.05,2,149.881221
7.3,7,149.896553
7.9,3,149.903068
-3.35,8,149.920583
-2.15,4,149.929446
6.0,1,149.931792
-2.05,2,149.936197
7.9,3,149.942899
5.0,1,149.945137
-4.7,15,149.978388
-4.2,13,150.006846
5.95,2,150.011318
-2.1,3,150.017794
5.0,1,150.019996
7.7,3,150.026612
-4.25,18,150.065684
5.75,2,150.069984
-2.25,6,150.082944
-2.0,1,150.085263
4.75,2,150.089722
-2.0,1,150.091818
-2.0,1,150.093993
-2.0,1,150.096146
6.0,1,150.098538
4.75,2,150.102942
-2.05,2,150.107215
-2.05,2,150.111499
5.0,1,150.113739
5.95,2,150.118102
5.95,2,150.122391
8.0,1,150.124532
-2.05,2,150.128954
7.9,3,150.135536
7.4,5,150.146523
5.0,1,150.14868
4.75,2,150.152979
-2.1,3,150.159356
-2.05,2,150.163705
-2.0,1,150.165883
-3.45,10,150.187799
-3.2,9,150.207446
-2.1,3,150.214331
-3.35,8,150.232254
-2.05,2,150.23661
8.0,1,150.238782
-2.0,1,150.240929
8.0,1,150.243144
5.2,5,150.254049
5.65,4,150.262764
4.75,2,150.267315
7.95,2,150.271723
-2.2,5,150.283029
5.95,2,150.287532
8.0,1,150.289816
8.0,1,150.292018
-2.6,5,150.303042
-2.0,1,150.305338
7.95,2,150.309678
6.85,8,150.326632
7.9,3,150.333067
-2.05,2,150.337382
6.6,9,150.357213
7.4,5,150.36819
-2.2,5,150.379145
-2.05,2,150.383583
5.0,1,150.385909
7.9,3,150.392619
-2.05,2,150.39698
-2.0,1,150.399207
-4.15,12,150.425215
6.0,1,150.427569
7.95,2,150.432091
-2.05,2,150.436497
7.95,2,150.440957
5.95,2,150.44544
-2.05,2,150.449797
-2.35,4,150.458637
-2.7,7,150.473902
6.0,1,150.476076
-2.9,7,150.491259
7.65,4,150.500356
5.95,2,150.504808
7.9,3,150.511609
-2.7,7,150.526943
-2.35,4,150.535904
-2.35,4,150.544945
-3.4,9,150.564864
7.45,4,150.573561
-2.0,1,150.575719
-2.05,2,150.580186
-2.1,3,150.586685
4.75,2,150.591156
-2.35,4,150.599984
-2.05,2,150.604305
5.0,1,150.606522
7.8,5,150.617509
-2.0,1,150.61964
-2.05,2,150.623941
-2.05,2,150.628192
-2.15,4,150.636899
7.65,4,150.646102
-2.85,6,150.659818
8.0,1,150.662258
5.75,2,152.274714
5.45,4,152.284073
-2.05,2,152.288679
-2.05,2,152.29323
-2.05,2,152.297921
-6.85,30,152.368747
8.0,1,152.371166
-2.05,2,152.376043
7.35,6,152.390814
-2.45,6,152.405457
6.0,1,152.407974
-2.05,2,152.412924
6.0,1,152.415549
-2.0,1,152.418094
8.0,1,152.420715
5.0,1,152.423239
-7.8,29,152.49258
-4.05,14,152.525759
6.95,6,152.539916
-2.0,1,152.542274
-2.65,6,152.556151
8.0,1,152.558738
7.95,2,152.563442
5.95,2,152.568133
-2.0,1,152.570461
-2.0,1,152.572741
7.9,3,152.579818
7.95,2,152.584529
7.9,3,152.591523
7.75,2,152.596375
-2.1,3,152.603348
7.95,2,152.607935
-4.05,14,152.640166
5.0,1,152.642523
7.95,2,152.64736
-2.05,2,152.652012
5.95,2,152.656695
-2.0,1,152.658955
7.9,3,152.665837
-2.15,4,152.675153
7.4,5,152.68685
-2.6,5,152.698627
-2.1,3,152.705831
5.0,1,152.708215
7.15,10,152.731807
8.0,1,152.734267
5.0,1,152.736728
8.0,1,152.739124
-3.1,7,152.755436
7.9,3,152.762611
-2.65,6,152.776014
7.95,2,152.780616
-2.05,2,152.785151
7.2,9,152.805122
5.95,2,152.809577
5.75,2,152.814161
6.1,15,152.847628
8.0,1,152.849936
-2.05,2,152.854394
-2.15,4,152.863438
7.95,2,152.868113
5.95,2,152.872792
4.75,2,152.877458
7.9,3,152.884174
-2.7,7,152.900136
4.75,2,152.904562
7.9,3,152.910999
7.7,3,152.917628
-2.05,2,152.922001
-2.05,2,152.926353
-2.05,2,152.930743
5.0,1,152.93315
4.75,2,152.937556
-2.0,1,152.93975
7.95,2,152.944409
7.6,5,152.955227
4.75,2,152.959536
-2.0,1,152.961642
5.95,2,152.966048
-2.0,1,152.968223
8.0,1,152.970407
5.9,3,152.976927
-2.0,1,152.979048
5.9,3,152.985716
5.0,1,152.987872
-2.05,2,152.992052
7.9,3,152.998577
-2.45,6,153.011502
5.0,1,153.013808
6.0,1,153.016065
-6.8,29,153.080064
-2.1,3,153.086614
7.75,2,153.090947
-5.35,16,153.126574
-2.15,4,153.135509
-2.4,5,153.146289
4.65,8,153.163586
5.0,1,153.165761
7.7,3,153.172278
7.95,2,153.176597
6.0,1,153.178763
8.0,1,153.180981
-2.05,2,153.185294
-2.1,3,153.191858
-2.6,5,153.202852
-2.35,4,153.211547
6.0,1,153.213794
-2.0,1,153.215991
8.0,1,153.218195
-2.05,2,153.222536
-2.95,8,153.239986
-2.0,1,153.242769
-2.0,1,153.244924
7.95,2,153.249269
5.0,1,153.251439
-2.0,1,153.253627
-2.0,1,153.255807
-2.05,2,153.260071
7.75,2,153.264459
-2.0,1,153.266577
7.2,5,153.277466
7.4,5,153.28874
-2.0,1,153.290865
5.0,1,153.293155
-4.5,15,153.325504
7.3,7,153.340891
4.4,9,153.360525
-2.0,1,153.362769
-3.55,8,153.380725
6.95,10,153.402619
6.0,1,153.404911
5.0,1,153.407099
8.0,1,153.409356
8.0,1,153.411751
5.0,1,153.413954
7.95,2,153.418243
-2.05,2,153.422475
-2.1,3,153.428877
5.95,2,153.43345
5.0,1,153.435626
-2.45,6,154.995772
7.8,5,155.008093
5.0,1,155.010543
-3.05,6,155.025054
-6.15,32,155.102934
-2.45,6,155.117015
-2.1,3,155.124326
7.9,3,155.13109
-2.0,1,155.133527
-2.0,1,155.135844
-2.05,2,155.140412
8.0,1,155.142706
-2.05,2,155.147789
7.75,2,155.152204
6.65,8,155.169863
5.9,3,155.176576
7.45,4,155.185287
-2.0,1,155.187411
-2.0,1,155.189622
-3.45,10,155.211234
8.0,1,155.213512
-2.35,4,155.222161
7.95,2,155.226767
5.75,2,155.231149
8.0,1,155.233466
-2.05,2,155.237889
7.8,5,155.24888
-2.15,4,155.257703
7.75,2,155.262298
5.95,2,155.266736
7.75,2,155.271102
5.75,2,155.275524
2.35,30,155.339961
4.75,2,155.344409
7.8,5,155.355132
-2.0,1,155.357268
7.75,6,155.37051
5.95,2,155.375046
5.0,1,155.377279
-2.0,1,155.379423
-2.0,1,155.381582
-4.1,11,155.405838
-2.1,3,155.412295
6.9,7,155.427582
5.0,1,155.429845
-2.0,1,155.431984
-5.6,21,155.477852
5.75,2,155.482327
-2.55,4,155.491016
4.75,2,155.495492
7.9,3,155.502193
-4.35,12,155.528324
-2.0,1,155.530489
7.95,2,155.534882
-7.3,27,155.593799
-4.45,14,155.624686
-2.0,1,155.626814
7.95,2,155.631362
-2.4,5,155.642311
5.75,2,155.646644
-2.05,2,155.650887
7.95,2,155.655318
5.0,1,155.657555
-3.9,15,155.69099
5.0,1,155.693182
-2.0,1,155.695289
-2.75,8,155.712584
-6.15,28,155.773773
-2.05,2,155.778096
-2.1,3,155.784557
7.8,5,155.795476
7.95,2,155.799845
7.35,6,155.812829
5.9,3,155.819323
-2.05,2,155.823597
7.7,3,155.830187
7.95,2,155.834439
-2.0,1,155.836615
-2.1,3,155.843291
5.0,1,155.845514
8.0,1,155.847696
-2.05,2,155.852034
-2.05,2,155.856398
5.0,1,155.858719
7.95,2,155.863034
4.9,19,155.904732
7.85,4,155.913687
-3.65,10,155.93585
7.95,2,155.940295
7.9,3,155.947053
7.15,6,155.960429
8.0,1,155.962651
-6.7,23,156.014445
-2.05,2,156.018932
8.0,1,156.021311
-2.35,4,156.030329
5.0,1,156.032629
5.9,3,156.039478
7.9,3,156.046416
8.0,1,156.048746
-2.05,2,156.053252
-6.75,32,157.672372
7.4,5,157.683954
5.95,2,157.688746
-2.0,1,157.69094
8.0,1,157.69318
8.0,1,157.69544
7.9,3,157.702213
-2.35,4,157.711001
-2.0,1,157.713197
7.75,2,157.717716
-2.4,5,157.728981
5.9,11,157.754209
-2.0,1,157.756611
-2.0,1,157.758818
6.1,15,157.792116
-4.9,15,157.824942
-2.15,4,157.834234
7.4,5,157.846515
-2.05,2,157.851486
5.6,17,157.892203
-6.75,32,157.966582
-2.05,2,157.971372
5.45,16,158.008451
-2.0,1,158.010612
7.85,4,158.019324
4.75,2,158.023772
-3.3,11,158.048434
-2.55,4,158.057835
5.75,2,158.062739
7.9,3,158.069729
7.95,2,158.074332
5.75,2,158.078971
8.0,1,158.081486
-2.05,2,158.086087
-2.3,3,158.093251
-2.0,1,158.095666
5.2,5,158.107543
7.95,2,158.112186
7.35,6,158.126193
-2.15,4,158.135351
5.0,1,158.137758
-2.35,4,158.146985
7.95,2,158.151766
-2.05,2,158.156335
-2.0,1,158.15862
5.9,15,158.193561
-2.05,2,158.198196
7.75,2,158.202888
-2.65,6,158.216656
6.0,1,158.219036
-2.1,3,158.226049
7.85,4,158.23567
6.0,1,158.238172
-3.45,10,158.26138
1.45,32,158.335965
-2.2,5,158.34746
-7.9,31,158.426508
-2.0,1,158.429101
7.9,3,158.436917
6.0,1,158.439502
6.2,13,158.471967
6.0,1,158.474394
7.95,2,158.479037
7.95,2,158.483856
8.0,1,158.486255
7.95,2,158.491045
-2.05,2,158.495636
5.0,1,158.498047
7.9,3,158.504876
-2.0,1,158.507267
-2.05,2,158.511828
-2.3,3,158.518871
-2.1,3,158.52593
8.0,1,158.528232
-2.05,2,158.532562
7.95,2,158.536945
-2.1,3,158.543412
5.75,2,158.547875
4.75,2,158.552339
5.95,2,158.556741
5.0,1,158.559021
7.65,4,158.56775
7.9,3,158.574349
-2.0,1,158.576643
5.0,1,158.578875
-2.05,2,158.583268
5.9,3,158.58989
8.0,1,158.59209
-2.05,2,158.596416
5.95,2,158.600789
5.95,2,158.605194
5.0,1,158.607406
7.9,3,158.613876
8.0,1,158.616214
7.95,2,158.620683
7.6,5,158.631434
5.95,2,158.635807
5.0,1,158.638019
7.55,6,158.651209
5.95,2,158.655625
8.0,1,158.657886
7.9,3,158.664694
7.85,4,158.673479
7.95,2,158.677803
-2.05,2,158.682176
-2.3,3,158.68874
5.55,18,158.728342
-2.05,2,158.732671
7.9,3,158.7392
-2.05,2,158.743522
-2.05,2,158.748063
-2.1,3,158.754514
-6.95,32,158.825847
7.95,2,158.830581
7.4,5,158.841794
5.45,4,158.850518
7.9,3,160.371059
5.95,2,160.375207
-2.0,1,160.377267
-3.35,8,160.393937
7.45,4,160.402302
8.0,1,160.404387
7.9,3,160.410764
4.75,2,160.415153
7.95,2,160.419515
-2.0,1,160.421622
7.75,2,160.425964
7.85,4,160.434127
7.8,5,160.444805
7.65,8,160.461665
7.95,2,160.465815
7.7,3,160.472201
-2.05,2,160.476512
6.0,1,160.478638
7.95,2,160.48282
7.8,5,160.493201
7.65,4,160.501695
7.95,2,160.50583
3.4,25,160.558936
-2.0,1,160.561075
5.9,3,160.567427
-2.05,2,160.57168
5.0,1,160.573887
6.0,1,160.576097
7.75,2,160.580671
8.0,1,160.582932
-2.0,1,160.585036
5.75,2,160.589179
-3.95,12,160.613952
-2.7,7,160.628192
8.0,1,160.630252
-2.05,2,160.634209
-2.05,2,160.638171
7.95,2,160.642223
8.0,1,160.644211
7.15,10,160.664762
7.95,2,160.668788
7.9,3,160.674887
-2.35,4,160.682928
7.75,6,160.695062
7.9,3,160.701155
-2.0,1,160.703172
7.9,3,160.709483
8.0,1,160.711514
-2.1,3,160.717534
7.55,6,160.729962
4.75,2,160.733979
7.9,3,160.739928
7.3,7,160.754574
-2.55,8,160.771017
7.85,4,160.779134
5.9,3,160.785253
4.75,2,160.789289
8.0,1,160.791303
7.9,3,160.797716
7.95,2,160.801807
5.85,4,160.809972
7.95,2,160.81408
7.9,3,160.820148
6.95,6,160.832644
-2.05,2,160.836854
6.0,1,160.838968
-2.05,2,160.842937
4.75,2,160.847265
5.95,2,160.851458
6.1,15,160.882742
-2.1,3,160.888995
6.0,1,160.891039
-2.45,6,160.904562
4.75,2,160.909114
-2.05,2,160.913557
5.45,4,160.922772
6.0,1,160.925045
7.9,3,160.931697
7.95,2,160.936126
7.3,7,160.952178
-2.1,3,160.959066
7.65,4,160.968084
4.75,2,160.972453
-2.05,2,160.9767
-2.0,1,160.97895
7.65,4,160.98797
-5.55,32,161.05844
7.9,3,161.065082
-2.9,7,161.080194
5.4,17,161.117637
-2.15,4,161.126486
6.75,10,161.148432
7.85,4,161.157268
5.75,2,161.161677
-2.4,5,161.172753
7.9,3,161.179686
7.05,8,161.197667
-2.45,6,161.211029
-2.8,5,161.222277
7.95,2,161.226793
4.75,2,161.231289
-2.05,2,161.2357
7.9,3,161.242421
-2.1,3,161.249085
7.55,6,161.262764
6.0,1,161.26502
5.95,2,161.269362
7.9,3,161.275949
7.85,4,161.284851
4.8,17,161.322406
5.0,1,161.324665
-2.35,4,161.333364
6.65,8,161.351055
5.0,1,161.353324
-2.1,3,161.359871
7.95,2,161.36432
7.95,2,161.368709
7.9,3,161.375473
4.35,26,161.433927
7.05,8,161.451557
-2.3,3,161.458505
7.75,6,162.95503
7.65,4,162.963954
6.0,1,162.966156
7.95,2,162.970751
8.0,1,162.972973
-2.0,1,162.975143
-6.55,32,163.0423
7.9,3,163.048553
7.75,6,163.061089
7.65,8,163.078052
-2.0,1,163.08015
7.95,2,163.084377
-2.35,4,163.092512
7.85,4,163.100978
7.95,2,163.105104
8.0,1,163.107266
5.95,2,163.111575
8.0,1,163.113665
6.0,1,163.115728
8.0,1,163.11786
-6.45,26,163.170712
7.9,3,163.176808
7.75,2,163.180963
7.8,5,163.191513
5.0,1,163.193659
8.0,1,163.195678
-2.0,1,163.197717
-2.6,5,163.207757
-8.55,32,163.274093
-2.05,2,163.27816
6.0,1,163.280203
3.65,32,163.362065
8.0,1,163.364792
7.85,4,163.377015
6.0,1,163.379579
7.85,4,163.390565
5.9,3,163.398261
7.95,2,163.40441
7.85,4,163.414476
6.8,9,163.436391
7.1,7,163.452247
8.0,1,163.454598
7.85,4,163.46332
7.9,3,163.469769
-2.85,6,163.482935
-2.35,4,163.499151
5.0,1,163.501346
5.0,1,163.504477
-2.0,1,163.507246
8.0,1,163.509528
8.0,1,163.511837
8.25,12,163.541128
-10.85,50,163.649042
-9.45,50,163.753896
-2.6,5,163.764387
-2.95,8,163.78106
-2.05,2,163.785352
7.85,4,163.793789
-2.75,8,163.810312
5.2,5,163.820917
-8.5,47,163.921412
9.95,2,163.92592
-4.15,16,163.96154
-2.5,7,163.976245
-8.05,50,165.651628
5.0,1,165.653872
5.95,2,165.658416
6.4,13,165.686778
-9.25,50,165.791036
-7.7,43,165.885489
-8.75,44,165.983973
-8.85,50,166.09486
-9.85,50,166.204905
-3.3,11,166.229128
-5.55,24,166.28208
-2.05,2,166.286509
-2.0,1,166.288712
9.95,2,166.293191
-10.45,50,166.404491
-9.85,50,166.528839
-11.05,50,166.644314
-4.5,15,166.678439
5.0,1,166.680717
-11.85,50,168.736431
-7.65,34,168.809901
-9.05,50,168.929804
-11.45,50,169.051971
-8.65,50,169.18447
8.0,1,169.18689
-8.45,50,169.304557
-10.0,45,169.410123
-10.25,50,169.531914
-9.45,50,169.65218
5.75,22,169.701789
-9.85,50,169.817361
-2.1,3,169.824583
-2.05,2,169.829508
-4.65,26,169.888053
-9.45,50,172.119058
-6.95,32,172.220183
9.75,2,172.226137
9.9,3,172.23445
-5.65,22,172.308096
-2.0,1,172.31203
-4.95,24,172.394041
-10.05,50,172.571917
-2.0,1,172.576105
-8.8,37,172.711749
-4.65,22,172.781265
-10.65,50,172.94889
-8.85,50,173.122018
-2.15,4,173.134785
10.0,1,173.137798
6.0,1,173.141017
7.95,14,173.190033
9.75,2,173.197925
-10.0,45,173.34462
-9.45,50,173.513135
-9.65,50,173.671126
-10.45,50,176.296701
-3.25,10,176.332174
-2.05,2,176.33941
5.75,2,176.346007
-2.0,1,176.350179
5.95,2,176.35748
7.2,9,176.392454
9.4,5,176.409752
-7.65,30,176.501099
5.0,1,176.504287
-2.9,7,176.524769
5.0,1,176.529095
-4.2,17,176.577833
-10.05,50,176.716927
-7.85,50,176.853446
5.0,1,176.856236
-3.2,9,176.879796
-10.65,50,177.040377
9.55,6,177.060798
-9.2,37,177.174546
6.0,1,177.17768
-7.15,44,177.314802
-3.0,9,177.341962
6.7,23,177.423963
9.55,6,177.443765
-2.05,2,177.44944
9.95,2,177.45549
-8.45,50,177.597173
-2.55,4,177.607686
-10.85,50,177.739023
6.0,1,177.741754
9.6,5,177.754477
-6.9,31,179.634915
-3.2,13,179.673248
9.4,5,179.687975
-2.05,2,179.694366
-3.35,12,179.732826
7.3,7,179.754592
-2.1,3,179.763146
7.2,9,179.787863
-6.1,23,179.846857
-9.45,50,179.978269
-3.35,12,180.010378
-2.0,1,180.013001
7.3,7,180.032285
-4.25,14,180.068177
-2.2,5,180.080809
-2.0,1,180.083401
5.0,1,180.086071
5.9,3,180.094133
-2.1,3,180.102627
-9.65,50,180.244372
-2.0,1,180.247381
5.95,2,180.253146
-2.05,2,180.258713
4.75,2,180.264354
-8.65,50,180.403326
-8.25,50,180.546285
-2.55,8,180.568286
-2.0,1,180.571178
-10.85,50,180.711952
-10.85,50,180.846199
-2.05,2,180.851735
-10.65,50,182.773915
-2.0,1,182.777656
8.0,1,182.781155
5.95,2,182.788285
4.7,19,182.84619
-8.85,50,182.985172
-2.05,2,182.990454
4.75,2,182.995555
-2.65,6,183.01413
-6.05,30,183.095037
-5.3,27,183.171772
-3.25,10,183.198446
-4.05,14,183.237048
5.65,4,183.247096
-2.3,3,183.255604
6.5,15,183.294052
7.9,3,183.301637
-4.75,24,183.359688
-2.15,4,183.370033
-6.85,50,183.495647
9.95,2,183.500907
-2.0,1,183.503474
5.0,1,183.506069
-3.65,14,183.542503
-7.45,50,183.665863
-2.0,1,183.668197
-2.3,7,183.684653
7.95,2,183.689419
-4.3,19,183.734087
7.95,2,183.739007
5.0,1,183.741604
-4.25,22,183.793724
9.75,2,183.79837
8.7,11,183.823895
-2.0,1,183.826209
-2.05,2,183.830791
-2.15,4,183.840074
-2.85,6,183.854503
-3.45,14,183.887724
7.65,4,183.897184
-7.15,28,183.963064
-3.0,9,183.984563
-2.05,2,183.989277
-3.7,15,184.028816
-9.45,50,185.96807
-9.45,50,186.122244
-2.1,3,186.131604
-6.85,50,186.263343
10.0,1,186.266126
-2.05,2,186.271291
-2.95,8,186.291871
5.9,3,186.30012
7.85,4,186.310746
-2.0,1,186.313412
-2.0,1,186.316002
-3.95,12,186.346807
-9.45,50,186.472646
5.75,2,186.477447
9.55,6,186.492011
-7.35,40,186.590097
-4.35,20,186.636854
9.35,6,186.651809
-2.85,6,186.665335
-2.0,1,186.667648
4.75,2,186.672063
-2.3,3,186.678762
-3.7,15,186.713744
6.1,23,186.779363
-2.8,9,186.80331
-2.15,4,186.814691
-2.0,1,186.817483
-2.15,4,186.828101
-2.95,8,186.84806
-4.85,18,186.893849
7.95,2,186.898636
5.95,2,186.903463
-3.65,14,186.935857
-8.1,35,187.017912
-3.2,9,187.037964
9.9,3,187.04462
-9.45,50,187.152934
-8.55,48,188.813452
10.0,1,188.815609
5.0,1,188.81791
-2.9,15,188.848923
9.6,5,188.859372
-2.0,1,188.861896
-2.05,2,188.866213
-2.45,6,188.879315
-2.15,4,188.887415
-2.45,6,188.900238
-2.1,3,188.906646
-2.05,2,188.911377
-4.5,23,188.961102
5.0,1,188.96349
-2.2,5,188.97519
-4.15,16,189.011167
-3.25,10,189.034901
-2.95,8,189.056348
-2.05,2,189.061476
-3.35,8,189.082434
-2.15,4,189.093338
-2.0,1,189.096254
7.85,4,189.107018
-6.25,30,189.186198
-2.0,1,189.18922
-2.95,8,189.212928
-2.15,4,189.223583
7.6,5,189.237044
5.0,1,189.239839
-2.0,1,189.243032
9.75,6,189.259617
-8.05,38,189.352848
-2.35,4,189.361887
-2.1,3,189.368706
9.95,2,189.373344
9.75,2,189.378052
-2.05,2,189.382852
-2.1,3,189.389861
-2.05,2,189.394472
-4.15,20,189.43997
-9.25,50,189.553837
-2.35,4,189.562772
-3.0,9,189.583042
-4.1,23,189.635342
8.0,1,189.637708
5.0,1,189.640022
-8.45,50,189.752882
-2.1,3,189.759735
5.75,2,189.764442
10.0,1,189.766953
9.6,5,189.77922
-2.35,4,189.788776
9.45,4,189.798167
-5.25,22,189.848728
-2.0,1,189.85106
-2.05,2,189.855721
-2.85,6,189.869419
-2.1,3,189.876178
9.45,4,189.885218
9.9,3,189.892083
-2.0,1,189.894382
-2.1,3,189.901193
5.0,1,189.903513
-2.0,1,189.905679
-4.5,19,191.62124
9.9,3,191.629838
-3.05,10,191.655875
-2.05,2,191.661078
-2.0,1,191.663816
7.9,3,191.67165
-2.0,1,191.674444
-5.2,17,191.719112
9.95,2,191.724362
8.0,1,191.72706
-9.45,50,191.851825
-3.4,9,191.874676
-2.05,2,191.879537
-4.5,19,191.92572
-2.15,4,191.935334
-2.05,2,191.940325
-2.8,9,191.961682
-2.05,2,191.966407
-2.3,3,191.973555
-2.25,6,191.988156
-2.05,2,191.993024
7.8,5,192.006118
-2.1,3,192.014074
-2.05,2,192.019207
7.75,2,192.024497
-2.1,3,192.032419
-2.05,2,192.037654
-2.45,6,192.0532
-4.65,18,192.099304
8.0,1,192.101972
7.95,2,192.107096
7.7,23,192.164645
-2.2,5,192.176961
5.95,2,192.181773
8.25,12,192.210781
6.0,1,192.213221
8.0,1,192.215806
-2.05,2,192.220407
5.0,1,192.222902
6.0,1,192.225298
6.0,1,192.227822
10.0,1,192.230249
-2.55,8,192.249126
-3.35,8,192.267651
-2.1,3,192.274945
-4.0,13,192.305055
-3.1,11,192.330449
-2.0,1,192.332835
8.0,1,192.335226
-3.7,15,192.370445
-2.15,4,192.380049
6.0,1,192.382394
-2.2,5,192.394024
-2.05,2,192.398676
-3.55,16,192.436407
5.0,1,192.438836
5.0,1,192.441224
-2.65,10,192.465032
10.0,1,192.467482
-3.75,16,192.505548
5.9,3,192.51252
-3.0,9,192.533762
-2.1,3,192.540963
-6.7,23,192.593612
-2.05,2,192.598278
-2.85,6,192.612365
-2.2,5,192.62412
-2.1,3,192.630922
10.0,1,192.633254
9.9,3,192.640037
-2.0,1,192.642401
4.75,2,192.64711
-2.2,5,192.658392
-2.75,8,192.676835
5.0,1,192.679207
-2.15,4,192.688354
-3.45,14,192.720195
6.0,1,192.722473
-5.25,30,192.790405
-2.05,2,192.795035
-2.4,5,192.807811
5.95,2,192.812749
-3.95,16,194.680641
9.45,4,194.693937
-2.0,1,194.697203
-2.55,8,194.721118
5.0,1,194.724036
-2.15,4,194.734837
5.0,1,194.737607
-2.1,3,194.74574
10.0,1,194.748485
-2.0,1,194.751113
-2.4,5,194.764473
8.8,9,194.787897
-3.5,15,194.826856
9.8,5,194.840312
-2.0,1,194.84318
5.0,1,194.846222
4.75,2,194.851976
-2.0,1,194.85459
-2.3,3,194.862762
-2.05,2,194.868127
-6.05,30,194.95116
-2.1,3,194.96007
9.9,3,194.968443
6.0,1,194.97137
-2.0,1,194.974196
-2.0,1,194.977081
-2.25,6,194.993509
-2.05,2,194.99904
-2.3,7,195.019577
-2.2,5,195.033328
-2.15,4,195.044794
5.0,1,195.047702
7.85,12,195.080248
-2.35,4,195.090978
5.0,1,195.093679
-2.0,1,195.096343
5.75,2,195.101928
-2.15,4,195.112823
9.4,9,195.138585
-2.3,3,195.146738
6.0,1,195.149579
-2.05,2,195.155472
-5.15,20,195.212623
-2.25,6,195.228444
7.95,2,195.23441
7.9,3,195.24263
-2.15,4,195.254083
-2.8,9,195.27925
-2.9,15,195.320865
5.95,2,195.326232
10.0,1,195.328998
4.75,2,195.334818
-2.0,1,195.337584
-2.05,2,195.344538
9.9,3,195.353275
-2.0,1,195.356167
5.0,1,195.358944
-2.6,5,195.372871
9.9,3,195.381058
-2.2,5,195.394817
9.85,4,195.405805
-2.1,3,195.413867
-2.1,3,195.421505
6.0,1,195.424095
5.95,2,195.429131
5.0,1,195.432303
7.9,3,195.440123
-2.95,8,195.462156
-2.05,2,195.467944
-2.75,8,195.491308
-2.0,1,195.494184
-2.55,8,195.517878
9.2,5,195.533326
-2.3,7,195.558006
-2.15,4,195.573138
-2.0,1,195.577104
-2.15,4,195.592368
-2.05,2,195.600775
-5.15,20,195.677169
-2.0,1,195.681036
-3.15,12,195.724923
8.45,16,195.781315
-2.7,7,195.806397
-2.1,3,195.817517
-4.35,16,195.878796
9.8,5,195.898687
-6.8,33,196.006136
-2.75,8,196.030158
-2.8,9,196.056686
-3.75,12,196.096911
-2.65,6,196.119062
-3.55,8,196.148343
-2.15,4,196.161789
9.85,4,196.174784
9.85,4,196.187261
-2.4,5,196.202539
-4.6,21,198.12422
-3.0,13,198.157904
-3.55,12,198.189239
-2.05,2,198.194304
-2.0,1,198.197059
9.9,3,198.20469
-2.1,3,198.212209
-4.9,15,198.250669
-2.0,1,198.253191
-3.3,11,198.279731
-2.05,2,198.286427
-2.05,2,198.292994
5.0,1,198.296383
-2.1,3,198.306401
7.2,9,198.336049
9.85,4,198.347675
9.9,3,198.356169
-3.3,11,198.385316
-2.05,2,198.390225
-2.0,1,198.392914
-2.25,6,198.407905
-2.35,4,198.417923
-2.0,1,198.420329
-2.0,1,198.422832
-2.1,3,198.430432
-2.35,4,198.440478
7.9,3,198.448001
9.9,3,198.45608
-2.0,1,198.458684
-2.05,2,198.463708
-7.45,50,198.589694
5.0,1,198.592301
-3.0,9,198.615088
-2.65,6,198.631438
5.0,1,198.634408
-3.65,18,198.682561
-2.0,1,198.685213
-3.5,11,198.713427
10.0,1,198.71618
5.0,1,198.718973
-2.1,3,198.72762
5.0,1,198.730419
-2.55,8,198.753276
-2.1,3,198.761292
-2.45,6,198.777203
6.0,1,198.780185
-2.9,7,198.799016
6.0,1,198.801794
-2.65,6,198.818554
9.95,2,198.824013
-8.2,37,198.925432
9.9,3,198.935805
-4.65,14,198.974013
-2.0,1,198.976616
9.95,2,198.982153
-2.05,2,198.987363
-2.35,4,198.997689
-2.05,2,199.002995
9.9,3,199.010833
-2.65,6,199.025759
-2.0,1,199.028185
-2.0,1,199.030731
-3.35,16,199.068703
-2.0,1,199.071141
-2.45,6,199.085204
-2.1,3,199.092462
-2.2,5,199.10441
-2.4,5,199.116404
-5.15,32,199.194301
9.95,2,199.199293
9.6,5,199.21156
-2.0,1,199.214031
7.9,3,199.221227
-2.15,4,199.230856
-2.0,1,199.233302
-2.05,2,199.238231
-2.55,8,199.257375
-2.0,1,199.259834
-2.1,3,199.267216
-9.95,40,199.363305
-2.05,2,199.368626
-3.55,20,199.417079
-2.05,2,199.42188
5.95,2,199.426799
-2.1,3,201.270757
-2.05,2,201.27631
5.0,1,201.27893
-2.5,7,201.297006
-2.05,2,201.30218
-2.05,2,201.308041
5.0,1,201.310791
-3.35,12,201.344079
9.9,3,201.351865
5.0,1,201.354508
-2.1,3,201.362384
9.95,2,201.367707
-2.2,5,201.381631
5.95,2,201.38752
-2.0,1,201.39043
-2.75,8,201.412292
-2.4,5,201.425605
-2.7,7,201.444063
9.95,2,201.449374
-2.05,2,201.454638
-2.9,7,201.472863
-2.3,3,201.48052
7.95,2,201.48581
-2.35,4,201.49622
5.0,1,201.498974
5.0,1,201.501659
9.4,9,201.525318
6.0,1,201.527945
-3.75,12,201.558585
-2.05,2,201.563695
-2.1,3,201.57148
-2.3,3,201.579389
-2.95,8,201.600253
5.0,1,201.602964
-2.05,2,201.608024
-2.15,4,201.618778
-2.05,2,201.623864
9.7,3,201.631995
-2.45,6,201.647303
-2.45,6,201.66261
-2.1,3,201.670525
5.95,2,201.675814
-2.05,2,201.680959
-2.1,3,201.688778
-2.4,9,201.713382
9.55,6,201.730644
5.0,1,201.733415
-5.25,30,201.81561
7.85,4,201.82659
5.75,2,201.831916
-2.2,5,201.845889
6.0,1,201.848652
-6.9,39,201.950984
-2.05,2,201.956073
-2.35,4,201.966799
5.0,1,201.969778
9.9,3,201.977837
-2.15,4,201.988394
-2.2,5,202.001654
-2.05,2,202.007262
8.0,1,202.010014
9.75,2,202.015662
-2.1,3,202.02392
-2.0,1,202.026639
-2.15,4,202.038073
-2.05,2,202.043489
-2.05,2,202.048998
-2.1,3,202.057245
6.0,1,202.060087
-2.05,2,202.065838
-2.1,3,202.073974
-2.15,4,202.084831
9.95,2,202.090201
5.0,1,202.093056
-2.25,6,202.109959
5.0,1,202.112866
5.0,1,202.1157
5.75,2,202.121317
-2.15,4,202.132215
-2.0,1,202.135174
-2.45,10,202.162117
-3.6,13,202.196088
-2.05,2,202.202577
-2.0,1,202.205905
-2.05,2,202.211359
-2.1,3,202.22002
6.0,1,202.222947
-2.0,1,202.225835
5.95,2,202.231679
10.0,1,202.234445
8.0,1,202.237291
10.0,1,202.240189
-2.8,9,202.264318
-3.15,8,202.285937
-2.0,1,202.288622
-10.45,42,202.399607
-8.65,50,202.546565
7.95,2,202.552363
5.0,1,202.555265
-2.4,5,202.569731
7.85,4,202.581065
6.0,1,202.583945
9.65,4,202.594639
-2.0,1,202.59758
-3.85,18,202.650701
-3.15,8,204.572765
-2.45,6,204.585698
-2.15,4,204.594612
-3.25,10,204.616614
6.0,1,204.618919
-2.15,4,204.627647
-2.3,7,204.643018
8.0,1,204.645354
5.95,2,204.649963
5.0,1,204.652295
-2.4,5,204.6638
-2.0,1,204.666156
-2.15,4,204.674798
-4.25,14,204.705687
-2.0,1,204.707846
9.9,3,204.71441
-2.0,1,204.716565
-2.3,3,204.723043
-2.1,3,204.729601
5.0,1,204.731964
-2.1,3,204.738405
8.0,1,204.740918
-2.15,4,204.749485
-2.65,6,204.762411
-2.35,4,204.770933
-2.8,9,204.790334
-2.0,1,204.792626
-2.7,7,204.8082
-2.05,2,204.812583
-2.0,1,204.81479
6.0,1,204.817136
-2.45,6,204.830644
9.95,2,204.83507
-4.0,17,204.87321
-3.8,21,204.919794
-2.45,10,204.941734
-2.15,4,204.950455
-2.1,3,204.957319
-2.15,4,204.96624
-2.2,5,204.977348
-2.05,2,204.982122
-2.15,4,204.991036
9.95,2,204.99597
-2.05,2,205.000655
5.0,1,205.003001
-2.05,2,205.007437
-2.05,2,205.011894
-2.05,2,205.016605
5.0,1,205.019077
-2.1,3,205.025983
-2.05,2,205.030509
9.85,4,205.041005
5.0,1,205.043248
-2.7,7,205.059657
-2.55,8,205.07839
7.8,5,205.090627
-2.0,1,205.092866
-2.15,4,205.102134
-2.05,2,205.106539
-2.05,2,205.110994
5.0,1,205.113369
-2.8,9,205.133734
-2.0,1,205.135926
-2.1,3,205.142551
-2.2,5,205.15467
-2.6,5,205.16747
-3.05,10,205.194041
-2.1,3,205.201958
-2.2,5,205.215238
-10.05,46,205.341698
-2.05,2,205.347005
4.75,2,205.351897
5.85,4,205.361098
7.95,2,205.365761
-3.3,11,205.391505
10.0,1,205.393909
5.0,1,205.39631
-2.35,8,205.415772
-2.05,2,205.420725
-4.15,16,205.460214
-5.55,24,205.519656
6.75,10,205.543387
-4.9,23,205.597759
-3.0,9,205.619015
9.9,3,205.625992
-2.0,1,205.62824
-2.0,1,205.63059
-3.95,12,205.659412
-2.0,1,205.661858
9.95,2,205.666733
-2.1,3,205.673917
-2.55,8,205.693145
-2.1,3,205.700099
-2.55,4,205.709449
-2.05,2,205.714047
-2.45,6,205.728486
-2.0,1,205.730815
7.95,2,205.73547
10.0,1,205.737816
-2.0,1,205.740123
-2.35,8,205.758677
7.4,5,205.770643
-2.15,4,207.520795
-2.05,2,207.527449
-2.0,1,207.530609
5.65,4,207.543036
9.3,11,207.578377
-2.0,1,207.581241
-6.2,29,207.670274
6.0,1,207.673691
-2.05,2,207.679419
6.0,1,207.682308
6.0,1,207.685341
-2.55,4,207.697031
-3.15,12,207.733822
-2.1,3,207.742422
-2.05,2,207.747382
-2.0,1,207.749989
-2.55,4,207.760854
-2.05,2,207.766193
-2.4,5,207.77976
5.0,1,207.782403
-2.05,2,207.787647
-2.1,3,207.79533
-2.05,2,207.800594
-2.05,2,207.806903
-2.0,1,207.809629
5.95,2,207.814976
-2.05,2,207.820303
-2.3,3,207.827917
-2.1,3,207.835381
-2.9,7,207.853724
-2.0,1,207.856475
9.65,4,207.865887
-2.2,5,207.878863
-5.4,21,207.931754
9.9,3,207.939189
5.0,1,207.942182
-2.1,3,207.950533
7.9,3,207.95893
-2.0,1,207.961614
-2.0,1,207.964314
7.75,6,207.980272
9.9,3,207.988484
-2.05,2,207.993493
5.0,1,207.996163
-2.25,6,208.011251
5.0,1,208.013783
-2.1,3,208.021226
-2.3,7,208.039366
-2.2,5,208.053102
-2.15,4,208.06322
-4.1,23,208.124516
-2.0,1,208.127054
-2.65,10,208.154536
-3.0,9,208.179544
-2.35,4,208.192156
-2.1,3,208.200723
-2.05,2,208.206768
-9.65,50,208.352089
-2.05,2,208.358509
-2.15,4,208.372513
-4.45,22,208.440319
-2.2,5,208.454839
-2.05,2,208.460642
5.0,1,208.463636
-2.0,1,208.466386
8.85,12,208.503067
9.9,3,208.512474
-3.7,11,208.547411
-2.0,1,208.550053
-2.05,2,208.556214
-2.15,4,208.566626
-2.15,4,208.577828
-2.0,1,208.580477
-2.05,2,208.586359
5.0,1,208.590509
10.0,1,208.594334
-2.05,2,208.599947
6.0,1,208.603262
-2.05,2,208.609282
6.0,1,208.612315
7.8,5,208.627284
-3.3,11,208.66181
-5.35,20,208.725759
-2.1,3,208.733608
-3.4,13,208.773606
-3.2,13,208.8081
-2.0,1,208.810582
-2.2,5,208.823475
-2.55,4,208.833467
4.75,2,208.839239
-2.1,3,208.846576
-2.0,1,208.849051
5.95,2,208.85506
5.0,1,208.857633
-2.05,2,208.862609
-2.0,1,208.865086
-2.0,1,208.867828
-2.05,2,208.872868
-2.05,2,208.877615
-2.4,5,208.890443
-2.1,3,208.897795
-2.15,4,208.908247
-2.0,1,208.91073
-2.9,7,208.928732
7.95,2,208.934305
-2.15,4,208.944323
-3.05,10,208.969398
-3.15,12,210.918491
-2.15,4,210.927794
5.0,1,210.930236
-2.55,8,210.948837
-2.0,1,210.951109
-4.6,17,210.989761
-2.15,4,210.998869
-4.5,19,211.046958
-2.7,7,211.065003
-2.6,9,211.087802
-2.15,4,211.097708
10.0,1,211.100338
5.95,2,211.105391
-2.05,2,211.110498
-3.25,10,211.135957
9.9,3,211.143699
-2.0,1,211.146295
5.95,2,211.152603
-2.0,1,211.155339
-3.55,16,211.196255
-2.2,5,211.209534
7.8,5,211.222316
-2.35,4,211.232643
-2.4,5,211.245474
-2.15,4,211.255722
-2.05,2,211.260638
-2.25,6,211.276275
5.0,1,211.278946
10.0,1,211.281497
-2.15,4,211.291278
6.0,1,211.293842
-2.05,2,211.298778
5.0,1,211.301525
-2.9,7,211.319137
-2.2,5,211.331411
-2.4,5,211.344154
-2.7,7,211.36172
-2.65,6,211.376956
-2.7,7,211.394358
-2.15,4,211.404317
-3.65,14,211.438554
-2.05,2,211.443559
-2.05,2,211.448618
-2.05,2,211.453714
-2.3,3,211.461622
-2.0,1,211.464296
9.4,9,211.487297
9.65,4,211.498534
7.85,4,211.508681
7.9,3,211.516392
-2.35,4,211.526704
-2.15,4,211.536756
-2.4,5,211.549217
4.75,2,211.554408
-2.0,1,211.556934
-2.1,3,211.564533
-2.0,1,211.568056
-3.65,10,211.595829
-2.0,1,211.59844
-2.15,4,211.609275
-2.0,1,211.612067
-2.05,2,211.617425
-2.15,4,211.627947
-3.8,13,211.661613
6.0,1,211.664335
-2.1,3,211.672114
9.95,2,211.677485
-2.85,10,211.703786
-2.0,1,211.706374
9.85,4,211.716913
7.8,5,211.729916
4.75,2,211.735031
-2.6,5,211.747967
-2.85,10,211.77281
-2.0,1,211.77552
-2.75,8,211.795104
-2.05,2,211.799986
7.9,3,211.807599
-2.6,5,211.819801
5.0,1,211.822489
-2.0,1,211.824928
-2.6,5,211.836892
-2.5,7,211.853618
-2.1,3,211.860775
-2.0,1,211.863143
-3.15,8,211.882374
-4.0,13,211.917049
-2.05,2,211.922903
7.8,5,211.935195
-3.7,11,211.963271
8.85,16,212.003416
-2.05,2,212.008378
-2.05,2,212.013175
-2.0,1,212.015596
6.0,1,212.018137
-2.75,8,212.03747
-2.05,2,212.042305
-2.1,3,212.04954
-2.05,2,212.055051
-2.05,2,212.059985
-2.0,1,212.062417
5.9,3,212.069979
9.9,3,212.077274
-2.4,5,212.089643
-2.15,4,212.099183
-2.0,1,212.101637
-2.1,3,212.108752
-2.05,2,212.113432
-2.65,6,212.12788
5.7,3,212.135093
9.15,10,212.159195
5.0,1,212.161638
-2.3,7,212.178462
-2.65,6,214.001148
-2.65,6,214.01551
-2.1,3,214.023087
5.95,2,214.028151
-2.1,3,214.035693
5.95,2,214.041184
-2.0,1,214.043978
9.3,7,214.062337
-2.0,1,214.064988
-2.1,3,214.072378
-5.95,28,214.141985
-2.0,1,214.144503
-9.25,50,214.270211
9.95,2,214.275342
-2.0,1,214.277906
-2.1,3,214.285515
-2.4,9,214.308711
-2.1,3,214.316409
-2.45,6,214.331938
-2.65,10,214.357715
-2.0,1,214.360279
5.75,2,214.365536
9.95,2,214.370696
-2.55,4,214.380905
7.9,3,214.388896
-2.0,1,214.391466
-2.05,2,214.396607
-2.1,3,214.404241
6.0,1,214.406971
-2.5,7,214.42503
-2.0,1,214.427573
-2.6,5,214.440428
-2.2,5,214.453052
-2.15,4,214.463493
-2.55,8,214.483987
-2.3,7,214.500936
-2.15,4,214.510711
-2.1,3,214.518051
-2.4,5,214.530198
-2.15,4,214.54018
-2.0,1,214.542872
-2.1,3,214.550638
-3.45,10,214.575567
-3.35,12,214.604697
7.9,3,214.612624
-2.05,2,214.617405
-2.0,1,214.61978
-2.1,3,214.626876
9.4,5,214.638902
-2.0,1,214.641455
4.75,2,214.646374
-2.05,2,214.651125
-2.0,1,214.653504
5.0,1,214.655966
-2.0,1,214.658455
-2.05,2,214.663196
7.95,2,214.668041
-2.25,6,214.68306
-4.35,28,214.753197
-2.8,9,214.77405
-2.05,2,214.77856
-2.05,2,214.783069
5.75,2,214.78757
-2.05,2,214.792183
-2.1,3,214.798907
-2.25,6,214.812542
-2.0,1,214.8149
8.95,10,214.837349
-2.0,1,214.839484
9.8,5,214.851301
-2.35,4,214.860512
9.8,5,214.872196
-2.0,1,214.874526
6.0,1,214.876856
-2.0,1,214.879126
-2.0,1,214.88144
-2.2,5,214.893457
-2.0,1,214.896033
-2.1,3,214.903054
-3.95,16,214.939476
-2.95,12,214.96646
5.0,1,214.968927
-2.05,2,214.973374
6.0,1,214.975674
-3.05,10,214.998108
-3.6,13,215.027701
10.0,1,215.030122
-2.15,4,215.039124
10.0,1,215.041459
9.95,2,215.046432
9.8,5,215.058681
9.65,4,215.068107
-2.0,1,215.070485
9.9,3,215.07734
-2.2,5,215.089541
7.95,2,215.094525
-2.05,2,215.099267
-2.0,1,215.101649
7.75,6,215.115979
9.9,3,215.122875
-2.05,2,215.127446
5.0,1,215.129847
-2.05,2,215.134331
-2.45,6,215.148153
-2.1,3,215.155269
-2.4,5,215.166422
7.9,3,215.173631
6.0,1,215.176013
7.95,2,215.181058
-2.75,8,215.19938
-2.15,4,215.208997
-2.1,3,215.216177
-2.05,2,215.221063
-2.15,4,215.230762
-6.3,23,216.962173
-3.25,10,216.986536
-2.65,6,217.001749
-2.0,1,217.004165
-2.15,4,217.014404
-2.05,2,217.019463
8.0,1,217.02202
7.65,8,217.042185
-2.0,1,217.044631
-2.05,2,217.049703
-2.2,5,217.062423
5.9,3,217.070055
8.0,1,217.07253
-2.25,6,217.087711
7.65,4,217.097886
-2.45,6,217.112684
-2.1,3,217.120046
-2.1,3,217.127146
5.95,2,217.132013
9.95,2,217.136927
-2.1,3,217.144302
-2.0,1,217.146692
7.9,3,217.154025
5.0,1,217.156572
-2.1,3,217.163633
-3.65,10,217.187788
-4.9,19,217.23443
9.4,9,217.259878
-2.0,1,217.262539
-2.15,4,217.273208
-2.0,1,217.275905
5.9,3,217.283948
-2.1,3,217.291497
-2.05,2,217.296661
-2.55,4,217.306737
-2.05,2,217.311598
-2.0,1,217.314025
5.0,1,217.316461
-2.05,2,217.321558
4.75,2,217.326515
-2.15,4,217.336068
-2.1,3,217.343323
-2.05,2,217.348205
-2.1,3,217.355472
10.0,1,217.357943
5.0,1,217.360372
-2.0,1,217.362777
-2.1,3,217.369862
6.0,1,217.372321
-2.05,2,217.377034
-2.0,1,217.379459
7.4,5,217.391474
-2.0,1,217.393941
-2.05,2,217.3986
-2.05,2,217.403236
5.0,1,217.405616
9.45,4,217.415057
-2.15,4,217.424598
-2.3,7,217.441285
-2.1,3,217.448549
-2.5,7,217.465391
-2.05,2,217.470149
-2.05,2,217.474865
8.7,11,217.502093
-2.0,1,217.504612
-4.9,23,217.561
-2.6,5,217.573812
-4.7,15,217.611788
-2.1,3,217.619171
-2.0,1,217.621639
-5.1,23,217.680116
6.0,1,217.68274
-2.65,6,217.697131
6.0,1,217.69952
9.75,2,217.704355
-2.0,1,217.70674
-2.3,7,217.724022
-2.05,2,217.729175
-2.4,5,217.741435
-2.35,4,217.751091
-2.3,3,217.758436
-2.15,4,217.767829
-2.05,2,217.772557
-2.2,5,217.784586
-2.7,7,217.801185
-2.35,4,217.810591
-2.15,4,217.8198
5.95,2,217.824466
-2.05,2,217.82934
9.95,2,217.834166
-2.75,8,217.853668
7.95,2,217.858654
-2.35,4,217.86847
9.95,2,217.873385
-2.0,1,217.875757
9.95,2,217.881335
-4.05,18,217.926777
-2.15,4,217.936611
-2.05,2,217.941669
-2.0,1,217.944095
-2.0,1,217.946581
5.95,2,217.951494
-2.05,2,217.956563
-2.3,7,217.97365
-3.45,10,217.998652
-3.15,12,218.025944
8.0,1,218.028234
-2.0,1,218.03053
-2.05,2,218.034969
-2.2,5,218.046215
-2.05,2,218.05071
9.95,2,218.055465
-2.15,4,218.064424
5.95,2,218.068962
-2.05,2,218.0734
5.0,1,218.075685
-7.85,38,219.79989
-2.4,9,219.820161
-2.1,3,219.826645
9.85,4,219.835338
10.0,1,219.837542
-2.0,1,219.83968
-2.1,3,219.846363
-2.05,2,219.850862
-2.1,3,219.857358
-2.0,1,219.859568
-3.75,20,219.903142
5.0,1,219.905332
-2.2,5,219.916054
9.9,3,219.922548
-6.85,26,219.979583
-2.05,2,219.984017
9.85,4,219.992874
4.75,2,219.99735
-5.4,21,220.044602
5.95,2,220.049028
9.95,2,220.053716
5.9,3,220.060821
9.85,4,220.06953
5.95,2,220.073959
6.0,1,220.076203
-2.1,3,220.082919
9.9,3,220.089558
-2.15,4,220.098338
9.95,2,220.103027
5.0,1,220.105278
5.0,1,220.107484
5.0,1,220.109722
9.95,2,220.114119
9.95,2,220.11846
-2.05,2,220.122799
-2.3,7,220.138301
-2.2,5,220.14959
-2.0,1,220.151738
-2.0,1,220.15393
-2.05,2,220.158256
-2.1,3,220.164772
-2.05,2,220.169142
-2.1,3,220.175728
-2.85,10,220.197717
7.9,3,220.204373
7.95,2,220.208779
-2.8,9,220.228652
-3.35,8,220.24615
9.9,3,220.252752
5.85,4,220.26166
10.0,1,220.263996
-2.0,1,220.266252
-2.05,2,220.270845
-2.05,2,220.275291
-3.85,18,220.315401
-3.35,16,220.350695
9.85,4,220.359756
-2.25,6,220.372949
-2.05,2,220.377409
-2.05,2,220.381779
-2.1,3,220.388365
-2.85,6,220.401602
7.75,2,220.406197
9.95,2,220.410706
-2.0,1,220.413049
-2.15,4,220.422499
-2.0,1,220.424756
5.65,4,220.433727
-2.75,8,220.452019
5.0,1,220.454346
-2.05,2,220.459134
-3.4,17,220.497944
-2.1,3,220.504737
-2.05,2,220.509225
-3.1,11,220.534748
7.85,4,220.543667
5.9,3,220.550255
-2.1,3,220.556909
-2.45,6,220.570192
9.35,6,220.583525
-2.0,1,220.585776
-2.5,7,220.600914
-2.1,3,220.607436
-2.0,1,220.60973
-2.2,5,220.620967
-2.55,8,220.63859
-2.4,5,220.64949
-2.25,6,220.662822
-2.05,2,220.66717
5.0,1,220.669469
-2.65,10,220.691836
-6.65,26,220.749119
-2.2,5,220.760063
9.6,5,220.771193
-3.0,9,220.792574
-2.05,2,220.797444
-2.0,1,220.799881
-2.1,3,220.807101
-2.05,2,220.811976
-5.55,28,220.878955
-3.0,9,220.900337
7.95,2,220.905145
-2.65,6,220.919557
-2.3,3,220.926687
-2.0,1,220.929143
-2.15,4,220.938697
-2.05,2,220.943406
-3.3,11,222.650764
7.9,3,222.657587
-2.2,5,222.668978
-2.15,4,222.677773
6.0,1,222.680093
5.0,1,222.682448
5.9,3,222.689061
-2.8,9,222.709199
-2.05,2,222.713611
9.55,10,222.735649
-5.25,26,222.793014
-2.4,5,222.804137
-2.1,3,222.810744
-2.35,4,222.819761
7.95,2,222.824117
-3.0,9,222.844146
-6.0,29,222.908482
-3.75,12,222.934716
-2.05,2,222.939128
-2.0,1,222.941306
-2.15,4,222.949919
5.0,1,222.95209
5.0,1,222.954253
8.35,14,222.985445
9.55,6,222.998535
5.0,1,223.000737
-3.35,16,223.035465
-2.6,9,223.055059
-2.05,2,223.059451
-2.0,1,223.061635
5.75,2,223.066122
-2.0,1,223.068271
-2.25,6,223.081209
-3.05,10,223.103692
4.75,2,223.108101
-2.3,7,223.123321
-2.0,1,223.125548
-5.25,22,223.174754
-3.7,11,223.199378
9.75,2,223.204044
5.0,1,223.206376
9.9,3,223.213062
-2.05,2,223.217524
-2.1,3,223.224073
-2.2,5,223.235083
-2.0,1,223.237315
-2.0,1,223.239455
-2.1,3,223.24614
-2.15,4,223.255129
-2.0,1,223.257354
-2.1,3,223.26414
-2.05,2,223.268674
7.95,2,223.273119
-2.0,1,223.275212
-2.1,3,223.282018
-2.05,2,223.286315
-2.0,1,223.288585
-2.05,2,223.292961
-2.1,3,223.299795
-2.15,4,223.308913
10.0,1,223.311085
6.0,1,223.313286
-2.0,1,223.315413
-2.9,7,223.330807
-2.05,2,223.335155
-2.1,3,223.341638
-2.0,1,223.343939
-2.45,6,223.35693
-2.15,4,223.365735
-2.1,3,223.372224
-2.2,5,223.383251
-3.3,7,223.398873
5.75,2,223.403666
7.75,6,223.416928
-2.1,3,223.423378
-2.15,4,223.432314
-2.6,5,223.443645
-2.1,3,223.450119
-2.0,1,223.452401
-2.6,5,223.46385
6.0,1,223.466183
-2.4,5,223.4776
7.8,5,223.488743
-2.05,2,223.49325
-2.35,8,223.510997
-2.7,7,223.526837
-3.3,11,223.5508
-2.05,2,223.555251
-2.0,1,223.557587
-2.05,2,223.562063
-2.45,6,223.575414
-2.35,8,223.593159
-2.05,2,223.597558
-3.3,15,223.631756
-2.95,12,223.658471
-2.05,2,223.662933
-2.0,1,223.665239
-3.55,12,223.692205
-2.0,1,223.694456
-2.15,4,223.70336
-2.2,5,223.714301
-2.1,3,223.721011
-2.0,1,223.723255
-5.7,27,225.334577
-2.0,1,225.337065
5.0,1,225.339888
-2.1,3,225.347472
5.0,1,225.350585
-2.2,5,225.363875
-2.1,3,225.371832
-2.05,2,225.376942
5.7,3,225.384571
-2.15,4,225.395173
-7.85,46,225.514693
-2.1,3,225.522322
-3.15,12,225.551937
5.0,1,225.554504
-2.1,3,225.561661
9.0,9,225.583598
-4.0,13,225.612716
-2.0,1,225.614959
8.0,1,225.617258
5.95,2,225.621713
5.95,2,225.62615
-2.0,1,225.6284
-2.2,5,225.639467
-2.45,10,225.661824
-2.0,1,225.664013
-2.1,3,225.670814
-2.05,2,225.675361
7.7,11,225.700423
5.0,1,225.702679
-2.0,1,225.704913
-2.4,5,225.715991
-4.1,15,225.749871
5.0,1,225.752104
-2.7,7,225.767681
-2.4,5,225.779059
-3.1,15,225.812673
9.9,3,225.819448
9.2,9,225.839328
-3.0,13,225.868302
-2.05,2,225.872775
-2.5,11,225.897527
-2.6,5,225.909021
-2.7,11,225.93323
9.7,3,225.939934
-2.0,1,225.942175
-2.45,6,225.955884
-2.05,2,225.96043
7.9,3,225.967401
-2.1,3,225.973982
6.0,1,225.976294
-7.85,50,226.089384
4.75,2,226.093901
-2.5,7,226.109586
-2.2,5,226.121168
-2.85,10,226.143693
5.0,1,226.146031
-4.15,12,226.173046
5.95,2,226.177613
-2.0,1,226.17986
-3.25,10,226.202652
8.85,8,226.220989
-2.1,3,226.227682
-2.05,2,226.232125
-2.25,6,226.245577
-2.05,2,226.24998
-2.1,3,226.256828
9.45,8,226.274775
-2.2,5,226.286202
5.0,1,226.288801
5.0,1,226.291146
-2.0,1,226.293478
5.95,2,226.297984
-2.0,1,226.300245
-2.2,5,226.311772
8.0,1,226.314148
5.0,1,226.316524
-2.5,7,226.332084
-2.1,3,226.338781
-5.05,18,226.379536
-2.05,2,226.383997
-2.1,3,226.39095
9.65,4,226.400153
7.3,7,226.41617
9.95,2,226.42074
7.95,2,226.425249
-2.45,6,226.438722
7.15,22,226.488352
-2.05,2,226.492943
-2.05,2,226.497505
5.0,1,226.500008
-2.0,1,226.502342
4.75,2,228.099946
5.9,3,228.107115
5.0,1,228.109629
5.95,2,228.114386
7.95,2,228.119282
9.85,4,228.128984
-2.7,7,228.145448
7.6,5,228.157498
-3.5,11,228.182397
-4.1,23,228.237646
-2.0,1,228.24014
-2.15,4,228.250105
7.95,2,228.255154
-2.1,3,228.262276
-3.05,10,228.286801
-2.0,1,228.289248
-2.15,4,228.298882
-2.1,3,228.306108
-6.05,30,228.378269
-2.05,2,228.383
-2.15,4,228.39285
-2.1,3,228.40011
5.0,1,228.402585
7.95,2,228.407284
-3.05,10,228.431396
-3.15,12,228.459692
9.95,2,228.464579
-2.3,3,228.471601
-2.45,6,228.485955
5.0,1,228.488357
5.9,3,228.495441
-2.2,5,228.507216
-2.0,1,228.509582
7.9,3,228.51688
9.95,2,228.521633
7.3,7,228.53841
5.95,2,228.543336
9.9,3,228.550721
-3.4,9,228.571814
7.95,2,228.576638
-2.2,5,228.588456
-2.15,4,228.598095
-2.2,5,228.610016
9.9,3,228.617207
5.0,1,228.619654
-2.0,1,228.622122
5.0,1,228.62469
7.35,22,228.677097
7.95,2,228.681952
-2.05,2,228.686719
-2.35,4,228.696511
-2.0,1,228.698819
-2.05,2,228.703572
-2.0,1,228.706005
-3.0,9,228.727484
9.55,6,228.741576
-2.05,2,228.74634
10.0,1,228.748727
-2.4,5,228.760447
9.95,2,228.76565
-2.1,3,228.772713
6.0,1,228.775154
7.8,17,228.816955
-2.6,5,228.828734
-2.45,6,228.842894
-5.5,31,228.913847
-2.0,1,228.916103
-2.05,2,228.920499
5.95,2,228.924943
-2.1,3,228.931481
-2.05,2,228.935917
-3.45,14,228.967006
-3.2,9,228.987283
-2.5,7,229.002781
-3.15,8,229.020478
-2.35,4,229.028889
-2.15,4,229.037168
9.15,6,229.050406
9.85,4,229.059596
-2.1,3,229.066507
-2.45,6,229.079781
-2.15,4,229.088995
-2.8,9,229.108982
-2.0,1,229.111217
9.85,4,229.120004
-2.0,1,229.122345
9.95,2,229.126824
9.95,2,229.131253
-2.35,4,229.14004
-2.1,3,229.146745
8.0,1,229.14913
-2.2,5,229.160223
7.75,6,229.173861
-2.2,5,229.185026
-2.05,2,229.189465
-3.6,21,229.236327
8.0,1,229.238609
8.6,9,229.258581
-2.35,8,229.276977
5.0,1,229.279239
-3.05,10,231.091199
-7.45,50,231.21941
5.95,2,231.224611
7.9,3,231.232332
9.55,6,231.247246
6.0,1,231.249758
-2.65,6,231.26508
-2.75,8,231.286041
5.0,1,231.288844
-2.0,1,231.291598
-3.25,10,231.318305
5.9,3,231.32633
-2.1,3,231.33432
-2.5,7,231.352518
10.0,1,231.355148
7.95,2,231.360279
-2.05,2,231.365691
-2.4,5,231.378528
-2.1,3,231.386288
-2.0,1,231.388879
-2.0,1,231.391481
-3.0,9,231.413978
-2.05,2,231.418662
-2.1,3,231.426096
-2.0,1,231.428509
5.0,1,231.430992
-2.1,3,231.438054
-2.1,3,231.445197
-4.65,18,231.489266
9.95,2,231.494294
-2.8,9,231.518157
-2.0,1,231.520785
-2.1,3,231.528471
-2.0,1,231.531067
-2.05,2,231.536249
-2.05,2,231.541484
5.9,3,231.549464
9.95,2,231.554656
-2.15,4,231.565145
-2.1,3,231.5724
9.6,5,231.586628
-2.05,2,231.591989
-2.05,2,231.597811
-2.05,2,231.60324
-2.7,7,231.623016
-2.05,2,231.629267
9.95,2,231.634774
-2.0,1,231.637621
-2.15,4,231.649163
7.95,2,231.655269
5.0,1,231.658193
9.95,2,231.6644
-2.0,1,231.667491
-7.25,38,231.780559
-2.1,3,231.789271
-2.15,4,231.800228
-2.75,8,231.822888
5.0,1,231.826257
5.0,1,231.82951
-2.15,4,231.840064
-2.05,2,231.84603
-2.65,10,231.875999
-2.05,2,231.882181
-2.65,6,231.900182
-2.2,5,231.91576
-2.05,2,231.921879
9.65,4,231.933573
6.0,1,231.936779
-2.05,2,231.943189
-2.0,1,231.945908
-2.0,1,231.948612
7.95,2,231.954766
9.3,11,231.986898
-2.15,4,231.998777
-2.0,1,232.001593
5.0,1,232.004712
-2.0,1,232.00742
7.75,2,232.013878
-2.45,6,232.03205
-2.0,1,232.034956
9.35,6,232.054513
-3.2,9,232.079785
9.5,7,232.09984
-2.05,2,232.105205
-2.15,4,232.116312
9.05,8,232.138375
9.85,4,232.149102
7.8,5,232.162564
-2.65,6,232.179887
-2.1,3,232.191139
-2.05,2,232.197653
9.95,2,232.203022
-2.45,6,232.219128
-2.85,6,232.235023
5.0,1,232.237657
-2.45,6,232.253466
5.9,3,232.261451
-2.85,6,232.277889
-2.1,3,232.285506
-2.0,1,232.288023
-2.15,4,232.298254
-2.05,2,232.303384
9.2,13,232.33692
-2.05,2,232.342024
-2.35,8,232.364116
9.2,9,232.387533
-2.05,2,232.392835
5.0,1,232.395411
8.95,14,232.437578
-5.3,23,235.040433
-2.05,2,235.046919
-2.35,4,235.059531
7.9,3,235.069409
9.9,3,235.080103
-2.8,9,235.107054
-2.15,4,235.119594
5.95,2,235.125374
-2.05,2,235.131129
-2.05,2,235.136757
-2.05,2,235.142427
-2.05,2,235.148102
-5.95,32,235.248873
-2.0,1,235.253293
-2.15,4,235.265812
-2.2,5,235.282047
-2.4,5,235.297436
-2.0,1,235.300586
8.0,1,235.303766
7.9,3,235.313703
7.2,33,235.406987
6.0,1,235.41005
-2.35,4,235.421332
4.75,2,235.427177
7.95,2,235.433278
-2.15,4,235.44504
5.0,1,235.44805
-3.15,8,235.470601
-2.1,3,235.480508
8.9,11,235.512002
7.75,2,235.518115
-2.05,2,235.523712
-2.05,2,235.529284
7.95,2,235.534883
9.4,9,235.559843
-2.1,3,235.568026
-2.35,8,235.590798
-2.0,1,235.594004
5.95,2,235.599575
-4.95,24,235.664224
9.8,5,235.677923
-2.15,4,235.688228
-2.15,4,235.698594
-2.0,1,235.701195
-2.15,4,235.711584
-6.3,35,235.811971
8.7,11,235.847791
5.0,1,235.851059
-2.9,7,235.873312
-3.55,12,235.909379
-2.1,3,235.917723
9.9,3,235.925999
-2.15,4,235.938991
-2.0,1,235.941804
-2.15,4,235.954334
-2.1,3,235.963759
-4.0,17,236.016747
5.75,2,236.023984
-2.15,4,236.036485
-2.15,4,236.050094
-2.15,4,236.066143
-2.0,1,236.069413
-2.0,1,236.072723
-2.0,1,236.0758
-2.0,1,236.079476
-2.1,3,236.089418
-2.05,2,236.095934
7.95,2,236.103543
9.75,6,236.126152
7.75,6,236.147889
-2.0,1,236.150532
-2.2,5,236.167714
9.85,4,236.18015
6.0,1,236.182841
-2.15,4,236.193509
-2.0,1,236.196254
9.8,5,236.209328
-3.4,17,236.258398
9.7,3,236.266757
6.0,1,236.269516
-2.05,2,236.275016
-2.0,1,236.277848
-2.05,2,236.28302
-3.7,11,236.312348
-2.0,1,236.315536
5.95,2,236.320943
5.0,1,236.323745
-2.05,2,236.328906
-5.05,34,236.422534
-3.85,14,236.460089
-3.5,15,236.499186
9.6,5,236.512332
5.0,1,236.51507
-2.0,1,236.517848
-2.35,4,236.528453
5.0,1,236.531162
9.9,3,238.603524
-2.85,6,238.621359
-2.5,7,238.640469
-2.3,7,238.660707
5.0,1,238.663646
-2.05,2,238.669132
-2.35,8,238.690977
9.9,3,238.699258
6.0,1,238.701675
8.85,12,238.729465
9.8,5,238.741613
-2.0,1,238.743876
7.95,2,238.748688
-2.45,6,238.762049
-2.05,2,238.766365
-2.2,5,238.777332
-8.65,50,238.936389
-2.05,2,238.945949
8.35,18,239.020965
-7.35,40,239.151116
9.15,10,239.179974
-5.2,29,239.259747
-6.85,50,239.400858
9.9,3,239.408158
-2.1,3,239.416512
-2.05,2,239.423294
-2.1,3,239.430779
7.75,2,239.435923
9.9,3,239.443442
-2.05,2,239.448282
7.45,4,239.459234
5.9,3,239.466512
10.0,1,239.469062
-2.0,1,239.471545
7.7,7,239.488598
-2.5,7,239.506175
-2.25,6,239.521671
-2.05,2,239.526779
-2.1,3,239.534434
-3.2,9,239.55688
9.9,3,239.564535
-2.35,4,239.574512
5.9,3,239.582222
9.95,2,239.587259
-2.5,7,239.605192
-2.1,3,239.614058
9.85,4,239.62582
10.0,1,239.62874
-2.05,2,239.634469
-3.6,13,239.672026
-3.85,18,239.726376
-2.05,2,239.733951
-2.05,2,239.739639
5.9,3,239.748873
-3.85,22,239.80886
-3.3,15,239.85588
7.9,3,239.867201
-4.55,20,239.924749
-2.1,3,239.934377
-2.6,5,239.948543
9.8,5,239.962404
9.9,3,239.971377
5.0,1,239.9743
-3.1,11,240.004863
8.0,1,240.007689
-2.0,1,240.010613
5.9,3,240.018794
9.9,3,240.027607
-3.0,13,240.065587
-2.1,3,240.07396
-2.45,6,242.319238
6.6,29,242.414467
-2.9,7,242.437246
9.75,2,242.443287
-2.05,2,242.449322
5.95,2,242.455023
4.75,2,242.461051
5.95,2,242.469101
-2.05,2,242.475458
-2.25,6,242.49443
-2.2,5,242.511364
5.0,1,242.514593
6.2,17,242.567699
9.85,4,242.579462
9.8,5,242.595345
5.0,1,242.598705
-2.0,1,242.601829
-2.0,1,242.604808
-2.1,3,242.614191
-2.05,2,242.620037
5.95,2,242.626324
-4.0,21,242.688164
-2.6,5,242.703114
5.0,1,242.706542
-2.05,2,242.712887
9.35,6,242.731009
-3.1,11,242.764189
9.65,4,242.777328
9.85,4,242.792124
-2.35,4,242.805674
-2.0,1,242.808996
-6.95,40,242.929476
5.95,2,242.935097
-3.05,10,242.964812
5.95,2,242.970728
9.85,4,242.982095
-2.15,4,242.993551
10.0,1,242.996341
5.75,2,243.001946
-4.75,20,243.057781
9.65,4,243.068496
9.95,2,243.073901
-2.1,3,243.081876
9.95,2,243.087301
5.7,3,243.095671
-2.35,4,243.107863
10.0,1,243.110801
9.8,5,243.125082
-5.25,26,243.201349
-2.1,3,243.209825
-2.0,1,243.21244
9.6,9,243.238516
-2.15,4,243.249842
9.75,2,243.25554
-2.15,4,243.266653
5.9,3,243.277767
9.35,6,243.293396
8.0,1,243.296028
-2.0,1,243.298639
-2.1,3,243.30621
-2.05,2,243.311988
-2.05,2,243.317268
-2.05,2,243.32262
-2.0,1,243.3253
5.0,1,243.327986
-2.1,3,243.336248
5.95,2,243.341792
9.3,7,243.360788
-2.5,7,243.379538
5.9,3,243.387631
-2.5,7,243.406171
-2.85,6,243.42225
8.2,21,243.474225
-2.0,1,243.476892
-2.0,1,243.479402
-2.0,1,243.482078
-2.05,2,243.487027
7.85,4,243.496781
-2.25,6,243.511721
8.15,14,243.547333
9.5,7,243.564338
-2.0,1,243.566971
9.9,3,243.574193
9.4,5,243.586609
9.85,4,243.596519
-2.05,2,243.601532
-2.6,9,243.624235
-2.05,2,243.629143
8.0,1,243.631739
-2.65,6,243.646365
-2.0,1,243.648804
5.95,2,243.65383
-7.05,50,245.418305
-2.0,1,245.421208
9.1,11,245.448194
-2.05,2,245.452809
-2.0,1,245.455174
-2.0,1,245.457523
-2.0,1,245.459757
9.3,7,245.476248
9.9,3,245.483085
-2.15,4,245.492586
7.9,3,245.499473
9.85,4,245.508353
5.9,3,245.514959
-2.45,6,245.528035
8.9,11,245.552751
-2.05,2,245.557318
9.6,5,245.568682
-2.05,2,245.57322
-2.0,1,245.575518
9.55,6,245.588948
-2.1,3,245.5961
9.95,2,245.600938
-2.15,4,245.610317
5.0,1,245.612748
-2.0,1,245.615062
9.8,5,245.627312
-2.05,2,245.63195
5.0,1,245.634323
9.95,2,245.638977
-2.3,7,245.654771
-2.0,1,245.657034
-2.0,1,245.659401
-2.0,1,245.661715
7.75,2,245.666432
9.65,4,245.675659
-2.65,6,245.689496
-2.0,1,245.691914
-2.6,5,245.703741
-2.15,4,245.713175
-2.05,2,245.717961
5.0,1,245.720415
-2.0,1,245.722657
6.0,1,245.724996
-2.0,1,245.727295
-2.15,4,245.736674
10.0,1,245.739031
9.85,4,245.748662
8.75,14,245.785055
-2.75,8,245.807007
-2.2,5,245.820861
-2.05,2,245.826165
-2.0,1,245.828913
6.0,1,245.831755
-2.05,2,245.836952
9.55,6,245.852604
-2.35,4,245.863076
7.0,9,245.887027
9.9,3,245.894905
-4.1,15,245.933383
9.3,7,245.950956
7.9,3,245.958951
-2.25,6,245.973449
7.9,3,245.980973
8.0,17,246.022739
-3.95,16,246.063694
-2.15,4,246.074279
-2.05,2,246.079363
9.9,3,246.087331
-2.2,5,246.100063
-2.05,2,246.105307
5.95,2,246.110703
-2.3,3,246.118628
7.15,18,246.165588
-2.55,8,246.18642
4.5,43,246.301122
-2.05,2,246.306687
-3.0,9,246.330818
5.0,1,246.333596
10.0,1,246.336271
-2.0,1,246.338969
-2.1,3,246.346711
9.2,9,246.37049
-2.1,3,246.378433
-2.0,1,246.381215
-2.35,8,246.402521
-3.35,12,246.434554
-2.15,4,246.444957
4.75,2,246.450743
-2.05,2,246.455789
-2.45,6,246.471125
-2.0,1,246.473819
-3.25,14,246.509965
-2.1,3,246.518
8.75,10,246.542756
7.85,4,246.552443
-2.35,4,246.561965
-4.75,20,246.609942
9.9,3,246.618039
-2.35,8,246.637724
-2.15,4,246.647777
4.75,2,246.652806
-4.25,18,248.436537
9.85,4,248.445749
9.3,11,248.47044
-2.05,2,248.476938
5.0,1,248.480738
-5.0,25,248.54362
5.95,2,248.548181
4.75,2,248.55265
9.85,4,248.561572
-2.0,1,248.563847
5.95,2,248.56832
6.0,1,248.570616
-2.15,4,248.579741
7.8,5,248.591394
9.75,6,248.605571
5.9,3,248.612459
-2.0,1,248.614756
6.0,1,248.617076
-2.1,3,248.623612
-2.05,2,248.628169
-2.0,1,248.630463
-2.45,6,248.643851
-5.15,20,248.69818
9.7,7,248.713801
-2.25,6,248.727001
-6.65,50,248.85005
-2.0,1,248.85244
-2.0,1,248.854705
6.0,1,248.857025
-3.55,20,248.903264
-2.1,3,248.910541
-5.85,34,248.993781
5.85,4,249.003368
-2.1,3,249.010536
-4.3,23,249.07527
8.15,10,249.102078
-2.1,3,249.11004
8.5,15,249.149086
-2.0,1,249.151682
-3.95,24,249.215025
9.85,4,249.225552
-2.7,7,249.243828
9.75,6,249.25852
-4.0,17,249.301483
9.95,2,249.306421
-2.95,8,249.325895
7.85,4,249.33569
6.0,1,249.338371
9.95,2,249.343334
-4.7,19,249.389836
-4.6,17,249.430984
-2.2,5,249.443391
9.4,9,249.466111
8.55,14,249.502321
7.45,24,249.562774
-2.05,2,249.568058
-2.0,1,249.570615
-3.45,14,249.605512
-2.25,6,249.619993
-2.85,10,249.64496
-2.0,1,249.647496
9.6,5,249.659637
-2.0,1,249.662175
7.55,6,249.677725
-2.15,4,249.687653
7.85,4,249.697828
9.05,12,251.659575
-3.2,9,251.682652
-2.2,5,251.695032
-2.45,6,251.710184
5.0,1,251.712872
-2.0,1,251.71538
-2.15,4,251.725342
9.85,4,251.735151
9.6,5,251.747178
7.9,3,251.754493
7.95,2,251.759276
-2.0,1,251.761678
9.85,4,251.771242
-2.1,3,251.77889
9.75,6,251.793649
-2.05,2,251.798565
5.75,2,251.80359
-3.5,15,251.840831
-2.05,2,251.845809
-2.15,4,251.855633
-2.6,5,251.86781
-2.0,1,251.870295
9.55,6,251.885375
-2.05,2,251.89041
8.65,16,251.931047
7.9,3,251.938901
8.7,15,251.975654
-2.1,3,251.984948
-2.0,1,251.987923
-3.0,13,252.024686
-2.05,2,252.030055
3.35,42,252.135926
9.9,3,252.14298
-2.15,4,252.153547
-4.3,19,252.20361
9.85,4,252.213808
-3.45,14,252.249552
-2.0,1,252.252247
9.85,4,252.262739
-2.7,7,252.281295
7.9,3,252.289114
-4.95,28,252.361135
9.8,5,252.374305
-2.05,2,252.37985
6.0,1,252.382586
9.85,4,252.393032
-2.15,4,252.403504
-2.4,5,252.416484
6.0,1,252.419155
9.2,9,252.441511
9.85,4,252.45223
7.95,2,252.457398
-2.15,4,252.467547
-2.1,3,252.475318
10.0,1,252.478058
9.85,4,252.488517
7.3,23,252.54806
9.8,5,252.561066
-2.0,1,252.563483
-2.65,6,252.578323
-2.0,1,252.580735
-2.2,5,252.592681
8.9,11,252.619084
9.2,9,252.64066
9.35,6,252.654901
-4.9,27,252.718062
-7.3,43,252.833752
-5.45,34,252.920648
-2.0,1,252.923311
7.7,3,252.930977
-2.15,4,252.940671
-3.45,14,254.890299
6.65,24,254.95443
-2.05,2,254.959339
-5.1,27,255.033846
-3.4,9,255.060538
9.25,8,255.083475
10.0,1,255.086545
-2.0,1,255.089745
-2.15,4,255.100677
5.95,2,255.10654
5.0,1,255.109401
9.25,8,255.132129
-3.0,13,255.168536
-2.0,1,255.171653
-2.05,2,255.178111
-2.05,2,255.184407
-2.15,4,255.196908
9.9,3,255.205596
-2.0,1,255.208703
9.3,7,255.235465
-2.0,1,255.23852
10.0,1,255.241475
-2.25,6,255.258949
9.9,3,255.267552
9.65,8,255.290562
6.0,1,255.293564
5.0,1,255.296447
-6.85,50,255.436528
5.95,2,255.44168
6.0,1,255.444351
7.2,25,255.506556
7.85,4,255.516058
6.0,1,255.518763
7.65,20,255.576424
9.95,2,255.581926
7.95,2,255.586843
9.2,9,255.608901
8.45,20,255.658427
-2.05,2,255.663248
5.0,1,255.665695
-2.8,9,255.689499
-2.95,8,255.710533
-2.1,3,255.71836
-2.65,10,255.744618
-7.7,43,255.85764
8.55,10,255.886106
5.95,2,255.891783
5.0,1,255.894663
-2.65,10,255.921836
7.7,23,255.981148
-7.8,49,256.11061
-4.5,19,256.157309
-2.35,8,256.176982
-2.1,3,256.184643
5.5,47,258.254467
9.85,4,258.272381
7.6,21,258.341488
9.8,5,258.356149
8.7,15,258.405176
-2.35,4,258.417342
-2.05,2,258.42363
9.9,3,258.432588
7.65,4,258.445498
7.35,14,258.489418
9.55,6,258.508897
4.75,2,258.514675
-2.05,2,258.521069
5.0,1,258.524403
5.0,1,258.527383
8.6,13,258.56353
9.8,5,258.577759
9.5,7,258.597352
9.4,5,258.611075
9.85,4,258.622685
-2.05,2,258.628546
-2.0,1,258.631567
9.85,4,258.643139
8.8,13,258.680025
5.0,1,258.683071
-3.15,8,258.705788
-2.0,1,258.708737
9.8,5,258.725079
-2.1,3,258.735292
5.95,2,258.742073
7.9,3,258.753161
5.8,45,258.901475
9.45,8,258.925394
6.9,27,259.007535
-2.15,4,259.019518
9.65,8,259.043533
9.75,6,259.061783
-2.1,3,259.070934
9.75,6,259.089485
9.9,3,259.098822
5.75,2,259.105091
9.9,3,259.114282
-2.1,3,259.122549
-2.05,2,259.128138
8.0,1,259.131132
-2.05,2,259.136825
8.0,1,259.13987
7.6,5,259.154318
9.65,8,259.177075
-2.25,6,259.193969
9.15,10,259.22198
-2.15,4,259.232969
9.55,6,259.249191
9.95,2,259.254664
9.95,2,259.26159
-10.45,50,259.40202
-2.0,1,259.40501
5.0,1,259.408231
8.0,1,259.411206
9.75,6,259.427394
-2.05,2,259.432698
9.4,9,259.458786
8.0,17,259.508776
-2.0,1,259.511699
9.95,2,259.51753
-4.15,24,259.582239
-2.15,4,259.592865
9.5,7,259.611727
-2.0,1,259.614445
8.55,10,259.641165
-2.0,1,259.643937
-2.0,1,259.646681
-2.05,2,259.652118
9.75,6,259.668478
7.95,2,259.674182
8.65,12,261.983716
9.75,6,262.002052
9.65,8,262.026537
8.45,16,262.081112
-8.25,50,262.29165
-2.05,2,262.29862
8.9,15,262.35201
9.15,10,262.383641
9.7,3,262.39348
7.95,2,262.39985
7.85,4,262.412515
7.9,3,262.421949
9.85,4,262.434543
-2.0,1,262.437608
9.65,4,262.449664
9.9,3,262.458735
5.45,20,262.520475
7.95,18,262.575797
7.35,18,262.6286
9.85,4,262.640438
9.5,7,262.660987
8.35,18,262.71893
7.85,16,262.77667
9.9,3,262.786815
9.6,9,262.820121
9.95,2,262.826799
-2.1,3,262.837501
-2.05,2,262.84551
5.0,1,262.849676
4.75,2,262.856636
9.8,5,262.874185
-2.05,2,262.881626
-2.1,3,262.892827
-2.05,2,262.900135
8.9,11,262.938543
-2.0,1,262.942388
7.45,32,263.038857
5.0,1,263.042208
-2.0,1,263.045361
7.9,3,263.054537
9.7,7,263.079319
-2.0,1,263.083317
7.45,20,263.146242
-3.75,16,263.20463
9.95,2,263.211066
9.8,5,263.227046
9.25,8,263.252686
-2.0,1,263.255839
9.55,6,263.277631
5.0,1,263.281565
5.75,2,263.288315
-2.0,1,263.291726
9.85,4,263.306308
-2.4,9,263.336717
5.0,1,263.340126
6.0,1,263.343637
9.5,7,263.366109
8.85,12,263.404889
-2.25,6,263.424166
-2.0,1,263.427397
9.75,6,263.444832
-2.05,2,263.450586
9.9,3,263.460103
9.7,7,263.480386
5.0,1,263.483437
-2.0,1,263.486223
7.65,28,263.566787
9.4,9,263.592898
-7.25,50,265.617563
5.0,1,265.620438
-2.1,3,265.62879
10.0,1,265.631407
9.7,7,265.649901
8.4,17,265.697109
9.7,7,265.717082
5.0,1,265.719859
-2.05,2,265.725529
5.0,1,265.728438
9.6,9,265.754437
-2.0,1,265.757382
9.2,9,265.7834
7.85,4,265.795584
5.95,2,265.801071
9.75,6,265.816721
8.0,1,265.819208
-2.05,2,265.824564
-2.1,3,265.832243
-8.2,45,265.961088
8.0,1,265.964037
9.85,4,265.975731
9.65,8,265.998568
-2.0,1,266.001446
9.5,11,266.033579
8.75,14,266.072197
7.9,3,266.080613
7.1,23,266.143765
-2.0,1,266.146394
9.9,3,266.153984
9.9,3,266.161916
9.75,2,266.167253
9.75,6,266.183162
-2.2,5,266.196039
10.0,1,266.198939
8.9,11,266.229336
6.0,1,266.23201
9.5,7,266.250924
-2.0,1,266.253578
7.35,6,266.269808
9.35,6,266.286105
6.0,1,266.289074
7.3,23,266.354163
9.85,4,266.365786
8.55,14,266.406056
10.0,1,266.409021
7.95,2,266.414725
9.85,4,266.42602
9.8,5,266.440177
8.8,13,266.477131
9.55,6,266.494209
5.9,3,266.502532
7.9,3,266.511168
5.0,1,266.514071
5.95,2,266.519842
-2.0,1,266.522846
6.9,7,266.542292
9.3,7,266.561654
-2.05,2,266.567169
9.85,4,266.57823
9.75,6,266.594817
8.6,13,266.631047
-2.05,2,266.636678
9.9,3,266.644971
9.9,3,266.653655
9.8,5,266.667783
9.55,6,266.684497
9.85,4,266.695425
-2.0,1,266.698186
-2.0,1,266.700968
9.75,6,266.721151
9.7,3,266.73253
5.9,3,266.743821
-2.6,5,266.758456
9.5,7,266.778392
9.95,2,266.784052
-2.05,2,266.78985
5.0,1,266.792725
7.55,6,266.809401
9.3,7,266.829145
9.8,5,266.843271
3.5,39,266.947976
8.9,15,266.988853
5.0,1,266.991696
4.75,2,268.834501
8.95,14,268.870818
9.75,6,268.886282
9.8,5,268.898039
9.75,6,268.912179
8.65,16,268.952227
5.95,2,268.957628
7.85,4,268.967242
9.75,6,268.981821
9.8,5,268.993884
-2.0,1,268.996453
-2.0,1,268.999206
-2.1,3,269.006353
9.5,7,269.02261
7.65,16,269.063027
9.9,3,269.070238
9.9,3,269.077558
9.9,3,269.085102
9.9,3,269.092234
7.75,6,269.107003
7.95,2,269.111912
8.35,14,269.146894
-2.0,1,269.149503
9.0,9,269.171669
9.8,5,269.183789
-2.0,1,269.186205
8.7,15,269.223223
9.65,8,269.244501
9.85,4,269.254951
7.9,3,269.262961
-2.55,8,269.283603
9.8,5,269.296625
9.9,3,269.304467
8.0,1,269.307073
-2.0,1,269.309652
-2.0,1,269.312238
9.6,5,269.325207
9.8,5,269.338125
7.8,5,269.350965
9.55,6,269.366759
9.8,5,269.379433
9.9,3,269.387195
-2.0,1,269.3898
-2.0,1,269.392477
9.9,3,269.400136
9.55,6,269.415659
-2.0,1,269.418239
9.85,4,269.428386
8.65,16,269.470295
7.9,3,269.47817
-2.6,9,269.527746
-8.75,72,269.702455
-8.55,72,269.873597
-2.6,9,269.894793
9.75,6,269.908834
-12.75,72,270.093689
-9.35,72,272.343344
-11.15,72,272.495625
5.0,1,272.498301
5.0,1,272.500738
-5.35,28,272.560371
-2.0,1,272.562515
5.0,1,272.564671
-10.55,72,272.718168
-11.45,62,272.84995
-12.15,72,273.023606
-6.1,23,273.080563
7.95,2,273.085759
11.4,9,273.109059
-2.0,1,273.111712
5.95,2,273.116917
5.0,1,273.119647
-10.75,72,273.301558
-10.15,72,275.135273
-11.35,72,275.294107
-2.0,1,275.296933
11.85,4,275.307286
-9.75,72,275.479053
11.95,2,275.484165
-5.8,25,275.547107
-12.75,72,275.74145
-7.05,34,275.836619
-10.95,72,276.005129
-5.35,28,276.069994
-10.65,70,276.23351
-9.25,50,278.026547
-10.15,72,278.183635
-2.05,2,278.188107
11.75,6,278.202099
9.7,7,278.218175
-8.95,72,278.383642
-5.35,24,278.437102
7.95,2,278.441755
-2.1,3,278.448666
-4.4,25,278.50402
-2.2,5,278.515902
9.85,4,278.524752
6.0,1,278.526982
-9.95,72,278.680873
-7.15,72,278.832998
5.0,1,278.835137
-8.95,72,279.00518
-7.55,72,280.914405
11.85,4,280.923284
-8.15,60,281.057252
8.0,1,281.059623
-9.55,72,281.231295
-5.95,32,281.306095
5.0,1,281.308399
-8.15,72,281.468859
-2.2,5,281.479913
-10.15,72,281.641482
-5.4,33,281.71724
5.95,2,281.721807
-9.55,72,281.887788
-2.95,12,281.9159
-10.55,72,283.844167
-11.55,72,283.995255
-2.15,4,284.003948
7.95,2,284.008192
9.95,2,284.012688
-4.7,27,284.070266
-10.75,72,284.22254
-8.55,56,284.349763
11.85,4,284.359427
-2.0,1,284.361715
-10.15,72,284.537397
-8.95,72,284.711963
-7.3,47,284.82052
-4.65,18,284.861232
-9.95,72,286.676211
-2.0,1,286.678793
-2.15,4,286.688641
-2.3,7,286.705602
-6.75,72,286.876063
-2.05,2,286.880967
-4.6,25,286.939508
-9.35,72,287.109402
-2.8,9,287.130322
8.0,1,287.133148
-9.35,72,287.306225
5.95,2,287.311177
8.0,1,287.313634
7.95,2,287.318369
-2.1,3,287.325483
-9.55,72,287.487914
-9.5,71,287.658398
-8.75,72,289.535718
-13.35,72,289.69528
-4.55,32,289.765756
-2.0,1,289.768045
-9.15,72,289.929088
-3.0,13,289.957678
11.45,4,289.966372
-2.2,5,289.977116
5.9,3,289.983705
-2.0,1,289.986017
11.05,16,290.023632
8.0,1,290.026185
-2.45,6,290.04053
11.9,3,290.047754
-3.1,11,290.073924
7.95,2,290.078981
5.0,1,290.081645
11.9,3,290.089081
7.85,4,290.098697
-11.35,72,290.256734
-8.55,72,290.419095
-5.65,30,290.489692
7.85,4,290.499181
-2.15,4,290.508528
-2.0,1,290.510899
-2.45,6,290.524827
11.55,6,290.538886
-11.15,72,292.376845
-7.75,72,292.536421
-4.05,22,292.584611
7.75,6,292.59795
5.0,1,292.600317
-2.0,1,292.602575
-5.3,31,292.671487
-3.25,18,292.716887
-3.4,13,292.752722
6.0,1,292.75557
-2.05,2,292.760717
-2.05,2,292.765761
-6.8,49,292.885465
-12.75,72,293.056901
5.0,1,293.059272
-9.95,72,293.231275
-2.1,3,293.238647
-4.6,25,293.297922
9.95,2,293.302769
11.7,7,293.319389
-2.05,2,293.324018
-2.1,3,293.330954
11.25,8,293.349689
6.85,8,293.371247
-2.0,1,293.374099
-6.9,39,293.473819
-10.25,70,295.450377
-2.05,2,295.45578
-2.05,2,295.460561
5.75,2,295.465381
5.95,2,295.470171
-5.6,33,295.549398
11.9,3,295.557007
9.2,13,295.589111
9.5,7,295.606758
-8.75,72,295.7865
-2.0,1,295.789179
-2.15,4,295.799352
-4.8,33,295.882396
-9.15,72,296.059591
-3.5,19,296.103925
5.0,1,296.106404
11.85,4,296.11582
6.0,1,296.11837
-2.05,2,296.123178
-2.5,7,296.139726
5.9,3,296.146986
9.75,6,296.16133
-2.0,1,296.163789
-2.15,4,296.173555
-2.0,1,296.175947
-2.15,4,296.185809
-2.2,5,296.19787
-2.2,5,296.209711
-5.85,34,296.289911
6.9,7,296.306448
5.0,1,296.308952
-3.05,14,296.342223
-2.95,12,296.370629
-2.0,1,296.373069
-6.85,58,296.507565
9.3,27,296.568283
-2.15,4,296.577178
6.0,1,296.579496
-6.55,72,298.539057
-2.35,8,298.558021
-2.95,12,298.586473
7.45,4,298.596207
-3.05,10,298.620052
-3.15,16,298.658847
-2.7,7,298.675462
-3.2,13,298.70673
-2.7,7,298.723654
-5.55,28,298.791512
-2.05,2,298.796302
-2.4,5,298.807992
11.7,7,298.825042
-2.1,3,298.832343
-2.2,5,298.844135
-2.0,1,298.846369
-3.95,20,298.891244
-2.15,4,298.900099
-2.0,1,298.902501
-10.3,67,299.056358
11.4,9,299.07625
5.0,1,299.07854
-2.05,2,299.082922
11.9,3,299.089767
-3.45,14,299.120625
-2.15,4,299.129416
6.0,1,299.131658
-5.25,34,299.216944
-2.85,6,299.236103
-6.1,51,299.37971
-6.75,44,299.503679
7.9,19,299.552815
-3.1,15,299.589987
-4.05,14,299.625561
-2.15,4,299.635353
-2.5,11,301.455946
-6.5,51,301.579533
-2.4,9,301.601318
-4.55,32,301.678222
7.9,3,301.685791
11.9,3,301.693899
6.0,1,301.696612
-3.1,15,301.73383
-3.3,19,301.778542
-2.3,3,301.785417
-3.1,7,301.800929
6.0,1,301.803303
-3.25,18,301.843657
-2.6,9,301.864058
-2.0,1,301.866346
-4.5,27,301.926335
5.0,1,301.928653
5.0,1,301.930959
-2.85,14,301.965131
9.4,9,301.986472
-2.3,7,302.002434
-2.0,1,302.0049
-2.1,3,302.01182
-2.05,2,302.016509
-2.0,1,302.018819
-7.2,49,302.131011
-2.55,8,302.153032
5.95,2,302.159973
9.85,4,302.171047
-5.0,45,302.293262
-3.9,23,302.353734
-2.45,6,302.369842
-4.2,21,302.423589
-3.1,11,302.450664
-3.75,16,302.490077
-2.75,12,302.518447
-2.55,8,302.537737
-2.0,1,302.540341
-2.0,1,302.542739
-2.8,17,302.582606
-2.6,5,302.595205
-2.1,3,302.602776
7.9,3,302.610466
-9.75,72,304.582074
-3.05,10,304.605494
-3.0,9,304.627105
9.3,11,304.652944
-2.1,3,304.660154
9.15,6,304.674933
-2.65,10,304.698966
5.0,1,304.701399
-4.3,27,304.77158
6.0,1,304.774071
7.0,13,304.804504
-2.7,15,304.83771
5.9,3,304.844876
-2.05,2,304.849318
-6.3,55,304.971995
-2.1,3,304.978706
-3.9,19,305.027122
-3.75,16,305.070255
-2.0,1,305.073053
-4.85,26,305.138862
-2.8,9,305.160468
-3.4,13,305.191142
-2.3,7,305.2075
9.55,6,305.221571
-2.5,11,305.247772
-2.25,6,305.262008
-3.1,19,305.307325
-4.65,42,305.417213
-10.7,67,305.576089
-2.1,3,305.583155
5.0,1,305.585612
5.4,5,305.597582
-2.5,7,305.614506
-2.75,16,305.651881
-2.0,1,305.654259
-2.9,11,305.679743
-2.05,2,305.684439
-8.65,66,307.646242
-2.05,2,307.650629
-2.1,3,307.657292
-2.9,15,307.689779
9.65,16,307.724915
-2.0,1,307.72711
9.9,3,307.733761
11.3,7,307.749565
-2.55,8,307.767222
-2.95,8,307.784812
9.95,2,307.789265
-2.7,7,307.804811
-3.35,12,307.831646
-2.05,2,307.836058
-2.15,4,307.844911
-2.1,3,307.85186
-2.05,2,307.856392
-2.05,2,307.86089
6.0,1,307.86325
-3.7,19,307.905304
-2.0,1,307.907583
6.0,1,307.909912
-2.15,4,307.918975
-2.25,6,307.932167
-2.0,1,307.934469
-2.45,10,307.957523
-2.05,2,307.962046
-2.25,6,307.975244
-2.4,5,307.986006
5.0,1,307.98824
-2.0,1,307.990403
7.85,4,307.999292
8.7,7,308.015468
5.0,1,308.017914
5.0,1,308.020246
-2.1,3,308.027064
-2.1,3,308.033875
-4.0,17,308.07131
7.85,4,308.080461
-2.35,8,308.098139
-4.85,34,308.172842
-2.9,7,308.188026
-2.0,1,308.190321
7.2,9,308.210064
-2.3,7,308.225309
-2.65,14,308.255939
-2.4,9,308.27544
9.9,3,308.281944
-2.1,3,308.288294
-2.0,1,308.290459
11.9,3,308.297048
-2.05,2,308.301334
5.0,1,308.303508
9.8,5,308.314258
-3.9,19,308.356112
-3.5,19,308.398598
-2.4,5,308.409494
-3.25,18,308.448836
8.0,1,308.451189
5.9,3,308.45787
6.0,1,308.460073
11.6,5,308.471403
-2.15,4,308.480214
-2.8,9,308.500013
-2.0,1,308.502213
-2.7,15,308.535995
11.85,4,308.544962
-2.2,5,308.556133
-2.05,2,308.560741
-3.4,13,308.589604
-2.05,2,308.593991
11.5,7,308.60981
-2.2,5,308.620909
-6.15,40,310.297407
7.95,2,310.30225
-2.1,3,310.308953
-2.2,5,310.319758
-2.05,2,310.324108
10.85,12,310.353357
-2.75,8,310.373008
-2.2,5,310.385211
-2.15,4,310.39489
-2.15,4,310.40445
-3.05,10,310.427824
-2.6,9,310.449358
-2.15,4,310.458793
-5.7,31,310.531045
-2.0,1,310.533333
9.6,9,310.554685
-2.05,2,310.559958
-2.0,1,310.562625
-2.5,7,310.581406
-3.95,24,310.643859
-4.75,24,310.708894
11.85,4,310.719702
-2.15,4,310.731583
-3.55,12,310.767029
-2.0,1,310.769988
-2.15,4,310.781543
-2.15,4,310.792557
-6.0,33,310.882401
7.95,2,310.887661
-3.45,18,310.934286
-2.2,5,310.948017
-4.55,28,311.023624
-2.0,1,311.026459
-2.0,1,311.029424
-2.1,3,311.037469
5.95,2,311.042815
-4.9,31,311.126485
-4.4,21,311.181264
-10.95,72,311.361388
6.0,1,311.363708
-2.1,3,311.370677
-2.0,1,311.373033
-2.7,11,311.397909
-3.6,17,311.436142
-2.65,6,311.449514
10.9,15,311.484379
-2.25,6,311.499825
-2.05,2,311.504791
-4.0,21,313.259736
-3.2,9,313.281536
-2.95,12,313.31043
-2.0,1,313.312894
-2.05,2,313.317703
-2.6,9,313.339409
-2.0,1,313.34182
-2.55,4,313.351425
5.0,1,313.354028
-2.2,5,313.365983
-2.15,4,313.375854
-2.1,3,313.383042
7.95,2,313.387836
-2.0,1,313.390293
-2.3,7,313.407162
-3.2,13,313.438681
-2.95,8,313.457976
-2.0,1,313.460501
10.15,14,313.494761
-2.45,6,313.509954
9.4,9,313.531936
-2.45,10,313.556626
-4.15,28,313.621274
-11.15,72,313.786106
9.9,3,313.793181
-2.9,11,313.818433
-2.05,2,313.823135
-4.35,28,313.890376
-2.15,4,313.899812
-4.45,22,313.952851
-3.05,10,313.977782
8.95,10,314.00176
-4.55,28,314.068878
-9.15,72,314.24084
-2.8,13,314.27038
-3.55,16,314.306238
-2.1,3,314.3131
9.7,7,314.328758
-2.1,3,314.335499
-5.45,46,314.438957
-2.95,12,316.258749
-3.45,18,316.306994
-2.0,1,316.310343
7.95,2,316.316101
-3.65,14,316.356526
-2.1,3,316.364297
-2.0,1,316.366716
-2.05,2,316.373956
-2.05,2,316.378742
-2.0,1,316.381285
-2.3,7,316.399979
11.05,12,316.433774
-2.05,2,316.4385
-2.95,12,316.467335
-2.7,11,316.493737
-2.1,3,316.502098
-2.1,3,316.509601
-2.6,5,316.521055
9.9,3,316.528185
-2.05,2,316.533048
8.75,14,316.566463
-2.1,3,316.573852
-2.25,6,316.587991
-2.4,5,316.599786
-2.05,2,316.604577
7.75,2,316.609366
-2.2,5,316.621465
11.85,4,316.631356
5.95,2,316.636551
11.7,7,316.653738
-2.0,1,316.656209
-3.3,23,316.71017
-2.1,3,316.716971
11.8,5,316.728172
-2.2,5,316.739267
-2.35,8,316.757814
-2.0,1,316.760144
-2.1,3,316.767128
-3.1,15,316.800911
-2.2,5,316.812337
-2.05,2,316.816845
-2.0,1,316.81911
-2.1,3,316.82592
11.8,5,316.837676
-2.0,1,316.839981
8.0,1,316.842417
-2.15,4,316.85162
9.95,2,316.856185
-2.0,1,316.85849
-2.85,10,316.881348
-2.3,7,316.897348
-2.2,5,316.90861
11.75,6,316.922234
5.85,4,316.93139
-3.8,25,316.987954
-2.05,2,316.992439
-5.05,26,317.051162
-2.0,1,317.053473
-2.15,4,317.062436
-3.45,18,317.102459
-2.65,14,317.1339
-3.25,10,317.156143
-3.15,20,317.200958
-4.35,32,317.27336
-2.0,1,317.275644
-2.2,5,317.286716
-2.05,2,317.291209
-6.3,39,317.377863
-2.15,4,317.386724
-2.3,3,317.393452
-2.0,1,317.39566
6.0,1,317.39798
-2.15,4,317.406881
11.95,2,317.411473
-3.9,19,319.1062
-3.35,20,319.153212
-2.05,2,319.157923
-2.05,2,319.163409
-2.0,1,319.165997
9.75,6,319.182414
-2.0,1,319.185477
11.7,7,319.202017
11.8,5,319.214022
8.0,1,319.216464
7.85,4,319.22578
-6.75,48,319.341979
-2.05,2,319.347059
7.75,6,319.361102
-2.1,3,319.368376
-4.75,20,319.416912
9.6,9,319.439283
-2.1,3,319.446561
-2.15,4,319.456044
-4.6,45,319.564757
-3.7,23,319.622906
-3.65,18,319.667669
-2.45,6,319.682111
-2.2,5,319.694549
-2.0,1,319.697049
-2.0,1,319.69952
-2.3,7,319.71678
-2.05,2,319.721759
-2.0,1,319.724394
7.75,6,319.739167
11.45,12,319.768819
5.75,2,319.77464
-2.0,1,319.777538
9.85,4,319.788424
9.85,4,319.799133
-3.0,9,319.822574
-2.1,3,319.830258
-2.0,1,319.832877
-2.05,2,319.838113
-4.6,25,319.904428
-2.5,7,319.921449
-2.1,3,319.928651
-2.6,13,319.96035
-2.1,3,319.968393
11.9,3,319.976085
-2.8,9,319.998499
5.0,1,320.001266
11.85,4,320.01109
-2.15,4,320.021103
-2.45,6,320.036171
-2.05,2,320.041487
-9.55,72,320.218036
-2.1,3,320.225325
-2.1,3,320.232509
-4.4,29,320.302119
6.0,1,320.304603
-2.3,7,320.321895
-2.7,7,320.339028
11.9,3,320.3467
9.65,8,322.162452
-2.25,6,322.177867
-3.0,17,322.220683
-2.0,1,322.223181
7.6,5,322.235349
-2.1,3,322.242398
-2.05,2,322.24795
-2.45,6,322.263823
9.2,37,322.360798
-2.5,7,322.37852
-2.15,4,322.38938
-3.3,19,322.434926
-4.3,19,322.483547
-8.25,46,322.603124
-2.8,13,322.634073
-2.25,6,322.648282
-3.95,24,322.710546
11.9,3,322.717925
-2.65,14,322.751079
-2.0,1,322.75352
7.95,2,322.758439
5.0,1,322.761065
9.8,5,322.772988
8.0,1,322.775459
-2.1,3,322.782542
11.95,2,322.78733
-3.05,18,322.829186
6.0,1,322.831561
-4.9,27,322.89544
9.9,3,322.903181
8.0,1,322.905675
-2.25,6,322.919799
-3.1,11,322.946917
-2.45,6,322.961733
-2.4,9,322.983372
9.95,2,322.988248
-5.75,44,323.097676
-3.2,17,323.137869
-4.25,18,323.183874
-3.5,15,323.220896
-2.75,12,323.24943
-2.15,4,323.258801
6.0,1,323.26131
-2.4,5,323.273036
-2.0,1,323.275412
6.0,1,323.277891
-3.85,22,323.330944
-3.65,14,323.364159
6.0,1,323.366564
5.0,1,323.368948
-2.15,4,323.378161
11.35,6,323.392195
-2.3,7,323.408633
-2.25,6,323.422926
-8.0,57,325.283119
-2.25,6,325.296588
6.0,1,325.298933
-2.2,5,325.310104
5.0,1,325.312467
5.0,1,325.314764
-3.25,18,325.355637
-5.45,34,325.432803
-2.0,1,325.435183
-3.45,18,325.475843
-2.0,1,325.478158
-2.2,5,325.489336
5.95,2,325.494412
-3.25,14,325.526454
-2.1,3,325.533529
6.0,1,325.536386
-2.0,1,325.53874
-3.85,22,325.589012
-2.05,2,325.593526
6.0,1,325.59581
-2.0,1,325.598043
-2.05,2,325.602461
-4.85,34,325.686034
7.85,4,325.697634
-2.0,1,325.70036
-2.85,10,325.726498
-4.0,21,325.786921
-2.1,3,325.794718
-2.0,1,325.79772
-2.0,1,325.800581
-2.45,10,325.829607
-2.3,7,325.849631
11.85,4,325.861937
-2.7,11,325.891351
-4.35,20,325.94273
-2.9,15,325.984081
-2.0,1,325.987
5.95,2,325.992875
-2.7,11,326.025957
-2.45,6,326.043024
-2.15,4,326.054296
-2.1,3,326.063603
5.0,1,326.066674
5.95,2,326.072176
-2.35,8,326.094559
-2.15,4,326.108526
-2.95,8,326.13272
-2.75,8,326.155484
11.65,8,326.176206
5.75,2,326.181276
-2.2,5,326.19343
5.0,1,326.195934
11.15,10,326.220599
-2.85,10,326.245109
-4.2,25,326.306339
-3.15,20,326.354443
-5.55,36,328.257442
-2.35,4,328.267838
-5.1,23,328.324807
-4.55,36,328.420346
-2.05,2,328.425604
6.0,1,328.428335
-2.2,5,328.441634
6.0,1,328.444418
5.9,3,328.452489
-4.8,29,328.525779
-5.45,34,328.611464
5.0,1,328.614655
-2.0,1,328.617593
-2.0,1,328.620121
-2.05,2,328.625251
-2.35,8,328.644854
-2.1,3,328.652977
-2.05,2,328.657854
-2.1,3,328.666506
-2.0,1,328.669053
-2.15,4,328.679644
-2.05,2,328.684891
11.3,11,328.714452
-2.45,6,328.730801
-2.8,9,328.755972
-2.3,7,328.77585
-2.15,4,328.787155
9.8,5,328.801334
-2.35,4,328.812596
-2.15,4,328.824026
-2.85,14,328.877373
-2.0,1,328.881195
6.0,1,328.887693
-3.25,18,328.960217
-3.6,17,329.028441
-2.2,5,329.04712
-2.4,9,329.084818
-3.25,18,329.154801
-2.0,1,329.158011
-2.35,8,329.184921
-2.0,1,329.188077
-2.05,2,329.194463
11.7,7,329.217095
-2.65,14,329.2618
-2.25,6,329.279671
5.95,2,329.285486
-3.05,10,329.313972
-2.15,4,329.325847
10.45,20,329.384977
-3.75,16,329.430715
5.0,1,329.433764
-2.25,6,329.45062
-2.1,3,329.458919
-2.0,1,329.46219
7.9,3,329.471224
-3.95,24,329.538676
12.0,1,329.541535
-3.4,17,329.586382
-2.2,5,329.599505
-3.3,19,329.649551
-2.35,8,329.670443
10.0,1,329.673425
-2.0,1,329.676373
-2.1,3,329.684592
-2.15,4,329.695344
-2.0,1,329.698514
-2.15,4,329.70992
-3.05,10,329.738742
-2.35,8,329.762209
9.4,9,331.783783
-5.75,48,331.911833
-2.15,4,331.922706
-2.05,2,331.928123
11.4,9,331.954247
-3.05,14,331.995092
-2.15,4,332.007159
-2.1,3,332.015493
-4.7,31,332.095779
-2.7,7,332.11372
9.95,2,332.118799
5.95,2,332.124195
-2.15,4,332.134224
-2.3,7,332.151554
-3.35,12,332.181223
-2.0,1,332.183801
-5.15,28,332.256146
-2.05,2,332.260956
5.0,1,332.26347
-2.65,6,332.278335
8.0,1,332.280857
-9.15,72,332.441841
-2.15,4,332.450579
-2.0,1,332.452789
-2.05,2,332.457061
-2.0,1,332.459197
11.8,5,332.469921
5.95,2,332.474263
-2.05,2,332.478499
-2.2,5,332.488951
-2.4,5,332.499585
-2.0,1,332.501745
-2.05,2,332.506117
-5.0,29,332.574903
-2.35,8,332.594922
9.9,3,332.60199
-2.7,11,332.629178
-4.0,13,332.660986
-2.1,3,332.668304
-2.1,3,332.675468
11.85,4,332.685246
-2.0,1,332.687876
-2.3,7,332.705116
-2.15,4,332.715105
-2.55,8,332.734705
-2.15,4,332.745521
-3.2,13,332.777566
-2.05,2,332.782367
5.95,2,332.787313
-2.35,4,332.797303
-2.0,1,332.799741
-2.3,7,332.816784
6.0,1,332.819223
-2.05,2,332.823938
-2.15,4,332.833962
-2.15,4,332.843935
5.9,3,332.851428
7.9,3,332.859223
-2.2,5,332.872172
11.85,4,332.88269
-2.1,3,332.890352
-2.15,4,332.900653
5.0,1,332.903288
5.95,2,332.908504
-2.05,2,332.913704
-2.6,13,332.94811
-2.1,3,332.95604
9.05,16,332.997916
-2.15,4,333.010763
-2.0,1,333.01355
-2.4,9,333.038809
-4.15,28,335.032593
-5.55,32,335.110543
-2.65,14,335.144948
-2.9,15,335.181394
-2.05,2,335.186321
-2.65,10,335.21218
-2.1,3,335.220126
5.95,2,335.225462
-2.15,4,335.236354
-3.15,12,335.268376
8.0,1,335.271424
-2.85,10,335.298599
-2.35,8,335.32103
-2.05,2,335.326538
-5.05,22,335.385666
-3.5,23,335.445643
11.75,6,335.461411
-2.0,1,335.463982
-2.1,3,335.471746
-2.6,9,335.499023
-2.7,7,335.517365
6.0,1,335.52031
-3.6,17,335.565898
-2.05,2,335.571553
-2.95,8,335.594589
-2.0,1,335.597532
-2.1,3,335.605554
-2.55,8,335.625984
-2.05,2,335.630511
11.3,11,335.655369
7.95,2,335.65985
-2.05,2,335.664417
-2.95,12,335.689574
-2.85,10,335.709819
-2.2,5,335.719867
5.95,2,335.723847
11.65,8,335.739815
-2.1,3,335.745789
5.0,1,335.747852
-2.05,2,335.75189
-2.7,7,335.765796
-2.4,9,335.784133
7.95,2,335.787993
5.0,1,335.789964
-2.15,4,335.797504
9.05,16,335.82738
5.9,3,335.833141
-4.45,22,335.876213
-4.95,24,335.930488
-2.4,5,335.942376
6.0,1,335.945841
-2.0,1,335.949264
6.0,1,335.952857
-2.5,7,335.971076
-2.15,4,335.981575
-2.05,2,335.986826
-2.1,3,335.994221
-2.3,7,336.011492
-2.0,1,336.013911
-2.1,3,336.021381
-2.0,1,336.023767
9.85,4,336.033869
-3.35,16,336.073309
11.5,7,336.090375
-2.05,2,336.095279
-3.6,21,336.146929
-2.0,1,336.149412
-2.0,1,336.151839
-2.0,1,336.154305
-2.25,6,336.169266
-2.15,4,336.179223
-3.75,28,338.235836
-2.1,3,338.242815
9.95,2,338.247486
-2.15,4,338.25764
6.0,1,338.259926
-2.75,8,338.279088
-2.1,3,338.286379
5.9,3,338.293517
-2.0,1,338.295783
-5.1,47,338.408101
-2.9,19,338.456775
9.95,2,338.462037
-2.1,3,338.470157
-2.0,1,338.472861
5.0,1,338.475455
7.95,2,338.480482
-2.0,1,338.482862
-2.05,2,338.488409
-3.1,11,338.517834
-2.15,4,338.531281
5.0,1,338.535224
-2.1,3,338.546551
-2.0,1,338.550533
-2.45,6,338.576213
-2.05,2,338.584245
5.0,1,338.588781
-3.45,22,338.670437
12.0,1,338.673437
-3.4,13,338.711201
-2.7,15,338.761106
7.95,2,338.76851
-2.15,4,338.780726
-2.75,8,338.805673
-3.2,13,338.846728
5.75,2,338.853391
-2.35,4,338.866837
-2.35,4,338.880364
7.9,3,338.890929
6.0,1,338.894492
-2.0,1,338.897837
-2.4,9,338.939203
-2.65,6,338.97105
-2.05,2,338.9808
6.0,1,338.985986
-2.1,3,339.005348
-2.7,15,339.083202
11.9,3,339.094003
-2.4,9,339.126057
-2.45,6,339.150817
5.95,2,339.158439
-2.05,2,339.165215
-2.1,3,339.175526
-2.3,7,339.200863
-2.9,19,339.26513
-2.0,1,339.268548
6.0,1,339.271939
11.8,5,339.287451
11.95,2,339.293662
-2.0,1,339.29673
5.75,2,339.30294
-2.0,1,339.306074
-2.0,1,339.309104
-5.65,38,339.424925
-2.35,8,339.446726
-2.1,3,339.454719
-2.0,1,339.457405
-2.8,9,339.481559
6.0,1,339.484171
-6.75,52,339.61167
-2.15,4,339.621558
-2.0,1,339.623943
-3.1,15,339.663041
-2.0,1,339.665462
-2.35,4,339.674768
-2.4,9,339.694874
-2.0,1,339.697203
-2.15,4,339.706345
-2.0,1,339.70872
7.7,7,339.725151
-2.0,1,339.7275
-2.1,3,339.734518
-2.6,9,339.755732
5.95,2,341.672218
11.7,7,341.690127
-2.4,5,341.702387
-2.15,4,341.712292
-2.0,1,341.714878
5.0,1,341.717433
-2.4,5,341.729832
-2.2,5,341.742282
-4.15,24,341.800412
-2.1,3,341.807841
-2.3,7,341.825252
-2.15,4,341.835265
-3.3,15,341.87207
-3.15,16,341.911572
7.9,3,341.919689
-5.1,31,342.001336
-2.1,3,342.009558
-2.15,4,342.02012
-2.45,10,342.046371
-2.9,11,342.075107
-2.1,3,342.082906
-2.15,4,342.094096
-2.1,3,342.101959
-2.2,5,342.11501
-2.1,3,342.123323
-2.05,2,342.129047
-2.05,2,342.134573
5.95,2,342.140341
-2.05,2,342.145733
-2.6,9,342.169247
-2.1,3,342.177259
-2.8,9,342.200734
-2.1,3,342.208731
-2.95,12,342.239926
-2.85,14,342.279336
-2.15,4,342.2895
11.4,9,342.311163
5.0,1,342.313652
11.7,7,342.330839
-4.75,24,342.391734
-2.35,8,342.411604
11.9,3,342.41908
-2.35,8,342.438844
5.95,2,342.443909
-2.0,1,342.446532
-2.0,1,342.448986
9.75,6,342.463719
-2.0,1,342.466207
-2.0,1,342.468681
-2.15,4,342.479808
11.95,2,342.48479
11.75,6,342.500289
5.0,1,342.503083
5.0,1,342.505877
-2.15,4,342.515391
7.9,3,342.522833
5.0,1,342.525324
-2.2,5,342.537398
5.95,2,342.542229
-7.05,50,342.66487
9.8,5,342.677241
-2.7,11,342.703745
-2.3,7,342.721786
-2.25,6,342.736686
-2.15,4,342.746378
-2.1,3,342.75368
10.0,1,342.756193
-3.2,13,342.788165
-2.1,3,342.795409
7.85,4,342.80527
9.4,5,342.817473
-3.0,17,342.858887
-2.0,1,342.861359
-3.0,21,342.909392
-2.1,3,342.916402
-2.05,2,342.920847
-2.95,12,342.949112
-2.5,7,344.627357
-2.3,7,344.643745
5.0,1,344.646069
6.0,1,344.648466
-2.1,3,344.655329
6.0,1,344.657769
-2.05,2,344.66214
-2.5,11,344.687034
-2.1,3,344.694693
11.45,8,344.715362
-2.25,6,344.729156
-2.5,11,344.753312
5.9,3,344.760962
11.55,10,344.78708
-2.0,1,344.789624
-2.05,2,344.794392
9.2,9,344.816207
-3.4,17,344.856668
-2.3,7,344.872538
-2.7,7,344.888223
-2.55,8,344.906386
-2.2,5,344.917917
-2.0,1,344.920213
-2.0,1,344.922533
9.95,2,344.927165
-2.45,6,344.940829
-2.1,3,344.947876
10.0,1,344.950465
-2.1,3,344.957846
5.95,2,344.962603
-3.6,29,345.031232
-2.4,5,345.043073
-2.2,5,345.054152
-2.35,4,345.062835
-7.95,56,345.188551
5.9,3,345.195424
-2.05,2,345.199933
-2.3,7,345.215708
-6.15,32,345.286294
-2.15,4,345.295468
-2.1,3,345.302037
-3.25,10,345.325712
-2.75,8,345.344794
-2.25,6,345.359107
11.8,5,345.370239
-2.0,1,345.372514
-2.1,3,345.379326
-3.85,30,345.460926
-2.2,5,345.473903
5.0,1,345.476601
-2.2,5,345.489767
-2.85,10,345.515973
-2.15,4,345.525869
-2.15,4,345.534904
5.0,1,345.537162
-2.15,4,345.546315
9.75,6,345.559608
-4.4,21,345.616332
-2.35,8,345.63515
9.85,4,345.644106
-2.05,2,345.648788
-2.75,8,345.667034
-2.45,6,345.680741
12.0,1,345.68307
-2.0,1,345.685408
-2.25,6,345.698669
5.9,3,345.705506
-2.85,10,345.728021
-2.2,5,345.738935
9.95,2,345.743348
-2.55,4,345.752104
-2.5,7,345.76797
-2.15,4,345.776977
-6.0,33,347.477552
6.0,1,347.480212
-2.05,2,347.485381
-2.0,1,347.487945
11.25,8,347.510209
-2.1,3,347.519102
-2.15,4,347.530376
-2.8,9,347.554206
11.2,9,347.577398
-2.7,15,347.615566
-2.45,6,347.630589
-2.15,4,347.640835
6.0,1,347.64345
-2.1,3,347.651155
9.25,12,347.680283
-2.0,1,347.682784
-4.35,20,347.730845
-3.2,17,347.769161
-2.2,5,347.780503
-2.7,11,347.804993
-2.1,3,347.811969
7.6,5,347.823278
-3.95,20,347.868414
5.0,1,347.870711
-3.7,23,347.921816
-2.05,2,347.926332
-2.1,3,347.933617
-2.0,1,347.936162
-2.1,3,347.942927
-2.2,5,347.954181
-2.05,2,347.958659
-2.0,1,347.960973
-2.25,6,347.974228
-2.2,5,347.985456
-2.0,1,347.987814
-2.35,8,348.005713
-2.15,4,348.014674
6.0,1,348.017102
10.0,1,348.019442
-2.0,1,348.021844
-2.45,6,348.035258
-2.85,14,348.067674
-2.0,1,348.070152
-2.05,2,348.074933
-2.0,1,348.077299
9.45,12,348.106342
-2.35,8,348.126502
9.3,7,348.144323
-2.7,7,348.162072
9.35,6,348.178022
-2.0,1,348.180617
-3.1,7,348.198592
-2.15,4,348.208696
-2.45,6,348.223268
-2.0,1,348.225832
-2.15,4,348.235723
-2.05,2,348.240953
-3.05,14,348.274872
-3.4,13,348.307104
-2.15,4,348.316964
-3.25,14,348.351138
-2.4,9,348.374815
-2.05,2,348.380452
-2.2,5,348.394287
-2.0,1,348.39694
-2.35,4,348.407596
5.9,3,348.41528
-2.0,1,348.417891
11.75,6,348.433319
7.95,2,348.438777
-2.8,9,348.462024
-2.65,6,348.478274
-2.05,2,348.483835
-2.1,3,348.492307
-2.2,5,348.504859
11.2,9,348.528123
-2.1,3,348.536741
-2.15,4,348.546391
-3.8,17,348.595195
-5.0,29,348.673215
11.85,4,348.683283
-2.05,2,348.688303
-2.45,10,348.715273
-2.15,4,350.636553
-2.3,3,350.644078
-2.0,1,350.646729
-2.25,6,350.661614
7.75,6,350.676665
-2.0,1,350.679012
10.2,17,350.720792
-3.05,10,350.744997
-3.1,15,350.780745
-2.3,3,350.787963
-2.0,1,350.790503
-2.05,2,350.795289
-2.3,7,350.811939
-2.5,7,350.828771
-2.05,2,350.833553
-2.5,11,350.859541
-2.1,3,350.86728
-6.95,60,351.012426
-3.35,16,351.048295
-2.0,1,351.050691
-2.1,3,351.057748
7.95,2,351.06238
-2.1,3,351.069326
7.65,8,351.087288
-2.0,1,351.08971
-2.2,5,351.101537
11.75,6,351.115147
-2.25,6,351.12877
-2.2,5,351.140716
9.9,3,351.147911
5.0,1,351.150286
-5.0,37,351.23451
-2.05,2,351.239082
-2.2,5,351.25028
11.75,6,351.263747
-2.0,1,351.26647
-2.25,6,351.282123
11.9,3,351.290205
-2.35,8,351.311695
-2.55,8,351.333321
8.0,1,351.336008
-2.3,7,351.354404
-2.2,5,351.367096
11.8,5,351.379099
9.9,3,351.385919
-3.35,16,351.422692
-2.45,6,351.43611
-2.45,6,351.44949
-5.45,30,351.525304
-3.15,12,351.551726
-2.05,2,351.556237
-2.15,4,351.565245
-2.45,6,351.578508
11.25,16,351.613733
-2.2,5,351.624766
5.9,3,351.631545
-2.05,2,351.635879
-2.25,6,351.649127
11.9,3,351.65572
-2.85,10,351.678719
-2.75,8,351.697035
11.0,17,351.735058
-2.3,7,351.750351
11.6,5,351.7612
-2.0,1,351.76336
9.45,12,351.790104
8.0,1,351.792413
6.0,1,351.79469
-2.1,3,351.801258
-2.05,2,351.805671
-2.1,3,351.812384
-2.7,7,351.827948
-2.0,1,351.830173
-2.8,13,353.664585
-2.75,12,353.69787
9.7,7,353.715477
-2.4,5,353.728612
5.9,3,353.735961
11.7,7,353.753795
-2.15,4,353.763809
11.85,4,353.77424
-2.65,6,353.789385
-2.5,7,353.804776
-3.85,18,353.846523
-2.05,2,353.850944
-2.4,9,353.871297
5.95,2,353.875818
-2.25,6,353.888906
8.0,1,353.891162
11.7,7,353.906567
-2.25,6,353.919874
-2.1,3,353.926517
-4.55,28,353.992782
7.95,2,353.99778
-2.15,4,354.007298
-2.5,11,354.035189
-2.15,4,354.046111
-2.05,2,354.05149
7.9,3,354.059318
-2.1,3,354.06704
-2.65,14,354.1034
-2.9,11,354.132125
-2.2,5,354.144772
5.0,1,354.147334
-2.4,9,354.169211
-2.05,2,354.174011
-2.5,7,354.190834
-2.2,5,354.202546
-2.3,7,354.219246
-2.4,5,354.231246
-2.0,1,354.23393
-2.15,4,354.243626
-4.3,23,354.298256
11.5,11,354.323883
-2.1,3,354.330936
-2.0,1,354.333319
-3.95,28,354.4003
-2.6,9,354.422735
-7.45,50,354.54597
-2.1,3,354.553586
-3.3,19,354.602656
-2.0,1,354.605359
-2.1,3,354.613848
-2.0,1,354.616869
-2.05,2,354.621867
-2.0,1,354.624436
11.75,6,354.642291
-2.75,8,354.662559
-4.4,33,354.744935
-2.3,7,354.763229
-2.05,2,354.768179
-2.1,3,354.775355
-2.0,1,354.778079
-2.05,2,354.782805
-2.7,7,354.799396
10.7,11,354.826719
-2.15,4,354.83664
-2.0,1,354.839079
5.0,1,354.841604
6.0,1,354.84408
-2.0,1,354.846512
-2.05,2,354.851395
-6.95,72,356.790349
-2.1,3,356.797884
11.3,11,356.825068
11.2,13,356.858541
-2.25,6,356.873816
-4.45,22,356.928323
-2.35,4,356.93811
7.9,3,356.9456
5.0,1,356.947963
-8.6,65,357.104715
-2.0,1,357.107253
-2.1,3,357.117119
5.0,1,357.119746
-2.0,1,357.122224
-2.65,14,357.15652
-2.4,5,357.169127
11.85,4,357.178747
-2.25,6,357.19268
5.0,1,357.195137
-2.15,4,357.20441
-3.4,21,357.254683
-2.8,9,357.276453
-4.0,25,357.336151
-2.1,3,357.343126
-3.15,8,357.361705
-2.0,1,357.363994
-2.65,6,357.378272
6.0,1,357.38077
-3.1,15,357.416443
9.55,6,357.431265
5.85,4,357.441404
-2.25,6,357.455812
5.95,2,357.460665
-2.2,5,357.472416
11.85,4,357.481998
-4.25,22,357.53374
-2.5,7,357.552098
-2.2,5,357.564987
-3.05,14,357.600251
-2.7,11,357.63319
-2.4,5,357.647378
-2.6,9,357.670099
-2.0,1,357.672475
-2.0,1,357.674796
-2.85,10,357.699737
7.85,4,357.710091
-2.55,8,357.729918
-2.25,6,357.744067
7.95,2,357.749959
-2.0,1,357.75248
-2.2,5,357.764736
-3.25,14,357.800834
-2.2,5,357.813804
7.95,2,357.819022
-3.35,16,357.860508
-2.2,5,357.873675
-2.25,6,357.889318
11.65,4,357.900003
-4.5,27,359.611905
-2.35,8,359.630586
-3.85,26,359.687227
11.55,6,359.700492
-7.1,43,359.798175
9.1,11,359.825893
-2.4,5,359.838078
-2.9,7,359.855798
-2.3,7,359.872441
-2.2,5,359.884528
-2.1,3,359.892609
-2.3,7,359.909683
-9.55,72,360.079992
-2.1,3,360.087084
-2.65,10,360.110712
-2.8,17,360.151321
11.75,6,360.16453
11.85,4,360.173181
-2.15,4,360.182165
-2.4,5,360.193155
-4.7,31,360.262592
-3.95,28,360.326988
-2.15,4,360.335906
-3.45,14,360.367604
-2.1,3,360.374844
11.85,4,360.384014
-2.0,1,360.386291
11.85,4,360.395844
5.95,2,360.400531
11.65,8,360.419031
-2.7,11,360.445168
11.85,4,360.454715
-2.4,5,360.466731
-2.0,1,360.469128
-2.2,5,360.480879
-2.1,3,360.487531
-2.65,14,360.523296
11.7,7,360.543909
5.95,2,360.548853
-5.15,36,360.637942
9.0,37,360.737638
-2.75,8,360.758607
-2.45,6,360.774082
-2.25,6,360.789373
-6.0,37,362.654931
-2.0,1,362.657792
-2.1,3,362.665501
-2.1,3,362.673696
11.7,7,362.691942
9.9,3,362.699936
-2.0,1,362.702566
-2.2,5,362.715464
-2.15,4,362.725883
-2.0,1,362.728694
-2.6,9,362.752795
-2.25,6,362.769663
-3.85,18,362.816354
7.85,4,362.82614
11.9,3,362.833853
-2.1,3,362.841538
-2.05,2,362.846725
-2.7,11,362.876351
-2.0,1,362.879385
-3.05,14,362.929793
-2.0,1,362.933963
-3.6,21,363.01929
11.4,9,363.053504
-2.2,5,363.070414
-2.05,2,363.077052
-2.0,1,363.08029
4.75,2,363.086465
8.65,16,363.132343
-2.0,1,363.135172
5.9,3,363.143454
-2.35,8,363.164333
11.1,15,363.204705
-2.8,13,363.235744
-2.2,5,363.247518
-2.0,1,363.249891
-2.05,2,363.255177
-2.55,8,363.276006
7.45,4,363.287816
-6.7,39,363.387894
-2.6,5,363.40236
10.7,15,363.443993
-2.1,3,363.451784
-2.0,1,363.454374
-2.45,6,363.470735
11.65,4,363.481155
-2.4,5,363.494761
9.9,3,363.502712
11.9,3,363.510775
-2.0,1,363.513535
11.85,4,363.52438
-2.15,4,363.535299
-5.85,50,363.680046
5.0,1,363.683063
9.75,6,363.698764
-2.05,2,363.703971
11.6,5,363.716989
7.95,2,363.722328
-5.3,35,363.815985
-2.1,3,363.823792
-2.05,2,363.829123
-3.0,17,363.874053
5.0,1,363.876745
-2.1,3,363.884692
-2.3,7,363.903373
-3.25,14,363.939928
-2.3,7,363.958173
9.25,28,365.975043
-2.0,1,365.97762
-2.4,9,366.002233
-2.2,5,366.016497
-2.1,3,366.024135
-2.7,7,366.041917
-2.9,11,366.07123
8.0,1,366.074043
-2.0,1,366.077328
-2.25,6,366.094587
11.0,9,366.118905
11.95,2,366.124141
-2.45,6,366.138786
8.0,1,366.141375
5.0,1,366.14389
11.25,12,366.173293
-3.95,28,366.240086
11.25,16,366.286192
11.75,6,366.304447
5.0,1,366.307671
-7.15,72,366.463188
5.95,2,366.467669
-2.0,1,366.469852
11.9,3,366.476424
-2.05,2,366.480917
-2.35,8,366.498585
-2.0,1,366.500742
-2.95,12,366.525762
11.85,4,366.53501
7.95,2,366.539539
-2.95,16,366.574099
4.75,2,366.578323
5.9,3,366.584827
-2.5,7,366.59947
-3.0,13,366.627017
-2.35,4,366.635465
-2.35,8,366.652123
-2.0,1,366.654231
-2.3,3,366.660424
7.8,5,366.670911
-2.1,3,366.677155
-3.35,16,366.710374
-2.15,4,366.718832
-2.75,8,366.736193
-2.0,1,366.738413
7.85,4,366.747604
-2.65,10,366.769048
-2.0,1,366.771161
-2.15,4,366.779681
-2.1,3,366.786024
6.0,1,366.78838
9.65,8,366.805941
-2.2,5,366.816561
5.0,1,366.819521
-2.8,9,366.845667
5.0,1,366.848141
-2.0,1,366.850444
-2.0,1,366.852726
-2.05,2,366.857015
11.8,5,366.868049
-2.55,12,366.894643
9.9,3,366.90132
-2.65,10,366.922457
11.8,5,366.933388
11.2,9,366.952624
-2.05,2,366.956869
10.6,21,367.001699
-4.0,21,367.047535
-2.1,3,367.054869
-2.1,3,367.061935
-3.0,21,367.110481
-4.95,24,368.861895
11.7,7,368.87923
-3.15,16,368.918378
-2.25,6,368.932669
5.9,3,368.939842
-2.4,5,368.951285
-2.05,2,368.955976
5.0,1,368.958372
-2.25,6,368.972402
-2.35,8,368.991547
-2.15,4,369.00109
-2.0,1,369.003421
-2.3,3,369.010678
11.7,7,369.026996
9.65,8,369.045492
-2.1,3,369.052792
-10.2,69,369.211281
9.75,6,369.226642
11.65,8,369.246867
-5.35,72,369.414588
-3.8,13,369.446205
-2.0,1,369.448726
9.9,3,369.456064
-2.35,8,369.476359
-2.25,6,369.49159
-2.05,2,369.497441
-2.05,2,369.504015
-2.7,15,369.545294
-2.9,11,369.572134
-2.65,10,369.596417
9.6,5,369.609186
11.85,4,369.619781
5.4,5,369.632279
-5.2,33,369.711661
-9.35,72,369.887486
5.95,2,369.892994
-2.15,4,369.90371
-2.05,2,369.90904
-2.3,7,369.927935
-3.4,25,369.999094
11.75,6,370.016185
9.85,4,370.027588
7.95,2,370.033222
-2.0,1,370.036056
-2.0,1,370.038905
-3.35,12,370.071228
-2.65,10,371.859607
-2.95,8,371.878473
-2.0,1,371.880927
-2.0,1,371.88336
10.75,18,371.923918
7.45,36,372.004595
-2.6,13,372.033942
11.95,2,372.038493
4.35,58,372.174509
-2.0,1,372.17687
-2.15,4,372.185931
5.9,3,372.192835
5.0,1,372.195228
5.0,1,372.197723
11.65,8,372.215595
11.55,6,372.229305
11.65,8,372.248624
10.45,12,372.278057
-4.6,33,372.358211
-5.15,32,372.435575
-2.2,5,372.44669
6.0,1,372.449096
-7.75,72,372.6127
8.0,1,372.615214
-2.15,4,372.624732
-3.45,18,372.665687
4.75,2,372.67026
-6.55,44,372.774581
5.9,3,372.781974
11.8,5,372.793409
-5.1,43,372.894591
-2.25,6,372.908834
-2.3,7,372.925395
-2.6,9,372.946739
-2.2,5,372.95841
-6.5,47,374.68312
-3.2,17,374.726924
11.7,7,374.743903
9.8,5,374.757996
-2.15,4,374.767757
11.5,7,374.785684
-4.45,22,374.843193
-2.6,9,374.86364
5.0,1,374.865884
-3.1,11,374.889859
-2.4,9,374.909348
11.55,10,374.931086
-2.0,1,374.933352
-2.25,6,374.946719
7.85,4,374.95557
-3.65,18,375.003304
-2.05,2,375.009108
10.3,23,375.061999
-4.0,17,375.101102
7.95,50,375.221566
-2.05,2,375.2263
-2.2,5,375.23794
-8.55,72,375.413709
7.85,4,375.423655
-2.5,7,375.439522
-2.0,1,375.441706
10.8,13,375.470221
-2.65,10,375.492178
-2.35,8,375.509896
-4.95,40,375.603379
-2.0,1,375.605757
10.45,20,375.659268
-9.75,72,375.874625
-3.5,23,377.684218
-2.1,3,377.691702
-2.15,4,377.70121
-2.0,1,377.703698
11.85,4,377.714128
11.6,5,377.727134
-7.2,65,377.886041
-3.0,13,377.914853
7.85,4,377.924157
-4.35,20,377.970694
-4.8,33,378.043601
9.6,5,378.054441
-2.1,3,378.061309
-4.6,21,378.108637
-2.0,1,378.110813
-4.65,26,378.174703
11.2,9,378.196763
11.75,6,378.21147
-2.05,2,378.216398
11.8,5,378.229477
6.0,1,378.232291
8.0,1,378.235073
-2.15,4,378.24579
-2.05,2,378.250997
-3.1,19,378.300012
11.2,9,378.323917
11.95,2,378.329362
9.65,24,378.393168
11.85,4,378.404157
-2.25,6,378.419926
-2.65,6,378.435787
-2.0,1,378.438453
-2.0,1,378.441083
9.9,3,378.449417
6.0,1,378.452166
-4.4,29,378.519404
9.2,13,378.547989
-2.0,1,378.550519
9.55,26,378.610622
-6.75,48,378.725691
11.7,7,378.742858
-2.0,1,378.745393
-3.1,19,378.795074
9.4,37,378.894526
-3.55,16,380.832778
5.0,1,380.835568
5.95,2,380.840866
6.0,1,380.843475
11.9,3,380.850981
5.95,2,380.856086
-3.15,16,380.897823
11.7,7,380.91642
-2.1,3,380.924945
-6.15,40,381.037273
-2.05,2,381.044713
11.9,3,381.055861
11.9,3,381.066884
11.3,11,381.110965
11.8,5,381.127761
9.75,6,381.147791
-3.1,15,381.196517
-2.2,5,381.211624
9.95,2,381.21782
11.75,6,381.236517
11.9,3,381.246032
-5.45,38,381.362779
-2.25,6,381.37971
10.8,17,381.428103
11.4,13,381.4661
-4.85,38,381.583206
-2.15,4,381.595097
-3.9,19,381.649652
-2.55,12,381.682071
6.0,1,381.684977
-7.15,52,381.823614
-2.25,6,381.838966
-2.15,4,381.849397
-2.0,1,381.852018
-3.75,20,381.905432
11.7,7,381.924417
11.45,12,381.956397
11.35,6,381.972201
11.8,5,381.98532
-2.35,8,382.008104
6.35,38,382.118211
-8.75,72,384.314992
11.95,2,384.321425
11.8,5,384.336136
-2.75,12,384.370327
-2.9,11,384.40179
9.5,7,384.421411
-2.0,1,384.424312
11.85,4,384.435861
11.8,5,384.449928
-2.5,7,384.470013
9.95,2,384.476519
11.75,6,384.493781
9.85,4,384.506379
7.45,4,384.518089
-2.95,12,384.553674
-3.9,27,384.63496
11.7,7,384.655805
11.9,3,384.665109
5.95,2,384.670807
-2.1,3,384.679825
10.5,27,384.7611
-2.15,4,384.775909
5.95,2,384.782182
9.65,8,384.806921
10.15,26,384.881086
-3.7,19,384.936034
11.35,14,384.975924
-2.0,1,384.978718
5.95,2,384.984033
11.85,4,384.99488
10.75,18,385.045411
11.45,12,385.081597
-2.5,11,385.115464
-2.1,3,385.124734
4.25,68,385.321542
11.25,12,385.35304
-2.0,1,385.355744
-7.45,54,385.493511
8.8,13,385.529607
-4.0,21,385.584583
-2.2,5,385.598289
5.95,2,385.603326
11.15,10,385.63007
-2.85,10,385.657531
11.75,6,385.676059
-2.3,7,385.694627
-3.95,16,385.735078
9.8,5,385.747959
11.0,9,387.976654
11.85,4,387.989925
-2.1,3,388.001175
9.6,25,388.080678
-2.3,7,388.102983
-2.1,3,388.111683
7.9,3,388.120623
5.0,1,388.123697
11.8,5,388.138924
11.5,7,388.1596
7.5,35,388.263548
7.85,4,388.276183
-2.25,6,388.298101
-2.2,5,388.311567
11.6,9,388.335557
-2.0,1,388.33828
11.4,13,388.373832
-2.0,1,388.376725
-2.0,1,388.379572
9.3,7,388.398964
8.0,1,388.401988
11.6,9,388.426516
9.6,9,388.45176
-2.15,4,388.462494
-2.15,4,388.473453
7.25,48,388.609058
11.3,11,388.638117
-2.15,4,388.648982
11.65,8,388.671115
8.25,44,388.789995
-3.0,9,388.813481
11.75,6,388.829502
-2.6,9,388.854605
-3.95,32,388.941596
5.2,53,389.096826
5.65,48,389.247014
-2.15,4,389.258772
11.3,15,389.301377
11.65,8,389.323354
6.0,1,389.326436
7.7,43,391.589221
10.4,17,391.635144
-2.85,14,391.672616
-2.15,4,391.682493
11.2,9,391.704513
11.75,6,391.719311
11.05,12,391.752888
-2.0,1,391.755419
9.65,20,391.806919
9.15,26,391.876691
11.95,2,391.881743
11.3,11,391.910046
11.35,6,391.925266
11.25,8,391.948183
-2.0,1,391.951059
-2.0,1,391.953705
5.95,2,391.958909
9.9,3,391.966338
11.85,4,391.97701
9.5,27,392.047746
9.15,26,392.11149
-2.1,3,392.118815
11.0,17,392.157362
9.9,23,392.209248
7.95,2,392.214036
8.9,27,392.273566
-2.05,2,392.278155
11.4,13,392.308193
10.25,32,392.384435
11.55,6,392.398206
11.05,12,392.425817
11.75,6,392.439392
-2.0,1,392.441686
8.35,38,392.530005
11.8,5,392.541497
-2.0,1,392.543893
-2.1,3,392.550516
11.5,7,392.566597
7.9,3,392.573833
11.0,13,392.604059
-4.25,18,392.652729
-2.0,1,392.655149
11.55,10,392.679773
9.55,6,392.696065
-2.1,3,392.704575
5.95,2,392.71032
11.35,10,392.737824
6.0,1,392.740642
11.85,4,392.751436
9.25,32,392.837205
8.4,13,394.672508
11.3,11,394.699935
-3.2,13,394.732041
10.65,20,394.780853
-2.45,6,394.797155
5.0,1,394.800581
-2.0,1,394.80302
12.0,1,394.805937
11.7,7,394.822747
3.6,69,394.991247
11.5,11,395.018902
5.0,1,395.021565
-2.55,8,395.042077
7.95,2,395.04735
11.75,6,395.062424
11.4,9,395.084537
11.35,10,395.110351
10.75,14,395.146202
10.95,10,395.172214
11.75,6,395.187757
11.5,7,395.206065
-2.15,4,395.216393
-2.15,4,395.226612
-4.65,22,395.2803
8.4,25,395.345137
10.6,17,395.389452
5.0,1,395.392132
5.95,2,395.39758
-2.2,5,395.410583
11.85,4,395.42103
-2.0,1,395.423748
-2.0,1,395.426485
8.0,1,395.429189
-2.2,5,395.442203
-2.05,2,395.447285
11.8,5,395.460608
-2.15,4,395.47093
-2.25,6,395.48634
9.85,4,395.496685
-2.0,1,395.499339
-2.0,1,395.501948
-2.4,5,395.514991
5.0,1,395.517667
-2.05,2,395.52283
10.3,15,395.560004
11.15,10,395.58392
5.75,2,395.588712
-2.0,1,395.59108
-2.0,1,395.5937
5.9,3,395.601224
-2.0,1,395.603644
-2.0,1,395.60604
11.15,10,395.630063
-2.0,1,395.632456
11.25,12,395.661026
-2.1,3,395.668033
10.65,12,395.696646
11.2,9,395.718036
7.95,2,395.722967
11.9,3,395.7308
11.45,12,395.759136
-2.2,5,395.770968
11.1,11,395.796946
-2.2,5,395.808698
10.95,14,395.844142
6.0,1,395.846565
-2.05,2,395.851193
11.55,6,395.865236
-2.0,1,395.867541
-3.05,14,395.900498
11.75,6,395.914446
6.45,56,397.74818
11.7,7,397.765099
11.75,6,397.779177
-4.15,16,397.816299
-2.0,1,397.818688
10.45,16,397.85621
-2.15,4,397.865976
10.85,16,397.903762
-2.0,1,397.906158
11.8,5,397.91785
11.8,5,397.929334
-6.8,53,398.053815
10.65,16,398.09153
11.05,16,398.129254
11.7,7,398.145803
-2.35,8,398.165211
9.8,33,398.244637
-2.25,6,398.259426
-2.0,1,398.261965
9.45,8,398.281102
11.85,4,398.291064
11.85,4,398.300789
-2.05,2,398.305583
10.4,21,398.355788
11.1,11,398.381637
7.6,37,398.46365
11.65,8,398.48151
6.0,1,398.483864
-2.1,3,398.490587
11.65,8,398.508662
5.75,2,398.513256
10.2,21,398.561769
7.95,2,398.566653
11.8,5,398.579144
11.3,7,398.596298
-2.05,2,398.600679
5.95,2,398.605223
11.75,6,398.618342
5.0,1,398.62066
10.75,14,398.652105
-2.0,1,398.654348
-3.15,12,398.682197
-3.3,11,398.707253
10.05,24,398.762056
-2.05,2,398.766983
10.35,14,398.801773
6.0,1,398.804539
-2.45,10,398.830521
-2.1,3,400.592664
5.0,1,400.595312
7.8,33,400.673909
7.85,4,400.683876
-2.0,1,400.686315
5.95,2,400.691144
11.45,8,400.710797
10.9,15,400.746711
11.75,6,400.760887
11.8,5,400.772543
11.8,5,400.784306
10.65,12,400.811867
-2.4,5,400.823058
-2.45,10,400.846778
-2.15,4,400.855845
11.9,3,400.862521
-2.05,2,400.867798
11.75,6,400.883145
11.35,10,400.907098
-2.1,3,400.914294
11.45,8,400.933441
9.55,22,400.983776
11.7,7,400.999598
11.65,8,401.01805
11.8,5,401.0291
7.85,44,401.129902
11.75,6,401.144656
11.9,3,401.151595
11.85,4,401.160609
-3.45,14,401.191989
11.6,9,401.211944
10.9,11,401.236583
-2.0,1,401.238779
11.9,3,401.245425
11.15,10,401.267494
11.9,3,401.274572
11.8,5,401.286116
11.85,4,401.295072
11.7,7,401.310899
-3.2,9,401.33133
10.35,18,401.372274
-2.4,5,401.383251
8.95,38,401.469198
9.35,10,401.491482
9.45,24,401.545924
11.65,8,401.563801
11.2,13,401.592904
9.75,22,401.641873
11.5,7,401.658106
11.7,7,401.67401
5.0,1,401.676369
11.15,10,401.700525
9.5,19,401.746342
11.15,10,401.771324
7.95,2,403.596418
6.0,1,403.599044
4.75,2,403.604078
9.6,9,403.625911
7.7,7,403.643072
-2.0,1,403.646075
11.75,6,403.664988
11.8,5,403.676565
11.7,7,403.692658
11.4,9,403.71375
-2.8,13,403.743554
11.1,15,403.77716
5.9,3,403.784039
9.8,5,403.796656
-2.05,2,403.801659
11.15,18,403.846059
11.8,5,403.858545
11.85,4,403.86863
11.8,5,403.881367
-3.4,17,403.922604
10.75,14,403.957295
11.6,9,403.979654
11.5,7,403.997085
11.85,4,404.006906
11.9,3,404.014193
-2.1,3,404.021404
10.85,12,404.050429
11.15,10,404.074546
10.8,13,404.105932
11.65,8,404.125659
5.0,1,404.128448
-2.25,6,404.143081
10.25,16,404.180313
11.85,4,404.189474
10.7,15,404.224591
10.65,16,404.261519
-2.0,1,404.263865
10.4,17,404.303034
-2.0,1,404.305411
11.6,9,404.325734
-2.5,11,404.35068
11.5,7,404.366938
11.9,3,404.374108
11.5,11,404.401455
11.6,9,404.422971
11.75,6,404.437843
10.85,12,404.467343
-2.55,12,404.501296
9.1,31,404.575378
-2.0,1,404.577744
11.75,6,404.591493
-2.9,7,404.608354
11.8,5,404.620319
11.65,8,404.638605
-3.65,22,404.688858
11.5,11,404.71384
-2.0,1,404.716463
-2.05,2,404.721029
11.5,11,404.74663
-2.2,5,404.757877
9.65,20,404.803818
-2.0,1,404.806156
10.65,16,406.519309
-2.8,9,406.539927
-2.05,2,406.544505
11.55,6,406.558557
11.65,8,406.576907
5.0,1,406.579295
-2.0,1,406.581595
9.95,22,406.630485
11.3,11,406.655931
10.55,14,406.68744
11.85,4,406.696442
11.4,9,406.716652
-2.05,2,406.721085
11.4,9,406.74127
-2.25,6,406.75509
10.8,9,406.775922
11.55,6,406.789492
11.95,2,406.79392
5.9,3,406.80064
10.1,27,406.862395
6.0,1,406.864824
11.65,8,406.882895
10.15,18,406.92322
11.3,7,406.939402
-2.0,1,406.941586
9.85,4,406.950803
11.7,7,406.967766
-2.1,3,406.974975
11.85,4,406.984735
-2.05,2,406.989684
11.9,3,406.9969
11.75,6,407.010768
11.85,4,407.020077
11.65,8,407.039076
5.0,1,407.041646
-2.6,5,407.053747
11.3,7,407.070587
10.5,23,407.126199
7.85,4,407.135982
11.7,7,407.153008
8.6,41,407.25299
-2.0,1,407.255398
11.5,7,407.272406
11.35,10,407.296458
11.65,8,407.315856
-2.0,1,407.318367
11.45,8,407.337935
11.7,7,407.355017
-2.15,4,407.365225
8.0,1,407.36794
-2.35,4,407.377894
5.0,1,407.380385
10.95,10,407.404204
11.8,5,407.416299
-2.25,6,407.430382
11.5,11,407.456585
9.95,2,407.461813
-7.55,56,407.599124
10.2,21,407.648064
11.35,10,407.671567
8.0,1,407.673879
11.7,7,407.68904
11.55,10,409.409029
-2.95,12,409.438673
11.6,9,409.460404
7.85,32,409.539797
5.0,1,409.542368
9.4,33,409.628382
5.85,4,409.639343
11.25,12,409.670184
-2.2,5,409.68355
-2.0,1,409.686502
9.05,36,409.782202
9.45,20,409.835116
-2.0,1,409.837814
-2.0,1,409.840579
5.0,1,409.843254
-2.0,1,409.845871
11.8,5,409.859053
11.8,5,409.871697
11.8,5,409.88439
10.45,8,409.905698
8.65,24,409.968412
7.9,3,409.976325
11.75,6,409.992192
-2.8,13,410.026088
-2.0,1,410.028527
5.95,2,410.033772
11.7,7,410.050588
11.75,6,410.065242
11.0,13,410.096362
-2.0,1,410.098697
-4.05,14,410.131086
-2.0,1,410.133358
11.8,5,410.144856
7.9,3,410.152077
7.9,3,410.159499
5.0,1,410.162029
11.3,11,410.187366
10.85,12,410.214935
-2.1,3,410.221863
-2.15,4,410.231323
-2.0,1,410.233602
11.65,8,410.252076
5.9,3,410.259483
11.45,8,410.27951
-2.0,1,410.282152
11.25,16,410.322869
11.7,7,410.340007
11.6,9,410.364611
5.0,1,410.367675
11.75,6,410.383505
6.0,1,410.386268
-2.1,3,410.393592
10.05,20,410.442503
-2.0,1,410.445344
10.6,21,410.495995
-2.15,4,410.505274
11.3,11,410.531585
11.75,6,410.545609
10.65,16,410.58388
11.25,12,410.613277
11.95,2,410.618912
7.9,3,410.626485
5.0,1,410.629047
-2.35,8,410.648085
-2.2,5,410.660177
10.05,20,412.407891
11.7,7,412.42406
11.6,9,412.445978
-2.35,8,412.465447
-2.0,1,412.46781
11.5,7,412.484746
11.5,7,412.502373
5.75,2,412.507385
11.4,9,412.527763
5.0,1,412.530125
11.7,7,412.546045
11.1,11,412.571239
-2.05,2,412.575821
11.7,7,412.591726
11.75,6,412.60494
11.3,11,412.629549
11.25,12,412.656087
11.85,4,412.665273
-2.0,1,412.66754
11.75,6,412.680993
11.65,8,412.698941
5.9,3,412.705961
-2.0,1,412.70831
10.95,14,412.739119
-2.3,7,412.754545
5.95,2,412.758978
5.95,2,412.763317
11.6,9,412.7831
-2.0,1,412.78526
-2.15,4,412.79419
11.6,9,412.814136
11.7,7,412.829523
-2.1,3,412.836252
-2.05,2,412.840848
11.45,8,412.858545
-2.0,1,412.860928
-2.15,4,412.869682
11.65,8,412.888549
11.8,5,412.900658
11.6,9,412.922798
11.75,6,412.936884
11.65,8,412.95518
8.85,32,413.027069
11.35,10,413.049159
11.85,4,413.058292
10.7,11,413.084167
-2.0,1,413.086627
11.85,4,413.095747
11.9,3,413.103072
7.95,2,413.107955
-2.15,4,413.117752
-2.05,2,413.122671
-2.05,2,413.127782
-2.0,1,413.130299
7.9,3,413.138267
-2.0,1,413.140791
11.75,6,413.155577
11.8,5,413.170859
5.95,2,413.177752
11.3,7,413.195792
7.95,2,413.200876
7.45,32,413.282566
-2.0,1,413.28545
9.7,15,413.327045
10.6,17,413.372566
9.5,11,413.40116
8.95,30,413.478674
11.6,9,413.504405
11.0,13,413.546059
11.7,7,413.567038
7.9,3,413.575324
7.95,2,413.580916
11.25,12,413.612172
10.5,15,415.441579
11.85,4,415.452086
11.65,8,415.473098
5.95,2,415.47829
11.5,7,415.495857
-2.2,5,415.507795
11.75,6,415.521996
10.85,16,415.559575
10.6,13,415.590822
11.45,8,415.609914
-2.2,5,415.622664
9.95,2,415.627745
-2.0,1,415.63046
11.75,6,415.644774
11.8,5,415.659263
-2.15,4,415.668822
5.9,47,415.783767
6.0,1,415.786462
9.85,24,415.848202
11.7,7,415.867987
-2.0,1,415.870834
11.15,10,415.898191
11.55,10,415.928036
10.85,12,415.966071
11.9,3,415.975648
9.55,18,416.031717
5.9,3,416.041973
10.7,15,416.08974
11.8,5,416.105685
11.65,4,416.118553
10.15,22,416.189956
10.75,14,416.23749
5.0,1,416.241149
-2.05,2,416.248219
-2.0,1,416.251811
11.8,5,416.269509
11.5,11,416.303638
11.3,11,416.337781
11.7,7,416.359178
11.55,10,416.390082
11.15,18,416.441897
11.65,8,416.465159
11.8,5,416.479349
6.0,1,416.482339
5.4,49,416.618173
11.85,4,416.62926
11.1,11,416.660334
11.4,13,416.695042
11.9,3,416.702464
11.7,7,416.719542
11.95,2,416.724707
5.0,1,416.727243
11.8,5,416.739493
11.4,9,416.761747
11.65,8,416.781324
9.2,37,418.609692
11.5,7,418.62565
10.1,19,418.66972
-2.1,3,418.676645
11.7,7,418.692739
10.95,14,418.724283
-2.1,3,418.731472
-2.15,4,418.740682
-2.0,1,418.74314
5.75,2,418.74774
-2.0,1,418.74997
11.75,6,418.763354
11.8,5,418.774919
5.95,2,418.779602
11.65,8,418.797611
-2.0,1,418.799997
11.3,7,418.815947
-2.05,2,418.820498
11.65,8,418.838743
10.95,14,418.872437
11.55,10,418.897194
-2.0,1,418.899642
11.5,11,418.9268
11.3,11,418.954429
7.95,2,418.959522
10.8,17,419.002114
11.75,6,419.016964
11.6,9,419.039618
4.75,2,419.044957
11.5,11,419.072756
-2.0,1,419.075291
10.05,20,419.124926
10.4,17,419.164421
5.0,1,419.166798
-2.05,2,419.171511
9.05,28,419.239116
7.8,5,419.250961
-2.3,3,419.257838
11.75,6,419.272056
11.4,9,419.293738
11.25,8,419.312797
11.85,4,419.32262
11.25,12,419.351793
-2.05,2,419.356812
11.6,9,419.379165
9.55,22,419.432042
11.65,8,419.453968
11.55,6,419.469633
11.8,5,419.482647
7.95,2,419.487969
-2.3,7,419.506256
11.65,8,419.527275
9.3,23,419.585663
11.4,9,419.60737
11.85,4,419.616727
11.55,10,419.641387
-2.0,1,419.643967
10.35,14,419.679744
-2.15,4,419.689915
11.6,9,419.712374
7.9,3,419.71959
11.55,10,419.743963
-2.0,1,419.746447
10.25,16,419.785159
-2.5,7,419.802351
10.8,17,421.634874
-2.1,3,421.642133
11.4,9,421.664755
11.0,9,421.687703
9.7,19,421.733902
7.85,4,421.743981
5.0,1,421.746541
12.0,1,421.749166
8.0,1,421.751794
11.05,12,421.785034
11.8,5,421.797992
10.8,17,421.840614
-2.2,5,421.853461
5.0,1,421.856214
11.85,4,421.865841
-2.2,5,421.877869
-2.0,1,421.880565
10.85,12,421.909229
10.95,14,421.943153
-2.05,2,421.948077
11.65,8,421.967973
6.0,1,421.97094
-2.05,2,421.97602
11.75,6,421.991546
10.55,18,422.038005
-2.65,10,422.062378
-2.0,1,422.064876
6.0,1,422.067399
11.75,6,422.082239
8.8,21,422.133297
-2.1,3,422.14062
11.7,7,422.157479
11.75,6,422.172123
11.6,9,422.194105
11.65,8,422.213744
7.85,4,422.223516
-2.1,3,422.230704
-2.0,1,422.23315
-2.45,6,422.247436
4.6,69,422.414118
-2.0,1,422.416561
11.3,11,422.443557
5.95,2,422.448351
11.8,5,422.460251
11.55,6,422.474446
-2.0,1,422.476882
7.85,4,422.486855
11.4,13,422.516068
10.6,13,422.545652
11.75,6,422.559281
5.95,2,422.563993
10.35,18,422.605207
11.5,11,422.630394
11.85,4,422.63942
7.45,4,422.648619
8.25,36,422.732788
-2.05,2,422.737674
-2.45,10,422.76168
11.25,12,422.791632
11.8,5,422.803966
11.6,9,422.825947
11.7,7,422.842811
5.0,1,422.845324
5.0,1,422.847823
11.2,9,424.86058
9.3,23,424.916537
-2.0,1,424.919019
11.65,8,424.938159
11.8,5,424.950093
11.6,9,424.971941
-2.1,3,424.979274
5.95,2,424.984338
11.2,9,425.006391
11.85,4,425.016362
11.75,6,425.031423
11.4,9,425.053747
5.0,1,425.056223
10.7,11,425.083624
11.55,6,425.098838
11.25,8,425.118678
9.9,19,425.16434
5.0,1,425.16686
11.55,10,425.190572
6.75,62,425.373834
-13.25,98,425.591823
-2.0,1,425.594263
-7.8,37,425.6784
-6.6,41,425.7763
-16.85,98,426.019297
-6.25,30,427.772312
5.95,2,427.777065
-2.0,1,427.779335
-7.15,48,427.887712
5.0,1,427.890184
13.85,4,427.899856
-2.1,3,427.907242
11.25,12,427.935421
13.45,8,427.953744
-10.05,98,428.182769
5.0,1,428.185396
11.7,7,428.202567
-13.45,98,428.429502
-2.1,3,428.436444
-8.85,50,428.549714
-2.15,4,428.559262
-2.0,1,428.561583
13.15,14,428.593743
-14.25,98,428.818395
13.05,12,428.84662
-13.4,93,430.735658
-3.65,18,430.777029
5.95,2,430.781622
-13.45,98,431.002529
-20.05,98,431.230061
11.55,10,431.252877
11.7,7,431.268527
11.75,6,431.281324
-13.05,98,431.494151
-2.95,12,431.520663
10.8,13,431.549982
-2.15,4,431.558627
-20.45,98,433.603343
-4.5,23,433.655142
-12.95,88,433.855522
9.8,5,433.867275
-2.0,1,433.869627
-2.15,4,433.878774
-13.65,98,434.116242
13.4,9,434.138074
-13.65,98,434.374898
10.85,12,434.401854
-8.4,61,434.540781
-2.05,2,434.545591
-13.85,98,434.774265
7.95,2,434.779642
-13.05,98,436.825208
-9.65,98,437.048718
9.95,2,437.053408
5.95,2,437.058124
12.0,1,437.060452
-10.85,98,437.281536
-10.25,98,437.511593
-10.45,66,437.663405
11.65,8,437.682232
-2.2,5,437.693861
7.95,2,437.698694
-12.25,98,439.749246
-11.45,98,439.981234
-10.55,80,440.161407
-14.65,98,440.379066
-12.25,98,440.595535
-2.05,2,440.599639
5.95,2,440.603805
12.4,17,440.638746
-18.25,98,442.603658
-12.45,98,442.842772
-11.25,98,443.081586
11.6,9,443.103769
-12.85,98,443.334323
9.85,4,443.343784
-10.75,80,443.531042
5.0,1,443.533514
-11.85,98,445.622994
5.95,2,445.62723
-4.8,37,445.707323
-12.25,98,445.919477
7.9,3,445.925985
-9.3,87,446.111515
-4.6,17,446.14804
-11.25,98,446.359721
-14.25,98,446.562587
-2.05,2,446.566933
-2.0,1,446.569189
-9.25,98,448.399136
-2.15,4,448.407494
11.1,11,448.430512
-12.25,98,448.63617
-11.45,98,448.83567
-2.3,7,448.850407
-10.85,98,449.05568
7.85,4,449.064721
-7.85,74,449.235137
-13.25,86,451.138426
8.65,36,451.230304
13.45,12,451.26007
-11.05,86,451.461887
5.0,1,451.464426
-11.05,98,451.701778
-10.65,98,451.934063
-8.4,69,452.099221
13.8,5,452.110477
-11.25,98,454.009271
-9.45,98,454.219079
-2.65,10,454.241103
7.85,4,454.249612
-2.0,1,454.251997
-2.0,1,454.254109
9.4,49,454.357688
9.45,12,454.385281
5.9,3,454.392395
-3.15,20,454.439536
-12.05,98,454.650382
-8.8,69,454.813374
-11.25,98,455.062107
-10.25,98,456.913137
-14.25,98,457.123927
-9.45,98,457.327056
-8.7,87,457.514103
-8.65,98,457.729581
-2.0,1,457.731769
-9.25,98,459.615593
-10.45,98,459.857772
-2.0,1,459.860303
-11.4,73,460.037169
-5.95,48,460.15655
-2.0,1,460.159218
-4.7,31,460.232275
-8.45,98,460.472896
-10.75,68,460.639938
-3.75,20,460.694948
-2.15,4,460.706638
11.0,21,460.765751
-9.25,98,462.966771
-12.05,98,463.20926
-2.1,3,463.216758
-9.85,98,463.458909
11.65,8,463.47872
-6.6,53,463.610486
-8.05,98,463.854383
-3.65,22,463.908269
-2.0,1,463.910615
13.3,15,463.945082
8.0,1,463.94749
-7.15,84,465.917549
-9.85,98,466.149554
-2.15,4,466.158648
-9.05,98,466.405732
-3.4,17,466.450029
-2.05,2,466.456007
-11.25,98,466.711041
9.95,2,466.716276
5.95,2,466.721811
-4.95,36,466.817722
-10.5,67,466.993572
-9.85,98,469.217116
-3.2,17,469.263278
-8.85,98,469.529857
-2.0,1,469.532537
-2.15,4,469.543229
-5.8,61,469.706639
-2.9,15,469.745922
-11.85,98,470.008526
7.95,2,470.014292
-10.05,98,470.276447
-4.6,49,470.408675
-8.05,98,472.349523
-3.8,25,472.40495
-12.05,98,472.625905
-2.35,8,472.644501
7.9,3,472.651331
5.0,1,472.653689
-8.5,75,472.823246
-4.75,32,472.894798
-3.15,12,472.922166
-9.45,98,473.142116
-2.0,1,473.144426
-6.75,64,473.287815
6.0,1,473.290236
-9.55,96,475.187619
-2.25,6,475.201887
-4.1,35,475.285105
9.95,30,475.358447
9.85,4,475.368974
-4.1,23,475.428082
-2.3,7,475.446488
-9.25,98,475.687796
-7.15,76,475.874012
12.95,14,475.906555
-2.0,1,475.908785
-2.0,1,475.911002
-3.4,25,475.968093
11.0,21,476.015998
11.9,3,476.022885
-8.75,76,476.195867
13.05,12,476.224874
-2.75,12,477.946941
13.9,3,477.953995
-4.95,40,478.045835
-2.1,3,478.052685
-3.65,26,478.108371
-3.0,17,478.144191
-8.05,70,478.297472
-4.95,40,478.389924
-10.85,98,478.61108
-2.25,6,478.624551
-2.0,1,478.626835
-2.0,1,478.629376
5.0,1,478.631777
-2.0,1,478.634095
-2.4,9,478.654272
-2.05,2,478.658771
10.65,48,478.766739
6.0,1,478.769145
-2.05,2,478.77375
-9.25,98,479.004816
5.0,1,479.00731
5.0,1,479.009798
-2.25,6,479.024317
-5.05,50,480.791426
-7.45,98,481.015634
-9.45,98,481.237985
6.0,1,481.240658
-2.15,4,481.250377
-4.5,31,481.320892
-3.75,32,481.400178
-7.25,98,481.6374
-2.7,15,481.674582
13.85,4,481.684387
-2.8,13,481.717239
13.5,11,481.74409
-2.05,2,481.749895
7.9,3,481.75782
-7.65,98,484.005542
7.8,5,484.017508
-2.0,1,484.019909
-2.8,17,484.060101
-2.65,14,484.093307
-3.55,24,484.152009
-6.5,63,484.30122
-2.25,6,484.315572
-2.05,2,484.320444
9.75,22,484.374445
-2.55,12,484.407652
-3.9,27,484.480433
12.3,27,484.548537
-2.7,15,484.587851
-2.0,1,484.590554
-8.85,98,484.898212
-4.9,27,484.979059
-2.25,6,484.999954
9.85,4,485.012835
9.45,8,485.038618
7.85,4,485.053433
-2.5,11,485.090633
-4.65,46,485.239689
-2.15,4,485.254856
-2.05,2,485.262079
-9.45,98,487.737816
-7.7,55,487.8964
13.2,13,487.940255
11.05,16,487.985663
8.65,20,488.043062
-3.4,25,488.115769
9.55,10,488.144618
-5.35,48,488.281702
-2.25,6,488.298573
-3.5,27,488.378183
-8.85,98,488.666789
-2.4,5,488.682948
-4.05,22,488.751553
-2.0,1,488.754694
-2.2,5,488.79665
8.35,54,488.993239
-10.45,98,491.75287
-2.05,2,491.758644
-4.2,33,491.853379
-6.3,67,492.105257
-3.05,22,492.190222
-4.55,40,492.345477
-2.5,11,492.386899
-2.35,8,492.416933
-3.75,32,492.533928
-3.4,25,492.618958
-2.05,2,492.625982
-3.1,19,492.694159
-2.3,7,492.719587
11.25,12,492.762424
11.8,5,492.780566
13.0,13,492.827992
-2.05,2,492.835366
-5.25,42,492.982891
-10.45,98,493.267707
-2.1,3,493.275483
-3.2,13,493.309845
13.95,2,493.315822
-2.0,1,493.318605
-2.2,5,493.331725
-5.35,48,495.430613
-8.25,98,495.651011
11.6,9,495.671052
-5.15,36,495.750409
9.85,4,495.759689
-2.95,20,495.804771
9.5,7,495.820468
-4.55,40,495.914288
5.0,1,495.917058
11.55,10,495.941713
-2.2,5,495.954057
7.95,2,495.959076
-4.6,41,496.058904
-2.55,8,496.078058
-7.1,59,496.231065
-2.0,1,496.233682
-2.65,10,496.285726
-5.95,56,496.439611
13.7,7,496.464391
9.95,2,496.471003
-4.0,21,496.532732
-7.6,53,498.425389
-2.3,7,498.446038
-5.75,48,498.567131
-3.25,22,498.621323
-2.4,5,498.634698
-2.95,16,498.673988
-2.6,13,498.706269
-5.2,41,498.805652
-2.1,3,498.81312
-2.0,1,498.815574
-2.15,4,498.825327
-5.75,60,498.972091
-2.1,3,498.979463
-2.7,15,499.015889
5.95,2,499.020802
-4.35,24,499.079648
-2.15,4,499.089366
-2.15,4,499.098917
-2.0,1,499.101476
-3.5,19,499.149467
-9.45,98,499.391759
-4.45,34,499.474821
-2.0,1,499.47739
-7.0,69,501.373992
13.95,2,501.37914
8.0,1,501.381757
-4.55,40,501.478627
-2.05,2,501.483497
-2.05,2,501.488348
7.85,4,501.498063
-2.45,10,501.522189
-7.7,83,501.732815
13.6,9,501.756332
-2.3,7,501.774565
-2.05,2,501.779895
13.9,3,501.787591
-2.2,5,501.800166
5.0,1,501.802866
-2.2,5,501.815633
-3.45,22,501.87139
-2.45,10,501.896935
-2.95,16,501.938099
-2.35,8,501.95817
-4.6,33,502.040076
9.9,3,502.047637
9.5,7,502.065333
7.95,2,502.070156
11.65,8,502.08926
-3.85,30,502.161125
9.9,3,502.168648
-3.85,26,502.23162
-2.2,5,502.243579
13.75,6,502.258151
-4.7,35,502.342806
-2.45,10,502.367184
-3.0,21,502.421553
-2.8,13,502.452561
-6.25,98,504.358935
11.65,8,504.377038
-2.2,5,504.388415
5.95,2,504.393116
-4.9,39,504.483013
-2.8,17,504.521732
-2.6,9,504.541962
-3.15,20,504.586774
-2.05,2,504.593505
-3.5,27,504.666858
-2.25,6,504.680971
-2.35,8,504.699959
6.0,1,504.702373
13.6,9,504.723744
-2.15,4,504.733326
-2.6,9,504.754895
-2.4,9,504.776105
6.0,1,504.778615
-2.1,3,504.785924
-2.6,13,504.816769
5.0,1,504.819341
13.9,3,504.826421
-2.0,1,504.82892
-2.0,1,504.831314
-2.85,10,504.854794
-3.15,20,504.899359
-2.85,10,504.92154
-2.0,1,504.923717
-2.05,2,504.928159
-3.4,17,504.965568
-2.1,3,504.97228
-3.75,28,505.034942
-3.05,10,505.057182
-3.0,13,505.085913
-2.15,4,505.094978
-3.5,23,505.145373
-2.75,8,505.162711
-2.0,1,505.164899
-2.55,4,505.173826
-2.3,7,505.189064
11.4,13,505.217693
-2.15,4,505.2264
-2.6,13,505.255473
13.75,6,505.268572
-4.6,41,505.358726
5.9,3,505.365341
-2.15,4,505.374079
-2.2,5,505.38508
-2.25,6,505.39829
11.7,7,505.413668
13.55,10,505.436049
7.9,3,505.442821
-3.5,27,507.18012
-3.9,15,507.212979
-2.1,3,507.220118
13.7,7,507.235959
-2.9,15,507.26957
-2.4,9,507.291178
-3.5,23,507.344563
-2.1,3,507.351403
-3.1,15,507.386414
13.8,5,507.398284
-2.35,8,507.416535
-2.55,8,507.435229
-2.15,4,507.444339
-2.8,17,507.481891
-4.35,32,507.553641
-2.3,7,507.569972
-3.6,21,507.620311
-2.35,8,507.639488
-2.85,18,507.682075
-2.0,1,507.684529
-2.2,5,507.6966
6.0,1,507.698967
-2.55,12,507.726257
-3.7,23,507.779664
-3.9,31,507.852737
-2.1,3,507.859932
-2.4,9,507.880922
5.95,2,507.885579
-2.6,13,507.916325
-2.3,7,507.933389
-2.35,8,507.952734
-2.2,5,507.96535
-5.05,42,508.070014
-4.15,36,508.159526
-5.55,44,508.274865
-3.9,23,508.331278
-2.15,4,508.340914
-3.35,20,510.005573
5.0,1,510.008106
-2.3,7,510.025645
-2.7,15,510.062499
11.75,6,510.077658
-3.25,22,510.131315
-2.65,10,510.156623
-2.25,6,510.172396
-3.35,16,510.212979
-2.0,1,510.21531
13.9,3,510.22234
-2.7,11,510.248171
-2.05,2,510.252835
-2.8,13,510.283665
-2.15,4,510.293278
-2.9,15,510.331599
-2.0,1,510.334219
-4.05,38,510.42865
-2.7,15,510.464
-2.05,2,510.468647
-2.2,5,510.480531
-2.4,9,510.501509
-2.95,12,510.529373
-2.7,11,510.555493
-2.05,2,510.560205
-2.3,7,510.576662
-3.1,15,510.612694
-2.2,5,510.624643
5.95,2,510.62949
-2.45,10,510.65484
-2.35,8,510.674186
-2.0,1,510.676667
-2.0,1,510.679067
-2.3,7,510.695565
-2.0,1,510.698067
6.0,1,510.700559
-9.25,98,510.934451
-2.75,16,510.97266
-2.2,5,510.984329
11.8,5,510.996154
-2.9,15,511.031547
-2.6,9,511.052735
-3.95,24,511.109815
-8.85,98,513.028463
-3.15,12,513.056601
-2.05,2,513.061905
-2.25,6,513.076647
10.3,27,513.142069
-2.15,4,513.151825
-2.7,15,513.190926
-2.45,10,513.217175
-2.25,6,513.233512
-2.0,1,513.235986
-2.15,4,513.245734
-2.75,8,513.265107
-2.75,16,513.306879
-2.25,6,513.322035
-2.35,8,513.342002
-2.1,3,513.349871
-2.0,1,513.352306
-2.4,9,513.374618
-3.05,14,513.409835
-4.65,38,513.50298
-2.0,1,513.505332
-5.9,51,513.626306
-2.05,2,513.631166
-4.85,38,513.726669
13.25,16,513.765223
13.35,14,513.799725
-2.95,12,513.829859
-2.4,9,513.852206
-2.25,6,513.867602
-3.55,16,513.907575
-2.0,1,513.910106
-2.15,4,513.920022
-2.4,9,513.942227
-2.55,8,513.962267
-2.05,2,513.967128
-2.1,3,513.974617
-2.35,8,513.99421
-2.8,13,514.026057
13.3,11,514.052932
-4.0,29,514.127278
-2.0,1,514.130096
-2.45,10,514.154808
-2.1,3,514.162376
-2.0,1,514.164918
-2.3,7,516.38888
-2.0,1,516.391874
-2.25,6,516.408931
-2.0,1,516.411794
-2.0,1,516.414624
-2.15,4,516.425845
13.7,7,516.445874
-3.9,35,516.542502
-2.4,9,516.565832
-2.45,10,516.592502
-2.25,6,516.608324
-3.05,22,516.66593
-3.5,15,516.706861
-6.85,82,516.912657
-2.0,1,516.915195
-3.1,19,516.961411
-2.2,5,516.973697
-3.15,20,517.022567
5.0,1,517.025786
-2.2,5,517.040277
-2.1,3,517.05016
-2.5,7,517.069955
-3.2,13,517.107451
-2.65,14,517.143694
-2.45,10,517.16844
-2.8,17,517.211787
-2.8,9,517.234777
-4.2,25,517.298841
-2.2,5,517.311572
-2.7,15,517.349956
-2.25,6,517.365035
-4.2,25,517.428494
-2.8,13,517.461055
-4.2,33,517.547925
-2.9,19,517.594587
-2.05,2,517.599397
-2.05,2,517.604289
5.95,2,517.609288
-2.15,4,517.618929
-3.9,27,517.685252
9.8,5,517.697843
-2.15,4,517.707908
-3.9,27,519.513218
9.85,4,519.524788
11.75,6,519.542866
-2.2,5,519.557098
-2.1,3,519.566909
5.0,1,519.570113
-2.55,8,519.590635
-3.85,22,519.646096
-2.15,4,519.655446
-2.2,5,519.66696
-2.75,8,519.685788
-2.4,9,519.707077
-3.15,16,519.745409
-2.0,1,519.747757
-5.45,46,519.865601
-2.95,16,519.907456
-2.15,4,519.917901
11.6,9,519.942216
-2.45,10,519.969864
13.7,7,520.004359
-3.0,17,520.071332
-3.95,28,520.167822
-3.0,17,520.21663
-2.5,7,520.235496
-2.55,12,520.26758
7.95,2,520.27253
-2.4,9,520.295942
-2.65,14,520.330942
7.95,2,520.335773
-2.1,3,520.34506
-2.2,5,520.358829
13.65,8,520.381032
-2.7,15,520.422485
13.85,4,520.433257
-5.25,46,520.555936
-2.7,11,520.582625
-2.3,7,520.599746
5.0,1,520.602261
-4.55,36,520.6913
11.5,11,520.719206
13.7,7,520.736768
-2.2,5,520.751441
7.95,2,520.758056
-2.0,1,520.761359
-4.45,30,520.840241
13.35,10,522.918497
-2.05,2,522.923936
-2.25,6,522.939299
9.8,5,522.951722
-2.2,5,522.964935
-4.95,40,523.064967
-3.2,17,523.106564
11.6,9,523.12785
-3.7,23,523.185241
13.6,5,523.19748
-2.35,4,523.207278
-3.05,18,523.257964
11.7,7,523.277116
-2.5,11,523.30716
-2.15,4,523.31753
-2.0,1,523.320121
-3.3,15,523.358427
-2.45,10,523.383991
-2.4,9,523.407463
-2.05,2,523.412768
-3.15,12,523.444722
11.4,13,523.47888
-2.9,7,523.49687
-3.55,24,523.554376
5.0,1,523.556794
-3.6,21,523.608091
9.9,3,523.615508
-4.35,44,523.722776
-3.05,22,523.779746
-2.05,2,523.785019
-2.3,7,523.804457
-2.35,8,523.826161
-2.85,14,523.864405
-3.1,15,523.903913
5.95,2,523.909456
5.0,1,523.912476
-2.15,4,523.924731
-2.8,17,523.971747
-4.45,30,524.051635
-2.2,5,524.065206
-2.4,5,524.078381
-2.15,4,524.090082
8.0,1,524.092898
-2.05,2,524.098561
-2.9,15,524.140363
-2.75,12,524.172543
-2.8,13,524.206664
-2.4,5,524.219966
-2.2,5,526.094884
-3.25,18,526.139931
-2.45,6,526.154974
-2.3,7,526.17185
-2.35,8,526.191083
-2.15,4,526.200506
-2.05,2,526.205027
-2.6,9,526.225397
13.05,20,526.270368
-2.05,2,526.275182
-4.1,39,526.373989
-2.25,6,526.391033
-2.0,1,526.393844
-2.45,6,526.40976
-2.0,1,526.412539
-4.1,31,526.493504
-2.7,7,526.512207
-2.35,8,526.533224
-2.45,10,526.560748
-2.25,6,526.579339
-2.15,4,526.590932
14.0,1,526.59366
7.65,8,526.614026
-3.35,16,526.673299
-2.0,1,526.678866
-4.5,39,526.792583
7.9,3,526.800856
9.9,3,526.809277
10.0,1,526.812011
-2.65,14,526.849535
-4.45,34,526.941376
11.55,10,526.96741
-2.0,1,526.970044
-2.05,2,526.975372
-2.3,7,526.993694
-3.15,24,527.055791
-3.2,17,527.099609
-4.9,47,527.218496
-6.2,65,527.387019
-3.9,35,529.696218
-2.45,6,529.713037
-2.6,9,529.736457
-2.45,10,529.763313
-3.15,12,529.796081
-2.25,6,529.813417
-3.1,19,529.862558
-2.75,8,529.882237
-4.3,43,529.98857
-2.25,6,530.003729
6.0,1,530.006389
-6.85,58,530.1518
-2.65,10,530.176395
-2.1,3,530.183807
-3.3,15,530.221518
-2.0,1,530.224139
-3.4,21,530.276305
-4.65,26,530.339978
-3.85,34,530.423883
-3.9,31,530.500517
-2.0,1,530.503249
-2.1,3,530.510548
-4.75,32,530.589758
-2.5,11,530.618843
5.0,1,530.62161
5.75,2,530.626868
-7.7,63,530.790893
-2.15,4,530.800945
-2.5,11,530.828111
-2.25,6,530.843033
-4.85,38,530.940394
-2.1,3,530.94774
6.0,1,530.950344
-4.05,22,532.770751
7.9,3,532.778408
13.6,5,532.79118
-6.6,49,532.912101
-3.85,18,532.960198
-6.0,61,533.121784
-2.1,3,533.130131
-2.35,8,533.150257
-2.0,1,533.152776
-3.05,18,533.197042
-2.45,10,533.221353
-2.2,5,533.232836
-2.8,17,533.27007
-2.35,8,533.286854
-2.1,3,533.294851
-2.75,12,533.321153
-2.3,3,533.327867
-4.4,41,533.422916
-3.75,32,533.498991
-2.15,4,533.509152
-2.35,8,533.52948
-4.75,28,533.600602
-2.45,10,533.625179
-5.55,32,533.705561
5.0,1,533.708034
-2.3,7,533.725351
-2.0,1,533.727865
-2.75,16,533.767049
-2.0,1,533.7696
-2.9,15,533.807409
-2.25,6,533.822664
11.45,12,533.853083
-2.15,4,533.863374
-3.25,14,533.89976
-2.1,3,533.907642
-2.35,8,533.929868
-5.25,50,535.954797
-2.7,15,536.00558
-2.2,5,536.019206
-2.7,11,536.04841
-2.8,17,536.092906
-2.35,8,536.114232
-3.85,26,536.183374
-2.15,4,536.194045
9.6,9,536.218931
-2.0,1,536.221634
-2.25,6,536.236818
5.0,1,536.23936
-2.7,11,536.264954
-3.7,27,536.327551
-5.55,60,536.474166
-4.7,31,536.553725
-2.95,16,536.593704
-3.1,15,536.630521
-2.8,13,536.663481
-2.85,14,536.696964
-2.45,10,536.721742
9.8,5,536.73487
11.8,29,536.806475
-2.15,4,536.816235
-2.55,12,536.845716
9.9,3,536.853038
-2.0,1,536.855526
-2.05,2,536.860413
-2.45,10,536.884843
-2.15,4,536.894468
-2.85,14,536.928661
-4.7,35,537.015061
5.95,2,537.019941
9.65,8,537.039284
-2.9,15,537.076758
-3.15,20,537.124967
-2.55,8,537.144993
-2.0,1,537.147957
-2.05,2,537.152963
-2.25,6,537.16768
-3.65,26,538.986728
-2.4,9,539.007827
-6.65,70,539.179974
11.45,12,539.20973
-3.05,14,539.244157
-2.35,8,539.264055
-2.85,18,539.307452
-3.0,17,539.350137
-2.3,7,539.368083
6.0,1,539.370834
13.4,9,539.393137
5.95,2,539.398103
-2.25,6,539.413116
-3.8,21,539.46397
12.0,1,539.466418
-2.9,15,539.502414
-3.25,18,539.545952
-2.05,2,539.550851
-2.0,1,539.553384
-2.05,2,539.5583
-3.25,14,539.592311
11.75,6,539.607192
8.0,1,539.609716
-2.05,2,539.614713
-2.85,14,539.64865
-2.6,13,539.6804
-2.5,7,539.698401
-2.65,14,539.733299
-2.15,4,539.742963
13.1,15,539.779944
-3.45,18,539.826137
-2.0,1,539.829087
-2.1,3,539.838489
-3.4,25,539.912152
-2.05,2,539.917163
-2.0,1,539.919656
-2.0,1,539.922155
-3.4,25,539.981512
5.95,2,539.986594
-2.1,3,539.994034
-3.35,24,540.052526
-2.7,15,540.089746
-2.25,6,540.104658
-3.2,17,540.145723
-2.25,6,540.160489
11.35,10,540.185386
-3.25,14,542.019373
-2.0,1,542.022503
-2.4,9,542.047549
-2.0,1,542.050224
13.65,8,542.072866
-2.25,6,542.089371
-2.05,2,542.095473
6.0,1,542.098408
-2.95,16,542.14251
13.8,5,542.155862
-2.35,8,542.177003
-2.25,6,542.191785
-3.55,12,542.221543
-4.6,41,542.319328
11.7,7,542.335502
-2.55,12,542.361002
-2.0,1,542.36327
-2.7,7,542.377994
-2.1,3,542.384173
-2.15,4,542.392642
-2.05,2,542.396806
-2.2,5,542.407161
-4.3,35,542.479473
9.85,4,542.489108
-2.75,12,542.517059
7.95,2,542.521414
7.9,3,542.529084
-2.35,8,542.548242
-3.85,34,542.619788
-2.05,2,542.62414
13.4,13,542.652722
-2.25,6,542.665113
-2.45,6,542.678139
-3.85,30,542.740541
5.0,1,542.742657
7.9,3,542.749127
-2.4,9,542.768073
-5.65,42,542.863211
-2.9,19,542.913742
-2.2,5,542.927936
-2.25,6,542.947164
-2.45,10,542.978011
-2.6,9,543.002937
5.0,1,543.005747
-2.0,1,543.008441
-2.2,5,543.02154
-2.4,9,543.044816
-2.5,7,543.063407
-2.4,9,543.086837
-2.05,2,543.09216
-3.55,24,543.148346
11.75,6,543.162666
7.95,2,543.167601
-3.45,26,543.238236
-2.1,3,544.768816
-2.0,1,544.771195
-3.2,21,544.820489
-2.45,10,544.844754
-2.2,5,544.856004
-2.25,6,544.869707
-2.3,7,544.886112
5.0,1,544.888535
-2.05,2,544.89338
-2.05,2,544.89816
-3.2,17,544.938981
13.1,11,544.966401
-2.55,8,544.986904
-2.15,4,544.996687
-2.4,5,545.008803
13.7,7,545.025897
-2.25,6,545.04048
-2.9,15,545.07662
-2.0,1,545.079017
-2.5,11,545.10593
-4.0,29,545.177243
-2.15,4,545.187478
-4.0,29,545.262374
-2.55,12,545.293344
-2.65,14,545.328485
-2.05,2,545.333549
-3.65,18,545.38128
-3.85,30,545.457531
-2.45,10,545.481324
-5.2,45,545.589377
13.95,2,545.594313
-2.1,3,545.601703
10.75,22,545.655038
7.9,3,545.662597
-3.85,26,545.725525
7.9,3,545.732827
-2.25,6,545.747597
-7.45,62,545.903858
-3.5,19,545.953077
-3.65,18,545.999464
9.75,6,546.015161
-2.2,5,546.027852
-2.3,7,547.848554
11.55,10,547.875204
-2.0,1,547.877755
-2.1,3,547.885572
-3.85,26,547.94584
9.45,8,547.963558
-2.25,6,547.977154
-2.85,14,548.009215
13.95,2,548.014205
-4.4,33,548.089485
-2.6,13,548.121818
9.75,6,548.137193
9.8,5,548.149256
-2.35,8,548.167719
-2.05,2,548.172472
-3.65,18,548.214672
-3.6,25,548.275556
-2.3,7,548.292922
-2.25,6,548.307545
-2.5,7,548.32679
-3.65,30,548.409397
5.95,2,548.414351
13.05,12,548.447032
5.0,1,548.449607
-3.45,26,548.511617
-2.25,6,548.526015
13.65,8,548.545102
7.95,2,548.550022
7.9,3,548.557266
-2.35,8,548.576552
-2.1,3,548.583704
-2.25,6,548.59796
7.8,5,548.61011
-2.5,7,548.627453
-3.1,15,548.663857
-2.05,2,548.668598
-4.85,30,548.738908
-2.2,5,548.750686
-6.0,49,548.867922
-3.3,15,548.903708
-2.35,8,548.92273
-2.55,12,548.952798
-2.0,1,548.955402
-2.25,6,548.970955
-5.05,42,549.084211
-2.25,6,550.854689
-2.55,8,550.872998
-2.1,3,550.879596
-2.1,3,550.886629
-3.8,21,550.935772
11.75,6,550.950015
-2.0,1,550.952575
-2.0,1,550.955742
13.55,10,550.984825
-2.05,2,550.990275
13.5,11,551.019716
7.9,3,551.027233
9.95,2,551.032155
13.75,6,551.046879
-3.0,17,551.085441
9.95,2,551.090092
5.95,2,551.094908
-9.7,79,551.276465
9.65,8,551.294641
11.3,15,551.328238
-3.2,13,551.356924
-2.35,8,551.375057
13.5,7,551.390816
5.0,1,551.393229
-3.0,17,551.430617
13.65,8,551.448437
-2.1,3,551.455004
-2.45,10,551.477513
-3.05,18,551.517452
-2.65,10,551.539274
-2.05,2,551.543724
-3.45,22,551.595139
-2.1,3,551.602415
13.35,10,551.626246
9.95,2,551.631055
-2.65,14,551.664595
-2.3,7,551.681315
11.45,12,551.719652
-2.0,1,551.723025
9.9,3,551.733632
12.85,16,551.781398
9.5,11,551.816075
-2.6,9,551.842129
-2.0,1,551.845497
8.0,1,551.84901
-2.25,6,551.867983
9.75,6,551.887476
5.95,2,551.893467
-3.8,29,551.974572
-2.0,1,551.977154
5.0,1,551.979643
-3.55,20,552.032349
-3.15,20,552.083814
-3.35,24,553.907352
-2.5,11,553.933819
-2.15,4,553.943786
5.9,3,553.951076
12.15,26,554.013471
-4.6,29,554.087947
-2.0,1,554.090689
12.95,14,554.125055
-3.05,18,554.168019
-2.9,15,554.204501
-3.0,17,554.246789
-3.2,21,554.298251
-2.1,3,554.305507
-2.8,17,554.346814
-3.05,18,554.389915
-4.2,21,554.439718
-2.75,12,554.468559
-5.2,33,554.549076
-2.75,12,554.579224
-2.2,5,554.59173
-4.3,27,554.657546
-2.7,11,554.684424
5.95,2,554.69025
-2.3,7,554.707645
5.0,1,554.710275
5.0,1,554.712709
-2.4,5,554.725192
-2.4,9,554.746813
11.95,30,554.818215
-2.4,9,554.8396
-3.1,19,554.888771
-2.55,12,554.922407
7.9,3,554.930914
6.0,1,554.933795
-2.75,8,554.955856
-2.4,9,554.980755
-3.55,24,555.047686
11.7,7,555.066764
-7.65,98,557.130337
-2.05,2,557.135136
-2.65,10,557.158073
5.0,1,557.160581
-2.0,1,557.162834
-2.15,4,557.171713
13.5,7,557.18758
-5.65,54,557.30904
13.4,13,557.338068
-2.2,5,557.349088
-2.2,5,557.360662
-2.15,4,557.369382
-4.6,41,557.45988
-3.65,34,557.534647
7.95,2,557.539251
-2.65,10,557.561286
-2.45,10,557.58363
13.2,17,557.620917
6.0,1,557.623294
-2.65,10,557.645208
11.6,9,557.665095
-2.85,14,557.696002
8.0,1,557.698361
-2.9,19,557.740106
5.65,4,557.749101
-2.9,11,557.773348
-2.3,7,557.788899
-2.8,13,557.817286
-2.35,8,557.834199
-8.95,96,558.046221
5.0,1,558.048524
-2.0,1,558.050749
-2.15,4,558.059699
-2.1,3,558.066309
-2.25,6,558.079804
-2.0,1,558.082103
7.95,2,558.086621
-7.0,69,560.018765
11.75,6,560.033335
-2.1,3,560.040215
13.55,10,560.063545
-2.55,8,560.082862
-2.9,15,560.117389
-2.15,4,560.126478
-3.0,17,560.164786
-3.5,19,560.209437
-2.1,3,560.21625
-2.05,2,560.220773
8.0,1,560.223144
-2.0,1,560.225467
13.8,5,560.237628
-2.3,7,560.253571
-2.05,2,560.258286
6.0,1,560.260732
-2.8,17,560.29925
-3.2,17,560.33748
11.65,8,560.355606
-7.6,61,560.494663
-2.4,9,560.515112
11.8,5,560.526444
11.65,8,560.544466
9.75,6,560.558422
5.9,3,560.565413
12.65,24,560.620133
13.45,12,560.647558
-2.8,13,560.676802
-2.4,9,560.69787
-3.85,26,560.757023
11.5,7,560.77333
9.75,6,560.78772
6.0,1,560.790303
-2.15,4,560.799872
-2.75,8,560.818535
-7.05,50,560.932081
-2.05,2,560.937062
5.0,1,560.939719
-2.25,6,560.954274
-2.3,7,560.971075
-2.7,11,560.997856
-2.15,4,561.007709
-3.35,24,561.066342
6.0,1,561.069047
-2.25,6,561.084658
-2.45,10,562.803087
13.7,7,562.818722
-2.05,2,562.823137
-3.75,20,562.871419
11.65,36,562.959922
-2.15,4,562.969842
-2.3,7,562.989361
-2.3,7,563.008709
13.35,10,563.037553
7.85,4,563.049858
-2.55,12,563.082999
-3.55,20,563.131348
13.7,7,563.147883
-2.05,2,563.152697
-2.9,15,563.188745
-2.95,12,563.217089
-2.7,11,563.243327
5.0,1,563.245913
10.95,14,563.280619
-2.5,11,563.306986
9.75,6,563.320991
-3.9,23,563.377189
11.75,34,563.452586
-3.35,28,563.514432
11.7,23,563.565543
-2.45,10,563.587691
-3.3,19,563.629981
-2.15,4,563.639006
-2.25,6,563.653003
-6.4,45,563.75505
-2.65,10,563.777776
-3.0,17,563.815624
-2.05,2,563.820101
-3.2,17,563.86767
-2.95,16,563.906629
13.7,7,563.922962
-2.05,2,563.927724
-2.65,6,563.941183
6.0,1,563.943757
-2.75,16,563.985792
-3.15,16,565.755845
-3.7,23,565.810583
-4.9,35,565.894104
8.0,1,565.896596
-2.0,1,565.898952
-3.3,15,565.936194
12.95,18,565.980001
-4.0,29,566.049671
12.5,31,566.124172
-2.15,4,566.134458
-2.0,1,566.137097
-2.6,9,566.15875
-4.6,21,566.208775
-2.25,6,566.223136
11.95,2,566.228505
-2.5,11,566.257849
13.9,3,566.266002
12.85,20,566.319618
-2.2,5,566.333056
13.65,8,566.35387
-2.75,8,566.374593
-2.0,1,566.377109
5.0,1,566.380202
5.9,3,566.387887
-2.15,4,566.398489
9.55,10,566.424166
-2.0,1,566.426745
-2.9,11,566.45545
-3.4,13,566.489855
11.0,21,566.545734
-2.0,1,566.548512
11.7,7,566.567609
5.95,2,566.572974
-2.6,13,566.607117
-3.9,15,566.646804
13.75,6,566.662457
5.9,3,566.669846
-2.1,3,566.677031
9.9,3,566.684629
11.7,31,566.755123
9.7,7,566.770792
-2.0,1,566.773019
-2.0,1,566.77525
-3.3,27,566.836495
7.8,5,566.847901
13.55,10,566.871031
-7.45,98,568.749159
-2.25,6,568.763771
-8.45,46,568.872542
-3.05,14,568.905259
13.5,7,568.922194
-6.15,52,569.046485
-2.2,5,569.05901
9.7,7,569.076147
-2.0,1,569.078749
13.95,2,569.08391
12.5,23,569.139079
-2.1,3,569.146499
-2.45,10,569.170962
12.75,18,569.21537
-3.05,14,569.249055
11.15,14,569.283336
11.6,9,569.305601
-2.75,16,569.344321
-3.15,8,569.363492
-3.2,13,569.394618
13.0,13,569.42648
-2.05,2,569.431393
9.9,3,569.438633
-4.8,49,569.557537
-3.25,18,569.599682
12.15,26,569.661835
5.9,3,569.669025
-2.05,2,569.673773
11.4,41,569.77123
-2.15,4,569.780724
-3.3,19,569.82638
12.0,25,571.539987
-2.2,5,571.552775
13.85,4,571.563666
11.15,46,571.680482
-4.65,26,571.747408
-8.4,69,571.919035
5.0,1,571.92197
-2.0,1,571.924893
13.4,13,571.959819
11.55,22,572.022187
-4.5,35,572.128178
12.5,23,572.184052
5.0,1,572.18669
-4.35,28,572.253874
6.0,1,572.256406
13.55,10,572.282372
13.6,9,572.305528
-2.55,12,572.336901
-7.65,86,572.54275
10.1,43,572.642686
6.0,1,572.645119
11.7,7,572.661452
5.0,1,572.663857
-2.85,14,572.69687
5.0,1,572.699331
13.15,18,572.741594
-2.65,14,572.774484
8.25,56,574.576609
12.9,15,574.612091
-2.6,9,574.634233
-2.0,1,574.636745
11.7,7,574.653832
13.85,4,574.663492
7.45,28,574.73576
13.1,15,574.773849
-2.5,11,574.801362
13.2,9,574.824042
-2.25,6,574.839426
11.8,25,574.904212
-2.15,4,574.914434
11.85,20,574.965314
-2.25,6,574.980628
-2.2,5,574.9936
13.45,12,575.023987
13.65,8,575.044081
10.9,39,575.145482
13.05,12,575.176869
-2.4,9,575.201632
-2.45,10,575.227364
13.75,6,575.243058
-2.5,11,575.271338
13.4,13,575.307878
-3.8,21,575.366101
13.7,7,575.385236
-2.1,3,575.393529
-3.35,8,575.414391
5.9,3,575.422081
13.55,10,575.447958
-2.35,8,575.46934
-3.9,27,575.538956
-2.9,15,575.57728
13.7,7,575.595011
13.85,4,575.606034
12.9,15,575.645264
13.75,6,575.661028
6.0,1,575.663734
-3.1,15,575.699561
11.65,8,575.718881
12.15,22,575.77175
-2.2,5,575.783983
13.25,8,577.715112
13.4,9,577.736345
12.8,21,577.786371
-3.85,30,577.857426
5.0,1,577.859809
-2.1,3,577.868228
11.3,35,577.953156
7.95,2,577.957889
11.6,25,578.016997
-2.05,2,578.021769
12.75,18,578.062796
13.45,8,578.080455
12.1,23,578.131068
12.4,21,578.177276
13.05,12,578.203887
7.9,3,578.210704
13.65,8,578.228662
13.25,16,578.263955
7.9,3,578.270836
-4.8,33,578.344952
13.7,7,578.360684
11.95,22,578.410037
13.45,8,578.427737
-2.05,2,578.432602
-2.45,10,578.455291
-2.4,5,578.46649
13.35,10,578.48891
5.0,1,578.491177
-3.05,18,578.534833
-2.15,4,578.54531
13.4,13,578.577251
12.3,23,578.635958
-2.4,9,578.659465
7.75,6,578.674495
13.1,19,578.717328
-2.0,1,578.719649
-2.0,1,578.721933
13.35,14,578.753526
13.7,7,578.769089
13.4,13,578.79769
11.8,25,578.854109
13.15,18,580.589131
12.4,17,580.628571
-2.15,4,580.637761
9.35,34,580.714835
-2.8,13,580.744081
-3.15,12,580.771173
-2.15,4,580.78037
13.65,8,580.798245
12.65,16,580.834399
-3.5,23,580.890182
-2.05,2,580.895386
13.75,6,580.91092
13.85,4,580.921235
9.85,4,580.931118
13.0,13,580.964492
13.55,10,580.990388
-6.55,52,581.125399
-2.15,4,581.135586
12.85,24,581.197412
5.0,1,581.200128
-2.0,1,581.202949
11.3,31,581.281585
-2.15,4,581.292172
-2.0,1,581.294888
-2.1,3,581.302389
12.7,19,581.352229
13.6,9,581.375246
12.8,21,581.425853
-4.9,19,581.471767
6.0,1,581.474252
13.55,10,581.497984
10.4,37,581.584955
-2.0,1,581.587297
-2.0,1,581.589669
9.8,5,581.600839
13.4,13,581.630417
-2.0,1,581.632885
13.3,11,581.65903
12.6,17,581.699426
12.8,21,581.748381
13.5,11,581.775321
13.8,5,581.787724
13.5,11,581.815672
5.0,1,581.818347
10.85,32,583.725886
12.2,29,583.79072
-8.55,96,584.004972
5.0,1,584.007548
13.05,16,584.046089
-2.0,1,584.048471
-2.65,10,584.070828
13.0,17,584.109213
9.75,6,584.122802
13.8,5,584.133844
-4.8,41,584.225639
13.6,9,584.245886
12.6,17,584.284361
12.65,20,584.330465
11.75,6,584.344518
12.6,25,584.40518
-8.95,96,584.639118
13.35,14,584.675399
13.1,15,584.712975
7.95,2,584.717984
5.95,2,584.722683
13.1,19,584.766462
-3.3,19,584.808332
12.45,16,584.843301
12.4,21,586.468896
8.0,1,586.471487
-2.05,2,586.47623
13.2,17,586.517267
-3.25,22,586.569294
11.65,24,586.625944
-2.15,4,586.635339
12.2,17,586.672762
13.35,14,586.703531
13.15,14,586.735314
11.85,24,586.795074
13.1,15,586.830917
-2.15,4,586.840628
12.95,14,586.873916
9.8,5,586.886363
-3.15,16,586.923984
7.95,2,586.928693
-2.0,1,586.931014
7.45,56,587.063742
13.1,15,587.099291
13.75,6,587.113638
-2.2,5,587.12553
-2.25,6,587.140333
13.3,11,587.166842
11.25,12,587.198411
-3.6,13,587.229727
13.55,10,587.253723
-5.8,41,587.351577
12.55,22,587.406978
13.0,21,587.459881
9.8,5,587.472372
13.05,16,587.511814
13.2,9,587.538517
13.4,13,587.5754
5.0,1,587.578145
11.85,4,587.589693
12.8,21,587.649204
13.55,10,587.675936
-2.3,7,589.532466
13.7,7,589.551395
5.95,2,589.556802
13.6,9,589.581518
12.55,22,589.636762
11.95,26,589.698845
12.75,18,589.741256
13.75,6,589.755325
13.55,10,589.779309
13.55,10,589.803619
-2.65,14,589.837476
11.8,33,589.922158
-2.3,7,589.938762
6.0,1,589.941231
12.75,18,589.983958
12.6,21,590.034027
5.95,2,590.038922
10.75,42,590.138099
-2.0,1,590.140539
11.4,9,590.162046
-3.95,28,590.229019
13.5,11,590.257195
13.55,10,590.284451
13.4,9,590.308102
11.75,30,590.382777
-2.0,1,590.385398
7.8,5,590.397361
13.3,11,590.424014
13.5,7,590.440874
5.0,1,590.443319
-2.35,8,590.462574
-2.0,1,590.465034
11.95,30,590.537995
13.35,14,590.571241
-2.55,8,590.589686
-7.95,64,590.742164
7.9,3,590.749331
8.9,47,592.588398
11.2,33,592.672499
13.35,14,592.709439
10.7,39,592.815217
13.25,12,592.846095
13.1,19,592.89424
12.5,19,592.9456
13.25,12,592.978621
-2.2,5,592.993118
6.0,1,592.995789
13.05,12,593.031242
10.75,14,593.069764
13.55,10,593.095283
5.9,3,593.102597
5.95,2,593.107781
-2.0,1,593.110619
13.45,12,593.142
13.5,7,593.160481
6.0,1,593.163172
12.75,26,593.23308
6.0,1,593.236388
-2.05,2,593.243369
-3.7,23,593.311574
-2.55,12,593.345395
13.0,17,593.386968
13.1,15,593.433479
12.15,22,593.487978
13.35,14,593.524903
11.7,7,593.544998
-2.05,2,593.550411
13.75,6,593.566428
10.75,34,593.657976
-2.05,2,593.66301
-3.95,20,593.715241
-2.0,1,593.717809
-2.0,1,593.720145
-2.1,3,593.727349
-2.05,2,593.731987
13.35,14,593.765386
13.45,12,593.794933
13.75,6,593.809136
11.7,19,595.575377
-2.6,9,595.602393
13.5,11,595.635779
5.0,1,595.638559
7.15,66,595.81103
-6.75,72,595.988547
13.65,8,596.008563
12.95,14,596.042459
-2.0,1,596.044982
-2.0,1,596.047384
5.9,3,596.055822
-2.7,15,596.093401
6.0,1,596.096345
-2.9,11,596.123447
11.85,36,596.210112
9.45,44,596.333115
11.05,40,596.447143
9.9,63,596.618686
11.75,22,596.679876
13.55,10,596.70646
-2.0,1,596.709135
12.95,18,596.75295
-2.2,5,596.765249
7.95,2,596.770295
5.95,2,596.775222
-2.35,8,596.794878
13.5,11,596.82208
12.85,16,596.861201
11.45,32,598.624398
12.1,27,598.690713
12.35,26,598.76125
12.8,9,598.786044
12.4,25,598.851379
-2.4,9,598.875157
13.15,14,598.911477
12.25,20,598.963312
-2.25,6,598.97782
12.9,19,599.026483
-2.0,1,599.029123
13.4,13,599.06785
12.25,20,599.118361
11.85,28,599.189354
-2.0,1,599.19188
-2.85,10,599.215542
-2.0,1,599.217875
12.35,18,599.259969
12.75,14,599.294608
13.25,12,599.324125
7.9,3,599.331255
11.75,6,599.346177
-2.3,7,599.36304
-2.0,1,599.365415
9.8,5,599.377893
13.5,11,599.404052
-2.25,6,599.417624
13.65,8,599.436248
13.45,12,599.464628
-2.05,2,599.469487
7.85,48,599.583613
-2.15,4,599.594014
9.85,32,599.669913
-2.15,4,599.679492
-2.7,15,599.714588
10.75,26,599.774082
-2.15,4,599.783437
-3.15,16,599.820022
-2.0,1,599.822444
-2.05,2,599.827098
13.4,13,601.794705
9.85,52,601.92331
-2.0,1,601.92572
13.55,10,601.949476
-3.0,9,601.970528
-2.1,3,601.977825
-2.25,6,601.993407
5.95,2,601.99857
-2.0,1,602.001152
10.0,45,602.116666
9.9,3,602.124757
8.6,73,602.290217
13.65,8,602.308079
13.4,13,602.339822
-2.0,1,602.342957
7.85,4,602.353169
8.4,41,602.456638
12.55,18,602.497962
8.05,56,602.625053
9.15,66,602.777085
-2.45,10,602.799992
13.75,6,602.814218
10.2,37,602.903575
-2.15,4,602.913343
13.45,12,602.94374
13.6,9,602.971313
11.8,33,605.207884
-2.2,5,605.22193
-2.05,2,605.22818
13.15,18,605.276073
13.5,11,605.300921
-2.05,2,605.305059
13.95,2,605.30938
13.65,8,605.325791
-8.65,98,605.513896
5.95,2,605.51826
11.5,11,605.54449
-3.95,28,605.610358
13.25,16,605.646003
13.2,17,605.688645
13.65,8,605.709084
-2.45,10,605.732948
13.2,13,605.764297
13.4,13,605.794097
11.5,23,605.846552
13.65,8,605.864588
12.4,25,605.924327
13.6,9,605.946027
13.65,8,605.965137
11.9,27,606.030575
13.45,8,606.050567
13.15,14,606.08457
13.4,13,606.11564
-10.05,98,606.346321
-2.2,5,607.950968
-3.45,22,607.999446
10.75,42,608.091124
-2.3,7,608.106524
-2.15,4,608.115179
11.7,31,608.18194
13.25,12,608.208103
11.8,29,608.273411
-2.0,1,608.275784
10.05,36,608.358016
5.9,3,608.365039
12.35,18,608.4064
-2.0,1,608.408757
12.8,17,608.449036
12.6,21,608.497173
13.5,11,608.521987
11.85,4,608.530991
11.15,38,608.616831
12.05,24,608.673782
5.0,1,608.676304
13.3,11,608.701631
13.75,6,608.715489
13.45,12,608.742502
-2.05,2,608.747065
12.15,26,608.805445
13.8,5,608.816737
-3.05,10,608.839102
12.95,10,608.862475
13.1,15,608.897966
13.55,10,608.920522
11.1,39,609.008892
-2.0,1,609.011201
13.65,8,609.0297
13.6,9,609.050537
12.8,25,610.894342
-3.55,20,610.947223
9.75,6,610.964943
12.45,20,611.019426
-2.0,1,611.022034
12.7,19,611.070454
-2.0,1,611.073929
11.9,3,611.082101
-2.25,6,611.098161
12.95,14,611.135455
11.25,24,611.202672
13.8,5,611.216077
-2.3,7,611.233753
12.9,15,611.274723
13.5,11,611.303182
13.5,11,611.334292
-2.0,1,611.336919
5.95,2,611.342772
13.1,15,611.387406
-2.0,1,611.390679
13.25,16,611.439951
13.7,7,611.460965
-2.0,1,611.463571
9.35,42,611.591482
13.65,8,611.611963
12.5,19,611.661648
13.1,15,611.702202
12.4,21,611.753988
5.9,3,611.76123
12.9,15,611.79646
11.15,38,611.887027
7.9,3,611.894464
-3.1,19,611.941122
-2.15,4,611.951507
12.65,16,611.994791
13.7,7,612.012341
-2.0,1,612.01504
-2.75,8,612.034819
-2.1,3,612.042058
11.9,3,612.049197
13.05,16,612.091225
-2.05,2,612.096189
13.3,15,612.132108
13.05,12,612.161134
13.65,8,612.18071
12.9,19,612.226278
-2.0,1,612.228904
5.95,2,612.233869
12.65,24,613.951702
12.45,20,614.005822
6.0,1,614.008489
5.0,1,614.011059
11.5,23,614.068404
11.45,12,614.098414
9.75,6,614.113162
-2.3,7,614.129668
14.0,1,614.132108
-2.15,4,614.141906
8.95,54,614.272706
13.65,8,614.293182
-4.2,21,614.344006
13.0,13,614.374906
13.25,12,614.403191
5.0,1,614.405633
12.95,22,614.455871
-2.0,1,614.458159
-2.0,1,614.460418
13.7,7,614.475903
13.35,14,614.506764
13.45,12,614.534643
13.7,7,614.551377
-2.15,4,614.560633
5.0,1,614.563211
13.4,9,614.584549
9.5,59,614.718705
11.7,27,614.782526
7.9,3,614.789882
13.75,6,614.80408
5.0,1,614.806482
11.8,5,614.818361
13.4,13,614.849467
-2.15,4,614.858842
5.95,2,614.863698
11.75,22,614.917004
7.9,3,614.924174
13.45,12,614.952594
13.4,13,614.983813
11.1,19,615.029834
10.85,24,615.0865
5.9,3,615.093808
13.25,8,615.112818
12.65,20,616.993563
13.15,18,617.039387
11.85,4,617.049277
-2.05,2,617.053814
-2.2,5,617.064999
12.2,21,617.114361
7.95,2,617.119605
-2.0,1,617.121929
12.7,19,617.170592
13.75,6,617.185867
5.95,2,617.191036
7.85,4,617.200991
13.4,13,617.234444
12.9,19,617.282639
13.2,17,617.325558
13.7,7,617.343909
7.9,3,617.351735
-2.0,1,617.354207
13.4,13,617.387923
13.8,5,617.401973
5.95,2,617.407026
12.65,20,617.455055
5.0,1,617.457554
13.7,7,617.474353
11.95,18,617.516351
8.0,1,617.518945
13.15,10,617.542228
12.15,18,617.583466
-4.3,23,617.634669
12.9,11,617.659244
13.8,5,617.670441
13.4,13,617.703739
12.8,17,617.74917
7.9,3,617.75861
11.45,24,617.821805
13.1,15,617.860696
4.75,2,617.866162
12.55,18,617.915649
13.8,5,617.92911
-2.95,12,617.961148
-2.8,13,617.995592
13.75,6,618.011453
13.4,9,618.035389
13.5,11,618.065056
11.3,31,618.141506
-2.0,1,618.143862
5.0,1,618.14635
-2.55,12,618.177276
11.2,33,619.964851
6.35,54,620.085947
-2.4,9,620.105992
-2.05,2,620.110471
-2.0,1,620.112638
11.75,6,620.12578
12.45,20,620.169858
-2.1,3,620.176585
-2.0,1,620.178739
9.85,4,620.18744
7.45,80,620.364572
13.7,7,620.381217
13.65,8,620.399949
12.5,15,620.43519
13.35,14,620.468158
12.3,27,620.532805
5.0,1,620.535276
-2.2,5,620.547305
13.15,18,620.592336
13.35,14,620.626953
13.35,14,620.661412
13.6,9,620.683446
5.0,1,620.685956
-2.2,5,620.698471
13.6,9,620.720527
-2.05,2,620.725219
13.5,7,620.741753
-2.15,4,620.751115
11.05,16,620.790635
13.4,13,620.821815
-4.3,27,620.884815
7.85,4,620.893767
-2.1,3,620.900665
-2.2,5,620.911909
12.85,12,620.938513
12.7,19,620.980754
13.05,16,621.016349
13.35,14,621.047403
-2.1,3,621.054416
13.6,9,621.075664
-2.25,6,621.089852
8.85,36,623.007727
-2.1,3,623.017162
-2.0,1,623.020232
7.9,3,623.029727
11.95,22,623.093427
12.75,14,623.134056
12.35,18,623.187126
12.85,20,623.24351
-2.0,1,623.246136
5.0,1,623.248725
12.85,16,623.288141
13.2,17,623.328476
12.35,18,623.370029
11.6,9,623.394764
11.0,37,623.492979
12.2,25,623.55762
12.05,16,623.595645
5.95,2,623.600225
12.35,22,623.648992
13.5,11,623.672402
12.15,22,623.719042
-2.15,4,623.728203
13.65,8,623.747844
7.95,2,623.752677
-2.55,12,623.781692
12.75,14,623.815172
9.95,2,623.82005
12.9,15,623.857494
12.2,17,623.902473
12.35,22,623.959234
11.85,28,624.031561
-2.2,5,624.045524
-2.45,10,624.073353
13.3,11,624.103039
13.6,9,624.126912
13.4,13,624.164966
7.95,2,624.170752
12.9,15,624.212339
12.1,23,624.282938
-3.2,17,626.322222
5.0,1,626.325175
12.3,19,626.374241
-2.0,1,626.376871
9.85,4,626.386708
-2.0,1,626.389219
13.15,10,626.413589
13.25,12,626.442737
13.25,16,626.481795
-2.05,2,626.486694
-2.05,2,626.491612
12.45,20,626.540509
13.3,11,626.568125
6.7,55,626.703507
-2.0,1,626.70599
-2.2,5,626.718062
5.0,1,626.7206
-2.65,10,626.745028
13.05,12,626.774027
12.95,18,626.817716
13.4,13,626.849141
13.1,15,626.885857
7.95,2,626.890656
13.55,10,626.915116
13.0,21,626.967033
11.65,28,627.035609
12.65,24,627.094215
-2.1,3,627.101718
-2.4,9,627.125288
13.8,5,627.138421
11.6,9,627.163031
-2.0,1,627.165683
13.55,6,627.181276
13.4,13,627.215278
-3.5,19,627.264692
11.8,25,627.335596
12.9,15,627.379061
11.9,19,627.437822
12.95,14,627.47771
13.25,16,627.517946
13.0,17,627.559284
13.6,9,627.580653
13.45,8,629.126197
13.9,3,629.133483
13.7,7,629.14935
10.2,41,629.246622
8.95,42,629.345392
-2.55,12,629.374028
13.45,8,629.392952
5.0,1,629.395452
7.95,2,629.400347
-2.1,3,629.407726
12.6,21,629.457816
7.85,4,629.467372
13.3,15,629.503192
7.9,3,629.511145
13.1,11,629.538386
13.25,12,629.567037
5.95,2,629.571896
11.65,24,629.628112
13.7,7,629.643798
13.05,16,629.68009
12.75,14,629.717934
13.65,8,629.744205
-19.55,128,630.065277
9.75,6,630.080688
-2.25,6,630.094751
-17.75,128,632.13052
-17.35,128,632.431555
-2.0,1,632.433895
-14.35,128,632.709302
6.0,1,632.711558
-18.75,128,632.985666
-18.95,128,634.87913
10.0,1,634.881481
5.95,2,634.886107
-5.8,25,634.938295
-2.35,8,634.954867
-18.15,128,635.221644
15.2,13,635.249288
-2.65,14,635.27867
-2.0,1,635.28087
-21.35,128,635.548411
-12.35,128,635.81622
-12.35,128,637.668946
7.9,3,637.67599
-11.35,128,637.94498
9.85,4,637.953635
-14.95,128,638.235562
7.9,3,638.242513
-9.1,63,638.376757
-18.75,128,640.35026
-15.95,128,640.623476
13.55,10,640.645052
-18.95,128,640.932699
9.8,5,640.945172
15.6,9,640.966711
-16.35,128,641.274977
5.0,1,641.277721
-10.65,94,643.349148
-14.15,112,643.587507
-6.85,62,643.730733
-14.35,128,644.022603
-11.15,128,644.325121
5.0,1,644.327682
9.95,2,644.332639
-6.6,49,644.450787
-19.95,128,646.399879
-2.1,3,646.40751
-12.35,128,646.709768
-11.35,128,647.009382
-17.75,128,647.318038
-14.15,128,649.469311
7.95,2,649.474936
5.9,3,649.482081
-14.55,128,649.764707
-6.0,41,649.855437
-2.25,6,649.869879
-12.35,128,650.162469
-3.55,20,650.206372
-11.5,99,652.162043
-2.75,12,652.193449
-15.75,128,652.506614
-6.25,46,652.620971
-11.95,128,652.934069
-4.05,30,653.003386
-12.75,128,653.301646
-19.55,128,655.425546
-17.75,128,655.714058
-14.35,128,656.146092
-3.7,23,656.222744
-9.55,128,658.299838
7.9,3,658.30812
-3.05,22,658.358087
-9.05,74,658.520117
-13.35,128,658.801611
-11.4,109,659.051678
-12.35,128,659.353145
-10.75,108,661.390185
-12.75,128,661.685595
-4.95,36,661.769135
-12.35,128,662.06142
-8.35,128,662.354033
-10.75,128,664.494184
5.95,2,664.49881
-4.65,34,664.576935
15.45,12,664.604498
-9.75,128,664.902716
-2.25,6,664.916189
-15.15,128,665.207734
-5.7,55,665.332439
-2.0,1,665.334817
-7.15,68,667.284191
-9.8,89,667.488249
-9.0,97,667.710969
-8.8,93,667.924373
-11.55,128,668.223597
-2.4,9,668.244009
-6.5,51,668.364214
-7.05,78,670.513017
-10.0,77,670.705633
9.75,6,670.720601
-5.1,39,670.8145
-6.95,72,671.000479
-13.15,128,671.307365
-5.8,49,671.418037
-12.95,128,673.523454
-11.95,128,673.816581
-2.3,7,673.832502
-10.15,128,674.129271
14.7,23,674.18378
-3.2,9,674.204225
-7.15,80,674.393383
-11.15,128,676.432074
-6.3,71,676.585221
-2.2,5,676.595988
7.9,3,676.602533
-14.15,128,676.862283
-6.8,73,676.97433
-10.15,128,677.190022
7.95,2,677.193669
-6.6,69,678.760516
-3.1,19,678.797273
-5.85,58,678.90946
-9.95,96,679.128386
-3.65,26,679.190588
-11.15,128,679.50722
-11.05,118,679.799926
-5.0,37,679.89467
-8.95,128,682.093152
-9.7,95,682.314821
-2.35,8,682.333328
-2.05,2,682.337919
-6.65,42,682.434122
-2.15,4,682.443586
-3.6,25,682.501686
-4.75,48,682.611322
9.75,6,682.625156
-2.55,12,682.652479
-3.6,17,682.693187
-4.2,41,682.789446
7.75,6,682.80362
-2.15,4,682.813062
12.4,25,682.871459
-9.85,70,684.841729
-6.1,79,685.025815
-4.7,47,685.133934
8.0,1,685.136287
-2.15,4,685.145754
15.25,16,685.182166
-8.55,128,685.455501
15.5,11,685.479249
-7.2,69,685.639872
-2.0,1,685.642435
-2.8,17,685.683912
-11.55,128,685.99758
-2.4,9,686.019624
-5.3,39,687.987584
13.0,21,688.036964
-2.35,8,688.056385
-9.95,124,688.357945
-8.7,83,688.562883
-8.1,47,688.670466
-5.4,45,688.772479
-2.85,10,688.794301
-7.05,70,688.9532
13.45,12,688.982916
-5.15,48,689.100437
-3.5,23,690.840863
-2.1,3,690.847703
15.4,13,690.877199
7.85,4,690.88643
-2.9,15,690.92093
-5.65,42,691.019931
-9.95,128,691.33304
-5.9,71,691.508175
-3.4,17,691.550186
-2.3,7,691.567307
-2.65,14,691.60146
15.8,5,691.613783
-2.25,6,691.628386
12.4,29,691.698881
-2.35,8,691.718636
14.6,21,691.769683
-7.35,88,691.98551
-4.65,42,693.831042
-6.95,88,694.046977
13.3,39,694.144116
5.0,1,694.146757
-6.75,84,694.355005
-6.85,70,694.530906
-3.6,33,694.612084
-9.75,116,694.894445
-9.35,96,696.446066
-5.4,53,696.574531
-2.25,6,696.590564
-2.35,8,696.613851
-3.65,30,696.694283
-2.15,4,696.704574
-9.75,128,697.028755
11.9,3,697.036725
-8.15,128,697.349365
-2.9,19,697.394527
-9.05,118,699.421494
-2.05,2,699.426279
-3.15,24,699.48208
-2.0,1,699.484665
-4.65,54,699.614839
-2.2,5,699.62644
-2.55,12,699.654845
6.0,1,699.657418
7.95,2,699.662169
-4.35,48,699.777659
-3.6,29,699.848506
-3.6,25,699.908642
11.8,5,699.920411
-4.85,54,700.039608
-8.95,128,700.327454
-2.5,11,700.353799
15.5,11,700.380165
5.0,1,700.382693
-2.05,2,700.387564
5.0,1,700.390088
-2.35,8,700.409004
-2.0,1,700.41158
-2.8,17,700.45198
-2.45,10,700.475606
-2.5,11,700.502032
-2.2,5,700.514847
-7.3,67,702.398503
-4.5,51,702.523391
14.5,23,702.582317
-8.75,128,702.907285
-5.1,35,702.99129
15.5,11,703.017432
-2.2,5,703.029222
-8.35,88,703.241606
-2.15,4,703.251501
7.9,3,703.259176
5.0,1,703.261824
-2.6,9,703.284064
-2.35,8,703.304021
-3.6,21,703.354523
-4.3,35,703.445286
-2.7,15,703.481806
-5.45,70,705.329825
5.0,1,705.332342
7.95,2,705.337001
-7.65,70,705.498987
-2.9,19,705.543465
14.6,17,705.582872
-2.1,3,705.590249
-2.3,7,705.6065
-2.1,3,705.613401
-5.5,55,705.741051
-2.0,1,705.743413
-2.8,17,705.782571
5.0,1,705.784945
11.55,10,705.808551
-2.0,1,705.810961
-7.85,90,706.021802
-3.95,32,706.095631
-2.65,14,706.127279
13.8,5,706.138971
-3.65,34,706.217324
-2.45,10,706.240131
-2.5,11,706.265381
9.7,7,706.281447
-2.15,4,706.290581
-2.1,3,706.297374
-5.15,44,706.400198
-4.45,38,708.230623
-2.4,9,708.251762
-2.15,4,708.261088
-2.85,18,708.302555
-2.2,5,708.315546
-4.6,33,708.395784
7.8,5,708.408165
-7.75,72,708.584518
-3.0,17,708.626169
-2.1,3,708.635104
-3.05,18,708.680499
-6.8,73,708.855655
11.6,9,708.87773
-2.4,9,708.899297
-4.45,50,709.013251
-2.25,6,709.026715
-2.6,13,709.056016
-4.25,42,709.151711
-11.15,112,711.09833
-2.8,17,711.133859
-2.15,4,711.142142
-3.25,22,711.187885
-2.55,12,711.21284
-2.2,5,711.223406
-2.7,11,711.246644
-2.85,14,711.276084
-2.55,12,711.300769
-2.95,20,711.341719
-2.65,14,711.370661
-2.4,5,711.380917
-2.25,6,711.39366
-2.9,11,711.418413
-3.75,28,711.480637
-2.0,1,711.48347
-3.85,38,711.56779
7.95,2,711.57228
-2.7,15,711.605253
-2.2,5,711.616204
-2.15,4,711.625096
-2.05,2,711.629458
-2.6,13,711.658341
-2.65,10,711.680244
5.0,1,711.682859
-3.1,19,711.724851
-3.65,34,711.80545
-2.45,10,711.827808
-2.4,9,711.847533
-5.25,58,711.979322
-3.05,22,712.031711
-3.15,20,712.07884
-2.3,7,712.095945
-2.4,9,712.117942
-3.1,23,712.172009
-2.8,17,712.212353
-3.4,29,713.919448
-2.75,16,713.958983
-2.2,5,713.97134
-2.05,2,713.976284
15.5,11,714.003422
-2.8,17,714.044921
-3.35,28,714.112721
-3.7,27,714.181708
7.95,2,714.186781
-2.0,1,714.189338
-4.3,43,714.293915
-2.8,17,714.341025
13.8,5,714.358173
-2.4,9,714.382715
-2.55,12,714.416835
5.95,2,714.422425
5.95,2,714.428219
-2.15,4,714.439732
-4.2,33,714.532103
-2.35,4,714.543041
-3.1,15,714.582202
-3.5,23,714.64675
-4.05,38,714.744542
-2.35,8,714.764662
-3.7,31,714.84339
-2.0,1,714.845966
-2.55,12,714.876624
15.65,8,714.89783
-2.45,10,714.927648
-3.7,31,715.008621
-3.6,29,715.079592
-2.0,1,715.082087
-2.0,1,715.084558
7.85,4,715.094369
13.55,38,717.139278
-2.55,8,717.160736
7.9,3,717.168855
-5.65,58,717.326769
-2.6,9,717.3513
-2.55,12,717.383269
13.7,7,717.402354
-2.05,2,717.40774
-4.1,43,717.514205
-3.55,28,717.586773
-3.75,28,717.656418
-2.7,15,717.692861
7.85,4,717.702069
-3.4,29,717.76893
-2.0,1,717.771354
-2.8,17,717.810717
-2.75,16,717.847693
-4.0,29,717.913703
-2.45,10,717.935701
-2.2,5,717.94726
-2.45,10,717.969692
-6.55,64,718.114334
-2.4,9,718.135084
8.0,1,718.137483
15.3,15,718.176181
-7.7,59,718.320708
-2.35,8,718.340471
-4.8,41,720.231434
-2.4,9,720.253245
14.9,23,720.309214
15.2,13,720.340782
13.15,14,720.374928
-3.25,14,720.409956
-2.3,7,720.427381
-2.85,14,720.461225
-2.05,2,720.466169
15.8,5,720.478753
-2.2,5,720.490894
-2.2,5,720.503308
-2.65,14,720.537348
-3.7,23,720.593725
-2.5,11,720.620986
-2.05,2,720.625974
-2.3,7,720.643455
-2.9,19,720.691209
5.0,1,720.693773
-4.15,28,720.761734
-2.2,5,720.775459
-2.0,1,720.779043
-2.65,14,720.813341
-2.35,8,720.833394
9.9,3,720.840927
-2.05,2,720.84571
-2.4,9,720.868139
-2.25,6,720.882589
9.85,4,720.892587
-2.75,12,720.922044
-4.25,38,721.01635
-2.8,17,721.05832
-2.05,2,721.063218
-2.5,11,721.090276
-4.5,39,721.185736
9.85,4,721.19585
-2.35,8,721.215621
-2.5,11,721.242603
-2.9,15,721.279018
-2.55,8,721.298568
-3.4,25,721.359413
