#{"t_start": 1785837531.0332892, "env_id": "None"}
r,l,t
9.99,2,3.58731
9.75,1,3.597929
11.745,2,3.624215
9.99,2,3.653721
9.75,1,3.6686
9.75,1,3.683066
9.99,2,3.708875
11.995,1,3.722122
11.745,2,3.745033
11.745,2,3.771117
9.75,1,3.781045
9.75,1,3.793992
9.74,3,3.826181
9.99,2,3.849737
11.745,2,3.879044
9.49,4,3.934969
11.995,1,3.950277
11.995,1,3.965446
9.99,2,3.987833
9.75,1,4.001932
11.995,1,4.035789
11.745,2,4.060673
10.563333,7,4.140208
11.745,2,4.16427
10.675,20,4.377382
11.995,1,4.389423
10.661667,1,4.401057
10.661667,1,4.413976
10.243333,22,4.704031
10.303333,10,4.811749
10.053333,11,4.943441
11.995,1,4.958963
9.891667,8,5.080658
11.495,3,5.120935
9.75,1,5.136345
9.47,8,5.265325
11.745,2,5.295047
10.543333,11,5.453728
9.73,5,5.532406
9.99,2,5.566452
11.745,2,5.600944
11.235,6,5.689409
11.745,2,5.720171
10.313333,8,5.827963
11.245,4,5.883434
9.881667,10,6.027985
10.661667,1,6.049398
9.75,1,6.063133
10.303333,10,6.204285
11.745,2,6.233499
10.401667,4,6.288858
11.995,1,6.303546
11.495,3,6.342047
10.813333,6,6.424558
9.891667,8,6.528664
10.985,3,6.748217
11.995,1,6.761359
10.355,31,7.204213
11.151667,5,7.268878
6.198333,43,7.875226
11.245,4,7.931699
11.995,1,7.948123
9.685,18,8.198691
9.74,3,8.242218
9.223333,30,8.634086
9.355,35,9.075694
9.75,1,9.087727
10.328333,1,9.103508
10.411667,2,9.128886
10.445,13,9.304643
10.135,26,9.645396
11.063333,5,9.71243
10.553333,9,9.840001
8.193333,40,10.396314
8.315,47,11.101364
11.995,1,11.124166
11.745,2,11.15758
10.735,4,11.221173
6.771667,48,12.229273
11.043333,9,12.370401
10.381667,8,12.488238
9.23,7,12.557773
9.72,7,12.659724
9.356667,17,12.858787
11.995,1,12.8763
-7.781667,100,13.971669
10.495,3,14.004007
-9.026667,100,15.094322
9.74,3,15.127292
8.555,48,15.638735
7.486667,48,16.191447
11.72,7,16.270621
9.871667,12,16.411169
8.143333,50,21.89119
11.73,5,21.952717
10.288333,9,22.059011
11.651667,3,22.09756
9.381667,12,22.236119
11.323333,2,22.260486
9.75,1,22.27228
10.651667,3,22.307271
7.796667,35,22.715328
10.651667,3,22.755751
8.135,34,23.144764
10.175,18,23.352408
11.995,1,23.367326
9.405,25,23.665028
10.533333,13,23.817825
2.763333,97,24.947414
10.356667,13,25.101667
11.313333,4,25.151536
11.995,1,25.164368
10.293333,12,25.299714
9.195,18,25.508106
10.318333,3,25.549279
11.391667,6,25.622247
9.488333,22,25.893877
10.043333,13,26.043884
11.23,7,26.132468
8.308333,13,26.284623
10.328333,1,26.309241
11.745,2,26.333697
9.455,15,26.50276
9.741667,42,27.005329
9.983333,25,27.295525
8.871667,16,27.484135
10.406667,3,27.515604
9.75,1,27.529521
9.75,1,27.542638
10.563333,7,27.624096
10.955,9,27.734688
10.771667,32,28.124738
-6.31,100,29.345667
9.24,5,29.415737
-6.135,100,30.989621
10.37,6,31.062934
6.055,58,31.758051
7.04,66,32.527925
10.25,12,32.669864
10.395,36,33.093753
-6.665,100,34.293803
7.785,68,39.507456
-7.335,100,40.729277
-6.0,100,41.937848
9.08,63,42.71138
-8.315,100,43.904819
8.8,39,44.374679
9.05,25,44.678642
10.055,11,44.812685
6.068333,69,45.645041
11.073333,3,45.681403
9.73,18,45.895946
9.375,31,46.270127
-7.335,100,47.471521
6.505,66,48.254623
10.985,16,48.446378
7.71,48,49.03389
-6.935,100,50.248637
10.28,6,50.322379
-5.91,100,56.560793
9.788333,11,56.696635
7.05,95,57.837824
-5.11,100,59.043766
5.8,87,60.085023
-4.575,100,61.318172
11.19,2,61.345329
10.26,10,61.460244
5.73,83,62.583217
8.965,46,63.128261
9.275,20,63.367496
10.106667,14,63.542589
11.323333,2,63.570606
10.845,13,63.73312
8.44,31,64.101053
11.225,8,64.192936
8.565,46,64.739077
11.323333,2,64.76253
9.44,27,65.088345
9.97,19,65.315252
10.136667,8,65.406676
10.553333,9,65.514753
10.575,5,65.577662
8.165,46,66.130688
10.475,20,66.376738
8.835,41,66.866873
10.243333,22,67.138273
7.505,62,67.875635
-6.755,100,73.508769
8.825,43,74.036185
9.75,1,74.04709
10.12,7,74.132825
10.38,17,74.345608
8.975,31,74.717424
11.995,1,74.729212
-8.09,100,75.94734
10.705,10,76.076764
11.995,1,76.090015
11.313333,4,76.139183
9.366667,15,76.32101
9.745,37,76.752799
10.646667,4,76.806672
11.391667,6,76.8798
11.995,1,76.894099
8.94,16,77.088576
10.323333,6,77.156093
6.07,64,77.926435
10.665,18,78.149559
9.59,28,78.49837
7.365,41,79.000091
9.99,2,79.025401
7.505,62,79.776318
10.793333,10,79.896891
-6.265,100,81.360791
10.11,9,81.471459
9.75,1,81.483274
9.866667,13,81.639807
7.848333,56,82.315297
11.745,2,82.339068
9.75,1,82.35352
7.915,60,83.067035
8.81,37,83.502758
9.47,21,83.758122
10.265,31,84.135747
10.995,1,84.148646
11.445,13,84.306508
7.115,42,84.808238
10.185,16,85.014557
11.995,1,85.028453
9.195,18,85.233714
9.75,1,85.246851
6.73,48,90.212831
10.595,1,90.227163
4.79,93,91.356562
9.295,16,91.546988
11.375,5,91.605593
11.19,2,91.63227
11.995,1,91.645187
9.625,30,92.012843
10.185,3,92.051186
-5.085,100,93.547431
-6.313333,100,94.776434
10.02,9,94.88572
10.13,18,95.089701
10.401667,17,95.277289
-4.775,100,96.425163
7.605,82,97.443132
-5.978333,100,98.633688
8.008333,46,99.185837
9.22,9,99.29684
10.625,17,99.5021
8.238333,49,100.108898
7.413333,98,101.341643
7.865,79,102.314487
-6.133333,100,109.332245
-5.575,100,110.903114
10.813333,6,110.975445
8.971667,45,111.551199
-7.156667,100,112.776907
9.748333,41,113.289502
-6.443333,100,114.729074
-6.511667,100,115.950626
10.306667,5,116.001655
11.745,2,116.026693
10.725,6,116.090796
8.175,26,116.365638
8.705,58,117.007885
9.99,2,117.031577
11.371667,19,117.244882
7.478333,54,117.873458
9.75,1,117.886447
9.708333,49,118.475814
7.178333,65,119.253573
11.995,1,119.268398
6.998333,52,119.886685
9.47,8,119.978314
7.543333,59,120.700519
10.898333,7,120.784704
11.135,4,120.835751
10.921667,11,120.964709
10.37,19,121.196426
9.271667,34,125.963434
8.408333,64,126.762366
-7.088333,100,128.012014
10.411667,2,128.040544
10.135,17,128.250296
-6.623333,100,129.46937
10.523333,15,129.650563
9.675,20,129.892965
10.735,4,129.941968
10.745,2,129.967851
11.495,3,130.004267
7.965,59,130.722183
8.021667,39,131.178903
11.216667,32,131.573457
-5.91,100,132.785995
9.68,28,133.127916
8.663333,44,133.664483
-4.93,100,135.278223
9.385,20,135.590695
-5.643333,100,137.228694
8.33,22,137.818927
-5.841667,100,139.521361
9.545,24,139.917958
8.876667,46,146.801291
8.651667,73,148.002407
10.388333,11,148.18654
9.545,37,148.786777
10.006667,3,148.837239
11.661667,1,148.856507
9.271667,34,149.420799
8.426667,38,150.043205
8.513333,61,151.119411
7.726667,80,152.422838
11.995,1,152.440241
9.516667,16,152.702551
9.705,18,152.988104
11.18,4,153.051471
11.073333,3,153.101167
10.661667,1,153.121784
11.995,1,153.137582
7.793333,58,154.088394
10.523333,2,154.123647
11.745,2,154.155933
8.613333,54,155.015617
8.701667,50,155.868447
10.803333,8,155.999499
9.021667,48,156.776991
9.98,30,157.254158
7.731667,48,158.064021
10.236667,19,158.377939
-5.11,100,160.007863
11.323333,2,160.045765
9.618333,18,160.344635
11.745,2,160.376263
10.97,28,160.839834
10.995,1,160.858746
6.375,83,162.469241
7.131667,70,169.691427
9.49,4,169.736984
9.341667,33,170.130607
11.165,7,170.250874
7.485,57,170.963143
9.956667,26,171.277835
10.246667,17,171.48461
9.963333,16,171.681422
9.68,28,172.019965
7.798333,39,172.485329
6.35,70,173.341487
9.22,35,173.767091
9.75,1,173.77794
-5.953333,100,175.111892
10.533333,13,175.280368
8.768333,41,175.798157
8.133333,52,176.431827
9.383333,34,176.854854
-7.268333,100,178.079517
7.971667,49,178.659256
11.71,9,178.766068
10.533333,13,178.926284
11.995,1,178.939288
10.595,1,178.951281
10.411667,2,178.976034
10.661667,1,178.987899
-6.666667,100,180.212554
10.263333,18,180.426476
8.193333,40,180.858356
5.825,95,186.390751
8.86,45,186.946877
11.651667,3,186.982265
10.28,6,187.0535
7.623333,43,187.570468
9.75,1,187.582381
9.395,27,187.904257
9.081667,23,188.179025
9.681667,14,188.361292
10.57,10,188.472677
9.156667,39,188.952126
10.54,16,189.149851
10.651667,3,189.189215
10.618333,14,189.52445
11.745,2,189.632181
-6.509048,100,191.012047
11.745,2,191.041324
11.995,1,191.055728
-4.127381,100,192.315421
-5.719524,100,193.521488
11.995,1,193.537089
10.396667,5,193.603877
10.745,2,193.625378
9.75,1,193.637512
9.863095,30,194.007128
9.75,1,194.019995
10.13,5,194.079779
9.7,24,194.370162
-6.780952,100,195.602786
-7.14881,100,196.828978
-6.699524,100,198.029052
11.073333,3,198.066254
9.99,2,198.092507
5.206667,94,199.245489
11.661667,1,199.259865
5.371667,79,204.660816
10.902381,10,204.778791
11.313333,4,204.830817
10.26,10,204.950793
8.352619,49,205.590039
7.858333,27,205.924123
9.625,21,206.179181
10.48381,12,206.331801
5.372381,87,207.409828
7.831667,28,207.762264
-6.930714,100,208.992956
7.982381,55,209.673799
6.752619,75,210.62951
-6.019048,100,212.221077
10.623095,25,212.600294
11.163095,15,212.839409
7.852143,62,213.713056
6.336667,64,214.57732
6.892857,66,215.700311
-7.760952,100,216.88796
-6.63119,100,222.757924
10.348333,19,222.99971
-6.849286,100,224.143509
11.025,8,224.248782
9.303571,33,224.661564
-4.249524,100,225.837281
10.661667,1,225.851549
9.162381,64,226.635305
10.313333,8,226.731003
-7.298571,100,228.108546
7.793333,71,229.015893
8.801667,30,229.769601
7.791905,55,230.44842
10.883571,11,230.590734
8.442143,42,231.104964
-7.38,100,232.121312
10.653095,19,232.291521
9.75,1,232.29976
7.676667,41,232.720819
10.661667,1,232.730044
10.965,7,232.78912
10.495,3,232.81802
9.202619,26,233.095166
8.281905,55,233.609084
10.574762,21,233.80277
10.030714,2,233.820494
10.823333,4,233.853262
11.995,1,233.862503
9.132619,40,238.787919
7.212857,51,239.800498
8.852619,47,240.347025
10.042857,24,240.586965
10.383095,24,240.841858
-5.719524,100,242.042935
11.29,13,242.209266
10.413095,18,242.434613
10.15,14,242.609944
9.75,1,242.620799
-5.297857,100,243.779238
8.172143,47,244.345643
9.832143,9,244.447994
8.563095,45,245.013962
8.191667,54,245.668993
6.751667,48,246.242397
7.663571,67,247.079605
10.322857,17,247.212952
8.992143,30,247.432726
9.75,1,247.442163
5.551667,92,248.231974
10.661667,1,248.241804
9.2,13,248.369392
9.042143,20,248.58175
-9.08119,100,249.670326
10.862857,7,249.753597
11.995,1,249.765738
11.073333,3,249.808704
10.522143,18,250.061951
10.803333,8,250.157672
11.303333,6,250.234316
7.622143,59,258.664844
7.242381,56,260.361825
9.430714,24,260.929973
9.721905,12,261.302128
7.800714,56,263.122933
10.110952,5,263.225367
10.352857,11,263.938929
10.543333,11,264.127356
10.195,1,264.190345
9.532381,39,265.443706
10.47381,14,265.843798
9.75,1,265.856158
9.89381,32,266.816519
9.873571,17,267.736245
9.163333,42,268.546002
11.393571,7,268.642819
7.492857,44,269.554331
10.406667,3,269.629506
11.073333,3,269.785731
9.091905,40,270.729911
9.872381,20,271.103791
9.842381,26,271.780277
9.092381,29,272.509901
9.542143,18,272.81655
10.512143,20,273.146778
9.72,20,273.49049
9.391667,10,273.61873
7.813095,48,274.134688
9.53,9,274.233439
10.342381,24,274.520943
10.784048,20,274.741038
-4.249524,100,275.972685
10.225,8,276.058055
8.833095,40,276.992598
10.701905,12,277.26239
10.334286,31,278.085489
10.411667,2,278.103888
9.75,1,278.112552
10.352857,11,278.398056
10.661667,1,278.406723
11.143571,8,279.025744
-5.569762,100,280.45791
9.753571,41,288.738068
8.863571,23,289.080606
10.451905,13,289.530104
10.73,9,289.688316
10.401667,4,289.753883
6.873095,89,292.939769
7.233571,55,294.14012
10.215,10,294.514627
8.682619,32,295.004791
8.630476,18,295.548658
9.622381,21,295.94896
10.001429,16,296.244328
10.232619,16,296.437892
10.661667,1,296.452168
11.073333,3,296.485456
8.992143,30,296.867625
9.930476,3,296.903663
10.371667,10,297.028425
10.953095,8,297.128455
9.75,1,297.142324
9.382381,20,297.381758
8.432143,44,297.894416
8.563095,45,298.645055
9.465,13,298.895994
10.731905,6,299.024465
9.262143,25,299.578103
8.961905,17,299.811543
9.282143,21,300.540737
10.745,6,300.644303
10.492619,13,300.820849
11.022619,5,300.883172
9.882381,18,301.12066
9.372381,22,301.445318
11.16381,23,301.963911
10.406667,3,302.013134
9.431905,21,302.440088
8.942619,29,302.88589
11.19381,17,303.053202
8.002381,51,303.862337
7.462143,42,304.575691
9.902619,33,304.932332
10.342143,5,305.101525
9.891667,8,305.350971
10.211905,12,305.570805
10.922381,6,305.68137
10.495,3,305.735864
10.592857,12,305.9232
11.18,4,306.008755
10.573333,5,306.07853
9.595,27,306.617147
10.105,23,307.89319
9.131905,32,308.394408
10.101667,15,308.761357
6.502857,46,314.755069
9.862381,22,315.035971
10.198333,13,315.285657
8.432857,52,315.985389
10.391667,6,316.062966
-7.094286,100,317.477189
11.525,6,317.561294
8.41,28,317.867722
10.823333,4,317.908013
10.995,1,317.918365
9.99,2,317.937796
5.632857,73,318.695223
10.436429,29,319.02983
-5.022143,100,320.341877
10.661667,1,320.355915
7.513571,46,320.857881
9.176429,36,321.20595
9.502857,34,321.609056
-6.665714,100,322.883682
10.745,6,322.967322
9.894286,21,323.555598
-6.685714,100,325.85329
10.15,23,326.212089
8.357143,59,327.132441
7.606429,56,328.980546
8.839286,34,329.481333
11.745,2,329.509876
8.822381,34,329.894868
7.912857,58,335.819483
10.638333,10,335.952079
8.06,49,336.554821
10.396667,5,336.621142
11.323333,2,336.649063
7.33,48,337.3242
8.249286,54,338.055775
8.882857,60,338.801567
11.388571,8,338.894898
10.002143,26,339.206725
9.19,19,339.429869
8.080714,51,340.225662
9.947857,45,340.779379
8.248571,44,341.467832
8.467143,37,341.921647
-8.656429,100,343.241846
7.498571,47,343.915817
10.94,3,343.953642
-6.338571,100,345.234669
10.668333,4,345.319957
8.462143,40,345.869631
6.925714,88,346.958327
4.357143,75,347.779902
8.202857,49,348.339185
9.705714,22,355.090796
10.813333,6,355.195684
-8.533571,100,356.88623
7.867143,59,357.809949
9.342857,17,358.025574
10.908333,5,358.090328
11.995,1,358.102524
5.400714,97,359.292645
-6.808571,100,360.490792
9.797143,16,360.684646
10.485,5,360.740897
6.474286,64,361.530857
9.756429,18,361.758667
10.595,1,361.771907
8.813571,31,362.153172
9.405714,33,362.551103
-6.727143,100,363.75978
9.75,1,363.772458
7.973571,52,364.407995
-5.91,100,365.639312
10.472143,30,366.009296
10.661667,1,366.022158
7.737857,42,366.532619
7.050714,61,367.251264
10.664286,10,367.372172
9.985714,15,367.558525
10.476429,21,367.8226
11.995,1,367.834475
10.162381,11,367.963546
10.597857,9,368.070415
5.663571,73,373.362277
9.873571,15,373.550516
10.95,10,373.675218
10.125,10,373.791753
9.750714,11,373.927068
9.116429,48,374.517645
10.411667,2,374.5426
7.79,54,375.19448
9.825,8,375.292259
9.64,27,375.614867
10.735,4,375.661292
9.877857,6,375.73445
8.713571,51,376.35517
7.370714,46,377.385659
10.78,4,377.453514
8.844286,31,377.969557
7.294286,47,378.715968
10.755714,8,378.836787
10.037143,17,379.108039
8.405714,37,379.690466
9.762857,31,380.169313
7.070714,57,381.074167
11.661667,1,381.092679
10.433095,14,381.318491
11.073333,3,381.36571
9.671667,16,381.636845
9.373571,17,381.904483
10.095,3,381.95035
10.995,1,381.967806
4.307143,85,383.3341
10.226429,22,383.697804
10.429286,10,383.867108
8.313571,33,384.420742
11.995,1,384.435023
9.445,15,384.668778
9.383571,15,384.903008
8.645714,34,385.441896
9.079286,35,385.998189
10.506429,15,386.242218
9.099286,31,386.736117
9.552857,24,387.101747
6.180714,39,387.700126
9.767143,22,388.060933
10.242143,25,394.002006
11.995,1,394.014982
6.287143,81,394.980864
5.974286,66,395.912326
8.645,32,396.294248
7.823571,33,396.688537
9.75,1,396.701083
10.185714,24,397.007379
-9.023571,100,398.283687
9.840952,10,398.407635
9.715714,16,398.629811
10.485,5,398.687683
9.136429,44,399.525044
6.542857,87,400.721218
8.86,36,401.154526
7.615714,48,401.730786
10.792143,15,401.91048
10.317857,16,402.10986
-6.685714,100,403.325098
11.995,1,403.340814
10.664286,14,403.506015
5.495714,80,404.478933
9.720714,17,404.692286
9.946429,29,405.045491
9.99,2,405.070965
9.955714,21,405.33216
10.127857,5,405.399339
-7.522857,100,406.62
9.808571,30,411.325703
11.092857,10,411.452297
9.24,5,411.51321
6.789286,52,412.142642
6.265714,73,413.134531
10.862857,7,413.266156
10.823333,4,413.328093
8.387143,53,414.016899
9.272857,31,414.371582
10.19,15,414.586342
9.205,14,414.826985
9.99,2,414.858122
8.941429,32,415.236796
9.75,1,415.248713
10.735,4,415.295139
9.543571,32,415.687621
10.661667,1,415.700749
9.891667,8,415.795146
9.685,5,415.854718
10.46,10,415.975446
6.596429,62,416.728446
10.54,3,416.766374
9.52,11,416.894041
10.396667,5,416.953718
7.697857,50,417.653069
9.593571,22,417.927886
9.412381,14,418.092647
8.386429,47,418.651787
10.210714,17,418.863028
4.343571,92,419.981876
11.225714,12,420.13179
10.000714,10,420.360721
10.481905,7,420.633191
9.025,54,421.288017
7.640714,41,421.81493
9.4,26,422.123821
6.13,92,423.256873
10.236429,20,423.508893
7.365714,49,424.105031
9.487143,29,428.886826
9.79,6,428.961897
10.421667,13,429.120891
10.411667,2,429.143553
7.457143,43,429.66815
8.815,43,430.19928
9.134286,22,430.460495
9.597857,13,430.61639
6.775714,69,431.436684
9.583571,24,431.736424
10.542857,22,432.002049
10.309286,34,432.415918
6.087143,72,433.282443
11.111667,13,433.4409
9.74,3,433.47422
8.736429,26,433.774134
7.886429,49,434.350131
7.882143,58,435.048073
9.578571,23,435.324585
11.011429,14,435.499791
8.501429,22,435.771403
10.006667,3,435.804567
10.735,4,435.851843
9.374286,23,436.134011
10.383571,11,436.265577
8.966429,29,436.615683
10.143571,10,436.73938
10.027143,19,436.975535
8.936429,35,437.385228
10.862857,7,437.47627
8.723571,49,438.075597
6.309286,99,439.318356
9.792857,25,439.627989
10.516667,12,439.776399
10.862857,7,439.865597
9.761429,15,440.050798
10.003333,8,440.147299
9.430714,26,440.470259
9.74,3,440.506198
8.782857,31,441.279028
8.799286,42,448.22094
7.946429,37,448.862594
8.741429,23,449.223209
9.99,2,449.249503
9.294286,39,449.734522
9.68,19,449.966584
8.573571,30,450.341077
9.466429,27,450.673349
10.170714,25,451.00178
6.259286,60,451.738111
10.985,3,451.778821
10.54,3,451.814969
10.842143,3,451.85205
9.966429,25,452.157043
7.977143,37,452.585654
9.94,16,452.774982
11.995,1,452.788289
10.980714,14,452.958066
9.75,1,452.971081
9.75,1,452.984551
9.578333,4,453.031422
10.276429,12,453.173951
7.115,40,453.64845
10.929286,8,453.744632
9.970714,16,453.930763
9.445714,21,454.193082
11.132857,2,454.220889
9.99,2,454.247256
9.548571,33,454.655582
8.227143,36,455.084302
11.745,2,455.109215
8.794286,41,455.606724
7.579444,36,456.160396
7.691667,58,456.86849
5.69,82,457.879703
-8.784444,100,459.096458
9.542222,42,459.609152
-7.915556,100,461.014267
10.401667,4,465.649802
10.171667,14,465.824348
9.171111,45,466.384024
-8.248889,100,467.771259
9.462778,16,468.040833
-6.622222,100,469.809871
-7.203333,100,471.031764
7.196667,57,471.730352
10.656667,2,471.753256
7.218333,37,472.19706
9.806667,25,472.521673
7.097778,50,473.125275
10.975,5,473.1836
7.742222,59,473.944161
3.957778,90,475.135054
7.070556,62,475.892474
8.705,16,476.087313
10.78,4,476.133466
7.239444,55,476.812784
8.809444,35,477.232911
8.436111,43,477.769442
-6.367222,100,479.012122
8.867222,28,483.665941
8.502778,65,484.668219
10.078333,2,484.70488
8.852857,17,484.970762
10.656667,2,485.004398
-6.223333,100,486.634624
11.025,8,486.761555
9.531667,33,487.281311
10.93,5,487.366129
8.243333,26,487.782339
11.323333,2,487.816072
5.948889,57,488.731518
9.276667,33,489.293629
11.141667,7,489.409539
5.907222,81,490.712717
9.647778,30,491.216617
10.54,3,491.265517
8.148333,47,492.029402
7.548889,31,492.519026
6.276111,87,493.928482
-7.791667,100,495.576176
8.721111,37,496.457521
-6.935556,100,498.096522
9.946111,39,498.787356
-7.236111,100,506.690866
9.647778,30,507.191999
6.649444,75,508.386933
10.39,2,508.419036
8.309444,37,509.09166
9.73,18,509.356487
8.599444,28,509.684708
-5.066667,100,510.834411
9.17,23,511.178263
8.822778,50,511.788064
4.432778,95,512.934002
5.267778,73,513.807327
8.077222,39,514.263414
-8.85,100,515.432267
8.489444,50,516.057433
10.93,5,516.122295
9.528333,16,516.316884
10.39,24,516.61175
10.281667,30,516.977463
7.730556,77,517.920469
3.405,96,519.096923
8.733889,41,519.599531
4.836111,77,524.856417
9.516111,23,525.140812
7.818889,75,526.160121
11.995,1,526.174713
10.033889,26,526.817117
11.651667,3,526.857076
9.99,2,526.8849
9.347778,41,527.401769
9.328333,5,527.461308
9.751429,17,527.672139
10.53,5,527.733691
6.035,60,528.45481
6.929444,68,529.266548
10.142381,15,529.45565
9.75,1,529.467599
10.572143,8,529.568613
-5.276111,100,530.99889
8.243889,37,531.437898
9.237143,30,531.796525
8.029444,44,532.326356
10.031429,10,532.45172
10.757778,4,532.508051
10.03,7,532.591274
8.843333,57,533.293702
5.858889,75,534.195562
9.218333,29,534.582275
6.79,58,535.327709
7.028889,86,536.380341
10.235,6,536.462704
7.918333,44,537.017913
9.99,2,537.044534
10.231111,29,541.752355
7.979444,54,542.420295
10.231905,8,542.520683
10.656667,2,542.544452
8.251111,33,542.934148
7.140556,48,543.513528
7.951667,55,544.172536
10.374444,18,544.389857
10.328333,1,544.404233
8.461111,40,544.89295
9.17,23,545.171783
10.162381,11,545.306146
-7.771667,100,546.485333
8.09,43,546.994107
9.651667,7,547.082543
9.75,1,547.09453
9.575,9,547.201624
11.745,2,547.227939
10.548889,19,547.458506
8.35,40,548.202494
5.910556,49,548.805137
10.029444,36,549.240141
9.99,2,549.265299
10.735,4,549.314884
8.231111,37,549.756004
8.748889,36,550.187108
10.661667,1,550.200239
10.745,2,550.226539
9.478333,26,550.540022
11.58,4,550.588943
3.839444,98,551.796335
10.015556,10,551.912317
7.907778,35,552.336457
10.661667,1,552.351223
10.003333,21,552.603758
7.767778,63,553.381313
6.021667,98,558.980988
9.74,3,559.016709
9.628333,45,559.579423
10.268889,26,559.912815
8.612778,43,560.43763
9.9,24,560.730983
9.670556,32,561.125367
9.561667,27,561.46182
10.475,7,561.546217
9.349444,25,561.926134
11.323333,2,561.951818
9.268889,30,562.334614
8.86,36,562.773289
9.662778,29,563.293072
9.500556,17,563.497824
8.302778,56,564.182675
10.44,5,564.240832
10.099444,22,564.512542
9.491667,41,565.023877
7.405,31,565.399704
8.682778,29,565.752787
8.135,36,566.19325
11.135,4,566.2426
10.406667,3,566.281064
9.75,1,566.302298
9.721111,33,566.726662
9.935,15,566.918644
9.538889,25,567.220602
8.943333,37,567.675913
9.996429,19,567.908568
10.195,1,567.922911
10.273333,3,567.960962
9.571667,25,568.25675
4.286111,89,569.303924
-8.549444,100,570.976757
9.396667,9,571.08986
10.023889,28,571.441009
9.839444,25,571.75092
10.874444,16,576.196969
11.245,4,576.240075
8.950556,29,576.587297
6.581111,73,577.530013
10.583889,14,577.715458
10.301667,26,578.044249
7.448333,40,578.581203
10.28,6,578.65564
11.022143,18,578.873804
8.339444,31,579.245534
10.50381,8,579.338846
8.941111,42,579.854221
7.46,71,580.733177
10.585,3,580.773737
8.198333,37,581.210535
10.303333,6,581.282769
6.343333,67,582.098759
10.048333,10,582.216638
9.869444,19,582.46844
9.991111,28,582.814431
8.850556,49,583.402944
5.22,78,584.394507
8.572222,40,585.316297
11.745,2,585.339468
10.028333,14,585.556355
8.930556,33,585.99061
9.102222,32,586.401792
5.778333,80,587.389899
9.339444,27,587.738263
6.974444,61,588.489968
9.672222,16,588.68415
7.430556,39,589.148846
10.119444,18,593.876793
9.788889,24,594.166868
10.016111,21,594.41793
9.087778,44,595.107578
10.872857,5,595.170423
9.225,12,595.307507
11.013333,15,595.485594
9.036667,32,595.880327
9.856667,15,596.069108
9.637222,21,596.329788
10.46119,3,596.36946
9.217778,18,596.590439
10.664286,10,596.729002
10.475,7,596.813727
8.087222,37,597.273875
5.981111,95,598.419751
9.390556,39,598.899197
10.03,7,598.992512
9.28,10,599.104512
11.073333,3,599.136857
8.329444,33,599.54378
4.43,89,600.602878
10.619444,16,600.806557
10.474444,47,601.385225
9.048889,25,601.689669
10.152222,18,601.906204
11.135,4,601.954442
10.28,6,602.027953
10.145,26,602.351017
9.682778,21,602.606723
11.18,4,602.659515
10.382778,32,603.059376
10.985,3,603.101249
9.356667,17,603.304004
8.400556,41,603.797642
9.931905,19,604.025845
10.210556,22,604.297635
9.882222,23,604.571916
10.207778,16,604.768213
10.558889,17,604.965921
9.812143,11,605.110639
8.846667,21,605.378
7.419444,68,606.529748
10.406667,3,606.565655
8.362222,29,611.288409
10.485556,18,611.514908
10.526429,11,611.645914
11.323333,2,611.669678
9.492778,14,611.830688
10.878571,12,611.983693
11.18,4,612.036737
10.078889,15,612.225517
5.52,67,613.011312
10.362222,25,613.328616
8.862778,42,613.840199
7.332222,43,614.360457
9.710556,24,614.662565
9.147778,32,615.066316
9.728889,36,615.517364
10.985,3,615.55229
8.496111,31,615.936673
10.17,19,616.169128
9.187778,24,616.470456
9.761111,25,616.780228
7.758889,38,617.251423
9.177778,26,617.57115
10.94,3,617.609429
10.985,3,617.64763
11.162222,12,617.804884
8.912778,32,618.185453
11.995,1,618.199662
9.75,1,618.211711
10.482857,34,618.630372
9.170556,34,619.069352
8.6,39,619.536386
9.852222,29,619.88074
11.073333,3,619.916381
10.995,5,619.975795
10.402222,17,620.182791
10.445,15,620.367069
9.897222,18,620.579405
11.995,1,620.593466
6.969444,60,621.350206
10.528889,23,621.645358
10.215556,19,621.883178
9.4,26,622.200638
9.422778,28,622.539871
11.72,7,622.622144
9.688333,17,622.823879
9.327222,34,623.422988
7.811667,34,623.887632
10.772619,6,623.977247
8.786111,22,628.686843
7.728889,44,629.226066
10.233333,11,629.364622
10.112222,26,629.681545
9.365,24,630.055853
10.003889,32,630.47287
-6.367273,121,633.012036
7.692778,51,633.649567
-6.648636,121,635.134896
-6.095455,121,636.612111
-8.681364,121,638.194306
-5.595909,121,639.666363
10.602857,10,639.793481
4.233182,101,640.995443
5.561364,75,646.298815
10.672381,7,646.385872
-5.959545,121,647.92043
-6.095455,121,649.433098
9.788889,24,649.735888
-5.886818,121,651.223238
-4.606364,121,652.951955
9.742273,32,653.858936
9.661667,18,654.085268
9.781429,11,654.221183
6.385,81,655.388281
-7.638182,121,657.231194
-7.846818,121,658.728553
-8.118636,121,666.377087
-7.356818,121,668.328698
10.783889,23,668.738817
-6.395909,121,670.735289
10.162381,11,670.928127
-8.045909,121,672.889263
10.908333,5,672.973712
-7.42,121,674.788068
10.53,5,674.852973
7.609444,59,675.574476
-6.187273,121,677.063047
-7.846818,121,678.545926
-8.89,121,680.010616
10.823333,4,680.057422
10.523333,2,680.085339
7.488182,69,685.758477
10.522143,18,685.991288
2.046818,121,687.490467
-5.731818,121,688.982979
-7.284091,121,690.731514
6.359545,106,692.108102
9.72,11,692.256265
-7.085,121,693.771585
9.283182,71,694.673134
10.656667,2,694.698478
10.323333,6,694.770985
10.106818,28,695.119217
8.763182,28,695.476892
-7.856364,121,696.977405
7.426364,76,697.964047
6.003636,101,703.598269
11.323333,2,703.626206
9.316364,41,704.164961
7.543636,74,705.118309
10.908333,5,705.18184
9.868636,45,705.74391
7.039444,46,706.306357
-6.376818,121,707.863414
9.611111,24,708.16387
-5.586364,121,709.70897
11.745,2,709.738195
6.495455,106,711.035222
9.805,34,711.479257
8.92,33,711.887318
8.352727,63,712.671253
10.79,2,712.699087
10.291429,7,712.788827
9.282727,24,713.08402
6.661364,51,713.709853
3.309091,117,715.525671
7.944091,54,716.653308
-5.886818,121,723.069099
-6.041818,121,725.36103
11.323333,2,725.389539
-6.085909,121,727.113743
8.059091,62,727.89594
-6.857273,121,729.381269
9.326667,23,729.661793
11.323333,2,729.688203
8.630909,51,730.364574
5.512727,92,731.505685
7.650909,51,732.138339
9.99,2,732.163414
8.488636,63,732.945076
10.661667,1,732.959448
11.17,6,733.033897
7.524091,40,733.510509
10.583636,18,733.725796
-8.128182,121,735.228645
9.311111,17,739.770566
7.226364,67,740.604391
-5.561364,121,742.104705
10.328333,1,742.120443
9.412727,47,742.862294
-6.250455,121,744.538512
-7.856364,121,746.045413
11.535,4,746.094957
11.73,5,746.158102
4.552727,88,747.265838
8.025,47,747.85518
-7.157727,121,749.370249
-6.677273,121,751.017626
9.817727,46,751.953821
-8.754091,121,759.607983
-7.565455,121,761.635534
10.646818,18,761.941945
-5.741364,121,763.956719
7.471364,85,765.368915
6.648333,53,766.247539
9.284545,42,766.971587
-6.794091,121,768.999461
-7.919545,121,771.039007
10.260714,5,771.117005
7.862273,65,772.201829
-5.115455,121,774.266298
10.121667,11,774.449933
11.023182,30,774.974042
7.535455,94,782.707629
9.166818,69,783.735113
-6.313636,121,785.243125
-6.177727,121,786.89695
-6.212273,121,788.389686
7.547273,97,789.602524
7.556818,97,790.870722
9.99,2,790.897029
9.907222,27,791.289438
11.745,2,791.315202
8.494545,40,791.820977
9.056818,42,792.362306
-5.115455,121,794.279735
7.955909,57,795.00874
6.349545,108,800.736102
-6.721364,121,802.258909
9.471429,24,802.570852
9.442727,41,803.15119
10.76,8,803.260128
-7.856364,121,804.972133
9.886818,23,805.27403
9.205455,54,805.989455
7.818636,50,806.619321
10.274048,24,806.907499
8.717727,70,807.794136
-7.293636,121,809.271864
9.406818,21,809.519061
9.825,8,809.617177
3.868636,118,811.112044
7.689545,85,812.288792
11.323333,2,812.317198
9.852857,13,812.479956
7.809545,61,813.235213
11.995,1,813.249791
-5.46,121,819.280432
5.986818,68,820.1263
6.91,92,821.29399
10.451667,7,821.378523
7.095,86,822.474057
6.008636,118,824.248714
9.556364,42,824.789415
-5.270455,121,826.300614
-4.805455,121,827.804828
10.480909,24,828.117127
9.43,11,828.25591
9.75,1,828.269385
9.973182,44,828.834118
8.583636,75,829.782275
5.905909,75,830.724033
10.062727,15,830.909995
10.656667,2,830.937558
11.155,9,831.04776
8.257727,64,838.009141
10.010714,6,838.111273
9.649091,38,838.74433
8.248182,64,839.822785
9.081818,68,840.935504
8.399091,43,841.624787
-7.492727,121,843.552564
9.99,2,843.579022
9.99,2,843.605244
6.729545,81,844.629269
8.981364,28,844.977109
10.879444,13,845.143924
9.686667,31,845.542677
7.535,96,846.790326
9.204545,45,847.364431
9.774091,31,847.767735
8.175455,64,848.571844
3.655455,86,849.651426
9.113636,67,850.483109
-7.429545,121,852.114619
10.235556,15,856.680074
10.619444,16,857.060529
8.121818,64,857.878188
9.75,1,857.889355
10.605,21,858.240868
10.796364,39,858.908164
9.340455,58,859.622897
9.806818,39,860.105178
10.38,35,860.55678
11.74,3,860.59415
6.346364,83,861.643358
9.75,1,861.65548
-5.814091,121,863.161147
10.697222,16,863.362937
6.201364,94,864.656847
10.161667,3,864.694126
11.33,5,864.753873
9.662727,46,865.503308
8.110909,57,866.220658
8.339545,53,866.890479
3.401364,115,868.370103
9.693095,15,868.555755
9.378182,34,868.980275
10.659444,8,869.079273
10.904286,15,869.269647
8.806364,45,869.839477
10.265455,38,874.848496
6.027273,107,876.235798
10.075,7,876.323939
8.994091,40,876.813597
-5.178636,121,878.663617
9.957778,17,878.880615
11.175,5,878.946913
7.655,72,879.863628
8.695,18,880.080984
8.092727,66,880.910222
9.751364,21,881.165301
10.258889,28,881.515961
8.702273,44,882.062108
9.902273,49,882.686222
9.918182,24,882.989877
9.816111,12,883.144414
6.332727,75,884.126804
10.411667,2,884.155548
8.890909,48,884.828557
3.472727,108,886.172892
9.358182,38,886.662294
9.75,1,886.675898
11.451667,3,886.717662
10.210455,18,886.963608
6.572727,76,887.940794
10.166818,16,892.542022
9.015455,43,893.07417
8.819545,55,893.790702
8.538182,55,894.482851
10.082143,8,894.676585
10.725714,14,894.89717
8.378636,36,895.36271
9.99,2,895.391467
9.849545,45,895.964193
10.252857,31,896.357708
10.693095,11,896.496237
7.577727,102,897.78351
7.096818,91,899.015283
10.002143,26,899.572778
7.435455,78,900.58076
11.151667,5,900.647258
8.858636,38,901.127947
10.399091,35,901.57842
10.735,4,901.629533
8.148182,35,902.053251
9.033182,23,902.351093
10.273333,16,902.549416
9.305,36,903.004379
10.075,29,903.370111
9.636667,10,903.493917
7.349545,55,904.19012
9.017727,59,904.941681
9.201364,33,905.363025
7.947727,64,910.458204
9.651818,52,911.131827
7.749091,62,911.904186
9.003636,40,912.40247
10.075,7,912.483601
11.49381,6,912.560298
10.441364,30,912.941334
8.410909,46,913.516057
10.68,6,913.588893
4.867273,94,914.753061
10.282727,20,915.002694
9.202727,40,915.509862
9.488333,24,915.815561
10.280909,15,916.004977
8.764091,37,916.471
9.896818,21,916.742404
8.314091,78,917.950142
9.606364,19,918.187271
9.763636,35,918.634557
10.222273,34,919.095525
8.23,73,920.02166
11.323333,2,920.04814
9.065909,44,920.592486
11.995,1,920.606009
3.125,96,921.973278
11.401667,4,922.024457
8.472727,39,922.826004
9.772273,26,923.149211
8.912727,49,923.779706
10.116364,28,928.892636
8.596818,36,929.335666
8.048182,55,930.035618
9.949545,25,930.35572
9.512727,27,930.709982
10.79,2,930.735402
9.622222,26,931.048546
9.005,47,931.667118
10.661667,1,931.682356
11.323333,2,931.708988
8.754545,50,932.484249
8.932727,45,933.059093
10.985,3,933.100505
9.046364,46,933.682732
9.24,5,933.742273
5.311818,74,934.676269
10.661667,1,934.689718
10.055455,31,935.101952
10.552778,18,935.339113
10.402381,12,935.486687
9.272143,23,935.778006
10.457222,15,935.97016
8.808182,50,936.656039
9.868333,17,936.870595
6.585,90,938.019408
9.669545,32,938.428562
10.393571,9,938.542529
8.599091,39,939.024846
8.373571,21,939.256712
9.274545,31,939.61765
7.198636,76,940.510224
8.545455,39,940.963457
9.952273,39,941.695227
9.75,1,941.704756
10.730556,16,946.217073
10.710909,27,946.532337
9.938636,18,946.74342
9.243182,30,947.088261
10.086364,34,947.478984
9.315455,32,947.843515
8.805909,34,948.241171
9.304545,38,948.672257
10.661667,1,948.686287
11.33,5,948.74586
10.189545,26,949.055369
11.073333,3,949.089403
10.083182,22,949.332327
9.295455,36,949.750178
10.661667,1,949.762232
11.303333,6,949.835547
8.517273,50,950.41269
6.824545,31,950.758388
10.28,6,950.824739
11.093636,14,951.011704
8.389545,43,951.576196
8.762727,30,951.942456
9.484545,38,952.426435
9.75,1,952.438632
8.535,43,953.031843
-6.367273,121,955.279394
9.428636,22,955.556692
9.327273,35,955.958987
10.295,34,956.360593
8.869545,45,956.892185
9.679545,30,957.251654
11.135,4,957.298789
11.995,1,957.311669
11.223333,22,957.580795
9.669545,32,957.944961
9.733182,30,958.283755
9.535455,37,958.712971
8.910909,44,963.542944
10.362857,9,963.643986
9.011364,22,963.914879
10.117727,22,964.210244
9.938182,20,964.466226
9.962273,37,964.932727
10.169545,30,965.3196
10.735,4,965.368454
6.305455,46,965.916923
9.148182,31,966.308839
10.318889,16,966.495599
5.84,110,967.835358
7.761111,33,968.2464
10.736667,17,968.474324
10.791667,26,968.816579
8.919545,35,969.177049
10.729545,16,969.364992
10.760909,17,969.554029
10.002273,29,969.866269
9.075455,31,970.168636
8.612727,60,970.797754
10.783333,12,970.910505
8.691364,37,971.242666
9.389545,39,971.584145
9.458636,29,971.837632
10.14,3,971.863506
10.417727,24,972.086507
9.836667,19,972.258122
10.617273,35,972.585676
10.428636,18,972.745523
9.99,2,972.764038
9.076818,38,973.120188
9.294091,29,973.414274
9.266667,17,973.586719
7.866364,86,974.745691
8.837273,35,979.647264
10.916818,13,979.82929
10.656667,2,979.855272
8.933182,56,980.641429
6.108636,49,981.16308
9.97,19,981.339433
8.83,51,981.867405
10.673095,15,982.047606
11.19,2,982.075444
10.564091,20,982.399281
10.985,3,982.499624
9.387273,23,982.807551
11.476818,12,982.934332
10.995,1,982.946563
10.479545,17,983.138008
10.485,45,983.5979
9.419545,33,983.95871
8.664545,68,984.74156
7.737727,57,985.216394
10.408636,22,985.409396
9.608182,37,985.865541
9.58,48,986.321981
9.814091,23,986.535338
9.827727,44,987.123514
10.535,35,987.44249
10.345455,22,987.623213
8.683636,55,988.13839
9.356364,33,988.42996
10.231364,23,988.63094
9.305909,32,988.928547
8.755455,46,989.349647
10.281429,9,989.426787
10.689091,26,989.683081
10.546429,7,989.742677
9.834091,19,989.91579
10.823333,4,989.95804
10.7,11,990.067758
9.306818,41,995.479506
10.011364,18,995.692667
9.378182,34,996.07295
10.875,16,996.226666
10.385,3,996.26049
7.418182,34,996.604755
10.576364,34,996.936297
10.834091,15,997.095981
10.430909,34,997.492979
9.009444,24,997.739463
9.240455,29,998.051653
9.460909,32,998.420923
11.323333,2,998.436651
9.325455,30,998.73099
11.995,1,998.74242
9.908182,26,999.029779
10.572273,13,999.135119
10.865455,16,999.310269
10.813636,21,999.537689
10.739545,14,999.685729
11.323333,2,999.713032
9.937727,22,999.931468
10.148636,25,1000.170295
9.817857,18,1000.348647
11.19,2,1000.37344
9.649091,38,1000.758025
9.678182,23,1000.991153
10.270714,3,1001.024855
8.871111,25,1001.254463
10.095455,23,1001.457104
10.822857,15,1001.606286
10.112857,10,1001.709019
9.532727,23,1001.912252
11.323333,2,1001.928709
9.855455,22,1002.142002
10.411667,2,1002.15679
9.651667,7,1002.219412
9.919545,31,1002.490002
10.541364,10,1002.590376
9.772273,26,1002.856421
11.053333,7,1002.929988
10.866364,25,1003.369049
10.190556,15,1003.543922
11.995,1,1003.552029
7.880455,56,1004.37293
9.802727,18,1004.585919
8.846364,24,1004.905385
10.262727,24,1005.248213
9.926818,15,1005.573423
10.646818,18,1005.781799
9.166818,20,1005.969427
9.539091,60,1011.086355
10.572857,16,1011.271969
10.292143,17,1011.468316
10.218636,11,1011.577953
9.917727,26,1011.819852
11.745,2,1011.837786
11.745,2,1011.85451
10.046667,8,1011.924963
9.815455,30,1012.202941
4.023333,139,1013.588081
-6.233788,144,1015.137948
9.640909,45,1015.766285
-10.643788,144,1017.776284
10.806667,3,1017.809578
10.285556,27,1018.152366
-6.723788,144,1019.868058
-6.233788,144,1021.593683
-7.451061,144,1027.697395
9.005606,68,1028.571096
10.299444,11,1028.706415
8.941364,36,1029.15863
10.661667,1,1029.172199
11.063333,5,1029.236704
9.249697,50,1029.851743
10.611061,52,1030.535152
-9.102879,144,1032.337233
8.949697,61,1033.132822
6.072576,104,1034.444494
10.352857,11,1034.576279
9.971364,26,1034.894587
-4.945606,144,1036.75695
8.233333,81,1037.790417
10.413788,44,1038.35047
7.858636,113,1039.748711
7.923333,94,1045.393464
4.753182,135,1047.232376
10.074394,26,1047.555096
10.934444,13,1047.725925
10.385758,42,1048.22869
11.323333,2,1048.252954
10.523333,2,1048.278279
11.661667,1,1048.291614
10.281515,27,1048.620807
9.289091,30,1049.323623
10.365606,41,1049.855733
10.929286,8,1049.953839
7.732576,66,1050.795472
7.002576,65,1051.689798
9.90803,34,1052.117925
-7.973939,144,1053.839827
9.99,2,1053.866231
-8.76697,144,1055.722455
1.929697,142,1057.620283
10.985,3,1057.661326
7.509091,61,1062.779991
10.294394,31,1063.178186
10.435758,32,1063.594214
7.254394,51,1064.228181
8.916818,61,1064.988791
9.008485,74,1065.924359
7.206061,92,1067.103893
10.053788,18,1067.339845
8.409091,59,1068.10256
7.266212,85,1069.1623
10.90803,30,1069.573239
11.010556,9,1069.690437
7.252727,69,1070.55752
10.388182,28,1070.907462
9.723788,35,1071.340136
10.661667,1,1071.353387
10.310909,58,1072.083371
10.181111,8,1072.187595
11.661667,1,1072.200914
10.141667,7,1072.291651
9.74,3,1072.334321
7.659242,67,1073.178667
9.496818,43,1073.734264
10.473788,32,1074.153512
7.848485,61,1075.181672
10.21,20,1075.547852
7.088485,66,1080.854712
11.745,2,1080.878686
10.090909,53,1081.56365
10.585,3,1081.607158
7.653333,99,1082.867859
5.193788,108,1084.256628
11.535,4,1084.308013
7.906212,104,1085.653707
10.539091,25,1085.968719
9.666818,58,1086.721483
7.870909,56,1087.433805
9.529697,43,1088.014683
8.910909,93,1089.241436
10.395,23,1089.543988
6.395606,100,1090.849218
7.177879,85,1091.927907
10.558889,17,1092.154514
8.774394,41,1092.684185
9.090303,45,1093.253467
9.609697,27,1093.610507
9.360909,52,1098.653919
10.329091,18,1098.873762
9.776818,36,1099.381164
10.412727,25,1099.701881
11.323333,2,1099.729582
8.597879,46,1100.329519
9.75,1,1100.343317
10.160303,27,1100.691434
8.890909,48,1101.304344
7.959091,51,1101.951186
9.699697,58,1102.705463
9.756061,23,1103.013471
8.744394,47,1103.627171
10.263333,18,1104.230526
9.588636,39,1104.784617
11.58,4,1104.839667
9.534394,36,1105.306391
10.272121,41,1105.943381
9.66803,33,1106.421914
9.327273,35,1106.886507
9.680909,37,1107.366931
6.124394,81,1108.402362
9.356818,31,1108.807332
7.717879,75,1109.770689
9.379697,24,1110.083549
6.850909,64,1110.930594
6.332576,101,1116.984342
10.985714,11,1117.152588
8.963788,40,1117.788787
10.135,26,1118.132499
9.294394,35,1118.587191
9.905606,35,1119.047062
9.136212,54,1119.744866
10.585,3,1119.784173
6.780303,66,1120.61463
8.700303,74,1121.571357
6.053788,83,1122.775718
9.020909,71,1123.712642
11.142727,26,1124.060744
8.55803,59,1124.824273
9.687778,22,1125.109952
8.370909,54,1125.822588
8.468939,42,1126.61973
11.458333,6,1126.697038
9.340303,44,1127.256555
8.975,62,1128.020542
7.347879,51,1128.672008
9.832121,31,1129.060057
10.610455,40,1129.576182
8.859091,67,1136.875294
10.656667,2,1136.914421
9.840303,42,1137.649339
9.960758,25,1138.08001
8.995606,70,1139.264266
10.661667,1,1139.283418
9.973182,22,1139.664273
10.587143,5,1139.755028
8.941515,50,1140.569816
9.687879,24,1140.919791
9.342727,43,1141.665096
9.403333,43,1142.4157
8.313182,60,1143.4566
9.99,2,1143.493829
10.794545,34,1144.094149
9.539697,41,1144.812497
6.182576,82,1146.242661
9.06197,33,1146.81409
10.610303,35,1147.437357
10.812143,9,1147.593591
10.31697,31,1148.137287
10.586818,21,1148.501363
10.289697,38,1149.170197
9.779697,42,1149.920004
11.332143,5,1150.015776
10.758636,23,1150.424826
8.859697,79,1151.796103
10.150556,23,1152.204753
10.254091,33,1152.965063
9.75,1,1152.978499
8.187424,72,1153.900027
10.781515,25,1154.220387
8.436212,47,1159.213597
9.041667,31,1159.619933
10.783333,12,1159.773466
11.323333,2,1159.800727
10.857424,28,1160.15882
9.559697,37,1160.63872
10.476212,31,1161.044843
11.323333,2,1161.072495
9.585,38,1161.556669
10.054394,30,1161.949028
9.99,2,1161.975439
10.427273,11,1162.116382
9.932778,24,1162.42123
7.246212,89,1163.569272
10.185606,28,1163.923663
10.079697,31,1164.327398
9.815,41,1164.876301
10.78,4,1164.926878
10.897424,20,1165.188265
8.977273,56,1166.010159
10.822143,7,1166.100377
10.659697,13,1166.271367
9.976818,45,1166.912833
9.501364,31,1167.314836
10.263788,25,1167.642995
10.608333,16,1167.852636
10.78,4,1167.90627
10.536818,31,1168.312278
9.059242,81,1169.366585
9.335,39,1169.85903
9.460556,25,1170.175634
9.970909,28,1170.541288
10.763333,16,1170.746226
8.702778,25,1171.061665
10.056667,24,1171.374536
8.997273,52,1172.456019
11.052143,12,1177.119638
9.77197,38,1177.807988
10.104394,20,1178.086533
10.5,11,1178.240281
10.835,33,1178.693668
10.152727,28,1179.056159
10.233182,19,1179.430826
10.182576,17,1179.649746
8.976818,49,1180.28461
10.062143,12,1180.450447
7.874394,74,1181.422441
7.296212,79,1182.602593
10.200909,31,1183.032154
9.822121,33,1183.503696
9.870303,36,1183.955105
9.380152,31,1184.432962
10.975,5,1184.531034
9.642576,27,1184.906001
5.963182,89,1186.380108
9.622576,31,1186.969124
8.949091,49,1187.544202
11.086818,19,1187.739907
10.585,3,1187.772826
9.716212,36,1188.131499
8.979091,43,1188.620768
9.180758,34,1189.011188
11.745,2,1189.035463
8.929091,53,1189.651824
9.703182,27,1189.98217
10.631667,7,1190.073533
10.71803,19,1190.3228
10.569091,19,1190.5776
9.99,2,1190.604089
10.528485,15,1190.807244
11.253333,16,1191.00951
9.037879,56,1196.50158
9.493788,32,1196.911452
10.980909,22,1197.203465
10.656667,2,1197.230392
10.546818,29,1197.608244
8.653182,41,1198.153116
7.411515,62,1198.969673
10.352857,11,1199.108217
10.491515,34,1199.53065
10.005556,12,1199.691426
9.707879,20,1199.949794
9.486818,45,1200.491958
10.006818,39,1200.95224
10.434286,7,1201.038055
11.313333,4,1201.084242
10.086818,23,1201.379112
9.784394,35,1201.816799
10.246212,28,1202.144428
9.980556,19,1202.389497
9.561364,19,1202.639761
10.932381,4,1202.693459
10.79,2,1202.719867
11.323333,2,1202.74852
9.325606,53,1203.460536
10.600303,37,1203.947076
10.37803,38,1204.457995
10.203182,25,1204.789476
10.367424,28,1205.257833
10.39,2,1205.297675
9.019697,47,1206.090146
9.736818,44,1206.865656
9.979697,51,1207.767325
10.450909,30,1208.294905
9.749091,36,1208.872147
9.887273,21,1209.237386
10.812857,17,1209.497154
9.037273,44,1210.266141
10.662381,9,1210.422361
10.677222,9,1216.702227
9.931515,48,1217.568015
10.281515,27,1218.044449
9.336667,21,1218.403822
9.547143,17,1218.688694
10.839697,26,1219.146866
10.539091,25,1219.607645
9.423182,34,1220.187727
7.400909,52,1221.089053
8.390303,38,1222.057367
10.239242,41,1222.761657
9.64,27,1223.232141
8.540303,57,1224.226611
9.832121,31,1224.777535
9.855152,38,1225.441636
7.309697,46,1226.283992
10.869697,20,1226.625391
9.809848,41,1227.314676
9.992778,19,1227.647294
8.625606,46,1228.459235
10.268485,18,1228.770107
9.645,26,1229.223794
9.359697,28,1229.715287
11.061515,18,1230.039446
10.362121,23,1230.4547
11.651667,3,1230.505037
10.833788,9,1230.669342
10.96803,18,1230.993036
10.523333,2,1231.029006
10.993333,19,1231.363797
9.41803,34,1231.966488
8.353788,64,1233.09116
10.311515,21,1233.449429
10.559091,21,1233.770529
10.655,20,1234.065111
10.980909,22,1234.479157
9.309697,38,1241.451861
9.606667,16,1241.734733
9.355,35,1242.334336
10.417273,13,1242.550227
10.432727,21,1242.919359
9.42803,32,1243.47208
9.493788,32,1244.265491
10.433333,33,1244.70946
9.009697,49,1245.355878
10.787143,14,1245.537215
10.328333,1,1245.551906
11.323333,2,1245.581448
10.657727,25,1245.931918
11.115,8,1246.041522
9.446212,41,1246.578698
10.208485,30,1246.980019
10.059091,23,1247.279007
10.606818,17,1247.535778
9.446212,41,1248.096706
9.577424,39,1248.70415
9.815152,46,1249.52544
9.806818,30,1250.085098
9.75,1,1250.102772
10.256212,26,1250.555057
11.421667,9,1250.716062
10.39,2,1250.750152
11.323333,2,1250.785186
8.434394,60,1251.88933
10.541515,24,1252.365344
10.78,4,1252.438806
10.78,4,1252.508579
9.74,3,1252.561449
9.251515,37,1253.763494
9.889697,20,1254.067542
10.195,1,1254.101874
10.492222,39,1254.648507
11.401667,4,1254.704023
10.572121,30,1255.097389
8.128485,54,1255.812247
9.999091,35,1256.366419
9.733333,26,1256.694583
10.985,3,1256.734138
9.430303,26,1257.072092
10.751905,2,1257.095162
9.673182,33,1257.527224
10.77,6,1257.603796
10.661667,1,1257.620562
11.079242,20,1262.160342
9.92,20,1262.432371
9.81197,30,1262.821881
10.336667,17,1263.045992
11.995,1,1263.0607
9.355,26,1263.393978
9.647424,25,1263.726664
10.432727,21,1264.004124
10.297143,14,1264.181758
9.67,30,1264.569542
10.248485,22,1264.858308
10.240909,23,1265.156811
10.193095,13,1265.319161
10.084394,24,1265.631588
9.326818,28,1265.983533
10.743788,27,1266.333074
10.579697,29,1266.714577
10.985,3,1266.754183
11.31,9,1266.870249
10.645,13,1267.051007
10.337273,29,1267.434811
9.263636,24,1267.74642
10.912381,8,1267.855013
9.469091,43,1268.454311
10.435,15,1268.642972
10.645,22,1268.932401
10.475,7,1269.021838
10.165606,32,1269.45746
10.518485,17,1269.674305
10.117424,29,1270.378716
7.975,66,1271.232381
10.266818,36,1271.699482
8.817273,39,1272.184508
10.656667,2,1272.211032
9.869697,24,1272.521071
10.828889,12,1272.678852
10.175606,30,1273.064069
9.817273,35,1273.524931
10.390303,30,1273.913315
10.660303,25,1274.240603
10.690303,19,1274.496094
10.114545,23,1274.789977
9.75,1,1274.803549
10.543889,22,1275.085758
11.995,1,1275.099087
11.651667,3,1275.13999
11.995,1,1275.15437
10.680909,33,1275.602333
10.147879,30,1280.363708
9.61803,43,1280.920276
10.882121,17,1281.151117
10.687879,20,1281.417208
10.516212,23,1281.719358
8.809697,40,1282.237974
9.754394,41,1282.776439
10.380303,32,1283.192663
10.864091,9,1283.314032
10.566667,20,1283.573872
10.975,5,1283.644286
10.60197,19,1283.89438
10.266818,36,1284.371994
10.677273,10,1284.509662
10.661667,1,1284.523976
10.723333,24,1284.845501
10.661667,1,1284.858834
10.367424,28,1285.233661
11.039242,28,1285.608094
10.319697,32,1286.099519
11.995,1,1286.11758
10.334394,23,1286.437252
10.812121,31,1286.851912
10.685,14,1287.033142
9.587879,44,1287.74314
8.93,31,1288.167811
9.448636,40,1288.702754
9.99,2,1288.730749
8.945,19,1288.976988
10.253788,27,1289.516764
10.51,9,1289.632752
10.331364,12,1289.798101
10.284394,33,1290.246631
10.286667,27,1290.599833
10.279091,28,1290.942192
10.163333,38,1291.430824
9.990909,24,1291.754213
10.773939,26,1292.096465
10.193182,27,1292.444137
11.171667,10,1292.576974
9.976818,45,1293.158227
10.750909,19,1293.399854
10.124394,16,1293.608615
10.514545,41,1298.677005
10.748485,20,1298.946635
10.185,14,1299.127621
10.932727,19,1299.384339
10.258485,20,1299.644115
10.661111,10,1299.781959
10.178485,36,1300.267032
10.730909,23,1300.592483
10.529091,27,1300.950578
10.422727,23,1301.273563
9.754394,41,1301.823141
11.334545,24,1302.148735
9.74,3,1302.188059
10.324394,25,1302.531681
9.867879,37,1303.024356
10.137879,32,1303.460448
10.084394,24,1303.788222
10.932381,4,1303.84787
10.384394,13,1304.0094
10.246061,23,1304.326357
10.543939,23,1304.634203
10.187879,22,1304.9332
9.652727,30,1305.331446
10.695606,24,1305.663745
9.804394,31,1306.075511
10.743788,27,1306.438356
10.579697,29,1306.848584
11.165,7,1306.944679
10.259091,32,1307.699725
10.715606,20,1307.966115
10.756667,13,1308.14009
10.213182,23,1308.447324
8.51803,67,1309.324263
10.130303,33,1309.766325
10.594091,14,1309.954887
10.213182,23,1310.261419
10.260758,14,1310.462486
10.918333,3,1310.503357
11.106818,15,1310.695586
10.672576,17,1310.929081
10.735,4,1310.984028
10.207778,16,1311.198414
9.99,2,1311.225888
10.262121,43,1311.800639
10.943095,10,1311.931766
9.438485,37,1312.44396
10.627273,20,1317.269242
7.246667,47,1318.069684
9.573333,9,1318.18344
9.517273,46,1319.004845
10.701061,34,1319.766245
11.046212,15,1319.979864
9.930909,36,1320.471158
10.651667,3,1320.513111
9.651667,11,1320.655393
10.291515,25,1320.992997
10.205606,24,1321.314802
11.253333,16,1321.524586
11.303333,6,1321.609658
10.728636,29,1322.002118
9.947879,21,1322.299873
10.089697,29,1322.688093
10.316818,26,1323.035589
10.657273,14,1323.230598
10.875,25,1323.561233
10.324394,25,1323.876603
10.365,7,1323.969413
10.282778,23,1324.27529
9.556818,31,1324.676596
10.311515,21,1324.955799
10.905,19,1325.212894
10.614394,16,1325.433992
10.985,3,1325.473713
11.995,1,1325.4882
10.198485,32,1325.920627
9.811515,23,1326.233282
10.793788,17,1326.473624
10.829091,16,1326.693007
10.662576,19,1326.946974
10.802143,11,1327.096432
11.092121,24,1327.676114
10.998636,24,1328.078139
11.365,7,1328.174318
9.493182,20,1328.440118
10.143182,37,1328.945286
9.936212,41,1329.494705
10.713333,26,1329.849195
10.740909,21,1330.12886
10.687879,20,1330.405806
10.551429,4,1330.459483
9.950303,20,1330.722035
10.501515,32,1331.149861
10.579091,17,1331.3668
10.079697,31,1331.772268
10.228485,26,1336.436244
9.99,2,1336.461623
9.993788,30,1336.874018
9.796818,32,1337.297135
10.665606,30,1337.700723
10.548485,11,1337.8536
10.319091,20,1338.121282
10.366667,11,1338.271846
11.101515,10,1338.404332
9.418485,41,1338.954838
10.230455,27,1339.303394
10.564394,26,1339.653822
11.086818,19,1339.914844
9.827273,33,1340.355698
10.041429,8,1340.449506
10.76,8,1340.5532
9.632576,29,1340.938869
10.557857,17,1341.166686
11.995,1,1341.181321
10.975714,13,1341.359153
9.898182,28,1341.736272
10.486667,18,1341.984556
10.64197,11,1342.133304
9.99,2,1342.15882
10.374394,15,1342.364796
10.740909,21,1342.649662
10.362857,9,1342.755514
9.783788,23,1343.021463
9.75,1,1343.033258
9.99,2,1343.056853
8.998485,27,1343.413593
10.975,5,1343.479966
10.571515,18,1343.711985
10.609091,11,1343.843527
10.976212,29,1344.201581
11.995,1,1344.216183
10.705606,22,1344.517802
11.019242,32,1344.939106
10.172576,19,1345.196441
10.824394,23,1345.594597
6.982051,125,1347.295174
-9.986923,169,1350.585898
10.847179,30,1356.610694
8.679872,31,1356.946443
10.263333,18,1357.152628
9.764359,46,1357.753828
9.955641,67,1358.635029
8.06141,100,1359.925027
11.455,9,1360.040211
7.766282,118,1361.587664
11.18,4,1361.64458
10.709231,12,1361.80787
8.354359,83,1362.906855
10.713889,17,1363.131362
10.215,8,1363.234751
8.635641,86,1364.32897
10.213462,16,1364.532776
9.551795,68,1365.436905
8.309231,51,1366.098336
11.995,1,1366.112697
9.737564,28,1366.479469
10.262619,10,1366.609113
10.915,8,1366.71189
9.182436,49,1367.346944
11.249444,30,1367.741186
9.885,27,1368.086498
7.658846,62,1368.885177
6.084359,145,1375.016862
10.300769,39,1375.535789
10.852051,37,1376.035678
10.605909,17,1376.251722
9.019487,40,1377.002699
10.995,1,1377.017728
9.983718,46,1377.983468
9.019231,56,1378.714164
9.664744,38,1379.235861
9.242051,65,1380.097144
10.719487,43,1380.660805
8.421795,49,1381.306342
10.893571,9,1381.42284
9.449231,19,1381.67485
8.296282,61,1382.567391
9.85859,30,1382.985008
10.918333,3,1383.026603
9.258205,31,1383.423765
10.646667,4,1383.475512
9.645385,47,1384.112972
10.812436,17,1384.344709
10.655641,25,1384.684996
10.487778,9,1384.802543
11.233333,20,1385.074491
10.90141,22,1385.373126
10.131154,45,1385.969873
9.496026,33,1386.380443
10.417222,12,1386.534269
10.599872,39,1387.053045
8.941154,87,1388.210776
10.291429,7,1392.864205
10.119872,37,1393.360263
10.583333,52,1394.065406
10.803718,29,1394.466316
9.504615,82,1395.576607
9.831795,61,1396.291778
9.292051,55,1396.96576
11.126667,10,1397.091577
11.193095,9,1397.216285
10.504359,45,1397.816256
10.169872,27,1398.169613
11.016667,10,1398.302575
8.265,57,1399.038489
10.091795,58,1399.811744
8.947949,60,1400.623083
10.466282,19,1400.877745
10.674444,16,1401.08583
9.566282,52,1402.173938
10.140909,43,1402.756901
10.46119,3,1402.79466
6.435,80,1403.849864
10.486667,18,1404.090343
10.238846,36,1404.567784
6.825641,56,1405.295668
11.437821,15,1405.505652
9.968846,41,1406.046926
7.757949,53,1412.08201
8.792436,29,1412.467103
10.219487,45,1413.054266
10.477222,11,1413.207936
9.75,1,1413.221669
10.307179,40,1413.715539
10.684286,6,1413.791899
10.427564,37,1414.228994
11.213974,29,1414.631164
9.888571,10,1414.774588
10.273077,32,1415.181212
10.480513,19,1415.442125
11.018205,22,1415.721792
10.107308,19,1415.96402
10.328333,1,1415.976635
9.533718,38,1416.558319
9.795,45,1417.16526
9.777949,41,1417.663441
10.541795,17,1417.890916
9.803718,33,1418.328867
11.995,1,1418.343416
9.04141,51,1419.013837
11.293333,8,1419.116883
11.384444,12,1419.279819
9.806282,53,1419.986345
10.190128,56,1420.737003
9.732436,37,1421.228417
11.323333,2,1421.255538
10.313718,29,1421.634352
9.825,39,1422.140715
10.328333,1,1422.155101
7.998205,87,1423.620622
11.212778,13,1423.796284
10.655,20,1424.058486
10.686923,29,1424.448658
10.204359,56,1425.183971
8.423718,64,1430.345309
9.65859,21,1430.617388
10.371795,51,1431.29983
10.761795,22,1431.596409
7.477564,88,1432.749925
11.049487,26,1433.09289
10.875,16,1433.302543
9.792436,25,1433.634267
10.428636,18,1433.879765
9.739231,59,1434.669629
10.815897,26,1435.019137
10.14859,21,1435.300174
9.896282,35,1435.746863
8.351154,58,1436.463027
9.091154,57,1437.233346
10.209872,19,1437.507087
9.126282,42,1438.05405
10.585,3,1438.093976
10.317949,31,1438.500145
11.183333,30,1438.880464
9.99,2,1438.904463
10.188205,41,1439.444229
10.294359,38,1439.957433
10.744615,30,1440.34495
8.856282,47,1440.949763
9.636923,43,1441.522398
8.821154,62,1442.340638
10.428636,18,1442.577483
10.948182,14,1442.81468
11.135,13,1443.078207
10.043077,29,1443.756867
10.79,2,1443.783826
10.305,41,1448.864033
10.392051,31,1449.273959
10.661667,1,1449.292267
10.082692,49,1449.939507
9.728333,23,1450.252916
8.140769,79,1451.289662
9.882821,28,1451.678011
9.579231,42,1452.236967
9.717564,32,1452.702465
11.323333,2,1452.729186
9.965385,32,1453.154409
10.375,18,1453.390795
10.610769,26,1453.748011
10.685641,19,1454.005627
9.431795,43,1454.596756
10.661667,1,1454.609726
9.496667,38,1455.107173
10.36141,32,1455.541027
10.864444,18,1455.7913
10.661667,1,1455.805006
10.885,23,1456.101639
10.835,33,1456.545285
10.49,13,1456.729528
8.406923,44,1457.277461
10.328333,1,1457.292433
11.651667,3,1457.335252
11.995,1,1457.349836
11.045556,22,1457.642278
9.830513,51,1458.307238
10.334091,17,1458.535957
8.94141,71,1459.433178
9.488846,39,1459.930994
10.456923,26,1460.270593
10.085,36,1460.754348
10.116282,40,1461.284553
10.476026,33,1461.726105
10.062436,20,1461.988237
8.960513,29,1466.83493
8.735256,45,1467.443264
10.979545,15,1467.764747
10.522619,7,1467.86723
10.904359,14,1468.071235
10.34859,30,1468.481519
10.313718,29,1469.218121
10.498205,28,1469.5973
9.82859,36,1470.093322
9.99,2,1470.121649
10.705606,22,1470.415629
10.317308,26,1470.769772
10.152381,13,1470.944655
9.274359,46,1471.561447
10.356282,41,1472.279413
10.918333,3,1472.334986
10.290128,36,1472.96699
10.213718,49,1473.836549
9.516282,62,1475.083864
10.604359,25,1475.534223
8.317308,34,1476.138325
11.033333,11,1476.335953
9.303718,35,1476.963969
10.263333,5,1477.034981
10.896923,36,1477.59689
10.659231,22,1477.901428
9.305641,50,1478.921649
10.186923,31,1479.330019
10.000128,45,1479.902499
10.661667,1,1479.916813
9.909872,30,1480.301388
10.858333,15,1480.507006
10.89,22,1480.808827
10.481154,24,1481.143796
10.502436,30,1481.524757
9.300769,43,1482.120476
10.789444,11,1482.272121
9.827308,26,1482.619067
10.742436,31,1487.436538
10.339615,9,1487.559788
10.769444,15,1487.759879
10.065641,45,1488.315221
11.303333,6,1488.400004
10.328333,1,1488.41407
10.643571,10,1488.546234
10.832857,13,1488.717762
10.636282,34,1489.175036
9.870769,27,1489.545061
9.465256,46,1490.16772
10.988846,33,1490.632987
9.75,1,1490.646676
10.793077,26,1490.997472
10.314359,34,1491.465073
11.323333,2,1491.4944
10.091154,53,1492.198426
10.254359,46,1492.797503
10.380128,18,1493.026094
10.28141,48,1493.682069
9.743077,40,1494.205944
10.366282,39,1494.727984
10.811795,12,1494.892651
11.193095,9,1495.017795
9.637564,48,1495.675545
10.572692,49,1496.335276
10.656667,2,1496.362896
10.720769,53,1497.079877
10.97,6,1497.164428
10.674286,8,1497.27244
11.233974,25,1497.981599
11.995,1,1497.993795
10.874359,20,1498.259045
10.279487,33,1498.758391
11.745,2,1498.800573
9.383974,52,1499.523963
10.449103,27,1499.877563
11.222051,12,1500.00963
10.511154,18,1500.215936
10.497564,23,1500.493231
11.026667,8,1500.588272
10.497564,23,1500.872818
10.222436,37,1505.645638
10.281818,11,1505.792389
9.685641,23,1506.105983
8.385909,20,1506.36615
11.125,6,1506.443624
10.159872,29,1506.824959
9.159872,33,1507.259562
11.995,1,1507.274193
11.005897,37,1507.829602
10.640769,20,1508.177119
11.039487,28,1508.558173
9.906282,33,1509.007738
10.200513,26,1509.354919
9.696923,31,1509.774458
11.365,7,1509.865816
10.343718,23,1510.178926
9.697564,36,1510.670921
9.034359,45,1511.310916
10.097308,21,1511.600981
11.013333,15,1511.816368
8.646923,45,1512.524322
10.370128,20,1512.809639
10.348889,10,1512.942027
11.085556,14,1513.131356
10.037308,33,1513.5711
10.854394,17,1513.805836
9.845,35,1514.259221
10.253718,41,1514.814139
11.995,1,1514.828718
10.694286,4,1514.881433
9.926923,34,1515.333665
10.661667,1,1515.348244
10.337949,27,1515.725314
10.46119,3,1515.763032
10.711905,10,1515.901067
10.663333,36,1516.371162
9.378205,56,1517.148818
10.686282,24,1517.481892
9.753718,43,1518.049356
10.733974,27,1518.420188
10.675,7,1518.517137
10.320897,23,1518.836633
11.19,2,1518.867745
10.809487,25,1519.324067
10.781795,18,1519.78953
10.958205,34,1526.552059
11.18,4,1526.62193
10.750714,7,1526.745946
10.721795,30,1527.237129
9.980128,49,1527.902521
10.771154,15,1528.198789
10.728205,31,1528.610938
10.666282,28,1528.968874
10.656923,35,1529.3974
11.121667,9,1529.508356
11.12141,27,1529.848838
10.326282,47,1530.425424
10.521795,21,1530.68032
9.520769,48,1531.269095
10.161154,39,1531.747626
10.823718,25,1532.091102
10.990909,20,1532.343833
10.258846,32,1532.768371
10.785897,32,1533.192017
11.342143,3,1533.236589
10.696923,27,1533.602012
10.916364,15,1533.794624
10.532727,19,1534.051288
10.666282,28,1534.436571
9.016667,36,1534.911372
11.175,5,1535.001277
9.64141,29,1535.468977
10.555,40,1536.005765
10.698846,42,1536.625248
10.695641,17,1536.850432
10.78,4,1536.903991
9.996538,48,1537.556257
9.882179,23,1537.880966
11.995,1,1537.894331
10.842692,44,1538.483433
11.072143,8,1538.584887
8.663333,44,1539.463459
10.667564,38,1539.989315
10.105641,37,1544.871425
11.069487,22,1545.179653
11.18141,15,1545.381659
11.323333,2,1545.407884
10.119231,32,1545.807091
10.009487,38,1546.263659
11.243333,18,1546.536733
10.186923,31,1547.11229
11.995,1,1547.132041
9.639872,35,1547.766219
10.508846,31,1548.325206
10.179872,25,1548.747653
10.231795,30,1549.24971
10.656667,2,1549.28553
10.915641,22,1549.692716
10.896818,17,1550.023932
10.152692,35,1550.677265
10.364359,24,1551.126074
10.518846,29,1551.661125
11.995,1,1551.680941
9.88859,24,1552.116172
10.419231,21,1552.55994
10.76,8,1552.732932
10.706923,25,1553.450539
10.79,2,1553.489598
10.451154,30,1554.049562
10.657949,12,1554.272327
10.204103,23,1554.78506
10.93,14,1555.032031
10.250513,16,1555.330872
10.023718,38,1556.023638
10.425641,22,1556.323315
10.914359,12,1556.485996
11.661667,1,1556.498267
8.346667,72,1557.641631
11.142051,28,1558.148267
10.543718,32,1558.712893
9.258205,31,1559.199076
9.950513,27,1559.674942
10.791795,16,1559.939236
10.965,7,1560.050608
10.661667,1,1560.070994
9.889444,15,1560.307085
10.637564,44,1561.056781
10.324359,32,1561.450987
10.79,2,1561.477231
10.726923,21,1561.742414
9.92,29,1562.091728
10.395,23,1566.686403
11.213333,24,1567.009702
10.017308,37,1567.49406
10.015641,55,1568.154128
10.778333,11,1568.300876
10.661667,1,1568.315325
11.323333,2,1568.342986
9.970513,23,1568.650575
10.750714,7,1568.746906
10.987564,23,1569.033261
10.328333,1,1569.045739
10.14141,27,1569.417038
10.89141,24,1569.744445
10.416282,29,1570.123549
9.392381,18,1570.36182
10.502436,30,1570.768327
10.680556,15,1570.964221
9.156923,41,1571.521297
10.419231,21,1571.803457
10.174444,18,1572.039434
11.091667,15,1572.24461
10.985,3,1572.287263
10.104359,27,1572.656395
10.12859,25,1573.346503
10.265,49,1574.084155
9.855,33,1574.517939
10.766667,11,1574.658851
10.505385,22,1574.955606
10.270909,17,1575.180394
11.661667,1,1575.194939
10.802436,19,1575.448001
10.438205,40,1575.976124
10.395,23,1576.285558
10.669286,11,1576.431778
11.20803,19,1576.720145
8.822051,51,1577.527052
10.860769,25,1577.88391
9.99,2,1577.912413
10.956923,24,1578.240514
10.830769,31,1578.678782
10.003077,37,1579.186344
9.99141,57,1579.987994
10.39,2,1580.014384
11.242692,13,1580.191672
10.32859,34,1580.639913
9.691795,40,1585.532663
11.165,7,1585.64761
9.334394,27,1586.104207
11.152051,26,1586.458857
10.301795,16,1586.671505
10.203974,35,1587.101988
9.92859,16,1587.293515
10.503718,40,1587.905034
10.273718,37,1588.389595
10.683333,32,1588.742718
10.276923,13,1588.973047
10.360952,4,1589.054505
10.525385,18,1589.252173
9.99,2,1589.273981
10.824359,30,1589.589905
10.761795,22,1589.854898
10.047949,36,1590.284851
11.385,3,1590.321291
10.203718,51,1590.936528
10.605455,19,1591.209651
9.941154,34,1591.663231
10.323077,22,1591.973614
10.780128,36,1592.841772
11.028846,25,1593.171077
10.655,20,1593.396456
9.813077,26,1593.688391
10.626282,36,1594.094877
10.326667,19,1594.262112
10.588889,11,1594.361365
10.768846,28,1594.623831
10.850128,22,1594.839369
10.214615,38,1595.197495
10.441795,37,1595.581657
9.951795,37,1596.203627
10.450513,25,1596.439064
10.691795,36,1596.773714
10.112179,26,1597.017628
10.661667,1,1597.028686
10.685641,19,1597.227422
10.793077,26,1597.506344
10.130897,12,1597.631074
10.915,8,1597.719322
10.271364,15,1597.928209
10.789444,11,1602.328405
11.441667,5,1602.386414
10.889697,16,1602.59969
11.112857,6,1602.66608
10.429872,24,1602.881179
10.883077,8,1602.9615
11.313333,4,1602.995173
10.830128,26,1603.288669
9.99,2,1603.31075
10.963333,25,1603.558581
10.372051,35,1603.938601
10.656667,2,1603.95721
9.969444,28,1604.261129
9.787949,39,1604.700875
10.623718,16,1604.876724
9.884359,22,1605.121212
11.58,4,1605.166729
10.548462,51,1605.638134
9.815,10,1605.725759
10.884359,18,1605.939236
10.298846,24,1606.168585
10.017308,37,1606.542168
10.201795,36,1606.851057
10.935,13,1606.979451
10.310769,37,1607.318787
10.996923,16,1607.444097
11.193974,33,1607.733733
10.603718,20,1607.932974
9.99,2,1607.955621
10.995,1,1607.965755
10.832857,13,1608.100068
10.251795,26,1608.405394
10.040128,37,1608.817941
10.892051,29,1609.142193
10.609697,23,1609.449303
10.752619,10,1609.597866
10.549487,28,1609.907037
10.543182,15,1610.072751
9.443077,51,1610.691594
11.061515,18,1610.890483
9.940513,29,1611.23687
9.773718,39,1611.959666
10.965641,12,1612.070566
10.15859,19,1612.2761
11.58,4,1612.319155
11.233974,25,1612.567177
10.509444,18,1612.736797
10.954615,37,1613.115101
10.461154,28,1618.217698
10.661667,1,1618.227535
9.83141,40,1618.601553
10.324359,32,1618.900218
10.484615,33,1619.212028
10.180714,23,1619.424662
10.975,5,1619.478864
10.641667,5,1619.516776
10.918333,3,1619.541507
11.995,1,1619.554058
11.242692,13,1619.669376
10.701154,29,1619.943592
10.926923,30,1620.24219
10.067949,32,1620.564844
10.343077,18,1620.867151
10.802436,19,1621.04968
10.853571,15,1621.205152
11.135,4,1621.243088
10.492436,32,1621.553451
10.473974,30,1621.842387
10.128333,1,1621.855636
10.849487,17,1622.017358
10.812436,17,1622.154192
10.089487,22,1622.33339
9.840256,16,1622.494731
10.862692,40,1622.896117
10.013718,40,1623.309419
10.559487,26,1623.57736
10.092436,14,1623.714657
10.661667,1,1623.726897
10.975,5,1623.778373
10.537179,43,1624.223745
10.96,8,1624.301057
10.404359,16,1624.455172
10.843718,21,1624.635153
10.244103,15,1624.780792
10.79,2,1624.796779
10.583077,19,1624.951098
11.010128,39,1625.302543
10.293718,33,1625.568057
9.75,1,1625.577344
10.727564,26,1625.833477
9.951154,32,1626.145767
10.191795,38,1626.598011
10.661667,1,1626.60782
9.951154,32,1626.970469
11.995,1,1626.983293
10.585,34,1627.37701
10.708205,35,1627.765964
10.922051,23,1628.030693
9.853718,23,1628.380086
10.644359,17,1634.718418
11.24381,7,1634.822217
11.026923,10,1634.981601
10.439872,22,1635.326116
10.729872,13,1635.532338
10.571364,13,1635.739064
10.896282,31,1636.236352
10.863718,17,1636.509686
10.145641,29,1636.979283
9.461154,32,1637.482917
10.529487,32,1638.121377
10.625,26,1638.853679
10.883571,9,1639.008856
9.132576,31,1639.603455
10.832436,13,1639.841475
10.855556,11,1640.03231
10.820128,28,1640.540342
10.976282,15,1640.818602
9.75,1,1640.835156
11.995,1,1640.852666
11.385,3,1640.907854
10.319872,46,1641.747923
9.842436,15,1642.029079
10.955641,14,1642.232708
10.297308,30,1642.691783
10.726282,16,1642.975103
10.251154,21,1643.331872
10.266429,14,1643.581476
10.075641,43,1644.330141
10.955641,14,1644.59612
10.764615,26,1645.062739
10.426923,32,1645.635906
10.935,13,1645.873042
9.189872,27,1646.357307
11.378571,10,1646.535869
11.445,11,1646.744453
10.65803,31,1647.308481
10.987564,23,1647.739908
9.907949,15,1648.039616
10.446923,28,1648.550824
10.303788,17,1648.816069
10.875,25,1649.277916
10.781154,13,1649.671063
10.604359,25,1650.051341
11.032273,19,1650.310283
10.815641,42,1650.879323
10.895641,26,1651.22466
10.731154,23,1651.542498
10.853718,19,1651.806044
11.995,1,1651.819376
10.853718,19,1652.25072
10.491795,27,1657.384505
11.121667,9,1657.509105
10.801795,14,1657.707572
11.130769,20,1658.005751
10.563718,28,1658.383899
10.450513,25,1658.733297
10.818846,18,1658.976605
10.957564,29,1659.385673
10.922381,6,1659.471693
10.675641,21,1659.762029
11.995,1,1659.775674
10.256667,2,1659.802871
10.751154,19,1660.059037
10.815256,21,1660.353762
10.455,13,1660.527071
10.442576,14,1660.709658
10.752436,29,1661.110275
10.936282,23,1661.421108
9.754615,32,1661.869288
10.531429,8,1661.980486
10.685641,19,1662.242817
10.553077,25,1662.585582
10.620769,24,1662.907501
10.600128,23,1663.218935
10.586282,44,1663.824044
10.792436,21,1664.112798
10.927564,35,1664.589237
11.026667,8,1664.698706
10.481795,29,1665.094021
10.166282,30,1665.496816
10.661667,1,1665.511272
10.449231,15,1665.726689
11.252692,11,1665.895537
11.122857,4,1665.951436
9.696923,31,1666.374595
10.178205,43,1666.969002
11.19,2,1666.99566
10.525256,30,1667.403602
10.893571,7,1667.50089
9.610769,30,1667.904986
10.852857,9,1668.0239
10.759487,35,1668.504541
11.365,7,1668.592258
10.133333,44,1669.130586
11.995,1,1669.143807
10.014359,45,1669.729594
8.298333,17,1669.957875
10.635,24,1670.320976
10.633718,14,1670.517054
10.803718,29,1670.908552
9.520128,43,1675.93738
10.811795,12,1676.091752
11.651667,3,1676.132512
10.656667,2,1676.162587
10.657949,12,1676.329453
11.175,5,1676.399037
11.323333,2,1676.429242
10.631667,7,1676.523971
11.089487,18,1676.774436
11.124444,15,1677.277477
10.584945,45,1677.875739
10.94,12,1678.027861
10.543077,27,1678.370358
6.413791,126,1679.979045
-4.892253,196,1682.592349
8.609121,62,1683.368627
10.989545,13,1683.546797
10.391667,6,1683.624151
10.827033,28,1683.986829
7.390989,87,1685.114331
11.395,1,1685.127528
-4.656264,196,1687.665596
8.599341,167,1694.3157
10.620989,29,1694.685149
5.158901,110,1696.097704
8.879121,57,1696.867755
10.384011,23,1697.172875
10.453889,7,1697.267782
10.080275,31,1697.672061
6.189835,113,1699.148004
8.193791,113,1700.611886
9.895879,49,1701.264487
-10.807363,171,1703.412205
8.157967,85,1704.573848
4.847967,159,1706.665377
8.432857,101,1712.957483
11.995,1,1712.972136
10.525165,13,1713.286564
9.923791,61,1714.124147
9.378187,42,1714.691933
9.291209,104,1716.090513
5.875165,159,1718.213439
10.061923,56,1719.003234
7.975659,134,1720.733584
9.128901,100,1722.058108
10.016813,87,1723.233168
10.818681,51,1723.886992
7.933077,59,1724.673449
11.313333,4,1724.729484
8.133297,73,1725.696416
11.17,6,1725.774348
10.541209,50,1730.746866
10.606593,62,1731.582432
10.277527,92,1732.82872
10.912381,8,1732.940253
10.455165,27,1733.304185
11.175,5,1733.367607
9.99,2,1733.39498
10.583791,27,1733.755307
7.771209,114,1735.294841
10.990556,13,1735.4668
11.191667,6,1735.548782
9.919835,53,1736.289716
10.340769,31,1736.713826
10.524011,44,1737.338169
10.952857,38,1737.860286
10.650989,23,1738.172493
8.540055,40,1739.054072
11.323333,2,1739.085913
10.210769,57,1739.862955
8.533571,89,1741.319813
10.197967,69,1742.260487
10.585,3,1742.30546
10.771795,20,1742.573563
8.820989,46,1743.182384
10.479835,39,1743.710433
7.919121,102,1749.436225
5.695879,154,1751.490603
10.740055,41,1752.038558
9.124231,133,1753.833295
10.375659,95,1755.1205
10.644231,25,1755.452254
9.332143,60,1756.252295
10.560989,41,1756.810677
9.800055,33,1757.263103
9.876319,63,1758.112911
10.220989,60,1758.931457
9.343791,79,1759.978623
11.431667,7,1760.072546
9.071209,50,1760.732506
9.569121,66,1761.554629
10.944359,6,1761.632888
10.384231,28,1762.01217
9.674945,31,1762.414215
10.923095,14,1762.605836
9.99,2,1762.633834
7.666099,108,1768.424946
8.150055,69,1769.772536
9.685165,34,1770.256404
10.415641,24,1770.640304
10.576099,16,1770.855261
8.762143,125,1772.601756
10.745606,14,1772.793778
11.323333,2,1772.821764
10.712857,37,1773.331146
10.102143,53,1774.071338
10.832143,5,1774.141543
10.552727,15,1774.342706
10.034011,44,1774.954515
10.958182,12,1775.11756
10.370989,30,1775.518784
10.180769,63,1776.371248
10.119835,62,1777.310726
10.892051,29,1777.741365
8.735879,134,1780.156429
11.441667,5,1780.248521
10.985,3,1780.304673
10.160055,59,1781.343477
10.861703,38,1782.001454
10.303297,31,1782.557193
10.79,2,1782.592188
10.758485,18,1782.918072
9.974945,20,1789.694189
10.783571,31,1790.253945
9.102857,65,1791.424527
9.992857,34,1792.047087
9.478407,27,1792.538158
10.600769,28,1793.031187
9.975879,33,1793.619719
10.78,4,1793.69394
10.444231,16,1793.99122
10.208901,31,1794.555072
10.773788,21,1794.927733
10.178187,29,1795.464656
9.655879,48,1796.32199
10.396818,19,1796.659249
9.619341,61,1797.75025
9.900989,26,1798.207721
10.75,10,1798.391784
10.594011,30,1798.922008
9.667253,69,1800.176671
10.054231,45,1801.022388
10.688901,33,1801.629178
10.912381,8,1801.774603
9.899121,49,1802.648462
10.574011,34,1803.264896
9.850989,36,1803.898939
10.550055,30,1804.429746
10.135165,42,1805.170119
10.688187,25,1805.62826
10.483571,42,1806.378942
10.142637,48,1807.249654
10.53,5,1807.333822
10.514231,51,1814.305567
10.811923,53,1815.383904
10.385,3,1815.42932
11.280549,34,1815.901721
9.456099,44,1816.494766
10.998901,20,1816.765806
10.637033,17,1817.015549
9.592582,18,1817.25747
10.536099,24,1817.589679
10.518846,29,1818.000006
10.290055,33,1818.447139
10.365165,45,1819.061669
10.280275,40,1819.606542
9.113791,76,1820.568404
10.562222,12,1820.731838
10.870769,23,1821.046663
10.113516,25,1821.382787
9.500275,49,1822.053612
10.529121,21,1822.341234
9.99,2,1822.371597
10.174011,16,1822.581619
10.236099,35,1823.056282
9.503791,47,1823.69953
11.102857,8,1823.81562
10.659835,52,1824.530701
9.772436,29,1824.920982
10.485,5,1824.985669
10.314011,37,1825.487414
10.936923,28,1825.872868
8.840989,42,1826.429698
10.975,5,1826.488499
9.385879,53,1827.190535
10.195,1,1827.205126
10.360275,24,1827.536986
10.544945,53,1832.939558
10.277967,53,1833.66868
10.282143,17,1833.902022
10.094011,32,1834.363607
10.480758,19,1834.622912
10.154231,25,1835.233609
10.347033,26,1835.589722
10.749121,26,1835.952283
9.627473,33,1836.402622
10.840055,21,1836.704509
10.127473,31,1837.14029
10.280055,35,1837.831721
10.328333,1,1837.846624
10.047033,37,1838.370435
10.661667,1,1838.38394
10.613571,65,1839.276736
10.540989,45,1839.910599
10.661209,26,1840.256911
10.651667,3,1840.297237
11.073333,3,1840.335031
10.721905,8,1840.452595
10.313077,24,1840.78841
10.789121,18,1841.034315
10.247033,46,1841.670602
10.281703,56,1842.433625
9.927967,25,1843.012164
10.995,1,1843.027449
11.995,1,1843.040884
10.276319,32,1843.484879
10.498901,22,1843.792161
10.600055,20,1844.063985
10.648681,36,1844.566994
10.551703,51,1845.272994
10.462778,16,1845.486605
10.595,1,1845.500071
10.285165,61,1846.27162
9.682637,42,1846.867011
10.895,12,1847.092928
10.010275,45,1847.721166
9.496813,44,1852.758924
9.611209,40,1854.010132
10.688901,33,1854.474577
9.410055,62,1855.356593
10.476099,36,1855.857137
10.657033,62,1856.709383
9.597967,42,1857.285431
11.050769,36,1857.764531
10.223791,50,1858.428138
10.847747,32,1858.838606
10.614725,34,1859.266447
10.110989,33,1859.718992
10.343718,23,1860.026672
11.185,3,1860.065312
10.884945,34,1860.495059
10.387033,67,1861.519269
9.490055,46,1862.131926
10.350275,26,1862.453255
10.417967,25,1862.782211
10.741905,4,1862.838794
10.499121,27,1863.187095
10.752436,29,1863.597517
10.843791,24,1863.922897
10.958901,28,1864.309845
9.899121,49,1864.987083
10.239487,41,1865.551986
10.751905,2,1865.579277
9.889121,51,1866.275237
10.585,3,1866.316959
11.156593,50,1871.394576
10.357967,37,1871.901885
10.067253,38,1872.421342
11.071111,8,1872.527495
11.006667,12,1872.68551
10.526813,34,1873.157861
10.614011,26,1873.487792
10.035385,18,1873.734451
10.753791,42,1874.308975
10.985,3,1874.350543
11.210549,48,1875.369789
10.695659,31,1875.791615
10.93,14,1875.982709
10.260055,39,1876.516162
10.793333,10,1876.652017
10.574011,34,1877.141873
10.576813,24,1877.469816
10.631703,35,1877.950857
10.230769,53,1878.671562
10.396667,5,1878.740065
8.561209,54,1879.494581
10.486099,34,1879.94985
10.864945,38,1880.476654
10.524725,52,1881.187195
11.036667,6,1881.26706
11.142637,44,1881.872936
11.134725,28,1882.262842
10.674286,8,1882.375682
10.711923,24,1882.707517
10.357967,37,1883.205453
11.441667,5,1883.27425
10.121209,36,1883.76278
10.118187,41,1884.315922
9.247747,58,1885.1056
10.278485,16,1885.323489
10.953333,27,1890.102265
10.919835,49,1890.779098
10.944945,22,1891.130487
10.742857,31,1891.630927
10.625165,42,1892.215684
8.847033,32,1893.003479
9.723077,93,1894.233394
10.452363,37,1894.742942
10.927727,20,1895.02047
10.543788,18,1895.263861
11.002857,28,1895.668755
10.841703,42,1896.262452
10.902381,10,1896.397297
10.600989,33,1896.850789
9.433297,58,1897.696973
10.628636,27,1898.170103
9.490055,46,1898.80252
10.779121,20,1899.080271
10.144725,30,1899.480274
10.574725,42,1900.058468
11.303333,6,1900.138809
10.450055,50,1900.828861
10.219121,34,1901.297736
10.454945,22,1901.592003
10.574011,34,1902.061262
10.746099,31,1902.489646
10.748901,21,1902.776834
10.635,15,1902.981726
10.546099,22,1903.289077
10.982857,32,1903.729652
10.638187,35,1904.213327
11.495556,12,1904.383128
10.363297,19,1904.646008
11.145659,39,1909.839953
10.256813,39,1910.374052
10.772857,25,1910.713325
10.495879,27,1911.071031
10.674725,22,1911.371699
11.651667,3,1911.413222
11.022619,5,1911.48357
10.308187,52,1912.325124
10.510275,43,1912.91739
10.617527,73,1914.412677
9.334725,45,1915.023575
10.945879,35,1915.509423
10.741905,4,1915.562531
11.175,5,1915.630507
10.830055,23,1915.956069
10.161209,28,1916.336229
10.570055,26,1916.694776
10.708901,29,1917.088205
10.908681,33,1917.538092
10.393297,13,1917.715979
10.082363,13,1917.889964
10.503333,6,1917.969934
8.935879,45,1918.580589
10.253333,7,1918.678849
11.49381,6,1918.762815
10.985,3,1918.804213
10.269121,24,1919.132431
10.356813,68,1920.070475
10.925879,39,1920.666955
10.415641,24,1921.001479
10.2,13,1921.176535
9.99,2,1921.205868
10.947967,17,1921.438844
10.288333,11,1921.58939
10.915879,41,1922.158823
10.975,5,1922.228781
10.114725,36,1922.714131
10.020769,46,1923.342731
9.752363,30,1923.744697
10.847033,24,1924.078798
10.580989,37,1928.955717
10.687778,9,1929.080936
9.887253,25,1929.413191
11.184444,12,1929.579413
10.559341,20,1929.851304
10.154945,33,1930.307164
10.999545,11,1930.462609
9.440055,56,1931.236718
10.557747,41,1931.81669
10.413077,53,1932.555298
10.646667,4,1932.61365
10.741905,4,1932.668839
11.075758,51,1933.366507
10.969545,17,1933.593288
10.144945,35,1934.07965
9.826099,19,1934.438654
9.749341,35,1935.147406
10.651667,3,1935.191399
10.937967,19,1935.455672
10.651667,3,1935.498254
11.040909,10,1935.641099
10.594011,30,1936.063339
10.477033,49,1936.731066
10.824011,33,1937.213781
10.641703,33,1937.66295
9.99,2,1937.691804
10.773791,38,1938.180691
10.526099,26,1938.542762
10.661667,1,1938.557317
10.307967,47,1939.177104
11.995,1,1939.190085
10.560055,28,1939.55486
10.78,4,1939.610932
10.269835,32,1940.051067
10.149835,56,1940.841856
10.232143,27,1941.216375
10.013333,6,1941.295418
10.722857,35,1941.782192
10.270055,37,1942.278151
10.570055,26,1942.616266
10.687967,20,1947.226066
11.036429,7,1947.325056
10.505385,22,1947.631605
11.086818,19,1947.890581
10.294231,46,1948.60344
11.036429,7,1948.732154
10.823791,28,1949.256427
10.957564,29,1949.777194
10.153516,17,1950.132235
10.826813,23,1950.574964
9.887747,28,1951.187699
11.211703,17,1951.609474
10.526099,26,1952.075275
10.644231,25,1952.700015
10.236099,35,1953.348846
10.904945,30,1953.884606
9.983077,41,1954.62787
11.995,1,1954.647297
9.759121,28,1955.155684
9.850769,31,1955.718103
11.145,11,1955.919242
10.691209,20,1956.290435
11.99,2,1956.329374
10.273297,37,1957.016552
10.627967,32,1957.601359
10.759121,24,1958.160751
10.758901,19,1958.522791
10.745165,18,1958.854324
10.897747,22,1959.256005
10.697222,5,1959.347301
11.323333,2,1959.383085
9.181209,28,1959.880908
10.184231,19,1960.221044
10.901703,30,1960.781258
10.303077,26,1961.274955
9.99,2,1961.309442
10.729545,16,1961.617425
9.844011,33,1962.230176
10.266667,13,1962.467223
10.732857,33,1963.066348
10.720714,13,1963.305276
10.734945,15,1963.574888
10.664945,29,1964.10182
10.975,5,1964.192593
10.516667,12,1964.410215
10.932637,37,1965.095079
10.831923,49,1965.995214
10.981923,19,1970.662354
10.496813,40,1971.214644
10.97,6,1971.297752
10.355659,50,1971.991472
10.441923,29,1972.514795
10.556099,20,1972.793072
10.845455,20,1973.071474
10.137967,32,1973.517638
11.218681,20,1973.800317
11.995,1,1973.814911
11.323333,2,1973.844152
10.786813,31,1974.578757
10.188636,17,1974.813324
10.157253,20,1975.096823
10.191923,30,1975.506796
11.039835,25,1975.825645
10.741905,4,1975.885082
9.925165,35,1976.364635
10.328333,1,1976.379225
10.741209,10,1976.521439
9.672143,41,1977.08859
11.385,3,1977.128891
10.10859,29,1977.54433
10.209121,36,1978.053606
10.617253,26,1978.416048
10.605879,54,1979.171283
10.948901,30,1979.586396
10.292363,20,1979.863556
10.927967,21,1980.153697
10.954945,20,1980.429471
10.512143,20,1980.766805
10.620989,29,1981.174875
10.661667,1,1981.189745
11.192637,34,1981.653617
10.856099,9,1981.786844
10.635641,29,1982.174959
10.235165,22,1982.476028
10.149835,56,1983.263989
10.816099,17,1983.491167
11.091703,41,1984.035976
10.560055,28,1984.402653
10.999835,33,1984.820745
11.045879,15,1985.002106
10.934945,24,1989.613907
10.504091,32,1990.059659
10.661667,1,1990.074169
10.860055,17,1990.3033
9.938407,33,1990.760774
10.257033,44,1991.374744
10.682143,35,1991.859004
10.739835,36,1992.359405
10.431923,31,1992.790593
10.219341,39,1993.314748
10.729835,38,1993.848624
10.646667,4,1993.904371
11.013571,34,1994.376173
10.671923,32,1994.817802
10.519121,23,1995.132382
11.116818,13,1995.445283
10.130275,21,1995.972203
10.724945,17,1996.198855
10.013297,40,1996.756043
10.934286,9,1996.886776
10.834011,31,1997.314784
8.921209,31,1997.726063
10.851667,14,1997.927294
11.046813,28,1998.318477
10.850055,19,1998.572643
10.638681,38,1999.106325
10.295385,15,1999.310014
11.259091,10,1999.452263
10.984945,14,1999.648459
10.150495,22,1999.952071
11.18,4,2000.009575
10.523077,31,2000.482076
10.789121,18,2000.725204
10.457473,14,2000.925934
10.769121,22,2001.2174
10.141209,32,2001.653016
11.059835,21,2001.945119
10.79,2,2001.974819
10.804725,45,2002.598973
9.600055,24,2002.907958
11.046429,5,2002.976549
10.985,3,2003.017452
10.996923,16,2003.238292
10.877967,31,2003.6701
11.052857,18,2003.913431
10.988901,22,2008.481257
11.995,1,2008.496938
10.310055,29,2008.885279
10.611209,36,2009.385533
11.144725,26,2009.753364
10.887967,29,2010.168164
10.188901,35,2010.65774
11.077747,35,2011.146173
10.509121,25,2011.542978
10.785879,18,2011.814852
10.838889,10,2011.952458
10.711905,10,2012.096879
9.857967,39,2012.905256
10.682051,22,2013.212036
10.590769,30,2013.630464
10.583297,24,2013.960308
10.769121,22,2014.290192
10.674286,8,2014.412398
10.985,3,2014.453591
10.445165,29,2014.850908
11.995,1,2014.865168
10.610989,31,2015.294801
10.967967,13,2015.478395
10.127253,26,2015.865445
8.861923,51,2016.591751
10.860055,17,2016.849132
11.002857,28,2017.246545
10.364011,27,2017.615026
10.826099,15,2017.821672
10.993333,19,2018.113911
10.563077,23,2018.474867
10.624011,24,2018.788118
10.573077,21,2019.102906
10.347967,39,2019.660894
10.647967,28,2020.05477
10.209121,36,2020.546792
9.99,2,2020.575035
10.759121,24,2020.904284
10.549121,17,2021.148142
11.18,4,2021.214382
10.800055,29,2021.627671
10.656667,2,2021.656145
10.908182,22,2021.965756
11.012857,26,2022.325511
10.370275,22,2022.650779
10.789615,21,2022.935339
10.837033,26,2027.581253
10.335,4,2027.641191
10.665165,34,2028.123031
11.025879,19,2028.388458
9.923077,53,2029.005701
9.334231,42,2029.533731
10.384451,33,2029.984994
10.897967,27,2030.361159
10.364011,27,2030.744488
10.607967,36,2031.257493
11.289242,27,2031.589374
10.751923,16,2031.795151
9.675879,44,2032.700496
10.894725,27,2033.060869
10.850769,27,2033.438619
10.904945,30,2033.846868
10.571364,13,2034.024333
11.375,5,2034.094945
10.859091,10,2034.233561
10.662857,47,2034.870332
11.221703,15,2035.080532
10.625,17,2035.316628
11.225659,23,2035.635104
10.075909,25,2035.94052
9.932637,41,2036.50009
10.263077,34,2036.963682
11.046667,4,2037.019463
10.080275,31,2037.564259
11.042857,20,2037.877997
10.877747,26,2038.225896
10.499121,27,2038.602226
11.131667,7,2038.698782
10.219545,20,2038.967034
10.337033,28,2039.338781
11.111703,37,2039.841765
10.170989,21,2040.129405
10.142143,45,2040.91231
10.687222,18,2041.15234
10.920989,18,2041.407937
10.826813,23,2041.715755
11.060549,29,2046.534208
10.765879,22,2046.838022
10.090989,37,2047.352846
10.819121,12,2047.514291
10.165165,36,2048.013091
10.986667,16,2048.238839
10.924945,26,2048.59726
10.78,4,2048.653483
10.242363,30,2049.068883
10.77,6,2049.151431
10.585,3,2049.192691
11.19,2,2049.221096
9.986319,41,2049.789592
11.323333,2,2049.817625
10.527033,39,2050.368651
10.874945,36,2050.868818
10.900989,22,2051.182417
10.836099,13,2051.360188
10.736099,33,2051.82214
10.179121,42,2052.407335
10.722857,35,2052.88737
10.583077,19,2053.152442
10.870055,15,2053.362542
10.153571,8,2053.468371
10.705165,26,2054.089876
10.832143,5,2054.160554
11.151703,29,2054.599492
10.460556,10,2054.737897
9.99,2,2054.764502
11.121667,9,2054.88352
10.873718,15,2055.079643
9.621923,46,2055.658049
10.509121,25,2055.967599
10.560275,33,2056.378274
10.617967,34,2056.813979
10.882222,19,2057.102988
10.708187,21,2057.363271
10.634725,30,2057.729593
9.99,2,2057.755606
10.749121,26,2058.087184
10.488187,16,2058.281858
10.624011,24,2058.565112
11.046429,5,2058.620797
10.404011,19,2058.863241
10.000275,47,2059.465992
11.334545,24,2059.779717
10.260769,47,2064.815273
10.958681,23,2065.137299
9.944945,26,2065.492863
10.702857,39,2066.034305
10.140989,27,2066.41538
10.900303,26,2066.785161
11.100128,21,2067.073182
10.850055,19,2067.334031
10.607857,7,2067.436036
10.646667,4,2067.493094
10.752143,21,2067.774069
11.127747,25,2068.088232
10.985,3,2068.125006
10.985,3,2068.164263
10.641667,5,2068.226144
10.820055,25,2068.56531
11.071111,8,2068.665415
11.093791,23,2068.94736
10.799121,16,2069.161155
10.218187,21,2069.447817
10.661667,1,2069.461261
11.020556,7,2069.559009
10.97,6,2069.642282
10.762637,22,2069.941882
10.364231,32,2070.437073
10.060055,30,2070.934766
10.829835,18,2071.267635
10.813791,30,2071.900708
9.99,2,2071.939195
10.461209,17,2072.255573
10.830989,36,2073.192436
10.39,2,2073.224813
10.962727,13,2073.411062
10.543791,35,2073.919611
10.501923,17,2074.165465
10.975,5,2074.23637
10.920989,18,2074.512321
10.337967,41,2075.084967
10.806099,19,2075.349533
10.978901,24,2075.681988
10.927747,16,2075.900433
10.675165,32,2076.333967
10.985,3,2076.370983
9.737747,58,2077.205424
10.909697,12,2077.374394
10.741923,18,2077.629359
10.647967,28,2078.011479
10.580055,24,2078.353479
10.796099,21,2078.675616
10.691923,28,2079.073946
11.375,5,2079.145448
11.995,1,2079.159033
10.935879,37,2079.671247
11.010549,39,2084.628876
10.496099,32,2085.072346
10.266099,29,2085.523085
10.340055,23,2085.843953
10.552857,20,2086.125523
10.834011,31,2086.569552
11.202692,21,2086.910638
10.705165,26,2087.282175
9.976099,38,2087.803211
10.418187,30,2088.230686
10.621923,42,2088.761733
10.708636,11,2088.915014
10.826813,23,2089.236585
10.022363,25,2089.579598
11.138681,36,2090.366107
10.125,6,2090.461003
10.440989,16,2090.729234
10.215879,34,2091.237001
10.958681,23,2091.537339
11.175,5,2091.609879
10.756667,13,2091.789133
10.995,1,2091.802508
10.711209,16,2092.02548
10.822143,7,2092.123407
9.280989,52,2092.83814
10.703077,44,2093.444115
10.961923,23,2093.762613
11.651667,3,2093.806573
11.030556,5,2093.877283
10.692692,25,2094.221726
10.975879,29,2094.626564
9.762143,23,2094.943137
10.660275,13,2095.124235
10.593791,25,2095.498953
10.659615,47,2096.154044
10.938901,32,2096.606431
10.469121,33,2097.068453
9.850989,36,2097.567283
10.269121,24,2097.903538
10.134231,29,2098.310767
10.765879,22,2098.619465
10.717967,14,2098.815567
10.938901,32,2103.862523
10.620275,21,2104.157125
11.269615,23,2104.480794
11.995,1,2104.495407
10.957967,15,2104.704733
10.711209,16,2104.922452
10.462143,30,2105.338135
9.571923,56,2106.134907
10.735165,20,2106.425958
10.532363,21,2106.720344
10.973095,4,2106.775784
11.384444,12,2106.943778
10.880989,26,2107.367909
10.890989,24,2107.813089
10.320055,27,2108.315464
10.410989,22,2108.716263
10.513077,33,2109.326969
10.274103,9,2109.500384
11.142121,14,2109.817472
5.861429,220,2113.821859
8.302619,59,2114.828981
10.575714,22,2115.196651
-6.091667,225,2119.097555
10.661667,1,2119.11519
10.602857,10,2119.264259
11.661667,1,2119.278712
10.541429,6,2119.377716
10.199872,21,2119.706219
6.524048,124,2128.087678
9.742857,133,2130.258862
8.08881,68,2131.217057
10.203095,60,2132.014727
10.617857,5,2132.169459
11.323333,2,2132.223474
10.094011,32,2132.795519
9.546429,40,2133.332128
8.844524,90,2134.527562
11.323333,2,2134.552672
2.640714,170,2136.879525
10.401905,23,2137.194007
9.788333,82,2138.309581
10.473095,55,2139.123541
10.318571,44,2139.741969
10.475,7,2139.831686
7.200238,151,2146.194687
9.715714,47,2146.849528
8.324762,66,2148.139701
9.75,1,2148.149375
10.966905,39,2148.612764
8.341905,92,2149.884261
10.687967,20,2150.168421
8.180952,110,2151.728904
10.338333,70,2152.818856
10.899524,53,2153.531817
9.512381,43,2154.128631
11.995,1,2154.143018
8.552381,88,2155.328848
7.261905,112,2156.759277
11.040909,10,2156.903129
10.256429,45,2157.821825
10.71619,32,2158.252782
10.140714,42,2158.812094
8.512619,115,2160.433409
10.533788,20,2160.715889
11.036667,6,2160.797646
10.782143,15,2165.495019
10.529524,16,2165.715144
10.654359,15,2165.910568
11.173095,13,2166.090579
10.83119,40,2166.635287
10.995,1,2166.650091
11.17119,21,2166.947839
10.237619,33,2167.39816
10.682143,35,2168.088628
11.253333,16,2168.324082
11.995,1,2168.341178
9.524286,82,2169.617011
10.72619,30,2170.157108
8.624762,104,2172.04065
11.123571,12,2172.257893
8.732857,41,2173.107927
9.77881,122,2175.324635
11.995,1,2175.342547
10.303333,6,2175.454506
10.41619,43,2176.226163
10.515714,34,2176.7948
10.497143,54,2177.749969
10.661667,1,2177.767463
10.661667,1,2177.7868
10.212143,31,2178.331714
10.286905,77,2179.716853
11.995,1,2179.736307
11.49381,6,2179.847424
11.036429,7,2179.978344
10.344524,35,2180.602107
10.040476,43,2181.37426
11.403571,5,2181.46367
10.842436,11,2181.647741
9.99,2,2181.679582
11.283333,10,2181.917683
10.719524,40,2182.804786
10.985,3,2182.858054
10.98881,27,2189.428276
8.892381,69,2190.631055
10.641667,5,2190.720689
10.04381,38,2191.388732
10.755606,12,2191.615846
10.141667,7,2191.74422
10.832143,5,2191.838684
11.149286,33,2192.452759
10.366429,23,2192.851138
9.660238,51,2193.544604
9.99,2,2193.576348
9.842857,64,2194.45272
10.740238,31,2194.881494
9.264524,55,2195.624388
11.654286,12,2195.779936
10.827143,6,2195.863512
11.085556,14,2196.05486
11.323333,2,2196.082739
9.837857,34,2196.543881
10.918333,3,2196.589435
9.75,1,2196.607571
10.962619,17,2196.854571
10.477879,13,2197.043781
10.310897,25,2197.399009
10.839091,14,2197.594891
10.59119,39,2198.108381
9.745,46,2198.696469
9.847857,32,2199.097864
10.377381,35,2199.621674
10.825238,45,2200.249815
9.588571,92,2201.31622
11.087143,34,2201.662712
8.99381,52,2202.246824
10.391905,25,2202.546649
11.58,4,2202.592948
11.332143,5,2202.653284
10.746429,45,2203.182979
6.535714,95,2208.694914
10.654524,22,2208.995012
9.36381,27,2209.355249
10.165952,25,2209.683494
9.789762,36,2210.124547
10.194286,46,2211.066215
10.654762,41,2211.580466
11.995,1,2211.593839
10.985,3,2211.636126
10.870476,24,2211.971239
9.53381,91,2213.199452
10.465606,21,2213.492705
9.99,2,2213.524645
10.661667,1,2213.539506
9.991905,56,2214.329726
10.796905,24,2214.652067
9.40619,98,2215.968333
9.428333,56,2216.737281
11.995,1,2216.750695
9.766818,38,2217.275883
10.903718,9,2217.431726
10.759286,62,2218.289238
10.864091,9,2218.414711
10.684524,16,2218.631977
10.78,4,2218.68557
10.516429,42,2219.25244
9.99,2,2219.280694
10.883571,60,2220.103922
10.661667,1,2220.118607
10.888571,28,2220.498604
11.995,1,2220.513366
8.435,63,2221.386493
10.708333,45,2222.211786
10.656667,2,2226.686066
9.737143,59,2227.507825
10.744048,15,2227.720371
10.574524,38,2228.263866
9.42119,77,2229.315257
10.39,2,2229.343634
10.595714,18,2229.599184
11.030952,30,2230.012243
10.474762,28,2230.403984
10.546905,25,2230.741871
10.843077,16,2230.961679
10.909524,51,2231.668104
10.607857,27,2232.052472
10.742857,31,2232.477191
11.323333,2,2232.506403
11.293333,8,2232.615679
7.389286,99,2233.93891
10.442381,53,2234.653108
10.919048,60,2235.444885
9.165,64,2236.638544
9.944762,36,2237.146388
10.730952,41,2237.832936
10.232381,46,2238.476848
10.786905,26,2238.837295
10.426667,30,2239.23072
9.694286,48,2239.901217
10.28381,39,2240.490935
11.036905,25,2240.850409
9.759286,66,2246.048699
11.18,4,2246.104393
11.123333,42,2246.686744
10.522381,37,2247.201497
11.226111,28,2247.59177
10.855238,39,2248.118621
10.908333,5,2248.191541
10.661667,1,2248.207622
11.229524,36,2248.723823
10.675238,26,2249.086601
10.797143,12,2249.286707
10.72881,30,2249.698261
9.755,44,2250.319177
10.702857,39,2250.861871
10.456905,43,2251.461655
10.654048,33,2251.95845
9.699048,59,2252.78934
11.030952,30,2253.254595
10.492143,24,2253.630208
9.320714,59,2254.841565
10.79,2,2254.870934
10.508095,17,2255.112895
9.131905,32,2255.55367
10.248333,39,2256.107654
9.346429,31,2256.518797
9.270238,80,2257.603202
10.985,3,2257.643283
10.583571,71,2258.622887
10.848889,8,2258.727165
11.995,1,2258.740642
10.823095,34,2259.17407
10.776429,39,2259.719015
11.036429,7,2259.811999
9.87881,53,2265.092164
10.505,41,2265.6657
10.398571,28,2266.047333
11.159286,31,2266.485977
10.876429,19,2266.732407
10.175952,23,2267.037532
11.187381,33,2267.4979
10.510238,28,2267.88028
10.964762,28,2268.273298
10.20119,6,2268.355384
11.175,5,2268.427325
10.69619,36,2268.925801
10.492857,32,2269.369216
11.995,1,2269.383998
10.980952,40,2269.944955
9.925714,54,2270.683387
10.425952,22,2270.991758
10.034524,48,2271.627929
10.782436,23,2271.934633
10.570476,35,2272.384078
10.76,8,2272.481399
10.720238,35,2272.920963
8.272619,65,2273.816643
10.985,3,2273.858966
9.485714,44,2274.459432
9.769762,40,2275.007311
10.523182,19,2275.267689
10.160238,49,2276.342354
10.525556,6,2276.425349
11.995,1,2276.440558
10.313095,38,2276.971961
10.204286,44,2277.596597
10.986905,35,2278.089851
10.570476,35,2278.535846
9.829762,28,2278.90661
9.84,45,2284.003116
11.056111,11,2284.160132
10.644286,14,2284.359706
10.995,1,2284.375386
10.912619,27,2284.753631
11.617857,5,2284.8174
10.556319,25,2285.161398
10.44881,37,2285.667623
10.385476,41,2286.242848
10.895,12,2286.410278
11.175,5,2286.484034
10.782143,15,2286.697604
9.955476,29,2287.092834
9.871905,31,2287.520967
10.78,4,2287.577529
10.38,4,2287.631856
7.993571,86,2288.80672
10.821667,31,2289.32562
10.535,35,2289.971679
11.056905,21,2290.364552
10.778333,31,2290.935965
10.508333,36,2291.596718
9.69,26,2292.06801
10.731429,30,2292.618129
11.58,4,2292.691776
10.98881,27,2293.1896
11.995,1,2293.207553
10.600476,29,2293.745029
10.264286,32,2294.32615
10.65619,44,2295.13038
10.774286,28,2295.640597
11.995,1,2295.659945
10.365952,34,2296.28407
10.590055,22,2296.696299
10.782619,53,2297.669987
10.294524,45,2298.533113
10.561667,21,2299.171491
10.235,46,2299.826333
10.786429,37,2300.361397
10.952857,38,2305.333102
9.144286,60,2306.175777
10.976282,15,2306.397643
10.657222,13,2306.581365
10.335952,40,2307.146619
10.59,42,2307.728988
10.892619,31,2308.166595
11.323333,2,2308.196208
10.474048,20,2308.473946
10.582619,44,2309.076292
10.560476,37,2309.601553
9.890714,43,2310.200037
10.085714,22,2310.507829
11.072857,14,2310.706628
10.595952,37,2311.233716
10.456905,43,2311.836103
10.770238,25,2312.182233
9.475,51,2312.995035
10.27619,22,2313.302089
10.647857,19,2313.640743
10.279762,36,2314.254662
10.898571,26,2314.637348
10.428095,33,2315.123154
10.648571,27,2315.505479
10.44,23,2315.824936
10.658571,25,2316.174381
11.063095,35,2316.661998
9.314011,41,2317.194644
11.995,1,2317.206651
11.199091,22,2317.486856
10.262778,3,2317.528297
10.776429,39,2318.510294
10.569048,32,2318.965508
11.995,1,2318.980134
9.567381,50,2319.673789
11.651667,3,2319.715782
10.858889,6,2319.796946
10.949286,24,2324.789021
10.476905,39,2325.322688
10.014286,33,2325.77925
10.738333,39,2326.339673
10.75881,24,2326.675452
11.022857,24,2327.044415
10.647381,43,2327.656183
10.501364,18,2327.885681
10.583095,33,2328.277593
11.323333,2,2328.305901
10.42,18,2328.543586
10.808846,20,2328.814418
10.774524,47,2329.46478
10.444048,26,2329.838411
10.737778,8,2329.952627
11.099048,24,2330.27651
9.752381,44,2330.880149
10.301111,15,2331.090211
10.595,1,2331.105293
11.19,2,2331.133801
10.655238,30,2331.546163
10.498571,57,2332.345427
10.356429,25,2332.687217
10.589762,23,2333.007612
10.944762,32,2333.457089
10.156667,35,2333.935507
10.945,11,2334.07701
10.639545,34,2334.537979
10.12,38,2335.065497
10.170238,47,2335.721149
10.760714,5,2335.789751
11.995,1,2335.805698
11.137143,24,2336.141317
10.62,36,2336.625702
10.403571,7,2336.723612
11.185,3,2336.76534
10.626923,41,2337.347151
10.75619,24,2337.68867
10.570476,35,2338.183112
10.036667,59,2343.787925
11.651667,3,2343.828121
10.522143,18,2344.082342
10.558571,45,2344.714762
10.240513,18,2344.961215
10.728095,22,2345.259547
10.556111,11,2345.405653
10.968182,10,2345.541319
10.662576,19,2345.806818
10.898571,8,2345.91676
10.558333,26,2346.27952
10.948182,14,2346.472042
10.578333,22,2346.772891
10.831111,7,2346.869004
10.656667,2,2346.897567
10.824394,23,2347.21521
10.781364,11,2347.350854
10.986905,35,2347.834805
10.848571,36,2348.346596
10.340476,32,2348.786076
9.844048,48,2349.460425
10.636905,56,2350.237476
10.409524,53,2350.96394
9.99,2,2350.992679
10.511905,50,2351.679982
11.039615,20,2351.9571
11.271429,20,2352.228611
11.093095,29,2352.593537
10.998205,26,2352.944721
10.676818,12,2353.098958
10.634524,26,2353.420546
10.402143,42,2353.987024
10.986923,18,2354.233176
10.468095,25,2354.580172
9.701667,46,2355.210638
11.045,31,2355.646029
10.127619,55,2356.410186
10.632619,34,2356.889122
10.108571,37,2357.405178
10.620714,44,2362.467656
10.866429,21,2362.763468
10.890476,20,2363.030941
11.102857,8,2363.142292
10.26,10,2363.282315
9.14619,52,2364.073236
11.032857,22,2364.429637
11.063571,24,2364.928535
11.995,1,2364.9434
10.720556,7,2365.044865
10.352619,41,2365.599624
10.952051,17,2365.838849
10.842381,22,2366.145182
10.55619,15,2366.353522
11.323333,2,2366.381726
11.343889,9,2366.503853
10.444762,34,2366.977911
10.740714,9,2367.10078
9.441905,68,2368.046602
10.930714,31,2368.572626
10.416667,32,2369.018686
10.935,13,2369.19978
10.637857,21,2369.489318
10.886667,36,2369.991892
11.189286,25,2370.345147
9.051667,29,2370.733612
10.741364,19,2370.993533
11.069835,19,2371.25853
10.259048,45,2371.876582
10.338571,40,2372.429203
10.328333,1,2372.444432
10.316429,33,2372.913882
10.994945,12,2373.125295
11.57,6,2373.21011
9.735714,43,2373.810576
10.158571,27,2374.285384
10.293095,42,2374.875041
11.155238,28,2375.223782
10.550238,20,2375.507256
9.822143,60,2376.36371
10.652143,41,2376.956964
10.328333,23,2382.51559
10.76,8,2382.629648
10.718095,24,2382.982658
10.716429,51,2383.750762
10.437778,19,2384.015972
10.832143,5,2384.095717
10.474524,58,2384.95202
10.969545,17,2385.216506
11.283333,10,2385.359613
11.323333,2,2385.38822
11.175238,24,2385.75575
9.826667,52,2386.472782
9.768333,37,2386.991175
11.99,2,2387.017259
10.977381,26,2387.380514
9.99,2,2387.409118
10.473571,31,2387.842828
10.178571,23,2388.172604
10.76,8,2388.282828
11.046111,13,2388.457133
10.363333,47,2389.119441
11.059048,32,2389.547048
10.661905,20,2389.796812
10.714048,21,2390.088705
10.434762,36,2390.594619
9.720238,39,2391.134774
10.505714,36,2391.639137
10.10381,26,2392.004692
10.635952,29,2392.420502
11.995,1,2392.435606
10.906667,32,2392.895473
10.472857,36,2393.406508
10.892619,31,2394.139692
10.401905,23,2394.466839
10.533571,19,2394.74098
10.378571,32,2395.190645
10.324286,20,2395.468349
10.838333,19,2395.736034
10.702576,11,2395.890504
10.485,45,2396.518942
9.99,2,2396.546323
9.827143,28,2396.93483
10.317143,41,2401.795256
10.687222,7,2401.894194
11.265476,25,2402.241487
10.758095,16,2402.467967
10.34381,27,2402.844793
10.901429,45,2403.545825
9.527619,28,2403.924551
11.323333,2,2403.95257
10.940714,29,2404.359236
10.202619,22,2404.658905
10.74619,26,2405.006944
10.734048,17,2405.235847
10.482143,26,2405.578773
10.570238,16,2405.786809
10.973333,23,2406.076742
10.681905,16,2406.305003
10.459048,54,2407.052553
11.185,3,2407.094832
10.326429,31,2407.523208
10.847143,33,2407.978462
10.76619,22,2408.284259
10.742857,31,2408.712309
10.794286,24,2409.051947
10.51619,23,2409.365415
10.832857,62,2410.140636
10.595,1,2410.154183
11.129762,26,2410.488056
11.97,6,2410.572149
10.872727,31,2410.996001
10.694048,25,2411.348472
10.558889,17,2411.578457
10.905,19,2411.8436
10.468333,44,2412.45596
10.656667,33,2412.901217
9.936667,30,2413.303827
9.594524,38,2414.144135
10.434762,36,2414.641915
10.446667,26,2414.990339
10.96,8,2415.104297
10.884524,25,2415.440394
11.261429,22,2420.070094
10.42,27,2420.440844
10.784286,26,2420.805703
10.1,42,2421.38706
10.810714,55,2422.147455
9.934048,30,2422.560877
10.686667,27,2422.93706
10.660714,36,2423.436766
10.962619,17,2423.676145
10.968205,32,2424.113178
10.042619,54,2424.844726
10.694762,33,2425.301775
10.730714,22,2425.60632
10.894524,23,2425.924682
10.100476,31,2426.337281
10.898182,24,2426.681746
10.554286,23,2426.998237
9.364762,54,2427.758788
11.995,1,2427.774621
11.651667,3,2427.813539
11.323333,2,2427.84163
11.112857,6,2427.92947
10.985,3,2427.967259
10.661905,20,2428.246778
9.91,31,2428.694733
10.43119,9,2428.904466
10.951429,35,2429.393881
10.948571,16,2429.618807
10.879444,13,2429.799948
10.376667,40,2430.358305
10.934762,34,2430.830266
10.022381,39,2431.3783
10.681905,16,2431.604057
11.165,7,2431.702327
10.742143,23,2432.024489
10.99803,12,2432.193182
10.903571,5,2432.263628
10.576111,7,2432.364473
9.75,1,2432.378229
10.512143,20,2432.678648
10.79,2,2432.707395
10.164048,33,2433.56695
10.714762,29,2434.020587
11.036667,6,2434.09583
10.886429,17,2434.343203
10.849048,25,2434.692574
10.609286,43,2439.83235
10.834091,15,2440.035817
10.63119,31,2440.479646
9.332143,60,2441.305238
11.441667,5,2441.370996
10.571667,19,2441.639505
10.566429,32,2442.264946
10.67,26,2442.621942
10.463333,14,2442.818353
10.540238,22,2443.105293
10.706667,23,2443.402272
10.362381,20,2443.664827
9.988333,42,2444.263692
9.576667,53,2445.000431
10.442143,34,2445.46932
9.720952,47,2446.118148
10.548333,28,2446.511042
11.995,1,2446.525503
9.032381,41,2447.08601
10.565385,10,2447.237419
10.330952,23,2447.546912
10.64381,16,2447.773147
10.742143,23,2448.093646
10.661667,1,2448.109648
10.754762,21,2448.412302
10.340476,32,2448.855215
10.970714,23,2449.164805
10.51619,23,2449.482907
10.124286,60,2450.316496
9.148095,44,2450.933732
10.485476,21,2451.226377
10.597143,34,2451.70012
10.432857,44,2452.477975
11.102857,8,2452.885333
10.714945,19,2453.254806
11.00881,23,2453.596558
10.007143,54,2458.81406
10.610476,27,2459.175108
11.293333,8,2459.273336
10.957381,30,2459.614952
10.675952,21,2459.853181
10.576429,30,2460.266031
10.826429,29,2460.672333
10.730238,33,2461.131273
10.222143,29,2461.5286
10.678571,21,2461.827258
11.167381,37,2462.346399
10.050476,41,2462.900604
11.092857,10,2463.04327
10.372619,37,2463.560539
10.914524,19,2463.827075
10.67,26,2464.209575
10.915641,22,2464.512544
11.042273,17,2464.745887
10.661667,1,2464.759426
10.823095,34,2465.213753
10.687222,7,2465.304777
10.562381,29,2465.679536
11.191429,36,2466.144234
10.387857,22,2466.52352
11.19,2,2466.552888
11.000714,17,2466.792272
10.95881,33,2467.261688
10.440556,14,2467.452585
10.426667,30,2467.891604
11.651667,3,2467.93194
10.662857,47,2468.598975
10.619762,17,2468.836961
10.73881,28,2469.230704
11.010952,34,2469.708143
9.544286,29,2470.106458
10.594524,34,2470.585971
10.824286,18,2470.848058
9.328095,57,2471.635044
10.042381,35,2472.120691
10.640476,21,2472.411364
10.530714,62,2477.582304
11.060952,24,2477.919635
10.261905,51,2478.601522
9.95,14,2478.788769
10.754615,28,2479.1781
10.642143,43,2479.74915
10.600714,48,2480.371955
10.112619,40,2480.926856
10.01619,25,2481.268016
10.834286,16,2481.498197
10.560476,37,2482.019794
10.552381,31,2482.800772
11.995,1,2482.816384
11.995,1,2482.832234
10.234286,38,2483.363582
10.523333,2,2483.392211
10.180476,2,2483.420236
10.331905,37,2483.940309
10.914524,19,2484.213638
11.247381,21,2484.508371
9.946667,28,2484.893728
10.546429,36,2485.38804
10.97,6,2485.471091
11.182778,19,2485.739025
10.582363,11,2485.897726
11.222778,11,2486.054323
10.19619,38,2486.579151
11.313333,4,2486.629317
11.193095,9,2486.754283
10.734048,17,2486.989421
10.926282,25,2487.344165
11.995,1,2487.359288
10.778333,31,2487.796654
10.718095,24,2488.148005
9.925952,24,2488.487024
10.451429,24,2488.824387
11.036667,6,2488.909247
11.004762,20,2489.190993
11.175,5,2489.262755
9.632619,38,2489.794827
10.776905,28,2490.187528
10.776667,9,2490.311358
11.036905,25,2490.672479
10.712143,29,2491.086355
10.966667,20,2491.37368
10.568571,43,2496.643405
10.925,6,2496.730199
10.658571,25,2497.072912
11.165,7,2497.177042
10.694048,25,2497.504638
10.528095,13,2497.677672
10.68,24,2498.029372
10.865238,37,2498.617684
10.606667,12,2498.784844
11.995,1,2498.798275
10.686667,27,2499.158726
11.337619,22,2499.473385
10.984762,24,2499.815276
10.463333,14,2500.00388
10.366667,42,2500.564203
10.728095,22,2500.873631
11.242778,27,2501.246488
10.424524,19,2501.511723
10.641667,5,2501.582758
10.916667,30,2502.221817
11.995,1,2502.236915
10.932857,42,2502.900485
10.642143,43,2503.486675
10.833077,18,2503.735667
9.015,45,2504.338784
10.900476,18,2504.576715
11.008205,24,2504.90224
10.607857,7,2504.99925
11.13119,29,2505.403136
10.985,3,2505.449026
10.636667,6,2505.533674
10.682619,24,2505.872979
10.423333,22,2506.172129
10.460455,17,2506.407139
10.780238,23,2506.728232
10.485455,12,2506.900113
10.576111,7,2506.999138
11.169286,29,2507.404043
10.328333,1,2507.420911
10.896905,53,2508.161123
10.884762,44,2508.780324
10.349286,33,2509.234849
10.408571,26,2509.608609
9.158095,42,2510.192639
11.313333,4,2510.249314
10.90881,43,2510.857855
11.127143,26,2515.565015
11.651667,3,2515.612652
10.547857,39,2516.160314
11.18,4,2516.216774
10.542857,22,2516.520038
10.427857,14,2516.719233
10.241905,6,2516.801584
10.986905,35,2517.292324
9.75,1,2517.308597
10.644048,35,2517.777685
10.468095,25,2518.120243
11.323333,2,2518.148673
10.447778,17,2518.387139
10.531667,27,2518.75819
10.916667,30,2519.177595
11.323333,2,2519.205844
10.808333,25,2519.563426
10.680238,43,2520.159007
11.04881,15,2520.371191
10.180714,34,2520.847189
9.75,1,2520.861055
11.411667,11,2521.014196
11.651667,3,2521.057024
9.343333,42,2521.638489
10.822381,26,2522.00146
10.696667,25,2522.591934
10.909697,12,2522.8229
10.985,3,2522.86484
10.872619,35,2523.361357
11.042857,20,2523.643036
10.661905,20,2523.939493
11.119048,20,2524.223599
10.369762,18,2524.47948
11.001429,25,2524.833704
10.839091,14,2525.027675
10.020952,36,2525.523386
9.99,2,2525.552886
10.908333,5,2525.623428
11.036667,6,2525.706584
10.486905,37,2526.201139
10.946667,24,2526.558063
10.631905,26,2526.884449
10.872857,5,2526.946804
10.658095,36,2527.404209
10.224286,40,2527.907528
10.33119,29,2528.273676
10.927143,17,2528.482898
11.395,1,2528.496358
10.015714,36,2528.945473
10.946667,24,2529.253164
9.99,2,2529.279082
9.482857,38,2534.123458
9.75,1,2534.140028
10.808333,25,2534.482418
11.19,2,2534.509922
11.213095,5,2534.583039
10.814286,20,2534.866762
10.661667,1,2534.883189
10.543788,18,2535.141418
11.403571,5,2535.211509
10.844524,33,2535.672652
11.006905,31,2536.101938
10.145952,29,2536.502511
10.45,12,2536.66618
10.610476,27,2537.02309
9.373571,55,2537.782321
11.995,1,2537.797135
11.004762,20,2538.078362
11.019048,40,2538.64137
10.397857,20,2538.912599
10.797143,12,2539.076417
10.737143,55,2539.845339
11.040952,28,2540.23431
10.796905,24,2540.564759
9.080476,39,2541.143561
10.380476,24,2541.474334
10.861667,12,2541.637447
10.966667,20,2542.128953
10.985,3,2542.196045
10.556667,22,2542.625803
10.16,30,2543.161468
11.321818,12,2543.394721
10.720714,24,2543.849248
10.893571,7,2543.980899
10.020476,47,2544.867372
10.662619,28,2545.4009
10.978182,8,2545.558956
10.328333,1,2545.578941
10.724286,38,2546.288407
10.78619,18,2546.589076
10.218095,26,2547.029456
10.804524,41,2547.696208
10.644524,24,2548.094226
10.651667,3,2548.145449
9.798333,31,2548.654765
10.846429,25,2549.056635
11.012857,26,2549.33463
9.142619,38,2549.730763
10.291667,26,2554.339211
10.708095,26,2554.647848
10.896429,15,2554.835363
10.876429,19,2555.057839
10.768095,14,2555.271535
10.780238,23,2555.646277
10.194048,27,2556.01775
10.788333,29,2556.380316
10.377857,24,2556.728592
10.808333,25,2557.113927
10.836429,27,2557.471491
10.806905,22,2557.745589
10.14,34,2558.191195
11.155238,28,2558.568298
10.995,1,2558.581768
10.856429,23,2558.903487
10.920714,33,2559.361769
10.322381,28,2559.764281
10.825,26,2560.12453
11.129048,18,2560.377363
10.837033,26,2560.748219
10.771154,15,2560.945119
10.883095,22,2561.221333
10.304286,24,2561.55681
10.587619,12,2561.7281
10.69,22,2562.313182
10.722857,35,2562.88165
10.792381,32,2563.33877
10.615714,14,2563.593632
10.846429,25,2563.98018
9.75,1,2563.994123
11.323333,2,2564.021311
9.972857,38,2564.545526
10.546111,13,2564.703891
10.942619,21,2564.961649
10.697222,5,2565.023418
9.891667,38,2565.789905
5.921667,88,2566.897085
3.648333,213,2574.121063
10.033333,62,2574.966558
9.783333,65,2575.799736
9.415,62,2576.376078
9.901667,145,2577.688355
10.633333,31,2577.987512
10.881667,87,2578.835573
10.093333,50,2579.231652
10.286667,38,2579.521388
10.416667,61,2579.985538
10.503333,37,2580.269168
10.433333,20,2580.421127
11.112857,6,2580.467168
9.396667,98,2581.191072
10.583333,41,2581.497154
9.99,2,2581.512686
8.24,151,2586.310397
10.41,29,2586.569575
10.633333,31,2586.809849
10.806667,32,2587.047082
10.79,2,2587.062307
10.845,41,2587.373805
11.061111,10,2587.441727
7.69,85,2588.074129
11.185,33,2588.325911
10.651667,3,2588.346164
10.711667,32,2588.583067
10.27,48,2588.938128
11.192222,6,2588.981999
10.541111,16,2589.102101
10.666667,40,2589.399296
10.916667,50,2589.772414
10.776667,29,2589.994998
10.115,49,2590.36965
10.761667,31,2590.609579
10.76,48,2590.969331
11.323333,2,2590.985817
9.88,57,2591.414017
10.961667,31,2591.649002
10.7,51,2592.024937
11.026667,8,2592.085073
10.822436,15,2592.194928
10.531667,48,2592.554249
10.441667,46,2592.899861
10.781364,11,2592.980723
10.335,45,2593.324445
9.75,1,2593.331505
9.283333,65,2597.307802
10.41,40,2597.60938
10.745,21,2597.767659
9.601667,27,2597.965713
10.741667,26,2598.163493
10.52,18,2598.29843
10.651111,12,2598.39072
10.813333,35,2598.651582
10.438636,16,2598.763225
10.871667,29,2598.979025
10.251667,46,2599.322743
10.223333,33,2599.568032
10.985,3,2599.588959
11.995,1,2599.59707
10.651667,73,2600.147442
11.135,13,2600.243072
9.906667,45,2600.585854
10.718095,24,2600.767555
10.445,32,2601.002939
10.795,42,2601.319502
9.905,42,2601.630339
11.323333,2,2601.644836
10.451667,55,2602.055066
10.946667,24,2602.237243
10.261667,73,2602.78318
10.04,65,2603.261546
11.322143,7,2603.314743
8.783333,38,2603.600164
10.863333,45,2603.933246
10.588333,30,2604.154682
10.345,63,2604.62141
9.875,48,2608.659081
10.325,38,2608.940697
10.96,28,2609.149702
10.613333,35,2609.408556
10.745,52,2609.791091
10.812143,9,2609.856776
10.553333,16,2609.974641
10.508333,35,2610.236841
10.93,34,2610.486454
11.065,37,2610.762953
10.985,3,2610.78684
10.568333,54,2611.19447
9.99,2,2611.209155
10.585,3,2611.231919
10.295,42,2611.542688
10.231667,50,2611.922149
10.483333,30,2612.144377
10.943095,10,2612.218881
10.961667,31,2612.450017
10.231667,39,2612.748499
10.858889,6,2612.79412
9.135,58,2613.235208
10.499524,22,2613.399226
10.64,52,2613.790177
10.753333,56,2614.213204
10.621667,50,2614.584452
10.608333,35,2614.846066
10.875,16,2614.962208
11.085556,14,2615.070229
10.912381,8,2615.126935
10.660989,21,2615.280405
10.835,23,2615.488752
10.19,93,2616.190156
9.941667,59,2620.197332
10.895455,10,2620.267419
10.803333,26,2620.466021
10.296667,25,2620.656618
10.803333,26,2620.850013
10.903571,5,2620.888541
10.831515,15,2621.00194
10.735,34,2621.253298
10.803333,46,2621.597193
11.303333,6,2621.642678
10.565,37,2621.923317
10.79,2,2621.939128
10.22,49,2622.309626
10.461667,42,2622.621536
10.967222,11,2622.704558
9.943333,51,2623.089406
10.748333,27,2623.291126
10.77,37,2623.567894
10.213333,37,2623.85789
11.323333,2,2623.879652
10.22,38,2624.192776
10.431667,48,2624.542036
9.756667,35,2624.803359
10.645,32,2625.037847
10.628333,22,2625.199102
10.646667,44,2625.537622
11.995,1,2625.5451
10.84,32,2625.780409
10.081667,69,2626.53487
10.8,20,2626.683487
11.253333,16,2626.811238
10.793333,48,2627.184708
11.021667,39,2627.478352
10.848333,47,2627.837213
10.106667,34,2631.608452
10.74,63,2632.082191
9.945,54,2632.484933
10.515,49,2632.880924
10.616667,41,2633.223945
10.951667,53,2633.617687
10.909444,7,2633.667262
10.766667,40,2633.967169
10.02,38,2634.251902
10.916667,30,2634.480589
10.496099,32,2634.714161
10.726667,48,2635.077626
10.678333,32,2635.318243
10.608333,75,2635.877322
11.078333,61,2636.342638
11.263333,14,2636.447235
10.315,18,2636.581009
10.98,44,2636.909139
10.238333,31,2637.149674
10.713333,64,2637.62826
10.995,1,2637.635859
10.208333,57,2638.066112
10.942727,17,2638.193451
10.983333,21,2638.351884
10.84,32,2638.589962
10.651923,36,2638.864814
10.865,37,2642.596314
10.455,9,2642.662043
10.853333,36,2642.936131
9.966667,33,2643.186164
9.976667,42,2643.504686
10.666667,31,2643.738094
11.303333,6,2643.784678
10.151667,35,2644.046814
11.651667,3,2644.070496
10.762727,22,2644.237309
10.543077,27,2644.434364
10.3,62,2644.890993
10.715,47,2645.244093
10.846667,55,2645.653359
10.913333,24,2645.831819
11.096667,34,2646.093179
11.030556,5,2646.132962
10.988333,19,2646.276849
7.551667,76,2646.868709
10.84,32,2647.109542
10.471667,60,2647.556836
11.05,50,2647.936318
10.328333,1,2647.944227
10.66,39,2648.231829
10.353333,27,2648.539176
10.713333,35,2648.923329
11.176667,38,2649.206646
10.966667,40,2649.503653
11.035,23,2649.676216
10.515,38,2649.95672
10.301667,45,2650.295641
9.466667,44,2654.140143
7.808333,65,2654.633561
10.809835,22,2654.79003
10.46119,3,2654.814213
10.223333,24,2654.997299
10.663333,36,2655.272455
10.465,39,2655.561646
10.246667,37,2655.836732
10.675,26,2656.032955
10.953095,8,2656.092958
10.651667,33,2656.342094
10.834091,15,2656.452903
10.511667,32,2656.701647
10.863333,34,2657.01917
10.635,43,2657.340737
11.265556,9,2657.408005
10.52,27,2657.61083
10.955,19,2657.750445
10.705,49,2658.121718
10.821667,39,2658.413401
10.868333,23,2658.580143
10.47,48,2658.933503
10.53,34,2659.18715
10.827619,26,2659.383718
11.352222,14,2659.486972
10.846667,24,2659.668984
10.39,73,2660.210873
10.992857,30,2660.441165
10.388333,30,2660.656067
10.83,34,2660.915398
10.39,2,2660.930654
10.646667,44,2661.265821
11.005714,7,2661.318383
10.863333,34,2661.570871
11.312143,9,2661.634681
10.738333,29,2665.326095
10.656667,2,2665.341237
10.95,30,2665.566831
11.184286,8,2665.624474
11.201667,23,2665.800353
10.407222,14,2665.905813
10.238333,31,2666.139985
10.360952,4,2666.168722
10.941667,35,2666.435162
10.483333,30,2666.660806
10.093333,99,2667.397676
10.63,54,2667.800991
10.832143,5,2667.83859
10.543333,49,2668.202235
10.263333,67,2668.702123
11.041667,26,2668.895592
11.083333,30,2669.117076
10.86,28,2669.332173
10.869697,20,2669.479941
10.655,41,2669.79047
10.78,44,2670.12186
11.313333,4,2670.152084
10.38,55,2670.760087
10.651667,33,2671.011416
10.246099,33,2671.256653
11.451667,3,2671.28138
10.85,50,2671.654977
10.686667,36,2671.927213
11.995,1,2671.934594
10.601667,34,2672.190886
10.656667,33,2672.441769
10.476667,29,2672.669765
10.533333,31,2672.930363
10.56,59,2676.899608
10.205,31,2677.186191
10.218333,35,2677.475214
10.223333,55,2677.892152
10.771667,29,2678.109518
10.783333,21,2678.265773
10.436667,37,2678.546307
10.951667,33,2678.81628
11.261667,31,2679.046393
10.99,22,2679.215503
9.688333,43,2679.530935
10.525,27,2679.731294
10.043333,40,2680.037055
11.995,1,2680.044929
11.594048,5,2680.08275
10.665,28,2680.293303
9.741667,48,2680.64987
10.878333,21,2680.807487
11.98,4,2680.885725
10.614524,30,2681.118766
10.407273,15,2681.227472
9.75,1,2681.233555
10.403235,89,2681.884173
-6.595,289,2683.945025
11.18,4,2683.981494
11.375,5,2684.028572
8.772353,79,2688.387278
10.869706,29,2688.600776
10.96,8,2688.660919
11.083636,16,2688.784761
9.851765,65,2689.279401
10.666765,50,2689.653925
9.877941,98,2690.391798
10.827353,61,2690.856602
9.180588,64,2691.322668
10.420588,61,2691.779104
10.161765,52,2692.161043
9.387059,107,2692.956625
9.482059,87,2693.675286
10.382059,54,2694.075183
10.75,10,2694.151772
9.790588,40,2694.447914
7.214118,130,2695.410181
11.076111,7,2695.465404
9.420294,68,2699.463022
10.455165,27,2699.662648
10.474706,58,2700.098592
10.563235,55,2700.509755
10.626667,8,2700.571089
10.908333,5,2700.610075
10.333824,46,2700.956821
10.998333,37,2701.228058
8.943529,82,2701.829933
10.411765,100,2702.577645
8.969118,72,2703.113742
9.120294,79,2703.685021
10.657353,46,2704.024994
10.470588,51,2704.40665
11.094706,34,2704.660481
11.018846,27,2704.859333
10.264118,57,2705.289911
10.595,1,2705.297872
11.026429,9,2705.364512
10.770513,10,2705.4385
11.99,2,2705.454017
10.354706,33,2705.694394
10.781765,26,2705.889055
10.832941,55,2706.312341
11.026471,30,2706.590494
10.47,17,2706.724226
11.006176,37,2707.001771
10.470588,51,2711.008973
9.817941,61,2711.472097
9.690882,106,2712.269215
10.842381,22,2712.435383
10.546471,26,2712.631994
9.73,9,2712.69521
11.065294,34,2712.94931
10.407647,42,2713.258189
10.161176,58,2713.6943
10.764706,51,2714.074609
10.613529,42,2714.38928
10.133529,40,2714.68641
10.529118,54,2715.092781
9.808529,57,2715.515681
9.681471,53,2715.910805
10.043824,55,2716.324574
9.702059,92,2717.023469
10.817353,63,2717.485082
11.995,1,2717.492668
10.579118,44,2717.827693
10.996429,15,2717.942497
10.173235,35,2718.204084
10.738095,20,2721.877487
10.632059,55,2722.289255
10.529706,48,2722.65406
9.364118,41,2722.957448
10.916176,55,2723.370887
9.707059,92,2724.068673
10.357941,100,2724.806675
10.478187,18,2724.942725
10.644706,24,2725.123123
10.615882,69,2725.638713
10.417647,91,2726.318059
10.525556,6,2726.363281
9.763529,65,2726.850621
10.204706,114,2727.712834
10.809706,41,2728.020401
10.337941,55,2728.426969
10.057143,31,2728.664293
10.585,3,2728.689404
10.844091,13,2728.785988
10.899412,26,2728.978654
10.661667,1,2728.985755
10.932381,4,2729.014171
9.847941,55,2729.420017
10.829706,37,2733.357468
10.615588,72,2733.896508
10.223529,71,2734.42589
10.769412,52,2734.813805
10.711905,10,2734.889383
10.313235,58,2735.320925
10.936282,23,2735.495499
11.684286,6,2735.54202
10.712353,34,2735.797101
10.566111,9,2735.862991
10.176765,99,2736.67945
10.968901,26,2736.870677
10.877353,51,2737.248309
10.372941,47,2737.608081
11.063824,49,2738.047259
10.204706,63,2738.515517
11.425909,13,2738.611892
10.183235,33,2738.85771
10.680882,55,2739.271873
10.656667,2,2739.287701
10.7,60,2739.739719
11.375,5,2739.778178
9.837941,57,2740.198434
10.338824,46,2740.543127
10.319412,44,2740.875632
11.012619,7,2740.922875
10.385588,69,2744.938056
9.312941,63,2745.41237
9.789706,49,2745.78192
9.992353,31,2746.012469
10.722059,35,2746.278499
10.864394,15,2746.392654
11.233889,11,2746.480296
10.917778,12,2746.565542
11.072778,12,2746.654821
10.779118,53,2747.063589
11.323333,2,2747.078999
10.763077,32,2747.320076
10.894359,16,2747.438994
10.39,2,2747.455009
11.155,9,2747.521017
10.712647,31,2747.753293
10.740909,21,2747.911204
9.99,2,2747.926984
10.619412,33,2748.174056
11.499103,13,2748.266526
10.143824,35,2748.530222
10.658571,25,2748.714325
10.557941,60,2749.170694
10.725,56,2749.600759
10.308824,52,2749.98732
9.927647,42,2750.306109
10.731905,6,2750.349913
10.162353,46,2750.906387
10.335,4,2750.979268
10.529835,29,2751.190968
10.666765,50,2751.572181
10.3,42,2751.87982
10.822273,12,2751.971951
10.771765,28,2752.213132
11.185,3,2752.238845
11.475,5,2752.274893
10.8,40,2756.034029
10.822353,63,2756.511145
10.503333,6,2756.556126
10.088235,53,2757.001189
10.731765,38,2757.284605
10.731765,36,2757.552011
10.367747,30,2757.78238
11.201703,19,2757.952533
10.350588,75,2758.532329
10.000882,44,2758.857993
10.164412,76,2759.426524
10.971923,21,2759.584276
9.052647,69,2760.106833
8.140882,73,2760.648576
10.575,5,2760.686604
10.280294,43,2761.0061
8.350294,86,2761.651797
10.702941,30,2761.870306
10.727941,75,2762.487185
10.742059,31,2762.718411
10.661667,1,2762.725451
9.495588,100,2763.475324
10.075294,34,2763.730542
9.756176,40,2767.518909
10.779706,47,2768.095388
10.501429,14,2768.198122
10.482059,34,2768.455552
9.903235,40,2768.7502
10.790588,36,2769.01842
9.960882,52,2769.408325
10.672576,17,2769.530493
9.882059,56,2769.94875
9.696471,51,2770.318944
11.204444,8,2770.37873
10.241471,39,2770.673625
11.177424,13,2770.7745
9.017941,123,2771.7046
10.97,6,2771.750707
10.791765,24,2771.928787
10.259412,56,2772.348117
10.860882,19,2772.489911
10.333824,46,2772.834068
10.595,1,2772.842526
9.445,67,2773.334259
10.674118,24,2773.517439
9.080588,84,2774.135743
10.761176,36,2774.410569
10.970303,12,2774.50156
11.385,3,2774.525946
10.661667,1,2774.533911
10.274412,54,2774.933552
11.016765,29,2778.655037
9.907059,52,2779.048165
10.703824,21,2779.201643
10.510588,43,2779.528941
10.180476,2,2779.544111
10.236471,39,2779.847442
10.319118,47,2780.205215
10.747647,25,2780.398346
10.956176,47,2780.764589
10.662619,28,2780.978919
10.171765,50,2781.357295
10.499118,60,2781.808584
10.034118,54,2782.215922
10.412941,39,2782.510001
10.597647,55,2782.925846
10.308824,52,2783.318464
10.519118,56,2783.740424
10.956176,47,2784.087554
10.730882,45,2784.417152
10.761176,36,2784.682593
10.92141,18,2784.81675
9.809118,51,2785.19938
10.065,39,2785.49063
11.161471,53,2786.093853
10.505294,48,2786.450957
11.005882,40,2791.523758
10.766667,31,2791.753095
10.407941,41,2792.058733
10.849706,33,2792.307597
9.99,2,2792.322472
10.692647,35,2792.582573
10.566667,31,2792.831144
9.616471,67,2793.360647
10.597647,55,2793.779733
10.720294,53,2794.17916
10.242941,75,2794.738831
10.802727,14,2794.841899
10.522353,23,2795.017749
9.825588,83,2795.652048
10.274412,52,2796.040426
10.978182,8,2796.10255
10.104118,40,2796.397066
10.868824,38,2796.680695
11.153529,34,2796.938176
10.618333,53,2797.37854
8.827647,66,2797.924235
11.026429,9,2797.999371
10.399341,52,2798.519686
10.432941,35,2798.816139
11.084706,36,2799.116151
10.621667,9,2799.20628
10.78,4,2799.250733
9.653235,43,2803.22779
9.397059,54,2803.630071
11.182051,20,2803.790477
10.595,1,2803.800446
10.615294,24,2803.995973
11.99,2,2804.011861
10.655588,64,2804.512949
9.99,2,2804.530568
8.577941,64,2805.062945
10.380882,66,2805.658462
9.066471,28,2805.889184
10.598824,43,2806.231728
10.899444,9,2806.297754
10.546765,23,2806.472565
10.378235,44,2806.814684
10.833077,18,2806.954661
10.58,35,2807.216073
9.737647,80,2808.056317
10.443235,30,2808.282761
10.311176,28,2808.497675
9.99,2,2808.512094
10.564412,94,2809.225203
10.430588,59,2809.669777
10.335588,30,2809.89514
10.382059,54,2810.302427
10.579118,44,2810.625423
10.585,3,2810.647155
10.608824,41,2810.963168
10.670588,60,2815.022954
11.323333,2,2815.039586
10.985,3,2815.064029
10.661667,1,2815.073475
10.112647,53,2815.479719
10.933235,32,2815.722674
10.211471,45,2816.05528
11.99,2,2816.073507
10.525,45,2816.403445
10.701765,42,2816.716841
11.213235,25,2816.906932
10.756471,35,2817.160672
10.296765,24,2817.348101
10.51,49,2817.730287
10.6,31,2817.963801
10.623077,11,2818.046934
10.617353,54,2818.456247
