#{"t_start": 1785413145.8284569, "env_id": "None"}
r,l,t
-2.0,1,1.297224
-2.0,1,1.300164
-2.0,1,1.303609
-2.0,1,1.306344
-2.0,1,1.309119
-2.0,1,1.311463
-2.0,1,1.313989
-2.0,1,1.316563
-2.0,1,1.318892
-2.0,1,1.321435
-2.0,1,1.323439
-2.0,1,1.325563
-2.0,1,1.327863
-2.0,1,1.330474
-2.0,1,1.333403
-2.0,1,1.336655
-2.0,1,1.339339
-2.0,1,1.341437
-2.0,1,1.343124
-2.0,1,1.344761
-2.0,1,1.34645
-2.0,1,1.348068
-2.0,1,1.349699
-2.0,1,1.351299
-2.0,1,1.352902
-2.0,1,1.354481
-2.0,1,1.356551
-2.0,1,1.358971
-2.0,1,1.360764
-2.0,1,1.362601
-2.0,1,1.364867
-2.0,1,1.368228
-2.0,1,1.371234
-2.0,1,1.373894
-2.0,1,1.375713
-2.0,1,1.377571
-2.0,1,1.379316
-2.0,1,1.381049
-2.0,1,1.382717
-2.0,1,1.384292
-2.0,1,1.386481
-2.0,1,1.388057
-2.0,1,1.389971
-2.0,1,1.391656
-2.0,1,1.393487
-2.0,1,1.395175
-2.0,1,1.397125
-2.0,1,1.399621
-2.0,1,1.401998
-2.0,1,1.404161
-2.0,1,1.406191
-2.0,1,1.408165
-2.0,1,1.410092
-2.0,1,1.411638
-2.0,1,1.413363
-2.0,1,1.415766
-2.0,1,1.417798
-2.0,1,1.41969
-2.0,1,1.42159
-2.0,1,1.424155
-2.0,1,1.426778
-2.0,1,1.428951
-2.0,1,1.431154
-2.0,1,1.433075
-2.0,1,1.435004
-2.0,1,1.436925
-2.0,1,1.438803
-2.0,1,1.440506
-2.0,1,1.442276
-2.0,1,1.444078
-2.0,1,1.446341
-2.0,1,1.456463
-2.0,1,1.459124
-2.0,1,1.461498
-2.0,1,1.463731
-2.0,1,1.465499
-2.0,1,1.46729
-2.0,1,1.46925
-2.0,1,1.470917
-2.0,1,1.472704
-2.0,1,1.474795
-2.0,1,1.476562
-2.0,1,1.478397
-2.0,1,1.480648
-2.0,1,1.483429
-2.0,1,1.485554
-2.0,1,1.487478
-2.0,1,1.489307
-2.0,1,1.491166
-2.0,1,1.493063
-2.0,1,1.494925
-2.0,1,1.497936
-2.0,1,1.500912
-2.0,1,1.50329
-2.0,1,1.507077
-2.0,1,1.509581
-2.0,1,1.5117
-2.0,1,1.513596
-2.0,1,1.515548
-2.0,1,1.517488
-2.0,1,1.520179
-2.0,1,1.522095
-2.0,1,1.523907
-2.0,1,1.525787
-2.0,1,1.527714
-2.0,1,1.529605
-2.0,1,1.532139
-2.0,1,1.534245
-2.0,1,1.536244
-2.0,1,1.538268
-2.0,1,1.540322
-2.0,1,1.542013
-2.0,1,1.544
-2.0,1,1.545817
-2.0,1,1.5479
-2.0,1,1.550712
-2.0,1,1.5535
-2.0,1,1.555722
-2.0,1,1.558244
-2.0,1,1.561277
-2.0,1,1.566012
-2.0,1,1.569053
-2.0,1,1.57166
-2.0,1,1.574122
-2.0,1,1.576509
-2.0,1,1.578485
-2.0,1,1.580499
-2.0,1,1.583967
-2.0,1,1.586286
-2.0,1,1.588648
-2.0,1,1.591318
-2.0,1,1.593943
-2.0,1,1.596106
-2.0,1,1.599381
-2.0,1,1.602326
-2.0,1,1.60453
-2.0,1,1.606226
-2.0,1,1.607971
-2.0,1,1.609614
-2.0,1,1.611189
-2.0,1,1.612888
-2.0,1,1.615602
-2.0,1,1.617602
-2.0,1,1.619689
-2.0,1,1.621844
-2.0,1,1.623689
-2.0,1,1.625841
-2.0,1,1.627486
-2.0,1,1.629607
-2.0,1,1.632292
-2.0,1,1.634384
-2.0,1,1.636234
-2.0,1,1.640507
-2.0,1,1.642205
-2.0,1,1.643864
-2.0,1,1.64552
-2.0,1,1.647707
-2.0,1,1.649398
-2.0,1,1.65111
-2.0,1,1.652876
-2.0,1,1.655049
-2.0,1,1.657107
-2.0,1,1.661552
-2.0,1,1.663527
-2.0,1,1.665352
-2.0,1,1.666941
-2.0,1,1.668767
-2.0,1,1.67044
-2.0,1,1.672164
-2.0,1,1.67376
-2.0,1,1.675459
-2.0,1,1.677037
-2.0,1,1.67874
-2.0,1,1.680933
-2.0,1,1.682693
-2.0,1,1.684389
-2.0,1,1.68606
-2.0,1,1.688793
-2.0,1,1.690518
-2.0,1,1.692159
-2.0,1,1.693973
-2.0,1,1.695778
-2.0,1,1.697544
-2.0,1,1.699273
-2.0,1,1.700982
-2.0,1,1.702595
-2.0,1,1.704453
-2.0,1,1.706171
-2.0,1,1.707881
-2.0,1,1.709604
-2.0,1,1.711538
-2.0,1,1.714064
-2.0,1,1.716742
-2.0,1,1.718849
-2.0,1,1.721283
-2.0,1,1.723195
-2.0,1,1.725115
-2.0,1,1.727222
-2.0,1,1.729351
-2.0,1,1.731528
-2.0,1,1.733803
-2.0,1,1.73609
-2.0,1,1.737851
-2.0,1,1.740023
-2.0,1,1.741679
-2.0,1,1.743877
-2.0,1,1.745823
-2.0,1,1.747782
-2.0,1,1.750043
-2.0,1,1.752036
-2.0,1,1.753999
-2.0,1,1.756313
-2.0,1,1.758395
-2.0,1,1.760392
-2.0,1,1.76316
-2.0,1,1.766147
-2.0,1,1.76804
-2.0,1,1.769791
-2.0,1,1.771808
-2.0,1,1.773646
-2.0,1,1.77563
-2.0,1,1.777537
-2.0,1,1.779362
-2.0,1,1.781305
-2.0,1,1.783507
-2.0,1,1.785357
-2.0,1,1.787157
-2.0,1,1.789133
-2.0,1,1.791196
-2.0,1,1.793139
-2.0,1,1.794949
-2.0,1,1.796879
-2.0,1,1.798754
-2.0,1,1.800804
-2.0,1,1.802569
-2.0,1,1.805254
-2.0,1,1.80781
-2.0,1,1.809681
-2.0,1,1.811648
-2.0,1,1.813545
-2.0,1,1.815697
-2.0,1,1.817563
-2.0,1,1.819344
-2.0,1,1.821744
-2.0,1,1.823768
-2.0,1,1.825673
-2.0,1,1.827499
-2.0,1,1.829359
-2.0,1,1.831362
-2.0,1,1.833665
-2.0,1,1.835637
-2.0,1,1.837681
-2.0,1,1.839435
-2.0,1,1.841337
-2.0,1,1.843329
-2.0,1,1.84542
-2.0,1,1.847276
-2.0,1,1.849526
-2.0,1,1.851686
-2.0,1,1.853672
-2.0,1,1.855815
-2.0,1,1.85788
-2.0,1,1.860029
-2.0,1,1.861889
-2.0,1,1.863877
-2.0,1,1.866028
-2.0,1,1.869905
-2.0,1,1.873011
-2.0,1,1.875653
-2.0,1,1.87776
-2.0,1,1.88016
-2.0,1,1.886765
-2.0,1,1.889596
-2.0,1,1.891621
-2.0,1,1.893464
-2.0,1,1.895481
-2.0,1,1.897532
5.0,1,1.899664
-2.0,1,1.901926
-2.0,1,1.904188
-2.0,1,1.906461
-2.0,1,1.90858
-2.0,1,1.910616
-2.0,1,1.912837
-2.0,1,1.914885
-2.0,1,1.917257
-2.0,1,1.919755
-2.0,1,1.922325
-2.0,1,1.924079
-2.0,1,1.926037
-2.0,1,1.927994
-2.0,1,1.929796
-2.0,1,1.931554
-2.0,1,1.933465
-2.0,1,1.935423
-2.0,1,1.937407
-2.0,1,1.940572
-2.0,1,1.942942
-2.0,1,1.944973
-2.0,1,1.947132
-2.0,1,1.949297
-2.0,1,1.951802
-2.0,1,1.953819
-2.0,1,1.956006
-2.0,1,1.958223
-2.0,1,1.960536
-2.0,1,1.962867
-2.0,1,1.965206
-2.0,1,1.967862
-2.0,1,1.970192
-2.0,1,1.972602
-2.0,1,1.974843
-2.0,1,1.978852
-2.0,1,1.98279
-2.0,1,1.984837
-2.0,1,1.988172
-2.0,1,1.99121
-2.0,1,1.993736
-2.0,1,1.996235
-2.0,1,1.998826
-2.0,1,2.001655
-2.0,1,2.004227
-2.0,1,2.006928
-2.0,1,2.009686
-2.0,1,2.012479
-2.0,1,2.01502
-2.0,1,2.017409
-2.0,1,2.020291
-2.0,1,2.022453
-2.0,1,2.024707
-2.0,1,2.026584
-2.0,1,2.028522
-2.05,2,2.032676
-2.0,1,2.034975
-2.0,1,2.038113
-2.0,1,2.040449
-2.0,1,2.042618
-2.0,1,2.044717
-2.0,1,2.046689
-2.0,1,2.048769
-2.0,1,2.050874
-2.0,1,2.053025
-2.0,1,2.054978
-2.0,1,2.056989
-2.0,1,2.058925
-2.0,1,2.060871
-2.0,1,2.062814
-2.0,1,2.064849
-2.0,1,2.06672
-2.0,1,2.068696
-2.0,1,2.070646
-2.0,1,2.072625
-2.0,1,2.074573
-2.0,1,2.076539
-2.0,1,2.078596
-2.0,1,2.080604
-2.0,1,2.082548
-2.0,1,2.084469
-2.0,1,2.086408
-2.0,1,2.08839
-2.0,1,2.090354
-2.0,1,2.0923
-2.0,1,2.094269
-2.0,1,2.096235
-2.0,1,2.098182
-2.0,1,2.100089
-2.0,1,2.10199
-2.0,1,2.103991
-2.05,2,2.107961
-2.0,1,2.109916
-2.0,1,2.111877
-2.0,1,2.113853
-2.0,1,2.115849
-2.0,1,2.117821
-2.0,1,2.119769
-2.0,1,2.121757
-2.05,2,2.125667
-2.0,1,2.127629
-2.0,1,2.129558
-2.0,1,2.131529
-2.0,1,2.133449
-2.0,1,2.135378
-2.0,1,2.137305
-2.0,1,2.139282
-2.0,1,2.141249
-2.0,1,2.143235
-2.0,1,2.145211
-2.0,1,2.147312
-2.0,1,2.149381
-2.0,1,2.151284
-2.0,1,2.153253
-2.0,1,2.155174
-2.0,1,2.157135
-2.0,1,2.159059
-2.0,1,2.16099
-2.0,1,2.162833
-2.0,1,2.164679
-2.0,1,2.166579
-2.0,1,2.168451
-2.0,1,2.170339
-2.0,1,2.172084
-2.0,1,2.173959
-2.0,1,2.17582
-2.0,1,2.177736
-2.0,1,2.179624
-2.0,1,2.181523
-2.0,1,2.183398
-2.0,1,2.185277
-2.0,1,2.187144
-2.0,1,2.188991
-2.0,1,2.190855
-2.0,1,2.192691
-2.0,1,2.194577
-2.0,1,2.196433
-2.0,1,2.198362
-2.0,1,2.200216
-2.0,1,2.202103
-2.0,1,2.203832
-2.0,1,2.205657
-2.0,1,2.207581
-2.0,1,2.209457
-2.0,1,2.211251
-2.0,1,2.213025
-2.0,1,2.214813
-2.0,1,2.216639
-2.0,1,2.218568
-2.0,1,2.220719
-2.0,1,2.223029
-2.0,1,2.225433
-2.0,1,2.227735
-2.0,1,2.230446
-2.0,1,2.233779
-2.0,1,2.235684
-2.0,1,2.237486
-2.0,1,2.239316
-2.0,1,2.241106
-2.0,1,2.243231
-2.0,1,2.245655
-2.0,1,2.247572
-2.0,1,2.24984
-2.0,1,2.251684
-2.0,1,2.253492
-2.0,1,2.255462
-2.0,1,2.257296
-2.0,1,2.25916
-2.0,1,2.261174
-2.0,1,2.263375
-2.0,1,2.265415
-2.0,1,2.267445
-2.0,1,2.269504
-2.0,1,2.271622
-2.0,1,2.27343
-2.0,1,2.27554
-2.0,1,2.277637
-2.0,1,2.279681
-2.0,1,2.281863
-2.0,1,2.283967
-2.0,1,2.286058
-2.0,1,2.288166
-2.0,1,2.290322
-2.0,1,2.292581
-2.0,1,2.295412
-2.0,1,2.298072
-2.0,1,2.300663
-2.0,1,2.303185
-2.0,1,2.305563
-2.0,1,2.308073
-2.0,1,2.310534
-2.0,1,2.312748
-2.0,1,2.315067
-2.0,1,2.317368
-2.0,1,2.319547
-2.0,1,2.321905
-2.0,1,2.323911
-2.0,1,2.325517
-2.0,1,2.327156
-2.0,1,2.328768
-2.0,1,2.330774
-2.0,1,2.33273
-2.0,1,2.334696
-2.0,1,2.336683
-2.0,1,2.338512
-2.0,1,2.340307
-2.0,1,2.342308
-2.0,1,2.344286
-2.0,1,2.346316
-2.0,1,2.348319
-2.0,1,2.350416
-2.0,1,2.352568
-2.0,1,2.355347
-2.0,1,2.358253
-2.0,1,2.360966
-2.0,1,2.364111
-2.0,1,2.366842
-2.0,1,2.369441
-2.0,1,2.372588
-2.0,1,2.375713
-2.0,1,2.378875
-2.0,1,2.381978
-2.0,1,2.38526
-2.0,1,2.387784
-2.0,1,2.389844
-2.0,1,2.392478
-2.0,1,2.394578
-2.0,1,2.397008
-2.0,1,2.399355
-2.0,1,2.401676
-2.0,1,2.404061
-2.0,1,2.407253
-2.0,1,2.409818
-2.0,1,2.412685
-2.0,1,2.415504
-2.0,1,2.418313
-2.0,1,2.42111
-2.0,1,2.423903
-2.0,1,2.426711
-2.0,1,2.42961
-2.0,1,2.432072
-2.0,1,2.4353
-2.0,1,2.438638
-2.0,1,2.443747
-2.0,1,2.446935
-2.0,1,2.449763
-2.0,1,2.452858
-2.0,1,2.455651
-2.0,1,2.457962
-2.0,1,2.460806
-2.0,1,2.463758
-2.0,1,2.467322
-2.0,1,2.471936
-2.0,1,2.476774
-2.0,1,2.480538
-2.0,1,2.484107
-2.0,1,2.486749
-2.0,1,2.489689
-2.0,1,2.492206
-2.0,1,2.494957
-2.0,1,2.49754
-2.0,1,2.500054
-2.0,1,2.50237
-2.0,1,2.504801
-2.0,1,2.507412
-2.0,1,2.510114
-2.0,1,2.512722
-2.0,1,2.515309
-2.0,1,2.517921
-2.0,1,2.520435
-2.0,1,2.522989
-2.0,1,2.52555
-2.0,1,2.528127
-2.0,1,2.530525
-2.0,1,2.533304
-2.0,1,2.53584
-2.0,1,2.538828
-2.0,1,2.54132
-2.0,1,2.543332
-2.0,1,2.545636
-2.0,1,2.547848
-2.0,1,2.550024
-2.0,1,2.552351
-2.0,1,2.554582
-2.0,1,2.559377
-2.0,1,2.562142
-2.0,1,2.564987
-2.0,1,2.576483
-2.0,1,2.579796
-2.0,1,2.582227
-2.0,1,2.584378
-2.0,1,2.587951
-2.0,1,2.592103
-2.0,1,2.59497
-2.0,1,2.598318
-2.0,1,2.601041
-2.0,1,2.605008
-2.0,1,2.608313
-2.0,1,2.610908
-2.0,1,2.613065
-2.0,1,2.614735
-2.0,1,2.616329
-2.0,1,2.617889
-2.0,1,2.619991
-2.0,1,2.630221
-2.0,1,2.632309
-2.0,1,2.634391
-2.0,1,2.636836
-2.0,1,2.640605
-2.0,1,2.643871
-2.0,1,2.646943
-2.0,1,2.649556
-2.0,1,2.651908
-2.0,1,2.655275
-2.0,1,2.659539
-2.0,1,2.66524
-2.0,1,2.668012
-2.0,1,2.672461
-2.0,1,2.677002
-2.0,1,2.68001
-2.0,1,2.682752
-2.0,1,2.685083
-2.0,1,2.690481
-2.0,1,2.693701
-2.0,1,2.696709
-2.0,1,2.699476
-2.0,1,2.702022
-2.0,1,2.705831
-2.0,1,2.716462
-2.0,1,2.721167
-2.0,1,2.725148
-2.0,1,2.728513
-2.0,1,2.731323
-2.0,1,2.734128
-2.0,1,2.737618
-2.0,1,2.747896
-2.0,1,2.750784
-2.0,1,2.754165
-2.0,1,2.758634
-2.0,1,2.761878
-2.0,1,2.765591
-2.0,1,2.76838
-2.0,1,2.772108
-2.0,1,2.775604
-2.0,1,2.778678
-2.0,1,2.782056
-2.0,1,2.78454
-2.0,1,2.787675
-2.0,1,2.790417
-2.0,1,2.792552
-2.0,1,2.794433
-2.0,1,2.7962
-2.0,1,2.798042
-2.0,1,2.799842
-2.0,1,2.801837
-2.0,1,2.804096
-2.0,1,2.806183
-2.0,1,2.808125
-2.0,1,2.809976
-2.0,1,2.811913
-2.0,1,2.814321
-2.0,1,2.816519
-2.0,1,2.818764
-2.0,1,2.821462
-2.0,1,2.824406
-2.0,1,2.826309
-2.0,1,2.828285
-2.0,1,2.830844
-2.0,1,2.832694
-2.0,1,2.834485
-2.0,1,2.83637
-2.0,1,2.839316
-2.0,1,2.842684
-2.0,1,2.845866
-2.0,1,2.847835
-2.0,1,2.84977
-2.0,1,2.851838
-2.0,1,2.853709
-2.0,1,2.856506
-2.0,1,2.858639
-2.0,1,2.860733
-2.0,1,2.863065
-2.0,1,2.868055
-2.0,1,2.871478
-2.0,1,2.874943
-2.0,1,2.877768
-2.0,1,2.880968
-2.0,1,2.884113
-2.0,1,2.886811
-2.0,1,2.889905
-2.0,1,2.892666
-2.0,1,2.897025
-2.0,1,2.89926
-2.0,1,2.901831
-2.0,1,2.904034
-2.05,2,2.909065
-2.0,1,2.912852
-2.0,1,2.915324
-2.0,1,2.917778
-2.0,1,2.919919
-2.0,1,2.924478
-2.0,1,2.926669
-2.0,1,2.929135
-2.0,1,2.93763
-2.0,1,2.941911
-2.0,1,2.945143
-2.0,1,2.951281
-2.0,1,2.954856
-2.0,1,2.957859
-2.0,1,2.960432
-2.0,1,2.963136
-2.0,1,2.967033
-2.0,1,2.97048
-2.0,1,2.97318
-2.0,1,2.976065
-2.0,1,2.978569
-2.0,1,2.982212
-2.0,1,2.985301
-2.0,1,2.988059
-2.0,1,2.99047
-2.0,1,2.992667
-2.0,1,2.994784
-2.0,1,2.998106
-2.0,1,3.001249
-2.0,1,3.004275
-2.0,1,3.006509
-2.0,1,3.008317
-2.0,1,3.010312
-2.0,1,3.013251
-2.0,1,3.017776
-2.0,1,3.021122
-2.0,1,3.023932
-2.0,1,3.0265
-2.0,1,3.028253
-2.0,1,3.031781
-2.0,1,3.034333
-2.0,1,3.039215
-2.0,1,3.041602
-2.0,1,3.043524
-2.0,1,3.045529
-2.0,1,3.049149
-2.0,1,3.051506
-2.0,1,3.054449
-2.0,1,3.056954
-2.0,1,3.059292
-2.0,1,3.062057
-2.0,1,3.065306
-2.0,1,3.06808
-2.0,1,3.070918
-2.0,1,3.073617
-2.0,1,3.076321
-2.0,1,3.079273
-2.0,1,3.0822
-2.0,1,3.084563
-2.0,1,3.086872
-2.0,1,3.088979
-2.0,1,3.091175
-2.0,1,3.093216
-2.0,1,3.095093
-2.0,1,3.098939
-2.0,1,3.101226
-2.0,1,3.103251
-2.0,1,3.10538
-2.0,1,3.107428
-2.0,1,3.109723
-2.0,1,3.112657
-2.0,1,3.115835
-2.0,1,3.118044
-2.0,1,3.120205
-2.0,1,3.123004
-2.0,1,3.125437
-2.0,1,3.12798
-2.0,1,3.133315
-2.0,1,3.138088
-2.0,1,3.140977
-2.0,1,3.143741
-2.0,1,3.146125
-2.0,1,3.149327
-2.0,1,3.151955
-2.0,1,3.154408
-2.0,1,3.156775
-2.0,1,3.159276
-2.0,1,3.161463
-2.0,1,3.163399
-2.0,1,3.165378
-2.0,1,3.167338
-2.0,1,3.169029
-2.0,1,3.17167
-2.0,1,3.174703
-2.0,1,3.176908
-2.0,1,3.178928
-2.0,1,3.180796
-2.0,1,3.182655
-2.0,1,3.184678
-2.0,1,3.186668
-2.0,1,3.188773
-2.0,1,3.190785
-2.0,1,3.192516
-2.0,1,3.194328
-2.0,1,3.196198
-2.0,1,3.198002
-2.05,2,3.202718
-2.0,1,3.204481
-2.0,1,3.20657
-2.0,1,3.208483
-2.0,1,3.210279
-2.0,1,3.212175
-2.0,1,3.214401
-2.0,1,3.216452
-2.0,1,3.227447
-2.0,1,3.229422
-2.0,1,3.2312
-2.0,1,3.233032
-2.0,1,3.234961
-2.0,1,3.236787
-2.0,1,3.238678
-2.0,1,3.240481
-2.0,1,3.242553
-2.0,1,3.244663
-2.0,1,3.246895
-2.0,1,3.249595
-2.0,1,3.25189
-2.0,1,3.254185
-2.0,1,3.256266
-2.0,1,3.258581
-2.0,1,3.262197
-2.0,1,3.264025
-2.0,1,3.266087
-2.0,1,3.26835
-2.0,1,3.270308
-2.0,1,3.272446
-2.0,1,3.274537
-2.0,1,3.276568
-2.0,1,3.280076
-2.0,1,3.282474
-2.0,1,3.284831
-2.0,1,3.286753
-2.0,1,3.288884
-2.0,1,3.290697
-2.0,1,3.292556
-2.0,1,3.294405
-2.0,1,3.296304
-2.05,2,3.303606
-2.0,1,3.306425
-2.0,1,3.309257
-2.0,1,3.31163
-2.0,1,3.313882
-2.0,1,3.316378
-2.0,1,3.319207
-2.0,1,3.322417
-2.0,1,3.326195
-2.0,1,3.328637
-2.0,1,3.330979
-2.0,1,3.333291
-2.0,1,3.335785
-2.0,1,3.33827
-2.0,1,3.340407
-2.0,1,3.342422
-2.0,1,3.344751
-2.0,1,3.346929
-2.0,1,3.349027
-2.0,1,3.351739
-2.0,1,3.353921
-2.0,1,3.356269
-2.0,1,3.359082
-2.05,2,3.363245
-2.0,1,3.365373
-2.0,1,3.368372
-2.0,1,3.371261
-2.0,1,3.373734
-2.0,1,3.376019
-2.0,1,3.378136
-2.0,1,3.380163
-2.0,1,3.382102
-2.0,1,3.385065
-2.0,1,3.387434
-2.0,1,3.389819
-2.0,1,3.391808
-2.0,1,3.393994
-2.0,1,3.39617
-2.0,1,3.398001
-2.0,1,3.400421
-2.0,1,3.402637
-2.0,1,3.405179
-2.0,1,3.407396
-2.0,1,3.409974
-2.0,1,3.413494
-2.0,1,3.417019
-2.0,1,3.419216
-2.0,1,3.421587
-2.0,1,3.42379
-2.0,1,3.425995
-2.0,1,3.428322
-2.0,1,3.430643
-2.0,1,3.434963
-2.0,1,3.43769
-2.0,1,3.441176
-2.0,1,3.444663
-2.0,1,3.448128
-2.0,1,3.451098
-2.0,1,3.454003
-2.0,1,3.456371
-2.0,1,3.458568
-2.0,1,3.460728
-2.0,1,3.462959
-2.0,1,3.464954
-2.0,1,3.467159
-2.0,1,3.46928
-2.0,1,3.471281
-2.0,1,3.473363
-2.0,1,3.47543
-2.0,1,3.477442
-2.0,1,3.479573
-2.0,1,3.481745
-2.0,1,3.483856
-2.0,1,3.485862
-2.0,1,3.487883
-2.0,1,3.489967
-2.0,1,3.491867
-2.0,1,3.493883
-2.0,1,3.495937
-2.0,1,3.498018
-2.0,1,3.500071
-2.0,1,3.502046
-2.0,1,3.504268
-2.0,1,3.505998
-2.0,1,3.508051
-2.0,1,3.509764
-2.0,1,3.51177
-2.0,1,3.51346
-2.0,1,3.515322
-2.0,1,3.517163
-2.0,1,3.519149
-2.0,1,3.521111
-2.0,1,3.523015
-2.0,1,3.524847
-2.0,1,3.526753
-2.0,1,3.528659
-2.0,1,3.530544
-2.0,1,3.532438
-2.0,1,3.534347
-2.0,1,3.536238
-2.0,1,3.538145
-2.0,1,3.540021
-2.0,1,3.541916
-2.0,1,3.543797
-2.0,1,3.545694
-2.0,1,3.547617
-2.0,1,3.549549
-2.0,1,3.551484
-2.0,1,3.553344
-2.0,1,3.555211
-2.0,1,3.557037
-2.0,1,3.558853
-2.0,1,3.560678
-2.0,1,3.562544
-2.0,1,3.564363
-2.0,1,3.566234
-2.0,1,3.568037
-2.0,1,3.569885
-2.0,1,3.571724
-2.0,1,3.573573
-2.0,1,3.575398
-2.0,1,3.57723
-2.0,1,3.579032
-2.0,1,3.580798
-2.0,1,3.582625
-2.0,1,3.584471
-2.0,1,3.586263
-2.0,1,3.588018
-2.0,1,3.589861
-2.0,1,3.591723
-2.0,1,3.593583
-2.0,1,3.59537
-2.0,1,3.597144
-2.0,1,3.598947
-2.0,1,3.600711
-2.0,1,3.602637
-2.0,1,3.604369
-2.0,1,3.606365
-2.0,1,3.608418
-2.0,1,3.610183
-2.0,1,3.611885
-2.0,1,3.613654
-2.0,1,3.615381
-2.0,1,3.617336
-2.0,1,3.619328
-2.0,1,3.621233
-2.0,1,3.623062
-2.0,1,3.624834
-2.0,1,3.627639
-2.0,1,3.629544
-2.0,1,3.631479
-2.0,1,3.633361
-2.0,1,3.635416
-2.0,1,3.63726
-2.0,1,3.639191
-2.0,1,3.641136
-2.0,1,3.642945
-2.0,1,3.644824
-2.0,1,3.646699
-2.0,1,3.648635
-2.0,1,3.650539
-2.0,1,3.653207
-2.0,1,3.656432
-2.0,1,3.679863
-2.0,1,3.682654
-2.0,1,3.686726
-2.0,1,3.691856
-2.0,1,3.695694
-2.0,1,3.6988
-2.0,1,3.701209
-2.0,1,3.703707
-2.0,1,3.706357
-2.0,1,3.708874
-2.0,1,3.711286
-2.0,1,3.713649
-2.0,1,3.72066
-2.0,1,3.724036
-2.0,1,3.727241
-2.0,1,3.729753
-2.0,1,3.733281
-2.0,1,3.736833
-2.0,1,3.739507
-2.0,1,3.741909
-2.0,1,3.744014
-2.0,1,3.746301
-2.0,1,3.748546
-2.0,1,3.75088
-2.0,1,3.753298
-2.0,1,3.755352
-2.0,1,3.758082
-2.0,1,3.760123
-2.0,1,3.762469
-2.0,1,3.76582
-2.0,1,3.769724
-2.0,1,3.77246
-2.0,1,3.776013
-2.0,1,3.778114
-2.0,1,3.78194
-2.05,2,7.047621
-2.0,1,7.049736
4.75,2,7.053754
4.75,2,7.057765
4.75,2,7.061699
-2.0,1,7.063622
4.75,2,7.067606
4.75,2,7.071729
4.75,2,7.075653
4.75,2,7.079617
4.75,2,7.083556
4.75,2,7.08748
5.0,1,7.089454
-2.05,2,7.093438
5.0,1,7.095532
-2.0,1,7.097444
5.0,1,7.099436
5.0,1,7.101392
5.0,1,7.103392
5.0,1,7.10553
-2.0,1,7.107652
-2.05,2,7.111617
-2.0,1,7.113616
4.75,2,7.117577
5.0,1,7.119524
-2.0,1,7.121616
5.0,1,7.123788
5.0,1,7.125719
4.75,2,7.129829
-2.0,1,7.131826
-2.05,2,7.135893
4.75,2,7.139902
-2.05,2,7.143799
-2.05,2,7.147732
5.0,1,7.149775
-2.0,1,7.152181
5.0,1,7.154341
5.0,1,7.156518
5.0,1,7.158469
-2.05,2,7.163142
-2.55,4,7.170703
5.0,1,7.172638
-2.55,4,7.180094
-4.05,10,7.199129
-2.0,1,7.201118
-5.25,18,7.235559
5.0,1,7.237477
-2.0,1,7.239343
-2.0,1,7.241218
5.0,1,7.243144
-2.0,1,7.245012
5.75,2,7.248737
-2.05,2,7.252595
4.75,2,7.256444
4.75,2,7.260184
-2.0,1,7.262095
5.75,2,7.265971
5.0,1,7.267933
-2.3,3,7.273776
-2.0,1,7.275727
-5.25,18,7.311
6.0,1,7.312948
-2.05,2,7.316818
-2.8,5,7.326411
-2.05,2,7.330274
-2.3,3,7.336026
-5.25,18,7.370725
-2.05,2,7.374523
-2.0,1,7.376442
-5.25,18,7.41113
-3.05,6,7.422643
5.0,1,7.4246
-4.8,13,7.449358
-3.55,8,7.464828
-5.8,17,7.497474
4.75,2,7.501435
5.75,2,7.505271
5.0,1,7.507212
6.0,1,7.509144
-2.8,5,7.518822
4.75,2,7.522709
5.0,1,7.524631
-2.3,3,7.530465
6.0,1,7.532371
-5.25,18,7.567022
-4.05,10,7.58612
-4.8,13,7.611151
-3.55,8,7.626751
-2.0,1,7.628629
-2.0,1,7.630542
6.0,1,7.632475
-2.05,2,7.636355
5.0,1,7.638311
-5.8,17,7.670789
-3.05,6,7.682316
-2.55,4,7.690191
-3.05,6,7.701903
5.75,2,7.705824
5.75,2,7.709667
-3.05,6,7.721171
5.0,1,7.723122
4.75,2,7.726996
5.0,1,7.72891
-2.3,3,7.734574
-2.0,1,7.736504
-2.0,1,7.738443
-3.55,8,7.754005
-2.0,1,7.755955
-2.0,1,7.757921
6.0,1,7.759907
-5.05,14,7.787349
4.75,2,7.791227
-2.55,4,7.798936
5.0,1,7.800882
-2.3,3,7.806587
-2.0,1,7.808506
-2.0,1,7.810421
-5.25,18,7.84492
4.75,2,7.848751
-2.05,2,7.852525
-5.8,17,7.88501
-2.0,1,7.886915
5.0,1,7.888951
-3.3,7,7.902256
6.0,1,7.904212
-4.05,10,7.922871
4.75,2,7.92659
-2.05,2,7.930283
6.0,1,7.932163
-4.8,13,7.955899
-2.55,4,7.963007
5.0,1,7.964804
5.0,1,7.966632
5.0,1,7.968442
4.75,2,7.971994
-2.0,1,7.973834
6.0,1,7.975693
5.75,2,7.979253
-3.3,7,7.991656
-5.25,18,8.024545
-2.0,1,8.026335
-2.0,1,8.028169
-2.0,1,8.029932
4.75,2,8.033623
-2.3,3,8.03924
4.75,2,8.043054
5.0,1,8.044904
5.0,1,8.046786
-2.0,1,8.048601
4.75,2,8.052226
5.0,1,8.054205
-5.25,18,8.088494
-4.05,10,8.106727
-5.25,18,8.139622
-4.05,10,8.157316
-2.0,1,8.159178
-2.05,2,8.162891
5.0,1,8.1648
6.0,1,8.166644
-2.05,2,8.170225
-2.8,5,8.179338
-5.25,18,8.212154
-3.8,9,8.228362
-2.05,2,8.232026
-2.0,1,8.233893
4.75,2,8.237748
-4.55,12,8.259868
-2.0,1,8.261697
5.0,1,8.263521
-2.05,2,8.267048
4.75,2,8.270608
-2.0,1,8.272408
-2.0,1,8.274259
-2.0,1,8.27608
-5.25,18,8.309723
-2.0,1,8.311541
-2.0,1,8.313434
5.0,1,8.315245
-2.0,1,8.317074
4.75,2,8.320786
4.75,2,8.324598
-2.05,2,8.328421
-2.0,1,8.330284
5.0,1,8.332168
-2.0,1,8.333974
6.0,1,8.335856
-2.05,2,8.339495
-3.55,8,8.35435
-2.0,1,8.356162
-2.8,5,8.365486
-2.05,2,8.369161
-5.25,18,8.402541
-2.05,2,8.406212
-2.0,1,8.408082
-2.0,1,8.410046
4.75,2,8.413859
-2.0,1,8.415771
-2.0,1,8.417697
-2.0,1,8.419548
-2.55,4,8.42691
-2.05,2,8.430704
-2.8,5,8.440038
-2.05,2,8.443965
-2.55,4,8.451711
5.0,1,8.453754
-2.0,1,8.455603
-3.55,8,8.472708
-2.0,1,8.474626
-2.05,2,8.478853
-2.0,1,8.480858
-5.25,18,8.515613
4.75,2,8.519523
-2.0,1,8.521463
5.0,1,8.523451
5.75,2,8.527326
-3.05,6,8.538717
-2.55,4,8.546186
5.0,1,8.548131
-2.0,1,8.550002
-2.0,1,8.551915
6.0,1,8.553898
-2.0,1,8.55574
-2.3,3,8.561677
-2.05,2,8.56552
-2.55,4,8.573076
-5.25,18,8.606855
-4.55,12,8.630314
5.0,1,8.63232
5.75,2,8.63614
-2.0,1,8.638091
4.75,2,8.641959
-4.3,11,8.664204
-2.0,1,8.666206
-5.25,18,8.70123
-2.0,1,8.703103
-2.05,2,8.706931
-2.0,1,8.708851
6.0,1,8.71086
5.0,1,8.712831
-2.0,1,8.714737
6.0,1,8.716743
-4.55,12,8.739867
-2.8,5,8.74929
-2.0,1,8.751158
5.0,1,8.753177
-5.25,18,8.788538
5.75,2,8.792678
-2.0,1,8.794773
-3.05,6,8.807109
-2.05,2,8.811265
-3.3,7,8.82649
5.0,1,8.828793
-2.0,1,8.831016
-2.55,4,8.840111
-2.05,2,8.844743
-2.0,1,8.847188
5.0,1,8.849563
-3.9,11,8.876664
-5.25,18,8.927958
-4.3,11,8.952032
-3.05,6,8.965206
-2.0,1,8.967481
-3.55,8,8.985509
5.75,2,8.990911
5.0,1,8.993227
5.0,1,8.995456
6.0,1,8.997707
-2.05,2,9.002154
-2.8,5,9.013976
-5.25,18,12.556641
-2.3,3,12.565154
5.75,2,12.571371
6.0,1,12.574361
5.75,2,12.580712
6.0,1,12.583698
5.75,2,12.589716
5.0,9,12.616752
-2.05,2,12.622631
5.75,2,12.628184
4.75,2,12.633587
4.75,2,12.639802
-2.0,1,12.642972
4.75,2,12.648826
5.65,4,12.660862
4.75,2,12.666691
-2.0,1,12.669626
6.0,1,12.672594
4.5,11,12.704955
4.85,8,12.727926
5.4,5,12.742409
-2.0,1,12.745282
5.75,2,12.751154
4.75,2,12.757422
-2.0,1,12.760678
4.95,6,12.778321
-2.0,1,12.781467
5.6,5,12.796448
5.95,2,12.802217
-2.1,3,12.81195
5.75,2,12.817235
-2.05,2,12.822418
-4.95,16,12.867019
-5.75,32,12.942204
-5.75,32,13.012814
6.1,11,13.037879
5.0,1,13.040136
-4.45,18,13.080045
-2.05,2,13.084462
-5.55,24,13.138313
-6.15,32,13.213468
-2.0,1,13.215767
8.0,1,13.218149
-3.5,11,13.243799
-4.1,15,13.279178
3.85,12,13.307555
7.1,7,13.324104
-2.0,1,13.326569
-2.05,2,13.331254
-2.0,1,13.333616
-3.4,9,13.354552
-2.85,6,13.368513
7.55,6,13.382673
7.85,4,13.392086
-6.35,32,13.467083
5.95,2,13.471769
-2.35,4,13.48216
-6.95,32,13.562126
-4.4,17,13.601741
7.9,3,13.608466
-6.15,32,13.680314
-6.15,32,13.753594
5.0,1,13.755913
-2.0,1,13.75817
5.0,1,13.760476
-2.3,3,13.767338
8.0,1,13.76966
5.7,11,13.794715
-6.35,32,13.86827
4.75,2,13.872826
-7.05,30,13.940927
-5.95,32,14.0146
-5.95,32,14.09009
5.0,1,14.092612
-2.3,3,14.099447
-2.0,1,14.102671
5.0,1,14.105683
6.2,9,14.127074
-3.7,11,14.154488
5.95,2,14.159643
-5.35,32,14.239148
-3.7,11,14.268091
4.75,2,14.27352
5.1,7,14.291467
-2.0,1,14.293996
-2.0,1,14.29659
-5.55,32,14.382241
-7.15,32,14.463053
4.6,9,14.486084
-4.25,14,14.519899
7.55,6,14.534438
4.3,11,14.561319
-5.55,32,14.641209
-5.55,32,14.723166
5.0,1,14.726038
5.0,1,14.729109
-7.15,32,14.815213
-2.0,1,14.818672
5.0,1,14.822492
-6.35,32,14.914331
-2.0,1,14.917251
-2.0,1,14.920309
7.3,7,14.940254
-2.35,4,14.951041
-5.95,32,15.030943
1.75,30,19.935887
7.9,3,19.942851
7.5,7,19.958525
5.85,16,19.994526
7.5,7,20.010177
6.9,11,20.035125
8.0,1,20.037498
-5.15,32,20.109496
7.75,2,20.113986
-2.0,1,20.116174
8.0,1,20.118434
4.7,11,20.143036
7.7,7,20.158728
-5.15,32,20.230747
7.3,7,20.246549
7.6,5,20.257852
7.9,3,20.26452
6.65,8,20.282471
-2.35,4,20.291428
6.25,16,20.327399
-2.4,5,20.338483
5.25,20,20.383444
-2.6,5,20.394672
-2.55,4,20.403725
-3.8,9,20.423807
-4.6,17,20.462077
6.8,9,20.482314
4.75,2,20.486633
-2.8,9,20.505852
5.3,7,20.52086
4.75,18,20.561328
-2.3,3,20.56797
7.0,9,20.587627
-2.45,6,20.601381
7.65,4,20.6103
8.0,1,20.612525
7.4,9,20.632406
8.0,1,20.634613
5.8,21,20.684383
6.0,1,20.686584
7.6,5,20.697559
6.25,16,20.732265
-2.8,5,20.742991
5.0,17,20.779993
-5.55,32,20.849752
-2.0,1,20.851909
-2.4,5,20.862826
-2.1,3,20.869372
5.0,1,20.871558
-2.0,1,20.873735
-5.95,32,20.943388
6.85,8,20.962649
7.65,4,20.973222
7.4,5,20.986767
5.35,18,21.035205
6.0,1,21.038044
7.1,7,21.056427
4.75,2,21.063789
6.05,12,21.105244
7.95,2,21.112357
6.95,10,21.145193
7.7,3,21.15263
6.0,21,21.214496
7.8,5,21.235241
-2.05,2,21.241787
6.9,7,21.264742
6.4,13,21.30195
7.95,2,21.307271
-5.95,32,21.390217
-2.0,1,21.392815
8.0,1,21.395484
5.0,1,21.398206
-4.15,20,21.448664
5.95,18,21.492654
7.9,3,21.499843
6.7,15,21.535934
9.4,9,21.591398
-9.25,50,21.70598
-6.2,25,21.763077
-2.0,1,21.765337
-4.9,23,21.818184
7.75,14,21.850339
4.75,2,21.854922
-4.65,18,21.896002
-9.25,50,22.029504
-8.85,50,22.201069
5.9,3,22.211045
7.85,4,22.222906
-8.05,50,22.362987
-4.2,17,22.40966
-8.05,50,27.885683
9.75,2,27.890838
5.9,3,27.901159
-6.5,35,27.998133
10.0,1,28.000529
-3.3,15,28.03941
-7.05,38,28.132631
-8.45,50,28.268834
6.1,27,28.341695
7.8,5,28.357015
9.55,6,28.372813
9.0,9,28.399124
-8.05,50,28.527159
9.95,2,28.53264
5.65,4,28.543308
3.3,39,28.643543
-8.45,50,28.76882
5.0,1,28.771529
7.65,4,28.781726
-2.0,1,28.784184
6.45,28,28.854138
5.75,2,28.859256
-2.75,12,28.890955
-8.85,50,29.023666
-2.05,2,29.029026
-2.55,4,29.039692
6.0,1,29.042327
-2.0,1,29.045149
-8.65,50,29.177628
5.85,4,29.188537
-2.15,4,29.198897
-2.0,1,29.201406
-2.3,3,29.208884
7.65,4,29.218947
-7.35,36,29.310961
-2.15,4,29.320886
10.0,1,29.323756
-2.0,1,29.326348
9.85,4,29.336481
-3.4,9,29.361255
-7.85,50,29.493187
7.9,3,29.500937
9.5,7,29.51764
-2.0,1,29.520064
5.0,1,29.522622
8.9,11,29.549437
-2.4,9,29.570715
-3.45,10,29.594853
8.8,13,29.625623
-7.85,50,29.748183
-4.4,17,29.792305
9.2,9,29.815586
9.35,6,29.830784
6.4,13,29.863683
8.25,16,29.902637
-8.6,49,30.024053
7.35,6,30.04017
5.0,1,30.043754
5.0,1,30.046449
-7.45,50,30.180136
-3.9,15,30.219141
6.55,26,30.285645
6.45,28,30.357136
-2.05,2,30.362037
7.9,3,30.370933
4.75,2,30.375974
6.45,24,30.441435
-2.0,1,30.444153
5.75,2,30.450468
-2.0,1,30.453413
5.95,30,35.243873
-2.2,5,35.254441
7.95,2,35.25867
8.0,1,35.261065
7.45,20,35.305272
8.5,11,35.329291
5.75,26,35.388328
5.95,2,35.392518
9.65,4,35.401527
-4.8,21,35.448044
5.0,1,35.450284
-2.0,1,35.452453
-2.4,5,35.463236
8.1,23,35.513407
9.85,4,35.536095
5.0,1,35.538839
5.25,32,35.621404
-2.4,5,35.63384
7.8,5,35.646134
-2.0,1,35.648409
7.7,19,35.692591
8.9,11,35.718089
7.95,2,35.722942
-2.0,1,35.725185
8.45,12,35.75625
3.35,42,35.87392
-2.0,1,35.87654
10.0,1,35.879318
-2.2,5,35.893283
8.75,10,35.92008
7.95,2,35.92544
5.95,2,35.930686
9.85,4,35.941146
-2.35,4,35.951582
5.65,32,36.038758
9.25,8,36.060067
5.0,1,36.062721
-3.3,11,36.092219
7.3,19,36.142317
8.45,12,36.176034
7.6,29,36.255165
9.8,5,36.268883
7.9,19,36.324678
-2.05,2,36.330511
-2.05,2,36.335857
7.55,6,36.351743
-2.0,1,36.354465
-2.0,1,36.441859
-2.0,1,36.446194
-2.15,4,36.461989
-10.35,72,36.717668
-3.05,6,36.737874
7.6,5,36.75652
-11.15,72,36.94505
-10.75,72,37.142761
-12.15,72,37.335659
-5.4,37,37.434156
-12.15,72,37.62632
-2.55,8,37.647564
4.5,47,37.763392
-2.45,6,37.776452
-2.0,1,37.778744
-13.15,72,42.442784
7.65,4,42.452153
10.85,12,42.480028
-10.55,72,42.643118
5.75,2,42.647371
-2.6,5,42.658081
9.1,19,42.69919
10.85,16,42.733628
5.9,3,42.740235
10.7,11,42.764249
9.35,30,42.829125
11.55,10,42.85138
-3.1,11,42.881758
10.95,10,42.915614
8.45,28,42.990779
7.65,36,43.079424
10.65,16,43.119214
7.35,6,43.13388
3.7,67,43.292449
6.2,37,43.377308
-2.0,1,43.379635
-9.55,72,43.541183
11.05,16,43.577146
11.75,6,43.593771
5.55,50,43.711884
10.45,16,43.750928
7.65,4,43.760699
9.7,7,43.777766
-3.85,18,43.821045
-11.25,70,43.98665
-2.45,6,44.001095
-9.55,72,44.168573
11.55,6,44.18328
11.7,7,44.199112
11.55,10,44.221784
-9.15,72,44.388517
5.0,1,44.390782
6.0,1,44.39307
9.95,18,44.433461
10.75,14,44.463936
-3.15,12,44.491035
11.35,10,44.513067
-2.15,4,44.522112
5.95,2,44.526483
11.7,7,44.541525
8.9,23,44.592309
-2.0,1,44.594525
11.2,13,44.62319
11.15,10,44.646143
5.95,2,44.650829
5.65,48,44.762111
10.75,14,44.799814
11.4,9,44.823806
10.8,13,49.270743
11.85,4,49.27995
-5.1,31,49.350566
10.3,19,49.395599
11.7,7,49.412206
-2.0,1,49.414562
10.15,18,49.457624
-2.55,4,49.467129
11.6,9,49.488404
-2.0,1,49.490751
5.95,2,49.495485
-2.0,1,49.49789
-2.05,2,49.502666
-2.1,3,49.509772
9.7,27,49.573385
11.0,13,49.604301
7.85,4,49.613332
5.0,1,49.615619
-2.1,3,49.622375
-2.0,1,49.624877
10.8,13,49.654844
-2.1,3,49.661867
9.05,24,49.717628
-2.3,7,49.733963
4.35,66,49.889569
-2.1,3,49.896568
8.85,28,49.962623
8.4,29,50.030431
11.1,11,50.05544
11.3,15,50.089411
11.95,2,50.09415
11.4,13,50.124538
-9.95,72,50.295924
-3.7,15,50.329729
10.2,17,50.368942
10.6,17,50.407292
9.8,21,50.455612
11.1,11,50.48053
7.4,5,50.492476
5.0,1,50.49492
11.25,8,50.513811
9.65,20,50.56111
10.45,16,50.599015
-11.15,72,50.769142
10.9,11,50.795083
-4.25,18,50.849465
-3.8,21,50.897561
-7.9,51,51.013128
-3.2,13,51.043014
-15.85,98,51.264564
11.9,23,51.316937
-13.25,98,51.539016
-5.8,37,55.800506
5.05,72,55.965161
-2.15,4,55.974855
5.9,3,55.982199
7.55,50,56.103525
7.6,53,56.229186
12.15,14,56.26321
-6.85,50,56.385921
11.4,29,56.455945
6.45,56,56.590515
10.6,33,56.66748
5.0,1,56.669955
-14.05,98,56.908025
13.75,6,56.922524
-12.85,98,57.153257
-2.05,2,57.157808
11.6,21,57.205491
8.5,47,57.315191
-15.05,98,57.542851
4.55,70,57.703876
-6.75,36,57.78607
-5.0,37,57.867697
7.9,3,57.874646
-2.0,1,57.87752
8.3,39,57.96924
11.75,30,58.034076
10.45,32,58.1064
10.6,29,58.170341
6.95,58,62.550149
-2.0,1,62.552362
11.65,28,62.613923
11.95,2,62.61845
12.75,18,62.659159
-4.45,30,62.725715
-2.0,1,62.728041
12.55,18,62.768503
12.15,26,62.82519
13.6,9,62.845106
12.95,14,62.877154
7.6,5,62.888458
13.5,11,62.913465
10.65,32,62.986744
10.05,40,63.076071
-2.0,1,63.078501
12.15,18,63.118664
7.0,65,63.266847
-2.05,2,63.271595
11.25,24,63.326864
-2.45,6,63.340817
10.0,45,63.442484
12.75,18,63.482571
11.55,26,63.540773
12.55,22,63.590281
-2.2,5,63.601646
13.25,12,63.628833
-2.1,3,63.635673
12.65,16,63.671954
11.6,25,63.727838
-2.15,4,63.736454
4.5,75,63.905751
-2.4,9,63.926157
11.15,30,63.992265
9.6,37,64.071844
-13.65,98,64.284236
7.85,4,64.292861
7.0,57,64.424066
10.8,29,64.488845
6.2,69,64.645337
8.75,46,69.08857
5.9,3,69.095944
7.85,4,69.105673
13.15,14,69.139116
12.25,24,69.199807
11.05,28,69.269094
12.4,21,69.319591
10.35,38,69.411271
9.8,5,69.423712
12.2,17,69.466762
10.85,32,69.547175
13.6,9,69.569719
11.5,23,69.626913
10.45,32,69.706532
-2.0,1,69.708969
11.65,24,69.764353
-2.05,2,69.768945
13.45,8,69.787642
7.6,5,69.799647
13.1,7,69.816334
13.35,10,69.839979
-2.1,3,69.846787
-3.25,10,69.869375
13.7,7,69.885238
-5.95,40,69.975937
13.5,11,70.003869
-2.05,2,70.009108
12.75,14,70.04444
13.05,16,70.084373
13.7,7,70.102316
9.85,4,70.112464
5.9,3,70.128778
-16.4,117,70.387739
-16.95,128,70.686929
-15.75,128,70.991895
-17.15,128,71.297565
0.4,113,75.883745
-17.55,128,76.19058
11.5,39,76.280022
12.8,29,76.348735
6.85,72,76.522429
14.0,25,76.582823
-2.05,2,76.587688
5.0,1,76.590248
9.35,74,76.768847
7.9,3,76.77613
-13.55,128,77.065704
-7.05,46,77.169103
11.45,32,77.242042
12.8,21,77.290428
12.4,37,77.375115
-4.0,17,77.414024
12.7,31,77.487495
-3.55,24,77.543227
-2.6,13,77.574328
-5.3,31,77.646158
5.25,104,77.872798
-2.05,2,77.877301
-3.9,23,77.929377
-2.05,2,77.93384
14.5,23,77.985859
-3.4,17,78.024353
13.4,25,78.081032
14.45,20,78.126558
13.25,28,78.190652
14.75,26,82.546378
14.2,25,82.60166
9.7,7,82.617192
15.05,16,82.652922
5.9,3,82.659376
-2.4,9,82.678826
10.9,63,82.820494
12.9,15,82.854393
14.5,15,82.888475
15.05,12,82.915558
-2.25,6,82.929291
5.95,2,82.933864
13.9,23,82.98658
15.4,13,83.015958
14.45,24,83.070267
9.1,75,83.237649
12.65,40,83.32553
12.05,48,83.431875
-2.4,5,83.443222
13.2,25,83.499644
7.85,4,83.5083
10.85,12,83.535218
13.25,36,83.61658
13.9,27,83.677014
14.25,24,83.731382
14.35,22,83.781545
13.85,24,83.839123
7.95,2,83.843919
-2.2,5,83.855921
15.45,12,83.883763
-7.1,47,83.996189
13.75,30,84.067801
14.05,28,84.132487
6.0,1,84.134868
5.95,2,84.139477
13.8,25,84.196356
-2.35,8,84.214509
-3.45,18,84.255553
-2.15,4,84.2648
-3.15,20,84.310338
12.65,44,84.412108
11.55,42,84.512768
13.7,23,84.568031
5.0,1,84.570504
6.3,99,84.806865
5.95,2,84.811764
-2.25,6,84.826227
14.85,20,89.334557
5.95,2,89.339542
13.6,25,89.402248
10.25,48,89.51176
7.4,85,89.70711
14.8,17,89.745785
-2.8,13,89.775608
10.55,50,89.89084
13.1,31,89.963025
14.2,25,90.024407
14.4,21,90.074833
12.0,33,90.153963
14.55,26,90.217143
-3.7,19,90.262882
14.7,23,90.316733
13.65,28,90.381534
9.45,8,90.400561
13.85,28,90.464544
9.45,76,90.641329
9.6,61,90.782346
5.95,2,90.787349
15.1,15,90.824547
15.6,9,90.846837
14.05,24,90.90513
12.45,32,90.983287
14.4,17,91.024562
11.95,42,91.125937
8.0,1,91.128391
-19.05,162,91.511276
-19.45,162,96.458719
4.45,116,96.714671
9.95,2,96.719262
7.9,3,96.725954
5.0,1,96.728205
15.35,30,96.793997
8.2,81,96.973815
-2.05,2,96.978467
-6.7,51,97.092948
14.0,41,97.185194
-8.85,78,97.365105
10.0,1,97.367543
14.5,39,97.457449
-7.1,55,97.580388
14.0,41,97.669363
-2.3,159,98.036494
-21.65,162,98.456593
-2.95,12,98.487452
-14.25,162,103.351185
15.6,29,103.416812
7.95,2,103.421582
16.05,32,103.497016
15.95,26,103.558911
15.0,29,103.630446
5.0,1,103.632941
14.1,43,103.737131
5.95,2,103.741882
12.2,61,103.885165
12.6,65,104.041562
8.95,94,104.267695
15.95,26,104.330781
12.05,64,104.485636
14.0,41,104.584208
-4.4,37,104.668109
7.85,4,104.677285
-4.0,29,104.747257
12.35,54,104.878013
9.1,87,105.086113
15.25,32,105.162939
11.65,8,105.182073
-2.1,3,105.189299
13.55,58,105.324497
14.15,30,105.390925
9.9,75,105.560308
-2.6,9,109.993754
12.3,59,110.132519
11.8,53,110.258247
14.35,26,110.320681
15.6,33,110.399602
12.1,55,110.531332
16.1,27,110.596198
13.65,44,110.695346
16.05,24,110.74737
11.95,62,110.885926
15.7,35,110.965342
16.6,25,111.023105
16.75,22,111.076132
7.75,6,111.090591
-2.3,7,111.108096
15.9,27,111.169463
11.3,59,111.304947
15.35,34,111.385679
15.45,44,111.491587
14.1,51,111.613121
14.15,34,111.694564
-2.15,4,111.704024
12.4,21,111.753198
17.0,17,111.79332
5.25,124,112.08686
5.0,1,112.089355
16.5,19,112.134311
-2.0,1,112.136674
9.9,3,112.144103
17.1,11,112.170023
14.65,32,112.24318
15.5,27,112.305684
-2.0,1,112.308097
-2.1,3,112.315231
13.0,57,117.172964
16.8,25,117.230306
14.7,39,117.320126
16.85,20,117.366778
14.05,44,117.468775
5.9,3,117.475786
11.1,59,117.6149
16.35,18,117.656273
-2.25,6,117.669961
16.1,27,117.733517
16.3,27,117.797135
12.9,47,117.909339
15.55,34,117.987854
5.0,1,117.990232
13.2,41,118.084091
-2.45,6,118.097879
14.95,34,118.17752
14.65,40,118.271602
15.25,32,118.347239
14.8,37,118.433362
-2.3,7,118.449483
12.65,60,118.589872
10.9,63,118.740305
7.05,96,118.981243
5.0,1,118.983658
13.55,58,119.126642
15.8,33,119.20744
17.3,15,119.244075
12.6,57,119.387856
16.55,22,119.443532
-2.45,6,119.458277
16.5,27,119.527961
15.9,35,123.667612
15.55,26,123.722887
17.15,14,123.752681
2.55,106,123.980774
15.2,33,124.051601
16.7,19,124.094503
9.65,8,124.113204
15.85,24,124.168396
-3.45,30,124.238581
17.0,21,124.28939
6.0,1,124.29185
-3.7,23,124.348074
-2.15,4,124.357945
13.7,39,124.455655
16.4,17,124.498613
17.2,17,124.541963
17.65,8,124.562215
15.55,34,124.645432
17.15,14,124.679681
14.4,41,124.786238
16.65,28,124.860014
-2.0,1,124.862639
15.9,23,124.922961
-22.55,200,125.454244
-23.75,200,125.957603
-1.15,180,130.869073
-2.85,14,130.902444
15.15,54,131.03256
16.15,46,131.143142
14.55,58,131.277989
9.8,5,131.290138
18.6,25,131.348104
7.8,5,131.359462
-3.3,27,131.421525
-2.0,1,131.42375
16.8,49,131.536854
-27.55,192,131.976673
16.4,49,132.092154
17.15,38,132.183715
8.85,108,132.472286
-2.8,13,132.513459
11.6,85,132.771242
7.9,3,132.780364
-3.8,21,132.844867
16.9,47,132.987836
16.35,54,133.15802
-11.65,94,138.502838
-3.95,32,138.580756
-10.25,94,138.814532
19.25,16,138.853436
16.45,32,138.930197
17.1,39,139.021548
-25.35,200,139.497552
-9.8,85,139.691893
16.9,35,139.771868
15.25,56,139.89028
-12.1,95,140.112383
15.1,15,140.148821
19.05,16,140.187382
16.15,42,140.289743
17.6,37,140.376347
-3.1,15,140.410633
17.75,34,140.492122
17.05,44,140.601468
15.55,38,140.699746
-2.75,16,140.740936
-3.1,23,145.453302
5.95,2,145.458686
-2.2,5,145.471538
16.15,38,145.569956
18.15,30,145.647088
-2.35,8,145.667785
6.0,1,145.670424
-2.65,14,145.706348
17.05,40,145.810979
17.05,40,145.914067
6.2,129,146.231559
5.0,1,146.23411
5.9,3,146.241458
17.55,34,146.325028
15.75,46,146.436917
16.9,47,146.558791
-2.1,3,146.566746
10.35,110,146.840297
-2.0,1,146.842688
12.6,65,146.996341
18.85,24,147.051781
19.25,12,147.080553
15.75,54,147.214827
14.85,44,147.32172
13.45,68,147.488692
-2.8,17,147.531325
16.75,46,147.6481
19.1,15,147.684701
17.7,31,147.759829
16.65,48,147.875009
16.4,45,152.685439
18.95,18,152.732011
11.65,8,152.751987
-2.0,1,152.754507
11.6,89,152.978672
2.15,170,153.401216
8.15,114,153.67207
15.35,14,153.70743
19.2,17,153.751007
-2.55,12,153.781854
18.85,24,153.843613
-2.2,5,153.856683
17.75,30,153.93349
13.65,76,154.126857
17.65,28,154.195965
-2.5,11,154.222936
14.9,63,154.374572
18.5,27,154.436558
-2.3,7,154.452615
18.85,20,154.499568
17.85,28,154.565005
16.15,46,154.681294
12.4,73,154.86936
11.65,8,154.890005
-2.45,10,154.91449
18.6,21,154.967248
16.8,33,155.050197
18.7,27,155.11834
16.25,48,159.71922
7.9,3,159.725963
17.1,19,159.768282
-0.0,169,160.154824
-2.5,11,160.181493
18.6,25,160.241698
-2.65,14,160.27534
18.55,30,160.346979
18.85,24,160.404911
13.8,5,160.416964
18.75,26,160.47942
17.7,35,160.562898
-2.55,12,160.591451
11.6,65,160.741324
15.85,48,160.860528
17.85,28,160.928825
5.0,1,160.931359
15.05,68,161.101983
18.45,24,161.161062
11.5,11,161.189114
11.0,89,161.417517
13.3,15,161.45618
13.45,68,161.632071
18.2,33,161.716128
-2.0,1,161.718739
12.9,79,161.921323
17.05,40,162.020026
15.7,47,162.140663
18.8,25,166.844343
17.95,30,166.916333
17.85,32,166.993616
18.3,31,167.065141
5.95,2,167.070195
12.35,70,167.237161
-2.0,1,167.239538
13.65,52,167.36445
-3.0,21,167.412997
17.5,11,167.439022
8.0,1,167.441514
16.55,46,167.552794
5.35,90,167.770454
-2.15,4,167.779831
17.85,28,167.845519
18.85,20,167.895731
6.5,119,168.176045
18.1,19,168.219524
16.45,36,168.302642
7.95,2,168.307382
18.5,27,168.372517
15.0,57,168.519431
6.0,1,168.522129
17.7,31,168.602751
18.7,27,168.673157
14.95,58,168.81703
19.35,14,168.851614
15.1,55,168.986885
16.95,38,169.084572
19.0,17,169.127331
14.6,69,169.299629
17.4,29,174.130873
7.9,3,174.137869
9.8,5,174.1494
-2.6,13,174.179956
8.0,1,174.182402
-2.0,1,174.184793
17.35,34,174.266387
15.15,18,174.309441
18.6,25,174.369829
17.95,30,174.442076
17.55,34,174.523618
15.5,43,174.626975
17.85,32,174.702505
16.4,37,174.786786
18.95,22,174.839228
-29.05,242,175.45668
-34.45,242,176.054267
-3.55,232,181.147873
1.95,190,181.58874
14.5,83,181.790965
19.0,37,181.880776
-7.35,60,182.027345
-38.65,242,182.629166
14.5,71,182.805757
-29.45,242,183.399302
5.95,2,183.404008
9.75,110,188.45366
17.4,41,188.554062
18.45,44,188.660375
15.05,16,188.698611
18.0,29,188.766042
18.4,41,188.858654
19.9,31,188.929437
13.1,19,188.972507
13.75,98,189.20008
14.1,75,189.378775
16.75,66,189.53757
9.7,7,189.554553
18.05,56,189.688669
5.0,1,189.691116
13.4,109,189.952156
17.8,49,190.0694
13.25,12,190.096381
20.05,24,190.153293
7.85,4,190.162373
16.35,58,190.296499
19.35,42,190.398361
13.4,13,190.429427
-1.65,190,195.532371
20.55,26,195.597932
6.1,179,196.05361
16.85,56,196.194394
17.25,72,196.378006
18.3,47,196.489846
19.55,38,196.576127
13.4,13,196.609035
17.2,17,196.650643
19.3,43,196.758538
19.5,31,196.837048
17.55,46,196.95297
21.1,19,196.99904
8.2,117,197.281753
20.85,24,197.338177
20.15,34,197.420141
15.45,52,197.54854
13.95,90,197.768842
13.5,91,202.73497
15.65,60,202.888367
18.05,48,203.011188
-28.45,242,203.597858
17.55,54,203.735862
19.25,48,203.8553
9.75,6,203.870388
13.35,14,203.905545
16.95,58,204.05349
20.3,27,204.122089
18.7,39,204.216278
17.6,61,204.366827
16.5,63,204.519969
20.85,20,204.568451
17.5,59,204.712521
18.3,51,204.842776
19.2,41,204.945966
8.3,123,205.244292
20.6,29,209.982057
19.05,36,210.077019
13.25,80,210.278498
-2.65,14,210.314284
17.85,52,210.445356
15.5,83,210.656119
20.55,26,210.718737
13.05,16,210.755786
19.45,32,210.830793
19.1,43,210.931544
7.9,3,210.938744
-3.15,20,210.985505
14.0,93,211.203547
20.4,29,211.273874
16.4,65,211.425524
16.55,62,211.585908
13.45,12,211.615324
20.1,27,211.682065
20.7,27,211.749605
17.2,57,211.891935
18.5,47,212.003652
19.6,37,212.099678
7.75,6,212.114376
20.9,23,212.169282
16.95,50,212.288404
-2.0,1,212.290843
20.95,22,212.343959
10.8,125,217.034311
19.35,38,217.123462
20.4,29,217.190946
18.75,42,217.28967
18.75,46,217.399417
-2.9,15,217.435986
16.5,63,217.592818
19.4,37,217.682953
19.1,39,217.778388
20.2,37,217.866942
19.9,35,217.950367
20.7,27,218.016498
13.3,75,218.199722
-2.0,1,218.202347
14.15,78,218.396517
-3.35,24,218.456549
19.0,21,218.50789
21.25,16,218.547824
19.45,40,218.645516
18.7,51,218.768465
18.3,39,218.865143
-2.65,10,218.888948
19.2,37,218.979373
16.4,61,219.129154
14.8,73,219.307541
7.9,3,223.933429
17.6,53,224.064103
12.95,82,224.26399
9.75,6,224.280728
19.9,35,224.364576
18.7,43,224.468518
14.35,78,224.657913
20.85,20,224.706502
15.0,21,224.75545
18.05,52,224.877794
-2.9,19,224.919879
20.25,28,224.981934
-5.7,211,225.469876
20.15,30,225.546371
20.55,26,225.611623
15.2,73,225.790437
19.5,39,225.887747
19.4,33,225.971126
19.95,30,226.044827
14.65,84,226.244711
19.8,41,226.33942
5.95,2,226.344245
20.55,30,230.986869
20.45,28,231.057744
18.0,53,231.188118
19.6,33,231.270345
18.4,41,231.373194
20.05,40,231.473178
20.2,33,231.555636
18.4,41,231.658128
20.7,23,231.713514
-2.0,1,231.71594
18.3,55,231.850811
-2.75,16,231.888961
20.5,27,231.954945
19.95,42,232.060755
18.0,45,232.17191
20.2,37,232.264518
20.25,36,232.352956
20.1,31,232.428787
18.25,44,232.53744
20.85,24,232.596339
6.0,1,232.598941
-2.35,8,232.619246
-2.15,4,232.629367
-5.5,231,233.201861
19.2,41,233.305399
19.85,44,233.412348
19.9,27,233.477648
-2.65,14,238.17396
20.5,31,238.243387
18.35,50,238.364656
-2.85,18,238.409425
20.85,24,238.470034
19.75,38,238.563216
-2.3,7,238.58003
-2.4,9,238.601849
20.25,32,238.6819
21.3,15,238.719373
12.8,101,238.962215
14.55,82,239.150759
-2.5,11,239.176474
19.9,35,239.257632
18.45,44,239.36065
-21.7,171,239.775297
-32.75,288,240.487521
5.9,3,240.494971
13.25,112,245.311448
22.6,29,245.378814
18.75,26,245.438532
9.85,156,245.816251
20.9,51,245.94403
10.65,128,246.270753
-2.95,20,246.324717
10.3,119,246.630378
17.4,81,246.834545
16.4,93,247.064387
15.8,77,247.264307
-17.85,258,252.522988
19.25,52,252.647933
20.65,52,252.775458
15.85,84,252.975309
18.65,76,253.154986
13.2,125,253.483385
20.75,50,253.605875
21.9,35,253.693085
11.8,5,253.706594
18.65,52,253.843266
-2.55,12,253.872835
16.85,80,254.066809
13.95,86,254.275057
13.6,97,254.509575
6.0,1,254.512192
19.1,67,254.671745
12.3,119,259.549562
22.4,33,259.62956
20.75,42,259.726947
20.6,25,259.785359
19.15,58,259.923751
19.45,72,260.103651
20.65,48,260.223281
19.95,54,260.354841
21.9,39,260.452576
15.5,95,260.69044
18.8,69,260.863376
11.6,129,261.182326
-2.0,1,261.184936
-2.5,11,261.211685
-2.0,229,261.771182
21.65,40,261.870659
15.4,13,261.902033
18.55,66,266.72717
20.9,55,266.858769
21.7,39,266.951892
22.6,25,267.012053
15.9,87,267.228447
22.2,29,267.29977
15.25,96,267.536826
-3.0,13,267.57141
18.9,67,267.750596
20.2,45,267.868663
22.0,33,267.954497
20.65,48,268.078681
15.2,101,268.343592
19.55,62,268.505413
20.6,45,268.625289
13.1,111,268.93358
20.9,39,269.039188
19.6,61,269.206075
19.35,58,274.250724
19.95,50,274.376587
19.1,63,274.535028
21.0,49,274.658913
19.1,59,274.803327
-3.1,19,274.851747
-21.85,178,275.295773
-2.95,20,275.343799
21.7,43,275.447524
11.05,124,275.740427
21.75,42,275.837867
13.85,108,276.087008
13.4,13,276.115597
18.95,70,276.272119
19.55,58,276.401577
13.25,112,281.146532
20.9,47,281.266921
17.7,63,281.428019
13.8,89,281.656672
21.3,35,281.74609
19.1,63,281.901155
20.9,43,282.006358
19.35,58,282.147092
21.45,44,282.254643
-10.5,87,282.461804
19.95,50,282.583602
13.8,101,282.824518
21.85,40,282.920603
21.2,45,283.030952
-3.7,31,283.10517
18.5,63,283.26393
18.5,63,283.419709
21.8,33,283.500144
21.7,47,283.614789
19.4,45,288.374752
21.2,49,288.498252
8.5,135,288.838903
17.3,15,288.876462
20.9,47,288.996266
-2.35,8,289.01662
15.2,101,289.27251
21.3,43,289.37867
-2.0,1,289.381162
22.25,36,289.470276
21.2,41,289.574104
-39.35,288,290.298852
21.65,36,290.387934
12.9,11,290.414429
9.75,6,290.428859
22.55,26,290.491332
9.8,5,290.503521
16.55,26,290.565698
11.25,140,295.523123
-2.7,15,295.558705
5.0,1,295.561234
22.15,38,295.650623
20.25,48,295.76458
21.65,36,295.854268
19.95,54,295.988837
15.5,11,296.016471
21.85,36,296.102946
17.3,59,296.246999
20.05,48,296.365167
20.85,48,296.481533
11.35,10,296.506686
22.4,33,296.589995
11.55,10,296.614266
20.9,47,296.726853
-43.95,288,297.445191
20.45,48,297.563406
11.95,2,297.56868
13.6,9,297.591304
22.35,30,297.667205
20.6,49,297.792087
22.0,33,297.875761
19.1,67,302.670419
15.55,78,302.85592
3.15,186,303.328705
15.25,96,303.589273
14.5,83,303.810151
19.6,61,303.97828
20.4,25,304.051856
20.7,47,304.188682
16.85,68,304.386119
5.15,166,304.867246
22.5,27,304.942315
20.1,47,305.069898
20.85,52,305.210843
21.85,32,305.297572
12.6,77,310.201277
20.0,53,310.327092
15.2,17,310.369876
13.4,9,310.392794
21.6,37,310.48475
13.45,12,310.514992
21.05,36,310.606033
17.15,78,310.813698
17.95,70,310.987532
21.0,53,311.115463
19.65,48,311.232053
21.6,41,311.334106
9.65,8,311.354222
19.45,56,311.49553
-2.65,14,311.530563
5.0,1,311.533036
22.1,31,311.612686
21.75,46,311.725377
18.4,29,311.796496
17.8,65,311.956839
19.5,55,312.095294
9.9,3,312.103515
15.85,88,312.334989
21.3,43,312.441635
6.0,1,312.444124
10.65,128,317.548094
22.6,29,317.618948
22.15,34,317.699058
5.0,1,317.701619
5.0,1,317.704023
22.7,27,317.769226
19.7,47,317.883848
22.2,37,317.97567
13.55,10,318.000613
9.65,8,318.020829
21.35,38,318.11369
21.9,35,318.199004
20.75,50,318.322225
21.35,42,318.427658
9.25,8,318.44786
22.2,37,318.540966
13.55,10,318.566574
13.65,8,318.586726
19.0,69,318.758371
13.65,8,318.778422
5.95,2,318.783521
5.95,2,318.788451
17.3,15,318.826082
20.75,46,318.941939
21.8,25,319.003897
17.25,68,319.168179
21.25,40,319.263567
20.35,58,319.406701
-2.6,13,319.439096
20.65,56,319.576378
-3.45,30,319.648973
14.35,90,319.867567
19.5,11,319.894053
-3.1,15,319.930429
21.8,37,324.775358
22.45,32,324.853374
12.45,124,325.275317
-41.25,338,326.107237
-3.2,21,326.15733
-43.45,338,326.96898
14.15,114,331.941621
18.35,94,332.17447
-51.45,338,332.995995
21.2,65,333.156266
7.1,183,333.60217
11.2,145,333.942163
-2.85,14,333.97455
22.85,56,334.106162
22.95,46,334.216455
14.25,116,339.270609
-2.2,5,339.283331
18.8,73,339.468008
19.75,74,339.655964
19.65,84,339.865898
22.7,51,339.991874
23.1,51,340.119819
23.3,47,340.24476
16.25,128,340.588964
19.5,75,340.78264
8.75,174,341.210641
-2.8,13,341.245864
22.15,70,341.420052
14.95,22,341.474546
22.4,53,341.610399
18.7,91,346.512492
19.35,94,346.734639
22.9,47,346.851081
23.4,45,346.962285
19.8,77,347.15484
16.4,109,347.418394
11.5,11,347.445783
23.25,40,347.545656
7.95,2,347.550707
16.25,124,347.862541
21.55,62,348.014792
23.5,43,348.117486
22.05,56,348.257401
18.9,79,348.446739
-2.0,1,348.449325
7.9,3,348.456496
23.35,46,348.566233
14.6,117,348.848869
-2.15,4,348.858613
-2.5,11,348.88496
20.25,76,353.760169
21.05,68,353.934748
23.55,42,354.038495
7.2,165,354.429162
19.15,18,354.471802
23.75,42,354.572618
15.45,12,354.600986
24.3,31,354.674284
20.85,68,354.850827
6.0,1,354.853658
23.5,35,354.945529
20.4,45,355.059569
-46.25,338,355.947881
22.0,65,356.112769
16.7,91,361.028487
18.1,95,361.256874
6.75,194,361.728264
10.65,136,362.052129
19.85,76,362.223631
24.4,33,362.301387
22.05,64,362.44776
17.35,14,362.480553
18.7,27,362.542708
22.55,58,362.676157
-0.75,224,363.194894
22.6,53,367.662908
15.25,124,367.953625
23.4,49,368.067818
13.2,125,368.368591
22.85,56,368.500973
14.8,21,368.550621
18.75,26,368.613957
21.05,76,368.795707
22.75,46,368.904932
21.35,74,369.083025
22.35,54,369.22198
23.05,52,369.357584
-2.2,5,369.370696
11.45,12,369.401981
17.1,19,369.451279
15.7,7,369.468919
20.15,82,369.678619
-5.1,43,369.789917
16.2,113,370.086085
23.4,45,375.042745
23.4,45,375.145996
24.2,33,375.221447
23.05,48,375.330879
18.85,104,375.569426
21.6,65,375.723682
19.2,85,375.925704
23.25,48,376.037225
22.5,51,376.158921
22.45,52,376.2812
21.6,57,376.419819
13.55,10,376.444143
24.55,30,376.516383
-4.4,213,377.044576
17.35,90,377.270354
9.65,8,377.289599
11.95,2,377.294488
13.4,13,377.326382
-5.65,38,377.426205
16.4,113,382.61267
7.95,2,382.617734
11.0,157,383.012324
21.35,62,383.159161
10.8,141,383.482322
22.8,61,383.622994
21.35,42,383.71973
24.25,36,383.809046
22.55,54,383.948317
24.35,30,384.025011
-3.5,31,384.102973
22.25,60,384.252642
21.1,59,384.397403
-2.85,18,384.443719
22.2,61,384.60067
-21.85,186,389.797774
20.5,31,389.87524
-3.5,27,389.941889
22.75,62,390.094069
-2.2,5,390.106329
5.0,1,390.108757
21.7,63,390.26367
-3.85,242,390.868963
22.35,30,390.947987
14.85,96,391.198181
24.15,34,391.289529
-2.25,6,391.30563
22.8,53,391.440695
5.9,3,391.448193
7.8,5,391.460417
20.45,28,391.532082
24.45,28,391.605392
9.75,6,391.622236
21.95,62,391.785383
21.05,20,391.833986
18.9,91,392.06012
24.15,38,392.157443
23.95,42,396.938521
22.1,47,397.057124
22.8,61,397.21097
15.65,8,397.23154
18.55,82,397.438806
18.05,84,397.65427
20.25,32,397.735406
23.45,44,397.842098
22.3,43,397.949188
18.85,76,398.134404
23.95,38,398.229764
7.85,4,398.239681
20.85,64,398.396985
21.3,67,398.557933
23.7,43,398.662108
-3.05,22,398.715074
22.85,60,398.863965
18.15,78,399.055963
-2.55,12,399.085582
22.7,27,399.149958
19.2,81,399.356509
-3.75,36,404.198338
22.7,51,404.320841
18.6,85,404.534305
24.35,30,404.612947
18.7,91,404.848083
19.95,82,405.054486
22.15,58,405.197825
8.2,153,405.572072
21.6,69,405.757453
21.35,62,405.9173
-3.45,26,405.988736
24.05,40,406.097358
21.85,64,406.26859
-2.0,1,406.271433
17.45,104,406.549073
7.85,4,406.559998
23.95,38,406.661106
19.05,76,411.630749
24.05,40,411.726761
24.05,36,411.813356
17.4,13,411.843587
17.15,102,412.084625
23.1,51,412.214389
23.8,33,412.29812
23.1,43,412.406073
5.0,1,412.408714
21.9,55,412.55021
20.55,66,412.71523
5.9,3,412.722669
21.75,66,412.885259
7.85,4,412.895702
-2.45,10,412.921499
24.4,33,413.005206
13.45,12,413.033973
11.65,8,413.054832
22.9,51,413.180174
22.2,69,413.354744
22.95,50,413.479451
9.75,6,413.494297
-3.75,24,413.552427
11.8,157,413.943877
23.6,45,414.055721
22.25,60,418.979821
22.1,51,419.105547
24.15,34,419.191484
13.35,14,419.225654
22.05,60,419.371584
5.2,189,419.837577
20.35,78,420.035085
23.1,39,420.130439
23.5,47,420.245626
-3.8,37,420.340562
11.5,11,420.367495
24.2,37,420.457489
22.6,61,420.60849
7.85,4,420.618082
-2.0,1,420.620496
20.75,62,420.771716
-2.75,16,420.811172
23.3,43,420.915678
-3.6,29,420.987686
11.55,10,421.011678
5.95,2,421.016413
23.65,48,421.138922
11.75,6,421.154236
22.35,58,421.311504
24.0,29,421.390094
21.45,56,426.371883
14.3,103,426.630892
23.25,48,426.753859
22.9,55,426.892124
-3.05,22,426.947924
20.4,73,427.131836
22.85,52,427.257586
23.05,52,427.389692
5.95,2,427.394962
23.5,43,427.503817
23.6,49,427.627902
22.0,53,427.758798
20.55,66,427.908419
23.45,40,427.998811
20.8,65,428.157334
23.5,51,428.28425
-3.3,27,428.353128
24.35,30,428.429773
-22.75,248,433.778659
22.9,51,433.914743
23.25,44,434.036079
-2.0,1,434.038901
24.0,37,434.139094
23.15,50,434.267604
20.15,82,434.473277
-2.9,15,434.512084
15.05,20,434.563925
-2.0,1,434.642527
-42.0,389,435.627867
-0.85,266,441.151583
-2.65,14,441.1858
24.0,53,441.315966
22.05,76,441.503371
24.3,59,441.637343
18.0,109,441.879989
0.7,219,442.383215
23.55,62,442.524769
21.85,80,442.7046
24.8,45,442.808143
17.8,121,443.085258
-5.65,250,448.320881
25.05,56,448.454681
21.2,89,448.664587
14.85,156,449.034561
24.45,40,449.129293
15.1,19,449.175036
25.55,42,449.280084
23.9,59,449.434081
-4.65,50,449.563275
22.65,64,449.730676
-2.45,10,449.757904
15.35,130,450.104516
19.25,84,450.329467
8.0,1,450.332256
10.0,1,450.33503
18.75,122,455.670942
25.75,26,455.736479
16.35,138,456.078886
2.15,206,456.581355
25.5,43,456.68678
23.0,77,456.872937
-2.0,1,456.875385
15.4,13,456.906594
15.05,20,456.954092
21.95,90,457.176502
14.4,165,457.590125
22.85,64,457.750983
14.95,130,458.070082
25.7,43,458.178826
20.6,101,463.235577
22.15,86,463.443792
18.5,119,463.736491
22.0,85,463.947033
21.9,87,464.164925
22.5,83,464.367194
9.75,6,464.381543
5.9,3,464.389008
-15.25,290,465.085145
20.55,78,465.275836
22.55,62,465.42409
25.3,47,470.19302
26.15,38,470.284143
-2.5,11,470.310706
20.85,24,470.368063
5.95,2,470.373082
24.7,55,470.504963
24.45,56,470.641746
26.5,31,470.720273
26.05,36,470.811372
23.45,68,470.977238
9.35,198,471.464512
-10.35,56,471.605756
19.05,20,471.660343
24.4,57,471.806087
17.1,15,471.844608
-5.7,55,471.987622
-37.15,372,477.700106
23.7,67,477.878889
5.95,2,477.884235
-4.6,45,478.004388
6.0,1,478.007247
14.25,156,478.409439
-2.6,13,478.443611
20.3,99,478.711551
20.9,95,478.996253
21.55,82,479.202548
24.7,51,479.33947
15.15,18,479.387666
-2.45,10,479.414458
23.05,72,479.602584
23.55,70,479.778356
24.55,58,479.919338
24.55,54,480.064214
20.3,35,480.154563
9.75,190,486.001941
20.0,81,486.211457
17.25,16,486.251786
18.95,90,486.500829
20.6,85,486.726551
15.3,15,486.767287
-2.0,1,486.77009
5.0,1,486.772845
-0.1,235,487.390889
20.6,81,487.593876
6.0,1,487.596642
-5.0,53,487.733455
24.9,59,487.872866
-3.8,33,487.952693
18.85,100,493.028811
24.8,57,493.163982
15.3,15,493.199732
24.8,53,493.331254
24.95,46,493.447424
21.75,82,493.662704
25.85,44,493.779855
-2.7,15,493.82147
-46.55,392,494.848421
16.95,126,495.13564
7.9,3,495.142455
20.5,79,495.32212
24.35,54,495.445934
24.65,52,500.434889
14.7,131,500.749267
25.3,51,500.874876
9.8,5,500.887295
25.55,50,501.00618
9.7,7,501.028863
-3.55,32,501.105403
23.25,68,501.281535
25.25,44,501.390005
21.0,81,501.584429
24.0,65,501.758212
-18.05,138,502.120513
25.3,51,502.254184
9.8,5,502.266699
7.8,5,502.279465
25.2,41,502.378575
20.0,101,502.627452
25.4,49,502.762075
2.05,248,508.428354
22.0,81,508.623523
-2.0,1,508.626198
9.75,150,509.016154
26.5,31,509.095783
25.75,46,509.221915
22.0,81,509.445125
24.65,56,509.60964
-2.35,8,509.630986
26.0,41,509.736641
22.65,76,509.933772
24.7,55,510.078887
11.75,6,510.094017
22.7,63,510.261083
24.0,61,510.423243
24.0,61,510.582465
-2.0,1,510.58495
25.35,38,510.68102
25.05,44,515.516026
26.4,33,515.593989
7.9,3,515.600972
23.95,62,515.750048
22.8,61,515.897036
25.05,52,516.029541
22.05,76,516.235587
17.2,33,516.329272
24.15,70,516.541277
23.65,64,516.775726
21.2,89,517.051798
23.5,55,517.237448
19.1,107,517.559565
-2.15,4,517.571534
25.1,51,517.724157
11.95,2,517.730281
25.4,53,517.888707
25.45,48,518.031499
9.8,5,518.046554
25.55,42,518.169966
22.25,84,518.403219
25.6,41,524.48965
22.05,80,524.695831
25.45,52,524.826706
9.75,6,524.842071
-2.45,10,524.867263
25.7,47,524.987049
25.45,48,525.113307
-2.0,1,525.116024
15.5,115,525.416817
20.9,71,525.613973
25.65,48,525.746711
22.95,66,525.913957
25.65,40,526.013973
13.4,13,526.046659
18.2,97,526.295815
23.7,55,526.437174
24.6,61,526.590902
22.35,70,526.755668
23.2,57,526.889666
21.85,76,531.713469
-3.75,28,531.778592
18.05,96,532.016759
13.55,166,532.452076
20.8,89,532.676991
24.75,58,532.816003
20.35,86,533.0266
25.7,47,533.141761
11.8,5,533.153833
-7.5,59,533.298304
7.9,3,533.305885
23.65,56,533.439007
23.9,67,533.602381
20.3,35,533.687149
13.55,10,533.711324
22.8,85,533.912328
22.15,78,534.099857
25.7,43,538.831535
17.95,110,539.09478
-2.25,6,539.108802
25.3,51,539.229846
-2.0,1,539.232366
25.6,37,539.318741
11.8,5,539.330247
24.25,68,539.485395
19.7,95,539.704518
7.85,4,539.713766
15.65,8,539.732081
16.35,114,539.994043
24.9,51,540.108557
25.2,49,540.226261
25.25,48,540.337253
16.8,25,540.395722
24.35,58,540.530534
20.65,92,540.754792
24.05,68,540.921727
23.9,35,541.003598
17.95,118,545.891373
9.8,5,545.902804
25.95,42,546.000022
25.15,54,546.127537
23.1,63,546.27504
25.9,43,546.378115
23.6,69,546.545544
-4.6,41,546.645364
20.65,84,546.846202
25.2,53,546.975064
24.1,63,547.126491
24.45,64,547.278697
23.0,69,547.442394
15.4,13,547.472883
24.4,61,547.615201
26.05,36,547.701474
-2.0,1,547.703857
24.15,50,547.819958
7.85,4,547.831846
-9.0,77,548.013424
21.55,70,548.18299
12.25,164,553.202341
21.35,90,553.423402
25.05,56,553.60504
26.2,37,553.720671
22.85,72,553.924344
22.4,81,554.124198
23.25,76,554.303234
23.1,79,554.493945
24.05,56,554.630178
21.65,84,554.834717
11.25,152,555.201254
24.3,63,555.35702
9.45,164,560.591106
25.0,45,560.713908
11.65,8,560.735049
24.85,48,560.860853
24.6,53,561.000768
17.95,30,561.079727
-3.0,17,561.125046
25.5,51,561.245387
-5.35,56,561.38119
17.8,121,561.678519
21.4,61,561.826903
15.6,9,561.849138
6.0,1,561.851801
21.0,73,562.040618
21.15,94,562.2906
25.45,48,562.41047
22.85,64,562.576217
5.65,164,567.586707
11.5,11,567.61364
24.15,62,567.764248
7.85,4,567.77411
25.45,44,567.880763
22.95,22,567.932519
-4.75,44,568.039392
23.95,62,568.186311
25.4,49,568.304247
-2.2,5,568.316127
21.9,79,568.508089
25.45,52,568.634907
23.45,64,568.791093
23.2,65,568.94785
25.8,45,569.056784
15.3,15,569.093014
17.4,101,569.336517
13.7,143,569.682727
-3.75,36,569.769961
19.7,99,574.645066
-5.65,58,574.779828
24.6,49,574.894279
17.0,101,575.13389
26.15,38,575.22631
-5.1,51,575.348004
23.15,46,575.460108
21.4,77,575.644125
19.7,79,575.834125
24.65,48,575.950426
22.9,83,576.144558
20.7,103,576.392007
-2.95,20,576.439113
24.2,73,576.613559
-58.25,450,582.868242
-6.25,294,583.733612
-77.05,450,590.057992
13.9,159,590.441406
19.95,90,590.660557
22.75,106,590.920552
24.55,90,591.149162
22.55,94,591.377182
20.05,36,591.464618
18.85,120,591.75501
19.8,109,592.011906
25.9,75,592.194733
26.5,67,592.356732
-2.2,5,592.368407
16.4,33,592.446409
13.6,9,596.972864
20.8,105,597.208191
-7.4,221,597.708144
5.9,3,597.715058
-2.0,1,597.717358
22.7,91,597.921277
-13.85,338,598.746081
21.8,101,598.991081
-21.8,289,604.697709
19.05,108,604.960835
-4.1,39,605.054904
11.6,177,605.580831
17.2,161,606.083507
-7.1,67,606.269332
23.2,77,606.487594
25.8,69,606.681497
-4.25,30,606.758274
7.9,3,606.766363
13.9,175,611.897994
21.55,98,612.136972
23.0,89,612.353183
13.45,180,612.784055
-3.35,28,612.848936
-3.0,21,612.898144
23.85,88,613.108323
27.7,39,613.201044
4.55,214,613.811031
25.25,80,614.051566
-9.75,64,614.22235
4.5,239,620.514168
7.85,4,620.523686
9.8,5,620.535425
22.45,32,620.609101
15.15,18,620.650669
21.5,103,620.890676
24.95,78,621.143609
18.95,22,621.220562
22.7,99,621.49364
25.9,79,621.720527
8.0,1,621.723873
7.9,3,621.731918
22.0,93,621.998302
16.65,156,622.407529
24.0,77,622.606739
-3.35,28,622.685458
-38.75,416,630.079488
20.35,110,630.389274
25.1,75,630.594608
25.75,66,630.77635
24.85,56,630.942072
13.75,6,630.961159
22.65,72,631.181075
27.3,51,631.365319
-3.8,29,631.477031
13.45,12,631.518846
24.15,78,631.833239
-2.0,1,631.836082
22.95,90,632.136293
23.0,85,638.729941
25.65,68,638.903645
22.8,77,639.107814
27.25,44,639.221942
25.85,68,639.399111
21.05,104,639.681121
5.25,192,640.181394
25.1,71,640.367291
26.5,63,640.5344
27.15,54,640.673526
26.35,70,640.85738
15.5,11,640.88872
26.0,53,641.031806
13.45,12,641.064797
27.55,46,641.200009
25.15,86,646.747231
20.95,42,646.848467
-2.85,18,646.889911
26.95,62,647.036057
23.3,95,647.279619
-4.2,29,647.355499
23.0,93,647.603626
19.95,110,647.904133
18.8,25,647.970459
-2.95,20,648.024677
19.2,17,648.069077
26.3,63,648.23823
25.95,62,648.398544
25.85,64,648.574498
-2.0,1,648.577255
18.25,128,648.915107
27.25,56,649.061375
19.0,117,654.19537
25.85,80,654.411505
23.75,94,654.665165
27.65,48,654.792206
25.8,73,654.983039
8.0,1,654.98595
23.1,87,655.210257
11.55,10,655.236333
25.9,63,655.39975
25.6,65,655.551685
9.8,5,655.563371
27.6,49,655.68209
25.9,67,655.844263
6.0,1,655.846863
19.2,109,656.122862
18.75,142,656.467237
17.2,17,656.50654
-8.35,68,656.667621
13.6,9,656.688404
21.3,107,661.435926
22.05,108,661.700251
22.2,93,661.91993
27.25,52,662.046068
25.55,46,662.156538
13.8,169,662.557671
23.1,95,662.788248
24.1,71,662.965175
7.95,2,662.970261
11.8,5,662.982721
-3.35,28,663.051115
24.9,79,663.242195
25.95,70,663.403392
18.8,125,663.691415
17.5,11,668.415187
22.75,98,668.678938
19.25,112,668.993104
-3.4,29,669.072962
20.6,109,669.364211
22.9,91,669.606726
15.75,6,669.623259
26.85,56,669.770577
23.75,66,669.943505
27.5,47,670.067146
17.65,112,670.379929
24.3,83,670.60356
22.9,55,670.747909
25.0,81,670.963118
23.75,90,676.666065
21.85,112,676.957767
-20.55,308,677.774461
23.4,81,677.987086
21.0,21,678.042063
26.45,68,678.219614
25.1,83,678.42928
22.8,105,678.706891
25.9,71,678.886472
26.3,63,679.039298
27.25,52,679.167987
24.05,88,684.608335
17.55,138,685.011707
26.65,60,685.181171
20.45,32,685.27263
5.0,1,685.276125
-2.5,11,685.309051
19.95,122,685.689087
28.2,37,685.801356
18.85,24,685.874918
26.1,75,686.101055
20.05,116,686.457479
20.9,23,686.527916
23.85,68,686.738693
11.8,5,686.753918
-2.0,1,686.7571
26.8,61,686.944738
25.1,71,687.163756
25.7,75,687.406552
-4.5,47,687.568941
25.55,74,692.939076
4.3,203,693.49269
15.3,11,693.522844
27.25,48,693.647152
21.0,125,693.956492
27.5,43,694.066787
26.95,58,694.220006
26.9,51,694.342253
-3.15,24,694.400544
26.65,56,694.542898
16.05,132,694.917001
23.4,81,695.134456
20.55,102,695.445032
25.0,73,701.887233
26.85,64,702.048357
22.65,28,702.109073
23.85,36,702.185668
26.1,75,702.33381
23.25,96,702.520654
27.8,45,702.619052
11.95,162,702.984497
17.05,20,703.030702
26.35,66,703.179736
27.05,52,703.30284
22.75,90,703.522898
23.85,84,703.736646
19.25,16,703.778442
23.0,21,703.832285
-2.0,1,703.83482
26.3,63,703.99916
5.9,3,704.006395
24.2,69,708.701758
26.8,57,708.830701
25.35,66,708.979877
27.8,37,709.062719
19.6,105,709.306756
27.1,51,709.429573
26.25,72,709.602615
25.7,55,709.734165
23.35,102,709.977664
27.05,56,710.113446
6.6,197,710.608838
25.9,67,710.77802
27.45,52,710.911907
-3.7,31,710.991759
24.1,79,715.765383
17.25,16,715.804088
7.85,4,715.813454
23.75,86,716.017724
24.6,57,716.155318
17.3,15,716.192394
24.35,82,716.399529
26.85,60,716.547943
24.7,67,716.708477
-4.5,35,716.79377
22.55,98,717.03336
24.35,94,717.260923
25.35,62,717.412608
-2.65,14,717.44677
25.75,62,717.596699
26.05,64,717.749208
18.35,110,718.009831
22.55,98,722.889558
25.15,78,723.081602
26.95,54,723.207882
-2.3,7,723.224531
27.15,54,723.350995
21.65,96,723.589308
27.1,51,723.717285
-24.7,223,724.263211
25.85,52,724.384691
-3.8,37,724.471611
17.15,18,724.515471
25.95,74,724.690916
21.0,93,724.918975
26.55,58,725.061146
27.9,35,725.14423
20.55,26,725.207979
19.4,109,730.149019
16.75,26,730.210225
13.7,7,730.227678
25.35,70,730.397114
-2.85,18,730.441201
22.85,100,730.699688
19.45,112,731.017089
22.3,103,731.306722
27.25,56,731.466418
24.25,84,731.676617
15.3,15,731.711985
5.0,1,731.714643
21.7,103,731.982041
26.7,63,732.161388
26.85,60,732.320684
25.75,74,732.513887
17.1,123,738.225298
25.0,89,738.464248
26.6,57,738.6156
27.25,52,738.749152
20.1,115,739.036984
23.05,100,739.285655
22.2,37,739.378633
24.5,83,739.605329
26.85,64,739.787293
-3.25,22,739.848342
27.8,45,739.972274
26.05,52,740.116125
26.65,52,740.260725
25.9,67,740.446075
7.9,3,740.45485
25.65,64,740.630066
26.8,57,740.777313
25.1,67,745.943269
25.95,74,746.138258
27.85,44,746.2618
-3.85,38,746.358575
26.5,59,746.502616
27.1,51,746.630433
20.6,29,746.707114
17.65,116,747.014252
25.85,68,747.192794
-3.85,34,747.280989
25.95,74,747.471474
27.25,56,747.619036
11.65,8,747.639968
27.15,54,747.791909
17.35,14,747.828166
25.75,62,747.979863
9.8,5,747.992086
26.85,60,748.141384
17.45,128,748.449768
-2.1,3,748.457044
24.85,64,753.647916
27.05,52,753.778349
18.55,26,753.841589
27.95,42,753.946845
25.8,65,754.108057
-3.75,36,754.200376
25.15,82,754.417469
26.7,63,754.572086
-2.35,8,754.59077
-5.55,52,754.715565
25.9,71,754.895815
5.0,1,754.898388
7.9,3,754.90555
25.85,68,755.078883
25.4,73,755.269751
20.1,127,755.591439
15.35,14,755.625349
15.35,138,755.980404
5.0,1,755.983468
10.4,153,761.434994
24.05,76,761.622881
5.0,1,761.625427
26.65,56,761.762701
24.15,90,761.978874
21.7,103,762.225474
-4.35,32,762.311434
24.75,74,762.503425
25.4,69,762.667835
6.0,1,762.670373
25.15,82,762.880183
11.6,9,762.903728
22.8,97,763.155993
5.0,1,763.158733
17.0,21,763.213489
26.05,60,763.372099
7.1,179,768.729238
23.6,73,768.901549
27.5,51,769.025481
24.8,69,769.194695
-7.7,67,769.358428
27.3,55,769.503719
23.05,100,769.770035
26.9,47,769.900322
26.75,66,770.076538
23.8,81,770.310811
9.95,2,770.316603
-2.0,1,770.319432
26.5,63,770.497136
24.2,53,770.649807
26.65,60,770.830848
27.45,52,770.98353
24.95,74,771.200283
26.9,51,771.33645
27.8,45,777.148962
25.9,43,777.274905
20.1,131,777.773779
24.85,72,778.065352
-2.0,1,778.069376
22.75,86,778.386158
-2.3,7,778.406382
27.1,51,778.539995
26.4,61,778.704357
25.7,75,778.881377
27.2,53,779.014083
23.65,88,779.239507
-2.85,18,779.284007
9.65,8,779.304291
25.75,74,779.502361
7.95,2,779.507794
24.7,75,779.703162
26.6,65,779.87862
21.95,94,785.683733
-59.55,512,787.31152
-30.85,490,794.822119
27.3,67,795.006437
14.35,150,795.400874
23.35,102,795.659968
28.5,55,795.815399
-12.0,297,796.593342
-5.8,49,796.727872
27.5,67,796.921071
25.2,105,797.238995
26.8,73,797.448241
29.15,58,803.088959
10.75,206,803.841213
24.25,100,804.192439
-2.1,303,805.580576
24.2,125,805.94268
8.7,215,806.677239
-1.8,257,813.579862
9.95,2,813.586396
18.85,148,814.029828
15.3,15,814.074015
-78.75,512,815.528949
13.9,171,820.895195
-7.0,65,821.04748
26.65,88,821.250521
9.7,7,821.266756
19.1,131,821.569847
25.1,91,821.807435
22.45,68,822.005439
24.2,117,822.362487
21.9,99,822.654396
-3.25,18,822.70402
14.4,193,823.271641
27.25,52,823.42297
25.4,101,828.943873
24.4,93,829.368407
27.35,66,829.62049
14.75,22,829.703862
-5.55,60,829.902118
20.9,123,830.247316
26.1,83,830.483992
21.15,134,830.970549
-2.65,14,831.028538
20.5,139,831.510585
24.0,97,831.765523
-21.35,152,832.168114
7.8,193,837.738186
21.35,126,838.060843
24.4,101,838.329614
26.5,83,838.546175
26.0,77,838.749338
28.05,56,838.901293
28.3,67,839.089756
28.1,67,839.270421
20.3,111,839.573292
27.55,74,839.758825
28.1,63,839.921881
13.9,147,845.398695
-5.7,43,845.498146
26.35,86,845.706034
9.85,4,845.716252
22.1,103,845.970581
24.95,90,846.189755
9.9,3,846.198011
27.8,69,846.372488
19.15,126,846.774434
23.6,117,847.136474
28.15,66,847.310973
-14.2,141,847.67066
26.35,74,854.031697
25.55,90,854.35896
20.95,22,854.427269
28.35,54,854.641487
28.55,70,854.837872
22.55,118,855.154164
27.6,73,855.393505
27.55,74,855.61355
20.2,133,856.042587
22.55,118,856.390442
25.9,83,856.627038
-5.4,37,856.75052
28.35,62,856.929343
-3.55,24,856.991415
27.25,72,863.260428
22.75,122,863.597506
26.85,80,863.812826
12.5,207,864.264058
11.7,7,864.282109
15.1,19,864.332169
26.5,91,864.573612
27.05,68,864.751077
-3.25,22,864.810448
27.0,61,864.973613
18.0,157,865.439972
16.8,157,871.098471
6.0,1,871.101454
25.25,88,871.33083
16.75,146,871.708803
-74.0,433,872.769139
15.6,9,872.788331
22.5,135,873.067012
29.1,55,873.179397
21.75,118,873.454713
-2.7,15,873.493431
-2.6,13,873.527874
26.3,87,878.734406
22.9,103,879.009669
20.6,137,879.350089
26.85,68,879.522725
25.1,99,879.778753
19.75,34,879.868556
24.05,104,880.137694
28.85,60,880.286925
6.0,1,880.28944
-4.35,48,880.407478
9.9,3,880.415194
18.1,139,880.761066
26.9,83,880.978822
29.15,54,881.11432
26.7,83,886.348937
27.75,78,886.512751
-6.3,59,886.637432
23.15,118,886.894375
18.35,142,887.227651
14.85,164,887.594304
27.35,70,887.746752
28.5,51,887.860924
19.2,129,888.155509
16.95,22,888.204223
23.3,107,888.471495
26.25,84,894.047581
27.9,59,894.189279
26.2,61,894.33964
13.65,8,894.359563
28.65,60,894.510585
30.1,39,894.603001
27.65,68,894.77099
-0.85,234,895.358842
11.8,5,895.370831
21.0,21,895.422078
21.0,157,895.802301
-2.0,1,895.804851
12.55,174,896.259444
18.8,17,896.303444
25.9,83,901.322345
22.85,128,901.656074
28.2,61,901.815877
25.6,93,902.063325
28.25,60,902.22214
-3.4,29,902.298556
23.4,121,902.602654
28.7,59,902.760908
-3.65,34,902.851604
29.65,48,902.980512
22.35,118,903.283222
25.3,83,903.49046
27.7,83,903.697734
29.85,44,903.813219
28.55,70,908.820146
28.15,54,908.948859
13.35,14,908.982418
25.95,94,909.206375
22.8,113,909.489101
24.35,110,909.763275
26.7,83,909.970192
-4.35,48,910.089378
28.0,61,910.241556
27.0,57,910.383939
-5.85,66,910.541923
30.2,33,910.625683
5.9,3,910.633585
26.25,88,910.856912
28.1,59,910.996264
27.8,73,911.17775
9.85,4,911.187862
13.4,13,911.21997
-7.1,75,916.196547
26.3,79,916.396209
6.0,1,916.39881
26.35,70,916.56941
23.35,114,916.863426
-4.5,31,916.944133
-4.6,53,917.076885
20.9,123,917.387194
9.75,6,917.401857
24.4,109,917.674737
29.45,44,917.780072
5.0,1,917.782492
27.9,67,917.942218
-4.55,20,917.990532
24.4,93,918.226964
30.2,37,918.323026
28.6,65,918.487254
21.85,116,923.616925
25.05,112,923.900345
22.75,62,924.048989
24.95,102,924.295775
19.6,145,924.650874
25.6,77,924.834823
27.2,85,925.035781
28.2,73,925.213369
-2.5,11,925.239678
-4.9,47,925.354286
21.8,121,925.646675
17.4,137,930.757376
5.0,1,930.759983
27.9,67,930.918528
26.8,81,931.080898
26.85,80,931.235554
28.55,70,931.377301
28.1,67,931.517358
-4.6,49,931.615995
27.95,58,931.735788
26.8,73,931.884378
29.25,48,931.987263
25.75,90,932.184207
22.15,122,932.454741
26.65,92,932.669996
17.1,171,937.648487
28.2,65,937.803214
27.5,91,938.025961
28.55,66,938.191252
28.7,59,938.337584
11.75,6,938.352571
-3.8,25,938.413688
28.0,73,938.600392
14.9,143,938.966537
11.6,9,938.988848
21.7,111,939.264856
5.0,1,939.267639
18.85,24,939.330748
26.55,82,939.547409
12.55,154,939.949778
20.6,29,940.029185
-3.55,28,944.87924
25.0,93,945.105551
13.55,10,945.130477
28.25,72,945.312624
24.75,102,945.581384
13.45,12,945.612649
29.3,55,945.755538
15.05,16,945.795349
23.35,110,946.078328
27.4,81,946.287665
-3.0,21,946.340863
27.95,70,946.526737
27.45,64,946.695662
6.0,1,946.698476
28.3,71,946.887711
28.2,69,947.072715
27.8,69,947.256302
26.2,81,947.475204
11.45,12,947.509827
26.7,75,952.438139
28.65,56,952.574859
27.15,86,952.787651
22.5,111,953.061557
23.85,76,953.249205
5.0,1,953.251777
-2.55,12,953.281559
29.45,52,953.404201
26.95,74,953.583792
23.1,115,953.871977
25.0,89,954.093117
25.2,89,954.316762
26.95,74,954.495696
28.05,60,954.63782
28.1,71,959.515106
16.9,23,959.576713
28.6,53,959.715533
13.55,10,959.741189
-6.85,62,959.89072
24.05,120,960.184016
29.1,59,960.33144
-3.45,30,960.406742
27.5,79,960.600088
28.3,71,960.781647
28.9,63,960.937447
-3.95,40,961.039759
27.6,69,961.210083
27.65,68,961.375707
15.45,12,961.405257
24.85,88,961.623539
24.85,88,961.851491
-4.7,55,961.995034
28.0,73,966.896552
28.1,67,967.057881
25.6,89,967.270477
-5.05,42,967.373758
13.6,9,967.395593
26.3,83,967.606447
28.65,64,967.766209
21.45,44,967.871526
11.75,6,967.886055
28.8,61,968.033865
-3.45,30,968.107952
4.35,214,968.638781
28.2,69,968.81894
26.35,94,969.06307
-4.35,32,969.147515
-5.2,37,969.23886
22.05,40,974.044438
25.75,86,974.259527
9.15,226,974.82446
26.65,80,975.014101
25.75,94,975.245622
25.0,97,975.485345
25.7,83,975.691735
25.65,100,975.938821
-2.0,1,975.941382
22.2,125,976.250913
26.4,93,976.492157
27.15,78,981.306363
16.15,194,981.754649
29.35,54,981.883301
5.95,2,981.888117
15.2,17,981.927836
25.45,88,982.134307
29.5,51,982.255412
24.45,88,982.461554
28.05,72,982.630877
27.6,73,982.803005
28.3,71,982.969855
17.85,156,983.339322
21.2,137,988.438556
27.15,70,988.609541
-3.85,34,988.694195
23.15,114,988.976642
27.9,71,989.153686
-4.2,45,989.264876
29.65,48,989.383857
26.75,78,989.575243
8.0,1,989.577838
7.95,2,989.58287
16.85,148,989.95004
19.0,21,989.999826
19.2,141,990.336689
28.65,60,990.481161
23.2,45,990.595783
11.8,5,990.608776
27.1,67,990.772996
6.0,1,990.775556
28.85,64,995.576595
21.9,111,995.848339
26.55,78,996.033155
9.7,7,996.050562
-10.95,92,996.274231
25.8,93,996.509258
15.4,13,996.541774
28.4,65,996.698516
29.3,51,996.823184
27.2,81,997.024868
5.0,1,997.027607
28.9,51,997.161339
11.4,13,997.195668
11.65,8,997.217166
22.25,36,997.312691
26.4,61,997.46937
27.55,70,997.647954
21.7,115,997.952018
21.8,25,998.015491
25.55,86,1002.986836
26.65,88,1003.197955
28.15,66,1003.356677
15.0,137,1003.695434
-5.1,51,1003.822716
28.4,61,1003.974116
-12.75,136,1004.312603
21.05,20,1004.361082
22.5,111,1004.633437
27.9,67,1004.794444
26.75,78,1004.978547
26.1,91,1005.203785
27.2,65,1005.35606
27.2,77,1010.294438
27.85,40,1010.404039
-4.3,43,1010.523875
-3.6,33,1010.610329
25.75,90,1010.827335
26.4,89,1011.039204
-2.95,20,1011.086194
28.4,65,1011.236092
28.25,68,1011.408465
21.15,114,1011.704279
27.75,70,1011.879323
17.9,135,1012.225216
-2.0,1,1012.227669
15.25,140,1012.586739
19.5,11,1012.613616
11.65,8,1012.633476
26.3,87,1017.668613
26.25,92,1017.903016
23.7,119,1018.193558
9.8,5,1018.20597
15.15,18,1018.251476
25.2,85,1018.465659
24.65,108,1018.743792
20.55,130,1019.085543
3.45,244,1019.692389
-4.3,47,1019.828479
29.55,46,1019.959173
27.25,88,1025.086776
21.2,121,1025.365375
27.4,81,1025.55853
24.7,111,1025.83931
20.6,45,1025.953841
24.55,106,1026.220364
22.8,117,1026.531781
29.45,52,1026.659889
28.5,63,1026.814226
28.4,73,1026.991746
-4.45,50,1027.113082
13.65,8,1027.132998
27.9,63,1027.29418
28.3,71,1027.479091
29.15,54,1032.384114
28.7,63,1032.557782
-3.9,39,1032.667876
17.25,16,1032.710381
-3.9,19,1032.76225
-2.85,18,1032.815898
27.8,65,1033.000482
27.0,81,1033.228795
23.45,88,1033.507535
22.9,119,1033.88289
7.95,2,1033.888942
23.15,102,1034.23684
-3.65,34,1034.403951
17.3,31,1034.506413
-4.2,365,1040.377138
26.4,81,1040.5882
17.15,166,1041.012592
25.3,99,1041.256735
13.35,14,1041.292019
24.55,114,1041.57102
23.7,119,1041.87437
25.15,110,1042.144394
17.35,166,1042.565481
24.55,118,1042.863746
10.45,180,1048.340469
19.45,136,1048.696157
7.95,2,1048.701225
18.5,187,1049.181428
27.6,93,1049.420772
27.1,103,1049.693414
-7.35,88,1049.914775
24.7,27,1049.97952
28.1,95,1050.208516
18.8,177,1055.868718
29.1,71,1056.055764
-3.95,40,1056.159589
28.1,91,1056.391052
23.8,109,1056.670481
25.2,117,1056.979124
28.9,71,1057.171793
26.95,102,1057.442107
14.55,198,1057.96537
15.1,19,1058.012104
27.55,110,1058.288813
26.6,101,1063.365023
4.7,271,1064.146913
25.1,103,1064.453996
-5.25,38,1064.572943
11.6,9,1064.60123
3.15,230,1065.277461
27.6,109,1065.597914
22.85,136,1065.976759
17.95,174,1071.964678
26.75,122,1072.284714
21.2,153,1072.656218
29.65,80,1072.871844
18.0,25,1072.938452
19.15,166,1073.376217
23.55,118,1073.681316
7.85,4,1073.692058
25.15,122,1074.017246
-2.0,1,1074.020013
28.4,85,1074.240845
28.15,102,1079.849176
26.5,119,1080.179802
24.2,129,1080.527874
27.95,74,1080.715439
23.1,135,1081.053782
24.05,124,1081.377939
-4.85,58,1081.539566
13.75,6,1081.556687
18.9,155,1081.953723
17.45,12,1081.984737
15.3,191,1087.336915
29.1,79,1087.518545
-3.4,29,1087.587302
30.9,55,1087.71986
28.95,54,1087.846377
5.0,1,1087.848791
17.3,199,1088.306565
13.6,9,1088.329799
18.95,22,1088.390657
27.6,97,1088.670788
7.1,235,1089.315652
-6.0,65,1089.492083
25.25,56,1089.635118
20.45,152,1094.965741
18.25,172,1095.413442
8.1,275,1096.117172
24.85,144,1096.487464
20.95,158,1096.891628
28.0,105,1097.18413
17.7,175,1103.00687
-4.1,43,1103.125459
24.7,127,1103.470533
20.35,50,1103.612767
23.9,123,1103.955663
28.3,91,1104.202513
-3.85,386,1105.269756
14.0,221,1111.179853
-3.75,32,1111.26327
17.95,178,1111.722412
23.05,112,1111.999226
15.25,16,1112.038045
23.5,147,1112.417169
28.9,79,1112.621844
29.35,74,1112.809508
29.35,78,1113.008841
29.3,87,1113.256203
31.55,46,1113.389793
15.05,20,1113.445056
28.35,86,1118.606459
4.7,323,1119.404662
24.1,111,1119.68424
26.85,112,1119.953685
-4.7,55,1120.084419
5.95,2,1120.089248
22.35,114,1120.35596
27.85,88,1120.573127
23.65,124,1120.885547
28.1,83,1125.789207
-5.7,59,1125.926426
21.85,144,1126.275605
20.55,54,1126.409027
-4.8,49,1126.528594
17.2,17,1126.569964
28.9,71,1126.743933
25.55,110,1127.017088
27.65,96,1127.269333
25.2,133,1127.620227
22.15,118,1127.914812
26.85,100,1128.172967
29.0,61,1133.097486
25.65,100,1133.340256
26.9,91,1133.565095
11.7,7,1133.582191
15.4,13,1133.613158
28.3,67,1133.773465
24.8,129,1134.084623
29.85,76,1134.268596
11.6,9,1134.290292
-5.45,50,1134.407502
30.05,64,1134.555781
24.25,128,1134.866794
28.0,97,1135.107477
26.65,108,1135.381277
30.35,70,1135.551802
26.1,95,1140.70829
22.95,126,1140.994867
21.65,136,1141.330706
28.15,90,1141.558928
29.05,84,1141.797969
-2.15,4,1141.810261
-6.45,26,1141.891234
-12.1,251,1142.735237
27.25,108,1143.086802
15.5,187,1148.853882
-3.1,23,1148.912167
25.05,112,1149.197209
27.55,90,1149.411314
28.25,80,1149.605033
30.3,67,1149.777174
30.65,68,1149.950232
25.4,53,1150.075655
3.2,285,1150.813996
29.25,84,1151.02878
31.0,61,1151.185998
24.45,72,1156.461338
7.95,2,1156.46656
26.45,116,1156.76011
28.3,99,1156.983649
5.0,1,1156.986062
7.9,3,1156.99271
-2.95,12,1157.020056
20.8,125,1157.325925
30.6,65,1157.49078
26.5,103,1157.763964
30.7,59,1157.901224
19.9,31,1157.971746
13.6,9,1157.991673
24.0,121,1158.259329
18.35,158,1158.619447
12.1,191,1163.730846
30.45,68,1163.88762
29.0,89,1164.094332
31.2,53,1164.218482
20.7,123,1164.51777
7.85,4,1164.527927
28.75,90,1164.777461
27.95,106,1165.094287
29.2,85,1165.395677
27.75,106,1165.718594
29.15,78,1165.943619
13.7,7,1165.963223
13.8,5,1165.977191
9.9,3,1165.985463
29.65,76,1166.190974
22.4,133,1172.850809
28.15,90,1173.100801
29.65,84,1173.331558
29.5,87,1173.558302
27.4,93,1173.804998
6.0,1,1173.80803
13.95,226,1174.424499
-5.55,60,1174.600254
28.0,97,1174.893642
25.55,102,1175.207928
19.4,173,1180.983773
28.9,79,1181.178779
15.05,20,1181.228451
15.35,14,1181.264278
28.15,98,1181.506643
26.6,65,1181.662419
-4.55,44,1181.767591
-3.55,32,1181.845521
28.55,90,1182.057539
30.0,69,1182.22244
11.8,5,1182.235817
15.5,203,1182.746325
28.15,74,1182.942297
15.4,13,1182.974228
-7.35,64,1183.131267
28.9,67,1188.825926
29.15,82,1189.045523
15.4,13,1189.083199
24.5,115,1189.401659
-2.65,14,1189.439747
18.25,32,1189.530154
27.7,87,1189.769124
26.1,103,1190.063458
27.95,98,1190.340838
-6.95,88,1190.573877
26.9,95,1190.823469
26.3,91,1191.064067
27.1,99,1191.339693
19.15,170,1196.56703
13.45,12,1196.595913
17.2,13,1196.628041
23.25,124,1196.932921
5.95,2,1196.937969
28.55,86,1197.150366
25.75,102,1197.402471
23.85,120,1197.698002
23.05,124,1198.004262
26.1,107,1198.265939
-2.4,325,1203.790649
8.0,1,1203.793283
21.05,148,1204.165003
12.15,218,1204.731793
27.55,98,1204.974798
-8.25,90,1205.198494
-3.95,40,1205.30477
29.9,75,1205.497592
7.8,5,1205.510139
28.3,99,1205.76748
17.05,20,1205.818778
26.3,115,1206.114642
27.8,105,1211.103954
21.8,141,1211.439924
18.5,175,1211.872269
24.35,34,1211.95858
28.35,78,1212.161812
-11.75,116,1212.456665
28.35,74,1212.633073
23.4,133,1212.959172
-5.8,377,1218.733298
-4.85,54,1218.864648
19.45,140,1219.233643
27.6,85,1219.451466
27.55,90,1219.689452
18.85,24,1219.752099
24.7,111,1220.049517
21.55,146,1220.412691
30.25,56,1220.550729
11.65,8,1220.570939
30.1,75,1220.779851
14.6,221,1226.408102
13.75,166,1226.815169
-8.2,85,1227.025564
-6.05,58,1227.172342
29.25,80,1227.371172
28.8,97,1227.604667
30.75,66,1227.766129
23.35,142,1228.108397
-5.95,56,1228.245775
28.1,79,1228.445645
29.75,78,1233.660021
30.55,70,1233.843736
21.65,156,1234.221505
29.0,85,1234.444182
28.2,93,1234.666758
27.75,94,1234.89299
30.3,75,1235.088172
26.1,119,1235.382048
28.5,87,1235.59662
25.35,110,1235.862069
30.6,65,1236.01635
-2.0,1,1236.018701
18.3,31,1236.090771
-2.1,3,1240.963864
30.15,74,1241.153815
11.35,10,1241.180321
4.25,192,1241.649311
25.6,57,1241.790117
9.95,2,1241.795066
28.9,83,1242.019219
20.25,32,1242.115784
13.45,12,1242.149189
9.6,9,1242.174874
17.4,13,1242.209914
11.7,7,1242.228631
24.6,117,1242.542733
23.75,134,1242.896245
28.0,89,1243.129788
18.1,155,1243.541151
22.1,39,1248.517993
7.95,2,1248.524233
-3.2,25,1248.595685
28.55,58,1248.753926
-4.85,58,1248.912098
26.75,102,1249.172997
-25.0,401,1250.192251
27.1,107,1250.468854
12.65,16,1250.508934
30.35,70,1250.68311
25.5,39,1250.786233
29.4,89,1251.024082
27.2,97,1256.029639
26.55,106,1256.283279
28.65,80,1256.471765
30.2,73,1256.649663
-4.45,34,1256.730038
7.95,2,1256.734988
23.45,108,1256.993017
26.3,119,1257.279039
29.7,79,1257.476155
17.0,165,1257.901528
28.35,78,1258.088653
6.0,1,1258.091275
29.8,77,1258.280341
5.95,2,1258.28537
5.15,246,1263.634085
18.95,166,1264.037997
23.35,114,1264.317871
27.0,101,1264.573257
5.95,2,1264.578525
25.15,118,1264.877346
-3.4,29,1264.949324
-3.45,26,1265.011114
23.35,122,1265.311002
30.05,68,1265.491422
29.05,84,1265.713484
27.25,100,1270.553962
27.2,77,1270.740695
24.45,100,1270.98381
30.2,65,1271.140187
-5.5,59,1271.276245
9.85,4,1271.285715
-2.8,17,1271.32488
-3.7,31,1271.399055
28.0,89,1271.613364
28.5,95,1271.853107
29.05,84,1272.076638
29.05,88,1272.300327
21.65,152,1272.685027
28.95,86,1277.893749
31.15,50,1278.018686
30.9,51,1278.140508
-5.05,58,1278.282195
24.25,124,1278.585139
30.05,68,1278.760149
29.2,77,1278.947468
20.7,27,1279.010098
27.8,97,1279.241071
-4.3,43,1279.351749
29.45,80,1279.557067
13.6,9,1279.580494
19.2,165,1280.008821
-2.0,1,1280.011366
19.1,175,1285.621255
28.6,85,1285.818887
-2.0,1,1285.821426
-6.55,76,1286.005003
27.1,103,1286.25607
16.05,184,1286.709029
29.1,71,1286.888494
19.55,154,1287.288597
31.1,59,1287.433635
25.1,119,1287.721769
29.4,81,1287.916707
13.7,7,1287.933172
24.85,136,1293.652399
20.9,143,1294.030529
24.95,54,1294.163981
13.45,12,1294.193264
27.6,117,1294.488831
28.3,91,1294.714398
29.95,82,1294.912592
31.0,61,1295.062279
31.05,56,1295.199086
-3.3,23,1295.255166
27.2,101,1295.506945
15.5,11,1295.534796
9.7,7,1295.552435
-3.15,20,1295.602168
27.8,93,1295.839882
31.5,51,1295.965829
-2.15,4,1295.975463
27.05,104,1301.092031
21.65,44,1301.197059
30.5,67,1301.368104
22.5,127,1301.70553
-3.15,20,1301.758999
11.85,4,1301.769736
7.9,3,1301.777788
28.25,92,1302.02282
-2.4,9,1302.046631
5.95,2,1302.052052
25.35,98,1302.309892
28.85,88,1302.541334
27.0,105,1302.800419
28.85,92,1303.027236
31.05,60,1303.170701
29.15,90,1303.389963
28.2,85,1308.611938
20.6,145,1308.987565
18.95,22,1309.042689
31.65,48,1309.162421
23.25,160,1309.566228
-3.6,33,1309.654747
-4.7,51,1309.791474
-2.0,1,1309.794242
23.65,48,1309.923352
25.6,97,1310.177931
26.85,112,1310.468143
28.9,87,1310.685163
29.45,76,1310.875811
31.15,58,1311.028289
-3.6,29,1311.101609
29.3,79,1318.011978
27.35,90,1318.391806
29.75,78,1318.765901
28.25,80,1319.228677
19.45,160,1319.669335
28.45,96,1319.92221
5.95,2,1319.927673
21.5,147,1320.365929
28.95,86,1320.670798
30.8,65,1320.845036
20.55,106,1321.115134
-2.3,7,1321.132835
20.45,160,1327.029902
30.95,62,1327.17992
9.7,7,1327.197461
30.0,73,1327.396167
30.0,69,1327.563178
27.75,102,1327.814214
15.25,16,1327.855368
5.0,1,1327.858105
29.75,74,1328.043591
22.15,138,1328.389136
28.8,85,1328.602881
28.95,98,1328.844278
31.7,43,1328.95391
29.4,89,1329.181016
29.15,70,1334.738313
29.45,68,1334.898926
30.7,63,1335.048437
1.55,294,1335.785492
17.35,14,1335.820608
14.2,181,1336.264755
28.8,85,1336.479524
24.65,60,1336.638049
22.4,33,1336.716945
30.0,77,1336.904153
0.75,274,1342.604485
25.55,138,1342.956881
18.9,127,1343.276331
23.9,123,1343.610742
22.75,126,1343.948451
25.5,107,1344.23436
-4.15,40,1344.340852
12.0,1,1344.343464
26.8,93,1344.576569
21.0,21,1344.629075
23.85,120,1349.764762
26.15,38,1349.862462
-7.45,62,1350.01956
23.7,47,1350.133943
16.75,182,1350.583816
29.85,76,1350.775199
21.9,43,1350.89212
8.7,187,1351.366805
28.25,80,1351.567717
-4.9,43,1351.679076
24.85,112,1351.959614
31.25,56,1352.094654
21.5,151,1357.326538
30.15,74,1357.51007
28.55,94,1357.752423
17.45,88,1357.982404
26.9,103,1358.25088
-14.85,542,1364.758982
28.55,118,1365.052596
9.35,258,1365.676556
17.85,192,1366.131917
6.0,1,1366.134305
28.05,108,1366.397971
9.8,5,1366.410891
-3.65,422,1372.187968
20.5,167,1372.614203
4.55,294,1373.349957
29.4,109,1373.628133
13.1,211,1374.153713
24.4,161,1379.27718
27.5,111,1379.549242
-11.75,100,1379.782939
31.2,73,1379.949378
-6.55,60,1380.083768
22.25,36,1380.167801
3.7,311,1380.898394
31.2,85,1381.103456
-4.95,60,1381.253605
15.9,195,1386.496767
19.25,188,1386.864153
11.65,8,1386.879704
15.25,16,1386.910613
-30.7,635,1388.467693
14.5,231,1394.141349
28.6,105,1394.375045
25.55,142,1394.710314
21.9,31,1394.778378
26.55,134,1395.073219
-4.4,37,1395.157701
29.75,90,1395.365029
6.8,293,1396.052804
21.75,158,1400.884163
9.9,3,1400.891197
26.5,123,1401.168911
18.55,190,1401.607733
25.25,116,1401.868312
30.35,102,1402.108253
29.5,99,1402.350717
13.05,244,1402.928049
32.2,73,1403.098107
30.5,99,1407.996516
27.05,128,1408.300339
21.65,180,1408.729156
31.2,81,1408.924845
29.1,99,1409.157826
30.5,103,1409.395607
33.5,51,1409.520613
7.8,5,1409.533022
32.3,71,1409.704884
16.95,22,1409.756967
19.5,191,1410.249266
11.85,228,1415.252567
16.4,209,1415.760394
5.9,3,1415.768009
26.7,63,1415.927237
21.5,163,1416.328799
22.95,170,1416.768693
28.7,119,1417.066264
-4.7,47,1417.184556
25.5,127,1422.247166
20.65,176,1422.673196
-4.15,40,1422.768221
30.35,94,1422.991001
9.65,8,1423.010806
27.15,130,1423.317747
11.85,4,1423.327179
27.95,106,1423.57727
17.2,189,1424.046937
22.85,140,1424.387246
20.35,162,1429.289375
27.4,53,1429.414949
11.6,9,1429.436945
12.45,224,1429.969261
32.15,62,1430.116407
2.05,224,1430.67119
29.0,105,1430.931818
28.35,122,1431.233656
30.8,89,1431.4556
21.65,148,1436.706227
26.75,118,1436.964967
9.75,6,1436.978306
31.6,85,1437.173704
15.45,12,1437.202108
9.85,4,1437.212042
19.0,53,1437.335003
-2.0,1,1437.337335
8.0,1,1437.33968
29.0,97,1437.562107
-3.45,30,1437.628211
23.45,164,1438.01641
26.25,132,1438.329085
7.55,246,1443.356718
24.45,120,1443.649644
30.55,98,1443.891115
29.65,104,1444.145081
18.85,24,1444.205205
28.2,105,1444.467194
-18.8,145,1444.829027
23.3,175,1445.262953
-5.65,366,1450.608493
21.4,13,1450.637665
27.9,103,1450.867943
22.15,38,1450.954588
19.3,15,1450.989875
27.5,123,1451.268381
30.55,90,1451.468253
29.8,97,1451.698609
9.95,2,1451.703633
24.15,78,1451.887137
27.3,115,1452.157526
5.9,3,1452.164686
31.05,88,1452.378186
24.7,115,1457.472824
13.35,14,1457.506313
28.3,103,1457.761998
29.65,96,1458.004296
5.0,1,1458.006992
24.65,124,1458.324168
20.65,148,1458.68236
23.0,121,1458.969043
28.25,112,1459.238871
7.9,3,1459.246356
30.85,84,1459.455521
27.3,103,1459.725106
32.15,66,1459.893241
28.35,106,1464.911816
-4.25,46,1465.022906
9.75,6,1465.041226
26.7,111,1465.307469
20.9,171,1465.730019
27.6,125,1466.03825
19.95,34,1466.123936
15.7,7,1466.14106
22.45,164,1466.535038
28.55,110,1466.801567
22.7,147,1467.154897
27.2,113,1471.824957
31.6,77,1471.995803
28.35,102,1472.230649
22.05,148,1472.585621
30.25,100,1472.834734
31.05,84,1473.043058
28.4,117,1473.33058
-5.95,56,1473.466235
24.75,130,1473.772644
-2.75,16,1473.81134
31.65,84,1474.01057
29.95,86,1479.570247
31.65,80,1479.785357
28.85,120,1480.094182
24.5,143,1480.462373
28.85,104,1480.737825
29.75,114,1481.046236
6.0,1,1481.04888
24.05,40,1481.159326
27.75,126,1481.492368
23.65,44,1481.610255
9.3,171,1482.074017
28.7,111,1487.609258
30.65,96,1487.843841
27.75,114,1488.140887
29.85,100,1488.398077
33.15,58,1488.549827
25.5,51,1488.685797
23.45,164,1489.135977
32.1,75,1489.321633
-4.1,43,1489.429152
-6.05,74,1489.618854
20.6,149,1490.010165
17.95,174,1495.417233
27.9,123,1495.735398
14.05,208,1496.271056
31.4,81,1496.481483
7.9,3,1496.489563
18.75,26,1496.556642
17.45,12,1496.586326
30.15,98,1496.827581
13.5,11,1496.854611
29.1,67,1497.026134
32.95,62,1497.185056
15.25,16,1497.224715
-17.3,351,1502.730095
30.4,85,1502.937678
-5.3,59,1503.088661
5.95,2,1503.093874
26.95,22,1503.150187
27.5,115,1503.439045
-2.0,1,1503.44162
24.75,134,1503.768592
-4.3,39,1503.862641
5.9,3,1503.869772
32.7,55,1504.00035
13.7,7,1504.017268
29.3,119,1504.310362
31.45,84,1504.522147
28.45,100,1509.385271
23.05,148,1509.723106
-3.5,31,1509.793979
-24.6,585,1511.216323
28.2,125,1511.540732
29.85,100,1511.799181
-8.5,79,1516.744741
23.75,158,1517.138854
6.0,1,1517.141375
15.1,19,1517.18609
15.25,16,1517.224559
31.9,67,1517.38457
22.05,184,1517.831898
29.65,112,1518.097457
30.2,101,1518.340456
21.6,137,1518.669629
4.85,280,1524.010192
29.85,112,1524.278298
27.55,98,1524.513943
30.5,79,1524.707426
27.4,121,1525.002436
28.7,119,1525.307419
29.9,95,1525.54015
24.1,131,1525.85518
31.75,74,1526.034206
-5.05,418,1531.610005
28.45,108,1531.880066
6.75,374,1532.802085
25.15,50,1532.930524
5.95,2,1532.935688
25.85,112,1533.224965
29.8,97,1538.018885
32.4,69,1538.181234
31.7,79,1538.36997
31.1,75,1538.552852
30.95,82,1538.747283
21.8,161,1539.105805
29.9,103,1539.334637
-4.1,39,1539.42793
29.7,103,1539.667165
25.25,120,1539.9522
28.9,95,1540.172643
33.05,60,1544.879773
28.35,70,1545.050135
27.8,129,1545.361604
28.05,100,1545.599483
29.75,114,1545.864597
29.95,94,1546.09304
29.15,94,1546.330115
31.35,82,1546.539576
26.75,138,1546.886965
16.9,199,1552.108488
13.6,9,1552.129322
-2.4,9,1552.150017
29.75,102,1552.394687
30.75,94,1552.621382
31.15,90,1552.838894
33.3,55,1552.970594
21.95,158,1553.373383
-4.1,35,1553.453496
20.8,165,1553.848252
7.95,2,1553.852951
27.75,122,1554.149804
30.55,90,1554.367898
31.8,85,1554.573812
13.5,11,1559.114607
31.35,74,1559.278898
22.3,139,1559.589837
29.25,56,1559.715362
23.15,158,1560.090293
31.8,69,1560.258206
-5.65,62,1560.406739
28.35,102,1560.6457
-5.0,61,1560.795875
27.4,113,1561.085785
-2.95,20,1561.135839
20.6,157,1561.514638
31.8,77,1566.304497
28.0,121,1566.592853
-3.8,37,1566.68134
30.6,85,1566.883251
9.85,4,1566.892643
23.75,138,1567.226962
5.0,1,1567.229547
29.5,87,1567.447258
13.3,15,1567.487218
28.9,115,1567.783792
-2.0,1,1567.786378
-4.55,48,1567.902721
26.2,133,1568.223633
-4.4,49,1568.341419
32.05,64,1568.496225
7.85,4,1568.506068
30.3,79,1573.29435
11.55,10,1573.318866
23.25,148,1573.673163
7.35,222,1574.230112
16.3,163,1574.640493
23.65,132,1574.972999
-27.8,353,1580.403973
28.85,96,1580.638965
32.1,67,1580.79416
32.35,70,1580.955227
29.35,98,1581.183047
31.25,80,1581.376995
15.25,16,1581.415545
-4.3,47,1581.525126
30.3,83,1581.722006
29.35,114,1581.993784
13.65,8,1582.014109
25.3,87,1582.242662
20.8,153,1582.639232
30.45,100,1587.656128
28.3,111,1587.914726
32.75,54,1588.039482
9.8,5,1588.051379
31.75,78,1588.239544
-3.15,24,1588.296769
26.85,88,1588.5041
27.1,115,1588.786785
33.7,43,1588.886504
31.0,81,1589.073538
31.15,82,1589.262913
7.4,297,1589.989147
-15.7,399,1595.586252
13.65,8,1595.60671
-23.35,408,1596.582788
25.55,118,1596.863234
27.05,116,1601.665636
33.95,42,1601.759323
23.3,147,1602.103003
26.1,39,1602.197149
-5.05,62,1602.343897
32.1,71,1602.512263
29.95,94,1602.741289
29.25,96,1602.975647
17.05,20,1603.024696
-4.9,391,1604.000553
28.3,123,1608.879216
-6.45,62,1609.022804
31.45,84,1609.222401
11.65,260,1609.857458
29.75,98,1610.085528
-4.2,41,1610.181458
-10.5,83,1610.392111
-2.0,1,1610.394719
29.95,102,1610.64884
26.3,131,1610.983937
9.9,3,1610.991993
21.0,69,1611.173869
28.45,108,1615.99595
18.15,38,1616.095682
19.6,153,1616.460205
31.75,82,1616.649496
31.1,91,1616.864502
21.65,168,1617.261176
13.65,8,1617.27983
7.15,238,1617.849419
29.15,102,1618.106704
23.1,167,1623.900207
28.75,106,1624.183189
9.8,5,1624.196208
31.0,93,1624.437915
23.65,148,1624.815687
23.45,152,1625.19767
29.85,88,1625.416497
16.9,195,1625.83436
30.35,90,1626.039135
29.6,101,1631.441935
19.15,194,1631.965585
7.9,3,1631.97374
26.9,127,1632.297015
32.5,67,1632.474531
30.75,82,1632.679382
16.85,24,1632.739055
30.8,77,1632.928592
28.25,112,1633.212106
7.75,6,1633.228276
26.85,120,1633.524379
17.1,19,1633.570199
27.55,130,1633.891725
31.0,85,1638.99592
21.2,169,1639.409887
33.05,60,1639.560368
31.3,83,1639.767265
27.05,112,1640.040837
30.5,95,1640.273638
25.9,95,1640.508991
28.7,95,1640.739397
25.7,151,1641.112962
32.55,62,1641.268118
30.45,96,1646.299077
25.9,43,1646.406691
32.95,54,1646.541727
31.0,81,1646.745944
-4.55,52,1646.875814
15.7,183,1647.354187
32.7,63,1647.487952
29.05,116,1647.70445
27.55,114,1647.916044
30.25,92,1648.092874
-23.7,419,1653.442973
5.95,2,1653.447781
-6.85,78,1653.639299
16.65,16,1653.67834
26.9,131,1653.995
30.85,80,1654.191198
18.55,182,1654.641106
29.4,101,1654.888926
31.55,78,1655.076506
32.15,78,1655.267962
-3.25,22,1660.29585
11.6,9,1660.317996
26.8,129,1660.644356
24.8,61,1660.797646
30.4,105,1661.06532
28.7,111,1661.340056
32.4,69,1661.513417
33.45,52,1661.648762
26.5,115,1661.942383
22.8,57,1662.086959
24.6,129,1662.430919
27.75,110,1662.714586
15.3,15,1662.753949
31.6,73,1667.811572
-5.3,63,1667.972844
-7.15,68,1668.139041
-2.6,13,1668.171005
22.7,135,1668.532958
29.05,96,1668.783399
30.6,77,1668.978156
25.65,144,1669.341021
13.45,12,1669.370534
17.15,18,1669.416623
30.25,104,1669.675799
31.4,81,1669.881057
32.4,73,1670.069181
29.6,101,1670.338062
11.4,13,1670.372231
5.0,1,1670.374819
29.15,118,1675.99668
24.6,141,1676.35454
30.7,95,1676.601014
-4.45,46,1676.729665
32.0,69,1676.910486
29.05,112,1677.189202
11.75,6,1677.204739
25.7,47,1677.318057
11.75,6,1677.332609
-2.0,1,1677.335013
30.3,103,1677.612072
28.25,112,1677.904837
33.2,57,1678.048297
25.8,121,1683.228869
13.55,10,1683.253363
29.0,105,1683.514918
31.6,89,1683.747992
-7.05,66,1683.923244
19.3,195,1684.453683
-2.0,1,1684.45625
21.05,20,1684.508251
5.95,2,1684.513539
30.05,100,1684.789604
30.45,100,1685.062867
-8.0,101,1685.339137
29.1,107,1685.622993
30.15,98,1685.88424
-2.0,1,1685.886923
13.6,9,1685.910974
9.85,4,1685.921734
32.55,54,1690.851335
33.3,51,1690.971223
4.75,250,1691.591065
30.2,97,1691.832857
26.0,133,1692.187067
11.85,4,1692.19778
29.45,104,1692.493576
23.1,155,1692.91133
22.2,145,1693.284646
17.0,21,1693.335876
31.35,90,1699.424145
31.7,75,1699.630545
20.55,174,1700.112134
28.5,95,1700.364342
30.8,89,1700.600858
29.85,108,1700.88779
31.25,80,1701.118014
27.75,106,1701.409575
18.1,39,1701.512088
7.85,4,1701.523051
27.9,95,1701.773899
29.3,95,1707.072484
29.9,99,1707.30974
14.55,186,1707.768593
-2.0,1,1707.771192
29.3,107,1708.065097
27.35,114,1708.368946
31.9,75,1708.554908
18.7,27,1708.618025
27.35,118,1708.903186
17.4,145,1709.263205
30.85,96,1709.50506
28.8,113,1714.814798
-2.1,3,1714.822455
13.55,10,1714.849056
32.1,75,1715.046124
29.8,105,1715.308798
17.35,46,1715.432181
30.05,84,1715.643356
26.95,126,1715.973017
29.5,111,1716.258542
-4.0,37,1716.353253
32.05,72,1716.535851
-5.0,53,1716.669041
13.8,5,1716.681997
25.1,159,1717.080013
24.5,131,1722.189656
21.0,21,1722.243288
26.85,128,1722.569844
25.4,129,1722.898092
31.65,80,1723.099114
25.95,126,1723.427161
31.4,73,1723.62025
24.8,137,1723.986682
30.8,89,1724.222078
29.35,102,1724.489085
27.55,114,1729.845017
31.5,75,1730.073573
5.9,3,1730.083057
29.5,95,1730.362939
28.3,119,1730.723781
30.65,88,1730.976659
23.2,161,1731.422543
30.8,89,1731.678622
23.35,138,1732.069144
26.9,127,1732.426546
29.4,105,1738.410262
17.75,50,1738.538022
24.15,130,1738.888563
19.3,163,1739.314151
29.1,103,1739.563921
31.8,73,1739.739968
23.2,41,1739.846547
27.05,128,1740.179443
29.3,99,1740.453517
10.7,35,1740.538807
6.0,1,1740.541419
7.9,3,1740.548909
26.9,123,1740.846882
30.8,77,1746.059353
31.75,82,1746.257407
7.95,2,1746.262139
-124.65,722,1748.11987
19.1,207,1753.521947
29.9,103,1753.779031
19.25,16,1753.818185
7.25,268,1754.501268
32.05,100,1754.798564
7.95,2,1754.804599
13.5,11,1754.836654
29.3,127,1755.185384
30.1,115,1755.485382
23.65,172,1755.970357
6.0,349,1761.588532
26.3,159,1761.990187
23.85,176,1762.408201
-32.5,463,1768.389946
24.2,157,1768.765899
32.5,103,1769.014695
-2.55,12,1769.043846
24.15,38,1769.137673
24.2,181,1769.597728
26.65,140,1769.942493
28.2,129,1770.260044
24.15,178,1770.700127
29.75,118,1775.863536
34.6,69,1776.033795
27.7,131,1776.357873
26.05,152,1776.745633
-4.4,297,1777.502301
31.45,92,1777.752377
30.55,126,1778.064985
24.0,169,1783.24957
-10.8,109,1783.517356
5.95,2,1783.522668
29.85,120,1783.81006
2.35,306,1784.575523
27.65,144,1784.931818
-26.65,570,1791.130999
32.9,79,1791.329782
31.4,109,1791.624377
28.75,138,1791.983974
-4.95,56,1792.12634
24.15,162,1792.534434
28.2,161,1792.937646
15.35,14,1792.973346
7.95,2,1797.817423
30.9,99,1798.061954
11.45,12,1798.092311
25.15,162,1798.49589
18.1,35,1798.580731
6.25,324,1799.407247
13.2,17,1799.45322
24.5,143,1799.799357
31.35,102,1800.05838
-4.25,42,1800.167952
32.15,94,1805.305462
10.8,273,1805.988971
17.45,12,1806.01977
31.4,105,1806.276917
29.0,105,1806.540069
-38.75,584,1812.813643
28.1,139,1813.164581
21.0,189,1813.634341
24.4,157,1814.015175
34.45,72,1814.189087
-3.45,30,1814.265272
28.2,125,1814.571695
14.0,257,1820.10961
27.25,128,1820.421799
15.3,15,1820.459812
12.6,17,1820.503214
22.8,173,1820.93984
-4.0,41,1821.038998
29.55,114,1821.31796
7.95,2,1821.323209
32.75,102,1821.581769
15.75,250,1822.204533
17.45,224,1827.693416
13.15,278,1828.364403
6.7,259,1828.998372
32.15,106,1829.251089
26.05,148,1829.613312
16.65,228,1834.965121
5.9,3,1834.972821
30.7,107,1835.243389
31.5,111,1835.527381
13.55,22,1835.583652
22.35,194,1836.074571
30.2,109,1836.343031
30.5,119,1836.635049
11.45,12,1836.663745
32.35,90,1836.897268
5.0,1,1836.900079
-4.8,49,1837.032985
27.0,57,1837.186251
5.25,348,1842.801062
-2.8,17,1842.845676
32.45,96,1843.089484
28.65,128,1843.407743
28.85,120,1843.716158
30.85,108,1844.008725
19.85,184,1844.483789
32.85,100,1844.733986
5.95,2,1844.738985
13.65,8,1844.7598
31.25,120,1849.899228
-21.85,154,1850.287989
31.25,104,1850.544539
-3.1,23,1850.600692
28.25,120,1850.892417
33.15,86,1851.115321
16.05,32,1851.197535
33.0,101,1851.457868
32.25,108,1851.730857
28.05,144,1852.092901
33.7,67,1857.026453
24.5,163,1857.413706
31.2,117,1857.698058
19.0,21,1857.751409
29.65,112,1858.036464
-11.2,105,1858.305123
5.0,1,1858.307706
31.6,117,1858.60397
31.0,105,1858.858679
21.2,209,1859.387837
33.7,83,1864.52486
21.1,167,1864.947788
33.55,74,1865.132622
33.85,72,1865.310939
23.0,173,1865.757191
-0.15,408,1866.847534
19.35,198,1872.123634
29.75,98,1872.366515
22.1,39,1872.465805
18.65,28,1872.537339
-2.15,4,1872.547375
18.65,212,1873.066006
28.4,125,1873.366245
24.55,30,1873.438155
32.3,107,1873.704741
1.65,332,1879.408178
27.35,146,1879.778224
30.5,107,1880.049657
18.05,236,1880.641501
30.8,113,1880.927948
34.65,60,1881.079336
19.15,170,1881.508234
20.8,193,1886.863234
32.7,87,1887.074431
9.8,5,1887.087167
9.75,6,1887.102197
5.95,2,1887.107316
34.05,80,1887.310931
13.35,14,1887.346891
25.6,165,1887.773406
27.3,155,1888.174743
32.85,88,1888.391486
25.9,159,1888.807342
30.3,115,1889.108223
7.9,3,1889.11591
-4.7,51,1889.243665
32.35,86,1894.300644
16.55,26,1894.36765
31.45,84,1894.577273
-7.5,91,1894.790216
24.35,74,1894.966754
21.9,179,1895.417329
7.0,353,1896.302952
26.7,67,1896.465305
26.1,159,1901.603296
10.45,108,1901.861555
-2.45,10,1901.885399
17.25,240,1902.464803
-4.2,45,1902.576329
33.7,83,1902.776401
21.05,192,1903.250483
30.3,123,1903.543462
1.05,372,1909.037814
23.65,168,1909.435249
33.1,91,1909.660011
24.6,169,1910.087175
-3.55,32,1910.17206
26.15,158,1910.577403
32.15,110,1910.866519
16.85,24,1910.924094
23.15,178,1916.149638
11.75,226,1916.696342
33.4,85,1916.903298
31.8,101,1917.144273
22.85,180,1917.576138
28.7,123,1917.868762
33.6,69,1918.031114
19.2,41,1918.129498
30.45,108,1923.03805
9.75,6,1923.053356
14.25,292,1923.784383
25.1,187,1924.23465
33.15,78,1924.427602
15.4,13,1924.460544
31.1,107,1924.730143
25.7,155,1925.109559
30.7,123,1925.407284
24.8,165,1930.540575
31.85,104,1930.798597
9.65,8,1930.819167
13.35,10,1930.844635
33.05,80,1931.042712
30.35,126,1931.35146
30.65,116,1931.63296
28.1,131,1931.952636
25.2,157,1932.335659
33.6,73,1932.523823
33.35,86,1932.747039
7.75,234,1938.53299
5.8,217,1939.07463
15.35,14,1939.110291
18.6,29,1939.183579
-2.25,6,1939.199011
12.85,16,1939.240458
27.0,173,1939.667455
-4.3,43,1939.774723
33.85,76,1939.964844
22.0,185,1940.434069
31.8,113,1945.57498
-3.6,21,1945.624152
9.85,4,1945.633119
30.65,128,1945.927959
26.9,151,1946.284719
25.95,130,1946.605734
33.1,95,1946.839672
31.7,115,1947.128032
19.15,38,1947.222845
32.1,95,1947.454357
23.8,45,1947.563276
20.15,34,1947.646097
33.55,78,1947.836935
29.6,133,1952.964843
32.9,87,1953.196793
25.55,154,1953.609534
-2.0,1,1953.612234
33.7,83,1953.83484
27.25,152,1954.213781
28.65,132,1954.534768
-29.05,470,1960.477507
6.85,244,1961.053596
32.45,88,1961.268569
-10.15,80,1961.480496
13.65,8,1961.501604
11.7,7,1961.519219
27.8,137,1961.865193
29.1,135,1962.220782
29.2,125,1962.5458
11.7,7,1962.563773
15.65,8,1962.58446
-2.0,1,1962.587142
-4.2,21,1962.639862
11.8,5,1967.541529
32.85,88,1967.756404
-4.6,49,1967.874252
-2.7,15,1967.910306
6.0,1,1967.912913
20.4,33,1967.99402
28.5,123,1968.297023
8.0,1,1968.299645
6.0,1,1968.302239
6.95,306,1969.063818
30.75,90,1969.285799
19.95,222,1969.831993
30.9,111,1974.928183
33.65,84,1975.133734
-2.0,1,1975.136215
33.4,89,1975.348312
31.5,95,1975.585835
9.85,4,1975.595828
31.7,95,1975.836331
16.9,23,1975.896658
15.35,42,1976.002278
13.6,9,1976.025098
29.05,128,1976.341256
13.3,15,1976.377258
33.15,98,1976.622532
7.9,3,1976.630868
31.3,107,1976.913995
-4.15,44,1977.024219
9.7,7,1977.041791
-4.2,45,1977.1517
-10.5,83,1977.360799
27.65,140,1982.441518
31.7,103,1982.699763
29.7,83,1982.906148
9.8,5,1982.918789
27.95,142,1983.271669
27.25,84,1983.476349
31.9,103,1983.733844
32.8,85,1983.946356
-6.1,75,1984.134495
28.05,136,1984.479297
-2.0,1,1984.481741
23.0,165,1989.615013
30.0,129,1989.93475
32.5,99,1990.181461
27.05,140,1990.522286
30.1,107,1990.799052
23.55,194,1991.317682
-13.05,114,1991.614457
32.65,100,1991.874083
27.3,131,1996.920438
9.75,6,1996.934929
28.5,119,1997.226281
-2.5,11,1997.252799
15.05,16,1997.2934
-2.4,9,1997.315423
32.55,98,1997.550501
-13.4,93,1997.770627
31.6,101,1998.012855
5.9,3,1998.020651
23.2,45,1998.132274
18.85,24,1998.194671
32.35,78,1998.403237
-2.0,1,1998.406098
32.3,91,1998.637872
29.25,52,1998.76849
31.9,95,1999.006381
29.25,112,1999.284219
13.3,227,2004.631781
28.35,150,2004.984429
32.25,108,2005.25471
26.55,138,2005.599181
30.0,137,2005.938491
28.15,90,2006.163003
32.2,109,2006.435296
31.7,111,2011.529476
26.8,101,2011.770601
30.75,114,2012.045863
26.0,141,2012.391001
32.8,93,2012.619209
13.5,11,2012.645507
28.5,135,2012.986358
14.8,21,2013.036916
-4.15,44,2013.143617
27.05,152,2013.531575
28.55,130,2013.867298
9.75,6,2013.882627
33.55,74,2018.863948
31.35,110,2019.117787
30.35,110,2019.386795
9.95,2,2019.391734
31.9,111,2019.668558
30.9,111,2019.93313
30.75,106,2020.197417
18.35,30,2020.272398
15.35,10,2020.296741
19.45,188,2020.754829
32.2,73,2020.944176
32.25,88,2021.179144
-6.55,80,2026.201095
20.9,183,2026.661173
32.9,95,2026.909978
13.35,30,2026.98529
27.45,140,2027.337473
30.4,109,2027.6075
22.35,162,2028.024263
18.85,228,2028.629238
30.5,111,2033.634655
31.35,90,2033.860636
32.05,96,2034.101373
32.3,103,2034.353877
15.85,176,2034.799744
32.25,80,2035.004619
29.5,131,2035.344044
-2.0,1,2035.346522
16.1,27,2035.412881
32.0,97,2035.605857
31.9,91,2035.778869
34.45,68,2035.917575
29.55,118,2041.290045
24.9,151,2041.600661
7.95,2,2041.604789
26.7,139,2041.893162
4.15,322,2042.57061
31.3,107,2042.797871
24.45,32,2042.863368
26.75,94,2043.056728
31.15,110,2047.777562
31.25,120,2048.069493
19.6,161,2048.455845
29.95,134,2048.779418
31.15,118,2049.067402
33.1,83,2049.27156
6.0,1,2049.273971
28.4,65,2049.424452
21.65,204,2049.910221
18.65,224,2055.020248
33.95,78,2055.248383
-2.55,12,2055.282158
29.25,128,2055.620323
28.6,141,2055.960263
31.6,97,2056.196557
21.85,56,2056.332208
25.15,154,2056.693132
18.3,27,2056.7561
30.0,121,2057.04638
11.75,6,2057.060486
32.55,94,2061.660434
31.95,102,2061.909421
34.55,58,2062.056868
27.75,154,2062.455264
23.5,183,2062.901668
24.15,38,2062.998659
17.25,16,2063.035508
31.0,93,2063.255521
21.25,184,2063.711121
28.05,144,2064.069917
33.2,93,2068.882142
23.75,46,2068.992315
28.5,135,2069.310309
25.8,133,2069.631526
30.5,111,2069.898177
7.9,3,2069.905474
5.9,3,2069.912602
30.7,123,2070.210925
5.9,3,2070.218283
-7.7,95,2070.44905
28.85,148,2070.80266
32.65,88,2071.009556
27.05,140,2075.954104
9.6,9,2075.976269
22.25,32,2076.054382
-5.35,68,2076.21865
32.95,98,2076.450108
20.85,240,2077.005488
8.0,1,2077.007976
-2.35,8,2077.026352
11.6,9,2077.047154
27.65,144,2077.366257
31.7,107,2077.618704
32.75,78,2077.798987
19.05,72,2077.969745
31.4,105,2082.905947
8.05,328,2083.68192
31.55,94,2083.906321
22.8,177,2084.328105
29.9,115,2084.606188
33.3,87,2084.814759
11.55,10,2084.83791
29.45,120,2085.121421
15.0,33,2085.196386
29.6,113,2090.024621
32.05,108,2090.274587
29.3,111,2090.540165
-4.9,51,2090.664252
-3.4,29,2090.736016
-12.0,125,2091.033712
28.15,142,2091.381629
31.35,114,2091.65554
29.4,117,2091.951966
32.3,83,2092.166564
33.6,81,2097.012871
26.2,161,2097.38887
32.2,97,2097.618806
32.75,78,2097.804295
32.2,109,2098.060948
30.65,108,2098.318952
30.2,113,2098.585595
31.7,103,2098.829681
31.55,110,2099.090045
-5.35,56,2099.221631
26.35,138,2104.250444
31.65,96,2104.48597
30.5,111,2104.75998
25.8,153,2105.135304
15.15,222,2105.670988
29.8,129,2105.983651
33.0,89,2106.189567
24.3,171,2106.584563
24.35,162,2111.543963
27.65,144,2111.891072
27.85,136,2112.210112
25.45,136,2112.524216
22.55,178,2112.958278
7.85,4,2112.970006
32.75,94,2113.186643
30.75,138,2113.514837
29.15,110,2118.719296
28.75,122,2119.055874
11.6,9,2119.080313
7.85,4,2119.091318
30.65,124,2119.407588
32.7,83,2119.612087
30.5,115,2119.914616
7.85,4,2119.925947
-3.45,30,2120.009947
29.9,103,2120.28196
33.7,71,2120.48256
28.2,137,2120.964341
26.6,145,2121.430561
28.55,134,2126.856984
29.2,133,2127.178525
19.05,20,2127.226972
32.0,117,2127.510988
28.75,114,2127.790798
29.15,118,2128.082183
16.95,198,2128.563755
33.55,78,2128.767527
-8.0,353,2134.472241
30.05,128,2134.795304
32.5,91,2135.018636
32.4,101,2135.275348
26.6,145,2135.630625
32.95,78,2135.812446
32.25,112,2136.086376
32.15,102,2136.335871
11.75,6,2136.350835
15.2,17,2136.393422
29.1,143,2141.596344
30.05,120,2141.891698
7.85,4,2141.901651
33.15,86,2142.109135
22.15,174,2142.531363
28.1,143,2142.882676
6.0,1,2142.88517
32.5,95,2143.115098
21.4,165,2143.53631
26.1,39,2143.633366
32.2,109,2148.77173
31.85,100,2149.016983
22.8,189,2149.50602
31.9,111,2149.77511
32.95,102,2150.01741
11.65,8,2150.036216
26.15,122,2150.326377
16.05,264,2150.973203
13.65,8,2150.992715
26.25,152,2156.160491
33.65,84,2156.369037
5.0,1,2156.371565
-8.3,103,2156.62347
29.25,112,2156.899794
21.15,18,2156.942319
19.55,198,2157.426439
21.85,188,2157.884093
32.6,93,2158.109118
35.15,58,2158.249043
24.2,149,2163.384246
7.9,3,2163.39155
26.25,36,2163.476284
31.95,102,2163.716594
32.65,100,2163.951279
5.95,2,2163.956038
28.15,126,2164.255312
31.65,108,2164.50832
15.45,12,2164.537208
32.8,89,2164.745012
17.1,215,2165.250475
15.2,17,2165.290334
30.05,124,2165.593445
22.35,34,2170.423593
29.8,125,2170.735283
33.85,76,2170.921009
31.2,97,2171.161243
26.05,148,2171.540134
15.2,17,2171.583681
13.75,6,2171.598538
31.9,91,2171.835064
-5.15,56,2171.968907
31.75,102,2172.216771
13.6,9,2172.238775
31.55,114,2172.516172
18.0,33,2172.599522
23.55,174,2177.943768
32.45,96,2178.17671
13.5,11,2178.204161
32.05,104,2178.459128
31.4,113,2178.730859
32.75,82,2178.934466
16.8,21,2178.987878
33.1,99,2179.235455
20.25,184,2179.702967
31.2,117,2180.012156
34.05,72,2180.192621
19.85,184,2185.527549
31.0,109,2185.81697
30.0,117,2186.133378
29.75,134,2186.49018
-4.65,50,2186.611758
13.55,10,2186.635577
31.6,117,2186.946817
30.9,119,2187.265505
-4.75,52,2187.396116
31.35,106,2187.655689
-24.65,126,2193.123347
31.3,115,2193.427459
-6.6,73,2193.624391
31.35,82,2193.839834
16.95,22,2193.899895
29.05,132,2194.243121
29.8,109,2194.538404
30.9,111,2194.839859
34.45,72,2195.030428
15.15,18,2195.076131
28.9,127,2195.395057
5.0,1,2195.397699
25.85,152,2195.782604
30.3,123,2200.99092
28.85,140,2201.361014
11.45,12,2201.392747
31.65,112,2201.683853
-9.25,106,2201.984879
29.75,134,2202.343368
17.85,220,2202.91341
28.8,125,2203.219153
31.0,109,2208.174153
-2.0,1,2208.176442
30.6,117,2208.449092
32.65,92,2208.662613
27.7,159,2209.047408
16.8,25,2209.110968
9.8,5,2209.123795
28.1,75,2209.312768
32.2,73,2209.495302
13.5,11,2209.522804
31.3,111,2209.799064
-2.0,1,2209.801682
-4.95,60,2209.952001
-4.95,56,2210.093616
28.95,126,2210.40555
-117.95,800,2218.147853
11.45,312,2224.447966
33.2,93,2224.697785
-2.7,11,2224.727928
-5.05,46,2224.847129
29.9,163,2225.240865
2.35,346,2226.09354
24.55,182,2226.550655
21.0,257,2232.786821
20.6,237,2233.523118
13.05,300,2234.372474
-73.05,606,2240.681259
-5.9,67,2240.846153
10.9,275,2241.544702
27.85,152,2241.922976
-23.0,161,2242.315151
24.7,51,2242.441189
-2.0,1,2242.443735
33.6,81,2242.645076
-17.35,152,2247.874038
30.95,150,2248.240307
27.35,174,2248.663964
26.25,168,2249.08204
31.3,143,2249.429228
12.5,263,2255.417425
-91.55,800,2257.65086
27.3,159,2258.06517
26.3,67,2263.044425
29.95,142,2263.396769
33.45,108,2263.667288
23.75,86,2263.886129
31.75,98,2264.130479
32.35,130,2264.44592
29.6,129,2264.761441
11.5,11,2264.788264
28.5,59,2264.938161
15.95,274,2270.462257
30.55,142,2270.811649
-4.35,40,2270.911773
20.6,29,2270.984343
28.8,153,2271.393034
-4.75,40,2271.49719
33.4,113,2271.791004
30.2,133,2272.132059
32.35,146,2272.497531
32.6,101,2272.761009
28.65,88,2272.994899
29.85,136,2278.239815
-12.1,123,2278.552058
30.65,168,2278.977666
16.9,199,2279.474943
30.95,130,2279.807142
30.5,135,2280.152072
32.7,119,2280.450924
28.3,147,2285.680455
-128.35,800,2287.686388
5.95,2,2287.691449
31.0,133,2292.861147
27.85,152,2293.231527
11.85,4,2293.241801
31.0,61,2293.396123
28.0,169,2293.812689
5.55,398,2294.780388
33.5,111,2295.061424
26.15,38,2295.161962
-2.0,1,2295.164809
-3.1,23,2295.228638
33.35,122,2300.466424
31.6,141,2301.022981
32.35,118,2301.456819
27.0,57,2301.643085
20.7,51,2301.827301
25.75,182,2302.526494
20.5,263,2303.494
33.05,108,2303.856587
32.55,130,2311.692823
7.4,237,2312.425999
23.7,187,2313.006731
0.95,278,2313.973562
2.55,298,2320.950447
24.35,202,2321.422533
33.65,120,2321.72771
33.25,108,2322.010035
29.15,138,2322.279343
5.95,2,2322.283387
-7.1,83,2322.454112
29.25,172,2322.808556
-7.1,91,2323.006174
35.65,76,2328.140998
30.15,138,2328.523634
27.15,186,2329.177407
-21.25,490,2330.546882
32.6,121,2330.875112
27.35,154,2337.367934
33.8,121,2337.656812
17.4,265,2338.311097
34.85,92,2338.531543
28.95,130,2338.885504
27.45,148,2339.446591
29.85,136,2339.851708
-6.8,77,2346.130723
29.55,166,2346.595444
-4.9,55,2346.754712
-6.6,73,2346.973938
29.95,146,2347.369771
30.75,146,2347.791367
-18.05,326,2348.707515
-4.8,57,2353.892364
32.65,132,2354.219481
-4.75,412,2355.233001
-7.55,68,2355.419785
25.4,169,2355.849393
31.45,128,2356.150257
-5.35,44,2356.253049
35.4,93,2361.47508
-6.55,60,2361.623707
22.75,202,2362.187148
17.15,18,2362.255926
28.55,154,2362.892244
17.4,13,2362.935247
9.9,3,2362.9445
-47.95,664,2370.03196
34.8,101,2370.304775
21.85,200,2370.877155
29.95,166,2371.38047
15.3,335,2372.936682
22.05,200,2379.731935
20.25,36,2379.8315
29.95,134,2380.198245
31.4,121,2380.542759
-2.9,19,2380.598939
17.4,13,2380.635482
27.3,75,2380.840567
-5.0,53,2380.9862
30.05,144,2381.389502
33.75,118,2381.728015
34.15,98,2381.993868
32.35,114,2387.783134
-2.8,17,2387.827876
32.75,86,2388.139833
20.0,217,2388.695993
32.75,118,2389.008266
20.8,221,2389.624215
-4.15,40,2389.733613
21.45,208,2390.24554
14.55,18,2390.289556
22.1,35,2390.373249
19.0,249,2396.015082
27.45,180,2396.550261
-23.95,536,2398.16198
33.3,119,2398.518185
13.75,278,2404.570732
31.45,116,2404.876307
-10.25,94,2405.166794
27.15,146,2405.591941
-2.0,1,2405.594984
28.95,142,2406.01727
25.9,171,2406.47333
20.6,217,2412.301162
32.85,116,2412.62347
18.35,202,2413.204238
26.15,194,2413.728634
34.45,96,2414.029322
35.3,83,2414.260541
-6.25,78,2414.483131
29.8,145,2421.520024
25.25,200,2422.049461
13.3,15,2422.087399
31.3,147,2422.484111
27.4,49,2422.633192
13.3,15,2422.676203
5.95,2,2422.682166
34.9,91,2422.982496
32.95,122,2423.408628
28.1,179,2423.976813
33.1,107,2424.343038
33.45,108,2429.989826
35.45,92,2430.234921
26.5,163,2430.671881
6.0,1,2430.674662
30.65,132,2431.031831
30.45,132,2431.422158
32.6,125,2431.777579
30.65,124,2432.107165
23.25,48,2432.242664
15.75,6,2432.259182
21.1,207,2438.819229
-3.3,27,2438.897171
-8.55,108,2439.217961
28.5,155,2439.675116
-5.6,69,2439.872735
31.5,119,2440.225402
29.8,141,2440.617386
9.7,7,2440.636504
34.6,97,2440.917403
-9.65,106,2441.209817
14.95,254,2448.144436
23.65,204,2448.792273
-41.1,659,2450.990087
-7.6,61,2457.36703
27.3,163,2457.812063
29.0,157,2458.245003
24.15,194,2458.755197
-14.55,96,2459.015823
-2.2,5,2459.030794
32.2,125,2459.404172
27.65,64,2459.587849
-12.85,130,2459.949369
34.5,95,2465.78917
5.0,1,2465.792551
25.6,169,2466.292693
29.7,151,2466.722864
24.4,33,2466.813389
-2.0,1,2466.81606
35.4,89,2467.055406
33.6,97,2467.319357
31.85,120,2467.641872
29.8,153,2468.074877
9.65,8,2468.098107
33.2,109,2468.413356
31.35,138,2474.673046
31.4,133,2475.071564
35.0,93,2475.367865
33.75,106,2475.726444
9.7,7,2475.749261
-5.75,64,2475.953809
29.25,156,2476.420796
20.75,98,2476.686581
-2.0,1,2476.689286
28.75,138,2477.028734
23.1,211,2483.170811
34.15,110,2483.46633
24.05,212,2484.049981
26.55,182,2484.652348
-7.0,69,2484.867051
32.2,125,2485.25896
15.7,199,2486.091611
34.25,96,2492.93525
-10.05,74,2493.171907
33.2,121,2493.556531
28.1,167,2494.033551
31.65,128,2494.475661
-9.55,496,2495.914434
30.45,144,2502.078154
29.6,145,2502.504806
34.15,106,2502.818658
30.9,115,2503.156829
24.3,187,2503.705408
33.15,106,2504.029474
19.45,216,2504.714367
30.6,133,2510.981494
33.45,120,2511.305827
34.4,97,2511.564339
27.3,163,2512.012149
29.45,132,2512.463162
31.85,140,2512.930992
28.9,155,2513.430025
30.7,151,2519.905486
13.6,9,2519.93546
32.55,106,2520.275928
33.55,110,2520.630816
31.75,126,2521.013818
26.4,177,2521.555485
28.75,158,2522.027377
27.7,155,2522.508589
27.35,150,2522.959556
9.25,312,2529.529606
-4.8,57,2529.691968
32.35,98,2529.971094
26.5,179,2530.480574
24.7,203,2531.055887
15.35,242,2538.017911
-3.95,32,2538.11313
30.85,160,2538.594534
30.45,140,2539.042172
23.95,178,2539.602924
29.05,144,2540.019785
28.4,153,2540.468758
-10.95,548,2548.941522
30.05,136,2549.406575
29.1,147,2549.906127
33.5,123,2550.294551
-13.5,143,2550.710424
29.0,57,2550.8774
-4.7,47,2557.161179
25.15,18,2557.211679
11.95,2,2557.217248
31.95,130,2557.546679
32.7,111,2557.822144
28.25,156,2558.212324
33.15,118,2558.502715
33.1,123,2558.81325
21.85,240,2559.438028
15.2,209,2565.778795
18.35,270,2566.706144
30.0,81,2566.999686
-5.3,43,2567.15364
11.95,2,2567.160888
31.75,118,2567.558541
15.05,20,2567.618163
13.6,9,2567.645006
10.55,298,2568.514649
31.7,127,2574.64866
24.35,182,2575.177773
32.6,109,2575.490257
32.3,127,2575.851431
-3.15,24,2575.920045
35.05,92,2576.190833
8.95,254,2576.919981
29.95,138,2577.320188
32.55,134,2584.06702
21.8,209,2584.71827
35.05,96,2585.000978
19.3,183,2585.545285
20.85,208,2586.174345
-8.75,116,2586.508086
7.95,2,2586.514245
30.85,136,2592.998722
24.85,184,2593.500416
30.6,133,2593.877192
33.7,115,2594.264669
17.4,13,2594.30822
27.6,145,2594.791472
30.6,109,2595.181593
9.65,8,2595.210222
25.1,183,2595.872865
34.7,95,2596.163835
18.1,247,2602.685967
29.45,140,2603.125552
15.35,14,2603.1684
19.05,252,2603.921452
18.4,181,2604.490789
24.15,174,2605.070606
27.65,164,2611.350777
7.8,5,2611.364934
28.2,161,2611.82097
30.25,148,2612.254303
27.3,171,2612.762772
31.3,127,2613.140043
34.6,93,2613.417306
31.85,124,2613.845594
32.6,101,2620.071317
29.4,137,2620.47007
30.55,126,2620.814814
12.15,306,2621.673871
28.95,166,2622.161778
20.25,36,2622.268767
22.1,175,2622.783176
32.15,78,2628.648854
23.4,193,2629.17569
17.25,256,2629.920798
26.9,171,2630.452513
27.75,146,2630.91222
25.3,187,2631.520744
22.3,183,2638.040336
27.9,163,2638.49017
31.15,130,2638.900993
12.35,210,2639.591807
29.45,140,2640.041126
-3.0,21,2640.106517
29.7,123,2640.496997
-4.55,52,2640.664215
35.4,77,2646.840764
-20.85,182,2647.333309
33.2,121,2647.702679
36.6,61,2647.87477
15.5,11,2647.90954
26.4,169,2648.421578
11.85,4,2648.433903
34.15,106,2648.752645
27.3,163,2649.196136
-11.75,128,2649.566106
7.0,249,2655.872416
29.85,136,2656.281928
23.55,46,2656.419903
34.0,101,2656.720623
31.7,127,2657.095977
5.0,1,2657.099147
32.7,111,2657.41926
34.85,96,2657.697505
33.35,114,2658.031628
33.6,105,2664.162016
29.85,136,2664.535526
18.7,191,2665.12285
33.55,106,2665.460884
30.8,133,2665.877879
33.15,122,2666.237516
30.9,119,2666.598338
28.25,152,2667.051992
27.0,169,2673.526648
28.9,139,2673.923539
22.55,98,2674.188677
-6.65,314,2675.067677
32.65,120,2675.396327
33.35,122,2675.73046
-12.45,510,2682.895496
9.6,9,2682.922104
34.45,108,2683.256123
28.2,149,2683.732463
21.6,197,2684.337203
-5.45,62,2684.516937
31.95,122,2690.548025
-5.3,439,2691.854789
7.95,302,2692.744027
34.3,103,2693.057862
33.85,108,2693.389402
28.9,147,2699.603823
36.1,79,2699.815846
3.6,321,2700.673768
31.55,122,2701.005656
35.85,76,2701.223104
29.9,131,2701.601052
30.65,96,2701.87316
26.0,173,2708.212573
11.75,6,2708.232029
35.35,94,2708.537952
5.95,2,2708.544658
-2.0,1,2708.547587
33.7,111,2708.914102
-8.15,92,2709.211882
-6.6,69,2709.4693
-2.65,14,2709.529468
-5.15,56,2709.719626
34.9,91,2710.00943
34.35,90,2710.264612
29.8,149,2710.703623
-7.15,92,2710.990718
13.2,281,2717.80407
33.2,105,2718.113944
15.0,21,2718.17658
17.45,232,2718.871863
27.3,155,2719.3317
0.35,362,2726.451517
7.9,3,2726.460189
18.5,31,2726.548108
33.75,110,2726.85432
32.4,113,2727.189585
24.25,36,2727.299419
31.5,131,2727.697381
15.5,235,2728.389313
31.65,140,2728.772882
-2.0,1,2728.775864
31.25,136,2729.148958
5.95,2,2729.154597
7.9,3,2729.162854
24.5,107,2735.383181
15.45,84,2735.639573
28.75,170,2736.146425
13.6,9,2736.173364
33.9,91,2736.443014
25.05,196,2737.004629
27.6,169,2737.468282
33.3,95,2737.731514
31.25,120,2738.063897
20.8,217,2744.527724
20.5,215,2745.153447
32.45,124,2745.529317
12.95,254,2746.281164
15.5,11,2746.313925
33.05,128,2746.691801
31.3,127,2753.002733
33.85,108,2753.279465
30.25,156,2753.707487
32.05,104,2753.987129
23.85,44,2754.107312
24.15,174,2754.555172
-20.5,635,2762.280476
25.6,177,2762.794566
33.25,116,2763.137604
28.55,162,2763.61567
-9.9,115,2763.982234
31.75,130,2764.361665
11.15,262,2771.066249
-4.35,456,2772.423839
22.75,198,2773.012457
24.0,185,2773.56508
28.65,148,2780.06249
9.35,286,2780.873547
32.9,111,2781.177515
26.45,152,2781.598469
32.6,117,2781.922198
27.55,170,2782.441928
34.35,110,2788.598608
-2.4,9,2788.62888
30.55,134,2789.070622
16.4,221,2789.776598
23.45,196,2790.393962
12.15,318,2791.384359
31.1,143,2797.50476
-2.55,12,2797.537125
34.5,107,2797.829563
33.25,128,2798.185016
31.15,130,2798.536685
30.55,138,2798.898244
-4.85,50,2799.052804
23.2,157,2799.483442
26.25,36,2799.581589
29.55,142,2799.949498
30.85,124,2806.580737
27.45,144,2807.003563
32.8,117,2807.351737
35.1,95,2807.660506
8.7,323,2808.673743
25.4,173,2809.207765
7.9,3,2809.217495
19.55,58,2809.404327
32.65,132,2815.856487
5.0,1,2815.859462
29.05,156,2816.310327
32.05,120,2816.649533
17.15,186,2817.198679
9.95,2,2817.204602
34.15,82,2817.469347
33.5,99,2817.819523
29.9,131,2818.273142
30.15,142,2818.732642
-5.35,60,2824.941541
-4.35,36,2825.045103
28.6,145,2825.465365
31.2,141,2825.902115
33.9,95,2826.184739
32.4,121,2826.546988
11.7,7,2826.567788
21.0,21,2826.628565
23.35,54,2826.785257
29.05,136,2827.173557
31.35,126,2827.532521
25.2,49,2827.683363
26.7,167,2834.232694
26.5,151,2834.632884
33.95,106,2834.912457
19.2,57,2835.062057
33.25,112,2835.366179
22.6,189,2836.010688
29.65,152,2836.452624
31.45,156,2836.923253
19.0,21,2842.750503
24.85,192,2843.303958
26.65,168,2843.85193
27.35,174,2844.396117
4.75,346,2845.404913
33.3,111,2845.719136
21.4,193,2851.898567
34.45,96,2852.15226
-5.9,43,2852.268945
13.6,9,2852.292777
32.6,117,2852.608688
11.7,7,2852.627865
2.15,370,2853.606365
32.5,119,2853.944395
16.7,251,2860.712468
25.3,175,2861.209654
-8.2,97,2861.480087
-8.1,95,2861.753718
9.9,3,2861.763079
18.45,196,2862.320021
-7.75,88,2862.578094
34.35,102,2862.866227
29.5,139,2869.072142
17.05,20,2869.128831
-3.1,23,2869.193699
24.5,171,2869.715905
33.65,116,2870.076487
28.75,150,2870.53633
15.4,13,2870.574737
5.95,2,2870.580802
31.3,131,2870.962556
20.4,201,2871.553032
-5.65,66,2871.747811
1.25,452,2878.687524
33.2,97,2878.974792
35.5,91,2879.246208
11.8,5,2879.261103
32.15,134,2879.681076
-6.05,78,2879.912679
17.6,229,2880.59973
26.6,177,2887.267832
27.65,156,2887.737775
31.15,138,2888.153042
34.65,92,2888.42778
26.35,166,2888.909294
33.35,130,2889.281248
32.95,122,2889.628361
11.75,6,2889.64561
34.6,101,2895.966913
-2.0,1,2895.96971
20.1,31,2896.058806
25.95,166,2896.563319
-8.85,86,2896.822559
7.9,3,2896.831081
32.1,123,2897.201895
25.75,182,2897.759042
29.55,58,2897.928543
23.0,181,2898.455128
11.8,5,2898.470094
34.0,113,2898.809135
21.85,188,2905.295352
33.85,112,2905.624202
-3.05,22,2905.687801
26.5,175,2906.204968
31.8,113,2906.536235
34.7,79,2906.769262
30.35,154,2907.231168
31.65,136,2907.642501
23.85,176,2913.820689
9.25,8,2913.843042
34.35,114,2914.153662
20.7,195,2914.807037
29.25,160,2915.349348
36.25,76,2915.600691
29.5,147,2916.145512
30.95,138,2916.562032
34.95,90,2916.829682
29.1,147,2923.441138
34.35,98,2923.724194
18.6,25,2923.800087
33.2,105,2924.117196
20.6,209,2924.742172
-2.7,15,2924.787784
-5.75,72,2925.000179
23.25,60,2925.181228
34.05,100,2925.492224
34.9,103,2925.806155
21.3,191,2932.446745
10.2,289,2933.298434
34.65,96,2933.59054
26.9,83,2933.837184
5.95,2,2933.843189
27.25,168,2934.346124
5.9,3,2934.355621
32.7,123,2934.734826
15.45,276,2941.755929
11.6,9,2941.81572
-8.3,107,2942.130616
31.75,122,2942.492766
31.4,129,2942.876691
12.2,261,2943.606497
31.5,127,2943.960636
26.35,162,2950.220541
7.95,2,2950.226162
21.1,203,2950.782262
10.0,1,2950.785164
5.0,1,2950.787939
33.85,100,2951.085749
30.4,133,2951.491313
29.6,149,2951.93162
27.05,156,2952.382017
-6.0,81,2952.629863
34.4,89,2952.886299
34.05,104,2959.278689
34.85,96,2959.534089
26.6,189,2960.062183
35.95,70,2960.264912
28.05,156,2960.715297
36.4,73,2960.924026
26.95,182,2961.463326
32.3,107,2961.77138
11.55,10,2961.802663
32.45,104,2962.107281
-6.4,81,2968.26802
31.0,125,2968.662571
14.05,276,2969.536116
29.4,153,2969.986176
31.55,118,2970.347497
26.35,166,2970.846327
5.95,2,2970.852567
32.55,118,2971.199782
30.35,70,2977.136094
30.7,151,2977.564554
32.65,120,2977.894612
33.85,124,2978.255154
26.7,67,2978.452594
-4.75,56,2978.616721
33.95,110,2978.93736
31.25,104,2979.240395
11.7,7,2979.260756
33.35,86,2979.512823
26.9,151,2985.879615
35.45,88,2986.122807
30.35,138,2986.577193
-13.5,107,2986.935513
24.45,192,2987.674243
31.45,136,2988.205526
31.3,131,2988.566254
34.25,108,2988.875438
25.05,196,2995.171423
15.45,12,2995.206988
33.95,114,2995.556665
32.25,128,2995.953482
32.35,118,2996.329308
20.5,43,2996.456787
-5.05,62,2996.648485
25.35,186,2997.279113
26.9,163,2997.803453
26.35,174,3004.453896
-4.5,35,3004.559159
-3.8,37,3004.667519
36.25,72,3004.86485
13.3,15,3004.904818
30.55,146,3005.314192
32.2,133,3005.736382
25.05,200,3006.35164
28.9,147,3006.78801
16.45,24,3006.857928
24.4,169,3013.346287
29.5,139,3013.757275
30.6,133,3014.139985
13.65,8,3014.169442
-7.75,60,3014.366492
33.45,120,3014.730654
7.8,5,3014.745401
32.3,123,3015.107079
25.1,167,3015.679034
12.65,36,3015.787132
25.8,45,3015.924618
27.9,175,3016.470934
28.5,131,3022.823093
12.45,280,3023.655559
26.8,173,3024.138581
35.05,92,3024.397493
31.6,113,3024.715799
6.0,1,3024.718729
29.45,164,3025.169725
11.8,5,3025.183976
18.2,33,3025.274892
-5.3,51,3031.685915
28.45,112,3032.008702
19.4,97,3032.265237
24.95,22,3032.322189
23.2,197,3032.827371
33.4,97,3033.084375
9.75,6,3033.100207
-20.55,400,3034.207196
-15.25,130,3040.416319
30.35,150,3040.869895
11.6,9,3040.897552
-2.85,18,3040.950465
5.15,278,3041.783928
18.55,26,3041.857219
32.95,106,3042.1516
1.6,305,3043.023301
29.8,145,3049.632401
29.95,130,3050.013613
28.85,148,3050.455175
34.75,82,3050.70463
31.5,127,3051.082139
26.9,55,3051.236664
-7.95,96,3051.506179
27.85,144,3051.911225
34.45,96,3052.200715
33.7,107,3058.558072
32.15,126,3058.887172
-2.6,13,3058.921273
-134.15,800,3061.257587
35.5,91,3067.797278
34.65,104,3068.070177
24.9,23,3068.130518
-18.55,108,3068.42421
30.2,149,3068.843844
-26.55,128,3069.206352
31.6,129,3069.584531
35.3,91,3069.859334
31.3,119,3070.215718
7.9,3,3070.225531
-5.45,70,3070.433032
-2.95,20,3070.489151
33.35,110,3076.755359
36.2,65,3076.932352
25.4,169,3077.396092
33.65,96,3077.659214
36.4,73,3077.868625
33.3,123,3078.228026
-2.0,1,3078.23105
-3.5,27,3078.310009
-3.65,34,3078.413851
31.7,123,3078.830681
33.7,107,3079.172307
15.2,213,3085.900413
35.65,80,3086.122772
7.85,4,3086.133443
20.9,223,3086.757516
-6.45,90,3087.012735
24.9,171,3087.515996
-5.75,68,3087.71122
25.55,166,3088.195944
35.15,98,3088.492609
30.25,148,3094.734262
32.85,112,3095.098971
-2.0,1,3095.10211
31.5,119,3095.486556
33.8,93,3095.759552
34.95,98,3096.048677
7.9,3,3096.057494
33.65,112,3096.3837
24.3,35,3096.483546
30.2,109,3096.79135
-5.9,79,3097.003682
30.15,150,3097.420687
17.15,18,3097.469495
25.9,167,3103.841182
15.3,15,3103.882026
20.55,30,3103.966578
34.9,95,3104.233591
30.6,133,3104.636069
-5.1,471,3106.100362
19.1,19,3106.161168
34.15,102,3112.35715
34.25,112,3112.694094
13.4,13,3112.735605
-6.8,93,3112.984347
32.7,115,3113.313843
29.75,142,3113.749974
32.05,124,3114.122145
33.8,101,3114.439117
31.65,124,3114.809138
33.7,103,3115.135619
30.85,128,3121.126174
32.5,103,3121.43822
32.4,121,3121.810596
-4.6,45,3121.948783
33.8,113,3122.285772
21.25,196,3122.866482
31.3,123,3123.230835
32.75,126,3123.596563
15.55,10,3123.622978
-6.35,72,3123.826576
36.85,64,3124.002897
34.15,94,3130.118596
17.4,13,3130.161697
31.65,132,3130.579433
33.75,106,3130.916567
22.6,205,3131.583388
30.3,159,3132.078445
34.4,105,3132.397501
-7.5,87,3132.668329
32.9,107,3132.993396
24.5,31,3138.758053
32.95,114,3139.103687
22.2,37,3139.21295
29.1,59,3139.384818
24.05,180,3139.917714
31.3,131,3140.279105
5.0,1,3140.281927
26.65,188,3140.790149
-5.0,57,3140.946154
33.05,112,3141.261531
-4.85,46,3141.402801
33.85,108,3147.595334
29.3,163,3148.032002
11.65,8,3148.053865
33.3,103,3148.325488
35.0,97,3148.588444
19.4,277,3149.325703
24.3,147,3149.726645
33.55,110,3150.035417
28.25,156,3156.725832
-3.95,36,3156.82068
-2.3,7,3156.838681
22.05,184,3157.333564
17.0,217,3157.959972
31.65,132,3158.398279
11.7,7,3158.42259
22.65,28,3158.518608
32.4,109,3158.872808
-8.4,109,3159.238122
-6.2,85,3159.513535
-2.0,1,3159.516685
30.15,134,3165.441683
-4.15,44,3165.590205
32.6,129,3166.004123
32.15,122,3166.389822
30.1,139,3166.829492
21.9,59,3167.005558
-2.75,16,3167.049881
21.1,59,3167.220849
33.35,110,3167.539976
29.0,125,3167.896042
33.7,107,3168.203269
-13.35,436,3174.952384
-1.05,342,3175.909217
12.3,295,3182.865313
28.2,157,3183.320127
31.0,141,3183.726933
34.95,102,3184.023661
-13.2,505,3185.483995
34.1,107,3185.79199
22.85,192,3192.199268
3.5,351,3193.198513
34.65,100,3193.50994
30.45,96,3193.790881
34.6,93,3194.059851
30.75,122,3194.419056
7.9,3,3194.428074
-10.0,93,3200.609438
-37.45,622,3202.396878
34.3,111,3202.722578
26.95,178,3203.22516
30.3,119,3209.17817
33.4,109,3209.474773
6.25,328,3210.418377
15.65,248,3211.155465
31.5,115,3211.502957
18.7,215,3217.776909
29.25,148,3218.21889
4.0,333,3219.220463
18.15,194,3219.890727
-2.0,1,3219.894305
15.75,6,3219.9146
19.6,217,3220.618571
17.55,238,3226.941925
32.85,100,3227.207657
20.5,203,3227.769171
27.5,51,3227.916318
27.2,149,3228.366045
31.8,117,3228.726918
34.1,111,3229.075126
24.6,177,3235.384556
20.3,203,3235.951131
35.35,90,3236.219747
32.45,108,3236.537073
34.35,98,3236.840295
28.3,155,3237.309534
34.0,101,3237.60802
27.55,74,3237.824355
35.1,91,3238.089065
20.0,37,3238.195784
34.25,100,3244.378942
9.8,5,3244.392987
33.3,123,3244.72402
30.2,145,3245.152207
6.0,1,3245.155933
33.9,111,3245.558681
-17.55,120,3245.994569
-3.95,40,3246.114503
25.7,195,3246.709513
34.25,104,3247.048771
35.2,81,3247.29158
6.0,1,3247.294658
29.0,145,3253.137232
-4.65,54,3253.281437
32.5,115,3253.609743
33.65,116,3253.940763
30.45,128,3254.295804
5.0,1,3254.29876
31.55,134,3254.734593
-6.2,53,3254.911355
33.0,117,3255.313094
33.8,117,3255.747475
24.25,204,3262.499237
34.0,93,3262.780105
23.05,180,3263.349299
32.2,77,3263.597073
-6.85,410,3264.772414
-7.1,95,3265.044539
30.95,146,3270.472065
29.8,133,3270.812668
18.65,244,3271.426233
9.95,2,3271.431246
33.2,125,3271.739318
25.95,66,3271.907931
5.0,1,3271.910383
7.85,4,3271.919895
24.3,35,3272.004428
33.45,108,3272.264778
20.85,224,3277.730417
31.6,137,3278.070458
14.9,23,3278.128418
33.1,127,3278.444819
34.5,107,3278.707684
34.5,79,3278.900112
30.2,149,3279.261555
34.85,100,3279.500852
22.45,44,3279.60603
27.45,176,3280.026849
33.8,97,3284.921185
34.0,121,3285.220441
29.75,162,3285.625713
29.6,133,3285.962014
29.6,49,3286.07811
27.45,72,3286.258984
-3.75,32,3286.339004
26.65,152,3286.711782
34.35,94,3286.931199
9.65,8,3286.949844
-4.55,40,3287.043528
32.25,128,3287.358065
-3.05,22,3292.042903
28.95,166,3292.452186
27.6,153,3292.82422
31.05,140,3293.155212
32.35,118,3293.433867
34.45,96,3293.660431
31.1,131,3293.969864
28.55,114,3294.256956
31.4,141,3299.392429
32.4,121,3299.696502
34.5,103,3299.953921
36.55,58,3300.088187
29.25,144,3300.424729
-6.8,73,3300.587358
11.05,16,3300.623651
32.65,120,3300.902189
27.7,167,3301.292825
-4.95,52,3301.414439
24.9,63,3301.561793
7.8,5,3301.5736
35.6,89,3306.40271
26.75,170,3306.816789
22.4,33,3306.899184
34.3,103,3307.174945
31.4,137,3307.519183
26.25,172,3307.938072
30.25,144,3308.312112
15.15,18,3308.357385
31.65,120,3308.656472
28.05,164,3313.764023
14.75,94,3313.992605
15.6,9,3314.015201
13.7,23,3314.072743
31.4,125,3314.372239
35.9,79,3314.558343
33.75,94,3314.791317
23.55,42,3314.895913
-2.15,4,3314.90576
17.0,21,3314.958143
33.3,111,3315.235249
7.85,4,3315.245288
19.6,209,3315.765805
-4.9,55,3315.903186
29.5,51,3316.025534
18.05,248,3321.300544
-2.15,4,3321.310067
18.9,35,3321.394109
-5.5,71,3321.561628
30.1,155,3321.934154
24.5,171,3322.361093
24.4,189,3322.832864
19.8,37,3322.925337
21.5,191,3328.035306
26.3,195,3328.478383
30.6,129,3328.792645
-17.65,146,3329.151172
30.9,115,3329.432148
24.8,153,3329.80176
24.4,33,3329.880102
33.15,126,3330.179365
12.25,68,3330.341723
26.7,151,3335.327183
13.6,9,3335.350654
16.55,26,3335.41577
31.8,133,3335.747402
30.15,154,3336.130246
-2.0,1,3336.132697
18.1,219,3336.660905
33.95,94,3336.883903
35.05,88,3337.101969
11.55,10,3337.127002
28.15,138,3337.470865
33.05,116,3342.458585
35.45,80,3342.64856
25.05,192,3343.102183
13.6,9,3343.123499
34.35,90,3343.335287
35.0,93,3343.5596
32.1,131,3343.878039
24.6,189,3344.329303
28.55,158,3349.369915
36.1,79,3349.560234
27.55,50,3349.681257
32.6,109,3349.943272
20.5,55,3350.07578
33.7,115,3350.355999
33.65,116,3350.639984
31.3,131,3350.972378
-89.15,800,3357.480061
32.85,124,3357.776083
28.75,162,3358.166937
33.5,115,3358.446771
34.25,108,3358.711227
12.7,295,3364.003278
33.85,116,3364.279035
-24.85,538,3365.56675
-3.15,24,3365.626979
30.75,138,3370.647729
-2.0,1,3370.65007
-2.25,6,3370.663228
21.6,205,3371.128568
31.85,136,3371.455785
19.05,20,3371.504184
5.0,1,3371.506674
32.0,145,3371.860035
32.1,119,3372.151703
30.05,140,3372.484426
6.0,1,3372.486774
-10.6,125,3372.782702
35.25,88,3372.999585
18.7,27,3377.783379
33.7,115,3378.066288
29.85,148,3378.435335
30.1,135,3378.778733
35.65,84,3378.988181
7.85,4,3378.99848
19.0,37,3379.091211
32.45,128,3379.414612
34.85,92,3379.646314
35.15,94,3379.873274
35.55,86,3380.075191
-5.75,68,3380.235135
35.25,88,3385.037784
31.7,119,3385.320366
29.2,145,3385.678859
32.35,110,3385.948902
32.65,124,3386.244683
28.8,153,3386.60709
24.9,23,3386.663409
26.8,57,3386.799799
29.65,124,3387.081467
30.9,123,3391.878669
31.55,150,3392.232904
31.3,119,3392.502349
9.9,3,3392.509187
36.65,68,3392.666814
26.9,59,3392.8065
33.45,112,3393.068475
24.2,197,3393.531863
27.85,164,3393.920491
33.7,91,3394.137842
27.3,159,3399.153151
19.15,18,3399.193361
26.9,163,3399.553966
33.05,104,3399.783871
-2.0,1,3399.786235
28.35,138,3400.10639
35.1,99,3400.341566
30.8,65,3400.495945
22.95,198,3400.970061
28.05,76,3401.156862
32.8,121,3406.131547
27.2,181,3406.567785
27.6,133,3406.894009
31.15,114,3407.16469
25.4,149,3407.534577
34.7,91,3407.763572
23.05,184,3408.208637
35.4,89,3408.427067
33.1,131,3413.406041
27.0,57,3413.542923
30.85,120,3413.843976
9.85,4,3413.854062
35.3,83,3414.058362
31.75,142,3414.4026
28.3,139,3414.730291
35.65,88,3414.945505
5.95,2,3414.950612
11.65,8,3414.970683
-6.5,79,3415.169148
35.85,68,3415.338653
27.1,179,3420.54871
34.2,113,3420.849731
32.45,104,3421.124702
30.7,139,3421.472716
17.6,9,3421.494774
13.15,310,3422.254229
23.95,46,3422.369905
35.9,83,3422.578444
19.4,13,3422.611071
32.5,107,3422.877322
34.95,94,3427.593735
29.9,135,3427.897849
33.8,101,3428.136884
36.15,66,3428.292337
11.65,8,3428.311274
-8.9,119,3428.6109
34.5,103,3428.867756
32.05,124,3429.177532
7.8,5,3429.190275
27.1,179,3429.622714
34.15,102,3429.870763
34.65,104,3434.714607
25.95,42,3434.814117
31.4,117,3435.086213
32.45,120,3435.366525
-2.0,1,3435.369172
31.9,99,3435.618619
33.45,108,3435.885272
29.15,162,3436.265494
-2.0,1,3436.26774
-2.9,19,3436.311229
34.1,107,3436.563367
25.0,193,3441.608199
7.25,80,3441.795315
31.2,125,3442.080921
-2.0,1,3442.083139
34.25,96,3442.302688
26.05,148,3442.651968
9.65,8,3442.671001
27.05,80,3442.860681
-0.6,345,3443.678077
32.7,91,3443.895057
11.7,7,3443.911929
31.85,136,3448.896516
33.95,114,3449.180139
32.25,132,3449.51008
33.75,106,3449.771063
7.9,3,3449.778537
24.0,169,3450.194174
9.9,203,3450.684663
27.65,156,3451.058759
34.4,101,3455.929476
27.9,171,3456.337342
20.1,39,3456.430098
33.65,116,3456.70259
34.35,94,3456.922798
-5.05,62,3457.069533
-3.55,32,3457.145608
34.25,104,3457.398039
17.9,215,3457.927891
28.3,147,3462.962911
11.65,8,3462.983984
20.2,185,3463.465907
18.85,24,3463.524274
25.15,178,3463.954367
31.05,140,3464.295686
5.95,2,3464.300719
-2.0,1,3464.303206
28.5,167,3464.719567
31.3,127,3465.025596
25.15,166,3470.021491
21.3,43,3470.127138
32.65,124,3470.42247
32.2,125,3470.744408
33.55,114,3471.045824
17.15,18,3471.093912
-2.05,2,3471.099233
32.9,107,3471.36932
-48.5,567,3477.542676
-4.35,36,3477.631306
31.55,130,3477.957882
24.65,176,3478.401153
30.0,137,3478.750756
34.2,97,3478.993129
21.8,41,3479.095746
32.5,127,3479.41444
27.6,165,3479.825239
35.65,76,3484.577263
32.45,124,3484.85999
34.75,98,3485.091339
32.7,119,3485.377019
33.65,120,3485.669302
32.25,100,3485.90857
25.45,52,3486.039001
30.0,129,3486.359138
34.5,107,3486.623832
29.45,148,3491.583873
7.95,2,3491.588603
29.35,162,3491.962073
-2.6,13,3491.992565
-2.7,15,3492.027919
31.75,130,3492.34982
13.6,9,3492.371013
-4.15,44,3492.47233
33.1,119,3492.745455
32.35,126,3493.043395
24.05,164,3493.423499
28.9,147,3493.781089
20.2,37,3493.869274
25.9,155,3498.966369
29.9,155,3499.33148
22.35,198,3499.785674
9.7,7,3499.801452
7.75,6,3499.814953
33.5,115,3500.082969
19.1,235,3500.654734
33.5,119,3500.940634
-4.35,48,3501.05426
19.35,14,3501.086807
30.65,108,3505.896342
16.25,256,3506.520129
32.8,105,3506.778141
33.1,115,3507.055754
33.95,118,3507.350401
34.25,104,3507.610165
31.1,139,3507.957192
22.8,201,3513.107377
28.7,171,3513.526439
28.65,176,3513.952511
16.85,24,3514.006282
13.45,264,3514.660214
24.95,158,3515.046576
22.75,166,3520.668842
-4.2,45,3520.779406
30.05,144,3521.155997
29.4,149,3521.630893
35.15,94,3521.873366
36.75,66,3522.051671
23.85,56,3522.198784
-4.2,41,3522.309182
25.65,44,3522.420815
31.85,108,3522.71581
20.3,31,3522.802941
30.7,159,3523.236745
34.7,103,3528.518337
22.1,35,3528.605165
19.95,202,3529.148207
30.35,126,3529.464022
21.1,19,3529.511346
29.6,149,3529.879186
35.75,82,3530.082411
29.8,141,3530.435632
5.0,1,3530.438283
26.1,135,3530.771176
31.8,117,3536.025132
5.95,2,3536.031778
33.8,97,3536.291204
25.0,145,3536.676737
33.6,121,3536.969691
33.15,102,3537.195499
33.4,105,3537.425413
30.55,110,3537.669869
20.7,211,3538.185509
35.35,78,3538.369496
-5.85,58,3543.076108
20.55,78,3543.247936
32.45,100,3543.469145
33.9,103,3543.706707
31.05,136,3544.037538
-5.55,52,3544.164922
32.45,132,3544.483135
29.8,141,3544.81163
31.0,125,3545.103235
13.35,10,3545.128574
32.0,125,3550.1521
18.95,22,3550.201531
34.35,102,3550.43109
33.45,116,3550.693702
30.7,139,3551.00951
34.7,91,3551.225872
28.4,169,3551.628846
-5.05,54,3551.757384
33.05,116,3552.040965
32.1,123,3552.352862
35.2,89,3557.002313
35.9,83,3557.201762
35.85,84,3557.401356
32.8,105,3557.683328
32.25,120,3558.057777
13.1,15,3558.096338
18.6,29,3558.174458
-2.0,1,3558.177338
34.05,100,3558.47006
7.85,4,3558.48173
32.85,108,3558.804069
29.15,154,3559.256857
10.1,219,3565.164521
-17.1,343,3566.17177
35.85,80,3566.40778
11.7,7,3566.431266
27.3,151,3566.901021
29.75,138,3567.291423
32.1,99,3567.572555
33.8,113,3567.932882
25.8,157,3573.887222
34.35,110,3574.138287
6.0,1,3574.140571
-8.8,457,3575.342179
27.8,153,3575.751091
34.1,103,3576.035445
30.3,127,3582.153047
-2.0,1,3582.155666
34.3,99,3582.44107
31.0,121,3582.852353
31.4,141,3583.231139
32.9,123,3583.580647
33.9,103,3583.853356
34.15,114,3584.168645
30.7,127,3584.507488
20.35,34,3590.601172
12.9,271,3591.497664
16.15,246,3592.389995
16.8,81,3592.697477
28.65,124,3593.133506
34.85,100,3593.441925
34.2,109,3593.816048
16.25,20,3593.878066
30.9,111,3601.965343
29.75,138,3602.335901
33.0,105,3602.618767
8.6,169,3603.068811
-14.8,137,3603.420962
-2.0,1,3603.423543
10.0,1,3603.426161
26.0,153,3603.842365
34.3,107,3604.14086
32.35,118,3604.455401
6.0,1,3604.458237
27.5,67,3609.805362
16.55,214,3610.368634
35.9,79,3610.559724
34.45,96,3610.847323
33.25,104,3611.115419
15.1,31,3611.199691
17.7,51,3611.33471
31.9,119,3611.650477
-7.9,79,3611.855758
34.95,82,3612.073241
28.7,127,3612.434571
11.85,268,3620.300509
35.1,99,3620.687153
7.9,3,3620.697351
16.45,28,3620.795557
31.05,128,3621.218934
-12.1,123,3621.548147
-2.0,345,3622.496606
5.9,3,3622.505209
31.85,120,3628.970666
30.45,144,3629.349116
31.6,113,3629.664912
30.9,127,3630.030927
22.05,40,3630.138593
9.85,4,3630.150465
30.25,136,3630.539109
26.5,195,3631.105004
18.9,23,3631.167811
12.55,286,3636.814849
15.35,14,3636.848958
12.3,251,3637.438286
33.85,112,3637.701447
35.0,81,3637.888845
33.9,103,3638.139126
-2.75,16,3638.178272
15.35,14,3638.212538
22.15,182,3638.654929
6.0,1,3638.657305
-6.35,88,3638.883812
11.7,7,3638.901273
34.55,98,3644.420642
30.3,135,3644.775906
29.85,128,3645.105256
23.05,192,3645.615773
32.9,111,3645.892329
28.5,155,3646.297406
29.1,143,3646.706457
30.1,119,3653.149327
15.25,240,3654.011106
33.25,128,3654.381883
28.1,151,3654.824931
-2.9,19,3654.877582
32.4,105,3655.163606
34.95,94,3655.423697
29.9,155,3655.884262
32.8,113,3656.238478
30.85,132,3661.847714
17.15,314,3662.653842
31.15,118,3662.966179
34.45,96,3663.216458
35.45,92,3663.453801
31.65,140,3663.790078
5.0,1,3663.792673
32.1,119,3664.068629
31.8,125,3669.12736
24.45,192,3669.567324
-5.4,49,3669.682232
6.0,1,3669.68478
7.8,5,3669.696546
-7.9,87,3669.898081
17.6,9,3669.918786
18.7,27,3669.981178
28.4,153,3670.334215
-3.95,36,3670.417222
35.05,96,3670.638692
31.0,149,3670.989566
32.75,110,3671.250165
27.1,175,3676.892018
33.15,126,3677.22577
34.3,83,3677.456121
32.05,132,3677.807692
35.65,88,3678.037003
15.3,15,3678.072529
23.45,44,3678.179319
5.95,2,3678.184394
33.45,116,3678.464246
33.8,109,3678.740698
31.35,126,3679.054682
31.7,127,3684.906938
21.6,201,3685.539701
29.05,148,3686.03422
32.15,126,3686.410111
33.8,113,3686.731372
34.35,94,3686.998003
34.55,94,3687.25826
29.75,130,3687.609884
31.95,126,3692.596912
30.1,135,3692.903317
21.8,185,3693.413638
24.85,208,3694.012601
32.1,131,3694.352297
-4.2,45,3694.469262
33.75,106,3694.750763
31.3,95,3699.57173
19.0,21,3699.620143
31.2,129,3699.910384
31.0,141,3700.231737
28.55,174,3700.624012
34.7,87,3700.817151
31.9,131,3701.113945
23.5,47,3701.220203
24.3,35,3701.300851
31.55,130,3701.595459
21.75,42,3701.697744
34.3,95,3707.162521
25.95,158,3707.567377
32.75,102,3707.823699
34.75,90,3708.040634
31.0,149,3708.453601
32.4,133,3708.802051
32.7,103,3709.062535
31.95,126,3709.385741
31.6,133,3709.734998
32.4,105,3714.672765
25.4,45,3714.785007
29.55,154,3715.187793
-3.25,26,3715.252865
23.0,189,3715.725174
32.0,117,3716.027
28.9,155,3716.415268
22.85,188,3716.907375
30.05,140,3722.805838
32.7,115,3723.124252
33.8,105,3723.40002
11.8,5,3723.413229
32.55,118,3723.746358
30.7,123,3724.076105
32.45,124,3724.380865
20.35,30,3724.45417
-4.25,38,3724.547376
18.75,26,3724.61596
18.95,22,3724.674817
27.5,119,3724.998081
29.7,155,3730.302816
26.55,158,3730.688985
21.75,178,3731.125289
-4.5,51,3731.245467
34.95,102,3731.486917
22.0,193,3731.933948
25.85,188,3732.375464
-4.3,39,3732.466126
34.5,103,3737.100714
11.65,8,3737.118302
7.85,4,3737.126927
33.35,126,3737.401977
32.15,126,3737.676347
8.2,265,3738.306617
31.45,132,3738.61597
15.2,17,3738.65723
29.0,161,3739.048365
35.2,89,3739.260625
33.7,119,3744.088675
22.0,37,3744.169605
14.95,22,3744.217848
25.9,155,3744.621519
34.1,107,3744.892372
32.0,133,3745.218808
36.5,63,3745.374122
-7.35,108,3745.639243
31.9,119,3745.930456
27.7,147,3746.28732
32.8,121,3751.169151
29.85,120,3751.471875
34.7,103,3751.734341
29.1,163,3752.133471
9.7,7,3752.150731
-2.0,1,3752.153149
25.8,45,3752.263479
31.45,116,3752.545454
-3.55,24,3752.60395
35.35,82,3752.800418
35.5,83,3753.002833
19.25,16,3753.042105
33.1,127,3753.349844
33.1,107,3758.584671
7.8,5,3758.599303
26.7,155,3758.987302
-3.4,29,3759.055453
25.25,176,3759.488562
33.35,122,3759.786524
33.8,105,3760.043633
33.7,111,3760.317207
20.25,220,3760.851509
23.15,178,3765.823477
17.0,221,3766.363267
-2.0,1,3766.366137
22.4,165,3766.783868
9.95,2,3766.7887
31.0,125,3767.088433
34.05,108,3767.445448
34.05,116,3767.775681
18.8,25,3767.848295
27.3,55,3767.99586
31.85,132,3773.01239
33.55,114,3773.292753
31.7,123,3773.577789
35.25,84,3773.789212
32.95,122,3774.119889
32.65,124,3774.423317
30.65,152,3774.792374
30.2,137,3775.12736
25.05,168,3780.105647
33.0,117,3780.363859
6.0,1,3780.366268
18.85,180,3780.778398
20.25,60,3780.921814
26.7,171,3781.329648
-5.1,59,3781.462294
34.4,101,3781.685632
34.85,104,3781.95694
36.15,74,3782.151321
33.25,128,3782.490049
34.75,106,3787.270965
34.35,102,3787.505711
32.4,129,3787.804107
31.9,135,3788.117667
35.25,84,3788.321175
34.6,85,3788.544047
26.45,164,3788.972129
35.95,78,3789.191907
33.6,117,3789.488101
-4.85,46,3789.603327
33.0,117,3794.646183
24.15,38,3794.735926
31.15,154,3795.101076
35.3,87,3795.294191
34.7,103,3795.53737
31.9,131,3795.842006
-2.05,2,3795.847266
33.35,122,3796.168193
19.25,244,3796.778399
26.4,181,3802.138886
18.4,225,3802.713521
26.65,144,3803.059634
34.5,103,3803.317401
23.8,33,3803.400198
-2.0,1,3803.402607
27.65,48,3803.515798
17.85,240,3804.108907
33.1,111,3809.225183
34.25,96,3809.464405
12.65,240,3810.078814
35.05,88,3810.287536
-82.75,596,3817.127972
-2.15,4,3817.137284
33.55,106,3817.385486
9.95,2,3817.3903
32.2,105,3817.636637
6.0,1,3817.639071
33.95,110,3817.901206
35.7,87,3818.099911
5.95,2,3818.105007
10.15,246,3818.768711
26.45,188,3819.336096
30.25,148,3825.13387
9.8,5,3825.146008
18.75,26,3825.208334
-5.75,72,3825.384847
18.6,29,3825.457146
21.85,40,3825.556719
28.75,150,3825.92362
32.75,114,3826.203698
34.05,116,3826.483999
31.6,137,3826.808194
31.15,126,3827.103005
36.1,79,3827.286224
36.15,74,3827.47156
29.8,145,3832.51961
24.1,187,3832.955893
34.45,104,3833.19446
31.5,139,3833.540228
28.45,164,3833.942273
24.7,155,3834.318139
27.35,66,3834.482817
29.0,137,3839.427204
32.35,122,3839.712507
27.15,158,3840.082453
33.95,114,3840.35825
-4.2,41,3840.449459
34.95,90,3840.655252
29.35,142,3840.98013
34.6,97,3841.216226
13.6,9,3841.238776
10.0,1,3841.241315
33.25,112,3841.499665
22.05,32,3841.570698
-4.55,40,3841.659458
11.9,3,3841.666176
35.25,80,3846.358298
15.5,11,3846.386458
33.3,115,3846.67055
33.5,111,3846.940607
18.9,23,3846.998165
31.9,123,3847.302259
33.05,136,3847.626408
23.15,18,3847.66929
31.9,123,3847.961535
34.15,98,3848.193644
-2.4,9,3848.214805
24.15,70,3848.389599
-5.2,57,3848.53294
29.6,137,3853.381704
21.7,47,3853.486532
33.75,110,3853.732518
32.9,127,3854.016791
-6.5,71,3854.179396
15.45,12,3854.206661
31.7,139,3854.550991
34.75,90,3854.765724
-106.35,800,3861.512436
35.4,89,3861.729339
30.7,139,3862.057168
30.95,130,3862.366012
-15.1,99,3862.60277
26.9,179,3867.484964
6.0,1,3867.48743
21.95,38,3867.580853
23.35,34,3867.66586
34.2,109,3867.936301
5.0,1,3867.938919
33.3,99,3868.182879
21.0,189,3868.652659
23.65,48,3868.765649
23.5,43,3868.868431
33.8,109,3869.129564
-56.95,484,3875.039609
33.1,115,3875.324962
36.2,77,3875.524
33.4,121,3875.844327
12.85,12,3875.876146
34.0,109,3876.150834
32.95,110,3876.426387
30.05,140,3876.767777
11.45,12,3876.800189
-6.45,82,3877.013745
32.05,140,3882.148746
-3.65,22,3882.201482
4.15,362,3883.063789
32.6,109,3883.325153
24.5,171,3883.736875
35.2,89,3883.951974
29.6,145,3884.300549
7.9,3,3884.307875
31.95,98,3890.363646
-5.9,79,3890.626485
-2.0,1,3890.629982
32.75,130,3891.018987
25.9,75,3891.23389
33.6,117,3891.560238
-5.55,72,3891.767408
35.2,93,3892.022598
32.05,124,3892.369585
32.35,130,3892.744877
23.75,198,3898.878294
-3.8,37,3898.981217
32.85,124,3899.318194
33.6,117,3899.629418
20.2,33,3899.71711
-6.05,74,3899.918243
23.15,206,3900.466173
28.1,147,3900.864918
36.35,66,3901.037157
20.4,217,3906.903093
26.55,178,3907.312524
35.0,93,3907.525698
29.0,133,3907.83032
31.5,127,3908.120243
-3.7,27,3908.181903
30.9,147,3908.540061
31.1,123,3908.865632
22.7,43,3908.977104
-2.0,1,3908.979723
19.5,35,3909.07465
31.2,133,3914.715878
-2.0,1,3914.718459
33.3,111,3915.00826
-8.65,82,3915.244244
34.45,108,3915.532644
19.75,218,3916.141479
26.4,169,3916.631991
34.15,118,3916.973531
-6.85,74,3917.180365
31.05,136,3923.405655
17.05,228,3924.012682
30.2,145,3924.365424
29.2,109,3924.632998
28.65,140,3924.995157
32.35,118,3925.283278
22.9,215,3925.799467
26.15,178,3931.767248
33.5,119,3932.087302
-3.55,32,3932.186003
11.5,11,3932.221587
34.45,112,3932.552383
-21.45,182,3933.068107
32.95,122,3933.436361
3.65,304,3934.393202
34.45,100,3940.829027
5.95,2,3940.834027
34.85,100,3941.137934
11.7,7,3941.157317
7.8,5,3941.171322
-9.5,99,3941.438644
18.7,211,3941.966006
33.55,110,3942.267038
33.8,105,3942.576048
32.85,128,3942.953069
25.6,45,3943.094254
34.4,113,3943.457649
34.7,103,3949.687923
25.0,141,3950.086382
32.6,125,3950.416875
5.95,2,3950.422211
20.9,23,3950.479795
25.85,164,3950.890279
33.7,119,3951.210398
34.45,108,3951.536217
33.05,116,3951.839694
-9.45,106,3952.170598
33.25,128,3957.450374
-2.35,8,3957.472199
33.95,98,3957.720148
33.1,115,3957.996705
20.15,46,3958.114687
32.05,116,3958.408517
15.5,11,3958.435305
33.1,111,3958.706306
21.65,220,3959.228178
23.05,172,3959.645477
17.0,205,3964.889469
26.1,183,3965.366036
35.05,96,3965.619902
-4.95,56,3965.769671
32.4,137,3966.126015
32.65,128,3966.437022
24.65,196,3966.89425
9.75,6,3966.908334
11.5,271,3972.616433
29.2,149,3972.978007
9.8,5,3972.989877
-3.8,37,3973.080875
7.3,295,3973.780107
33.3,103,3974.018187
31.65,144,3974.372514
32.9,115,3979.366549
34.4,113,3979.623881
36.2,77,3979.809159
7.95,2,3979.814084
35.2,93,3980.048355
30.4,125,3980.364417
34.4,101,3980.618411
20.9,23,3980.674121
29.25,148,3981.094176
28.55,66,3981.280249
34.95,90,3981.550259
29.5,139,3988.296363
15.85,300,3989.196714
34.95,102,3989.516507
24.95,194,3990.109527
28.25,156,3990.575318
13.1,27,3990.652736
25.65,148,3991.11716
35.15,90,3997.122097
25.15,54,3997.289166
11.65,8,3997.312376
34.15,102,3997.608224
24.05,36,3997.724246
-3.3,23,3997.793791
24.25,172,3998.319496
33.2,117,3998.653911
34.5,95,3998.92307
30.65,120,3999.267127
33.7,123,3999.626221
-7.1,83,3999.879466
11.5,11,3999.914282
-6.4,73,4006.07248
29.7,155,4006.523439
35.35,86,4006.771383
7.85,4,4006.783278
8.0,1,4006.786458
31.2,141,4007.209627
-2.95,16,4007.259045
24.55,182,4007.905778
14.65,236,4008.602311
35.45,92,4008.869098
26.4,177,4015.317899
-6.6,69,4015.515876
32.35,130,4015.867647
32.75,110,4016.179876
31.95,138,4016.581922
-9.45,114,4016.903524
-0.55,416,4024.286554
14.9,23,4024.354582
21.0,193,4024.960033
32.4,121,4025.34831
22.9,23,4025.413232
25.6,49,4025.555654
21.9,191,4026.112136
31.8,113,4026.440562
35.6,89,4026.70238
32.0,129,4027.083608
32.6,121,4033.208369
7.9,3,4033.216277
-6.85,66,4033.390901
15.1,203,4033.950717
31.5,131,4034.334233
33.4,117,4034.675689
32.75,114,4035.054525
7.95,2,4035.060369
34.5,107,4035.380371
-6.2,69,4035.594146
33.95,94,4035.903306
35.2,93,4042.213501
30.55,154,4042.631848
31.7,139,4043.015406
15.7,23,4043.078665
7.65,292,4043.947204
30.3,71,4044.164083
33.55,110,4044.497285
34.0,113,4044.847753
33.6,105,4050.842401
33.0,105,4051.167482
25.0,65,4051.367715
28.35,138,4051.781312
24.35,34,4051.885266
29.15,146,4052.310961
6.0,1,4052.314028
7.8,5,4052.328948
32.25,124,4052.690655
13.65,24,4052.763408
32.75,130,4053.173925
-3.2,25,4053.251436
-7.25,74,4053.500524
33.25,112,4053.855983
22.75,26,4053.934839
27.5,155,4060.58161
32.25,128,4060.933874
24.2,197,4061.471503
-7.6,89,4061.710578
34.4,105,4061.993382
33.9,87,4062.224514
33.15,114,4062.531435
35.35,90,4062.772217
25.8,45,4062.891225
32.85,124,4068.773393
32.1,71,4068.976363
5.0,1,4068.979415
34.5,91,4069.254661
30.7,135,4069.675261
7.95,2,4069.683009
34.95,90,4069.974033
33.65,112,4070.339209
30.7,139,4070.763458
30.55,154,4071.221334
34.85,100,4071.538181
-2.0,1,4071.541434
27.95,154,4078.028921
25.45,164,4078.506692
25.2,197,4079.076721
32.35,114,4079.412069
30.9,119,4079.732466
31.9,111,4080.035127
31.4,133,4080.410111
37.6,49,4080.547276
33.0,93,4086.822481
-5.05,58,4086.979388
35.75,78,4087.193746
33.8,113,4087.499173
34.65,88,4087.740137
35.25,88,4087.979826
33.1,119,4088.306901
11.7,7,4088.325736
20.2,221,4088.929172
32.6,129,4089.259762
15.15,18,4089.305663
23.95,166,4095.479781
35.75,78,4095.691076
-5.45,66,4095.867943
-2.0,1,4095.870754
32.05,128,4096.227605
31.7,131,4096.584015
30.25,136,4096.963121
34.55,86,4097.199845
34.7,91,4097.451703
15.95,30,4097.539318
27.1,175,4103.824744
32.5,87,4104.066883
34.8,101,4104.340667
32.85,116,4104.683073
34.75,102,4104.985367
31.55,130,4105.342564
34.0,117,4105.684228
31.5,139,4106.095387
32.65,104,4106.38115
13.45,12,4106.413973
29.7,123,4112.65199
-5.15,60,4112.81791
-5.4,61,4112.979012
35.05,72,4113.181746
25.0,177,4113.640215
32.4,113,4113.953388
27.05,172,4114.442461
11.75,6,4114.459461
22.8,41,4114.584132
29.7,131,4114.949603
25.8,173,4121.428082
30.35,142,4121.833074
-4.65,54,4121.979805
34.35,102,4122.261498
22.65,28,4122.347041
34.65,88,4122.610468
26.65,180,4123.14509
33.35,94,4123.426476
32.6,129,4123.9113
33.15,130,4124.306119
7.8,5,4124.321307
29.75,142,4130.655097
31.45,120,4131.00248
33.95,114,4131.327672
26.75,158,4131.798482
22.4,165,4132.274063
34.3,103,4132.583252
30.8,129,4132.958986
26.0,61,4133.138573
30.3,123,4139.012702
31.95,126,4139.354847
29.6,137,4139.731
27.85,72,4139.928683
33.7,103,4140.211761
35.0,89,4140.456785
9.55,270,4141.193806
33.95,106,4141.501911
-5.35,44,4141.629328
9.85,4,4141.641591
27.15,166,4147.856743
35.45,88,4148.112961
36.45,72,4148.326889
34.1,107,4148.643704
27.85,84,4148.888652
33.95,94,4149.168667
33.45,100,4149.481286
15.15,14,4149.520799
-5.5,63,4149.722533
32.85,116,4150.095455
31.85,144,4156.212046
35.35,94,4156.479262
-6.3,75,4156.691897
16.45,20,4156.748807
31.95,126,4157.108454
36.0,81,4157.339578
-2.35,8,4157.36744
34.15,102,4157.661061
35.75,82,4157.899572
-6.65,82,4158.144072
27.7,163,4158.640666
33.95,110,4158.979399
29.3,151,4165.290739
35.4,93,4165.551733
32.35,138,4165.942569
7.85,4,4165.954038
34.0,101,4166.239062
30.0,133,4166.585254
22.3,35,4166.680755
28.2,133,4167.044413
33.75,98,4167.315376
33.6,117,4167.653051
32.05,128,4173.984868
29.25,160,4174.416209
33.3,99,4174.685971
27.55,74,4174.939503
34.3,115,4175.292227
33.55,122,4175.655082
32.0,117,4176.005371
30.95,134,4176.402698
6.0,1,4176.406286
32.35,122,4176.758562
15.25,16,4176.806273
34.7,99,4183.414809
36.45,72,4183.634637
32.2,117,4183.971547
21.0,45,4184.105567
33.6,97,4184.391055
32.35,114,4184.739419
35.0,89,4185.000842
32.15,122,4185.357229
22.8,25,4185.426418
7.9,3,4185.434166
15.4,13,4185.469483
18.35,34,4185.563212
34.6,105,4185.877455
33.75,98,4186.203257
33.9,91,4192.536714
23.85,44,4192.668205
9.75,6,4192.685979
34.8,101,4193.041368
35.95,74,4193.276012
32.95,110,4193.599938
32.4,125,4194.012706
29.9,131,4194.451009
33.1,111,4194.81965
34.5,107,4195.185426
-2.0,1,4195.188674
32.7,115,4195.703218
25.45,176,4202.599142
33.7,107,4203.018356
32.65,120,4203.468462
-6.3,87,4203.770774
-2.0,1,4203.774292
35.05,80,4204.072671
32.35,126,4204.521141
29.4,77,4204.765604
16.85,24,4204.843973
31.8,121,4205.21672
29.8,157,4211.527462
16.8,189,4212.051559
32.45,124,4212.44279
11.85,4,4212.454298
36.2,69,4212.661753
29.9,159,4213.074197
7.85,4,4213.084674
34.7,103,4213.360654
11.8,5,4213.374689
31.7,119,4213.692699
-5.85,70,4213.907317
32.7,119,4214.250084
-3.15,24,4214.316139
9.8,5,4214.329824
27.0,173,4220.582668
-7.55,92,4220.831995
31.55,138,4221.313932
33.55,86,4221.620429
28.0,125,4222.011532
32.55,130,4222.42426
23.0,185,4223.042105
27.9,163,4230.062903
32.7,127,4230.463029
33.45,100,4230.776993
34.5,103,4231.167274
30.9,139,4231.750767
28.7,155,4232.342008
32.05,124,4232.754663
-11.7,119,4233.188981
-2.0,1,4233.192487
31.45,108,4240.853814
34.0,93,4241.183588
33.2,121,4241.52704
-3.85,38,4241.633496
30.95,130,4241.997574
34.7,87,4242.25788
19.35,14,4242.304667
33.9,103,4242.649027
31.55,126,4243.019239
34.6,105,4243.317908
32.0,141,4243.73812
-6.45,82,4249.303207
29.85,140,4249.684451
33.65,120,4250.023792
-6.45,90,4250.275938
33.6,101,4250.549775
30.65,68,4250.732062
18.55,30,4250.8124
26.4,153,4251.213134
5.0,1,4251.215927
32.5,135,4251.565516
-4.8,57,4251.710338
-11.45,114,4257.59038
33.0,117,4258.058944
-2.75,16,4258.105919
25.6,49,4258.243322
-2.0,1,4258.246269
35.15,94,4258.502444
20.1,35,4258.594213
35.9,79,4258.801886
34.65,96,4259.054394
29.0,161,4259.490524
32.75,114,4259.780919
31.2,141,4260.16168
32.75,126,4265.662752
9.75,6,4265.678442
32.65,120,4265.993707
32.05,128,4266.329643
33.3,95,4266.589833
29.85,144,4266.97961
34.45,104,4267.263544
-5.3,63,4267.441057
32.35,126,4267.773034
27.45,156,4268.181148
13.2,13,4268.213188
28.15,146,4273.248476
22.35,26,4273.323233
-9.15,324,4274.234575
26.3,155,4274.650452
33.95,106,4274.927426
32.7,127,4275.255249
32.55,110,4275.539725
34.05,104,4280.911901
23.15,18,4280.962662
34.15,114,4281.28145
27.6,49,4281.409542
5.9,3,4281.417402
17.35,14,4281.455123
30.95,138,4281.845523
32.35,106,4282.261349
32.2,141,4282.67471
26.95,146,4283.111551
21.95,42,4283.23895
34.25,100,4283.555668
32.95,126,4289.175103
24.8,61,4289.322347
33.95,110,4289.589023
11.55,10,4289.61237
32.45,124,4289.910352
33.85,104,4290.188124
6.0,1,4290.190902
-2.85,18,4290.240037
-3.65,34,4290.330949
34.35,90,4290.56815
5.0,1,4290.570817
30.45,136,4290.930218
28.4,161,4291.349489
35.8,85,4291.570808
23.25,44,4291.686766
11.6,9,4296.857695
23.9,43,4296.967597
30.45,104,4297.24404
34.8,97,4297.504478
26.05,184,4297.965591
34.4,97,4298.189506
30.2,125,4298.490043
22.8,189,4298.937178
30.25,128,4299.2388
34.1,99,4304.686453
29.0,157,4305.151666
-4.75,52,4305.311107
35.45,88,4305.574936
21.75,214,4306.209196
30.9,143,4306.614002
22.75,26,4306.687524
18.4,77,4306.921351
26.1,183,4307.423557
-5.85,66,4312.936481
28.0,157,4313.353368
36.1,71,4313.543118
23.65,48,4313.67099
34.15,110,4313.962156
-5.6,61,4314.127042
32.9,123,4314.452846
13.4,13,4314.488286
34.35,90,4314.726839
31.0,153,4315.13277
31.55,138,4315.498608
35.45,84,4320.89142
-9.2,489,4322.196274
33.3,111,4322.491123
32.85,116,4322.787708
31.0,145,4323.206787
30.85,128,4328.654177
9.85,4,4328.665116
31.3,139,4329.022652
7.9,3,4329.030369
34.55,102,4329.280662
-4.4,49,4329.401868
31.45,120,4329.721025
31.2,141,4330.06576
23.65,64,4330.222909
35.25,92,4330.443717
33.55,106,4330.696821
31.0,117,4330.984776
21.9,219,4336.43985
32.45,112,4336.713698
9.75,6,4336.728661
33.35,110,4337.001978
32.85,132,4337.321851
-8.95,104,4337.581446
31.6,133,4337.915127
4.8,265,4338.568887
30.7,147,4343.988407
26.8,165,4344.513707
35.05,92,4344.787625
31.4,137,4345.212376
35.15,86,4345.460908
17.2,17,4345.507922
33.0,109,4345.811039
25.4,169,4346.288975
29.3,151,4351.894841
22.5,63,4352.050219
27.25,132,4352.395065
28.35,142,4352.778903
-2.0,1,4352.781658
32.45,116,4353.093032
-2.0,1,4353.095511
31.9,119,4353.406263
20.65,28,4353.481462
28.6,165,4353.907357
-5.65,62,4354.063608
30.25,136,4354.406753
33.5,111,4359.811933
11.7,7,4359.830012
25.2,161,4360.210209
30.4,129,4360.506457
29.0,141,4360.836914
35.45,84,4361.019464
29.85,148,4361.342656
26.55,158,4361.687843
33.7,115,4366.681715
-6.25,58,4366.818479
35.25,88,4367.03106
26.5,151,4367.40113
-2.7,15,4367.441013
33.4,113,4367.738482
34.45,112,4368.015686
11.8,5,4368.028812
31.9,123,4368.348261
31.2,129,4368.74463
23.4,97,4369.008066
27.15,166,4374.209596
27.25,160,4374.603522
9.85,4,4374.61346
34.95,98,4374.861223
13.6,9,4374.882884
-2.0,1,4374.885351
29.8,137,4375.225438
29.2,129,4375.567018
33.2,125,4375.890924
7.2,273,4376.602566
32.5,127,4381.821881
33.25,120,4382.12838
32.2,125,4382.445348
34.35,114,4382.755547
33.65,120,4383.101025
5.95,2,4383.106786
35.25,80,4383.340567
21.35,182,4383.83239
22.25,32,4383.919141
31.45,88,4384.159279
-5.15,60,4384.322496
33.6,101,4390.068769
28.45,172,4390.556908
35.1,91,4390.817955
35.45,92,4391.075935
7.9,3,4391.084071
31.85,108,4391.388356
17.1,19,4391.441343
26.05,168,4392.061026
33.25,120,4392.457388
31.8,121,4392.837652
31.95,126,4399.731474
34.45,92,4400.005423
32.3,123,4400.374757
30.55,142,4400.797924
9.6,313,4401.717614
29.3,143,4402.154518
-8.0,113,4402.521304
35.45,84,4408.604402
32.2,129,4409.075338
-6.5,87,4409.413378
32.4,121,4409.817367
33.9,95,4410.103686
13.35,14,4410.145848
28.1,95,4410.435591
33.85,120,4410.815175
34.65,108,4411.139312
31.6,133,4411.541369
27.5,179,4418.339868
28.75,130,4418.754671
-2.0,1,4418.757854
35.2,85,4419.037568
34.4,113,4419.416658
34.55,98,4419.714142
-8.95,112,4420.031991
34.55,98,4420.316589
32.8,121,4420.67089
34.55,94,4421.00441
9.85,4,4421.021209
13.3,15,4421.069905
30.25,156,4427.071895
32.4,125,4427.439843
34.3,95,4427.70619
30.3,151,4428.117974
32.0,129,4428.495833
32.6,121,4428.822263
32.65,116,4429.149926
-9.2,53,4429.29237
32.95,126,4435.429746
29.7,107,4435.729094
-10.45,114,4436.060264
31.6,137,4436.438072
32.75,134,4436.788195
-5.45,70,4436.980371
13.75,6,4436.997911
33.4,121,4437.347324
34.45,96,4437.647553
35.1,99,4437.935054
33.15,118,4438.272865
31.65,48,4443.445128
13.55,6,4443.466034
25.65,48,4443.59598
32.4,117,4443.90806
31.75,142,4444.281325
35.75,86,4444.509704
27.5,171,4444.940105
32.4,121,4445.26147
30.4,137,4445.651843
36.05,76,4445.870406
5.0,1,4445.873266
34.35,110,4451.823056
31.95,130,4452.138784
16.95,22,4452.193663
29.85,132,4452.532273
32.8,121,4452.871361
35.15,94,4453.128009
35.15,90,4453.380606
35.0,97,4453.709481
32.6,117,4454.110103
11.65,8,4454.137712
33.75,106,4454.505517
23.85,168,4460.799424
-2.45,10,4460.82874
17.45,12,4460.864209
-10.9,83,4461.096165
9.9,3,4461.104357
27.35,42,4461.218181
15.6,9,4461.246095
22.05,192,4461.84063
9.05,256,4462.577257
31.5,123,4462.934163
22.15,202,4463.520967
31.6,137,4469.583922
32.0,121,4469.93281
31.4,137,4470.332589
-4.6,45,4470.464375
32.9,123,4470.816008
7.8,5,4470.830375
33.75,94,4471.089563
33.6,89,4471.329581
34.6,89,4471.574475
31.75,130,4471.955158
31.7,127,4478.199402
26.6,157,4478.622909
26.7,167,4479.067854
-4.9,59,4479.215394
35.2,77,4479.409397
16.2,25,4479.472178
31.35,134,4479.809879
28.75,138,4480.1826
23.0,185,4480.698486
-6.3,83,4486.94103
35.2,97,4487.212611
13.55,10,4487.240546
7.8,5,4487.254839
11.65,8,4487.276839
9.7,23,4487.348016
31.9,119,4487.687047
7.9,3,4487.695431
-9.6,97,4487.964574
-6.45,86,4488.203238
30.2,65,4488.390117
30.25,144,4488.82592
-13.05,82,4489.049879
15.4,13,4489.087561
32.7,111,4489.40022
31.05,140,4495.916928
-2.4,9,4495.942619
33.05,124,4496.281381
31.05,136,4496.656587
34.6,89,4496.924745
35.05,88,4497.189924
14.9,15,4497.23294
17.65,188,4497.818104
36.05,80,4498.054538
5.0,1,4498.058134
-5.6,65,4498.254488
13.1,15,4498.299861
26.7,187,4504.797485
33.1,107,4505.08183
33.7,111,4505.39426
-5.0,45,4505.52451
34.55,90,4505.782923
30.5,131,4506.15813
32.6,113,4506.473547
-2.4,9,4506.498818
18.8,25,4506.567774
32.95,98,4506.841801
35.85,72,4507.041956
7.95,2,4507.04763
27.85,44,4507.166376
14.85,16,4507.20899
26.8,153,4513.598514
32.3,115,4513.922323
32.05,120,4514.255561
30.8,145,4514.681189
-5.65,70,4514.888667
26.6,173,4515.394618
34.65,104,4515.686098
13.55,10,4515.718912
26.45,60,4515.911677
20.35,214,4522.545065
31.3,119,4522.895787
34.25,112,4523.210074
32.55,134,4523.550433
35.65,84,4523.768882
31.6,129,4524.094244
-2.1,3,4524.10215
-7.1,103,4524.363964
34.15,102,4524.62535
34.85,88,4524.85668
22.7,203,4531.093928
32.7,111,4531.413511
26.8,153,4531.864317
5.9,3,4531.873681
-6.65,82,4532.116797
30.25,112,4532.439825
30.45,148,4532.832169
22.5,31,4532.913589
13.5,11,4532.943583
29.1,159,4533.364884
33.45,108,4533.651942
31.4,137,4540.150642
31.85,112,4540.452206
30.8,133,4540.810796
15.35,14,4540.848001
-5.35,64,4541.019947
33.55,106,4541.303649
-6.65,94,4541.551163
34.3,103,4541.85106
33.4,117,4542.244642
17.25,16,4542.296474
21.1,19,4542.349243
-3.95,36,4542.458214
34.6,97,4542.74808
31.65,128,4549.223294
35.6,77,4549.475935
30.65,140,4549.916572
24.35,162,4550.391369
31.65,132,4550.755139
8.0,1,4550.758056
13.6,9,4550.78451
27.1,19,4550.840052
31.9,111,4551.151773
33.0,109,4551.459593
32.9,119,4551.827169
34.1,111,4558.289064
31.65,132,4558.717579
31.85,132,4559.147104
36.55,66,4559.353671
34.65,104,4559.686981
31.0,141,4560.150951
-4.25,34,4560.266212
20.0,33,4560.365121
-5.2,57,4560.520971
27.9,135,4560.915045
31.7,139,4567.515632
5.0,1,4567.519238
30.5,135,4567.924855
29.05,152,4568.383308
28.4,85,4568.645523
34.35,98,4568.947669
33.1,103,4569.256963
33.85,100,4569.558476
25.9,179,4570.08672
35.0,81,4570.335826
34.7,95,4576.938056
35.0,89,4577.187807
34.65,104,4577.489667
23.7,39,4577.602623
-6.15,76,4577.839024
19.1,247,4578.545858
7.85,4,4578.558549
7.85,4,4578.570845
32.5,127,4578.963049
35.85,84,4579.241529
26.6,157,4579.763255
24.9,175,4586.320075
26.15,162,4586.807171
8.0,1,4586.810254
27.9,175,4587.281888
-2.1,3,4587.289862
35.0,89,4587.517819
32.9,119,4587.819383
34.6,93,4588.062189
34.5,111,4588.356235
18.4,109,4588.648164
-5.95,80,4594.847347
14.25,288,4595.763237
33.15,102,4596.101913
-14.75,136,4596.556735
33.85,104,4596.900468
29.0,53,4597.075051
34.95,86,4597.359361
30.15,158,4597.872961
31.55,138,4604.317357
30.95,154,4604.839416
11.7,7,4604.8694
18.35,206,4605.568001
33.55,114,4605.927363
29.15,158,4606.470665
21.05,164,4606.970033
30.55,118,4607.332749
19.1,19,4607.391242
21.75,38,4613.415498
33.4,117,4613.739158
32.15,122,4614.104815
36.1,71,4614.304747
33.4,105,4614.600596
35.4,85,4614.842987
35.6,85,4615.086023
29.15,150,4615.51881
34.25,116,4615.853985
11.7,7,4615.875539
30.75,102,4616.182729
27.1,175,4622.593545
-6.7,59,4622.756179
-5.8,73,4622.970115
26.95,186,4623.514176
33.85,112,4623.845154
18.85,20,4623.903542
35.85,84,4624.205622
30.2,101,4624.547355
33.45,100,4624.863265
33.2,109,4625.217419
30.15,158,4631.662556
35.55,78,4631.875718
29.2,149,4632.340879
30.75,150,4632.832588
-5.05,62,4633.021648
-5.9,59,4633.195857
36.45,64,4633.387684
34.3,115,4633.725505
33.45,112,4634.080269
29.45,140,4640.617706
33.3,111,4640.928221
33.3,107,4641.221172
35.4,93,4641.497401
34.4,93,4641.771435
9.8,5,4641.786128
33.15,118,4642.13212
33.15,118,4642.477591
25.2,141,4642.891183
32.9,103,4643.188419
18.5,43,4643.313484
34.4,105,4649.637732
22.45,28,4649.731661
30.9,127,4650.135143
33.6,109,4650.479697
19.85,40,4650.609231
-13.35,100,4650.944995
30.0,133,4651.369896
34.45,84,4651.608239
35.3,91,4651.859612
9.85,4,4651.871383
30.1,135,4652.255505
33.4,97,4652.522955
24.05,40,4652.632444
26.7,151,4659.001187
13.35,14,4659.043269
28.7,147,4659.481742
34.0,113,4659.821717
33.3,107,4660.128028
34.75,94,4660.391309
33.8,113,4660.717402
32.2,117,4661.062031
25.3,167,4661.560398
23.65,216,4668.189846
18.05,44,4668.319515
32.95,122,4668.67983
30.55,158,4669.138976
34.65,96,4669.479658
34.85,96,4669.841342
-7.65,98,4670.179527
36.95,62,4670.394359
29.95,138,4670.8588
35.4,93,4677.329796
34.95,90,4677.575538
31.85,136,4677.956657
7.9,3,4677.964736
34.55,106,4678.251042
32.2,121,4678.605436
35.9,83,4678.868077
-12.5,155,4679.376178
29.1,147,4679.848593
25.55,182,4686.4852
9.4,253,4687.167402
33.25,124,4687.511387
27.05,60,4687.677871
30.9,135,4688.039875
31.65,136,4688.42179
20.3,27,4688.499911
28.6,169,4688.973684
-9.55,96,4694.944934
13.25,16,4695.011258
33.2,113,4695.368512
35.25,96,4695.68653
32.35,122,4696.092386
9.85,4,4696.105993
11.7,7,4696.129205
27.8,169,4696.684133
33.85,104,4697.018418
18.0,213,4697.684099
31.35,134,4703.978652
32.9,127,4704.329473
34.8,105,4704.612488
35.65,84,4704.860713
9.8,5,4704.877394
32.05,120,4705.27354
35.25,96,4705.616232
32.8,109,4705.994704
29.55,138,4706.44725
31.6,121,4706.824035
-1.4,297,4713.521942
15.95,242,4714.166294
31.5,119,4714.568609
36.2,77,4714.796928
28.7,139,4715.202592
-4.35,44,4715.33086
26.05,168,4715.826362
33.3,123,4722.227981
12.6,321,4723.25735
13.4,13,4723.299119
-5.75,68,4723.513721
18.85,24,4723.587877
29.0,21,4723.655391
25.3,139,4724.103449
34.5,99,4724.431181
-2.0,1,4724.434304
31.35,138,4724.882555
-17.05,122,4731.40159
-2.0,1,4731.404597
32.95,122,4731.758537
31.55,94,4732.030145
24.6,173,4732.561299
20.8,205,4733.218003
23.45,156,4733.705799
25.25,196,4734.338727
-1.5,367,4741.592329
35.1,91,4741.859564
5.0,1,4741.862591
7.9,3,4741.871427
29.75,126,4742.243425
33.85,108,4742.586427
31.6,125,4742.95256
29.0,149,4743.401938
36.1,79,4743.643032
8.0,1,4743.646124
30.9,123,4750.100309
-3.7,35,4750.194201
32.6,141,4750.578501
16.65,20,4750.636534
5.0,1,4750.63956
34.8,101,4750.964964
33.8,117,4751.311462
22.2,165,4751.780237
25.1,55,4751.938338
31.35,114,4752.282467
31.5,131,4752.666237
31.6,49,4752.809322
35.8,85,4759.058709
33.7,99,4759.346896
-12.1,115,4759.680017
31.55,118,4760.034367
31.9,127,4760.408442
-4.95,60,4760.584925
35.4,81,4760.835085
35.35,82,4761.101432
31.85,128,4761.505055
-4.15,40,4761.634222
3.8,281,4768.571593
34.2,105,4768.830173
24.7,175,4769.27494
33.75,118,4769.59434
34.4,105,4769.866097
35.9,83,4770.105834
29.0,153,4770.543695
27.25,80,4770.770574
34.3,103,4776.757108
30.0,137,4777.192452
23.75,42,4777.315352
31.05,140,4777.712705
31.75,122,4778.064783
32.9,131,4778.435047
-4.95,60,4778.606944
32.4,109,4778.928911
27.75,138,4779.354631
14.9,23,4779.426033
32.75,122,4785.523397
25.1,163,4785.998083
24.5,179,4786.533891
7.95,2,4786.539931
34.1,103,4786.844358
34.25,104,4787.138437
-9.4,97,4787.39514
6.0,1,4787.397841
25.7,71,4787.590122
29.15,138,4787.983238
33.0,97,4788.249864
30.9,131,4794.453581
34.35,94,4794.741029
31.4,133,4795.142505
32.9,111,4795.529569
17.15,234,4796.367426
25.65,160,4796.902264
34.05,108,4797.249599
34.75,94,4803.92172
33.95,106,4804.234558
32.95,130,4804.599254
26.1,187,4805.115159
29.75,138,4805.49337
16.7,27,4805.567371
24.5,31,4805.651806
21.75,202,4806.227141
26.45,160,4806.703257
34.4,105,4812.907368
32.85,132,4813.300712
25.1,171,4813.809727
-2.65,14,4813.852225
19.4,229,4814.51008
33.9,103,4814.788265
-3.4,17,4814.835588
33.95,106,4815.1611
32.8,137,4815.591644
34.95,102,4821.942693
24.0,177,4822.543705
35.45,92,4822.820215
33.55,110,4823.139414
31.9,111,4823.442884
-3.4,29,4823.521801
-9.6,117,4823.845644
26.2,169,4824.350963
35.45,92,4824.624854
31.4,129,4831.39488
22.35,34,4831.490584
35.3,95,4831.760172
36.65,68,4831.949199
-2.9,19,4832.001382
31.7,131,4832.366595
34.15,90,4832.625819
34.0,117,4832.969677
32.5,127,4833.351832
34.2,113,4833.691516
23.9,39,4833.804849
5.0,1,4833.808078
34.05,112,4840.222015
-3.15,24,4840.288053
32.9,107,4840.574645
20.05,32,4840.658854
-3.2,13,4840.693848
-5.8,445,4842.012011
33.6,113,4842.345286
24.9,67,4842.544026
33.65,124,4842.910409
35.7,79,4843.141913
32.25,128,4849.546492
21.05,56,4849.712415
34.75,102,4850.014265
34.65,104,4850.32866
35.95,78,4850.557863
35.55,90,4850.822431
34.45,96,4851.109382
34.4,77,4851.330497
32.15,114,4851.664393
27.55,194,4858.109729
33.85,108,4858.433127
34.7,91,4858.706148
26.8,81,4858.948867
33.7,99,4859.332822
31.75,122,4859.696179
17.15,18,4859.751434
35.8,81,4860.000569
29.95,130,4860.403709
-4.05,42,4860.531093
35.35,90,4860.810774
27.7,143,4861.255239
18.2,29,4867.326316
28.4,149,4867.744369
34.1,111,4868.046268
24.75,186,4868.554453
-4.2,25,4868.622666
11.75,6,4868.639242
33.4,101,4868.945954
28.9,135,4869.389721
36.4,69,4869.626109
28.35,166,4870.193373
14.7,223,4876.977237
29.05,156,4877.405411
28.5,55,4877.551449
29.4,161,4878.041491
33.2,125,4878.413543
33.65,104,4878.700323
23.2,197,4879.319742
36.4,69,4885.67361
-10.6,109,4886.015789
7.95,2,4886.022072
32.0,117,4886.364935
31.95,122,4886.694482
19.05,212,4887.262558
25.75,166,4887.71772
-35.05,502,4895.24831
5.0,1,4895.251041
25.25,196,4895.793779
29.55,50,4895.951829
34.35,98,4896.252293
15.75,6,4896.270619
5.0,1,4896.274107
23.2,221,4896.908525
13.15,14,4896.946893
25.65,184,4897.473243
27.55,194,4904.207365
20.25,216,4904.900446
32.3,115,4905.254712
-3.65,34,4905.348652
18.85,204,4905.908849
33.1,107,4906.23185
30.15,154,4906.660986
35.05,100,4913.016419
-4.95,48,4913.163894
-6.1,79,4913.456661
34.25,104,4913.827002
25.7,155,4914.392189
31.1,147,4914.83884
34.7,91,4915.107373
32.1,139,4915.521755
30.4,129,4915.9046
35.05,80,4921.730084
9.75,6,4921.747203
30.15,134,4922.118376
28.2,153,4922.576311
35.05,100,4922.919015
34.5,95,4923.225919
24.05,192,4923.835571
30.6,61,4924.034071
30.1,143,4924.477519
20.55,198,4930.9071
31.7,127,4931.337758
34.2,105,4931.82576
-0.1,439,4933.131327
26.95,74,4933.342385
32.6,133,4933.706849
35.0,97,4939.980387
34.35,86,4940.225204
15.45,12,4940.258152
17.2,17,4940.304674
34.55,106,4940.595149
34.1,107,4940.888677
33.8,93,4941.162802
-6.75,76,4941.389407
33.85,112,4941.758744
-8.4,93,4942.044127
34.1,107,4942.379844
36.3,63,4942.573246
30.8,145,4948.836829
33.5,111,4949.151693
31.3,127,4949.494945
33.65,112,4949.803645
29.05,152,4950.242387
-11.15,108,4950.63889
29.6,165,4951.161533
-3.55,32,4951.267269
-2.0,1,4951.270544
32.6,113,4951.634542
29.2,53,4951.786284
5.95,2,4951.791937
24.15,118,4958.140758
24.1,199,4958.700879
5.95,2,4958.706461
32.25,124,4959.060695
24.7,159,4959.576924
31.1,135,4960.077375
30.8,145,4960.566515
35.6,81,4960.847676
34.95,94,4961.151806
-2.0,1,4961.155513
35.7,79,4967.274653
33.4,113,4967.583441
13.3,15,4967.628137
32.55,134,4967.989689
36.2,69,4968.182569
-3.8,37,4968.285088
36.2,77,4968.500193
34.2,117,4968.841446
35.6,89,4969.088694
7.8,5,4969.103035
-2.05,2,4969.108351
31.8,117,4969.42944
-5.0,61,4969.598439
33.7,111,4969.958713
11.85,4,4976.062643
28.65,144,4976.471167
11.6,9,4976.49509
35.5,87,4976.733907
29.65,128,4977.089524
35.4,85,4977.33516
35.15,94,4977.61338
33.75,110,4977.937637
6.0,1,4977.940642
34.2,97,4978.228261
33.1,115,4978.562519
35.65,84,4978.802518
20.55,30,4978.889205
34.45,104,4985.030358
35.4,93,4985.309449
-6.75,80,4985.544605
33.05,120,4985.893091
29.75,154,4986.344264
31.4,133,4986.76034
32.0,133,4987.158476
31.45,136,4987.574982
7.9,3,4987.584507
28.3,71,4987.806112
33.9,111,4994.092285
-7.35,68,4994.277745
29.8,161,4994.732665
33.2,97,4995.0029
-8.2,101,4995.278619
-10.2,133,4995.68
35.1,83,4995.94774
32.95,134,4996.400287
34.7,103,4996.69837
30.1,139,5003.165336
24.75,62,5003.366336
35.35,90,5003.670647
16.55,30,5003.772243
28.1,155,5004.272527
4.9,327,5005.242659
33.15,110,5005.595189
30.35,142,5006.044336
32.5,107,5012.110907
34.1,95,5012.382871
32.25,124,5012.749991
35.3,91,5013.015172
20.85,24,5013.083493
33.5,115,5013.416975
5.0,1,5013.419901
31.7,127,5013.784829
-6.8,85,5014.032624
34.8,77,5014.252167
-7.5,83,5014.495911
7.95,2,5014.502234
19.65,40,5014.637297
-3.65,22,5014.706467
30.35,158,5021.349302
34.9,91,5021.652082
32.45,112,5022.01914
32.6,113,5022.389814
-2.5,11,5022.426892
31.7,127,5022.848094
-3.35,28,5022.932098
31.15,126,5023.306277
34.05,112,5023.639431
32.2,133,5024.011595
31.0,141,5030.262697
33.25,100,5030.531038
-26.45,594,5032.379811
27.8,161,5032.805469
28.85,144,5039.12303
5.0,1,5039.12618
33.15,130,5039.468066
33.0,109,5039.7701
-5.05,62,5039.945088
17.1,19,5039.999632
13.55,10,5040.029825
34.35,102,5040.325429
33.9,107,5040.638688
-3.6,33,5040.754499
32.4,137,5041.183856
15.2,17,5041.23763
21.75,42,5041.356118
36.15,70,5041.558815
35.1,95,5041.828984
-5.55,64,5047.661437
34.6,97,5047.933005
32.95,126,5048.310661
-2.0,1,5048.314674
25.3,183,5048.881469
18.95,22,5048.946756
31.85,144,5049.360017
-8.25,94,5049.629586
29.6,133,5050.014541
-6.2,85,5050.25377
31.4,133,5056.479168
36.15,78,5056.700545
34.45,104,5056.998166
33.85,112,5057.319636
31.55,134,5057.704076
33.25,124,5058.068272
30.75,150,5058.478671
31.85,128,5058.847426
33.65,108,5059.197438
34.4,101,5065.383003
-13.75,68,5065.606866
-2.0,1,5065.610947
34.15,106,5065.978207
34.5,111,5066.295707
30.95,122,5066.657029
-13.4,109,5067.121629
32.95,106,5067.427819
34.2,89,5067.683636
33.5,111,5068.006342
-8.5,111,5068.327579
22.05,40,5074.353019
34.05,104,5074.629796
37.0,61,5074.793665
34.45,96,5075.055627
34.55,110,5075.353885
32.2,129,5075.699603
35.45,88,5075.941861
33.95,90,5076.184398
31.25,112,5076.485034
34.0,109,5076.807358
5.0,1,5076.810361
35.9,79,5077.041201
35.65,88,5083.238117
33.8,105,5083.540614
20.8,245,5084.32734
7.75,6,5084.346479
-2.0,1,5084.34974
31.65,128,5084.767651
34.8,97,5085.080415
24.15,174,5085.629129
-21.9,175,5086.193755
24.7,199,5092.795747
32.35,118,5093.12361
9.6,9,5093.150777
11.45,12,5093.18643
31.5,135,5093.57944
35.6,81,5093.821253
30.05,132,5094.206622
-2.15,4,5094.218244
32.9,115,5094.585529
32.95,106,5094.91952
15.05,20,5094.982498
-2.0,1,5094.985802
13.65,8,5095.01132
34.5,99,5095.323798
31.1,119,5101.479568
16.95,22,5101.540671
32.65,128,5101.89366
33.4,117,5102.227196
34.4,93,5102.508563
5.0,1,5102.51159
35.55,90,5102.77777
33.25,116,5103.092445
33.5,111,5103.417638
24.5,187,5103.981082
35.4,77,5110.030419
22.25,180,5110.52732
32.0,125,5110.861706
9.65,8,5110.883367
33.3,119,5111.29142
-8.95,112,5111.617748
-2.4,9,5111.643803
21.75,234,5112.330574
28.45,68,5112.532146
36.5,71,5112.742982
20.05,228,5119.115907
19.7,247,5119.884782
35.85,84,5120.129105
29.05,148,5120.552439
34.25,100,5120.838918
37.35,50,5120.989561
35.8,85,5121.234304
9.85,4,5121.246157
11.8,5,5121.261741
34.65,108,5121.601665
35.85,76,5127.845643
9.8,5,5127.859212
34.75,102,5128.132081
31.6,117,5128.4674
34.15,102,5128.802192
6.0,1,5128.805391
34.55,106,5129.13384
30.7,139,5129.584647
34.95,98,5129.885658
5.95,2,5129.891332
33.3,119,5130.2366
33.3,51,5130.386186
34.45,112,5130.73233
35.7,83,5136.879775
32.5,119,5137.254307
19.25,40,5137.3714
30.7,147,5137.809276
-6.15,80,5138.059707
30.95,142,5138.474791
24.4,161,5138.943564
11.7,7,5138.96436
25.75,182,5139.514059
23.8,197,5145.848379
34.1,95,5146.125513
-5.2,65,5146.305125
28.5,151,5146.745413
37.15,58,5146.918792
35.05,96,5147.200518
34.15,94,5147.469762
35.95,82,5147.697212
15.55,10,5147.725042
33.8,109,5148.022566
-4.35,32,5148.112665
13.7,7,5148.133322
36.55,70,5148.340317
32.95,130,5154.726881
14.4,21,5154.786408
32.7,115,5155.107884
34.55,102,5155.422565
34.85,100,5155.717995
35.05,92,5156.001331
25.5,43,5156.150449
11.75,6,5156.172525
36.7,63,5156.389318
-5.0,61,5156.599717
34.0,109,5156.995696
-6.8,93,5157.316173
24.0,185,5163.869341
21.9,239,5164.567403
34.45,104,5164.866577
34.35,90,5165.127118
27.55,170,5165.618429
34.5,103,5165.920535
35.6,85,5166.169801
29.55,150,5166.600967
32.9,131,5172.963242
-2.4,9,5172.9874
35.5,91,5173.232302
32.8,129,5173.572413
19.15,194,5174.084404
30.9,131,5174.457246
19.9,219,5175.083033
31.65,148,5175.50699
-4.9,59,5181.759628
33.35,110,5182.085881
27.75,170,5182.579102
33.85,112,5182.903301
24.7,199,5183.481315
35.05,92,5183.808338
35.5,91,5184.102916
33.05,128,5184.504432
29.25,160,5190.719488
32.05,132,5191.11737
34.15,114,5191.47026
31.6,137,5191.868427
33.75,106,5192.190714
-4.05,38,5192.309604
30.55,134,5192.735348
30.4,157,5193.252426
26.65,164,5199.653708
25.2,57,5199.824063
32.65,140,5200.24907
-2.0,1,5200.252199
28.9,171,5200.800061
13.55,10,5200.832974
13.75,6,5200.852721
32.2,129,5201.240099
31.1,127,5201.609641
29.85,152,5202.058434
32.85,112,5202.411324
35.65,68,5202.613626
26.6,165,5208.841282
33.4,109,5209.168306
24.85,192,5209.751907
27.85,148,5210.223565
-5.6,69,5210.451105
34.3,99,5210.78563
32.85,116,5211.141425
26.15,190,5217.418823
33.8,117,5217.754971
26.2,177,5218.358862
26.65,60,5218.568019
28.4,165,5219.134842
34.5,107,5219.50406
11.65,8,5219.534413
25.65,128,5219.988877
31.2,113,5220.366722
-7.15,84,5220.641174
35.3,91,5226.567543
9.3,11,5226.595996
11.75,6,5226.611272
-6.35,80,5226.806536
35.0,93,5227.050524
35.35,86,5227.290871
5.95,2,5227.296516
22.65,24,5227.364212
35.85,80,5227.590735
34.1,91,5227.866062
36.1,79,5228.097597
31.75,130,5228.490947
29.5,135,5228.906794
32.0,125,5229.284458
18.25,200,5236.008997
35.7,87,5236.268706
35.05,88,5236.529722
24.95,58,5236.699319
29.9,135,5237.101029
28.0,165,5237.588864
22.1,35,5237.69176
13.45,12,5237.726043
21.7,43,5237.862726
-5.6,65,5238.084615
32.3,127,5238.523351
0.9,335,5245.938924
30.4,145,5246.330797
15.3,15,5246.371363
28.95,138,5246.748222
33.1,123,5247.084152
29.75,174,5247.555702
-8.3,87,5247.789879
33.75,90,5253.712725
32.45,128,5254.090105
31.6,109,5254.414177
26.0,73,5254.631756
11.8,5,5254.646778
35.05,100,5254.93667
33.9,115,5255.279352
19.15,18,5255.333091
34.2,101,5255.631271
24.25,148,5256.069777
32.2,121,5256.426402
25.15,202,5263.042133
26.1,191,5263.595479
-2.0,1,5263.598565
29.35,138,5264.006331
22.7,27,5264.085843
32.85,124,5264.449585
21.5,219,5265.092153
13.3,23,5265.16372
29.95,134,5265.561141
28.35,158,5272.311479
31.85,132,5272.799493
13.65,8,5272.828582
18.7,215,5273.510954
-4.85,46,5273.649794
9.9,3,5273.658887
34.45,112,5273.985945
33.4,113,5274.299049
29.5,139,5274.685248
34.65,96,5274.949194
-2.0,1,5274.951943
27.7,163,5281.430785
15.05,20,5281.485772
15.2,273,5282.225145
33.45,104,5282.521213
34.35,106,5282.836581
32.55,138,5283.281077
6.0,1,5283.284467
34.3,115,5283.658623
36.15,74,5283.890659
9.45,344,5290.960926
34.55,102,5291.274798
33.55,106,5291.569542
32.5,135,5291.945562
33.3,127,5292.336138
26.35,158,5292.804589
34.4,105,5299.177264
30.75,138,5299.613133
32.2,137,5300.078246
34.6,93,5300.364532
34.2,109,5300.66894
35.7,83,5300.906295
33.9,107,5301.21159
33.85,116,5301.527086
33.4,121,5301.874949
30.4,125,5308.112842
32.95,122,5308.439836
-6.1,83,5308.685201
32.15,130,5309.064664
15.45,12,5309.098441
7.9,3,5309.106837
30.2,145,5309.50284
32.05,128,5309.846494
31.45,136,5310.209802
34.75,90,5310.448502
30.95,118,5310.788311
33.3,115,5317.01717
20.9,39,5317.129117
32.2,117,5317.466135
36.45,68,5317.665669
20.6,29,5317.753488
34.1,115,5318.159677
32.8,129,5318.543151
34.9,91,5318.813634
29.15,130,5319.213348
34.2,113,5319.556227
34.25,100,5319.880981
35.1,99,5326.302131
36.1,79,5326.522553
13.55,10,5326.550831
35.4,89,5326.800278
33.3,111,5327.108954
-6.45,62,5327.282116
32.25,100,5327.562955
34.85,104,5327.844997
31.85,136,5328.214642
35.05,96,5328.47078
32.45,120,5328.779392
23.05,48,5334.516809
30.95,114,5334.883715
32.7,119,5335.25719
36.25,76,5335.51711
-5.75,52,5335.695205
33.15,114,5336.043518
35.2,85,5336.320322
5.9,3,5336.33046
34.7,91,5336.617189
32.45,116,5336.995308
34.65,84,5337.266881
-10.75,92,5337.564022
21.85,204,5343.988387
11.8,5,5344.002716
30.7,147,5344.411098
31.75,134,5344.780966
17.2,17,5344.829595
33.5,111,5345.14294
31.85,136,5345.53385
34.25,96,5345.836714
19.15,234,5352.735757
34.6,105,5353.058673
-6.05,70,5353.272557
17.05,20,5353.333843
-3.8,33,5353.434017
13.55,10,5353.464843
16.85,176,5353.99843
22.75,58,5354.177412
26.6,177,5354.70965
35.3,91,5354.985046
30.35,150,5355.436714
32.4,113,5355.781806
30.65,156,5362.282467
33.15,118,5362.625822
31.6,129,5363.006153
33.45,96,5363.310111
34.65,96,5363.596993
21.0,61,5363.786996
28.45,160,5364.315125
33.2,113,5364.669446
35.6,85,5364.925729
32.0,125,5371.18255
32.5,107,5371.504708
35.35,90,5371.772817
34.5,107,5372.09856
24.05,68,5372.30419
26.1,179,5372.843632
29.5,139,5373.263529
36.65,68,5373.463336
-2.25,6,5373.480982
32.6,101,5373.78309
34.8,93,5380.391625
31.1,123,5380.713124
35.1,79,5380.911032
5.9,3,5380.918391
34.3,103,5381.204114
35.7,83,5381.442262
35.35,78,5381.65959
26.8,173,5382.126967
34.05,100,5382.401107
19.55,10,5382.428957
20.5,31,5382.511972
25.3,195,5383.031719
34.65,104,5389.086563
-5.15,52,5389.234594
32.8,101,5389.520272
15.5,11,5389.551172
19.5,47,5389.694205
20.75,26,5389.774018
-6.7,79,5390.010979
22.0,205,5390.592575
36.1,67,5390.769331
29.8,129,5391.12292
28.95,62,5391.305203
34.0,117,5391.64584
31.65,128,5397.638211
28.35,154,5398.089262
32.4,125,5398.456993
15.05,20,5398.515518
24.85,168,5399.01369
21.65,48,5399.153404
16.85,24,5399.22377
11.65,8,5399.248352
25.4,53,5399.39327
32.65,132,5399.758934
35.75,82,5399.998468
33.45,108,5400.312248
24.0,181,5406.773041
5.9,3,5406.781716
33.7,95,5407.05161
31.05,128,5407.414964
26.35,34,5407.511445
26.15,170,5407.998018
34.85,104,5408.296596
34.15,110,5408.607999
36.65,68,5408.806177
19.55,10,5408.835453
35.15,94,5409.111013
36.2,77,5415.025866
31.85,124,5415.382341
34.8,101,5415.66918
20.8,25,5415.744327
11.7,7,5415.763926
34.45,112,5416.078451
28.0,157,5416.519614
15.6,9,5416.545535
-5.45,46,5416.678375
28.75,154,5417.141004
28.85,136,5417.55791
34.95,94,5417.850774
27.2,149,5424.243707
-5.2,61,5424.409352
11.5,11,5424.439458
31.5,123,5424.776235
34.0,101,5425.051374
28.35,162,5425.554197
20.65,208,5426.272003
31.9,123,5426.686894
32.25,124,5432.923443
-7.15,76,5433.14112
32.5,131,5433.518023
32.3,131,5433.897501
-9.75,104,5434.196349
-8.65,62,5434.372344
27.95,170,5434.822837
30.9,59,5434.977856
34.0,113,5435.273837
-7.45,66,5435.447173
30.5,159,5441.390151
33.0,117,5441.701488
13.25,16,5441.745635
30.0,149,5442.14389
5.0,1,5442.146785
31.9,135,5442.508839
23.8,201,5443.094669
31.7,119,5443.43927
30.1,151,5443.873395
11.7,7,5443.893552
35.5,83,5449.94812
9.75,6,5449.964875
32.4,125,5450.323397
33.05,116,5450.651954
14.2,21,5450.712022
31.05,132,5451.080025
32.7,123,5451.434515
28.7,163,5451.902147
33.75,118,5452.239861
26.7,151,5452.685299
23.85,60,5458.893745
25.7,47,5459.05011
33.9,111,5459.39067
36.7,67,5459.604029
32.35,122,5459.984908
31.4,141,5460.434221
15.4,13,5460.47585
33.0,117,5460.848833
31.6,141,5461.296926
20.1,35,5461.410323
23.2,45,5461.552849
31.35,138,5461.95361
31.6,129,5468.265769
36.1,79,5468.474159
35.95,82,5468.688577
28.25,152,5469.090882
9.9,3,5469.098438
-5.9,71,5469.28316
22.0,33,5469.369285
35.1,95,5469.628797
35.65,88,5469.861958
13.75,254,5470.535622
31.5,135,5476.577703
34.2,117,5476.895438
36.2,73,5477.10008
20.65,28,5477.184204
7.8,5,5477.19993
15.5,11,5477.232306
34.65,88,5477.48617
-2.05,2,5477.491926
29.35,174,5478.003137
-2.1,3,5478.012516
35.0,101,5478.30129
34.25,100,5478.584979
13.55,10,5478.613678
33.65,120,5478.952497
5.95,2,5478.958311
17.0,21,5479.01842
13.5,11,5479.049023
33.0,105,5485.159379
21.1,91,5485.401901
13.7,7,5485.42058
33.45,112,5485.719871
7.8,5,5485.733705
33.9,115,5486.042998
13.4,13,5486.077942
32.4,117,5486.394392
32.0,129,5486.737417
21.75,174,5487.202278
27.7,155,5487.631803
33.05,124,5493.660153
34.2,117,5494.034736
32.0,133,5494.475524
-5.2,65,5494.68095
35.15,98,5495.022488
33.2,109,5495.422916
-6.35,88,5495.72805
33.0,109,5496.078176
-5.7,75,5496.311352
32.7,131,5496.724596
33.3,123,5502.552659
34.0,117,5502.866624
-4.85,54,5503.010273
34.55,98,5503.271963
15.35,14,5503.309334
34.6,101,5503.584107
29.6,129,5503.928783
32.6,129,5504.288148
9.9,3,5504.29677
34.95,102,5504.589341
34.15,106,5504.893349
31.9,127,5511.067521
23.25,48,5511.212531
35.85,84,5511.454108
-2.55,12,5511.48896
35.25,84,5511.72464
29.4,145,5512.146773
19.9,219,5512.776779
-6.75,92,5513.038825
5.9,3,5513.047311
5.0,1,5513.050154
9.85,4,5513.06163
7.9,3,5513.070145
32.05,132,5513.452474
17.4,13,5513.490499
34.75,98,5513.774626
32.45,108,5520.040678
30.9,135,5520.440587
35.1,95,5520.724205
32.35,130,5521.116155
9.8,5,5521.131629
35.55,86,5521.394381
31.25,136,5521.799318
30.8,141,5522.220455
35.8,81,5522.463486
6.55,346,5529.519721
34.4,109,5529.820271
25.9,227,5530.46993
36.3,71,5530.679223
-2.4,9,5530.70572
35.25,88,5530.965768
24.4,33,5531.064176
27.5,163,5531.540922
-4.3,43,5531.668846
29.85,148,5537.974574
27.25,200,5538.538712
32.95,114,5538.874799
33.95,118,5539.233958
28.5,147,5539.683946
2.25,404,5540.975221
32.85,108,5547.411449
32.55,122,5547.772404
29.15,170,5548.289056
35.15,94,5548.570903
33.7,111,5548.905316
34.6,101,5549.188162
7.9,3,5549.196492
-5.8,69,5549.390362
35.3,91,5549.648232
35.25,92,5549.909525
-11.0,105,5555.918934
31.45,136,5556.311583
26.85,176,5556.81378
17.35,14,5556.855113
-4.2,45,5556.984385
35.3,91,5557.246108
23.5,51,5557.392209
-4.5,31,5557.481179
27.35,170,5557.961974
28.8,133,5558.336253
12.0,1,5558.339797
34.2,89,5558.595154
7.85,4,5558.606436
33.1,119,5564.713661
28.5,163,5565.202821
-5.25,66,5565.402071
34.3,107,5565.718351
23.55,226,5566.391612
11.6,9,5566.418893
29.9,159,5566.897194
31.7,123,5567.272645
24.5,123,5573.492514
34.7,103,5573.778639
35.15,98,5574.046275
15.1,15,5574.086726
16.15,22,5574.146842
30.3,135,5574.542285
36.4,69,5574.748002
33.3,119,5575.097688
31.2,129,5575.484162
32.8,113,5575.822374
32.3,131,5576.206189
30.05,152,5582.646944
33.85,108,5582.946795
35.25,80,5583.170647
19.35,42,5583.286355
34.8,105,5583.598036
31.05,136,5584.002939
18.6,29,5584.089079
34.15,86,5584.346499
26.65,156,5584.814585
35.35,90,5585.090805
-3.5,31,5585.185172
14.9,255,5591.841702
31.45,108,5592.164313
28.45,60,5592.344625
34.75,90,5592.616092
31.55,110,5592.94158
7.9,3,5592.951241
11.6,9,5592.977319
31.35,126,5593.353173
-4.35,44,5593.482024
30.15,126,5593.859421
35.2,81,5594.096486
19.1,195,5600.501351
29.3,151,5600.933364
32.2,109,5601.245011
-7.8,101,5601.571617
35.45,84,5601.816443
35.4,81,5602.05278
32.1,147,5602.472064
33.3,103,5602.765549
33.8,117,5603.105683
27.1,159,5609.460206
20.1,35,5609.551805
17.2,17,5609.598056
-5.55,72,5609.800018
-4.3,47,5609.94384
22.5,31,5610.035667
32.95,122,5610.414348
5.0,1,5610.417439
-14.45,98,5610.719384
24.4,185,5611.294385
33.0,121,5611.671661
25.25,192,5618.111108
27.25,156,5618.553226
-2.65,14,5618.593092
24.45,196,5619.151141
35.45,88,5619.423753
5.0,1,5619.42734
16.9,239,5620.132138
-6.55,64,5620.314754
21.7,39,5620.427573
32.5,119,5620.773656
28.35,150,5626.947834
7.9,3,5626.95571
17.1,19,5627.005879
29.9,159,5627.43026
32.65,132,5627.784412
4.65,276,5628.527247
-16.95,136,5628.907356
33.4,121,5629.25744
13.45,12,5629.292351
12.0,1,5629.295291
35.05,100,5629.583147
16.85,24,5635.412982
35.0,97,5635.674062
-5.1,59,5635.82999
-2.65,14,5635.868155
-4.7,55,5636.014825
34.35,114,5636.32034
34.7,107,5636.605167
34.75,102,5636.875981
17.15,234,5637.526141
36.45,68,5637.721583
31.9,131,5638.102272
33.0,93,5643.963659
15.65,8,5643.986542
32.65,116,5644.321845
34.4,101,5644.607275
33.65,120,5644.95331
34.8,97,5645.229419
34.2,101,5645.519901
25.25,48,5645.657667
34.3,107,5645.964068
34.2,105,5646.265953
35.5,79,5646.493537
26.7,27,5646.571472
6.0,1,5646.574556
33.1,115,5652.803991
30.85,128,5653.222728
34.05,108,5653.585612
35.25,96,5653.877412
32.8,117,5654.231307
34.1,111,5654.541214
30.25,140,5654.982097
-8.55,112,5655.309723
34.1,111,5655.620152
-6.05,70,5661.960819
31.95,118,5662.319201
32.7,115,5662.672655
26.75,174,5663.179323
29.95,130,5663.543942
32.95,130,5663.907543
18.75,26,5663.981587
35.8,77,5664.194532
-0.55,332,5671.038798
21.2,17,5671.087094
-2.6,13,5671.123167
-5.6,69,5671.325139
34.6,101,5671.614163
32.7,111,5671.932332
34.35,110,5672.256124
20.6,29,5672.341212
29.05,144,5672.762529
5.95,2,5672.768576
21.95,38,5672.881136
29.8,141,5673.295
7.75,6,5673.311498
17.4,13,5673.346988
35.55,86,5673.594357
16.2,29,5679.415652
29.65,48,5679.553311
29.4,145,5679.967288
21.85,40,5680.086713
20.1,39,5680.201591
36.1,75,5680.42886
27.95,182,5680.978129
35.8,81,5681.212033
34.05,112,5681.544856
19.0,21,5681.607774
34.4,101,5681.916424
31.55,138,5682.335292
29.15,142,5688.503577
26.8,173,5689.220578
19.65,24,5689.300196
30.9,143,5689.766899
18.7,23,5689.841473
-6.25,78,5690.095779
-4.85,46,5690.234062
34.55,106,5690.552345
35.3,87,5690.814998
30.85,148,5691.287931
-5.8,61,5691.461287
25.85,160,5697.607177
-6.35,72,5697.824613
36.55,66,5698.021372
24.7,195,5698.602455
-2.5,11,5698.63572
35.3,95,5698.924849
32.45,120,5699.298237
34.4,109,5699.623475
32.8,113,5699.952222
25.0,141,5706.071124
34.3,107,5706.36081
7.9,3,5706.368504
35.5,91,5706.611315
28.45,152,5707.012826
32.0,117,5707.324256
27.45,52,5707.466225
-3.75,36,5707.560053
-6.4,85,5707.7934
31.6,121,5708.128139
33.25,116,5708.43853
33.55,114,5708.754433
32.0,117,5714.836869
32.7,119,5715.181727
35.6,85,5715.426642
27.35,170,5715.919905
-3.55,32,5716.015452
29.45,144,5716.434928
32.4,133,5716.817401
22.15,38,5716.931204
-4.5,51,5717.076967
30.65,148,5723.39387
-6.3,75,5723.6186
30.6,133,5724.020766
32.95,118,5724.387601
-7.25,98,5724.699131
35.0,89,5724.971289
30.25,140,5725.397894
19.15,214,5726.049949
35.1,99,5726.354045
20.4,29,5726.442719
33.25,104,5732.854048
35.05,100,5733.134041
32.45,124,5733.482031
34.2,101,5733.762234
34.45,96,5734.046204
30.4,93,5734.332823
30.45,128,5734.705889
31.2,125,5735.047598
35.0,101,5735.321585
-7.1,83,5741.408714
33.15,118,5741.737432
33.75,106,5742.028796
27.4,73,5742.227463
13.35,14,5742.265814
34.45,108,5742.56294
33.2,121,5742.918899
31.7,139,5743.338217
31.95,142,5743.743619
32.45,140,5744.132671
31.75,122,5750.348697
27.9,43,5750.469508
35.8,81,5750.692125
31.25,140,5751.078379
23.55,46,5751.212878
-7.4,93,5751.484033
9.8,5,5751.498348
27.7,159,5751.96392
36.7,67,5752.156537
-5.75,56,5752.323194
-2.75,432,5759.300935
34.35,106,5759.615998
31.6,129,5759.990422
27.85,148,5760.42924
33.45,104,5760.741698
11.55,10,5760.771467
36.25,76,5760.988322
34.9,95,5761.261436
-2.0,1,5761.264469
35.95,70,5761.465952
20.0,37,5761.578004
33.55,106,5768.164532
34.95,98,5768.453471
17.0,21,5768.517317
15.3,15,5768.562127
31.8,129,5768.94578
34.6,105,5769.257041
32.0,125,5769.625194
29.25,148,5770.057966
-2.35,8,5770.081756
32.3,127,5770.458637
33.4,101,5770.75207
34.25,112,5771.084112
35.45,88,5777.211685
-8.95,88,5777.458359
33.65,120,5777.783748
32.4,129,5778.137503
20.45,64,5778.310555
30.1,147,5778.704931
-5.1,47,5778.831864
13.35,10,5778.859625
34.7,103,5779.156013
37.2,57,5779.324804
35.1,95,5779.604913
26.75,82,5779.844976
31.2,129,5786.195508
34.9,91,5786.463883
34.8,101,5786.759407
35.0,85,5787.002253
30.2,169,5787.462948
32.4,105,5787.751873
23.2,193,5788.315349
29.15,150,5788.748518
31.25,124,5794.871537
-2.0,1,5794.874297
34.75,106,5795.158434
32.6,129,5795.506771
31.6,141,5795.892078
22.9,75,5796.095741
34.45,108,5796.387991
32.2,133,5796.749413
8.0,1,5796.752238
34.75,106,5797.037453
18.0,233,5803.42334
32.6,117,5803.758781
33.4,113,5804.077313
31.3,119,5804.412777
30.95,146,5804.832226
33.0,121,5805.180441
35.45,80,5805.41168
35.2,73,5805.618235
30.9,131,5811.770962
-3.4,29,5811.851027
20.75,26,5811.921515
33.3,115,5812.235195
29.8,145,5812.627578
-7.65,82,5812.847836
32.8,117,5813.167329
5.0,1,5813.170499
34.7,95,5813.450274
34.35,90,5813.708105
19.0,21,5813.769867
28.75,158,5814.214738
31.1,135,5814.602301
-2.0,1,5814.605247
32.35,114,5820.623812
34.05,76,5820.842034
27.55,46,5820.975729
34.25,92,5821.240965
26.7,175,5821.739155
34.4,109,5822.047682
34.8,101,5822.340969
35.15,98,5822.6201
29.15,134,5822.996665
33.4,113,5829.452332
13.6,9,5829.477253
32.2,125,5829.815368
35.15,86,5830.04999
33.55,126,5830.39126
31.1,119,5830.708264
26.3,183,5831.203335
34.4,109,5831.495545
19.35,14,5831.534423
29.9,151,5831.944662
28.55,158,5837.970581
32.15,106,5838.255677
32.1,143,5838.671779
-4.8,57,5838.838752
9.75,6,5838.856169
24.3,35,5838.958044
33.6,121,5839.299024
29.65,124,5839.657537
24.3,171,5840.152187
31.8,109,5840.472158
29.8,125,5846.875431
29.15,154,5847.321582
31.4,137,5847.686378
34.8,97,5847.954008
29.1,135,5848.34269
33.75,122,5848.696972
33.05,120,5849.037961
-6.3,63,5849.213447
30.2,141,5855.39395
33.15,118,5855.750906
32.4,133,5856.149775
27.1,147,5856.600025
-5.2,57,5856.774302
32.2,129,5857.162418
-3.75,28,5857.246562
30.95,138,5857.660028
34.55,98,5857.952678
34.8,93,5858.231879
16.85,16,5858.279831
33.5,99,5864.08102
32.5,127,5864.463123
9.8,5,5864.478207
29.85,152,5864.933807
33.6,113,5865.265254
29.8,137,5865.679119
32.6,105,5865.996433
-2.95,20,5866.055375
-2.0,1,5866.058237
-7.0,101,5866.358909
34.45,112,5866.693226
15.6,9,5866.720214
24.05,36,5866.826197
33.85,112,5873.422642
15.4,13,5873.460986
28.95,138,5873.877002
27.4,153,5874.335333
5.95,2,5874.341609
35.75,78,5874.574416
28.05,148,5875.020378
36.3,75,5875.248387
-6.2,77,5875.482126
33.3,111,5875.832205
34.0,109,5876.163084
7.9,3,5876.17241
34.55,90,5882.20387
13.6,241,5882.865381
21.1,19,5882.918156
28.7,163,5883.370644
31.0,105,5883.655536
24.7,207,5884.272838
33.4,101,5884.575285
21.8,85,5884.824876
15.55,10,5884.854238
33.35,114,5890.684962
35.85,76,5890.903776
-5.55,68,5891.108517
32.85,104,5891.422176
15.4,13,5891.461595
18.95,254,5892.237074
33.75,114,5892.568018
34.7,99,5892.855026
32.4,113,5893.196712
33.5,119,5893.539339
24.15,38,5899.370384
34.65,100,5899.654742
33.6,101,5899.942435
32.3,127,5900.305595
34.05,112,5900.637324
14.95,282,5901.449807
34.4,101,5901.76607
31.85,120,5902.188529
35.65,84,5908.168533
29.0,61,5908.344205
35.35,94,5908.61186
18.85,60,5908.782219
31.75,138,5909.172802
6.0,1,5909.175704
31.5,115,5909.67493
33.75,106,5909.997726
29.45,156,5910.478483
33.5,115,5910.855953
34.65,108,5911.209972
-2.0,1,5911.213272
-6.4,81,5917.56567
26.75,166,5918.066465
35.25,96,5918.34864
34.25,108,5918.646124
34.4,97,5918.906826
32.4,125,5919.247368
31.3,131,5919.608382
34.5,91,5919.860171
30.35,138,5926.064424
33.4,105,5926.356804
27.85,156,5926.806858
21.9,107,5927.124046
31.6,145,5927.547463
34.15,110,5927.872756
32.8,109,5928.173029
11.6,9,5928.19775
34.55,102,5928.475968
35.7,87,5928.710591
34.0,109,5934.647704
33.9,111,5934.960352
17.35,14,5934.998927
30.45,148,5935.411227
34.75,90,5935.657857
35.95,82,5935.883158
22.95,210,5936.503121
34.05,116,5936.84747
28.5,175,5937.360794
33.9,115,5943.394763
34.3,103,5943.705182
16.15,18,5943.759127
36.0,69,5943.985794
30.7,127,5944.397457
33.85,112,5944.758441
20.4,33,5944.86551
-2.0,1,5944.868912
33.25,92,5945.163877
14.55,22,5945.235638
30.95,154,5945.726847
28.95,158,5946.232537
34.15,114,5952.36079
35.15,86,5952.612005
30.05,148,5953.025191
37.2,57,5953.194607
34.9,103,5953.494004
33.0,133,5953.886547
5.9,3,5953.895161
35.5,87,5954.147784
9.85,4,5954.15968
29.0,57,5954.328804
-3.75,36,5954.438975
34.65,100,5954.74399
35.0,101,5955.0495
33.6,117,5961.294777
5.9,3,5961.302706
24.85,212,5961.921256
18.45,28,5962.00589
24.4,213,5962.527392
27.05,176,5962.987149
32.95,126,5963.351727
32.7,107,5963.654372
34.5,87,5963.899033
29.65,80,5970.412564
30.05,144,5970.763987
34.2,113,5971.051854
32.65,120,5971.368601
35.15,90,5971.611218
34.65,104,5971.875834
19.7,35,5971.964618
19.4,33,5972.049007
9.7,7,5972.066663
-2.0,1,5972.069115
34.7,99,5972.330154
22.0,37,5972.425822
35.45,84,5972.642547
25.65,168,5978.66399
-5.85,74,5978.898087
33.85,92,5979.168615
7.85,4,5979.18141
6.0,1,5979.184831
33.65,116,5979.533083
5.0,1,5979.536036
32.25,124,5979.903284
15.05,20,5979.959399
35.3,91,5980.221892
11.55,10,5980.251404
29.75,134,5980.643671
34.8,101,5980.958607
35.5,83,5981.211704
31.7,119,5987.036286
32.65,108,5987.321619
34.1,115,5987.637974
13.65,8,5987.661117
17.55,10,5987.689576
32.05,120,5988.03368
-2.0,1,5988.036778
30.25,148,5988.46899
35.75,70,5988.666793
33.6,125,5989.024207
6.0,1,5989.027173
33.2,117,5989.38686
33.95,114,5989.743346
-2.0,1,5989.746498
29.4,141,5996.017202
-5.45,66,5996.212112
33.6,117,5996.554115
33.7,107,5996.862061
33.15,106,5997.159725
31.5,143,5997.551867
9.65,8,5997.573499
28.0,41,5997.694013
21.6,45,5997.828073
33.5,115,5998.177659
24.85,164,5998.672213
24.15,38,5998.785583
35.6,81,6004.952534
35.6,85,6005.205795
31.05,128,6005.576814
31.8,129,6005.962978
34.3,107,6006.304461
16.6,41,6006.437196
22.05,36,6006.550631
34.75,102,6006.85892
31.0,109,6007.178985
-5.25,62,6007.364153
31.55,122,6007.729994
33.1,111,6013.711852
29.55,146,6014.138477
14.6,21,6014.200506
27.15,182,6014.73416
36.0,81,6014.973125
34.5,107,6015.294416
25.55,50,6015.444148
30.15,134,6015.844832
29.25,148,6016.299055
27.95,182,6022.868033
33.95,118,6023.228831
34.65,100,6023.538021
8.0,1,6023.541343
32.35,130,6023.92719
-3.25,18,6023.981771
-4.65,54,6024.144562
34.75,98,6024.463124
33.0,117,6024.821393
19.25,180,6025.3851
34.15,98,6025.676875
-5.85,74,6031.641904
25.05,20,6031.698998
34.5,111,6031.998055
35.0,93,6032.26059
32.8,133,6032.664135
34.7,103,6032.961936
32.45,116,6033.30908
13.8,217,6033.960052
33.45,104,6034.251409
31.4,117,6040.39679
28.45,32,6040.495216
33.05,132,6040.899428
33.9,95,6041.194059
27.2,153,6041.660794
36.2,77,6041.890064
18.95,22,6041.957479
34.7,91,6042.238532
31.25,136,6042.650149
31.8,109,6042.970068
24.1,195,6049.283376
18.85,24,6049.346828
35.2,89,6049.582321
29.45,160,6050.0125
23.15,166,6050.449188
29.95,130,6050.791671
11.75,6,6050.809137
-6.25,78,6051.022909
34.2,109,6051.337619
11.9,3,6051.346717
35.95,82,6051.578882
34.2,113,6057.595232
32.3,123,6057.934025
31.9,119,6058.2751
-4.65,54,6058.429467
7.8,5,6058.444129
-5.35,64,6058.624348
35.15,90,6058.87693
35.0,97,6059.165324
34.55,94,6059.464728
24.3,35,6059.570956
31.55,134,6059.996639
-6.3,79,6060.21943
35.65,84,6060.446486
31.95,130,6066.358533
36.8,57,6066.518875
27.9,75,6066.72995
33.75,110,6067.046908
-3.95,40,6067.16169
34.35,110,6067.492144
34.0,105,6067.802557
33.3,91,6068.066357
32.9,131,6068.449942
32.4,121,6068.797642
34.7,95,6074.715919
18.95,22,6074.776021
25.3,55,6074.925516
35.75,82,6075.159906
25.4,169,6075.649839
34.6,93,6075.921069
18.7,27,6075.996591
30.1,139,6076.400625
33.45,116,6076.740232
33.85,116,6077.07478
28.35,162,6077.583295
23.2,57,6083.866386
33.1,111,6084.193456
27.9,179,6084.703826
-6.3,75,6084.924738
17.1,15,6084.969055
-4.1,43,6085.096885
22.0,205,6085.710555
32.05,128,6086.089158
-8.5,83,6086.326157
10.1,15,6086.368874
31.35,138,6086.792402
-2.0,1,6086.795482
-8.2,113,6092.750862
34.55,110,6093.056731
33.45,116,6093.405085
34.3,107,6093.762313
21.6,49,6093.938988
35.4,89,6094.240159
25.3,75,6094.471554
18.6,29,6094.556961
-2.0,1,6094.560024
35.6,77,6094.786747
8.0,1,6094.789894
35.2,93,6095.063452
32.3,151,6095.496172
30.55,146,6101.675711
35.5,91,6101.940101
8.0,1,6101.942954
28.9,147,6102.355084
26.8,181,6102.867405
-5.6,65,6103.054828
34.85,92,6103.319926
32.85,120,6103.664141
29.5,107,6103.974051
31.05,144,6109.961122
34.25,112,6110.262855
35.25,92,6110.530018
26.0,37,6110.643011
34.75,94,6110.942124
34.8,89,6111.215118
34.1,107,6111.544913
31.85,124,6111.938013
35.2,89,6112.21299
20.85,60,6112.419146
24.8,85,6112.725841
31.75,126,6118.530287
36.85,64,6118.701793
21.45,232,6119.339989
28.1,143,6119.749909
20.35,34,6119.846905
33.55,114,6120.174568
-6.9,63,6120.356576
31.65,136,6120.74388
21.0,181,6121.265751
30.75,138,6127.505906
30.95,134,6127.869342
32.15,130,6128.228472
30.75,138,6128.624407
34.25,108,6128.941663
33.55,114,6129.267428
34.2,105,6129.580355
-5.0,57,6129.763474
32.9,131,6135.832265
-5.55,68,6136.012124
34.95,98,6136.276144
31.5,135,6136.633668
34.4,105,6136.92077
7.9,3,6136.929248
28.7,155,6137.374499
32.4,109,6137.687465
34.15,106,6137.991028
32.75,110,6138.304699
35.25,96,6138.580195
23.8,45,6144.46329
9.9,3,6144.471435
34.65,108,6144.757299
30.55,130,6145.101649
33.2,129,6145.444972
7.05,328,6146.327304
27.55,170,6146.809112
33.4,129,6147.181613
20.65,232,6153.467453
32.6,133,6153.855308
27.35,46,6153.990068
33.0,113,6154.313427
34.35,98,6154.598917
35.05,100,6154.885942
34.85,104,6155.183347
33.4,125,6155.547087
26.2,185,6161.935755
35.0,101,6162.250599
34.0,105,6162.568179
21.4,205,6163.164935
33.95,106,6163.477485
24.0,213,6164.090204
35.8,85,6164.338419
33.85,104,6170.331958
28.25,152,6170.78299
34.25,112,6171.100157
33.95,94,6171.371168
31.85,136,6171.759334
34.9,99,6172.045795
27.45,160,6172.487143
-5.9,63,6172.656433
34.9,103,6172.93213
29.8,141,6178.909916
33.7,107,6179.220256
9.85,4,6179.231441
35.15,94,6179.496365
33.3,119,6179.839994
30.05,140,6180.250913
33.55,106,6180.562638
34.55,98,6180.866049
33.95,90,6181.129538
33.05,128,6181.493008
20.0,37,6181.609807
33.4,125,6187.575185
30.05,156,6187.996337
30.9,151,6188.439051
36.5,71,6188.644346
-6.25,54,6188.799877
23.9,187,6189.345306
34.7,99,6189.631973
26.1,175,6190.139341
33.5,131,6196.341526
-12.25,126,6196.713165
35.5,79,6196.93898
34.4,105,6197.258174
31.8,129,6197.655569
-5.35,48,6197.798685
29.6,177,6198.32726
34.1,103,6198.658952
31.95,138,6199.066706
21.75,42,6199.200676
7.95,2,6199.207364
28.8,161,6205.518104
22.05,88,6205.761824
-6.25,74,6205.965396
33.3,127,6206.308166
-3.55,32,6206.391588
35.65,80,6206.603427
24.1,39,6206.709338
35.0,97,6206.970104
34.15,114,6207.294198
34.1,107,6207.610407
34.95,102,6207.908776
18.9,23,6213.55365
32.0,129,6213.894231
26.5,171,6214.37771
30.3,131,6214.757639
31.95,138,6215.15274
34.7,103,6215.446685
29.8,149,6215.880764
7.85,4,6215.892243
28.3,167,6216.374866
-7.0,65,6222.475182
33.0,125,6222.838704
9.9,3,6222.847489
33.05,132,6223.224916
17.05,20,6223.280349
35.8,85,6223.527658
13.3,235,6224.207285
34.3,99,6224.491814
34.6,105,6224.791659
31.9,131,6225.183096
35.1,95,6231.286109
27.95,158,6231.739093
-3.55,32,6231.836873
31.4,133,6232.229842
34.25,116,6232.567073
34.7,95,6232.847741
23.8,45,6232.978856
32.2,117,6233.325304
34.3,111,6233.653901
33.25,128,6234.032046
32.95,122,6239.939193
31.15,122,6240.290431
-8.55,100,6240.578786
35.35,90,6240.842327
-2.0,1,6240.845257
32.0,133,6241.242248
30.65,128,6241.621903
-15.75,528,6249.118972
31.85,144,6249.541745
21.65,244,6250.245861
35.8,85,6250.491839
16.95,22,6250.555639
19.45,12,6250.590271
28.35,166,6251.072814
17.1,19,6251.1283
33.95,122,6251.48998
35.3,87,6257.137036
27.05,184,6257.621245
34.3,99,6257.883471
34.5,99,6258.143512
34.15,110,6258.453887
35.8,85,6258.69015
33.45,120,6259.030847
36.9,59,6259.197854
21.1,219,6259.822176
31.9,127,6266.086236
33.4,109,6266.404153
26.0,169,6266.903616
34.75,94,6267.182714
34.5,103,6267.477765
-7.4,45,6267.598525
35.9,83,6267.825336
-8.35,92,6268.076174
33.75,106,6268.384381
34.7,95,6268.660849
34.55,102,6275.020954
5.9,3,6275.030535
-2.0,1,6275.033837
34.35,106,6275.354805
33.55,126,6275.721637
35.0,97,6276.003978
33.95,102,6276.298172
13.55,10,6276.327072
11.65,8,6276.350673
20.5,31,6276.441083
-4.25,38,6276.55381
-4.65,54,6276.710307
6.0,1,6276.71324
11.85,4,6276.725068
5.0,1,6276.728123
30.6,133,6277.114911
30.05,144,6277.532081
33.8,121,6283.489824
-9.8,77,6283.698998
35.55,86,6283.932491
14.95,18,6283.981693
34.4,113,6284.305855
24.0,41,6284.427802
-9.8,89,6284.687901
34.5,95,6284.964689
34.7,103,6285.259419
19.6,9,6285.285788
35.85,76,6285.506127
31.45,112,6285.841323
-2.2,5,6285.856288
26.25,36,6285.96386
-8.85,130,6292.009718
28.75,162,6292.49207
23.1,183,6293.028462
-8.0,77,6293.249963
-2.0,1,6293.253059
35.75,86,6293.495446
33.1,103,6293.785019
36.55,66,6293.969474
29.55,146,6294.383985
9.85,4,6294.395043
24.0,41,6294.514077
19.2,17,6294.563941
7.9,3,6294.57228
29.65,140,6300.564239
17.3,15,6300.603667
16.6,25,6300.670152
36.35,74,6300.872559
35.1,99,6301.156425
34.3,103,6301.452407
31.65,144,6301.876688
-2.0,1,6301.879858
20.9,271,6302.768845
-2.8,17,6302.828697
-5.1,39,6302.967592
27.85,76,6303.235795
31.8,121,6303.631578
34.6,97,6309.637798
33.65,112,6309.963516
35.05,100,6310.237111
28.4,141,6310.617802
19.45,12,6310.650345
35.45,84,6310.878599
33.95,114,6311.205257
-2.1,3,6311.213762
33.15,106,6311.51577
35.05,96,6311.790248
34.65,104,6312.074387
32.5,119,6317.993747
32.2,113,6318.320873
33.35,118,6318.665685
35.0,93,6318.941259
30.45,136,6319.337484
-5.05,62,6319.51896
35.35,94,6319.791239
32.4,109,6320.108452
28.45,176,6320.632517
17.2,17,6320.681765
13.0,277,6327.425859
13.8,5,6327.44023
17.1,19,6327.494664
34.65,96,6327.767222
34.05,112,6328.081441
28.1,75,6328.295609
22.25,36,6328.399671
33.2,117,6328.730683
35.9,83,6328.96754
30.5,155,6329.406008
-7.4,97,6329.663991
17.55,10,6329.69098
32.9,131,6335.687119
34.4,105,6335.99663
32.75,130,6336.375742
34.2,113,6336.700477
35.4,93,6336.971317
31.7,135,6337.368809
33.2,117,6337.704155
35.6,89,6337.961549
17.4,197,6344.223001
36.75,66,6344.398865
5.95,2,6344.405142
33.0,121,6344.762253
30.15,142,6345.20658
34.7,95,6345.517729
35.2,97,6345.835188
-7.2,73,6346.065866
35.1,95,6346.363199
34.85,104,6346.666456
15.8,5,6346.680228
-3.4,29,6346.763853
34.05,100,6347.053795
25.55,178,6353.248111
30.9,147,6353.66294
34.2,109,6353.979205
30.5,143,6354.427956
29.95,42,6354.566915
28.75,170,6355.11611
15.0,21,6355.183177
30.1,163,6355.67487
28.8,157,6361.628964
24.65,200,6362.161704
33.1,119,6362.496869
34.4,109,6362.805797
17.15,18,6362.857059
33.0,125,6363.211722
33.05,116,6363.545904
35.1,99,6363.839158
25.25,180,6370.079994
-9.2,101,6370.377176
28.55,158,6370.885224
32.55,126,6371.257135
34.65,84,6371.527608
33.65,120,6371.910821
36.15,78,6372.159415
34.8,105,6372.486829
-3.85,30,6372.581348
32.65,112,6372.913558
33.45,128,6378.900131
33.9,103,6379.195035
32.95,114,6379.518197
31.95,126,6379.88159
-3.85,38,6379.989463
32.35,134,6380.373686
35.1,95,6380.651623
36.15,78,6380.883876
21.4,173,6381.396717
-7.05,94,6381.673759
28.25,172,6387.939712
30.25,124,6388.2927
33.8,101,6388.579013
33.85,92,6388.844333
6.0,1,6388.847243
28.95,146,6389.267951
15.45,12,6389.302685
34.7,103,6389.596076
35.45,92,6389.866534
27.05,144,6390.282804
32.15,126,6396.362153
33.75,110,6396.652272
33.85,124,6396.994781
-6.6,73,6397.213466
33.3,115,6397.527237
32.5,123,6397.901998
17.5,11,6397.93715
22.4,33,6398.040381
36.45,72,6398.264427
33.5,115,6398.62178
33.7,119,6398.996084
32.75,126,6404.956076
25.75,170,6405.452585
-6.7,83,6405.695422
33.65,112,6406.01754
35.55,78,6406.243284
34.6,105,6406.555572
24.9,59,6406.736625
16.1,283,6407.543672
13.55,10,6407.570315
11.55,10,6407.59703
24.75,190,6413.623046
17.4,13,6413.659217
32.15,130,6414.015443
15.35,14,6414.051769
34.75,102,6414.325435
31.35,118,6414.644011
16.8,25,6414.712525
-4.9,55,6414.861946
34.1,107,6415.159218
32.1,139,6415.56035
34.4,105,6415.865843
35.8,85,6421.829228
33.55,130,6422.208233
-2.9,19,6422.263111
16.65,28,6422.342983
-2.0,1,6422.346173
-3.45,26,6422.421796
33.3,115,6422.777275
32.2,125,6423.169213
19.8,33,6423.272764
27.65,188,6423.856623
22.05,36,6423.968161
30.5,147,6424.394365
34.15,102,6424.685225
32.75,118,6430.578163
34.95,102,6430.851059
34.25,96,6431.107167
35.2,89,6431.346639
11.55,10,6431.373087
35.85,80,6431.588246
35.25,92,6431.84125
35.15,90,6432.090953
35.8,85,6432.34241
9.8,5,6432.358037
6.0,1,6432.360862
33.4,113,6432.689878
33.75,126,6433.073594
-2.0,1,6433.076376
13.8,5,6433.091249
33.4,97,6439.153318
33.45,112,6439.450172
20.55,30,6439.531606
33.05,108,6439.811821
33.25,120,6440.146706
9.85,4,6440.158671
34.0,117,6440.495751
30.15,134,6440.921837
-2.0,1,6440.925193
-4.85,58,6441.106203
32.15,114,6441.459018
32.8,133,6441.900576
19.95,214,6448.237074
35.3,91,6448.479354
33.15,126,6448.823045
7.85,4,6448.834069
30.65,136,6449.218002
5.9,3,6449.227838
33.9,103,6449.533422
23.9,219,6450.183228
33.45,124,6450.539871
11.7,7,6450.560073
29.8,185,6457.063413
32.7,131,6457.453639
33.45,116,6457.798574
34.3,99,6458.084189
30.25,124,6458.449543
20.55,178,6458.972529
18.7,39,6459.08641
35.45,88,6459.346776
-6.65,74,6459.563004
34.0,93,6465.684922
11.05,308,6466.581427
32.7,119,6466.934207
27.2,197,6467.508868
30.15,138,6467.920292
20.0,41,6468.041477
33.45,120,6468.393339
30.85,140,6474.57019
32.45,128,6474.94937
32.05,112,6475.279225
35.1,95,6475.562946
32.75,134,6475.964228
33.7,123,6476.331881
-2.9,19,6476.389632
30.4,129,6476.782412
25.95,66,6476.978017
26.35,150,6483.032506
31.05,128,6483.391816
34.05,116,6483.734046
31.55,130,6484.109903
35.05,92,6484.378481
30.75,146,6484.808587
35.4,93,6485.078707
34.15,110,6485.393639
33.1,131,6485.766959
-5.25,66,6485.961371
-3.65,30,6491.630623
29.15,158,6492.054294
34.35,102,6492.347435
30.6,129,6492.718773
23.55,50,6492.862737
34.0,113,6493.196209
32.95,114,6493.525884
7.95,2,6493.531495
32.45,132,6493.9053
33.8,125,6494.259671
23.55,42,6494.378885
-3.35,28,6494.45955
35.55,86,6500.385865
30.95,138,6500.75725
-2.0,1,6500.760107
11.75,6,6500.775989
33.05,116,6501.086418
34.9,103,6501.362556
35.2,97,6501.621473
15.65,8,6501.643789
33.6,117,6502.014854
33.75,110,6502.347349
22.8,25,6502.418986
33.4,117,6502.753391
25.9,179,6509.133258
34.45,96,6509.421712
31.95,142,6509.839158
34.6,93,6510.111471
28.4,149,6510.530852
19.1,283,6511.338391
33.85,112,6511.671223
-4.3,43,6511.801714
28.5,71,6517.910552
-6.2,77,6518.125376
-4.05,42,6518.243008
11.9,3,6518.251432
-5.3,67,6518.436654
-5.25,66,6518.633925
-5.3,67,6518.833775
-4.3,35,6518.939683
-4.1,43,6519.06611
26.15,162,6519.556873
23.4,45,6519.693815
30.75,138,6520.110411
33.5,127,6520.484112
34.7,107,6520.804121
-6.75,60,6526.766905
30.75,130,6527.120129
22.7,195,6527.692846
17.25,16,6527.744983
34.7,107,6528.058976
33.25,116,6528.445641
35.15,98,6528.767543
5.0,1,6528.771225
25.55,50,6528.93709
34.65,92,6529.242674
-2.1,3,6529.252511
34.0,109,6529.600382
31.35,138,6536.205512
35.55,86,6536.459407
35.0,101,6536.759306
-7.05,94,6537.038973
33.95,114,6537.376664
36.45,72,6537.590582
33.8,117,6537.889141
-2.0,1,6537.89198
24.55,30,6537.972686
32.95,134,6538.350003
-5.7,75,6538.565865
34.15,102,6538.871156
28.2,177,6545.120421
32.55,110,6545.406887
5.95,2,6545.412393
34.6,109,6545.717331
33.1,115,6546.049861
15.05,308,6547.026643
34.85,104,6547.360231
32.9,111,6547.708072
25.0,245,6554.155557
30.55,166,6554.597977
33.7,111,6554.888091
31.4,129,6555.233508
-3.4,29,6555.310116
32.6,133,6555.668075
33.0,113,6555.973236
33.65,112,6561.710674
20.3,35,6561.815768
32.25,124,6562.192092
35.55,90,6562.447664
34.95,94,6562.730607
32.3,139,6563.136641
34.4,101,6563.436119
33.6,121,6563.78164
30.25,168,6564.269763
-3.95,40,6564.386254
33.4,121,6570.271548
31.05,164,6570.708578
36.0,81,6570.923983
34.75,102,6571.202564
32.85,128,6571.61354
35.8,81,6571.861368
31.85,140,6572.275712
33.4,125,6572.638714
32.5,115,6572.968125
31.15,126,6579.188029
33.9,111,6579.515041
33.65,116,6579.853158
11.75,6,6579.870763
36.05,72,6580.077383
34.2,117,6580.415543
17.2,17,6580.464302
-3.0,21,6580.523336
29.5,51,6580.668056
29.2,173,6581.177745
25.4,169,6581.69672
31.95,146,6587.416827
5.95,2,6587.422637
13.65,8,6587.444127
-87.15,800,6589.70277
30.35,154,6590.142407
-2.0,1,6590.145319
34.3,115,6596.161781
-7.95,112,6596.484512
34.65,100,6596.77485
34.05,104,6597.076926
-3.3,27,6597.154265
32.75,126,6597.522017
35.1,95,6597.794789
35.4,93,6598.058653
33.7,119,6598.407852
33.4,117,6598.74834
22.55,238,6605.229211
33.5,123,6605.588744
30.8,141,6605.999617
-4.3,47,6606.135013
18.8,25,6606.208714
35.55,90,6606.467223
33.05,120,6606.809508
33.7,111,6607.130426
5.0,1,6607.133829
34.45,112,6607.461851
34.75,106,6613.349773
-5.05,62,6613.526965
34.05,104,6613.83028
34.55,106,6614.12895
35.2,93,6614.392986
36.6,69,6614.590256
34.25,100,6614.872839
-4.5,51,6615.017927
9.8,5,6615.032189
34.85,92,6615.294626
33.1,115,6615.624383
33.55,122,6615.969209
36.35,74,6621.849625
35.05,96,6622.140001
35.15,94,6622.415505
-2.5,11,6622.447961
34.45,104,6622.750993
34.5,107,6623.069798
33.7,115,6623.441143
34.2,113,6623.780287
31.4,137,6624.221489
34.15,118,6624.596499
33.1,127,6630.556757
5.0,1,6630.559565
-8.25,454,6631.795408
36.15,78,6632.013405
33.3,115,6632.352127
34.35,114,6632.693099
33.55,118,6633.041895
13.25,16,6633.088791
11.75,6,6633.105825
13.6,9,6633.13234
