#{"t_start": 1785449606.1822617, "env_id": "None"}
r,l,t
-2.0,1,1.782058
-2.0,1,1.785102
-2.0,1,1.787788
-2.0,1,1.790591
-2.0,1,1.79337
-2.0,1,1.795815
-2.0,1,1.798164
-2.0,1,1.800683
-2.0,1,1.803155
-2.0,1,1.805897
-2.0,1,1.808448
-2.0,1,1.811256
-2.0,1,1.813757
-2.0,1,1.816243
-2.0,1,1.818726
-2.0,1,1.821164
-2.0,1,1.823668
-2.0,1,1.826131
-2.0,1,1.82864
-2.0,1,1.831116
-2.0,1,1.833538
-2.0,1,1.836061
-2.0,1,1.838488
-2.0,1,1.84092
-2.0,1,1.843503
-2.0,1,1.845919
-2.0,1,1.848449
-2.0,1,1.850926
-2.0,1,1.853437
-2.0,1,1.856044
-2.0,1,1.858528
-2.0,1,1.861033
-2.0,1,1.863487
-2.0,1,1.865949
-2.0,1,1.868445
-2.0,1,1.871008
-2.0,1,1.873479
-2.0,1,1.875877
-2.0,1,1.878267
-2.0,1,1.880672
-2.0,1,1.883054
-2.0,1,1.885427
-2.0,1,1.887876
-2.0,1,1.890274
-2.0,1,1.892665
-2.0,1,1.895025
-2.0,1,1.897628
-2.0,1,1.900022
-2.0,1,1.902382
-2.0,1,1.904768
-2.0,1,1.90716
-2.0,1,1.909534
-2.0,1,1.911931
-2.0,1,1.914341
-2.0,1,1.916735
-2.0,1,1.919108
-2.0,1,1.921505
-2.0,1,1.923923
-2.0,1,1.926298
-2.0,1,1.928679
-2.0,1,1.931036
-2.0,1,1.933424
-2.0,1,1.935821
-2.0,1,1.938243
-2.0,1,1.940822
-2.0,1,1.943391
-2.0,1,1.946087
-2.0,1,1.948819
5.0,1,1.951688
-2.0,1,1.954207
-2.0,1,1.956783
-2.0,1,1.959362
-2.0,1,1.961929
-2.0,1,1.964554
-2.0,1,1.967304
-2.0,1,1.970014
-2.0,1,1.97274
-2.0,1,1.975472
-2.0,1,1.978212
-2.0,1,1.980961
-2.0,1,1.983685
-2.0,1,1.986408
-2.0,1,1.989136
-2.0,1,1.991744
-2.0,1,1.994286
-2.0,1,1.996841
-2.0,1,1.99938
-2.0,1,2.00191
-2.0,1,2.004493
-2.0,1,2.007124
-2.0,1,2.009698
-2.0,1,2.012289
-2.0,1,2.014861
-2.0,1,2.017465
-2.0,1,2.020094
-2.0,1,2.022645
-2.0,1,2.02521
-2.0,1,2.027792
-2.0,1,2.030333
-2.0,1,2.032878
-2.0,1,2.035433
-2.0,1,2.037981
-2.0,1,2.040645
-2.0,1,2.042952
-2.0,1,2.045502
-2.0,1,2.048062
-2.0,1,2.050612
-2.0,1,2.053156
-2.0,1,2.055712
-2.0,1,2.058261
-2.0,1,2.060875
-2.0,1,2.063421
-2.0,1,2.065957
-2.0,1,2.06851
-2.0,1,2.071053
-2.0,1,2.073613
-2.0,1,2.076169
-2.0,1,2.078703
-2.0,1,2.081249
-2.0,1,2.08381
-2.0,1,2.086349
-2.0,1,2.088895
-2.0,1,2.091488
-2.0,1,2.094011
-2.0,1,2.096576
-2.0,1,2.099143
-2.0,1,2.101689
-2.0,1,2.104263
-2.0,1,2.106863
-2.0,1,2.10942
-2.0,1,2.111977
-2.0,1,2.114519
-2.0,1,2.117081
-2.0,1,2.119687
-2.0,1,2.122216
-2.0,1,2.124765
-2.0,1,2.127318
-2.0,1,2.129872
-2.0,1,2.132436
-2.0,1,2.134975
-2.0,1,2.13755
-2.0,1,2.140104
-2.0,1,2.142627
-2.0,1,2.145209
-2.0,1,2.147813
-2.0,1,2.150349
-2.0,1,2.152949
-2.0,1,2.155515
-2.0,1,2.158108
-2.0,1,2.160666
-2.0,1,2.163203
-2.0,1,2.165735
-2.0,1,2.168303
-2.0,1,2.170858
-2.0,1,2.173443
-2.0,1,2.176069
-2.0,1,2.178644
-2.0,1,2.181253
-2.0,1,2.18382
-2.0,1,2.186413
-2.0,1,2.188996
-2.0,1,2.191578
-2.0,1,2.194157
-2.0,1,2.196729
-2.0,1,2.19928
-2.0,1,2.201864
-2.0,1,2.204445
-2.0,1,2.20701
-2.0,1,2.209574
-2.0,1,2.212128
-2.0,1,2.21468
-2.0,1,2.217267
-2.0,1,2.219903
-2.0,1,2.222448
-2.0,1,2.225058
-2.0,1,2.227619
-2.0,1,2.230153
-2.0,1,2.232694
-2.0,1,2.235247
-2.0,1,2.237791
-2.0,1,2.240347
-2.0,1,2.242878
-2.0,1,2.245424
-2.0,1,2.247971
-2.0,1,2.250512
-2.0,1,2.253108
-2.0,1,2.255661
-2.0,1,2.258207
-2.0,1,2.260799
-2.0,1,2.263344
-2.0,1,2.265944
-2.0,1,2.268488
-2.0,1,2.271024
-2.0,1,2.273538
-2.0,1,2.276088
-2.0,1,2.278621
-2.0,1,2.281175
-2.0,1,2.283729
-2.0,1,2.286265
-2.0,1,2.288831
-2.0,1,2.291375
-2.0,1,2.293916
-2.0,1,2.296493
-2.0,1,2.299016
-2.0,1,2.301573
-2.0,1,2.304135
-2.0,1,2.306671
-2.0,1,2.309251
-2.0,1,2.311837
-2.0,1,2.314372
-2.0,1,2.316918
-2.0,1,2.319513
-2.0,1,2.322093
-2.0,1,2.324668
-2.0,1,2.327219
-2.0,1,2.329759
-2.0,1,2.332344
-2.0,1,2.334952
-2.0,1,2.33749
-2.0,1,2.340044
-2.0,1,2.342605
-2.0,1,2.345149
-2.0,1,2.347754
-2.0,1,2.350322
-2.0,1,2.35294
-2.0,1,2.355487
-2.0,1,2.35803
-2.0,1,2.360584
-2.0,1,2.363219
-2.0,1,2.365777
-2.0,1,2.368346
-2.0,1,2.370885
-2.0,1,2.373431
-2.0,1,2.375985
-2.0,1,2.378546
-2.0,1,2.381127
-2.0,1,2.383708
-2.0,1,2.38627
-2.0,1,2.388884
-2.0,1,2.391489
-2.0,1,2.394074
-2.0,1,2.396643
-2.0,1,2.399258
-2.0,1,2.401841
-2.0,1,2.404424
-2.0,1,2.407034
-2.0,1,2.409579
-2.0,1,2.412134
-2.0,1,2.414676
-2.0,1,2.41723
-2.0,1,2.419796
-2.0,1,2.422401
-2.0,1,2.424976
-2.0,1,2.427573
-2.0,1,2.430086
-2.0,1,2.432645
-2.0,1,2.43524
-2.0,1,2.437774
-2.0,1,2.440386
-2.0,1,2.442926
-2.0,1,2.44553
-2.0,1,2.448108
-2.0,1,2.450654
-2.0,1,2.453286
-2.0,1,2.45587
-2.0,1,2.458423
-2.0,1,2.461031
-2.0,1,2.46363
-2.0,1,2.466173
-2.0,1,2.468735
-2.0,1,2.471351
-2.0,1,2.473944
-2.0,1,2.476494
-2.0,1,2.479107
-2.0,1,2.481642
-2.0,1,2.484201
-2.0,1,2.486756
-2.0,1,2.489332
-2.0,1,2.491909
-2.0,1,2.494465
-2.0,1,2.497086
-2.0,1,2.499633
-2.0,1,2.502165
-2.0,1,2.504735
-2.0,1,2.507409
-2.0,1,2.509992
-2.0,1,2.512557
-2.0,1,2.515287
-2.0,1,2.518025
-2.0,1,2.520723
-2.0,1,2.523441
-2.0,1,2.526199
-2.0,1,2.528919
-2.0,1,2.531659
-2.0,1,2.53443
-2.0,1,2.537179
-2.0,1,2.539944
-2.0,1,2.542661
-2.0,1,2.545451
-2.0,1,2.548168
-2.0,1,2.550934
-2.0,1,2.553662
-2.0,1,2.556402
-2.0,1,2.559208
-2.0,1,2.56194
-2.0,1,2.564656
-2.0,1,2.567451
-2.0,1,2.570197
-2.0,1,2.572929
-2.0,1,2.575651
-2.0,1,2.578351
-2.0,1,2.581119
-2.0,1,2.583873
-2.0,1,2.586617
-2.0,1,2.58932
-2.0,1,2.592096
-2.0,1,2.594798
-2.0,1,2.597568
-2.0,1,2.600394
-2.0,1,2.603102
-2.0,1,2.605852
-2.0,1,2.608622
-2.0,1,2.611334
-2.0,1,2.614048
-2.0,1,2.616762
-2.0,1,2.619505
-2.0,1,2.622231
-2.0,1,2.624977
-2.0,1,2.627687
-2.0,1,2.630394
-2.0,1,2.633118
-2.0,1,2.635858
-2.0,1,2.638551
-2.0,1,2.641293
-2.0,1,2.644056
-2.0,1,2.646793
-2.0,1,2.649554
-2.0,1,2.652268
-2.0,1,2.65501
-2.0,1,2.657792
-2.0,1,2.660513
-2.0,1,2.663244
-2.0,1,2.665934
-2.0,1,2.668567
-2.0,1,2.671165
-2.0,1,2.673741
-2.0,1,2.676337
-2.0,1,2.678906
-2.0,1,2.681516
-2.0,1,2.684103
-2.0,1,2.686658
-2.0,1,2.689224
-2.0,1,2.692004
-2.0,1,2.694731
-2.0,1,2.69749
-2.0,1,2.700225
-2.0,1,2.702954
-2.0,1,2.705682
-2.0,1,2.708401
-2.0,1,2.711145
-2.0,1,2.713843
-2.0,1,2.716564
-2.0,1,2.719305
-2.0,1,2.722013
-2.0,1,2.724614
-2.0,1,2.727181
-2.0,1,2.729813
-2.0,1,2.732497
-2.0,1,2.735137
-2.0,1,2.737679
-2.0,1,2.740239
-2.0,1,2.742889
-2.0,1,2.745518
-2.0,1,2.748234
-2.0,1,2.750939
-2.0,1,2.75367
-2.0,1,2.756412
-2.0,1,2.759156
-2.0,1,2.762115
-2.0,1,2.764976
-2.0,1,2.767725
-2.0,1,2.770442
-2.0,1,2.773211
-2.0,1,2.775944
-2.0,1,2.778717
-2.0,1,2.781476
-2.0,1,2.784226
-2.0,1,2.786962
-2.0,1,2.789695
-2.0,1,2.792428
-2.0,1,2.795177
-2.0,1,2.797887
-2.0,1,2.800598
-2.0,1,2.80332
-2.0,1,2.806034
-2.0,1,2.808749
-2.0,1,2.811466
-2.0,1,2.814218
-2.0,1,2.816986
-2.0,1,2.819746
-2.0,1,2.822451
-2.0,1,2.825176
-2.0,1,2.827902
-2.0,1,2.830614
-2.0,1,2.833366
-2.0,1,2.836169
-2.0,1,2.838904
-2.0,1,2.841619
-2.0,1,2.844358
-2.0,1,2.847084
-2.0,1,2.849858
-2.0,1,2.852618
-2.0,1,2.855335
-2.0,1,2.858042
-2.0,1,2.860779
-2.0,1,2.863493
-2.0,1,2.866241
-2.0,1,2.868988
-2.0,1,2.871716
-2.0,1,2.874415
-2.0,1,2.877142
-2.0,1,2.879865
-2.0,1,2.882623
-2.0,1,2.885372
-2.0,1,2.888096
-2.0,1,2.890838
-2.0,1,2.89344
-2.0,1,2.896025
-2.0,1,2.898669
-2.0,1,2.901399
-2.0,1,2.904144
-2.0,1,2.906892
-2.0,1,2.909629
-2.0,1,2.912394
-2.0,1,2.91517
-2.0,1,2.917907
-2.0,1,2.920688
-2.0,1,2.923459
-2.0,1,2.926205
-2.0,1,2.928961
-2.0,1,2.931711
-2.0,1,2.934455
-2.0,1,2.937236
-2.0,1,2.940012
-2.0,1,2.94274
-2.0,1,2.945476
-2.0,1,2.948125
-2.0,1,2.950771
-2.0,1,2.953493
-2.0,1,2.956255
-2.0,1,2.958967
-2.0,1,2.961691
-2.0,1,2.964435
-2.0,1,2.967165
-2.0,1,2.969884
-2.0,1,2.972615
-2.0,1,2.97541
-2.0,1,2.978126
-2.0,1,2.980898
-2.0,1,2.983634
-2.0,1,2.986345
-2.0,1,2.989088
-2.0,1,2.991822
-2.0,1,2.994564
-2.0,1,2.997315
-2.0,1,3.000085
-2.0,1,3.002852
-2.0,1,3.005562
-2.0,1,3.008294
-2.0,1,3.011048
-2.0,1,3.013774
-2.0,1,3.016503
-2.0,1,3.01927
-2.0,1,3.021975
-2.0,1,3.024693
-2.0,1,3.027476
-2.0,1,3.030202
-2.0,1,3.033026
-2.0,1,3.035777
-2.0,1,3.038494
-2.0,1,3.041273
-2.0,1,3.044031
-2.0,1,3.046784
-2.0,1,3.049525
-2.0,1,3.052299
-2.0,1,3.055027
-2.0,1,3.057754
-2.0,1,3.060492
-2.0,1,3.063264
-2.0,1,3.065968
-2.0,1,3.068732
-2.0,1,3.071454
-2.0,1,3.074182
-2.0,1,3.076891
-2.0,1,3.079621
-2.0,1,3.082337
-2.0,1,3.085058
-2.0,1,3.087783
-2.0,1,3.090489
-2.0,1,3.093215
-2.0,1,3.095936
-2.0,1,3.098637
-2.0,1,3.101424
-2.0,1,3.104189
-2.0,1,3.1069
-2.0,1,3.109603
-2.0,1,3.112355
-2.0,1,3.115067
-2.0,1,3.117867
-2.0,1,3.120586
-2.0,1,3.123321
-2.0,1,3.126066
-2.0,1,3.128825
-2.0,1,3.131588
-2.0,1,3.134321
-2.0,1,3.137046
-2.0,1,3.139791
-2.0,1,3.14252
-2.0,1,3.145251
-2.0,1,3.147978
-2.0,1,3.150676
-2.0,1,3.153403
-2.0,1,3.156293
-2.0,1,3.159117
-2.0,1,3.161825
-2.0,1,3.164545
-2.0,1,3.167297
-2.0,1,3.170012
-2.0,1,3.172738
-2.0,1,3.175467
-2.0,1,3.178167
-2.0,1,3.180888
-2.0,1,3.183527
-2.0,1,3.186064
-2.0,1,3.188683
-2.0,1,3.191408
-2.0,1,3.194048
-2.0,1,3.196733
-2.0,1,3.199375
-2.0,1,3.201905
-2.0,1,3.204529
-2.0,1,3.207254
-2.0,1,3.209939
-2.0,1,3.212667
-2.0,1,3.215388
-2.0,1,3.218097
-2.0,1,3.220824
-2.0,1,3.223542
-2.0,1,3.226237
-2.0,1,3.228942
-2.0,1,3.231663
-2.0,1,3.234406
-2.0,1,3.237176
-2.0,1,3.239896
-2.0,1,3.242598
-2.0,1,3.245315
-2.0,1,3.24804
-2.0,1,3.250782
-2.0,1,3.253507
-2.0,1,3.256224
-2.0,1,3.259036
-2.0,1,3.261751
-2.0,1,3.264476
-2.0,1,3.267237
-2.0,1,3.269928
-2.0,1,3.272648
-2.0,1,3.27539
-2.0,1,3.278144
-2.0,1,3.280864
-2.0,1,3.283578
-2.0,1,3.286282
-2.0,1,3.28903
-2.0,1,3.291777
-2.0,1,3.294491
-2.0,1,3.297204
-2.0,1,3.299922
-2.0,1,3.302614
-2.0,1,3.30533
-2.0,1,3.308042
-2.0,1,3.310763
-2.0,1,3.313491
-2.0,1,3.316275
-2.0,1,3.318981
-2.0,1,3.321732
-2.0,1,3.324471
-2.0,1,3.327181
-2.0,1,3.329884
-2.0,1,3.332596
-2.0,1,3.335315
-2.0,1,3.338018
-2.0,1,3.340746
-2.0,1,3.343508
-2.0,1,3.346195
-2.0,1,3.348794
-2.0,1,3.351475
-2.0,1,3.354102
-2.0,1,3.356678
-2.0,1,3.359248
-2.0,1,3.36179
-2.0,1,3.364373
-2.0,1,3.36693
-2.0,1,3.369505
-2.0,1,3.372213
-2.0,1,3.374876
-2.0,1,3.377563
-2.0,1,3.380256
-2.0,1,3.382923
-2.0,1,3.385555
-2.0,1,3.388281
-2.0,1,3.390912
-2.0,1,3.393595
-2.0,1,3.396234
-2.0,1,3.398787
-2.0,1,3.401352
-2.0,1,3.403968
-2.0,1,3.406533
-2.0,1,3.409133
-2.0,1,3.411807
-2.0,1,3.414364
-2.0,1,3.41692
-2.0,1,3.419473
-2.0,1,3.422057
-2.0,1,3.424627
-2.0,1,3.427193
-2.0,1,3.429747
-2.0,1,3.432346
-2.0,1,3.434909
-2.0,1,3.437463
-2.0,1,3.440063
-2.0,1,3.442619
-2.0,1,3.445196
-2.0,1,3.447756
-2.0,1,3.450317
-2.0,1,3.452901
-2.0,1,3.455455
-2.0,1,3.457993
-2.0,1,3.460556
-2.0,1,3.463113
-2.0,1,3.465662
-2.0,1,3.468251
-2.0,1,3.470828
-2.0,1,3.473393
-2.0,1,3.475961
-2.0,1,3.478517
-2.0,1,3.481146
-2.0,1,3.483748
-2.0,1,3.4863
-2.0,1,3.488865
-2.0,1,3.491431
-2.0,1,3.493975
-2.0,1,3.496542
-2.0,1,3.499109
-2.0,1,3.501656
-2.0,1,3.504292
-2.0,1,3.506847
-2.0,1,3.509414
-2.0,1,3.511981
-2.0,1,3.514565
-2.0,1,3.517171
-2.0,1,3.519745
-2.0,1,3.522306
-2.0,1,3.524866
-2.0,1,3.52747
-2.0,1,3.530019
-2.0,1,3.532597
-2.0,1,3.535166
-2.0,1,3.537952
-2.0,1,3.540736
-2.0,1,3.543486
-2.0,1,3.54623
-2.0,1,3.548988
-2.0,1,3.551728
-2.0,1,3.554455
-2.0,1,3.557211
-2.0,1,3.559979
-2.0,1,3.562705
-2.0,1,3.565468
-2.0,1,3.568235
-2.0,1,3.570973
-2.0,1,3.573726
-2.0,1,3.576489
-2.0,1,3.579226
-2.0,1,3.581975
-2.0,1,3.584719
-2.0,1,3.587473
-2.0,1,3.590209
-2.0,1,3.59297
-2.0,1,3.595721
-2.0,1,3.598457
-2.0,1,3.601218
-2.0,1,3.603981
-2.0,1,3.606712
-2.0,1,3.609464
-2.0,1,3.612233
-2.0,1,3.614988
-2.0,1,3.617749
-2.0,1,3.620523
-2.0,1,3.62328
-2.0,1,3.626041
-2.0,1,3.628801
-2.0,1,3.631573
-2.0,1,3.634309
-2.0,1,3.637061
-2.0,1,3.639816
-2.0,1,3.642545
-2.0,1,3.645294
-2.0,1,3.64807
-2.0,1,3.650828
-2.0,1,3.653572
-2.0,1,3.656327
-2.0,1,3.659098
-2.0,1,3.661845
-2.0,1,3.664597
-2.0,1,3.667367
-2.0,1,3.670138
-2.0,1,3.672908
-2.0,1,3.67567
-2.0,1,3.6784
-2.0,1,3.681175
-2.0,1,3.683944
-2.0,1,3.686669
-2.0,1,3.689441
-2.0,1,3.692224
-2.0,1,3.694969
-2.0,1,3.697754
-2.0,1,3.700523
-2.0,1,3.703323
-2.0,1,3.706181
-2.0,1,3.709012
-2.0,1,3.711765
-2.0,1,3.714702
-2.0,1,3.71761
-2.0,1,3.720538
-2.0,1,3.723452
-2.0,1,3.726357
-2.0,1,3.729259
-2.0,1,3.73218
-2.0,1,3.735066
-2.0,1,3.73797
-2.0,1,3.740888
-2.0,1,3.743796
-2.0,1,3.746696
-2.0,1,3.749612
-2.0,1,3.752549
-2.0,1,3.755456
-2.0,1,3.758347
-2.0,1,3.761236
-2.0,1,3.764168
-2.0,1,3.76707
-2.0,1,3.769973
-2.0,1,3.772886
-2.0,1,3.775811
-2.0,1,3.778706
-2.0,1,3.781629
-2.0,1,3.784512
-2.0,1,3.787347
-2.0,1,3.790179
-2.0,1,3.793003
-2.0,1,3.795856
-2.0,1,3.798665
-2.0,1,3.801414
-2.0,1,3.804154
-2.0,1,3.806878
-2.0,1,3.809635
-2.0,1,3.812403
-2.0,1,3.815147
-2.0,1,3.817875
-2.0,1,3.820632
-2.0,1,3.823383
-2.0,1,3.826105
-2.0,1,3.828846
-2.0,1,3.831605
-2.0,1,3.834328
-2.0,1,3.837066
-2.0,1,3.839793
-2.0,1,3.842526
-2.0,1,3.845272
-2.0,1,3.848117
-2.0,1,3.850914
-2.0,1,3.853654
-2.0,1,3.856401
-2.0,1,3.85913
-2.0,1,3.861851
-2.0,1,3.864619
-2.0,1,3.867355
-2.0,1,3.870071
-2.0,1,3.872809
-2.0,1,3.875555
-2.0,1,3.87828
-2.0,1,3.881021
-2.0,1,3.883771
-2.0,1,3.886618
-2.0,1,3.889436
-2.0,1,3.892175
-2.0,1,3.894898
-2.0,1,3.89765
-2.0,1,3.900391
-2.0,1,3.903131
-2.0,1,3.905852
-2.0,1,3.90865
-2.0,1,3.911602
-2.0,1,3.914512
-2.0,1,3.917419
-2.0,1,3.92034
-2.0,1,3.923271
-2.0,1,3.92616
-2.0,1,3.929076
-2.0,1,3.931979
-2.0,1,3.934875
-2.0,1,3.937851
-2.0,1,3.940755
-2.0,1,3.943684
-2.0,1,3.946595
-2.0,1,3.9495
5.0,1,3.952512
-2.0,1,3.955358
-2.0,1,3.958268
-2.0,1,3.961179
-2.0,1,3.964091
-2.0,1,3.966978
-2.0,1,3.969913
-2.0,1,3.972869
-2.0,1,3.975792
-2.0,1,3.978685
-2.0,1,3.981598
-2.0,1,3.98452
-2.0,1,3.987432
-2.0,1,3.990318
-2.0,1,3.993244
-2.0,1,3.99617
-2.0,1,3.999054
-2.0,1,4.001998
-2.0,1,4.004928
-2.0,1,4.007849
-2.0,1,4.010738
-2.0,1,4.013648
-2.0,1,4.016593
-2.0,1,4.019511
-2.0,1,4.022414
-2.0,1,4.025357
-2.0,1,4.028311
-2.0,1,4.031239
-2.0,1,4.034087
-2.0,1,4.036994
-2.0,1,4.039932
-2.0,1,4.042881
-2.0,1,4.045837
-2.0,1,4.048589
-2.0,1,4.051323
-2.0,1,4.054022
-2.0,1,4.056735
-2.0,1,4.059453
-2.0,1,4.062176
-2.0,1,4.064894
-2.0,1,4.067615
-2.0,1,4.07034
-2.0,1,4.073061
-2.0,1,4.075799
-2.0,1,4.078494
-2.0,1,4.081213
-2.0,1,4.083966
-2.0,1,4.086656
-2.0,1,4.089368
-2.0,1,4.092095
-2.0,1,4.094806
-2.0,1,4.097529
-2.0,1,4.100273
-2.0,1,4.10296
-2.0,1,4.105681
-2.0,1,4.108422
-2.0,1,4.111146
-2.0,1,4.113859
-2.0,1,4.116587
-2.0,1,4.11934
-2.0,1,4.122042
-2.0,1,4.124764
-2.0,1,4.127501
-2.0,1,4.130212
-2.0,1,4.132939
-2.0,1,4.135684
-2.0,1,4.138398
-2.0,1,4.141127
-2.0,1,4.14387
-2.0,1,4.146567
-2.0,1,4.149285
-2.0,1,4.152024
-2.0,1,4.154746
-2.0,1,4.157469
-2.0,1,4.160189
-2.0,1,4.162916
-2.0,1,4.165631
-2.0,1,4.168356
-2.0,1,4.171064
-2.0,1,4.1738
-2.0,1,4.176533
-2.0,1,4.179463
-2.0,1,4.182193
-2.0,1,4.184957
-2.0,1,4.187695
-2.0,1,4.190505
-2.0,1,4.193342
-2.0,1,4.196151
-2.0,1,4.19898
-2.0,1,4.201872
-2.0,1,4.20467
-2.0,1,4.207562
-2.0,1,4.210328
-2.0,1,4.213071
-2.0,1,4.215821
-2.0,1,4.218554
-2.0,1,4.221304
-2.0,1,4.224292
-2.0,1,4.227014
-2.0,1,4.229777
-2.0,1,4.232516
-2.0,1,4.235268
-2.0,1,4.237981
-2.0,1,4.240725
-2.0,1,4.243464
-2.0,1,4.246182
-2.0,1,4.248922
-2.0,1,4.251665
-2.0,1,4.254384
-2.0,1,4.257137
-2.0,1,4.259867
-2.0,1,4.262595
-2.0,1,4.26532
-2.0,1,4.268061
-2.0,1,4.270786
-2.0,1,4.273529
-2.0,1,4.276287
-2.0,1,4.279005
-2.0,1,4.281744
-2.0,1,4.284494
-2.0,1,4.287243
-2.0,1,4.290085
-2.0,1,4.292835
-2.0,1,4.295588
-2.0,1,4.298332
-2.0,1,4.301092
-2.0,1,4.303843
-2.0,1,4.306557
-2.0,1,4.309315
5.0,1,4.312145
-2.0,1,4.314839
-2.0,1,4.317703
-2.0,1,4.320558
-2.0,1,4.323435
-2.0,1,4.326219
-2.0,1,4.329086
-2.0,1,4.331874
-2.0,1,4.334681
-2.0,1,4.337516
-2.0,1,4.340345
-2.0,1,4.34318
-2.0,1,4.345924
-2.0,1,4.348675
-2.0,1,4.351496
-2.0,1,4.354319
-2.0,1,4.357142
-2.0,1,4.359981
-2.0,1,4.362795
-2.0,1,4.365642
-2.0,1,4.368487
-2.0,1,4.37132
-2.0,1,4.374136
-2.0,1,4.376992
-2.0,1,4.379814
-2.0,1,4.382617
-2.0,1,4.385435
-2.0,1,4.388276
-2.0,1,4.391098
-2.0,1,4.393914
-2.0,1,4.39675
-2.0,1,4.399598
-2.0,1,4.402402
-2.0,1,4.405244
-2.0,1,4.408082
-2.0,1,4.410897
-2.0,1,4.413713
-2.0,1,4.416583
-2.0,1,4.419409
-2.0,1,4.422234
-2.0,1,4.425067
-2.0,1,4.427908
-2.0,1,4.430724
-2.0,1,4.433572
-2.0,1,4.436414
-2.0,1,4.439255
-2.0,1,4.442055
-2.0,1,4.444906
-2.0,1,4.447738
-2.0,1,4.450547
-2.0,1,4.453363
-2.0,1,4.456193
-2.0,1,4.459022
-2.0,1,4.461861
-2.0,1,4.464744
-2.0,1,4.467569
-2.0,1,4.470393
-2.0,1,4.473233
-2.0,1,4.476067
-2.0,1,4.478881
-2.0,1,4.481622
-2.0,1,4.484468
-2.0,1,4.487345
-2.0,1,4.490153
-2.0,1,4.492994
-2.0,1,4.495822
-2.0,1,4.498624
-2.0,1,4.501458
-2.0,1,4.504304
-2.0,1,4.507101
-2.0,1,4.509961
-2.0,1,4.512795
-2.0,1,4.515652
-2.0,1,4.51845
-2.0,1,4.521349
-2.0,1,4.524175
-2.0,1,4.526989
-2.0,1,4.529716
-2.0,1,4.532818
-2.0,1,4.53681
-2.0,1,4.541203
5.0,1,9.277932
4.75,2,9.28338
5.0,1,9.286237
-2.0,1,9.288649
5.0,1,9.291354
5.0,1,9.293736
-2.05,2,9.302332
-3.55,8,9.321106
-2.05,2,9.325635
-3.8,9,9.348045
-5.25,18,9.389127
-2.8,5,9.400383
6.0,1,9.40267
-2.05,2,9.407137
5.0,1,9.409471
-5.25,18,9.450605
-5.25,18,9.494045
6.0,1,9.496573
4.75,2,9.501761
-5.25,18,9.548251
-2.8,5,9.560929
-4.8,13,9.594092
5.75,2,9.59932
-4.3,11,9.627858
6.0,1,9.630456
4.75,2,9.635603
6.0,1,9.638184
-5.25,18,9.685451
5.75,2,9.690654
4.75,2,9.695748
5.75,2,9.700644
5.75,2,9.70578
-3.3,7,9.723991
6.0,1,9.72665
-2.0,1,9.729247
-2.8,5,9.742267
5.0,1,9.744928
5.75,2,9.750091
-2.55,4,9.760233
4.75,2,9.765296
-5.05,14,9.801447
6.0,1,9.804101
-5.25,18,9.850638
6.0,1,9.853154
5.75,2,9.858219
-3.8,9,9.880617
-6.05,18,9.927429
-3.05,6,9.942459
-3.05,6,9.95759
-2.0,1,9.96005
5.75,2,9.965022
5.0,1,9.967495
5.0,1,9.970039
-5.25,18,10.014944
-5.8,17,10.057496
5.0,1,10.060065
6.0,1,10.06273
-2.05,2,10.067713
-3.3,7,10.084874
-2.55,4,10.094787
-2.05,2,10.099883
-2.3,3,10.107518
6.0,1,10.110155
-2.0,1,10.112587
-5.25,18,10.157141
-3.55,8,10.177427
5.0,1,10.179961
5.75,2,10.184991
4.75,2,10.189979
5.0,1,10.192511
-6.05,18,10.238121
-2.3,3,10.245689
-2.05,2,10.250724
-2.8,5,10.263362
-4.6,13,10.295903
4.75,2,10.301084
4.75,2,10.306008
5.0,1,10.30846
-5.25,18,10.353411
-2.8,5,10.366476
-3.05,6,10.38209
4.75,2,10.387425
-5.25,18,10.434018
-4.3,11,10.462492
-2.0,1,10.465052
5.75,2,10.470231
-2.55,4,10.480556
4.75,2,10.485821
5.0,1,10.488476
-5.25,18,10.534433
-3.55,8,10.555152
4.75,2,10.560337
4.75,2,10.565506
5.0,1,10.568029
-2.05,2,10.573061
-5.25,18,10.618025
6.0,1,10.620554
-2.3,3,10.627871
-5.25,18,10.673078
-5.25,18,10.71864
6.0,1,10.721184
4.75,2,10.726265
-2.0,1,10.728748
-2.8,5,10.741276
6.0,1,10.744001
4.75,2,10.749144
-2.3,3,10.756702
-5.25,18,10.80344
-3.8,9,10.826778
4.75,2,10.831985
5.0,1,10.834641
-3.05,6,10.850401
-3.3,7,10.869227
-2.0,1,10.871969
-2.3,3,10.880146
-4.55,12,10.911477
6.0,1,10.914117
-5.25,18,10.961584
6.0,1,10.964273
-5.25,18,11.011393
6.0,1,11.013938
4.75,2,11.019005
-5.25,18,11.06788
6.0,1,11.070668
-2.0,1,11.073296
5.75,2,11.078699
-3.8,9,11.103551
6.0,1,11.106429
-2.05,2,11.111861
5.75,2,11.117523
5.0,1,11.12025
-2.55,4,11.131156
5.75,2,11.136803
6.0,1,11.139536
-4.55,12,11.172765
5.0,1,11.175543
-2.0,1,11.178226
5.75,2,11.1841
-2.8,5,11.197826
-4.05,10,11.22568
4.75,2,11.231344
-3.55,8,11.253358
-3.55,8,11.274083
5.75,2,11.279423
4.75,2,11.284662
-2.0,1,11.287145
-5.25,18,11.333422
-5.05,14,11.370513
4.75,2,11.375704
-2.3,3,11.383142
-5.25,18,11.429147
5.0,1,11.431607
5.0,1,11.434071
6.0,1,11.436654
-4.3,11,11.464652
-5.25,18,11.510282
-5.8,17,11.553563
6.0,1,11.556402
5.0,1,11.559175
-2.3,3,11.567419
5.0,1,11.570202
-2.8,5,11.584067
-2.05,2,11.589509
-2.55,4,11.600477
-2.05,2,11.605976
-5.25,18,11.655325
6.0,1,11.657871
-2.0,1,11.660406
-2.0,1,11.662893
5.0,1,11.665783
5.75,2,11.670959
-3.8,9,11.693692
5.0,1,11.696365
-2.55,4,11.706412
5.75,2,11.711718
4.75,2,11.716987
5.0,1,11.719579
-5.25,18,11.776775
-5.25,18,11.827998
6.0,1,11.830454
-3.05,6,11.845312
-2.3,3,11.853127
-2.0,1,11.85571
-4.3,11,11.884898
6.0,1,11.887549
5.0,1,11.890131
6.0,1,11.89277
4.75,2,11.898065
-2.0,1,11.900638
5.0,1,11.903256
5.0,1,11.905935
3.8,13,16.968586
5.65,4,16.979289
5.0,1,16.981891
5.95,2,16.987314
5.7,3,16.995043
-2.0,1,16.997553
-2.85,6,17.013784
5.75,2,17.018988
6.0,1,17.021716
6.0,1,17.024577
5.85,4,17.035163
5.0,1,17.037835
-2.05,2,17.043023
-2.0,1,17.045776
5.4,5,17.058931
5.0,1,17.061529
-2.0,1,17.06417
-5.65,22,17.144323
-6.75,32,17.220949
-4.8,25,17.282483
-5.25,18,17.327006
-2.9,7,17.344074
-6.55,32,17.424416
4.75,2,17.429621
8.0,1,17.432172
-5.7,27,17.500854
5.95,2,17.505914
-5.55,32,17.586272
-2.3,3,17.593443
-5.45,26,17.655287
7.95,2,17.660075
-2.1,3,17.667176
-5.6,25,17.726267
7.75,2,17.731051
-2.7,7,17.747653
-4.75,16,17.785382
-6.55,32,17.862038
5.0,1,17.864432
-3.5,11,17.891201
-5.75,32,17.970242
7.75,2,17.975147
-3.15,8,17.994739
-7.15,32,18.073542
-6.15,32,18.1521
-6.75,32,18.230893
-2.0,1,18.2333
-4.15,16,18.272489
-6.55,32,18.353968
-7.15,32,18.435693
5.0,1,18.438318
-2.4,5,18.45099
5.1,7,18.468207
-6.35,32,18.548339
-6.35,32,18.629835
-2.0,1,18.6324
5.0,1,18.635005
-2.65,6,18.650362
-2.55,4,18.660735
-2.05,2,18.665764
-3.8,17,18.712554
-2.05,2,18.718087
6.0,1,18.72092
7.95,2,18.726575
-2.3,3,18.734913
-2.45,6,18.751565
-2.05,2,18.75698
5.9,3,18.765378
-6.75,32,18.852185
-6.55,32,18.941123
-2.0,1,18.943906
7.75,2,18.949528
6.0,1,18.952405
-4.2,13,18.988441
-4.85,18,19.038358
8.0,1,19.041288
7.95,2,19.04704
7.8,5,19.06098
5.0,1,19.063785
6.9,7,19.083255
-4.1,15,19.124673
7.35,6,19.141448
-2.0,1,19.144205
5.0,1,19.147007
-2.6,5,19.160731
5.65,4,19.171876
-4.1,15,19.213372
-2.1,3,19.221667
5.35,6,19.238248
-5.75,32,19.326672
7.9,3,19.335134
7.65,4,19.346298
7.3,7,19.365198
6.0,1,19.367818
6.0,1,19.370444
7.75,2,19.375619
8.0,1,19.378236
7.65,4,19.388604
7.85,4,19.399025
7.95,2,19.404296
-2.05,2,19.409446
-6.15,32,19.492779
-4.2,17,19.537079
6.0,1,19.539728
6.0,1,19.542322
5.3,15,24.432527
5.0,1,24.435287
7.65,4,24.445678
7.85,4,24.45616
7.65,4,24.466202
8.0,1,24.468742
-2.05,2,24.473914
-2.0,1,24.476539
5.95,2,24.481705
7.75,2,24.486954
-2.0,1,24.489491
7.8,5,24.502536
-2.0,1,24.504944
7.2,9,24.528604
-3.55,12,24.559477
7.6,5,24.572385
-2.0,1,24.574862
7.95,2,24.58003
5.0,1,24.582716
8.6,13,24.696196
-2.55,8,24.716515
-5.4,25,24.778737
-3.25,10,24.803451
6.0,1,24.805961
-2.0,1,24.808385
-6.65,50,24.933332
9.95,2,24.938432
-6.65,34,25.02416
5.0,1,25.02672
-2.0,1,25.029331
-5.1,31,25.105284
-8.25,50,25.224466
-4.6,21,25.274772
9.95,2,25.279606
-2.1,3,25.286897
-2.6,5,25.298798
5.75,2,25.303625
6.55,10,25.32752
-2.7,7,25.344848
-2.0,1,25.347414
-2.0,1,25.349975
9.75,6,25.365323
9.35,10,25.390606
-3.9,15,25.42891
7.95,2,25.434117
-9.35,48,25.557926
-2.55,8,25.579536
-2.25,6,25.594951
-4.9,23,25.653508
-4.05,22,25.709765
-8.25,50,25.83188
-2.7,7,25.849754
-4.25,14,25.883885
-2.0,1,25.886269
-2.6,5,25.898333
-2.05,2,25.903138
5.0,1,25.905568
7.95,2,25.910392
-2.0,1,25.912733
-7.7,39,26.006928
-2.0,1,26.009351
9.9,3,26.016738
5.0,1,26.019168
-2.4,5,26.03116
-3.4,17,26.07407
-2.5,7,26.091886
-2.35,8,26.111102
-8.85,50,26.232788
-5.75,28,26.301966
7.5,7,26.31946
-4.6,25,26.382454
-4.5,19,26.432554
-6.65,50,26.56956
7.9,19,26.622033
-2.35,8,26.643813
-2.4,5,26.657238
-2.5,7,26.675846
-2.05,2,26.68129
5.0,1,26.684162
-7.05,50,26.817792
-3.05,14,26.852575
-4.95,20,26.902558
-3.4,13,26.935045
5.0,37,32.102778
5.7,31,32.180793
5.95,2,32.18582
-2.0,1,32.188298
5.0,1,32.190791
-2.05,2,32.195603
-7.45,50,32.319757
7.6,5,32.331657
9.7,7,32.348062
7.6,17,32.392066
9.9,3,32.399716
5.0,1,32.40224
-2.0,1,32.404746
9.95,2,32.409775
7.6,5,32.422681
9.85,4,32.432886
-2.0,1,32.435457
-2.0,1,32.437928
-2.0,1,32.440428
-2.1,3,32.448037
-2.0,1,32.450605
-4.5,19,32.499316
-2.05,2,32.504453
-2.0,1,32.507197
5.95,30,32.583537
-2.0,1,32.585983
-2.0,1,32.588516
9.45,8,32.608722
7.75,14,32.643749
8.9,11,32.671293
6.0,1,32.673867
-2.0,1,32.676322
9.5,7,32.694119
9.1,7,32.711647
-2.05,2,32.716583
-2.05,2,32.721575
9.8,5,32.734176
4.05,36,32.824906
9.0,9,32.847807
9.2,9,32.8703
7.95,2,32.87535
-2.05,2,32.880374
-2.0,1,32.882842
9.9,3,32.890454
5.0,1,32.89313
8.45,16,32.935547
8.5,15,32.974333
-2.05,2,32.979396
10.0,1,32.982013
8.5,11,33.009904
10.0,1,33.012453
9.8,5,33.02556
-2.05,2,33.030768
4.75,2,33.036047
6.0,1,33.038668
9.35,6,33.054718
-2.0,1,33.057354
-2.1,3,33.065344
7.85,4,33.076136
8.85,16,33.11785
-2.6,9,33.140454
-2.0,1,33.142929
9.55,6,33.158206
9.95,2,33.163362
9.8,5,33.175923
7.4,5,33.188414
8.0,1,33.190985
9.9,3,33.198472
-2.0,1,33.200942
7.95,2,33.205985
9.5,7,33.223588
5.0,1,33.226092
9.1,11,33.254034
9.85,4,33.264709
9.4,9,33.288453
9.9,3,33.29651
8.3,19,33.346869
-2.0,1,33.349424
-2.25,6,33.364788
9.95,2,33.369959
9.6,5,33.382716
-2.05,2,33.387648
9.0,9,33.410306
6.9,7,33.428222
-2.0,1,33.430642
9.85,4,33.440893
7.55,30,33.516887
9.75,2,33.522166
9.75,2,33.52725
-2.2,5,33.540145
8.55,14,33.576881
8.7,11,33.605609
5.0,1,33.608197
6.75,22,33.666021
8.95,10,33.691969
7.65,4,33.702268
9.75,6,33.718185
-2.0,1,33.720746
7.6,17,33.765786
9.8,5,33.77902
-2.3,7,33.797225
9.95,2,33.802414
10.0,1,33.805019
9.9,3,33.812669
8.5,15,33.852041
-2.1,3,33.859758
9.2,9,33.883693
9.85,4,33.893921
9.65,4,33.904136
-2.05,2,33.909148
-2.1,3,33.916833
6.8,25,33.979838
7.95,2,33.985077
9.75,6,34.000325
8.8,9,34.023046
9.65,8,34.04343
9.8,5,34.056364
9.9,3,34.063955
8.85,12,34.094389
9.95,2,34.099585
9.9,3,34.107257
9.5,11,34.13572
9.9,3,34.143466
9.9,3,34.151076
9.85,4,34.161213
-2.0,1,34.163753
11.45,12,34.217188
-11.75,72,34.392355
-3.2,13,34.423716
-11.75,72,34.597385
11.95,2,34.602202
-11.35,72,39.847358
-8.35,72,40.020005
-2.2,5,40.031861
-2.0,1,40.03423
11.05,12,40.062921
-3.15,12,40.091697
-4.05,18,40.134429
-10.65,66,40.291205
4.35,62,40.437634
-4.25,22,40.490546
5.65,4,40.5002
7.55,38,40.591155
-9.75,72,40.773276
-2.3,7,40.790584
9.15,26,40.856547
-8.2,41,40.959438
-9.35,72,41.143607
6.1,63,41.300476
5.75,2,41.305445
11.9,3,41.313063
-2.0,1,41.315665
-2.0,1,41.318203
5.95,2,41.323414
-2.05,2,41.328522
6.0,1,41.331239
-2.0,1,41.333742
11.25,8,41.354293
-10.55,72,41.534517
-2.0,1,41.536918
7.5,43,41.6456
-8.55,72,41.828295
-2.0,1,41.830787
-2.05,2,41.835858
10.45,16,41.876016
-2.25,6,41.890756
-2.15,4,41.901036
-10.75,72,42.08153
-8.95,72,42.260528
11.4,5,42.273168
10.95,14,47.522504
-2.1,3,47.529864
11.45,8,47.549731
-2.05,2,47.554554
11.85,4,47.564528
6.0,1,47.567106
9.95,2,47.571936
10.35,18,47.616402
10.25,20,47.66528
11.95,2,47.670208
7.95,2,47.675187
-2.0,1,47.677611
-2.2,5,47.689979
5.0,1,47.692532
-2.0,1,47.694962
5.95,2,47.70001
-2.0,1,47.702449
8.0,37,47.796082
11.7,7,47.813555
11.4,9,47.836436
-2.05,2,47.84138
11.9,3,47.849104
-7.85,46,47.970506
10.7,15,48.010434
-2.0,1,48.01296
11.8,5,48.025994
11.9,3,48.03374
-2.1,3,48.041443
-2.05,2,48.046688
11.5,7,48.06505
11.45,12,48.09682
-9.95,72,48.285111
-2.0,1,48.28773
9.9,23,48.348819
7.8,5,48.362168
8.85,28,48.435892
11.95,2,48.441152
9.15,30,48.520656
11.65,4,48.531209
11.4,13,48.565852
8.6,33,48.653813
11.7,7,48.672266
-5.95,36,48.765874
-2.0,1,48.768376
7.15,38,48.864427
10.6,13,48.898722
11.05,8,48.919202
-2.05,2,48.924314
9.1,27,48.994384
-2.7,15,49.032219
7.95,2,49.037277
-2.0,1,49.039791
-2.05,2,49.044911
-2.0,1,49.04744
7.95,2,49.052596
10.0,1,49.055097
5.55,62,49.212403
10.0,17,49.255654
11.85,4,49.265777
-2.0,1,49.268245
-2.15,4,49.278215
-2.0,1,49.280733
10.35,14,49.31597
11.9,3,49.32357
11.15,10,49.349033
10.55,14,49.384042
11.2,9,49.406792
-2.35,4,49.41688
12.0,1,49.419549
10.6,13,49.452096
11.8,5,49.464673
-2.0,1,49.467131
8.0,1,49.469692
-2.0,1,49.472201
9.8,5,49.484998
11.55,6,49.501173
-2.0,1,49.503752
11.85,4,49.514582
8.0,1,49.517253
10.5,15,49.55694
11.1,11,49.586297
-2.2,5,49.599039
-2.0,1,49.601655
-2.15,4,49.611818
9.9,3,49.619534
11.35,10,49.644794
11.2,9,49.668331
9.6,29,49.743336
-2.0,1,49.745808
-2.0,1,49.748409
-2.0,1,49.750897
-4.95,32,49.833393
9.45,28,49.905564
-2.0,1,49.908095
11.9,3,49.915859
-2.0,1,49.918433
-2.0,1,49.921062
-2.0,1,49.923698
5.0,1,49.926363
11.6,5,49.939345
5.0,1,49.941945
11.3,11,49.9711
8.4,37,50.068622
11.8,5,50.081922
5.0,1,50.084558
-2.0,1,50.087074
7.8,37,55.468232
-2.0,1,55.470919
-2.0,1,55.473665
6.0,1,55.476587
-2.0,1,55.479349
-3.0,17,55.527453
9.0,9,55.551082
11.45,8,55.572118
9.95,2,55.577273
8.35,38,55.677386
-2.0,1,55.679924
-2.05,2,55.685065
5.0,1,55.6878
10.5,15,55.727135
11.95,2,55.73221
-2.1,3,55.739837
5.95,2,55.745133
11.9,3,55.752808
11.25,8,55.772996
11.0,13,55.806265
11.85,4,55.816982
7.15,38,55.917415
-2.0,1,55.919941
-2.0,1,55.922484
11.95,2,55.927721
-2.0,1,55.930266
5.0,1,55.93288
-2.0,1,55.935393
11.25,8,55.956471
11.9,3,55.964325
11.35,10,55.990611
6.15,58,56.141745
11.3,7,56.160197
6.0,1,56.162813
6.0,1,56.165375
11.25,8,56.186105
-2.0,1,56.188701
11.05,12,56.220857
7.9,3,56.230396
11.0,13,56.264359
10.05,24,56.328026
11.0,13,56.362601
11.95,2,56.367853
11.15,10,56.394328
9.4,29,56.469697
11.45,8,56.490187
11.8,5,56.504236
13.0,13,56.584779
9.9,3,56.592552
-2.1,3,56.601031
-9.4,81,56.8041
-13.05,98,57.051948
-12.45,98,57.292912
-12.45,98,57.536188
-11.65,98,57.78608
-13.25,98,58.035857
8.6,57,63.36678
7.55,66,63.535139
9.45,56,63.675143
-2.05,2,63.680156
-2.0,1,63.682662
-2.05,2,63.687712
-2.0,1,63.690224
-2.05,2,63.695317
11.35,38,63.792291
-11.25,98,64.040245
9.95,2,64.045383
-2.05,2,64.050295
7.75,66,64.217618
9.6,57,64.355811
-2.15,4,64.365568
12.4,21,64.416545
-2.0,1,64.418927
11.85,20,64.467172
5.95,86,64.674305
13.1,11,64.70081
13.7,7,64.717897
10.5,47,64.831513
13.2,9,64.853404
9.95,2,64.858314
-11.05,98,65.101013
-2.5,7,65.118768
-2.05,2,65.123742
-2.95,16,65.162117
-2.15,4,65.171917
12.9,11,65.199909
-2.1,3,65.207418
9.25,48,65.329269
12.25,24,65.3887
-11.05,98,65.630443
12.85,12,65.659493
6.0,1,65.661899
-2.35,8,65.681086
10.95,30,65.753385
9.85,44,71.041628
12.7,15,71.077351
9.05,44,71.180426
11.65,20,71.228367
13.7,7,71.244274
12.2,21,71.294153
-2.0,1,71.296502
12.25,24,71.35382
9.85,36,71.440241
12.85,12,71.468845
12.45,20,71.51684
13.25,12,71.547318
-2.05,2,71.552382
-2.05,2,71.557491
-11.65,98,71.803468
-2.05,2,71.808508
12.75,18,71.853264
13.85,4,71.862939
-2.1,3,71.870337
-2.0,1,71.872738
13.85,4,71.882462
13.4,9,71.904179
13.85,4,71.913963
-10.85,98,72.150374
8.1,55,72.282821
-2.0,1,72.285284
7.9,3,72.292633
12.0,21,72.357977
11.25,36,72.447947
-2.0,1,72.450521
-2.0,1,72.453068
11.75,22,72.50863
-5.55,44,72.619731
11.45,24,72.680537
13.65,8,72.700689
9.6,33,72.784474
13.05,8,72.8047
-8.3,55,72.945007
12.15,22,73.004797
12.8,21,73.061647
7.95,54,73.207897
13.05,16,73.250875
-2.05,2,73.256252
13.1,15,73.296701
12.2,17,73.342445
-2.2,5,73.355926
13.8,5,73.369612
13.25,8,73.391169
10.7,47,73.522788
13.25,8,73.545501
13.55,10,79.111838
12.9,15,79.150281
6.0,1,79.152832
8.0,1,79.155369
-2.0,1,79.157828
-2.0,1,79.1605
13.55,10,79.18665
13.85,4,79.19657
11.1,31,79.273456
-2.0,1,79.275939
13.35,10,79.300858
13.65,8,79.321424
-2.0,1,79.324014
-2.15,4,79.333945
12.15,22,79.390079
-2.0,1,79.392567
13.6,5,79.405222
13.6,5,79.41774
6.8,81,79.623039
-2.0,1,79.625502
10.35,38,79.721354
-2.35,8,79.741446
13.8,5,79.754438
13.55,10,79.781867
13.75,6,79.79881
12.6,17,79.846215
12.45,20,79.901865
13.75,6,79.919132
-2.0,1,79.921941
-2.05,2,79.927682
13.2,13,79.962466
7.95,2,79.967877
-2.0,1,79.97051
13.85,4,79.981497
-2.1,3,79.989461
8.75,58,80.149517
12.1,23,80.212332
-2.05,2,80.217559
12.2,17,80.262296
13.7,7,80.280692
9.9,43,80.393803
6.0,1,80.396445
9.9,3,80.404412
-12.05,98,80.663221
-2.1,3,80.67118
-2.0,1,80.673876
11.85,28,80.747977
-2.0,1,80.750494
-2.3,7,80.7685
8.45,64,80.942516
12.75,22,81.002963
10.9,31,81.08647
-2.05,2,81.091837
12.9,19,81.142915
5.95,2,81.148446
13.5,11,81.179783
-2.0,1,81.18242
7.95,2,81.187838
12.85,12,81.218176
11.35,26,81.28412
12.7,15,81.325018
11.8,21,81.382245
12.65,20,81.436556
13.7,7,81.456357
13.85,4,81.46739
12.0,25,81.53496
-2.2,5,81.548448
5.0,1,81.55125
7.95,2,81.556716
10.95,22,81.616564
-2.0,1,81.619259
-2.95,8,81.640883
4.75,2,81.646348
-2.05,2,81.651763
9.5,7,81.67069
13.25,12,81.703106
13.15,18,81.752304
9.1,51,87.155882
6.0,1,87.158479
13.2,13,87.191477
13.75,6,87.20675
14.0,1,87.209272
7.95,2,87.214325
11.9,31,87.293365
11.65,20,87.3443
12.75,18,87.389766
11.0,33,87.479181
13.15,10,87.506337
13.75,6,87.522478
5.75,2,87.527947
13.75,6,87.544276
8.85,40,87.653241
13.1,11,87.683193
12.95,14,87.721605
5.95,2,87.727164
6.0,1,87.729911
13.1,11,87.7601
10.85,24,87.825833
13.35,10,87.853304
-2.0,1,87.855985
12.8,13,87.891661
11.1,23,87.954519
13.85,4,87.965334
12.85,12,87.998324
13.7,7,88.017457
-2.2,5,88.031175
-2.05,2,88.036712
-2.0,1,88.039468
13.8,5,88.053424
13.75,6,88.070036
-2.05,2,88.075648
13.05,12,88.108533
-2.05,2,88.113972
-2.0,1,88.116734
-2.2,5,88.130413
-2.0,1,88.133207
7.95,2,88.138797
12.9,15,88.179846
13.7,7,88.19952
12.3,19,88.253456
-2.1,3,88.26204
9.85,4,88.273571
7.9,3,88.28236
13.45,8,88.305567
13.45,8,88.328743
6.0,1,88.3316
13.35,10,88.360123
12.8,13,88.397116
-2.1,3,88.405547
13.75,6,88.422729
13.05,12,88.457049
-2.0,1,88.459855
9.9,3,88.468393
12.9,11,88.499511
-2.0,1,88.50233
-2.0,1,88.50517
5.0,1,88.508145
-2.1,3,88.516623
11.45,24,88.584889
6.0,1,88.587723
11.4,29,88.669962
12.6,17,88.718208
12.85,16,88.763572
12.8,13,88.800738
-2.05,2,88.806556
13.5,7,88.825775
-2.0,1,88.828482
13.75,6,88.84464
13.05,12,88.876913
-2.0,1,88.879517
13.4,9,88.903864
13.8,5,88.917468
13.4,9,88.942402
-2.65,10,88.970268
-2.05,2,88.975899
12.8,13,89.012783
-2.0,1,89.015556
11.95,18,89.070649
13.05,12,89.11127
-2.05,2,89.116632
13.5,11,89.146367
12.85,12,89.178887
7.85,4,89.189693
13.95,2,89.195104
13.5,7,89.21523
-2.05,2,89.220908
-2.7,7,89.240438
13.7,7,89.258149
7.9,3,89.2656
6.0,1,89.268118
13.0,13,89.300817
-2.0,1,89.303324
12.5,19,89.351205
13.8,5,89.363767
12.7,11,89.391904
-2.0,1,89.394515
12.7,19,89.443924
12.8,13,89.478638
8.85,36,89.573479
9.35,50,89.702176
13.8,5,89.71483
13.65,8,89.735641
5.0,1,89.738302
13.5,7,89.756826
13.9,3,89.764671
12.9,15,89.804026
12.7,15,89.843392
13.9,3,89.851291
-2.0,1,89.853855
-2.05,2,89.859243
13.65,8,95.138721
7.1,55,95.281332
5.0,1,95.284095
13.25,12,95.315564
13.65,8,95.336527
-2.0,1,95.339184
13.15,14,95.376259
-16.15,128,95.72057
-2.05,2,95.725911
-2.0,1,95.728506
-2.05,2,95.733608
-15.15,128,96.045963
14.9,11,96.073728
11.4,29,96.145216
8.0,1,96.147662
-16.15,128,96.468131
-15.95,128,96.793425
-2.0,1,96.795972
-2.0,1,96.798565
15.0,13,96.831634
-13.55,128,97.140272
-2.05,2,97.144998
-16.35,128,97.451794
13.85,4,97.461394
-2.3,7,97.478053
6.05,100,103.173015
13.45,28,103.245169
-2.05,2,103.250522
13.9,27,103.323733
-12.75,128,103.670155
9.1,71,103.848997
-11.15,128,104.17184
14.25,24,104.229274
-11.75,128,104.54745
15.55,10,104.573019
-10.15,128,104.889857
10.9,63,105.041696
6.0,1,105.044189
-12.35,128,105.376565
10.8,53,105.520994
-2.05,2,105.525928
-11.75,128,111.043228
10.7,63,111.190721
4.45,76,111.373363
-2.0,1,111.375808
15.25,12,111.404894
9.5,75,111.591947
-2.05,2,111.596785
-2.45,10,111.62106
-2.0,1,111.623508
-2.1,3,111.630757
-2.0,1,111.63322
14.0,17,111.674804
15.0,17,111.718548
11.25,40,111.820981
-2.1,3,111.828564
-2.15,4,111.838506
9.5,59,111.98609
11.45,48,112.105111
8.0,1,112.107714
13.65,20,112.157892
-13.75,128,112.471161
15.7,7,112.489031
11.85,4,112.499196
-11.95,128,112.817881
-14.15,128,113.143255
-2.0,1,113.145662
13.05,40,113.247155
-8.95,56,113.389165
-3.55,24,113.449962
14.45,24,118.8395
11.75,54,118.962836
15.15,14,118.996588
15.45,12,119.025956
10.8,49,119.148172
-9.05,74,119.327496
12.45,40,119.427787
13.45,32,119.509296
-2.15,4,119.519502
7.95,2,119.524792
15.8,5,119.537223
14.4,17,119.580302
-2.05,2,119.585305
13.05,32,119.66565
-2.05,2,119.670757
10.75,62,119.828463
-2.0,1,119.830977
9.3,59,119.975836
5.0,1,119.9784
8.65,76,120.173728
15.0,13,120.207412
7.9,3,120.214895
13.65,28,120.288157
-2.05,2,120.293477
11.8,57,120.433461
14.0,21,120.483979
6.0,1,120.486359
-2.0,1,120.488707
15.65,8,120.507925
14.4,29,120.579209
6.0,1,120.581588
-2.05,2,120.586478
15.7,7,120.603567
15.1,11,120.630012
-2.05,2,120.634756
14.05,20,120.682542
12.25,48,120.801964
-2.05,2,120.80699
-2.1,3,120.81467
-10.95,128,121.129433
-2.05,2,121.134225
13.7,19,121.180045
15.4,9,121.203156
14.55,18,121.248321
12.35,30,121.340542
15.15,10,126.820434
14.05,20,126.871537
-2.0,1,126.874031
8.0,1,126.876636
6.0,1,126.879196
-2.0,1,126.881782
15.6,9,126.906697
15.4,9,126.930488
15.8,5,126.943254
13.25,32,127.027208
13.9,23,127.089025
-2.0,1,127.091699
-2.05,2,127.097068
-2.0,1,127.099765
15.0,13,127.134904
14.3,27,127.206769
-2.0,1,127.209312
13.0,25,127.271908
15.75,6,127.287062
-11.15,128,127.622901
5.0,1,127.625553
15.35,6,127.641537
13.65,24,127.705618
15.65,8,127.727096
5.95,2,127.732474
9.25,56,127.882633
15.75,6,127.898794
15.4,9,127.922817
6.0,1,127.925426
6.95,94,128.176163
14.75,22,128.234723
14.5,15,128.274318
14.65,20,128.327168
15.5,7,128.345269
13.8,21,128.401516
15.7,7,128.419661
15.5,11,128.447946
15.4,9,128.471293
14.0,25,128.536274
13.85,32,128.622443
-2.05,2,128.627854
15.15,10,128.65462
13.95,18,128.703131
11.4,49,128.833659
13.4,41,128.944016
12.15,38,129.045942
14.95,18,129.0943
14.6,21,129.152247
15.45,8,129.174698
15.25,12,129.207695
-2.2,5,129.220469
-2.15,4,129.230716
10.0,1,129.233393
15.25,12,129.263982
15.4,9,129.287912
13.45,24,129.350238
15.15,10,129.376603
-6.45,50,129.509216
13.95,22,135.038798
9.05,60,135.19221
14.9,15,135.230441
15.55,6,135.245605
-2.1,3,135.253244
8.1,79,135.462644
-2.0,1,135.465249
-2.0,1,135.467911
-2.0,1,135.470613
-2.0,1,135.473337
15.75,6,135.489377
14.75,10,135.516425
-2.0,1,135.519129
15.75,6,135.535355
12.85,32,135.620012
15.45,8,135.641401
15.4,9,135.665696
15.6,5,135.679261
14.65,16,135.721886
15.65,8,135.743182
13.85,16,135.785756
5.0,97,136.041568
14.65,16,136.08437
7.9,3,136.092524
15.0,13,136.12643
15.55,10,136.153085
9.9,47,136.276169
-2.0,1,136.278716
14.3,27,136.34771
14.9,19,136.397832
-2.0,1,136.400388
15.25,16,136.441222
14.85,12,136.471982
15.65,8,136.492237
15.55,6,136.507545
15.75,6,136.522865
-2.1,3,136.530444
15.7,7,136.5484
15.35,10,136.573896
9.95,2,136.579079
14.85,16,136.6216
-2.0,1,136.624191
14.75,18,136.671584
11.9,3,136.679367
5.85,4,136.689687
15.15,10,136.716574
15.65,8,136.738264
-2.0,1,136.740914
15.2,13,136.776039
15.35,10,136.8016
-2.05,2,136.806576
4.75,2,136.811768
15.05,12,136.841876
15.55,10,136.867129
-2.0,1,136.869589
15.6,9,136.892554
15.55,10,136.917772
6.0,1,136.920387
15.7,7,136.938182
7.85,4,136.948399
15.55,10,136.974208
-2.15,4,136.984621
11.9,3,136.99251
-16.95,128,137.354161
13.95,26,137.424017
-2.05,2,137.429354
14.15,26,137.49778
-2.05,2,137.502963
15.8,5,137.516457
-2.15,4,137.526971
14.65,20,137.577485
15.7,7,137.595206
15.7,7,137.613189
13.95,18,137.658742
14.9,15,143.114818
14.2,25,143.176824
14.85,12,143.208359
-2.0,1,143.211047
10.75,54,143.350941
13.9,23,143.410939
15.5,7,143.429366
15.05,16,143.471713
15.9,3,143.479619
15.05,12,143.512017
14.25,16,143.554849
7.2,61,143.717766
15.35,14,143.754641
15.35,10,143.781099
-2.05,2,143.786748
15.7,7,143.805521
14.85,20,143.859362
7.95,2,143.864988
14.05,16,143.908126
14.95,18,143.956065
-2.05,2,143.961469
-2.0,1,143.964231
9.2,53,144.1027
14.85,12,144.13446
14.65,20,144.186941
-2.1,3,144.194561
14.95,18,144.245606
14.45,20,144.303046
9.9,3,144.311578
15.95,2,144.317431
15.05,16,144.363523
15.75,6,144.381163
13.6,37,144.487166
14.7,15,144.529428
-2.0,1,144.532222
15.45,8,144.554935
15.7,7,144.575917
-2.0,1,144.578705
15.5,7,144.599285
-2.0,1,144.602089
15.7,7,144.622091
13.4,33,144.714911
-2.0,1,144.717723
15.6,9,144.743472
15.55,10,144.771752
15.25,12,144.80563
5.0,1,144.808452
15.65,8,144.831448
15.4,9,144.855952
17.35,14,144.977408
-2.35,8,144.997081
-19.65,162,145.397459
-18.05,162,145.806211
-2.15,4,151.242528
-13.65,162,151.618934
-14.65,162,151.981198
-3.65,26,152.042744
15.55,38,152.129604
-13.65,162,152.500231
-15.45,162,152.884082
8.0,141,153.217686
16.9,19,153.264869
16.9,15,153.302329
5.0,1,153.304876
-16.05,162,158.989294
-14.65,162,159.393596
6.85,120,159.680942
-2.5,7,159.698032
-12.65,162,160.10329
16.9,23,160.161639
-15.45,162,160.5412
-8.45,98,160.772392
17.35,10,160.794825
-15.65,162,161.180283
-2.15,4,161.190597
17.45,8,161.21131
17.15,14,161.247319
-15.65,162,167.036639
-2.1,3,167.043648
-2.0,1,167.045997
7.25,128,167.341852
17.7,7,167.357728
10.3,95,167.593426
10.75,90,167.822189
-2.0,1,167.824764
14.65,44,167.93631
4.8,149,168.33049
-17.65,162,168.756908
-15.05,162,169.189408
12.25,80,169.401148
7.1,119,175.040466
6.05,124,175.34795
9.35,102,175.597501
17.65,8,175.617647
17.7,7,175.635381
-2.1,3,175.642953
-2.2,5,175.655577
15.25,32,175.736721
14.1,43,175.845237
16.9,19,175.892802
14.55,50,176.036522
7.3,127,176.347991
7.45,128,176.662069
-2.0,1,176.664583
10.05,88,176.883176
-5.0,29,176.960759
12.8,57,177.106836
16.9,15,177.146963
-2.1,3,177.154979
-2.05,2,177.160394
5.95,2,177.165817
16.45,24,177.230162
-16.85,162,183.040839
-2.2,5,183.052789
-16.45,162,183.444785
-2.25,6,183.459351
-3.0,9,183.481668
-2.05,2,183.486692
16.7,15,183.525381
14.0,49,183.658071
17.7,7,183.677525
-20.05,162,184.129937
-2.05,2,184.135397
16.3,19,184.187669
14.9,43,184.300876
16.4,21,184.35478
17.35,10,184.380413
-2.5,7,184.398209
-2.0,1,184.400783
16.9,19,184.449779
8.65,96,184.704025
9.0,93,184.952835
9.4,97,185.195069
15.35,46,185.3108
7.95,2,185.315665
-2.05,2,185.320733
-13.65,162,191.434049
-2.05,2,191.439414
16.3,27,191.512619
10.8,85,191.742346
12.2,73,191.937834
-17.05,162,192.348477
-2.0,1,192.350944
6.0,1,192.353542
15.7,27,192.418624
16.7,19,192.463588
15.05,32,192.54055
16.85,12,192.570972
14.05,56,192.714783
-2.1,3,192.722526
-2.1,3,192.730235
17.75,6,192.745967
16.85,12,192.777285
-2.35,4,192.788118
15.8,33,192.87748
-2.45,6,192.894388
11.9,3,192.90332
14.75,38,193.021677
-2.15,4,193.033316
15.5,35,193.135428
15.8,33,193.225306
11.05,64,193.396713
13.65,56,193.548249
16.75,18,193.597027
17.2,13,193.631932
17.75,6,193.647761
-2.05,2,193.652784
14.1,55,199.342591
17.55,10,199.368042
3.05,132,199.683424
14.65,32,199.759641
17.85,4,199.769144
-2.0,1,199.771509
15.75,30,199.842892
-2.05,2,199.847628
15.95,42,199.949289
14.75,30,200.023487
15.8,29,200.094599
16.7,15,200.132451
16.1,23,200.190532
10.0,1,200.193237
-2.0,1,200.19588
17.9,3,200.203764
15.9,23,200.263178
-2.0,1,200.265818
15.95,34,200.357229
16.45,20,200.410705
17.75,6,200.42673
12.6,53,200.567033
14.15,46,200.68609
-2.05,2,200.691411
16.5,15,200.73143
14.85,44,200.848526
10.9,63,201.018628
16.2,21,201.075016
14.8,41,201.184469
-2.0,1,201.187045
-2.1,3,201.195019
17.2,13,201.231746
17.65,8,201.254447
16.1,31,201.342432
-2.35,4,201.353474
-2.0,1,201.356272
-2.1,3,201.364484
16.3,27,201.437993
-2.0,1,201.440551
15.4,29,201.517689
-3.4,9,201.540659
16.7,15,201.580955
-2.0,1,201.583538
10.5,71,201.773887
15.85,28,201.848225
17.5,11,201.876224
9.45,88,207.729211
16.5,19,207.780572
15.4,29,207.859636
17.3,11,207.889637
16.5,27,207.962196
7.95,2,207.967469
-2.1,3,207.975738
16.55,18,208.024259
16.55,22,208.083232
-2.1,3,208.091218
16.45,16,208.13435
17.6,9,208.158434
14.25,40,208.266976
-2.05,2,208.272375
15.3,35,208.370939
16.1,23,208.436873
16.9,19,208.491315
-2.05,2,208.497001
11.65,48,208.635271
-2.6,9,208.660632
16.65,16,208.703641
17.6,9,208.727799
16.9,11,208.757246
17.45,12,208.789323
-2.45,10,208.81564
-2.15,4,208.826304
17.7,7,208.845081
14.85,44,208.96449
16.45,20,209.022777
17.35,14,209.063436
16.95,14,209.103472
4.85,128,209.470744
15.35,30,209.556755
-2.05,2,209.562389
17.5,11,209.593753
-2.0,1,209.59658
17.1,19,209.649498
14.4,37,209.74842
8.0,1,209.751117
-2.0,1,209.753742
16.4,21,209.80845
16.85,12,209.839489
8.65,84,210.062581
16.3,19,210.113216
13.3,51,210.243684
-2.1,3,210.251232
17.4,9,210.27417
-15.65,162,215.98721
17.75,6,216.003262
17.7,7,216.021009
-2.0,1,216.023568
-2.15,4,216.033607
17.45,12,216.063998
12.1,67,216.251854
15.15,26,216.321283
17.35,10,216.348147
17.45,12,216.379962
16.8,13,216.416969
17.25,16,216.461074
17.4,13,216.496744
15.85,28,216.573508
-2.05,2,216.579123
-2.0,1,216.581865
14.85,36,216.683008
16.6,13,216.72001
10.5,79,216.939057
-2.3,7,216.957829
-2.05,2,216.963113
8.0,1,216.965689
10.4,73,217.1579
-2.05,2,217.163239
15.4,25,217.236417
-2.15,4,217.246613
17.6,9,217.269576
-2.15,4,217.280816
15.3,31,217.365729
-17.05,162,217.814216
17.7,7,217.833066
16.9,11,217.862925
17.5,11,217.892843
17.25,12,217.925521
-2.4,5,217.939163
16.5,23,218.003638
5.0,1,218.006508
16.8,17,218.055639
15.4,25,218.124756
17.25,12,218.157194
13.85,40,218.265242
17.2,13,218.300189
7.95,2,218.305564
9.05,100,224.04603
17.45,8,224.065876
17.75,6,224.080877
15.4,33,224.16298
17.45,12,224.191994
17.7,7,224.209738
14.1,39,224.306563
16.8,13,224.338339
15.45,28,224.409259
16.3,23,224.467716
16.75,14,224.502153
17.05,16,224.541922
5.0,1,224.544451
-2.2,5,224.556781
17.0,13,224.588817
13.7,43,224.694937
16.85,20,224.744538
10.25,80,224.942745
15.65,32,225.027218
17.35,10,225.054311
13.45,8,225.075764
15.75,26,225.14455
16.9,15,225.183679
16.95,18,225.232611
-2.15,4,225.24337
17.8,5,225.257035
-2.0,1,225.259626
-2.05,2,225.264918
4.0,141,225.625769
-2.1,3,225.633046
-16.15,200,226.141665
16.6,13,226.175834
-2.55,8,226.19646
-2.1,3,226.204303
5.0,1,226.20702
-2.05,2,226.212402
-2.0,1,226.215005
-20.55,200,232.163266
-16.55,200,232.668116
-18.55,200,233.199746
6.0,1,233.202441
-4.6,33,233.292018
-13.55,200,233.804145
15.7,43,233.917386
6.0,1,233.920059
-13.75,200,234.42676
-16.35,200,240.209462
18.8,17,240.251
-16.35,200,240.751945
-15.15,200,241.256675
-18.15,200,241.745888
9.6,125,242.045289
-2.5,7,242.062066
-18.75,200,248.165473
12.3,91,248.393791
-19.15,200,248.891802
1.05,172,249.303221
18.7,15,249.338791
-2.2,5,249.350589
-2.9,15,249.386436
19.6,9,249.407856
-2.05,2,249.412559
-2.05,2,249.417297
6.9,131,249.893626
-23.95,200,250.505155
-20.35,200,256.462076
11.3,95,256.688388
18.15,26,256.749953
15.65,56,256.882627
19.3,11,256.908674
12.55,102,257.148561
8.9,115,257.427385
18.9,19,257.47297
12.5,107,257.732669
6.15,138,258.071324
18.9,19,258.116579
14.7,59,258.257113
12.1,87,258.464424
-2.1,3,258.471643
-2.0,1,258.474046
18.1,19,258.520305
18.35,22,258.57888
18.25,28,258.651371
19.45,12,258.683584
-2.05,2,258.688922
17.9,31,258.769337
17.75,26,264.529777
12.4,77,264.724714
18.6,21,264.779001
16.1,39,264.899608
-2.2,5,264.914782
18.9,15,264.96034
18.4,21,265.020377
16.95,46,265.145424
12.05,96,265.394105
-2.0,1,265.396602
16.8,33,265.479201
-2.1,3,265.486643
19.4,9,265.509262
15.2,49,265.632787
-2.1,3,265.640218
17.0,49,265.763007
16.25,52,265.893062
18.6,21,265.946084
5.95,2,265.950996
18.85,16,265.990085
19.1,15,266.027786
18.25,20,266.07814
17.5,35,266.164782
-2.35,8,266.184964
17.35,30,266.260133
-2.0,1,266.262588
16.7,35,266.350398
18.1,23,266.405731
18.85,20,266.453177
18.4,17,266.493615
18.55,22,266.546019
18.75,18,266.588969
10.0,105,266.852051
-2.0,1,266.854548
19.6,9,266.877352
15.45,56,267.014647
17.7,31,267.08652
-2.15,4,267.095595
19.25,16,272.521589
17.4,29,272.599683
18.95,18,272.648282
-2.0,1,272.650927
-2.1,3,272.658994
18.5,23,272.726201
19.05,16,272.780054
-2.4,9,272.808633
6.0,1,272.811928
18.55,14,272.856385
7.4,5,272.872287
17.2,25,272.951524
-2.15,4,272.963704
16.55,30,273.05466
-2.0,1,273.057571
7.15,126,273.40092
10.5,83,273.599826
18.75,14,273.633506
19.65,8,273.652638
15.55,66,273.810796
-2.25,6,273.825167
9.35,106,274.078791
19.35,10,274.101278
-2.0,1,274.103526
16.85,36,274.185207
-2.25,6,274.199399
13.0,65,274.35
13.5,67,274.506839
17.35,30,274.57461
-2.3,7,274.591134
17.35,26,274.65296
19.05,16,274.690884
17.05,36,274.773164
18.1,23,274.826187
18.6,13,274.855471
17.65,28,274.924518
9.9,3,274.932053
11.1,75,280.729442
19.1,15,280.766967
-2.05,2,280.771989
15.6,45,280.886151
18.05,20,280.937179
-2.15,4,280.947387
19.5,11,280.975593
19.65,8,280.995855
11.35,86,281.213601
19.2,13,281.246285
17.7,27,281.313604
17.4,25,281.376394
19.2,13,281.409889
11.95,2,281.415135
18.05,24,281.475981
18.1,27,281.544087
17.55,34,281.630299
18.4,21,281.686746
16.65,40,281.795634
-2.0,1,281.798295
-2.05,2,281.803727
17.35,26,281.869
19.35,14,281.902434
18.4,21,281.95828
17.75,30,282.039154
18.65,16,282.079833
-2.1,3,282.087406
14.9,55,282.233413
-2.1,3,282.241499
8.0,1,282.244283
18.0,25,282.309595
-3.0,13,282.344428
6.0,1,282.34725
17.7,27,282.420532
-24.75,200,282.928561
19.5,11,282.955435
-2.25,6,282.970042
18.1,23,283.027547
-2.05,2,283.032322
5.0,1,283.034783
19.6,9,283.057324
19.15,14,283.091546
-2.65,10,283.116508
14.7,59,283.263211
16.1,39,288.975532
9.65,128,289.275782
18.8,17,289.314773
16.15,50,289.434881
18.0,21,289.485179
10.9,95,289.712014
18.1,31,289.789625
-2.6,5,289.802434
-2.05,2,289.807271
16.55,38,289.908558
17.55,26,289.974978
19.55,10,290.000124
5.95,2,290.005196
19.6,9,290.027988
18.25,24,290.089545
12.65,96,290.332889
-2.1,3,290.340476
18.05,24,290.401158
-2.5,11,290.428986
6.0,1,290.431587
10.1,115,290.719416
19.25,12,290.749665
-2.05,2,290.754732
17.5,31,290.83336
19.65,8,290.853752
15.15,50,290.9813
19.1,15,291.019711
-2.05,2,291.024749
18.95,18,291.070494
19.4,13,291.103621
14.7,47,291.223312
-2.1,3,291.230909
18.85,16,291.271627
19.45,12,291.302255
4.1,171,297.241507
18.3,23,297.303052
17.7,23,297.365226
19.7,7,297.3842
-24.45,242,298.137993
-28.05,242,298.746186
-24.85,242,299.355865
-24.05,242,305.511301
-7.45,78,305.711451
-17.45,242,306.324598
-14.05,182,306.783613
-2.3,7,306.802725
-16.45,242,307.433186
-20.25,242,313.480871
-23.65,242,314.099824
-27.05,242,314.714011
-22.25,242,315.33538
-19.65,242,321.500684
-2.1,3,321.508327
-2.65,10,321.533998
5.0,1,321.536793
-1.05,234,322.148446
-2.0,1,322.150906
-0.0,237,322.742464
6.25,168,323.157105
8.0,1,323.159517
5.0,1,323.161898
-21.85,242,323.75191
-21.65,242,329.906337
-2.05,2,329.911721
14.85,100,330.182126
-2.1,3,330.190159
-2.1,3,330.198256
14.35,102,330.474737
21.6,9,330.499065
-21.85,242,331.117845
12.75,98,331.367463
-22.05,242,331.977964
-24.45,242,338.137019
11.55,102,338.394374
13.65,96,338.632666
-2.1,3,338.64018
-14.9,123,338.940541
-26.65,242,339.541071
-30.05,242,340.141797
14.75,94,346.094698
17.25,64,346.252321
-2.15,4,346.261847
-2.05,2,346.266846
16.2,49,346.390748
-2.2,5,346.403402
5.7,191,346.893223
-2.05,2,346.898539
19.55,34,346.989948
18.95,26,347.060021
15.6,77,347.268327
-2.25,6,347.284555
-23.05,242,347.925647
-2.3,7,347.944564
-2.2,5,347.958041
16.6,61,348.111634
6.85,164,348.526803
20.0,29,354.050244
16.2,61,354.200772
20.95,14,354.236347
17.5,63,354.393647
7.75,174,354.831702
-2.15,4,354.841544
20.1,19,354.888504
6.6,173,355.316651
6.0,1,355.319191
19.25,40,355.418757
21.05,20,355.469171
-22.85,242,356.08513
6.0,1,356.087723
-19.45,242,362.359503
-2.0,1,362.361981
12.35,102,362.62125
19.9,27,362.690249
15.85,68,362.858774
7.95,2,362.863661
21.7,7,362.880614
3.8,177,363.332927
5.95,2,363.338067
17.85,52,363.47068
-2.1,3,363.478233
18.85,44,363.590247
18.7,35,363.679474
18.65,44,363.791518
16.75,54,363.926374
16.3,75,364.110411
16.8,57,364.253492
20.8,17,364.297032
21.05,20,364.347879
-2.0,1,364.350393
18.7,35,364.439444
21.45,12,364.47028
20.35,26,364.536998
17.9,43,364.646035
-31.45,242,371.01088
21.25,12,371.03964
7.7,151,371.400739
20.5,19,371.446367
18.45,52,371.571454
21.4,13,371.602592
7.9,23,371.657398
11.15,118,371.937832
15.5,59,372.077965
20.15,22,372.130451
-2.1,3,372.137605
20.3,23,372.192407
-21.65,242,372.774246
-2.05,2,372.779255
-2.6,9,372.801849
9.3,99,373.051119
-2.15,4,378.697239
5.0,1,378.699799
21.6,9,378.721242
3.35,214,379.222294
9.85,4,379.231278
20.95,18,379.27179
-2.0,1,379.274003
-2.0,1,379.276265
-2.0,1,379.278509
-2.0,1,379.28078
20.25,24,379.334733
19.6,25,379.392714
20.85,20,379.439548
18.1,43,379.53945
-2.25,6,379.553572
-2.25,6,379.567745
19.35,26,379.628986
14.25,76,379.836226
19.5,35,379.936561
-2.0,1,379.939292
18.6,41,380.058427
18.35,38,380.166149
21.3,15,380.207953
-25.1,183,380.687466
17.95,42,380.793699
1.05,232,386.959343
19.25,24,387.014764
21.1,15,387.050778
20.15,26,387.11349
19.05,32,387.193514
-2.4,9,387.218932
19.65,32,387.325313
19.0,45,387.495797
-2.0,1,387.500731
21.2,13,387.551773
-2.05,2,387.559005
-2.85,14,387.611421
-2.0,1,387.61521
18.1,35,387.745115
-2.0,1,387.748533
21.5,11,387.78639
20.3,23,387.864281
21.4,13,387.90265
-2.0,1,387.905503
20.5,23,387.967839
6.15,90,388.198435
-2.0,1,388.200945
-2.1,3,388.208513
21.45,12,388.237788
21.3,15,388.274926
20.0,25,388.338784
-2.05,2,388.343608
21.45,12,388.373827
-2.05,2,388.378675
19.45,28,388.449119
16.15,50,388.57543
7.6,129,388.911707
17.7,47,389.029849
20.35,14,389.064687
-26.05,242,395.350659
21.3,15,395.385192
-2.05,2,395.389588
-2.15,4,395.398686
-2.0,1,395.401
17.1,59,395.541759
11.55,6,395.556224
19.0,41,395.652315
-2.1,3,395.659545
17.35,58,395.798438
-2.05,2,395.803193
-2.15,4,395.81282
20.9,15,395.850345
-3.7,15,395.889102
-3.4,13,395.922692
20.0,25,395.987049
19.75,30,396.062887
20.8,17,396.106506
18.05,44,396.21567
-2.15,4,396.22596
-2.2,5,396.238432
19.2,33,396.323236
-2.0,1,396.325659
21.35,14,396.361883
19.55,26,396.43058
21.1,15,396.471461
20.05,24,396.536536
20.75,22,396.594802
20.7,15,396.635529
21.35,14,396.673514
21.55,10,396.700815
-2.25,6,396.717053
-22.85,242,397.3715
21.35,14,397.409545
-2.05,2,397.414913
-3.7,15,397.455802
12.7,87,397.693045
21.5,11,397.723384
21.55,10,397.750922
21.15,10,397.778488
-2.5,7,397.797646
6.0,1,397.800442
21.35,10,397.827775
21.25,16,397.87166
20.6,21,397.929163
-2.6,9,397.953957
20.7,15,397.994781
6.0,1,397.997523
5.95,2,403.601196
20.25,24,403.666667
21.7,7,403.685138
20.4,17,403.730744
20.6,21,403.788106
21.4,13,403.823546
19.95,30,403.90519
21.45,12,403.936714
-2.15,4,403.947571
-2.15,4,403.958524
19.8,25,404.026825
21.55,10,404.053326
20.4,21,404.111841
11.9,3,404.119982
19.95,26,404.188343
-2.15,4,404.198647
20.45,20,404.250629
7.95,2,404.256063
17.6,53,404.398962
21.25,12,404.430827
-2.05,2,404.436196
20.6,21,404.493118
21.5,11,404.522945
19.05,32,404.608783
19.65,32,404.695689
14.0,89,404.936386
19.6,25,405.002186
21.4,9,405.025429
20.9,15,405.06447
20.2,25,405.129311
19.75,26,405.196823
21.05,20,405.248723
20.05,36,405.343981
-2.0,1,405.346543
21.1,15,405.387748
-2.0,1,405.390438
20.9,15,405.431301
20.6,21,405.487593
21.25,12,405.520157
-2.45,10,405.546931
20.4,21,405.602304
21.35,14,405.639693
9.4,105,405.915156
-2.0,1,405.917717
-2.1,3,405.925412
21.2,17,405.969343
21.2,13,406.00297
20.85,16,406.044265
20.45,20,406.095964
21.5,11,406.124254
-3.55,20,406.176375
-2.15,4,406.186692
19.75,30,406.264049
-2.05,2,406.269146
7.95,2,406.274396
21.55,10,406.300193
-2.1,3,406.307887
20.45,20,411.999027
18.3,39,412.101419
20.8,17,412.148078
20.25,16,412.191842
15.25,64,412.358143
16.35,50,412.487585
19.75,30,412.569076
21.25,12,412.602469
17.75,54,412.75041
-2.2,5,412.76401
20.0,25,412.832253
20.15,18,412.881161
-2.2,5,412.894716
20.9,19,412.946364
21.65,8,412.968217
10.25,156,413.394849
-2.55,4,413.405901
20.75,18,413.455637
17.6,33,413.546609
19.85,24,413.612172
-2.1,3,413.620309
20.2,25,413.688329
18.4,41,413.800071
21.35,10,413.826213
18.95,38,413.925106
-3.8,17,413.971167
19.95,26,414.041779
-30.75,288,420.319891
-2.2,5,420.332547
-2.0,1,420.335076
-29.35,288,421.043802
13.55,106,421.309255
-33.15,288,422.042862
-28.15,288,422.790129
15.25,8,428.207534
-21.15,288,428.880368
-2.95,12,428.909069
-22.15,288,429.598032
-23.35,288,430.313333
-24.95,288,436.350278
-24.75,288,437.063438
-2.6,9,437.086161
-19.4,185,437.550466
-22.75,288,438.309309
-24.95,288,444.555435
-26.95,288,445.290981
-29.75,288,446.056815
-25.75,288,452.374591
5.0,1,452.37701
16.05,92,452.608094
-2.2,5,452.620609
-26.75,288,453.412275
10.7,183,453.861584
-2.9,11,453.889513
-2.15,4,453.89962
-27.35,288,454.62649
9.95,2,454.631603
-26.15,288,460.904834
21.7,27,460.978603
-2.3,7,460.997732
4.55,202,461.540045
20.9,31,461.624964
-32.95,288,462.390181
18.9,39,462.495152
8.0,1,462.498034
22.15,22,462.554972
-2.0,1,462.557614
-26.55,288,468.829379
-2.0,1,468.831941
11.65,136,469.179608
-35.15,288,469.94657
-25.95,288,470.693675
-4.2,21,470.74753
-29.95,288,477.340585
-2.2,5,477.352354
7.95,2,477.357176
-3.2,9,477.378491
17.35,70,477.549639
12.1,143,477.91982
16.0,89,478.137207
20.3,51,478.261487
13.75,82,478.460593
18.2,73,478.648469
20.5,39,478.743116
-2.2,5,478.755706
21.3,31,478.833918
8.0,1,478.836502
8.7,167,479.250938
21.7,31,479.324982
-24.35,288,485.727307
22.9,19,485.772365
19.85,48,485.886128
22.3,23,485.944227
15.6,93,486.178318
-2.4,9,486.200964
23.5,11,486.229545
-28.35,288,486.923245
23.25,12,486.952189
15.7,83,487.162792
21.85,32,487.244973
-2.05,2,487.250077
18.85,64,487.413538
-0.3,251,493.661567
-2.05,2,493.666177
-29.55,288,494.408542
-2.15,4,494.418614
-2.15,4,494.428757
19.1,51,494.557692
19.75,50,494.680174
19.5,59,494.828323
9.8,165,495.268048
-2.1,3,495.276049
18.4,65,495.451346
23.55,10,495.478117
21.55,34,495.568475
22.3,23,495.626172
2.9,223,496.182166
-3.65,14,496.217247
21.2,41,502.245562
22.35,26,502.307097
22.65,20,502.354411
10.05,128,502.66251
22.95,14,502.69813
-2.05,2,502.703206
-2.45,10,502.728536
9.95,150,503.081894
22.05,28,503.147556
6.0,1,503.149927
18.4,57,503.286025
-24.35,288,503.989461
5.0,1,503.991858
-2.05,2,503.996573
9.6,137,504.336202
21.25,24,504.396882
21.2,33,504.479699
12.85,120,510.585234
14.05,112,510.867841
21.5,39,510.966418
22.0,37,511.059996
19.0,65,511.227141
21.25,36,511.318725
21.6,25,511.382321
-2.4,9,511.405214
22.8,17,511.448522
23.35,14,511.484265
21.15,42,511.588928
2.6,257,512.233193
21.0,41,512.337351
21.95,26,512.403082
22.1,31,512.481119
16.95,62,512.638254
-2.35,8,512.65871
22.35,22,512.720485
21.75,26,512.815766
-2.0,1,512.819524
-2.05,2,512.827081
23.3,15,512.881576
18.05,60,513.048789
20.2,45,518.77643
7.95,2,518.78107
19.95,38,518.872953
7.7,175,519.292557
14.8,105,519.544896
-2.05,2,519.549767
21.35,30,519.627205
23.5,11,519.655703
22.4,21,519.709636
-2.25,6,519.725124
-2.6,13,519.758541
-2.0,1,519.761214
-2.0,1,519.763834
22.95,14,519.800066
22.9,19,519.849067
18.35,70,520.025411
-30.35,288,520.759194
19.9,51,520.896334
20.75,42,521.00962
19.9,43,521.125981
14.7,115,527.210312
20.8,45,527.322726
21.85,24,527.382681
22.9,19,527.428045
23.05,12,527.458174
21.3,35,527.545605
-2.35,8,527.565894
-2.05,2,527.570903
15.9,3,527.578513
22.55,26,527.642405
13.05,80,527.836027
19.55,46,527.946496
-2.1,3,527.95404
23.15,14,527.989388
21.55,30,528.062726
22.55,22,528.118402
22.65,24,528.179336
23.2,13,528.212276
-2.0,1,528.214736
22.3,23,528.272221
-2.0,1,528.274627
21.8,33,528.35806
20.55,42,528.463411
-2.0,1,528.465926
20.5,47,528.583742
13.0,133,528.916605
16.5,87,529.126561
19.3,51,529.254898
23.2,17,529.297142
-2.85,14,529.331457
20.7,39,529.427979
11.3,147,535.35318
22.5,19,535.398368
-2.15,4,535.407984
22.45,20,535.453283
22.75,18,535.494321
23.1,19,535.537159
20.65,44,535.641083
-2.15,4,535.650639
16.5,79,535.839375
23.5,11,535.86546
-2.15,4,535.87497
-2.0,1,535.877334
5.0,1,535.879778
-2.0,1,535.882086
22.35,18,535.925045
19.15,54,536.053463
23.1,15,536.089211
-2.0,1,536.091562
-2.7,11,536.117918
23.1,15,536.15437
-2.65,10,536.178191
21.55,42,536.284346
-2.3,7,536.302431
22.25,32,536.384522
22.1,27,536.453059
21.3,31,536.532087
22.2,29,536.606564
7.8,5,536.619515
21.15,42,536.724357
20.8,37,536.813567
-2.1,3,536.82072
21.15,30,536.892922
-2.2,5,536.905239
-2.1,3,536.912423
-48.15,288,537.652081
22.25,32,537.733666
-2.05,2,537.738447
-2.15,4,537.748233
-3.2,13,543.534471
22.9,19,543.58256
-2.0,1,543.585068
21.15,34,543.669336
22.75,22,543.724903
-2.0,1,543.727533
7.95,2,543.7329
18.95,46,543.850279
-2.05,2,543.855406
19.35,50,543.98123
-2.05,2,543.986223
22.4,21,544.039263
12.95,110,544.312619
23.05,16,544.352871
22.15,26,544.419456
23.15,18,544.46314
22.5,23,544.520739
22.05,28,544.590059
22.85,20,544.640422
8.0,1,544.642861
20.4,45,544.755276
23.3,11,544.782039
23.4,13,544.813731
-2.0,1,544.816436
-2.0,1,544.819058
23.5,11,544.848198
22.1,27,544.92455
23.05,16,544.971789
23.2,17,545.021351
-2.35,8,545.044949
-2.3,7,545.065539
6.0,1,545.068592
-2.05,2,545.074458
23.15,14,545.116065
23.1,15,545.160459
-2.5,7,545.180258
-32.35,288,545.979166
-3.0,13,546.013317
20.0,57,546.167691
-2.65,6,546.183879
20.2,45,552.14923
23.15,14,552.187501
23.4,13,552.221571
23.3,15,552.262981
-2.05,2,552.268575
23.6,9,552.293656
23.5,11,552.323994
13.8,5,552.337868
23.4,13,552.374014
10.55,110,552.67365
21.5,27,552.748173
23.05,16,552.792461
13.8,5,552.806206
21.85,32,552.894766
-2.05,2,552.900122
19.4,37,553.002496
15.25,96,553.263216
-2.25,6,553.279387
12.55,90,553.530587
-2.5,11,553.561026
-2.4,5,553.574852
20.9,43,553.693738
19.9,43,553.814268
16.5,59,553.994031
22.35,22,554.053326
20.6,37,554.151793
20.7,47,554.276029
22.25,24,554.34115
22.35,22,554.401652
20.8,49,554.532923
20.9,35,554.62816
9.9,3,554.636445
20.75,42,554.747169
21.9,23,554.807748
20.55,50,560.587369
22.7,19,560.636668
22.3,19,560.686521
20.3,51,560.820621
22.45,24,560.883571
21.25,36,560.977588
22.5,19,561.027241
13.95,2,561.032467
23.25,12,561.063946
-2.15,4,561.074292
21.4,29,561.149253
-3.15,16,561.190333
23.3,15,561.231617
5.95,2,561.23723
-2.05,2,561.242836
-2.05,2,561.248288
6.0,1,561.250978
22.9,23,561.31577
-2.0,1,561.318626
22.4,29,561.404361
21.4,37,561.514251
20.3,43,561.638341
21.85,28,561.72058
21.8,29,561.805927
15.9,83,562.040648
19.55,50,562.181176
22.3,19,562.234828
-3.0,13,562.271584
22.6,21,562.331017
14.2,109,562.636098
23.6,9,562.659784
23.5,11,562.688586
15.3,59,562.844481
22.9,19,562.896798
-2.15,4,562.907969
12.65,100,563.182164
20.9,39,563.290393
22.85,16,563.334973
-2.1,3,563.343272
22.8,21,569.097576
22.35,26,569.168869
22.35,18,569.217478
7.95,2,569.222902
20.25,48,569.354938
23.1,15,569.396345
22.6,21,569.453419
22.9,19,569.504623
5.95,2,569.50996
23.0,17,569.555452
10.3,123,569.900429
23.45,12,569.934206
23.3,15,569.977756
-2.15,4,569.989559
22.6,21,570.05183
22.2,25,570.122309
18.25,48,570.269229
-2.0,1,570.271977
-2.8,13,570.307657
17.85,4,570.318395
-2.8,17,570.363977
-2.05,2,570.369414
19.4,49,570.502902
-31.05,338,571.404547
-32.65,338,577.907916
17.1,99,578.142905
-2.3,7,578.158798
-25.05,338,578.960094
-2.45,6,578.974532
-0.75,332,579.794178
24.95,22,579.846795
-2.25,6,579.861196
-30.45,338,586.233928
-28.45,338,587.040349
-24.25,338,587.917283
-37.85,338,594.321249
-29.45,338,595.113002
-27.85,338,595.967837
-30.05,338,602.770042
-2.45,6,602.785317
-1.8,269,603.432438
-2.45,10,603.457846
-31.85,338,604.296776
-33.05,338,610.685713
-3.2,13,610.72064
21.4,53,610.862551
11.75,134,611.213898
-34.05,338,612.048372
7.75,218,612.596453
-2.35,8,612.617854
17.7,115,618.661998
6.0,1,618.664276
-29.45,338,619.474955
-41.25,338,620.310942
-35.25,338,626.905054
19.8,65,627.064901
-31.85,338,627.931211
1.35,206,628.480595
17.2,93,628.723689
-0.3,291,635.257366
17.6,93,635.471476
25.2,13,635.500257
-2.25,6,635.513494
-2.05,2,635.517923
18.2,85,635.719011
2.65,308,636.468032
-2.05,2,636.472714
19.65,68,636.634314
21.85,56,636.773081
11.2,149,637.153196
-2.05,2,637.158235
-2.4,5,637.170935
-2.4,5,637.183847
23.05,36,637.275665
9.2,217,643.499658
-2.0,1,643.501975
-2.1,3,643.509099
10.0,1,643.511559
23.7,35,643.593241
-2.1,3,643.599983
23.6,29,643.66538
6.0,1,643.667754
16.85,96,643.898556
17.05,84,644.101271
-31.45,338,644.953912
25.15,18,644.998225
-2.1,3,645.005706
-2.85,10,645.030106
13.0,141,645.372038
16.65,104,645.636978
21.2,61,645.801748
18.35,82,651.816696
-2.45,10,651.841873
14.7,79,652.040138
23.5,27,652.107723
-2.4,5,652.119616
14.0,153,652.489843
-2.35,8,652.510082
-2.0,1,652.512644
-2.05,2,652.517842
25.1,19,652.566235
23.55,30,652.642267
5.95,182,653.113932
-2.25,6,653.12997
24.75,22,653.189217
24.65,24,653.250293
18.0,89,653.468186
-30.05,338,660.209383
24.55,22,660.265207
19.95,70,660.438967
18.9,87,660.650303
21.85,48,660.764774
23.2,29,660.83804
22.8,49,660.957435
8.0,1,660.960022
17.6,93,661.186134
-34.05,338,662.025831
20.0,85,662.234946
20.0,81,662.431707
-2.1,3,662.43926
22.75,46,662.555729
25.8,5,662.567665
-2.05,2,662.57244
-2.0,1,662.574914
21.6,61,668.505116
-2.25,6,668.519822
17.55,106,668.766787
12.15,146,669.133229
-2.2,5,669.145817
23.15,38,669.240292
24.05,28,669.311176
-32.25,338,670.147388
24.25,28,670.218122
19.7,67,670.391634
-2.0,1,670.394178
24.4,25,670.457241
14.15,118,670.760828
20.4,65,670.93213
-2.3,7,670.949884
24.15,30,671.028878
25.0,21,676.763654
22.6,41,676.866153
24.15,22,676.920781
-2.05,2,676.925685
19.6,77,677.120563
22.85,44,677.228945
21.65,44,677.339771
21.7,51,677.467832
21.95,50,677.5947
24.15,22,677.650446
18.85,84,677.852895
-2.05,2,677.857901
22.9,35,677.960028
-2.0,1,677.963069
23.7,31,678.050931
24.0,25,678.120288
24.9,19,678.178032
-2.1,3,678.186699
-2.2,5,678.202327
25.3,15,678.245601
24.15,26,678.319487
17.0,105,678.590009
-2.05,2,678.594948
22.35,46,678.710946
24.35,26,678.774144
-2.15,4,678.783863
21.2,49,678.907413
13.4,153,679.289679
-2.3,7,679.306334
22.05,52,685.224124
22.75,50,685.349936
15.95,106,685.617298
24.55,22,685.672912
-3.4,9,685.695269
24.7,15,685.73316
7.95,2,685.738177
-2.85,10,685.763322
22.9,47,685.88208
-2.25,6,685.897338
24.6,21,685.950551
19.85,60,686.101457
-2.0,1,686.103897
24.15,30,686.175893
19.5,63,686.326468
24.8,21,686.376808
20.45,64,686.530463
24.8,17,686.571871
23.45,36,686.662734
-4.1,15,686.700549
23.1,39,686.799906
18.8,69,686.972793
23.2,33,687.052492
-2.2,5,687.064381
-0.0,237,687.640753
-30.05,338,694.312394
22.75,34,694.403631
25.5,11,694.43291
-2.75,12,694.465018
-4.5,331,695.34507
-2.05,2,695.350056
16.1,99,695.601209
6.0,1,695.603735
20.45,72,695.792722
23.4,33,695.878415
21.9,55,696.025771
22.9,47,696.151881
24.6,21,702.16607
-2.0,1,702.168473
-2.45,10,702.19331
21.6,45,702.306429
24.7,23,702.364762
24.8,21,702.415443
-5.45,30,702.486682
24.05,32,702.566876
24.55,18,702.612219
21.45,44,702.723399
20.6,77,702.911398
23.45,28,702.978453
24.55,22,703.034005
24.25,24,703.094579
24.3,23,703.153049
-2.0,1,703.155518
21.1,55,703.294524
-2.2,5,703.306414
-2.25,6,703.320603
24.55,26,703.383
24.6,25,703.445565
24.4,25,703.508134
23.5,35,703.592483
-2.0,1,703.594826
24.75,18,703.637722
-2.25,6,703.652253
22.65,36,703.738171
19.9,75,703.917043
25.1,15,703.953146
7.95,2,703.958221
7.7,3,703.965867
8.0,1,703.968418
9.75,2,703.973467
24.3,19,704.021016
-2.7,11,704.048766
25.1,19,704.094958
23.95,30,704.167568
10.5,135,704.496051
5.95,2,704.500922
24.8,21,704.553603
7.95,2,704.558619
25.3,15,704.596207
6.0,1,704.598694
17.15,106,710.471261
-28.45,338,711.292743
-2.1,3,711.299528
20.6,57,711.434573
25.45,12,711.464087
21.05,52,711.596892
21.1,59,711.741449
23.45,32,711.822968
23.65,44,711.929218
23.55,38,712.016813
19.25,84,712.214369
23.95,22,712.268393
24.9,15,712.305809
23.85,28,712.373082
-2.3,7,712.389749
22.4,33,712.468654
24.2,29,712.54151
23.6,33,712.623499
-2.35,8,712.643631
-2.5,7,712.661229
21.05,52,718.552756
20.05,52,718.676818
18.85,80,718.876178
-2.2,5,718.889767
23.6,29,718.967967
23.75,34,719.059474
-2.0,1,719.062127
19.45,80,719.276165
20.5,71,719.466509
13.75,134,719.812978
24.6,17,719.853369
18.2,85,720.068176
23.05,32,720.149489
6.0,1,720.152026
11.95,2,720.157097
-2.0,1,720.159785
21.0,49,720.289306
22.0,45,720.405693
6.0,1,720.408208
24.35,22,720.463056
24.4,29,720.532528
23.4,33,720.613309
23.75,22,720.671484
14.7,111,720.969779
-2.1,3,720.977731
22.2,37,721.078545
24.75,18,721.127586
21.1,55,727.053882
20.55,54,727.203965
5.0,1,727.206733
20.25,88,727.444858
-2.0,1,727.44734
23.45,32,727.527426
24.8,17,727.569558
25.1,19,727.616797
24.05,32,727.69662
25.05,16,727.736648
24.8,25,727.799148
24.85,20,727.84901
-2.25,6,727.863929
25.2,17,727.906445
24.05,24,727.966538
24.95,22,728.021581
24.15,22,728.076792
18.35,78,728.282264
23.9,27,728.354024
24.8,17,728.399538
25.05,16,728.441733
-2.05,2,728.446995
24.25,28,728.52435
-2.15,4,728.535534
24.0,25,728.604168
6.0,1,728.606912
-2.1,3,728.615401
24.9,19,728.667905
25.05,20,728.724099
1.05,208,729.294301
-2.05,2,729.299699
22.95,38,729.403248
24.7,27,729.47809
24.6,17,729.522986
23.75,30,729.602405
22.1,51,735.518783
-3.85,26,735.589898
-2.35,8,735.610919
5.95,2,735.616342
25.25,12,735.648224
11.9,3,735.65618
24.05,32,735.744264
23.9,23,735.804929
24.2,33,735.894498
24.1,23,735.959638
25.25,12,735.993403
-9.9,43,736.114138
23.15,30,736.198647
21.65,60,736.367142
21.6,73,736.573048
-2.1,3,736.581444
21.8,53,736.732801
24.45,28,736.817873
22.55,42,736.938653
24.2,29,737.018926
24.0,21,737.074742
-2.05,2,737.079964
23.4,33,737.172615
-2.05,2,737.178158
24.85,16,737.224436
-2.7,15,737.269078
25.3,15,737.3139
25.45,12,737.348852
23.25,44,737.478715
19.85,60,737.646442
24.55,18,737.69422
-45.95,392,744.430148
-35.35,392,745.422058
-32.75,392,746.425517
-33.35,392,752.841515
-2.1,3,752.84899
-31.35,392,753.797273
-26.55,392,760.253891
-32.15,392,761.124836
-35.95,392,762.0478
-36.95,392,768.566609
-32.35,392,769.535006
-31.75,392,776.036132
-36.75,392,776.977721
-2.1,3,776.984498
-38.75,392,777.944368
-6.9,379,784.593746
5.0,1,784.596478
-2.15,4,784.607373
-41.75,392,785.570508
-36.15,392,786.550918
-2.15,4,786.560991
-42.35,392,793.317116
-2.0,1,793.319587
-1.6,245,793.924764
-32.35,392,794.896055
-2.3,7,794.913989
16.1,119,801.279258
22.95,58,801.426786
-40.15,392,802.365834
-40.55,392,803.319415
-2.35,8,803.339367
1.15,266,809.950779
-2.35,8,809.969715
-2.2,5,809.981737
10.0,1,809.984175
-2.0,1,809.98649
12.95,182,810.428611
8.95,202,810.9179
-3.5,19,810.962816
18.5,103,811.209095
24.7,47,811.322029
18.0,125,811.636384
-41.15,392,818.574629
-44.15,392,819.556279
24.7,39,819.653739
-35.35,392,826.637071
-9.55,64,826.798517
-2.0,1,826.801069
11.9,191,827.346626
-2.6,9,827.373443
3.85,276,828.113148
26.0,25,828.178646
27.0,17,828.221881
-43.35,392,829.176214
-2.1,3,829.183383
20.7,91,835.481348
-2.25,6,835.496413
24.9,47,835.611496
-2.0,1,835.613946
-2.25,6,835.629205
22.85,64,835.787203
20.75,82,835.990465
0.25,296,836.727884
-2.85,10,836.752814
-34.15,392,837.739865
1.1,299,844.412493
18.35,106,844.6842
24.3,51,844.819828
-2.05,2,844.825282
25.7,35,844.919468
-2.0,1,844.921979
-3.55,16,844.963967
17.65,128,845.291649
15.85,160,845.700272
-35.15,392,852.653408
-2.0,1,852.655753
26.15,30,852.726534
-2.2,5,852.738324
10.7,199,853.232696
11.9,3,853.24034
-2.8,17,853.28226
12.1,191,853.726654
20.3,95,853.951571
18.15,106,854.20194
18.9,119,854.499779
-2.1,3,854.507285
24.75,46,854.623096
23.85,52,854.752993
27.1,19,854.800387
19.15,82,860.90477
-4.15,28,860.975294
27.25,16,861.014696
21.65,88,861.239677
21.2,77,861.435174
25.85,28,861.505153
23.45,56,861.642392
-2.0,1,861.644789
-2.0,1,861.64729
13.35,158,862.037486
-3.7,283,862.784134
-2.05,2,862.789459
8.0,1,862.792219
25.7,31,862.87085
-2.15,4,862.88109
-2.05,2,862.886157
22.65,68,863.058337
-2.05,2,863.06343
22.2,77,863.261399
1.85,292,870.018456
25.0,41,870.116139
-2.0,1,870.118546
7.9,3,870.125833
25.0,41,870.227272
21.75,78,870.424207
24.75,46,870.539951
-2.2,5,870.551914
-2.0,1,870.554321
-2.0,1,870.556724
-8.05,374,871.473178
13.65,144,871.826322
22.95,62,877.820421
26.35,30,877.89601
24.2,49,878.014705
21.75,74,878.190998
24.6,49,878.309668
20.55,82,878.516656
18.4,117,878.807818
-3.2,13,878.839564
24.15,46,878.955248
23.7,55,879.093276
26.55,18,879.138502
25.85,36,879.228973
24.15,46,879.344159
24.0,37,879.436422
23.25,72,879.617435
16.7,143,879.976854
24.25,60,880.128072
-2.45,6,880.143098
-2.0,1,880.145644
22.35,66,880.311273
24.15,54,886.36322
22.0,69,886.536717
-19.85,126,886.853484
-2.4,9,886.876289
20.05,92,887.107967
26.7,19,887.153298
5.0,269,887.829104
24.0,49,887.952513
5.0,1,887.955006
21.1,59,888.096647
13.9,95,888.322309
-2.05,2,888.326977
-2.0,1,888.329391
19.05,84,888.530757
25.75,38,888.62266
26.5,27,888.68824
-2.15,4,888.698255
26.45,24,888.758989
22.05,64,894.597314
26.75,18,894.640688
25.85,36,894.727065
26.3,23,894.782218
24.85,40,894.881142
24.95,46,894.99323
18.05,132,895.315551
-2.6,13,895.348378
7.7,251,895.965598
24.25,48,896.082838
17.95,98,896.321383
-2.1,3,896.329008
26.85,16,896.368458
-2.05,2,896.373426
-2.7,7,896.391136
24.8,45,896.498731
-2.8,9,896.521367
25.6,37,896.614435
26.55,18,896.659969
25.85,28,896.730735
25.15,34,896.817214
-3.25,14,896.852959
23.2,53,896.988619
25.45,40,903.226954
7.95,2,903.232183
-2.05,2,903.237317
26.2,25,903.301836
25.35,34,903.386947
-2.15,4,903.396645
-2.05,2,903.401461
-11.5,51,903.525671
23.0,41,903.625448
-7.25,42,903.729564
21.45,76,903.926936
20.25,88,904.148086
26.65,28,904.216968
24.2,53,904.346712
24.7,47,904.461565
-2.05,2,904.466381
-3.3,15,904.503119
22.65,76,904.697746
24.15,46,904.81147
-3.75,24,904.871652
21.3,67,905.041839
23.5,51,905.172738
22.1,59,905.325244
26.85,20,905.376527
22.5,59,905.529718
-2.0,1,905.53221
-2.25,6,905.547731
-2.0,1,905.550284
27.15,18,905.593249
12.35,122,911.596878
24.9,31,911.671329
25.35,30,911.743101
-2.1,3,911.750608
24.25,44,911.861829
19.85,96,912.10362
25.75,30,912.17879
25.55,30,912.252108
22.3,75,912.446521
16.3,139,912.804428
26.25,28,912.879188
-2.05,2,912.884558
24.25,52,913.021934
24.25,40,913.127327
-2.05,2,913.132034
18.0,125,913.440689
23.25,64,913.60032
-2.05,2,913.605318
19.55,94,913.836848
-3.3,347,920.919363
19.6,93,921.158813
25.8,29,921.230891
22.2,65,921.408833
25.35,34,921.50047
14.8,145,921.870345
-2.0,1,921.872804
24.7,47,921.991863
25.85,32,922.074101
22.75,62,922.23402
24.8,45,922.352781
25.5,27,922.424644
13.85,168,928.765628
17.9,135,929.080102
24.95,30,929.151482
24.85,32,929.226065
20.4,69,929.39327
24.1,55,929.531988
24.95,38,929.627257
25.1,35,929.71489
-2.0,1,929.717383
-2.05,2,929.722428
23.85,44,929.831714
23.6,49,929.957699
-2.65,6,929.973724
22.2,77,930.178315
24.6,45,930.290022
23.6,53,930.418155
25.8,33,930.519055
25.55,26,930.598415
23.45,52,930.746341
26.55,18,930.799196
23.4,69,930.992977
-2.25,6,931.009038
23.25,56,931.155959
26.25,20,931.209626
5.0,1,931.212374
26.55,22,931.27085
18.25,96,937.40949
20.05,76,937.607992
10.9,127,937.929835
-2.0,1,937.93232
23.6,49,938.057257
-2.2,5,938.06919
26.95,22,938.122304
-2.2,5,938.134318
-2.0,1,938.136727
6.8,201,938.618839
23.65,44,938.728504
-2.1,3,938.736083
24.55,34,938.820251
2.25,312,939.60793
9.45,104,945.469641
25.2,37,945.558281
24.05,48,945.673396
21.85,80,945.876148
5.6,25,945.939725
5.7,3,945.947393
22.7,39,946.046474
-2.0,1,946.048985
24.9,39,946.14829
19.7,71,946.328718
25.75,26,946.392613
25.0,29,946.466812
24.45,44,946.583812
22.65,40,946.689607
14.4,49,946.819925
25.15,38,946.931128
26.4,29,947.025675
-2.1,3,947.034647
26.35,26,947.108734
25.6,29,947.191652
26.75,26,947.265923
21.65,64,947.44795
19.85,72,947.65188
26.05,32,947.742703
24.3,35,947.842067
-2.0,1,947.844867
25.75,30,947.932981
26.45,20,947.990986
-2.55,8,948.013819
3.15,158,954.138512
26.75,22,954.200295
24.2,41,954.315589
24.8,45,954.441026
-3.1,7,954.46064
-2.3,7,954.480135
7.9,3,954.488664
-2.0,1,954.491495
23.2,53,954.641057
25.3,31,954.727552
26.3,31,954.811539
24.6,49,954.944124
-2.55,8,954.965441
26.25,28,955.040663
26.2,33,955.129067
-2.8,13,955.163744
23.15,54,955.308687
24.05,48,955.438138
21.05,72,955.636537
25.5,35,955.735162
25.2,37,955.834399
24.25,48,955.969681
21.4,73,956.168232
23.95,46,956.29201
-2.0,1,956.294669
23.05,52,956.434365
25.4,37,956.534023
25.3,31,956.626924
24.55,46,962.612658
25.7,31,962.695769
-2.3,7,962.714217
-2.15,4,962.724873
-2.1,279,963.512999
20.55,86,963.764304
-2.3,7,963.783206
25.8,25,963.852819
19.35,106,964.148245
23.9,43,964.275097
-3.55,12,964.310595
26.75,22,964.373824
8.6,169,964.845141
24.75,38,964.946633
26.55,22,965.005242
26.25,24,965.069953
-2.05,2,965.07533
25.6,33,965.163598
24.85,36,965.25988
12.8,133,971.45455
25.65,32,971.543349
25.7,35,971.639152
-2.0,1,971.641887
-3.0,13,971.675693
13.45,20,971.726118
23.05,52,971.859594
15.55,150,972.258673
-2.0,1,972.26144
27.35,14,972.300776
27.15,18,972.349325
-3.4,13,972.385762
-2.2,5,972.399839
-2.85,14,972.43932
25.5,35,972.536137
26.6,25,972.60638
26.55,22,972.666397
19.1,99,972.935766
19.05,76,973.149789
23.0,57,973.30314
26.65,24,973.367532
27.25,16,973.410155
25.4,29,973.488091
5.0,1,973.49074
27.05,20,973.544344
23.2,61,973.708754
26.1,27,973.780907
22.7,59,973.93855
23.65,48,979.878323
27.2,17,979.92618
-2.8,9,979.951318
26.6,25,980.019848
9.85,4,980.031116
26.35,26,980.104487
24.85,32,980.195001
27.45,12,980.228941
-2.85,10,980.257011
25.5,35,980.355131
-2.1,3,980.363152
26.4,25,980.430993
-2.45,6,980.44681
-2.0,1,980.449632
26.35,22,980.511838
-2.65,10,980.540188
-2.6,13,980.577156
26.1,31,980.664446
-2.0,1,980.667119
25.9,31,980.752174
24.55,42,980.865309
25.8,33,980.957232
26.05,28,981.036888
25.95,30,981.126067
25.0,37,981.237433
23.3,67,981.438807
26.6,21,981.501261
26.2,33,981.6001
25.55,30,981.689523
26.2,25,981.76261
14.7,139,982.155974
-2.05,2,982.161888
18.6,93,982.435408
25.45,28,982.522121
25.95,26,982.602821
-44.75,392,989.538666
24.55,34,989.628157
26.85,20,989.681348
16.2,101,989.94816
24.3,43,990.061563
26.65,20,990.115791
26.9,23,990.18036
-2.2,5,990.194468
-2.0,1,990.197266
18.7,87,990.445972
24.25,40,990.566617
19.8,73,990.78722
22.0,65,990.971821
26.85,24,991.036205
25.55,26,991.108958
25.1,35,991.209154
27.55,10,991.238102
-2.2,5,991.252594
24.6,45,991.378854
-2.1,3,991.386964
-2.75,16,991.43102
27.15,18,997.296614
-2.1,3,997.304321
23.6,49,997.439524
27.05,20,997.496445
12.85,8,997.518853
27.45,12,997.551045
-3.0,9,997.575158
-2.5,7,997.593813
7.95,2,997.59921
25.45,36,997.696292
-2.5,7,997.715152
22.2,73,997.911426
-2.2,5,997.924974
22.95,50,998.059653
-2.15,4,998.070459
24.45,44,998.188346
25.55,30,998.269218
25.85,24,998.333926
-2.55,12,998.366117
22.85,60,998.530531
23.15,70,998.728254
10.6,149,999.137661
24.95,34,999.2302
26.65,20,999.286275
24.45,48,999.421155
26.15,22,999.48297
25.75,30,999.566137
23.8,37,999.667141
26.25,36,999.764036
26.1,23,999.825956
25.0,49,999.960325
27.05,16,1000.005136
26.75,22,1000.067076
27.0,21,1005.86696
-2.1,3,1005.875433
-3.0,9,1005.900923
6.55,214,1006.490795
25.95,22,1006.550611
-2.25,6,1006.567461
26.2,29,1006.649195
5.95,2,1006.65482
27.2,13,1006.691438
25.2,41,1006.803626
26.2,29,1006.885266
26.55,18,1006.935743
24.25,36,1007.046129
25.4,29,1007.129938
23.0,57,1007.2937
26.4,25,1007.365643
-2.1,3,1007.37415
24.85,36,1007.474988
-2.1,3,1007.482922
23.5,51,1007.623734
26.55,22,1007.686055
7.1,151,1008.109287
25.3,35,1008.208467
22.35,54,1008.359512
15.55,82,1008.583511
-2.2,5,1008.596856
25.75,26,1008.665718
24.7,47,1014.51885
22.8,61,1014.674144
11.95,2,1014.679194
25.2,41,1014.782375
25.7,35,1014.872564
25.35,30,1014.950201
25.65,36,1015.045845
-2.7,7,1015.064447
15.6,153,1015.466092
23.9,55,1015.620965
26.9,19,1015.674723
19.0,89,1015.915262
24.9,47,1016.044923
-2.2,5,1016.058367
25.1,39,1016.163009
6.15,230,1016.790447
20.8,85,1017.031049
25.3,35,1017.137563
26.5,19,1022.927312
24.55,46,1023.055325
27.2,17,1023.10323
24.3,47,1023.236697
24.95,34,1023.329884
25.0,41,1023.437858
25.4,37,1023.538539
24.1,43,1023.653822
-2.1,3,1023.66188
25.4,41,1023.775682
25.7,31,1023.863491
24.95,30,1023.947891
23.45,56,1024.104631
-2.15,4,1024.11586
13.55,98,1024.391797
26.35,22,1024.453915
-2.25,6,1024.470982
21.35,74,1024.6782
21.9,59,1024.843578
21.3,67,1025.030816
7.9,3,1025.03902
26.5,19,1025.091525
-2.0,1,1025.094321
12.0,149,1025.511271
26.25,20,1025.565421
21.05,96,1031.708526
23.8,45,1031.83469
-2.0,1,1031.837435
26.7,19,1031.890714
23.7,47,1032.022188
-2.5,11,1032.05175
-2.0,1,1032.054669
20.15,78,1032.277734
25.65,28,1032.355251
25.8,25,1032.42623
-2.15,4,1032.437485
24.55,42,1032.555451
-6.0,25,1032.622338
7.9,3,1032.630467
-2.2,5,1032.643832
23.55,54,1032.789442
22.55,58,1032.946326
26.1,31,1033.033702
-2.25,6,1033.049895
5.0,1,1033.052709
26.45,28,1033.129158
27.05,20,1033.184949
25.75,34,1033.278414
26.55,26,1033.351625
23.15,66,1033.536633
25.35,34,1033.630182
25.15,42,1033.743042
22.35,58,1033.89866
27.35,14,1033.936411
26.55,26,1034.007145
22.75,58,1034.170509
23.6,45,1034.294267
17.65,8,1034.316584
-2.05,2,1034.32207
-2.15,4,1034.333499
27.0,17,1034.381504
25.5,27,1034.457206
-2.0,1,1034.459978
25.6,25,1040.298105
25.8,25,1040.369431
24.1,47,1040.501423
24.0,45,1040.626468
22.75,54,1040.776495
25.9,27,1040.84898
27.4,13,1040.883561
-2.8,13,1040.918391
-2.5,7,1040.937142
26.8,21,1040.993458
25.9,27,1041.0764
25.95,34,1041.206462
-2.35,8,1041.237568
-2.25,6,1041.260803
25.85,24,1041.358347
27.1,15,1041.420218
26.85,20,1041.501989
24.25,40,1041.653592
-2.4,5,1041.668833
16.1,143,1042.088061
-2.25,6,1042.105229
26.8,21,1042.165914
23.65,52,1042.317054
26.95,18,1042.367562
25.4,33,1042.458815
5.0,1,1042.461619
20.3,71,1042.660417
-2.2,5,1042.673845
25.35,22,1042.735215
26.65,28,1042.813933
25.8,29,1042.895344
-2.15,4,1042.906629
-2.95,8,1042.928578
23.25,60,1043.092784
25.4,29,1043.173871
6.0,1,1043.176714
-2.4,9,1043.201716
-2.1,3,1043.210158
5.0,1,1043.213063
9.9,3,1043.22149
26.35,30,1043.305567
-2.0,1,1049.036524
24.1,47,1049.167433
24.0,57,1049.322557
7.95,2,1049.328287
-2.05,2,1049.334034
8.6,21,1049.393446
26.1,23,1049.458268
24.55,50,1049.598126
26.7,23,1049.662547
21.55,74,1049.869331
26.3,27,1049.940956
-2.45,6,1049.957166
25.25,36,1050.052875
26.85,16,1050.095347
27.4,13,1050.130405
12.15,102,1050.41035
5.0,1,1050.413176
27.0,21,1050.471402
-2.25,6,1050.487297
26.85,20,1050.54041
24.95,38,1050.642053
17.7,103,1050.917117
25.55,30,1050.997417
26.0,25,1051.066932
17.1,11,1051.098049
27.1,19,1051.149942
-2.2,5,1051.163323
27.35,14,1051.201412
-2.15,4,1051.212651
26.55,30,1051.296361
26.0,25,1051.36651
27.15,18,1051.416855
-3.0,13,1051.451854
-2.3,7,1051.470483
-2.0,1,1051.473274
24.85,44,1051.594145
-2.35,8,1051.616345
-2.2,5,1051.630453
27.45,12,1051.664371
23.0,53,1051.813208
26.7,23,1057.669101
-2.15,4,1057.679562
-2.0,1,1057.682195
26.55,22,1057.739274
23.05,56,1057.885772
25.9,31,1057.966745
27.25,12,1057.99678
26.0,29,1058.069815
24.85,32,1058.155598
26.25,24,1058.217894
23.55,58,1058.37881
16.55,138,1058.765346
26.0,25,1058.835916
-2.35,8,1058.857415
17.65,108,1059.154782
23.25,64,1059.332585
20.95,66,1059.515686
-7.25,42,1059.633305
26.6,21,1059.6914
24.8,37,1059.790344
-2.05,2,1059.795641
-2.7,11,1059.82546
-2.55,8,1059.848136
24.0,49,1059.98611
23.45,56,1060.141739
23.4,49,1060.274616
5.95,2,1060.280035
24.1,35,1060.374502
27.0,13,1060.409182
21.25,60,1066.403428
25.75,30,1066.484888
27.6,9,1066.51052
24.25,52,1066.657179
26.25,28,1066.736291
19.3,75,1066.946868
24.9,47,1067.078544
26.0,29,1067.159257
26.75,26,1067.23295
25.6,37,1067.337611
-2.15,4,1067.348836
-2.05,2,1067.354524
26.8,21,1067.413918
-2.2,5,1067.427995
-2.2,5,1067.442308
27.3,15,1067.484753
27.35,14,1067.523942
24.55,50,1067.664397
-2.65,14,1067.703699
18.35,78,1067.923102
24.45,48,1068.053258
21.55,66,1068.230834
-2.2,5,1068.244237
25.5,27,1068.317084
27.1,19,1068.369345
25.95,26,1068.43943
-2.15,4,1068.450612
-2.5,11,1068.482151
-2.2,5,1068.496903
5.95,2,1068.502769
23.55,50,1068.650878
26.85,20,1068.711302
25.1,31,1068.801869
26.45,20,1068.85666
24.8,29,1068.94065
6.0,1,1068.943308
26.35,22,1069.00234
25.05,36,1069.101529
24.95,38,1074.912701
25.7,31,1074.998042
27.3,15,1075.039111
26.8,21,1075.097606
21.1,67,1075.279887
5.0,1,1075.282709
-2.1,3,1075.291119
26.85,20,1075.346292
-2.0,1,1075.350096
-2.1,3,1075.357357
-51.85,450,1076.485359
-51.05,450,1083.313827
-34.45,450,1084.408792
-2.2,5,1084.420882
-43.95,356,1085.276794
-31.85,450,1091.94828
5.0,1,1091.950654
-2.0,1,1091.953047
-59.45,450,1093.108488
-33.05,450,1099.640748
-38.85,450,1100.744698
-34.85,450,1107.55023
-37.05,450,1108.613581
-34.25,450,1109.762233
-41.25,450,1116.629011
-40.65,450,1117.744536
-41.45,450,1124.638882
13.85,4,1124.648286
-40.45,450,1125.791528
-6.65,422,1132.810306
-39.65,450,1133.91786
11.6,189,1134.380455
-2.1,3,1134.387735
-35.85,450,1141.554423
-2.25,6,1141.569562
-36.45,450,1142.651352
9.95,2,1142.656199
6.85,304,1143.408899
-63.05,450,1150.503026
27.35,46,1150.618307
6.3,259,1151.266002
23.65,84,1151.472314
-38.45,450,1158.602231
-5.8,369,1159.529122
22.45,88,1159.766061
-2.55,8,1159.787629
-2.35,8,1159.809326
2.2,341,1160.714348
-2.95,16,1160.757564
13.65,204,1167.591483
13.75,190,1168.029004
23.7,63,1168.170306
0.5,375,1169.059444
22.8,85,1169.26221
-38.65,450,1176.586904
8.55,262,1177.222765
22.75,106,1177.489586
-2.4,5,1177.502098
25.05,48,1177.623532
28.25,28,1177.693983
9.4,145,1178.054381
9.45,268,1184.880759
8.0,1,1184.88334
24.95,46,1184.999607
-2.05,2,1185.004628
0.3,339,1185.845525
27.75,34,1185.929448
19.45,128,1186.248953
16.3,163,1186.654859
25.55,66,1186.81086
6.35,226,1193.46794
17.25,156,1193.848385
16.8,121,1194.150058
6.9,287,1194.838518
17.75,122,1195.138792
23.3,79,1195.326859
-3.75,20,1195.374993
-2.3,7,1195.39215
-2.1,3,1195.399605
29.0,17,1195.440119
21.45,84,1201.611479
24.55,74,1201.78553
-3.6,29,1201.859107
28.85,20,1201.912582
26.65,36,1201.999254
25.65,52,1202.126618
16.35,190,1202.598186
26.5,43,1202.736477
-2.05,2,1202.741575
-2.4,9,1202.764683
28.2,29,1202.839737
12.1,207,1203.407492
25.0,65,1203.585992
26.0,45,1203.7081
24.75,58,1203.900033
15.45,168,1210.376675
-2.7,7,1210.392829
28.3,27,1210.456972
26.1,47,1210.568241
25.9,51,1210.689203
-2.0,1,1210.69153
-2.05,2,1210.696001
8.0,1,1210.698416
-2.25,6,1210.712536
19.85,128,1211.015329
23.95,86,1211.23176
5.4,241,1211.829225
27.95,26,1211.890787
-3.7,387,1218.87132
-2.0,1,1218.873698
-2.05,2,1218.878468
29.4,13,1218.909781
-2.35,4,1218.919937
-2.1,3,1218.927627
26.95,42,1219.034389
-2.0,1,1219.036949
-2.5,11,1219.064703
-2.0,1,1219.067262
24.45,72,1219.243696
13.85,4,1219.25319
24.55,62,1219.408415
29.5,11,1219.436379
15.05,104,1219.700553
24.2,73,1219.888222
-2.85,10,1219.912277
7.95,2,1219.91715
-2.0,1,1219.919531
-2.05,2,1219.924372
26.55,38,1220.016115
-2.1,3,1220.02333
27.15,38,1220.115194
25.65,52,1220.245719
28.05,32,1220.326632
24.75,62,1220.483294
27.55,34,1220.567195
26.9,43,1220.675063
25.0,61,1220.827307
21.4,105,1221.091784
25.3,55,1221.229995
28.2,29,1221.301623
25.5,51,1227.569114
-2.25,6,1227.584688
27.15,30,1227.660481
24.1,63,1227.819141
26.35,46,1227.935069
13.9,195,1228.426674
27.85,32,1228.511362
29.15,18,1228.55684
-2.15,4,1228.566365
18.75,102,1228.823722
27.65,28,1228.89474
26.85,44,1229.004729
-4.4,21,1229.058139
-2.25,6,1229.074177
-2.05,2,1229.079654
-2.0,1,1229.082372
23.0,73,1229.26816
28.45,20,1229.316971
2.85,268,1229.980211
27.15,38,1230.075397
-2.6,13,1230.108446
26.35,42,1236.048987
26.0,45,1236.153386
5.1,271,1236.816861
21.85,72,1236.99855
-2.2,5,1237.011128
-5.95,432,1238.089094
28.6,25,1238.157363
-2.1,3,1238.165613
23.05,88,1238.406755
-2.1,3,1238.414986
22.85,84,1244.723835
26.35,46,1244.837035
25.65,56,1244.978091
25.45,52,1245.107605
-2.0,1,1245.110092
23.1,79,1245.309825
26.4,53,1245.451245
-3.3,19,1245.502357
27.45,40,1245.604186
3.55,282,1246.32047
9.8,181,1246.793811
24.05,68,1246.961071
27.2,33,1247.039688
25.9,47,1247.156861
24.15,94,1253.001593
28.35,26,1253.06466
26.7,55,1253.195721
26.2,49,1253.316668
24.2,57,1253.457115
14.05,132,1253.780257
-2.4,5,1253.792913
23.7,59,1253.936101
-3.35,20,1253.983961
24.55,54,1254.113222
-2.05,2,1254.117966
19.8,97,1254.369182
-2.15,4,1254.379524
27.75,26,1254.445722
-2.15,4,1254.455858
-2.15,4,1254.46607
-2.5,7,1254.484031
24.05,56,1254.629346
18.2,109,1254.909373
25.6,45,1255.02009
-2.2,5,1255.031959
-2.1,3,1255.039404
14.3,147,1261.47303
-2.45,10,1261.495475
-2.0,1,1261.497695
27.4,33,1261.572019
28.3,27,1261.632374
27.15,38,1261.717924
23.55,90,1261.926791
28.35,34,1262.004156
29.05,16,1262.041601
-2.05,2,1262.046304
8.4,145,1262.392315
-2.1,3,1262.399411
5.0,1,1262.401843
26.7,47,1262.519173
28.15,26,1262.584692
7.65,188,1263.065991
28.3,27,1263.138749
-2.15,4,1263.149472
-2.2,5,1263.162933
-16.0,73,1263.349734
22.25,96,1263.591848
-2.15,4,1263.60183
27.35,38,1263.699928
27.15,50,1263.834063
28.3,31,1263.917326
26.9,47,1269.833738
29.25,16,1269.875267
-2.1,3,1269.883333
17.25,136,1270.209832
28.7,27,1270.272598
-2.1,3,1270.279318
-2.0,1,1270.28155
28.2,29,1270.346834
20.4,105,1270.589476
-3.85,14,1270.622808
-2.0,1,1270.625236
26.5,55,1270.759882
26.25,52,1270.889271
27.95,34,1270.974532
28.3,31,1271.052687
27.45,36,1271.142893
22.3,99,1271.380041
27.55,34,1271.467623
-2.0,1,1271.470089
27.6,25,1271.532064
-7.7,343,1278.239373
26.8,49,1278.356076
27.1,35,1278.444478
27.25,44,1278.555664
3.85,304,1279.31513
27.95,26,1279.384558
26.2,53,1279.526707
28.6,25,1279.593591
24.2,69,1279.78068
26.85,48,1279.907423
26.95,46,1280.030918
24.05,64,1280.189968
23.35,86,1280.403205
-2.5,11,1280.429971
26.8,53,1280.561027
27.25,36,1280.651652
26.4,41,1286.820157
-2.1,3,1286.82699
-2.1,3,1286.834013
27.15,42,1286.93421
28.5,19,1286.978411
26.0,41,1287.080293
23.75,74,1287.266196
24.15,78,1287.454632
-2.0,1,1287.457021
-2.2,5,1287.469048
-2.05,2,1287.473869
27.65,28,1287.541024
28.5,23,1287.595984
-2.2,5,1287.607833
26.55,38,1287.698538
28.0,33,1287.777126
28.2,21,1287.827313
-2.15,4,1287.836815
28.1,27,1287.901802
-70.65,450,1289.015557
27.85,28,1289.086212
-2.15,4,1289.096267
-2.05,2,1289.101337
24.55,82,1289.307986
-2.1,3,1295.11141
28.15,30,1295.185314
26.65,44,1295.297245
25.15,70,1295.483451
21.55,86,1295.70351
-2.15,4,1295.713229
27.9,27,1295.78138
27.2,37,1295.875843
24.9,55,1296.028819
11.3,139,1296.39552
26.9,35,1296.485535
-2.0,1,1296.488027
18.4,121,1296.810369
-2.55,8,1296.830541
27.7,27,1296.898641
-2.05,2,1296.90365
-2.9,15,1296.941483
-2.15,4,1296.951545
-2.3,7,1296.969171
-2.1,3,1296.976868
28.25,36,1297.066009
27.7,35,1297.152208
27.2,49,1297.278076
-2.75,8,1297.298665
16.0,1,1297.301353
-2.55,8,1297.320751
-2.3,7,1297.33744
-2.05,2,1297.342203
28.35,22,1297.394689
25.6,49,1297.523579
26.2,53,1297.665343
10.0,1,1297.668015
29.0,17,1297.713229
25.2,57,1303.760844
-2.65,10,1303.784202
26.85,48,1303.896518
6.0,1,1303.898901
21.75,94,1304.119118
-2.6,9,1304.140657
-3.1,11,1304.16726
-2.15,4,1304.176902
28.05,24,1304.234816
28.15,22,1304.287879
25.4,45,1304.395961
-2.45,10,1304.419938
8.0,1,1304.422469
-43.45,450,1305.54727
19.2,101,1305.815153
-2.2,5,1305.828354
28.8,21,1305.878507
28.95,18,1305.921359
28.9,19,1305.967961
25.65,52,1306.099541
-2.65,14,1306.134984
-2.05,2,1306.140088
-2.25,6,1306.155465
9.9,143,1312.175529
8.0,1,1312.178017
27.0,45,1312.29079
28.7,23,1312.348552
28.65,24,1312.407125
-3.3,11,1312.43347
28.15,18,1312.47715
26.9,47,1312.595716
-2.2,5,1312.608324
22.05,80,1312.820151
-2.3,7,1312.839162
27.45,32,1312.926542
28.3,19,1312.97792
-2.0,1,1312.980575
28.75,22,1313.03971
28.6,25,1313.107453
-2.0,1,1313.110111
-2.2,5,1313.123548
26.2,37,1313.221396
-2.45,10,1313.247987
27.0,37,1313.34894
-2.5,11,1313.378695
27.55,26,1313.449723
-2.05,2,1313.455056
-3.05,10,1313.482043
11.55,202,1314.018419
27.5,31,1314.096131
-2.3,7,1314.113718
25.45,56,1314.263845
-5.4,33,1314.360141
26.45,36,1314.465743
27.9,27,1314.546764
28.9,23,1320.434489
28.5,19,1320.485159
28.15,22,1320.545367
28.75,22,1320.605594
27.25,40,1320.716918
27.25,28,1320.79303
27.9,23,1320.855988
26.6,45,1320.983831
-6.35,264,1321.740092
25.6,49,1321.881962
11.25,8,1321.905069
-2.0,1,1321.90791
27.4,29,1321.992017
24.8,73,1322.197055
28.05,32,1322.283645
-2.1,3,1322.291712
23.95,74,1322.492658
29.3,15,1322.533405
-2.1,3,1322.541482
-2.0,1,1322.544214
28.9,23,1322.606731
26.55,34,1322.704062
28.75,18,1322.756286
27.25,40,1322.872119
23.15,14,1322.912732
-2.15,4,1322.924247
29.05,20,1322.98237
23.6,81,1323.216382
26.2,45,1329.227446
-3.2,17,1329.273452
-2.05,2,1329.278853
6.0,1,1329.281627
-2.8,9,1329.306263
27.7,27,1329.37919
-2.15,4,1329.389894
27.0,45,1329.511549
28.35,22,1329.571242
-2.3,7,1329.590375
-2.15,4,1329.601151
25.05,60,1329.763183
1.45,252,1330.450932
27.45,28,1330.526776
18.0,133,1330.892348
27.3,39,1331.003438
8.0,1,1331.00622
-2.0,1,1331.00896
-2.95,12,1331.04143
20.65,104,1331.336558
-3.75,16,1331.381795
-2.0,1,1331.384596
27.75,30,1331.469162
6.0,1,1331.471986
27.75,34,1331.568187
-2.0,1,1331.570928
9.9,3,1331.579492
28.45,28,1331.657568
26.5,51,1331.796566
29.2,17,1331.843129
13.85,4,1331.854166
-2.15,4,1331.865051
-2.05,2,1331.8705
19.25,120,1337.918598
27.95,26,1337.990031
25.25,64,1338.164091
28.7,27,1338.239847
7.95,2,1338.245597
-2.7,11,1338.276958
28.35,30,1338.362182
-2.15,4,1338.373346
-2.05,2,1338.378945
25.7,47,1338.512457
26.3,43,1338.633992
20.5,123,1338.980238
23.4,73,1339.179352
28.6,29,1339.253663
7.95,2,1339.258739
27.75,34,1339.345779
-2.0,1,1339.348398
28.4,25,1339.414876
-2.0,1,1339.417517
24.35,54,1339.563724
27.4,33,1339.653342
28.35,26,1339.723739
-3.45,14,1339.761599
-2.75,8,1339.783239
26.2,45,1339.910631
-3.85,22,1339.973434
28.65,24,1340.041532
28.35,26,1340.11461
-2.6,9,1340.138886
24.8,49,1340.27698
27.75,34,1340.369099
27.7,27,1340.442025
29.1,19,1340.493716
28.8,17,1346.543978
20.45,96,1346.793176
26.65,40,1346.899309
28.6,25,1346.966324
26.6,37,1347.065541
15.45,8,1347.086741
27.25,40,1347.189435
23.65,76,1347.384426
28.2,25,1347.449685
7.4,153,1347.861213
29.0,17,1347.907929
23.05,80,1348.130456
17.0,109,1348.431985
-2.85,10,1348.460673
-2.0,1,1348.46359
28.7,19,1348.518199
5.0,1,1348.521095
27.2,29,1348.603684
-2.55,8,1348.62654
6.0,1,1348.629431
27.25,24,1348.696254
-2.2,5,1348.710284
28.6,25,1348.77922
25.7,51,1348.920437
-2.0,1,1348.923117
-2.65,6,1348.939284
24.65,64,1349.117926
27.45,28,1349.196428
26.3,47,1355.275148
28.25,32,1355.367053
-56.05,450,1356.66698
14.5,187,1357.197396
26.95,38,1357.306717
28.5,23,1357.376704
23.3,63,1357.565254
-2.3,7,1357.586527
28.15,34,1357.690582
27.4,33,1357.791585
-2.15,4,1357.803829
19.15,154,1364.1193
28.1,27,1364.192954
-2.4,9,1364.218311
29.35,14,1364.258042
25.7,55,1364.415966
27.9,35,1364.514368
27.6,33,1364.608048
-2.05,2,1364.613671
-2.0,1,1364.616528
26.55,46,1364.744195
24.5,83,1364.991212
-2.3,7,1365.010019
26.85,40,1365.118908
10.0,1,1365.121648
22.2,77,1365.331899
27.5,35,1365.429582
27.15,38,1365.537191
-2.05,2,1365.542589
-2.05,2,1365.547984
18.1,91,1365.798795
-2.6,13,1365.834125
26.5,51,1365.977048
29.3,15,1366.020397
-2.0,1,1366.023269
28.9,19,1366.07644
24.05,72,1366.274382
-2.0,1,1366.277191
-6.8,49,1366.420815
25.0,57,1366.588626
-2.15,4,1366.600679
19.85,100,1366.896839
-2.0,1,1366.899683
-8.95,32,1366.99031
28.5,27,1372.858624
-2.4,5,1372.872952
27.9,31,1372.961659
18.45,120,1373.303146
27.35,34,1373.400303
27.85,28,1373.480296
26.3,47,1373.614596
26.25,48,1373.751024
9.25,248,1374.456889
-2.0,1,1374.459707
27.95,30,1374.54485
17.2,125,1374.897856
27.1,27,1374.975146
27.2,37,1375.076375
0.1,151,1375.5045
28.3,23,1375.570036
-2.45,10,1375.597764
15.95,174,1381.832824
26.0,45,1381.951208
-2.15,4,1381.961852
28.0,25,1382.028953
-2.25,6,1382.045039
27.3,43,1382.160636
8.1,187,1382.65269
-2.25,6,1382.668041
23.3,71,1382.8496
17.0,105,1383.133388
26.05,56,1383.27981
24.85,64,1383.451552
27.8,33,1383.540315
27.4,29,1383.622853
28.7,23,1383.68907
-2.5,11,1383.720388
-2.0,1,1383.723162
22.65,68,1383.909624
28.3,27,1383.986396
21.5,87,1390.064045
27.9,31,1390.146843
26.85,44,1390.263919
-2.05,2,1390.26908
23.05,52,1390.408549
26.95,50,1390.541485
28.4,33,1390.628133
-2.45,6,1390.644058
27.8,33,1390.738045
-3.2,13,1390.775287
22.95,86,1391.014301
-2.15,4,1391.025004
28.35,26,1391.095125
27.35,38,1391.197498
22.5,79,1391.409565
3.8,157,1391.832708
26.15,42,1391.945607
26.65,48,1392.074569
28.5,23,1392.136709
-3.5,23,1392.199031
-2.2,5,1392.212763
26.6,49,1392.34574
19.05,124,1392.692543
-2.2,5,1392.70601
28.3,31,1392.789707
-3.25,10,1392.816793
25.75,54,1398.788438
-2.25,6,1398.805623
27.55,38,1398.914836
-2.4,9,1398.940634
24.55,74,1399.152433
27.85,32,1399.242905
26.3,47,1399.374744
27.9,19,1399.427147
-2.2,5,1399.441365
22.3,83,1399.671672
27.95,30,1399.755968
26.6,41,1399.872726
23.7,55,1400.024996
21.5,91,1400.270462
-2.0,1,1400.273112
8.9,195,1400.826297
27.3,39,1400.945121
26.05,56,1401.112155
-2.0,1,1401.115148
27.2,41,1401.239007
-2.35,8,1401.261905
-2.8,13,1401.298075
23.1,91,1401.553018
28.4,25,1407.490121
-2.0,1,1407.492803
27.8,29,1407.572216
27.5,31,1407.656894
29.35,14,1407.694775
28.3,31,1407.778869
23.95,46,1407.899407
-2.0,1,1407.902083
25.4,57,1408.056856
-2.05,2,1408.062263
27.65,36,1408.16023
28.4,25,1408.228189
-2.65,10,1408.255303
29.0,21,1408.312824
-2.55,8,1408.334566
-4.2,29,1408.413102
-2.05,2,1408.418625
-2.05,2,1408.424239
28.2,29,1408.505527
26.25,44,1408.627153
-3.4,21,1408.685649
28.6,25,1408.753922
24.6,65,1408.923986
26.9,35,1409.022751
25.1,55,1409.171329
26.15,50,1409.307068
17.5,99,1409.577722
28.2,29,1409.656825
24.95,58,1409.820355
5.95,2,1409.826036
-3.4,17,1409.874543
-5.0,17,1409.922951
27.25,36,1410.025731
5.0,1,1410.028605
-2.9,11,1410.060436
-2.15,4,1410.071947
-13.05,50,1410.214672
29.15,18,1416.083382
29.1,15,1416.124013
-5.55,40,1416.231844
28.1,35,1416.327113
27.7,31,1416.410874
-2.05,2,1416.416249
-2.0,1,1416.418931
9.2,181,1416.91766
25.0,57,1417.073068
-2.4,9,1417.097318
-2.2,5,1417.110872
25.9,63,1417.288503
-2.05,2,1417.293985
-2.1,3,1417.302498
27.6,29,1417.383502
28.6,25,1417.452536
27.75,34,1417.545244
25.25,72,1417.745696
27.6,33,1417.837206
28.3,27,1417.913409
22.75,62,1418.087359
-2.6,9,1418.11203
27.85,32,1418.199172
27.25,32,1418.286034
5.95,2,1418.291448
27.55,34,1418.383673
-2.1,3,1418.391797
28.9,23,1418.454545
-2.45,6,1418.471103
28.35,22,1418.536934
27.25,36,1418.654639
24.15,66,1418.853009
-4.2,25,1424.733892
24.85,64,1424.91508
25.85,56,1425.072308
22.65,68,1425.265606
-2.5,11,1425.294971
-2.0,1,1425.297606
5.95,2,1425.302971
26.9,43,1425.424609
27.35,42,1425.544311
26.7,43,1425.663719
12.0,1,1425.666611
28.7,23,1425.72908
28.2,33,1425.819697
29.05,20,1425.876122
11.8,5,1425.890466
16.7,115,1426.219026
-2.85,6,1426.236232
28.35,26,1426.310333
27.4,33,1426.404166
-2.3,7,1426.424083
-2.0,1,1426.426816
-2.2,5,1426.440522
-2.95,12,1426.474578
-2.5,7,1426.494439
25.9,51,1426.640904
28.55,26,1426.712982
26.3,43,1426.831197
25.7,51,1426.970594
18.7,115,1427.284298
8.0,1,1427.287054
-2.15,4,1427.297922
26.1,55,1427.44848
25.5,39,1427.555201
25.45,48,1433.626761
27.9,35,1433.726087
21.6,89,1433.976671
27.5,39,1434.087517
28.0,25,1434.157585
21.9,95,1434.425414
-3.75,24,1434.492194
25.9,39,1434.601632
-2.35,8,1434.623796
27.35,30,1434.709561
-2.25,6,1434.726041
27.6,37,1434.829494
-2.4,5,1434.843562
-2.0,1,1434.846382
26.85,40,1434.95949
28.6,25,1435.030229
27.55,38,1435.138055
23.05,80,1435.358778
28.4,21,1435.417296
28.35,30,1435.501993
27.9,31,1435.590098
28.7,23,1435.655795
29.05,16,1435.702081
-3.35,20,1435.759496
28.55,18,1435.811116
29.15,18,1435.860926
28.85,20,1435.915802
25.15,54,1436.057659
28.2,33,1436.145739
25.95,46,1436.267929
27.3,35,1436.362722
28.75,22,1442.192167
-2.4,9,1442.218024
27.7,31,1442.306422
26.95,46,1442.44015
27.5,39,1442.555156
27.25,32,1442.65037
25.3,63,1442.830259
-2.0,1,1442.833262
25.25,48,1442.97197
29.25,16,1443.020164
19.6,69,1443.225856
-2.25,6,1443.24315
-2.0,1,1443.24605
27.0,41,1443.368761
28.7,23,1443.436164
27.5,35,1443.542555
27.3,31,1443.636804
26.9,39,1443.755512
28.4,25,1443.831001
-2.7,11,1443.864368
-2.15,4,1443.876522
-2.1,3,1443.88563
26.05,52,1444.038759
-2.0,1,1444.041585
7.95,2,1444.047373
22.2,81,1444.273113
28.15,30,1444.357388
29.4,13,1444.393026
-2.1,3,1444.401163
7.95,2,1444.406684
-2.65,10,1444.434615
-2.25,6,1444.451762
24.45,80,1444.683713
-2.2,5,1444.697273
23.55,74,1444.898362
28.5,31,1444.984146
26.9,39,1445.093608
27.6,29,1450.946984
25.2,61,1451.102582
-2.3,7,1451.120487
27.8,37,1451.215102
25.55,58,1451.362998
-9.55,352,1452.346229
-3.05,10,1452.374954
-2.05,2,1452.380701
27.55,38,1452.4923
11.4,5,1452.506721
29.0,17,1452.555792
7.95,2,1452.562081
6.0,1,1452.56522
-2.3,7,1452.585576
19.0,109,1452.905108
28.5,23,1452.972442
-8.4,313,1459.703111
27.55,38,1459.813597
26.3,55,1459.963388
-2.1,3,1459.971595
28.7,27,1460.044867
-2.0,1,1460.047663
27.85,28,1460.12606
26.5,47,1460.258119
27.85,32,1460.348752
27.9,27,1460.423477
29.25,16,1460.468679
25.7,47,1460.601019
29.05,20,1460.657799
-2.0,1,1460.660556
-2.1,3,1460.668899
-2.0,1,1460.671674
-3.45,18,1460.72272
27.05,36,1460.824099
26.5,31,1460.910257
28.0,25,1460.98139
-2.25,6,1460.998169
26.6,37,1461.101283
25.85,48,1461.238105
24.5,55,1461.393157
26.25,40,1461.504528
-2.0,1,1461.507268
-4.6,25,1461.575608
27.85,28,1461.653693
27.35,38,1461.759567
24.2,77,1461.978053
28.2,29,1462.059634
27.25,40,1462.169541
26.35,38,1462.272648
28.8,21,1462.329809
27.3,43,1462.451616
27.9,35,1468.548984
-2.2,5,1468.562297
27.5,35,1468.654682
25.85,48,1468.781773
-5.85,350,1469.761486
-2.2,5,1469.774911
24.2,57,1469.929378
27.8,29,1470.011803
27.7,35,1470.11288
28.2,33,1470.207658
27.25,44,1470.333775
27.6,29,1470.417363
27.4,37,1470.523618
-2.1,3,1470.532206
24.45,64,1470.716272
1.2,309,1477.326706
28.05,28,1477.405144
26.6,53,1477.556228
26.3,55,1477.714209
-2.0,1,1477.716949
25.9,47,1477.852755
28.0,29,1477.936336
26.05,44,1478.07062
27.35,30,1478.161364
-2.05,2,1478.167405
25.55,54,1478.332411
24.5,59,1478.510002
27.55,26,1478.587424
28.05,32,1478.684614
28.45,24,1478.756514
-2.8,13,1478.795928
26.85,40,1478.914709
24.85,52,1479.066189
18.15,118,1479.396236
21.25,96,1479.6682
28.35,22,1479.734873
14.85,132,1485.914095
28.7,23,1485.979768
26.65,56,1486.137676
25.65,64,1486.315767
-3.95,28,1486.391727
27.8,33,1486.480734
28.75,26,1486.550885
28.0,37,1486.65383
27.6,37,1486.753527
26.95,42,1486.866722
9.35,6,1486.88301
25.95,46,1487.007496
28.55,26,1487.078028
25.45,52,1487.219874
-2.0,1,1487.222512
28.9,19,1487.275912
-2.0,1,1487.278644
21.65,92,1487.539855
29.15,18,1487.591019
28.95,22,1487.653239
28.0,29,1487.73283
23.4,65,1487.916583
27.7,35,1488.015042
21.45,100,1488.298123
-2.9,15,1488.340739
26.2,45,1488.469533
6.1,243,1494.938981
25.85,48,1495.069467
-2.0,1,1495.072216
24.0,57,1495.22997
-2.1,3,1495.238046
-2.95,12,1495.271121
28.75,22,1495.333844
27.35,38,1495.442546
27.75,26,1495.51591
22.3,67,1495.719113
26.35,46,1495.854608
-2.15,4,1495.866079
-2.45,10,1495.894945
28.1,27,1495.973326
28.45,20,1496.031153
26.7,31,1496.123677
28.8,21,1496.183023
26.85,44,1496.304282
28.75,22,1496.364324
22.85,88,1496.603856
-2.9,11,1496.635223
-2.2,5,1496.649595
26.7,43,1496.77169
28.9,23,1496.834264
15.35,142,1497.234922
12.25,156,1503.4498
28.05,24,1503.519523
26.35,46,1503.651029
24.45,68,1503.84518
-2.65,10,1503.873902
27.35,46,1504.008865
23.65,72,1504.21434
-2.9,11,1504.245749
28.2,25,1504.316502
28.1,27,1504.393114
-2.0,1,1504.395941
28.7,23,1504.461103
28.55,26,1504.53736
28.75,26,1504.607819
28.3,31,1504.693101
-2.0,1,1504.695977
27.2,37,1504.800882
27.4,41,1504.925123
28.85,24,1504.998407
28.55,26,1505.078196
29.4,13,1505.117912
28.4,29,1505.206311
27.8,33,1505.307381
27.15,34,1505.409297
27.55,30,1505.497533
24.15,70,1505.707782
26.55,54,1505.868423
28.35,26,1505.938915
-2.45,6,1505.955208
27.15,42,1506.069296
26.5,43,1511.908636
28.8,21,1511.96618
28.5,23,1512.029863
27.0,41,1512.14399
23.45,76,1512.360935
-2.5,11,1512.392273
25.2,57,1512.553603
28.3,31,1512.641852
26.95,38,1512.750109
28.85,20,1512.806818
28.0,29,1512.886479
26.85,32,1512.973428
28.15,22,1513.033387
-3.3,15,1513.07439
-2.35,4,1513.085392
19.05,104,1513.369702
24.9,67,1513.560949
27.65,32,1513.650825
28.35,22,1513.713163
-2.6,9,1513.739025
27.05,40,1513.852631
29.05,16,1513.897924
27.95,30,1513.982938
-2.1,3,1513.991307
10.0,149,1514.414831
-3.1,19,1514.466869
-2.0,1,1514.469694
-2.65,14,1514.508446
-2.05,2,1514.513999
24.6,61,1514.691747
-2.1,3,1514.700739
28.25,32,1520.61029
27.1,39,1520.712733
27.1,39,1520.812721
27.55,30,1520.893441
-3.95,28,1520.968522
24.55,58,1521.120643
28.45,24,1521.18476
28.3,27,1521.259516
27.45,24,1521.328068
26.85,44,1521.44742
25.15,54,1521.599754
24.85,36,1521.702533
-2.0,1,1521.705362
27.1,35,1521.805053
-9.8,45,1521.933604
26.75,58,1522.098851
27.75,30,1522.182533
26.35,46,1522.313582
-2.1,3,1522.322165
25.4,49,1522.461757
-2.35,8,1522.484395
27.85,28,1522.564235
10.4,173,1523.058803
-2.75,12,1523.095351
27.3,39,1523.214223
26.8,37,1523.328599
27.4,33,1529.37213
-2.2,5,1529.385461
-2.0,1,1529.388043
28.5,23,1529.453045
-2.4,9,1529.477302
-2.7,11,1529.507838
7.95,2,1529.513284
27.0,33,1529.605411
5.95,2,1529.611142
26.15,54,1529.762341
6.0,1,1529.765198
-2.05,2,1529.770858
23.45,88,1530.017096
27.9,27,1530.091005
-2.25,6,1530.107362
27.9,27,1530.183482
24.2,49,1530.323588
27.35,30,1530.408669
-58.95,512,1531.772271
-42.95,512,1538.875887
-2.1,3,1538.883415
-2.25,6,1538.897958
-33.35,512,1540.188456
-40.35,512,1547.002442
-35.15,512,1548.279769
-2.2,5,1548.292424
-2.5,11,1548.320147
-38.95,512,1555.257585
-44.95,512,1556.479751
-2.15,4,1556.489344
-46.55,512,1563.2402
-59.35,512,1564.536278
-43.75,512,1571.458915
-43.35,512,1572.787863
-42.35,512,1579.829726
-43.55,512,1581.095907
-2.1,3,1581.103274
-2.0,1,1581.105715
-43.75,512,1588.18085
-49.75,512,1589.548193
-2.0,1,1589.550865
-46.55,512,1596.888101
-47.75,512,1598.210997
-44.35,512,1605.787374
-48.75,512,1607.097652
-44.75,512,1614.709553
-48.55,512,1616.038779
-53.55,512,1623.72865
-12.15,464,1624.94343
21.7,119,1625.248144
-3.65,10,1625.274528
-12.45,478,1632.892105
11.75,222,1633.449346
17.8,161,1633.852863
24.15,94,1634.097866
10.05,256,1641.310342
-14.45,430,1642.439281
7.3,299,1643.232061
19.0,129,1650.135782
-2.1,3,1650.144176
-2.25,366,1651.115227
-2.4,9,1651.138671
15.95,110,1651.426478
5.0,1,1651.429265
-2.05,2,1651.434796
28.65,40,1651.544378
5.25,296,1652.318438
-5.0,33,1652.405545
6.0,1,1652.408385
-0.75,360,1659.743936
27.0,65,1659.905091
-2.8,9,1659.92742
29.8,29,1659.999486
-2.1,3,1660.006925
29.25,36,1660.09628
28.85,40,1660.189894
13.45,212,1660.710386
-3.8,13,1660.742496
-2.1,3,1660.749928
-2.0,1,1660.752403
28.7,43,1660.860481
-2.05,2,1660.8657
20.95,118,1661.164502
4.75,334,1668.418992
-52.35,512,1669.719398
20.5,119,1670.01391
-2.4,9,1670.036005
28.9,43,1670.141924
19.95,122,1670.442607
-2.4,9,1670.464675
-39.15,512,1678.205722
26.15,78,1678.398226
18.5,151,1678.768177
10.35,186,1679.233088
-43.95,512,1686.923164
29.1,31,1687.000116
21.1,127,1687.33425
27.3,67,1687.511425
-4.5,27,1687.5814
5.0,1,1687.584139
18.4,161,1688.008467
23.9,95,1688.270326
21.75,86,1688.506512
-2.05,2,1688.511884
13.6,173,1695.223858
25.5,91,1695.439723
-2.5,307,1696.201169
25.25,72,1696.379808
-2.25,6,1696.395345
26.15,66,1696.566535
13.35,226,1697.152273
10.0,1,1697.154704
27.55,46,1697.268951
7.85,340,1704.608302
-47.95,512,1705.946158
-2.35,8,1705.9674
-3.2,13,1706.001842
28.15,46,1706.124201
29.85,32,1706.208462
-4.0,425,1713.946198
24.35,78,1714.127619
-60.35,512,1715.383313
-2.5,11,1715.411244
-2.15,4,1715.421851
28.95,42,1715.533088
25.9,83,1715.752901
-2.95,12,1715.7833
13.3,195,1722.517572
27.5,59,1722.673553
-2.0,1,1722.676134
15.8,5,1722.688756
27.25,60,1722.839293
-2.8,17,1722.87982
27.5,51,1723.012035
28.15,50,1723.144206
-2.25,6,1723.161354
24.15,90,1723.40068
-2.4,9,1723.424121
-2.85,10,1723.450062
27.25,52,1723.58704
16.9,11,1723.615898
18.9,139,1723.982989
-2.0,1,1723.985631
28.05,44,1724.101885
24.8,77,1724.303723
-8.85,398,1731.557036
29.5,43,1731.663872
26.55,74,1731.850724
27.3,67,1732.021081
-2.15,4,1732.030949
28.9,43,1732.139366
30.15,30,1732.217525
21.0,129,1732.560939
29.7,27,1732.628172
26.4,81,1732.832635
27.7,59,1732.986811
28.75,34,1733.076308
24.05,92,1733.313822
28.45,44,1733.429827
-13.85,78,1733.635025
29.35,30,1733.714222
-2.25,6,1733.730023
18.8,113,1740.395843
28.75,34,1740.478891
13.9,3,1740.486174
26.45,44,1740.589079
15.1,151,1740.963695
29.65,40,1741.062519
25.2,81,1741.262763
20.0,153,1741.668119
16.75,130,1742.022558
20.75,118,1742.33335
26.6,53,1742.471532
30.1,35,1742.564198
27.3,55,1742.708706
-2.3,7,1742.72588
31.3,15,1742.762859
23.55,94,1749.382944
-2.25,6,1749.396789
15.5,115,1749.677296
-4.1,23,1749.733749
-2.9,15,1749.770938
28.65,60,1749.918326
-2.35,8,1749.938076
19.8,145,1750.302811
30.25,28,1750.375886
29.75,34,1750.463767
24.1,111,1750.750762
-2.55,12,1750.782449
19.15,14,1750.819363
-21.5,475,1758.342691
29.9,31,1758.416361
26.75,58,1758.553538
30.85,24,1758.611701
-2.2,5,1758.623844
5.0,1,1758.62631
-2.05,2,1758.631205
-5.9,19,1758.678562
-2.1,3,1758.685958
-2.55,8,1758.705715
-2.0,1,1758.708063
27.3,59,1758.853215
29.6,33,1758.934045
27.6,61,1759.093103
27.9,59,1759.241333
29.95,38,1759.333376
31.1,19,1759.381148
-1.55,280,1760.089972
18.85,124,1760.41572
28.25,48,1760.542564
-2.3,7,1760.560765
-2.2,5,1760.574272
27.15,62,1767.14106
7.9,3,1767.149035
25.1,79,1767.348142
27.9,35,1767.436841
-2.0,1,1767.439279
25.75,82,1767.640125
24.8,69,1767.81209
11.9,3,1767.819451
24.7,67,1767.995427
7.9,3,1768.00333
-2.15,4,1768.013893
26.2,73,1768.201727
30.1,31,1768.283867
-2.0,1,1768.286598
30.6,29,1768.367266
5.95,2,1768.372908
21.75,114,1768.681036
25.5,71,1768.869184
28.5,39,1768.971045
22.8,77,1769.166436
21.05,140,1769.542886
30.25,28,1769.616735
29.1,35,1769.706326
25.45,76,1776.158934
-2.05,2,1776.164064
27.9,35,1776.252654
-2.0,1,1776.255334
-2.35,8,1776.275757
7.9,3,1776.283273
-2.05,2,1776.28828
28.1,55,1776.427541
23.85,112,1776.712215
-2.1,3,1776.719533
7.95,2,1776.724291
23.1,95,1776.946647
23.25,92,1777.172689
26.7,71,1777.348208
24.3,75,1777.523117
-59.95,512,1785.017895
25.5,75,1785.215821
30.2,29,1785.292482
28.05,44,1785.408676
-50.35,512,1786.742155
26.75,66,1786.906835
-2.1,3,1786.914249
-4.45,18,1786.958951
29.65,32,1787.043313
-2.0,1,1787.045907
27.6,49,1787.176862
31.3,15,1787.214352
28.95,42,1787.318715
28.8,41,1793.555154
24.55,90,1793.777614
27.05,60,1793.918183
29.75,30,1793.991819
27.65,48,1794.118365
30.4,21,1794.173655
-2.05,2,1794.178712
-2.9,11,1794.206227
30.45,28,1794.279834
29.25,36,1794.37415
-2.0,1,1794.376601
22.25,100,1794.631044
-2.1,3,1794.638536
-2.0,1,1794.641018
-2.5,7,1794.659374
27.85,56,1794.806964
28.7,47,1794.927592
23.8,101,1795.181602
29.15,42,1795.295176
27.4,57,1795.437482
15.45,208,1795.99898
25.75,58,1796.146997
30.25,36,1802.397006
29.15,42,1802.501603
28.6,37,1802.599175
30.35,22,1802.65596
27.9,47,1802.7771
-7.2,265,1803.458351
30.3,27,1803.525688
-2.25,6,1803.540503
29.6,41,1803.642892
30.05,32,1803.725133
-2.0,1,1803.727729
27.85,60,1803.882287
23.0,101,1804.165603
-2.15,4,1804.17658
-2.15,4,1804.18803
31.5,11,1804.219187
20.95,114,1804.524927
-2.1,3,1804.532589
-5.95,24,1804.594777
6.7,239,1811.162444
-2.95,20,1811.207532
-2.1,3,1811.214324
27.6,57,1811.348666
27.2,61,1811.495464
-2.5,7,1811.513164
-2.35,8,1811.533513
29.95,34,1811.619293
-2.1,3,1811.6268
21.75,106,1811.892917
-2.35,8,1811.913028
29.05,36,1812.003509
5.0,1,1812.006029
29.9,39,1812.103969
29.45,28,1812.174788
30.85,24,1812.234011
27.85,40,1812.329857
30.15,34,1812.414229
27.65,44,1812.522654
-2.0,1,1812.525023
-2.15,4,1812.53463
25.2,85,1812.747812
-2.25,6,1812.762722
-2.1,3,1812.77034
29.3,47,1812.882765
29.7,31,1812.956802
-2.0,1,1812.959152
-35.2,473,1820.044815
29.25,40,1820.14519
30.2,33,1820.227623
27.4,49,1820.34904
-2.5,7,1820.365596
-2.15,4,1820.375054
-2.05,2,1820.379827
29.65,36,1820.46504
28.45,40,1820.559757
10.0,1,1820.562112
26.8,65,1820.716878
-2.45,10,1820.740713
26.45,64,1820.89337
28.65,48,1821.007452
28.25,40,1821.102755
27.15,58,1821.241045
30.2,29,1821.31028
23.45,100,1821.549142
-2.0,1,1821.551512
-2.05,2,1821.55629
-2.75,12,1821.584876
-2.05,2,1821.589681
24.15,82,1821.785727
29.15,34,1821.87042
30.05,24,1827.875991
0.6,225,1828.429771
26.6,61,1828.585192
30.65,24,1828.646997
7.45,212,1829.241968
-2.8,13,1829.285043
29.45,36,1829.389069
30.25,28,1829.476775
29.1,35,1829.586834
26.45,52,1829.736556
29.6,29,1829.820776
23.9,95,1830.085086
27.0,41,1830.198792
29.8,29,1830.280776
-3.8,29,1830.358956
28.85,40,1830.466318
27.9,55,1830.612578
29.3,47,1836.600834
27.7,43,1836.709483
-2.0,1,1836.712042
31.1,19,1836.759627
28.4,41,1836.858898
29.35,34,1836.940213
28.6,45,1837.049306
27.65,40,1837.148923
-2.7,11,1837.175657
29.8,29,1837.245382
29.75,26,1837.311528
29.45,32,1837.392878
30.4,29,1837.466754
29.15,30,1837.541507
22.3,111,1837.807683
-2.5,11,1837.835449
27.7,47,1837.950272
-2.05,2,1837.95515
28.1,47,1838.069626
29.3,39,1838.167187
23.8,85,1838.377989
-2.5,7,1838.394705
28.7,47,1838.507506
21.75,106,1838.788918
-2.5,11,1838.818338
-3.4,17,1838.864331
28.1,39,1838.971331
-3.2,9,1838.995799
-7.5,315,1845.864634
29.4,29,1845.937555
30.35,26,1846.003164
-2.55,12,1846.033578
22.35,102,1846.293004
-2.0,1,1846.295535
29.1,39,1846.395057
25.4,93,1846.628855
17.65,136,1846.945938
28.9,31,1847.015606
9.8,5,1847.026701
28.75,42,1847.120811
-2.1,3,1847.127498
11.2,9,1847.147812
-2.25,6,1847.161861
-2.05,2,1847.166716
-2.45,10,1847.190695
-2.05,2,1847.195505
28.0,57,1847.329376
-2.35,8,1847.348544
-2.0,1,1847.350912
30.05,32,1847.427649
-2.3,7,1847.444679
30.0,37,1847.536375
24.6,93,1853.677904
-2.2,5,1853.690513
-2.3,7,1853.708238
13.85,4,1853.718452
-2.05,2,1853.723534
29.6,37,1853.815757
-2.05,2,1853.82076
13.2,185,1854.251183
-4.15,12,1854.279551
9.85,4,1854.288577
-2.15,4,1854.297979
-2.15,4,1854.307574
21.45,108,1854.56225
29.8,29,1854.631203
29.75,38,1854.721344
26.9,59,1854.867282
28.15,38,1854.969957
30.85,20,1855.02405
-2.1,3,1855.032098
-2.15,4,1855.042889
27.55,66,1855.21032
-2.1,3,1855.217438
28.1,51,1855.340433
16.35,158,1855.726074
24.25,96,1855.979931
28.25,52,1862.124883
28.25,52,1862.248283
29.35,42,1862.345425
28.8,37,1862.433372
30.9,23,1862.487811
25.5,75,1862.666279
26.35,54,1862.79358
28.7,39,1862.882977
-26.55,340,1863.725095
-2.15,4,1863.735305
30.05,28,1863.806494
29.6,45,1863.920751
30.5,27,1863.989125
28.3,47,1864.107172
27.85,52,1864.241196
29.2,45,1864.357109
-2.0,1,1864.359672
-2.35,8,1864.380046
28.75,42,1864.489945
26.1,55,1870.533478
21.3,79,1870.718781
30.9,19,1870.76432
27.3,51,1870.886379
18.4,101,1871.158179
25.25,68,1871.344011
-2.25,6,1871.360332
25.75,62,1871.533443
29.35,30,1871.620159
18.45,140,1872.019076
29.3,31,1872.107894
-2.2,5,1872.122193
29.9,23,1872.188237
19.5,115,1872.527654
-5.05,26,1872.606027
28.55,38,1872.716829
26.95,54,1872.874538
30.2,33,1872.971214
26.05,84,1873.217145
25.85,76,1879.455467
28.35,50,1879.599266
29.9,31,1879.695443
-2.1,3,1879.704762
27.5,47,1879.837009
18.9,115,1880.186052
-2.1,3,1880.19425
26.3,59,1880.356563
27.35,62,1880.532558
-81.35,512,1882.018063
30.65,28,1882.100681
-2.95,8,1882.124236
-2.1,3,1882.132985
30.55,26,1882.208572
-2.45,6,1882.225963
29.15,42,1888.281325
29.8,25,1888.346171
26.25,64,1888.514152
16.95,174,1889.044338
31.05,16,1889.093039
-2.05,2,1889.098744
29.75,34,1889.197377
27.85,48,1889.333192
23.0,69,1889.540853
28.85,48,1889.678291
30.15,26,1889.750272
30.2,29,1889.831625
29.85,32,1889.923436
11.45,180,1890.427255
25.35,70,1890.631664
-2.2,5,1890.645681
24.45,64,1890.83744
29.5,31,1890.933917
31.2,17,1890.996399
26.7,51,1891.141247
21.95,102,1897.445532
23.0,69,1897.644425
27.55,58,1897.811301
30.9,23,1897.877512
6.0,1,1897.880354
18.75,134,1898.249067
-2.25,6,1898.265389
-5.15,24,1898.333811
31.35,14,1898.373983
29.45,32,1898.464979
26.5,71,1898.665625
23.5,95,1898.926011
18.5,127,1899.263927
9.85,4,1899.274323
28.7,43,1899.38577
-2.2,5,1899.398875
-2.0,1,1899.401597
30.0,29,1899.480737
30.75,22,1899.540743
3.25,312,1906.320686
28.5,43,1906.437628
-2.45,6,1906.45362
-2.05,2,1906.458975
29.45,40,1906.567592
30.85,24,1906.634116
28.55,38,1906.743929
22.4,117,1907.07881
28.15,50,1907.21757
-26.35,480,1908.595772
29.6,37,1908.70328
-2.2,5,1908.717952
28.05,52,1908.870557
29.5,39,1914.895722
29.95,30,1914.978649
27.95,50,1915.12139
30.0,29,1915.205957
29.5,39,1915.319223
9.95,2,1915.325006
30.1,27,1915.403342
29.6,33,1915.499545
-2.25,6,1915.517014
29.55,50,1915.660275
28.2,45,1915.785891
-2.1,3,1915.79418
-2.9,11,1915.824651
26.15,54,1915.975378
29.25,44,1916.096792
30.05,24,1916.163695
27.8,45,1916.293518
-2.4,9,1916.319635
25.8,81,1916.553869
-2.35,8,1916.576824
29.6,37,1916.682698
30.65,24,1916.750654
27.85,60,1916.917094
28.5,39,1917.028691
-2.0,1,1917.031531
-2.0,1,1917.034393
27.0,65,1917.224693
10.95,266,1923.839973
27.45,60,1923.999706
27.6,41,1924.111689
29.5,43,1924.225904
29.6,29,1924.301445
28.8,49,1924.4287
30.6,21,1924.485709
28.7,39,1924.589454
27.35,46,1924.720558
29.0,33,1924.815228
-2.1,3,1924.823525
29.2,33,1924.915266
29.35,34,1925.013638
-7.6,41,1925.131768
17.95,126,1925.490834
-2.2,5,1925.504976
26.0,69,1925.70279
31.5,11,1925.733001
29.05,36,1925.835989
30.35,30,1925.920784
16.35,146,1926.335163
27.05,44,1926.457794
-3.55,20,1932.481302
-2.15,4,1932.492942
30.05,40,1932.608243
30.0,29,1932.692113
-2.4,9,1932.718085
-2.1,3,1932.726498
28.25,48,1932.860737
26.75,42,1932.974981
26.65,76,1933.179724
25.7,75,1933.395881
27.5,39,1933.508998
29.65,44,1933.630101
26.15,58,1933.797143
29.1,39,1933.909733
25.95,86,1934.15688
28.3,39,1934.269025
29.6,41,1934.38776
26.15,58,1934.554601
23.25,72,1934.758677
30.6,17,1934.80747
-2.05,2,1934.813206
26.7,55,1934.969537
-2.2,5,1934.983977
9.9,3,1934.992656
5.95,2,1934.99842
29.95,30,1935.081764
29.85,36,1935.185804
-11.7,43,1935.308132
27.9,39,1941.463937
27.1,55,1941.618489
29.15,30,1941.706328
29.85,24,1941.776938
28.35,50,1941.924747
-2.0,1,1941.927669
29.1,39,1942.036699
28.7,43,1942.155506
26.9,67,1942.341212
30.55,22,1942.401125
26.5,79,1942.63881
30.75,22,1942.706743
29.75,34,1942.811076
31.0,21,1942.871944
-2.05,2,1942.877714
9.95,2,1942.883577
29.15,38,1942.995459
29.75,30,1943.087812
30.5,27,1943.168172
-3.7,19,1943.226948
11.85,4,1943.239374
-2.15,4,1943.251647
-2.05,2,1943.257787
21.8,121,1943.613663
30.5,23,1943.679882
23.9,79,1943.906833
29.7,35,1944.008267
28.3,43,1944.132102
-2.05,2,1944.137888
-2.15,4,1944.149366
-2.1,3,1944.158041
29.55,34,1944.256289
26.05,76,1950.495867
28.3,51,1950.636842
14.05,128,1950.994156
30.2,33,1951.089576
26.9,55,1951.250057
26.05,84,1951.492377
29.6,33,1951.587352
29.8,37,1951.694491
29.4,49,1951.835991
29.55,34,1951.934144
28.9,39,1952.043728
-2.25,6,1952.060232
-2.3,7,1952.079923
30.1,31,1952.169399
9.35,178,1952.666628
30.7,23,1952.732903
28.8,37,1952.839913
-2.05,2,1952.845682
30.0,29,1952.92769
-2.3,7,1952.947163
-2.2,5,1952.961851
17.2,153,1959.305932
30.0,25,1959.375428
31.05,20,1959.431078
-3.9,15,1959.472333
6.85,168,1959.940779
-3.85,14,1959.981469
9.85,4,1959.992989
22.85,84,1960.233464
30.35,22,1960.295534
29.15,42,1960.417438
-2.8,13,1960.455467
30.35,30,1960.542564
29.7,27,1960.620853
-2.7,11,1960.652398
-2.0,1,1960.655129
27.2,61,1960.829945
-2.05,2,1960.835687
29.9,39,1960.948298
30.2,25,1961.021518
30.45,32,1961.116048
29.9,31,1961.211881
28.8,49,1961.356649
28.15,50,1961.507118
28.5,39,1961.62672
-2.3,7,1961.648182
30.6,21,1961.713356
28.0,45,1961.847623
11.5,7,1961.869119
27.85,48,1962.01329
30.4,21,1962.073976
28.05,48,1968.262311
-2.1,3,1968.270935
29.65,28,1968.350904
8.85,236,1969.012739
7.95,2,1969.018212
21.45,80,1969.246102
-4.5,31,1969.335406
27.35,54,1969.491751
28.95,42,1969.612823
27.9,51,1969.760571
29.25,44,1969.886945
25.35,78,1970.110357
29.9,31,1970.199074
28.25,44,1970.326041
29.55,38,1970.434464
29.4,37,1970.53518
22.6,85,1970.773634
27.95,46,1970.902807
-2.35,8,1970.925495
-2.8,9,1970.951315
26.1,67,1971.141619
-3.1,11,1977.109539
27.9,43,1977.234001
-2.0,1,1977.236854
28.5,51,1977.378949
11.95,2,1977.385169
-2.25,6,1977.403709
24.6,77,1977.638185
-2.2,5,1977.652846
13.7,187,1978.185136
29.35,30,1978.269564
25.8,57,1978.432768
28.65,44,1978.556889
-2.25,6,1978.573376
-2.15,4,1978.584942
25.95,62,1978.758398
28.55,54,1978.908823
28.0,49,1979.046141
19.25,132,1979.417418
29.95,34,1979.5151
28.1,55,1979.670009
-2.15,4,1979.681569
28.6,49,1979.823817
-2.85,10,1979.852718
27.35,54,1985.840331
-2.15,4,1985.851361
9.9,3,1985.86007
28.8,41,1985.979934
28.4,49,1986.119848
28.55,42,1986.238049
28.4,49,1986.385487
30.3,27,1986.467213
27.5,47,1986.606728
14.8,185,1987.166819
30.8,21,1987.228453
-2.35,8,1987.251987
29.2,37,1987.361088
27.05,56,1987.524801
-2.4,9,1987.55101
29.9,31,1987.641789
28.7,43,1987.764193
14.6,173,1988.23858
28.05,56,1988.392166
-2.15,4,1988.403242
28.25,36,1988.502627
23.55,70,1988.69536
28.4,49,1994.721171
31.0,17,1994.76825
24.05,52,1994.915172
11.9,3,1994.923982
-2.6,9,1994.950104
28.95,38,1995.058915
6.0,1,1995.0618
6.0,1,1995.064721
31.2,17,1995.113948
5.0,1,1995.116815
8.2,269,1995.888009
29.45,36,1995.992788
30.5,19,1996.051265
-2.9,15,1996.097462
-2.15,4,1996.109765
25.4,57,1996.283996
30.15,30,1996.375773
22.35,110,1996.713686
27.75,46,1996.849937
-10.1,83,1997.096836
29.85,32,1997.19404
-2.15,4,1997.206336
18.0,93,1997.492271
30.7,23,1997.562171
29.2,33,1997.658756
6.0,1,1997.661685
-3.15,8,1997.685005
18.6,113,2003.814212
29.15,38,2003.918579
28.2,45,2004.042464
28.05,56,2004.196463
-2.15,4,2004.208088
28.35,46,2004.337016
30.1,31,2004.423403
22.5,95,2004.689542
20.8,105,2004.989612
-18.4,329,2005.932516
-2.05,2,2005.938144
29.35,38,2006.046786
30.85,20,2006.104425
-4.4,21,2006.164632
-2.1,3,2006.17326
23.3,79,2006.399525
28.05,56,2012.634754
29.35,38,2012.736892
-78.95,512,2014.162964
26.55,74,2014.368336
27.05,52,2014.511184
-2.0,1,2014.51401
-2.7,7,2014.533916
-2.65,6,2014.551194
20.8,125,2014.910617
31.2,17,2014.956988
30.0,29,2015.038773
29.9,31,2015.124604
29.95,26,2015.19682
-2.0,1,2015.199714
28.9,43,2015.321864
28.25,48,2021.449377
29.2,29,2021.533436
-6.45,22,2021.59501
28.3,43,2021.716469
-2.15,4,2021.726753
29.25,44,2021.840417
28.45,48,2021.967974
20.85,124,2022.302844
-2.7,11,2022.334634
21.05,104,2022.622555
-2.25,6,2022.639073
-3.45,26,2022.71019
29.9,35,2022.80656
23.8,105,2023.109061
-9.4,49,2023.253535
-2.7,11,2023.28507
28.7,35,2023.38383
-4.65,18,2023.435795
27.75,42,2023.556923
27.4,49,2023.691774
29.5,39,2023.799596
-2.2,5,2023.813422
28.9,43,2023.933946
30.5,31,2024.022907
-2.1,3,2024.031296
30.5,23,2024.097336
-3.8,25,2024.170051
5.45,196,2030.601979
30.45,24,2030.670085
-2.75,12,2030.704991
-3.4,17,2030.754294
-2.05,2,2030.760088
30.65,24,2030.829066
29.0,45,2030.958893
30.2,33,2031.05208
29.75,34,2031.149805
28.7,47,2031.281589
28.4,61,2031.452486
29.25,32,2031.541474
31.0,17,2031.588261
30.1,27,2031.666349
-2.0,1,2031.66919
30.0,25,2031.738283
25.2,85,2031.980608
13.8,5,2031.994963
30.0,33,2032.087265
29.4,33,2032.178935
26.15,74,2032.391527
24.45,84,2032.631318
28.4,57,2032.801023
-2.1,3,2032.809638
-2.9,11,2032.842163
29.55,38,2032.961599
22.3,115,2039.261391
-2.65,14,2039.298581
27.35,50,2039.431905
-6.5,259,2040.136877
15.3,151,2040.541957
-2.3,7,2040.561084
-4.05,14,2040.599243
27.15,58,2040.754388
27.15,62,2040.923993
26.2,69,2041.122713
6.0,1,2041.125661
-2.2,5,2041.14024
5.0,1,2041.143244
-2.5,7,2041.163626
-2.2,5,2041.178227
-2.25,6,2041.195685
-2.05,2,2041.201528
-2.35,8,2041.225041
30.2,29,2041.307663
27.6,49,2041.450979
31.0,17,2041.499684
26.85,56,2041.660316
-2.05,2,2041.666152
5.0,1,2041.669147
29.0,37,2041.776797
29.55,30,2047.978138
20.45,124,2048.337881
-2.3,7,2048.357342
29.15,46,2048.48972
28.3,51,2048.636735
26.1,63,2048.817832
-2.0,1,2048.820666
30.4,29,2048.903182
-2.2,5,2048.917569
29.2,33,2049.019629
30.8,17,2049.071885
-4.25,14,2049.115221
27.4,49,2049.266468
29.65,32,2049.364944
30.5,23,2049.435497
-3.0,13,2049.474778
25.9,75,2049.699015
27.6,61,2049.881292
-2.95,12,2049.918533
5.0,1,2049.921735
-5.4,29,2050.00742
30.4,25,2050.081258
29.2,37,2050.182979
-2.1,3,2050.191149
-6.5,23,2050.254599
24.85,68,2050.447142
29.35,38,2050.557247
-2.25,6,2050.574438
27.8,41,2050.691349
-3.2,17,2050.740062
-2.95,16,2050.785332
30.0,33,2050.880371
25.55,86,2056.913755
23.15,102,2057.195513
28.8,49,2057.331559
31.1,19,2057.384475
25.65,80,2057.606427
0.15,358,2058.625592
-4.05,22,2058.68894
9.95,2,2058.69475
-2.0,1,2058.697623
-5.45,18,2058.749593
28.95,38,2058.858734
6.0,1,2058.861634
30.55,26,2058.935997
-2.5,7,2058.95634
30.4,21,2059.017499
-2.1,3,2059.026127
28.95,42,2059.145463
30.75,22,2059.20787
-2.4,9,2059.233953
19.9,143,2065.551383
-3.05,10,2065.580389
28.9,35,2065.683228
29.85,32,2065.776258
-2.2,5,2065.790687
26.9,63,2065.974526
27.25,48,2066.114634
-8.15,56,2066.276606
-2.0,1,2066.279536
28.2,45,2066.407191
23.4,73,2066.6093
25.25,92,2066.863985
-2.0,1,2066.866794
30.2,29,2066.94704
-2.3,7,2066.966317
3.9,219,2067.578384
-2.25,6,2067.595839
8.0,1,2067.598815
-2.0,1,2067.601689
7.95,2,2067.607562
-2.1,3,2067.616162
-2.15,4,2067.627214
14.6,153,2068.068078
28.55,50,2068.209685
-2.15,4,2068.22075
30.3,27,2068.295426
-2.1,3,2068.30367
-2.05,2,2068.309081
27.85,60,2074.779724
29.6,33,2074.872625
29.15,38,2074.981493
21.1,119,2075.320105
15.25,208,2075.882212
5.0,1,2075.884819
24.7,91,2076.13432
27.45,60,2076.303147
26.35,74,2076.501765
-3.15,16,2076.548104
25.15,70,2076.751925
29.9,31,2076.836916
28.1,35,2076.932481
29.95,26,2077.007379
30.25,32,2077.098835
28.75,38,2077.205997
-2.4,9,2077.231054
27.55,54,2077.385113
27.5,67,2077.572968
-2.3,7,2083.478264
-2.55,8,2083.499786
30.1,31,2083.585521
28.95,38,2083.691679
27.55,50,2083.835572
-3.55,16,2083.879745
20.8,137,2084.267603
26.15,62,2084.441919
6.0,1,2084.44479
-2.1,3,2084.453309
28.55,38,2084.560432
-2.0,1,2084.563285
-2.0,1,2084.566167
25.35,74,2084.778642
28.2,49,2084.918307
22.3,115,2085.240557
26.85,56,2085.39798
29.65,36,2085.501083
29.95,30,2085.583486
-3.85,22,2085.643739
29.4,29,2085.725637
25.3,71,2085.926055
-2.55,12,2085.960049
27.55,42,2086.079645
25.15,66,2086.268404
-2.4,9,2086.294682
23.65,68,2092.386337
29.8,21,2092.442934
30.25,28,2092.518599
-2.05,2,2092.523999
-2.7,15,2092.56478
29.5,31,2092.648695
-2.65,10,2092.675877
28.25,52,2092.816294
31.25,16,2092.8597
26.85,72,2093.055532
28.85,36,2093.151313
-2.5,11,2093.181448
27.4,53,2093.32467
29.5,35,2093.418
27.9,47,2093.545051
27.7,55,2093.70013
29.65,36,2093.808912
25.9,71,2094.020155
29.4,41,2094.143479
29.15,38,2094.257956
-2.0,1,2094.261003
30.05,28,2094.346426
22.85,92,2094.621156
28.75,46,2094.755325
-2.1,3,2094.764457
24.1,99,2095.049711
-2.55,8,2095.073071
-2.4,5,2095.087683
-2.2,5,2095.102234
-2.0,1,2095.105171
-2.7,15,2095.148653
30.7,23,2101.069116
29.25,36,2101.168866
-3.5,15,2101.210318
-2.35,8,2101.23254
27.85,52,2101.380485
-2.25,6,2101.396982
30.6,21,2101.455736
29.05,44,2101.581527
29.4,37,2101.686866
-2.3,7,2101.70688
29.6,41,2101.821956
23.45,84,2102.063443
29.3,39,2102.181631
23.3,87,2102.449367
30.8,21,2102.513724
18.65,104,2102.830108
28.85,40,2102.946929
28.15,50,2103.093778
29.75,42,2103.222814
29.55,38,2103.33478
-3.9,15,2103.380887
28.7,35,2103.483221
24.7,79,2103.706946
-3.0,13,2103.742891
6.0,1,2103.745804
-2.2,5,2103.759523
-2.15,4,2103.770682
29.45,36,2103.871609
24.45,72,2109.917393
30.45,28,2109.996857
27.35,58,2110.164125
29.55,34,2110.260974
30.55,22,2110.321242
-3.45,14,2110.361084
-2.05,2,2110.366951
23.55,106,2110.672596
18.35,154,2111.101997
26.65,56,2111.255943
25.65,68,2111.44351
27.55,50,2111.580994
28.55,42,2111.699874
30.45,28,2111.779496
30.05,32,2111.870023
-3.2,13,2111.90785
-2.15,4,2111.919525
30.8,17,2111.968818
28.95,42,2112.089834
30.45,24,2112.156393
-2.0,1,2112.159162
25.15,98,2112.434764
30.95,22,2112.498176
24.55,58,2112.662567
29.7,31,2118.664548
-2.2,5,2118.678836
29.15,34,2118.775051
29.9,31,2118.859637
-3.45,22,2118.922923
30.65,24,2118.989037
28.5,47,2119.117944
-2.15,4,2119.128781
-2.2,5,2119.142622
30.7,27,2119.218024
-2.55,8,2119.242757
-2.0,1,2119.245876
27.05,64,2119.440076
29.9,31,2119.535416
-2.05,2,2119.541514
30.75,26,2119.621408
29.25,44,2119.756263
13.75,6,2119.774609
29.55,34,2119.877042
25.05,76,2120.095849
-2.2,5,2120.110131
29.45,32,2120.200084
29.75,38,2120.307693
29.4,33,2120.408747
29.95,26,2120.488642
-2.3,7,2120.509207
-83.05,578,2127.86614
5.95,2,2127.871525
-70.65,578,2129.378763
-79.85,578,2136.741868
-38.45,578,2138.204765
-54.65,578,2145.153845
-2.25,6,2145.170079
-40.85,578,2152.282044
-53.05,578,2153.683338
-71.45,578,2160.849949
-63.05,578,2162.273651
-2.1,3,2162.280772
-49.65,578,2169.376511
-2.15,4,2169.386546
-59.25,578,2170.867712
-79.65,578,2178.011175
-0.3,455,2179.228713
-47.65,578,2186.689089
-47.05,578,2188.141325
-47.85,578,2195.725766
-2.0,1,2195.728233
-50.25,578,2203.069939
-52.05,578,2204.535434
-59.05,578,2212.060787
-57.85,578,2213.587198
-3.45,18,2213.635426
11.95,194,2220.313334
-54.25,578,2221.775545
-15.75,568,2229.468555
-2.0,1,2229.471044
-80.65,578,2230.92089
0.75,450,2238.375212
7.55,290,2239.074128
-52.85,578,2240.466371
-4.25,390,2247.845417
-2.65,10,2247.872268
-49.05,578,2249.38032
-9.35,260,2256.417366
-2.0,1,2256.419713
16.85,168,2256.842386
12.6,177,2257.289918
-83.25,578,2265.001287
-2.0,1,2265.003683
-75.25,578,2266.341769
-14.25,90,2266.556729
24.35,118,2266.855937
17.6,209,2273.587815
-2.75,8,2273.606761
30.6,49,2273.728558
-1.6,437,2274.819446
18.05,160,2275.225358
-4.75,24,2275.289831
7.45,292,2282.602524
24.85,124,2282.918007
-2.2,5,2282.930693
-2.55,8,2282.951002
32.85,20,2283.00183
-52.25,578,2284.437567
-52.45,578,2292.157712
23.15,134,2292.478131
-2.9,15,2292.515749
22.45,120,2292.825139
-1.0,373,2293.821828
6.0,1,2293.824597
-2.35,8,2293.846435
-3.5,11,2293.876725
-2.0,1,2293.879392
-2.45,10,2293.905452
20.6,149,2300.943038
-0.4,389,2301.973779
-2.25,6,2301.989685
9.0,293,2302.748686
-2.2,5,2302.761028
-51.25,578,2310.796916
6.5,319,2311.619983
13.0,217,2312.187431
-2.5,367,2319.97558
-6.05,394,2321.008403
18.8,181,2321.47057
26.15,98,2321.726717
21.9,119,2322.020644
-1.85,406,2329.715461
31.15,38,2329.814813
-2.1,3,2329.822672
25.05,120,2330.130469
24.2,129,2330.447013
31.55,38,2330.540798
-85.45,578,2338.317098
-2.15,4,2338.326993
25.0,109,2338.592895
28.4,65,2338.751355
30.1,59,2338.897772
-2.05,2,2338.902676
29.2,65,2339.063751
18.55,178,2339.503911
24.8,101,2339.76134
-2.1,3,2339.76921
-2.15,4,2339.779726
22.3,119,2340.092447
30.8,41,2346.754204
21.65,140,2347.097819
23.85,116,2347.385219
22.75,126,2347.697098
29.1,71,2347.875955
14.2,249,2348.50445
23.85,132,2348.836728
-2.1,3,2348.844211
30.5,51,2348.97175
-2.05,2,2348.976829
-2.0,1,2348.979449
30.65,60,2349.138242
6.8,221,2356.070501
30.8,41,2356.172659
22.1,115,2356.468269
30.5,47,2356.593172
27.6,81,2356.807068
24.4,129,2357.137269
-2.05,2,2357.142265
22.4,153,2357.524672
29.5,67,2357.692248
27.8,69,2357.864431
23.1,135,2358.217792
20.15,150,2365.074325
-22.7,151,2365.456144
22.35,138,2365.821667
32.05,40,2365.926578
31.4,33,2366.014225
15.9,3,2366.022023
30.55,46,2366.142853
25.35,86,2366.368476
-13.8,517,2374.309513
25.3,119,2374.613721
-2.0,1,2374.616301
29.25,56,2374.764426
-2.55,12,2374.795709
26.8,85,2375.018078
30.45,44,2375.132751
25.35,126,2375.459893
24.65,100,2375.724674
29.8,45,2375.843773
31.7,31,2375.925565
23.95,62,2376.090522
30.25,56,2376.239293
-2.0,1,2376.241896
6.45,308,2383.456913
28.75,70,2383.626698
25.75,86,2383.838245
29.55,58,2383.975314
-2.05,2,2383.980509
-2.1,3,2383.98838
-2.0,1,2383.990905
28.55,58,2384.143666
28.7,51,2384.277886
31.9,35,2384.369479
29.8,53,2384.505242
-5.45,358,2385.409671
24.65,92,2385.636577
28.95,66,2392.118009
-2.25,6,2392.133439
20.0,93,2392.375338
8.2,249,2393.011421
26.6,65,2393.17325
25.15,86,2393.384208
-2.4,9,2393.407446
28.5,67,2393.574952
23.65,132,2393.900175
31.05,40,2393.99836
-2.1,3,2394.005727
-4.85,18,2394.050704
19.3,179,2394.508179
28.35,74,2401.100336
23.2,141,2401.455494
30.85,44,2401.572517
-2.2,5,2401.585644
29.1,71,2401.777097
25.9,87,2402.011368
-3.65,22,2402.072046
30.4,53,2402.205947
-2.35,8,2402.22575
-2.0,1,2402.228238
-4.0,21,2402.279813
31.1,43,2402.389309
-2.15,4,2402.400287
-2.4,5,2402.41443
-17.45,458,2403.597353
30.7,43,2409.987221
-45.45,578,2411.370451
30.9,39,2411.467101
30.25,36,2411.559019
28.0,57,2411.701253
-2.55,8,2411.720919
29.8,57,2411.866864
-2.05,2,2411.872072
24.1,123,2412.1787
28.05,68,2412.34122
31.75,42,2418.922497
29.95,50,2419.042702
31.3,39,2419.140003
22.35,134,2419.453232
-4.35,12,2419.481781
23.75,118,2419.770567
27.35,66,2419.934587
31.9,35,2420.023465
31.3,39,2420.120883
29.5,47,2420.244554
-2.1,3,2420.252425
26.2,93,2420.499035
16.7,227,2421.05771
-3.25,14,2421.090096
31.55,34,2421.169205
27.45,72,2421.346928
21.6,89,2427.937199
5.0,1,2427.939547
26.85,96,2428.172958
31.1,31,2428.249943
31.65,36,2428.339209
27.5,87,2428.55519
-2.05,2,2428.560188
-2.15,4,2428.570285
7.9,3,2428.577719
29.5,63,2428.732601
-2.0,1,2428.734984
-2.75,8,2428.754799
-2.2,5,2428.76726
-38.55,420,2429.816246
27.35,62,2429.968692
30.05,40,2430.06649
30.5,47,2430.181475
-2.1,3,2430.18882
20.3,155,2436.809749
-2.8,13,2436.845703
-2.05,2,2436.85113
28.25,76,2437.07332
-2.1,3,2437.082358
-2.2,5,2437.097485
32.5,27,2437.175855
26.25,92,2437.414059
32.45,28,2437.489419
-2.55,12,2437.520813
32.25,28,2437.592
31.55,34,2437.681956
28.2,61,2437.841226
-2.25,6,2437.85627
29.45,52,2437.991735
27.9,79,2438.204059
29.85,56,2438.355582
28.9,51,2438.490296
32.3,31,2438.571953
28.55,62,2438.734432
-2.0,1,2438.737019
-2.0,1,2438.739608
30.65,60,2438.895735
27.95,78,2439.100691
-2.1,3,2439.10901
31.9,35,2439.207388
19.65,164,2445.889921
-2.15,4,2445.900293
30.45,52,2446.038367
-2.3,7,2446.056814
15.0,137,2446.417131
28.9,43,2446.529972
-2.35,4,2446.540419
26.4,69,2446.722262
-2.05,2,2446.727367
32.35,26,2446.794049
31.95,34,2446.883009
30.2,45,2446.994626
-2.1,3,2447.001849
-2.1,3,2447.008934
-4.05,30,2447.083282
30.45,44,2447.191922
28.25,64,2447.349426
24.55,78,2447.5414
29.85,56,2447.67255
5.0,221,2454.480768
27.35,86,2454.700896
-117.25,578,2456.235224
24.0,145,2456.618928
29.05,60,2456.781644
-2.6,13,2456.815872
22.1,107,2457.095624
-2.75,8,2463.514411
-2.0,1,2463.516988
-2.0,1,2463.519431
22.7,111,2463.777839
-2.05,2,2463.782477
-2.1,3,2463.789541
-2.55,8,2463.808306
21.6,117,2464.107124
30.5,43,2464.215346
32.25,36,2464.304574
27.25,64,2464.463636
24.0,109,2464.734554
24.75,106,2465.005698
-2.05,2,2465.010822
26.4,77,2465.212064
13.65,172,2465.660655
-2.0,1,2465.663348
-2.4,9,2465.686238
28.05,92,2465.919496
30.15,50,2466.043252
-2.05,2,2466.048219
25.7,91,2472.58266
31.65,36,2472.667468
26.8,85,2472.888464
23.9,135,2473.264598
30.95,42,2473.37273
24.95,98,2473.617741
22.9,115,2473.90635
-2.4,9,2473.929081
24.15,98,2474.185534
31.6,33,2474.274596
23.1,79,2474.488797
-2.35,8,2474.509867
31.35,34,2474.599071
-2.1,3,2474.606529
-3.2,17,2474.649505
31.7,43,2474.756827
22.45,144,2481.390775
32.0,37,2481.485245
-2.2,5,2481.498153
32.25,28,2481.571556
-3.8,17,2481.61543
-2.1,3,2481.62367
-2.2,5,2481.636054
-2.0,1,2481.638522
28.4,65,2481.80297
28.65,56,2481.975588
-2.1,3,2481.985579
27.95,74,2482.202183
30.85,36,2482.303587
-2.3,7,2482.323353
8.3,247,2482.96639
28.8,57,2483.115364
16.6,193,2483.61874
31.65,36,2483.712462
22.05,136,2490.291256
-2.35,8,2490.311071
30.25,52,2490.436744
6.0,1,2490.43905
32.75,22,2490.49027
31.7,35,2490.571918
27.8,57,2490.706634
31.2,37,2490.79862
31.8,33,2490.881461
22.55,90,2491.11046
-2.0,1,2491.11303
31.25,36,2491.208439
27.55,78,2491.413262
28.75,70,2491.583546
32.05,32,2491.662184
24.2,125,2491.975828
-2.45,6,2491.991538
28.6,69,2492.172512
23.8,109,2492.456206
24.45,108,2492.738234
25.45,96,2499.33704
31.75,34,2499.419015
30.95,50,2499.541812
-2.1,3,2499.549152
32.05,28,2499.618021
32.35,26,2499.68164
32.85,20,2499.732108
27.55,62,2499.894933
31.35,38,2499.99384
30.0,49,2500.121057
32.3,31,2500.20126
30.05,48,2500.323115
32.65,20,2500.375139
-3.9,31,2500.456118
30.7,55,2500.600241
30.8,45,2500.717036
25.75,86,2500.937873
-2.1,3,2500.945271
29.7,47,2501.068632
31.45,36,2501.163162
-2.15,4,2501.173675
24.8,113,2501.467839
-2.05,2,2501.473164
31.65,40,2501.577817
28.45,68,2501.755852
-2.2,5,2501.768451
-2.2,5,2501.781362
-3.65,18,2501.828427
24.05,128,2508.254644
28.8,57,2508.396266
29.95,58,2508.5474
-2.15,4,2508.558012
27.95,74,2508.751025
-2.05,2,2508.756238
-2.05,2,2508.761422
7.75,322,2509.547306
28.0,73,2509.729119
31.45,44,2509.838965
29.55,46,2509.952989
28.15,66,2510.117032
-3.8,21,2510.16971
32.0,29,2510.246497
30.45,36,2510.340721
30.7,31,2510.420781
-2.0,1,2510.423286
28.55,62,2516.790046
30.6,45,2516.90455
-2.1,3,2516.91237
22.75,98,2517.164876
-2.05,2,2517.17009
-3.75,20,2517.22271
32.15,26,2517.287062
29.7,59,2517.438313
32.35,26,2517.507604
29.25,60,2517.667018
-2.15,4,2517.67763
31.55,30,2517.758152
29.05,64,2517.932646
-2.35,8,2517.95516
27.85,84,2518.179529
30.75,46,2518.295861
28.25,84,2518.508139
27.95,70,2518.683371
30.4,41,2518.791549
30.3,43,2518.905389
32.0,29,2518.981506
28.9,67,2519.157986
-2.1,3,2519.16603
31.6,37,2519.263885
12.35,214,2525.945828
-2.0,1,2525.948422
32.5,27,2526.019892
30.9,43,2526.133624
27.3,63,2526.298288
-2.05,2,2526.303573
27.6,61,2526.461193
32.6,25,2526.527397
31.45,36,2526.622329
31.05,40,2526.726806
-3.45,18,2526.774165
31.0,49,2526.900269
-2.05,2,2526.905454
30.95,38,2527.002861
29.15,62,2527.165628
31.45,36,2527.260188
31.55,42,2527.368864
-2.2,5,2527.382003
30.85,40,2527.486171
-2.05,2,2527.491441
15.15,194,2528.000896
30.05,52,2528.137469
-2.0,1,2528.140056
32.05,36,2534.397444
-2.35,4,2534.408005
-3.25,14,2534.44522
28.65,60,2534.601716
-28.55,480,2535.862119
-2.05,2,2535.867415
32.65,24,2535.930786
31.9,39,2536.034041
31.0,41,2536.142676
28.65,72,2536.33146
30.1,43,2536.444198
-2.55,12,2536.475472
31.55,34,2536.564769
27.5,67,2536.73983
22.65,112,2537.032703
-2.1,3,2543.302994
-2.0,1,2543.305597
13.85,4,2543.315791
30.85,44,2543.423496
29.65,64,2543.574576
-2.0,1,2543.577001
32.6,29,2543.64523
30.05,56,2543.779781
31.45,44,2543.891144
-2.55,8,2543.91127
29.7,55,2544.051763
32.7,27,2544.121408
32.15,34,2544.210311
31.1,35,2544.301443
-2.55,12,2544.331291
26.6,97,2544.570967
20.8,133,2544.905874
30.25,48,2545.031174
32.7,23,2545.090717
29.35,58,2545.242765
30.65,56,2545.388869
27.4,85,2545.60912
-3.05,10,2545.635175
30.6,53,2545.774332
-2.2,5,2545.786698
-2.05,2,2545.791744
29.05,64,2552.26254
32.95,22,2552.317137
15.9,155,2552.685645
27.8,61,2552.828253
-2.15,4,2552.837618
28.55,70,2553.009113
32.45,32,2553.087005
32.35,30,2553.158701
-2.05,2,2553.163779
-2.0,1,2553.16624
8.65,212,2553.791332
31.6,33,2553.890568
30.35,50,2554.050012
32.0,33,2554.150347
29.35,58,2554.333062
30.55,54,2554.50913
-2.15,4,2554.521923
32.25,32,2554.623053
26.75,78,2554.865685
-2.4,9,2554.893188
-2.05,2,2554.899331
31.75,34,2555.00098
25.3,79,2561.616098
-2.4,9,2561.641988
13.7,127,2562.012491
-2.0,1,2562.015427
11.65,8,2562.039104
31.2,37,2562.150652
10.55,226,2562.815962
-2.0,1,2562.818753
31.2,37,2562.924314
31.55,34,2563.021917
-2.1,3,2563.030571
31.65,36,2563.133133
5.95,2,2563.138863
-2.05,2,2563.144591
31.55,30,2563.230816
29.1,79,2563.458291
31.9,31,2563.548011
-2.05,2,2563.553704
31.0,41,2563.671994
23.95,110,2563.98903
28.85,64,2564.175218
31.5,35,2564.276933
-2.2,5,2564.291334
32.85,24,2564.361012
28.3,59,2570.778948
-2.4,5,2570.793546
-2.3,7,2570.813854
-2.0,1,2570.8168
32.7,27,2570.899587
-2.0,1,2570.902633
-2.7,11,2570.934681
-2.1,3,2570.943805
32.95,22,2571.007629
32.4,29,2571.095568
29.3,67,2571.301001
30.35,54,2571.469831
24.4,133,2571.867122
29.25,60,2572.047729
-2.55,8,2572.071656
31.65,36,2572.176713
-2.3,7,2572.197275
-2.0,1,2572.200241
-2.7,11,2572.232447
-2.0,1,2572.235445
-2.0,1,2572.238369
28.45,56,2572.400619
28.35,66,2572.591481
27.6,69,2572.792878
31.1,35,2572.895796
30.2,45,2573.027054
27.85,68,2573.226375
27.6,69,2573.428783
26.5,79,2573.664013
-5.5,23,2579.916367
31.3,35,2580.022732
28.5,51,2580.1681
30.65,48,2580.300373
32.15,26,2580.374795
30.6,41,2580.492279
28.35,66,2580.680522
29.0,77,2580.917477
-3.25,10,2580.947674
31.7,39,2581.065896
-2.0,1,2581.068979
-5.7,27,2581.152118
-2.5,7,2581.173499
-5.95,36,2581.283911
15.8,177,2581.818111
-2.0,1,2581.821011
-2.0,1,2581.823931
31.0,45,2581.958461
29.1,59,2582.145045
7.95,2,2582.151401
30.25,40,2582.280784
28.45,64,2582.488765
26.2,73,2582.711216
-2.15,4,2582.723357
-4.45,22,2582.79017
27.6,77,2589.219588
29.95,58,2589.393236
32.1,31,2589.484243
-2.1,3,2589.493254
29.25,68,2589.689593
-2.25,6,2589.706689
27.7,91,2589.974669
-2.3,7,2589.995289
25.7,87,2590.250199
30.0,49,2590.400787
31.1,39,2590.516593
29.8,69,2590.72873
28.5,67,2590.937917
17.75,170,2591.44711
31.7,31,2591.537003
-2.2,5,2591.552362
21.05,132,2591.946739
-2.45,10,2591.975524
28.25,72,2592.195605
31.85,24,2598.643492
31.75,38,2598.749257
32.4,29,2598.831494
30.6,45,2598.960753
16.45,160,2599.411416
31.9,31,2599.502488
31.85,32,2599.599424
-2.0,1,2599.602394
24.55,122,2599.961294
29.35,66,2600.153598
31.25,44,2600.280749
28.3,71,2600.487473
30.05,52,2600.638378
22.2,105,2600.941647
31.4,33,2601.03906
28.45,60,2601.213764
5.0,1,2601.216659
25.75,94,2601.487624
9.95,2,2601.493449
31.95,30,2601.580152
-2.2,5,2607.887827
27.0,69,2608.086106
-2.2,5,2608.100473
-2.2,5,2608.115234
28.25,68,2608.317998
-3.05,14,2608.358958
5.0,1,2608.361962
25.55,106,2608.670374
-2.25,6,2608.687992
29.85,56,2608.84942
11.1,163,2609.363977
31.2,49,2609.515665
31.05,44,2609.651544
28.05,56,2609.825311
26.7,87,2610.091389
33.1,19,2610.148996
22.7,91,2610.419351
-2.0,1,2610.422375
27.45,68,2610.622141
13.9,3,2610.630877
28.6,65,2610.813487
33.05,20,2610.867851
28.15,70,2617.285379
29.0,69,2617.516289
31.25,48,2617.670613
31.35,46,2617.811991
28.5,67,2618.013364
29.35,54,2618.172391
9.95,2,2618.178133
25.5,91,2618.439736
31.3,43,2618.564078
19.55,114,2618.908121
11.85,4,2618.921086
-2.05,2,2618.927562
25.65,92,2619.212578
-2.4,9,2619.240174
-2.35,4,2619.252472
30.3,43,2619.383575
31.0,41,2619.507783
30.05,48,2619.650093
27.35,78,2619.895987
23.35,102,2620.214969
30.7,51,2626.567523
29.5,51,2626.720271
-2.8,13,2626.759739
26.95,74,2626.978652
-2.0,1,2626.981386
7.95,2,2626.987097
24.2,65,2627.169148
-2.1,3,2627.177612
-3.15,12,2627.21192
-2.05,2,2627.217616
30.8,41,2627.334888
28.7,67,2627.532014
-2.25,6,2627.550072
-2.1,3,2627.559238
31.25,36,2627.668601
29.3,47,2627.804638
30.1,55,2627.963881
9.95,2,2627.969759
29.9,51,2628.117864
27.95,70,2628.32472
32.7,23,2628.394479
18.0,145,2628.831523
31.1,51,2628.986276
-2.0,1,2628.989227
-2.55,12,2629.024454
-2.0,1,2629.027522
-2.25,6,2629.045712
31.4,41,2629.164749
31.95,34,2629.268136
27.45,68,2629.471981
32.3,27,2635.874002
28.25,72,2636.087756
28.65,60,2636.253852
29.1,63,2636.439256
31.55,38,2636.555251
31.75,42,2636.682182
32.65,24,2636.750735
-2.75,12,2636.785102
27.85,64,2636.962346
25.85,88,2637.21212
32.0,33,2637.306785
30.05,52,2637.460644
30.05,56,2637.628556
27.0,73,2637.849025
-2.25,6,2637.867106
29.5,55,2638.032192
-2.55,12,2638.068616
30.25,36,2638.175573
30.75,34,2638.277154
27.0,85,2638.534011
29.8,53,2638.692829
-2.2,5,2638.708129
-2.0,1,2638.711326
31.8,33,2638.811412
32.5,27,2645.086247
24.0,117,2645.425818
19.4,181,2645.963835
29.05,60,2646.139869
-2.45,6,2646.157803
24.75,138,2646.558409
28.35,74,2646.784704
-3.0,13,2646.821898
-2.25,6,2646.839115
24.1,63,2647.024567
32.35,22,2647.092742
-2.75,12,2647.13026
31.2,37,2647.245777
30.85,40,2647.369985
31.2,33,2647.473391
32.6,29,2647.563446
-2.95,8,2647.588295
5.0,1,2647.591414
-2.2,5,2647.60684
18.25,184,2654.225001
30.95,34,2654.325829
-2.6,9,2654.353106
-2.2,5,2654.36839
27.45,64,2654.55247
-3.6,17,2654.602764
-5.9,31,2654.705062
31.15,42,2654.835835
-2.1,3,2654.845328
-2.05,2,2654.851809
-36.6,453,2656.189812
30.1,55,2656.356602
31.85,32,2656.453858
16.85,204,2657.064307
30.9,47,2657.207817
31.25,44,2663.576582
32.9,23,2663.643917
29.8,57,2663.811571
23.7,103,2664.119074
33.15,18,2664.174203
-2.6,13,2664.213437
32.6,25,2664.285445
31.25,40,2664.402045
27.55,70,2664.605551
32.4,25,2664.680338
29.5,43,2664.810229
-2.2,5,2664.825429
-2.3,7,2664.846927
5.0,1,2664.850044
-2.1,3,2664.85906
19.0,149,2665.305184
31.55,30,2665.395468
28.45,68,2665.608075
-2.05,2,2665.614475
30.7,43,2665.754793
28.1,67,2665.967121
31.9,35,2666.080162
30.5,39,2666.192651
16.95,162,2672.830122
31.15,38,2672.940482
26.5,103,2673.240928
-2.25,6,2673.258221
32.55,30,2673.34454
30.25,44,2673.471353
26.65,72,2673.678628
28.0,77,2673.902959
31.2,45,2674.032787
30.2,49,2674.173487
31.7,39,2674.285608
5.95,2,2674.291397
32.75,22,2674.354187
29.15,54,2674.508423
31.5,35,2674.608847
26.55,102,2674.902364
-2.05,2,2674.90817
27.3,91,2675.178037
30.7,39,2675.296781
26.2,93,2675.588768
26.3,87,2682.221338
29.05,64,2682.41379
28.9,59,2682.586777
32.2,33,2682.684668
30.7,59,2682.858656
26.7,83,2683.110915
23.45,104,2683.418408
31.55,38,2683.528149
31.75,38,2683.638116
-2.85,10,2683.667026
29.95,50,2683.815472
27.85,68,2684.015527
30.7,51,2684.169826
32.6,25,2684.244205
30.45,48,2684.389992
31.35,42,2684.517256
30.3,43,2684.647773
17.5,167,2691.360706
32.75,22,2691.424566
-2.8,17,2691.476041
-2.7,15,2691.521845
-2.1,3,2691.530922
-2.0,1,2691.533959
-2.15,4,2691.546097
32.4,29,2691.630891
19.2,77,2691.859176
-2.2,5,2691.873808
32.1,31,2691.967291
-2.2,5,2691.981672
31.95,34,2692.080471
28.15,62,2692.261721
-7.0,29,2692.34542
31.1,39,2692.459014
31.2,37,2692.566238
30.15,50,2692.712505
31.7,39,2692.825716
31.6,37,2692.933581
32.2,33,2693.029657
29.15,54,2693.186013
30.55,42,2693.30951
32.15,30,2693.396583
31.85,32,2693.492975
32.45,28,2693.578918
28.6,77,2693.824733
30.75,50,2693.989796
31.7,27,2694.077821
31.25,40,2694.205543
32.0,37,2694.318212
-2.2,5,2694.333381
27.5,59,2700.809809
8.0,1,2700.812805
-7.5,39,2700.927311
30.85,48,2701.069884
30.7,47,2701.210288
28.0,61,2701.397032
29.3,47,2701.536752
24.95,106,2701.857579
32.45,28,2701.942106
-2.6,9,2701.968738
-2.1,3,2701.977831
28.75,70,2702.188265
28.55,70,2702.400386
-3.35,12,2702.436609
25.45,60,2702.614841
-3.8,17,2702.663252
-2.9,15,2702.706096
21.75,130,2703.079522
-2.05,2,2703.085244
32.7,19,2703.139939
-2.1,3,2703.148518
31.95,34,2703.249254
-3.35,16,2703.297759
-2.1,3,2703.306457
-2.55,12,2703.342502
10.55,142,2710.072321
-2.75,12,2710.108819
32.2,25,2710.184757
32.85,24,2710.257721
29.55,62,2710.443808
28.6,53,2710.605442
31.7,39,2710.723953
28.5,79,2710.965034
16.8,217,2711.650385
14.55,182,2712.20544
23.35,102,2712.517681
6.0,1,2712.520746
-2.55,12,2712.556968
32.35,30,2712.64818
30.0,53,2712.808366
-4.3,355,2719.976185
31.6,41,2720.100918
-2.05,2,2720.106984
27.45,76,2720.337049
-13.9,87,2720.599905
24.9,103,2720.911605
23.05,132,2721.306591
30.7,51,2721.457227
29.2,69,2721.668224
29.05,56,2721.839234
-3.25,14,2721.881609
-2.0,1,2721.884718
32.55,30,2721.976108
32.5,23,2722.047406
31.9,35,2722.155332
-2.15,4,2722.167664
32.9,23,2722.237586
-2.0,1,2722.240664
32.65,28,2722.327958
-2.15,4,2722.340457
26.05,88,2728.707791
-2.1,3,2728.717438
25.8,97,2729.032318
30.95,34,2729.138307
-2.5,7,2729.159895
30.1,43,2729.288084
30.1,47,2729.425301
29.65,48,2729.565561
-2.0,1,2729.568461
30.95,38,2729.678847
30.85,44,2729.806782
32.45,28,2729.888377
-2.0,1,2729.891352
32.15,30,2729.977767
30.65,52,2730.129581
31.05,36,2730.23797
31.5,35,2730.343569
31.5,39,2730.45794
18.1,127,2730.841391
-2.4,5,2730.855982
30.2,37,2730.968771
-4.15,20,2731.030731
-2.05,2,2731.036525
32.1,31,2731.130705
29.1,55,2731.30027
27.0,65,2731.498283
24.1,127,2738.124429
30.8,41,2738.246456
24.65,104,2738.561714
29.35,62,2738.828849
28.3,75,2739.157846
23.5,123,2739.538489
10.0,1,2739.541561
28.35,66,2739.740888
-2.1,3,2739.749427
21.35,118,2740.093629
32.75,22,2740.160488
22.8,77,2740.374309
7.9,3,2740.382475
23.45,24,2740.448943
29.95,46,2740.57791
31.95,30,2740.664469
20.0,129,2741.03288
30.2,45,2747.340004
24.95,78,2747.56688
25.9,83,2747.815901
31.8,33,2747.915837
30.0,53,2748.074048
30.6,49,2748.220797
30.1,39,2748.340025
7.95,2,2748.346178
32.55,26,2748.423079
16.25,140,2748.849368
30.85,44,2748.980813
22.95,142,2749.416022
31.2,45,2749.557259
26.4,81,2749.79897
13.1,139,2750.202676
32.05,24,2750.2714
30.35,34,2756.575111
30.25,60,2756.751321
30.95,46,2756.882912
-2.65,10,2756.911581
32.55,26,2756.986874
-2.05,2,2756.992726
30.5,47,2757.133027
32.9,23,2757.203475
31.3,39,2757.317585
31.05,48,2757.461544
24.35,102,2757.771209
-2.55,12,2757.807648
31.6,29,2757.896041
-2.4,5,2757.91125
32.8,25,2757.98741
32.0,29,2758.074294
32.55,22,2758.138107
29.8,45,2758.269812
27.9,59,2758.448238
-3.15,16,2758.496756
-2.15,4,2758.508887
31.25,48,2758.6532
25.15,98,2758.942183
-2.1,3,2758.950707
30.05,44,2759.077981
30.6,41,2759.19625
32.35,30,2759.285047
31.75,26,2759.36565
19.55,170,2766.069332
32.25,32,2766.16258
25.3,11,2766.196147
29.75,42,2766.323901
24.95,94,2766.603956
-2.45,6,2766.622011
-2.3,7,2766.64236
-2.1,3,2766.651411
30.45,56,2766.817897
29.35,62,2767.005662
-2.35,8,2767.029675
6.0,1,2767.032686
32.05,28,2767.117586
32.8,21,2767.180954
-2.2,5,2767.196219
22.25,120,2767.558043
-3.15,20,2767.618352
32.85,24,2767.690816
20.25,120,2768.043342
30.05,52,2768.199382
32.25,28,2768.28382
26.4,69,2768.489589
28.05,60,2768.660826
31.95,38,2768.770102
31.75,34,2775.041176
24.5,99,2775.343376
28.6,57,2775.517951
31.1,35,2775.623727
28.0,65,2775.816493
27.85,56,2775.995823
31.45,36,2776.107976
26.05,84,2776.379749
26.4,69,2776.601476
30.55,54,2776.769531
28.4,69,2776.982762
-2.0,1,2776.985825
-2.25,6,2777.004311
6.3,183,2777.55408
-2.0,1,2777.557261
-2.35,8,2777.58315
28.25,80,2777.841552
18.45,180,2784.476456
-2.3,7,2784.495314
31.4,41,2784.606621
31.55,38,2784.709975
30.2,53,2784.854062
31.0,33,2784.946696
31.95,26,2785.022936
29.3,51,2785.178304
5.95,2,2785.184435
-2.3,7,2785.205499
30.6,45,2785.341714
5.0,1,2785.344729
-2.0,1,2785.34777
-2.2,5,2785.362857
28.9,55,2785.52697
32.35,26,2785.604505
27.0,57,2785.777763
-5.0,21,2785.841719
25.8,101,2786.148799
30.35,54,2786.308644
30.65,36,2786.413145
-6.5,31,2786.506686
-2.9,7,2786.528036
-4.5,31,2786.621418
30.1,47,2786.762836
15.15,178,2793.514019
-2.15,4,2793.525687
32.4,25,2793.598637
31.5,31,2793.692355
26.55,114,2794.041913
30.4,61,2794.227837
-2.05,2,2794.233909
22.45,100,2794.540517
31.7,31,2794.634308
31.0,41,2794.758055
29.2,49,2794.904424
28.85,64,2795.095513
-2.15,4,2795.107571
30.25,40,2795.225672
29.5,63,2795.401841
0.65,336,2796.384595
30.7,51,2802.855935
-2.65,10,2802.886187
31.35,38,2803.001354
-2.0,1,2803.00433
31.4,33,2803.106172
30.7,47,2803.248174
31.45,36,2803.356599
32.95,18,2803.410812
32.2,29,2803.497828
30.15,50,2803.646118
-2.05,2,2803.651976
30.4,65,2803.84605
16.7,187,2804.410389
30.9,51,2804.564372
28.65,48,2804.710599
26.0,77,2804.933975
-2.15,4,2804.945401
31.8,33,2805.040859
32.2,33,2805.152658
31.2,41,2805.282467
32.2,25,2805.358552
32.65,24,2805.43169
-2.1,3,2805.440637
-2.05,2,2805.446623
8.0,1,2805.4498
-2.05,2,2805.45581
29.65,64,2805.654111
9.95,2,2805.660154
29.8,45,2805.798379
-17.45,390,2813.203292
32.65,24,2813.270008
-2.25,6,2813.287154
32.2,29,2813.369889
30.35,50,2813.51833
-2.0,1,2813.521168
31.9,31,2813.610545
31.05,44,2813.737931
-2.2,5,2813.752406
31.85,40,2813.868798
-3.6,17,2813.917987
31.2,37,2814.025448
-3.2,13,2814.063442
32.45,28,2814.145162
5.0,1,2814.148132
-2.4,9,2814.174323
29.25,60,2814.349503
29.4,57,2814.519551
31.1,39,2814.636806
-2.0,1,2814.639794
29.3,43,2814.769796
19.0,129,2815.169159
30.3,43,2821.553608
8.0,1,2821.55664
24.55,110,2821.878215
18.4,165,2822.365447
24.2,93,2822.647363
30.95,38,2822.761914
31.6,33,2822.861953
-2.1,3,2822.870933
-2.1,3,2822.880115
32.3,27,2822.962346
-2.0,1,2822.965384
29.85,48,2823.11062
-2.45,10,2823.14073
-2.0,1,2823.143797
32.2,37,2823.256645
30.75,42,2823.379771
32.3,27,2823.462646
29.6,49,2823.611832
32.35,26,2823.692159
30.7,43,2823.833205
-2.65,10,2823.866102
-2.0,1,2823.869391
29.6,53,2824.040615
-2.2,5,2824.056098
32.45,28,2824.141487
-2.2,5,2824.156713
30.55,46,2824.295568
33.15,18,2824.350399
30.35,42,2824.477846
-2.05,2,2824.483818
32.15,30,2830.859179
-2.1,3,2830.867939
28.85,68,2831.064803
-2.0,1,2831.067636
-2.25,6,2831.085047
-3.05,10,2831.113805
28.7,75,2831.329338
32.15,30,2831.416074
-2.1,3,2831.424606
31.1,35,2831.525599
-2.2,5,2831.540215
-2.0,1,2831.543141
31.15,42,2831.675017
32.15,26,2831.759056
11.85,4,2831.772125
18.25,112,2832.126976
30.15,42,2832.260442
32.2,29,2832.353769
33.2,17,2832.407433
32.25,24,2832.484756
6.0,1,2832.488092
-2.05,2,2832.494154
26.7,79,2832.737817
32.15,30,2832.828866
-2.6,9,2832.856161
25.85,92,2833.141988
-3.75,20,2833.205017
30.8,41,2833.348317
31.0,49,2833.507449
31.85,32,2833.610692
24.2,109,2833.945032
27.0,81,2840.2142
27.6,65,2840.398765
32.5,27,2840.473113
32.6,25,2840.540767
-3.0,13,2840.576443
9.9,3,2840.585165
-5.1,19,2840.638966
28.6,65,2840.824345
29.25,60,2840.993068
-2.6,9,2841.018587
30.75,42,2841.135918
7.95,2,2841.141621
-2.45,6,2841.158769
32.9,19,2841.214341
31.95,30,2841.302012
32.9,23,2841.371911
31.0,41,2841.493284
30.35,50,2841.640218
-4.35,20,2841.700001
-2.1,3,2841.709004
-2.25,6,2841.727097
24.75,98,2842.012842
30.7,39,2842.125636
31.7,31,2842.214846
31.8,41,2842.332735
-3.35,12,2842.367518
-2.05,2,2842.373298
-2.95,8,2842.396531
-2.1,3,2842.405263
30.5,55,2842.566477
31.2,49,2842.711335
31.8,33,2842.810819
28.5,67,2849.188548
32.1,27,2849.261806
29.45,48,2849.399019
31.75,34,2849.500669
23.45,84,2849.73966
-2.15,4,2849.751941
30.8,41,2849.879675
32.1,27,2849.962524
31.7,31,2850.059192
-2.8,13,2850.101302
27.75,74,2850.328864
27.85,48,2850.474617
-2.1,3,2850.483887
31.7,31,2850.5793
30.85,36,2850.688648
-2.0,1,2850.691634
-2.3,7,2850.713001
31.2,49,2850.862243
-2.7,11,2850.897848
30.5,43,2851.075972
30.2,45,2851.26235
31.8,33,2851.364907
-2.25,6,2851.383507
-2.15,4,2851.395898
-9.4,501,2859.19077
-2.1,3,2859.199435
-2.6,13,2859.237038
29.2,57,2859.402196
29.0,61,2859.579008
31.55,38,2859.689387
10.5,227,2860.365781
29.9,51,2860.513998
7.9,3,2860.523145
-2.2,5,2860.537756
-2.3,7,2860.558218
29.8,41,2860.679194
30.35,54,2860.836056
31.3,39,2860.943949
-2.05,2,2860.949404
18.4,157,2861.374615
28.6,65,2861.56064
27.85,68,2867.629659
31.2,41,2867.749194
28.9,59,2867.918348
-2.45,10,2867.946719
-2.1,3,2867.955275
-2.55,8,2867.977163
32.75,22,2868.040582
-2.25,6,2868.058064
30.45,44,2868.186648
32.9,23,2868.253973
32.3,31,2868.344467
28.55,46,2868.475864
-2.05,2,2868.481417
-2.1,3,2868.489776
31.95,34,2868.58479
28.7,67,2868.776104
30.0,45,2868.905798
-3.7,19,2868.958586
30.05,48,2869.098073
30.9,35,2869.196913
33.1,19,2869.249962
30.7,47,2869.381249
-3.3,15,2869.42496
-2.85,14,2869.467082
-3.05,14,2869.511164
31.3,39,2869.629932
-4.35,32,2869.724734
31.45,44,2869.858182
32.05,32,2869.950941
-2.0,1,2869.95383
27.35,58,2870.1207
28.65,56,2870.296278
22.8,109,2876.528678
-2.4,9,2876.55365
27.85,72,2876.762409
-2.25,6,2876.780289
-2.85,18,2876.83385
30.95,50,2876.974055
32.7,27,2877.048994
27.75,70,2877.244796
28.15,58,2877.415141
30.65,36,2877.521379
31.35,38,2877.626726
23.1,107,2877.924001
-2.15,4,2877.935082
-2.85,14,2877.973951
28.7,51,2878.115684
-6.15,40,2878.226587
32.1,35,2878.324574
30.3,43,2878.443657
32.4,25,2878.513122
31.75,30,2878.596288
32.15,26,2878.668646
32.5,27,2878.744629
30.6,45,2878.869211
-2.5,11,2878.899447
31.85,32,2878.988312
31.05,32,2879.080153
-2.5,11,2879.114324
-2.1,3,2879.123675
27.85,76,2885.163234
31.5,43,2885.297078
6.05,12,2885.333086
30.35,46,2885.463806
31.85,40,2885.577177
25.75,78,2885.803976
-5.2,281,2886.607487
32.6,25,2886.681549
30.15,46,2886.82104
27.9,67,2887.020738
29.4,41,2887.138952
-2.2,5,2887.152813
31.9,35,2887.249703
28.1,67,2887.436747
29.0,49,2887.573465
30.7,31,2887.663033
29.35,54,2887.819914
29.9,55,2887.978985
-2.15,4,2887.990562
32.8,21,2888.052088
-3.6,21,2893.950963
-2.0,1,2893.953825
29.95,46,2894.082874
32.5,23,2894.148325
27.3,75,2894.367677
31.45,36,2894.473436
-2.4,9,2894.499918
-2.1,3,2894.50874
31.95,30,2894.597833
-3.15,12,2894.633023
5.0,1,2894.636108
31.1,35,2894.738547
-21.0,409,2895.9275
31.0,41,2896.042595
-2.05,2,2896.04809
-2.4,9,2896.072829
-2.45,10,2896.100423
14.3,171,2896.591817
32.55,22,2896.655515
-3.8,13,2896.692811
29.4,53,2896.844852
-2.2,5,2896.858685
32.25,24,2903.114053
-2.2,5,2903.12778
31.15,38,2903.231557
32.0,29,2903.316831
31.75,38,2903.427537
-2.4,5,2903.44191
-2.9,15,2903.48543
-2.2,5,2903.499897
6.0,1,2903.502841
31.65,36,2903.606545
28.35,82,2903.842694
28.0,81,2904.071159
31.3,39,2904.184249
6.85,16,2904.230851
30.95,38,2904.341192
32.4,29,2904.4254
-2.1,3,2904.434064
27.7,51,2904.581541
30.0,45,2904.71039
32.65,24,2904.780388
-2.0,1,2904.783369
9.9,3,2904.792176
-2.3,7,2904.812589
23.05,124,2905.175046
31.8,29,2905.259311
31.7,39,2905.372391
31.0,45,2905.502588
-3.15,12,2905.537301
26.0,89,2905.796009
32.1,31,2905.886471
30.65,40,2906.003547
-2.65,10,2911.871433
16.2,233,2912.523783
-3.05,14,2912.564307
-2.15,4,2912.57602
31.65,40,2912.692688
-103.65,578,2914.35124
27.3,75,2914.559872
25.75,86,2920.77364
30.5,47,2920.911155
-3.55,20,2920.969216
-2.35,8,2920.992572
32.55,22,2921.056562
28.85,56,2921.210014
-2.1,3,2921.217993
30.75,46,2921.343367
31.15,42,2921.459479
-3.0,9,2921.484494
14.8,145,2921.882992
32.6,21,2921.938937
-2.0,1,2921.941828
-2.05,2,2921.949075
31.3,35,2922.049355
24.2,81,2922.288071
32.3,27,2922.367625
29.05,56,2922.52482
11.9,3,2922.533089
-2.55,8,2922.555243
-3.15,16,2922.5991
-3.4,25,2922.670532
30.95,42,2922.792378
-2.15,4,2922.803769
25.25,76,2923.008429
-4.05,30,2923.088977
-2.35,8,2923.110033
30.6,45,2923.240461
-2.3,7,2923.261262
19.6,121,2923.60393
-2.45,10,2929.556728
32.1,27,2929.631958
-6.8,29,2929.712606
25.95,78,2929.932215
32.45,24,2929.998632
31.45,40,2930.103995
-2.1,3,2930.112301
31.15,42,2930.229446
32.65,20,2930.288599
28.1,59,2930.457386
30.45,44,2930.585035
30.3,39,2930.699436
25.25,76,2930.920569
30.2,37,2931.029714
31.95,30,2931.118
29.05,56,2931.281412
33.0,21,2931.341345
-2.35,4,2931.352483
31.3,51,2931.497559
31.15,46,2931.629953
30.5,39,2931.743268
28.5,71,2931.949203
33.0,17,2931.998768
-2.05,2,2932.004661
26.1,107,2932.304817
30.5,43,2932.424892
24.9,83,2938.634934
32.3,31,2938.72205
27.3,75,2938.934247
-24.05,170,2939.412314
31.1,39,2939.518554
31.3,39,2939.624945
-2.05,2,2939.630168
32.5,27,2939.702829
31.35,38,2939.812341
30.85,52,2939.957725
31.85,32,2940.048748
29.25,68,2940.243266
32.7,27,2940.318393
-2.05,2,2940.323962
31.55,42,2940.440344
27.85,72,2940.650954
32.05,28,2940.732762
6.9,295,2947.617278
-2.1,3,2947.625967
31.95,34,2947.721996
30.9,35,2947.823834
32.3,31,2947.913234
30.6,37,2948.01528
29.0,53,2948.167358
11.85,4,2948.179009
32.0,37,2948.283145
5.0,1,2948.285916
29.0,57,2948.446908
-3.1,11,2948.478065
32.8,21,2948.536361
5.0,1,2948.539139
30.55,42,2948.657094
-2.45,6,2948.67371
33.05,20,2948.729342
32.55,26,2948.801503
14.15,162,2949.251181
32.05,28,2949.33298
32.15,26,2949.408828
32.1,35,2949.511912
32.05,32,2949.610408
30.1,43,2949.744746
-3.5,11,2949.778944
-2.3,7,2949.800764
23.9,95,2950.084559
-2.2,5,2950.099078
31.45,40,2950.213269
31.25,40,2956.246656
31.75,34,2956.33538
29.65,48,2956.460914
30.3,47,2956.583949
-2.6,13,2956.617691
7.85,4,2956.628173
-2.15,4,2956.63853
-2.25,6,2956.654167
31.55,34,2956.742922
32.85,20,2956.796752
-2.3,7,2956.815722
32.85,20,2956.868481
31.9,31,2956.949962
31.85,28,2957.022874
28.65,68,2957.209166
32.0,41,2957.323454
13.9,3,2957.331751
-2.45,10,2957.359417
31.05,32,2957.44815
31.7,31,2957.53802
-2.5,7,2957.558337
28.4,61,2957.729317
27.7,63,2957.894686
32.0,33,2957.982064
-2.2,5,2957.995212
31.35,34,2958.08577
-2.5,7,2958.104943
21.8,129,2958.464758
-65.45,578,2965.954752
26.2,73,2966.158398
29.25,52,2966.302972
29.9,47,2966.436043
31.5,31,2966.521629
-3.0,17,2966.56901
31.25,44,2966.691394
30.55,42,2966.813173
-11.4,265,2967.563607
30.65,52,2967.714828
24.6,105,2973.891333
32.5,23,2973.956872
-2.35,4,2973.968259
9.7,235,2974.669015
5.0,1,2974.672211
31.95,34,2974.779436
-2.6,9,2974.806362
26.25,96,2975.09249
28.1,67,2975.292871
31.75,38,2975.403998
-2.2,5,2975.418699
29.55,46,2975.554725
24.65,108,2975.875122
32.15,26,2975.957393
31.4,41,2976.077971
25.1,79,2976.30592
31.1,39,2976.422029
19.3,151,2982.989011
-2.05,2,2982.994641
32.25,28,2983.078114
31.8,29,2983.165102
29.7,59,2983.342078
30.8,49,2983.485662
29.0,69,2983.689008
31.5,35,2983.789139
-2.25,6,2983.80617
31.6,37,2983.91092
-2.05,2,2983.916573
30.7,55,2984.075446
-2.0,1,2984.078251
6.0,1,2984.081161
23.2,77,2984.302309
-2.7,15,2984.346934
-2.35,8,2984.370764
31.7,31,2984.464792
-3.0,13,2984.502558
-4.4,29,2984.586931
27.95,54,2984.747624
-3.8,21,2984.807101
30.4,41,2984.92326
-2.35,8,2984.945915
-2.05,2,2984.951629
32.15,38,2985.05942
30.1,47,2985.192765
30.85,44,2985.317865
-2.2,5,2985.331926
21.45,120,2985.69006
30.1,51,2991.840835
-3.9,27,2991.916497
32.05,28,2991.991279
28.9,59,2992.149584
31.45,32,2992.236122
-2.65,10,2992.262767
29.7,51,2992.399318
-2.15,4,2992.409909
26.15,70,2992.608745
32.4,25,2992.679213
-2.15,4,2992.690665
31.5,43,2992.815357
31.35,34,2992.916341
-2.1,3,2992.925053
32.45,24,2992.996468
28.75,54,2993.156161
31.55,34,2993.253563
-3.1,15,2993.296178
32.75,22,2993.358168
5.0,1,2993.361033
-2.95,20,2993.417922
-2.7,7,2993.438199
24.65,92,2993.701701
29.5,47,2993.835574
30.15,38,2993.944504
28.45,64,2994.126709
31.9,35,2994.227279
-2.6,9,2994.252982
-2.15,4,2994.264422
-2.15,4,2994.275875
-2.7,11,2994.307614
30.4,45,2994.435125
31.25,32,2994.526083
-2.05,2,2994.531826
27.2,73,3000.832093
32.3,27,3000.910239
32.4,29,3000.993834
-2.3,7,3001.013714
28.9,47,3001.160711
-2.15,4,3001.173497
31.8,33,3001.277764
27.8,69,3001.495059
15.4,193,3002.093117
32.05,28,3002.181896
31.45,40,3002.308324
31.9,31,3002.407061
28.75,58,3002.585444
-2.15,4,3002.597462
-2.0,1,3002.600669
-2.25,6,3002.618611
31.65,32,3002.714972
-2.25,6,3002.733887
-2.9,19,3002.794188
32.4,25,3002.871173
-2.05,2,3002.877095
29.7,55,3003.04128
31.85,36,3003.151427
32.15,30,3003.242263
6.0,1,3003.245429
29.05,76,3003.489292
-2.65,10,3003.520717
-2.05,2,3003.527062
29.6,53,3003.69088
26.2,81,3003.93118
31.4,45,3010.18962
33.0,21,3010.246482
-2.1,3,3010.254537
30.9,43,3010.375821
6.0,1,3010.378623
29.55,62,3010.554949
-2.05,2,3010.56096
-2.15,4,3010.572882
-6.6,41,3010.695247
31.65,28,3010.778762
-2.25,6,3010.796689
23.9,123,3011.143816
-5.4,197,3011.734455
-4.55,28,3011.816211
32.65,24,3011.885715
30.9,39,3012.002543
-2.5,7,3012.022963
30.9,39,3012.13532
30.25,52,3012.290466
27.3,67,3012.493955
-3.1,19,3012.555057
-2.1,3,3012.564689
-2.05,2,3012.571217
32.25,32,3012.675294
29.1,63,3012.868351
32.55,18,3012.9224
32.95,18,3012.976535
-2.05,2,3012.982607
26.95,74,3019.259882
-2.1,3,3019.268398
28.35,62,3019.449077
-3.75,12,3019.485036
32.55,26,3019.562717
32.25,28,3019.647303
28.9,47,3019.781635
29.75,54,3019.939782
-2.05,2,3019.945771
-2.5,11,3019.97894
30.25,48,3020.13143
-2.55,8,3020.156872
29.85,48,3020.301977
31.15,26,3020.380115
-3.9,15,3020.425122
29.8,45,3020.560043
29.6,65,3020.751113
31.3,35,3020.851272
-5.45,286,3021.723985
30.45,48,3021.869747
32.25,28,3021.953766
28.55,54,3022.116579
5.95,2,3022.122215
28.4,77,3028.36526
32.4,25,3028.43763
31.7,39,3028.550622
30.85,44,3028.677836
32.6,29,3028.763104
20.8,129,3029.146053
30.65,44,3029.273008
32.5,27,3029.35182
30.75,42,3029.473705
-2.8,9,3029.500252
29.8,53,3029.656345
28.4,65,3029.851532
18.25,156,3030.311387
-2.05,2,3030.317003
32.4,25,3030.38823
-2.15,4,3030.399644
-2.15,4,3030.410977
-2.75,12,3030.445564
27.65,76,3030.668892
31.45,44,3030.796207
30.4,49,3030.942355
31.1,35,3031.04745
-4.15,12,3031.082141
26.1,79,3037.47307
30.35,38,3037.575017
28.35,62,3037.742273
9.9,3,3037.750266
30.4,45,3037.870595
30.7,39,3037.979942
31.75,38,3038.087976
31.55,38,3038.201008
32.95,22,3038.266299
31.25,28,3038.349411
30.7,39,3038.464282
28.65,60,3038.641841
16.0,193,3039.210192
-2.55,12,3039.244461
30.6,53,3039.395348
32.25,24,3039.463565
28.4,65,3039.648065
26.25,72,3039.852882
7.95,2,3039.858516
32.2,37,3039.995612
26.65,88,3040.41172
-2.0,1,3040.416104
-2.2,5,3040.438797
31.4,41,3046.625832
29.65,52,3046.772842
30.65,40,3046.885549
-2.05,2,3046.891128
11.95,2,3046.896785
30.9,43,3047.020922
-2.05,2,3047.026896
-2.25,6,3047.045036
31.85,36,3047.153883
-2.2,5,3047.168944
-2.05,2,3047.17498
28.7,63,3047.35445
28.0,65,3047.540359
30.35,42,3047.66708
30.0,65,3047.864668
-2.05,2,3047.870709
-2.1,3,3047.88004
32.5,23,3047.949787
26.1,123,3048.331688
30.55,46,3048.461718
32.2,33,3048.555486
32.85,24,3048.623722
-2.15,4,3048.635558
31.2,29,3048.719851
-2.15,4,3048.731871
28.45,64,3048.921759
24.25,120,3049.281648
-2.1,3,3049.291073
-1.35,320,3056.195605
13.9,3,3056.204012
31.15,38,3056.310776
-2.4,9,3056.335443
31.65,36,3056.435105
-2.05,2,3056.440479
31.6,41,3056.553053
23.6,77,3056.777081
30.5,51,3056.922668
-2.45,10,3056.951483
29.25,44,3057.082415
27.25,60,3057.266619
-2.05,2,3057.272684
6.0,1,3057.27586
29.4,49,3057.424583
32.55,26,3057.501561
-2.15,4,3057.51516
32.15,34,3057.619864
29.3,55,3057.790653
31.45,36,3057.900411
-48.4,513,3065.475503
31.85,32,3065.566643
-2.05,2,3065.572334
31.9,27,3065.648545
31.35,38,3065.753607
-2.0,1,3065.756355
-6.35,32,3065.846103
31.45,40,3065.95711
-2.15,4,3065.96824
-3.85,14,3066.007748
-2.1,3,3066.016226
31.7,31,3066.103355
32.25,32,3066.199051
31.3,31,3066.293004
29.4,53,3066.453409
29.1,67,3066.652994
-2.25,6,3066.671311
31.1,43,3066.800934
32.25,32,3066.8978
-2.35,4,3066.909802
31.55,34,3067.012014
27.15,86,3067.265407
31.15,42,3067.385719
31.45,36,3067.48903
31.75,38,3067.597865
31.25,48,3074.009998
32.5,31,3074.101026
24.1,99,3074.392071
31.9,35,3074.496089
-2.1,3,3074.505012
30.95,38,3074.61837
31.85,32,3074.713711
-2.45,10,3074.7436
31.05,40,3074.870085
-2.25,6,3074.888568
-2.0,1,3074.891595
32.45,28,3074.97766
27.95,74,3075.199133
29.95,54,3075.370936
-2.0,1,3075.374253
31.8,41,3075.497958
29.55,58,3075.677329
32.95,18,3075.733424
31.1,35,3075.83762
31.55,38,3075.951484
31.0,37,3076.062186
-2.4,9,3076.089302
32.5,27,3076.171187
31.95,30,3076.263059
8.0,1,3076.266241
30.95,34,3076.369345
31.2,33,3076.463074
-2.05,2,3076.46873
31.65,28,3076.552087
-3.15,12,3076.58784
32.6,29,3076.673304
-2.05,2,3076.67891
32.0,29,3076.760852
5.0,1,3076.76368
22.55,134,3083.062176
28.95,50,3083.202475
32.3,27,3083.279066
30.85,32,3083.369869
31.15,38,3083.476359
5.0,1,3083.479065
28.3,51,3083.618887
17.7,139,3084.016221
32.55,26,3084.090834
-2.0,1,3084.093622
-2.05,2,3084.099376
-2.85,14,3084.139701
-2.0,1,3084.142576
30.7,43,3084.265042
29.3,59,3084.434219
-2.1,3,3084.443119
29.1,43,3084.568734
-2.95,16,3084.614349
31.5,39,3084.726602
-2.6,13,3084.763767
31.75,42,3084.883808
32.65,28,3084.963922
27.4,89,3085.225611
-3.05,14,3085.26557
25.3,95,3085.545732
-2.75,12,3085.583618
32.95,18,3085.638426
9.95,2,3085.644594
-3.85,18,3085.699136
26.25,92,3092.095231
32.65,24,3092.161844
-2.35,8,3092.184018
-4.45,22,3092.247342
-4.4,17,3092.295947
31.35,38,3092.406119
-2.15,4,3092.417865
32.15,30,3092.507241
31.55,46,3092.642174
-2.3,7,3092.662889
-2.8,9,3092.689777
-2.1,3,3092.698784
25.1,103,3093.002453
30.55,38,3093.116002
32.7,27,3093.196971
26.15,86,3093.454749
-3.45,26,3093.529463
7.95,2,3093.53521
31.25,44,3093.660645
31.45,40,3093.778217
31.15,34,3093.877002
9.9,3,3093.885757
30.25,48,3094.025018
29.25,52,3094.173977
30.9,43,3094.29609
23.95,130,3094.69039
23.25,92,3094.97556
29.45,52,3101.262401
28.35,74,3101.471804
13.15,190,3102.021846
19.35,142,3102.439126
28.25,52,3102.59335
31.1,43,3102.72163
-2.3,7,3102.742342
31.2,37,3102.851853
-2.25,6,3102.869548
33.0,21,3102.931783
-4.6,25,3103.006203
32.05,32,3103.101191
5.0,1,3103.104169
29.8,53,3103.261772
31.8,29,3103.348324
32.0,29,3103.434963
33.15,18,3103.486314
31.35,34,3103.587317
27.2,85,3103.840418
32.65,24,3103.911523
27.6,77,3104.140538
-2.9,11,3104.173343
28.55,54,3110.415457
11.95,2,3110.421036
-2.1,3,3110.42941
32.65,24,3110.496325
31.55,38,3110.602124
-5.45,38,3110.707641
31.0,41,3110.821124
32.6,25,3110.888538
30.1,43,3111.00911
29.8,49,3111.149706
26.85,68,3111.34151
-3.2,17,3111.389449
31.5,35,3111.488349
32.6,25,3111.559013
-2.05,2,3111.564618
31.0,37,3111.66905
13.65,8,3111.691759
32.45,28,3111.770445
31.3,39,3111.880365
31.2,33,3111.977669
32.75,26,3112.055028
29.95,62,3112.240093
29.2,61,3112.42218
24.35,110,3112.743187
26.55,82,3112.987695
31.4,41,3113.107751
28.5,67,3119.409348
33.0,17,3119.457897
-2.75,8,3119.480401
-2.9,15,3119.523533
-4.45,26,3119.597332
32.7,27,3119.674332
29.45,64,3119.85727
26.75,66,3120.045799
31.8,37,3120.151381
31.95,30,3120.236474
30.85,44,3120.36792
15.45,8,3120.391833
23.2,109,3120.707728
31.45,36,3120.814282
31.25,44,3120.948738
-2.0,1,3120.9518
-2.7,7,3120.973547
32.35,26,3121.052796
-2.05,2,3121.0588
29.65,48,3121.195953
31.6,33,3121.292769
30.4,45,3121.433719
30.8,41,3121.558648
-2.15,4,3121.570534
30.8,33,3121.668282
26.9,67,3121.866573
31.1,35,3121.970067
-2.0,1,3121.973014
19.7,115,3122.327709
31.75,30,3128.308159
32.0,33,3128.407353
31.4,37,3128.51461
31.85,36,3128.617202
-2.85,6,3128.634058
30.75,42,3128.752798
-2.0,1,3128.755567
32.2,29,3128.836931
30.05,48,3128.97157
31.45,36,3129.069166
31.45,40,3129.181527
29.2,41,3129.298904
31.75,30,3129.384902
-2.5,7,3129.404808
31.05,44,3129.531315
30.75,34,3129.628795
30.85,44,3129.757807
31.3,43,3129.885321
-3.3,19,3129.939359
8.0,1,3129.942324
21.4,121,3130.29868
31.75,38,3130.407411
27.65,68,3130.60862
30.55,46,3130.743
31.65,28,3130.818818
31.35,30,3130.90382
30.2,45,3131.02973
31.4,37,3131.132227
1.4,273,3137.941355
32.2,29,3138.025007
-2.5,7,3138.045055
-2.0,1,3138.048031
30.85,40,3138.163003
32.0,33,3138.25709
-2.1,3,3138.265539
20.85,144,3138.681881
29.75,70,3138.882321
32.65,24,3138.951419
31.5,31,3139.041425
-14.6,385,3146.314485
31.8,29,3146.397274
-2.85,14,3146.436723
30.0,41,3146.553859
31.95,26,3146.627548
30.9,39,3146.742063
27.75,58,3146.911595
30.65,36,3147.014277
32.5,27,3147.093084
28.2,57,3147.261211
30.8,49,3147.402319
-2.95,16,3147.448037
-2.05,2,3147.453733
24.85,80,3147.687385
28.05,56,3147.851873
33.25,16,3147.898903
23.3,111,3148.220612
-2.3,7,3148.24141
-2.05,2,3148.247563
31.6,33,3148.344094
30.45,52,3148.494873
-3.35,12,3148.530246
-2.5,11,3148.563235
28.45,64,3148.74338
30.9,39,3148.853423
29.9,59,3149.022325
31.15,42,3149.139965
28.5,59,3155.380753
31.3,31,3155.469491
27.55,58,3155.635523
29.85,44,3155.765037
31.45,40,3155.886059
-3.1,11,3155.918918
-2.45,10,3155.948815
32.3,31,3156.041842
31.8,29,3156.12651
30.05,48,3156.262701
-2.4,9,3156.288171
32.55,30,3156.373083
-2.5,7,3156.392942
24.8,93,3156.66748
-2.15,4,3156.679294
28.8,57,3156.845833
7.95,2,3156.851766
32.5,27,3156.931926
28.6,53,3157.088539
-4.75,16,3157.135979
-2.05,2,3157.141902
-2.2,5,3157.15703
-3.9,15,3157.202066
-6.4,37,3157.312217
31.0,29,3157.398376
31.55,30,3157.488184
30.2,45,3157.620575
21.7,95,3157.894793
32.45,28,3157.973767
29.15,50,3158.113462
32.15,26,3158.186651
32.05,32,3158.276326
31.5,35,3164.52218
-2.1,3,3164.53063
-2.65,6,3164.547658
28.3,83,3164.791725
32.2,29,3164.876712
31.75,30,3164.96889
31.5,35,3165.077164
31.65,36,3165.182794
30.75,38,3165.303361
30.45,32,3165.397556
32.6,29,3165.484134
32.6,25,3165.558867
32.35,26,3165.636269
32.15,30,3165.725529
33.0,21,3165.788215
31.35,46,3165.926126
31.2,33,3166.0273
30.1,59,3166.21681
30.85,44,3166.356938
31.1,43,3166.49393
32.05,32,3166.59204
6.0,1,3166.594851
31.45,32,3166.684757
-2.3,7,3166.704465
11.95,2,3166.710086
-2.75,8,3166.732471
29.3,63,3166.910914
32.05,32,3167.001137
-2.0,1,3167.003965
29.95,38,3167.111432
31.9,27,3167.18829
32.8,25,3167.259634
-2.5,11,3167.291136
31.7,35,3167.390789
31.9,31,3167.480182
6.0,1,3167.483083
33.1,19,3173.456233
25.7,107,3173.747754
31.5,39,3173.859595
33.2,17,3173.908736
27.55,66,3174.107754
-2.6,9,3174.133941
29.65,56,3174.295669
32.15,34,3174.393738
-2.75,12,3174.42779
32.25,32,3174.523238
26.75,86,3174.778494
31.8,29,3174.865281
-2.3,7,3174.886342
30.55,46,3175.02284
-4.2,17,3175.072483
29.5,55,3175.233038
32.5,27,3175.310159
32.35,22,3175.372989
21.4,141,3175.789455
30.4,45,3175.922997
-3.85,18,3175.974777
26.8,73,3176.192339
32.75,26,3176.272296
21.95,118,3182.601919
-3.6,25,3182.676085
-2.15,4,3182.687955
27.9,67,3182.900891
30.3,43,3183.037501
-2.05,2,3183.043912
-2.5,11,3183.079015
4.1,311,3184.024544
-2.15,4,3184.038182
31.65,44,3184.1726
-2.3,7,3184.193731
30.75,38,3184.310414
-2.0,1,3184.313403
31.95,26,3184.392902
32.55,26,3184.474251
-2.15,4,3184.486449
30.4,49,3184.635126
-2.05,2,3184.641204
28.85,52,3184.798965
-2.15,4,3184.811528
31.8,33,3184.916239
22.0,125,3185.30597
-2.25,6,3185.324142
-2.5,11,3185.357864
-2.45,6,3185.376168
28.85,68,3191.604404
27.55,58,3191.774636
29.5,39,3191.885301
-2.05,2,3191.891047
32.6,25,3191.962834
29.75,42,3192.083717
22.2,77,3192.306225
-2.4,5,3192.321485
27.85,72,3192.540247
8.05,240,3193.288132
-2.05,2,3193.294456
22.85,116,3193.656803
30.5,39,3193.770711
15.55,182,3194.326037
29.15,70,3194.535712
32.3,31,3194.627789
17.8,141,3200.932002
31.9,35,3201.030027
33.2,17,3201.076769
-2.25,6,3201.093201
31.55,38,3201.203868
30.65,36,3201.312814
31.05,52,3201.468897
32.3,27,3201.553528
29.8,41,3201.682517
30.05,56,3201.842036
28.75,70,3202.041526
31.55,34,3202.142143
30.35,46,3202.287244
-2.3,7,3202.308864
-2.1,3,3202.317867
5.0,1,3202.320937
32.7,19,3202.379015
32.95,18,3202.435754
32.95,22,3202.502522
32.55,30,3202.588041
32.4,33,3202.68564
-2.2,5,3202.699941
32.5,31,3202.787521
29.15,62,3202.966209
-2.05,2,3202.971886
32.2,33,3203.070347
30.1,39,3203.186177
-2.65,10,3203.216117
-3.75,20,3203.275655
32.05,36,3203.379488
32.0,29,3203.462436
-2.35,8,3203.487567
30.85,40,3209.545018
-4.75,32,3209.634435
-2.2,5,3209.648507
-2.05,2,3209.654096
30.6,41,3209.76988
-2.15,4,3209.780604
32.1,27,3209.856445
20.05,132,3210.228506
-2.2,5,3210.242692
31.4,41,3210.358551
29.9,51,3210.511697
22.65,104,3210.825951
30.8,41,3210.956659
30.75,46,3211.098996
26.75,102,3211.409714
32.55,26,3211.489092
-9.0,57,3211.664621
30.6,53,3211.825074
-2.1,3,3211.83463
27.7,83,3212.081752
-2.25,6,3212.098885
30.95,34,3212.196262
28.1,79,3212.423334
32.65,28,3212.505852
-2.05,2,3212.511846
-4.7,27,3218.596576
31.1,31,3218.686493
28.55,70,3218.894789
32.2,33,3218.991623
30.05,44,3219.121309
33.0,17,3219.170175
-2.05,2,3219.176
31.05,40,3219.29443
32.15,30,3219.383276
-2.25,6,3219.400386
29.8,65,3219.592405
30.7,55,3219.754482
-3.5,15,3219.798985
24.55,102,3220.09687
-2.1,3,3220.105944
29.85,48,3220.248508
-3.95,24,3220.323795
31.75,34,3220.438937
28.95,54,3220.619199
32.8,25,3220.699023
29.05,40,3220.825383
22.8,125,3221.221838
32.6,25,3221.30236
30.4,41,3221.433067
32.4,33,3221.535664
-2.3,7,3221.557461
28.8,49,3227.668746
-2.25,6,3227.686533
15.85,4,3227.698528
31.25,36,3227.805522
32.35,26,3227.883174
30.6,41,3228.005614
31.35,30,3228.095597
31.7,31,3228.188946
29.25,56,3228.358588
-2.15,4,3228.370409
-3.35,24,3228.442094
-2.1,3,3228.451271
29.65,56,3228.619764
33.05,20,3228.677265
29.6,69,3228.880631
26.85,68,3229.076575
31.4,37,3229.193035
19.9,119,3229.567788
32.0,29,3229.6607
-2.0,1,3229.663854
29.1,47,3229.815978
30.7,43,3229.948199
-4.2,21,3230.008465
9.85,4,3230.020252
23.55,90,3230.294049
31.8,29,3230.377184
32.05,32,3230.468222
26.6,73,3230.683611
30.0,61,3236.91079
-2.0,1,3236.913399
32.3,31,3237.001069
6.0,1,3237.004115
-2.55,12,3237.039526
32.25,28,3237.119582
25.2,69,3237.321697
32.55,26,3237.399346
26.7,71,3237.611056
33.1,19,3237.667439
-2.8,9,3237.694115
31.95,30,3237.78339
5.3,211,3238.414729
6.0,1,3238.41778
29.3,67,3238.619335
27.85,68,3238.819381
30.05,48,3238.956921
31.9,31,3239.046062
32.55,22,3239.111499
-2.8,13,3239.150738
-4.9,31,3239.244125
26.55,74,3239.463329
-2.0,1,3239.46631
-2.55,8,3239.490353
-2.0,1,3239.493387
15.7,127,3245.843821
28.25,60,3246.014009
-2.45,10,3246.042271
-2.85,14,3246.084888
-2.55,8,3246.109276
-4.25,22,3246.175815
32.0,33,3246.27282
23.65,80,3246.503835
26.9,71,3246.708233
31.15,42,3246.828672
-2.15,4,3246.840157
27.95,66,3247.029136
30.85,40,3247.148849
32.0,33,3247.244024
16.65,128,3247.624368
31.65,36,3247.73158
32.7,23,3247.799483
5.0,1,3247.802363
31.85,36,3247.905685
31.8,29,3247.990169
31.6,41,3248.112243
-2.15,4,3248.124229
32.55,26,3248.201895
30.25,48,3248.344393
33.1,19,3248.400852
31.9,35,3248.505591
32.65,24,3248.577273
31.8,33,3248.675497
29.95,46,3254.749608
-3.9,11,3254.78054
30.1,55,3254.927782
31.1,47,3255.054213
31.35,38,3255.15859
31.75,30,3255.245846
32.9,23,3255.312605
30.6,53,3255.465915
-3.55,20,3255.525057
22.3,127,3255.894882
-2.5,11,3255.926211
31.3,35,3256.028994
32.1,31,3256.117574
-2.0,1,3256.120447
28.85,76,3256.345938
31.45,44,3256.473499
32.15,26,3256.550622
30.65,44,3256.678519
-3.55,12,3256.712637
31.1,43,3256.831677
-2.1,3,3256.840307
32.7,23,3256.906959
27.1,79,3257.143628
-3.5,243,3263.907736
-2.2,5,3263.922766
4.8,193,3264.517316
32.4,25,3264.596851
-2.15,4,3264.609542
31.65,32,3264.712274
-2.4,9,3264.740949
32.9,19,3264.8042
6.0,1,3264.807378
32.3,27,3264.893091
-2.0,1,3264.896264
-2.25,6,3264.915404
24.25,72,3265.13623
30.25,44,3265.276203
-2.05,2,3265.282616
32.45,24,3265.361573
-8.45,38,3265.482059
-3.9,23,3265.555324
-2.2,5,3265.571246
32.55,22,3265.641445
26.45,80,3265.895269
28.4,69,3266.105502
30.8,37,3266.217896
-2.95,16,3266.266502
32.45,20,3266.32738
-2.4,9,3266.354693
-3.5,15,3266.400185
27.55,66,3266.593932
16.5,131,3272.875136
31.9,35,3272.977518
22.95,110,3273.296356
-2.25,6,3273.314444
-3.5,19,3273.370326
32.45,28,3273.450999
29.15,62,3273.630975
31.1,31,3273.720619
11.8,5,3273.736085
-4.3,27,3273.817243
31.8,29,3273.904689
-3.1,15,3273.94817
31.9,31,3274.038726
9.2,181,3274.56594
24.0,149,3275.011568
-2.05,2,3275.017485
-2.85,10,3275.046615
22.15,90,3275.314258
27.3,67,3275.511195
24.65,120,3282.24976
27.15,70,3282.455807
30.15,50,3282.605042
31.05,48,3282.746955
32.25,28,3282.831506
31.9,31,3282.924444
-2.4,5,3282.939376
31.7,35,3283.043739
31.2,41,3283.165686
25.35,78,3283.398634
22.0,121,3283.743273
31.4,45,3283.87666
26.5,71,3284.086178
32.9,23,3284.156383
-3.45,14,3284.196737
28.2,65,3284.382871
-3.05,18,3284.437044
26.95,70,3284.647177
32.05,32,3284.742869
31.1,43,3284.870442
30.8,45,3285.004359
32.1,31,3285.09427
-2.1,3,3285.102799
32.7,23,3285.17131
-2.3,7,3291.116143
30.75,46,3291.250467
-2.0,1,3291.253361
-4.4,25,3291.328429
-50.25,578,3293.008324
25.35,102,3293.31052
17.85,104,3293.606152
-3.2,17,3293.654643
-2.8,13,3293.691889
-2.05,2,3293.697637
-2.25,6,3293.714791
30.6,49,3293.857536
23.35,106,3300.164967
32.45,28,3300.243682
32.05,36,3300.345297
31.25,40,3300.458073
31.0,41,3300.57332
31.45,40,3300.686257
28.4,49,3300.824317
31.8,37,3300.92867
30.4,41,3301.046776
30.8,37,3301.154028
32.0,29,3301.236969
-2.6,9,3301.263679
28.8,69,3301.46839
31.75,38,3301.580415
31.1,35,3301.684379
26.2,109,3302.014755
15.8,5,3302.029685
31.55,34,3302.13147
32.85,20,3302.191298
29.9,63,3302.380509
31.4,33,3302.474674
32.05,36,3302.57702
-2.65,14,3302.616642
31.25,36,3302.719506
32.2,33,3302.81419
31.15,42,3302.934467
32.2,33,3303.029061
-2.5,7,3303.049204
-2.15,4,3309.02517
31.9,31,3309.1101
31.25,40,3309.21877
31.2,33,3309.311375
-2.25,6,3309.328667
32.05,24,3309.398318
31.75,30,3309.485633
27.9,75,3309.702226
-2.7,7,3309.722489
27.95,66,3309.912613
-4.35,28,3309.993196
-2.1,3,3310.001949
30.9,47,3310.136883
-2.0,1,3310.139724
32.2,29,3310.22329
31.25,44,3310.350527
29.6,41,3310.469054
-2.7,11,3310.500649
29.2,49,3310.642501
32.55,26,3310.717909
30.6,33,3310.821521
33.05,20,3310.884614
29.8,49,3311.041557
32.2,33,3311.148064
32.25,32,3311.248866
32.85,20,3311.313015
27.75,70,3311.536794
32.85,20,3311.601102
-9.6,57,3311.781658
30.95,42,3311.912373
29.45,48,3312.052239
-2.1,3,3312.060647
-2.1,3,3312.069146
20.9,131,3318.413683
31.8,37,3318.520459
5.0,1,3318.523327
29.25,52,3318.671975
-2.0,1,3318.674792
28.3,59,3318.843021
23.85,92,3319.105723
31.15,38,3319.214833
32.65,24,3319.286277
31.7,35,3319.390488
32.9,23,3319.456092
32.45,24,3319.527772
26.2,73,3319.743621
28.1,59,3319.918606
28.1,59,3320.095291
31.8,33,3320.19051
32.4,29,3320.273475
24.7,99,3320.559046
-2.35,8,3320.582128
-2.3,7,3320.602336
27.75,74,3320.820975
31.7,35,3320.932227
32.25,24,3321.007066
32.35,30,3327.11204
-2.3,7,3327.130886
30.85,40,3327.24256
7.95,2,3327.248376
30.55,46,3327.37974
30.7,43,3327.500741
31.35,38,3327.610929
31.25,40,3327.731118
32.55,22,3327.796677
31.35,42,3327.923117
31.4,33,3328.020161
32.1,23,3328.087497
26.1,63,3328.271723
-2.2,5,3328.286191
-2.15,4,3328.297702
26.95,58,3328.478056
16.65,128,3328.875168
31.35,34,3328.983505
24.6,101,3329.299744
21.8,117,3329.64609
27.7,63,3329.829565
-2.35,8,3329.853078
32.5,27,3329.930175
-2.15,4,3329.941949
15.8,205,3336.649467
31.4,37,3336.757335
32.8,25,3336.829161
31.7,31,3336.920056
30.95,34,3337.016181
32.5,27,3337.092837
27.2,61,3337.273576
23.2,105,3337.585884
30.3,39,3337.701143
32.15,30,3337.790413
32.55,22,3337.856065
-3.25,14,3337.897793
32.0,25,3337.972791
-5.25,30,3338.061731
-3.25,14,3338.102068
24.6,65,3338.292448
-2.2,5,3338.307355
30.45,48,3338.450989
32.95,22,3338.516509
31.7,31,3338.608999
32.9,23,3338.678269
31.05,44,3338.811348
31.55,34,3338.910869
32.05,32,3339.004996
32.7,27,3339.086321
-2.0,1,3339.089315
33.2,17,3339.140884
22.7,139,3345.818312
32.9,19,3345.869713
30.45,48,3346.000412
-2.9,11,3346.030141
30.45,40,3346.138531
28.45,72,3346.348305
5.0,1,3346.351181
28.4,49,3346.492476
31.3,39,3346.605977
30.9,55,3346.767906
28.0,73,3346.981753
30.25,44,3347.110101
33.05,20,3347.170104
31.75,34,3347.268735
-2.2,5,3347.283533
32.2,29,3347.370559
32.15,30,3347.457218
32.6,21,3347.520372
32.15,30,3347.60885
9.9,3,3347.617915
31.35,34,3347.719886
33.2,17,3347.770734
32.2,29,3347.85466
-2.0,1,3347.857463
-2.2,5,3347.871984
-4.6,17,3347.920677
-2.15,4,3347.932057
28.45,80,3348.167021
28.1,51,3348.318502
17.6,145,3354.755447
31.9,31,3354.843556
28.15,54,3354.995182
20.8,105,3355.292025
29.65,48,3355.435986
-6.35,36,3355.545834
30.75,42,3355.67288
8.0,1,3355.67596
30.05,48,3355.822009
25.85,68,3356.023043
32.7,23,3356.091345
-2.1,3,3356.100398
30.6,45,3356.23418
32.15,34,3356.33183
30.35,38,3356.44129
29.35,62,3356.619623
-2.25,6,3356.636713
33.25,16,3356.68275
31.5,35,3356.783197
-2.0,1,3356.785994
29.7,55,3356.943985
-10.6,53,3357.098531
30.7,47,3357.24008
31.0,37,3357.350378
25.9,79,3363.711725
31.0,41,3363.827248
32.75,22,3363.891121
30.6,53,3364.050831
31.1,35,3364.15634
32.8,17,3364.207529
32.65,24,3364.280184
31.6,25,3364.355613
29.9,39,3364.472031
30.35,50,3364.622902
6.0,1,3364.625939
29.55,58,3364.806064
7.65,4,3364.818863
-2.3,7,3364.840388
28.15,66,3365.046602
-2.35,8,3365.073009
30.7,39,3365.195789
29.55,50,3365.347918
31.35,34,3365.453047
-2.1,3,3365.462235
31.8,33,3365.567101
-2.1,3,3365.576546
-2.15,4,3365.58917
26.25,80,3365.841711
29.3,51,3366.000968
-2.4,9,3366.028485
5.0,1,3366.031702
27.25,56,3366.206861
17.35,10,3366.236108
-2.3,7,3366.256731
32.9,19,3366.313663
8.0,1,3366.316625
32.95,22,3366.382331
-2.35,8,3366.406273
27.3,83,3366.653906
30.0,45,3372.760494
-2.85,10,3372.789536
11.5,179,3373.31854
-2.0,1,3373.321772
30.55,42,3373.451578
29.65,56,3373.612504
-5.15,28,3373.697352
-2.0,1,3373.700494
30.95,46,3373.842495
31.6,33,3373.943925
31.2,41,3374.069889
28.1,51,3374.228154
32.45,24,3374.302243
31.8,33,3374.405885
32.5,27,3374.491355
-2.9,11,3374.526574
30.8,41,3374.657189
30.8,53,3374.816725
23.15,106,3375.129196
31.55,34,3375.230657
-5.35,20,3375.29033
28.6,69,3375.497826
9.85,4,3375.509818
30.8,45,3375.645523
31.15,38,3375.759621
32.95,22,3381.825496
32.65,24,3381.896708
31.45,32,3381.991003
7.9,3,3381.99956
32.35,26,3382.073745
32.15,34,3382.171288
32.65,24,3382.240426
31.5,39,3382.354145
32.9,19,3382.409096
31.85,28,3382.492474
19.45,12,3382.527839
-4.8,33,3382.626518
-2.65,14,3382.668014
27.45,68,3382.873993
-2.0,1,3382.876931
31.0,49,3383.021168
-2.2,5,3383.035376
32.05,28,3383.114933
30.45,44,3383.240224
33.25,16,3383.286519
28.0,77,3383.506428
31.7,35,3383.606477
25.05,80,3383.839298
32.25,32,3383.937764
32.8,17,3383.991799
21.7,111,3384.343499
32.1,31,3384.438372
28.4,61,3384.615534
31.45,24,3384.684436
29.95,50,3390.955408
31.8,29,3391.038852
28.4,61,3391.211913
29.75,46,3391.343509
32.25,32,3391.435983
26.85,60,3391.615674
32.75,26,3391.690195
-2.4,9,3391.715719
-2.05,2,3391.721418
32.6,25,3391.792883
16.6,17,3391.84169
30.35,42,3391.962606
-2.1,3,3391.971068
-3.0,17,3392.019656
29.35,58,3392.198767
28.85,72,3392.404379
-2.6,9,3392.431155
25.55,74,3392.654451
28.5,59,3392.832253
32.1,27,3392.913344
-2.3,7,3392.933454
32.6,25,3393.005144
-2.9,11,3393.037187
30.75,46,3393.171521
-2.15,4,3393.182944
31.15,38,3393.292011
-2.55,8,3393.314987
31.75,34,3393.41234
29.85,40,3393.529633
25.5,111,3393.857832
29.85,52,3400.149226
31.3,39,3400.260124
32.4,25,3400.331162
32.85,24,3400.399161
31.8,33,3400.493805
31.4,37,3400.60502
-2.0,1,3400.608037
31.6,37,3400.714505
-2.1,3,3400.723104
32.9,23,3400.790355
32.65,24,3400.86181
33.05,20,3400.921121
-2.25,6,3400.939016
29.9,51,3401.090826
31.85,36,3401.198539
31.35,30,3401.286099
31.85,36,3401.392573
32.35,26,3401.472553
-2.65,6,3401.494493
28.25,72,3401.717498
32.2,25,3401.795433
32.05,36,3401.90527
-2.0,1,3401.908269
32.8,25,3401.988357
30.9,47,3402.134103
29.05,64,3402.323804
32.6,25,3402.397892
-2.35,8,3402.42149
30.45,48,3402.580564
26.45,72,3402.837233
30.35,58,3403.010823
32.35,30,3403.100409
32.1,31,3403.188098
29.9,47,3409.580475
32.7,27,3409.659453
30.6,45,3409.790225
-2.25,6,3409.807925
32.25,28,3409.890638
27.8,57,3410.062772
29.55,58,3410.233938
31.1,39,3410.345322
27.85,60,3410.517519
29.35,58,3410.691564
32.45,24,3410.765734
32.55,18,3410.820345
31.45,32,3410.918602
-7.3,307,3411.825721
29.9,47,3411.96477
32.4,29,3412.05178
31.8,29,3412.138266
-2.1,3,3412.147178
20.65,168,3418.584826
30.75,42,3418.702435
31.95,34,3418.797948
30.95,30,3418.884066
29.95,46,3419.016299
26.85,68,3419.213858
-2.05,2,3419.219851
29.4,57,3419.381894
-2.2,5,3419.396292
24.1,99,3419.681948
32.15,30,3419.769479
31.0,41,3419.882735
30.9,39,3419.989307
31.95,26,3420.062304
29.75,42,3420.17908
29.85,52,3420.323528
-2.75,12,3420.355538
31.0,37,3420.4579
26.8,77,3420.681273
31.85,32,3420.77929
-2.25,6,3420.79831
31.9,35,3420.909804
31.65,32,3421.012569
30.25,48,3421.164876
31.9,27,3421.250334
30.25,40,3421.376981
12.0,1,3421.380162
30.0,41,3427.681384
33.05,16,3427.731192
29.3,63,3427.932789
27.2,85,3428.195141
26.6,101,3428.492836
-2.1,3,3428.501326
-3.1,15,3428.543796
-4.05,22,3428.605687
25.25,104,3428.904358
5.95,2,3428.910005
30.2,49,3429.048812
-2.25,6,3429.065732
29.0,57,3429.227312
-3.75,12,3429.261258
32.2,25,3429.332468
27.2,61,3429.507699
29.95,58,3429.67481
31.0,45,3429.811909
32.8,21,3429.874771
7.9,3,3429.883791
32.05,32,3429.978267
26.75,70,3430.186407
-2.1,3,3430.195247
30.5,51,3430.346075
-2.2,5,3430.360778
-2.3,7,3430.381464
32.2,25,3430.454671
28.65,52,3430.607754
32.2,25,3436.5797
32.35,26,3436.649774
6.0,1,3436.652594
30.95,50,3436.792682
29.25,44,3436.912846
26.75,118,3437.240075
-2.75,8,3437.26209
31.35,34,3437.356451
-2.25,6,3437.373283
32.7,27,3437.449475
32.5,27,3437.525425
32.0,33,3437.620704
32.85,24,3437.693115
30.35,50,3437.842384
24.2,109,3438.189145
29.8,53,3438.353944
-2.0,1,3438.426139
-94.35,648,3445.968625
-2.0,1,3445.970887
-58.15,648,3447.652784
-45.35,648,3454.920396
-2.05,2,3454.92537
-51.95,648,3461.937765
8.0,1,3461.940765
-46.55,648,3463.737912
-2.0,1,3463.740304
-50.95,648,3470.87152
-2.25,6,3470.8864
-60.15,648,3478.265844
-62.75,648,3479.892442
-65.35,648,3487.163947
-76.75,648,3488.88828
-56.95,648,3496.348376
-4.25,18,3496.394677
-50.75,648,3503.916348
-76.15,648,3505.511608
-2.25,6,3505.527056
-60.35,648,3513.131557
-2.15,4,3513.141731
-50.35,648,3520.837715
-3.6,9,3520.860554
-89.55,648,3522.500277
-51.95,648,3530.389132
-2.2,5,3530.402162
-68.15,648,3538.089028
-56.75,648,3539.691793
-2.0,1,3539.694284
-53.35,648,3547.695713
-54.15,648,3549.289206
-56.15,648,3557.185276
-56.75,648,3565.282734
-55.95,648,3566.917719
14.25,284,3573.939764
-2.2,5,3573.952641
9.6,5,3573.965595
-2.2,5,3573.978492
8.0,1,3573.981149
-57.15,648,3575.610135
-53.15,648,3583.869752
-2.1,3,3583.877884
-90.75,648,3591.871815
-2.05,2,3591.876961
-96.35,648,3593.50832
16.3,247,3594.107662
-53.35,648,3602.20529
11.15,246,3602.823857
13.05,272,3610.203272
5.4,333,3611.047457
4.4,289,3611.746085
-65.35,648,3619.925165
-2.1,3,3619.93257
-2.3,7,3619.949964
-44.05,594,3621.414891
18.2,169,3628.335541
-2.35,8,3628.356137
-56.15,648,3629.971291
18.0,161,3630.379155
-2.15,4,3630.388823
12.65,296,3637.78052
18.15,166,3638.17322
-2.1,3,3638.180228
-2.2,5,3638.191833
-50.95,648,3639.774858
-2.3,7,3639.792149
27.5,111,3646.642466
-2.25,6,3646.656695
-21.75,640,3648.200042
15.4,201,3648.676085
-110.75,648,3656.758393
-11.8,521,3664.458488
16.4,205,3664.921335
-15.65,326,3665.72873
23.7,147,3666.095761
-2.15,4,3666.105805
-14.0,489,3673.83837
7.65,252,3674.45637
13.55,286,3675.173513
14.0,165,3675.591011
32.25,64,3675.752208
-2.3,7,3675.769973
16.0,197,3682.712467
-2.2,5,3682.725158
-2.0,1,3682.727772
18.4,217,3683.256322
-2.1,3,3683.26352
24.2,133,3683.594396
-2.15,4,3683.604259
-2.45,6,3683.619361
-2.35,8,3683.639498
14.45,248,3684.254542
11.95,2,3684.259556
-2.25,6,3684.274567
28.8,85,3684.488497
-2.15,4,3684.498495
5.1,307,3691.812654
30.15,58,3691.942002
23.35,138,3692.265445
28.1,71,3692.433934
12.9,299,3693.146211
23.2,149,3693.520528
9.65,300,3701.181754
-2.05,2,3701.186982
12.7,191,3701.690186
27.3,79,3701.906305
-2.75,12,3701.939607
22.35,182,3702.424072
-2.0,1,3702.426609
32.5,51,3702.559497
11.2,229,3703.158886
31.35,58,3703.305113
14.1,143,3710.420592
29.8,85,3710.641318
16.55,134,3710.98761
-2.25,6,3711.003126
-2.05,2,3711.00831
-104.35,648,3712.646059
28.6,85,3719.406746
25.25,140,3719.729814
-2.15,4,3719.738978
15.5,219,3720.246245
28.25,88,3720.446528
18.95,182,3720.870801
32.55,54,3721.005364
30.7,59,3721.158237
-2.05,2,3721.163379
28.4,89,3721.395819
21.05,180,3728.410514
-2.1,3,3728.417716
19.9,151,3728.790841
31.65,52,3728.921461
23.55,126,3729.246345
26.8,77,3729.433449
16.8,229,3730.001728
27.2,65,3730.161317
-2.0,1,3730.163838
-5.15,424,3737.496919
28.95,90,3737.729623
15.25,200,3738.245582
32.75,42,3738.346352
14.8,229,3738.917521
33.7,31,3738.994107
-2.15,4,3739.004076
-57.35,648,3747.216244
-12.25,470,3748.436063
26.4,101,3748.695228
26.55,86,3748.91768
30.95,70,3755.517511
33.05,40,3755.621984
28.3,75,3755.822722
34.15,34,3755.911061
34.85,24,3755.969563
26.6,125,3756.282369
31.4,65,3756.451884
31.8,53,3756.589962
-3.25,18,3756.63712
20.4,177,3757.093402
18.45,112,3757.381314
-2.25,6,3757.396675
34.65,28,3757.466976
33.2,49,3757.592353
28.8,101,3757.841377
4.35,382,3765.196593
33.1,35,3765.284608
-2.7,11,3765.311558
26.6,77,3765.50596
20.15,198,3766.010186
32.4,49,3766.128632
31.05,76,3766.312687
1.5,355,3773.724953
22.2,137,3774.04884
32.9,39,3774.143939
31.6,61,3774.300657
33.55,38,3774.399595
33.05,48,3774.5246
21.0,173,3774.971528
-2.05,2,3774.976805
28.3,107,3775.25642
34.75,26,3775.323176
-2.1,3,3775.330924
31.85,68,3775.5018
-2.0,1,3775.504295
35.25,16,3775.544187
33.55,38,3775.63879
34.95,22,3775.694488
29.35,90,3775.922926
34.35,30,3776.001272
-2.1,3,3776.009197
12.45,272,3783.339482
34.15,30,3783.415725
32.05,48,3783.538423
-2.25,6,3783.552825
27.15,86,3783.761834
29.3,83,3783.970427
34.35,26,3784.034348
35.1,19,3784.083522
33.2,37,3784.179523
33.6,33,3784.265179
-2.1,3,3784.272926
23.0,89,3784.503938
-2.15,4,3784.514263
30.4,77,3784.709327
9.95,2,3784.713841
-2.95,12,3784.74123
29.15,90,3784.94653
34.25,32,3785.019992
33.6,37,3785.105461
-3.35,476,3792.929088
33.95,30,3792.999874
10.0,1,3793.002292
5.85,220,3793.545563
20.6,177,3793.997559
31.0,65,3794.165246
-2.4,9,3794.188568
-2.5,11,3794.217068
32.5,59,3794.369016
-3.05,10,3794.393185
28.45,96,3800.906167
18.05,128,3801.200716
32.6,41,3801.301062
29.45,56,3801.438487
33.25,52,3801.564215
34.35,26,3801.626506
5.95,2,3801.631397
-2.0,1,3801.633785
30.6,69,3801.805271
33.2,49,3801.926546
34.6,29,3801.997006
-3.1,7,3802.014177
-2.15,4,3802.024043
-2.0,1,3802.026502
33.35,38,3802.119698
20.75,182,3802.582645
32.8,45,3802.69878
34.15,38,3802.79642
32.5,43,3802.900727
27.1,115,3803.183141
-3.15,20,3803.23259
28.0,77,3809.861011
10.65,208,3810.34784
32.25,52,3810.450852
-2.1,3,3810.456462
-2.6,5,3810.465796
-2.35,8,3810.480153
33.65,36,3810.549654
24.1,131,3810.85246
32.25,52,3810.98149
29.55,70,3811.152135
33.15,34,3811.235186
33.7,35,3811.321859
28.2,97,3811.560154
33.5,35,3811.645502
30.6,81,3811.846579
-2.4,5,3811.859545
33.1,43,3811.977761
-2.15,4,3811.988639
26.65,124,3818.750428
-4.95,32,3818.831766
31.8,53,3818.972899
31.65,60,3819.131977
22.8,129,3819.470164
-2.1,3,3819.477923
32.4,45,3819.59169
32.3,51,3819.717945
-2.2,5,3819.730838
29.05,84,3819.942985
29.85,68,3820.109141
14.0,201,3820.625086
31.25,60,3820.781275
-2.1,3,3820.789048
24.85,156,3821.189615
33.5,39,3828.052542
-2.05,2,3828.057402
31.55,70,3828.228727
31.2,65,3828.388119
24.6,113,3828.671429
28.65,76,3828.858171
31.45,64,3829.009019
31.75,46,3829.122586
-2.05,2,3829.127666
32.8,37,3829.223802
-2.1,3,3829.231534
22.9,123,3829.541958
30.05,60,3829.689341
31.45,56,3829.828717
-19.0,569,3837.696459
-2.8,17,3837.737511
31.85,48,3837.853073
-66.95,648,3839.475627
29.05,80,3846.072731
30.5,59,3846.209266
34.2,33,3846.285424
31.2,57,3846.418741
34.6,29,3846.487724
-2.75,8,3846.506069
34.2,29,3846.57305
33.45,28,3846.637448
31.2,61,3846.779052
-2.25,6,3846.794574
31.5,47,3846.906252
33.65,36,3846.989309
15.55,10,3847.012279
30.1,55,3847.139623
32.3,47,3847.255073
21.25,132,3847.577728
30.5,51,3847.702506
28.25,92,3847.930604
35.25,16,3847.97013
-2.3,7,3847.987415
32.6,45,3848.102529
-2.45,6,3848.11829
31.5,51,3848.252807
34.0,29,3848.329414
26.55,102,3855.03062
-3.55,20,3855.08014
31.0,73,3855.269647
-2.65,10,3855.294676
34.25,24,3855.354749
30.75,62,3855.514835
32.35,46,3855.624768
33.1,47,3855.745701
19.7,179,3856.30799
34.7,27,3856.377872
30.95,50,3856.505082
33.65,44,3856.613341
32.35,50,3856.736742
29.45,76,3856.939191
34.15,34,3857.026951
32.15,50,3857.154758
28.3,95,3857.414269
20.5,131,3864.054246
26.2,85,3864.26199
23.35,130,3864.577754
34.2,25,3864.642047
29.7,87,3864.844486
27.55,86,3865.046868
-2.05,2,3865.051606
29.7,59,3865.193603
27.9,111,3865.461639
-2.0,1,3865.464058
30.0,69,3865.630631
33.25,36,3865.71941
31.2,65,3865.886359
-2.0,1,3865.888936
30.8,61,3866.047428
33.45,40,3866.149274
-2.05,2,3866.154533
34.05,36,3866.248597
-2.05,2,3866.253445
17.9,3,3866.260858
29.5,87,3872.832559
33.6,41,3872.937021
33.15,50,3873.056628
-2.7,11,3873.08347
26.9,87,3873.299918
32.4,61,3873.457375
7.65,4,3873.467584
-2.0,1,3873.470075
34.65,24,3873.529952
31.25,64,3873.685613
13.55,210,3874.197949
29.45,96,3874.439504
34.6,29,3874.515181
-2.0,1,3874.517748
-5.45,26,3874.584651
30.25,80,3874.785244
28.3,79,3874.984692
28.9,91,3875.211759
34.0,33,3875.292687
29.35,78,3881.772032
34.45,28,3881.841906
28.0,85,3882.063502
33.55,34,3882.149098
32.3,43,3882.252789
-2.05,2,3882.257571
33.85,36,3882.349422
32.75,38,3882.444208
33.55,42,3882.54893
33.65,36,3882.636546
9.8,5,3882.648662
22.25,88,3882.863999
-2.1,3,3882.871322
30.35,74,3883.04322
30.6,57,3883.185791
11.95,2,3883.190918
-2.0,1,3883.193398
9.9,3,3883.200886
-2.05,2,3883.205796
28.85,100,3883.454888
31.4,53,3883.597787
-2.1,3,3883.608053
-2.3,7,3883.632031
-2.1,3,3883.642534
28.95,86,3883.896516
-2.4,5,3883.909484
25.45,116,3884.194796
31.1,51,3890.706509
33.8,33,3890.787178
31.8,61,3890.937056
33.85,32,3891.015442
27.7,75,3891.199502
30.45,80,3891.402263
24.55,126,3891.727516
22.6,129,3892.056835
-2.05,2,3892.061688
32.9,39,3892.158952
29.9,87,3892.395022
-2.35,8,3892.417103
-3.3,23,3892.480986
34.8,25,3892.550182
30.85,56,3892.698691
33.65,36,3892.789872
31.55,50,3892.917743
-2.2,5,3892.930202
-3.2,9,3892.953197
26.25,92,3893.19046
33.05,44,3899.521217
-2.2,5,3899.53332
32.75,50,3899.655847
-2.0,1,3899.658229
-2.3,483,3900.881522
30.5,79,3901.07904
32.9,47,3901.199334
-2.0,1,3901.201878
-3.6,21,3901.254316
35.1,19,3901.300534
33.75,34,3901.383143
33.65,40,3901.481188
34.4,29,3901.548191
31.2,57,3901.680627
5.0,1,3901.683074
-2.1,3,3901.690866
33.8,33,3901.776098
-2.25,6,3901.792003
33.45,44,3901.908064
25.65,80,3908.472371
27.95,74,3908.652829
31.8,65,3908.818679
7.95,2,3908.823823
33.75,46,3908.946618
29.5,71,3909.132467
30.5,67,3909.306993
-2.4,5,3909.319969
30.85,56,3909.461891
32.55,50,3909.588025
-2.25,6,3909.603778
-2.1,3,3909.611716
27.4,109,3909.883969
32.5,47,3910.002671
27.8,101,3910.251145
33.75,34,3910.334216
33.3,39,3910.429625
34.8,25,3910.490791
6.0,1,3910.493258
29.2,81,3910.692536
34.05,32,3910.771168
33.5,47,3910.889746
29.5,67,3917.360725
33.9,39,3917.45169
31.25,48,3917.566604
31.65,56,3917.701229
33.05,44,3917.802289
30.95,70,3917.963884
30.05,68,3918.125957
32.8,45,3918.2414
33.8,33,3918.325116
-2.9,11,3918.352112
31.7,51,3918.471868
30.9,67,3918.62702
-2.05,2,3918.631601
33.95,30,3918.701089
-5.05,30,3918.771332
31.95,50,3918.89365
33.8,37,3918.988116
33.45,36,3919.082114
34.2,29,3919.157601
28.3,111,3919.44691
26.1,103,3919.707099
29.5,67,3926.290527
31.25,68,3926.461334
33.85,36,3926.550966
31.6,57,3926.697529
-2.15,4,3926.707909
33.05,48,3926.830349
32.9,47,3926.945403
32.05,56,3927.082753
30.85,72,3927.265241
29.2,73,3927.445408
-2.3,7,3927.462471
-4.55,40,3927.560662
-2.15,4,3927.570465
-2.0,1,3927.57293
-2.85,10,3927.597594
27.6,105,3927.861178
23.5,123,3928.176172
33.65,40,3928.27792
-2.15,4,3928.287703
31.7,51,3928.411598
23.55,138,3928.764932
29.55,86,3935.309433
34.1,35,3935.397544
32.75,50,3935.527648
-2.2,5,3935.540521
31.95,58,3935.69054
33.85,44,3935.802525
-2.05,2,3935.807714
33.75,42,3935.913974
29.55,82,3936.125328
-2.2,5,3936.137595
34.4,29,3936.211887
-2.15,4,3936.221782
24.15,106,3936.485263
30.85,64,3936.648522
-4.45,34,3936.734748
-2.2,5,3936.747603
33.0,37,3936.842976
-45.5,487,3944.24579
32.5,35,3944.330572
-2.0,1,3944.333235
29.3,83,3944.548356
29.25,72,3944.715691
-2.15,4,3944.72495
30.85,48,3944.837908
24.4,109,3945.086612
-2.1,3,3945.093422
25.45,104,3945.331859
7.95,2,3945.336732
31.6,49,3945.455671
25.4,121,3945.734261
33.9,23,3945.790494
-2.5,11,3945.817411
-2.0,1,3945.819892
-2.15,4,3945.829824
-3.35,20,3945.879794
34.45,32,3945.95807
-2.05,2,3945.962594
32.75,38,3946.049184
6.5,231,3952.771715
33.45,40,3952.868756
-52.65,522,3954.217561
33.0,37,3954.329593
34.35,34,3954.436722
34.1,31,3954.537294
31.75,46,3954.682663
-2.6,9,3954.710522
32.1,47,3954.860609
32.5,43,3954.98935
-2.3,7,3955.010626
31.7,59,3955.185539
31.55,62,3961.552927
32.85,40,3961.661909
30.85,60,3961.832602
29.3,71,3962.038365
29.65,104,3962.340432
33.5,35,3962.442495
30.4,73,3962.659954
-2.05,2,3962.666
34.0,33,3962.768868
29.5,79,3963.005137
33.0,45,3963.143516
31.5,67,3963.343389
31.55,46,3963.476594
16.3,203,3964.109409
32.45,48,3964.253928
26.15,94,3970.760545
32.8,45,3970.893874
31.9,51,3971.043714
26.65,120,3971.395044
33.75,26,3971.470592
21.0,169,3971.992379
32.95,46,3972.135854
34.45,32,3972.234051
32.0,57,3972.399464
28.5,87,3972.652137
-2.35,8,3972.675436
-2.45,10,3972.704559
24.3,87,3972.956487
34.1,35,3973.060032
-2.35,4,3973.071897
30.15,70,3973.282324
31.9,51,3973.435901
33.8,33,3973.537994
30.6,65,3973.725107
-2.8,13,3973.76411
34.1,31,3980.023592
32.95,38,3980.140668
-3.1,23,3980.209014
-2.45,10,3980.237983
33.35,50,3980.380133
-2.1,3,3980.388667
32.75,42,3980.506649
-2.25,6,3980.523776
-2.15,4,3980.535383
-2.5,11,3980.567507
-2.0,1,3980.570391
22.25,140,3980.99188
-4.85,34,3981.092654
30.35,62,3981.269255
30.05,72,3981.473273
32.65,52,3981.623573
26.7,123,3981.994108
28.95,74,3982.216971
14.85,232,3982.921724
29.9,75,3989.332786
34.5,27,3989.414689
34.15,30,3989.50192
34.45,32,3989.598158
33.05,40,3989.716045
31.7,43,3989.846035
31.75,70,3990.047624
5.0,1,3990.050658
33.75,34,3990.153421
32.7,39,3990.265687
30.05,80,3990.502392
31.5,55,3990.668954
34.45,32,3990.766115
22.7,127,3991.147956
34.0,37,3991.260158
-3.45,10,3991.290392
-2.95,16,3991.338762
32.8,41,3991.463273
28.1,63,3991.653962
28.0,73,3991.873734
32.95,42,3992.000094
29.2,97,3998.412754
31.0,53,3998.570881
-2.15,4,3998.582288
30.3,55,3998.740662
33.7,39,3998.853408
7.95,2,3998.859171
14.25,152,3999.286386
31.75,62,3999.455717
-2.0,1,3999.458613
24.0,109,3999.781389
19.9,135,4000.173515
-2.1,3,4000.182608
32.1,63,4000.372728
-2.0,1,4000.375746
31.8,65,4000.573922
28.05,96,4000.863391
34.35,30,4000.951911
-2.4,9,4000.977893
34.55,30,4001.067914
6.0,1,4001.070949
28.5,91,4001.346513
34.2,33,4007.635636
1.3,315,4008.503889
-2.15,4,4008.515105
-10.1,479,4009.929416
33.0,41,4010.053585
29.75,78,4010.288944
33.15,38,4010.40084
-2.35,8,4010.425118
32.85,44,4016.851808
9.95,2,4016.857924
26.85,92,4017.130912
33.8,29,4017.214501
29.8,65,4017.401832
30.5,75,4017.620517
-2.1,3,4017.629294
-2.1,3,4017.639216
-2.5,7,4017.659711
26.15,126,4018.028604
-3.5,15,4018.072072
22.55,162,4018.544203
30.9,63,4018.727345
34.1,27,4018.806875
-7.0,29,4018.893471
31.95,58,4019.063234
-2.75,16,4019.111799
31.2,65,4019.308505
33.05,36,4019.423676
-2.1,3,4019.433475
32.05,48,4019.58641
33.4,33,4019.683811
32.85,48,4019.829131
21.5,143,4026.501358
33.8,29,4026.586101
31.95,46,4026.716886
15.8,5,4026.73207
31.95,54,4026.894674
34.25,36,4026.998678
-2.35,8,4027.021689
34.45,28,4027.102046
13.35,250,4027.808917
32.3,39,4027.921799
30.25,68,4028.116016
-3.35,16,4028.161994
25.95,106,4028.454404
3.4,405,4035.971285
-2.2,5,4035.986523
-3.45,18,4036.04126
-5.3,31,4036.135478
35.05,20,4036.193543
32.85,48,4036.337447
34.2,33,4036.434517
32.1,59,4036.60632
32.1,55,4036.767775
34.05,32,4036.862598
9.95,2,4036.868475
-2.25,6,4036.885842
33.95,30,4036.973626
29.45,84,4037.223598
33.35,34,4037.321231
22.55,142,4037.736961
34.0,29,4037.823652
33.45,40,4037.943739
-79.95,648,4046.081637
-2.05,2,4046.087706
26.15,86,4046.344293
35.3,15,4046.39014
35.0,17,4046.441621
34.75,18,4046.49397
18.85,140,4046.91379
-2.05,2,4046.919837
32.5,51,4047.083582
23.45,144,4047.542903
33.15,46,4047.682129
33.6,41,4054.11812
32.9,47,4054.246284
32.6,53,4054.394936
27.7,99,4054.678428
29.0,69,4054.877611
32.4,49,4055.021588
-2.2,5,4055.036011
-2.4,9,4055.061828
33.2,37,4055.168548
22.6,117,4055.495547
28.7,75,4055.714636
29.8,65,4055.901488
34.1,35,4055.995783
-3.8,13,4056.030886
-11.65,46,4056.154761
25.1,111,4056.459391
29.85,64,4056.63894
33.5,39,4056.745497
15.8,5,4056.75921
-2.0,1,4056.761992
-52.05,598,4064.658817
5.95,2,4064.664856
-2.05,2,4064.670697
-2.0,1,4064.673653
27.6,77,4064.900365
32.55,46,4065.033924
-2.55,12,4065.068661
34.9,23,4065.135697
25.55,90,4065.42118
26.8,97,4065.725273
-4.2,25,4065.801805
32.4,49,4065.955874
26.5,107,4072.611676
28.3,83,4072.848104
34.25,28,4072.928109
32.25,56,4073.094247
26.1,111,4073.421767
33.2,41,4073.541095
31.6,49,4073.690619
35.0,21,4073.755157
32.0,45,4073.888726
0.2,317,4074.887796
-2.05,2,4074.893802
1.2,317,4082.16878
-2.65,10,4082.198164
-2.0,1,4082.201211
31.5,47,4082.343696
31.65,56,4082.513556
-2.05,2,4082.520322
34.45,28,4082.609436
-2.15,4,4082.622892
30.85,52,4082.779186
-2.95,20,4082.840417
31.3,63,4083.028858
-2.05,2,4083.03483
33.95,26,4083.113247
-2.1,3,4083.122405
31.05,52,4083.285423
31.85,56,4083.460166
26.1,99,4083.762548
32.0,53,4083.924044
32.7,47,4084.066452
35.25,16,4084.114949
-2.25,6,4084.133153
33.6,41,4084.257327
-2.35,8,4084.28133
33.85,32,4084.375719
-2.15,4,4084.387046
-2.1,3,4084.395582
26.6,105,4084.694194
-2.15,4,4084.706302
30.2,93,4091.061361
30.85,60,4091.238273
34.7,23,4091.306422
30.65,68,4091.512338
-2.15,4,4091.524494
32.3,55,4091.687943
-2.05,2,4091.693667
-2.15,4,4091.705215
-2.05,2,4091.710973
-2.0,1,4091.713907
-3.35,12,4091.748564
33.35,42,4091.869811
-2.0,1,4091.872653
-6.65,50,4092.017388
32.75,50,4092.162417
32.7,43,4092.287224
33.8,33,4092.382852
-2.5,11,4092.41463
33.05,40,4092.530493
-6.05,30,4092.617505
28.75,94,4092.890723
7.95,2,4092.896572
19.45,104,4093.215313
34.75,26,4093.297411
-2.75,8,4093.322841
13.5,171,4093.871158
32.25,52,4094.033889
33.2,41,4100.291427
-2.15,4,4100.30222
31.75,50,4100.442775
31.8,57,4100.599934
34.1,27,4100.677088
-2.2,5,4100.691137
25.95,118,4101.046718
32.65,40,4101.163316
33.3,43,4101.293826
29.45,76,4101.523151
-2.05,2,4101.528962
-2.35,4,4101.540714
31.5,67,4101.741798
33.15,46,4101.881001
33.0,41,4102.004512
33.05,44,4102.137191
34.1,35,4102.24672
31.95,50,4102.400024
27.6,93,4102.669997
33.75,30,4102.757368
24.45,104,4103.061847
-6.15,24,4103.13245
25.55,118,4109.585152
-2.15,4,4109.596678
21.9,139,4110.010551
30.7,71,4110.214926
32.2,45,4110.344656
-2.15,4,4110.356112
32.4,57,4110.521938
26.0,109,4110.838441
35.05,20,4110.896329
29.7,71,4111.101825
-2.15,4,4111.113256
-2.1,3,4111.121882
33.65,40,4111.244456
32.8,53,4111.406053
31.8,53,4111.567795
-2.0,1,4111.570825
32.1,39,4111.68764
34.1,31,4111.781691
33.1,39,4111.900297
-3.05,14,4111.941971
31.1,59,4112.120363
34.75,26,4112.198945
33.6,41,4112.317927
34.45,32,4112.410582
-2.55,12,4118.541384
-2.8,13,4118.578545
32.9,43,4118.700323
33.85,32,4118.788388
31.05,72,4118.992685
31.75,50,4119.128386
34.7,27,4119.201013
31.35,58,4119.358101
33.75,34,4119.459173
11.3,59,4119.637938
29.9,87,4119.9017
30.25,72,4120.110874
12.6,137,4120.508615
-2.3,7,4120.52894
22.25,116,4120.880812
31.4,57,4121.050027
29.55,86,4121.311156
33.8,37,4121.422812
30.95,74,4128.03548
-2.05,2,4128.040072
-17.15,100,4128.269894
-3.1,11,4128.295702
11.75,210,4128.779405
32.7,47,4128.888597
-2.0,1,4128.890915
34.35,34,4128.970744
28.5,79,4129.160319
-3.65,22,4129.214573
31.55,62,4129.367328
30.45,72,4129.544446
-2.2,5,4129.55672
33.85,36,4129.645829
33.9,35,4129.732252
33.45,36,4129.8212
-2.4,9,4129.843355
-2.1,3,4129.850758
29.0,81,4130.046984
31.45,56,4130.190057
34.45,28,4130.261119
33.15,38,4130.360089
32.4,49,4136.450036
32.7,47,4136.580362
32.85,52,4136.724832
32.55,50,4136.858186
21.4,137,4137.223757
34.25,36,4137.32496
34.35,26,4137.398354
33.85,40,4137.511765
24.3,83,4137.747241
34.25,32,4137.840263
32.1,43,4137.967814
-2.45,10,4137.997346
30.25,76,4138.221559
-2.25,6,4138.238977
31.9,55,4138.400561
26.25,108,4138.710029
33.6,45,4138.840974
-3.85,22,4138.905781
-2.05,2,4138.911734
-3.05,14,4138.952987
-2.1,3,4138.96184
32.45,56,4139.126968
32.05,56,4145.278741
32.85,48,4145.418683
33.65,36,4145.52516
-54.3,563,4147.172776
34.3,23,4147.240116
34.45,24,4147.311712
34.65,28,4147.393911
33.6,41,4147.515528
33.85,32,4147.610277
-5.35,364,4154.754865
31.9,59,4154.921369
33.9,35,4155.025295
-2.4,9,4155.05219
24.15,126,4155.4232
-2.2,5,4155.437893
28.55,66,4155.632907
33.75,38,4155.744227
30.1,63,4155.931038
34.4,33,4156.028383
33.6,33,4156.126121
31.5,63,4156.311819
32.15,58,4156.481074
5.95,2,4156.487004
-3.35,16,4156.53416
29.0,85,4156.782835
31.7,59,4156.956423
32.05,56,4157.122052
-2.1,3,4157.130794
-2.2,5,4157.145503
34.0,29,4157.231552
31.5,59,4163.422906
-2.15,4,4163.434018
32.95,34,4163.532589
31.95,50,4163.681602
33.2,41,4163.813525
34.9,23,4163.884629
33.35,42,4164.015377
33.25,48,4164.166689
32.9,51,4164.325345
33.85,28,4164.408756
-2.2,5,4164.423458
-2.15,4,4164.435068
29.3,83,4164.669357
31.95,50,4164.81696
34.1,35,4164.928738
34.7,23,4164.995378
31.85,64,4165.186961
-2.0,1,4165.189897
34.65,28,4165.274202
32.1,43,4165.402565
-2.15,4,4165.414366
24.75,106,4165.734993
28.3,79,4165.968327
-5.15,28,4166.047488
34.25,28,4166.126954
31.45,44,4166.251639
30.1,71,4172.437189
-2.0,1,4172.439955
25.1,143,4172.875314
32.35,42,4173.000073
25.4,129,4173.373706
33.55,42,4173.498338
-2.05,2,4173.504221
34.1,35,4173.604926
-2.05,2,4173.610556
-3.45,22,4173.674489
34.45,24,4173.745263
33.35,42,4173.868437
-3.4,21,4173.929201
31.75,54,4174.088843
33.75,30,4174.177315
34.0,29,4174.263046
-2.45,6,4174.280403
30.15,62,4174.465335
-3.65,22,4174.531117
33.45,44,4174.662257
32.0,49,4174.809043
34.15,38,4174.925912
-2.2,5,4174.940497
31.2,73,4175.162146
-2.15,4,4175.173359
32.35,38,4175.283374
26.55,118,4181.732875
20.7,163,4182.210274
7.65,4,4182.22171
-1.25,282,4183.061857
31.25,52,4183.224389
-2.3,7,4183.246544
22.05,144,4183.686585
34.25,32,4183.781153
29.35,90,4184.04821
33.8,25,4184.122227
1.45,312,4191.283314
32.25,56,4191.439698
-2.45,10,4191.467182
-2.25,6,4191.484247
31.25,60,4191.654895
-2.1,3,4191.663284
32.5,43,4191.782642
-4.2,17,4191.832272
-2.05,2,4191.838284
25.5,119,4192.174133
-2.65,10,4192.202945
32.9,47,4192.341345
31.35,58,4192.505989
31.15,38,4192.615022
32.35,46,4192.749972
30.15,66,4192.948036
33.55,34,4193.050166
-5.4,41,4193.173556
34.75,22,4193.240184
31.5,55,4193.406911
28.2,93,4193.682455
-2.0,1,4193.685428
32.55,46,4199.806196
30.8,73,4200.01559
27.85,72,4200.226286
31.3,63,4200.41354
-3.55,20,4200.472915
7.95,2,4200.478822
31.15,58,4200.655119
33.3,35,4200.762791
34.35,30,4200.850463
-2.1,3,4200.859398
34.15,30,4200.94818
33.25,48,4201.093604
33.1,39,4201.206351
6.0,1,4201.209365
33.7,39,4201.32645
33.05,36,4201.429291
31.0,65,4201.615169
33.2,33,4201.7088
33.1,43,4201.832984
30.85,48,4201.97223
-2.05,2,4201.977867
24.6,133,4202.36101
13.8,5,4202.375748
31.65,56,4202.53424
-6.05,34,4202.632174
34.65,24,4202.701001
20.15,126,4209.101035
32.85,48,4209.237213
33.85,32,4209.328186
-2.1,3,4209.336658
34.25,32,4209.427266
33.65,40,4209.540383
33.4,29,4209.620964
34.3,27,4209.699081
33.8,33,4209.796978
-2.05,2,4209.804109
22.3,151,4210.310418
32.6,45,4210.449268
-2.05,2,4210.455332
29.1,75,4210.707399
-2.35,8,4210.733533
31.95,50,4210.894424
33.2,37,4211.060926
33.65,36,4211.192605
31.3,67,4211.383757
31.35,54,4211.533544
22.0,109,4211.834085
33.7,31,4211.920693
-5.55,464,4219.123118
15.0,157,4219.59774
33.95,30,4219.686323
-2.05,2,4219.692128
30.75,58,4219.865906
-4.5,19,4219.922116
-4.0,21,4219.984694
34.85,24,4220.054113
-2.2,5,4220.0736
5.0,1,4220.076565
19.55,106,4220.389681
23.95,138,4220.781222
33.4,37,4227.154716
34.95,22,4227.220964
31.65,56,4227.391409
33.1,39,4227.509229
31.65,56,4227.673759
6.0,1,4227.676825
34.65,28,4227.762913
-3.15,16,4227.81214
29.6,57,4227.987688
30.05,68,4228.206415
33.7,35,4228.313025
-3.65,26,4228.390887
31.85,52,4228.547983
34.4,21,4228.61187
34.2,33,4228.712103
32.2,45,4228.848595
33.5,31,4228.945131
30.45,68,4229.159731
34.7,23,4229.229266
34.7,27,4229.310332
5.9,3,4229.319554
34.85,24,4229.392308
33.15,38,4229.507529
-2.05,2,4229.513562
-2.0,1,4229.516614
28.4,105,4229.845127
30.75,78,4230.094543
-2.0,1,4230.097581
-2.7,11,4230.130765
33.0,37,4236.323993
34.75,26,4236.394826
23.25,176,4236.905812
6.0,1,4236.908909
33.6,37,4237.018486
31.25,68,4237.224318
34.2,29,4237.31232
33.25,36,4237.421531
-2.05,2,4237.427565
-2.4,9,4237.454745
-3.95,24,4237.527409
30.95,70,4237.739727
33.9,31,4237.833266
34.45,24,4237.905341
33.85,28,4237.992739
-2.45,10,4238.021198
34.2,33,4238.115617
33.25,48,4238.252865
-2.5,7,4238.27283
32.7,43,4238.401464
28.95,90,4238.672125
33.75,38,4238.785626
33.6,29,4238.873419
-3.05,18,4238.927757
31.05,72,4239.142015
-2.05,2,4239.147867
-2.0,1,4239.150795
33.1,47,4239.289274
-2.15,4,4239.301507
32.75,38,4245.549818
-2.55,12,4245.585484
34.0,29,4245.669521
-2.15,4,4245.681146
34.5,27,4245.759167
25.2,89,4246.02815
33.9,35,4246.131137
33.15,42,4246.255029
33.55,38,4246.368191
13.3,147,4246.879177
20.95,154,4247.346516
32.55,42,4247.475785
32.7,39,4247.595104
33.85,32,4247.693203
-3.5,11,4247.726857
33.15,38,4247.842204
-2.6,13,4247.880283
-2.2,5,4247.894901
-2.0,1,4247.897769
24.55,102,4248.206021
15.3,199,4254.79169
34.85,24,4254.868633
26.9,95,4255.162267
-2.4,9,4255.18971
32.9,43,4255.319039
34.0,33,4255.415483
35.05,20,4255.473685
-2.2,5,4255.48818
30.7,55,4255.648189
33.5,39,4255.761762
34.05,28,4255.84901
34.45,24,4255.923563
32.45,48,4256.07146
30.25,76,4256.292554
-2.1,3,4256.301116
32.65,48,4256.44042
29.85,76,4256.660563
30.2,65,4256.848855
34.2,21,4256.909637
5.95,2,4256.915615
33.95,34,4257.014271
29.8,89,4257.272635
-5.6,21,4257.333859
22.5,155,4263.920466
16.3,171,4264.43682
32.05,60,4264.620776
34.8,25,4264.697604
34.15,26,4264.777218
34.0,33,4264.878576
30.75,62,4265.067684
5.0,1,4265.070793
-2.15,4,4265.082951
30.85,64,4265.277603
8.0,1,4265.28064
-77.65,722,4273.436875
-52.25,722,4275.346199
11.9,3,4275.354728
-48.25,722,4282.943277
-47.65,722,4290.574284
-2.5,7,4290.592711
7.95,2,4290.597934
-83.25,722,4298.2063
-59.05,722,4299.9659
-64.25,722,4307.538481
-63.05,722,4315.180492
-2.0,1,4315.183351
-57.45,722,4317.031661
-2.15,4,4317.041935
-2.35,8,4317.062641
-57.25,722,4324.760769
-2.55,12,4324.791868
-2.5,11,4324.822577
6.0,1,4324.825385
-2.1,3,4324.833482
-69.85,722,4332.529862
-2.1,3,4332.537616
-47.05,722,4340.401251
-10.25,46,4340.505704
-81.45,722,4342.267809
-16.6,673,4350.002222
-59.05,722,4357.910188
-61.05,722,4359.863013
-96.25,722,4367.957155
-60.25,722,4376.097415
-64.25,722,4378.032617
-2.05,2,4378.03814
-74.05,722,4386.051854
-2.15,4,4386.06165
-65.45,722,4394.036484
-2.25,6,4394.051948
-84.25,722,4402.179409
-62.45,722,4404.005537
-54.05,722,4412.350828
-57.65,722,4420.732474
-63.45,722,4422.566677
20.85,220,4429.908655
26.7,127,4430.220694
-68.25,722,4432.069226
-2.15,4,4432.079641
-106.85,722,4440.610314
-97.45,722,4449.014953
-2.1,3,4449.02225
-2.55,8,4449.041929
-2.0,1,4449.044455
6.0,1,4449.046953
14.05,248,4449.676165
-2.1,3,4449.683539
-102.85,722,4458.138046
-69.65,722,4466.837175
-72.65,722,4468.686251
-62.45,722,4477.219687
-12.65,642,4485.527828
-3.0,13,4485.562509
-73.85,722,4487.428128
28.05,116,4487.720666
6.0,1,4487.723249
32.75,62,4487.877506
-99.85,722,4496.316741
-20.2,649,4504.674423
5.3,371,4505.670326
-15.85,666,4514.127241
28.45,112,4514.404941
26.9,135,4514.738964
-63.65,722,4523.381726
6.0,1,4523.384126
-2.1,3,4523.391001
-2.0,1,4523.393408
-2.6,9,4523.414223
23.7,195,4523.888535
11.9,255,4524.544716
-74.25,722,4533.436898
30.45,92,4533.666734
-2.4,9,4533.690001
26.3,155,4534.099461
24.8,149,4534.493336
-96.45,722,4542.956789
-2.45,10,4542.984903
30.75,78,4543.202017
-21.95,668,4551.603499
-23.65,686,4553.353486
-81.85,722,4561.883355
16.05,196,4562.368824
-26.45,542,4570.222496
-15.65,642,4571.85883
-2.0,1,4571.861252
5.95,2,4571.866215
33.0,57,4578.725295
29.5,115,4579.011842
32.85,68,4579.189114
-3.15,12,4579.220615
-7.35,568,4580.662712
34.35,62,4580.823518
26.85,84,4581.035434
25.55,158,4587.820337
-66.05,722,4589.589789
20.7,219,4590.140462
-2.7,11,4596.949583
-15.6,629,4598.510892
-3.1,19,4598.560619
-2.0,1,4598.563319
-2.2,5,4598.576439
-4.15,36,4598.67293
-21.1,523,4606.560307
-2.15,4,4606.570478
33.2,65,4606.737668
32.5,63,4606.899679
-13.5,483,4608.116925
-2.15,4,4608.127239
35.85,32,4608.209303
27.35,114,4608.502261
-2.05,2,4608.507358
26.45,132,4615.675029
34.9,39,4615.774515
-1.8,469,4616.957991
21.4,149,4617.322596
-2.05,2,4617.327477
-2.0,1,4617.329939
27.25,132,4617.669832
-4.15,24,4617.732609
31.1,75,4617.929131
-57.65,722,4626.248599
0.8,453,4634.064293
5.0,1,4634.067319
31.55,70,4634.267401
-154.45,722,4636.474946
-2.05,2,4636.480859
28.55,114,4636.822445
11.8,285,4644.412402
-2.05,2,4644.417532
16.55,250,4645.021075
-2.0,1,4645.023493
-84.05,722,4653.482635
28.9,111,4653.757608
26.35,138,4654.094672
25.9,155,4654.473551
20.6,189,4654.935906
28.55,110,4655.217042
35.15,50,4655.347129
5.0,1,4655.349827
-2.25,6,4655.365765
34.6,57,4662.231669
34.5,55,4662.375722
27.55,142,4662.751326
32.75,66,4662.871246
-2.1,3,4662.876314
30.45,100,4663.091039
25.65,140,4663.449641
-2.0,1,4663.452194
15.85,224,4664.031761
22.35,182,4664.501857
22.25,168,4671.646233
-2.15,4,4671.656605
-2.0,1,4671.659218
-2.05,2,4671.664437
26.2,121,4671.976031
35.5,43,4672.082888
-60.25,722,4673.852575
-9.2,49,4673.979364
-2.8,17,4674.026618
32.9,55,4680.701735
-2.3,7,4680.718903
-2.05,2,4680.723912
33.85,48,4680.841169
-2.95,16,4680.87987
-71.05,722,4682.679163
32.15,78,4682.880014
23.8,141,4689.641254
19.75,182,4690.104652
32.95,62,4690.264265
-86.05,722,4692.074927
28.9,91,4698.654416
-2.6,9,4698.67647
34.6,49,4698.796804
-10.65,346,4699.628973
29.25,108,4699.88823
30.65,104,4700.153097
-92.05,722,4708.388617
-2.1,3,4708.396415
-2.1,3,4708.404271
-5.25,378,4709.305814
-2.95,20,4709.357355
29.0,77,4709.557363
35.85,36,4709.650957
-4.55,20,4709.703158
25.9,139,4716.56501
23.2,173,4716.989562
-3.35,20,4717.0386
25.55,150,4717.410167
25.95,106,4717.670613
32.95,78,4717.868027
25.6,169,4718.304667
34.45,56,4718.448732
-2.05,2,4718.453812
33.95,58,4718.598529
8.2,341,4725.987749
32.45,56,4726.115572
-3.65,18,4726.156872
17.9,171,4726.58077
29.85,116,4726.871641
32.4,73,4727.058173
32.0,57,4727.190387
22.45,152,4727.550428
32.65,68,4727.717514
-2.05,2,4727.72238
-2.15,4,4727.731929
21.0,141,4734.649099
-2.0,1,4734.651356
31.85,76,4734.826197
-2.6,5,4734.837659
34.35,50,4734.952792
-2.2,5,4734.964214
-3.8,17,4735.003262
31.05,88,4735.206266
35.4,45,4735.309714
26.35,134,4735.61773
32.5,67,4735.780962
-3.15,20,4735.829443
-4.5,35,4735.914445
30.85,72,4736.088605
-2.0,1,4736.090903
-2.25,6,4736.105451
-2.85,14,4736.139597
30.95,98,4736.377837
-2.15,4,4736.387547
-2.1,3,4736.39488
35.75,38,4736.486974
24.95,150,4736.850343
-4.45,34,4736.935391
-2.95,16,4736.97635
35.5,43,4737.086175
35.2,49,4743.735308
-2.0,1,4743.737576
-2.0,1,4743.739878
29.3,103,4743.978002
-4.05,378,4744.917048
-54.95,568,4752.741135
32.2,77,4752.93274
33.5,71,4753.107326
6.0,1,4753.109789
-2.05,2,4753.114635
34.55,54,4753.247592
1.15,286,4753.973412
33.15,58,4754.123121
-2.25,6,4754.138547
-2.0,1,4754.141149
-2.3,7,4754.159227
-54.85,722,4762.309652
29.15,94,4762.54014
19.95,202,4763.039829
33.1,63,4763.190635
-2.0,1,4763.193069
34.7,51,4763.313596
28.3,87,4763.514421
33.55,54,4763.64386
-2.05,454,4771.175828
-2.0,1,4771.178151
36.45,32,4771.255824
-2.15,4,4771.265073
-2.35,4,4771.274332
34.75,50,4771.399628
31.8,77,4771.594138
-3.45,18,4771.638341
35.5,35,4771.724587
35.15,42,4771.828148
27.45,96,4772.064296
8.0,1,4772.066831
34.0,57,4772.207213
36.4,25,4772.268749
32.6,73,4772.448594
33.55,42,4772.55192
-2.05,2,4772.556856
3.4,293,4779.911655
23.45,148,4780.283731
-2.0,1,4780.286041
35.6,41,4780.385364
32.8,69,4780.552482
-2.7,7,4780.569301
-78.25,722,4788.889678
-7.25,46,4789.003624
34.25,56,4789.144849
31.0,65,4789.312596
29.8,101,4789.57341
25.3,111,4789.859466
33.75,50,4789.984573
33.2,65,4790.144188
11.35,318,4790.963561
26.8,141,4797.945923
30.15,78,4798.142856
-3.0,9,4798.165845
2.7,287,4798.889489
28.65,108,4799.156265
35.55,34,4799.245119
-2.05,2,4799.250314
33.5,55,4799.386003
-2.2,5,4799.398475
34.7,47,4799.516744
-4.7,31,4799.597438
35.05,52,4799.732609
32.7,71,4799.907846
-2.9,15,4799.944677
29.6,93,4800.173529
-4.75,28,4800.242232
33.95,54,4800.375252
35.5,39,4806.838914
31.75,50,4806.954197
6.7,263,4807.550694
-2.5,7,4807.567774
27.5,123,4807.856249
33.5,55,4807.987699
34.3,43,4808.087391
32.3,71,4808.256478
35.6,37,4808.342335
32.95,62,4808.491073
32.9,63,4808.646096
34.5,43,4808.758014
36.45,32,4808.840546
-2.4,9,4808.863773
-2.0,1,4808.866344
-4.0,17,4808.91027
4.15,218,4816.12468
34.8,53,4816.261858
-2.2,5,4816.274516
-2.35,8,4816.294264
-2.0,1,4816.296798
36.15,34,4816.381377
33.8,65,4816.541409
-2.1,3,4816.54875
26.15,134,4816.878923
30.2,93,4817.105247
33.95,54,4817.229742
-2.25,6,4817.243349
17.05,156,4817.624792
-2.3,7,4817.641868
33.55,62,4817.796
36.5,27,4817.866482
28.5,95,4818.106624
-2.1,3,4818.113861
27.95,106,4818.372816
21.75,154,4825.285865
34.4,49,4825.4082
26.05,148,4825.775836
30.65,68,4825.942742
-2.65,6,4825.957436
34.85,52,4826.085904
-2.3,7,4826.104107
-57.85,722,4834.374654
35.95,34,4834.459096
-2.3,7,4834.477154
36.4,29,4834.552538
33.6,53,4834.690071
35.9,35,4834.780509
-2.1,3,4834.788641
-2.25,6,4834.804971
33.35,58,4834.953422
31.6,81,4835.150536
17.9,207,4835.677017
34.45,56,4835.822204
22.4,157,4836.229248
19.85,168,4843.108963
14.15,186,4843.577182
29.65,100,4843.8138
16.75,154,4844.182699
23.5,143,4844.519666
-2.1,3,4844.526807
-2.45,6,4844.541271
33.9,63,4844.69355
33.85,44,4844.805163
36.65,24,4844.866378
-2.05,2,4844.871289
-2.25,6,4844.886309
30.8,105,4845.152556
-2.0,1,4845.155101
-2.0,1,4845.157649
36.25,28,4845.229798
34.85,40,4845.33303
35.1,39,4845.433912
25.55,154,4852.293531
-2.05,2,4852.298484
34.7,59,4852.450457
35.1,35,4852.537198
-2.2,5,4852.550263
29.65,104,4852.81283
31.1,87,4853.029363
6.0,1,4853.031955
33.1,59,4853.184066
-3.6,17,4853.228194
-2.1,3,4853.235938
30.9,111,4853.523494
35.25,52,4853.654545
35.9,35,4853.739727
33.75,58,4853.886492
24.45,160,4854.291965
-2.4,5,4854.303722
-2.15,4,4854.313989
34.2,45,4854.424201
36.2,37,4854.516378
-2.15,4,4854.526133
30.65,96,4860.546494
24.9,123,4860.811919
35.7,35,4860.89028
35.65,40,4860.985111
-3.75,20,4861.031298
32.1,75,4861.209574
-2.8,9,4861.230823
35.35,46,4861.337242
14.05,264,4861.978114
33.05,68,4862.146646
23.4,153,4862.533494
-2.0,1,4862.536043
-2.15,4,4862.54579
36.3,31,4862.625176
34.75,54,4862.764332
-3.1,23,4862.823756
28.6,105,4869.491344
-3.65,14,4869.523904
-2.2,5,4869.53572
-2.8,13,4869.565899
-2.05,2,4869.570674
22.95,206,4870.061219
5.0,1,4870.06379
35.65,36,4870.153154
34.25,48,4870.271695
30.6,69,4870.446103
29.25,72,4870.632471
24.65,124,4870.951433
-2.0,1,4870.95401
29.45,100,4871.22782
-2.1,3,4871.236087
35.55,46,4871.362332
30.1,83,4871.591002
8.0,1,4871.593805
33.6,53,4871.742082
29.9,107,4878.143333
-2.7,7,4878.161513
31.05,104,4878.434297
6.0,1,4878.43685
34.6,41,4878.544487
32.05,84,4878.763223
33.85,44,4878.871909
35.0,41,4878.973504
21.25,236,4879.576608
-2.0,1,4879.579428
34.45,44,4879.703765
33.7,43,4879.824968
-2.05,2,4879.830521
34.05,56,4879.976878
-88.85,722,4888.085969
36.45,32,4888.168893
32.2,65,4888.336803
23.2,185,4888.822214
-2.15,4,4888.832867
34.1,55,4888.98356
35.1,43,4889.104966
35.35,46,4889.233624
35.75,38,4889.337277
30.85,80,4889.551079
35.05,52,4896.055419
-2.35,8,4896.074995
28.65,104,4896.33877
35.6,33,4896.420067
30.25,96,4896.664237
-2.05,2,4896.669364
-2.3,7,4896.687265
33.9,55,4896.828194
32.15,66,4896.989082
33.55,58,4897.130673
36.9,23,4897.186476
28.0,137,4897.525905
32.7,67,4897.696887
33.7,47,4897.817312
-2.35,4,4897.827494
31.95,62,4897.986286
17.15,246,4904.894305
-2.2,5,4904.906672
35.4,33,4904.986998
30.2,89,4905.215981
34.35,42,4905.324991
22.65,88,4905.550472
33.9,59,4905.697783
33.55,58,4905.847389
32.15,78,4906.050322
35.8,33,4906.138865
30.8,81,4906.362789
33.1,75,4906.569587
23.8,149,4906.959738
-2.05,2,4906.964774
33.35,42,4907.074238
30.65,92,4907.312195
34.7,59,4907.462978
35.45,40,4914.06718
35.25,40,4914.165431
34.65,40,4914.262841
21.45,140,4914.605166
-2.25,6,4914.619565
28.6,97,4914.861156
28.9,103,4915.128104
-2.65,6,4915.143503
5.95,2,4915.148746
34.15,46,4915.267598
31.75,82,4915.473438
-2.0,1,4915.475809
-2.5,11,4915.502204
32.2,77,4915.690199
31.1,71,4915.861332
26.5,151,4916.239478
34.65,40,4916.342495
-2.25,6,4916.357136
26.75,146,4922.989161
33.1,55,4923.132174
32.25,72,4923.315985
24.2,185,4923.788109
27.5,111,4924.074413
-2.0,1,4924.076976
33.8,61,4924.234591
30.15,78,4924.437521
-2.7,11,4924.466175
33.35,50,4924.59502
17.0,233,4925.185352
-2.3,7,4925.20479
-2.8,13,4925.2412
33.65,52,4925.384281
-2.25,6,4925.401132
-2.1,3,4925.409568
35.55,46,4931.911788
36.65,28,4931.980323
-2.05,2,4931.985147
33.75,54,4932.118594
32.6,73,4932.30674
-2.3,7,4932.324335
34.9,51,4932.454778
-2.1,3,4932.46216
18.3,183,4932.915073
34.4,53,4933.052717
36.5,31,4933.13369
-2.0,1,4933.136368
25.25,168,4933.58321
-3.0,13,4933.616627
35.4,45,4933.73431
17.95,178,4934.212667
29.35,86,4934.434468
34.0,57,4940.753514
33.55,70,4940.924429
-3.1,295,4941.648312
34.75,46,4941.762388
33.25,56,4941.90408
36.45,28,4941.977125
30.4,109,4942.260164
-2.15,4,4942.270434
27.9,87,4942.491944
35.25,36,4942.586732
-2.4,5,4942.599837
31.5,71,4942.78282
33.7,67,4942.952104
35.9,27,4943.021393
33.2,69,4943.199845
-2.0,1,4943.202414
-5.7,43,4949.697283
-2.1,3,4949.704243
36.45,32,4949.778425
-2.05,2,4949.783029
-2.6,13,4949.813222
33.1,47,4949.9225
22.55,194,4950.386399
34.25,52,4950.509287
32.5,67,4950.672158
33.85,64,4950.834719
-2.1,3,4950.84211
-2.9,11,4950.870497
33.25,68,4951.046953
33.7,63,4951.217194
14.5,171,4951.681925
34.25,36,4951.771474
36.4,25,4951.834742
31.05,76,4952.031432
33.85,64,4952.19926
31.25,68,4958.810185
35.85,32,4958.89233
33.2,57,4959.039729
12.65,196,4959.545084
-2.15,4,4959.555447
35.95,34,4959.64346
36.4,29,4959.718127
35.05,44,4959.830985
32.8,69,4960.038256
-2.45,10,4960.067556
-2.4,9,4960.095031
26.6,117,4960.446795
-4.95,48,4960.590913
35.0,57,4960.765369
34.65,48,4960.910146
35.2,41,4961.031937
-2.05,2,4961.037892
11.3,235,4967.988729
-2.2,5,4968.003583
-2.25,6,4968.021206
30.3,91,4968.297323
19.35,214,4968.944696
5.0,1,4968.947736
34.9,47,4969.092015
25.95,138,4969.510686
7.9,3,4969.519677
35.9,31,4969.612096
17.2,257,4970.387312
36.0,37,4970.501494
32.9,55,4970.671146
-2.3,7,4970.692709
-2.2,5,4970.708001
36.5,27,4970.791244
-2.05,2,4970.797442
36.6,25,4970.872087
33.55,54,4977.282866
32.95,82,4977.530578
-2.0,1,4977.53362
22.9,167,4978.04288
-2.2,5,4978.058048
35.75,34,4978.161454
32.85,60,4978.340781
-2.3,7,4978.361179
35.8,37,4978.469697
34.05,52,4978.625226
35.15,38,4978.741398
36.4,33,4978.842436
-2.05,2,4978.848694
36.2,29,4978.937545
34.05,48,4979.080935
36.85,20,4979.139704
32.55,78,4979.378349
9.5,315,4986.785419
-3.15,8,4986.809944
-2.05,2,4986.816106
-2.25,6,4986.834294
30.7,91,4987.100473
35.9,39,4987.213866
35.8,41,4987.332711
24.65,124,4987.693242
33.2,57,4987.868099
31.8,77,4988.108005
33.1,67,4988.310549
-2.45,6,4988.328036
34.9,43,4988.453856
35.7,35,4988.556576
36.25,32,4988.650434
34.65,48,4988.791548
-2.25,6,4988.809155
-2.65,6,4988.826702
-2.0,1,4988.829771
34.8,45,4988.96163
29.3,107,4989.275931
-140.25,722,4997.680176
-31.65,542,5005.568997
-2.2,5,5005.584892
32.05,72,5005.814385
30.15,98,5006.131769
-2.25,6,5006.15091
14.9,147,5006.609324
-5.0,25,5006.685058
29.6,97,5006.97129
32.6,65,5007.170597
-2.0,1,5007.173689
-2.9,15,5007.21933
-2.3,7,5007.240306
-2.3,7,5007.260965
-14.95,324,5008.245562
34.2,53,5008.403939
29.2,117,5015.099807
36.05,36,5015.208437
26.65,124,5015.585082
35.0,57,5015.751742
-2.0,1,5015.754787
-2.35,4,5015.767008
32.9,59,5015.944504
-2.15,4,5015.956039
33.3,71,5016.167651
-2.1,3,5016.176183
30.9,75,5016.393575
32.3,55,5016.553539
34.95,54,5016.711082
30.35,98,5017.013065
33.5,59,5017.195253
35.35,50,5017.349208
-2.35,8,5017.373913
-2.1,3,5017.383281
-2.0,1,5017.386404
36.3,31,5017.480243
36.25,20,5017.541641
-34.25,666,5025.633202
35.1,43,5025.775344
-2.15,4,5025.788251
-6.1,27,5025.878267
-2.5,11,5025.9162
-3.7,19,5025.977328
35.4,37,5026.090416
33.1,63,5026.275452
-2.15,4,5026.287147
-3.4,329,5034.010993
35.8,29,5034.128307
28.15,114,5034.550044
23.65,152,5035.1236
34.55,54,5035.309424
35.25,36,5035.437323
31.8,69,5035.681689
34.25,56,5035.872311
-2.0,1,5035.875696
34.2,49,5036.036118
35.0,49,5036.189363
-2.2,5,5036.205009
34.5,43,5036.339782
34.55,50,5036.501131
27.1,103,5036.831775
-2.15,4,5036.844389
16.1,211,5044.03038
-2.1,3,5044.039593
33.5,55,5044.208404
-2.2,5,5044.22377
32.6,69,5044.431938
-2.15,4,5044.444809
-2.0,1,5044.448152
34.2,41,5044.58409
-2.0,1,5044.587739
36.35,26,5044.673659
34.7,43,5044.808364
34.65,44,5044.94362
29.2,97,5045.228342
7.95,2,5045.23413
31.6,77,5045.460176
34.1,55,5045.63294
35.45,44,5045.765176
-3.4,17,5045.818337
-2.0,1,5045.821544
35.05,36,5045.938085
35.7,39,5046.059959
33.9,55,5046.227123
-2.05,2,5046.23315
29.55,82,5046.481186
13.7,191,5053.550682
31.85,72,5053.78233
34.5,47,5053.937351
-2.0,1,5053.940624
33.8,61,5054.136671
33.15,70,5054.359478
36.35,30,5054.45179
23.3,159,5054.959533
27.7,91,5055.250402
35.6,29,5055.335998
35.9,31,5055.428897
18.25,204,5056.047927
20.8,117,5056.4008
31.9,63,5056.591072
-2.0,1,5056.594164
25.35,114,5063.040808
-2.0,1,5063.043921
-33.1,155,5063.504548
34.45,40,5063.627646
32.7,71,5063.840022
35.85,40,5063.965453
36.2,37,5064.07703
30.35,78,5064.306496
35.2,37,5064.415819
34.4,45,5064.549397
20.4,185,5065.123995
30.75,74,5065.357251
34.1,55,5065.531501
32.1,71,5065.754904
34.2,49,5072.256744
-2.1,3,5072.26591
35.05,44,5072.399405
-2.1,3,5072.4085
35.35,46,5072.547938
34.85,44,5072.678301
33.45,60,5072.859872
28.6,93,5073.151494
29.55,86,5073.423102
-4.65,34,5073.527126
32.35,66,5073.726472
-38.7,579,5081.757985
33.7,47,5081.894169
28.7,83,5082.122201
32.45,64,5082.307364
31.85,72,5082.524769
-2.25,6,5082.543329
31.2,85,5082.803937
-2.1,3,5082.813035
-2.0,1,5082.816125
-2.05,2,5082.822237
34.4,57,5082.997202
33.95,62,5083.187616
36.15,38,5083.304371
31.05,68,5083.512301
-2.25,6,5083.530778
28.35,114,5083.870718
23.6,177,5084.435721
33.3,71,5084.65488
-2.3,7,5084.676518
31.9,71,5091.252262
17.45,120,5091.629453
-2.0,1,5091.632817
6.0,1,5091.636022
34.1,43,5091.765703
35.25,44,5091.900059
34.1,47,5092.041473
-2.1,3,5092.050228
35.25,48,5092.198095
-5.1,19,5092.257716
26.75,106,5092.596897
-2.0,1,5092.600168
35.0,49,5092.762825
34.55,46,5092.908795
-2.05,2,5092.914877
-2.0,1,5092.91795
34.25,52,5093.077066
8.0,1,5093.080173
-2.15,4,5093.092552
35.65,40,5093.221556
6.0,1,5093.224885
30.7,91,5093.517023
34.4,53,5093.688218
31.5,79,5093.944719
29.65,100,5094.215721
-2.1,3,5094.224603
-2.5,7,5094.246067
35.95,30,5100.783175
35.1,47,5100.927398
35.25,40,5101.050222
28.6,93,5101.325393
34.65,40,5101.44332
33.25,56,5101.612097
29.55,82,5101.863909
-3.05,14,5101.905635
-2.8,9,5101.932126
33.15,46,5102.070042
36.45,28,5102.155804
30.0,89,5102.427635
34.35,42,5102.551209
34.9,43,5102.677356
35.95,30,5102.764693
-3.2,21,5102.828324
-3.8,17,5102.881798
32.15,66,5103.074649
31.2,85,5103.337429
32.1,75,5103.569839
31.15,78,5109.960659
35.1,39,5110.068359
-2.45,6,5110.084795
29.1,103,5110.368726
33.35,58,5110.536741
-2.05,2,5110.542775
32.45,64,5110.739206
31.3,79,5110.980654
-5.0,33,5111.081914
25.35,78,5111.319365
-2.05,2,5111.325168
34.45,44,5111.453504
27.15,122,5111.815411
33.65,52,5111.97598
35.2,45,5112.114835
34.3,39,5112.235417
34.25,60,5112.429909
34.45,48,5112.58692
30.5,71,5112.821052
33.85,60,5113.016594
35.35,38,5119.630056
34.75,42,5119.765605
36.45,28,5119.85305
5.95,2,5119.859145
33.3,63,5120.05654
32.65,60,5120.245304
35.9,35,5120.34791
26.4,141,5120.759454
37.05,20,5120.817661
34.2,45,5120.949111
33.85,60,5121.12372
32.0,65,5121.313155
31.1,79,5121.543716
30.2,93,5121.818014
-2.05,2,5121.823849
31.9,63,5122.008868
5.95,2,5122.014717
6.8,249,5128.697362
35.3,47,5128.84211
32.7,59,5129.01673
-2.5,7,5129.037295
-2.0,1,5129.040262
32.95,50,5129.192632
-2.1,3,5129.201378
34.4,53,5129.360448
-2.0,1,5129.363348
26.35,106,5129.685467
24.95,154,5130.143713
20.05,160,5130.617297
-2.15,4,5130.629575
35.05,48,5130.775433
37.3,15,5130.82056
35.3,43,5130.94845
-3.15,24,5131.018332
29.4,73,5131.230999
-2.1,3,5131.239735
-2.45,10,5131.268906
34.75,34,5131.368381
23.15,114,5138.212508
33.7,55,5138.376255
-2.5,11,5138.410182
35.35,50,5138.564777
-2.0,1,5138.567672
5.0,1,5138.570631
13.9,3,5138.57943
7.95,2,5138.585287
34.6,49,5138.734239
-4.95,448,5140.146101
25.05,168,5140.655916
32.95,62,5140.846033
-2.3,7,5140.867433
-2.35,8,5140.891863
35.75,34,5141.002849
36.45,32,5141.09796
34.9,51,5141.250261
33.7,51,5147.480658
34.6,37,5147.569459
-2.35,8,5147.588673
-2.1,3,5147.595835
-2.8,13,5147.628003
-2.6,13,5147.660758
34.65,32,5147.738605
30.5,95,5147.970387
31.9,59,5148.113767
37.15,18,5148.157955
-7.35,52,5148.284466
31.8,77,5148.488453
36.2,33,5148.574739
33.2,61,5148.737929
-2.7,7,5148.756832
-2.0,1,5148.759569
32.75,58,5148.92228
-2.75,16,5148.966291
36.5,27,5149.044707
32.3,71,5149.25168
33.7,63,5149.435447
31.55,70,5149.641627
-3.4,21,5149.705749
-2.4,5,5149.721087
31.4,69,5149.928156
34.65,40,5150.04448
11.1,251,5157.046915
-3.75,24,5157.113517
28.65,88,5157.368292
36.45,28,5157.450139
-2.1,3,5157.459189
14.85,268,5158.260355
31.75,90,5158.532587
33.85,52,5158.690702
30.3,71,5158.904622
32.15,62,5159.094281
-3.65,14,5159.136746
30.9,63,5159.32835
29.55,106,5165.707772
-114.45,722,5167.901962
-3.15,20,5167.962202
36.2,33,5168.05879
-2.3,7,5168.079576
33.25,60,5168.257304
22.7,127,5174.805631
33.0,61,5174.985562
29.75,106,5175.285183
35.95,38,5175.389312
34.5,51,5175.535985
35.2,41,5175.661556
35.95,38,5175.777647
35.8,37,5175.887237
23.95,134,5176.277095
33.35,58,5176.446228
29.85,100,5176.735972
36.35,30,5176.819845
33.8,53,5176.970229
-2.75,8,5176.992241
31.35,90,5177.251964
31.75,74,5177.468477
-4.5,31,5177.559123
-2.2,5,5177.57362
-2.4,9,5177.599704
29.9,115,5184.105878
22.9,155,5184.616571
29.15,102,5184.97832
-3.4,25,5185.065231
-2.75,12,5185.105647
35.45,44,5185.254076
-6.25,22,5185.328545
34.9,55,5185.516361
35.25,40,5185.651753
31.85,84,5185.936122
36.15,34,5186.051242
-2.05,2,5186.057946
-2.7,15,5186.108877
33.6,37,5186.234307
32.1,47,5186.385387
-2.4,9,5186.41349
-7.35,580,5194.80666
34.45,44,5194.94979
35.2,49,5195.100814
6.0,1,5195.103769
24.25,164,5195.622058
35.5,39,5195.751147
33.35,70,5195.982311
31.8,69,5196.211006
32.6,73,5196.443836
-2.2,5,5196.459184
36.7,27,5196.542389
-2.05,2,5196.548538
30.9,79,5196.791229
35.45,44,5196.927037
34.7,47,5197.071235
-2.05,2,5197.077339
33.3,43,5203.483939
-2.55,12,5203.521127
-2.4,5,5203.536222
33.6,53,5203.697855
27.55,138,5204.136972
30.65,84,5204.393692
24.3,131,5204.792649
30.45,88,5205.066156
33.6,61,5205.252814
14.0,205,5205.872272
-12.15,248,5213.008169
36.1,31,5213.100461
29.45,124,5213.495291
33.1,51,5213.650052
-2.05,2,5213.656227
29.8,65,5213.861567
31.9,67,5214.083791
30.6,93,5214.387003
21.55,10,5214.420326
33.1,55,5214.60039
36.15,34,5214.713223
-2.1,3,5214.723151
36.0,29,5214.813568
30.35,78,5215.062248
-2.2,5,5215.077573
-2.45,10,5215.109239
35.9,39,5215.237524
28.3,91,5215.524188
34.5,39,5215.641929
-2.5,7,5215.664082
25.4,133,5216.076848
34.8,45,5222.493812
35.9,35,5222.590928
-2.8,17,5222.637986
31.55,62,5222.81143
33.7,59,5222.985196
24.45,148,5223.420535
-64.85,722,5231.882181
35.7,35,5231.978209
34.55,54,5232.129446
35.1,47,5232.268488
-2.15,4,5232.28022
33.8,57,5232.448247
35.5,39,5232.565463
35.55,42,5232.694278
35.8,29,5232.781827
26.6,101,5233.092606
33.3,67,5233.293006
32.7,71,5233.502261
36.2,33,5233.599616
36.6,25,5233.672957
27.05,148,5234.109041
35.55,50,5234.255996
34.25,48,5234.397299
35.25,44,5234.527021
-2.05,2,5234.53289
-4.0,21,5234.594727
-2.2,5,5234.609534
34.8,45,5234.742016
35.2,41,5240.984651
33.5,51,5241.136424
34.1,51,5241.292257
30.2,73,5241.516548
-2.0,1,5241.519477
35.2,41,5241.644557
-2.45,6,5241.662811
36.7,27,5241.743382
-2.45,6,5241.760833
34.9,51,5241.909897
-2.25,6,5241.9275
-2.1,3,5241.936256
34.5,59,5242.116725
-2.0,1,5242.119613
35.8,45,5242.251359
29.2,69,5242.454776
33.6,53,5242.61366
34.6,37,5242.725242
-2.8,13,5242.764059
26.05,156,5243.222227
-2.0,1,5243.225366
33.45,64,5243.42053
28.85,76,5243.646276
-2.05,2,5243.65245
-2.0,1,5243.655582
24.75,106,5250.351625
-2.05,2,5250.357763
32.75,66,5250.560269
-2.4,9,5250.589935
-5.15,36,5250.708464
36.15,26,5250.793938
25.9,147,5251.272561
35.8,37,5251.391816
34.75,34,5251.494323
34.55,46,5251.630087
35.9,35,5251.734189
-5.7,35,5251.839597
34.7,39,5251.958567
-2.8,9,5251.984906
34.6,53,5252.141109
33.55,50,5252.289897
-3.5,11,5252.321876
34.75,46,5252.459479
-2.15,4,5252.471823
-2.0,1,5252.474918
35.75,38,5252.591964
-2.0,1,5252.594986
36.0,33,5252.696272
-2.15,4,5252.7084
35.7,35,5252.813632
32.8,73,5253.028931
35.3,39,5253.142806
33.5,59,5253.318835
35.85,36,5253.422743
6.0,1,5253.425647
35.75,38,5259.625577
33.7,59,5259.799874
7.95,2,5259.806126
-2.0,1,5259.809263
36.7,23,5259.88195
34.75,38,5260.001227
16.75,10,5260.03256
-2.15,4,5260.045289
35.15,42,5260.175258
29.25,92,5260.474713
-2.0,1,5260.477771
35.0,45,5260.623431
-6.5,39,5260.751557
-2.0,1,5260.754845
35.75,42,5260.889163
34.15,62,5261.090615
35.4,37,5261.202223
36.35,30,5261.295465
35.85,40,5261.42163
35.8,33,5261.519176
33.85,44,5261.656259
31.2,89,5261.932023
25.2,133,5262.328046
28.0,121,5262.69178
32.95,54,5269.142559
33.95,58,5269.318063
34.9,39,5269.432272
-2.0,1,5269.435323
34.15,54,5269.594352
-2.3,7,5269.614845
35.0,41,5269.735869
34.35,46,5269.873497
34.5,51,5270.029226
-2.0,1,5270.032206
35.65,36,5270.138001
35.95,38,5270.253651
34.85,44,5270.387209
-2.1,3,5270.396361
35.45,36,5270.505306
29.2,93,5270.784926
34.85,48,5270.928865
-2.65,10,5270.958118
5.0,1,5270.961117
7.95,2,5270.967009
35.65,40,5271.086295
-2.05,2,5271.09211
36.85,24,5271.162097
30.8,93,5271.434422
-2.0,1,5271.437307
6.0,1,5271.440289
30.8,69,5271.648401
34.35,46,5271.789932
-2.05,2,5271.796115
34.05,56,5271.96685
34.1,47,5278.526013
34.05,44,5278.660645
26.8,109,5278.996093
-2.25,6,5279.014628
-2.0,1,5279.017751
34.85,52,5279.175101
36.0,33,5279.277155
35.6,37,5279.387948
35.7,31,5279.477867
-2.2,5,5279.492323
32.25,72,5279.695366
33.95,50,5279.83349
34.75,46,5279.966899
33.35,62,5280.151736
34.0,53,5280.305626
-2.9,11,5280.337587
26.6,129,5280.727276
-76.45,722,5289.236391
-2.25,6,5289.25426
10.15,242,5290.005005
36.95,18,5290.060364
36.45,32,5290.156028
32.6,61,5290.340989
36.2,37,5290.45584
34.1,51,5290.605697
-2.0,1,5290.608607
31.95,94,5290.895222
34.05,48,5297.341538
33.1,51,5297.48325
33.15,66,5297.665736
35.0,37,5297.774575
34.4,57,5297.942792
35.75,30,5298.031324
-2.6,9,5298.05775
33.4,57,5298.227405
29.9,79,5298.469802
29.75,86,5298.735857
30.65,96,5299.030187
29.8,69,5299.24381
31.5,75,5299.474527
29.35,114,5299.834935
36.65,28,5299.925963
28.25,88,5300.15036
34.4,57,5300.292451
27.45,104,5306.40294
33.4,49,5306.546155
31.45,72,5306.745524
36.8,25,5306.816339
-2.0,1,5306.819131
28.5,115,5307.15967
-2.0,1,5307.162702
-2.0,1,5307.165783
36.25,32,5307.263075
-2.25,6,5307.2813
-2.05,2,5307.2874
36.35,30,5307.378541
31.95,74,5307.603161
34.7,47,5307.744928
-2.15,4,5307.757171
30.35,94,5308.041179
34.55,38,5308.157108
35.75,38,5308.273449
35.8,33,5308.371587
34.85,44,5308.499658
-2.1,3,5308.508317
31.85,72,5308.718487
-2.25,6,5308.735906
33.2,69,5308.937521
-2.15,4,5308.949109
-2.5,7,5308.969542
32.8,61,5309.147648
35.05,40,5315.431944
32.85,64,5315.626706
-2.5,11,5315.660069
9.9,3,5315.669338
5.0,1,5315.672399
33.35,50,5315.82303
29.9,71,5316.039588
35.95,38,5316.155272
-2.9,19,5316.212969
35.8,33,5316.309025
-2.1,3,5316.317677
31.7,83,5316.558868
36.25,32,5316.652122
36.3,31,5316.743752
-2.2,5,5316.758237
-2.55,12,5316.793122
34.3,43,5316.918133
36.5,27,5316.997898
25.55,86,5317.248803
-2.05,2,5317.254543
35.35,42,5317.377101
14.55,198,5317.960798
9.95,2,5317.966576
-2.2,5,5317.981623
24.2,117,5318.328322
33.7,59,5324.548305
-2.2,5,5324.563396
34.1,55,5324.726721
29.05,104,5325.023842
32.15,66,5325.20723
33.1,51,5325.354994
-16.95,64,5325.549637
35.3,43,5325.680837
31.05,76,5325.911895
26.8,121,5326.275017
-2.15,4,5326.2866
34.65,40,5326.403809
28.6,85,5326.660494
36.5,27,5326.74135
36.5,23,5326.811216
35.7,43,5326.942004
36.8,25,5327.018015
7.65,396,5334.413111
-2.1,3,5334.422127
26.85,92,5334.701696
34.8,41,5334.824251
36.0,37,5334.937065
29.75,114,5335.339865
29.2,93,5335.687809
32.7,71,5335.915639
-2.15,4,5335.928413
36.35,34,5336.035066
-2.05,2,5336.04124
5.0,1,5336.044407
35.7,39,5336.166034
31.25,84,5336.412357
33.6,53,5336.566715
16.1,267,5343.441564
31.05,88,5343.697772
-2.1,3,5343.706627
-6.1,547,5345.349686
5.0,1,5345.352684
-4.8,33,5345.449854
25.0,129,5345.838704
35.15,46,5345.978443
34.0,53,5352.327284
35.9,31,5352.416207
33.4,69,5352.617781
34.4,49,5352.767295
32.3,87,5353.032066
35.4,53,5353.192945
33.3,59,5353.365562
36.45,28,5353.447417
21.15,186,5353.989315
34.55,46,5354.123011
7.95,2,5354.128828
29.1,75,5354.347849
31.15,74,5354.56313
30.35,102,5354.860508
6.9,319,5362.152555
33.8,49,5362.287721
-2.1,3,5362.296273
36.15,34,5362.391226
30.55,94,5362.655788
36.35,26,5362.730419
31.05,60,5362.900065
33.45,48,5363.038191
34.45,52,5363.187636
30.95,66,5363.376066
35.65,40,5363.488462
34.45,48,5363.625053
35.65,32,5363.718009
-2.15,4,5363.729568
30.65,84,5363.970899
31.3,71,5364.177834
35.55,42,5364.298883
34.85,48,5364.446037
-2.0,1,5364.449053
30.7,79,5370.748113
36.5,31,5370.840756
32.3,63,5371.029275
26.5,111,5371.37945
24.1,131,5371.803113
33.6,53,5371.973069
35.35,42,5372.106344
34.35,38,5372.228353
28.15,134,5372.636503
8.8,277,5373.499873
35.05,40,5373.623641
35.55,38,5373.74118
32.35,62,5380.189724
35.1,43,5380.324727
31.15,90,5380.607486
36.1,35,5380.719287
-2.2,5,5380.735513
17.15,214,5381.371467
31.2,77,5381.591417
29.85,96,5381.873704
-3.35,12,5381.910005
31.5,67,5382.104292
-2.05,2,5382.109914
36.65,28,5382.18959
24.1,143,5382.596442
-2.15,4,5382.607869
33.75,62,5382.785167
34.7,47,5382.920085
-2.05,2,5382.925795
36.25,32,5383.017545
-2.0,1,5383.020433
36.65,28,5389.15921
-2.05,2,5389.16495
-2.05,2,5389.170727
34.85,44,5389.297167
32.6,61,5389.472516
28.9,95,5389.755878
13.95,2,5389.761694
-2.1,3,5389.770354
28.7,111,5390.09913
-2.05,2,5390.104869
33.1,51,5390.252539
36.05,32,5390.348367
36.75,26,5390.424284
-3.05,14,5390.466352
31.1,71,5390.679985
27.4,133,5391.074457
35.75,38,5391.184292
28.8,93,5391.457638
34.95,46,5391.596087
-2.0,1,5391.599031
26.1,95,5391.892914
33.85,52,5392.06246
36.35,34,5392.170536
-2.15,4,5392.182935
-3.45,22,5398.575756
34.8,57,5398.729153
-2.25,6,5398.746288
27.95,110,5399.061581
31.4,93,5399.326333
-2.1,3,5399.334959
33.15,58,5399.500373
-6.5,443,5400.77241
35.55,42,5400.888325
36.75,22,5400.949801
36.0,41,5401.062809
-3.1,15,5401.104585
34.45,56,5401.258965
-2.0,1,5401.261606
31.25,56,5401.410986
30.1,91,5407.544869
34.75,42,5407.663515
26.75,138,5408.116513
20.15,162,5408.646677
-2.3,7,5408.667691
-16.35,568,5410.350487
-2.4,9,5410.376746
34.3,59,5416.762578
35.8,33,5416.85453
-2.0,1,5416.857391
-2.8,13,5416.896485
31.25,76,5417.119481
28.4,101,5417.417368
33.35,70,5417.626967
35.1,43,5417.755861
26.15,122,5418.122046
34.75,46,5418.26146
-2.45,10,5418.293334
36.05,28,5418.382636
-2.05,2,5418.388817
-2.6,9,5418.417796
25.2,101,5418.721745
32.9,55,5418.894977
36.7,23,5418.964121
35.6,33,5419.060727
33.5,71,5419.268944
-2.05,2,5419.274653
33.55,62,5419.455238
28.2,97,5425.82951
-2.5,7,5425.84916
32.9,55,5425.996576
34.55,42,5426.109184
25.25,140,5426.512678
36.1,35,5426.615695
35.9,31,5426.708173
27.7,107,5427.017167
35.05,36,5427.119837
35.1,59,5427.289961
32.25,84,5427.53157
-2.1,3,5427.540639
-3.9,31,5427.634218
34.3,59,5427.812737
16.35,258,5428.576371
32.3,71,5434.860534
-2.65,6,5434.87842
32.45,60,5435.054393
35.6,33,5435.150929
0.0,357,5436.171627
33.9,59,5436.344083
-2.1,3,5436.352675
36.05,36,5436.45605
-2.1,3,5436.464531
34.2,57,5436.628622
36.9,23,5436.697407
34.75,54,5436.855402
-2.25,6,5436.873011
35.95,34,5436.975758
-4.7,387,5444.127465
35.25,40,5444.236684
37.15,18,5444.284886
-2.05,2,5444.290234
22.55,138,5444.692421
33.55,46,5444.827623
36.8,25,5444.904711
27.95,134,5445.300674
34.0,53,5445.457883
26.35,102,5445.756401
30.75,62,5445.942446
33.55,66,5446.143005
-2.0,1,5446.146048
18.65,192,5446.718965
-2.05,2,5446.724851
36.3,31,5452.82348
34.3,59,5453.009203
35.95,34,5453.123662
31.95,54,5453.307131
36.15,38,5453.429786
34.15,50,5453.588042
26.65,124,5453.960683
35.8,33,5454.060729
-2.3,7,5454.082092
-2.0,1,5454.085119
36.3,27,5454.166613
28.95,78,5454.407019
36.45,32,5454.502637
-2.0,1,5454.505657
-2.2,5,5454.52065
33.6,53,5454.680285
33.95,62,5454.866243
-2.3,7,5454.88745
20.25,200,5455.530406
36.1,31,5455.628798
33.2,49,5455.78609
-2.1,3,5455.795662
35.65,36,5455.910717
36.1,31,5456.011291
36.1,27,5462.345281
33.15,58,5462.502015
34.7,51,5462.644798
36.0,33,5462.736989
-5.4,25,5462.807635
32.2,69,5463.002364
-2.05,2,5463.007924
-2.25,6,5463.024816
33.15,58,5463.188225
36.05,36,5463.289437
34.35,50,5463.438864
36.45,32,5463.534364
31.15,82,5463.779724
29.05,84,5464.03139
-6.95,296,5464.865198
27.3,95,5465.127339
32.7,83,5471.238579
-2.65,14,5471.28089
-2.1,3,5471.289941
33.7,59,5471.468401
-2.25,6,5471.486734
32.25,80,5471.726287
30.6,81,5471.984271
-7.55,448,5473.35214
-2.15,4,5473.364484
-2.1,3,5473.3736
32.35,82,5473.623641
31.35,78,5473.859362
-2.15,4,5473.871256
34.3,51,5474.024998
-2.3,7,5474.04521
35.3,39,5474.157306
32.1,83,5480.558593
36.4,29,5480.642249
33.7,47,5480.777397
36.65,28,5480.857991
32.2,69,5481.061663
-2.15,4,5481.073112
-2.7,15,5481.116219
-3.1,15,5481.160563
-2.2,5,5481.175603
26.25,116,5481.52388
34.25,60,5481.701589
35.0,45,5481.835998
-2.0,1,5481.838872
30.85,64,5482.027702
27.75,94,5482.308711
33.25,60,5482.481508
27.75,106,5482.78093
33.25,64,5482.95392
34.4,61,5483.126316
34.6,49,5483.257039
35.65,40,5489.384879
33.95,62,5489.570827
25.25,108,5489.887847
-2.0,1,5489.890727
26.6,137,5490.325147
35.05,48,5490.472481
-2.1,3,5490.481014
9.9,3,5490.489752
-2.4,9,5490.515551
7.95,2,5490.521412
-2.45,6,5490.5386
34.35,50,5490.681819
36.1,31,5490.770518
-2.25,6,5490.787637
34.35,62,5490.969395
33.8,53,5491.137816
-2.0,1,5491.140953
35.6,37,5491.258451
31.8,73,5491.488253
33.2,49,5491.642631
31.4,65,5491.846179
-2.05,2,5491.852231
35.85,32,5491.952243
31.6,65,5492.15905
36.8,25,5492.238101
-141.05,722,5500.647308
-2.55,12,5500.684949
35.7,43,5500.820004
28.0,109,5501.158733
-2.3,7,5501.180364
35.1,51,5501.337996
33.65,48,5501.485303
6.5,331,5508.874303
33.2,53,5509.028924
-2.6,9,5509.054972
-2.0,1,5509.057864
29.5,87,5509.310278
35.2,37,5509.417866
34.8,53,5509.571452
36.05,36,5509.675402
-2.3,7,5509.695938
-2.1,3,5509.704679
34.25,40,5509.820395
32.5,71,5510.026458
-5.9,47,5510.161857
35.75,34,5510.259751
-2.05,2,5510.26545
36.15,34,5510.363574
31.1,95,5510.639198
32.05,76,5510.860061
-2.15,4,5510.871722
31.6,69,5511.073276
35.85,36,5511.177692
-2.05,2,5511.183441
28.6,89,5517.853933
34.45,60,5518.037218
33.45,64,5518.235969
33.25,60,5518.415839
34.6,49,5518.571638
32.0,81,5518.835494
5.95,2,5518.841998
-2.0,1,5518.845121
-2.15,4,5518.858092
33.45,64,5519.059292
-2.1,3,5519.068391
-3.1,19,5519.125646
-2.65,10,5519.155203
-2.15,4,5519.167045
-2.4,9,5519.194038
22.85,184,5519.758571
11.6,5,5519.77432
29.45,84,5520.04122
31.75,62,5520.23708
36.1,35,5520.344974
35.95,42,5520.470858
-2.55,8,5520.494929
8.0,1,5520.498064
33.75,50,5520.649323
33.6,49,5526.893592
-4.0,29,5526.980978
27.4,141,5527.395595
35.6,29,5527.480565
-2.15,4,5527.492224
6.0,1,5527.495382
35.8,33,5527.595714
-2.25,6,5527.614589
-2.1,3,5527.623448
-2.15,4,5527.63515
-2.2,5,5527.650394
35.5,31,5527.745826
35.6,41,5527.866362
33.55,54,5528.029124
33.95,58,5528.196306
34.65,48,5528.331742
34.7,51,5528.4806
-2.3,7,5528.50198
35.7,35,5528.609195
11.9,3,5528.618435
33.35,78,5528.854198
35.15,42,5528.983607
36.45,28,5529.069219
-2.3,7,5529.09058
8.0,1,5529.093686
-2.45,6,5529.111401
37.25,16,5529.158558
34.45,36,5529.268558
7.2,297,5536.24798
33.1,47,5536.388477
29.1,95,5536.678957
32.1,67,5536.877155
34.8,49,5537.020152
36.55,30,5537.109882
34.65,44,5537.237537
35.9,39,5537.353992
-2.2,5,5537.369087
-4.25,22,5537.43582
-2.6,9,5537.463144
36.55,26,5537.540759
36.3,27,5537.620405
32.65,56,5537.783574
37.35,14,5537.824451
-2.1,3,5537.833159
30.45,72,5538.043011
27.8,81,5538.278734
33.5,51,5538.433856
-2.15,4,5538.446219
34.4,61,5538.642648
35.05,40,5538.768842
-2.1,3,5538.777704
35.5,35,5538.884859
32.8,57,5539.05318
31.0,89,5545.42032
32.6,61,5545.600254
29.45,96,5545.882251
-2.4,5,5545.897595
35.25,36,5546.005417
26.35,82,5546.252585
-2.95,20,5546.322213
35.05,36,5546.432363
36.55,26,5546.511523
-2.2,5,5546.526696
-2.2,5,5546.542248
35.6,37,5546.655164
36.55,26,5546.734862
-2.45,10,5546.765295
35.3,43,5546.89449
27.6,101,5547.189149
32.85,64,5547.387337
33.45,60,5547.58967
32.4,69,5547.813181
35.65,32,5547.919946
33.8,57,5548.089286
34.75,42,5548.222168
34.85,40,5554.659865
34.8,45,5554.797965
31.6,69,5555.010153
-2.05,2,5555.015926
31.45,80,5555.248531
33.25,60,5555.430097
34.2,53,5555.5906
33.35,58,5555.760587
35.55,42,5555.888017
33.95,58,5556.066447
-2.0,1,5556.069517
36.8,21,5556.133209
35.65,40,5556.254767
27.75,94,5556.538372
4.35,278,5557.401819
-4.95,24,5557.474588
36.7,27,5557.556744
8.0,1,5557.559744
-2.05,2,5557.565806
35.15,46,5557.705668
36.85,24,5563.966569
35.6,41,5564.087633
-2.65,10,5564.116814
23.65,164,5564.598949
33.3,59,5564.771417
31.5,59,5564.950903
36.2,33,5565.052351
-3.6,21,5565.114263
30.85,88,5565.372444
33.5,67,5565.577561
5.0,1,5565.580677
36.35,30,5565.672529
34.55,42,5565.796903
-2.55,8,5565.819999
36.05,36,5565.924322
33.5,59,5566.102509
28.65,116,5566.450422
32.65,48,5566.590417
27.4,93,5566.869007
35.55,38,5573.112484
-2.1,3,5573.121149
32.55,62,5573.30107
36.6,29,5573.386693
22.95,166,5573.90418
33.9,51,5574.103365
32.0,69,5574.336638
34.75,38,5574.462555
29.8,77,5574.706645
-2.35,4,5574.718374
31.45,64,5574.908237
35.95,30,5574.999328
35.7,39,5575.113845
25.5,151,5575.566139
30.95,86,5575.82784
29.4,93,5576.117226
34.55,46,5576.253813
35.75,38,5582.512573
35.6,33,5582.607044
-2.1,3,5582.6156
34.45,56,5582.775928
36.4,29,5582.864273
35.55,38,5582.980551
-2.45,6,5582.998341
33.05,60,5583.18056
35.25,44,5583.313825
17.95,2,5583.319876
-2.5,11,5583.353278
-2.1,3,5583.362679
27.8,109,5583.693952
31.35,82,5583.94303
33.95,50,5584.091041
36.45,28,5584.173112
36.15,34,5584.275574
36.95,22,5584.341264
-2.75,8,5584.36452
32.9,59,5584.538388
35.2,37,5584.646091
29.5,103,5584.946558
-69.5,691,5593.107135
37.0,21,5593.170925
33.25,56,5593.34989
31.35,86,5593.612256
36.9,23,5593.679917
-4.1,23,5593.747663
32.4,73,5593.963721
27.25,84,5594.22201
31.5,79,5594.45868
34.45,40,5594.575655
36.5,27,5594.659816
-3.45,14,5600.770013
29.1,75,5600.982515
9.8,5,5600.997361
-2.5,11,5601.029934
34.4,53,5601.188156
34.3,43,5601.320294
36.75,26,5601.400629
32.55,50,5601.553446
36.25,28,5601.63939
34.35,46,5601.780184
10.0,1,5601.783228
35.55,42,5601.911275
25.4,113,5602.254996
36.55,30,5602.340711
33.85,52,5602.488959
34.75,42,5602.606245
36.75,22,5602.668455
31.85,80,5602.897388
36.3,27,5602.97453
34.5,43,5603.097208
-2.35,8,5603.119363
34.95,46,5603.247404
36.6,29,5603.330816
34.95,42,5603.459281
31.1,95,5603.750117
31.3,95,5610.198971
36.45,28,5610.285633
35.85,36,5610.39691
35.1,39,5610.514009
35.65,36,5610.616725
-3.0,13,5610.652512
-2.2,5,5610.666172
35.5,47,5610.803682
-2.45,10,5610.832624
33.95,50,5610.984685
34.1,59,5611.166853
32.8,53,5611.330534
35.4,45,5611.471991
-2.55,12,5611.51139
32.3,39,5611.640211
-3.5,15,5611.689409
34.4,45,5611.836624
35.8,33,5611.944932
-2.15,4,5611.957552
34.85,40,5612.07964
25.35,94,5612.370222
24.1,151,5612.823577
31.6,73,5613.040847
-2.1,3,5613.050407
30.05,76,5619.488642
-2.5,11,5619.5204
35.0,37,5619.626676
34.6,45,5619.763637
34.8,41,5619.888264
35.95,30,5619.979871
-2.0,1,5619.98292
33.3,51,5620.139304
30.75,82,5620.379377
-2.3,7,5620.399467
36.4,29,5620.480498
33.7,59,5620.642834
34.35,42,5620.762389
33.6,49,5620.90328
-2.0,1,5620.906287
-2.35,8,5620.930804
34.25,56,5621.10156
34.1,47,5621.240277
31.5,79,5621.470457
35.95,34,5621.569696
35.35,38,5621.680881
-4.6,37,5621.792125
9.9,3,5621.800849
33.65,56,5621.963693
7.95,2,5621.969493
33.4,57,5622.134902
31.05,96,5628.704551
32.7,71,5628.934338
-2.65,10,5628.967164
-2.2,5,5628.982871
33.4,57,5629.155041
35.3,43,5629.280638
-9.75,312,5630.221039
32.05,72,5630.450625
8.0,1,5630.453966
33.65,52,5630.61843
36.2,29,5630.714007
-2.1,3,5630.723768
34.8,41,5630.857116
-2.1,3,5630.866552
36.05,40,5630.988358
30.8,85,5631.244979
29.1,111,5631.576562
36.1,31,5631.667203
35.45,32,5638.036433
36.25,28,5638.121846
33.4,61,5638.30596
33.25,52,5638.465251
-2.05,2,5638.471342
33.7,47,5638.613218
32.6,69,5638.828798
-2.8,13,5638.870006
27.45,124,5639.238788
36.0,33,5639.334696
5.95,2,5639.340742
31.95,98,5639.628361
33.7,59,5639.812462
35.2,45,5639.949198
33.4,53,5640.106122
33.8,57,5640.284421
34.25,44,5640.419533
34.35,54,5640.577241
-2.3,7,5640.597455
30.25,88,5640.870282
32.6,69,5647.350475
-2.2,5,5647.365868
34.5,47,5647.509479
34.25,56,5647.685131
-2.25,6,5647.703589
30.4,81,5647.953691
33.2,57,5648.123666
-4.55,20,5648.18261
23.65,132,5648.576148
34.95,54,5648.736701
35.95,34,5648.838462
-2.6,9,5648.865765
-2.25,6,5648.884235
34.95,46,5649.022869
-2.6,9,5649.04911
34.7,51,5649.197257
31.8,65,5649.384772
-2.25,6,5649.402102
33.7,47,5649.538269
35.6,41,5649.659003
32.15,66,5649.856781
-2.95,16,5649.903959
35.25,40,5650.024796
30.15,94,5650.308199
32.75,50,5656.428901
-2.15,4,5656.441009
36.0,29,5656.528529
-3.05,18,5656.583284
35.4,37,5656.696636
32.0,69,5656.905674
34.9,47,5657.048719
32.1,59,5657.229928
-2.0,1,5657.233111
35.1,39,5657.35322
-2.2,5,5657.36841
32.6,41,5657.492815
15.8,5,5657.50744
36.2,25,5657.582088
-3.3,15,5657.625726
34.7,51,5657.780812
32.0,57,5657.953442
-2.05,2,5657.959474
-2.15,4,5657.971627
-5.2,33,5658.071769
35.55,34,5658.175285
34.75,46,5658.315305
36.35,30,5658.406797
35.45,40,5658.522744
-2.0,1,5658.525617
32.1,67,5658.719819
34.1,47,5658.857286
36.1,31,5658.951577
36.55,30,5659.043496
28.85,104,5659.358864
34.65,44,5665.705663
34.0,45,5665.836648
-2.0,1,5665.83956
-2.85,18,5665.892344
35.7,35,5665.995042
-2.55,12,5666.030545
36.2,29,5666.115245
31.7,87,5666.369071
34.95,42,5666.491278
34.95,42,5666.613716
-2.2,5,5666.628166
36.5,31,5666.718529
34.5,51,5666.867137
34.05,52,5667.023957
28.1,115,5667.369391
34.4,49,5667.517269
35.7,43,5667.647801
30.55,94,5667.933419
34.95,46,5668.073299
36.35,30,5668.165123
36.2,33,5668.266606
35.7,47,5668.410084
-5.75,24,5668.486426
-2.15,4,5668.499336
-4.3,23,5668.564605
34.65,52,5668.706214
35.25,40,5674.753915
35.75,42,5674.879502
34.05,56,5675.040276
33.1,59,5675.212579
34.75,50,5675.360548
11.95,2,5675.366692
35.7,35,5675.471305
-2.8,13,5675.50915
33.75,58,5675.689635
-2.15,4,5675.70202
-2.0,1,5675.705116
34.75,54,5675.87498
33.6,57,5676.056134
35.75,30,5676.15152
-2.0,1,5676.154683
36.15,34,5676.262049
31.75,58,5676.451655
36.2,25,5676.539583
32.05,68,5676.741835
32.25,64,5676.934023
35.8,37,5677.039191
-2.35,8,5677.061915
34.45,48,5677.204307
26.2,137,5677.64573
35.55,34,5677.754433
32.3,79,5684.094951
-2.0,1,5684.097811
36.55,26,5684.172088
35.85,32,5684.263664
-3.9,15,5684.306251
33.1,55,5684.462388
23.3,147,5684.876814
33.95,54,5685.030347
-2.55,12,5685.063973
-4.15,36,5685.165889
34.0,41,5685.282362
9.0,197,5685.864818
28.6,105,5686.179421
35.65,28,5686.261055
-2.05,2,5686.267483
34.6,53,5686.426774
3.85,232,5693.153835
-2.5,7,5693.174733
33.5,59,5693.346466
36.75,26,5693.424171
34.7,43,5693.552488
16.05,256,5694.301194
35.3,35,5694.405534
30.9,75,5694.655652
36.3,35,5694.773906
-2.4,9,5694.804442
-2.7,7,5694.828309
-3.45,18,5694.889373
-2.2,5,5694.905829
34.6,37,5695.031528
-3.85,22,5695.101471
33.9,51,5695.258312
30.15,102,5695.574889
34.1,59,5695.75605
27.7,71,5695.961747
36.05,28,5696.042311
35.85,36,5702.384821
33.35,66,5702.569957
35.7,31,5702.653269
36.35,30,5702.736987
-2.05,2,5702.742645
34.2,53,5702.899166
32.7,71,5703.11083
36.75,26,5703.188413
13.75,6,5703.206242
-2.65,10,5703.236126
21.3,191,5703.776582
34.9,43,5703.897389
-2.1,3,5703.905862
28.3,91,5704.166986
-2.2,5,5704.181817
33.45,48,5704.318863
9.95,2,5704.324692
34.6,49,5704.465331
36.05,36,5704.569763
35.35,46,5704.702774
-2.1,3,5704.711453
32.05,76,5704.937909
30.2,65,5705.130419
34.0,53,5711.41218
35.15,42,5711.533596
5.0,1,5711.536448
36.25,32,5711.627068
36.85,20,5711.68451
32.65,56,5711.84465
35.05,52,5711.98759
-4.8,397,5713.132696
33.55,54,5713.292817
6.0,1,5713.295827
36.9,23,5713.365287
34.15,46,5713.503022
-2.2,5,5713.518175
35.95,34,5713.620858
-5.15,24,5713.693153
34.95,30,5713.782993
36.2,25,5713.857592
31.75,66,5714.054135
32.65,64,5714.244579
35.6,33,5714.339668
35.8,33,5720.387654
25.15,114,5720.714544
-2.05,2,5720.720215
-2.1,3,5720.728721
-2.1,3,5720.737166
31.75,66,5720.923351
-2.15,4,5720.933998
31.05,84,5721.160991
35.0,49,5721.293263
32.45,60,5721.455165
33.25,76,5721.684382
-2.4,9,5721.712137
-5.5,27,5721.790893
24.85,128,5722.168228
33.6,53,5722.322336
20.0,177,5722.848527
35.95,34,5722.946199
23.85,148,5729.328397
33.85,52,5729.479159
-2.1,3,5729.487791
36.2,33,5729.582725
35.5,35,5729.688134
35.35,38,5729.802893
11.9,3,5729.811998
33.65,60,5729.992005
2.05,264,5730.775245
-2.45,10,5730.804628
35.05,40,5730.92378
21.2,165,5731.416186
35.7,31,5731.514317
35.35,38,5731.63484
-2.2,5,5731.650759
-2.0,1,5731.653884
-2.55,12,5731.69222
36.05,36,5731.807024
36.4,33,5731.911746
13.75,6,5731.930193
34.9,43,5732.066566
37.2,17,5732.119189
35.9,39,5732.241338
35.1,39,5738.520949
33.75,54,5738.676689
33.55,70,5738.877225
22.95,138,5739.302363
35.85,32,5739.397449
-2.2,5,5739.412216
36.1,39,5739.52839
35.85,36,5739.63654
33.2,69,5739.840165
34.15,50,5739.990074
-2.0,1,5739.993232
-4.9,19,5740.050892
37.15,18,5740.10396
30.8,89,5740.373339
-2.15,4,5740.386017
35.35,34,5740.493958
29.4,93,5740.772857
34.25,52,5740.930258
34.6,49,5741.076763
-2.35,8,5741.100531
32.25,80,5741.338169
31.1,75,5747.492845
36.05,32,5747.589114
34.4,49,5747.73512
-2.0,1,5747.737976
36.35,30,5747.825055
35.9,35,5747.927478
32.95,58,5748.099355
31.15,78,5748.327829
28.55,98,5748.622555
-2.15,4,5748.636497
-2.0,1,5748.639833
35.25,40,5748.772327
32.5,71,5748.985419
34.05,52,5749.141474
31.85,72,5749.370397
34.75,46,5749.512741
33.95,46,5749.651275
32.2,57,5749.822219
32.6,57,5749.993779
32.1,83,5750.235477
-2.95,16,5750.281579
36.35,26,5750.356523
-2.15,4,5750.367948
-2.1,3,5750.376524
34.65,56,5756.615355
35.1,43,5756.738614
11.8,5,5756.752973
29.8,105,5757.053726
36.7,27,5757.131283
35.75,34,5757.228773
30.05,104,5757.53165
-2.15,4,5757.544383
34.55,42,5757.679031
-2.05,2,5757.685488
35.3,43,5757.818994
14.75,226,5758.494475
34.0,53,5758.655698
32.45,68,5758.853559
34.1,47,5758.989933
36.7,27,5759.067987
34.3,51,5759.215083
-15.75,104,5759.515756
35.85,36,5765.724171
27.55,126,5766.098532
31.9,71,5766.311134
-2.0,1,5766.314003
32.3,59,5766.489429
-2.0,1,5766.492383
-2.2,5,5766.507655
32.25,60,5766.685358
27.15,122,5767.042661
35.6,41,5767.160291
34.8,41,5767.277508
32.95,78,5767.500084
36.55,26,5767.574852
36.45,28,5767.660496
-2.0,1,5767.66352
31.05,72,5767.875545
33.5,59,5768.044635
36.25,36,5768.148276
32.6,65,5768.337268
-2.0,1,5768.340171
35.4,41,5768.459906
34.6,37,5768.56597
36.05,36,5768.672273
-2.0,1,5768.675238
35.8,41,5774.792045
32.25,60,5774.963228
-2.95,8,5774.98635
32.85,52,5775.136088
-5.85,18,5775.187682
34.2,49,5775.332835
32.5,71,5775.544248
-2.0,1,5775.54726
11.95,2,5775.553296
-2.2,5,5775.568419
35.3,47,5775.708877
34.45,48,5775.851337
30.9,95,5776.124448
35.25,36,5776.22792
36.6,25,5776.299307
36.4,33,5776.398787
-2.0,1,5776.401862
35.25,36,5776.512185
33.25,60,5776.695783
29.1,99,5776.988412
31.45,72,5777.200988
35.85,32,5777.298894
-2.4,9,5777.325129
34.35,58,5777.491278
35.55,38,5777.600356
-2.55,8,5777.623498
33.7,59,5784.117991
35.6,41,5784.235806
36.7,27,5784.313321
-2.25,6,5784.331158
9.95,2,5784.337151
-2.05,2,5784.343074
-2.1,3,5784.352049
36.05,36,5784.459519
6.0,1,5784.462351
35.4,45,5784.595965
34.45,44,5784.727804
13.05,220,5785.373647
33.5,47,5785.517915
35.5,39,5785.642584
35.75,42,5785.768948
35.3,43,5785.895972
7.5,335,5786.891826
34.6,37,5787.000283
-2.0,1,5787.003258
36.8,25,5787.075397
36.4,33,5793.158196
31.3,83,5793.39816
5.95,2,5793.404135
21.35,202,5793.966089
-2.2,5,5793.980182
-2.35,8,5794.002627
35.6,41,5794.116615
-2.25,6,5794.133516
-2.95,12,5794.169496
35.5,47,5794.315197
-3.3,11,5794.346381
34.8,37,5794.452287
33.95,50,5794.597076
36.9,23,5794.663448
29.85,88,5794.915876
35.7,39,5795.03126
33.45,60,5795.210476
35.25,40,5795.338587
36.35,30,5795.434432
35.9,39,5795.591017
27.6,137,5796.064414
20.8,149,5802.497869
35.85,36,5802.60136
5.0,1,5802.604236
6.0,1,5802.60708
-2.2,5,5802.621362
6.0,1,5802.624555
27.9,115,5802.955161
35.85,36,5803.061657
33.5,63,5803.248121
36.8,25,5803.322995
5.95,2,5803.328989
35.55,38,5803.443441
31.55,62,5803.629665
33.65,52,5803.78653
36.35,30,5803.875902
-2.4,5,5803.89037
35.85,36,5803.993114
-2.3,7,5804.012993
36.2,29,5804.090605
34.35,58,5804.246778
11.35,6,5804.263267
34.65,52,5804.40921
-2.05,2,5804.414759
34.35,42,5804.532902
36.8,25,5804.60331
-4.15,24,5804.670252
-2.1,3,5804.678298
21.75,190,5811.297215
35.8,37,5811.40817
35.65,40,5811.524909
35.15,38,5811.627984
31.1,67,5811.816593
35.65,40,5811.93541
-3.1,11,5811.96673
34.95,42,5812.084863
32.3,55,5812.246251
34.35,50,5812.39542
33.35,58,5812.570107
-2.1,3,5812.5792
34.5,47,5812.722435
28.55,130,5813.112354
35.95,34,5813.213466
33.5,67,5813.412458
-2.1,3,5813.420977
32.85,60,5813.59744
35.85,44,5813.724341
36.6,29,5813.808047
36.6,25,5813.879636
36.85,24,5813.950937
-2.35,8,5813.974935
-2.05,2,5813.980952
6.0,1,5813.984019
36.9,23,5814.051449
34.65,40,5814.169626
-2.3,7,5814.19053
36.45,28,5820.382695
34.85,36,5820.490078
-2.1,3,5820.499099
36.6,25,5820.574226
31.1,95,5820.857702
-2.05,2,5820.863729
36.25,32,5820.959504
7.95,2,5820.965464
35.0,45,5821.100134
34.6,53,5821.258254
29.75,90,5821.527647
-2.0,1,5821.530621
35.95,30,5821.620787
-2.2,5,5821.635786
36.3,35,5821.740892
35.25,40,5821.861309
-2.8,17,5821.911492
34.7,51,5822.064225
33.35,62,5822.249443
35.65,36,5822.357595
34.9,35,5822.462499
35.0,37,5822.573422
31.15,82,5822.815751
35.5,35,5822.917004
-2.25,6,5822.934387
31.65,80,5823.165763
35.6,33,5823.261185
-2.1,3,5823.27023
36.2,29,5829.399415
-2.8,9,5829.426589
32.4,73,5829.641754
35.7,31,5829.734941
31.45,64,5829.929132
33.95,54,5830.098723
36.25,28,5830.184107
34.5,47,5830.331754
36.4,29,5830.423495
34.05,52,5830.583965
33.7,67,5830.778863
35.4,49,5830.923457
35.85,36,5831.03057
29.3,103,5831.337924
8.0,1,5831.340929
31.4,81,5831.584519
34.75,42,5831.705402
29.55,74,5831.925966
33.0,61,5832.106949
-3.45,18,5832.160614
31.85,80,5832.398976
-69.45,722,5840.535997
34.2,49,5840.669116
32.8,69,5840.864848
33.6,61,5841.04004
33.25,64,5841.230279
-3.05,18,5841.287394
31.95,74,5847.60147
24.85,116,5847.932378
-2.05,2,5847.938004
36.4,33,5848.032226
35.45,40,5848.146323
36.25,32,5848.239734
-2.35,8,5848.264002
33.95,62,5848.452739
31.1,75,5848.678694
36.75,22,5848.743406
35.65,40,5848.860179
-2.05,2,5848.865948
36.55,26,5848.940318
32.95,50,5849.086482
35.95,34,5849.188525
36.85,20,5849.248885
-3.75,16,5849.296562
35.0,45,5849.430325
-2.1,3,5849.43927
33.7,67,5849.639265
15.7,7,5849.659873
36.05,36,5849.770268
34.3,59,5849.955417
33.7,59,5850.144506
34.95,42,5850.271913
36.55,30,5850.361459
36.0,33,5850.460436
7.95,2,5850.466453
36.15,34,5850.568266
-2.05,2,5850.574192
35.05,48,5856.600375
-2.3,7,5856.620283
35.6,33,5856.712401
-2.1,3,5856.720736
32.6,61,5856.892769
-2.05,2,5856.898365
26.5,83,5857.131725
36.95,22,5857.194383
33.35,58,5857.362724
-2.25,6,5857.380635
-2.15,4,5857.39252
-2.0,1,5857.395527
32.35,66,5857.593516
-2.6,13,5857.632576
31.85,80,5857.872753
27.15,110,5858.202642
34.85,40,5858.32164
-10.95,48,5858.462526
-2.0,1,5858.465412
-3.7,27,5858.542711
-2.2,5,5858.557039
-3.3,15,5858.600055
37.2,17,5858.649899
-2.25,6,5858.667927
-2.6,9,5858.695153
35.35,38,5858.810903
-2.15,4,5858.823679
35.1,39,5858.943489
-3.1,19,5859.000674
36.55,26,5859.078533
-2.0,1,5859.081519
35.8,41,5859.204481
-3.05,18,5859.259073
34.1,55,5859.422686
33.8,45,5865.59036
-3.15,12,5865.626098
32.4,65,5865.819806
-2.05,2,5865.825748
35.2,45,5865.956394
-59.85,722,5868.067571
35.35,38,5868.176244
34.0,49,5868.316178
36.15,26,5868.390778
36.3,31,5868.480853
-2.2,5,5868.495733
-2.25,6,5868.513637
35.25,40,5874.63651
35.65,40,5874.749919
-2.7,483,5876.248773
35.55,34,5876.355669
-2.0,1,5876.358554
33.25,56,5876.525727
35.1,43,5876.660022
-2.4,9,5876.687512
-2.55,12,5876.726166
36.3,31,5876.821475
35.95,38,5876.934059
-2.75,8,5876.957354
34.55,46,5877.095587
35.8,33,5877.191483
32.25,64,5877.390371
32.35,70,5877.611411
33.85,64,5884.054422
-2.05,2,5884.060862
33.35,54,5884.225581
36.1,31,5884.318716
36.45,28,5884.406228
34.5,43,5884.531626
-2.1,3,5884.541173
34.85,40,5884.66663
33.2,57,5884.833966
25.75,126,5885.207954
33.65,52,5885.355932
35.95,34,5885.453759
35.85,36,5885.560309
32.55,50,5885.709425
36.85,24,5885.779684
35.7,35,5885.88431
26.7,107,5886.210938
36.25,28,5886.296149
36.6,25,5886.368056
36.7,23,5886.433345
35.9,35,5886.533183
35.3,35,5886.636564
34.5,39,5886.753736
12.0,1,5886.756751
34.3,51,5886.910131
34.25,44,5892.852056
26.95,130,5893.234932
-2.8,13,5893.274083
-2.05,2,5893.280113
33.5,59,5893.452542
36.1,35,5893.552368
35.5,31,5893.643833
34.5,39,5893.760194
34.65,40,5893.877701
33.05,60,5894.05488
34.1,55,5894.225539
36.25,24,5894.302093
-2.25,6,5894.321086
-2.2,5,5894.337035
35.3,39,5894.454361
36.85,24,5894.524062
-2.4,9,5894.549663
37.0,21,5894.61179
36.9,19,5894.666858
33.85,60,5894.842477
33.8,53,5895.006595
-2.35,8,5895.031413
36.7,27,5895.116727
34.4,53,5895.273401
36.95,18,5895.325243
35.65,40,5895.440066
22.55,14,5895.480434
34.45,40,5895.595045
34.7,43,5895.717994
33.85,56,5902.073931
-2.45,6,5902.091485
-2.3,7,5902.112275
-2.2,5,5902.127168
23.6,153,5902.582199
30.2,93,5902.83981
36.3,27,5902.914828
30.25,100,5903.207043
36.4,29,5903.291366
35.75,38,5903.399706
35.3,43,5903.522306
36.85,24,5903.590769
31.15,82,5903.837128
35.35,42,5903.963226
34.35,34,5904.068079
31.4,73,5904.300669
35.9,31,5904.397451
36.1,35,5904.509314
32.45,64,5904.713949
-2.25,6,5904.732349
30.95,78,5904.97896
-3.05,10,5905.009095
-2.15,4,5905.021116
-2.35,8,5905.044909
35.25,44,5910.993364
-2.4,9,5911.020406
-2.85,14,5911.061847
33.65,52,5911.215659
35.5,35,5911.326941
-4.45,22,5911.39591
34.6,53,5911.565237
-2.0,1,5911.568331
34.8,45,5911.711707
33.2,77,5911.957101
31.55,82,5912.217498
-2.5,11,5912.251064
36.7,27,5912.336955
36.2,33,5912.438791
35.0,41,5912.564338
35.3,35,5912.671423
-2.2,5,5912.686704
-3.1,15,5912.732889
-2.85,18,5912.788319
35.25,40,5912.910863
34.95,50,5913.064485
35.65,32,5913.162463
30.85,96,5913.459299
27.45,88,5913.72048
34.6,57,5913.888066
36.0,37,5913.997559
9.95,2,5914.003573
-2.6,9,5914.030442
35.4,37,5920.320796
-2.2,5,5920.335799
-2.15,4,5920.347691
34.05,48,5920.491843
-2.15,4,5920.503862
36.85,24,5920.57591
-2.25,6,5920.593835
34.75,38,5920.707275
35.9,43,5920.834958
36.95,22,5920.900298
-2.3,7,5920.920675
-2.75,12,5920.955983
34.95,38,5921.068615
34.5,43,5921.196537
34.9,51,5921.348171
33.2,49,5921.492579
31.05,56,5921.656879
32.8,57,5921.82029
36.4,29,5921.903143
28.1,87,5922.163579
34.15,42,5922.28905
-4.4,29,5922.375683
31.65,80,5922.629698
-2.0,1,5922.6328
34.55,42,5922.762769
35.35,34,5922.867177
36.85,20,5922.93083
-2.4,9,5922.959558
-2.55,8,5922.985092
-3.25,14,5923.029636
26.35,134,5929.403052
-3.0,17,5929.453774
35.1,39,5929.567991
26.5,87,5929.833918
36.75,26,5929.912148
-2.2,5,5929.927106
36.05,36,5930.034131
-2.1,3,5930.042981
32.3,75,5930.267109
36.05,40,5930.386821
34.05,48,5930.527682
-2.55,12,5930.56388
34.2,41,5930.683828
32.7,51,5930.830383
31.4,89,5931.092014
34.9,51,5931.237535
36.2,29,5931.320215
35.0,49,5931.461559
32.05,80,5931.699638
-2.8,17,5931.747269
36.35,34,5931.842278
34.95,46,5931.966784
34.3,43,5932.088371
-2.2,5,5932.102725
35.7,43,5932.219739
-2.1,3,5932.227767
-2.85,10,5932.254543
28.4,105,5938.555689
29.3,91,5938.848115
36.1,35,5938.959595
36.2,29,5939.046771
34.4,45,5939.181327
26.6,109,5939.505021
-2.35,4,5939.517042
30.15,86,5939.77706
35.9,31,5939.871171
30.85,96,5940.174158
-2.1,3,5940.183129
-2.1,3,5940.192154
35.3,39,5940.309435
35.85,32,5940.405386
-2.3,7,5940.426406
35.1,43,5940.555351
28.9,71,5940.757117
35.15,46,5940.888808
33.45,68,5941.086863
32.6,53,5941.243806
33.95,42,5947.29467
33.8,69,5947.480892
34.95,38,5947.584727
34.0,61,5947.758895
36.3,31,5947.847382
35.3,39,5947.956349
34.0,65,5948.141883
-2.25,6,5948.160076
36.05,40,5948.279589
35.65,32,5948.376251
35.45,36,5948.484998
-2.65,14,5948.527009
-2.0,1,5948.53016
-2.7,11,5948.563743
6.0,1,5948.566836
35.9,31,5948.665651
34.85,40,5948.794193
30.7,79,5949.048646
33.35,54,5949.222038
-2.15,4,5949.234663
35.5,39,5949.358711
33.2,57,5949.530628
34.8,45,5949.663222
34.6,45,5949.797705
-3.5,19,5949.854247
33.95,70,5950.068223
36.1,35,5950.1678
-2.1,3,5950.176281
-2.2,5,5950.190438
34.65,44,5950.322383
28.85,76,5956.897457
34.75,42,5957.040298
32.15,62,5957.25257
19.85,184,5957.899409
34.35,54,5958.08503
-14.9,327,5959.198446
28.35,102,5959.540195
30.55,70,5959.762125
32.9,71,5959.988037
22.8,105,5966.727735
36.1,35,5966.840145
34.2,41,5966.965184
33.8,49,5967.111171
36.2,25,5967.190289
-2.75,12,5967.230397
34.05,56,5967.414705
36.6,25,5967.496778
-2.0,1,5967.49991
28.75,94,5967.788142
35.7,39,5967.908519
24.0,129,5968.306137
18.8,237,5969.01913
33.7,43,5969.152956
-2.1,3,5969.162418
35.6,37,5969.272287
35.15,38,5969.383529
35.4,37,5969.494654
9.6,5,5969.51134
32.6,69,5976.093569
-5.6,25,5976.169458
36.95,22,5976.236569
-2.05,2,5976.242221
30.75,78,5976.473738
33.9,51,5976.632238
-2.4,9,5976.660108
33.95,54,5976.824227
36.75,22,5976.891602
-2.3,7,5976.913192
26.5,115,5977.277626
32.75,54,5977.458226
-2.15,4,5977.470996
-2.25,6,5977.490487
36.15,30,5977.590158
5.0,1,5977.593485
36.45,32,5977.69469
35.7,31,5977.78655
-2.2,5,5977.801289
34.4,41,5977.924343
-2.0,1,5977.927234
5.0,1,5977.930218
35.65,40,5978.043738
34.9,43,5978.162656
25.15,118,5978.511696
36.5,31,5978.607043
-2.05,2,5978.615631
35.6,37,5978.729737
36.6,29,5978.815698
-2.0,1,5978.81859
34.35,46,5978.955339
34.35,46,5979.093839
36.3,31,5985.39735
31.55,58,5985.572801
36.45,32,5985.671419
34.95,42,5985.801473
34.7,47,5985.945834
36.4,25,5986.019124
7.1,347,5987.088492
35.35,38,5987.205508
32.3,55,5987.374836
33.3,67,5987.58062
34.05,56,5987.763152
11.95,234,5988.505048
35.3,43,5994.140746
35.2,41,5994.251439
32.75,58,5994.411299
35.25,44,5994.533856
33.8,61,5994.706449
36.5,27,5994.781093
35.7,39,5994.892329
-3.05,14,5994.932673
9.2,257,5995.691807
-2.45,6,5995.709997
32.35,50,5995.859466
30.7,71,5996.100428
36.6,29,5996.183258
36.35,30,5996.269657
36.4,29,5996.352559
35.6,41,5996.469833
-4.3,35,5996.569785
-2.25,6,5996.586844
34.2,49,5996.73442
-2.0,1,5996.737586
-2.85,10,5996.769798
34.95,34,5996.878134
-2.7,11,5996.913599
-2.1,3,5996.923343
34.5,59,6003.109918
34.6,49,6003.255446
-3.0,13,6003.294409
-2.45,10,6003.324213
35.55,30,6003.413974
31.55,66,6003.599897
35.8,41,6003.719844
36.5,27,6003.797897
36.9,23,6003.861189
31.0,65,6004.039574
-2.2,5,6004.053377
34.55,50,6004.19361
-2.1,3,6004.201983
34.95,54,6004.354824
29.05,96,6004.629016
-2.15,4,6004.64102
36.55,30,6004.731561
35.3,51,6004.886054
-2.3,7,6004.90728
32.35,78,6005.143289
36.0,33,6005.242712
35.5,35,6005.348722
-2.55,12,6005.384985
34.0,49,6005.532834
30.65,68,6005.734544
36.1,31,6005.826157
35.65,40,6005.944604
31.05,88,6012.386307
36.05,40,6012.498356
-2.0,1,6012.501159
34.95,38,6012.611076
34.0,45,6012.743976
35.0,37,6012.854386
34.35,50,6013.000635
35.05,40,6013.113751
32.05,64,6013.297607
33.95,58,6013.460892
-2.35,8,6013.483338
-5.5,23,6013.544996
-2.4,9,6013.570368
-2.05,2,6013.576033
32.9,63,6013.753026
-2.05,2,6013.7584
-2.35,8,6013.780074
36.45,24,6013.847994
11.85,4,6013.859323
-3.95,24,6013.927784
34.4,49,6014.074471
36.55,26,6014.152281
36.45,28,6014.2396
-2.8,13,6014.283008
30.65,116,6014.644527
33.8,49,6014.789022
36.25,28,6014.890988
34.85,44,6015.030555
36.45,24,6015.108
36.7,23,6015.177627
36.1,27,6015.258572
33.05,68,6021.448585
36.35,26,6021.525422
35.95,30,6021.613735
35.3,39,6021.728552
-2.0,1,6021.731526
-2.8,13,6021.770305
-2.2,5,6021.785225
34.05,52,6021.939173
36.25,32,6022.033396
32.65,64,6022.224655
-2.05,2,6022.230742
-60.8,617,6024.036507
35.05,40,6024.15219
-2.15,4,6024.163362
25.8,113,6030.683327
33.4,49,6030.826422
8.0,1,6030.829231
36.55,26,6030.901366
36.65,24,6030.968371
33.55,58,6031.130266
35.75,34,6031.227968
35.1,43,6031.354286
32.75,66,6031.549206
-5.7,39,6031.662009
36.25,32,6031.755527
-4.15,20,6031.814869
-2.0,1,6031.817787
36.05,28,6031.899661
35.0,53,6032.05595
34.95,46,6032.184521
33.15,70,6032.380714
36.6,29,6032.465032
34.35,50,6032.614036
27.1,99,6032.898273
36.7,27,6032.975173
34.85,36,6033.08248
33.1,51,6033.234456
35.35,42,6033.356351
36.45,28,6033.439955
35.85,40,6040.151019
-2.0,1,6040.154305
29.6,113,6040.518431
-2.5,7,6040.539861
35.95,34,6040.645807
36.35,30,6040.743082
36.0,37,6040.865631
36.5,27,6040.955286
34.35,46,6041.107617
34.55,50,6041.273074
-2.25,6,6041.29286
33.3,51,6041.452554
36.05,32,6041.54806
-2.05,2,6041.553881
33.85,56,6041.733066
31.1,99,6042.042604
5.0,1,6042.045772
-2.05,2,6042.052036
-2.55,8,6042.077255
34.85,40,6042.204047
7.9,3,6042.213508
33.6,61,6042.405891
36.8,25,6042.484361
36.7,27,6042.56741
35.3,35,6042.678071
-2.1,3,6042.687509
36.25,32,6042.788963
34.4,41,6042.914742
-2.7,11,6042.949621
32.0,73,6043.178926
30.8,69,6049.756027
35.2,45,6049.892782
34.95,46,6050.039771
35.25,48,6050.191539
33.65,64,6050.395828
-2.1,3,6050.40536
36.4,33,6050.512196
-2.1,3,6050.521769
32.75,54,6050.694904
7.75,2,6050.70149
34.2,41,6050.835967
34.55,58,6051.018288
34.95,42,6051.146743
21.2,189,6051.715949
35.8,33,6051.817678
34.6,49,6051.969783
-2.0,1,6051.972774
33.5,55,6052.140805
35.35,38,6052.254869
35.75,38,6052.369844
-2.85,14,6052.41085
33.4,45,6052.543682
36.65,24,6052.614424
36.45,32,6052.708004
36.15,30,6052.796318
-2.0,1,6052.799279
36.3,35,6059.069072
28.4,81,6059.318464
36.6,25,6059.395343
15.85,4,6059.407685
-5.15,32,6059.506087
34.75,50,6059.657157
27.55,106,6059.976171
-2.05,2,6059.982274
36.45,32,6060.078984
34.1,55,6060.240988
35.6,33,6060.352623
36.5,27,6060.476352
36.9,23,6060.559069
-2.0,1,6060.562416
-2.05,2,6060.569387
-4.35,24,6060.655345
34.15,50,6060.802455
9.95,2,6060.808276
-2.35,8,6060.831461
-2.05,2,6060.837262
34.2,49,6060.986148
32.85,64,6061.183062
36.5,27,6061.266265
35.5,35,6061.373928
29.1,75,6061.604006
-2.3,7,6061.625633
35.55,42,6061.755054
34.25,48,6061.900722
35.25,44,6062.033795
34.05,64,6068.496793
33.25,40,6068.621119
34.6,57,6068.79729
30.25,68,6069.000864
32.75,58,6069.17966
33.55,66,6069.380843
34.7,47,6069.518984
36.65,28,6069.60252
35.8,33,6069.703717
33.2,57,6069.878841
35.95,30,6069.970199
32.25,64,6070.165173
36.3,31,6070.25863
16.05,140,6070.673311
-2.1,3,6070.682079
34.75,46,6070.817348
34.5,51,6070.973498
32.25,72,6071.18664
35.25,44,6071.320462
34.7,51,6071.47231
-2.55,12,6071.509127
35.7,31,6077.824
26.9,123,6078.223764
-2.35,8,6078.250098
34.35,46,6078.39975
36.55,26,6078.485322
-2.0,1,6078.488593
35.75,34,6078.599358
33.45,72,6078.838066
33.35,58,6079.017484
33.7,47,6079.157558
-3.4,25,6079.231363
36.45,24,6079.307572
-2.75,8,6079.332468
-3.25,18,6079.38802
34.75,46,6079.523428
11.85,4,6079.535982
30.75,74,6079.760923
11.9,3,6079.770233
34.75,50,6079.925014
33.4,49,6080.076524
34.35,54,6080.25382
-2.55,8,6080.280238
35.5,43,6080.420059
-2.1,3,6080.42992
34.8,45,6080.57024
-2.1,3,6080.579201
33.15,62,6080.76738
34.2,45,6080.901303
29.35,82,6087.354445
-2.0,1,6087.357333
30.75,78,6087.58778
13.85,4,6087.599692
36.2,33,6087.697373
-2.2,5,6087.712202
34.65,44,6087.844384
-2.15,4,6087.856305
33.05,60,6088.039227
36.0,37,6088.153759
36.45,32,6088.25318
36.75,26,6088.332808
-2.1,3,6088.341886
35.95,38,6088.458695
34.35,42,6088.585684
36.05,32,6088.682101
35.2,37,6088.797636
26.8,141,6089.237401
34.7,51,6089.390457
33.55,42,6089.514663
-2.45,10,6089.544893
-2.25,6,6089.563122
8.0,1,6089.566237
-2.2,5,6089.581435
32.55,74,6089.815322
-3.05,14,6089.856679
31.95,62,6090.045925
-2.0,1,6090.0489
-2.1,3,6090.057845
34.0,49,6090.203882
30.3,107,6096.721666
35.7,31,6096.813188
35.4,33,6096.912712
37.1,19,6096.97004
15.3,219,6097.64104
33.7,55,6097.803298
34.95,42,6097.926045
32.7,59,6098.099038
32.9,67,6098.298284
-2.95,12,6098.334003
27.35,82,6098.578634
34.9,43,6098.707516
30.05,88,6098.978821
34.85,44,6099.113848
35.95,30,6099.204691
9.9,3,6099.213762
35.65,36,6099.321124
-2.0,1,6099.324287
30.25,92,6105.786615
35.55,38,6105.903463
31.5,75,6106.127624
31.2,69,6106.335079
36.8,21,6106.400251
33.0,73,6106.627972
-2.2,5,6106.644542
33.55,66,6106.821507
-2.0,1,6106.82399
-2.35,8,6106.84415
33.85,60,6106.992243
35.7,39,6107.092382
36.65,28,6107.167066
-2.3,7,6107.185996
28.25,72,6107.378459
36.75,22,6107.437724
17.25,152,6107.860207
-2.6,5,6107.874544
-2.25,6,6107.891901
33.45,56,6108.050776
-3.25,14,6108.089901
-2.95,16,6108.134641
35.8,33,6108.227416
34.35,46,6108.361546
35.6,33,6108.458665
33.95,50,6108.597358
34.85,60,6114.720597
-2.1,3,6114.7296
34.55,50,6114.884239
31.7,71,6115.097393
5.0,1,6115.100363
-2.8,17,6115.150858
-1.35,228,6115.831902
36.35,30,6115.922981
36.3,31,6116.018488
34.95,42,6116.149026
34.35,54,6116.312117
32.45,60,6116.491341
-2.25,6,6116.509204
35.65,44,6116.640739
-4.05,18,6116.694536
30.35,90,6116.972915
34.85,44,6117.11221
-2.75,12,6117.148185
34.6,41,6117.273607
36.6,25,6117.348909
-2.1,3,6117.357838
33.65,52,6117.510914
35.3,31,6117.602701
36.05,32,6123.956289
36.0,37,6124.070454
-2.25,6,6124.089154
35.95,34,6124.194422
33.15,58,6124.363921
-2.45,6,6124.381242
36.75,22,6124.444478
-2.1,3,6124.453233
-2.75,8,6124.476412
34.15,54,6124.643667
-2.45,10,6124.67475
33.4,65,6124.877816
-2.0,1,6124.880863
28.9,99,6125.182454
35.9,31,6125.277767
36.1,31,6125.371686
29.8,113,6125.718244
27.35,94,6126.010584
36.95,22,6126.078079
-2.3,7,6126.098922
34.25,48,6126.253656
-2.1,3,6126.263847
34.45,48,6126.424151
9.9,3,6126.433528
-2.25,6,6126.452377
36.05,32,6126.550606
-3.0,17,6126.600707
35.7,35,6126.712472
35.15,42,6126.847177
34.7,47,6127.000917
34.2,53,6133.453054
21.1,215,6134.102285
34.55,46,6134.241004
36.0,33,6134.342062
27.5,87,6134.599831
-2.1,3,6134.608588
-43.25,602,6136.414888
36.7,23,6136.48352
36.35,34,6142.890771
-2.0,1,6142.893925
35.85,40,6143.019613
-2.35,8,6143.043585
35.4,37,6143.157575
35.8,37,6143.272072
35.7,35,6143.38128
36.1,31,6143.477842
5.0,1,6143.480943
31.65,72,6143.689959
35.0,41,6143.811438
26.7,67,6144.018139
-2.8,13,6144.0591
34.65,44,6144.194271
36.55,30,6144.288562
-2.0,1,6144.291584
35.9,35,6144.397801
15.9,3,6144.407263
-3.65,14,6144.450241
5.7,191,6145.042485
-2.7,7,6145.063554
33.95,46,6145.200236
-2.0,1,6145.203208
31.55,78,6145.43534
35.95,30,6145.527581
-9.3,39,6145.648922
36.05,36,6145.76077
34.0,61,6152.264299
-2.15,4,6152.276215
35.8,33,6152.374048
-2.15,4,6152.385785
-2.45,6,6152.40343
37.0,21,6152.466135
35.55,38,6152.580216
34.95,46,6152.717562
35.1,39,6152.839501
35.9,35,6152.94388
-2.15,4,6152.955947
6.0,1,6152.958952
35.8,41,6153.081627
35.25,40,6153.20235
-2.4,5,6153.217962
-2.15,4,6153.230557
-2.2,5,6153.246193
6.0,1,6153.249407
34.55,42,6153.376837
-2.35,8,6153.400757
34.0,45,6153.538642
35.45,40,6153.662577
-2.15,4,6153.675269
36.1,35,6153.78368
-2.6,13,6153.824489
35.65,36,6153.935568
27.35,142,6154.368175
36.05,32,6154.4686
-2.2,5,6154.484029
36.3,31,6154.574791
-3.0,13,6154.613228
-2.5,11,6154.645229
29.85,80,6154.871009
31.2,61,6155.057234
31.3,83,6155.302409
-2.0,1,6155.305449
29.15,106,6161.717673
35.9,31,6161.809851
30.2,97,6162.099355
-2.25,6,6162.117383
35.55,42,6162.24224
32.8,53,6162.40039
-2.15,4,6162.412369
36.35,30,6162.501817
-2.2,5,6162.516738
-2.6,9,6162.54348
-2.1,3,6162.552516
32.7,51,6162.70473
35.35,46,6162.841249
-2.25,6,6162.859082
-3.2,17,6162.911216
36.0,37,6163.021888
36.15,34,6163.129341
-2.15,4,6163.142018
-2.3,7,6163.164191
-2.3,7,6163.186571
35.0,49,6163.342391
36.65,24,6163.418824
34.85,40,6163.538564
34.5,47,6163.679602
36.6,25,6163.754058
33.55,58,6163.926399
32.3,71,6164.146304
35.55,38,6164.264877
30.55,78,6164.505538
37.0,21,6170.855932
-2.2,5,6170.870904
32.6,53,6171.033953
24.65,136,6171.476511
-2.05,2,6171.482954
36.35,30,6171.582009
36.7,27,6171.664643
36.2,29,6171.751518
-2.15,4,6171.763606
36.3,31,6171.856073
-2.55,12,6171.892005
31.85,60,6172.080979
36.0,33,6172.184155
36.75,26,6172.266464
36.55,26,6172.368742
37.1,19,6172.441
-2.05,2,6172.448345
34.7,51,6172.640856
36.3,31,6172.759957
36.25,32,6172.893867
-2.65,10,6172.935797
-2.1,3,6172.948136
32.45,72,6173.22399
33.35,70,6173.479977
-2.05,2,6173.487211
-2.2,5,6173.505443
-8.2,33,6173.627301
-2.05,2,6173.634652
-3.95,20,6173.704769
31.45,68,6173.936699
-2.55,12,6173.977602
33.4,73,6174.225674
-2.25,6,6174.246164
34.45,56,6180.870377
-2.45,6,6180.891705
-2.05,2,6180.899004
35.55,42,6181.050015
35.45,28,6181.144478
36.3,31,6181.224799
-2.3,7,6181.243074
33.45,60,6181.392084
-2.25,6,6181.406653
35.4,37,6181.498802
34.45,52,6181.631998
-2.45,10,6181.657494
34.1,63,6181.811862
-2.0,1,6181.814264
34.8,41,6181.914261
36.4,33,6181.995577
36.35,26,6182.062615
-3.55,24,6182.124654
-2.05,2,6182.129745
-2.65,10,6182.154779
-2.3,7,6182.171846
-2.0,1,6182.174246
24.85,84,6182.394689
-2.15,4,6182.409552
35.15,34,6182.51929
36.3,27,6182.603833
-2.15,4,6182.616041
36.7,27,6182.69718
-3.8,25,6182.769655
35.9,31,6182.859813
34.85,56,6183.015899
32.9,59,6183.177868
11.3,199,6189.550778
34.2,53,6189.697177
-2.0,1,6189.700086
35.1,39,6189.815359
-2.2,5,6189.830679
-2.0,1,6189.833768
-3.25,14,6189.876377
-2.1,3,6189.885341
36.5,27,6189.966914
-5.1,35,6190.070306
-2.25,6,6190.088861
36.45,28,6190.172005
36.25,32,6190.266426
34.35,58,6190.438305
33.45,64,6190.629513
29.75,102,6190.941072
35.15,46,6191.078273
36.7,23,6191.146558
36.2,33,6191.247436
35.2,37,6191.360234
-7.25,42,6191.484421
-2.9,11,6191.518346
-2.15,4,6191.530975
36.8,25,6191.609592
36.0,37,6191.725377
36.1,35,6191.831171
6.0,1,6191.834097
32.85,64,6192.027625
35.55,38,6192.140618
36.95,22,6192.205159
34.3,55,6192.369651
36.25,32,6192.469099
-2.1,3,6192.477757
-2.6,9,6198.49975
36.1,35,6198.602745
35.9,35,6198.706709
-2.2,5,6198.72158
36.05,28,6198.803811
35.45,32,6198.897889
36.05,28,6198.980239
35.85,44,6199.10968
34.0,53,6199.264898
34.35,58,6199.43522
-2.05,2,6199.441141
35.95,34,6199.540789
-3.35,16,6199.587784
36.6,29,6199.672863
36.75,22,6199.73876
35.1,43,6199.869576
35.6,41,6199.990939
35.15,38,6200.104702
29.5,99,6200.393271
36.25,28,6200.475111
-2.0,1,6200.477985
-3.15,16,6200.52495
36.55,30,6200.613129
36.15,30,6200.701241
35.45,36,6200.806411
35.7,43,6200.934599
32.25,56,6201.10136
-2.25,6,6201.119758
-10.75,68,6201.324662
36.55,30,6201.41213
36.2,29,6201.498742
-2.0,1,6207.587827
-2.3,7,6207.607496
-7.0,37,6207.711924
33.25,56,6207.876762
33.7,51,6208.021638
-2.05,2,6208.027132
36.55,30,6208.112389
34.45,44,6208.236611
36.2,33,6208.331908
-2.5,11,6208.363238
33.7,67,6208.566586
36.55,26,6208.643575
36.15,34,6208.74465
5.0,1,6208.747608
35.4,49,6208.897739
-2.2,5,6208.912766
35.65,36,6209.02428
35.75,42,6209.153618
15.5,211,6209.781925
36.6,25,6209.855679
36.8,25,6209.92978
-2.25,6,6209.947589
-2.6,13,6209.98614
35.45,44,6210.116287
-2.2,5,6210.130861
35.3,47,6210.274858
36.05,32,6210.375904
31.0,65,6210.580184
35.55,38,6216.852
36.25,28,6216.933076
5.0,1,6216.936256
36.25,32,6217.034035
36.05,36,6217.144691
30.05,88,6217.411794
6.0,1,6217.414911
31.55,62,6217.602282
36.55,30,6217.691055
25.0,85,6217.942937
34.85,44,6218.082729
36.15,38,6218.20381
-2.6,9,6218.23204
35.75,34,6218.338752
36.55,22,6218.407674
-2.45,10,6218.438873
-2.1,3,6218.448282
36.4,25,6218.526696
37.0,21,6218.592104
-3.3,19,6218.651401
11.85,4,6218.664503
36.65,28,6218.747081
34.4,37,6218.855766
34.15,42,6218.980288
35.4,49,6219.130919
36.65,28,6219.2173
36.1,39,6219.336288
32.8,57,6219.510926
27.55,94,6219.802144
34.65,44,6226.18567
28.7,111,6226.546561
-3.15,16,6226.598534
33.8,57,6226.782446
34.25,56,6226.9735
36.0,33,6227.085742
34.95,38,6227.204347
35.3,43,6227.344481
-2.0,1,6227.347722
36.3,31,6227.444437
22.75,154,6227.909016
29.4,69,6228.130849
-2.0,1,6228.133938
36.75,26,6228.215396
-34.7,635,6236.205526
28.5,111,6236.529861
36.85,24,6236.600134
36.4,29,6236.686147
-4.1,27,6236.761812
36.6,29,6236.841792
35.45,40,6236.953884
-2.7,11,6236.986044
-2.0,1,6236.989176
36.8,25,6237.064675
-2.1,3,6237.073891
31.1,59,6237.248625
36.6,29,6237.334347
36.1,31,6237.425076
-2.25,6,6237.442629
-2.3,7,6237.463357
33.75,50,6237.618654
32.1,79,6237.857198
36.85,24,6237.927682
35.9,35,6238.030422
35.45,48,6238.171834
31.4,81,6238.421036
37.0,21,6238.489839
34.65,40,6244.949693
-2.1,3,6244.958934
33.9,63,6245.148806
-2.05,2,6245.154859
35.95,34,6245.255456
-2.2,5,6245.27011
35.1,51,6245.421264
-2.75,8,6245.444511
-2.05,2,6245.450368
35.05,48,6245.596977
35.65,36,6245.710103
-6.15,32,6245.812338
36.65,28,6245.903553
33.95,62,6246.091018
30.55,86,6246.346158
-2.8,17,6246.400747
-2.2,5,6246.416341
33.8,45,6246.555455
34.8,41,6246.682809
35.9,35,6246.791644
35.75,46,6246.939389
34.8,41,6247.073819
34.7,51,6247.239389
-2.0,1,6247.242523
35.5,43,6247.383209
30.8,69,6247.60958
31.0,61,6247.802247
-2.85,10,6247.832964
28.9,115,6254.105465
34.2,57,6254.261751
35.95,38,6254.369485
-2.1,3,6254.377849
-2.2,5,6254.39177
36.3,31,6254.480888
-2.15,4,6254.492882
36.05,36,6254.599496
27.65,120,6254.951726
36.7,27,6255.031192
-2.1,3,6255.039957
-2.2,5,6255.054723
-2.0,1,6255.057659
36.5,31,6255.148626
-4.2,21,6255.210772
-2.5,7,6255.231366
36.1,35,6255.334912
33.9,55,6255.497923
34.65,40,6255.619976
34.4,45,6255.759726
34.25,56,6255.932311
-2.2,5,6255.94863
-2.75,16,6256.001305
36.2,37,6256.123677
-3.25,14,6256.169784
36.1,35,6256.285232
33.85,56,6256.463329
-2.55,12,6256.498032
35.85,32,6256.59618
34.25,52,6256.757551
36.2,37,6256.870264
6.0,1,6256.873349
35.8,33,6256.974339
-2.1,3,6256.983338
36.05,28,6263.257534
-2.3,7,6263.278926
-2.25,6,6263.296833
36.25,36,6263.404235
35.75,34,6263.507326
-2.0,1,6263.510368
31.95,78,6263.739809
6.0,1,6263.742967
28.75,90,6264.017624
30.35,74,6264.233194
-2.15,4,6264.244621
-2.35,8,6264.267737
-2.3,7,6264.288016
-2.05,2,6264.294305
-3.65,18,6264.347065
-2.15,4,6264.358717
33.35,54,6264.516772
36.15,26,6264.592906
35.6,37,6264.705588
33.8,45,6264.843561
36.1,31,6264.938449
36.0,29,6265.026692
35.25,40,6265.1431
35.3,43,6265.269112
35.35,34,6265.367745
-2.5,7,6265.388211
34.9,43,6265.513964
-2.75,8,6265.537676
36.25,32,6265.635411
-2.15,4,6265.647065
-2.2,5,6265.661826
-3.05,18,6265.714059
33.0,69,6265.923744
36.45,28,6266.014548
33.9,51,6266.177233
33.2,73,6272.625907
18.1,207,6273.260063
34.45,52,6273.418563
36.6,29,6273.506902
36.6,25,6273.582844
-2.55,8,6273.607043
-2.05,2,6273.613144
37.0,21,6273.677271
35.25,48,6273.823873
36.65,24,6273.897479
-2.1,3,6273.906667
-2.0,1,6273.909672
35.6,33,6274.009161
-2.05,2,6274.014928
-2.15,4,6274.026835
-2.15,4,6274.038693
32.7,63,6274.229167
-2.0,1,6274.232116
35.5,43,6274.363541
-2.3,7,6274.384124
-2.3,7,6274.405463
34.05,52,6274.56373
6.0,1,6274.566764
34.85,44,6274.699903
36.0,33,6274.800815
35.9,39,6274.919807
35.95,34,6275.023481
36.7,23,6275.092319
35.45,40,6275.21293
35.9,35,6275.317276
35.1,43,6275.448275
30.1,75,6281.809776
-2.35,4,6281.821229
36.05,32,6281.918788
34.85,48,6282.065706
36.15,30,6282.157715
-2.0,1,6282.160602
35.2,37,6282.268822
31.65,80,6282.499504
-2.0,1,6282.50231
-2.15,4,6282.513752
36.5,27,6282.593297
29.6,89,6282.85985
32.35,70,6283.056104
34.65,52,6283.198649
36.75,26,6283.269933
34.1,55,6283.42978
30.35,82,6283.668544
32.4,77,6283.887512
36.45,28,6283.96735
-3.8,21,6284.028132
35.6,37,6284.137443
35.05,52,6284.293773
36.35,34,6284.392469
33.65,60,6284.566406
-2.2,5,6284.58053
35.55,38,6284.687285
34.85,36,6291.000771
35.4,37,6291.113897
35.2,41,6291.23943
32.65,60,6291.420676
35.85,36,6291.525698
9.9,3,6291.534443
35.05,44,6291.659308
36.1,35,6291.756225
35.35,38,6291.869714
36.15,30,6291.958532
-2.05,2,6291.964902
33.7,59,6292.146924
36.3,31,6292.238819
-3.3,19,6292.29691
36.3,27,6292.376506
36.1,31,6292.469124
-3.05,14,6292.511588
36.1,31,6292.606897
35.9,31,6292.701957
35.25,44,6292.837496
-2.1,3,6292.846774
34.7,51,6293.004256
-2.15,4,6293.016555
36.05,28,6293.102981
35.75,34,6293.200746
36.3,31,6293.291078
33.5,55,6293.443198
35.65,40,6293.55384
35.2,41,6293.67356
36.15,34,6293.774518
31.75,86,6300.198338
35.9,35,6300.304886
-3.05,10,6300.335388
36.9,23,6300.40564
36.9,19,6300.463826
35.9,27,6300.544793
35.7,43,6300.67608
35.3,35,6300.780155
-2.65,14,6300.823077
5.0,1,6300.826189
-2.6,9,6300.85349
35.95,38,6300.96809
36.45,28,6301.054674
35.3,35,6301.172162
35.6,45,6301.329985
28.05,112,6301.68109
35.0,37,6301.789699
35.05,44,6301.918964
36.45,32,6302.013322
-2.05,2,6302.019054
36.0,37,6302.13015
25.05,148,6302.598703
37.2,17,6302.654747
-2.2,5,6302.671361
36.3,35,6302.785502
36.1,27,6302.868482
35.4,45,6303.014176
8.0,1,6303.017534
36.0,33,6303.120999
-2.0,1,6303.124154
-2.2,5,6303.140647
36.2,33,6303.248727
35.75,34,6303.359266
-2.35,8,6309.470812
-2.1,3,6309.479582
-2.05,2,6309.485366
35.45,44,6309.614185
35.65,40,6309.731034
35.2,37,6309.841598
36.35,26,6309.917961
-2.15,4,6309.929621
-2.15,4,6309.941399
32.3,87,6310.205251
35.35,38,6310.316192
-2.0,1,6310.319021
-2.1,3,6310.327739
36.9,23,6310.395177
-2.3,7,6310.415964
35.45,44,6310.549698
36.15,30,6310.64039
36.85,20,6310.70246
36.2,37,6310.822667
-2.2,5,6310.839235
34.15,54,6311.015244
36.25,28,6311.107754
-2.55,8,6311.133753
33.25,64,6311.329253
-2.25,6,6311.347685
35.5,39,6311.46726
35.85,40,6311.589785
34.25,48,6311.737386
34.5,47,6311.881974
34.95,38,6311.999729
35.9,35,6312.106887
35.55,34,6312.210786
36.25,32,6312.307194
-2.0,1,6312.310128
36.8,25,6312.386737
36.6,21,6312.449894
-2.0,1,6312.452914
32.75,62,6318.655982
-2.3,7,6318.67823
-2.9,15,6318.724136
36.2,33,6318.824227
32.65,72,6319.041073
23.95,142,6319.496954
33.8,53,6319.665951
-3.4,21,6319.731799
33.95,38,6319.850415
36.45,24,6319.921512
7.95,2,6319.927541
35.9,31,6320.021363
36.85,24,6320.092401
-2.15,4,6320.104515
36.2,33,6320.205507
35.1,47,6320.347789
-2.3,7,6320.368531
36.2,37,6320.478164
35.35,42,6320.605638
36.2,33,6320.706699
36.75,26,6320.783739
36.15,34,6320.888066
-2.35,8,6320.912308
36.55,26,6320.990805
-4.15,24,6321.064651
36.6,25,6321.14184
-2.0,1,6321.144787
29.5,79,6321.383372
-2.85,10,6321.414394
35.85,36,6321.52623
-3.6,17,6321.576711
36.45,28,6321.660206
30.2,101,6328.099622
36.95,22,6328.167131
-2.0,1,6328.170154
35.9,31,6328.266041
-2.05,2,6328.272359
35.75,34,6328.376273
34.75,50,6328.530812
34.9,47,6328.675873
35.3,39,6328.79091
34.8,45,6328.926229
29.9,91,6329.212663
34.85,40,6329.337012
34.15,54,6329.503452
-2.05,2,6329.509517
-2.35,8,6329.533934
36.65,24,6329.607666
34.2,49,6329.765332
36.1,35,6329.871279
19.35,170,6330.371166
35.05,32,6330.465544
30.55,86,6330.730832
6.0,1,6330.734115
33.85,60,6330.92228
27.9,107,6337.436383
34.5,43,6337.56236
-2.25,6,6337.579558
35.2,37,6337.685656
36.0,37,6337.792467
36.05,28,6337.872249
35.15,46,6338.004913
35.0,49,6338.143112
-2.25,6,6338.160232
36.15,30,6338.246721
-14.7,59,6338.422744
-2.3,7,6338.443659
33.95,50,6338.594574
36.85,24,6338.662393
-6.85,34,6338.75867
36.15,26,6338.833868
-2.2,5,6338.848281
35.55,38,6338.958531
31.65,64,6339.169326
-3.3,19,6339.225303
34.1,43,6339.352126
31.35,74,6339.568664
35.9,39,6339.682238
-2.25,6,6339.699668
34.6,49,6339.842589
15.7,7,6339.863
34.65,52,6340.018883
-2.05,2,6340.025117
34.8,41,6340.150748
35.2,37,6346.376933
34.65,48,6346.527923
36.1,27,6346.612517
33.9,51,6346.772819
34.15,46,6346.917551
-2.15,4,6346.930394
-2.2,5,6346.946885
35.4,45,6347.094588
35.65,40,6347.225323
35.15,42,6347.362363
34.75,46,6347.512916
34.6,41,6347.642713
33.8,49,6347.80222
-2.3,7,6347.825088
-2.25,6,6347.844771
35.75,38,6347.969538
34.85,44,6348.112985
34.0,45,6348.253667
33.4,61,6348.435218
36.5,27,6348.514642
35.45,36,6348.620004
5.95,2,6348.625934
34.35,50,6348.772461
-2.65,6,6348.789941
25.95,126,6349.165718
35.15,38,6349.278198
33.3,51,6349.431523
36.15,38,6355.731683
31.8,57,6355.902268
35.2,37,6356.015264
35.2,49,6356.167131
6.0,1,6356.170127
35.05,40,6356.292005
8.0,1,6356.295023
-2.45,10,6356.325154
-2.25,6,6356.343419
33.0,57,6356.51786
34.8,41,6356.637763
33.7,51,6356.787257
33.1,51,6356.937999
36.35,30,6357.026508
35.15,34,6357.12694
35.25,48,6357.268551
32.05,72,6357.481755
-2.35,8,6357.505208
35.7,35,6357.607734
35.65,32,6357.701936
-2.25,6,6357.719472
35.5,39,6357.834099
35.45,36,6357.939856
-2.2,5,6357.954443
36.3,31,6358.046136
34.25,44,6358.178391
7.95,2,6358.184613
35.45,36,6358.294286
35.1,43,6358.425934
36.5,27,6358.510958
36.8,25,6358.612055
-3.15,16,6358.659668
35.75,42,6358.783513
-2.1,3,6365.018161
35.8,41,6365.140045
-3.0,17,6365.188627
33.3,51,6365.342538
34.45,44,6365.477098
33.9,51,6365.633705
35.7,35,6365.740098
30.3,75,6365.964522
-2.2,5,6365.979193
35.35,34,6366.079894
31.25,84,6366.33165
31.9,87,6366.592128
-2.6,9,6366.618359
35.65,44,6366.751008
35.8,37,6366.863851
35.1,43,6366.995627
36.2,29,6367.084601
36.25,36,6367.194847
-2.2,5,6367.210109
36.5,31,6367.30451
35.3,43,6367.436107
-2.25,6,6367.454138
-3.75,32,6367.551878
35.75,30,6367.644409
35.2,49,6367.80492
-3.05,22,6367.877293
36.15,38,6368.001906
35.35,42,6368.136226
-2.1,3,6368.145451
-2.35,8,6374.355026
35.75,42,6374.475539
36.1,31,6374.564533
34.3,55,6374.720547
34.35,50,6374.862842
-3.7,23,6374.931436
32.95,70,6375.143171
9.9,3,6375.151974
31.2,89,6375.420624
-2.7,11,6375.453965
34.2,45,6375.590536
-3.0,21,6375.652679
-2.25,6,6375.670351
35.1,39,6375.787421
34.65,56,6375.95394
35.6,41,6376.07784
35.35,38,6376.190836
36.3,31,6376.28581
36.3,31,6376.380121
-2.15,4,6376.392147
-2.7,15,6376.43731
35.3,47,6376.580196
5.0,1,6376.583202
36.05,40,6376.701041
34.15,58,6376.875192
36.85,24,6376.944987
36.35,30,6377.034111
-2.7,11,6377.067291
-2.15,4,6377.079243
35.95,30,6377.170089
35.85,36,6377.279357
-100.65,722,6385.60036
35.65,36,6385.709752
-2.2,5,6385.724982
6.0,1,6385.72811
35.85,32,6385.82547
-2.3,7,6385.846887
36.3,31,6385.941609
34.65,44,6386.075653
36.35,34,6386.178843
35.85,40,6386.301036
7.95,2,6386.307203
32.85,68,6386.514463
35.95,38,6392.762048
32.7,67,6392.962513
35.85,40,6393.082183
36.8,25,6393.155665
35.15,46,6393.295182
-2.4,9,6393.322761
5.0,1,6393.325952
35.65,40,6393.447871
-2.05,2,6393.453813
-2.25,6,6393.472051
34.65,48,6393.618419
35.45,40,6393.740591
35.95,30,6393.832734
35.9,35,6393.939539
36.55,30,6394.029356
35.05,52,6394.184966
27.0,109,6394.515866
34.55,50,6394.669163
30.85,88,6394.932167
-2.75,16,6394.980716
33.9,59,6395.160516
26.55,118,6395.510608
35.35,38,6395.622549
31.0,81,6402.07659
35.6,49,6402.21635
-3.65,18,6402.266626
36.35,30,6402.353213
-2.45,6,6402.370466
34.2,41,6402.486645
-2.05,2,6402.492113
35.85,32,6402.580022
36.65,28,6402.656783
5.95,2,6402.662243
36.65,28,6402.740364
36.65,24,6402.806296
32.95,66,6402.998813
34.4,49,6403.147484
35.3,43,6403.280393
35.95,38,6403.395645
-2.15,4,6403.407824
35.15,38,6403.521808
36.45,32,6403.615021
34.7,55,6403.780304
-2.9,15,6403.825618
-2.1,3,6403.834602
13.85,4,6403.846319
32.5,59,6404.022804
36.3,27,6404.104326
36.7,23,6404.172043
36.35,26,6404.248927
35.45,40,6404.366503
34.9,51,6404.516206
-9.15,576,6412.471929
36.15,34,6412.580899
30.8,77,6412.831521
35.45,44,6412.970476
33.45,64,6413.163693
27.55,98,6413.470524
30.4,81,6413.718699
36.3,31,6413.819245
35.2,41,6413.944968
34.1,51,6414.101729
35.05,44,6414.22948
-2.85,14,6414.270418
26.75,130,6420.730547
34.5,55,6420.896302
-2.15,4,6420.908182
35.9,35,6421.011528
25.4,153,6421.481795
36.25,32,6421.586039
-2.15,4,6421.598314
35.05,40,6421.720671
-2.25,6,6421.738871
-2.9,11,6421.773018
33.45,56,6421.945052
36.2,29,6422.034495
35.55,34,6422.138568
32.7,71,6422.349433
8.0,1,6422.352391
32.45,52,6422.504396
34.75,54,6422.66295
36.1,35,6422.765982
35.3,39,6422.884659
34.6,53,6423.048776
6.0,1,6423.051832
33.55,46,6423.190751
-2.0,1,6423.193856
35.4,45,6423.336051
33.5,43,6423.470909
28.3,87,6429.924233
-2.25,6,6429.942071
36.35,30,6430.032984
35.3,39,6430.152656
-2.1,3,6430.161819
36.6,29,6430.250564
-2.0,1,6430.253602
36.3,35,6430.361352
35.2,41,6430.484473
-3.15,12,6430.51943
35.25,40,6430.636067
36.3,31,6430.72622
-3.95,12,6430.761485
36.7,27,6430.841795
36.5,31,6430.934946
36.5,31,6431.029114
17.7,7,6431.050702
35.75,42,6431.177684
34.7,55,6431.345964
-2.55,8,6431.370193
-2.3,7,6431.391499
32.75,54,6431.555913
36.25,36,6431.665897
36.55,26,6431.745332
36.75,22,6431.813309
36.25,32,6431.911389
13.75,166,6432.418621
35.75,30,6432.510193
34.8,45,6432.647604
33.65,44,6432.776844
36.6,29,6432.865363
35.3,43,6439.28667
34.65,52,6439.44403
36.0,33,6439.545262
36.15,34,6439.649426
36.4,33,6439.74994
35.65,40,6439.874392
35.8,37,6439.988613
34.1,39,6440.107992
33.4,77,6440.342217
35.55,34,6440.44245
-2.1,3,6440.451427
34.95,42,6440.575777
35.9,39,6440.690325
-2.2,5,6440.705609
35.7,43,6440.835436
35.95,38,6440.951332
-4.55,260,6441.740116
5.0,1,6441.743374
32.05,68,6441.958257
35.95,34,6442.063313
-2.0,1,6442.066519
-2.75,16,6442.117288
35.45,36,6442.231768
32.05,56,6448.585804
36.5,27,6448.668661
36.25,28,6448.751078
36.8,25,6448.827285
36.7,23,6448.897804
36.15,34,6449.001609
-3.1,19,6449.059204
-2.7,11,6449.09263
31.7,63,6449.280815
31.75,70,6449.493133
36.7,27,6449.574268
36.15,26,6449.650636
8.0,1,6449.65362
34.55,50,6449.805648
36.15,34,6449.908399
36.0,41,6450.031916
-2.65,10,6450.061336
35.7,35,6450.166676
36.3,27,6450.245857
-2.95,16,6450.293239
35.4,33,6450.389181
-2.0,1,6450.392032
35.75,34,6450.490547
36.55,22,6450.554923
36.45,28,6450.636222
26.2,117,6450.982077
34.1,51,6451.132177
5.0,1,6451.135047
36.65,28,6451.216109
-2.15,4,6451.228331
-2.25,6,6451.245792
34.6,49,6451.393124
-2.2,5,6451.408157
-2.55,8,6451.4325
34.65,44,6457.682088
34.85,40,6457.803908
34.1,55,6457.971994
35.15,30,6458.065283
5.95,2,6458.071307
35.9,35,6458.17938
-2.45,10,6458.210142
-2.35,8,6458.234664
33.55,50,6458.389257
36.15,34,6458.494021
33.4,57,6458.668636
6.0,1,6458.671775
-2.2,5,6458.686963
36.4,29,6458.775399
-2.0,1,6458.778396
35.9,35,6458.885464
-4.1,35,6458.991962
33.55,54,6459.157917
33.95,46,6459.29924
34.95,38,6459.425991
28.6,77,6459.677217
35.65,36,6459.787698
36.5,31,6459.883842
36.4,29,6459.973306
35.9,39,6460.09926
36.7,27,6460.194666
34.85,48,6460.362964
36.05,36,6460.481878
31.0,93,6460.767315
36.85,24,6460.840815
36.65,28,6467.017309
-2.15,4,6467.029618
35.15,42,6467.158226
36.65,28,6467.243901
35.85,32,6467.341705
35.9,35,6467.448793
-2.1,3,6467.457994
35.25,36,6467.568379
36.85,24,6467.642105
36.05,36,6467.748105
-2.0,1,6467.750987
36.8,25,6467.823701
5.0,1,6467.826573
36.2,33,6467.922774
27.25,124,6468.293856
31.25,76,6468.531383
-2.45,10,6468.563605
31.05,84,6468.827316
29.15,98,6469.127218
35.8,37,6469.240283
32.5,55,6469.408502
-2.2,5,6469.423679
-2.2,5,6469.438824
-2.2,5,6469.453634
32.55,86,6469.71609
-2.0,1,6469.719067
34.4,49,6469.86342
-2.3,7,6469.883849
36.4,29,6469.968957
35.8,41,6470.092078
35.75,38,6476.335344
6.0,1,6476.338067
36.4,33,6476.429041
-3.5,23,6476.492277
35.25,36,6476.590937
35.8,33,6476.682028
33.9,63,6476.855678
35.05,44,6476.981303
32.9,75,6477.200633
-2.35,8,6477.224154
36.5,27,6477.303523
-2.05,2,6477.309457
34.65,52,6477.461907
-2.1,3,6477.470771
35.75,38,6477.582837
35.5,39,6477.701299
36.3,31,6477.796366
33.0,65,6477.994427
35.05,44,6478.128813
36.2,29,6478.213105
26.95,130,6478.593524
35.8,41,6478.714831
36.3,35,6478.820397
34.35,42,6478.948062
35.2,41,6479.071347
31.95,70,6485.524764
36.7,27,6485.604545
-2.3,7,6485.625821
-2.65,10,6485.656662
-2.35,8,6485.681375
25.65,144,6486.118937
-2.15,4,6486.131194
37.1,19,6486.189366
35.8,37,6486.30295
34.9,35,6486.408196
34.75,54,6486.573747
34.7,43,6486.703659
-5.25,38,6486.817127
28.4,105,6487.139154
35.1,47,6487.282292
35.1,47,6487.425468
34.1,55,6487.599671
-2.1,3,6487.609391
-3.0,17,6487.664853
-2.0,1,6487.668115
35.4,33,6487.776325
36.5,23,6487.851113
-2.1,3,6487.860155
33.75,66,6488.069341
35.1,43,6488.21057
36.0,33,6488.319015
35.45,40,6488.450011
35.3,47,6488.601342
-2.35,8,6488.625607
30.9,91,6494.946261
36.55,26,6495.023404
32.35,58,6495.194064
-2.0,1,6495.197093
34.15,58,6495.374176
32.85,60,6495.555125
36.9,19,6495.610478
34.9,43,6495.735617
-2.5,11,6495.768016
35.5,35,6495.873682
-2.0,1,6495.876532
35.35,42,6495.993048
27.85,84,6496.243107
36.55,26,6496.322518
28.7,79,6496.563071
35.35,34,6496.662841
-2.35,8,6496.687165
-3.85,14,6496.729473
35.2,45,6496.862996
6.0,1,6496.86591
-2.35,8,6496.889222
-2.35,8,6496.912534
36.45,28,6496.995497
35.45,36,6497.103771
-2.0,1,6497.10668
7.9,3,6497.115753
36.65,28,6497.197684
35.4,33,6497.296126
-2.0,1,6497.299127
-2.25,6,6497.317316
23.55,98,6497.614837
36.15,26,6497.690991
36.65,28,6503.854444
-2.45,10,6503.885165
-2.05,2,6503.891293
36.95,22,6503.956016
35.35,42,6504.083252
33.95,50,6504.236476
36.25,28,6504.32192
35.9,39,6504.438353
28.45,84,6504.691431
37.1,19,6504.747784
-2.35,8,6504.772226
33.4,45,6504.909454
32.65,56,6505.0804
31.7,71,6505.298412
36.15,30,6505.389742
-2.0,1,6505.392758
24.0,113,6505.739275
35.7,39,6505.857764
-2.85,14,6505.90015
-2.15,4,6505.912218
27.8,69,6506.122012
34.6,41,6506.246453
6.0,1,6506.249448
36.55,26,6506.325253
36.2,33,6506.42418
33.75,54,6506.585286
-2.95,20,6506.650992
-2.05,2,6506.657584
-2.25,6,6506.677296
34.95,46,6506.828015
13.85,4,6506.841237
29.35,74,6513.338578
36.8,25,6513.412686
34.8,45,6513.548221
34.75,54,6513.700506
32.8,53,6513.856926
36.05,36,6513.96344
35.8,33,6514.063743
35.5,39,6514.182105
36.7,27,6514.264366
35.2,41,6514.384554
28.15,142,6514.809118
35.55,38,6514.922512
36.2,37,6515.036021
36.2,29,6515.122751
28.9,119,6515.489128
36.35,26,6515.564515
35.2,41,6515.683663
23.45,136,6516.078998
36.4,29,6516.16766
-2.15,4,6516.180281
33.35,50,6522.269716
34.5,39,6522.383726
36.85,24,6522.454284
28.25,100,6522.751594
31.4,73,6522.967707
19.6,229,6523.692783
35.75,30,6523.789717
35.7,43,6523.930499
34.6,57,6524.112952
-3.0,13,6524.152846
37.1,19,6524.211366
36.7,23,6524.281337
-2.4,9,6524.309282
33.05,60,6524.494595
35.55,38,6524.607518
11.95,2,6524.613357
34.65,44,6524.746416
-2.1,3,6524.755754
32.65,72,6524.978203
36.5,31,6525.070138
33.45,56,6525.234475
-2.65,10,6525.264176
35.45,40,6531.411053
-3.4,17,6531.458889
35.0,45,6531.586624
35.65,40,6531.7017
35.6,41,6531.820989
30.95,94,6532.087107
27.5,139,6532.497307
35.95,30,6532.582667
34.05,52,6532.735274
36.15,34,6532.83437
35.85,36,6532.94225
33.8,61,6533.132356
33.1,67,6533.341127
-2.0,1,6533.344298
36.6,25,6533.421977
36.3,31,6533.517848
33.0,61,6533.714738
35.6,37,6533.832409
-3.0,13,6533.871672
-2.35,8,6533.896501
35.05,44,6534.030171
-2.0,1,6534.033169
36.1,35,6534.13996
36.2,33,6534.238402
-2.0,1,6534.241343
35.1,43,6534.371871
36.55,26,6534.451141
35.45,40,6540.773587
-2.15,4,6540.786691
5.0,1,6540.790085
35.95,34,6540.900619
32.2,77,6541.149061
36.4,29,6541.247559
-3.05,14,6541.294297
-2.35,8,6541.320992
-2.65,10,6541.355365
37.0,21,6541.427399
36.45,28,6541.522845
-2.05,2,6541.529473
-2.7,11,6541.566087
33.15,54,6541.745274
34.95,46,6541.897577
35.3,39,6542.023409
34.05,48,6542.172538
30.05,76,6542.417741
35.5,39,6542.541266
36.6,25,6542.616695
34.25,52,6542.776541
-2.0,1,6542.7796
35.05,44,6542.914423
36.75,26,6542.997252
-2.0,1,6543.000542
35.0,49,6543.161088
36.65,28,6543.252768
-2.45,10,6543.283725
35.9,35,6543.391824
34.2,49,6543.540736
-2.8,13,6543.578892
-2.1,3,6543.587729
-2.85,14,6543.629554
34.05,48,6543.782134
35.95,34,6543.889836
-2.2,5,6543.905327
35.8,45,6550.031119
35.35,34,6550.1358
33.8,61,6550.325263
-2.0,1,6550.328332
29.1,95,6550.62439
-2.05,2,6550.630579
36.95,22,6550.699573
-2.1,3,6550.708916
35.55,38,6550.827001
35.55,38,6550.942257
34.6,49,6551.090347
-2.2,5,6551.105008
13.85,180,6551.672084
-2.15,4,6551.684756
-2.1,3,6551.694373
36.35,30,6551.790303
30.55,86,6552.05541
35.65,40,6552.179343
35.05,44,6552.312443
35.7,35,6552.428273
-2.5,11,6552.464185
-2.5,11,6552.500565
34.05,48,6552.659911
33.55,54,6552.832777
35.15,42,6552.966238
36.3,27,6553.052235
-3.05,18,6553.106972
-2.15,4,6553.119016
34.95,38,6559.409565
7.95,2,6559.415603
33.8,45,6559.554766
5.0,1,6559.5579
36.8,25,6559.635393
36.0,29,6559.72438
34.4,53,6559.887207
36.95,22,6559.95457
33.9,59,6560.128093
33.45,56,6560.291666
5.0,1,6560.294811
35.3,43,6560.422971
35.55,42,6560.550916
-2.85,14,6560.592567
33.0,53,6560.749443
-2.15,4,6560.761276
34.2,65,6560.961613
35.15,42,6561.086581
6.0,1,6561.089654
-2.15,4,6561.101598
36.0,33,6561.199895
35.45,44,6561.331004
34.25,52,6561.486358
33.25,56,6561.657531
34.6,49,6561.808939
-2.05,2,6561.81504
-2.25,6,6561.833701
8.0,1,6561.836862
-2.1,3,6561.84605
35.35,34,6561.951626
29.1,91,6562.2302
36.55,26,6562.309685
11.95,2,6562.315726
34.25,52,6568.56103
35.9,31,6568.654501
36.35,30,6568.745825
36.2,29,6568.833992
36.8,25,6568.911628
34.1,39,6569.028612
5.0,1,6569.031758
35.25,40,6569.150086
36.15,30,6569.240029
37.0,21,6569.302521
33.8,49,6569.447835
36.9,23,6569.516305
34.1,59,6569.690273
35.9,31,6569.78159
36.1,31,6569.874309
-2.55,12,6569.909919
-3.6,17,6569.96069
35.65,36,6570.067809
36.25,32,6570.162685
32.05,76,6570.389566
11.85,4,6570.401401
36.1,35,6570.506317
35.6,33,6570.604846
32.2,73,6570.821237
-2.45,10,6570.850979
35.95,34,6570.953729
35.3,39,6571.071282
35.65,40,6571.193174
33.4,65,6571.393366
36.9,23,6571.468502
34.55,46,6577.892243
35.4,33,6577.994575
36.6,25,6578.070997
35.8,33,6578.1704
35.0,49,6578.318668
-2.3,7,6578.340925
-2.35,8,6578.366318
35.45,44,6578.508779
-2.15,4,6578.522253
35.95,42,6578.654306
35.45,36,6578.764675
36.4,33,6578.865573
35.8,37,6578.980528
-3.1,15,6579.026735
36.8,25,6579.103772
35.25,40,6579.227652
37.0,21,6579.292679
35.4,45,6579.432502
34.15,42,6579.562424
35.55,38,6579.680474
36.5,31,6579.776761
36.45,32,6579.875952
35.1,35,6579.984356
30.15,70,6580.210585
-2.2,5,6580.227423
36.5,27,6580.317091
-2.2,5,6580.333524
-2.05,2,6580.340257
36.45,24,6580.41658
-2.45,10,6580.447522
35.15,34,6580.550879
33.7,63,6580.74048
35.25,44,6580.871055
8.0,1,6580.874052
-2.5,7,6580.894446
-2.25,6,6580.912421
-2.05,2,6580.918271
36.15,30,6581.006846
-2.2,5,6581.021696
35.8,33,6587.329134
37.1,19,6587.389715
36.25,28,6587.480863
36.05,32,6587.594029
36.0,33,6587.71117
35.9,31,6587.821445
36.85,24,6587.9058
-2.3,7,6587.930555
34.95,50,6588.108185
36.1,31,6588.216508
30.9,83,6588.513012
34.55,62,6588.727806
-3.0,17,6588.78197
34.75,46,6588.942255
-2.2,5,6588.960056
36.35,34,6589.076146
36.0,37,6589.198333
35.7,35,6589.313868
35.2,41,6589.452456
31.75,66,6589.687548
34.6,45,6589.84929
-3.1,15,6589.898784
29.1,83,6590.182063
-3.1,23,6590.260658
36.3,31,6590.366064
-2.05,2,6590.372843
34.7,43,6590.523612
35.55,42,6590.673485
36.65,28,6597.093839
36.45,32,6597.190175
32.65,56,6597.356322
36.5,23,6597.423991
36.25,32,6597.518748
31.0,93,6597.80613
-2.0,1,6597.809371
-2.3,7,6597.832461
34.75,38,6597.951612
32.45,52,6598.12145
34.95,42,6598.260041
11.8,5,6598.276543
32.8,57,6598.456169
35.65,36,6598.567278
33.4,65,6598.772472
36.1,39,6598.892584
-2.65,14,6598.935123
35.4,37,6599.045916
-3.6,21,6599.108196
-2.4,9,6599.134709
37.4,13,6599.175032
-2.6,13,6599.215938
-2.15,4,6599.228498
35.3,43,6599.363752
-2.2,5,6599.379387
36.05,28,6599.467437
5.0,1,6599.470561
-3.8,21,6599.536613
35.85,40,6599.662931
37.1,19,6599.722623
-5.1,27,6599.812388
36.1,31,6599.912209
-2.15,4,6599.92546
-2.15,4,6599.938895
-4.2,17,6599.995322
35.35,38,6600.118048
-2.15,4,6600.130602
-2.0,1,6600.133768
34.85,40,6600.260426
35.05,48,6606.827923
35.05,40,6606.939436
34.5,47,6607.080917
7.95,2,6607.087008
-2.3,7,6607.107967
-2.25,6,6607.125975
-2.25,6,6607.143961
35.25,44,6607.278879
36.75,26,6607.358745
36.3,35,6607.467104
-2.1,3,6607.476235
-3.45,14,6607.517812
-2.35,8,6607.541758
30.1,91,6607.822407
36.65,28,6607.908819
-2.45,6,6607.927242
36.65,24,6608.001516
-2.55,12,6608.038525
35.5,43,6608.171319
35.0,37,6608.285338
35.1,39,6608.404381
35.8,41,6608.530944
35.65,44,6608.666883
33.85,44,6608.799524
35.6,37,6608.908361
36.5,27,6608.991374
35.15,38,6609.107826
36.25,28,6609.19118
-2.0,1,6609.194207
35.8,37,6609.306656
36.45,32,6609.401624
36.55,30,6609.494285
36.0,33,6609.595248
31.6,69,6609.800526
36.65,24,6616.172459
33.55,54,6616.335377
34.8,45,6616.476767
30.65,68,6616.701405
35.2,41,6616.836744
29.05,88,6617.117825
26.9,91,6617.402065
33.75,50,6617.561831
32.95,62,6617.752911
5.0,1,6617.755868
27.45,112,6618.093714
32.8,69,6618.316
-2.55,12,6618.355756
35.6,37,6618.474093
35.7,39,6618.594994
33.9,39,6618.713798
36.35,30,6618.806113
36.25,24,6618.879081
35.0,41,6619.005058
36.4,29,6619.094194
-3.05,10,6619.125041
-2.5,11,6619.159689
35.6,41,6619.283567
34.25,40,6625.85225
-2.3,7,6625.872288
35.45,36,6625.976365
5.95,2,6625.982244
35.25,44,6626.116702
34.2,65,6626.31042
-2.6,13,6626.347663
36.45,28,6626.425021
34.95,38,6626.534663
-2.0,1,6626.537599
35.35,38,6626.649608
-2.3,7,6626.670267
-2.0,1,6626.673242
17.5,191,6627.245457
35.05,40,6627.362908
35.3,35,6627.466355
34.9,35,6627.569809
9.9,3,6627.579119
36.5,27,6627.659986
16.25,236,6628.382348
35.0,45,6628.516393
35.65,40,6628.636958
26.85,120,6634.72074
36.95,22,6634.785598
36.35,22,6634.850851
6.0,1,6634.853838
36.45,24,6634.927075
-2.05,2,6634.933216
34.0,49,6635.083673
-2.55,12,6635.120779
33.2,57,6635.292412
35.9,39,6635.413863
32.25,56,6635.576483
34.15,62,6635.754589
33.85,52,6635.9013
34.4,45,6636.033809
-2.25,6,6636.052506
36.2,29,6636.141722
-2.05,2,6636.147997
36.75,22,6636.215296
36.35,30,6636.316146
35.1,43,6636.441772
36.65,24,6636.512255
35.55,30,6636.60027
9.85,4,6636.612102
33.1,67,6636.808536
35.85,36,6636.914394
34.7,39,6637.032158
35.3,39,6637.147448
35.55,38,6637.258995
36.6,29,6637.346158
36.0,33,6637.444045
-2.35,4,6637.456157
34.95,50,6637.603381
36.45,28,6643.879502
35.6,33,6643.977093
33.5,51,6644.128472
35.75,30,6644.216452
-2.35,4,6644.228142
25.75,150,6644.672591
32.2,65,6644.866282
36.55,26,6644.944628
36.55,26,6645.024254
-2.2,5,6645.039732
-2.1,3,6645.048999
36.0,37,6645.161116
35.1,43,6645.289906
36.55,30,6645.382543
36.25,32,6645.481002
35.4,45,6645.620868
33.1,59,6645.801951
31.3,67,6646.013521
35.9,31,6646.11129
36.75,22,6646.180525
-2.1,3,6646.18991
36.0,29,6646.281523
-2.25,6,6646.300349
-2.2,5,6646.316009
36.5,31,6646.413227
37.0,17,6646.466775
33.75,58,6646.637865
-2.2,5,6646.652578
36.7,27,6646.732622
33.85,48,6646.876487
36.6,29,6652.961426
-2.05,2,6652.967535
36.25,32,6653.066255
-2.05,2,6653.072365
-3.0,17,6653.125448
34.85,48,6653.271555
36.65,24,6653.342827
-2.1,3,6653.352583
36.45,24,6653.42972
34.7,51,6653.59586
36.9,23,6653.672044
36.4,25,6653.755111
35.25,48,6653.905667
36.8,25,6653.984385
30.95,90,6654.267182
36.7,27,6654.351867
36.25,32,6654.452445
31.8,61,6654.644001
-2.2,5,6654.659672
35.65,32,6654.760002
-2.1,3,6654.769344
34.65,40,6654.894861
36.15,38,6655.013949
35.85,32,6655.114579
-3.05,14,6655.158566
35.65,44,6655.296436
6.0,1,6655.299669
-2.1,3,6655.309074
-2.15,4,6655.321603
35.25,44,6655.459687
32.45,48,6655.610089
36.0,37,6655.725791
33.45,64,6655.927082
36.4,29,6656.018009
-2.05,2,6656.024172
34.95,42,6662.32058
-2.6,9,6662.358964
-3.1,15,6662.42001
36.65,28,6662.523988
34.3,51,6662.684484
35.65,32,6662.778481
-2.05,2,6662.784231
33.9,51,6662.932873
31.9,75,6663.148174
-2.75,12,6663.182378
34.9,39,6663.294537
-2.05,2,6663.300218
-2.85,10,6663.328874
36.65,24,6663.398938
6.0,1,6663.401845
-2.7,15,6663.446647
-2.05,2,6663.452641
-2.2,5,6663.46734
33.85,48,6663.609246
36.0,33,6663.707739
-2.2,5,6663.722743
36.05,24,6663.794765
34.5,51,6663.945191
35.7,35,6664.048875
34.0,57,6664.237315
-2.85,10,6664.267081
36.0,33,6664.364614
36.1,31,6664.45667
-2.05,2,6664.46259
29.0,93,6664.731703
36.35,22,6664.795691
35.65,40,6664.914083
35.3,39,6665.029593
36.6,21,6665.092049
32.25,64,6665.282409
5.3,235,6671.927027
36.4,29,6672.010216
36.95,22,6672.073284
35.0,41,6672.190836
8.0,1,6672.193704
36.05,32,6672.286898
35.55,42,6672.412538
35.25,44,6672.539769
36.45,32,6672.63164
-2.1,3,6672.640208
-2.05,2,6672.646011
36.8,25,6672.719176
-2.0,1,6672.72215
-2.1,3,6672.731272
7.95,2,6672.737404
31.95,50,6672.885868
34.8,45,6673.020745
35.85,40,6673.139064
-2.25,6,6673.157015
36.15,34,6673.25673
34.85,40,6673.376966
35.6,33,6673.476071
36.5,27,6673.554909
-2.25,6,6673.571721
35.35,42,6673.691925
-2.25,6,6673.70997
36.35,34,6673.811648
36.55,30,6673.900888
-2.15,4,6673.912764
30.0,97,6674.204705
-2.1,3,6674.21325
35.8,37,6674.318562
-6.75,32,6680.306028
36.15,34,6680.408162
36.9,23,6680.477298
-2.4,9,6680.504324
33.9,59,6680.681326
35.5,35,6680.786526
-2.2,5,6680.801635
33.6,53,6680.961384
36.75,22,6681.027746
-2.4,9,6681.05487
35.95,30,6681.144546
28.4,105,6681.461396
33.6,45,6681.598331
34.35,50,6681.748281
-2.95,8,6681.775752
36.25,28,6681.873929
35.9,35,6681.981622
-2.2,5,6681.997319
36.6,29,6682.089818
34.85,44,6682.230725
32.25,64,6682.432015
32.75,58,6682.612645
36.95,22,6682.677874
-2.1,3,6682.686951
35.35,34,6682.788997
35.45,36,6682.899181
36.25,28,6682.988482
35.2,37,6683.101642
34.35,54,6683.257887
36.65,28,6683.338879
35.5,35,6689.453202
37.2,17,6689.502255
36.65,28,6689.584963
36.3,31,6689.678542
33.8,65,6689.873903
29.8,109,6690.188005
-6.75,352,6691.212732
34.05,56,6691.375316
35.05,44,6691.50352
-2.35,8,6691.526801
6.0,1,6691.529757
34.95,54,6691.698239
-2.1,3,6691.706939
36.4,29,6691.790891
35.55,42,6691.912933
32.4,57,6692.079843
36.4,29,6692.165564
30.5,99,6698.541989
-2.1,3,6698.550594
13.85,4,6698.562093
36.1,27,6698.641673
-2.55,12,6698.676331
35.35,38,6698.792756
-2.1,3,6698.801894
36.1,31,6698.898297
35.85,32,6698.99763
31.1,55,6699.167485
9.9,3,6699.176685
35.65,32,6699.276088
33.2,61,6699.468152
34.85,44,6699.607864
-2.05,2,6699.614062
36.65,28,6699.701638
-2.4,9,6699.730244
34.35,42,6699.863097
35.85,36,6699.978519
-2.15,4,6699.991334
35.25,44,6700.132175
36.8,25,6700.209652
6.0,1,6700.212677
37.05,20,6700.274336
30.5,67,6700.484946
35.25,40,6700.61153
35.35,34,6700.750496
11.95,2,6700.758203
35.7,35,6700.887186
-2.1,3,6700.897869
36.6,25,6700.980499
9.95,2,6700.98703
30.7,91,6701.284704
4.5,223,6707.837914
33.3,63,6708.026518
-2.2,5,6708.041581
34.7,51,6708.194728
33.85,60,6708.37657
-2.25,6,6708.394542
22.7,139,6708.812708
-2.25,6,6708.830468
36.55,26,6708.908783
32.85,72,6709.12551
34.9,39,6709.242182
36.4,25,6709.317949
-2.75,8,6709.341868
-2.35,8,6709.365834
28.95,86,6709.625684
35.05,40,6709.746626
36.4,29,6709.83358
-3.3,23,6709.899454
34.85,40,6710.014049
32.85,64,6710.200854
36.05,36,6710.306517
35.5,43,6710.435417
36.15,34,6710.537449
11.7,7,6710.558233
34.9,43,6716.629812
37.2,17,6716.680187
32.4,53,6716.832531
36.05,32,6716.924007
36.25,32,6717.022039
33.6,57,6717.19298
28.45,128,6717.571261
15.0,305,6718.525764
22.15,98,6718.81964
36.5,31,6718.913156
-2.3,7,6718.934582
35.85,36,6719.048528
-3.0,13,6719.088391
-2.2,5,6719.104078
36.1,35,6719.216624
-2.55,12,6719.253375
33.65,60,6719.427332
36.3,31,6719.516914
33.8,57,6719.681265
35.85,32,6725.917006
5.95,2,6725.923257
33.75,42,6726.045693
6.0,1,6726.04856
34.95,46,6726.181099
35.3,35,6726.285358
36.3,31,6726.377961
36.55,26,6726.455121
6.0,1,6726.458138
35.6,37,6726.570092
36.35,34,6726.672921
-5.7,27,6726.754692
34.35,46,6726.893493
36.2,29,6726.98103
13.35,226,6727.637313
35.15,38,6727.747442
30.0,93,6728.036223
-2.2,5,6728.052337
35.25,48,6728.199728
36.05,32,6728.296404
33.9,55,6728.464193
35.95,30,6728.557776
32.15,74,6728.797607
35.45,40,6734.938955
36.65,28,6735.023901
35.3,35,6735.127556
20.95,14,6735.168905
36.6,25,6735.243673
29.35,90,6735.509277
34.1,47,6735.646703
35.5,39,6735.760888
36.7,27,6735.838636
35.65,40,6735.956012
-2.65,10,6735.986424
36.85,24,6736.0589
-4.0,33,6736.159012
-2.1,3,6736.168077
33.9,47,6736.310844
36.8,25,6736.385805
-2.0,1,6736.388799
8.0,1,6736.391925
-3.4,13,6736.431048
21.5,175,6736.969366
7.85,4,6736.982086
-2.0,1,6736.985247
30.95,74,6737.218285
36.3,31,6737.314261
31.45,88,6737.580502
35.2,37,6737.692307
36.25,28,6737.776405
36.75,22,6737.842978
-2.55,8,6737.866881
-2.35,8,6737.890912
36.25,32,6737.987453
36.35,34,6743.991006
33.5,59,6744.163895
-2.15,4,6744.175245
-2.55,12,6744.209765
36.75,26,6744.28449
-2.0,1,6744.287353
36.65,24,6744.356741
36.15,30,6744.443788
33.1,67,6744.648473
35.4,41,6744.780075
35.8,37,6744.898908
34.9,43,6745.035891
-4.4,21,6745.10161
29.65,96,6745.399861
9.95,2,6745.406114
36.4,29,6745.495483
35.85,36,6745.605858
34.8,53,6745.77256
35.2,41,6745.901385
35.85,36,6746.016282
34.5,51,6746.173723
33.95,62,6746.360975
-7.4,305,6753.397823
32.5,75,6753.6405
-2.25,6,6753.658092
34.15,38,6753.77121
-2.6,13,6753.80963
-2.25,6,6753.827342
28.85,104,6754.152113
34.55,50,6754.309824
-2.4,9,6754.33934
34.6,57,6754.524775
33.3,67,6754.733255
-2.6,13,6754.775825
35.0,45,6754.923248
35.7,35,6755.03731
-2.0,1,6755.040592
-2.05,2,6755.047207
11.8,237,6755.757662
-2.0,1,6755.760595
35.5,35,6755.8639
31.35,78,6756.093371
-2.2,5,6756.108215
35.45,32,6756.202561
-2.3,7,6756.222972
36.85,24,6756.293643
31.65,72,6762.606169
31.95,90,6762.860666
36.05,28,6762.943551
-2.4,9,6762.97015
36.0,33,6763.067765
30.15,102,6763.370821
34.9,35,6763.475287
32.45,56,6763.643313
34.1,51,6763.805644
-4.0,21,6763.872185
34.7,63,6764.075027
5.95,2,6764.081455
36.35,30,6764.180211
34.4,41,6764.314365
36.6,25,6764.394666
-2.1,3,6764.404144
-2.0,1,6764.407366
32.95,74,6764.639726
-2.9,15,6764.68686
10.0,1,6764.690129
35.25,44,6764.828048
35.6,33,6764.931442
36.65,28,6765.020016
36.35,30,6765.108837
-2.4,9,6765.135396
32.75,70,6765.344131
37.0,21,6765.408607
34.5,55,6771.765303
36.55,26,6771.841776
36.4,25,6771.91496
36.7,27,6771.997124
27.65,76,6772.224713
15.6,9,6772.251177
25.9,131,6772.643533
35.25,40,6772.77277
36.4,29,6772.8683
36.0,33,6772.976346
33.65,60,6773.161005
-2.25,6,6773.179522
-3.0,17,6773.231768
-2.2,5,6773.247336
35.1,43,6773.378889
36.45,32,6773.480131
35.15,42,6773.613455
33.05,60,6773.802722
-2.2,5,6773.817657
36.35,34,6773.921273
34.75,50,6774.081636
34.15,46,6774.23137
33.15,54,6774.408355
33.8,53,6774.578827
35.85,40,6774.706384
37.2,17,6774.760489
-2.2,5,6774.776735
35.45,32,6774.877471
34.4,45,6781.045122
36.5,27,6781.123959
34.45,52,6781.275125
36.3,27,6781.353808
32.8,69,6781.554583
34.85,44,6781.682716
36.7,27,6781.766672
-5.0,25,6781.845288
-2.25,6,6781.864012
36.75,26,6781.944233
32.8,53,6782.106233
35.7,35,6782.227943
31.15,70,6782.513634
35.6,37,6782.646054
-3.15,20,6782.7103
35.4,41,6782.842418
5.0,1,6782.845806
31.05,68,6783.057686
9.85,4,6783.070707
-2.5,11,6783.107397
36.65,28,6783.194868
-2.0,1,6783.197983
35.05,36,6783.310372
36.4,29,6783.401337
-2.0,1,6783.40434
-2.7,15,6783.451519
36.75,26,6783.532591
33.4,53,6783.69916
32.2,57,6783.878588
32.95,62,6784.072603
-2.1,3,6784.081991
-2.3,7,6784.104035
13.75,6,6784.122988
36.45,32,6790.473584
36.2,29,6790.564747
36.2,29,6790.655811
34.2,53,6790.822363
31.5,83,6791.083033
-2.7,7,6791.104931
5.0,1,6791.108107
36.7,27,6791.195423
-2.1,3,6791.205157
37.4,13,6791.248028
-2.0,1,6791.251385
29.05,96,6791.566657
32.9,51,6791.73243
35.0,45,6791.873599
36.95,22,6791.943956
-2.2,5,6791.959748
36.8,25,6792.036166
34.25,48,6792.181232
36.05,32,6792.27706
35.8,33,6792.376426
-2.5,11,6792.409194
35.9,35,6792.513855
-2.0,1,6792.516941
35.05,48,6792.663578
36.5,31,6792.762585
35.85,36,6792.875454
-2.3,7,6792.896412
36.5,31,6792.989424
33.35,62,6793.175251
34.85,44,6793.309123
35.8,37,6793.427621
-2.0,1,6793.430721
34.35,46,6793.579587
36.65,28,6793.668036
-2.0,1,6793.671353
36.75,26,6799.912705
36.45,28,6799.993827
35.8,37,6800.109028
32.9,55,6800.280281
34.05,48,6800.423783
-2.2,5,6800.438375
36.4,29,6800.523102
36.25,28,6800.606357
15.55,214,6801.254838
35.05,44,6801.3903
33.85,60,6801.578026
36.4,29,6801.668692
35.35,42,6801.802059
-2.55,12,6801.839421
34.65,56,6802.016404
36.0,33,6802.122619
36.95,18,6802.179194
-2.1,3,6802.188667
-2.45,10,6802.220198
35.5,39,6802.342101
35.55,38,6802.460087
36.1,31,6802.557083
36.9,23,6802.629364
36.4,25,6802.707751
35.6,41,6802.836926
35.9,35,6802.946071
35.1,39,6809.243793
-3.0,17,6809.294083
36.5,31,6809.385748
-2.9,19,6809.441951
31.1,83,6809.689458
35.2,53,6809.856656
36.8,21,6809.923115
33.8,49,6810.074909
35.1,47,6810.220092
24.7,115,6810.572294
34.25,52,6810.730759
34.85,44,6810.875067
35.15,38,6811.004061
-2.4,9,6811.034091
34.95,38,6811.155456
34.75,62,6811.347176
35.65,36,6811.459685
36.35,34,6811.562188
36.15,34,6811.669092
35.6,37,6811.784396
28.75,94,6812.067312
35.45,36,6812.180063
-2.3,7,6812.202043
36.4,25,6812.280818
-2.6,13,6812.32113
-2.85,14,6818.669185
35.15,42,6818.801261
34.6,45,6818.941469
36.75,26,6819.021203
36.5,23,6819.090948
-2.15,4,6819.103037
7.95,2,6819.109361
-2.2,5,6819.124956
-3.05,18,6819.181294
-2.6,9,6819.20971
-2.35,8,6819.235213
36.15,30,6819.327724
36.5,27,6819.412138
36.1,39,6819.529955
-2.45,10,6819.560916
34.35,46,6819.703239
36.5,31,6819.806858
34.4,41,6819.942046
30.4,85,6820.215598
35.15,38,6820.337196
36.25,32,6820.4395
-2.3,7,6820.461447
36.15,38,6820.582112
35.9,39,6820.706589
32.8,69,6820.927336
34.15,54,6821.105344
30.35,82,6821.364583
-2.0,1,6821.367577
-10.3,491,6829.100726
35.65,40,6829.224491
11.85,4,6829.236483
-2.05,2,6829.2425
35.95,38,6829.358622
35.45,40,6829.47925
17.75,6,6829.497527
36.75,26,6829.575927
36.8,25,6829.651834
35.6,33,6829.751935
33.45,52,6829.909328
-3.05,14,6829.951486
35.35,34,6830.05706
34.7,47,6830.204277
-4.05,14,6830.246816
36.85,24,6830.31944
36.6,25,6830.397795
34.1,47,6830.543058
13.85,4,6830.555104
35.45,32,6830.651936
35.25,44,6830.788803
36.7,23,6830.85937
36.1,31,6830.952983
-2.35,8,6830.977021
33.6,45,6831.111736
33.6,49,6837.6495
35.65,36,6837.75943
31.75,74,6837.991212
34.15,54,6838.160301
35.25,36,6838.271864
35.05,44,6838.40275
36.55,26,6838.480313
36.4,17,6838.530979
27.05,96,6838.817298
35.95,34,6838.92266
36.4,29,6839.017546
36.8,25,6839.093518
-2.3,7,6839.115615
35.35,38,6839.230021
-3.2,21,6839.293884
35.75,34,6839.405218
35.8,37,6839.526407
35.9,31,6839.629179
36.1,35,6839.743022
36.25,36,6839.86086
36.2,25,6839.94298
34.55,50,6840.106789
30.0,69,6840.327127
36.3,31,6840.423626
35.3,39,6840.553536
-2.2,5,6840.570036
36.85,24,6840.650897
-2.5,7,6840.674178
-2.25,6,6840.694013
-2.35,8,6840.720598
34.95,42,6840.859331
33.15,58,6847.344837
35.7,35,6847.444762
34.65,52,6847.59446
36.75,26,6847.673218
34.5,55,6847.839187
35.05,40,6847.962474
35.85,32,6848.063162
36.8,25,6848.140922
-3.15,16,6848.191128
34.5,47,6848.338738
35.75,34,6848.445814
36.5,27,6848.531008
7.95,2,6848.537372
35.55,42,6848.669575
-3.15,20,6848.732798
36.3,31,6848.831133
-2.05,2,6848.837378
34.4,53,6848.999737
36.7,27,6849.081991
-2.3,7,6849.103966
32.45,56,6849.280196
36.9,23,6849.352535
36.25,28,6849.439911
-2.2,5,6849.454837
36.2,29,6849.542543
-2.05,2,6849.548524
35.9,35,6849.655146
34.6,53,6849.815878
-2.4,9,6849.844048
36.8,21,6849.908113
36.8,25,6849.983912
-2.1,3,6849.992898
36.45,32,6850.090396
-2.55,12,6850.128148
36.15,34,6850.235518
35.9,31,6856.637176
-2.5,11,6856.671755
35.4,37,6856.788857
33.8,49,6856.941454
-2.1,3,6856.950482
36.6,29,6857.037284
-2.7,11,6857.070172
-2.2,5,6857.085005
32.5,71,6857.294945
-2.7,15,6857.339156
24.5,139,6857.750287
35.75,34,6857.851965
-2.65,6,6857.869684
35.8,33,6857.96701
36.65,28,6858.050046
24.05,132,6858.464332
-2.8,9,6858.493129
34.35,42,6858.62514
34.8,41,6858.752846
36.15,34,6858.858552
-2.15,4,6858.871009
-2.45,10,6858.902378
36.15,38,6859.020624
-8.15,32,6859.119876
36.4,25,6859.197074
35.65,32,6859.296371
11.75,6,6859.315163
36.6,25,6859.393454
-2.1,3,6859.40242
35.1,43,6859.531564
34.15,58,6859.708335
-10.1,243,6866.59127
-2.05,2,6866.597914
35.25,32,6866.704971
36.25,32,6866.807903
36.55,30,6866.907317
-2.65,14,6866.953627
35.4,41,6867.089118
36.2,37,6867.212458
34.65,44,6867.358891
36.3,27,6867.446481
34.95,34,6867.558834
35.3,43,6867.700408
36.0,25,6867.779116
-2.05,2,6867.785441
-2.35,8,6867.81084
36.55,30,6867.907524
36.5,27,6867.9965
34.75,42,6868.133977
34.1,59,6868.329018
36.0,25,6868.412322
-2.25,6,6868.43232
37.0,21,6868.502555
-2.95,20,6868.568879
35.45,32,6868.675331
36.2,29,6868.768449
36.2,33,6868.871312
34.8,41,6868.998381
10.3,207,6875.718758
35.4,37,6875.828711
36.75,22,6875.894626
-2.25,6,6875.912362
36.0,37,6876.024072
36.75,26,6876.102974
27.3,91,6876.383339
35.7,31,6876.4815
32.1,59,6876.662588
36.6,29,6876.753495
35.65,40,6876.877869
35.3,43,6877.012825
36.8,25,6877.090336
32.65,60,6877.278079
-2.3,7,6877.300947
35.9,31,6877.404811
35.85,32,6877.507451
34.15,54,6877.674695
33.9,43,6877.807021
24.7,135,6878.232574
-2.45,10,6878.264239
36.95,18,6878.323014
-3.1,11,6878.359376
35.85,36,6884.733727
4.65,320,6885.705857
35.8,41,6885.830724
-2.0,1,6885.833724
-2.15,4,6885.846061
36.25,32,6885.945348
-2.1,3,6885.954776
35.75,34,6886.06054
9.9,3,6886.069858
-2.4,9,6886.097701
36.3,31,6886.194445
35.35,34,6886.300512
-2.2,5,6886.316078
-2.1,3,6886.325049
11.85,4,6886.33727
10.0,1,6886.340339
36.5,31,6886.435435
36.65,28,6886.521897
36.8,25,6886.598114
34.9,47,6886.747882
-2.35,8,6886.773515
35.5,39,6886.890656
-2.15,4,6886.902469
33.35,50,6887.051903
36.55,26,6887.129389
14.3,207,6887.741409
-2.4,9,6887.766686
35.6,41,6894.071673
36.1,35,6894.16991
36.85,24,6894.237792
-2.3,7,6894.257538
-2.15,4,6894.268841
-2.5,11,6894.299967
28.45,84,6894.547993
33.85,56,6894.721582
36.65,24,6894.797235
36.85,24,6894.872734
36.55,30,6894.967532
11.9,3,6894.976992
34.95,42,6895.105742
34.45,56,6895.27284
-2.9,15,6895.318966
35.55,30,6895.414832
-2.3,7,6895.437284
34.9,51,6895.606492
36.75,26,6895.692761
32.65,68,6895.909508
35.1,43,6896.048291
34.75,54,6896.223486
-3.25,18,6896.280755
35.35,46,6896.427754
36.65,24,6896.503491
35.45,36,6896.617177
36.05,32,6896.722402
35.7,35,6896.833516
-2.45,10,6896.865285
32.95,62,6897.063683
35.75,34,6897.172109
33.1,51,6903.599345
35.5,35,6903.708575
36.55,30,6903.802346
-2.3,7,6903.824316
-3.65,22,6903.893092
5.95,2,6903.899418
34.25,56,6904.073291
32.3,79,6904.31594
36.2,33,6904.415544
34.4,49,6904.567975
36.3,23,6904.639619
36.8,21,6904.702846
35.7,35,6904.812438
-2.95,12,6904.849957
36.15,26,6904.930083
35.65,36,6905.063234
36.25,24,6905.14073
29.55,106,6905.46818
34.55,50,6905.623632
35.1,43,6905.758142
35.6,33,6905.860898
36.3,31,6905.958022
36.35,30,6906.054727
35.5,39,6906.180342
-2.05,2,6906.186436
5.0,1,6906.189674
-2.4,5,6906.205593
36.5,31,6906.305066
35.15,50,6906.455981
34.0,57,6906.626181
36.15,34,6912.96492
35.5,35,6913.066956
-2.15,4,6913.079556
33.55,62,6913.273709
34.5,47,6913.407614
36.25,28,6913.48579
36.35,34,6913.580534
32.25,56,6913.742195
35.15,50,6913.898131
36.15,30,6913.991788
36.0,29,6914.079711
36.15,34,6914.174714
34.1,47,6914.307266
-4.25,18,6914.360341
-2.05,2,6914.366251
35.1,39,6914.483857
36.45,28,6914.569883
36.3,31,6914.662942
34.45,56,6914.833125
-2.6,13,6914.87194
-2.7,11,6914.904862
36.05,32,6915.006094
35.7,39,6915.125322
32.85,64,6915.32689
33.95,50,6915.485414
-2.0,1,6915.488587
35.85,32,6915.590906
36.3,31,6915.686004
36.6,25,6915.760482
-2.5,7,6915.781479
36.5,31,6915.875726
35.15,42,6922.235042
-2.2,5,6922.251097
35.35,38,6922.367329
-2.45,10,6922.397401
35.2,33,6922.497304
36.3,27,6922.582175
33.55,46,6922.72063
35.45,40,6922.839574
36.45,28,6922.92388
34.3,55,6923.095664
-2.65,14,6923.141409
36.2,33,6923.246344
36.0,33,6923.347229
7.9,3,6923.356524
36.05,32,6923.452209
36.05,32,6923.547189
35.6,37,6923.662347
33.8,57,6923.834822
36.4,33,6923.933268
35.25,44,6924.067177
36.8,25,6924.144836
34.3,55,6924.316628
-2.05,2,6924.32286
32.1,67,6924.527743
-2.35,8,6924.55195
36.5,31,6924.644962
36.15,34,6924.747386
34.9,43,6924.878672
24.85,128,6925.271432
34.35,42,6931.536229
35.45,44,6931.659446
35.65,32,6931.748756
35.4,41,6931.870653
33.95,54,6932.035277
35.35,38,6932.147172
34.85,36,6932.254844
35.2,37,6932.371284
-2.35,8,6932.396369
35.5,35,6932.506406
36.25,32,6932.606555
34.9,39,6932.729259
-3.95,20,6932.792174
35.65,36,6932.904941
32.35,70,6933.121672
30.0,93,6933.402744
-2.0,1,6933.405815
26.7,111,6933.744735
34.05,52,6933.90283
35.95,34,6934.008083
35.45,40,6934.131831
36.4,33,6934.231665
-2.35,8,6934.256544
35.9,31,6934.352476
35.25,36,6934.459004
33.15,66,6940.935486
5.95,2,6940.941777
35.65,40,6941.066124
36.8,25,6941.140636
35.95,38,6941.258135
-2.0,1,6941.261214
36.15,30,6941.355249
25.8,125,6941.732285
35.6,37,6941.846088
-2.05,2,6941.852287
33.95,54,6942.018992
33.65,44,6942.153496
36.55,30,6942.243581
36.6,25,6942.319744
9.95,2,6942.325978
35.85,36,6942.438882
9.9,3,6942.448381
35.65,36,6942.561979
11.95,2,6942.568348
35.05,44,6942.702229
33.45,68,6942.904371
-2.5,11,6942.936696
36.25,32,6943.031885
28.1,91,6943.304099
35.5,43,6943.432847
35.7,31,6943.525075
9.9,3,6943.534134
34.95,42,6943.659241
33.4,65,6943.853919
34.6,41,6943.981851
36.35,30,6950.321047
36.35,30,6950.408809
-2.7,15,6950.452667
36.25,32,6950.546549
37.0,21,6950.60661
36.0,33,6950.699636
17.75,6,6950.716855
35.7,39,6950.82731
36.15,38,6950.936715
35.1,39,6951.052559
36.35,30,6951.142653
-2.2,5,6951.157798
-2.05,2,6951.163784
35.25,40,6951.285485
33.85,64,6951.478885
29.85,88,6951.741315
35.65,36,6951.85015
36.6,29,6951.940402
-2.0,1,6951.94354
-2.45,6,6951.962406
33.25,56,6952.134857
-54.05,670,6960.570658
-2.4,5,6960.587303
36.3,27,6960.675237
36.0,33,6960.780004
-2.2,5,6960.795844
-2.45,10,6960.826922
6.0,1,6960.830073
35.65,40,6960.960409
-2.0,1,6960.963723
35.85,36,6961.076152
36.05,36,6961.194413
35.7,31,6961.294247
34.55,42,6961.430786
-4.1,15,6961.479446
36.3,27,6961.561775
36.0,37,6961.672238
5.0,1,6961.675351
33.65,64,6961.870101
-2.05,2,6961.876089
35.25,44,6962.015816
-3.75,20,6962.085833
35.75,34,6962.199351
28.6,109,6962.573318
30.1,83,6962.852597
36.1,31,6962.956379
36.15,26,6969.267531
35.35,38,6969.383391
36.4,33,6969.480119
36.1,31,6969.571189
35.05,40,6969.690109
36.45,32,6969.78416
36.45,28,6969.863792
36.8,21,6969.924068
12.0,1,6969.927052
36.45,28,6970.007606
36.05,32,6970.104208
35.4,37,6970.219404
-2.3,7,6970.241473
-2.3,7,6970.262621
-2.1,3,6970.27174
35.75,38,6970.390631
-2.35,8,6970.415168
35.35,38,6970.530838
36.65,24,6970.602926
-2.85,14,6970.64591
36.0,33,6970.746652
-2.1,3,6970.755615
37.1,19,6970.813528
37.05,20,6970.874074
36.45,28,6970.959161
36.1,31,6971.055
35.55,34,6971.156723
37.0,21,6971.218992
-3.9,19,6971.275401
35.8,33,6971.379017
36.4,29,6971.467207
34.6,37,6971.585112
36.75,26,6971.665584
35.2,45,6971.803903
36.8,25,6971.881844
34.1,51,6972.039454
34.55,50,6972.197955
-2.4,9,6972.226426
35.45,36,6978.681263
35.9,31,6978.775355
34.35,46,6978.916937
35.95,38,6979.032079
9.85,4,6979.043922
35.9,43,6979.175478
9.8,5,6979.191034
35.3,35,6979.300072
36.85,24,6979.375256
-2.25,6,6979.393968
-2.0,1,6979.397108
36.95,22,6979.46561
-2.1,3,6979.47485
-2.2,5,6979.490358
34.85,48,6979.636145
35.8,41,6979.761228
-2.4,9,6979.787827
36.6,25,6979.862289
-2.0,1,6979.865209
-2.6,9,6979.891703
35.15,50,6980.03984
-2.15,4,6980.051668
-2.5,11,6980.084183
33.55,54,6980.254448
36.45,32,6980.358411
35.4,37,6980.474058
-2.05,2,6980.480245
-2.05,2,6980.486487
-2.3,7,6980.508249
31.2,69,6980.722358
36.7,23,6980.793881
34.65,40,6980.919274
-2.2,5,6980.934438
35.6,37,6981.046334
34.45,36,6981.153718
-2.0,1,6981.156662
36.0,37,6981.266657
33.75,50,6981.416994
35.25,44,6981.551125
34.7,43,6981.689968
36.25,32,6981.792532
35.25,40,6987.978761
36.3,31,6988.068386
-2.8,13,6988.104696
35.45,32,6988.196261
27.65,120,6988.560491
9.95,2,6988.566692
35.8,25,6988.642642
31.5,71,6988.858823
-2.2,5,6988.874423
36.15,34,6988.98
35.9,31,6989.073691
7.95,2,6989.079911
-3.1,23,6989.151394
35.4,41,6989.278326
37.0,21,6989.341925
-2.05,2,6989.347875
36.4,33,6989.447923
-3.25,10,6989.478886
-2.45,10,6989.510163
8.0,1,6989.513466
-2.35,8,6989.53829
-2.05,2,6989.544567
32.6,81,6989.793307
33.25,64,6989.993366
-2.35,8,6990.019357
36.65,28,6990.11195
36.7,27,6990.201166
-2.65,10,6990.234321
30.95,86,6990.515308
36.3,27,6990.605076
36.85,24,6990.684541
34.85,48,6990.832778
36.9,23,6990.904598
36.15,34,6991.008922
35.75,38,6997.289281
-2.05,2,6997.295263
34.55,42,6997.421095
-2.35,8,6997.444966
36.2,33,6997.543568
31.2,77,6997.773898
-2.05,2,6997.780143
31.6,69,6997.986968
-2.4,9,6998.014041
-2.3,7,6998.035149
36.5,31,6998.128077
35.55,34,6998.229535
-2.25,6,6998.247547
36.3,27,6998.329062
35.65,40,6998.448964
35.55,46,6998.586636
27.35,106,6998.909406
36.55,30,6999.002102
36.55,26,6999.079538
34.45,44,6999.216612
36.15,38,6999.337047
33.85,52,6999.50622
-2.2,5,6999.523493
36.7,27,6999.609632
32.9,63,6999.810693
-2.25,6,6999.829789
36.25,32,6999.932512
35.7,39,7000.058218
36.0,33,7000.196252
36.35,30,7000.304806
36.35,34,7000.427126
14.95,10,7006.735607
36.0,37,7006.844993
36.0,41,7006.962384
36.1,31,7007.051145
35.05,44,7007.177992
35.1,39,7007.292159
11.85,4,7007.304729
35.7,43,7007.438823
36.55,30,7007.531855
34.3,55,7007.702316
33.25,64,7007.898621
-2.25,6,7007.916404
-2.2,5,7007.931248
36.55,26,7008.008744
33.55,54,7008.173816
-2.05,2,7008.179714
31.55,90,7008.45607
-2.2,5,7008.471195
36.35,30,7008.561674
35.8,33,7008.660265
-3.9,19,7008.718599
36.8,25,7008.793489
35.7,39,7008.909959
33.0,65,7009.108785
36.3,35,7009.214641
-2.05,2,7009.22074
-2.9,15,7009.267334
36.55,26,7009.348586
36.45,32,7009.444557
36.1,31,7009.536857
35.9,35,7009.641788
36.5,31,7009.737347
36.45,28,7015.969232
36.85,24,7016.038996
33.25,56,7016.195411
37.05,20,7016.251591
34.5,39,7016.362603
36.7,27,7016.443685
-2.85,10,7016.473493
35.55,38,7016.58742
36.9,23,7016.658214
13.85,4,7016.67165
-2.15,4,7016.684981
37.1,19,7016.747761
36.95,22,7016.821402
36.35,26,7016.907367
29.7,63,7017.112605
19.6,9,7017.142497
35.05,36,7017.257756
35.9,39,7017.375077
33.65,56,7017.54227
35.6,37,7017.652556
-2.45,10,7017.683347
36.65,28,7017.773466
27.8,109,7018.11056
36.9,23,7018.182155
34.95,34,7018.285939
-2.0,1,7018.288999
-2.3,7,7018.310805
-2.0,1,7018.313904
35.85,32,7018.412647
36.9,23,7018.483396
-2.2,5,7018.498996
6.0,1,7018.502162
35.85,32,7018.599214
36.1,35,7018.70776
35.25,44,7018.843978
36.35,34,7018.950079
36.3,31,7019.049975
-2.2,5,7019.066047
34.6,45,7025.412255
-2.1,3,7025.421271
-6.9,27,7025.500944
35.15,38,7025.613086
34.35,46,7025.759774
36.0,33,7025.865352
35.45,40,7025.996499
34.15,46,7026.146281
37.0,21,7026.214118
-2.4,9,7026.243891
37.1,19,7026.30673
36.65,28,7026.396383
-2.15,4,7026.408547
-2.75,16,7026.460576
35.35,46,7026.606362
31.65,80,7026.860241
-2.1,3,7026.869413
35.85,36,7026.986698
34.45,52,7027.148922
-2.6,13,7027.187418
35.9,35,7027.293421
35.05,32,7027.389911
36.0,41,7027.51816
36.5,27,7027.601205
32.9,75,7027.834747
35.8,33,7027.937373
-2.15,4,7027.949438
36.0,33,7028.052113
33.85,52,7028.212754
36.15,34,7028.316646
9.9,3,7028.325593
33.3,59,7028.509238
37.05,20,7034.732052
36.7,27,7034.816335
36.25,32,7034.913056
33.2,69,7035.123302
-2.2,5,7035.138657
30.0,81,7035.39106
34.95,42,7035.521893
9.85,4,7035.534016
36.65,24,7035.608683
33.45,48,7035.758367
36.7,27,7035.841713
36.5,27,7035.928985
34.7,47,7036.079058
35.3,35,7036.183371
36.95,22,7036.249118
35.25,44,7036.382066
35.8,41,7036.504391
35.35,46,7036.642092
-2.0,1,7036.645171
35.7,35,7036.758469
35.35,42,7036.893417
36.05,36,7037.013716
-2.15,4,7037.027293
35.65,32,7037.131778
36.2,33,7037.24308
36.0,41,7037.38052
36.35,26,7037.465523
-2.05,2,7037.47221
-2.2,5,7037.489075
36.5,27,7037.579056
-3.55,20,7037.641458
-2.05,2,7037.647401
36.85,24,7037.719538
-2.0,1,7037.722507
36.4,33,7037.821355
36.7,27,7043.976298
34.8,45,7044.117647
33.35,62,7044.310532
-2.75,16,7044.361027
35.45,36,7044.473844
33.2,61,7044.663903
36.4,29,7044.751015
-2.0,1,7044.75408
36.25,28,7044.837832
34.65,48,7044.981339
36.7,27,7045.061972
36.35,34,7045.163667
35.95,34,7045.266141
-2.55,8,7045.290639
34.0,61,7045.476268
36.9,19,7045.533944
35.9,39,7045.655516
-2.3,7,7045.677406
-2.45,10,7045.708681
-2.15,4,7045.721301
35.6,37,7045.837261
-2.0,1,7045.840371
11.8,5,7045.856036
36.55,26,7045.936882
35.65,32,7046.036446
6.6,361,7053.392638
-2.3,7,7053.412506
35.65,40,7053.525668
34.65,48,7053.665514
36.65,28,7053.752899
-2.85,14,7053.796614
-2.5,11,7053.830979
35.8,37,7053.946928
35.95,30,7054.040871
36.3,31,7054.138577
-2.05,2,7054.145247
35.3,35,7054.263029
37.1,19,7054.326098
-2.15,4,7054.33907
36.1,27,7054.42913
31.85,64,7054.643327
35.75,38,7054.764764
-2.1,3,7054.773548
37.05,20,7054.83495
30.8,89,7055.12205
-2.25,6,7055.141333
36.15,34,7055.249744
36.95,22,7055.315434
35.55,42,7055.440745
36.1,39,7055.557213
35.85,40,7055.678514
36.95,22,7055.746074
36.65,28,7055.829737
34.9,39,7055.94824
36.9,23,7056.021069
35.5,43,7056.155394
35.35,42,7056.284908
37.05,20,7056.347709
-2.0,1,7056.352297
-122.95,800,7064.415408
-2.25,6,7064.432121
-98.55,800,7072.604355
-2.05,2,7072.609169
-124.15,800,7081.010988
-73.35,800,7089.20392
-87.15,800,7091.391824
-66.75,800,7099.711574
6.0,1,7099.714074
-82.35,800,7108.139177
-59.55,800,7116.415572
-57.95,800,7118.547656
-70.35,800,7126.972028
-76.35,800,7135.675649
-58.95,800,7143.992028
-61.95,800,7152.395415
-51.35,800,7154.45006
-67.35,800,7162.439081
-52.75,800,7170.736204
-49.75,800,7179.044069
-54.35,800,7187.107964
-52.35,800,7189.091397
-49.75,800,7197.308029
-2.2,5,7197.320883
-2.1,3,7197.328615
-49.95,800,7205.602615
-51.95,800,7213.64315
-48.15,800,7215.325372
-48.95,800,7222.944321
-54.35,800,7230.953943
11.95,2,7230.958971
-2.45,10,7230.982478
-47.35,800,7238.896547
-2.9,15,7238.934135
-46.95,800,7246.700893
-46.15,800,7248.75385
