#{"t_start": 1785313230.0135336, "env_id": "None"}
r,l,t
-2.0,1,1.63987
-2.0,1,1.6428
-2.0,1,1.645693
-2.0,1,1.648505
-2.0,1,1.651337
-2.0,1,1.654223
-2.0,1,1.657108
-2.0,1,1.660028
-2.0,1,1.662874
-2.0,1,1.665704
-2.0,1,1.668525
-2.0,1,1.671283
-2.0,1,1.673934
-2.0,1,1.676593
-2.0,1,1.679217
-2.0,1,1.681833
-2.0,1,1.68469
-2.0,1,1.687317
-2.0,1,1.68996
-2.0,1,1.692569
-2.0,1,1.695232
-2.0,1,1.697865
-2.0,1,1.700532
-2.0,1,1.703162
-2.0,1,1.705791
-2.0,1,1.708387
-2.0,1,1.711056
-2.0,1,1.71373
-2.0,1,1.71632
-2.0,1,1.718923
-2.0,1,1.721565
-2.0,1,1.724185
-2.0,1,1.7269
-2.0,1,1.729589
-2.0,1,1.732206
-2.0,1,1.734842
-2.0,1,1.737505
-2.0,1,1.740106
-2.0,1,1.742724
-2.0,1,1.745361
-2.0,1,1.747959
-2.0,1,1.750577
-2.0,1,1.753273
-2.0,1,1.755871
-2.0,1,1.758483
-2.0,1,1.761095
-2.0,1,1.763725
-2.0,1,1.766338
-2.0,1,1.769011
-2.0,1,1.771664
-2.0,1,1.774277
-2.0,1,1.776887
-2.0,1,1.779469
-2.0,1,1.782075
-2.0,1,1.784687
-2.0,1,1.787296
-2.0,1,1.789913
-2.0,1,1.792506
-2.0,1,1.795199
-2.0,1,1.797822
-2.0,1,1.800428
-2.0,1,1.803043
-2.0,1,1.805662
-2.0,1,1.808288
-2.0,1,1.810916
-2.0,1,1.813607
-2.0,1,1.816203
-2.0,1,1.818825
-2.0,1,1.82146
-2.0,1,1.824063
-2.0,1,1.826693
-2.0,1,1.829319
-2.0,1,1.831916
-2.0,1,1.834532
-2.0,1,1.837368
-2.0,1,1.839977
-2.0,1,1.842602
-2.0,1,1.845205
-2.0,1,1.847798
-2.0,1,1.850407
-2.0,1,1.853005
-2.0,1,1.855604
-2.0,1,1.858215
-2.0,1,1.860817
-2.0,1,1.86343
-2.0,1,1.866027
-2.0,1,1.868638
-2.0,1,1.871226
-2.0,1,1.873828
-2.0,1,1.87644
-2.0,1,1.87902
-2.0,1,1.881704
-2.0,1,1.884219
-2.0,1,1.886825
-2.0,1,1.889435
-2.0,1,1.892028
-2.0,1,1.894709
-2.0,1,1.897433
-2.0,1,1.89991
-2.0,1,1.902518
-2.0,1,1.905131
-2.0,1,1.907721
-2.0,1,1.910318
-2.0,1,1.91293
-2.0,1,1.915522
-2.0,1,1.918177
-2.0,1,1.920773
-2.0,1,1.92336
-2.0,1,1.925967
-2.0,1,1.928572
-2.0,1,1.931161
-2.0,1,1.933764
-2.0,1,1.936357
-2.0,1,1.938967
-2.0,1,1.941654
-2.0,1,1.944261
-2.0,1,1.946865
-2.0,1,1.949467
-2.0,1,1.952051
-2.0,1,1.954655
-2.0,1,1.957278
-2.0,1,1.959875
-2.0,1,1.962546
-2.0,1,1.96513
-2.0,1,1.967724
-2.0,1,1.970334
-2.0,1,1.973065
-2.0,1,1.975832
-2.0,1,1.978596
-2.0,1,1.981381
-2.0,1,1.984367
-2.0,1,1.987118
-2.0,1,1.98989
-2.0,1,1.992657
-2.0,1,1.995396
-2.0,1,1.998151
-2.0,1,2.000914
-2.0,1,2.003693
-2.0,1,2.006444
-2.0,1,2.0092
-2.0,1,2.011941
-2.0,1,2.014701
-2.0,1,2.017462
-2.0,1,2.020196
-2.0,1,2.022943
-2.0,1,2.025809
-2.0,1,2.028546
-2.0,1,2.031296
-2.0,1,2.034074
-2.0,1,2.036836
-2.0,1,2.039574
-2.0,1,2.042326
-2.0,1,2.04514
-2.0,1,2.047887
-2.0,1,2.050804
-2.0,1,2.053549
-2.0,1,2.056306
-2.0,1,2.059063
-2.0,1,2.061803
-2.0,1,2.064576
-2.0,1,2.067317
-2.0,1,2.070101
-2.0,1,2.072866
-2.0,1,2.0756
-2.0,1,2.078347
-2.0,1,2.08111
-2.0,1,2.08385
-2.0,1,2.08664
-2.0,1,2.089419
-2.0,1,2.092224
-2.0,1,2.095025
-2.0,1,2.097787
4.0,1,2.100634
-2.0,1,2.103323
-2.0,1,2.106101
-2.0,1,2.108876
-2.0,1,2.111634
-2.0,1,2.114397
-2.0,1,2.11716
-2.0,1,2.11991
-2.0,1,2.122683
-2.0,1,2.125443
-2.0,1,2.128245
-2.0,1,2.131002
-2.0,1,2.133779
-2.0,1,2.136529
-2.0,1,2.139281
-2.0,1,2.14214
-2.0,1,2.144919
-2.0,1,2.147669
-2.0,1,2.150435
-2.0,1,2.153325
-2.0,1,2.156084
-2.0,1,2.158899
-2.0,1,2.161652
-2.0,1,2.164406
-2.0,1,2.167179
-2.0,1,2.169974
-2.0,1,2.17274
-2.0,1,2.1755
-2.0,1,2.17825
-2.0,1,2.181038
-2.0,1,2.18378
-2.0,1,2.186537
-2.0,1,2.189304
-2.0,1,2.192039
-2.0,1,2.194815
-2.0,1,2.197601
-2.0,1,2.200341
-2.0,1,2.203107
-2.0,1,2.20586
-2.0,1,2.208638
-2.0,1,2.211429
-2.0,1,2.214195
-2.0,1,2.216989
-2.0,1,2.219735
-2.0,1,2.222481
-2.0,1,2.225268
-2.0,1,2.228009
-2.0,1,2.230789
-2.0,1,2.233563
-2.0,1,2.236349
-2.0,1,2.239119
-2.0,1,2.241896
-2.0,1,2.24477
-2.0,1,2.24752
-2.0,1,2.250278
-2.0,1,2.253094
-2.0,1,2.255847
-2.0,1,2.258611
-2.0,1,2.261362
-2.0,1,2.264101
-2.0,1,2.266864
-2.0,1,2.269666
-2.0,1,2.272437
-2.0,1,2.275195
-2.0,1,2.27796
-2.0,1,2.280709
-2.0,1,2.283601
-2.0,1,2.286369
-2.0,1,2.28912
-2.0,1,2.291874
-2.0,1,2.294727
-2.0,1,2.297494
-2.0,1,2.300223
-2.0,1,2.302974
-2.0,1,2.305736
-2.0,1,2.308369
-2.0,1,2.310985
-2.0,1,2.313595
-2.0,1,2.316303
-2.0,1,2.319102
-2.0,1,2.321883
-2.0,1,2.324783
-2.0,1,2.327573
-2.0,1,2.330271
-2.0,1,2.333074
-2.0,1,2.335901
-2.0,1,2.338684
-2.0,1,2.341477
-2.0,1,2.344276
-2.0,1,2.347038
-2.0,1,2.349788
-2.0,1,2.352546
-2.0,1,2.355286
-2.0,1,2.358054
-2.0,1,2.360801
-2.0,1,2.363559
-2.0,1,2.366352
-2.0,1,2.36919
-2.0,1,2.371951
-2.0,1,2.37471
-2.0,1,2.377562
-2.0,1,2.380355
-2.0,1,2.383108
-2.0,1,2.385869
-2.0,1,2.388635
-2.0,1,2.391379
-2.0,1,2.394172
-2.0,1,2.396965
-2.0,1,2.399733
-2.0,1,2.402548
-2.0,1,2.405378
-2.0,1,2.408127
-2.0,1,2.41097
-2.0,1,2.413748
-2.0,1,2.41648
-2.0,1,2.419307
-2.0,1,2.422071
-2.0,1,2.424829
-2.0,1,2.427576
-2.0,1,2.430367
-2.0,1,2.433156
-2.0,1,2.435911
-2.0,1,2.438635
-2.0,1,2.441494
-2.0,1,2.444244
-2.0,1,2.447
-2.0,1,2.449847
-2.0,1,2.452703
-2.0,1,2.455467
-2.0,1,2.458231
-2.0,1,2.461058
-2.0,1,2.463813
-2.0,1,2.466577
-2.0,1,2.469337
-2.0,1,2.472095
-2.0,1,2.474859
-2.0,1,2.477612
-2.0,1,2.480346
-2.0,1,2.483123
-2.0,1,2.485878
-2.0,1,2.488662
-2.0,1,2.491402
-2.0,1,2.494191
-2.0,1,2.497035
-2.0,1,2.499809
-2.0,1,2.502578
-2.0,1,2.50535
-2.0,1,2.508102
-2.0,1,2.510869
-2.0,1,2.513636
-2.0,1,2.516372
-2.0,1,2.519133
-2.0,1,2.521898
-2.0,1,2.524665
-2.0,1,2.527389
-2.0,1,2.530171
-2.0,1,2.53297
-2.0,1,2.535709
-2.0,1,2.538522
-2.0,1,2.541297
-2.0,1,2.544031
-2.0,1,2.546893
-2.0,1,2.549658
-2.0,1,2.553028
-2.0,1,2.555806
-2.0,1,2.558637
-2.0,1,2.561449
-2.0,1,2.564296
-2.0,1,2.567096
-2.0,1,2.569884
-2.0,1,2.572688
-2.0,1,2.575462
-2.0,1,2.578252
-2.0,1,2.581125
-2.0,1,2.583975
-2.0,1,2.586795
-2.0,1,2.589608
-2.0,1,2.592379
-2.0,1,2.595201
-2.0,1,2.597991
-2.0,1,2.600785
-2.0,1,2.603554
-2.0,1,2.606338
-2.0,1,2.609123
-2.0,1,2.61188
-2.0,1,2.614672
-2.0,1,2.617462
-2.0,1,2.620246
-2.0,1,2.623098
-2.0,1,2.625929
-2.0,1,2.628721
-2.0,1,2.631463
-2.0,1,2.634225
-2.0,1,2.63698
-2.0,1,2.639715
-2.0,1,2.642478
-2.0,1,2.645235
-2.0,1,2.647982
-2.0,1,2.650735
-2.0,1,2.653488
-2.0,1,2.656244
-2.0,1,2.658999
-2.0,1,2.661756
-2.0,1,2.664506
-2.0,1,2.667409
-2.0,1,2.67018
-2.0,1,2.672952
-2.0,1,2.675758
-2.0,1,2.678531
-2.0,1,2.681298
-2.0,1,2.684053
-2.0,1,2.686822
-2.0,1,2.689596
-2.0,1,2.692364
-2.0,1,2.695132
-2.0,1,2.697909
-2.0,1,2.700699
-2.0,1,2.703439
-2.0,1,2.706206
-2.0,1,2.709091
-2.0,1,2.711859
-2.0,1,2.714644
-2.0,1,2.717441
-2.0,1,2.720274
-2.0,1,2.723183
-2.0,1,2.72611
-2.0,1,2.728985
-2.0,1,2.731726
-2.0,1,2.734483
-2.0,1,2.737301
-2.0,1,2.740115
-2.0,1,2.742877
-2.0,1,2.745655
-2.0,1,2.748552
-2.0,1,2.751572
-2.0,1,2.7543
-2.0,1,2.756958
-2.0,1,2.759573
-2.0,1,2.762189
-2.0,1,2.764846
-2.0,1,2.767477
-2.0,1,2.770095
-2.0,1,2.772735
-2.0,1,2.775334
-2.0,1,2.77795
-2.0,1,2.780564
-2.0,1,2.783374
-2.0,1,2.78617
-2.0,1,2.788984
-2.0,1,2.791739
-2.0,1,2.794791
-2.0,1,2.797782
-2.0,1,2.800627
-2.0,1,2.803375
-2.0,1,2.806191
-2.0,1,2.808978
-2.0,1,2.811764
-2.0,1,2.814522
-2.0,1,2.817311
-2.0,1,2.820057
-2.0,1,2.822849
-2.0,1,2.82562
-2.0,1,2.828399
-2.0,1,2.83123
-2.0,1,2.834007
-2.0,1,2.836991
-2.0,1,2.839795
-2.0,1,2.842591
-2.0,1,2.845373
-2.0,1,2.848145
-2.0,1,2.850917
-2.0,1,2.853684
-2.0,1,2.85644
-2.0,1,2.85922
-2.0,1,2.862025
-2.0,1,2.864805
-2.0,1,2.867576
-2.0,1,2.870363
-2.0,1,2.873165
-2.0,1,2.87592
-2.0,1,2.878905
-2.0,1,2.881843
-2.0,1,2.884771
-2.0,1,2.887686
-2.0,1,2.890618
-2.0,1,2.893563
-2.0,1,2.896529
-2.0,1,2.899441
-2.0,1,2.902375
-2.0,1,2.9053
-2.0,1,2.908213
-2.0,1,2.911127
-2.0,1,2.914068
-2.0,1,2.916978
-2.0,1,2.919936
-2.0,1,2.92298
-2.0,1,2.925915
-2.0,1,2.92885
-2.0,1,2.931751
-2.0,1,2.934679
-2.0,1,2.937602
-2.0,1,2.940501
-2.0,1,2.943491
-2.0,1,2.946412
-2.0,1,2.949342
-2.0,1,2.952267
-2.0,1,2.955194
-2.0,1,2.958122
-2.0,1,2.96105
-2.0,1,2.964104
-2.0,1,2.967061
-2.0,1,2.970037
-2.0,1,2.972996
-2.0,1,2.975954
-2.0,1,2.978962
-2.0,1,2.981897
-2.0,1,2.984828
-2.0,1,2.987738
-2.0,1,2.990665
-2.0,1,2.993592
-2.0,1,2.996498
-2.0,1,2.999453
-2.0,1,3.002428
-2.0,1,3.005397
-2.0,1,3.008373
-2.0,1,3.011298
-2.0,1,3.014231
-2.0,1,3.01719
-2.0,1,3.020141
-2.0,1,3.023102
-2.0,1,3.026098
-2.0,1,3.029119
-2.0,1,3.032031
-2.0,1,3.034989
-2.0,1,3.037924
-2.0,1,3.040863
-2.0,1,3.043776
-2.0,1,3.046733
-2.0,1,3.049761
-2.0,1,3.052704
3.75,2,24.971666
-2.0,1,24.974553
3.75,2,24.98058
-2.05,2,24.986186
4.0,1,24.988979
4.0,1,24.991706
-2.05,2,24.997304
-2.0,1,25.000227
3.75,2,25.006127
-2.0,1,25.008863
4.0,1,25.011877
4.0,1,25.014708
3.75,2,25.020483
-2.05,2,25.026366
3.75,2,25.032287
3.75,2,25.038098
4.0,1,25.040852
4.0,1,25.04378
3.75,2,25.049418
-2.05,2,25.055252
-2.0,1,25.058202
-2.05,2,25.063902
-2.0,1,25.066853
3.75,2,25.072654
4.0,1,25.075552
3.75,2,25.081306
4.0,1,25.084327
4.0,1,25.087141
3.75,2,25.09289
-2.0,1,25.09568
3.75,2,25.101533
-2.0,1,25.104326
4.0,1,25.107355
-2.0,1,25.110333
3.75,2,25.116087
4.0,1,25.118942
-2.05,2,25.124657
-2.0,1,25.12748
3.75,2,25.133398
3.75,2,25.139142
-2.05,2,25.144866
4.0,1,25.147797
-2.0,1,25.150805
-2.0,1,25.153713
-2.05,2,25.159276
3.75,2,25.165082
4.0,1,25.167944
3.75,2,25.173696
4.0,1,25.17657
-2.0,1,25.179363
3.75,2,25.185266
4.0,1,25.188152
3.75,2,25.194033
4.0,1,25.196929
4.0,1,25.199754
-2.0,1,25.202622
-2.0,1,25.20552
-2.0,1,25.208342
4.0,1,25.211226
-2.0,1,25.214115
4.0,1,25.217037
4.0,1,25.219866
-2.0,1,25.222678
3.75,2,25.228471
4.0,1,25.231363
-2.05,2,25.237481
-2.05,2,25.243562
4.0,1,25.246845
4.0,1,25.249996
-2.0,1,25.253038
-2.05,2,25.259201
-2.05,2,25.265408
4.0,1,25.268469
-2.0,1,25.271446
-2.0,1,25.274613
4.0,1,25.27769
-2.05,2,25.28395
4.0,1,25.287149
-2.0,1,25.290157
-2.0,1,25.293362
4.0,1,25.296547
-2.0,1,25.299858
-2.05,2,25.305971
-2.0,1,25.309086
3.75,2,25.315234
-2.0,1,25.318145
4.0,1,25.321493
4.0,1,25.324475
4.0,1,25.327477
4.0,1,25.330493
-2.0,1,25.333539
4.0,1,25.336488
-2.0,1,25.339562
4.0,1,25.342642
3.75,2,25.348771
4.0,1,25.351915
3.75,2,25.358086
3.75,2,25.364472
4.0,1,25.367543
-2.05,2,25.373761
-2.05,2,25.379886
4.0,1,25.383015
-2.05,2,25.389276
-2.05,2,25.395381
3.75,2,25.401479
-2.0,1,25.404552
-2.05,2,25.410748
4.0,1,25.413832
4.0,1,25.416857
3.75,2,25.423078
3.75,2,25.429086
-2.05,2,25.435137
4.0,1,25.438277
3.75,2,25.444332
3.75,2,25.450615
4.0,1,25.453823
4.0,1,25.456866
-2.0,1,25.459915
3.75,2,25.466043
-2.05,2,25.472096
3.75,2,25.478305
3.75,2,25.484481
-2.0,1,25.487495
-2.05,2,25.493658
4.0,1,25.496811
3.75,2,25.502932
-2.05,2,25.508997
3.75,2,25.515204
4.0,1,25.518216
3.75,2,25.524475
-2.0,1,25.527473
4.0,1,25.530508
-2.05,2,25.536665
3.75,2,25.543053
3.75,2,25.549144
4.0,1,25.552324
-2.0,1,25.555418
-2.0,1,25.558612
3.75,2,25.564925
4.0,1,25.56798
3.75,2,25.574271
3.75,2,25.580805
4.0,1,25.58397
3.75,2,25.590246
4.0,1,25.593383
-2.0,1,25.59639
4.0,1,25.599442
-2.0,1,25.602582
-2.05,2,25.608869
-2.05,2,25.615135
3.75,2,25.621585
-2.0,1,25.624622
3.75,2,25.631026
4.0,1,25.634236
-2.0,1,25.637315
-2.0,1,25.640416
3.75,2,25.646697
-2.0,1,25.64982
-2.0,1,25.652937
4.0,1,25.656028
3.75,2,25.662356
4.0,1,25.66542
-2.05,2,25.671604
4.0,1,25.674785
-2.0,1,25.677862
-2.0,1,25.680891
-2.0,1,25.683898
3.75,2,25.690102
-2.0,1,25.693071
-2.0,1,25.695992
4.0,1,25.699269
3.75,2,25.705508
3.75,2,25.711859
4.0,1,25.715039
3.75,2,25.721451
-2.0,1,25.724433
-2.0,1,25.727591
3.75,2,25.733742
-2.05,2,25.740006
-2.0,1,25.743084
4.0,1,25.746201
-2.0,1,25.749537
-2.05,2,25.755665
-2.0,1,25.758732
-2.05,2,25.765
4.0,1,25.768098
-2.0,1,25.771149
-2.0,1,25.774309
-2.05,2,25.780652
-2.0,1,25.783751
4.0,1,25.78682
-2.05,2,25.793059
4.0,1,25.796218
4.0,1,25.799302
4.0,1,25.802406
4.0,1,25.805564
4.0,1,25.808639
4.0,1,25.811742
4.0,1,25.814866
4.0,1,25.818021
-2.0,1,25.821001
4.0,1,25.824222
-2.0,1,25.827219
4.0,1,25.830343
4.0,1,25.83359
-2.0,1,25.8369
4.0,1,25.840045
-2.0,1,25.843206
-2.0,1,25.846277
-2.0,1,25.849487
-2.0,1,25.852582
-2.0,1,25.855667
3.75,2,25.861888
-2.0,1,25.864813
4.0,1,25.86793
-2.05,2,25.87394
-2.0,1,25.877109
3.75,2,25.883311
-2.0,1,25.886324
-2.0,1,25.889457
-2.05,2,25.895662
3.75,2,25.901973
-2.05,2,25.908472
4.0,1,25.911828
-2.0,1,25.91503
-2.05,2,25.921978
-2.0,1,25.92511
3.75,2,25.931643
3.75,2,25.938346
4.0,1,25.941671
-2.05,2,25.94817
3.75,2,25.954768
-2.0,1,25.957988
4.0,1,25.961498
-2.0,1,25.964815
4.0,1,25.9681
-2.0,1,25.971364
3.75,2,25.978076
4.0,1,25.981298
-2.0,1,25.984608
4.0,1,25.987973
-2.0,1,25.991274
-2.0,1,25.994624
3.75,2,26.00134
4.0,1,26.004553
-2.0,1,26.007972
-2.0,1,26.01124
3.75,2,26.017937
3.75,2,26.024644
-2.0,1,26.027869
3.75,2,26.03458
3.75,2,26.041193
3.75,2,26.048235
-2.0,1,26.051486
4.0,1,26.054875
4.0,1,26.058185
-2.0,1,26.061417
3.75,2,26.067883
3.75,2,26.074338
4.0,1,26.077678
-2.05,2,26.084194
-2.0,1,26.08755
-2.0,1,26.091058
-2.05,2,26.097716
-2.05,2,26.104281
3.75,2,26.110927
-2.05,2,26.117354
-2.0,1,26.120656
-2.0,1,26.123945
-2.0,1,26.127264
-2.0,1,26.130583
3.75,2,26.13731
3.75,2,26.143923
-2.0,1,26.147185
3.75,2,26.153783
4.0,1,26.157005
3.75,2,26.163545
4.0,1,26.16686
-2.05,2,26.173354
3.75,2,26.179989
-2.05,2,26.186656
4.0,1,26.189861
4.0,1,26.193092
4.0,1,26.196233
4.0,1,26.19947
3.75,2,26.206002
4.0,1,26.209323
-2.0,1,26.212592
-2.05,2,26.219324
-2.0,1,26.222768
-2.0,1,26.226012
3.75,2,26.233257
-2.0,1,26.236615
4.0,1,26.240071
4.0,1,26.243518
-2.0,1,26.246798
4.0,1,26.250392
4.0,1,26.25394
-2.0,1,26.257334
-2.0,1,26.260919
3.75,2,26.267614
-2.05,2,26.274173
3.75,2,26.280835
3.75,2,26.287365
3.75,2,26.293973
-2.0,1,26.297158
-2.0,1,26.300452
4.0,1,26.303732
4.0,1,26.306999
-2.0,1,26.310194
-2.0,1,26.3135
-2.0,1,26.316856
3.75,2,26.323482
4.0,1,26.326699
3.75,2,26.333198
-2.0,1,26.336292
4.0,1,26.339587
-2.05,2,26.346164
3.75,2,26.352805
4.0,1,26.356242
-2.0,1,26.359542
3.75,2,26.366085
4.0,1,26.36938
4.0,1,26.37273
4.0,1,26.375951
-2.0,1,26.379248
-2.0,1,26.382539
-2.0,1,26.385751
-2.0,1,26.389148
3.75,2,26.395823
4.0,1,26.399183
4.0,1,26.40254
-2.0,1,26.405686
-2.0,1,26.408976
-2.0,1,26.41229
-2.05,2,26.418729
-2.0,1,26.421991
4.0,1,26.425368
3.75,2,26.4319
-2.05,2,26.438509
3.75,2,26.444994
3.75,2,26.451453
4.0,1,26.454733
4.0,1,26.458028
-2.05,2,26.464443
3.75,2,26.47106
-2.0,1,26.474361
-2.0,1,26.477709
3.75,2,26.484278
-2.0,1,26.487621
4.0,1,26.490898
-2.05,2,26.49738
-2.0,1,26.50064
3.75,2,26.507151
4.0,1,26.510486
-2.05,2,26.517084
-2.05,2,26.523593
4.0,1,26.526918
-2.0,1,26.530173
4.0,1,26.533509
-2.05,2,26.539987
4.0,1,26.543198
4.0,1,26.546384
3.75,2,26.55283
-2.0,1,26.556153
-2.0,1,26.559503
-2.0,1,26.56278
3.75,2,26.569132
-2.0,1,26.572311
4.0,1,26.57563
4.0,1,48.75972
4.0,1,48.763271
3.75,2,48.769599
4.0,1,48.77272
4.0,1,48.775846
-4.583333,18,48.829175
-2.3,3,48.837942
3.75,2,48.843688
4.0,1,48.846567
-2.55,4,48.858028
-4.05,10,48.886714
-4.583333,18,48.942668
6.0,1,48.945732
-4.583333,18,48.999524
-5.55,16,49.057472
4.0,1,49.061506
3.75,2,49.069527
4.0,1,49.073509
5.75,2,49.081301
4.0,1,49.084376
-4.583333,18,49.140693
3.75,2,49.146668
6.0,1,49.14968
-4.583333,18,49.204249
3.75,2,49.210208
5.75,2,49.216353
-4.583333,18,49.272986
-4.583333,18,49.329169
-2.3,3,49.338452
-4.583333,18,49.39416
3.75,2,49.400434
-4.8,13,49.442112
-4.583333,18,49.500575
6.0,1,49.503718
6.0,1,49.506887
5.75,2,49.514306
-2.55,4,49.530003
4.0,1,49.533386
4.0,1,49.537029
4.0,1,49.540347
4.0,1,49.543762
-4.583333,18,49.605121
5.75,2,49.611848
5.75,2,49.618515
4.0,1,49.621879
5.75,2,49.628542
-3.8,9,49.659202
-4.583333,18,49.719149
-2.05,2,49.725503
6.0,1,49.728869
5.75,2,49.735081
-3.55,8,49.759823
-4.583333,18,49.817008
-3.05,6,49.835892
-4.583333,18,49.892578
-2.0,1,49.895593
-4.583333,18,49.952079
6.0,1,49.955347
-4.583333,18,50.014467
-4.583333,18,50.071673
-5.3,15,50.117413
4.0,1,50.120586
3.75,2,50.126613
4.0,1,50.129753
-4.583333,18,50.186806
5.75,2,50.193079
3.75,2,50.199419
-4.583333,18,50.251712
-4.583333,18,50.302835
-4.583333,18,50.354162
3.75,2,50.359935
-3.383333,18,73.097592
4.0,1,73.100079
3.75,2,73.10508
-4.35,16,73.145473
-2.05,2,73.150626
5.85,4,73.160976
4.0,1,73.163531
5.75,2,73.168695
5.9,3,73.176271
5.75,2,73.181316
6.0,1,73.183798
5.15,6,73.199004
4.0,1,73.201554
3.05,16,73.2429
5.2,5,73.256274
5.75,2,73.261536
6.0,1,73.264239
-2.0,1,73.266994
5.7,3,73.275081
-2.8,5,73.288409
6.0,1,73.291086
5.75,2,73.296404
3.3,15,73.336657
5.95,2,73.34213
3.6,13,73.376706
-2.05,2,73.382042
4.1,11,73.411319
-3.25,10,73.437517
5.95,2,73.44284
6.0,1,73.445548
5.75,2,73.450902
4.0,1,73.453472
-2.0,1,73.45624
4.2,9,73.481823
-2.0,1,73.484799
5.9,3,73.493301
5.75,2,73.499161
4.0,1,73.502142
6.0,1,73.505105
-2.05,2,73.510667
5.7,3,73.519034
4.0,1,73.52187
5.95,2,73.527476
4.0,1,73.530262
5.7,3,73.538428
5.8,5,73.552731
4.0,1,73.555506
5.95,2,73.561188
-2.0,1,73.564039
4.4,9,73.589576
5.75,2,73.595242
4.0,1,73.598076
5.75,2,73.603701
6.0,1,73.606521
3.75,2,73.612296
5.4,5,73.626246
3.75,2,73.631859
6.0,1,73.634708
-5.55,24,73.703603
5.15,6,73.719632
-6.2,32,73.806342
6.0,1,73.809111
-6.2,32,73.896696
-4.6,32,73.982266
8.0,1,73.984967
-5.2,32,74.070837
8.0,1,74.07356
-6.0,32,74.164909
7.4,5,74.179805
8.0,1,74.182798
-6.6,32,74.277613
4.85,8,74.302147
-5.2,32,74.409957
2.75,26,97.691143
7.95,2,97.695161
3.55,26,97.748168
-5.8,32,97.817765
7.75,2,97.822415
-6.0,32,97.898533
-2.0,1,97.900968
5.55,14,97.934895
3.75,2,97.939781
5.95,2,97.944935
-5.0,32,98.020864
6.0,1,98.023144
4.85,20,98.070089
-2.0,1,98.072471
4.85,24,98.131583
7.4,5,98.14374
-2.0,1,98.146158
-2.0,1,98.148545
-2.0,1,98.151037
4.0,1,98.153499
-2.0,1,98.156062
4.7,23,98.212912
6.15,14,98.248108
6.6,9,98.270959
8.0,1,98.273382
4.8,21,98.326709
5.1,15,98.363501
7.05,12,98.392905
-5.2,32,98.473527
7.9,3,98.480972
5.35,6,98.496285
-2.0,1,98.498893
6.0,1,98.501561
4.0,1,98.503895
-2.35,4,98.513179
-2.0,1,98.515543
-5.6,32,98.594986
-2.05,2,98.600279
5.75,2,98.605678
-2.1,3,98.613501
-2.0,1,98.61599
7.95,2,98.621043
7.85,4,98.631159
6.75,10,98.656161
5.05,28,98.726967
4.0,1,98.729382
6.0,1,98.731938
4.0,1,98.734461
4.0,1,98.736843
-2.0,1,98.739206
4.0,1,98.741745
3.75,2,98.74669
-2.0,1,98.74914
5.95,14,98.785134
7.5,7,98.803439
7.4,5,98.816581
6.6,13,98.851543
-2.05,2,98.856809
-2.0,1,98.859581
5.75,18,98.908971
7.15,6,98.925913
7.35,6,98.94221
7.45,8,121.852699
7.55,6,121.868964
7.45,4,121.879987
7.95,2,121.885419
7.4,5,121.899199
7.9,3,121.907096
-2.05,2,121.912547
3.75,2,121.918178
7.55,6,121.934807
5.95,14,121.972402
5.55,18,122.02084
5.9,3,122.029087
4.0,1,122.031821
-2.05,2,122.0372
6.0,1,122.03988
7.9,3,122.048165
8.0,1,122.050869
7.6,5,122.064397
7.55,6,122.081039
7.9,3,122.08898
-2.05,2,122.094464
-2.0,1,122.097058
5.3,23,122.161229
7.75,6,122.178445
7.85,4,122.190288
7.9,3,122.199282
5.85,12,122.236166
6.3,11,122.269615
-2.0,1,122.273272
-2.0,1,122.276589
7.9,3,122.28594
7.5,7,122.306664
7.85,4,122.318912
5.95,18,122.374835
8.0,1,122.378034
7.95,2,122.384072
-2.0,1,122.387175
7.95,2,122.393492
6.3,11,122.427024
8.0,1,122.430197
7.25,8,122.454957
-2.1,3,122.464278
4.95,6,122.482912
7.75,6,122.501841
4.0,1,122.504995
7.4,5,122.520237
-2.05,2,122.526307
4.0,1,122.529356
-2.05,2,122.53537
-3.05,6,122.553638
7.0,9,122.581063
4.0,1,122.584104
-3.05,10,122.614357
6.85,8,122.63864
7.65,4,122.650953
5.75,2,122.65709
7.8,5,122.672304
7.0,9,122.699729
7.35,6,122.717917
-2.0,1,122.721038
7.6,5,122.736306
6.35,10,122.768724
7.65,4,122.78312
8.0,1,122.786775
-2.0,1,122.790372
6.55,10,122.825537
4.0,1,122.828911
-4.6,17,122.888561
6.75,10,122.923892
7.95,2,122.930733
4.0,1,122.934107
-2.0,1,122.937769
-2.05,2,122.944684
3.75,2,122.951542
7.9,3,122.961812
7.0,9,122.99186
7.95,2,122.998486
7.85,4,123.011559
7.85,4,123.024734
5.9,3,123.034567
5.4,5,123.058881
7.15,6,123.081162
7.55,6,123.101462
7.8,5,123.11925
7.35,6,123.143438
8.0,1,123.149704
5.4,21,123.270524
5.9,3,123.285753
4.75,22,123.376998
6.95,6,123.399989
7.8,5,123.419104
5.9,15,123.477197
-2.85,10,123.519046
5.95,2,123.526455
5.95,2,123.533375
8.0,1,123.536801
6.0,1,123.540222
6.15,10,146.94323
-2.0,1,146.948107
-2.0,1,146.95306
7.0,13,147.005691
7.5,7,147.031738
7.55,6,147.054817
7.85,4,147.069072
-2.0,1,147.072551
4.0,1,147.076117
5.95,14,147.124669
8.0,1,147.127944
7.3,7,147.150371
7.35,6,147.170148
5.95,2,147.176635
7.95,2,147.18363
7.8,5,147.200219
6.0,1,147.203568
7.8,5,147.220006
5.7,15,147.270649
-2.1,3,147.280425
5.65,4,147.293126
7.85,4,147.306117
7.75,2,147.312668
5.7,3,147.322322
5.6,5,147.338582
8.0,1,147.341827
7.95,2,147.348277
7.8,5,147.364797
5.7,15,147.413809
-2.0,1,147.417033
7.8,5,147.433447
7.85,4,147.446643
-2.0,1,147.44987
4.0,1,147.453235
8.0,1,147.456564
-2.1,3,147.466376
7.85,4,147.479819
7.8,5,147.496637
4.0,1,147.499974
-2.0,1,147.503266
-2.0,1,147.506577
7.85,4,147.520272
-2.0,1,147.523522
8.0,1,147.526911
-2.0,1,147.530233
7.65,4,147.543493
7.75,2,147.550079
7.95,2,147.556506
8.0,1,147.559758
7.8,5,147.576338
7.75,2,147.583066
7.6,5,147.599419
7.0,9,147.629948
6.0,17,147.686421
7.85,4,147.699856
7.85,4,147.713064
7.9,3,147.722783
7.9,3,147.732673
5.5,19,147.794603
7.95,2,147.801258
5.9,3,147.810955
7.45,4,147.823785
6.6,9,147.851474
-2.0,1,147.854442
-2.05,2,147.860458
-2.0,1,147.863561
7.95,2,147.869651
4.0,1,147.872702
4.0,1,147.875683
7.65,4,147.887822
6.0,1,147.890843
7.25,8,147.915473
6.8,9,147.94299
-2.0,1,147.946193
7.4,5,147.961509
7.95,2,147.967612
4.0,1,147.970726
7.75,6,147.988945
7.9,3,147.998487
7.85,4,148.010917
7.0,9,148.03873
7.9,3,148.048029
7.35,6,148.066969
7.55,6,148.085551
7.9,3,148.094735
7.85,4,148.106791
7.9,3,148.116125
7.95,2,148.122366
-2.0,1,148.125443
7.95,2,148.131707
6.0,13,148.172384
-2.0,1,148.175442
7.7,7,148.197159
7.7,7,148.218962
-2.05,2,148.225042
7.55,6,148.243442
-2.0,1,148.246534
-2.05,2,148.252768
4.0,1,148.255926
7.9,3,148.265231
4.0,1,148.268281
7.55,6,148.286755
7.8,5,148.302338
7.95,2,148.308456
7.75,6,148.326771
-3.0,9,148.354457
7.95,2,148.360661
7.9,3,148.369906
-2.0,1,148.372975
5.9,3,148.381851
-2.0,1,148.384795
7.9,3,148.393866
5.9,3,148.402959
7.5,7,148.424588
-2.0,1,148.42767
7.85,4,148.440186
-2.0,1,148.443314
7.8,5,148.458712
7.4,5,148.474488
7.55,6,148.49289
7.7,3,148.502276
7.2,5,148.517957
-2.0,1,148.521025
7.9,3,148.530135
7.6,5,148.545494
4.95,22,170.579333
-3.8,13,170.619064
7.8,5,170.63429
7.9,3,170.643276
7.85,4,170.655644
7.8,5,170.671009
-2.3,3,170.680336
7.85,4,170.692626
6.6,9,170.719416
7.7,7,170.740433
8.0,1,170.743525
7.35,6,170.761796
8.0,1,170.764873
4.0,1,170.767958
7.9,3,170.777467
-2.25,6,170.79561
7.15,10,170.826194
3.75,2,170.832262
-2.0,1,170.835332
4.0,1,170.838466
6.0,1,170.84157
-2.0,1,170.844618
7.9,3,170.853787
6.0,1,170.85697
7.3,7,170.879042
7.4,5,170.894296
7.8,5,170.909008
6.0,1,170.911751
6.0,1,170.914702
4.85,20,170.973993
3.75,2,170.979662
7.85,4,170.991381
8.0,1,170.994507
7.95,2,171.000325
6.0,1,171.003266
4.0,1,171.006241
7.85,4,171.017673
7.9,3,171.026774
6.85,8,171.050768
8.0,1,171.053824
7.5,7,171.074262
7.8,5,171.08881
-2.0,1,171.091614
4.0,1,171.094467
7.55,6,171.111742
4.0,1,171.11479
7.95,2,171.120593
8.0,1,171.123514
7.95,2,171.129081
-2.65,6,171.146509
7.9,3,171.155319
5.95,2,171.161619
7.4,5,171.175994
7.9,3,171.185017
7.45,4,171.196732
7.85,4,171.208782
7.8,5,171.223839
6.0,1,171.226768
4.0,1,171.229611
7.95,2,171.23549
-2.0,1,171.238415
7.9,3,171.247374
7.85,4,171.259198
7.8,5,171.274246
8.0,1,171.277211
-2.05,2,171.283219
8.0,1,171.286255
7.85,4,171.298259
7.9,3,171.306583
8.0,1,171.309278
7.55,6,171.326272
5.9,3,171.334574
7.95,2,171.340198
7.85,4,171.351796
6.0,1,171.354642
-2.0,1,171.357291
-2.0,1,171.360315
7.8,5,171.374176
-3.9,11,171.404556
6.0,1,171.407375
7.75,2,171.412841
-2.0,1,171.415493
7.85,4,171.427105
5.9,3,171.435281
7.85,4,171.446257
7.6,5,171.460163
7.85,4,171.471111
7.55,6,171.488093
7.5,7,171.508407
7.9,3,171.517017
6.0,1,171.519828
4.0,1,171.522513
4.0,1,171.525132
7.85,4,171.535866
4.0,1,171.538546
7.4,5,171.552121
-2.0,1,171.554811
5.9,3,171.563033
7.3,7,171.581775
7.8,5,171.595493
6.0,1,171.598564
7.9,3,171.606695
7.85,4,171.617468
7.9,3,171.625731
7.9,3,171.633962
6.8,9,171.658877
7.75,6,171.675782
5.6,13,171.711401
-2.0,1,171.71404
7.9,3,171.722078
7.15,6,171.737944
7.75,2,171.743243
6.5,11,171.773103
6.85,12,171.806242
7.95,2,171.812016
7.6,5,171.82595
7.65,4,171.837454
7.4,5,171.851897
5.75,2,171.857882
7.55,6,171.874797
7.9,3,171.883401
4.0,1,171.886381
7.8,5,171.900473
-2.0,1,171.903246
7.95,2,171.908945
-2.0,1,171.911869
3.75,2,171.918194
5.95,2,171.92422
7.55,6,171.941889
7.85,4,171.953943
-2.2,5,171.968277
7.4,5,171.982988
8.0,1,171.985954
7.75,2,171.991612
7.95,2,171.997515
7.55,6,172.014809
7.75,6,194.967407
7.9,3,194.975988
7.9,3,194.984572
7.75,2,194.990192
7.9,3,194.998652
7.95,2,195.00446
7.95,2,195.010072
8.0,1,195.01302
8.0,1,195.015868
5.95,2,195.021623
8.0,1,195.024475
7.9,3,195.033133
7.3,7,195.052849
7.95,2,195.058418
7.8,5,195.076736
-9.05,50,195.212291
-10.05,50,195.352499
-2.0,1,195.355251
9.9,3,195.363941
-7.65,50,195.506322
-8.85,50,195.650927
4.0,1,195.65389
-9.85,50,195.798558
7.85,4,195.81034
-9.85,50,195.965359
-8.85,42,196.097461
-7.35,36,196.208071
-9.45,50,196.352504
2.85,40,220.291323
5.8,29,220.393258
5.9,3,220.404086
9.8,5,220.420087
-2.1,3,220.429615
-2.1,3,220.439389
-2.0,1,220.442546
-2.1,3,220.452037
9.6,5,220.467894
6.0,1,220.47115
9.4,9,220.499824
-2.05,2,220.506059
-2.15,4,220.518704
-2.0,1,220.522017
-2.05,2,220.528928
9.9,3,220.53857
5.95,2,220.54504
9.85,4,220.557956
5.9,35,220.673638
-2.0,1,220.676831
9.85,4,220.689922
7.85,4,220.703101
-2.0,1,220.706335
8.95,14,220.752096
5.95,2,220.758592
9.85,4,220.771702
9.95,2,220.778293
9.2,13,220.822098
5.4,5,220.838671
9.8,5,220.85513
7.95,2,220.861921
9.2,9,220.891282
9.6,5,220.907721
8.1,15,220.956612
5.95,2,220.963106
5.9,3,220.973049
7.75,6,220.992673
9.05,12,221.032133
9.9,3,221.042026
-2.3,7,221.0651
5.95,2,221.071734
-2.15,4,221.084996
9.9,3,221.094697
-4.4,21,221.164719
8.55,14,221.210337
4.0,1,221.213573
9.7,7,221.236211
10.0,1,221.239406
7.85,4,221.25259
8.55,18,221.310962
9.65,8,221.337167
5.95,2,221.343768
8.35,10,221.377812
5.75,2,221.384694
5.9,3,221.39466
-2.0,1,221.398041
9.75,6,221.418011
7.3,7,221.44129
8.75,10,221.474187
9.9,3,221.484021
8.6,13,221.526616
9.95,2,221.533311
8.85,8,221.559064
-2.0,1,221.562046
-2.0,1,221.565125
-2.0,1,221.568311
8.8,13,221.608368
8.0,17,221.661023
-2.0,1,221.663985
9.45,8,221.68849
8.1,15,221.734647
5.9,3,221.743687
10.0,1,221.746691
9.1,11,221.779647
8.7,11,221.812681
8.5,11,221.847018
-2.5,7,221.869689
6.0,1,221.8731
-2.0,1,221.876695
9.75,6,221.896235
4.0,1,221.899452
7.9,3,221.909295
4.0,1,221.912666
9.4,9,244.173699
9.75,6,244.190166
9.7,7,244.20998
10.0,1,244.212756
-2.0,1,244.215551
-2.0,1,244.218299
9.55,6,244.235054
9.8,5,244.248867
5.9,3,244.2571
3.1,47,244.387327
9.65,8,244.409328
7.95,2,244.414649
9.7,7,244.434578
-2.0,1,244.437516
5.95,2,244.443323
9.0,13,244.481611
9.2,9,244.508766
9.75,6,244.526446
9.65,8,244.550153
7.9,3,244.559016
9.75,6,244.57679
9.75,6,244.594793
-2.0,1,244.597708
9.9,3,244.60627
8.75,14,244.647866
9.75,6,244.665456
7.8,5,244.680679
9.95,2,244.686578
-2.0,1,244.689445
9.7,7,244.710328
9.4,5,244.725555
9.85,4,244.737319
9.55,6,244.755255
7.95,14,244.796341
6.0,1,244.799323
7.9,3,244.808326
8.9,11,244.84137
9.7,7,244.862621
10.0,1,244.86566
9.75,6,244.883377
7.25,20,244.943674
7.8,5,244.958712
9.45,8,244.983207
9.8,5,244.997873
8.45,12,245.03413
7.8,5,245.048854
9.75,6,245.066423
6.0,1,245.069371
-2.0,1,245.072328
9.65,8,245.096009
9.85,4,245.108142
8.35,18,245.161296
9.55,10,245.190772
9.65,8,245.214429
9.0,9,245.241339
9.55,10,245.270694
9.75,6,245.288717
9.6,9,245.315358
5.95,2,245.321347
7.85,4,245.333127
9.8,5,245.347697
4.0,1,245.350651
5.95,2,245.356498
9.25,12,245.393197
5.9,3,245.402586
8.6,17,245.45663
10.0,1,245.459779
9.75,6,245.478637
-2.0,1,245.481797
6.0,1,245.485091
7.85,16,245.535543
5.95,2,245.541891
6.0,1,245.545025
7.75,2,245.551233
7.8,5,245.566994
9.6,9,245.595141
5.95,2,245.60131
5.95,2,245.607305
-2.05,2,245.613658
9.75,6,245.632779
-2.0,1,245.635947
9.9,3,245.645291
9.8,5,245.661643
9.7,7,245.68345
9.35,6,268.298432
4.0,1,268.301157
-2.0,1,268.303874
7.3,23,268.36714
-2.0,1,268.36987
8.3,15,268.412364
7.9,3,268.420838
9.8,5,268.434967
5.95,2,268.440644
-2.0,1,268.443389
9.8,5,268.457845
8.45,12,268.498502
9.3,7,268.518392
7.95,2,268.524097
9.7,7,268.544126
9.7,7,268.565432
9.85,4,268.576892
9.2,9,268.602638
6.0,1,268.605655
9.9,3,268.614395
5.95,2,268.620075
9.5,7,268.63957
9.9,3,268.648045
5.95,2,268.654056
9.55,6,268.670874
9.4,9,268.696057
9.4,5,268.710097
9.85,4,268.721235
9.6,9,268.746788
6.0,1,268.74969
5.9,3,268.758053
8.9,11,268.789362
9.75,6,268.806461
9.65,8,268.829288
9.85,4,268.840862
6.0,1,268.843635
8.45,16,268.890074
-2.65,10,268.919222
9.5,7,268.939374
9.6,9,268.964922
7.95,2,268.970655
9.45,8,268.993011
5.95,2,268.998591
-2.05,2,269.004237
9.85,4,269.015535
9.35,6,269.032315
9.75,6,269.049608
-2.05,2,269.055166
9.35,10,269.084596
9.7,7,269.105725
9.6,9,269.132707
9.9,3,269.141707
9.15,10,269.171809
5.95,2,269.177961
-2.35,4,269.189864
-2.0,1,269.192848
9.9,3,269.201951
7.8,5,269.217052
9.7,7,269.237973
9.75,6,269.256101
9.8,5,269.271039
7.75,2,269.276949
-2.0,1,269.279857
4.0,1,269.282841
9.9,3,269.291689
7.95,2,269.297822
9.55,6,269.315508
9.8,5,269.330461
9.7,7,269.351887
9.8,5,269.366885
-2.0,1,269.369873
9.7,7,269.390929
9.95,2,269.397239
9.8,5,269.412196
9.65,8,269.436367
10.0,1,269.439465
9.85,4,269.451453
-2.3,3,269.46057
9.8,5,269.475723
5.9,3,269.484967
9.55,6,269.503254
5.55,30,269.596508
10.0,1,269.599655
9.7,7,269.620677
9.95,2,269.626827
9.7,7,269.648182
9.65,8,269.67241
-2.0,1,269.675452
9.85,4,269.687728
9.8,5,269.702603
4.0,1,269.705607
9.75,6,269.723786
9.55,6,269.742084
7.2,25,293.296138
9.8,5,293.310004
9.7,7,293.330262
9.9,3,293.33899
9.3,11,293.370697
9.3,7,293.3911
9.4,9,293.418019
9.9,3,293.426769
4.0,1,293.429648
9.4,9,293.456823
9.6,5,293.471128
9.65,8,293.495263
9.5,7,293.516073
5.95,2,293.521813
5.95,2,293.527851
9.7,7,293.548616
9.85,4,293.560064
9.85,4,293.57163
4.0,1,293.574746
9.85,4,293.585614
-2.0,1,293.588331
7.95,2,293.59419
9.7,7,293.614465
4.0,1,293.617382
-2.0,1,293.620157
11.85,4,293.650081
-12.316667,72,293.848422
-9.716667,72,294.046881
6.0,1,294.049744
-3.1,11,294.079747
-10.35,44,294.200324
-10.1,55,294.352892
-10.116667,72,294.590893
2.6,57,318.20925
11.65,8,318.231052
9.05,32,318.320238
9.7,15,318.360841
11.85,4,318.372029
11.9,3,318.380191
11.55,10,318.407217
8.4,33,318.497923
-2.05,2,318.503312
10.95,10,318.531211
11.55,10,318.558258
9.35,26,318.629167
7.75,6,318.646149
11.55,10,318.673148
11.1,15,318.713649
11.65,8,318.734959
10.95,10,318.762132
10.0,17,318.80944
11.5,7,318.829348
-2.0,1,318.832314
11.75,6,318.850059
11.35,10,318.879805
10.45,20,318.938825
-2.15,4,318.950949
6.0,1,318.954037
5.9,3,318.962867
-2.0,1,318.965706
11.2,13,319.003006
4.0,1,319.005805
9.3,23,319.072062
11.7,7,319.092184
-2.5,7,319.111998
7.95,2,319.117765
11.65,8,319.141048
11.05,12,319.175973
11.6,9,319.20131
9.0,29,319.285066
10.7,19,319.341338
11.65,8,319.365503
11.5,11,319.398468
-2.0,1,319.401499
9.7,23,319.470281
8.05,32,319.565965
-2.0,1,319.568989
11.85,4,319.581208
11.3,7,319.601807
11.15,10,319.631997
11.4,13,342.380541
10.85,12,342.421528
11.0,13,342.466
10.65,12,342.505726
11.6,9,342.535453
11.7,7,342.558401
6.0,1,342.561563
10.0,17,342.616244
11.55,6,342.635419
11.65,8,342.661591
-2.0,1,342.664855
11.4,13,342.706452
-2.3,7,342.728779
11.7,7,342.75122
-2.15,4,342.763869
11.7,7,342.786209
11.5,11,342.821354
11.6,9,342.850534
-2.15,4,342.863704
-2.2,5,342.880159
10.65,16,342.931199
10.55,14,342.973374
11.7,7,342.994107
9.8,21,343.056535
11.85,4,343.068847
7.9,3,343.077929
-2.0,1,343.080878
8.25,32,343.176781
11.1,15,343.222669
11.3,11,343.256411
11.75,6,343.275093
11.75,6,343.293618
9.95,2,343.299874
11.75,6,343.318169
4.0,1,343.321349
10.85,12,343.35843
-2.0,1,343.36146
11.4,13,343.401469
11.65,8,343.425935
10.15,18,343.482981
11.0,13,343.524348
10.25,20,343.588142
9.85,4,343.600977
8.5,35,343.712354
11.6,9,343.740884
11.5,7,343.763566
4.0,1,343.766892
5.35,38,343.900282
11.65,8,343.925882
11.25,12,343.964418
-2.0,1,343.96761
11.35,10,343.999292
11.65,8,366.915495
10.9,11,366.949737
7.95,2,366.956047
10.45,20,367.020018
6.0,1,367.023141
9.0,25,367.104411
11.45,12,367.142225
11.35,6,367.161079
-2.0,1,367.164173
9.65,24,367.240635
12.0,1,367.243795
11.1,11,367.285047
11.3,11,367.333258
11.8,5,367.356078
9.8,5,367.378155
7.85,4,367.396445
5.95,2,367.405565
10.65,16,367.475147
10.4,13,367.527214
11.0,13,367.579651
11.4,9,367.618479
4.0,1,367.622476
-2.0,1,367.626448
7.95,2,367.634661
11.45,8,367.667375
11.5,11,367.711308
9.65,8,367.741052
11.55,10,367.77804
11.75,6,367.800308
7.95,2,367.807727
11.5,11,367.846777
7.95,2,367.85374
11.55,10,367.888196
11.35,10,367.923288
4.0,1,367.927169
11.75,6,367.948345
11.1,15,368.007239
11.4,9,368.036456
5.95,2,368.042876
11.7,7,368.065923
7.9,3,368.076069
9.3,23,368.15657
-2.0,1,368.160123
11.85,4,368.174716
4.0,1,368.178887
4.0,1,368.182586
7.9,3,368.193632
11.5,7,368.22045
4.0,1,368.224689
-2.0,1,368.228194
5.95,2,368.235474
11.85,4,368.250069
4.0,1,368.253711
6.0,1,368.257301
7.9,3,368.268167
10.15,18,368.332915
11.7,7,368.35669
10.65,16,368.411505
11.55,10,368.445161
11.65,8,368.471779
4.0,1,368.475135
9.75,6,368.494611
11.15,14,368.540147
11.7,7,368.563173
7.9,3,368.572785
11.6,9,368.602324
11.65,8,368.628623
11.9,3,368.638928
11.6,9,368.667421
11.75,6,368.68667
11.45,8,368.71194
11.55,10,390.929611
7.8,5,390.944956
4.0,1,390.947943
4.0,1,390.95106
7.65,32,391.04978
10.25,16,391.098855
11.7,7,391.120667
6.0,1,391.123879
11.65,8,391.148534
10.65,16,391.198211
11.6,9,391.225827
11.55,6,391.244395
11.65,8,391.269952
11.65,8,391.295522
4.0,1,391.298822
-2.0,1,391.301983
9.65,20,391.365527
11.65,8,391.390528
11.4,9,391.418862
11.75,6,391.437385
11.55,6,391.456407
11.9,3,391.465707
11.75,6,391.484241
11.65,8,391.508917
-2.0,1,391.511901
11.25,12,391.548846
6.0,1,391.551952
11.1,15,391.598392
11.45,12,391.635414
5.95,2,391.641437
4.0,1,391.644485
11.75,6,391.662766
10.8,13,391.702472
10.55,14,391.745225
11.6,9,391.772353
7.8,5,391.787424
11.8,5,391.802727
11.45,12,391.840426
11.65,8,391.86407
11.4,13,391.904688
-2.1,3,391.914289
-2.0,1,391.917628
8.0,1,391.921076
10.3,15,391.970386
11.35,14,392.016309
11.65,8,392.043565
11.75,6,392.063606
11.7,7,392.086446
11.15,10,392.126706
11.5,11,392.16559
11.55,6,392.196344
13.0,9,392.224816
9.95,2,392.231203
4.0,1,392.234473
5.95,2,392.240837
13.7,7,392.263047
11.8,5,392.278851
-8.8,53,392.448566
11.65,8,392.476965
-12.592857,98,415.034008
9.75,6,415.051262
-11.65,66,415.24014
10.7,27,415.317189
13.7,7,415.337196
13.75,6,415.354401
11.15,26,415.428545
13.05,16,415.475857
10.3,35,415.578086
-3.95,24,415.647161
11.5,27,415.724468
12.3,23,415.790316
13.25,12,415.825979
4.0,1,415.828949
12.25,20,415.88611
-3.3,11,415.917337
13.55,10,415.946157
11.2,25,416.017816
12.7,19,416.072475
-2.1,3,416.080545
12.25,28,416.158762
11.8,25,416.228609
10.95,34,439.409039
11.7,7,439.43204
12.1,19,439.493141
-2.95,16,439.544174
-2.5,11,439.580187
12.0,21,439.646501
7.95,2,439.652383
11.35,26,439.731116
9.6,9,439.757722
10.9,31,439.85527
11.9,19,439.915959
11.5,23,439.989521
9.05,36,440.104007
9.85,4,440.116637
12.5,15,440.163756
4.0,1,440.166981
12.9,19,440.227937
6.0,1,440.231001
11.25,28,440.314585
11.15,26,440.392392
12.15,18,440.447262
9.7,7,440.468875
12.2,21,440.531511
9.7,7,440.552439
7.8,5,440.567127
12.6,21,440.629226
8.0,49,440.77462
11.25,24,440.84553
-2.05,2,440.851349
13.65,8,440.874878
13.35,14,440.918843
7.9,3,440.928636
13.75,6,463.781093
13.35,14,463.823483
12.85,8,463.846584
10.25,28,463.928766
11.7,7,463.948939
12.1,23,464.017368
-2.4,9,464.043524
13.2,17,464.094422
13.35,14,464.136042
13.05,12,464.171103
-2.0,1,464.174131
5.95,2,464.180152
-2.1,3,464.189166
-2.0,1,464.192165
13.2,17,464.244315
13.35,10,464.275153
13.4,13,464.315189
12.9,15,464.36156
13.45,8,464.386477
13.45,12,464.423442
12.65,20,464.484977
13.15,18,464.540984
5.95,2,464.54711
13.35,10,464.578152
12.0,13,464.618723
13.8,5,464.634445
-2.0,1,464.637583
12.25,12,464.675096
12.3,19,464.733208
13.1,11,464.767127
12.75,14,464.811584
-2.0,1,464.814664
-2.0,1,464.817533
12.2,21,464.878977
-2.0,1,464.881834
13.4,13,464.919428
13.4,13,464.956377
13.4,13,464.994211
5.95,2,465.000015
13.6,9,465.025737
12.15,18,465.078668
6.8,57,465.252091
-2.0,1,465.25523
11.4,9,465.283356
11.2,29,488.262688
12.35,22,488.329157
13.35,14,488.370973
13.55,10,488.399063
11.05,32,488.490018
10.75,34,488.591647
12.95,10,488.621653
13.6,9,488.64828
9.75,6,488.665497
13.1,15,488.709544
6.2,61,488.889824
13.1,11,488.922983
9.9,3,488.93203
12.65,16,488.980029
12.1,23,489.051322
13.15,14,489.094957
13.15,14,489.137396
12.95,22,489.205292
-2.25,6,489.223805
-2.0,1,489.226919
13.7,7,489.248823
12.6,17,489.300641
13.35,10,489.331297
13.4,13,489.36996
13.7,7,489.391032
13.3,15,489.435647
12.7,19,489.491987
13.25,16,489.542397
13.65,8,489.566318
13.6,9,489.593297
-2.55,12,489.628887
9.65,8,489.652508
13.4,13,489.690988
9.4,41,512.404732
9.75,6,512.422108
13.55,10,512.452085
13.65,8,512.47616
12.85,16,512.525301
13.45,12,512.563685
13.35,10,512.597421
7.9,3,512.606922
13.7,7,512.62974
4.0,1,512.633107
13.65,8,512.658586
13.3,15,512.706607
9.65,8,512.732706
12.4,17,512.786633
13.35,14,512.830823
11.65,8,512.855529
13.55,10,512.886891
7.85,4,512.899444
13.25,12,512.937393
13.65,8,512.962675
11.3,31,513.061423
11.6,9,513.089763
-2.0,1,513.092867
12.85,20,513.156687
11.05,32,513.260468
-2.3,7,513.282679
12.5,19,513.339519
13.6,9,513.36596
9.9,3,513.374759
13.05,16,513.424262
13.6,9,513.453752
-2.1,3,513.463338
13.6,9,513.491304
-2.0,1,513.494346
13.45,12,513.532726
-15.475,128,537.536982
11.45,40,537.657642
-3.1,15,537.702466
-3.6,25,537.78519
11.65,8,537.812215
-2.2,5,537.83004
-9.2,69,538.05503
14.1,19,538.116983
8.55,62,538.317661
13.8,25,538.401038
13.8,25,538.484196
13.5,27,538.570724
-2.15,4,538.583325
14.45,20,538.647834
14.55,22,538.718554
9.8,5,538.734683
13.0,29,538.827739
11.75,6,538.84709
-2.75,16,538.897987
12.1,39,539.024168
7.95,2,539.030454
15.25,16,539.081259
14.8,13,561.807998
10.3,51,561.949467
13.4,37,562.058284
15.5,11,562.090467
15.35,14,562.130703
14.8,17,562.178921
7.9,3,562.18723
14.85,16,562.232908
13.4,33,562.326348
14.65,20,562.383371
11.8,45,562.511702
-2.0,1,562.514461
10.25,52,562.667904
7.9,3,562.677601
11.4,37,562.791108
7.85,4,562.803447
14.6,17,562.855716
12.0,37,562.974012
15.5,11,563.009875
14.2,21,563.077036
11.45,12,563.11446
-2.2,5,563.13003
10.6,45,563.262814
-2.65,14,563.303489
-7.05,54,586.486604
14.9,19,586.540326
13.85,28,586.618013
12.25,32,586.70846
15.7,7,586.728641
-2.0,1,586.731473
-3.2,17,586.785241
14.3,27,586.86531
13.2,29,586.952878
13.9,27,587.035578
4.9,91,587.313969
-2.0,1,587.316973
7.85,4,587.329467
8.7,67,587.534165
-2.15,4,587.546188
15.0,21,587.610079
13.45,12,587.646446
15.15,18,587.701319
14.75,22,587.768121
15.1,15,587.811338
13.8,25,610.927633
15.4,9,610.954972
13.4,29,611.042094
-2.0,1,611.04507
15.1,11,611.076668
15.55,10,611.104906
15.3,15,611.146555
13.8,25,611.217423
15.4,13,611.253639
9.85,64,611.43318
13.35,34,611.527517
14.6,21,611.588135
-2.6,13,611.626176
12.75,38,611.737127
5.95,2,611.742877
5.95,2,611.748618
5.9,3,611.757277
15.3,15,611.800503
9.9,3,611.809217
9.9,51,611.959793
5.9,3,611.969126
15.25,16,612.018381
13.65,28,612.105412
-4.6,37,612.215389
9.85,4,612.226953
15.15,18,612.279091
-2.0,1,612.281872
-2.0,1,612.284813
15.15,14,612.325438
14.8,17,612.374172
14.3,23,634.999914
14.6,21,635.063672
15.6,9,635.091082
6.0,1,635.094171
14.75,22,635.161343
15.4,13,635.201133
-2.0,1,635.204105
15.55,10,635.235086
15.7,7,635.256551
15.25,12,635.292947
11.75,6,635.311887
-2.2,5,635.327685
14.05,28,635.411863
-2.3,7,635.433136
14.5,19,635.491343
12.0,1,635.494512
11.65,8,635.519456
13.85,20,635.583143
11.3,35,635.694277
4.0,1,635.697341
-2.0,1,635.700401
13.7,23,635.770651
15.15,18,635.825403
6.0,1,635.828441
-2.5,11,635.8628
15.4,9,635.892252
-2.5,11,635.928003
13.6,29,636.02792
4.0,1,636.031255
15.75,6,636.055885
11.8,5,636.073552
13.55,10,636.106536
15.2,17,636.163939
14.5,23,636.239411
15.15,18,636.297977
15.65,8,636.324292
13.85,28,636.422271
12.9,31,636.523138
14.8,17,636.578189
13.6,33,659.98394
15.05,16,660.033503
5.95,2,660.039768
9.7,7,660.062277
9.85,4,660.074646
12.55,34,660.179715
13.95,18,660.236058
15.5,11,660.271617
15.55,10,660.303005
15.25,12,660.339509
15.35,14,660.383312
15.55,10,660.414576
-2.15,4,660.426768
-2.0,1,660.429819
14.85,16,660.478523
9.7,7,660.500645
13.5,23,660.569079
12.85,40,660.690949
6.0,1,660.694028
11.65,8,660.718314
-2.9,19,660.776103
12.9,27,660.85791
7.85,4,660.870144
14.8,17,660.922671
13.55,26,661.005955
14.85,16,661.057923
14.65,20,661.123233
15.7,7,661.146043
13.85,4,661.159291
15.0,17,661.214268
15.4,13,661.256603
14.6,21,661.326951
6.0,1,661.330255
14.65,24,661.408963
15.3,15,661.459407
6.0,1,661.462821
15.15,18,684.532781
15.3,15,684.576539
14.75,18,684.628926
14.05,28,684.709625
-2.0,1,684.712497
13.4,29,684.798893
15.75,6,684.819658
-2.55,12,684.856286
14.45,24,684.928928
15.35,14,684.973022
14.75,26,685.053882
15.65,8,685.078255
14.3,27,685.162449
8.0,1,685.165544
4.0,1,685.168757
13.7,23,685.241924
15.45,12,685.279945
14.25,20,685.341934
-2.2,5,685.35774
14.1,23,685.429317
-2.45,10,685.459898
15.15,18,685.515648
-3.45,22,685.582977
14.5,19,685.641484
14.5,27,685.723736
5.95,2,685.72999
12.6,33,685.832957
-2.1,3,685.84251
13.45,32,685.944268
15.4,13,685.985315
15.35,14,686.029913
15.1,11,686.063399
13.15,14,709.206266
15.8,5,709.221606
9.9,3,709.230497
12.15,26,709.307787
14.85,16,709.355592
15.25,16,709.403877
14.7,19,709.462951
14.05,28,709.547646
11.8,5,709.562758
17.65,8,709.593634
-23.361111,162,710.059108
-16.8,105,710.357446
0.05,140,733.326174
9.9,3,733.334535
15.3,35,733.443913
16.75,26,733.526879
13.55,54,733.69959
12.5,47,733.852124
-3.35,20,733.915269
-2.0,1,733.91841
15.5,31,734.014662
-10.5,87,734.274386
-15.961111,162,734.770969
-4.1,35,757.990203
16.6,25,758.054259
11.35,74,758.244569
11.55,74,758.435231
16.45,24,758.497245
-2.45,10,758.522786
16.7,15,758.561646
-2.35,8,758.583078
17.4,13,758.619107
15.45,36,758.718131
17.05,20,758.773447
14.5,39,758.879669
16.35,22,758.939392
14.8,41,759.052565
-3.75,20,759.107591
14.9,35,759.204876
9.75,6,759.221201
9.7,7,759.240467
7.85,4,759.251767
-3.1,19,759.304124
17.2,17,782.120472
15.6,33,782.219127
15.35,30,782.306865
12.25,56,782.466168
17.15,14,782.506202
16.75,22,782.569208
13.7,7,782.589273
14.45,44,782.713625
17.1,15,782.756397
14.45,40,782.877834
16.9,19,782.950827
15.2,17,783.017211
16.35,22,783.096775
16.55,26,783.187163
15.75,30,783.284812
14.9,31,783.383333
11.5,11,783.417112
9.85,4,783.429195
16.95,18,783.481562
15.95,34,783.578399
15.4,33,806.269759
-2.0,1,806.273841
14.95,38,806.429152
16.95,14,806.485627
15.7,35,806.62991
15.9,31,806.7518
11.7,7,806.777422
-2.0,1,806.781035
14.45,40,806.930754
15.2,17,806.993738
14.65,32,807.110769
14.9,35,807.240252
17.5,11,807.280768
16.0,21,807.357592
17.35,14,807.409064
9.75,6,807.431025
13.7,39,807.574668
11.8,5,807.59357
14.0,37,807.733419
11.5,11,807.773604
16.65,24,807.864499
17.4,13,807.912906
7.85,4,807.928441
13.45,12,807.973039
16.65,28,808.078749
17.2,17,808.1428
4.0,1,808.146488
15.35,34,831.112968
16.65,24,831.17953
11.8,5,831.193081
7.9,3,831.201027
-10.05,74,831.396759
5.95,86,831.629805
14.9,35,831.729716
10.75,62,831.907279
16.8,17,831.957585
14.5,43,832.081045
16.7,19,832.137439
7.9,3,832.146467
17.0,21,832.210239
15.25,16,832.258481
11.85,4,832.270585
16.95,22,832.337382
4.45,108,855.447572
17.35,14,855.486917
16.7,27,855.566914
7.85,4,855.579217
9.6,9,855.606848
15.4,13,855.646523
6.0,1,855.649564
6.0,1,855.652606
5.9,3,855.661695
16.3,23,855.730972
7.9,3,855.740123
17.3,15,855.786752
17.65,8,855.812957
16.8,25,855.894455
16.8,25,855.975757
16.35,22,856.047232
16.85,20,856.112886
15.05,44,856.256127
13.9,39,856.382374
17.25,16,856.431167
17.05,20,856.492336
15.35,26,856.570524
17.1,19,856.632797
15.05,40,856.764006
13.4,13,856.807022
9.9,3,856.816772
-2.55,12,856.855741
4.0,1,856.859059
17.4,13,856.899201
14.9,39,880.434053
16.7,23,880.505725
-2.0,1,880.508942
16.65,24,880.584167
17.3,15,880.63121
16.25,28,880.72253
16.25,28,880.816959
16.55,26,880.899126
15.95,30,880.992837
16.1,27,881.084199
6.0,1,881.087667
17.5,11,881.125131
16.9,23,881.196686
9.9,3,881.206057
17.3,15,881.25283
17.05,16,881.302527
17.4,13,881.343785
-2.45,10,881.377652
-2.1,3,881.387617
15.65,28,881.48308
17.15,18,881.544945
13.75,6,881.56469
13.2,65,881.781511
4.0,1,881.785067
16.85,24,881.863268
16.0,33,881.972885
16.55,26,904.963977
15.05,36,905.066648
17.2,17,905.114468
16.1,23,905.186437
11.55,10,905.220673
16.45,28,905.304912
13.7,47,905.446861
-2.3,7,905.467957
15.75,6,905.485817
15.3,39,905.602174
-2.0,1,905.605153
9.8,5,905.619951
15.0,33,905.718623
9.85,4,905.730676
11.5,11,905.763569
5.9,3,905.772849
16.65,16,905.820835
16.7,15,905.865774
16.3,23,905.934481
6.0,1,905.937581
15.8,29,906.025082
16.55,22,906.091097
15.85,32,906.188196
17.35,14,906.23103
14.7,39,906.351905
-2.35,8,906.376749
16.65,24,930.163554
4.0,1,930.166503
16.4,25,930.24078
17.4,13,930.279599
16.95,22,930.34473
16.65,24,930.414497
14.6,29,930.501329
14.65,40,930.621999
16.3,27,930.702524
16.45,32,930.798222
17.1,19,930.856775
7.9,3,930.86599
6.0,1,930.868997
15.25,32,930.964786
16.35,26,931.043078
16.35,22,931.109184
16.85,16,931.15607
9.85,4,931.167657
15.8,37,931.276291
14.9,35,931.379191
-2.45,10,931.408198
16.9,19,931.463362
17.25,16,931.509955
-2.25,6,931.527273
-2.7,15,931.571475
-3.85,18,931.626052
15.4,33,954.885981
7.95,2,954.893229
4.0,1,954.896653
-2.0,1,954.899991
15.2,29,954.997785
14.2,41,955.146664
16.4,25,955.227323
13.45,12,955.265867
16.1,27,955.353071
17.3,15,955.402165
15.8,25,955.482977
13.5,11,955.518396
15.5,31,955.617941
16.85,20,955.681996
16.45,24,955.758773
15.85,24,955.836866
8.15,66,956.050073
15.5,31,956.150697
5.95,2,956.157224
17.05,20,956.221862
-2.85,10,956.253938
16.5,27,956.340548
17.05,16,956.391739
15.75,26,956.469281
7.9,3,956.478315
13.4,37,980.490329
14.95,38,980.612611
16.7,23,980.684961
14.1,27,980.76834
17.15,18,980.822236
-2.45,10,980.851527
16.9,15,980.897785
9.95,2,980.904216
9.8,5,980.919527
15.3,39,981.042945
-2.85,18,981.099038
9.75,6,981.117959
13.35,14,981.161741
9.65,8,981.18639
16.95,22,981.256073
9.6,9,981.284003
16.9,19,981.343837
16.55,22,981.414626
17.2,17,981.467366
16.6,25,981.545486
11.7,51,981.70341
7.9,3,981.712995
16.55,26,981.7918
16.25,24,981.865495
15.25,16,981.914653
17.1,15,981.960763
-2.4,9,1004.563247
16.7,27,1004.650846
9.6,9,1004.677914
16.85,24,1004.747248
13.0,49,1004.902096
4.0,1,1004.905405
16.3,23,1004.982191
8.0,1,1004.985492
17.05,12,1005.025524
14.7,39,1005.158156
16.6,29,1005.256357
5.95,2,1005.262977
11.8,5,1005.27899
14.4,33,1005.388445
17.65,8,1005.416116
16.25,24,1005.494213
17.3,15,1005.544253
17.0,17,1005.602313
6.0,1,1005.605915
16.05,28,1005.696187
16.05,28,1005.782876
17.25,12,1005.821483
15.95,22,1005.894645
5.9,3,1005.904577
11.5,11,1005.941239
9.75,6,1005.961172
15.85,24,1006.040155
16.25,32,1006.145638
17.2,17,1006.201738
11.55,10,1029.063578
17.05,20,1029.126453
16.95,18,1029.182787
16.6,21,1029.248416
13.35,14,1029.292532
15.9,27,1029.377037
16.75,18,1029.43393
16.1,27,1029.519029
13.05,48,1029.670701
17.4,13,1029.711726
16.7,27,1029.798304
13.35,58,1029.988809
16.95,22,1030.058869
16.75,18,1030.11567
13.2,17,1030.169273
17.35,14,1030.213672
6.0,1,1030.216954
11.55,66,1030.419584
16.8,17,1030.472446
-2.0,1,1030.475526
-3.0,17,1030.528584
17.35,14,1030.572533
17.05,16,1030.624461
-22.45,200,1054.147802
-29.45,200,1054.738732
0.15,162,1077.819316
11.75,6,1077.835137
-3.2,17,1077.880425
18.15,26,1077.949848
19.0,21,1078.005414
17.9,39,1078.108294
17.55,30,1078.192116
17.85,32,1078.282312
17.7,35,1078.379655
18.25,28,1078.458582
15.6,37,1078.559879
4.0,1,1078.56256
7.75,6,1078.579127
11.65,8,1078.601554
18.5,27,1078.676121
15.75,54,1078.826523
4.75,130,1101.938374
18.9,23,1102.00373
17.95,26,1102.078981
4.9,143,1102.492329
15.2,57,1102.657195
17.9,31,1102.746809
18.45,24,1102.817736
17.6,33,1102.91088
18.05,28,1102.992079
-2.0,1,1102.994848
-2.25,6,1103.011852
5.9,111,1103.332549
18.25,32,1127.087518
-6.0,49,1127.208523
14.55,62,1127.364397
17.55,34,1127.451702
16.95,42,1127.561575
11.8,5,1127.574359
17.45,32,1127.655793
9.9,3,1127.663357
18.35,26,1127.729789
12.6,81,1127.9356
11.95,90,1128.163536
-2.8,17,1128.20666
-2.5,11,1128.234499
18.3,31,1128.312656
19.1,19,1151.321888
-2.0,1,1151.325342
18.75,26,1151.416082
13.4,13,1151.460791
18.85,24,1151.537497
17.45,40,1151.661893
11.7,87,1151.931274
4.0,1,1151.934373
-2.0,1,1151.937452
16.3,43,1152.071285
17.6,33,1152.176103
18.05,32,1152.27961
-3.35,20,1152.337588
-4.75,36,1152.442794
4.0,1,1152.445739
-3.3,19,1152.500706
9.0,93,1152.783713
-5.75,36,1175.10143
18.1,31,1175.183994
14.7,43,1175.301757
19.05,20,1175.359421
19.15,18,1175.412155
15.05,52,1175.558116
13.3,15,1175.599613
17.25,40,1175.71117
17.0,33,1175.80658
17.95,34,1175.901503
12.3,75,1176.12225
17.35,38,1176.236336
17.15,38,1176.350693
-2.9,19,1176.407287
9.9,3,1176.418784
14.4,61,1198.833266
12.8,97,1199.103715
17.95,30,1199.186172
16.7,43,1199.306222
19.1,15,1199.347882
18.25,28,1199.42598
5.9,3,1199.434391
17.3,35,1199.532122
6.0,1,1199.534928
15.45,40,1199.64684
15.35,50,1199.787139
18.35,34,1199.882943
15.8,53,1200.031919
18.75,22,1200.094269
18.9,23,1200.159468
9.7,7,1200.179038
17.55,26,1222.74761
19.5,11,1222.776923
-2.0,1,1222.779617
9.65,8,1222.800915
-2.0,1,1222.803524
17.65,36,1222.899138
5.95,2,1222.904453
18.55,18,1222.952672
17.9,19,1223.003228
11.5,11,1223.033524
11.75,6,1223.049824
17.4,45,1223.170565
-3.15,20,1223.22419
17.65,28,1223.298702
14.95,50,1223.432342
17.35,34,1223.527494
17.55,38,1223.635026
-3.3,23,1223.698932
16.35,42,1223.817854
9.75,6,1223.83482
17.9,31,1223.922714
18.55,26,1223.998604
17.7,31,1224.086437
-2.25,6,1224.103334
17.05,32,1246.797147
17.75,38,1246.897709
18.1,27,1246.97282
16.5,23,1247.036409
18.35,26,1247.10885
-2.45,10,1247.136671
19.2,17,1247.186638
19.3,15,1247.230568
18.7,23,1247.298494
18.6,29,1247.38453
17.3,15,1247.428728
18.4,25,1247.502172
18.1,27,1247.582085
17.75,34,1247.682765
18.2,29,1247.768323
17.0,45,1247.900338
18.65,24,1247.971674
18.4,33,1248.069388
18.5,31,1248.161245
17.35,42,1269.886126
11.45,12,1269.923136
-2.75,16,1269.973763
18.55,30,1270.068363
16.8,41,1270.20051
17.45,40,1270.332049
16.75,22,1270.402035
18.55,30,1270.497328
18.45,28,1270.586741
18.7,23,1270.660591
-3.2,17,1270.71559
7.95,2,1270.722059
12.95,62,1270.917999
18.1,27,1271.003151
16.15,42,1271.13567
-2.5,11,1271.170413
15.2,17,1271.224398
15.55,42,1271.356324
15.1,19,1271.416011
19.2,17,1293.365687
9.95,2,1293.371683
18.15,26,1293.449637
17.65,32,1293.547222
15.5,43,1293.68295
9.9,3,1293.692403
18.8,17,1293.746827
17.9,35,1293.858918
16.05,48,1294.015954
19.0,17,1294.072104
19.0,21,1294.14213
18.4,25,1294.226886
-2.35,8,1294.252707
4.0,1,1294.256061
18.9,23,1294.329931
18.8,25,1294.410648
11.15,58,1294.612918
19.4,13,1294.661331
15.75,38,1294.794951
17.6,29,1294.88926
18.15,22,1294.961641
18.2,29,1316.755293
-3.85,18,1316.805583
18.25,32,1316.895005
-2.15,4,1316.90603
18.35,34,1317.002537
18.0,33,1317.101211
-2.25,6,1317.118944
9.65,8,1317.143065
18.7,27,1317.2238
18.6,25,1317.297636
17.2,37,1317.406801
18.2,25,1317.48116
17.9,23,1317.548936
18.45,24,1317.620627
18.75,26,1317.698544
13.4,13,1317.737071
7.8,5,1317.751934
18.6,25,1317.825983
19.2,17,1317.876367
17.9,39,1317.991747
18.55,30,1318.080329
18.2,29,1318.166417
-2.05,2,1318.172323
18.3,31,1340.263583
17.65,36,1340.369174
17.05,36,1340.475374
17.4,33,1340.575618
15.45,12,1340.611577
19.0,21,1340.674342
19.0,21,1340.736086
-2.0,1,1340.738994
-2.0,1,1340.74194
4.0,1,1340.744921
15.35,14,1340.786224
9.9,3,1340.795068
19.75,6,1340.812818
18.35,22,1340.877011
18.55,30,1340.970614
17.15,30,1341.064756
17.45,40,1341.190529
-3.2,17,1341.244039
17.15,46,1341.389103
18.5,27,1341.471176
18.6,25,1341.547884
18.1,27,1341.625887
18.4,21,1341.687181
4.0,1,1341.690143
18.25,28,1364.240068
11.7,7,1364.263409
18.1,35,1364.378043
-2.55,12,1364.416383
15.1,15,1364.464368
4.0,1,1364.467596
15.9,39,1364.592476
14.65,56,1364.771789
17.65,32,1364.87429
18.35,30,1364.966333
16.7,31,1365.058439
17.85,36,1365.166386
18.35,30,1365.25622
-3.6,21,1365.319399
18.85,24,1365.391775
14.8,21,1365.45402
16.95,34,1365.556909
18.75,26,1365.635286
18.9,23,1365.70449
18.0,25,1365.77944
5.9,3,1365.788406
11.65,8,1365.812285
4.0,1,1365.815368
16.8,33,1388.502238
17.85,40,1388.620027
19.25,16,1388.664899
18.25,24,1388.735117
18.15,30,1388.823246
-2.95,16,1388.870526
18.0,33,1388.967151
18.35,30,1389.054988
19.3,15,1389.099036
19.05,20,1389.157648
7.95,2,1389.163451
15.55,10,1389.192806
18.1,27,1389.271656
7.95,2,1389.2775
-2.4,9,1389.303797
18.2,37,1389.412336
18.3,31,1389.503568
5.95,2,1389.509724
14.8,61,1389.687829
17.95,38,1389.799016
16.75,46,1412.07519
18.8,25,1412.151667
9.9,3,1412.161007
19.05,20,1412.22021
7.9,3,1412.229023
18.0,37,1412.339853
5.9,3,1412.348787
8.0,1,1412.35172
18.75,18,1412.405918
18.3,35,1412.50955
18.55,26,1412.582258
7.95,2,1412.587954
18.95,22,1412.648893
17.8,33,1412.739932
18.85,24,1412.806477
18.15,30,1412.893383
18.85,24,1412.963533
18.6,29,1413.04906
11.7,7,1413.069979
18.0,29,1413.156032
18.95,22,1413.221398
18.85,24,1413.292266
18.1,35,1413.396396
-2.3,7,1413.417005
17.15,18,1413.469823
19.2,17,1413.517411
18.4,33,1435.789993
13.65,64,1435.968019
-2.0,1,1435.970952
17.4,33,1436.068448
17.5,39,1436.183404
18.85,24,1436.254288
18.15,34,1436.354489
18.6,25,1436.427671
18.6,25,1436.501001
11.95,2,1436.506826
14.9,59,1436.692373
11.7,7,1436.715943
18.05,28,1436.810581
19.3,15,1436.861305
17.1,39,1436.990803
18.25,32,1437.091043
16.2,41,1437.219631
-4.45,22,1459.514968
18.7,27,1459.586732
18.8,21,1459.64015
19.45,8,1459.661194
18.75,22,1459.719045
-2.25,6,1459.736087
-2.1,3,1459.744396
15.45,68,1459.965093
13.9,55,1460.143781
17.55,22,1460.215921
17.65,36,1460.335812
16.6,37,1460.45559
11.5,11,1460.491344
18.9,23,1460.565813
16.9,35,1460.683694
18.45,24,1460.767429
-2.45,10,1460.801975
18.65,20,1460.871732
19.45,12,1460.913583
18.95,18,1460.976223
5.95,2,1460.983197
19.3,15,1461.035657
-2.0,1,1461.039088
18.4,29,1461.140224
9.65,8,1483.143406
18.1,31,1483.238373
19.0,21,1483.302939
18.55,22,1483.370072
15.05,16,1483.418955
17.5,39,1483.539493
17.35,34,1483.647706
19.1,19,1483.706276
19.1,19,1483.766463
-2.6,13,1483.8064
11.6,9,1483.834049
18.1,35,1483.941314
18.45,32,1484.042228
17.15,34,1484.153215
7.8,5,1484.16888
18.7,23,1484.244115
16.1,47,1484.398285
17.95,30,1484.496604
9.8,5,1484.513074
18.25,36,1484.63137
-3.1,15,1484.679993
18.3,31,1507.076408
18.9,19,1507.128634
17.9,31,1507.213449
18.85,24,1507.279685
4.0,1,1507.282465
12.75,70,1507.475442
17.1,43,1507.601628
18.9,23,1507.66889
16.9,39,1507.785516
17.95,26,1507.861836
18.95,22,1507.927221
17.05,44,1508.057457
17.6,29,1508.142204
4.0,1,1508.145139
18.45,28,1508.227488
7.05,124,1530.995635
21.05,20,1531.052314
7.1,139,1531.443476
5.0,137,1531.830822
-2.7,15,1531.873268
11.35,94,1532.1372
16.05,68,1532.327295
13.45,92,1554.929521
4.0,1,1554.932111
11.5,11,1554.960579
19.85,40,1555.068027
-2.5,11,1555.098382
7.95,2,1555.104155
16.55,62,1555.274691
-2.6,13,1555.310224
15.8,57,1555.46515
19.7,31,1555.547229
18.85,52,1555.691464
15.75,62,1555.859826
14.85,80,1556.067689
16.3,71,1578.559307
20.8,21,1578.617622
11.9,3,1578.62596
19.45,36,1578.725976
-2.35,8,1578.747942
-36.740909,242,1579.409227
19.9,39,1579.518071
13.65,84,1579.766065
-2.0,1,1579.768996
19.75,42,1602.452694
19.25,44,1602.610272
4.0,1,1602.613645
13.0,89,1602.901957
18.6,37,1603.022844
15.8,53,1603.196052
-2.0,1,1603.199265
20.25,36,1603.317073
20.85,24,1603.395362
19.85,40,1603.52622
-3.65,18,1603.585354
9.85,4,1603.598414
20.55,30,1603.699265
20.1,31,1603.800728
17.2,17,1603.856436
19.6,37,1603.977219
20.85,24,1604.055696
17.6,9,1626.354637
-3.65,30,1626.440838
16.5,59,1626.600489
11.8,5,1626.614325
20.25,32,1626.701905
17.15,18,1626.751312
18.45,40,1626.862133
21.05,20,1626.919967
-2.7,15,1626.963578
19.35,38,1627.064827
8.85,104,1627.352401
18.5,47,1627.493834
18.45,44,1627.624896
16.1,55,1627.778053
20.15,34,1650.473261
5.9,3,1650.481294
20.75,22,1650.540623
20.6,29,1650.619478
9.8,5,1650.632971
18.3,43,1650.749052
20.85,24,1650.813916
18.75,30,1650.892686
15.25,68,1651.077441
16.35,66,1651.260816
18.55,34,1651.362471
19.85,28,1651.443839
-2.0,1,1651.446715
20.5,27,1651.527439
21.2,17,1651.577022
19.85,36,1651.681069
11.75,6,1651.698415
20.2,33,1651.793312
-2.65,14,1673.973749
14.8,77,1674.185563
18.6,29,1674.263205
15.15,14,1674.300839
13.6,97,1674.577563
20.3,35,1674.677421
20.5,31,1674.767175
19.8,41,1674.88504
17.4,57,1675.04296
-4.35,16,1675.085688
20.4,33,1675.17314
18.8,45,1675.294142
7.95,2,1675.299591
18.65,40,1697.539649
17.3,15,1697.57969
17.45,56,1697.724825
6.0,1,1697.72751
11.65,8,1697.749232
19.15,18,1697.798355
21.05,20,1697.854102
15.85,68,1698.045089
15.9,79,1698.264677
13.9,3,1698.272912
4.0,1,1698.27569
19.35,30,1698.358731
20.35,30,1698.441082
5.95,2,1698.446706
11.45,12,1698.479933
20.2,33,1698.571783
-2.4,9,1698.596433
15.85,68,1698.784663
20.45,28,1698.863852
20.05,36,1721.14378
-2.0,1,1721.146402
11.55,62,1721.308984
19.9,39,1721.411606
12.85,80,1721.633561
17.45,48,1721.765924
20.85,24,1721.832564
5.9,3,1721.840967
20.65,28,1721.920295
19.3,35,1722.016934
20.05,32,1722.105009
20.05,36,1722.204625
20.9,23,1722.268209
21.1,15,1722.311892
20.7,27,1722.386545
20.1,31,1722.472018
20.25,24,1744.92898
18.45,60,1745.114369
19.4,37,1745.226547
18.45,44,1745.35961
18.9,47,1745.502835
19.9,23,1745.57286
19.95,30,1745.664346
20.4,33,1745.75875
20.6,29,1745.84136
20.45,32,1745.932359
19.5,39,1746.043208
18.75,50,1746.186554
11.65,8,1746.210972
8.0,1,1746.214072
11.7,107,1767.976551
20.55,26,1768.061609
20.0,29,1768.157543
20.05,32,1768.259189
7.95,2,1768.265592
19.6,41,1768.391963
20.4,21,1768.45845
20.65,28,1768.544001
18.3,47,1768.687332
19.05,32,1768.789807
19.65,40,1768.919154
20.7,27,1769.006317
20.6,29,1769.100268
19.95,42,1769.235939
11.7,7,1769.258576
20.55,30,1769.355901
20.35,30,1769.453084
-2.8,17,1791.188576
7.75,6,1791.206339
21.2,17,1791.257333
-2.85,18,1791.311255
20.2,25,1791.385919
20.25,28,1791.470485
20.5,27,1791.552361
20.7,23,1791.622812
5.95,2,1791.629017
16.95,62,1791.812559
20.6,29,1791.898113
13.85,88,1792.173972
20.65,28,1792.262711
-2.55,12,1792.300738
11.75,6,1792.319944
20.55,30,1792.41526
13.4,9,1792.442928
20.85,24,1792.514266
11.45,12,1792.550056
18.6,37,1792.66095
19.6,33,1815.042785
21.05,20,1815.10357
19.65,40,1815.227443
13.6,9,1815.256684
19.85,32,1815.360774
17.45,60,1815.555356
20.4,33,1815.661663
8.0,1,1815.664867
20.45,32,1815.770752
13.65,8,1815.796662
-2.0,1,1815.799898
19.45,36,1815.916817
21.0,21,1815.984996
7.95,2,1815.991441
19.5,35,1816.104795
9.9,3,1816.114574
21.45,40,1816.31202
8.5,147,1839.097998
16.85,72,1839.319508
20.85,52,1839.487437
6.0,1,1839.490748
19.2,41,1839.625818
20.45,44,1839.773206
18.05,60,1839.970775
11.0,109,1840.329113
-8.9,87,1863.216548
19.1,67,1863.370088
15.8,65,1863.518218
21.75,38,1863.604315
19.45,56,1863.74332
-2.55,12,1863.773311
-3.1,23,1863.832022
-2.0,1,1863.834558
-4.25,30,1863.910062
17.2,17,1863.952878
-11.15,76,1864.149559
22.0,29,1864.226868
19.55,50,1864.368356
21.55,38,1864.474005
18.95,54,1886.571313
21.65,44,1886.686652
19.6,37,1886.783735
11.6,9,1886.808069
-3.0,21,1886.863812
-2.0,1,1886.866433
-48.033333,288,1887.641254
19.8,61,1887.815404
19.1,19,1910.07092
16.35,78,1910.312622
9.65,152,1910.768506
-3.4,21,1910.828809
17.95,70,1911.033916
-2.2,5,1911.048997
6.0,1,1911.052033
21.1,43,1911.181457
21.75,42,1911.299565
-2.55,12,1911.333025
-2.0,1,1911.33569
21.1,47,1911.46634
15.45,88,1933.666614
4.0,1,1933.669299
15.8,97,1933.925726
17.75,82,1934.136139
18.2,65,1934.312398
21.75,38,1934.417537
22.8,25,1934.486514
20.85,52,1934.629669
20.35,58,1934.789356
22.55,22,1934.849974
21.2,49,1956.91981
20.85,56,1957.08502
21.85,44,1957.214029
9.85,4,1957.225726
10.0,133,1957.616215
-2.0,1,1957.619106
13.15,70,1957.82533
-2.9,19,1957.881419
22.75,26,1957.959019
-2.0,1,1957.961955
21.05,44,1958.090197
17.15,82,1980.80173
22.3,35,1980.878216
20.65,52,1980.992416
22.1,31,1981.062451
-2.0,1,1981.064747
17.8,65,1981.217912
22.0,33,1981.303612
19.95,50,1981.436909
11.7,7,1981.455394
-3.55,24,1981.518131
-2.0,1,1981.520754
15.65,88,1981.756943
22.25,32,1981.850661
20.55,50,1982.012587
9.95,2,1982.018904
22.7,27,1982.104304
20.6,49,2004.667492
20.75,38,2004.789753
20.75,38,2004.913587
15.95,70,2005.14192
19.45,64,2005.356251
19.2,53,2005.532649
20.55,54,2005.680446
7.8,5,2005.691355
21.25,44,2005.795248
16.1,79,2006.029387
20.85,56,2028.299196
-2.0,1,2028.301818
21.8,45,2028.416867
20.25,56,2028.556241
17.25,16,2028.596201
22.55,26,2028.660979
21.2,49,2028.787633
17.25,80,2028.997134
20.45,52,2029.135866
22.7,27,2029.207809
23.0,21,2029.26365
19.85,52,2029.408242
15.2,17,2029.455588
5.95,2,2029.461082
21.65,40,2051.434437
21.85,36,2051.525078
19.85,56,2051.665009
19.25,72,2051.848143
-5.5,47,2051.972296
21.5,47,2052.096339
15.55,10,2052.122878
11.1,127,2052.461596
22.35,30,2052.541801
13.55,10,2052.568347
21.35,38,2052.669283
21.35,46,2075.50887
19.3,67,2075.66301
4.0,1,2075.665405
22.3,35,2075.74927
20.75,54,2075.883751
19.8,49,2076.006078
21.85,32,2076.083935
16.7,87,2076.295661
21.95,34,2076.375143
9.8,5,2076.387339
-4.05,30,2076.460762
22.4,29,2076.531924
11.6,9,2076.553841
20.2,57,2076.692422
-3.1,23,2098.751469
-2.0,1,2098.754515
22.4,29,2098.839927
20.3,43,2098.960104
21.4,37,2099.062973
5.95,2,2099.068448
21.85,40,2099.178111
-3.65,30,2099.259616
-2.2,5,2099.27357
21.3,39,2099.379761
21.3,43,2099.497254
22.85,24,2099.562783
19.65,56,2099.715983
21.95,38,2099.820484
20.15,54,2099.970531
21.35,42,2100.085522
19.75,62,2121.839502
20.75,54,2121.983
17.85,60,2122.142357
20.25,64,2122.311855
19.65,52,2122.449831
4.0,1,2122.452508
-3.0,21,2122.50812
20.6,45,2122.627597
21.2,45,2122.747763
13.55,10,2122.776076
22.35,26,2122.849671
19.2,49,2122.988033
20.8,45,2145.445086
17.55,34,2145.533641
22.75,22,2145.591006
21.95,38,2145.689659
21.25,36,2145.780605
20.25,40,2145.884435
15.15,18,2145.933303
22.25,36,2146.032413
22.3,31,2146.117821
21.75,38,2146.222482
9.8,5,2146.236904
20.75,46,2146.374185
22.6,29,2146.461128
21.75,46,2146.600569
17.85,68,2146.805394
20.0,49,2170.187549
-2.8,17,2170.2354
20.35,58,2170.400118
18.15,66,2170.586576
9.75,6,2170.603521
9.9,3,2170.611864
5.95,2,2170.617527
19.65,68,2170.809819
21.6,49,2170.949058
21.9,31,2171.036704
-3.05,22,2171.098966
17.45,68,2171.29274
21.25,48,2171.431829
22.1,35,2171.532824
21.05,48,2192.738786
22.5,31,2192.819421
-3.0,21,2192.874184
10.0,1,2192.87682
22.9,19,2192.926082
22.15,30,2193.005925
-3.7,31,2193.093108
22.15,34,2193.189371
22.0,41,2193.304012
20.65,48,2193.438556
13.8,5,2193.4529
-2.6,13,2193.490494
21.1,47,2193.623723
21.75,42,2193.744098
20.6,53,2193.899273
19.7,63,2216.312614
21.1,47,2216.454393
22.35,30,2216.543871
19.35,54,2216.706917
20.95,46,2216.843597
-3.7,31,2216.935888
20.6,49,2217.081268
21.45,40,2217.20502
22.3,31,2217.29995
-3.3,27,2217.385699
14.65,92,2217.674916
-2.35,8,2217.700075
18.55,74,2240.19909
21.05,44,2240.320077
18.8,25,2240.390297
20.7,43,2240.511468
-2.7,15,2240.554469
21.05,44,2240.68117
19.0,69,2240.876534
21.85,44,2240.999721
15.8,81,2241.22718
9.85,4,2241.238514
20.85,48,2241.373581
21.55,42,2241.492372
23.15,18,2241.543948
20.3,51,2264.20389
9.85,4,2264.215093
22.15,38,2264.321042
20.9,43,2264.440823
-3.35,28,2264.519241
21.3,47,2264.6501
4.0,1,2264.652915
7.95,2,2264.6585
22.3,35,2264.759547
20.8,53,2264.915142
18.4,73,2265.130916
8.0,1,2265.133898
13.7,7,2265.154558
21.65,32,2265.249306
21.6,45,2265.382698
22.55,26,2265.459708
-3.15,16,2265.507274
16.85,24,2265.580609
21.1,31,2288.758983
21.8,45,2288.866231
21.05,44,2288.971574
9.3,11,2288.997386
11.65,8,2289.016212
22.35,34,2289.095942
18.6,25,2289.155782
5.95,2,2289.16063
22.7,27,2289.226832
18.1,71,2289.396301
22.4,33,2289.478694
7.9,3,2289.486302
16.0,81,2289.688818
4.0,1,2289.6913
22.85,24,2289.751341
6.0,1,2289.75391
-2.0,1,2289.756367
22.3,31,2289.833786
20.45,32,2289.913273
17.65,64,2312.128984
21.7,43,2312.254868
22.0,41,2312.377273
22.55,26,2312.455648
19.4,61,2312.637548
22.95,22,2312.702894
20.15,58,2312.87153
17.55,10,2312.900822
21.8,37,2313.010326
21.85,36,2313.116381
20.45,44,2313.246561
5.95,2,2313.252489
19.6,57,2313.421283
21.1,39,2335.342535
22.1,31,2335.435257
17.2,61,2335.618429
20.2,53,2335.772971
19.3,63,2335.959373
-2.0,1,2335.962281
17.3,15,2336.006918
22.45,32,2336.108027
5.9,3,2336.11757
18.5,71,2336.342051
21.45,48,2336.489294
15.35,14,2336.529948
20.4,57,2336.70014
16.8,25,2336.774289
21.9,35,2358.271616
22.6,29,2358.352704
20.3,47,2358.48447
21.6,41,2358.606152
16.75,22,2358.672565
22.2,33,2358.771785
-2.5,11,2358.804796
22.15,38,2358.919475
22.3,31,2359.012749
18.55,30,2359.103781
20.25,48,2359.255092
21.3,51,2359.413225
17.2,17,2359.464819
22.5,31,2359.561563
20.5,47,2359.708233
19.45,52,2382.009439
16.7,79,2382.234128
21.5,35,2382.339082
13.65,100,2382.619427
13.7,7,2382.639336
22.0,41,2382.754115
22.15,34,2382.852422
16.85,80,2383.09985
22.0,37,2383.217923
21.55,42,2383.351283
11.7,7,2383.373625
20.75,46,2406.035912
20.5,51,2406.206448
-2.2,5,2406.22286
21.85,40,2406.354262
16.55,78,2406.609719
22.35,34,2406.721655
21.25,44,2406.866434
21.1,47,2407.020739
-3.7,31,2407.122791
22.15,34,2407.235291
23.0,21,2407.304468
19.35,42,2407.442044
21.15,46,2407.589717
22.5,31,2429.447002
16.95,86,2429.703586
20.55,30,2429.792833
6.0,1,2429.795829
18.55,50,2429.945014
20.3,43,2430.075464
21.85,36,2430.179698
22.1,35,2430.286988
20.95,50,2430.445812
21.2,49,2430.601708
5.95,2,2430.608044
19.8,53,2430.776999
7.95,2,2430.783393
13.65,8,2430.808136
21.7,43,2430.93662
17.35,66,2453.073656
14.95,90,2453.352382
7.9,3,2453.361999
22.3,31,2453.455089
22.7,27,2453.535218
-5.9,35,2453.639544
21.6,37,2453.753234
22.2,37,2453.871097
18.85,64,2454.061189
20.5,55,2454.225743
-2.0,1,2454.228734
22.4,29,2454.315315
15.5,95,2476.713542
11.7,7,2476.735221
21.4,41,2476.860436
11.75,6,2476.878558
22.45,32,2476.976568
7.75,6,2476.994702
21.95,42,2477.121849
20.0,57,2477.293928
20.1,47,2477.44958
22.2,37,2477.569746
21.15,42,2477.704075
21.95,30,2477.799822
21.85,32,2477.902807
20.25,44,2478.035384
21.85,32,2478.1321
17.6,9,2499.837643
-2.85,18,2499.888405
22.95,22,2499.949706
22.55,30,2500.033769
22.65,28,2500.111727
-2.15,4,2500.122895
13.45,12,2500.156359
21.25,48,2500.290809
20.35,58,2500.453984
5.95,2,2500.460064
11.45,124,2500.826838
21.85,44,2500.956781
21.25,52,2501.110775
6.0,1,2501.113749
13.8,5,2501.128465
13.8,5,2501.143232
13.7,7,2501.163877
20.8,53,2523.463297
21.2,57,2523.636264
21.55,42,2523.767194
11.25,112,2524.105471
22.05,40,2524.223963
20.6,45,2524.360213
22.65,28,2524.444976
22.1,39,2524.564316
22.4,33,2524.666149
16.9,19,2524.723888
21.8,33,2524.826228
22.6,25,2524.902267
-2.0,1,2524.939646
-40.926923,338,2547.970928
-3.5,23,2548.044653
24.1,31,2548.142643
-18.65,134,2548.553339
21.45,64,2571.013839
-3.0,17,2571.127465
20.65,64,2571.340464
20.7,59,2571.523167
18.7,27,2571.599194
20.6,61,2571.773717
16.85,24,2571.844497
20.85,64,2572.024318
15.65,8,2572.046772
23.05,44,2572.169662
22.4,53,2572.315055
16.7,27,2572.387261
16.6,101,2594.688043
19.95,38,2594.780845
21.95,50,2594.902714
-50.926923,338,2617.732468
-2.0,1,2617.735205
21.3,63,2617.90857
21.5,63,2618.082525
20.55,78,2618.295666
23.45,48,2618.428091
22.7,47,2618.583057
7.05,188,2619.138151
23.75,30,2641.559447
23.4,45,2641.6829
-3.15,24,2641.752049
7.95,2,2641.75798
24.35,26,2641.834131
21.1,67,2642.030462
22.5,51,2642.180009
15.25,96,2642.461415
8.0,1,2642.464337
23.75,38,2642.575757
22.3,55,2642.729204
23.0,45,2642.852713
23.8,37,2642.954517
22.55,54,2665.339924
23.45,44,2665.455958
22.15,58,2665.615369
21.15,66,2665.799156
23.75,42,2665.910332
22.15,46,2666.030093
9.8,5,2666.042869
19.3,87,2666.264969
22.5,55,2666.411503
14.9,23,2666.47286
17.05,96,2688.891746
18.95,90,2689.172121
19.0,73,2689.396695
24.65,24,2689.470671
-2.75,16,2689.518952
22.95,46,2689.65878
7.85,4,2689.67086
-3.65,34,2689.773849
13.5,11,2689.8072
17.0,93,2690.088724
22.3,51,2690.248364
-4.2,37,2712.397974
22.55,50,2712.529196
18.95,22,2712.586137
21.65,40,2712.689447
24.45,28,2712.761836
20.05,80,2712.977995
19.8,85,2713.210229
20.9,63,2713.38243
24.65,24,2713.446284
22.95,50,2713.582232
22.7,55,2736.65961
-2.15,4,2736.671642
-2.0,1,2736.674666
23.2,49,2736.822834
23.05,48,2736.971001
15.4,13,2737.010787
21.55,50,2737.162866
20.45,72,2737.382839
7.85,4,2737.395018
22.4,57,2737.56547
24.0,33,2737.662469
17.2,105,2737.960009
23.6,33,2738.053333
21.2,57,2759.803353
22.9,59,2759.968571
7.75,6,2759.985312
22.85,48,2760.118414
23.1,51,2760.260447
22.35,54,2760.409469
22.35,62,2760.569999
9.9,3,2760.57807
22.65,52,2760.71015
-2.0,1,2760.712586
23.95,42,2760.820392
16.65,96,2761.080495
22.65,56,2782.793132
5.95,2,2782.798835
20.0,77,2783.026848
18.8,85,2783.274331
15.45,12,2783.309713
19.15,66,2783.513146
23.45,40,2783.631387
23.35,46,2783.770231
22.95,46,2783.906721
21.95,58,2784.077707
-3.1,23,2784.145317
-2.7,15,2784.189275
15.4,13,2807.444453
13.6,9,2807.471501
9.25,8,2807.494824
23.9,31,2807.58607
22.85,56,2807.746946
22.15,50,2807.89063
23.7,35,2807.996504
21.9,55,2808.162173
16.6,113,2808.48415
21.5,79,2808.717924
22.2,61,2808.895747
21.3,71,2831.201118
9.65,8,2831.222164
22.35,62,2831.392359
23.75,42,2831.509845
19.1,75,2831.724458
22.0,61,2831.90414
23.95,42,2832.030096
7.75,6,2832.047804
21.8,53,2832.203357
24.1,31,2832.298781
24.1,39,2832.415818
23.65,44,2855.039835
21.5,71,2855.210707
23.9,43,2855.318267
19.45,84,2855.531257
18.35,30,2855.609044
5.95,2,2855.614342
23.85,40,2855.719455
-3.45,30,2855.802956
-3.15,24,2855.870732
10.0,1,2855.873616
22.65,52,2856.050208
-2.0,1,2856.053395
-3.65,10,2856.085485
-2.2,5,2856.100359
20.15,34,2856.201173
22.55,46,2856.339168
7.95,2,2856.345188
21.65,68,2878.682984
-4.3,43,2878.804357
7.85,4,2878.816133
23.2,53,2878.970877
21.15,18,2879.023603
22.75,50,2879.166774
21.75,66,2879.360151
-4.95,48,2879.496038
-3.05,22,2879.553267
23.05,56,2879.699204
24.1,39,2879.801041
23.85,44,2879.911777
15.35,14,2879.948254
19.6,73,2902.377841
22.2,61,2902.546892
23.65,44,2902.668888
-3.05,22,2902.730744
24.05,36,2902.838885
20.05,80,2903.069527
23.2,41,2903.196174
24.25,32,2903.287765
24.3,31,2903.376495
20.65,64,2903.559138
-3.75,28,2903.640152
23.25,44,2925.887367
-2.85,18,2925.933232
22.1,47,2926.053079
22.8,49,2926.178828
23.5,39,2926.281641
-3.3,27,2926.35508
-3.85,38,2926.46073
23.95,42,2926.576299
22.3,55,2926.729372
24.7,27,2926.804607
24.25,28,2926.884623
21.95,54,2927.033283
-3.1,23,2927.096169
22.6,61,2949.06343
23.7,39,2949.170498
17.3,15,2949.211481
18.25,84,2949.440357
18.85,88,2949.684741
22.35,54,2949.833891
-3.2,25,2949.902654
22.85,48,2950.036234
23.9,43,2950.153487
22.95,54,2950.301551
23.25,48,2973.346938
23.4,41,2973.449255
24.45,28,2973.51776
-2.0,1,2973.520287
23.95,42,2973.629291
-3.15,24,2973.691565
23.85,40,2973.795789
21.2,57,2973.947796
18.3,63,2974.103764
23.1,47,2974.220608
16.7,23,2974.277221
-2.75,16,2974.31641
21.7,51,2974.441875
23.65,40,2974.545701
11.5,11,2974.574576
-3.6,33,2997.056324
-4.25,34,2997.15335
14.4,25,2997.224752
22.2,53,2997.376359
21.65,48,2997.513599
22.75,46,2997.643934
9.85,4,2997.655382
24.55,30,2997.740832
21.3,59,2997.908993
23.7,39,2998.020446
22.8,49,2998.159572
15.25,16,2998.20538
-2.0,1,2998.20834
23.7,43,2998.330673
9.8,5,2998.344262
22.85,48,3020.614602
23.65,48,3020.752502
20.65,72,3020.958743
19.35,78,3021.182573
-3.7,19,3021.233331
22.7,51,3021.373634
23.25,44,3021.495959
11.85,4,3021.507076
22.7,55,3021.660865
23.8,33,3021.753757
-2.65,14,3021.792963
24.2,33,3021.884979
23.35,50,3022.020425
9.85,4,3043.621746
15.3,103,3043.895613
23.9,43,3044.017968
23.75,46,3044.153235
-3.45,30,3044.239099
22.65,48,3044.37214
-2.65,14,3044.411998
22.4,57,3044.574345
17.4,13,3044.613492
21.8,49,3044.763854
21.2,65,3044.963797
23.5,47,3067.289669
21.05,64,3067.487715
6.0,1,3067.490833
19.65,68,3067.696688
15.35,14,3067.74013
24.35,34,3067.845125
24.15,38,3067.962481
23.8,37,3068.074385
21.85,64,3068.272001
24.0,41,3068.396814
21.35,62,3068.589357
19.7,79,3068.833874
22.75,50,3091.548167
-2.7,15,3091.586041
-3.05,22,3091.643681
22.5,59,3091.801716
11.75,6,3091.817762
-3.65,34,3091.908749
21.5,59,3092.066704
16.75,98,3092.330619
23.65,48,3092.458269
23.25,48,3092.584465
11.6,9,3092.607898
11.95,2,3092.613034
24.1,39,3092.721055
23.4,45,3115.191527
22.6,53,3115.344157
22.5,55,3115.503605
17.3,15,3115.54792
23.3,47,3115.694052
-2.0,1,3115.697262
-2.0,1,3115.700464
23.85,40,3115.827461
22.65,48,3115.976441
24.2,37,3116.085273
23.45,48,3116.235734
4.0,1,3116.238633
23.95,42,3116.363902
22.5,59,3116.54911
24.55,26,3116.629284
21.75,58,3138.939597
20.2,37,3139.047132
18.65,68,3139.242359
6.0,1,3139.245429
18.15,82,3139.491434
23.2,53,3139.656266
20.75,70,3139.874455
23.7,39,3139.990885
4.95,234,3162.529768
18.9,23,3162.603482
20.5,75,3162.838598
24.1,39,3162.963939
21.5,67,3163.17908
-2.0,1,3163.182273
21.8,49,3163.334731
21.1,75,3163.561168
16.9,23,3163.630804
11.45,108,3186.464904
19.35,46,3186.594783
11.55,10,3186.623283
21.9,67,3186.812479
23.95,38,3186.920157
22.35,62,3187.102323
17.9,99,3187.375026
24.3,35,3187.467362
23.6,45,3187.585724
22.3,55,3209.939402
23.05,56,3210.127412
23.05,40,3210.26055
-2.6,13,3210.30301
25.05,20,3210.365423
23.1,47,3210.512456
16.05,96,3210.808075
24.6,29,3210.897229
22.75,54,3211.062859
22.65,44,3211.198103
14.55,82,3211.464267
21.45,68,3234.003574
24.5,31,3234.097326
23.15,54,3234.257714
22.8,53,3234.412745
12.45,112,3234.731304
24.45,28,3234.810303
22.45,60,3234.978425
20.7,63,3235.157057
22.9,47,3235.28681
15.75,78,3257.838023
23.2,45,3257.958649
18.7,27,3258.030945
23.55,46,3258.154543
-3.65,30,3258.236402
13.3,15,3258.278445
9.9,3,3258.286928
24.2,37,3258.391428
24.15,38,3258.499396
24.2,33,3258.593278
23.6,41,3258.710146
23.65,44,3258.835905
24.25,32,3258.927655
23.4,45,3259.056438
20.45,68,3280.857939
23.15,46,3280.996726
23.7,35,3281.101572
24.25,36,3281.209695
18.9,23,3281.278769
23.3,43,3281.408905
24.0,41,3281.533581
23.7,43,3281.686468
24.0,37,3281.823775
5.95,2,3281.83127
15.85,84,3282.115354
5.95,2,3282.12183
22.6,57,3282.309088
5.95,2,3282.315516
11.45,12,3282.354592
23.75,42,3304.924314
17.45,12,3304.9657
7.8,5,3304.98313
-2.8,17,3305.042351
20.75,62,3305.241086
22.15,54,3305.408051
23.2,45,3305.550419
24.0,41,3305.679585
17.2,93,3305.972328
23.35,42,3306.107308
21.4,37,3306.223938
-3.55,28,3306.311217
-2.35,8,3306.336241
13.65,116,3328.628012
-2.3,7,3328.647591
7.9,3,3328.656069
21.95,54,3328.808158
23.75,42,3328.926625
24.25,36,3329.028231
23.15,54,3329.18053
23.05,56,3329.33934
20.25,68,3329.531313
21.2,53,3329.681387
22.45,48,3329.816979
13.8,113,3351.64834
14.3,91,3351.922871
23.2,53,3352.082734
21.75,62,3352.269511
22.5,51,3352.423153
17.4,13,3352.462203
22.55,66,3352.665516
22.25,48,3352.819073
23.75,42,3375.02601
-12.45,118,3375.380944
18.7,83,3375.638361
24.15,26,3375.716704
23.85,36,3375.825484
-2.5,11,3375.858661
23.2,53,3376.019915
-2.45,10,3376.052301
24.4,29,3376.145145
-4.5,47,3376.287227
24.3,35,3376.393177
-2.0,1,3376.396147
15.55,10,3376.426874
24.15,34,3398.348984
16.9,99,3398.618621
9.75,6,3398.636615
23.6,41,3398.759304
22.5,63,3398.949033
17.45,12,3398.985669
20.6,69,3399.191713
22.2,57,3399.362313
16.7,87,3399.620663
21.6,61,3399.802536
5.95,2,3399.808573
5.9,3,3399.817588
7.85,4,3399.829536
19.1,67,3422.634487
7.95,2,3422.640114
23.25,40,3422.752887
24.25,36,3422.854208
11.75,6,3422.870997
23.3,51,3423.014363
22.55,54,3423.16602
-2.25,6,3423.182831
22.7,55,3423.338688
19.95,70,3423.536205
23.25,40,3423.649311
17.4,13,3423.686236
22.7,51,3423.830008
24.5,31,3446.009082
-2.85,18,3446.060664
21.55,62,3446.241398
23.45,40,3446.358263
22.7,47,3446.494262
23.55,46,3446.629131
20.1,83,3446.910269
-8.5,215,3469.974968
23.0,49,3470.122774
21.55,54,3470.285359
22.25,60,3470.465204
23.85,44,3470.591645
22.1,59,3470.763637
24.5,27,3470.844775
15.35,14,3470.88809
-2.0,1,3470.891058
-2.0,1,3470.89404
20.75,62,3471.079679
13.55,10,3471.109998
23.2,53,3471.269069
22.65,56,3471.443169
-3.45,22,3493.518933
22.5,59,3493.696699
21.2,73,3493.916937
23.85,36,3494.024099
-2.6,13,3494.065864
21.85,72,3494.285442
23.75,46,3494.424135
23.8,33,3494.523219
23.4,49,3494.671437
18.9,23,3494.740679
24.15,38,3494.855023
20.35,74,3517.584728
7.95,2,3517.590482
21.9,55,3517.753555
19.25,16,3517.802984
23.35,42,3517.928838
20.25,68,3518.126073
23.85,40,3518.240294
20.95,70,3518.439309
22.65,52,3518.596533
23.5,47,3518.739973
9.85,144,3541.531865
20.5,67,3541.771196
6.0,1,3541.774819
9.65,8,3541.804209
22.9,51,3541.985082
9.8,5,3542.002895
23.55,42,3542.151204
-2.0,1,3542.211933
-3.05,310,3564.797427
19.9,99,3565.112383
22.55,78,3565.36027
6.4,173,3565.912812
20.5,91,3566.198909
23.65,64,3588.745983
-3.8,33,3588.840123
23.5,71,3589.041851
23.6,61,3589.204324
18.55,118,3589.522179
4.0,1,3589.525014
25.15,46,3589.652817
9.15,130,3590.012342
23.9,63,3612.498446
9.6,9,3612.522967
6.0,1,3612.525746
23.2,65,3612.691885
-2.65,14,3612.727351
22.1,91,3612.961673
-2.0,1,3612.964235
25.05,48,3613.08676
24.5,63,3613.253891
22.85,76,3613.465709
25.7,43,3613.586041
-2.9,19,3613.638998
-3.0,21,3613.697659
19.7,7,3613.717093
24.0,61,3635.81202
19.05,20,3635.865605
25.55,42,3635.981097
25.7,47,3636.115418
24.8,57,3636.277152
19.05,104,3636.579818
23.3,67,3636.762352
5.35,190,3659.571638
21.45,80,3659.807936
23.6,69,3660.009881
16.4,109,3660.332345
25.6,49,3660.469808
22.5,91,3660.728395
9.65,8,3660.7518
16.8,101,3682.791017
-2.0,1,3682.793571
18.5,119,3683.10812
7.85,4,3683.119082
25.5,39,3683.226354
18.75,26,3683.297991
6.0,1,3683.300836
23.95,54,3683.449565
24.8,45,3683.573413
23.7,59,3683.737163
-4.0,33,3683.827404
25.4,53,3683.972353
23.75,62,3706.195801
14.3,163,3706.589635
26.05,32,3706.673432
-2.0,1,3706.676052
25.1,51,3706.810284
-3.25,26,3706.882789
23.5,75,3707.103263
24.1,71,3707.312541
11.6,9,3707.339313
22.4,77,3729.457744
4.0,1,3729.460461
26.35,34,3729.553977
25.95,42,3729.67005
25.4,53,3729.815404
17.25,16,3729.859864
24.8,65,3730.037019
10.8,189,3730.564656
-3.65,30,3730.653282
26.0,37,3730.763106
23.2,65,3753.390889
24.3,55,3753.56571
24.55,54,3753.729407
9.75,6,3753.747548
22.85,80,3753.988882
5.95,2,3753.994882
12.05,152,3754.4518
24.75,50,3754.592951
24.45,56,3754.750813
4.0,1,3754.753667
24.85,60,3777.126312
24.7,59,3777.270642
25.0,41,3777.370702
24.2,61,3777.52198
22.05,72,3777.70939
18.8,109,3777.993042
24.8,65,3778.162552
25.75,46,3778.285388
18.25,116,3801.014356
24.2,73,3801.201655
23.5,67,3801.374092
6.0,1,3801.376713
23.15,70,3801.557647
13.35,14,3801.593374
9.7,7,3801.611515
21.6,81,3801.820761
23.75,62,3801.981494
24.4,61,3824.6851
21.1,83,3824.892274
25.35,46,3825.009067
23.0,57,3825.169818
-18.45,334,3848.112116
25.0,57,3848.272242
24.85,60,3848.465167
25.55,42,3848.591516
18.85,104,3848.894223
25.9,43,3849.011659
-7.9,59,3849.175514
-6.25,54,3849.326321
-3.25,26,3849.398403
-8.15,56,3871.966907
13.45,12,3871.999425
24.95,46,3872.114102
15.3,15,3872.152155
-2.2,5,3872.164373
21.0,21,3872.218438
25.1,55,3872.359684
26.45,32,3872.436928
15.4,13,3872.468209
-4.35,44,3872.574167
17.3,15,3872.610784
25.2,57,3872.758128
7.85,4,3872.768591
4.0,1,3872.771227
21.0,85,3872.990205
26.1,39,3873.091212
15.45,12,3873.122273
24.4,53,3895.268218
23.85,44,3895.392265
20.2,85,3895.622967
24.75,62,3895.797765
22.55,58,3895.960637
26.3,35,3896.057037
24.35,70,3896.248068
7.8,5,3896.261755
-2.05,2,3896.267157
24.4,61,3896.433328
21.6,85,3918.99592
5.55,194,3919.509613
7.8,5,3919.523181
24.75,54,3919.67081
21.5,79,3919.883002
18.5,95,3920.132638
5.4,157,3942.385995
-3.4,29,3942.460988
22.95,70,3942.664537
24.65,52,3942.829254
22.45,32,3942.925
26.45,32,3943.020655
5.95,2,3943.026703
-2.1,3,3943.035762
26.75,26,3943.114294
25.9,43,3943.250267
24.7,43,3943.388839
-4.4,41,3943.520331
22.3,63,3966.015911
23.55,66,3966.197664
25.2,57,3966.354778
21.9,35,3966.450683
14.9,135,3966.822019
23.7,63,3966.995592
21.55,90,3967.245341
21.4,65,3989.694312
-2.2,5,3989.707289
4.0,1,3989.709939
-5.4,33,3989.795737
23.3,71,3989.980196
24.05,68,3990.160565
23.9,55,3990.303199
26.2,33,3990.389016
-3.0,21,3990.44366
24.2,61,3990.602256
-4.25,38,3990.705285
21.95,82,3990.930287
24.4,49,4013.141594
17.35,114,4013.435378
24.25,72,4013.62173
15.55,10,4013.647477
24.3,63,4013.810958
20.85,92,4014.062039
25.35,54,4014.210732
25.8,41,4014.323675
18.05,88,4036.609069
5.95,2,4036.614401
-4.8,49,4036.750345
23.8,41,4036.859609
4.0,1,4036.86233
6.0,1,4036.865044
25.45,40,4036.972333
9.75,6,4036.988234
25.95,38,4037.089834
-3.0,21,4037.146105
21.4,89,4037.389189
14.05,96,4037.644124
17.35,14,4037.682368
6.0,1,4037.685029
-3.55,24,4037.748735
21.7,71,4060.587523
23.8,49,4060.723634
11.45,12,4060.756041
20.65,96,4061.019751
17.05,76,4061.218773
25.85,44,4061.33627
-2.35,8,4061.357314
24.6,61,4061.519085
23.7,63,4061.688338
25.45,48,4061.816354
23.75,58,4083.771157
23.25,72,4083.96416
24.9,59,4084.127646
24.65,56,4084.289019
22.05,80,4084.511069
25.25,56,4084.664897
21.3,87,4084.919749
20.8,113,4108.057711
7.95,2,4108.063663
4.0,1,4108.06662
6.0,1,4108.069467
16.35,98,4108.34696
24.1,67,4108.531638
15.8,129,4108.879719
25.3,55,4109.025055
11.9,3,4109.032964
22.25,84,4109.268499
24.05,64,4131.174515
11.5,11,4131.205303
-4.75,44,4131.328677
14.9,19,4131.384717
22.1,71,4131.593175
26.0,41,4131.715616
17.55,10,4131.743149
25.05,52,4131.887109
25.15,54,4132.035153
25.5,51,4132.176817
24.4,65,4132.354635
11.5,11,4132.384812
22.55,74,4154.581717
26.15,38,4154.685905
25.5,43,4154.80454
17.5,11,4154.83329
14.85,16,4154.877287
-6.25,58,4155.035063
13.6,9,4155.059779
-2.0,1,4155.06247
24.95,50,4155.208507
17.95,30,4155.296113
-3.05,22,4155.360413
11.5,11,4155.392412
7.0,205,4156.005257
21.3,87,4177.900539
25.95,42,4178.021142
24.6,61,4178.193616
25.0,57,4178.350588
15.45,12,4178.385102
-2.45,10,4178.41381
24.6,57,4178.592781
18.1,31,4178.697439
16.8,21,4178.767848
24.35,34,4178.881767
-4.3,39,4179.011637
24.6,61,4179.205564
26.05,40,4201.935612
18.25,100,4202.255266
19.8,41,4202.39844
25.5,43,4202.549562
23.65,64,4202.757512
18.55,30,4202.847559
26.65,28,4202.93171
25.15,58,4203.100363
-2.75,16,4203.145356
23.9,55,4203.300816
25.15,54,4225.44653
22.95,66,4225.636138
23.45,68,4225.83539
25.25,56,4226.007454
25.8,45,4226.145136
14.65,136,4226.630799
25.1,43,4226.765337
24.55,54,4226.933715
25.8,45,4248.803446
20.55,74,4249.029186
11.85,4,4249.041428
26.15,34,4249.144997
24.85,56,4249.315805
16.15,106,4249.641101
15.5,131,4250.049072
24.75,50,4250.201655
23.9,63,4272.72072
22.4,73,4272.909369
17.8,117,4273.220751
-3.8,29,4273.298942
23.6,73,4273.498288
23.2,73,4273.706406
25.5,47,4273.841167
14.3,35,4273.940878
25.25,52,4296.611867
25.9,43,4296.741537
24.8,53,4296.901681
23.2,77,4297.133755
25.45,52,4297.290939
25.75,42,4297.417411
24.9,63,4297.606952
20.75,26,4297.685254
26.4,29,4297.772085
7.8,5,4297.786937
26.05,40,4297.908205
25.7,43,4298.03837
25.2,57,4320.228284
24.7,55,4320.385972
16.8,101,4320.695121
9.85,4,4320.707238
25.5,43,4320.83866
24.65,52,4321.001341
-2.1,3,4321.010819
5.9,3,4321.020421
25.05,52,4321.182814
-4.4,37,4321.296822
26.6,29,4321.38593
24.85,60,4321.570042
26.5,31,4321.664957
22.75,74,4344.27457
24.35,62,4344.478052
-2.7,15,4344.524182
24.9,51,4344.681719
23.95,66,4344.895036
-4.0,21,4344.959482
13.45,12,4344.999077
25.6,45,4345.147839
16.95,22,4345.220533
24.95,54,4345.396982
4.0,1,4345.400051
-2.2,5,4345.4154
24.85,56,4345.587582
22.25,76,4368.049695
-2.9,19,4368.112197
22.4,61,4368.320005
-2.85,18,4368.399082
9.8,5,4368.421128
26.5,31,4368.538608
21.25,52,4368.714422
25.25,48,4368.866269
20.75,90,4369.152343
24.8,53,4369.318325
25.8,45,4369.459278
24.1,39,4369.581319
23.3,75,4391.515928
25.4,53,4391.688474
21.05,96,4392.002647
25.3,55,4392.182575
18.65,28,4392.2689
24.65,56,4392.439382
22.75,74,4392.66354
23.1,55,4392.830314
-4.85,50,4415.023087
26.25,32,4415.12981
24.85,44,4415.275969
7.95,2,4415.282683
25.0,53,4415.457266
26.5,31,4415.559716
24.4,69,4415.791935
5.9,3,4415.802284
25.45,44,4415.953974
7.9,3,4415.964356
17.9,103,4416.349471
26.15,38,4416.481568
7.85,4,4416.494768
9.95,2,4416.501359
-2.3,7,4416.524547
26.25,36,4416.64362
9.65,8,4416.669962
25.15,54,4439.909849
20.55,30,4440.003861
24.7,51,4440.158454
25.75,42,4440.28777
25.55,46,4440.434036
25.5,51,4440.592548
23.2,57,4440.769851
7.8,5,4440.784692
-2.0,1,4440.787631
21.8,73,4441.010721
23.85,60,4441.19704
23.85,60,4441.379621
19.75,34,4463.216385
6.9,143,4463.623214
25.55,46,4463.755077
20.6,81,4464.001445
26.3,31,4464.095775
24.25,52,4464.25474
24.8,53,4464.416897
24.85,52,4464.577331
20.6,93,4487.217319
25.2,57,4487.385898
19.5,95,4487.679902
11.8,5,4487.695728
24.35,66,4487.897798
26.1,39,4488.023332
25.0,57,4488.202018
9.8,5,4488.216672
22.3,35,4488.323357
23.3,71,4488.548074
23.8,69,4510.470557
25.65,48,4510.61882
23.7,63,4510.809856
25.9,39,4510.928828
19.35,106,4511.250918
15.35,14,4511.293389
25.7,43,4511.424012
-2.0,1,4511.42713
24.7,59,4511.606862
23.9,59,4511.789527
25.6,45,4534.763676
15.4,13,4534.802976
9.9,3,4534.81236
25.65,44,4534.948223
24.45,52,4535.10733
4.0,1,4535.110527
9.8,5,4535.126301
25.9,43,4535.261649
25.05,52,4535.429184
21.1,19,4535.487359
17.55,10,4535.518775
25.35,50,4535.683311
24.05,56,4535.86257
26.35,34,4535.970275
23.95,66,4536.193041
25.3,55,4558.216547
25.7,39,4558.338693
11.6,9,4558.368394
22.05,88,4558.636935
25.5,51,4558.793407
23.75,66,4559.005729
22.45,32,4559.110996
24.25,52,4559.284214
22.45,80,4559.547969
26.0,41,4559.680158
21.4,49,4581.92318
24.15,74,4582.124034
24.5,67,4582.307492
26.2,37,4582.408227
24.2,61,4582.582676
7.8,5,4582.597244
26.3,35,4582.700132
24.85,52,4582.853402
26.15,38,4582.963678
24.6,53,4583.121866
-3.8,37,4583.231339
22.05,84,4605.169669
25.15,54,4605.34966
25.45,52,4605.521822
24.3,63,4605.732574
26.15,38,4605.859941
5.95,2,4605.866441
18.1,103,4606.204747
25.6,45,4606.341907
19.9,95,4606.634656
-2.0,1,4606.637719
26.15,38,4629.457453
19.9,99,4629.715762
25.25,48,4629.847543
25.5,47,4629.976958
24.95,62,4630.147034
7.95,2,4630.152426
25.7,43,4630.271195
-3.7,31,4630.35643
24.3,67,4630.543364
24.85,60,4630.719605
25.45,52,4652.44967
26.2,37,4652.556762
25.75,42,4652.678876
25.8,41,4652.805732
25.6,49,4652.960875
23.45,64,4653.163673
13.45,12,4653.202486
21.55,86,4653.476139
-4.5,43,4653.609031
15.3,15,4653.655586
24.35,66,4653.860158
25.9,43,4676.054741
23.95,62,4676.244614
-4.25,46,4676.385116
25.45,40,4676.511253
24.95,54,4676.688348
25.05,56,4676.863495
25.3,43,4676.994567
25.3,51,4677.149535
24.5,63,4677.345486
9.8,5,4677.361715
17.8,125,4700.083963
-26.95,448,4723.787307
-88.116667,450,4747.287894
26.4,61,4747.461942
-4.15,44,4747.588042
13.0,145,4748.021217
-80.516667,450,4771.633526
-4.2,41,4771.746997
26.85,60,4771.914115
7.85,4,4771.925215
-40.85,262,4794.52226
28.0,41,4794.640705
27.25,56,4794.799652
24.7,79,4795.041881
24.1,79,4795.278583
25.9,63,4795.465224
9.6,161,4818.224373
-81.316667,450,4819.394261
26.95,62,4841.850939
25.75,58,4841.984345
-9.9,103,4842.229249
3.5,267,4842.911492
23.65,88,4864.823713
16.55,150,4865.301069
26.4,57,4865.482158
7.9,3,4865.491482
20.55,98,4865.80025
-7.4,65,4866.013762
25.3,75,4866.259258
25.25,80,4888.281523
15.9,179,4888.774091
27.65,44,4888.895461
-7.05,78,4889.120757
-9.95,108,4889.429333
-5.45,50,4889.57726
11.3,159,4912.056076
13.75,6,4912.071851
-2.0,1,4912.074401
22.5,83,4912.300424
22.55,90,4912.547256
26.95,46,4912.673448
27.15,50,4912.810984
23.95,82,4913.036263
26.05,64,4935.151422
25.9,75,4935.362159
19.1,119,4935.699223
11.15,138,4936.102139
26.2,65,4936.294305
-2.55,12,4936.328281
-3.8,37,4936.433149
26.25,64,4959.186599
17.2,17,4959.234233
23.2,85,4959.479064
23.6,97,4959.764599
-2.4,9,4959.790774
22.95,98,4960.077033
20.45,120,4960.426983
11.55,10,4960.455602
26.9,63,4982.901366
26.3,71,4983.102699
-5.15,48,4983.235028
-3.45,30,4983.315034
6.0,1,4983.317791
24.1,87,4983.561001
22.5,91,4983.824346
17.9,123,4984.163698
23.75,86,5006.654656
-3.1,23,5006.719042
-2.0,1,5006.721866
18.4,125,5007.074335
25.0,65,5007.263517
9.8,5,5007.277695
20.5,111,5007.590123
25.95,70,5007.78896
9.9,3,5007.797369
20.7,111,5030.761605
26.75,54,5030.919072
21.2,45,5031.047902
25.3,55,5031.206502
24.65,72,5031.418007
26.15,62,5031.598076
-11.55,84,5031.842278
23.8,85,5054.519421
11.65,8,5054.538653
-3.65,30,5054.610991
24.65,72,5054.786448
26.75,62,5054.942892
6.25,168,5055.372611
26.75,54,5055.512361
19.55,102,5078.136642
20.0,117,5078.457153
22.85,96,5078.719937
23.3,87,5078.965322
25.3,67,5079.159317
22.65,84,5079.41214
26.0,61,5101.04035
26.1,79,5101.261272
9.65,8,5101.283576
-2.0,1,5101.286278
27.4,53,5101.433571
19.85,128,5101.795359
25.25,72,5102.003362
14.85,36,5102.107168
25.15,74,5102.313583
-3.45,30,5102.400837
24.85,72,5125.013266
26.9,47,5125.148561
25.3,75,5125.364718
15.35,26,5125.438065
6.0,1,5125.440964
-2.05,2,5125.44662
26.2,65,5125.627065
25.55,74,5125.833995
-3.7,31,5125.921074
-2.6,13,5125.95749
17.65,8,5125.980025
26.55,58,5126.142827
27.55,50,5126.280085
26.5,55,5148.517291
-5.0,17,5148.566493
26.3,59,5148.73085
13.55,10,5148.758638
-7.65,78,5148.974334
24.95,78,5149.20042
27.65,40,5149.317731
27.15,54,5149.476132
23.55,82,5149.717142
26.15,58,5172.046655
25.9,67,5172.215152
25.65,76,5172.404226
24.7,83,5172.619355
13.4,13,5172.652241
9.85,4,5172.662069
23.7,83,5172.87713
26.55,62,5173.051268
22.4,33,5173.148317
6.0,1,5173.151248
-3.45,26,5173.225874
24.9,87,5195.463289
9.95,2,5195.468464
7.9,3,5195.476201
24.95,74,5195.667186
10.6,193,5196.201376
26.35,66,5196.385323
11.55,10,5196.41491
-5.2,297,5219.454979
25.2,77,5219.669486
26.5,59,5219.835404
22.5,107,5220.134808
-4.35,48,5220.270911
24.5,31,5220.354759
-5.6,41,5242.79795
26.75,66,5242.966487
25.15,70,5243.145867
21.3,15,5243.18422
24.15,94,5243.426815
5.95,2,5243.431905
26.7,59,5243.582932
28.05,40,5243.687732
25.5,63,5243.860152
24.8,69,5244.048834
25.95,62,5266.457225
-4.05,38,5266.547288
7.95,2,5266.551887
22.1,99,5266.777006
25.7,63,5266.929594
26.2,65,5267.087179
28.1,39,5267.181704
25.75,62,5267.327855
23.25,92,5267.551314
26.75,62,5289.450015
27.9,43,5289.576805
20.65,100,5289.861091
-3.55,32,5289.948301
24.2,65,5290.127543
23.65,80,5290.355938
26.0,57,5290.523853
22.5,87,5290.777904
-2.9,15,5312.770715
11.75,6,5312.786199
25.55,70,5312.975924
15.25,16,5313.019958
22.8,93,5313.27545
20.75,26,5313.346722
27.05,56,5313.500405
27.4,53,5313.645187
20.7,107,5313.937361
28.1,39,5314.045011
21.3,115,5336.582552
-8.15,284,5337.350886
26.9,51,5337.489401
24.85,76,5337.705542
9.8,5,5337.719708
23.45,92,5360.124881
23.3,91,5360.387319
11.65,8,5360.410284
26.2,61,5360.587173
-2.0,1,5360.590011
23.35,90,5360.847644
27.85,40,5360.961881
21.3,115,5361.29149
28.25,32,5383.090765
25.35,62,5383.257925
24.55,78,5383.461092
26.45,68,5383.642062
26.15,70,5383.890285
26.15,58,5384.096563
26.9,59,5384.298271
21.5,99,5384.60634
26.2,73,5406.675648
21.15,46,5406.794385
28.7,27,5406.864114
9.85,4,5406.875072
16.7,27,5406.949492
26.25,56,5407.104331
7.95,2,5407.109978
22.2,93,5407.367426
-3.85,38,5407.47492
23.75,94,5407.777909
26.9,59,5407.964805
11.8,5,5407.980601
26.45,72,5429.714075
26.85,56,5429.859906
24.05,64,5430.027098
25.35,62,5430.188784
26.95,62,5430.349933
21.05,92,5430.588302
-3.25,26,5430.655695
27.7,43,5430.767464
23.3,91,5453.526722
26.55,58,5453.681467
27.2,41,5453.790838
25.55,62,5453.955938
27.2,57,5454.108482
24.35,74,5454.306624
23.25,88,5454.543589
26.9,59,5454.702109
26.55,62,5477.10566
-6.65,58,5477.263903
26.7,55,5477.416852
24.1,83,5477.643436
14.9,111,5477.940044
27.7,39,5478.047273
22.7,99,5478.31127
-2.35,8,5478.33165
27.7,43,5500.167756
27.45,44,5500.295778
23.15,82,5500.526973
20.35,98,5500.807158
25.15,86,5501.054694
23.6,89,5501.310303
7.65,4,5501.321871
24.8,81,5501.548549
25.8,53,5524.053992
23.0,53,5524.194077
27.25,56,5524.343832
15.55,10,5524.369873
24.85,72,5524.56995
13.7,7,5524.589405
27.7,47,5524.720655
25.1,83,5524.952274
26.95,58,5525.115816
27.85,36,5525.217791
25.95,58,5547.62001
24.75,78,5547.823064
-2.9,15,5547.862663
23.4,89,5548.09811
27.15,46,5548.219034
-6.4,41,5548.326928
22.85,88,5548.559365
27.6,49,5548.702393
23.75,90,5570.594428
24.95,78,5570.846416
26.55,58,5571.023305
27.65,48,5571.169914
-2.6,13,5571.209665
25.5,63,5571.401479
23.95,82,5571.652501
-2.75,16,5571.70183
27.95,42,5571.837119
26.9,51,5572.00402
9.8,5,5572.019888
27.6,41,5572.14603
26.65,60,5594.274864
13.85,172,5594.852381
26.15,58,5595.040607
27.75,42,5595.170471
27.45,52,5595.330772
-3.25,26,5595.410114
26.85,56,5595.576915
25.0,85,5617.736124
24.25,84,5618.04194
6.0,1,5618.046175
23.95,82,5618.356378
25.45,68,5618.594272
27.55,46,5618.758895
15.25,16,5618.815079
27.6,49,5618.980016
26.15,70,5619.214926
-3.15,24,5619.295459
22.45,28,5619.389543
26.75,50,5641.695123
27.65,48,5641.834023
19.1,19,5641.888913
25.1,71,5642.094404
26.3,67,5642.288465
26.15,74,5642.504576
24.95,86,5642.76127
15.75,154,5665.383401
9.9,3,5665.392861
23.7,83,5665.651953
21.4,37,5665.766977
24.35,86,5666.034914
22.9,91,5666.318515
26.25,68,5666.531348
-2.65,14,5666.57515
23.6,81,5666.825993
25.3,75,5689.107725
25.15,78,5689.350476
26.6,53,5689.512249
26.45,64,5689.715462
-2.0,1,5689.718561
26.75,62,5689.912884
22.35,98,5690.212626
26.7,55,5690.376201
27.1,47,5712.405378
-3.15,24,5712.47892
22.3,95,5712.777573
27.8,41,5712.913178
-4.1,43,5713.054184
22.15,90,5713.344622
24.25,88,5713.61255
17.65,116,5713.97732
24.95,78,5736.462976
26.25,72,5736.678133
27.6,41,5736.807302
26.45,64,5737.002267
-2.2,5,5737.018087
19.35,130,5737.438903
11.7,7,5737.461266
26.95,58,5737.647472
26.55,54,5737.821957
23.0,81,5760.280343
18.25,152,5760.789454
26.05,68,5761.006327
26.05,68,5761.229125
25.85,72,5761.456281
25.75,70,5761.68492
24.7,91,5783.542226
21.35,98,5783.842759
26.65,60,5784.026692
27.5,51,5784.18285
18.3,31,5784.277983
7.85,4,5784.290438
24.95,78,5784.530357
25.8,73,5784.755646
15.35,14,5784.798852
24.8,85,5807.701198
25.35,54,5807.88273
25.7,75,5808.135403
24.65,64,5808.348279
-4.6,53,5808.526711
20.55,62,5808.735773
26.85,56,5808.928814
27.05,56,5809.116868
26.35,62,5831.511818
24.05,76,5831.76471
-4.1,43,5831.90391
13.1,143,5832.356376
25.9,59,5832.550871
-3.3,27,5832.642989
15.35,14,5832.690536
25.9,63,5832.90269
-4.0,41,5833.035848
11.55,10,5854.601925
27.1,55,5854.766962
26.05,64,5854.959642
17.15,114,5855.30092
27.65,48,5855.448745
27.0,57,5855.62537
27.35,50,5855.779699
13.3,15,5855.824495
15.15,18,5855.878518
17.8,161,5878.250499
9.8,5,5878.266092
-2.85,18,5878.322325
13.9,179,5879.002175
24.3,75,5879.259512
11.6,9,5879.289549
25.5,79,5879.554097
25.0,81,5901.382736
26.35,66,5901.584174
21.15,18,5901.639278
13.65,8,5901.663776
25.5,63,5901.85639
24.2,37,5901.9705
4.0,1,5901.97356
22.6,97,5902.265163
21.0,121,5902.611194
27.15,46,5902.743428
28.0,37,5902.849925
13.3,15,5925.027923
-3.45,26,5925.111056
16.3,27,5925.19758
13.55,166,5925.726555
11.75,6,5925.745706
9.8,5,5925.761877
25.85,64,5925.965045
23.35,102,5926.287242
26.25,68,5926.506639
20.4,105,5948.986003
27.05,48,5949.134089
5.95,2,5949.140263
26.95,62,5949.336694
27.4,53,5949.501652
26.35,62,5949.703446
-3.95,40,5949.836426
-2.0,1,5949.839924
25.8,65,5950.065101
21.55,114,5950.451939
26.65,64,5972.179016
-2.35,8,5972.205242
13.25,16,5972.259097
27.5,47,5972.418449
24.95,86,5972.715709
16.3,19,5972.784828
7.95,2,5972.792027
7.9,3,5972.802897
25.9,63,5973.017687
21.1,111,5973.420901
11.6,9,5973.453604
24.65,88,5973.773869
22.95,90,5995.688613
24.1,95,5996.020112
26.25,64,5996.262718
27.2,49,5996.432481
24.9,79,5996.687305
25.5,83,5996.947886
5.9,3,5996.957263
-7.9,79,6019.065553
26.65,44,6019.203484
26.15,46,6019.350428
23.75,70,6019.56683
24.25,80,6019.814194
17.8,141,6020.246839
-2.0,1,6020.249869
26.3,51,6020.4062
27.3,51,6042.306386
15.65,8,6042.3314
28.2,37,6042.445411
24.2,81,6042.707306
25.95,50,6042.868606
-6.6,57,6043.04392
26.05,72,6043.270764
12.8,17,6043.323327
9.7,7,6043.344791
21.0,21,6043.409649
11.7,7,6043.432414
26.2,69,6043.661488
26.0,69,6043.892953
-4.6,53,6066.223996
27.2,53,6066.37196
21.25,88,6066.614739
25.9,67,6066.799706
24.95,70,6067.003657
25.55,70,6067.209091
26.2,69,6067.410772
-0.05,198,6089.919715
27.0,61,6090.104968
4.0,1,6090.108062
26.35,62,6090.288291
26.25,68,6090.481663
23.8,89,6090.734484
24.9,79,6090.963739
22.4,105,6113.312112
27.35,54,6113.459171
5.95,2,6113.46462
27.5,51,6113.612068
26.05,64,6113.797911
20.75,26,6113.873107
24.3,95,6114.147959
11.25,16,6114.194691
26.5,63,6114.372484
9.75,6,6114.389761
25.4,69,6136.374186
22.9,103,6136.70225
-2.6,13,6136.742534
24.15,70,6136.959766
26.7,67,6137.167936
14.65,152,6137.72298
24.05,96,6159.919197
26.9,63,6160.101571
27.05,60,6160.272804
25.35,66,6160.46168
24.4,77,6160.69414
26.25,72,6160.915101
9.75,6,6160.933933
26.15,70,6161.151983
25.05,72,6161.375374
26.7,59,6183.202686
27.3,55,6183.36164
27.2,57,6183.527177
15.6,9,6183.554845
15.5,11,6183.589437
27.15,50,6183.743062
26.0,65,6183.945964
22.3,35,6184.054163
26.55,66,6184.26494
-2.0,1,6184.267895
27.6,49,6184.421037
23.8,45,6184.558325
-4.95,56,6206.192663
25.5,71,6206.40901
26.9,55,6206.57654
17.25,16,6206.625314
27.0,49,6206.77428
27.05,60,6206.956986
11.55,10,6206.987474
23.75,90,6207.261339
27.0,53,6207.422426
27.3,51,6207.577667
-4.1,35,6229.739051
25.6,73,6229.957462
-4.1,39,6230.07413
5.95,2,6230.080086
26.1,71,6230.296005
27.1,55,6230.468382
11.5,11,6230.504412
27.4,49,6230.664117
11.95,170,6231.218439
26.2,61,6252.910004
13.7,7,6252.932352
14.8,17,6252.98537
21.5,95,6253.274346
26.85,60,6253.457382
17.0,141,6253.900849
26.6,65,6254.099394
11.55,10,6254.130264
6.0,1,6254.13338
25.8,69,6254.346812
27.25,56,6276.230535
25.95,74,6276.45464
26.8,53,6276.606032
-2.0,1,6276.608885
27.45,52,6276.758639
11.9,3,6276.767264
28.2,33,6276.862249
-6.35,56,6277.018363
27.45,48,6277.155897
16.45,20,6277.213385
27.15,54,6277.367483
26.85,60,6277.544096
-4.15,44,6299.439644
26.5,55,6299.620983
26.2,65,6299.833515
27.5,51,6300.001288
26.75,62,6300.206297
26.5,51,6300.373032
7.8,5,6300.389539
25.7,67,6300.596859
24.15,70,6300.810041
27.5,51,6300.966154
-5.35,64,6323.168316
27.15,50,6323.332583
20.45,108,6323.683569
25.65,76,6323.925244
22.55,74,6324.15828
24.5,83,6324.418788
9.6,9,6324.446205
25.55,62,6346.535167
13.8,5,6346.548774
27.8,45,6346.670303
27.1,51,6346.808784
26.0,57,6346.964843
19.05,20,6347.02075
25.5,71,6347.228222
23.25,92,6347.492633
28.25,36,6347.603235
25.65,76,6347.832877
25.35,66,6369.684637
26.8,65,6369.876232
25.9,63,6370.062724
25.9,63,6370.245868
27.35,54,6370.407762
23.1,99,6370.717602
26.0,65,6370.92181
15.55,10,6370.953355
26.55,54,6371.122634
27.3,47,6392.90091
13.15,18,6392.959993
13.65,8,6392.985603
25.7,67,6393.202703
23.95,42,6393.336098
22.9,91,6393.625108
26.95,58,6393.808984
25.75,66,6394.017496
9.85,4,6394.030736
26.2,65,6394.253169
27.25,52,6394.429091
24.2,65,6417.632484
7.95,2,6417.63856
26.5,71,6417.860944
25.35,70,6418.079254
-4.3,31,6418.176804
26.45,60,6418.36519
27.05,56,6418.546011
9.9,3,6418.555681
27.25,52,6418.724123
26.7,55,6418.905929
4.0,1,6418.909071
-3.95,40,6419.034489
26.05,72,6440.805759
13.55,10,6440.84218
11.6,9,6440.875318
27.05,60,6441.103707
22.5,87,6441.376602
22.2,109,6441.71699
27.65,40,6441.843274
27.15,58,6442.031613
18.25,100,6464.180287
22.45,112,6464.532177
25.7,75,6464.769037
26.65,64,6464.970427
20.95,18,6465.027215
22.95,98,6465.367037
25.35,66,6465.590845
19.2,113,6488.005446
26.05,56,6488.166719
26.95,50,6488.317799
9.9,3,6488.327137
26.75,66,6488.5357
28.15,38,6488.654165
25.15,78,6488.901477
26.2,57,6489.075909
20.7,111,6489.403826
25.9,63,6511.833323
26.95,58,6512.019269
-4.7,47,6512.161697
27.55,50,6512.316428
26.65,64,6512.517776
25.75,62,6512.711205
6.0,1,6512.714357
-5.3,67,6512.9184
26.85,64,6513.123276
27.1,59,6535.423953
26.55,54,6535.591087
23.6,93,6535.880455
6.0,1,6535.883689
27.4,53,6536.051968
25.15,74,6536.282558
26.55,62,6536.473696
9.9,3,6536.482877
27.7,47,6536.62813
27.3,55,6536.798739
-2.0,1,6536.801781
9.8,5,6536.817178
23.95,82,6558.959886
25.0,61,6559.147223
27.85,44,6559.286915
25.1,87,6559.557901
27.9,39,6559.677132
27.5,47,6559.821636
27.4,49,6559.972043
26.6,53,6560.135013
5.95,2,6560.141236
26.25,64,6560.341125
27.3,51,6583.320378
-3.5,31,6583.41721
25.4,73,6583.640886
26.4,61,6583.820261
25.05,72,6584.031985
18.95,22,6584.096774
26.5,63,6584.282672
27.45,52,6584.437315
27.6,41,6584.562771
19.7,111,6606.376177
26.3,59,6606.548887
7.85,4,6606.561907
27.0,53,6606.729788
26.4,69,6606.945875
26.95,58,6607.135274
25.45,68,6607.36453
26.25,60,6607.55424
26.35,50,6607.711076
23.35,54,6607.892633
20.15,122,6630.023272
15.45,12,6630.062977
26.1,71,6630.284607
23.35,90,6630.563785
26.6,57,6630.74012
18.7,27,6630.823227
22.3,35,6630.930993
25.35,66,6631.138344
26.8,53,6653.57449
26.3,75,6653.826465
5.95,2,6653.833324
-4.5,51,6654.001005
26.95,50,6654.162076
9.6,9,6654.189648
11.8,5,6654.20551
11.45,12,6654.245642
26.0,57,6654.438909
-4.25,46,6654.590357
-10.95,248,6677.310035
-3.1,23,6677.384933
26.4,65,6677.589985
26.7,59,6677.763366
26.55,62,6677.94333
20.45,32,6678.035484
24.95,74,6678.2623
27.65,44,6678.397424
24.3,79,6678.640013
25.0,81,6700.867898
28.35,34,6700.958046
27.5,51,6701.094815
25.25,64,6701.27287
26.25,76,6701.48562
25.35,78,6701.716679
25.2,77,6701.948652
16.45,140,6724.075894
-2.85,18,6724.125921
27.35,50,6724.26504
23.8,45,6724.386649
4.0,1,6724.389611
22.55,30,6724.478984
17.15,18,6724.53202
-2.35,8,6724.555735
25.8,73,6724.76808
13.65,8,6724.791572
26.6,61,6724.974211
26.75,46,6725.113519
26.55,70,6725.326187
17.15,18,6747.977498
18.5,123,6748.363258
23.9,79,6748.593832
25.65,72,6748.806835
27.1,55,6748.968801
11.5,11,6749.000892
26.75,54,6749.158447
-4.8,53,6749.318374
6.0,1,6749.321585
-2.65,14,6749.364451
25.4,57,6770.745444
-4.25,42,6770.875181
-3.5,31,6770.971742
25.8,77,6771.21067
26.95,62,6771.402394
25.7,63,6771.597309
26.25,76,6771.831998
26.95,62,6772.024456
26.1,71,6772.267708
-2.7,15,6772.3166
26.0,61,6794.449706
28.15,38,6794.567048
15.45,12,6794.603651
25.1,79,6794.853912
21.3,43,6794.995424
27.4,53,6795.162336
27.05,56,6795.345447
19.9,39,6795.475599
22.55,90,6795.759426
27.1,55,6818.107184
17.1,19,6818.168655
26.1,71,6818.390377
9.9,3,6818.399682
-4.0,41,6818.528837
27.9,39,6818.647699
27.95,42,6818.78162
17.85,32,6818.883637
26.25,56,6819.05866
28.35,34,6819.166545
27.3,55,6819.34157
18.7,27,6819.425816
20.6,29,6819.510437
-3.25,26,6819.588274
22.25,28,6841.402954
25.45,76,6841.638751
26.8,57,6841.815576
28.0,41,6841.945507
28.0,41,6842.072098
15.45,148,6842.525384
25.75,78,6842.765803
25.75,62,6842.956145
26.2,61,6865.143313
26.35,70,6865.383329
26.3,71,6865.626166
26.8,49,6865.792758
13.3,15,6865.843838
26.45,68,6866.073619
17.5,11,6866.108759
26.95,62,6866.30635
27.3,55,6866.484116
26.45,64,6888.31898
9.75,2,6888.324823
16.6,25,6888.397532
24.55,74,6888.613597
17.8,133,6888.998275
-6.35,48,6889.137713
24.95,82,6889.374737
26.8,65,6889.573877
26.4,61,6889.764468
27.35,50,6911.699489
26.05,76,6911.935152
25.95,66,6912.161587
11.4,13,6912.204897
27.25,56,6912.390727
21.5,103,6912.727511
15.3,15,6912.776364
26.2,73,6913.014257
17.15,18,6913.073105
27.6,49,6913.233398
27.55,50,6935.227148
8.0,1,6935.230252
26.15,62,6935.421416
26.45,64,6935.618905
13.7,7,6935.640764
27.1,55,6935.812312
26.4,65,6936.011938
20.8,25,6936.089484
9.65,8,6936.114043
25.25,72,6936.335723
-4.1,35,6936.442456
27.7,43,6936.574475
27.75,42,6958.843072
-3.4,29,6958.927151
15.25,128,6959.292037
26.95,58,6959.452442
-3.7,35,6959.55279
27.9,43,6959.672421
22.5,31,6959.76095
23.6,97,6960.054288
24.95,74,6960.281976
27.3,55,6982.201613
25.3,55,6982.371242
26.25,68,6982.58242
27.7,47,6982.7299
27.2,57,6982.907131
25.9,67,6983.114204
-2.0,1,6983.117296
-3.75,32,6983.216868
25.7,63,6983.409586
17.2,17,6983.461467
25.35,74,7005.777517
27.7,43,7005.903966
27.6,49,7006.047099
22.1,39,7006.162241
27.4,53,7006.321975
-2.5,11,7006.356453
9.8,5,7006.372919
26.0,65,7006.583998
25.35,74,7006.818228
25.9,59,7007.001914
13.5,11,7007.036284
26.7,67,7007.24375
-2.7,11,7007.277889
26.0,61,7029.115903
26.5,43,7029.240572
4.0,1,7029.243548
26.45,68,7029.44095
27.8,45,7029.572121
25.1,79,7029.799277
20.4,97,7030.080892
28.15,34,7030.179897
25.15,70,7030.38458
25.3,75,7052.578974
26.5,63,7052.771974
26.45,60,7052.955097
18.1,111,7053.293802
26.55,66,7053.49352
27.1,59,7053.673696
-4.8,45,7053.81109
26.95,62,7076.041915
27.55,50,7076.191874
21.4,133,7076.581994
26.85,60,7076.754783
26.1,67,7076.95191
17.0,21,7077.026849
-2.05,2,7077.033496
27.7,47,7077.192315
20.6,101,7077.519853
15.4,13,7077.559661
27.15,50,7099.865107
26.75,62,7100.036427
26.7,59,7100.199038
27.4,53,7100.34358
5.95,2,7100.349124
5.95,2,7100.354667
27.95,42,7100.470519
26.25,76,7100.693482
-5.25,66,7100.88367
-2.1,3,7100.892323
11.3,191,7123.711373
27.5,43,7123.841104
27.0,53,7123.993831
26.55,70,7124.199072
26.75,62,7124.383146
27.2,53,7124.540476
-3.05,22,7124.605688
27.9,43,7124.733409
-2.45,10,7124.763044
26.0,65,7124.954899
23.2,93,7147.078522
27.1,51,7147.225536
-4.05,42,7147.346698
26.15,70,7147.549886
13.75,6,7147.56726
26.65,68,7147.764863
26.6,61,7147.94221
25.0,65,7148.130013
-2.2,5,7148.144428
25.85,72,7170.519412
27.5,51,7170.675564
9.95,2,7170.681863
27.55,50,7170.836926
13.35,14,7170.881547
28.15,38,7171.002721
22.5,107,7171.334635
11.55,10,7171.364997
26.4,61,7171.552215
26.9,59,7171.734119
27.85,44,7171.868484
27.85,44,7172.000273
11.7,7,7172.02172
27.15,58,7194.489908
25.85,76,7194.713218
24.7,75,7194.947845
16.95,22,7195.013032
26.25,48,7195.154731
26.9,63,7195.339055
27.65,44,7195.468084
-2.6,13,7195.505987
27.25,56,7195.669412
-3.5,31,7195.759255
27.0,61,7217.306661
26.9,59,7217.481922
26.9,63,7217.669533
26.95,62,7217.853509
23.6,81,7218.093732
26.6,65,7218.286581
27.65,48,7218.429452
27.2,49,7218.597995
26.45,68,7243.863682
23.55,86,7244.123281
26.25,68,7244.35243
6.0,1,7244.356011
26.8,61,7244.576337
25.3,79,7244.854771
27.4,53,7245.029177
6.0,1,7245.032467
-2.5,11,7245.068373
21.0,21,7245.147851
26.25,68,7245.371081
