#{"t_start": 1785856149.0482624, "env_id": "None"}
r,l,t
9.99,2,0.173383
9.74,3,0.196236
11.745,2,0.211124
11.745,2,0.225737
9.99,2,0.24118
11.745,2,0.255454
10.995,5,0.29269
9.99,2,0.306191
11.245,4,0.335686
9.99,2,0.352119
9.75,1,0.358459
11.995,1,0.367224
11.995,1,0.375206
11.995,1,0.382981
11.995,1,0.392432
9.74,3,0.446139
9.75,1,0.453684
10.661667,1,0.469176
9.75,1,0.475611
10.661667,1,0.48439
11.985,3,0.506513
11.063333,5,0.542326
10.965,11,0.618468
9.99,2,0.632508
9.75,1,0.638771
11.995,1,0.645412
8.783333,20,0.794475
11.313333,4,0.824436
9.891667,8,0.875366
10.121667,11,0.948947
9.75,1,0.955225
11.323333,2,0.970351
10.661667,1,0.978089
9.75,1,0.984142
11.323333,2,0.996855
8.331667,26,1.1709
11.485,5,1.20666
9.793333,14,1.304505
11.323333,2,1.318435
9.361667,16,1.427281
11.995,1,1.436476
11.245,4,1.464564
11.995,1,1.471907
9.75,1,1.478576
9.99,2,1.4944
10.823333,4,1.52104
11.745,2,1.537291
10.661667,1,1.544876
9.743333,24,1.70778
10.323333,6,1.75124
10.793333,10,1.825112
9.99,2,1.838612
9.75,1,1.846371
9.111667,17,1.960022
9.553333,13,2.045998
11.245,4,2.074164
11.995,1,2.082801
11.735,4,2.113454
11.745,2,2.12695
11.985,3,2.146403
11.995,1,2.156485
7.441667,61,2.572559
11.495,3,2.593675
6.328333,66,3.031458
9.155,30,3.227727
8.556667,30,3.424171
4.696667,67,3.861984
8.395,31,4.071125
10.475,7,4.120749
11.995,1,4.127619
9.808333,7,4.18069
8.121667,72,4.66767
9.788333,11,4.7421
11.661667,1,4.749214
9.75,1,4.756051
11.745,2,4.771221
11.17,19,4.896511
10.396667,5,4.931107
10.823333,4,4.959577
9.995,9,5.01877
9.101667,23,5.171943
11.245,4,5.199108
11.003333,17,5.32123
8.238333,27,5.494791
9.891667,8,5.550915
9.75,1,5.557314
9.98,4,5.585842
11.301667,24,5.748022
9.73,5,5.783454
8.183333,42,6.068479
8.875,33,6.292517
8.566667,28,6.477704
-8.271667,100,7.133415
11.995,1,10.818946
11.381667,8,10.869708
5.818333,70,11.353323
9.75,1,11.360117
10.116667,12,11.443541
11.121667,11,11.521539
9.548333,10,11.594615
10.661667,1,11.603191
10.185,16,11.70851
11.74,3,11.728891
9.703333,32,11.938181
10.225,8,11.992638
10.066667,22,12.140805
10.821667,22,12.286822
10.646667,4,12.315074
10.803333,8,12.372315
10.975,5,12.407029
9.538333,12,12.487766
9.008333,20,12.626809
10.161667,3,12.646013
10.725,6,12.685707
10.376667,9,12.745285
10.985,3,12.765732
10.253333,20,12.905181
10.381667,8,12.957032
9.528333,14,13.052657
7.623333,56,13.411661
11.745,2,13.427469
9.346667,19,13.557818
9.75,1,13.56492
10.308333,5,13.598009
10.661667,1,13.605248
11.053333,7,13.650615
9.99,2,13.66356
11.995,1,13.670315
10.793333,10,13.735352
11.48,6,13.775252
10.396667,5,13.810961
9.975,9,13.873233
6.845,65,14.449406
-5.11,100,15.141684
9.99,2,15.157198
10.085,36,15.405889
11.745,2,15.42017
-4.485,100,16.103394
9.38,21,16.249382
11.745,2,16.265436
10.565,7,16.313785
9.99,2,16.328108
10.641667,5,16.362238
11.59,2,16.377634
10.425,17,16.494156
-5.91,100,17.176358
8.13,75,17.696054
7.1,54,21.638874
9.528333,14,21.734305
11.053333,7,21.783239
8.045,70,22.250486
11.59,2,22.266973
10.48,28,22.458354
11.18,4,22.484522
10.19,24,22.648436
10.2,22,22.798627
7.91,57,23.191483
9.886667,9,23.256364
10.79,2,23.271058
10.126667,10,23.339071
-4.62,100,24.032122
9.455,33,24.261
7.735,65,24.711177
7.34,73,25.222267
-6.0,100,25.908601
10.27,8,25.965599
10.63,16,26.073842
10.91,9,26.136648
9.99,2,26.150811
10.411667,2,26.164455
-5.465,100,26.850848
10.215,10,26.914053
10.585,16,27.022508
10.115,30,27.223751
8.76,65,27.869413
11.14,12,27.955959
10.155,22,28.103361
11.995,1,28.11063
11.995,1,28.118243
9.785,47,28.447943
9.75,1,28.454337
10.915,17,28.578527
10.56,30,32.558355
10.78,4,32.587344
9.99,2,32.60282
10.11,9,32.665981
11.085,14,32.761633
11.99,2,32.77736
10.985,3,32.800889
10.365,11,32.880232
11.105,10,32.947896
11.19,2,32.961791
11.135,4,32.986696
10.985,3,33.006346
10.646667,4,33.033051
10.89,13,33.125488
11.56,8,33.181012
11.385,3,33.20295
11.995,1,33.210282
9.75,1,33.216505
9.99,2,33.23367
10.5,11,33.346992
10.54,3,33.378799
9.8,22,33.57316
11.495,12,33.658955
10.555,9,33.724387
10.661667,1,33.732743
11.651667,3,33.753993
10.67,8,33.812881
10.995,1,33.820479
10.415,19,33.947514
10.875,7,33.999339
11.995,1,34.006701
10.965,7,34.055423
9.99,2,34.070916
11.08,6,34.114739
9.75,1,34.120824
11.323333,2,34.137738
10.661667,1,34.145176
10.67,8,34.199576
11.32,7,34.247702
9.75,1,34.254433
10.175,5,34.292395
10.661667,1,34.300956
10.85,21,34.451422
10.985,3,34.472253
10.656667,2,34.486397
11.745,2,34.500113
11.525,6,34.543123
10.68,6,34.603709
10.145,24,34.811181
10.661667,1,34.820791
11.313333,4,34.853765
10.595,1,34.860397
10.985,3,34.881842
11.995,1,34.890012
9.778333,35,35.152746
-5.42,100,35.839686
10.716667,21,35.987811
9.75,1,35.994326
9.565,82,36.568275
11.323333,2,36.582498
7.781667,87,37.185858
10.371667,10,37.257787
11.046667,4,37.287537
8.886667,93,37.927407
8.96,25,38.095364
9.17,32,38.312512
11.323333,2,38.328209
8.995,49,38.672989
10.453333,29,38.904126
9.99,2,38.923552
9.205,43,39.257357
-3.348333,100,43.621363
11.17,6,43.667012
10.641667,5,43.70103
10.77,6,43.747745
10.556667,4,43.776157
10.355,22,43.926621
9.73,5,43.964057
10.061667,23,44.132043
11.135,13,44.228334
10.533333,13,44.318739
9.218333,62,44.756683
10.78,4,44.785035
10.53,5,44.818526
10.641667,5,44.854469
9.218333,49,45.201991
10.246667,17,45.326418
11.995,1,45.334343
11.125,15,45.439778
11.016667,10,45.514032
7.571667,80,46.085845
11.995,1,46.093298
9.505,32,46.312541
11.115,17,46.433213
10.28,6,46.475132
10.888333,9,46.537831
10.638333,10,46.613235
11.293333,8,46.669699
11.995,1,46.677339
10.48,15,46.790505
10.661667,1,46.799167
10.233333,11,46.877476
11.375,5,46.914378
11.651667,3,46.935552
9.255,46,47.257873
10.788333,29,47.463898
10.646667,4,47.493849
10.77,6,47.539241
11.995,1,47.548466
11.056667,2,47.564404
11.323333,2,47.579755
11.323333,2,47.594367
10.92,38,47.86195
11.303333,6,47.904937
10.925,6,47.948473
10.48,15,48.056429
10.45,34,48.295824
11.431667,7,48.347538
10.328333,1,48.355609
10.75,10,48.429322
10.915,8,48.489131
11.135,13,48.582591
9.99,2,48.597108
10.02,9,48.657188
9.75,1,48.664068
11.043333,9,48.73047
8.953333,22,48.882615
9.723333,15,48.988311
11.191667,6,49.02806
10.996667,14,49.123496
11.995,1,49.130967
10.736667,17,49.255046
10.68,6,49.298638
10.918333,3,49.321636
9.848333,21,49.466394
10.52,7,49.518752
10.661667,1,49.526344
10.858333,15,49.635428
10.78,4,49.664237
10.305,32,49.8943
9.943333,33,50.123038
9.056667,59,50.538431
11.046667,4,50.566326
11.323333,2,50.580262
11.651667,3,50.602976
9.841667,18,54.486705
11.323333,2,54.501112
11.165,7,54.553748
9.99,2,54.569715
10.375,18,54.724688
11.323333,2,54.73923
10.76,8,54.799437
10.591667,15,54.906662
10.661667,1,54.914723
11.323333,2,54.930222
10.466667,22,55.09016
10.655,11,55.173905
11.016667,10,55.245864
9.99,2,55.261282
10.766667,11,55.345574
11.313333,4,55.375445
11.995,1,55.383244
10.523333,2,55.397578
10.746667,15,55.507081
10.746667,15,55.617982
10.78,4,55.646203
11.046667,4,55.675167
10.77,6,55.718308
10.51,9,55.780339
10.618333,14,55.878744
11.323333,2,55.892944
10.77,6,55.936789
9.69,26,56.123786
10.735,4,56.152778
9.253333,11,56.229301
10.985,3,56.251501
10.14,3,56.275331
11.185,3,56.29696
10.348333,19,56.429808
11.046667,4,56.459192
11.145,11,56.541171
-3.487619,100,57.258254
10.985,3,57.282323
10.192143,35,57.529635
9.652857,53,57.903518
9.65119,18,58.029601
8.811429,58,58.445801
10.985,3,58.467366
8.973333,18,58.592732
7.832381,85,59.198389
9.561905,44,59.510621
10.282143,17,59.634116
10.713333,26,59.81286
10.802143,11,59.890714
10.242143,25,60.066674
-2.317143,100,60.781946
9.271667,34,61.022256
9.302143,66,61.473603
9.903571,60,65.792949
10.985,3,65.815045
10.691905,14,65.91851
10.131667,9,65.980792
11.133095,21,66.131537
11.046667,4,66.159901
10.656667,2,66.174161
11.002619,9,66.24002
10.985,3,66.261206
10.975,5,66.297394
9.921905,21,66.44646
10.94381,18,66.570165
11.18,4,66.599442
10.313095,38,66.873713
10.46119,3,66.895095
9.112619,44,67.20517
10.661667,1,67.213008
9.271667,34,67.453172
10.375,5,67.487303
8.59119,83,68.07999
10.401667,4,68.108008
10.131905,28,68.304214
10.585,3,68.325235
10.822143,7,68.374429
11.213095,5,68.408248
9.073571,79,68.979156
10.932381,4,69.008839
10.231429,19,69.147163
10.273571,35,69.402737
9.562381,33,69.641103
10.853571,17,69.801818
11.073333,3,69.828927
10.242857,33,70.065809
10.601667,13,70.155354
10.656667,2,70.170001
11.323333,2,70.185137
11.18,4,70.212981
10.985,3,70.234863
10.721905,8,70.295357
11.082857,12,70.380622
10.802857,19,70.51955
10.752857,29,70.7272
11.022619,5,70.763714
10.45119,5,70.799332
9.681905,20,70.936043
10.355,9,71.003942
10.862857,7,71.053492
10.433095,14,71.152737
9.611905,34,71.398261
9.75,1,71.4046
11.022619,5,71.442491
11.173095,13,71.537987
11.002619,9,71.60341
9.531429,61,72.044177
10.462619,19,72.183865
10.78,4,72.212784
9.991667,37,72.475954
10.023095,47,72.815637
10.561429,2,72.830187
10.282143,17,72.951258
10.623095,25,76.901272
10.492619,13,76.996154
10.762619,8,77.055912
11.323333,2,77.071089
10.822143,7,77.123255
9.75,1,77.129496
11.012619,7,77.181112
11.314048,12,77.264352
10.96381,14,77.364792
11.033333,11,77.444566
11.163571,4,77.47386
11.373571,11,77.555926
10.662381,9,77.623664
10.283095,44,77.944589
10.562857,18,78.070412
11.313333,4,78.100944
10.661667,1,78.108476
10.656667,2,78.12414
11.093571,18,78.254347
11.012619,7,78.303865
11.213095,5,78.340826
10.902381,10,78.416615
11.995,1,78.424356
11.012619,7,78.476791
11.995,1,78.484226
10.842143,3,78.505099
10.320952,12,78.593582
11.995,1,78.601382
10.162381,11,78.677665
11.99,2,78.692692
11.323333,2,78.708408
9.74,3,78.73102
11.193095,9,78.797834
10.661667,1,78.806468
10.592381,23,78.975421
10.46119,3,78.998424
11.764524,9,79.061156
10.962619,17,79.178636
10.658333,6,79.221872
10.852857,9,79.288739
11.092857,10,79.359741
10.441905,15,79.472815
10.684048,40,79.765832
10.741905,4,79.793949
10.471905,9,79.858103
10.683095,13,79.953139
10.491905,5,79.988766
10.872857,5,80.025075
10.682381,5,80.060927
9.99,2,80.075219
11.022619,5,80.112466
10.302381,32,80.347043
10.391667,6,80.392934
10.092381,25,80.572593
10.985,3,80.595746
11.323333,2,80.611721
10.898333,7,80.661386
10.902381,10,80.734463
10.912381,8,80.792726
10.602857,10,80.86565
11.171667,10,80.933186
11.323333,2,80.947932
10.992619,11,81.028695
10.812143,9,81.093909
11.995,1,81.100787
11.183095,11,81.178292
10.641667,5,81.216962
10.341667,16,81.332978
9.99,2,81.348233
10.662381,9,81.413504
11.042857,20,81.557809
10.401667,4,81.589413
10.451905,13,81.680866
10.562143,10,81.755433
9.841667,18,81.885036
11.383571,9,81.954306
10.842857,11,82.03174
11.002619,9,82.09732
10.922381,6,82.140933
11.283333,10,82.217928
10.47119,1,82.225618
11.234524,17,82.347552
10.662381,9,82.411177
10.342143,5,82.447012
9.99,2,82.462091
10.641667,5,82.498044
11.122857,4,82.526724
10.793571,29,82.734912
9.99,2,82.749158
11.323333,2,82.763726
10.922381,6,82.806418
9.99,2,82.822412
10.782857,23,83.073999
8.987857,37,83.333864
10.342143,3,83.356763
11.651667,3,83.379186
10.918333,3,83.399355
10.462143,32,83.622231
10.873571,11,83.704435
9.853571,19,83.835697
10.986429,17,83.962612
11.995,1,83.97119
10.262857,29,84.176305
10.787143,14,84.278267
10.45119,5,88.026898
10.682381,5,88.062961
10.706429,24,88.228558
10.415714,27,88.426725
10.527143,17,88.543448
11.108571,15,88.648297
10.138571,9,88.713007
10.777143,16,88.825306
11.102857,8,88.883743
9.397857,53,89.252857
11.594286,24,89.425442
9.689286,60,89.851199
10.873571,11,89.92817
10.45119,5,89.962521
10.694286,4,89.990789
11.322143,7,90.037896
9.884286,19,90.172071
10.200714,19,90.311678
10.522857,26,90.497559
9.44,67,90.974109
9.926429,33,91.208515
10.533571,30,91.412771
10.674286,8,91.471614
10.822857,15,91.57497
11.268571,32,91.803895
10.975,5,91.84179
10.609286,23,92.005821
11.293333,8,92.062474
10.241429,17,92.17951
11.046667,4,92.207734
11.185,3,92.230508
8.993571,44,92.58103
10.523571,32,92.807346
10.436429,29,93.014341
10.985,3,93.036875
10.66,19,93.175096
10.908333,5,93.210102
10.852857,9,93.274563
10.383571,11,93.352322
11.102857,8,93.407465
10.466429,23,93.613326
11.368571,12,93.710477
9.435714,76,94.254022
11.092857,10,94.321934
9.866429,45,94.648004
9.987857,33,94.886837
10.130714,86,99.442199
11.235714,10,99.512557
10.95,10,99.583186
10.965714,15,99.694817
11.292143,13,99.792592
10.656667,2,99.808068
10.863571,13,99.900662
11.283333,10,99.974761
10.803571,25,100.152706
9.911429,34,100.40741
11.046667,4,100.449821
11.995,1,100.460395
10.873571,11,100.566106
10.664286,10,100.643943
10.828571,22,100.797459
11.016429,11,100.879455
11.282143,15,100.994235
11.046429,5,101.030092
10.220714,15,101.139691
11.169286,9,101.201847
10.33,36,101.460173
10.517143,19,101.594115
9.818571,24,101.764088
10.674286,8,101.826866
11.323333,2,101.842494
10.097857,11,101.917407
10.032857,26,102.098445
10.001429,16,102.212394
10.328333,1,102.219753
10.496429,17,102.342301
10.883571,9,102.408641
10.434286,7,102.464203
11.169286,9,102.530407
11.028571,31,102.759979
10.827143,6,102.804574
11.322143,7,102.860706
10.654286,12,102.94557
10.822143,7,102.995631
9.75,1,103.001995
10.740714,9,103.069338
10.685714,22,103.224978
11.185,3,103.245801
11.18,4,103.277114
9.176429,36,103.531036
10.328333,1,103.538331
9.930714,24,103.710057
10.531429,8,103.768796
9.956429,27,103.966048
10.787143,14,104.070935
10.726429,20,104.211551
10.328333,1,104.220991
10.716429,22,104.379261
11.785,3,104.403069
10.33,36,104.665613
10.349286,26,104.912984
10.664286,10,104.992754
10.899286,14,105.097005
10.731667,38,105.372892
-3.237778,100,106.078362
9.967778,15,106.181836
10.802778,46,106.50209
10.408571,4,106.5292
10.661667,1,106.536123
9.625,81,110.859507
11.99,2,110.874013
9.355,86,111.486812
10.985,3,111.507713
9.161111,47,111.837478
10.757778,4,111.86676
10.566667,20,112.008775
11.531429,8,112.067477
10.502222,46,112.39761
10.239444,43,112.699179
10.661667,1,112.707304
11.661667,1,112.714784
10.995,1,112.722527
10.013333,19,112.861006
10.078333,53,113.231221
9.381111,52,113.603441
11.253333,16,113.714573
11.323333,2,113.732051
10.94,12,113.81872
8.665556,84,114.421567
10.512222,44,114.736726
10.923333,33,114.967792
11.091667,15,115.073647
11.092857,10,115.146668
10.920556,27,115.343975
11.003333,17,115.466138
10.316111,10,115.533716
8.784444,91,116.173304
10.922381,6,116.217286
9.238889,36,116.468614
10.249444,41,116.755616
10.052222,38,117.023614
9.810556,53,117.409914
11.99,2,117.424934
10.185556,25,117.604103
10.970556,17,117.72268
9.352778,42,121.83735
9.99,2,121.852525
10.551429,4,121.880942
10.107222,25,122.053084
11.011111,20,122.193617
10.08,37,122.464052
10.281111,19,122.598762
10.942381,2,122.614223
10.278333,13,122.711681
10.909444,7,122.762825
10.341111,56,123.166741
9.551667,78,123.718086
10.627778,30,123.936908
9.782778,54,124.327208
10.420556,29,124.538207
9.901667,57,124.944705
10.79,2,124.962325
9.75,1,124.968541
10.576111,7,125.018
10.278333,13,125.112573
9.99,2,125.127414
10.661667,1,125.134947
11.185,3,125.157073
11.445,11,125.237536
10.79,2,125.251767
10.768333,13,125.345578
10.001111,26,125.529206
10.803333,8,125.584854
9.975556,18,125.711914
10.608889,7,125.762682
11.112857,6,125.806689
10.445,11,125.886462
10.586111,5,125.923525
9.991111,28,126.133742
10.569444,26,126.534873
11.063889,16,126.655085
9.925,70,127.156003
10.95,10,127.223626
10.697778,16,127.339223
10.990556,13,127.432619
10.503889,79,128.001049
10.53,5,128.035704
10.539444,32,128.266769
10.770556,8,128.323735
8.925,21,128.468702
11.293333,8,128.525372
10.985,3,128.546395
10.006667,34,128.790411
10.720556,18,128.912251
10.827143,6,128.955197
11.142222,16,129.068677
11.661667,1,129.075555
10.79,2,129.092019
11.253889,27,133.158852
10.922222,11,133.238799
10.367222,22,133.396587
10.447778,17,133.519398
11.313333,4,133.549154
9.731111,31,133.772683
10.899444,9,133.840465
11.142222,16,133.956507
10.048889,21,134.109434
10.919444,5,134.145121
10.952778,16,134.270338
10.481905,7,134.323441
11.556111,11,134.410339
9.898333,40,134.699389
10.440556,25,134.883646
10.707778,14,134.989787
11.091667,15,135.09855
10.79,2,135.113694
11.111667,11,135.189051
11.131667,7,135.24252
10.91,18,135.376982
10.687222,7,135.425186
11.010556,9,135.488971
10.922778,22,135.656113
10.899444,9,135.716536
11.046667,4,135.746343
11.192778,17,135.869808
10.899444,9,135.932082
10.673333,34,136.178711
10.778333,11,136.261013
10.801111,13,136.357949
10.985,3,136.379722
10.95,10,136.453377
10.89,22,136.613822
11.19,2,136.629184
10.821111,9,136.694669
10.841667,16,136.806476
11.394444,10,136.880412
10.216111,34,137.122018
10.79,2,137.136892
10.95,10,137.208944
10.97,6,137.252704
10.730556,16,137.364342
11.18,4,137.394579
10.985,3,137.417176
10.589444,22,137.578206
11.063889,16,137.696744
10.679286,9,137.764048
10.811667,22,137.922446
11.055,40,138.207727
10.520556,9,138.274589
10.735,4,138.302674
10.500556,13,138.398944
10.200556,24,138.572883
11.374444,14,138.676424
10.435,13,138.77109
11.253333,16,138.889142
10.639444,12,138.979716
10.622222,22,139.140776
11.182222,8,139.20063
10.433333,33,139.439486
10.741111,25,139.612331
11.323333,2,139.626383
10.286111,16,139.742497
10.740714,9,139.807306
10.667222,11,139.886726
10.586111,5,139.921349
10.437778,19,140.055048
10.046667,26,140.252521
11.465556,18,140.382176
10.862222,23,144.378954
10.68,15,144.49091
11.58,4,144.520762
11.323333,2,144.535103
11.384444,12,144.625039
10.798333,7,144.676883
10.717778,12,144.763246
10.528333,12,144.855342
10.629444,14,144.95718
10.869444,15,145.064826
11.364444,16,145.182645
10.892222,17,145.307366
9.99,2,145.321759
10.656667,2,145.337376
10.661667,1,145.345094
11.046667,4,145.374618
11.323333,2,145.388881
10.487778,9,145.458934
11.164444,7,145.50934
10.788889,20,145.652723
10.697778,16,145.770669
10.641667,5,145.806625
11.651667,3,145.82706
10.788333,9,145.892297
10.576111,7,145.942925
10.827143,6,145.987869
10.760714,5,146.025333
11.323889,13,146.120919
10.912222,13,146.218582
10.629444,14,146.321893
10.687222,7,146.374815
11.283333,10,146.444808
11.142222,16,146.563571
10.848889,8,146.624056
10.651667,3,146.645962
10.93,14,146.748886
10.95,10,146.818242
11.323333,2,146.833423
11.175,5,146.873318
10.750556,12,146.956653
11.636667,6,147.002064
11.394444,10,147.075932
10.167778,24,147.251129
11.273333,12,147.340924
10.636667,6,147.384477
10.7,11,147.464924
11.091667,15,147.575167
10.538333,10,147.647087
11.185,3,147.669335
10.909444,7,147.718097
11.323333,2,147.731184
11.222778,11,147.810003
10.495556,12,147.899318
10.639444,12,147.984962
10.838889,10,148.060221
10.385,3,148.082695
10.889444,11,148.164796
11.213095,5,148.200547
10.424444,4,148.228185
10.822143,7,148.277904
10.598889,9,148.345384
10.566111,9,148.417604
10.395,1,148.425246
9.75,1,148.433067
11.651667,3,148.455144
10.861667,12,148.544709
10.326111,8,148.602646
10.71,9,148.675595
10.167222,13,148.771387
10.656667,2,148.787497
10.96,8,148.844597
11.031111,16,148.958278
10.475,5,148.995285
11.657222,13,149.086861
11.995,1,149.094522
10.873571,11,149.177291
10.606667,12,149.259583
10.879444,13,149.366411
-4.419444,100,150.124719
10.917778,12,150.210332
10.615,19,150.341197
10.584444,34,150.581995
10.696667,25,150.757609
10.985,3,150.779141
7.176667,92,151.422212
8.708333,53,155.706466
10.805556,21,155.860778
8.939444,38,156.140591
10.305,32,156.376127
10.947222,15,156.490296
9.99,2,156.504887
10.815556,19,156.64615
10.759444,17,156.773895
8.964444,51,157.14926
10.845,22,157.308199
10.857778,24,157.48831
11.032778,20,157.633649
10.428889,43,157.944963
10.995,1,157.951922
10.242222,40,158.235205
10.287778,40,158.522978
10.996111,23,158.687026
9.793333,63,159.37575
10.241667,36,159.633093
10.456667,24,159.808701
10.656667,2,159.823054
9.99,2,159.838278
10.946111,33,160.07604
9.99,2,160.092379
11.995,1,160.099689
10.96,8,160.156722
10.456667,24,160.331976
10.328333,1,160.339356
10.45,21,160.489592
11.213095,5,160.528448
10.106667,45,160.866414
10.566111,11,160.96593
11.112857,6,161.013827
10.863571,13,161.110073
10.647778,17,161.232848
10.918333,3,161.253787
11.112857,6,161.296838
10.736667,17,161.420034
10.656667,2,161.434149
11.995,1,161.441723
11.148571,7,161.494431
11.202778,35,161.743993
9.171667,67,162.225407
10.237778,10,162.294567
10.736111,26,162.482058
10.661667,1,162.489336
10.641667,5,162.523343
10.736111,26,162.70409
11.055556,20,162.854813
10.855,20,163.001222
10.41,29,163.209545
10.448889,39,167.336228
10.360952,4,167.368239
11.082222,19,167.503247
9.962222,34,167.745864
9.75,1,167.752242
11.58,4,167.779663
10.973889,14,167.882905
10.926667,28,168.083039
10.549444,10,168.156903
10.815,28,168.359223
11.213889,15,168.468495
10.13,36,168.731782
10.548889,19,168.872162
10.943333,29,169.080811
11.323333,2,169.095076
10.79,2,169.11043
10.324444,24,169.289281
10.661667,1,169.297018
10.977222,9,169.36226
10.413333,24,169.575349
10.585,3,169.598902
10.858889,6,169.646951
10.684286,6,169.690128
10.936667,26,169.879952
10.79,2,169.894239
10.331111,27,170.087804
10.805556,21,170.241331
10.568889,15,170.352882
9.893333,30,170.569821
11.312222,22,170.729801
10.239444,23,170.899714
10.611667,11,170.980944
10.151111,14,171.08006
11.213889,15,171.188269
11.013333,15,171.297822
10.44,23,171.465573
11.016667,10,171.540172
10.671111,8,171.599786
10.778889,22,171.758184
10.506667,14,171.860374
9.75,1,171.867435
10.907778,14,171.977544
10.611111,20,172.118275
11.105,19,172.25514
11.19,2,172.271484
10.973889,14,172.374732
10.710556,9,172.440755
11.470556,17,172.56452
10.657222,24,172.739396
10.967222,11,172.816488
10.922381,6,172.862066
10.845,22,173.020142
11.651667,3,173.043291
10.465,49,173.398962
10.918333,3,173.420134
10.44,23,173.583949
10.798889,18,173.719383
9.75,1,173.725735
10.576111,7,173.776896
10.512222,22,173.934502
10.127222,32,174.16703
10.507778,5,174.206026
10.611111,20,174.356281
10.690556,13,174.443203
10.838889,10,174.516507
11.559444,17,174.643599
9.726111,19,178.689829
9.443333,22,178.850072
11.223889,13,178.942151
10.656667,2,178.955076
11.046111,13,179.050678
10.867778,22,179.214363
10.986667,16,179.334388
10.598889,9,179.400273
10.661667,1,179.407512
10.818889,14,179.510254
10.828333,21,179.665805
11.322778,11,179.748828
11.036667,6,179.793186
10.661667,1,179.800623
9.94,25,179.982057
11.022619,5,180.018213
10.696667,25,180.202338
11.023333,13,180.300361
10.7,20,180.446425
11.223095,3,180.469054
11.214444,6,180.512769
10.208889,38,180.789418
10.75,10,180.862571
11.59,2,180.877622
11.185,3,180.899037
11.026111,17,181.021793
10.957222,13,181.115134
10.661667,1,181.12254
11.145,11,181.200023
11.323333,2,181.215882
11.105556,10,181.28874
11.065556,18,181.419749
10.581667,17,181.544086
11.451667,3,181.565932
10.66,28,181.775669
10.697222,5,181.814422
10.995,1,181.821174
10.806111,12,181.907226
11.233333,20,182.055889
10.631667,7,182.102756
11.58,4,182.133283
10.917778,12,182.218513
10.608333,16,182.336145
11.233889,11,182.418897
10.437222,19,182.558197
11.233889,11,182.642052
11.302778,15,182.750618
10.806111,12,182.841696
10.907222,23,183.013435
11.323333,2,183.030777
11.081111,6,183.072477
10.995,1,183.080257
-3.417727,121,184.032405
10.667222,11,184.119639
10.520556,9,184.185326
10.372273,53,184.565034
10.614444,28,184.765172
9.54,69,185.24668
11.036667,6,185.287675
8.557273,91,185.932331
9.214545,43,190.124114
10.721905,8,190.183146
9.571364,57,190.590845
11.249091,12,190.906844
10.345455,22,191.057728
10.68,24,191.237708
9.558636,45,191.563133
10.711364,25,191.742891
10.136818,22,191.903705
11.073636,18,192.034158
9.124545,74,192.569829
11.323333,2,192.584262
10.584545,14,192.689169
11.043636,24,192.862862
10.920455,36,193.124301
10.855455,18,193.250655
10.20119,6,193.290074
9.61,42,193.589499
10.993636,34,193.833295
10.985,3,193.853115
10.48,15,193.963032
10.781364,11,194.046518
11.451667,3,194.067712
11.155909,18,194.201368
10.888333,9,194.267084
10.276364,45,194.591042
10.568182,41,194.890348
10.72,16,195.004453
10.926818,11,195.082965
10.79,2,195.098136
10.408182,24,195.265713
10.517727,53,195.6501
10.700556,11,195.729405
10.832727,8,195.789514
9.840909,54,196.180644
10.605909,17,196.301988
9.899091,24,196.475462
11.122857,4,196.505347
11.995,1,196.514127
11.113636,10,196.587801
10.745455,40,196.878616
10.657273,14,196.983317
10.827143,6,197.02589
9.99,64,197.482392
11.995,1,197.490594
11.250455,19,201.481477
10.866818,23,201.64702
10.585455,23,201.817034
10.385455,14,201.917633
10.379091,39,202.199374
10.815,28,202.408857
11.385,3,202.430583
10.762273,24,202.606945
10.896364,19,202.745208
10.366818,25,202.92647
10.783636,27,203.126403
10.875455,14,203.232794
10.762273,24,203.406346
10.735,44,203.731118
10.7,11,203.809603
10.656667,2,203.824129
10.885455,12,203.912103
11.301818,16,204.028886
10.480909,24,204.199733
11.187727,17,204.329715
10.780909,13,204.418544
9.75,1,204.424817
10.747778,6,204.471114
11.175,5,204.506415
10.667222,11,204.585664
10.647727,27,204.782704
10.834091,15,204.894242
10.764091,29,205.100041
11.303333,6,205.144289
10.656667,2,205.157564
10.761364,15,205.267551
10.358636,32,205.50115
10.66,28,205.702188
10.942381,2,205.717364
10.647273,16,205.827524
11.995,1,205.83587
10.939545,23,205.999787
10.677222,9,206.066037
10.677778,11,206.147789
10.747778,6,206.191098
10.563182,11,206.273042
9.720455,67,206.760942
11.071111,8,206.817007
10.919444,5,206.852278
10.720556,7,206.903045
10.562727,13,206.99275
10.918182,20,207.133371
11.046667,4,207.163136
10.740909,21,207.314459
10.654286,12,207.400721
11.103636,12,207.486155
10.012273,27,207.684329
10.587273,28,207.897439
10.778333,11,207.977863
10.500909,20,208.119309
10.542273,19,208.257376
10.501818,16,208.375225
10.441364,30,208.596692
9.818182,44,212.785845
10.761364,15,212.894611
10.573182,9,212.961657
11.684286,6,213.005366
11.186364,10,213.078347
10.638182,27,213.272407
9.75,1,213.278571
10.908182,22,213.465296
11.465,7,213.533145
10.641667,5,213.568136
10.918182,20,213.712672
10.792727,16,213.83314
10.679545,26,214.025425
10.969545,17,214.147427
10.637273,18,214.281877
10.564545,18,214.416202
10.926818,11,214.490599
11.334545,24,214.715946
10.449545,23,214.898556
10.832727,8,214.957186
10.979545,15,215.065277
11.177727,19,215.206696
10.449545,23,215.37703
9.99,2,215.392527
11.301818,16,215.506213
10.688182,17,215.632336
10.919545,27,215.820808
10.855,20,215.958878
10.79,2,215.974754
11.334545,24,216.15615
11.995,1,216.163723
10.656667,2,216.17891
10.533636,28,216.382144
10.78,4,216.411321
11.103636,12,216.503741
11.19,2,216.518591
10.68,24,216.690832
10.968182,10,216.766924
-2.462727,144,217.837495
5.090303,61,218.263605
-7.362727,144,219.282009
10.241515,35,219.525574
10.328333,1,219.532568
10.661667,1,219.539512
9.506667,36,219.794225
10.665,18,219.922476
11.046429,5,219.958756
10.661667,1,219.966297
11.313333,4,219.994902
10.499091,33,224.085593
10.79,2,224.099769
11.319848,33,224.322133
10.419091,49,224.677181
10.985,3,224.699815
10.749091,32,224.929619
10.733788,29,225.137758
10.855455,18,225.270109
11.398571,6,225.3115
10.637879,30,225.530089
10.559697,33,225.973287
11.995,1,225.980353
10.786212,18,226.103077
11.086818,19,226.240552
10.756212,24,226.413598
11.036818,29,226.630129
10.410152,21,226.777264
10.493788,28,226.977371
11.213095,5,227.0153
9.99,2,227.029555
11.223939,34,227.269453
11.385,3,227.291372
10.379091,57,227.698451
10.416818,55,228.089616
10.90803,30,228.307232
11.032619,3,228.330226
9.75,1,228.336006
10.475,5,228.375493
11.209242,43,228.679121
10.545556,2,228.69438
11.027424,43,229.005266
10.470909,26,229.195997
10.661667,1,229.203273
10.39,2,229.217991
11.040909,10,229.293243
9.299697,89,229.97389
10.960303,14,230.07345
11.132222,9,230.136048
11.112727,32,230.372153
11.030909,12,230.45786
10.572121,30,230.672845
8.676818,109,231.458041
10.469091,39,235.674726
11.616667,10,235.74545
10.957778,4,235.775237
10.492121,46,236.103502
10.069091,21,236.250531
11.182222,8,236.307223
10.551429,4,236.336356
10.975606,17,236.455834
10.648485,40,236.751005
10.620303,33,236.987777
10.580303,41,237.27828
10.799697,34,237.52941
10.861515,9,237.593257
11.431667,7,237.638824
10.535556,4,237.666929
10.702576,11,237.745893
10.832727,39,238.02582
10.965606,19,238.163699
10.332576,36,238.421439
10.970909,24,238.593893
10.681515,45,238.920853
10.940909,30,239.139703
10.496212,27,239.336099
11.071515,16,239.453146
10.819697,30,239.670413
8.926212,96,240.359
10.681515,45,240.67759
9.365606,45,240.988223
11.313333,4,241.015305
10.78,4,241.0447
10.823788,11,241.123619
9.482727,64,241.581079
11.132121,16,241.691084
10.153788,47,242.024685
10.710303,15,242.134048
10.219091,40,242.423427
10.973939,35,242.679276
11.112121,20,242.825944
10.284394,33,246.950167
11.15803,29,247.156358
10.352576,32,247.393964
10.786818,30,247.614106
10.768485,16,247.730652
10.887424,22,247.891374
10.708485,28,248.092393
10.879697,18,248.224972
10.480909,24,248.39857
10.741905,4,248.42817
11.036212,17,248.553843
9.75,1,248.560171
10.670303,23,248.72497
10.386364,10,248.796547
10.256061,21,248.94842
10.750714,7,249.000973
10.763788,23,249.172329
10.087273,30,249.388273
10.922381,6,249.430729
10.816818,24,249.597519
10.743182,15,249.70364
10.773182,9,249.785832
11.313333,4,249.824814
11.096818,17,249.956495
10.346667,15,250.066594
11.58,4,250.097513
10.897424,20,250.242359
10.933333,31,250.469411
11.155,9,250.535343
10.559091,21,250.676801
11.122857,4,250.706431
11.192727,16,250.821813
11.155152,23,250.985102
9.969091,41,251.273734
11.172121,8,251.334644
10.976818,41,251.631632
10.826212,10,251.702944
11.253889,7,251.751741
11.594048,5,251.790364
10.715606,20,251.935245
10.865606,39,252.215774
10.905,19,252.358439
10.585,3,252.380772
10.698636,35,252.629972
10.483182,18,252.758594
9.75,1,252.76484
11.003939,29,252.981487
10.656667,2,252.997024
10.849697,24,253.172246
11.651667,3,253.195496
10.940909,30,253.41134
11.063333,5,253.449084
10.993333,19,253.590889
11.115556,8,253.647336
10.416212,43,253.955981
10.643182,35,254.211577
10.778485,14,258.103157
10.845,31,258.326603
10.743182,15,258.437744
10.356667,13,258.528214
11.116818,13,258.622749
10.553788,16,258.740484
11.379848,21,258.894207
10.470909,26,259.085542
11.138571,9,259.149567
10.849091,12,259.239497
10.720303,13,259.331223
11.99,2,259.346442
10.690303,19,259.482193
11.116818,13,259.580462
10.995606,13,259.672512
10.908333,5,259.710837
11.248636,23,259.882056
10.677273,10,259.952401
10.889697,16,260.070896
10.945,11,260.146999
10.980303,10,260.220891
10.908333,5,260.256959
10.985606,15,260.3698
10.450303,18,260.500783
10.985,3,260.522181
11.071515,16,260.63568
10.665,18,260.760671
10.702576,11,260.839266
10.518485,17,260.961772
10.995606,13,261.055704
10.63197,13,261.150778
10.945606,23,261.316545
7.671795,52,261.696786
7.617949,130,262.599152
11.012619,7,262.647061
-8.195,169,263.824533
11.323333,2,263.840366
10.04859,41,264.132281
9.876282,88,264.759917
7.120513,103,269.399021
10.15859,19,269.536316
10.708205,35,269.790076
10.236282,65,270.262421
11.090128,23,270.427277
11.078846,15,270.540189
10.545,42,270.836181
10.885,14,270.936461
10.788846,73,271.461829
9.784359,42,271.759141
11.313333,4,271.78732
9.660513,36,272.050098
10.39,2,272.065052
11.093636,14,272.166908
10.729487,90,272.817263
10.359872,38,273.088651
11.010556,9,273.15481
9.935,115,273.984856
11.135,13,274.081304
10.452436,40,274.410978
10.768205,23,274.579149
11.153333,36,274.839673
10.906818,15,274.947563
10.97,6,274.990339
10.772436,25,275.172716
10.962692,20,275.32863
10.773077,30,275.608108
11.182222,8,275.66724
10.883571,9,275.729416
10.945641,16,275.84538
9.75,1,275.851748
9.74859,52,276.231408
10.738205,29,276.441637
10.556282,50,280.699313
10.863077,12,280.785445
10.156923,37,281.052362
10.833333,51,281.419032
10.349231,35,281.670129
11.253333,16,281.785857
9.886923,42,282.088195
11.480455,13,282.185243
11.122857,4,282.214872
10.669872,25,282.446815
11.100769,26,282.64677
10.119872,37,282.924233
10.752436,29,283.134464
10.576667,18,283.26493
10.699872,19,283.401335
10.668205,43,283.711767
10.30859,38,284.001835
8.896923,44,284.320986
11.222778,11,284.399084
11.223974,27,284.596849
10.655,20,284.738154
10.757564,20,284.885857
11.028846,25,285.070969
10.439872,22,285.227604
9.75,1,285.233908
10.824359,30,285.455523
11.213095,5,285.492688
10.740513,16,285.611448
11.122857,4,285.638578
10.481154,24,285.818505
10.626667,8,285.877519
11.192692,23,286.037517
10.532436,24,286.202155
10.387308,12,286.288051
11.323333,2,286.303169
11.234615,30,286.5233
10.947564,31,286.753831
10.615,28,286.964593
10.758846,30,287.177403
10.271795,22,287.336249
10.974615,33,287.575354
10.077308,25,287.75192
10.661667,1,287.759405
10.823077,20,287.90314
11.142121,14,288.003266
11.160769,14,288.101165
10.848889,8,288.161317
10.798205,17,292.200775
11.046667,4,292.23052
10.696923,27,292.430864
11.109487,14,292.534149
10.544744,9,292.598747
10.832436,13,292.690135
9.75,1,292.696422
11.343182,15,292.809477
10.661667,1,292.816839
10.323718,27,293.009708
11.058846,19,293.150015
11.323333,2,293.164739
10.792436,21,293.317001
10.975641,10,293.389361
10.802436,19,293.523227
11.079487,20,293.668544
11.313333,4,293.697179
11.249091,12,293.785115
10.513333,4,293.815767
10.235385,27,294.012506
10.586667,16,294.128358
10.505385,22,294.322829
11.323333,2,294.343317
10.846538,25,294.523209
11.112857,6,294.572135
10.986282,13,294.669552
10.756923,15,294.774881
10.925,15,294.889122
10.656667,2,294.904425
10.522436,26,295.095286
10.863718,17,295.2161
10.661667,1,295.223344
10.457564,31,295.449506
9.99,2,295.464546
10.313077,24,295.636566
11.182727,18,295.768415
11.385,3,295.791022
11.076111,7,295.841084
10.439231,17,295.970109
10.895,21,296.128985
10.824359,30,296.374621
10.649231,24,296.549438
10.771154,15,296.659555
10.67859,13,296.748758
10.874359,20,296.89562
10.908333,5,296.932018
10.739872,11,297.014907
10.987564,23,297.184528
10.645641,27,297.385403
10.710128,50,297.938446
10.811795,12,298.026949
10.76,8,298.0866
10.685641,19,298.227372
11.313333,4,298.258077
10.791795,16,298.372441
10.656667,2,298.387577
10.587308,21,298.590143
10.884359,18,298.731827
11.995,1,298.73971
10.503077,35,298.99857
10.498846,33,299.236999
10.63859,21,299.386351
11.995,1,299.394808
10.700513,24,299.563366
10.604545,10,299.636652
11.18,4,299.665565
9.691795,40,303.810677
10.675,16,303.925946
11.099487,16,304.043902
10.661667,1,304.051068
10.545385,14,304.150688
10.346667,15,304.257876
10.541795,17,304.382495
11.212051,14,304.484811
10.853077,14,304.584292
10.660513,32,304.822141
10.914359,12,304.907121
10.965641,12,304.992939
10.977222,9,305.057659
11.385,3,305.079931
10.563077,23,305.246562
11.403571,5,305.282169
10.848889,8,305.342986
10.758205,25,305.527392
10.461795,33,305.767306
10.839487,19,305.901854
11.313333,4,305.932648
10.469231,11,306.013999
10.709231,12,306.102487
10.982692,16,306.226407
1.647253,154,307.385178
8.654231,80,307.939338
8.844945,99,308.655507
4.726099,157,309.796902
-4.219945,196,315.105799
10.100275,27,315.302797
10.222143,29,315.511185
10.257967,57,315.918955
10.005879,76,316.463508
10.172857,47,316.802985
10.900989,22,316.960087
10.680769,61,317.403105
8.395165,194,318.808697
9.458407,31,319.031359
10.122857,57,319.441734
10.857747,30,319.66006
11.202051,16,319.77471
10.789444,11,319.855347
11.303333,6,319.897821
10.837033,26,320.090943
10.615165,44,320.410281
10.185165,32,320.648586
10.98,4,320.678998
9.326319,75,321.221814
10.267033,42,321.529047
10.921923,31,321.753617
10.742857,31,321.973102
10.408901,40,322.259862
10.751154,19,322.396229
11.091703,41,326.618752
10.651209,28,326.822251
9.75,1,326.828938
10.699835,44,327.148645
10.887967,29,327.362442
10.310989,42,327.667999
10.125165,44,327.98596
11.995,1,327.994747
10.347747,83,328.598838
11.015879,21,328.754683
10.346813,70,329.260084
10.967222,11,329.343094
10.850989,32,329.571053
10.513333,4,329.599303
10.756099,29,329.810288
11.102857,8,329.868951
10.830055,23,330.036767
11.130769,20,330.181403
10.921703,26,330.367972
10.750989,52,330.74345
11.191703,21,330.89858
10.631667,7,330.948567
10.707967,16,331.065539
11.59,2,331.079731
10.712143,29,331.290526
10.620275,21,331.436504
10.890769,19,331.578655
10.636667,6,331.623627
10.860989,30,331.841665
10.961923,23,332.005988
10.702576,11,332.088486
10.729121,30,332.302342
10.897967,27,332.498437
11.143791,13,332.595312
10.753791,42,332.904904
10.39,2,332.919165
9.710769,59,333.353036
10.743077,36,333.616533
10.687967,20,333.762826
10.823077,20,337.968869
10.465165,25,338.151662
9.973077,43,338.461943
10.685879,38,338.740922
10.819835,20,338.881559
11.069835,19,339.015563
10.907033,12,339.102311
10.883791,16,339.217547
11.218681,20,339.365438
10.641667,5,339.401238
10.810055,27,339.594682
11.661667,1,339.602883
10.880055,13,339.696745
10.78,4,339.727009
10.799444,9,339.792975
10.867033,20,339.941879
10.263077,34,340.185615
11.022619,5,340.222712
10.931923,29,340.427771
11.182222,8,340.488069
10.884011,21,340.647181
10.328333,1,340.655085
10.741905,4,340.682739
10.840055,21,340.830435
10.659697,13,340.921501
10.691209,20,341.068016
10.944945,22,341.223333
10.495165,19,341.364053
10.947967,17,341.490853
10.897967,27,341.691408
10.431209,23,341.861744
10.830055,23,342.028104
10.593077,17,342.148419
10.037033,39,342.429024
10.779121,20,342.575163
10.954945,20,342.721844
10.716099,37,343.003945
10.444451,21,343.199034
9.75,1,343.205697
10.503333,6,343.252802
10.714945,19,343.384701
10.768901,17,343.509671
10.830989,36,343.77494
10.94,12,343.861577
10.824011,33,344.11659
10.610989,31,344.341752
11.008901,18,344.46988
11.222778,11,344.549042
10.400275,16,344.664206
10.067033,33,344.898707
10.228187,19,345.037929
10.166818,16,345.15378
10.647253,20,345.30179
11.008901,18,349.353703
10.660275,13,349.446771
10.722143,27,349.642747
10.850055,19,349.783272
10.826099,15,349.897257
10.523791,39,350.171113
10.904011,17,350.292401
11.171703,25,350.476228
10.940989,14,350.579313
10.675659,35,350.834983
10.630055,14,350.937687
10.894011,19,351.079856
-12.047857,225,352.682028
10.817143,8,352.739403
4.394286,79,353.303797
8.577857,139,354.269236
-8.691429,225,355.858871
11.323333,2,355.876634
11.385,3,355.898105
7.185714,112,360.768467
10.667273,12,360.866038
9.99,2,360.880621
10.97881,29,361.090688
10.237619,33,361.332598
10.436429,58,361.750494
11.066111,9,361.815109
10.873636,9,361.882616
10.740952,39,362.165519
11.030909,12,362.257244
11.185,3,362.278925
10.854524,31,362.509727
10.25381,45,362.833952
9.770714,67,363.366911
10.926667,28,363.571462
10.781364,11,363.65031
10.324286,20,363.789741
10.726667,19,363.93051
10.687222,7,363.980913
10.870476,24,364.158511
11.015606,9,364.225316
10.118571,35,364.480121
10.58881,58,364.901462
11.651667,3,364.92287
10.838571,38,365.199605
9.884286,59,365.621973
11.016667,10,365.694838
10.938901,32,365.92542
11.19,2,365.939673
10.816099,17,366.062785
10.582619,44,366.387272
9.75,1,366.393655
10.482143,26,366.585741
10.865455,16,366.703114
10.628571,31,366.92357
10.144524,26,367.110132
10.374524,29,367.316601
9.727857,56,367.722375
10.57119,43,368.032949
11.27381,50,372.251177
10.758095,16,372.369449
10.656667,2,372.383779
10.384048,38,372.656453
10.72881,30,372.874134
11.371667,19,373.010917
10.539524,14,373.115547
10.73881,28,373.323922
10.195,1,373.331593
11.313333,4,373.362352
10.800238,19,373.499625
10.772381,36,373.757737
10.576667,49,374.110561
10.867143,29,374.324982
11.19119,17,374.450605
10.618571,33,374.69244
10.945,51,375.063001
9.587857,35,375.30638
10.48881,29,375.513524
10.1,42,375.810062
10.004286,35,376.054029
10.912619,27,376.248893
10.760476,46,376.580048
10.842143,3,376.601662
10.122857,57,377.02425
11.021429,21,377.174139
10.744762,23,377.339192
10.799048,35,377.815459
9.998571,59,378.239972
11.04881,15,378.348546
9.99,2,378.362884
10.741905,4,378.390163
11.213095,5,378.42882
11.033095,41,378.725219
10.648095,38,378.995703
10.271667,30,379.218188
10.995,1,379.225697
11.245714,8,379.28325
10.49881,27,379.475512
10.087857,33,383.632527
10.960714,25,383.816824
11.175,5,383.855378
11.020556,7,383.905664
10.328333,1,383.913319
10.45,21,384.071882
10.219524,29,384.276698
10.298333,29,384.491353
11.207381,29,384.705375
11.002857,28,384.909294
10.773182,9,384.976602
11.03881,17,385.099977
10.874524,27,385.292941
11.273333,12,385.381324
10.73,14,385.482805
10.568333,24,385.654086
10.525476,13,385.746586
10.985,3,385.769788
10.72,16,385.890895
10.576026,13,385.98823
11.004762,20,386.129724
10.530238,24,386.301068
10.471429,20,386.444351
10.556429,34,386.69108
10.970952,42,386.996814
10.844524,33,387.237864
10.64,32,387.469032
10.644524,24,387.643656
11.313333,4,387.672561
9.878095,45,387.999335
10.985,3,388.02371
9.402143,46,388.360934
11.131429,48,388.716643
11.18119,19,388.854454
10.450714,29,389.066451
10.995238,60,389.508939
10.930714,31,389.730553
10.750952,37,390.005215
11.105,19,390.147935
10.938571,18,390.281027
10.985,3,390.301745
10.742857,31,390.525064
10.96,8,390.577805
10.908333,5,390.615092
10.354524,33,390.853028
10.842273,8,390.911169
11.318636,9,394.857638
11.18119,19,394.99817
11.995,1,395.006748
10.95881,33,395.285731
10.892619,31,395.50966
10.938571,18,395.642719
10.959286,22,395.799958
10.580952,22,395.957083
11.127143,26,396.143463
10.910952,54,396.597126
10.833077,18,396.729214
10.892619,31,396.953038
11.000714,17,397.07737
10.780238,23,397.242294
10.575385,8,397.303355
11.000714,17,397.427155
10.666667,31,397.649365
11.076212,9,397.71272
10.585714,20,397.860219
10.99881,25,398.041189
10.591905,34,398.290992
10.984762,24,398.484539
10.746923,17,398.610532
10.89119,28,398.817826
10.930476,12,398.904511
11.113636,10,398.988461
11.093095,29,399.2019
10.946667,24,399.373989
11.052857,18,399.50912
10.945,11,399.587118
10.592381,23,399.751106
10.709231,12,399.836496
11.068846,17,399.966201
10.130476,25,400.154083
10.904524,21,400.309416
10.432179,11,400.38912
11.042857,20,400.53709
10.584286,17,400.663686
10.828889,12,400.750241
11.143095,19,400.890031
10.838889,10,400.966784
10.694048,25,401.144739
10.08381,30,401.364008
11.223333,22,401.523048
10.661667,1,401.531097
10.966282,17,401.652454
10.868333,13,401.750325
10.893095,20,401.893787
11.032619,3,401.917429
11.01881,21,402.071105
10.818333,23,402.241629
10.65381,14,402.341535
10.844524,33,406.52876
10.866429,21,406.684185
10.698571,17,406.809177
11.046667,4,406.839198
11.112857,6,406.884657
10.593077,17,407.008432
10.299762,32,407.241808
10.73881,28,407.450388
10.277619,25,407.636631
10.622381,17,407.765883
10.665952,23,407.933051
11.153095,17,408.054791
10.848333,17,408.180217
11.140769,18,408.312541
10.809444,7,408.366963
10.742143,23,408.533725
10.689286,27,408.729685
10.966667,20,408.873616
11.000714,17,408.998201
10.820238,15,409.109457
11.195238,20,409.253086
10.395,1,409.261685
10.929286,28,409.465741
11.995,1,409.473154
10.684286,6,409.518879
10.908571,24,409.699644
11.785,3,409.722884
11.245714,8,409.781873
9.348333,23,409.948905
10.772381,36,410.21815
10.655952,25,410.401777
10.71881,32,410.634546
10.524286,29,410.846045
10.36381,23,411.01727
10.580476,33,411.259564
10.91119,24,411.435163
10.73881,28,411.644938
10.420476,16,411.760165
11.085,23,411.929169
11.323333,2,411.944606
10.416667,32,412.179784
10.902619,29,412.389554
10.540238,22,412.550035
11.010714,15,412.661246
10.165952,25,412.849122
11.042857,20,412.999173
10.619762,17,413.119361
10.586429,28,413.324978
10.985,3,413.347126
10.764762,19,413.485563
10.976667,18,413.612807
10.71,18,413.743109
11.123095,23,417.847237
9.99,2,417.862891
10.869048,21,418.012408
9.75,1,418.020047
10.220714,26,418.210905
11.175,5,418.248634
10.511429,12,418.338641
11.175238,24,418.518196
11.076111,7,418.566667
11.303333,6,418.610972
10.908333,5,418.646998
11.323333,2,418.664914
2.585,212,420.118529
4.901667,67,420.574416
-1.836667,256,422.362679
10.760714,5,422.399126
10.827143,6,422.442983
10.188333,52,422.808942
8.306667,180,424.153334
9.305,133,429.038871
11.331818,10,429.111089
10.913333,44,429.430438
10.501667,63,429.920939
10.591667,85,430.518733
10.25,61,430.961141
11.19,22,431.125425
10.503333,37,431.412765
10.855,39,431.693132
11.0,60,432.125764
10.283333,61,432.568514
10.804286,22,432.726741
10.958333,65,433.194262
9.988333,32,433.425342
10.961667,42,433.726771
10.205,71,434.239339
10.541667,46,434.579437
10.126667,59,435.013939
10.361667,42,435.318521
10.671667,40,435.602762
10.708333,35,435.854655
10.323333,93,440.532042
10.525,36,440.795638
10.782143,15,440.903794
10.868333,23,441.07031
10.605,20,441.213052
10.694286,4,441.240989
10.541667,26,441.432312
10.916667,30,441.655352
10.796667,25,441.838459
10.47,39,442.130265
10.39,33,442.364904
10.46119,3,442.387254
10.313333,26,442.578844
10.513333,4,442.606802
10.301667,25,442.782748
10.788333,19,442.925441
10.665,28,443.127305
11.216667,30,443.347663
9.926667,52,443.728037
10.986282,13,443.822971
10.621667,19,443.961754
10.811667,21,444.114863
10.37,48,444.464807
10.698333,17,444.585701
10.338333,40,444.874896
11.026667,28,445.080467
10.832143,5,445.119188
10.31,49,445.483642
10.68,24,445.663673
10.698333,28,445.866223
10.806667,12,445.953439
11.245714,8,446.010733
11.163095,15,446.116907
10.968333,43,446.611498
10.606667,52,446.999023
10.894394,9,447.060251
10.668333,23,447.229799
11.213095,5,447.266315
9.75,1,447.272728
11.036429,7,447.321335
10.39,2,447.334168
10.887033,16,447.451634
10.781667,27,447.654383
11.03,34,447.905223
10.613333,24,448.079808
11.106667,32,452.248785
10.521667,30,452.472019
10.585,3,452.49423
10.803333,26,452.68738
10.345,43,452.999905
11.0,20,453.149131
11.233889,11,453.229824
10.828333,42,453.539697
10.568333,23,453.706472
10.495,31,453.939985
10.768333,23,454.112267
11.301667,23,454.27885
10.583333,21,454.430822
10.656667,33,454.669587
10.865,28,454.872654
10.903571,5,454.907108
10.677222,9,454.97258
11.046667,24,455.147549
11.19,2,455.164136
11.085,33,455.406764
10.955,30,455.632488
10.686667,27,455.854836
10.887033,16,455.969266
10.471667,20,456.114898
10.711667,21,456.269192
11.1,20,456.417897
11.179286,7,456.468817
11.101667,43,456.786045
10.660275,13,456.906415
11.313333,4,456.944762
11.158333,25,457.144717
10.683333,21,457.298871
10.681667,47,457.641529
10.511667,32,457.877498
10.633333,20,458.022129
11.138333,29,458.235744
11.185,3,458.258071
10.056026,19,458.394138
10.136667,39,458.672189
10.75619,24,458.850738
10.668333,23,459.018175
10.766667,20,459.163023
10.893333,28,459.362621
11.199286,3,459.384616
10.903333,26,459.575485
10.846667,24,463.691389
10.332143,5,463.726949
10.625,16,463.845797
11.651667,3,463.867496
10.801667,23,464.043995
10.195,33,464.335468
10.924359,10,464.40703
11.053333,7,464.461022
10.436667,17,464.594532
10.44,23,464.754859
10.75,21,464.906327
10.336667,17,465.029942
10.796667,14,465.131719
10.426667,19,465.273139
11.020556,7,465.324044
11.121667,19,465.462941
10.97,26,465.654371
10.933333,20,465.801772
11.323333,2,465.81828
10.685,13,465.916885
10.868889,4,465.948764
10.765,17,466.067834
10.747778,6,466.112411
11.375,5,466.151364
10.513333,24,466.324704
10.748333,18,466.453387
10.666667,20,466.596336
10.881667,27,466.786864
10.68,15,466.89721
10.845,21,467.054377
10.303333,17,467.174968
10.675,15,467.282772
11.038333,29,467.495116
10.596667,45,467.820848
11.258333,25,468.005429
10.835,23,468.170756
10.56,19,468.309882
10.9,20,468.45815
10.895,31,468.682653
11.225,25,468.861985
11.995,1,468.869316
11.036667,6,468.91431
10.641667,26,469.102886
10.77,26,469.290312
11.043333,38,469.575269
10.816099,17,469.699246
10.965,17,469.819566
10.738333,20,469.969087
10.713333,24,470.145924
10.571667,20,470.287416
10.69,22,470.449619
10.661667,1,470.457365
11.168333,23,470.628901
10.448333,18,470.760421
10.71,18,470.895325
10.436667,28,471.102421
11.146667,24,475.221728
11.000714,17,475.345827
10.816667,30,475.566795
10.721667,30,475.784311
10.57,17,475.911198
10.838333,20,476.059313
11.121667,19,476.198119
11.213095,5,476.236134
10.988333,19,476.375328
10.995,31,476.601825
10.845,21,476.75633
11.323333,2,476.772564
10.856429,23,476.942244
9.99,2,476.957659
10.768333,34,477.209415
10.993333,28,477.413394
11.188333,19,477.55386
10.853077,14,477.658736
10.44,23,477.829374
10.461667,22,478.00225
11.006923,14,478.109027
11.323333,2,478.124199
10.573333,23,478.293954
10.62,16,478.413106
10.831667,37,478.685572
10.657143,22,478.839609
10.981667,27,479.038009
10.898333,17,479.166709
11.071667,29,479.384318
10.745,21,479.540343
10.661667,1,479.547808
10.646667,24,479.72659
10.842143,3,479.747373
10.985,3,479.769932
11.19,2,479.785102
10.833333,20,479.928523
11.01,18,480.058027
10.783333,21,480.211603
10.645,21,480.369075
10.223333,24,480.543148
10.746667,24,480.717366
10.743333,18,480.849549
10.815,18,480.982964
10.563333,25,481.165675
10.598333,28,481.36762
10.57,28,481.570725
10.888333,19,481.713126
11.211667,21,481.867249
10.828333,31,482.092242
10.828333,31,482.319504
10.761667,31,482.625844
10.909697,12,486.657774
11.651667,3,486.680281
10.98,4,486.710395
-19.565294,289,488.768399
-39.709118,289,490.718647
2.401176,189,491.976862
-0.17,127,492.895545
6.946176,114,497.690619
9.885294,74,498.232515
10.443529,27,498.429333
9.160294,71,498.936109
10.503333,6,498.977448
10.241176,42,499.287802
10.016765,82,499.875151
10.770588,40,500.169943
10.877647,48,500.518551
10.419118,76,501.059659
9.842941,57,501.480858
11.995,1,501.488661
10.682647,37,501.763435
10.697059,41,502.061087
11.398571,6,502.106823
8.702059,96,502.793579
10.345,81,503.378197
10.863077,12,503.463742
10.636667,6,503.509727
10.926471,50,503.874444
10.145,23,504.042168
10.858235,46,504.369895
10.052059,71,504.890016
10.481176,43,509.220758
10.551471,26,509.411703
10.779706,47,509.75211
10.703529,24,509.931135
10.937778,8,509.989242
10.834706,37,510.259182
9.722059,39,510.546247
10.79,2,510.560899
10.433235,32,510.792643
10.133235,43,511.101657
9.75,1,511.108363
10.959412,14,511.210738
10.769706,51,511.589633
10.614118,36,511.847673
11.007941,19,511.988161
11.003235,18,512.118791
11.323333,2,512.131551
10.619412,33,512.37746
10.770513,10,512.450222
10.550294,38,512.733941
10.663529,32,512.975361
11.283974,15,513.084428
10.772353,22,513.248026
10.419412,24,513.421145
11.221703,15,513.52722
10.888824,34,513.775404
10.85,30,513.989877
10.770294,43,514.309505
10.840588,26,514.500903
10.394118,31,514.724779
9.75,1,514.731068
10.432059,44,515.050518
10.562059,18,515.182875
10.437941,35,515.434113
10.392353,49,515.789455
9.865,30,516.007512
10.385,24,516.202598
10.517353,25,516.396475
10.496471,38,520.776549
10.346667,15,520.886851
10.663235,35,521.142548
10.114706,83,521.753472
10.038824,57,522.169775
9.762059,33,522.405353
10.997941,21,522.558345
10.590294,30,522.773112
11.385,3,522.794284
10.590294,30,523.016877
10.323529,51,523.389112
10.855588,24,523.56147
9.75,1,523.56848
10.271765,30,523.997589
10.810882,29,524.213728
10.708187,21,524.39666
10.600294,28,524.63878
10.585588,27,524.838611
10.790882,33,525.079129
10.801667,23,525.255299
10.929706,17,525.380644
10.362353,55,525.787155
10.442647,36,526.049663
10.665,18,526.179959
10.905,19,526.317516
10.89,22,526.478385
10.309706,43,526.795976
10.977941,25,526.980561
10.752059,29,527.198099
10.899412,26,527.390264
10.561429,2,527.406207
10.457059,40,527.702072
10.811795,12,527.788779
10.651667,3,527.810319
11.323333,2,527.825588
10.507353,27,528.024512
10.770588,40,528.315371
10.537059,22,528.479285
10.168529,34,532.685474
10.932381,4,532.715344
10.635,23,532.884213
11.064412,43,533.201423
9.922941,39,533.487489
10.842436,11,533.566498
11.323333,2,533.579631
10.585294,32,533.809117
11.027353,21,533.964586
10.385,3,533.986303
11.135,23,534.154576
10.692647,35,534.412752
10.402059,50,534.79769
10.320294,35,535.054463
11.066765,19,535.191143
10.580294,32,535.430459
10.594412,37,535.719276
11.995,1,535.72823
10.320588,32,535.962158
11.075882,26,536.159005
10.800588,34,536.41762
11.18,4,536.447772
10.938235,30,536.662791
10.84,32,536.898694
10.743235,19,537.037035
10.487941,23,537.199814
10.935,13,537.287774
10.791765,24,537.464535
11.085294,30,537.692633
10.654706,22,537.853382
11.58,4,537.884006
10.701176,48,538.232766
10.626667,8,538.291497
10.585,33,538.534353
10.731471,39,538.81072
10.850588,24,538.990113
11.065588,31,539.21566
10.571176,25,539.396859
10.638529,38,539.67625
10.831795,8,539.732684
10.713235,25,539.915622
10.796765,24,544.005228
10.741471,37,544.284251
11.419848,13,544.385189
11.193824,23,544.552764
10.737059,33,544.793508
10.674412,21,544.951497
10.721209,14,545.052582
10.713235,25,545.237477
11.985,3,545.259668
11.116176,15,545.37085
10.927353,41,545.670592
10.661667,1,545.678094
10.713529,22,545.842992
10.762059,27,546.042165
10.296176,30,546.262996
11.093824,43,546.575871
10.423529,31,546.805679
10.605882,20,546.95169
10.706765,42,547.259751
11.003333,26,547.459548
10.687647,37,547.730177
10.195,1,547.737983
10.502941,21,547.892356
10.328333,1,547.899634
10.965,57,548.322782
10.987941,23,548.496316
10.467059,36,548.759628
10.928529,29,548.976514
10.684706,16,549.093957
10.646667,4,549.122199
11.169762,18,549.256341
10.742647,25,549.445717
10.967353,33,549.689645
11.223824,17,549.813151
10.708529,24,549.98544
9.702941,34,550.229102
10.938235,30,550.44511
10.699231,14,550.545985
11.184412,19,550.684387
9.99,2,550.698618
11.109835,11,550.777997
10.707353,36,551.036046
10.812353,14,551.142497
10.674118,24,551.313107
10.955,9,551.379418
10.782143,15,555.56251
10.899412,26,555.759186
10.928824,26,555.949277
10.975,5,555.983761
11.075882,26,556.173668
10.62,27,556.367456
10.832143,5,556.403465
10.842143,3,556.425426
10.661667,1,556.432513
10.972619,15,556.538024
10.899706,23,556.729593
10.909697,12,556.841679
10.664118,26,557.034142
10.85,30,557.257666
11.323333,2,557.272032
11.018235,14,557.377267
10.938824,24,557.554813
10.77,6,557.60174
11.040909,10,557.677341
10.536471,30,557.89896
10.743235,19,558.03767
10.673529,30,558.258895
10.629706,28,558.468466
10.580588,29,558.673151
11.037647,16,558.788774
10.929118,23,558.956911
11.075588,29,559.172351
10.674118,24,559.351661
10.81,18,559.484493
10.708824,21,559.636962
11.458824,20,559.788408
11.026765,27,559.987756
10.899118,29,560.200471
10.762059,27,560.398245
11.232941,24,560.579746
10.908333,5,560.616678
11.313333,4,560.646376
11.045879,15,560.751667
10.561429,2,560.767042
10.996765,33,561.008781
10.890294,19,561.149075
11.017941,17,561.271609
11.995,1,561.279357
10.92,16,561.398876
10.772059,25,561.581116
11.114706,30,561.801688
10.707353,36,562.072375
10.985,3,562.09429
10.819706,39,562.384902
11.027059,24,562.560152
10.918333,3,562.582502
11.125,25,562.765253
11.040909,10,562.839136
10.576176,23,563.008164
10.762941,18,567.059856
10.753235,17,567.185377
10.898333,7,567.237074
10.792353,18,567.373636
10.436667,17,567.493014
10.659412,25,567.680878
10.92,16,567.799339
10.752059,29,568.015488
10.687353,40,568.308933
10.656667,2,568.326476
11.056765,21,568.493913
11.026765,27,568.695274
9.75,1,568.702199
10.512941,19,568.840522
10.909706,21,569.00204
10.699118,20,569.143142
11.046765,23,569.311147
11.046667,4,569.341684
11.057059,18,569.47554
10.833333,20,569.617539
11.075,15,569.739791
10.831176,22,569.901875
10.520758,11,569.984238
10.825882,27,570.186745
11.084706,36,570.456392
10.713235,25,570.641568
10.968235,24,570.816303
10.860588,22,570.976498
10.973529,21,571.127993
10.720882,47,571.48673
10.903718,9,571.549062
11.036765,25,571.7374
11.25803,9,571.803134
10.557353,15,571.913549
11.075882,26,572.102611
10.693824,23,572.273619
10.335294,31,572.503034
10.577353,11,572.587483
10.590588,27,572.783931
10.591176,21,572.941643
9.878039,97,573.701139
2.640458,164,578.827105
9.281895,64,579.295474
10.385588,18,579.428996
7.343464,93,580.092868
10.202255,40,580.379326
9.296471,82,580.965197
10.599248,22,581.122132
11.046667,4,581.149051
10.798333,7,581.199771
10.874091,7,581.253705
10.98,4,581.282186
9.725033,42,581.586991
10.050098,41,581.880673
5.056111,231,583.538047
9.11817,181,584.930473
2.135392,201,590.335318
10.907033,12,590.424852
10.933824,25,590.605237
9.910458,82,591.197433
10.583105,20,591.345852
10.671895,31,591.576705
9.691405,86,592.207958
11.58,4,592.237625
9.772974,103,592.98119
10.275392,43,593.291515
10.291176,32,593.520639
10.338039,54,593.91021
9.738889,34,594.155771
11.165,7,594.205748
9.99,2,594.219664
9.241536,59,594.648506
9.073105,77,595.209128
10.646961,51,595.578494
10.958758,54,595.97042
10.740686,46,596.518671
10.583954,27,596.715811
10.708039,29,596.928092
10.35768,37,597.199328
10.785033,26,597.391006
9.75,1,597.397355
10.238399,38,601.770182
10.251536,53,602.161355
11.006111,21,602.314274
10.152614,63,602.770453
10.593464,31,603.000401
11.124706,28,603.205379
9.922745,41,603.50009
10.315033,22,603.663352
10.65768,26,603.857355
10.712974,62,604.307282
10.968333,23,604.474028
10.416364,4,604.500559
9.99781,41,604.795731
9.81817,41,605.089556
10.64768,28,605.29464
10.708889,36,605.551882
10.083464,35,605.804938
10.741905,4,605.835032
10.645752,31,606.062061
10.539608,47,606.402958
10.849248,21,606.560982
10.883791,16,606.678569
10.77683,44,606.998934
9.79768,51,607.368275
11.541429,6,607.414078
10.549967,58,607.822714
10.525556,6,607.866782
10.716961,37,608.136668
10.103464,31,608.36727
11.314615,14,608.474272
10.925752,24,608.65365
11.048758,36,608.909632
11.076471,20,609.059595
10.799444,9,609.12676
10.831176,22,613.401556
9.78732,40,613.692117
11.046667,4,613.721861
10.903571,5,613.758327
10.532614,36,614.019542
10.84732,24,614.201341
10.58768,40,614.493885
10.585,3,614.515226
10.65719,32,614.752787
10.796471,27,614.9527
11.07683,33,615.194705
10.944183,36,615.462004
10.713333,26,615.656215
11.064542,25,615.838024
10.706601,26,616.025297
10.780817,19,616.164125
9.99,2,616.177663
10.57781,23,616.345717
9.99,2,616.36197
10.712255,36,616.63253
11.323333,2,616.646623
10.918333,3,616.667664
9.948889,41,616.987006
11.144902,22,617.184397
10.630458,36,617.454266
10.861536,29,617.668208
10.881405,44,617.991056
9.529608,53,618.374961
10.418039,38,618.659521
10.592026,28,618.869175
10.506961,30,619.088204
11.323333,2,619.104255
10.793105,27,619.30727
10.811536,39,619.596472
10.805033,22,619.755042
11.99,2,619.769156
10.876667,18,619.89905
10.832727,8,619.958929
10.465392,54,620.34996
10.651895,35,620.605365
10.956111,31,620.835821
11.323333,2,620.850575
11.100952,16,624.960061
10.968399,39,625.24314
10.815033,20,625.388176
11.078846,15,625.500278
10.416242,22,625.662396
11.006667,12,625.75006
10.980327,34,625.997915
11.179286,7,626.047283
10.57732,29,626.26133
10.592026,28,626.465472
10.39,2,626.480499
11.034542,31,626.707664
10.656667,2,626.722712
10.475392,52,627.099147
10.708529,23,627.270379
10.625752,35,627.529492
11.217549,31,627.759283
10.941895,26,627.950266
8.908529,40,628.240108
10.89768,27,628.437942
10.991895,16,628.560086
10.543464,41,628.858351
10.341176,22,629.017262
11.008399,31,629.24222
10.632026,20,629.389731
10.651895,35,629.64332
10.389608,28,629.843628
10.569248,28,630.04597
10.853464,28,630.248094
10.978235,22,630.41111
11.318636,9,630.478215
10.863464,26,630.668599
10.948039,30,630.891487
10.67768,22,631.051799
10.506961,30,631.271658
10.393824,35,631.527223
10.759608,52,631.913668
10.603077,15,632.022234
10.919967,33,632.266516
10.448039,32,636.601632
10.895455,10,636.677419
10.775033,28,636.880018
10.798333,17,637.003268
10.476601,23,637.173229
10.756471,35,637.463466
9.75,1,637.470596
10.855392,25,637.65681
10.819248,27,637.860561
10.420458,29,638.067482
10.716961,37,638.335521
10.571176,25,638.588854
10.791154,11,638.674934
11.248681,14,638.782022
10.658889,46,639.124269
10.760556,10,639.198257
10.57768,42,639.506996
11.995,1,639.514522
11.323333,2,639.528481
11.002255,27,639.730963
10.650098,19,639.869343
10.813464,36,640.135111
9.986961,36,640.403638
10.090458,46,640.74338
10.15,23,640.914086
11.174412,21,641.066967
10.426601,33,641.308451
10.695409,27,641.629172
10.876667,18,641.760232
-13.034415,328,648.035872
10.249152,51,648.415623
11.59,2,648.430933
9.146023,92,649.094699
10.47193,60,649.524637
10.838889,10,649.591734
8.40924,83,650.196683
11.19,2,650.211369
10.641667,5,650.24806
10.282281,28,650.442554
10.729503,32,650.678337
9.629766,77,651.2321
10.215585,39,651.517117
6.326287,89,652.151997
9.672632,129,653.074354
10.782544,47,653.412565
10.823788,11,653.490446
9.765936,59,653.921105
10.735497,26,654.105691
10.579152,34,654.36499
10.529415,114,655.199633
10.762368,37,659.426742
10.382281,106,660.200987
10.498363,36,660.463078
10.859327,41,660.7659
10.059152,40,661.053449
10.018977,34,661.3045
10.148977,57,661.712317
10.845936,39,661.999576
9.64924,80,662.57867
10.252544,55,662.974066
10.558977,24,663.14947
10.239064,46,663.482763
10.852456,26,663.670392
10.869591,60,664.096809
10.515585,28,664.311001
10.869327,39,664.596788
11.309615,15,664.706611
11.02,16,664.820081
9.03924,55,665.216928
10.621667,9,665.283146
10.77576,39,665.575225
9.846023,99,666.294733
10.940989,14,666.398917
10.739152,51,666.786971
11.131667,7,666.840182
10.80924,44,671.311257
11.066471,22,671.466543
10.339327,47,671.812624
10.889152,21,671.969282
11.11,18,672.098517
10.74576,45,672.459576
9.352544,39,672.746606
10.946462,61,673.197645
10.371842,24,673.372781
10.602895,62,673.837656
11.58,4,673.867689
10.875936,33,674.109961
10.67576,59,674.536591
9.972281,41,674.83927
10.475058,43,675.175376
10.798333,7,675.224653
10.929503,41,675.529376
10.102719,50,675.888658
10.291754,33,676.128694
10.428626,22,676.287325
10.842436,11,676.362727
10.995,1,676.370721
10.402018,32,676.60194
10.692719,30,676.820797
10.04845,35,677.074503
11.293333,8,677.132977
10.598538,30,677.358647
10.755585,29,677.566
9.905936,80,678.156818
10.509064,41,678.454277
11.309524,20,682.689143
10.67193,20,682.839572
10.542456,39,683.128865
11.385,3,683.149041
11.067059,16,683.265398
10.615848,29,683.479047
10.672807,41,683.776791
11.322143,7,683.828917
10.60845,21,683.980448
10.792456,38,684.257808
10.152105,40,684.553427
11.243889,9,684.620004
10.915936,25,684.797836
10.791667,16,684.916631
11.120952,12,685.003167
11.046667,4,685.035194
10.740513,16,685.159699
10.069152,38,685.439244
10.378626,32,685.671358
10.985,3,685.692752
10.251579,27,685.93907
10.521842,43,686.267314
10.709415,29,686.480584
10.699064,52,686.863892
10.58924,39,687.152833
10.582544,38,687.432352
10.572222,10,687.505543
10.936023,28,687.708035
11.012807,22,687.86876
11.096462,31,688.095639
10.636111,46,688.430352
10.798485,10,688.505047
10.829121,10,688.581619
10.815936,45,688.910009
10.756287,36,689.177313
10.916023,32,689.413559
10.575936,44,689.730968
11.995,1,689.738701
10.901536,21,689.889506
10.158187,41,690.190199
10.75576,43,694.557167
10.722281,38,694.84234
11.192222,6,694.885725
10.709231,12,694.973107
10.922632,26,695.162758
11.213333,24,695.343231
10.732368,43,695.660452
9.926287,55,696.058034
10.932719,31,696.284254
10.829152,33,696.530234
11.072982,24,696.706739
10.585,3,696.728936
10.762368,37,697.007894
10.462281,41,697.305914
11.119487,12,697.395524
10.896023,36,697.656917
10.863077,12,697.745487
10.999591,34,698.004196
10.475409,71,698.560385
10.956111,31,698.787611
11.651667,3,698.809688
11.034542,31,699.037843
9.965585,40,699.400934
10.695409,27,699.597162
11.116462,27,699.797187
10.720556,7,699.85059
10.916023,32,700.08279
10.812456,34,700.327657
10.661111,10,700.399223
10.809064,30,700.618903
10.008889,29,700.830005
10.94768,17,700.949565
10.572368,26,701.144553
10.732895,36,701.409001
11.07307,31,701.636861
11.036462,43,706.003435
10.839678,24,706.222114
11.012982,36,706.491396
10.688801,33,706.739313
11.115556,8,706.799884
11.049766,38,707.079962
10.615848,29,707.291051
10.147924,22,707.455254
10.726111,28,707.683647
11.145,11,707.762564
10.562368,28,707.96727
10.578538,34,708.210957
10.781154,13,708.310299
10.976725,27,708.490914
10.913246,28,708.691368
11.122857,4,708.718832
10.715497,30,708.932693
10.84576,25,709.111693
10.759591,33,709.351338
10.748801,21,709.509388
11.152974,23,709.677606
10.975,5,709.713042
10.622544,30,709.937826
10.752807,25,710.12257
10.832456,30,710.343168
11.184444,12,710.43307
10.962632,18,710.563685
10.76,8,710.623394
10.758977,33,710.858562
11.113158,30,711.078465
10.818977,21,711.232103
10.205409,27,711.430886
11.046667,4,711.461014
10.885848,24,711.634718
11.323333,2,711.650895
10.909854,24,711.824651
11.039591,26,712.014735
11.995,1,712.023303
10.66924,23,712.19503
10.716667,10,712.269585
10.716462,58,712.702571
10.846462,32,712.934439
10.722193,31,713.160644
11.019503,23,713.332896
9.99,2,713.348903
10.79,2,713.363261
10.986287,39,717.690257
10.682105,32,717.92841
10.691905,14,718.031406
10.519591,32,718.262368
10.752807,25,718.446509
10.585,3,718.468321
9.75,1,718.474625
10.916287,53,718.870739
11.18655,20,719.022409
10.659327,32,719.253068
10.631842,21,719.407788
10.756287,36,719.672885
10.992807,26,719.863258
11.995,1,719.870667
10.78,4,719.899416
10.996023,16,720.017705
10.254883,24,720.194848
11.029503,21,720.349442
11.129487,10,720.424264
10.989545,13,720.523214
10.822143,7,720.576147
10.158801,41,720.873632
10.651667,3,720.894449
11.006199,28,721.097502
10.659415,39,721.382986
11.173246,25,721.571215
10.747879,8,721.629169
10.749503,28,721.835745
10.582456,31,722.058811
9.99,2,722.073601
10.484971,34,722.315823
10.626667,8,722.374915
10.936111,35,722.640874
10.575058,23,722.811676
10.688801,33,723.055784
10.677273,10,723.129356
10.694286,4,723.159246
10.748801,21,723.311594
10.755585,29,723.527335
10.902632,30,723.74558
10.892544,25,723.92299
10.842544,35,724.176749
10.679415,35,724.434211
10.732105,22,724.595346
10.686199,43,724.911606
10.625848,27,729.115158
10.882544,27,729.317417
10.695497,34,729.575952
10.772456,42,729.88173
10.869091,8,729.944276
10.876667,18,730.075322
10.414708,27,730.277905
10.14193,28,730.4833
10.39,2,730.497532
11.056111,11,730.57708
10.342368,23,730.743599
10.996199,30,730.963519
11.046287,27,731.168091
10.785585,23,731.332962
11.382222,8,731.392881
11.323333,2,731.40723
10.935936,21,731.566731
10.946023,26,731.760245
10.723333,24,731.936153
10.912632,28,732.137316
10.754673,19,732.28326
11.145,11,732.366454
-15.679737,400,735.256792
9.029474,196,740.559168
9.702895,55,740.958088
10.458421,53,741.355054
8.910789,76,741.916113
9.871842,195,743.546303
4.468158,290,745.642204
7.234737,86,746.298098
9.918947,105,747.057353
9.828947,123,747.943187
10.894737,40,752.20856
10.969967,23,752.37429
10.907105,27,752.578251
10.801364,7,752.629336
10.882381,14,752.729901
7.644211,158,753.865628
10.908333,5,753.901962
10.523333,2,753.91711
10.661667,1,753.924296
11.143791,13,754.018928
10.967967,13,754.1141
9.635,126,755.034922
10.765,47,755.378242
9.223158,132,756.324522
10.840789,46,756.658694
10.025263,78,757.214845
10.476316,41,757.51539
9.659211,89,758.146335
10.11,71,758.713212
10.222105,106,763.593653
10.295673,30,763.808432
10.090526,37,764.073102
10.108947,36,764.338682
10.530526,47,764.681021
10.667273,12,764.768813
10.220789,41,765.056889
10.797105,49,765.41459
10.802105,39,765.711016
10.687273,8,765.767485
10.921316,41,766.070849
10.300263,63,766.565112
10.715526,19,766.718975
10.158158,83,767.31258
11.18,4,767.343133
9.916316,55,767.738947
11.056212,13,767.832723
9.972632,38,768.107452
10.270789,62,768.557938
10.894737,40,768.856301
10.809121,14,768.954388
10.222895,49,769.312
10.385526,36,769.572736
10.799591,25,769.75263
10.926579,61,770.195325
10.1,73,770.730062
10.574737,55,775.278995
9.760263,42,775.594599
9.983158,60,776.040416
11.313333,4,776.069653
10.19,55,776.464683
9.531053,62,776.920265
10.861579,34,777.17229
10.537105,52,777.553014
10.315789,62,777.997839
10.624474,33,778.239357
10.384474,32,778.470948
9.994474,43,778.783365
9.99,2,778.798617
10.448684,36,779.062428
10.737778,8,779.122177
10.413158,41,779.425866
10.841842,50,779.791318
10.919327,29,780.007623
10.851579,36,780.279197
10.673421,50,780.648232
9.702105,81,781.242902
10.945,11,781.323363
10.838421,26,781.512104
10.674211,42,781.824849
10.299737,21,781.97929
10.280714,1,781.987175
10.981316,29,782.202502
9.258158,67,786.746775
10.682368,44,787.077898
11.055879,13,787.171616
10.493421,37,787.440982
10.592632,43,787.749866
10.144211,50,788.114607
10.916842,44,788.435723
10.192368,44,788.766829
10.557632,59,789.197845
10.090238,1,789.205405
10.473158,29,789.420835
10.501842,38,789.698103
10.692368,42,790.009109
10.770714,3,790.031128
10.992105,50,790.400045
10.212895,51,790.772517
10.833947,29,790.989054
10.761316,73,791.522264
11.222051,12,791.610082
10.703947,55,792.010856
10.539211,29,792.217887
10.561053,52,792.60073
10.913684,32,792.837948
10.72,16,792.960591
10.97,6,793.002898
11.024474,33,793.250955
10.681053,28,793.461851
10.985,3,793.485133
10.467105,35,793.787582
10.985,3,793.810737
10.691053,26,794.003027
10.617895,28,794.211093
10.886053,27,798.437954
10.829474,32,798.674286
10.737895,35,798.927076
10.561667,21,799.079033
10.475526,49,799.44866
10.007895,34,799.69844
11.392222,6,799.74175
11.323333,2,799.756987
11.032619,3,799.779573
10.799121,16,799.89755
10.682632,25,800.086194
10.608947,34,800.339596
10.959211,25,800.523145
10.591579,39,800.80519
10.945526,53,801.193686
11.169737,25,801.382894
10.724211,32,801.618634
10.142368,54,802.017622
10.996842,28,802.225
10.042368,43,802.542355
10.210789,43,802.863817
10.986923,18,803.001088
10.586842,30,803.218087
10.197105,40,803.515525
10.657105,28,803.730771
9.867368,69,804.241523
10.084474,43,804.556624
9.780263,69,805.063936
11.064542,25,805.249061
11.008039,18,805.384671
10.323684,52,805.762491
10.796316,26,809.949309
10.449737,40,810.244767
10.696842,39,810.538033
11.995,1,810.545171
10.679211,32,810.844008
10.483158,27,811.040987
10.47119,1,811.048208
11.182222,8,811.109931
10.673158,38,811.395539
10.973158,58,811.822235
10.736316,38,812.102419
10.515263,29,812.319002
10.943684,26,812.513731
10.946053,46,812.855386
10.274737,35,813.111482
10.647949,14,813.215436
10.726579,21,813.371021
11.995,1,813.380061
10.961316,33,813.630432
10.303947,37,813.904098
9.75,1,813.910204
10.459737,38,814.228283
11.393571,7,814.336527
10.563947,34,814.697187
9.955263,43,815.066132
11.323333,2,815.081484
10.849474,28,815.284915
11.03,34,815.535834
10.241053,18,815.667707
10.346579,48,816.027217
11.223095,3,816.047761
10.595,32,816.28119
10.642368,52,816.668951
10.806579,36,816.932452
10.395526,34,817.174984
10.694118,20,817.318522
9.721842,47,817.66562
10.977222,9,817.731317
10.860294,25,822.085206
10.884737,42,822.388406
11.19,2,822.402853
10.952368,39,822.685694
10.718684,31,822.90643
11.995,1,822.914023
11.086579,29,823.122496
10.735263,34,823.369217
10.513333,4,823.399858
10.819474,34,823.643972
10.870882,17,823.774725
10.820789,19,823.918351
10.525263,27,824.111221
10.824474,24,824.285975
10.959211,25,824.467189
10.218947,45,824.794412
10.588947,20,824.937408
10.315789,31,825.170176
9.964211,37,825.437804
10.283421,30,825.668208
11.091515,12,825.756306
10.661667,1,825.763797
10.818421,30,825.983151
10.593182,5,826.023359
10.853947,25,826.206376
10.843947,27,826.404739
10.911579,24,826.577465
10.549444,10,826.64983
10.673158,38,826.97333
10.832143,5,827.010136
10.473158,29,827.215517
11.995,1,827.222929
10.785,43,827.537585
10.688571,19,827.678686
10.525263,27,827.870306
10.796316,26,828.062367
10.677105,24,828.240624
11.050909,8,828.297364
11.049591,24,828.477138
9.75,1,828.483535
10.452105,29,828.706748
11.106176,17,828.828545
10.298421,36,829.093259
10.618947,32,829.321177
11.189737,21,829.47725
10.968947,42,833.828923
10.604474,37,834.10155
10.590526,35,834.362481
10.706579,25,834.546796
10.506316,35,834.807175
10.956023,24,834.991255
10.808333,5,835.028868
11.040909,10,835.100214
11.023421,29,835.318381
10.502632,30,835.543138
10.927778,10,835.615293
10.593947,28,835.81818
11.082273,9,835.882836
10.808333,5,835.920878
10.485263,35,836.176389
10.803947,35,836.433488
8.942105,37,836.702199
10.954737,28,836.905392
10.779737,23,837.078165
10.703421,93,837.759531
10.561842,26,837.952893
10.886053,27,838.150239
10.600263,21,838.304223
10.567368,27,838.503933
10.630526,27,838.712454
10.772456,42,839.022189
10.532143,16,839.138824
10.345,33,839.3871
10.748684,25,839.571298
9.75,1,839.578337
10.878421,18,839.713303
9.99,2,839.728714
10.231842,43,840.044304
10.696579,27,840.240149
10.938947,48,840.601164
10.675526,27,840.797828
10.626667,8,840.86049
11.103158,32,841.094659
10.912632,28,845.347009
10.646842,49,845.70975
10.918333,3,845.732392
10.809121,14,845.834591
10.909211,35,846.091684
10.687253,12,846.181083
10.985,3,846.203449
11.114211,34,846.461041
10.645789,45,846.791958
11.323333,2,846.806352
10.947778,6,846.8496
10.722105,24,847.024488
10.915789,40,847.313337
10.863947,23,847.485272
10.775263,26,847.676003
10.906053,23,847.848572
10.801154,9,847.914186
10.656667,2,847.929016
10.592105,50,848.291403
11.076111,7,848.342387
10.702105,28,848.547506
10.557105,17,848.66719
11.189286,5,848.705788
10.206842,39,848.995008
10.747778,6,849.039304
10.639608,27,849.239475
10.695789,35,849.498907
10.817368,26,849.683967
10.733158,26,849.874496
10.42,16,849.992239
10.765263,28,850.195582
10.598421,25,850.378159
10.933684,28,850.579303
9.856053,37,850.856065
11.043421,25,851.036558
10.628947,30,851.259464
10.325789,29,851.471294
10.721316,32,851.705179
10.542982,32,851.942185
11.024762,16,852.059643
10.661667,1,852.067456
10.831842,21,852.218728
10.728684,29,852.431718
11.475,5,852.469125
10.779737,23,852.636173
10.656667,2,852.650636
11.006842,26,856.96152
10.562281,21,857.115217
10.961316,33,857.361043
11.113158,30,857.58386
10.722105,24,857.7621
10.695526,23,857.936336
10.747632,21,858.090797
10.349211,18,858.225081
10.321842,25,858.405702
10.865,27,858.602116
11.323333,2,858.616373
10.667632,37,858.891302
10.656667,2,858.906622
10.927105,23,859.078278
11.248421,24,859.266589
10.789737,21,859.423895
11.323333,2,859.437819
10.450789,44,859.755279
11.323333,2,859.770301
10.572895,28,859.97417
10.919444,5,860.009592
10.823947,31,860.240891
10.845,31,860.468121
11.063421,21,860.625384
10.667368,56,861.040154
10.618947,32,861.276584
11.199737,19,861.418921
10.431053,29,861.635558
10.773158,18,861.769583
11.046842,18,861.904394
10.529737,24,862.079153
10.913684,32,862.316289
10.792895,33,862.559759
10.266316,34,862.806367
10.723158,28,863.011918
10.738529,17,863.134945
10.693158,34,863.383805
10.520455,5,863.420702
11.09,22,863.58769
10.525556,6,863.633514
11.043421,25,863.814008
10.949608,14,863.920141
10.838421,26,864.111226
11.133333,20,864.261718
11.111053,22,868.428797
11.088684,37,868.70657
10.948158,23,868.876743
10.584474,41,869.17173
11.05,30,869.398908
10.418571,2,869.414874
11.031316,19,869.556131
10.707632,29,869.765889
10.406842,17,869.88547
10.631579,31,870.113381
10.627895,26,870.30508
10.515263,29,870.518038
11.048947,26,870.710527
11.043421,25,870.892579
10.971703,16,871.012592
10.765263,28,871.21896
9.75,1,871.225401
10.749872,9,871.295325
10.763158,20,871.462362
10.618421,21,871.62534
11.022619,5,871.663267
10.906053,23,871.831918
11.056667,2,871.846747
10.687273,8,871.9066
10.797895,23,872.089523
10.758684,23,872.257077
10.658947,24,872.430996
10.816316,22,872.597848
10.859474,26,872.786687
10.661667,1,872.794348
10.911579,24,872.971289
10.625526,37,873.243157
10.686242,17,873.365732
10.678947,20,873.520876
10.721053,20,873.669455
10.848421,24,873.843168
11.072105,34,874.095092
10.885,23,874.267192
10.759737,27,874.455141
10.568158,19,874.596426
10.944737,30,874.817484
10.943684,26,875.006952
10.78,4,875.039598
10.822143,7,875.091786
10.585523,11,875.194341
10.791053,37,875.499375
10.831842,21,875.658306
10.776316,30,875.875978
9.75,1,875.882503
10.737632,23,880.253473
11.192222,6,880.299316
10.840882,23,880.468928
11.133333,20,880.615732
11.253947,25,880.800678
10.985,3,880.822123
10.832895,25,881.001889
10.887632,24,881.172886
10.46119,3,881.195678
10.411053,33,881.440705
10.359739,15,881.554113
10.805263,20,881.699915
10.890526,24,881.874848
10.979591,38,882.161883
10.900294,17,882.285323
10.929211,31,882.514198
10.898333,7,882.564055
10.869474,24,882.738297
10.358158,43,883.053778
11.58,4,883.083462
10.925752,24,883.460942
10.992368,31,883.712674
10.78,4,883.744618
10.849474,28,883.955075
11.148684,25,884.143314
10.615,28,884.409892
10.747632,21,884.566239
10.960263,29,884.781607
11.113158,30,885.003644
10.796961,21,885.159699
10.873333,12,885.247441
11.012368,27,885.451138
10.879474,22,885.61466
11.022368,25,885.802387
10.790526,44,886.128672
10.97,6,886.173771
10.486579,20,886.323834
10.355146,25,886.507813
10.677273,10,886.582193
10.934737,32,886.818548
11.248421,24,886.991081
10.434737,34,887.241121
11.042368,21,887.392258
11.115556,8,887.449744
10.734048,17,887.569276
10.942632,22,887.728234
11.310455,7,887.780537
10.995,1,887.788155
10.760714,5,887.82563
11.086579,29,888.04042
10.738684,27,892.287679
9.99,2,892.304174
10.972619,15,892.415508
9.99,2,892.430918
10.982807,28,892.636583
10.754211,26,892.830143
10.809121,14,892.933276
10.922632,26,893.129405
10.903571,5,893.164143
10.468421,20,893.313032
10.817368,26,893.505213
11.076471,20,893.654735
10.847368,20,893.80238
10.592222,6,893.847369
10.906053,23,894.014326
11.07,26,894.206897
10.600526,33,894.45066
10.770513,10,894.523273
10.869474,24,894.709699
10.760714,5,894.747453
10.386842,21,894.905034
10.981316,29,895.12142
10.684286,6,895.16625
11.395,1,895.175162
10.620526,29,895.397597
10.962632,18,895.53315
10.773947,41,895.830773
11.017895,28,896.039651
10.913684,32,896.273783
10.79,2,896.290043
10.973684,20,896.441003
11.290455,11,896.523061
10.805263,20,896.675238
10.736579,19,896.814246
11.048947,26,897.007021
11.18,4,897.035981
10.965789,30,897.263086
10.722105,24,897.446106
10.578421,29,897.659159
10.647895,22,897.823893
11.071053,30,898.041313
11.185263,24,898.218671
11.287381,13,898.316526
10.365,7,898.370407
11.032619,3,898.391867
10.968182,10,898.464655
11.058205,14,898.571263
10.256667,2,898.586677
11.323333,2,898.601095
10.671579,23,898.772544
11.159737,27,898.972545
10.557105,17,899.097909
11.08,24,899.264876
10.908333,5,899.298913
10.974737,24,899.462503
10.588421,27,899.662563
10.795263,22,903.835347
10.831842,21,903.991059
10.712105,26,904.177668
11.245714,8,904.246886
10.875263,37,904.523745
10.67,26,904.71792
10.856316,14,904.827306
10.758684,23,904.996894
10.665526,29,905.210822
10.500294,48,905.571687
11.022368,25,905.758338
11.091053,26,905.948793
10.973684,20,906.096389
10.514211,25,906.285514
10.922632,26,906.477389
10.598421,25,906.658925
10.976667,18,906.789277
11.076579,31,907.019225
10.944524,13,907.117899
10.508684,24,907.300571
11.082273,9,907.366098
11.269091,8,907.424625
10.832895,25,907.61003
10.743158,24,907.787572
10.702105,28,907.995071
11.168684,21,908.153049
11.023421,29,908.365794
10.650526,23,908.534145
10.800789,23,908.709607
11.068205,12,908.795675
11.026667,8,908.855494
10.731905,6,908.898639
10.896053,25,909.086415
10.653718,10,909.161291
11.995,1,909.169082
10.814474,26,909.359105
10.879474,22,909.525716
10.838421,26,909.715927
10.747632,21,909.873313
10.881579,30,910.089279
11.641667,5,910.12674
10.739872,11,910.208263
10.980263,25,910.389185
10.848421,24,910.569711
10.79,33,910.808978
10.556316,25,910.993521
10.999545,11,911.075305
10.781154,13,911.167644
10.328333,1,911.176603
10.738684,27,915.408097
11.046842,18,915.543472
10.456579,26,915.72966
10.421842,23,915.897202
10.870526,28,916.105332
10.725526,17,916.227477
10.663421,21,916.385146
10.773158,18,916.519939
10.388684,17,916.645691
10.599474,29,916.861157
10.819121,12,916.949183
10.826316,20,917.101532
10.758684,23,917.271335
10.713824,19,917.414442
10.460263,31,917.647995
10.769737,25,917.83134
11.313333,4,917.860977
10.987222,7,917.914687
10.969211,23,918.080127
11.995,1,918.08817
10.911579,24,918.264626
11.189737,21,918.417403
11.175,5,918.454293
10.906053,23,918.623122
10.842368,21,918.782713
10.932632,24,918.961535
11.178684,19,919.099661
10.713158,30,919.329793
10.760789,31,919.553405
10.570789,20,919.705168
11.026842,22,919.869817
11.243333,18,920.001894
10.914359,12,920.087696
10.776316,30,920.310364
10.778684,19,920.447516
10.878421,18,920.58251
10.896053,25,920.767216
10.944737,30,920.990349
10.822895,27,921.1901
11.026842,22,921.353256
11.323333,2,921.368867
11.073421,19,921.509873
10.704474,17,921.637887
11.417179,14,921.741732
10.657895,20,921.891553
10.508947,36,922.16163
10.642368,21,922.3203
11.112857,6,922.365427
10.546316,27,922.562207
10.568399,21,922.713569
10.648947,26,922.903076
10.775263,26,927.147764
10.806316,24,927.322854
10.810789,21,927.478179
10.438421,26,927.668967
10.746842,29,927.886083
11.020556,7,927.939118
10.986667,16,928.058276
7.546842,50,928.427516
10.788333,9,928.493657
10.918333,13,928.585531
10.990303,8,928.644895
10.989211,19,928.779733
10.613158,50,929.148641
10.910526,20,929.29472
10.806316,24,929.471706
10.616842,24,929.65597
10.712105,26,929.847887
9.056316,31,930.075113
10.826316,20,930.220201
10.687222,7,930.272578
11.033421,27,930.466468
10.661667,1,930.474602
10.800789,23,930.644485
10.827143,6,930.688621
11.25803,9,930.756557
10.910526,20,930.901981
10.941579,18,931.035266
11.189286,5,931.070375
11.068205,12,931.158318
10.906053,23,931.328057
11.047647,14,931.432404
11.091515,12,931.523353
10.68817,14,931.62503
11.098846,11,931.706044
11.036667,6,931.749332
10.885,23,931.917968
10.927105,23,932.093845
10.779737,23,932.265428
10.906053,23,932.432426
10.478684,30,932.655872
11.152105,18,932.792747
10.898333,7,932.844311
10.822895,27,933.044398
10.849474,28,933.249266
10.958571,14,933.350936
11.021316,21,933.506894
10.811795,12,933.594424
10.805263,20,933.739626
10.816316,22,933.897451
10.848421,24,934.074905
10.884211,31,934.309541
11.201842,27,934.506817
10.673421,19,938.685201
9.99,2,938.70095
11.021316,21,938.862013
10.975789,28,939.069031
11.249091,12,939.158112
10.889474,20,939.313049
11.313333,4,939.348937
11.323333,2,939.36995
10.758684,23,939.558818
10.558947,26,939.748365
11.015606,9,939.813143
10.540526,14,939.908489
10.852895,21,940.061469
10.979211,21,940.215671
10.774211,22,940.381221
10.694286,4,940.409856
10.790789,25,940.64149
10.759737,27,940.851998
11.138684,27,941.052961
10.486579,20,941.198255
10.716579,23,941.371446
10.937105,21,941.52302
10.743158,24,941.699951
10.865,27,941.897714
11.044474,29,942.111468
10.975641,10,942.189906
11.017895,28,942.401091
10.858421,22,942.567041
10.915455,6,942.611248
11.071111,8,942.671274
9.99,2,942.686556
10.921579,22,942.850057
10.969211,23,943.018311
10.817368,26,943.209573
11.232051,10,943.283464
10.368947,33,943.527815
10.808485,8,943.587384
11.085526,25,943.778646
10.938158,25,943.967067
10.914211,25,944.145517
10.890526,24,944.331113
10.764211,24,944.511032
11.19,2,944.525285
11.016842,24,944.706939
10.879474,22,944.868788
10.897105,29,945.089036
10.980263,25,945.273999
10.810789,21,945.426503
11.066212,11,945.508299
10.906053,23,945.677798
10.636667,6,945.71971
11.201842,27,945.918398
10.753158,22,946.081256
11.176667,18,946.212739
10.656667,2,946.22697
11.141667,5,950.341173
11.000263,21,950.49716
10.753235,17,950.621168
10.698158,24,950.792817
10.805033,22,950.955394
10.895455,10,951.030782
10.734211,30,951.255644
10.799737,19,951.563235
10.955,9,951.716027
10.555263,21,951.910239
11.043421,25,952.09277
10.994737,20,952.237122
10.585,3,952.259697
10.985,3,952.282825
10.832143,5,952.320848
10.851842,17,952.446882
10.616842,24,952.624566
10.985,3,952.647429
10.836316,18,952.778555
10.674474,23,952.954191
10.639474,21,953.10652
10.736579,19,953.248445
10.985789,26,953.438247
10.848889,8,953.499117
10.758684,23,953.67007
10.226579,23,953.838773
10.776316,30,954.058383
10.810789,21,954.21349
10.985,3,954.236513
10.511842,36,954.503198
10.731316,30,954.727346
10.979211,21,954.889963
10.746579,17,955.012195
10.401316,145,956.09011
10.822059,15,956.196392
10.399474,20,956.342694
10.943684,26,956.5332
10.911579,24,956.708754
10.742105,20,956.857902
10.636667,6,956.902764
10.694474,19,957.038933
11.23803,13,957.139143
10.537368,33,957.382099
10.705526,21,957.536041
11.037895,24,957.715532
11.995,1,957.723392
10.733158,26,957.916429
10.661579,25,958.099819
10.885,23,962.398762
10.403421,24,962.577314
10.576316,21,962.731026
10.588421,27,962.933085
10.973684,20,963.079028
11.113636,10,963.152419
10.810789,21,963.310336
10.678947,20,963.454877
11.112857,6,963.502081
10.661667,1,963.509485
10.918158,29,963.725992
10.778684,19,963.869238
11.044474,29,964.085364
10.688947,18,964.214351
10.477368,14,964.319209
10.565385,10,964.391987
10.596667,14,964.495021
10.815263,18,964.624023
10.276316,32,964.862064
10.317368,28,965.065894
10.746579,17,965.196563
10.921579,22,965.3592
10.758187,11,965.444595
10.662386,27,965.644615
10.742105,20,965.789789
11.021923,11,965.870914
10.696667,14,965.97749
11.143158,24,966.154979
11.117632,27,966.350317
10.919152,15,966.462894
10.795263,22,966.630063
10.177895,18,966.763596
10.673421,19,966.897984
10.985789,26,967.088363
10.540789,26,967.282269
10.928158,27,967.479977
10.622368,25,967.665724
10.688947,18,967.801708
10.930476,12,967.890527
11.995,1,967.898716
9.75,1,967.905017
10.748684,25,968.091706
10.831842,21,968.245054
10.589211,19,968.390123
10.514211,25,968.573637
11.074474,23,968.742907
10.76,8,968.799066
10.635526,35,969.062968
10.911579,24,969.246026
10.732105,22,969.409283
10.817368,26,969.610059
10.820789,19,969.756917
10.712632,19,969.910743
10.869474,24,974.149082
11.09,22,974.314986
10.897033,14,974.416938
11.395,1,974.424698
10.968158,19,974.60865
10.996023,16,974.73698
10.473684,22,974.901067
10.872895,17,975.023578
10.968158,19,975.167742
10.616842,24,975.345495
11.053421,23,975.516839
10.836316,18,975.649461
10.739737,31,975.877803
10.550789,24,976.051249
10.778684,19,976.188704
11.170789,29,976.406243
10.549211,27,976.603498
10.678947,20,976.754185
11.007941,19,976.894599
10.841842,19,977.035588
10.594737,20,977.183042
10.741316,28,977.388191
10.778684,19,977.523759
10.791667,16,977.639489
10.755789,23,977.814291
10.947105,19,977.9533
11.015789,20,978.096818
10.619474,25,978.282233
10.950989,12,978.368853
10.835526,26,978.562358
10.832895,25,978.748642
10.78,4,978.779122
10.916053,21,978.934099
10.788684,17,979.059942
11.175,5,979.096581
10.971316,31,979.331623
10.872105,25,979.520086
11.000263,21,979.675254
10.568158,19,979.814653
10.995789,24,979.994365
10.640526,25,980.177644
6.939211,45,980.501979
10.667895,18,980.636301
11.095526,23,980.810681
11.021316,21,980.964355
11.016842,24,981.141281
11.071053,30,981.363297
10.973684,20,981.511191
10.921579,22,985.656584
10.425263,16,985.773086
11.241667,15,985.88819
10.799737,19,986.026974
10.917632,18,986.163225
10.906053,23,986.331388
9.75,1,986.337997
11.125526,17,986.465518
10.808889,16,986.583666
10.615789,20,986.730793
10.688947,18,986.86674
10.813421,22,987.025526
10.812059,17,987.154845
10.786842,21,987.309112
10.687105,22,987.473136
9.75,1,987.481207
10.378333,12,987.571556
10.873947,21,987.725384
10.832895,25,987.913329
10.878421,18,988.045054
11.211842,25,988.227683
10.570789,20,988.379445
10.889474,20,988.52314
10.974737,24,988.698717
10.915,17,988.823155
11.022368,25,989.007507
10.816316,22,989.168547
11.995,1,989.17588
10.811795,12,989.266115
10.863947,23,989.433928
10.841667,15,989.548718
11.182222,8,989.608945
10.933684,28,989.814295
10.796842,19,989.95166
10.916053,21,990.110409
10.604545,10,990.183483
11.026842,22,990.345268
11.016842,24,990.529629
10.763158,20,990.678297
10.876053,29,990.891868
10.791154,11,990.971541
11.072857,14,991.075685
10.612368,27,991.280801
10.852436,9,991.346236
10.963684,22,991.506204
10.903947,15,991.616818
10.688158,26,991.803286
10.927105,23,991.97315
11.202222,4,992.001066
10.553684,24,992.181213
9.75,1,992.188103
10.595,1,992.196966
10.661667,1,992.204931
10.580789,18,992.339942
10.661667,1,992.347667
10.844286,14,992.454166
10.684474,21,992.612063
10.766842,25,992.804183
10.821842,23,992.973452
10.652368,19,993.118024
10.942632,22,997.278123
10.800789,23,997.448471
10.863947,23,997.627197
11.032619,3,997.649186
10.656053,24,997.826651
10.716579,23,998.000518
11.153158,22,998.162174
10.811842,25,998.344301
11.046667,4,998.374061
11.308333,15,998.486644
10.747632,21,998.646657
10.936818,9,998.713009
10.541429,6,998.75631
10.720556,7,998.806859
10.875,25,998.989475
10.44,23,999.162933
10.590263,23,999.332478
10.747632,21,999.49033
10.954737,28,999.699141
10.541579,18,999.833398
10.865526,20,1000.014994
10.606667,12,1000.102051
11.036842,20,1000.250017
10.760513,12,1000.33756
11.995,1,1000.345046
10.927105,23,1000.512694
10.963684,22,1000.673619
11.117632,27,1000.872286
10.678947,20,1001.023238
10.920476,14,1001.153482
10.83,25,1001.357304
10.868421,20,1001.50313
11.122105,24,1001.679501
10.809737,17,1001.804913
10.791154,11,1001.887893
10.988824,14,1001.992254
10.736579,19,1002.130743
11.000263,21,1002.287481
11.036111,15,1002.399634
10.735526,15,1002.518919
11.172121,8,1002.580279
10.681111,6,1002.624401
11.085526,25,1002.80777
11.122857,4,1002.837831
10.890526,24,1003.016499
10.550789,24,1003.193314
10.873947,21,1003.34982
10.694474,19,1003.492818
10.438947,19,1003.633582
10.474795,22,1003.800002
10.311842,27,1003.999596
10.584737,22,1004.157436
10.731053,18,1004.295183
10.841765,14,1004.401362
11.342632,22,1004.565401
10.747632,21,1004.72448
10.906053,23,1008.91986
10.873947,21,1009.074941
10.585,3,1009.097789
10.774211,22,1009.262902
11.096579,27,1009.465996
10.989211,19,1009.605281
10.994737,20,1009.755239
11.323333,2,1009.770079
10.655588,13,1009.864896
11.098947,16,1009.991834
10.778684,19,1010.137832
10.615789,20,1010.28617
10.704474,17,1010.410843
10.775165,12,1010.499673
11.041316,17,1010.623648
10.880588,18,1010.759992
10.932632,24,1010.941164
10.681053,28,1011.143636
10.995789,24,1011.321161
10.968158,19,1011.459584
10.859091,10,1011.533964
11.046842,18,1011.666117
11.158684,23,1011.837272
10.684474,21,1011.992702
10.626319,11,1012.101898
11.283947,19,1012.271322
10.804211,16,1012.394994
10.842895,23,1012.562434
10.990263,23,1012.73532
10.899474,18,1012.868468
11.078947,20,1013.017838
11.038901,12,1013.106646
11.995,1,1013.113656
10.987222,7,1013.17014
10.910526,20,1013.32198
10.465526,20,1013.47244
10.510263,21,1013.627578
10.836316,18,1013.760383
10.798684,15,1013.86768
11.232727,8,1013.925795
10.900526,22,1014.086176
11.066111,9,1014.150476
10.880526,26,1014.345028
10.989211,19,1014.490715
10.736579,19,1014.653822
10.809737,17,1014.779415
10.784211,20,1014.927883
10.901536,21,1015.084121
11.179286,7,1015.137335
9.99,2,1015.15175
11.253889,7,1015.203289
10.722018,17,1015.337399
11.115526,19,1015.477116
10.932381,4,1015.506938
10.830789,17,1015.631392
10.863947,23,1015.806633
10.695526,23,1015.974793
10.947105,19,1016.111427
10.328333,1,1016.118987
11.085526,25,1016.305537
10.875,25,1016.528278
10.763158,20,1020.6953
10.801364,7,1020.747568
10.909474,16,1020.862922
11.095526,23,1021.032945
10.639762,13,1021.130305
10.412368,18,1021.263264
11.042255,19,1021.406733
10.661667,1,1021.414368
10.744737,21,1021.571661
10.949211,27,1021.772406
10.747632,21,1021.925957
10.821795,10,1021.998173
11.101515,10,1022.071485
10.742105,20,1022.219393
11.142105,20,1022.366783
10.747778,6,1022.41288
11.015789,20,1022.559182
11.190789,25,1022.746426
10.576316,21,1022.904869
10.969211,23,1023.072608
10.973684,20,1023.226618
11.125588,19,1023.369586
10.985,3,1023.39139
10.741053,16,1023.511709
10.798333,7,1023.565474
10.788333,9,1023.631642
10.866667,20,1023.781946
10.785263,24,1023.962113
10.54,12,1024.051581
10.947105,19,1024.193664
11.112857,6,1024.238692
11.081111,6,1024.283441
10.810789,21,1024.631818
10.447105,21,1024.790673
10.688947,18,1024.927769
10.842436,11,1025.005568
11.169737,25,1025.189873
10.708158,22,1025.352624
10.688947,18,1025.48813
10.906053,23,1025.662586
10.510455,7,1025.715578
9.99,2,1025.730558
10.983684,18,1025.866262
10.576316,21,1026.022328
10.926053,19,1026.159905
10.611176,17,1026.28708
11.158684,23,1026.455285
10.917105,25,1026.637466
11.073421,19,1026.775823
11.136579,19,1026.918333
11.010263,19,1027.059677
10.656667,2,1027.074214
10.980263,25,1027.26047
11.096579,27,1027.461218
10.793158,14,1027.566044
10.543684,26,1027.750754
10.705526,21,1027.909735
10.524211,23,1028.078984
10.626842,22,1028.24108
10.889474,20,1028.386174
10.984737,22,1032.582822
11.078947,20,1032.73296
10.883947,19,1032.874703
11.142105,20,1033.020032
11.403571,5,1033.056697
10.891579,28,1033.265859
10.838421,26,1033.460673
10.782368,24,1033.646111
10.424444,4,1033.676802
10.643158,44,1033.998957
10.642368,21,1034.154631
10.739211,20,1034.297349
11.1,20,1034.445074
11.105526,21,1034.601553
10.560789,22,1034.767212
10.652368,19,1034.90667
10.809737,17,1035.041019
10.867368,16,1035.185759
10.919474,14,1035.303557
11.385,3,1035.330153
10.573684,20,1035.483835
11.112857,6,1035.528688
10.753158,22,1035.691342
11.078947,20,1035.842798
10.786316,28,1036.057509
10.869091,8,1036.116494
10.704474,17,1036.243597
10.643947,18,1036.376864
10.523333,2,1036.391594
10.620263,17,1036.514306
10.858421,22,1036.675714
10.806316,24,1036.852657
10.821842,23,1037.030185
11.058947,24,1037.202537
10.985789,26,1037.387589
10.973684,20,1037.536162
10.952632,20,1037.68469
10.592222,6,1037.727372
11.106813,16,1037.843349
10.973684,20,1037.99017
11.005789,22,1038.150325
11.122857,4,1038.181718
10.758684,23,1038.348243
10.250526,23,1038.513252
10.924359,10,1038.587277
11.046842,18,1038.721469
10.626667,8,1038.780988
10.968158,19,1038.920423
10.947105,19,1039.060135
10.97,6,1039.104035
11.073421,19,1039.24919
10.889474,20,1039.399757
11.213095,5,1039.436425
10.907033,12,1039.525488
10.692632,23,1039.694656
11.102614,20,1039.841608
10.922632,26,1040.033711
10.789737,21,1044.219561
11.313333,4,1044.249244
10.656667,2,1044.268008
11.042368,21,1044.421045
11.437179,10,1044.497053
10.862895,19,1044.641051
11.011316,23,1044.811491
10.948158,23,1044.987193
10.808485,8,1045.046336
10.504883,23,1045.21687
10.695526,23,1045.38871
10.842436,11,1045.468786
10.684286,6,1045.511005
10.942632,22,1045.675357
10.925789,38,1045.962836
10.931579,20,1046.113997
10.809737,17,1046.238917
10.921579,22,1046.400598
10.969211,23,1046.567064
10.661667,1,1046.574937
10.795263,22,1046.738523
10.848421,24,1046.92038
10.938158,25,1047.105116
10.682632,25,1047.287187
10.852614,21,1047.444638
11.081111,6,1047.492158
10.611842,16,1047.606986
10.985,3,1047.631387
10.826053,39,1047.92246
10.830789,17,1048.050821
10.847368,20,1048.199432
10.532368,25,1048.380704
10.777632,15,1048.49868
10.837368,22,1048.664836
10.804211,16,1048.779121
10.932381,4,1048.807294
10.869474,24,1048.986639
11.19,2,1049.001369
10.880526,26,1049.199041
10.805263,20,1049.353097
11.111053,22,1049.517778
11.221842,23,1049.697181
10.328333,1,1049.704742
10.895,21,1049.86122
10.507632,20,1050.010005
11.067895,18,1050.143326
10.861842,15,1050.254468
11.385,3,1050.275224
10.900526,22,1050.438696
10.792368,22,1050.601257
10.683421,17,1050.730922
10.626842,22,1050.882395
10.848421,24,1051.062512
11.323333,2,1051.077713
11.021316,21,1051.234819
10.783421,28,1051.437204
10.931579,20,1051.583389
10.952632,20,1051.731607
10.942632,22,1055.942546
10.673421,19,1056.0874
10.562632,18,1056.220518
11.313333,4,1056.250252
10.958158,21,1056.409141
10.832727,8,1056.46864
10.941579,18,1056.602614
10.853947,25,1056.790811
10.563333,14,1056.892921
10.825033,18,1057.026711
10.985,3,1057.050428
10.467473,12,1057.139754
10.979211,21,1057.297964
11.015789,20,1057.447338
10.921579,22,1057.615506
10.853947,25,1057.801043
10.857368,18,1057.931679
10.953684,24,1058.104272
10.778684,19,1058.247203
10.758684,23,1058.412013
10.971579,12,1058.501667
10.951579,16,1058.617909
10.954737,28,1058.82749
10.656667,2,1058.842885
11.385,3,1058.866577
10.631667,7,1058.918766
10.798485,10,1058.990272
10.715952,13,1059.087168
10.586026,11,1059.169857
10.741667,15,1059.281836
10.838421,26,1059.47102
11.078947,20,1059.615504
10.905,19,1059.760784
11.01,38,1060.043661
11.131053,18,1060.175606
10.937105,21,1060.333702
10.731053,18,1060.503632
10.926053,19,1060.646142
11.005789,22,1060.808959
10.631316,19,1060.94854
11.021316,21,1061.100542
11.032368,23,1061.270958
10.76,8,1061.329942
10.899474,18,1061.466378
10.972632,16,1061.621959
10.926053,19,1061.786938
11.155294,16,1061.907552
10.757632,19,1062.049649
10.810789,21,1062.206852
11.196316,26,1062.40039
11.015789,20,1062.548612
10.905,19,1062.691591
11.99,2,1062.706981
10.610263,19,1062.845522
10.773158,18,1062.97271
11.052368,19,1063.112828
10.804211,16,1063.231014
10.882895,15,1063.342526
10.827143,6,1063.386779
11.307105,27,1067.600833
10.71,18,1067.737574
10.552143,12,1067.828265
10.986023,18,1067.962701
10.587105,11,1068.045728
10.942632,22,1068.214872
10.774211,22,1068.3769
10.746579,17,1068.532786
11.323333,2,1068.551636
10.492105,21,1068.717847
11.042368,21,1068.870045
11.016842,24,1069.047747
9.488421,51,1069.421663
10.883947,19,1069.567446
10.858421,22,1069.734586
10.760714,5,1069.773567
10.673421,19,1069.916671
10.926053,19,1070.05572
10.748684,25,1070.245677
11.185,3,1070.266881
10.889474,20,1070.417119
10.581667,17,1070.556181
11.065879,11,1070.635115
10.39,2,1070.649453
10.906429,13,1070.743599
10.857368,18,1070.880094
10.762105,16,1071.001445
10.888684,28,1071.203617
11.073421,19,1071.344149
9.75,1,1071.350235
10.845033,14,1071.457598
10.978158,17,1071.583817
10.575673,23,1071.752466
10.79,2,1071.766473
11.08,24,1071.946257
10.962632,18,1072.081995
10.570789,20,1072.231888
11.995,1,1072.238916
10.760714,5,1072.275803
10.851842,17,1072.401546
10.643297,12,1072.493664
10.737632,23,1072.66907
11.073421,19,1072.810444
10.110263,21,1072.970146
10.562632,18,1073.10514
10.788889,20,1073.252243
11.082273,9,1073.321725
10.998333,17,1073.446666
10.989211,19,1073.584997
10.741209,10,1073.657307
10.741905,4,1073.687425
10.972632,16,1073.807649
10.673421,19,1073.948425
10.661667,1,1073.9555
10.569211,23,1074.132633
10.962632,18,1074.268616
10.862895,19,1074.410704
10.841842,19,1074.553466
11.077059,14,1074.658562
10.647895,22,1074.829653
10.967222,11,1074.912502
10.994737,20,1075.064278
10.800789,23,1079.296554
10.912544,21,1079.453625
10.990263,23,1079.62938
11.030556,5,1079.66302
9.99,2,1079.679031
10.651667,3,1079.701194
10.820789,19,1079.844825
10.889474,20,1079.993887
9.75,1,1080.001843
10.922381,6,1080.047179
11.135882,14,1080.151785
11.283333,10,1080.226393
10.721053,20,1080.378286
10.959211,25,1080.5669
10.826316,20,1080.717913
10.920526,18,1080.849624
10.837368,22,1081.050578
11.11,18,1081.190813
10.957105,17,1081.313282
10.490526,24,1081.493876
10.767632,17,1081.62084
11.112857,6,1081.666124
10.810789,21,1081.824028
11.004945,10,1081.899039
11.302637,12,1081.985568
10.611053,24,1082.158075
11.1,20,1082.307734
10.802143,11,1082.392559
10.796316,26,1082.590931
10.810789,21,1082.746881
10.857368,18,1082.87875
10.768095,14,1082.982991
10.705526,21,1083.138504
10.979211,21,1083.289873
10.958158,21,1083.440827
10.981895,18,1083.570827
10.625,26,1083.761549
10.826316,20,1083.907406
11.130128,15,1084.019232
10.615789,20,1084.165157
10.614737,16,1084.289085
11.011316,23,1084.461326
10.885,23,1084.635309
10.921579,22,1084.796493
11.24,23,1084.969659
10.583684,18,1085.105738
11.000263,21,1085.25837
10.767632,17,1085.384553
10.905,19,1085.524811
11.037564,13,1085.62163
10.972632,16,1085.740375
10.958158,21,1085.8973
10.880882,15,1086.009741
10.825263,16,1086.128398
11.227727,9,1086.198393
10.799737,19,1086.336135
11.243889,9,1086.400532
10.632368,23,1086.573721
10.941579,18,1086.70919
11.083421,17,1086.832419
11.126579,21,1091.014677
10.875,25,1091.203319
10.874091,7,1091.253639
10.985,3,1091.275564
11.058947,24,1091.454731
11.032619,3,1091.48105
10.868421,20,1091.63105
10.767632,17,1091.757131
10.815263,18,1091.891168
10.747879,8,1091.951641
10.577368,25,1092.134634
11.995,1,1092.141514
10.926053,19,1092.283494
11.155,9,1092.352492
10.937105,21,1092.512083
10.822368,16,1092.628401
10.694474,19,1092.757554
11.258421,22,1092.915171
11.189737,21,1093.066795
10.952632,20,1093.213695
10.826316,20,1093.359444
10.841842,19,1093.499519
10.967105,15,1093.613666
10.965641,12,1093.699795
10.865,27,1093.901312
10.508684,24,1094.079426
10.868421,20,1094.226388
10.937105,21,1094.385465
11.047353,17,1094.509837
10.555263,21,1094.666692
10.769737,25,1094.859911
11.995,1,1094.86765
11.136818,9,1094.933631
10.651667,13,1095.030728
11.187747,13,1095.12567
10.623947,22,1095.290388
10.562632,18,1095.422104
10.678947,20,1095.593517
11.037895,24,1095.782878
10.695936,20,1095.928074
11.18,4,1095.957764
10.46,19,1096.101793
10.688947,18,1096.237394
10.773158,18,1096.374541
11.032368,23,1096.545498
10.851842,17,1096.669895
10.900526,22,1096.830781
10.673421,19,1096.975098
10.766601,14,1097.079611
10.661667,1,1097.0873
11.168684,21,1097.244123
10.919697,10,1097.318434
11.016842,24,1097.497003
10.742105,20,1097.646712
11.020263,17,1097.769233
10.810789,21,1097.923884
10.761316,24,1098.100154
11.195263,22,1098.261776
10.885,23,1098.435597
10.906053,23,1102.672794
10.636842,20,1102.822469
11.225238,14,1102.930475
10.937778,8,1102.989067
10.321842,25,1103.176468
10.195,1,1103.183969
11.18,4,1103.215334
11.010263,19,1103.357422
10.877368,14,1103.46313
11.035789,16,1103.585416
10.652368,19,1103.721962
11.032807,18,1103.854223
11.233529,18,1103.98591
11.001316,25,1104.169337
10.759737,27,1104.368262
11.037353,19,1104.507791
11.178684,19,1104.647462
10.968158,19,1104.789743
10.588421,27,1104.995032
10.71,18,1105.131094
11.005789,22,1105.501616
10.872895,17,1105.626906
10.505,19,1105.765435
11.026923,10,1105.838766
10.820789,19,1105.977709
10.941579,18,1106.110304
11.137632,23,1106.274181
10.899474,18,1106.40993
10.774211,22,1106.577182
10.683421,17,1106.703799
10.858421,22,1106.866575
10.996111,23,1107.0375
10.815263,18,1107.173688
10.852895,21,1107.331904
9.566765,25,1107.514971
11.084474,21,1107.674576
11.051316,15,1107.785867
10.610263,19,1107.925534
11.323333,2,1107.941595
10.932381,4,1107.972106
10.77,6,1108.01849
10.705526,21,1108.172581
11.313333,4,1108.201547
10.895,21,1108.356474
11.046842,18,1108.487989
10.723684,21,1108.647254
11.323333,2,1108.662531
11.021316,21,1108.822823
10.799737,19,1108.964476
10.831842,21,1109.113048
10.815263,18,1109.246963
11.081111,6,1109.294114
10.847368,20,1109.442169
10.898333,7,1109.493999
10.820789,19,1109.637115
10.955752,18,1109.767617
11.446842,18,1109.904345
11.398571,6,1109.947738
11.995,1,1109.955107
10.706579,25,1110.14149
11.015789,20,1110.286495
10.820789,19,1110.427371
10.869248,17,1114.617714
10.391316,18,1114.751089
11.036842,20,1114.898539
10.779737,23,1115.063044
10.846099,11,1115.147385
11.153158,22,1115.312565
10.905455,8,1115.374995
10.681579,21,1115.530884
10.809737,17,1115.654839
10.869474,24,1115.82983
10.851842,17,1115.959055
10.941579,18,1116.090434
10.747632,21,1116.244796
10.657895,20,1116.395874
10.939412,18,1116.531478
9.99,2,1116.546901
11.167632,17,1116.671067
10.71,18,1116.801876
11.000263,21,1116.957957
10.952632,20,1117.101299
10.934524,15,1117.2118
11.335476,11,1117.291325
10.611842,16,1117.409138
11.995,1,1117.417008
9.75,1,1117.423686
10.745409,17,1117.553279
10.585,3,1117.5753
10.889248,13,1117.672364
10.76,8,1117.732785
10.799737,19,1117.870311
11.083421,17,1117.994416
10.724118,14,1118.09732
10.916053,21,1118.255277
10.661667,1,1118.262605
10.541818,8,1118.31995
10.656667,2,1118.33429
10.958158,21,1118.491438
10.984737,22,1118.655578
10.626842,22,1118.818652
10.837368,22,1118.9789
10.833788,9,1119.044137
10.851842,17,1119.166837
11.015789,20,1119.314481
11.173158,18,1119.445287
10.741905,4,1119.475762
10.869091,8,1119.537539
10.910526,20,1119.68501
10.676053,20,1119.834248
11.020263,17,1119.961799
11.004737,18,1120.090029
10.804211,16,1120.208633
11.000263,21,1120.366509
11.057895,20,1120.510542
10.739211,20,1120.67434
10.768684,21,1120.860501
10.985,3,1120.883101
10.885,13,1120.980319
10.906053,23,1121.152203
10.870526,28,1121.356366
10.631754,14,1121.461879
10.716579,23,1121.636736
10.844286,14,1121.738966
10.936053,17,1121.907069
10.931579,20,1122.098239
11.147632,21,1126.270124
10.846099,11,1126.349581
10.895,21,1126.503228
11.026842,22,1126.667435
11.541429,6,1126.713084
10.478421,18,1126.844358
10.792193,17,1126.968543
10.789737,21,1127.121736
10.931579,20,1127.27153
11.041667,15,1127.385762
11.995,1,1127.393435
10.999211,17,1127.513289
10.942632,22,1127.675524
10.682632,25,1127.861854
10.778684,19,1128.005406
10.858889,6,1128.049834
10.672368,15,1128.164308
11.000263,21,1128.328504
10.826316,20,1128.498958
11.016111,19,1128.656182
10.905455,8,1128.737543
10.69,22,1128.956175
10.869474,24,1129.15965
11.323333,2,1129.176922
11.1,20,1129.347963
11.131667,7,1129.402275
10.757632,19,1129.560356
10.69,22,1129.744089
11.051316,15,1129.87059
9.75,1,1129.878447
10.873947,21,1130.059749
11.14,12,1130.160899
11.031316,19,1130.316072
10.760513,12,1130.419614
10.985,3,1130.444578
10.705526,21,1130.623495
11.269477,18,1130.783421
11.031316,19,1130.937518
11.006667,12,1131.03954
10.713684,23,1131.233649
10.916053,21,1131.414072
10.951579,16,1131.546136
10.854286,12,1131.646299
11.258421,22,1131.827288
10.687105,22,1132.015679
10.962632,18,1132.163774
9.75,1,1132.171715
11.303333,6,1132.223754
10.663421,21,1132.400053
11.038947,28,1132.636275
10.883947,19,1132.795757
10.829737,13,1132.901992
10.878421,18,1133.055305
11.11,18,1133.206153
11.115526,19,1133.360972
10.877368,14,1133.475566
11.288421,16,1133.613044
11.122857,4,1133.652324
11.465152,10,1133.736802
10.895,21,1133.914883
10.684474,21,1134.091805
10.926053,19,1134.243522
10.893947,17,1134.389447
10.989211,19,1134.557035
10.767632,17,1138.75647
10.985,3,1138.782192
11.231842,21,1138.959751
10.328333,1,1138.968164
10.883947,19,1139.124005
11.137632,23,1139.322077
11.073421,19,1139.479716
10.947105,19,1139.640857
10.742105,20,1139.81283
10.789737,21,1139.991861
10.795585,21,1140.172312
11.015789,20,1140.341823
10.947105,19,1140.506915
10.791364,9,1140.584135
10.939412,18,1140.736546
11.051316,15,1140.861566
10.931579,20,1141.027399
10.939608,16,1141.173703
10.812647,11,1141.304973
11.153158,22,1141.495245
11.005789,22,1141.671867
10.983684,18,1141.822501
11.651667,3,1141.847672
11.152105,18,1142.003787
11.104474,17,1142.14238
11.046842,18,1142.291788
10.694474,19,1142.451014
11.027895,26,1142.676445
10.576111,7,1142.732399
10.900526,22,1142.916803
10.973684,20,1143.084155
10.979211,21,1143.266412
10.842436,11,1143.356204
11.131667,7,1143.412225
11.077895,16,1143.552548
10.883947,19,1143.715802
10.768095,14,1143.834939
10.550263,31,1144.093791
11.057895,20,1144.268553
10.889474,20,1144.43871
11.104474,17,1144.578387
10.730458,16,1144.712285
11.015789,20,1144.879668
10.947105,19,1145.041097
10.783158,16,1145.172741
10.941579,18,1145.326147
10.662368,17,1145.504711
10.895,21,1145.699458
10.475,5,1145.739784
11.003684,14,1145.852448
11.010263,19,1146.014538
10.96,8,1146.081441
11.025789,18,1146.234499
10.910526,20,1146.395214
10.705526,21,1146.568616
10.790789,25,1146.780843
11.015789,20,1146.952894
11.270526,28,1147.190905
11.050909,8,1147.256924
10.941579,18,1147.401009
11.028039,14,1151.58026
10.910526,20,1151.749919
10.841842,19,1151.909973
10.848421,24,1152.113452
10.948158,23,1152.311831
10.728636,7,1152.368055
10.889474,20,1152.538887
10.763182,11,1152.631826
11.043421,25,1152.841276
11.067895,18,1152.996603
11.58,4,1153.029958
10.858421,22,1153.212583
10.62781,13,1153.320496
10.957105,17,1153.458273
10.625789,18,1153.613954
11.995,1,1153.623394
10.716579,23,1153.81528
11.008039,18,1153.964707
11.243333,18,1154.117636
10.847368,20,1154.28343
10.868421,20,1154.451264
11.59,2,1154.469894
11.001316,25,1154.684692
10.73,14,1154.807092
10.902456,16,1154.944171
10.788684,17,1155.087228
11.126579,21,1155.262315
10.773158,18,1155.41679
10.953824,21,1155.589438
10.836316,18,1155.743062
10.883947,19,1155.941881
10.763158,20,1156.115162
10.497632,22,1156.294025
10.736579,19,1156.457369
10.947105,19,1156.618611
11.142105,20,1156.784545
10.938684,18,1156.938803
11.056842,16,1157.076562
11.196364,8,1157.143479
10.874091,7,1157.203336
10.905,19,1157.362252
10.859474,26,1157.580701
10.930526,16,1157.718733
10.43,25,1157.921238
10.785263,24,1158.123021
10.778684,19,1158.284279
10.910526,20,1158.45648
10.977967,11,1158.549197
10.715526,19,1158.707702
10.328333,1,1158.717017
10.852368,19,1158.878655
11.010263,19,1159.036414
10.656667,2,1159.05357
11.065879,11,1159.144867
9.75,1,1159.154317
10.841842,19,1159.318674
10.309737,19,1159.478415
10.647895,22,1159.656314
10.882895,15,1159.784472
10.584737,22,1159.972117
10.794211,18,1160.123876
10.508801,20,1164.306692
10.941579,18,1164.460984
10.731053,18,1164.613661
11.226316,20,1164.775615
10.846316,16,1164.911024
10.998824,12,1165.011905
10.944524,13,1165.121408
10.743158,24,1165.322296
10.677895,16,1165.453264
10.328333,1,1165.460962
10.656667,2,1165.476995
10.879474,22,1165.654072
10.962632,18,1165.802775
10.632895,16,1165.938825
10.777632,15,1166.060871
10.732105,22,1166.242967
10.688947,18,1166.399723
10.929697,8,1166.467235
11.147632,21,1166.647712
11.04,12,1166.751062
10.903464,18,1166.906322
10.795585,21,1167.076065
10.788684,17,1167.220905
10.478684,30,1167.472445
10.79,2,1167.488871
11.015789,20,1167.655502
11.242895,23,1167.852051
11.121053,20,1168.016777
11.000263,21,1168.200258
10.688947,18,1168.348666
10.967967,13,1168.459311
10.551429,4,1168.492046
11.094474,19,1168.650174
10.461053,23,1168.844509
11.205263,20,1169.016128
11.09598,22,1169.200451
10.587619,12,1169.301682
11.084474,21,1169.481625
10.78,4,1169.513534
11.251842,17,1169.656353
11.015789,20,1169.837627
11.213095,5,1169.88241
10.915,17,1170.027905
10.778684,19,1170.182971
10.610263,19,1170.343773
11.323333,2,1170.362021
10.661667,1,1170.371336
10.698947,16,1170.507439
10.705526,21,1170.688583
10.831795,8,1170.756284
10.185,3,1170.781479
11.076579,31,1171.039603
11.231842,21,1171.216356
10.582222,8,1171.28511
10.989211,19,1171.443619
10.969211,23,1171.632717
10.847368,20,1171.805052
11.785,3,1171.831566
10.937105,21,1172.006823
11.252895,21,1172.181404
10.678158,28,1172.418948
10.836316,18,1172.573873
10.629474,23,1172.769677
10.728158,18,1176.926477
10.788684,17,1177.072844
11.19,2,1177.089969
10.868421,20,1177.25781
10.999211,17,1177.401744
11.041316,17,1177.549997
11.095526,23,1177.744893
11.031316,19,1177.904485
10.601364,7,1177.962208
10.959412,14,1178.08392
11.465,7,1178.143021
10.726579,21,1178.321508
11.021316,21,1178.500291
11.036842,20,1178.672359
10.857368,18,1178.822404
10.694474,19,1178.977192
10.71,18,1179.128564
10.655294,16,1179.268095
10.831842,21,1179.445248
10.873947,21,1179.622782
10.905,19,1179.783538
10.857368,18,1179.93211
10.688947,18,1180.087004
10.872368,15,1180.210144
11.09,22,1180.395036
10.328333,1,1180.40311
10.732105,22,1180.588981
10.867368,16,1180.727586
11.209737,17,1180.874039
10.79,2,1180.893632
10.895,21,1181.0712
11.031316,19,1181.261468
10.385789,17,1181.415193
9.99,2,1181.433737
10.620263,17,1181.579296
11.026842,22,1181.762344
11.015789,20,1181.934711
11.18,4,1182.068213
10.957105,17,1182.30244
10.977967,11,1182.426194
10.815263,18,1182.626107
11.015789,20,1182.795895
10.833788,9,1182.867669
11.184211,20,1183.036387
10.931579,20,1183.209392
10.328333,1,1183.21852
11.026667,8,1183.284373
11.152105,18,1183.435647
10.560789,22,1183.620967
10.809737,17,1183.76235
11.005789,22,1183.949594
10.862895,19,1184.107681
11.189286,5,1184.149843
10.675,15,1184.274423
10.926053,19,1184.439285
10.499474,18,1184.589742
10.831765,16,1184.726677
10.910526,20,1184.896466
10.801154,9,1184.972618
10.990263,23,1185.164623
9.99,2,1185.18159
10.831842,21,1185.36395
10.683421,17,1185.506083
10.822895,27,1185.736767
10.784211,20,1189.965579
10.857368,18,1190.117306
11.052368,19,1190.278933
10.878421,18,1190.432801
11.152105,18,1190.585289
10.968158,19,1190.743801
10.842727,6,1190.793398
11.292647,15,1190.92017
10.857368,18,1191.070172
10.541579,18,1191.228071
10.641667,5,1191.274545
11.015789,20,1191.443325
11.299474,18,1191.587334
10.862895,19,1191.744967
10.910526,20,1191.909914
10.760714,5,1191.951415
10.878421,18,1192.103398
10.973684,20,1192.269816
10.836316,18,1192.419425
10.913571,3,1192.444391
10.757632,19,1192.600465
10.968158,19,1192.764087
10.636842,20,1192.928657
11.112614,18,1193.085818
10.661667,1,1193.094029
10.958158,21,1193.266862
10.778684,19,1193.421109
10.663421,21,1193.601373
10.862895,19,1193.758497
10.979211,21,1193.93197
10.730458,16,1194.064384
10.900526,22,1194.249326
10.840789,15,1194.379158
10.957105,17,1194.52782
10.922632,26,1194.74654
10.941579,18,1194.902532
10.995789,24,1195.099598
10.831842,21,1195.271183
10.746579,17,1195.41592
11.259091,10,1195.501316
10.861471,13,1195.610153
10.920526,18,1195.760089
10.727632,25,1195.970769
10.661667,1,1195.979667
10.988182,6,1196.030836
10.879474,22,1196.222167
10.905,19,1196.38508
11.035789,16,1196.520484
11.198684,15,1196.648083
10.741667,15,1196.77709
11.163158,20,1196.947487
10.868421,20,1197.115007
11.133791,15,1197.244396
10.895,21,1197.41851
10.885,23,1197.613014
11.043333,18,1197.762731
10.517632,18,1197.911381
11.062368,17,1198.05426
10.867368,16,1198.187816
10.789737,21,1198.360971
11.168684,21,1202.661782
10.825585,15,1202.788497
11.1,20,1202.955262
11.162105,16,1203.087342
10.985,3,1203.112526
11.015789,20,1203.2843
11.071111,8,1203.349757
11.136579,19,1203.50773
10.79619,16,1203.640362
10.550789,24,1203.841454
10.695526,23,1204.032352
10.951579,16,1204.165987
10.819737,15,1204.296711
10.674474,23,1204.491876
11.098947,16,1204.624206
9.75,1,1204.631625
10.843105,17,1204.768127
10.705526,21,1204.939578
11.223824,17,1205.086011
11.168684,21,1205.263675
10.774211,22,1205.44642
10.916053,21,1205.62643
10.958158,21,1205.849608
10.624737,14,1205.97166
10.684474,21,1206.142657
11.121053,20,1206.316256
11.010263,19,1206.4743
11.036842,20,1206.645632
11.102857,8,1206.716453
10.628421,19,1206.878428
10.815263,18,1207.030533
10.931579,20,1207.199749
10.730263,26,1207.415993
10.905,19,1207.578421
10.937105,21,1207.752437
10.724474,13,1207.866546
11.005789,22,1208.056663
10.899474,18,1208.210253
10.883947,19,1208.367424
10.586316,19,1208.532568
11.091053,26,1208.751247
11.995,1,1208.760215
11.052368,19,1208.92354
11.105526,21,1209.102738
11.136579,19,1209.260728
10.883947,19,1209.417651
11.255714,6,1209.470124
11.995,1,1209.478977
10.764211,24,1209.679965
10.661667,1,1209.687893
10.688947,18,1209.837722
11.214444,6,1209.886678
10.915,17,1210.077532
11.465,7,1210.147164
10.942632,22,1210.336679
10.952632,20,1210.504897
11.005789,22,1210.69071
10.994737,20,1210.857751
10.842436,11,1210.952901
10.78,4,1210.987655
11.661667,1,1210.996699
10.789737,21,1211.172258
10.677895,16,1211.31711
11.09,22,1215.600661
10.863077,12,1215.700639
11.042368,21,1215.882491
11.147632,21,1216.05693
10.852895,21,1216.232178
10.977222,9,1216.315364
10.910294,15,1216.476618
10.941579,18,1216.629806
10.969412,12,1216.732786
10.688947,18,1216.881754
10.683421,17,1217.025073
11.05881,13,1217.128665
10.935848,14,1217.247306
10.69,22,1217.434659
11.141053,16,1217.565352
10.872895,17,1217.704189
10.899474,18,1217.852364
10.631316,19,1218.011299
10.632895,16,1218.144864
11.005789,22,1218.326905
10.882895,15,1218.451969
10.906053,23,1218.647784
10.858421,22,1218.832548
10.98,4,1218.867239
11.026842,22,1219.052114
11.1,20,1219.226352
10.697273,6,1219.274178
10.886579,20,1219.44697
10.801364,7,1219.502464
10.867368,16,1219.643642
11.995,1,1219.652658
11.099835,13,1219.764452
10.872895,17,1219.91007
10.661667,1,1219.919012
10.885,23,1220.11092
10.899474,18,1220.263327
10.599211,17,1220.402167
10.931579,20,1220.571949
10.826316,20,1220.731362
10.933333,20,1220.90103
10.518684,22,1221.088634
10.718636,9,1221.164176
11.022619,5,1221.204795
11.168684,21,1221.38418
10.905,19,1221.545233
11.011316,23,1221.737521
10.984737,22,1221.920939
10.852895,21,1222.094456
10.852368,19,1222.253145
10.883947,19,1222.412342
10.489118,11,1222.505665
11.051316,15,1222.628294
10.785263,24,1222.837013
10.712632,19,1222.997983
10.969211,23,1223.188327
10.861842,15,1223.316905
10.974737,24,1223.519971
10.826316,20,1223.692979
10.778684,19,1223.854174
10.985,3,1223.882937
10.804211,16,1224.01709
11.073421,19,1228.22728
10.985,3,1228.253472
10.668947,22,1228.441631
11.995,1,1228.450057
10.667895,18,1228.592782
10.973684,20,1228.763166
10.857368,18,1228.913999
9.99,2,1228.931569
11.141053,16,1229.069143
10.989211,19,1229.228228
10.838947,19,1229.379412
10.903571,5,1229.419907
10.799737,19,1229.578518
11.353889,7,1229.638489
10.983684,18,1229.788141
11.194211,18,1229.941714
10.893947,17,1230.082809
10.895455,10,1230.16732
10.937105,21,1230.347806
10.778684,19,1230.513184
10.964737,26,1230.729861
10.760263,20,1230.903262
10.785263,24,1231.099505
10.731053,18,1231.25122
11.004737,18,1231.410732
10.792368,22,1231.602549
11.068947,22,1231.784277
11.062368,17,1231.953269
10.788684,17,1232.100408
11.995,1,1232.109468
11.995,1,1232.120456
10.889152,21,1232.299796
10.919444,5,1232.340925
11.014737,16,1232.475052
10.916053,21,1232.657114
11.091111,4,1232.690593
10.999211,17,1232.837495
10.773158,18,1232.99156
10.885,23,1233.18185
11.014737,16,1233.316077
10.941579,18,1233.468937
10.681579,21,1233.649299
11.106176,17,1233.792311
10.752105,18,1233.941939
10.718158,20,1234.113459
10.498529,15,1234.236531
10.868421,20,1234.408449
10.851842,17,1234.551794
10.694474,19,1234.714616
10.805585,19,1234.875057
10.830789,17,1235.019204
10.518684,22,1235.20635
10.963684,22,1235.396679
11.995,1,1235.404819
10.650098,19,1235.56341
11.112857,6,1235.615221
10.905455,8,1235.683861
11.008039,18,1235.834217
10.910526,20,1235.999453
11.253333,16,1236.129872
11.042368,21,1236.303693
10.328333,1,1236.31274
11.313333,4,1236.347671
10.920526,18,1236.495705
11.000263,21,1236.676006
11.170769,12,1236.780696
10.909474,16,1240.940811
8.969211,31,1241.203494
10.951579,16,1241.372105
10.795263,22,1241.559108
10.625789,18,1241.711981
10.683421,17,1241.855701
11.164211,24,1242.06094
10.877632,26,1242.284071
11.066111,9,1242.362186
11.094474,19,1242.577743
10.97,6,1242.643744
10.541579,18,1242.794146
10.879474,22,1242.974817
10.889474,20,1243.145225
10.910526,20,1243.312537
10.920526,18,1243.46438
11.293947,17,1243.613723
11.143158,24,1243.814864
10.936053,17,1243.955611
10.731053,18,1244.105473
10.883947,19,1244.265726
10.994945,12,1244.368697
11.056842,16,1244.505827
11.385,3,1244.531774
11.047647,14,1244.654324
10.815263,18,1244.808332
11.115526,19,1244.964521
10.65197,9,1245.042176
10.695526,23,1245.240681
10.968182,10,1245.327172
11.015789,20,1245.496102
10.741905,4,1245.531133
10.762105,16,1245.667442
10.760263,20,1245.834418
10.599211,17,1245.983459
10.805263,20,1246.14801
11.074474,23,1246.348505
10.661667,1,1246.356325
10.878421,18,1246.510016
10.999211,17,1246.653114
10.893947,17,1246.794782
11.230789,17,1246.936944
11.030263,15,1247.059984
11.084474,21,1247.235997
10.910526,20,1247.404099
10.667895,18,1247.554903
10.832143,5,1247.5961
10.910526,20,1247.763615
11.332143,5,1247.803709
10.777632,15,1247.92629
9.99,2,1247.942437
10.893947,17,1248.088032
11.323333,2,1248.104621
10.888421,16,1248.23945
11.125526,17,1248.380866
10.491053,17,1248.520118
10.844286,14,1248.633714
10.947105,19,1248.793325
10.665234,19,1248.955306
11.323333,2,1248.974261
10.758684,23,1249.166327
10.842895,23,1249.392688
10.983684,18,1249.562692
10.73,14,1253.700515
10.999211,17,1253.845123
10.947105,19,1254.004693
10.857368,18,1254.15439
10.822727,10,1254.239049
10.541579,18,1254.391232
10.434848,10,1254.47816
11.385,3,1254.504138
11.036842,20,1254.683612
10.937105,21,1254.867636
10.604737,18,1255.016578
9.99,2,1255.033074
10.851842,17,1255.17067
10.994737,20,1255.343368
10.862895,19,1255.505411
11.073421,19,1255.66559
11.332778,9,1255.740094
10.645,22,1255.924127
10.641316,17,1256.063035
11.026667,8,1256.125382
10.732105,22,1256.307899
11.995,1,1256.317544
11.137632,23,1256.509215
11.036842,20,1256.675748
11.000263,21,1256.849499
11.163158,20,1257.016594
11.323333,2,1257.035677
10.852895,21,1257.207995
10.691579,19,1257.372267
10.760263,20,1257.541308
11.132105,22,1257.723166
10.934359,8,1257.790942
10.863947,23,1257.989433
10.852895,21,1258.164567
9.034211,27,1258.389438
10.724474,13,1258.497864
11.104474,17,1258.639919
10.889474,20,1259.016238
10.847368,20,1259.19071
11.18,4,1259.223377
10.675,15,1259.347276
10.927105,23,1259.537754
11.042368,21,1259.712825
11.020263,17,1259.850867
10.687253,12,1259.9508
10.994737,20,1260.114864
11.067895,18,1260.268299
10.505,19,1260.432511
9.99,2,1260.44933
11.036842,20,1260.622454
11.331579,20,1260.790682
10.760714,5,1260.834063
10.684474,21,1261.012219
10.641316,17,1261.152658
10.942632,22,1261.342437
10.836316,18,1261.493274
11.21119,13,1261.59826
11.122614,16,1261.735258
10.371316,22,1261.918808
10.842436,11,1262.011326
10.918333,3,1262.03543
10.799737,19,1262.1955
10.910526,20,1262.35965
11.108947,14,1262.477626
10.840789,15,1266.658595
11.165,7,1266.719337
10.778684,19,1266.880664
10.832143,5,1266.922273
10.774211,22,1267.104681
11.323333,2,1267.121829
10.798333,7,1267.183118
11.09,22,1267.372648
11.174211,22,1267.558912
10.668947,22,1267.748912
10.972619,15,1267.879961
10.661667,1,1267.888661
11.247368,20,1268.058834
10.783235,11,1268.148694
10.941579,18,1268.300501
11.269091,8,1268.372857
10.941579,18,1268.520791
10.694286,4,1268.555189
10.682632,25,1268.767913
10.591842,20,1268.932469
11.020556,7,1268.994641
10.916053,21,1269.173692
10.709231,12,1269.270554
10.661667,1,1269.278634
10.705526,21,1269.454635
10.837368,22,1269.641612
11.158684,23,1269.839933
10.645294,18,1269.990841
10.773158,18,1270.138924
11.022619,5,1270.180811
11.046667,4,1270.224504
10.857368,18,1270.418682
10.778684,19,1270.580621
11.068205,12,1270.680314
10.947105,19,1270.836715
11.057895,20,1271.00902
10.741053,16,1271.145377
10.653421,23,1271.337115
10.945936,19,1271.503465
11.055879,13,1271.611231
10.716579,23,1271.808151
11.031316,19,1271.966165
9.75,1,1271.974142
10.974737,24,1272.174483
10.836316,18,1272.324795
10.75,10,1272.408728
10.858889,6,1272.461128
10.767632,17,1272.607098
10.809737,17,1272.747023
9.99,2,1272.764052
11.352632,20,1272.927825
11.073421,19,1273.08558
10.993684,16,1273.222604
10.687273,8,1273.291451
10.958158,21,1273.470785
10.868421,20,1273.639954
10.794211,18,1273.792495
10.704474,17,1273.938092
10.737778,8,1274.003683
11.030556,5,1274.046745
10.922381,6,1274.098149
11.179737,23,1274.291976
11.042368,21,1274.478059
10.678947,20,1274.672735
10.947105,19,1274.836018
11.230789,17,1274.978875
10.905,19,1275.138344
10.958158,21,1279.379568
11.020263,17,1279.522235
10.994737,20,1279.689912
11.031316,19,1279.847681
10.951579,16,1279.98224
11.021316,21,1280.154515
10.671111,8,1280.221694
11.073421,19,1280.378816
10.851842,17,1280.52755
10.949706,13,1280.63836
11.014737,16,1280.768654
11.104474,17,1280.908606
10.934011,11,1281.000516
11.047895,22,1281.187585
10.968158,19,1281.348991
10.794211,18,1281.50021
10.989211,19,1281.660774
10.614737,16,1281.792266
10.557105,17,1281.939011
10.996667,14,1282.060134
10.705526,21,1282.240038
10.789737,21,1282.414152
11.04881,15,1282.54167
10.360952,4,1282.576578
10.991895,16,1282.706349
11.11,18,1282.859908
11.057895,20,1283.026959
10.731053,18,1283.180708
10.893947,17,1283.327292
9.99,2,1283.344543
11.398571,6,1283.391533
11.046842,18,1283.538427
10.794211,18,1283.690563
10.830789,17,1283.838514
10.962632,18,1283.992401
10.775165,12,1284.089619
10.918333,3,1284.115392
10.721053,20,1284.284271
11.052368,19,1284.448439
10.948158,23,1284.641443
11.136813,10,1284.722063
10.984737,22,1284.909699
11.094474,19,1285.072362
10.586316,19,1285.230601
10.906053,23,1285.421448
11.004737,18,1285.573425
11.015789,20,1285.737582
10.810817,13,1285.848499
10.523158,19,1286.007199
10.889474,20,1286.180149
10.625789,18,1286.333462
10.989211,19,1286.491671
10.952632,20,1286.65789
10.815263,18,1286.812333
10.941579,18,1286.965166
10.919697,10,1287.052866
10.983684,18,1287.208815
10.831842,21,1287.387768
10.613947,24,1287.590843
10.875,25,1287.801491
10.842895,23,1287.99603
10.713684,23,1292.223266
10.794211,18,1292.378839
10.920526,18,1292.529076
10.612895,20,1292.692901
11.017941,17,1292.834441
10.893947,17,1292.980167
10.820789,19,1293.141323
11.104474,17,1293.28298
10.837368,22,1293.464828
11.092857,10,1293.547521
11.005789,22,1293.731248
10.575263,17,1293.874001
11.067895,18,1294.024076
10.661667,1,1294.032506
11.272895,17,1294.172105
10.649474,19,1294.333324
10.888421,16,1294.466002
11.213095,5,1294.507949
10.947778,6,1294.559727
10.883947,19,1294.717633
10.832727,8,1294.78971
10.934011,11,1294.883187
10.566316,23,1295.075427
10.950989,12,1295.181708
10.799737,19,1295.345942
10.841842,19,1295.504517
10.97,6,1295.557492
10.962632,18,1295.708999
10.979211,21,1295.885622
10.993684,16,1296.021897
11.173158,18,1296.16902
10.375,5,1296.212453
10.909474,16,1296.349541
11.062368,17,1296.490584
10.804211,16,1296.632702
10.590263,23,1296.824562
10.905,19,1296.989771
11.323333,2,1297.007706
11.072368,15,1297.132449
10.841765,14,1297.248067
10.864286,10,1297.331614
10.983684,18,1297.503056
10.667895,18,1297.652748
11.035789,16,1297.789166
10.742105,20,1297.958019
10.836316,18,1298.115606
10.591842,20,1298.278506
10.716579,23,1298.471217
10.370952,2,1298.488516
11.995,1,1298.49767
10.847368,20,1298.664286
11.99,2,1298.680763
11.11,18,1298.832857
10.741053,16,1298.965517
11.026842,22,1299.149944
11.120952,12,1299.251496
10.789737,21,1299.431652
10.926053,19,1299.592344
10.945,11,1299.681554
10.71,18,1299.833912
10.553421,25,1300.043269
11.067895,18,1300.189099
10.858421,22,1300.368999
11.708333,5,1300.412666
11.147632,21,1300.590579
11.157632,19,1304.869504
11.046842,18,1305.02175
11.126579,21,1305.200989
11.046842,18,1305.35281
10.746579,17,1305.496736
10.893571,7,1305.558892
10.957105,17,1305.701765
11.382222,8,1305.767742
11.331579,20,1305.936359
10.968158,19,1306.094897
10.802143,11,1306.188411
10.926053,19,1306.348057
10.974737,24,1306.548794
10.711053,22,1306.728363
10.815263,18,1306.885875
10.872895,17,1307.031803
10.781316,20,1307.200898
11.123636,8,1307.265623
10.968158,19,1307.429603
10.612895,20,1307.596784
11.146579,17,1307.736631
10.612895,20,1307.906763
11.108846,9,1307.985307
10.968158,19,1308.148163
10.830789,17,1308.293257
11.031316,19,1308.451121
10.957105,17,1308.59423
10.858421,22,1308.781221
10.805263,20,1308.951386
10.661667,1,1308.959938
10.520526,18,1309.111272
10.836316,18,1309.259606
10.980303,10,1309.343557
10.869474,24,1309.543914
10.804211,16,1309.671348
11.062368,17,1309.823385
10.979118,13,1309.963789
10.789737,21,1310.157752
10.846316,16,1310.290386
10.607368,19,1310.447663
11.030263,15,1310.581837
10.936053,17,1310.724641
10.536053,17,1310.866358
10.926053,19,1311.027459
10.667895,18,1311.176985
10.784211,20,1311.348985
10.767632,17,1311.490927
10.913464,16,1311.627971
10.799737,19,1311.785902
10.878421,18,1311.94804
10.680526,17,1312.087798
10.810789,21,1312.263259
11.094474,19,1312.423941
10.875,25,1312.635359
10.885,23,1312.82761
10.7,20,1312.99575
10.984737,22,1313.185008
10.798485,10,1313.265425
10.534211,21,1313.444291
10.784211,20,1317.616914
11.052368,19,1317.772952
10.809444,7,1317.832184
11.216316,22,1318.016929
10.963333,14,1318.13389
10.877368,14,1318.254792
10.732018,15,1318.382136
11.253889,7,1318.442251
10.783158,16,1318.572691
10.957105,17,1318.716815
11.038039,12,1318.823228
10.878421,18,1318.979181
11.995,1,1318.987981
10.656667,2,1319.004928
10.784211,20,1319.168999
10.830238,13,1319.278434
10.867368,16,1319.411543
11.082857,12,1319.509847
10.691579,19,1319.669106
11.049503,17,1319.812819
11.323333,2,1319.832092
11.010556,9,1319.904984
10.708947,14,1320.021305
11.067895,18,1320.174233
10.931579,20,1320.346596
11.056842,16,1320.484792
10.805263,20,1320.655368
11.234118,12,1320.759486
10.783158,16,1320.892084
10.585,3,1320.920631
11.11,18,1321.069592
10.915,17,1321.210362
10.978158,17,1321.353806
10.377857,4,1321.390229
10.661667,1,1321.399009
10.851842,17,1321.540779
11.021316,21,1321.71442
11.081579,21,1321.889205
10.869091,8,1321.958745
10.930526,16,1322.094611
10.653421,23,1322.292068
10.918333,3,1322.317328
10.945936,19,1322.476632
10.71,18,1322.62853
11.051316,15,1322.757213
10.937105,21,1322.932382
10.97,6,1322.985022
10.883947,19,1323.145661
10.552632,20,1323.317686
10.79,2,1323.33539
10.867368,16,1323.47186
11.016842,24,1323.66869
10.540526,14,1323.787949
10.684474,21,1323.966538
10.827368,24,1324.17292
11.157632,19,1324.337037
10.626667,8,1324.40343
10.872895,17,1324.552475
11.153158,22,1324.734366
11.073421,19,1324.899172
10.72,16,1325.037436
11.49381,6,1325.092078
10.772105,14,1325.207872
10.585,3,1325.23472
10.71,18,1325.384784
10.968158,19,1325.54996
10.681111,6,1325.599694
10.798333,7,1325.656881
10.851842,17,1325.803221
11.087895,14,1325.923938
11.1,20,1326.094613
10.742105,20,1330.309485
10.895455,10,1330.390585
10.783158,16,1330.524898
10.836316,18,1330.679275
10.995789,24,1330.889971
10.747632,21,1331.06908
10.793158,14,1331.187809
10.662368,17,1331.32901
10.825263,16,1331.461406
11.115526,19,1331.624735
10.593684,16,1331.760387
11.246316,16,1331.89062
10.931579,20,1332.064664
10.815263,18,1332.21288
10.750714,7,1332.271699
10.983684,18,1332.420596
11.439848,9,1332.498378
11.125526,17,1332.64063
10.784211,20,1332.814604
10.825263,16,1332.952371
10.978158,17,1333.093861
10.731053,18,1333.248994
11.247368,20,1333.423558
11.046842,18,1333.572722
10.915,17,1333.709934
10.687273,8,1333.777388
10.926053,19,1333.942197
10.538684,18,1334.094243
10.805263,20,1334.264965
10.908333,5,1334.308157
11.084474,21,1334.486441
10.825263,16,1334.627543
11.179286,7,1334.687295
11.313333,4,1334.730757
10.677895,16,1334.897638
11.062368,17,1335.049826
10.995,1,1335.060946
10.857368,18,1335.213145
10.751905,2,1335.230273
10.852895,21,1335.405012
10.836316,18,1335.55271
10.997222,5,1335.595587
10.549737,20,1335.765449
10.962632,18,1335.918849
11.078399,17,1336.06144
11.136818,9,1336.138843
11.126813,12,1336.237256
10.882895,15,1336.363702
11.010263,19,1336.51741
10.908333,15,1336.646158
10.977222,9,1336.723022
10.910294,15,1336.855422
11.078205,10,1336.945378
10.783158,16,1337.114268
11.287549,17,1337.260174
11.123636,8,1337.328765
10.963684,22,1337.517985
10.731053,18,1337.668951
10.903947,15,1337.996985
10.973684,20,1338.171894
11.039503,19,1338.330823
10.788684,17,1338.474555
10.848889,8,1338.543022
11.025789,18,1338.695982
10.852895,21,1338.872759
11.184211,20,1339.042145
10.820789,19,1343.320884
10.789737,21,1343.500971
10.851842,17,1343.640223
11.005789,22,1343.826778
10.414444,6,1343.880772
10.905,19,1344.046607
10.626667,8,1344.115241
10.947105,19,1344.275686
10.736579,19,1344.436767
11.005789,22,1344.623881
10.833788,9,1344.701017
11.074474,23,1344.89383
10.985,3,1344.919148
11.052368,19,1345.079828
10.920526,18,1345.23826
10.71,18,1345.39303
11.19,2,1345.410743
10.916053,21,1345.592289
10.651316,15,1345.720553
10.614737,16,1345.858015
10.641667,5,1345.900892
10.916053,21,1346.078465
11.073421,19,1346.241978
10.757632,19,1346.404109
10.815263,18,1346.554924
10.841842,19,1346.714977
11.194444,10,1346.802354
10.908333,15,1346.929933
10.801364,7,1346.988006
11.323333,2,1347.00316
10.836316,18,1347.157849
11.198684,15,1347.281783
11.207747,9,1347.357104
10.905,19,1347.514199
11.221842,23,1347.70996
10.767632,17,1347.85259
10.926053,19,1348.014317
10.747632,21,1348.188881
10.526053,19,1348.352556
10.663421,21,1348.527866
10.92924,20,1348.695766
10.656667,2,1348.713966
10.885,23,1348.904286
10.567105,15,1349.032505
10.929697,8,1349.100538
10.825263,16,1349.236911
10.925,15,1349.365138
11.323333,2,1349.3825
11.282647,17,1349.530649
10.697222,5,1349.573756
10.656667,2,1349.59183
10.968182,10,1349.675528
11.132105,22,1349.854174
11.025789,18,1350.004761
11.303333,6,1350.053847
11.323333,2,1350.07099
10.852895,21,1350.25258
10.962632,18,1350.408349
10.656842,16,1350.551444
11.041316,17,1350.695984
11.057895,20,1350.857864
10.985,3,1350.882451
10.794211,18,1351.037858
10.757632,19,1351.2003
10.983684,18,1351.350944
11.094474,19,1351.510763
10.831842,21,1351.688249
10.799737,19,1351.846049
11.230789,17,1355.990636
11.073421,19,1356.152574
11.1,20,1356.326897
11.109678,19,1356.485441
10.910526,20,1356.655572
11.026111,17,1356.800864
11.047895,22,1356.990338
10.637895,24,1357.196605
10.920526,18,1357.346231
10.375789,19,1357.503181
10.857368,18,1357.654374
10.578158,17,1357.794135
10.921579,22,1357.979594
11.115526,19,1358.136851
10.79,2,1358.15414
10.593684,16,1358.28828
10.841842,19,1358.449761
10.857368,18,1358.604677
10.663421,21,1358.77961
10.942632,22,1358.960909
10.805263,20,1359.12709
10.878421,18,1359.275388
10.985,3,1359.301011
10.962632,18,1359.453574
10.712576,9,1359.529788
10.756579,15,1359.652641
10.465,7,1359.71466
10.804211,16,1359.853674
10.794211,18,1360.003757
11.084474,21,1360.182675
10.798684,15,1360.310378
11.046842,18,1360.463958
11.321579,22,1360.652442
11.175263,26,1360.869476
11.029474,23,1361.065127
10.810789,21,1361.244594
10.820789,19,1361.409008
10.749211,18,1361.559595
10.910526,20,1361.732037
10.651316,15,1361.85431
11.177632,15,1361.982947
10.826316,20,1362.181403
11.004737,18,1362.339161
11.045789,14,1362.453352
10.496579,18,1362.608011
11.145,11,1362.699875
10.979211,21,1362.880196
10.673421,19,1363.051513
10.773158,18,1363.19964
10.862895,19,1363.425347
10.835263,14,1363.550661
10.983684,18,1363.706305
11.995,1,1363.714455
10.604737,18,1363.856898
10.604737,18,1364.008719
10.862895,19,1364.163742
11.121053,20,1364.333545
11.067895,18,1364.488593
10.881053,19,1364.648198
11.995,1,1364.657055
11.114474,15,1368.835689
10.851842,17,1368.981975
10.76,8,1369.047788
11.052255,17,1369.185668
11.082857,12,1369.287143
10.986842,30,1369.538769
11.198684,15,1369.668698
10.436316,18,1369.822955
11.131667,7,1369.885277
10.687222,7,1369.944664
11.213095,5,1369.987327
10.947105,19,1370.153289
10.985,3,1370.191983
10.969211,23,1370.426571
10.709231,12,1370.527918
10.561429,2,1370.544593
10.946053,15,1370.672617
11.045789,14,1370.790468
11.041316,17,1370.931699
10.920526,18,1371.084511
10.879474,22,1371.286149
10.840789,15,1371.417372
11.025789,18,1371.569584
10.573571,11,1371.663632
10.809444,7,1371.719339
11.105526,21,1371.896251
10.889474,20,1372.080827
10.841842,19,1372.244055
10.826316,20,1372.413307
11.528636,7,1372.469401
11.073421,19,1372.633188
10.732105,22,1372.820294
10.514103,10,1372.907296
10.809737,17,1373.047112
11.305,19,1373.205623
10.836316,18,1373.357169
10.851842,17,1373.49704
10.878421,18,1373.648677
10.778684,19,1373.800024
11.59,2,1373.817199
10.814211,14,1373.936624
10.810789,21,1374.110673
10.999211,17,1374.256744
10.999211,17,1374.40069
11.096471,16,1374.535546
10.919444,5,1374.582835
10.886667,16,1374.716532
10.667949,10,1374.802464
10.848889,8,1374.872868
10.71,18,1375.025809
10.872895,17,1375.171271
11.187424,11,1375.274215
11.061316,13,1375.384393
11.99,2,1375.400848
11.005789,22,1375.581384
11.403571,5,1375.627129
11.522418,12,1375.729279
10.836961,13,1375.839239
10.989211,19,1376.001028
10.641316,17,1376.1474
10.725526,17,1376.287658
10.836316,18,1376.441357
10.767632,17,1376.584789
10.883947,19,1376.746696
10.956053,13,1376.855158
10.899474,18,1377.005142
10.930526,16,1377.143329
10.931536,15,1377.276856
10.746579,17,1377.424707
11.209737,17,1381.638515
10.878421,18,1381.78872
10.996667,14,1381.908191
10.847368,20,1382.072872
10.651667,3,1382.099111
11.323333,2,1382.117286
10.883947,19,1382.280263
11.078947,20,1382.449818
11.227727,9,1382.525265
11.020263,17,1382.669379
10.784211,20,1382.837369
10.873947,21,1383.022078
10.931579,20,1383.192997
11.031316,19,1383.350677
9.99,2,1383.367137
11.122105,24,1383.57328
10.572632,16,1383.71249
10.684286,6,1383.765664
10.554744,7,1383.823682
10.851842,17,1383.964677
11.052368,19,1384.124903
10.957105,17,1384.2683
10.560789,22,1384.456137
11.067895,18,1384.612231
10.794211,18,1384.76557
10.993684,16,1384.899527
10.849248,21,1385.071396
10.747632,21,1385.250605
11.414545,8,1385.317574
11.062368,17,1385.463308
10.815263,18,1385.615378
11.173158,18,1385.767286
11.113636,10,1385.854385
10.899474,18,1386.006827
11.088947,18,1386.15631
10.585,13,1386.266699
10.957105,17,1386.408913
10.550789,24,1386.613427
10.999211,17,1386.763153
11.092857,10,1386.846305
10.936053,17,1386.980078
10.905,19,1387.138203
10.757632,19,1387.305354
10.987967,9,1387.379529
10.879064,16,1387.510795
10.926053,19,1387.676752
11.014737,16,1387.814736
9.99,2,1387.830963
11.004737,18,1387.980087
10.688626,19,1388.139269
10.903718,9,1388.215765
11.189286,5,1388.257928
10.847368,20,1388.428551
10.958571,14,1388.552229
11.046667,4,1388.588602
11.323333,2,1388.606382
10.511491,17,1388.75089
10.873947,21,1388.928705
10.896053,25,1389.13499
10.573684,20,1389.312307
11.385,3,1389.338071
11.18,4,1389.371296
10.551429,4,1389.403339
10.916053,21,1389.573125
10.773158,18,1389.71972
11.232051,10,1389.801175
11.015789,20,1389.972542
10.684474,21,1390.147823
10.972632,16,1390.284751
10.98,4,1394.35902
10.984737,22,1394.541947
10.973684,20,1394.712869
11.995,1,1394.721138
10.702632,21,1394.898842
10.647308,9,1394.97448
11.056842,16,1395.105214
11.010263,19,1395.269417
10.847368,20,1395.43485
10.593684,16,1395.572176
10.888421,16,1395.704106
10.999211,17,1395.852044
10.929211,31,1396.112535
10.936053,17,1396.257744
11.031316,19,1396.420285
10.783158,16,1396.55661
11.282895,15,1396.687489
10.973684,20,1396.856849
10.635714,10,1396.94331
10.893947,17,1397.088806
11.036842,20,1397.273151
11.178684,19,1397.475867
11.109835,11,1397.574994
10.931579,20,1397.74492
11.241842,19,1397.906591
11.075879,9,1397.984062
11.065879,11,1398.076808
11.067895,18,1398.22807
10.857368,18,1398.375076
10.747632,21,1398.543261
10.741905,4,1398.575792
10.936053,17,1398.71574
10.948571,16,1398.849618
11.084474,21,1399.031178
10.831842,21,1399.211199
11.246316,16,1399.361092
10.788684,17,1399.540935
10.97,6,1399.594151
10.820789,19,1399.752584
11.041316,17,1399.895237
10.956053,13,1400.00416
11.59,2,1400.021106
10.836316,18,1400.167821
11.58,4,1400.200324
10.899474,18,1400.35274
10.720556,7,1400.408545
10.652368,19,1400.568161
10.547105,19,1400.726301
10.920526,18,1400.874745
10.915,17,1401.023877
10.784211,20,1401.193867
10.809444,7,1401.253427
11.063421,21,1401.435557
10.941579,18,1401.5845
10.774211,22,1401.770654
10.656667,2,1401.788474
10.962632,18,1401.934269
10.900526,22,1402.119168
10.551579,16,1402.250124
10.872895,17,1402.392197
10.902614,11,1402.478871
11.015789,20,1402.640668
10.867368,16,1402.777825
11.072368,15,1402.910695
11.121053,20,1407.183521
11.099835,13,1407.293356
11.251842,17,1407.437785
10.820789,19,1407.599313
11.105526,21,1407.773023
10.962632,18,1407.922181
10.905,19,1408.080988
10.737778,8,1408.147399
10.847368,20,1408.314915
10.783182,7,1408.373439
10.786842,21,1408.556959
10.952632,20,1408.728721
10.893947,17,1408.867932
10.898421,14,1408.985768
10.704314,16,1409.128997
10.591842,20,1409.300877
11.104474,17,1409.443499
10.635789,16,1409.581662
11.084474,21,1409.759656
10.758684,23,1409.952491
10.636842,20,1410.117172
10.578158,17,1410.258933
11.313333,4,1410.292407
11.052368,19,1410.458716
11.020263,17,1410.598689
10.914359,12,1410.701333
10.750513,14,1410.819253
10.88576,17,1410.96783
10.89732,14,1411.08656
10.778684,19,1411.247308
10.920526,18,1411.398092
10.962632,18,1411.547308
11.095526,23,1411.745878
10.735526,15,1411.87257
10.862895,19,1412.030308
11.173158,18,1412.182099
10.968158,19,1412.344084
10.688947,18,1412.497466
11.155,9,1412.572673
11.173158,18,1412.726843
11.323333,2,1412.74367
10.735526,15,1412.872678
10.903571,5,1412.914418
10.79,2,1412.932825
9.75,1,1412.940456
11.076111,7,1413.000942
10.764211,24,1413.211282
10.596026,9,1413.285079
10.704474,17,1413.426053
10.681111,6,1413.477628
11.213095,5,1413.519021
11.995,1,1413.527522
10.97,6,1413.577672
11.116579,23,1413.771536
11.046429,5,1413.815615
10.725526,17,1413.953851
10.832143,5,1413.994917
10.752105,18,1414.146204
10.617857,5,1414.188254
10.715526,19,1414.344786
11.025789,18,1414.499277
10.551579,16,1414.635494
11.073421,19,1414.795928
10.978158,17,1414.938751
10.857368,18,1415.092885
10.851842,17,1415.237193
11.018333,13,1415.345036
10.536053,17,1415.491511
10.931579,20,1415.661097
10.662368,17,1415.80791
10.583684,18,1419.99014
10.825263,16,1420.126909
10.620263,17,1420.270784
10.799737,19,1420.614371
10.903571,5,1420.692883
10.831842,21,1420.873446
10.765789,21,1421.054125
10.926053,19,1421.219823
10.989211,19,1421.380419
10.948158,23,1421.579149
10.920526,18,1421.731717
10.862895,19,1421.886723
10.893947,17,1422.035232
10.909474,16,1422.20925
10.910526,20,1422.373374
10.710556,9,1422.448925
10.792143,13,1422.560663
10.861842,15,1422.691644
10.962632,18,1422.845626
10.996282,11,1422.940511
10.870882,17,1423.079981
10.814211,14,1423.204394
11.995,1,1423.215404
10.989211,19,1423.437111
10.585,3,1423.468687
11.067895,18,1423.632529
10.767632,17,1423.77553
11.173158,18,1423.93078
10.867368,16,1424.061028
10.731053,18,1424.213011
10.752105,18,1424.373767
11.306053,23,1424.567558
10.820789,19,1424.728157
11.209737,17,1424.867417
10.639474,21,1425.04847
10.617857,5,1425.090545
10.877368,14,1425.206064
10.641316,17,1425.345928
10.862895,19,1425.504135
10.7,20,1425.677848
10.809737,17,1425.816736
11.047647,14,1425.937661
10.583684,18,1426.091707
10.973684,20,1426.266163
11.141053,16,1426.40072
10.877368,14,1426.520957
11.036842,20,1426.694573
10.836316,18,1426.849848
11.325476,13,1426.959925
10.641316,17,1427.106312
10.947105,19,1427.266857
11.651667,3,1427.291444
11.230789,17,1427.436715
10.934359,8,1427.505088
10.79,2,1427.52002
10.616667,10,1427.603572
10.878421,18,1427.756699
11.042368,21,1427.932471
10.857368,18,1428.080211
10.820789,19,1428.244169
11.184211,20,1428.415079
11.293947,17,1428.568863
10.656667,2,1428.587867
10.678947,20,1428.758708
11.323333,2,1428.775702
10.899474,18,1433.013942
10.784211,20,1433.190046
10.808684,13,1433.29931
11.016111,19,1433.456824
10.789737,21,1433.633684
10.906053,23,1433.828548
11.004737,18,1433.983336
11.11,18,1434.138678
11.19,2,1434.155881
11.066842,14,1434.272937
10.799737,19,1434.436548
10.926053,19,1434.598532
10.937105,21,1434.776912
10.799737,19,1434.934631
10.721053,20,1435.105939
10.328333,1,1435.113953
10.913464,16,1435.247724
9.75,1,1435.254622
11.015789,20,1435.426439
10.739211,20,1435.60079
10.872895,17,1435.745127
10.624737,14,1435.864106
10.732105,22,1436.043145
10.827143,6,1436.09145
10.818333,3,1436.116543
10.926053,19,1436.280551
10.836316,18,1436.432257
9.99,2,1436.448803
10.961579,14,1436.570149
11.995,1,1436.57906
10.731053,18,1436.727511
10.830789,17,1436.865713
10.807895,21,1437.048613
10.761667,11,1437.139739
10.799737,19,1437.294984
11.141667,5,1437.336978
11.313333,4,1437.367538
10.741053,16,1437.504624
11.006842,26,1437.72145
10.904394,7,1437.780442
10.998824,12,1437.882396
10.985,3,1437.90806
10.804211,16,1438.052947
11.18,4,1438.08827
10.625789,18,1438.242208
10.972632,16,1438.374508
10.772105,14,1438.49491
11.323333,2,1438.514099
11.088947,18,1438.668725
11.046842,18,1438.823826
11.157632,19,1438.980421
10.551429,4,1439.016714
10.836316,18,1439.17284
11.098846,11,1439.267465
11.010263,19,1439.428739
10.832727,8,1439.499672
10.915,17,1439.645723
10.815263,18,1439.798137
10.646842,18,1439.954549
10.915,17,1440.096953
10.820789,19,1440.25874
11.046667,4,1440.293907
10.905,19,1440.458782
11.094474,19,1440.623481
10.905,19,1440.786419
10.889474,20,1440.957244
10.989211,19,1441.117996
11.020263,17,1441.264657
10.968158,19,1441.428605
10.898333,7,1441.489271
11.025789,18,1441.643272
10.684474,21,1445.890674
10.898333,7,1445.948538
11.173158,18,1446.103381
10.575033,19,1446.259878
10.847368,20,1446.434066
9.75,1,1446.441888
11.046842,18,1446.600892
11.084474,21,1446.771039
11.078947,20,1446.937941
10.926053,19,1447.094725
10.779737,23,1447.289405
10.838977,17,1447.435154
10.728529,19,1447.615762
10.562632,18,1447.784512
10.906053,23,1447.999969
9.75,1,1448.010462
10.852895,21,1448.224133
10.683421,17,1448.39737
10.846316,16,1448.556379
10.949412,16,1448.702536
11.036842,20,1448.889372
11.194211,18,1449.058598
10.922381,6,1449.111412
11.096287,17,1449.260094
10.423421,20,1449.442737
11.1,20,1449.611048
10.969211,23,1449.836854
11.105556,10,1449.928724
11.004737,18,1450.080901
10.846316,16,1450.237529
11.010263,19,1450.416084
10.883947,19,1450.582817
10.963333,14,1450.707481
10.790789,25,1450.941915
10.78,4,1450.97989
10.999211,17,1451.140735
10.861842,15,1451.266945
10.832143,5,1451.307763
11.074474,23,1451.500959
11.057353,15,1451.629848
10.893947,17,1451.773827
10.836316,18,1451.925623
10.895,21,1452.112305
10.934011,11,1452.20613
11.042368,21,1452.388495
10.594737,20,1452.55883
11.265659,15,1452.683919
11.995,1,1452.692669
11.078947,20,1452.86234
10.967105,15,1452.989881
11.116818,13,1453.094713
11.995,1,1453.103217
10.93,14,1453.21924
10.983684,18,1453.373389
10.994737,20,1453.543353
10.984737,22,1453.728388
11.063333,14,1453.849452
10.945,11,1453.940825
10.579211,21,1454.124179
10.494048,16,1454.261825
10.502105,19,1454.443584
11.122857,4,1454.483155
10.746579,17,1454.633883
10.989211,19,1454.798818
11.041316,17,1459.181241
11.025789,18,1459.355597
10.731053,18,1459.516689
11.108333,15,1459.644579
10.993684,16,1459.796665
10.656842,16,1459.93431
10.465526,20,1460.101769
10.195,1,1460.109415
10.959412,14,1460.229729
11.109835,11,1460.320317
10.723684,21,1460.495837
10.905,19,1460.652246
10.773158,18,1460.805236
11.323333,2,1460.82261
10.667895,18,1460.978676
11.365256,9,1461.05711
11.014737,16,1461.192194
10.978158,17,1461.349773
11.163158,20,1461.51924
10.68817,14,1461.639268
10.941579,18,1461.793739
10.805263,20,1461.974526
10.645,22,1462.16223
10.626667,8,1462.232054
10.862895,19,1462.391919
11.057895,20,1462.557132
10.847368,20,1462.722133
11.021923,11,1462.817341
11.247368,20,1462.989725
11.126579,21,1463.180521
10.646842,18,1463.343503
11.59,2,1463.361475
11.088947,18,1463.51773
10.941579,18,1463.679525
11.105526,21,1463.887627
11.49381,6,1463.967759
11.194211,18,1464.14517
10.551579,16,1464.297814
10.905,19,1464.467266
10.862895,19,1464.641832
11.078947,20,1464.817045
10.942381,2,1464.837575
10.841842,19,1465.005763
10.878333,11,1465.099443
11.056842,16,1465.244494
10.988158,15,1465.375878
10.716579,23,1465.574059
10.788684,17,1465.720237
10.910526,20,1465.888673
11.236316,18,1466.045332
10.994737,20,1466.214207
11.323333,2,1466.230975
9.99,2,1466.247499
10.631316,19,1466.411222
11.278421,18,1466.559908
11.000263,21,1466.736924
11.243889,9,1466.811906
10.931579,20,1466.9826
10.856316,14,1467.099954
11.062368,17,1467.249089
10.926053,19,1467.413088
10.931579,20,1467.588729
10.585,3,1467.614847
11.385,3,1467.640311
10.983684,18,1467.794855
10.896579,18,1467.949158
10.941579,18,1472.142772
10.965,7,1472.204388
11.063421,21,1472.387287
11.197424,9,1472.463082
10.773158,18,1472.611371
10.962632,18,1472.762775
11.028039,14,1472.87962
10.862895,19,1473.039638
11.152105,18,1473.192759
10.813421,22,1473.375671
10.698947,16,1473.516747
10.662368,17,1473.661185
11.010263,19,1473.821077
11.083421,17,1473.964294
11.213095,5,1474.007708
10.604737,18,1474.157319
10.803158,12,1474.262121
10.591842,20,1474.433375
10.663421,21,1474.605112
10.919474,14,1474.72162
10.893947,17,1474.867269
10.694474,19,1475.02499
10.878421,18,1475.181268
10.941579,18,1475.336411
11.173158,18,1475.49322
11.004737,18,1475.645036
10.873947,21,1475.817675
10.741053,16,1475.955822
10.851842,17,1476.103145
10.863333,14,1476.222416
10.786667,7,1476.281796
10.846316,16,1476.416771
10.554883,13,1476.529842
10.772941,16,1476.664967
11.215263,18,1476.814392
10.773158,18,1476.964566
11.323333,2,1476.981711
11.197424,9,1477.056815
9.99,2,1477.073485
11.168684,21,1477.256218
10.905,19,1477.40797
10.903571,5,1477.449621
10.609211,15,1477.576177
10.863947,23,1477.764362
10.926053,19,1477.925547
11.167632,17,1478.063698
10.774211,22,1478.245347
10.926053,19,1478.408776
10.820789,19,1478.569247
10.999211,17,1478.716642
10.908684,24,1478.915807
11.036842,20,1479.08198
10.753158,22,1479.2652
11.487273,8,1479.332956
11.015789,20,1479.501784
10.875,15,1479.62427
10.643947,18,1479.770552
10.994737,20,1479.956631
10.753824,11,1480.055818
10.895392,17,1480.197302
10.841842,19,1480.355751
10.872895,17,1480.500518
10.821579,42,1485.059933
10.983684,18,1485.207566
11.196364,8,1485.274645
10.930526,16,1485.413341
10.947105,19,1485.575659
10.903571,5,1485.621193
10.602222,4,1485.654153
11.031316,19,1485.816645
10.874091,7,1485.876895
10.841842,19,1486.034806
10.783158,16,1486.172705
10.922381,6,1486.227643
10.783158,16,1486.358687
10.7,20,1486.526788
10.983684,18,1486.686109
11.205263,20,1486.858306
11.163158,20,1487.034243
11.004737,18,1487.188957
11.225263,16,1487.33353
11.162105,16,1487.473758
10.958158,21,1487.652589
10.84,12,1487.755353
10.754048,13,1487.864916
10.957105,17,1488.012546
11.115556,8,1488.078369
10.656667,2,1488.096294
10.601842,18,1488.25289
10.936053,17,1488.397355
10.753529,14,1488.515151
11.136813,10,1488.605242
11.184211,20,1488.782045
10.799737,19,1488.947872
11.037647,16,1489.08662
10.548684,16,1489.224497
11.003684,14,1489.343747
10.788684,17,1489.489438
10.778684,19,1489.650763
11.251842,17,1489.79315
10.444412,18,1489.945043
10.945,11,1490.034767
10.641316,17,1490.18143
10.836316,18,1490.361222
10.926053,19,1490.533201
10.646842,18,1490.86741
10.968158,19,1491.028392
10.842143,3,1491.05696
11.056842,16,1491.192402
11.142105,20,1491.358987
10.656667,2,1491.374963
11.12,16,1491.512424
11.136818,9,1491.588842
11.58,4,1491.62436
10.732105,22,1491.806043
10.830789,17,1491.947089
9.99,2,1491.963206
10.688947,18,1492.11111
10.773158,18,1492.27235
11.303333,6,1492.326283
10.857368,18,1492.476997
11.220789,19,1492.641348
11.030263,15,1492.76868
11.078947,20,1492.935939
10.629474,23,1493.133024
10.857368,18,1493.282608
10.882895,15,1493.412824
10.656842,16,1493.550027
10.873077,10,1493.634962
10.694286,4,1493.669986
10.945936,19,1493.830864
10.930526,16,1498.078069
10.804211,16,1498.212885
10.762105,16,1498.342353
10.749211,18,1498.496968
11.088947,18,1498.652834
10.825263,16,1498.791285
10.790789,25,1498.999332
10.919444,5,1499.042475
10.851842,17,1499.185791
10.893947,17,1499.327135
10.778684,19,1499.492856
10.801154,9,1499.571611
10.428684,40,1499.912032
10.784211,20,1500.081605
10.947105,19,1500.241108
10.773158,18,1500.397278
10.951579,16,1500.533848
10.768684,21,1500.707668
10.715526,19,1500.864932
10.883947,19,1501.026409
10.593684,16,1501.159564
10.857368,18,1501.317553
10.847368,20,1501.490545
10.784211,20,1501.674699
10.78,4,1501.710918
10.925,15,1501.845098
10.794211,18,1502.006579
10.861842,15,1502.136772
10.872895,17,1502.292638
11.169737,25,1502.513147
10.705526,21,1502.693017
11.136579,19,1502.848643
11.009211,15,1502.975377
10.857368,18,1503.1328
10.922381,6,1503.185283
10.856099,9,1503.263258
10.622895,18,1503.41201
10.864091,9,1503.492888
10.951579,16,1503.63113
11.000263,21,1503.812049
10.937105,21,1503.989873
10.774211,22,1504.1749
10.735526,15,1504.303534
11.030556,5,1504.344198
10.999211,17,1504.496213
11.031316,19,1504.665978
11.163158,20,1504.840357
11.247368,20,1505.018709
10.809737,17,1505.17241
10.988158,15,1505.304523
11.047564,11,1505.40062
10.673421,19,1505.585272
10.705526,21,1505.770948
11.036842,20,1505.94905
10.846316,16,1506.091587
10.962632,18,1506.261055
11.141053,16,1506.404236
10.915,17,1506.556829
10.937105,21,1506.732901
11.136818,9,1506.816131
10.893947,17,1511.135424
11.046842,18,1511.286074
11.170769,12,1511.388159
10.920526,18,1511.544855
11.165294,14,1511.665059
10.837143,4,1511.69939
10.809737,17,1511.844334
10.836316,18,1511.995386
10.999211,17,1512.136297
10.683421,17,1512.271619
11.004737,18,1512.428607
10.878421,18,1512.583668
10.915,17,1512.728191
10.994737,20,1512.897237
9.75,1,1512.904343
10.742105,20,1513.069526
10.937105,21,1513.247084
10.952632,20,1513.417875
11.025789,18,1513.574551
10.920526,18,1513.728249
10.951579,16,1513.861475
10.328333,1,1513.868862
10.7,20,1514.045639
11.178684,19,1514.201731
11.12,16,1514.331876
10.926053,19,1514.496328
10.718158,20,1514.665118
10.68859,11,1514.756904
11.152105,18,1514.908027
10.536053,17,1515.055632
10.718636,9,1515.133029
10.722386,15,1515.260111
11.087895,14,1515.382164
10.815263,18,1515.532698
10.995,1,1515.541371
10.883947,19,1515.704031
10.978158,17,1515.848814
10.979211,21,1516.028992
10.536053,17,1516.167825
10.688947,18,1516.323448
10.721053,20,1516.493959
11.995,1,1516.502342
11.995,1,1516.51021
9.75,1,1516.517607
10.957105,17,1516.661518
10.741905,4,1516.695543
10.71,18,1516.847011
10.918333,13,1516.956834
11.313333,4,1516.99001
11.057895,20,1517.155399
10.783158,16,1517.290936
11.451667,3,1517.315741
11.048901,10,1517.412481
11.040909,10,1517.5212
10.947105,19,1517.6818
10.867368,16,1517.819572
10.741053,16,1517.956618
10.911579,24,1518.157275
11.122857,4,1518.196356
10.925,15,1518.338383
10.920526,18,1518.506972
11.236316,18,1518.677616
10.639474,21,1518.890429
11.116176,15,1519.031684
10.793158,14,1519.161222
10.746579,17,1519.331357
10.872895,17,1519.480582
10.697895,12,1519.582475
10.883947,19,1519.738178
10.704474,17,1519.883152
10.826316,20,1524.263794
10.767632,17,1524.414488
10.560789,22,1524.601017
10.620263,17,1524.757395
10.485,3,1524.786037
10.685,13,1524.911513
10.915,17,1525.072985
11.323333,2,1525.092384
10.834474,22,1525.280384
11.216316,22,1525.48475
11.104542,17,1525.640466
11.116471,12,1525.754543
10.721053,20,1525.950298
10.862895,19,1526.123528
9.99,2,1526.142363
11.174211,22,1526.348643
10.805263,20,1526.522097
10.698947,16,1526.664982
10.863077,12,1526.773789
11.077895,16,1526.935157
10.815263,18,1527.103062
10.752105,18,1527.254479
11.098947,16,1527.40118
10.919444,5,1527.445012
11.146579,17,1527.59999
9.99,2,1527.617842
11.995,1,1527.627335
11.262895,19,1527.785941
11.11,18,1527.956894
10.820789,19,1528.139979
11.121053,20,1528.314757
10.637308,11,1528.442773
11.119487,12,1528.582758
10.809737,17,1528.746126
11.083421,17,1528.897131
11.323333,2,1528.913858
10.852895,21,1529.093558
11.000263,21,1529.289848
10.74,12,1529.397571
11.157632,19,1529.558308
11.222727,10,1529.650977
10.749872,9,1529.734442
11.041316,17,1529.89709
11.146579,17,1530.060938
11.995,1,1530.070352
10.841842,19,1530.258697
10.941579,18,1530.431923
10.551579,16,1530.585967
10.737879,10,1530.673701
11.995,1,1530.683149
10.784211,20,1530.85247
10.847368,20,1531.025614
10.625789,18,1531.176476
11.025606,7,1531.234415
11.226316,20,1531.406447
10.995,11,1531.502411
10.885,13,1531.611986
10.697273,6,1531.664956
10.958158,21,1531.861108
10.893571,7,1531.924496
11.030714,11,1532.026181
10.715526,19,1532.188336
9.75,1,1532.195443
10.836316,18,1532.347974
10.962632,18,1532.502551
10.877368,14,1532.62501
11.493421,15,1532.783607
10.752105,18,1532.938055
11.042255,19,1533.096583
10.914011,15,1533.226399
10.961579,14,1533.349487
10.962632,18,1537.615961
10.926053,19,1537.780016
10.937105,21,1537.958257
11.035789,16,1538.087348
10.73,14,1538.208998
11.125526,17,1538.356015
10.862895,19,1538.514503
11.020263,17,1538.653092
10.961667,11,1538.741373
11.004737,18,1538.890899
11.036429,7,1538.949215
11.036111,15,1539.074005
10.830789,17,1539.23457
10.903947,15,1539.378789
10.946053,15,1539.510366
10.645789,14,1539.651517
11.020263,17,1539.80113
10.865526,20,1539.992092
10.925,15,1540.132425
11.995,1,1540.142102
11.083421,17,1540.305847
10.795263,22,1540.509178
10.731905,6,1540.561098
10.575263,17,1540.732143
11.062368,17,1540.888398
10.677895,16,1541.040332
10.837143,4,1541.079175
10.794211,18,1541.241847
10.851842,17,1541.397945
10.910526,20,1541.579206
11.009211,15,1541.707874
10.894394,9,1541.787976
10.949608,14,1541.922497
10.805263,20,1542.101328
10.915,17,1542.251737
10.840789,15,1542.392908
10.810789,21,1542.591492
10.614737,16,1542.749088
11.255714,6,1542.820353
11.19,2,1542.847317
11.183158,16,1542.995321
11.125526,17,1543.152346
10.918333,3,1543.176078
10.913947,13,1543.285928
11.051316,15,1543.419305
10.908333,15,1543.555289
10.872895,17,1543.704985
10.66197,7,1543.769909
10.652368,19,1543.969942
11.225263,16,1544.155122
11.320526,18,1544.30062
10.595,11,1544.396629
11.009545,9,1544.475934
10.403158,12,1544.579537
10.985,13,1544.684071
10.757632,19,1544.84735
10.264737,19,1545.008852
11.066212,11,1545.102475
11.03,14,1545.226224
10.830789,17,1545.370232
10.908333,5,1545.413727
11.404545,10,1545.499454
10.752105,18,1545.654125
10.909474,16,1545.799774
10.909474,16,1545.940438
10.893947,17,1546.088729
10.819737,15,1546.219631
10.857368,18,1546.379266
10.936053,17,1546.519538
10.693421,15,1546.649008
10.804211,16,1550.852923
