#{"t_start": 1785424585.9945707, "env_id": "None"}
r,l,t
-2.0,1,1.383674
-2.0,1,1.385185
-2.0,1,1.386546
-2.0,1,1.388064
-2.0,1,1.389572
-2.0,1,1.390999
-2.0,1,1.392278
-2.0,1,1.39375
-2.0,1,1.395193
-2.0,1,1.396481
-2.0,1,1.397766
-2.0,1,1.399066
-2.0,1,1.400357
-2.0,1,1.401614
-2.0,1,1.4029
-2.0,1,1.404174
-2.0,1,1.405443
-2.0,1,1.406734
-2.0,1,1.408019
-2.0,1,1.409302
-2.0,1,1.410566
-2.0,1,1.411868
-2.0,1,1.413128
-2.0,1,1.414398
-2.0,1,1.41571
-2.0,1,1.416986
-2.0,1,1.418262
-2.0,1,1.419571
-2.0,1,1.420869
-2.0,1,1.422102
-2.0,1,1.423418
-2.0,1,1.424735
-2.0,1,1.425978
-2.0,1,1.427241
-2.0,1,1.428482
-2.0,1,1.429717
-2.0,1,1.430965
-2.0,1,1.432201
-2.0,1,1.433441
-2.0,1,1.434675
-2.0,1,1.435922
-2.0,1,1.437156
-2.0,1,1.438393
-2.0,1,1.439644
-2.0,1,1.440877
-2.0,1,1.442137
-2.0,1,1.443381
-2.0,1,1.444622
-2.0,1,1.445849
-2.0,1,1.447093
-2.0,1,1.448325
-2.0,1,1.449553
-2.0,1,1.450796
-2.0,1,1.452037
-2.0,1,1.453279
-2.0,1,1.454508
-2.0,1,1.455755
-2.0,1,1.457003
-2.0,1,1.458262
-2.0,1,1.459517
-2.0,1,1.460756
-2.0,1,1.461987
-2.0,1,1.463234
-2.0,1,1.464493
-2.0,1,1.465834
-2.0,1,1.467124
-2.0,1,1.468406
-2.0,1,1.46969
-2.0,1,1.470985
-2.0,1,1.47226
-2.0,1,1.473538
-2.0,1,1.474817
-2.0,1,1.476137
-2.0,1,1.477391
-2.0,1,1.478654
-2.0,1,1.479918
-2.0,1,1.481178
-2.0,1,1.482438
-2.0,1,1.483716
-2.0,1,1.484979
-2.0,1,1.486238
-2.0,1,1.487506
-2.0,1,1.488763
-2.0,1,1.490026
-2.0,1,1.491309
-2.0,1,1.492591
-2.0,1,1.493872
-2.0,1,1.495251
-2.0,1,1.496631
-2.0,1,1.497936
-2.0,1,1.499284
-2.0,1,1.500552
-2.0,1,1.50182
-2.0,1,1.503105
-2.0,1,1.504375
-2.0,1,1.505649
-2.0,1,1.50693
-2.0,1,1.508252
-2.0,1,1.50961
-2.0,1,1.510983
-2.0,1,1.512352
-2.0,1,1.513689
-2.0,1,1.515055
-2.0,1,1.51641
-2.0,1,1.517768
-2.0,1,1.519129
-2.0,1,1.520475
-2.0,1,1.521821
-2.0,1,1.523183
-2.0,1,1.524534
-2.0,1,1.525887
-2.0,1,1.527248
-2.0,1,1.528593
-2.0,1,1.529942
-2.0,1,1.531304
-2.0,1,1.532651
-2.0,1,1.534005
-2.0,1,1.535369
-2.0,1,1.536718
-2.0,1,1.538103
-2.0,1,1.539487
-2.0,1,1.540844
-2.0,1,1.542197
-2.0,1,1.543564
-2.0,1,1.544915
-2.0,1,1.546272
-2.0,1,1.547637
-2.0,1,1.549043
-2.0,1,1.55043
-2.0,1,1.551793
-2.0,1,1.553147
-2.0,1,1.554498
-2.0,1,1.555872
-2.0,1,1.557224
-2.0,1,1.558592
-2.0,1,1.559983
-2.0,1,1.561372
-2.0,1,1.562723
-2.0,1,1.564086
-2.0,1,1.565439
-2.0,1,1.566802
-2.0,1,1.568164
-2.0,1,1.569514
-2.0,1,1.570879
-2.0,1,1.572225
-2.0,1,1.573574
-2.0,1,1.574934
-2.0,1,1.576287
-2.0,1,1.577814
-2.0,1,1.57918
-2.0,1,1.580463
-2.0,1,1.581808
-2.0,1,1.583091
-2.0,1,1.584366
-2.0,1,1.585641
-2.0,1,1.586925
-2.0,1,1.588198
-2.0,1,1.589489
-2.0,1,1.590816
-2.0,1,1.592145
-2.0,1,1.593519
-2.0,1,1.594854
-2.0,1,1.596172
-2.0,1,1.597444
-2.0,1,1.598756
-2.0,1,1.600119
-2.0,1,1.601442
-2.0,1,1.602881
-2.0,1,1.604293
-2.0,1,1.605689
-2.0,1,1.607018
-2.0,1,1.608418
-2.0,1,1.609831
-2.0,1,1.611166
-2.0,1,1.612561
-2.0,1,1.613963
-2.0,1,1.615368
-2.0,1,1.616728
-2.0,1,1.618175
-2.0,1,1.619524
-2.0,1,1.620894
-2.0,1,1.622312
-2.0,1,1.623672
-2.0,1,1.625043
-2.0,1,1.626564
-2.0,1,1.628114
-2.0,1,1.629465
-2.0,1,1.630772
-2.0,1,1.632079
-2.0,1,1.633383
-2.0,1,1.634681
-2.0,1,1.636077
-2.0,1,1.637407
-2.0,1,1.638732
-2.0,1,1.640069
-2.0,1,1.641388
-2.0,1,1.64292
-2.0,1,1.644279
-2.0,1,1.645627
-2.0,1,1.646944
-2.0,1,1.648248
-2.0,1,1.649631
-2.0,1,1.651011
-2.0,1,1.65237
-2.0,1,1.653763
-2.0,1,1.65518
-2.0,1,1.656572
-2.0,1,1.6581
-2.0,1,1.659579
-2.0,1,1.660982
-2.0,1,1.662341
-2.0,1,1.663751
-2.0,1,1.665105
-2.0,1,1.666468
-2.0,1,1.667834
-2.0,1,1.669207
-2.0,1,1.670564
-2.0,1,1.672092
-2.0,1,1.673458
-2.0,1,1.674816
-2.0,1,1.676221
-2.0,1,1.677688
-2.0,1,1.679147
-2.0,1,1.680547
-2.0,1,1.681936
-2.0,1,1.683343
-2.0,1,1.68476
-2.0,1,1.686198
-2.0,1,1.687602
-2.0,1,1.689019
-2.0,1,1.690422
-2.0,1,1.691862
-2.0,1,1.693276
-2.0,1,1.694706
-2.0,1,1.696609
-2.0,1,1.69815
-2.0,1,1.699786
-2.0,1,1.701383
-2.0,1,1.702839
-2.0,1,1.704268
-2.0,1,1.705902
-2.0,1,1.707333
-2.0,1,1.708917
-2.0,1,1.7105
-2.0,1,1.711998
-2.0,1,1.713469
-2.0,1,1.714941
-2.0,1,1.716408
-2.0,1,1.717903
-2.0,1,1.719615
-2.0,1,1.72114
-2.0,1,1.722891
-2.0,1,1.724308
-2.0,1,1.725775
-2.0,1,1.727301
-2.0,1,1.728838
-2.0,1,1.730269
-2.0,1,1.731812
-2.0,1,1.733272
-2.0,1,1.734727
-2.0,1,1.736242
-2.0,1,1.737734
-2.0,1,1.739385
-2.0,1,1.740869
-2.0,1,1.742498
-2.0,1,1.744033
-2.0,1,1.745548
-2.0,1,1.747123
-2.0,1,1.748822
-2.0,1,1.750515
-2.0,1,1.752221
-2.0,1,1.753909
-2.0,1,1.755445
-2.0,1,1.756955
-2.0,1,1.75847
-2.0,1,1.759996
-2.0,1,1.761513
-2.0,1,1.763047
-2.0,1,1.764746
-2.0,1,1.766238
-2.0,1,1.767766
-2.0,1,1.769269
-2.0,1,1.770784
-2.0,1,1.772295
-2.0,1,1.773826
-2.0,1,1.775544
-2.0,1,1.777237
-2.0,1,1.77877
-2.0,1,1.780302
-2.0,1,1.78179
-2.0,1,1.783559
-2.0,1,1.78507
-2.0,1,1.786589
-2.0,1,1.788113
-2.0,1,1.789622
-2.0,1,1.791149
-2.0,1,1.792663
-2.0,1,1.79418
-2.0,1,1.7957
-2.0,1,1.797219
-2.0,1,1.798728
-2.0,1,1.80026
-2.0,1,1.801767
-2.0,1,1.803294
-2.0,1,1.8048
-2.0,1,1.806313
-2.0,1,1.807835
-2.0,1,1.809541
-2.0,1,1.811237
-2.0,1,1.812753
-2.0,1,1.814326
-2.0,1,1.816027
-2.0,1,1.817516
-2.0,1,1.819107
-2.0,1,1.82062
-2.0,1,1.822135
-2.0,1,1.823664
-2.0,1,1.825175
-2.0,1,1.826705
-2.0,1,1.82822
-2.0,1,1.82972
-2.0,1,1.831244
-2.0,1,1.832756
-2.0,1,1.834266
-2.0,1,1.835788
-2.0,1,1.837305
-2.0,1,1.838822
-2.0,1,1.840343
-2.0,1,1.841858
-2.0,1,1.843379
-2.0,1,1.844881
-2.0,1,1.846395
-2.0,1,1.847917
-2.0,1,1.849425
-2.0,1,1.850956
-2.0,1,1.852476
-2.0,1,1.853986
-2.0,1,1.855507
-2.0,1,1.85702
-2.0,1,1.858536
-2.0,1,1.860066
-2.0,1,1.861584
-2.0,1,1.86311
-2.0,1,1.864636
-2.0,1,1.866151
-2.0,1,1.867674
-2.0,1,1.869185
-2.0,1,1.870698
-2.0,1,1.872224
-2.0,1,1.873741
-2.0,1,1.875272
-2.0,1,1.876789
-2.0,1,1.878301
-2.0,1,1.879823
-2.0,1,1.881336
-2.0,1,1.882872
-2.0,1,1.884271
-2.0,1,1.885675
-2.0,1,1.887085
-2.0,1,1.888491
-2.0,1,1.889882
-2.0,1,1.891337
-2.0,1,1.8929
-2.0,1,1.894837
-2.0,1,1.896468
-2.0,1,1.898207
-2.0,1,1.899666
-2.0,1,1.901093
-2.0,1,1.902592
-2.0,1,1.904485
-2.0,1,1.90615
-2.0,1,1.907954
-2.0,1,1.911117
-2.0,1,1.91341
-2.0,1,1.916257
-2.0,1,1.918044
-2.0,1,1.919677
-2.0,1,1.921157
-2.0,1,1.922959
-2.0,1,1.92485
-2.0,1,1.926387
-2.0,1,1.927858
-2.0,1,1.929275
-2.0,1,1.930683
-2.0,1,1.932109
-2.0,1,1.933515
-2.0,1,1.934936
-2.0,1,1.936352
-2.0,1,1.937763
-2.0,1,1.939178
-2.0,1,1.940676
-2.0,1,1.94226
-2.0,1,1.943903
-2.0,1,1.945412
-2.0,1,1.946934
-2.0,1,1.948427
-2.0,1,1.949916
-2.0,1,1.951438
-2.0,1,1.952929
-2.0,1,1.954425
-2.0,1,1.955936
-2.0,1,1.957436
-2.0,1,1.958973
-2.0,1,1.960545
-2.0,1,1.962054
-2.0,1,1.963557
-2.0,1,1.965049
-2.0,1,1.966547
-2.0,1,1.96805
-2.0,1,1.969535
-2.0,1,1.971035
-2.0,1,1.972537
-2.0,1,1.974031
-2.0,1,1.975565
-2.0,1,1.977067
-2.0,1,1.97856
-2.0,1,1.980072
-2.0,1,1.981583
-2.0,1,1.983142
-2.0,1,1.984641
-2.0,1,1.98614
-2.0,1,1.98764
-2.0,1,1.989142
-2.0,1,1.990631
-2.0,1,1.992218
-2.0,1,1.993716
-2.0,1,1.995224
-2.0,1,1.996725
-2.0,1,1.998221
-2.0,1,1.999728
-2.0,1,2.001215
-2.0,1,2.002706
-2.0,1,2.004221
-2.0,1,2.005718
-2.0,1,2.007223
-2.0,1,2.008795
-2.0,1,2.010338
-2.0,1,2.011863
-2.0,1,2.013363
-2.0,1,2.014864
-2.0,1,2.016367
-2.0,1,2.017868
-2.0,1,2.019421
-2.0,1,2.020931
-2.0,1,2.022426
-2.0,1,2.02393
-2.0,1,2.025464
-2.0,1,2.026974
-2.0,1,2.02848
-2.0,1,2.029967
-2.0,1,2.031478
-2.0,1,2.032983
-2.0,1,2.034491
-2.0,1,2.035994
-2.0,1,2.037492
-2.0,1,2.038996
-2.0,1,2.040491
-2.0,1,2.042035
-2.0,1,2.043554
-2.0,1,2.045053
-2.0,1,2.046537
-2.0,1,2.048042
-2.0,1,2.049532
-2.0,1,2.05104
-2.0,1,2.052536
-2.0,1,2.054052
-2.0,1,2.055564
-2.0,1,2.057103
-2.0,1,2.0587
-2.0,1,2.060213
-2.0,1,2.06171
-2.0,1,2.063255
-2.0,1,2.064775
-2.0,1,2.066261
-2.0,1,2.067766
-2.0,1,2.069263
-2.0,1,2.07075
-2.0,1,2.072261
-2.0,1,2.073752
-2.0,1,2.07527
-2.0,1,2.076772
-2.0,1,2.078311
-2.0,1,2.079835
-2.0,1,2.081332
-2.0,1,2.082834
-2.0,1,2.084334
-2.0,1,2.08583
-2.0,1,2.087331
-2.0,1,2.088836
-2.0,1,2.090334
-2.0,1,2.09184
-2.0,1,2.09335
-2.0,1,2.094879
-2.0,1,2.096482
-2.0,1,2.097996
-2.0,1,2.099426
-2.0,1,2.100832
-2.0,1,2.102243
-2.0,1,2.103658
-2.0,1,2.105058
-2.0,1,2.106463
-2.0,1,2.107896
-2.0,1,2.109322
-2.0,1,2.110745
-2.0,1,2.112165
-2.0,1,2.113579
-2.0,1,2.115081
-2.0,1,2.116505
-2.0,1,2.117913
-2.0,1,2.119349
-2.0,1,2.120765
-2.0,1,2.122176
-2.0,1,2.123585
-2.0,1,2.125002
-2.0,1,2.126405
-2.0,1,2.127904
-2.0,1,2.129476
-2.0,1,2.131058
-2.0,1,2.132638
-2.0,1,2.134195
-2.0,1,2.135756
-2.0,1,2.137316
-2.0,1,2.13889
-2.0,1,2.140441
-2.0,1,2.141985
-2.0,1,2.143574
-2.0,1,2.145133
-2.0,1,2.146688
-2.0,1,2.148248
-2.0,1,2.149792
-2.0,1,2.151358
-2.0,1,2.15291
-2.0,1,2.154456
-2.0,1,2.156012
-2.0,1,2.15757
-2.0,1,2.159145
-2.0,1,2.1607
-2.0,1,2.162251
-2.0,1,2.163815
-2.0,1,2.16537
-2.0,1,2.166932
-2.0,1,2.168482
-2.0,1,2.170036
-2.0,1,2.171602
-2.0,1,2.173147
-2.0,1,2.17469
-2.0,1,2.176263
-2.0,1,2.177808
-2.0,1,2.179371
-2.0,1,2.18093
-2.0,1,2.18248
-2.0,1,2.184038
-2.0,1,2.185592
-2.0,1,2.187161
-2.0,1,2.188721
-2.0,1,2.190262
-2.0,1,2.191803
-2.0,1,2.193347
-2.0,1,2.194916
-2.0,1,2.196397
-2.0,1,2.19795
-2.0,1,2.199526
-2.0,1,2.201084
-2.0,1,2.202639
-2.0,1,2.204194
-2.0,1,2.205749
-2.0,1,2.207323
-2.0,1,2.208868
-2.0,1,2.210411
-2.0,1,2.21197
-2.0,1,2.213523
-2.0,1,2.215081
-2.0,1,2.21663
-2.0,1,2.218178
-2.0,1,2.219736
-2.0,1,2.221294
-2.0,1,2.222848
-2.0,1,2.224406
-2.0,1,2.225963
-2.0,1,2.227535
-2.0,1,2.229095
-2.0,1,2.230644
-2.0,1,2.232204
-2.0,1,2.233755
-2.0,1,2.235324
-2.0,1,2.236875
-2.0,1,2.238424
-2.0,1,2.239996
-2.0,1,2.241547
-2.0,1,2.243113
-2.0,1,2.244671
-2.0,1,2.24622
-2.0,1,2.247773
-2.0,1,2.249327
-2.0,1,2.250892
-2.0,1,2.25245
-2.0,1,2.254001
-2.0,1,2.25556
-2.0,1,2.257116
-2.0,1,2.258673
-2.0,1,2.260204
-2.0,1,2.261673
-2.0,1,2.263211
-2.0,1,2.264671
-2.0,1,2.266117
-2.0,1,2.267575
-2.0,1,2.269046
-2.0,1,2.270501
-2.0,1,2.272289
-2.0,1,2.273962
-2.0,1,2.275531
-2.0,1,2.277016
-2.0,1,2.278467
-2.0,1,2.279919
-2.0,1,2.28136
-2.0,1,2.282807
-2.0,1,2.284268
-2.0,1,2.285713
-2.0,1,2.287182
-2.0,1,2.288613
-2.0,1,2.290064
-2.0,1,2.291522
-2.0,1,2.293052
-2.0,1,2.29458
-2.0,1,2.296117
-2.0,1,2.297714
-2.0,1,2.299273
-2.0,1,2.300792
-2.0,1,2.3023
-2.0,1,2.303809
-2.0,1,2.30532
-2.0,1,2.306983
-2.0,1,2.309047
-2.0,1,2.311677
-2.0,1,2.313843
-2.0,1,2.31627
-2.0,1,2.318473
-2.05,2,2.32317
-2.0,1,2.325477
-2.0,1,2.32725
-2.0,1,2.329312
-2.0,1,2.331435
-2.0,1,2.333294
-2.0,1,2.335572
-2.0,1,2.337495
-2.0,1,2.339484
-2.0,1,2.34161
-2.0,1,2.344366
-2.0,1,2.347297
-2.0,1,2.393129
-2.0,1,2.399203
-2.0,1,2.408545
-2.0,1,2.413739
-2.0,1,2.415978
-2.0,1,2.418176
-2.0,1,2.420384
-2.0,1,2.42248
-2.0,1,2.424625
-2.0,1,2.426757
-2.0,1,2.429646
-2.0,1,2.432909
-2.0,1,2.435551
-2.0,1,2.437531
-2.0,1,2.439476
-2.0,1,2.441366
-2.0,1,2.443328
-2.0,1,2.445242
-2.0,1,2.447349
-2.0,1,2.44939
-2.0,1,2.451475
-2.0,1,2.464986
-2.0,1,2.467614
-2.0,1,2.469895
-2.0,1,2.471611
-2.0,1,2.473391
-2.0,1,2.475188
-2.0,1,2.477039
-2.0,1,2.478831
-2.0,1,2.480619
-2.0,1,2.48228
-2.0,1,2.483936
-2.0,1,2.485581
-2.0,1,2.487238
-2.0,1,2.488929
-2.0,1,2.490627
-2.0,1,2.492398
-2.0,1,2.494306
-2.0,1,2.496127
-2.0,1,2.498199
-2.0,1,2.500077
-2.0,1,2.501832
-2.0,1,2.503682
-2.0,1,2.50544
-2.0,1,2.50714
-2.0,1,2.508843
-2.0,1,2.510695
-2.0,1,2.51248
-2.0,1,2.514319
-2.0,1,2.516028
-2.0,1,2.517638
-2.0,1,2.519245
-2.0,1,2.520848
-2.0,1,2.522435
-2.0,1,2.524054
-2.0,1,2.525689
-2.0,1,2.52724
-2.0,1,2.528878
-2.0,1,2.530511
-2.05,2,2.533705
-2.0,1,2.535295
-2.0,1,2.536968
-2.0,1,2.538528
-2.0,1,2.540272
-2.0,1,2.541842
-2.0,1,2.543491
-2.0,1,2.545127
-2.0,1,2.546734
-2.0,1,2.548365
-2.0,1,2.549996
-2.0,1,2.551642
-2.0,1,2.553255
-2.0,1,2.554976
-2.0,1,2.556542
-2.0,1,2.558048
-2.0,1,2.559598
-2.0,1,2.56114
-2.0,1,2.562731
-2.0,1,2.564263
-2.0,1,2.565855
-2.0,1,2.567483
-2.0,1,2.569018
-2.0,1,2.570621
-2.0,1,2.572294
-2.0,1,2.573946
-2.0,1,2.5756
-2.0,1,2.577101
-2.0,1,2.57862
-2.0,1,2.580043
-2.0,1,2.5815
-2.0,1,2.582981
-2.0,1,2.584377
-2.0,1,2.585848
-2.0,1,2.587254
-2.0,1,2.588718
-2.0,1,2.590121
-2.0,1,2.591625
-2.0,1,2.593145
-2.0,1,2.594572
-2.0,1,2.596125
-2.0,1,2.59766
-2.0,1,2.59915
-2.0,1,2.600686
-2.0,1,2.602156
-2.0,1,2.603649
-2.0,1,2.605114
-2.0,1,2.606612
-2.0,1,2.608099
-2.0,1,2.609586
-2.0,1,2.611068
-2.0,1,2.612607
5.0,1,2.614117
-2.0,1,2.615589
-2.0,1,2.617064
-2.0,1,2.618548
-2.0,1,2.620027
-2.0,1,2.621497
-2.0,1,2.622997
-2.0,1,2.624485
-2.0,1,2.625981
-2.0,1,2.627472
-2.0,1,2.628969
-2.0,1,2.630461
-2.0,1,2.631956
-2.0,1,2.633441
-2.0,1,2.634932
-2.0,1,2.636442
-2.0,1,2.637951
-2.0,1,2.639467
-2.0,1,2.640932
-2.0,1,2.642345
-2.0,1,2.643883
-2.0,1,2.645356
-2.0,1,2.646729
-2.0,1,2.6482
-2.0,1,2.649577
-2.0,1,2.650928
-2.0,1,2.65243
-2.0,1,2.653906
-2.0,1,2.655353
-2.0,1,2.656737
-2.0,1,2.65812
-2.0,1,2.659517
-2.0,1,2.660883
-2.0,1,2.662278
-2.0,1,2.663642
-2.0,1,2.665025
-2.0,1,2.666387
-2.0,1,2.667778
-2.0,1,2.669142
-2.0,1,2.670542
-2.0,1,2.671898
-2.0,1,2.673266
-2.0,1,2.674613
-2.0,1,2.675984
-2.0,1,2.677338
-2.0,1,2.678728
-2.0,1,2.680104
-2.0,1,2.681445
-2.0,1,2.68279
-2.0,1,2.684129
-2.0,1,2.685469
-2.0,1,2.686814
-2.0,1,2.688174
-2.0,1,2.689531
-2.0,1,2.690894
-2.0,1,2.692264
-2.0,1,2.693711
-2.0,1,2.695161
-2.0,1,2.696696
-2.0,1,2.698167
-2.0,1,2.699592
-2.0,1,2.70103
-2.0,1,2.702415
-2.0,1,2.704058
-2.0,1,2.70602
-2.0,1,2.707808
-2.0,1,2.709619
-2.0,1,2.711714
-2.0,1,2.713563
-2.0,1,2.715503
-2.0,1,2.717191
-2.0,1,2.719025
-2.0,1,2.720562
-2.0,1,2.722346
-2.0,1,2.724094
-2.0,1,2.725788
-2.0,1,2.72771
-2.0,1,2.729374
-2.0,1,2.730973
-2.0,1,2.732593
-2.0,1,2.734118
-2.0,1,2.735678
-2.0,1,2.737229
-2.0,1,2.738754
-2.0,1,2.740325
-2.0,1,2.741814
-2.0,1,2.743309
-2.0,1,2.744879
-2.0,1,2.746395
-2.0,1,2.74784
-2.0,1,2.749308
-2.0,1,2.750785
-2.0,1,2.752234
-2.0,1,2.753674
-2.0,1,2.755114
-2.0,1,2.756473
-2.0,1,2.757849
-2.0,1,2.759354
-2.0,1,2.760871
-2.0,1,2.762277
-2.0,1,2.763734
-2.0,1,2.765211
-2.0,1,2.766685
-2.0,1,2.768247
-2.0,1,2.769632
-2.0,1,2.771023
-2.0,1,2.772407
-2.0,1,2.773814
-2.0,1,2.775207
-2.0,1,2.776724
-2.0,1,2.778199
-2.0,1,2.779743
-2.0,1,2.78117
-2.0,1,2.782618
-2.0,1,2.784016
-2.0,1,2.785494
-2.0,1,2.786902
-2.0,1,2.788285
-2.0,1,2.789765
-2.0,1,2.791167
-2.0,1,2.79267
-2.0,1,2.79458
-2.0,1,2.796107
-2.0,1,2.797674
-2.0,1,2.799172
-2.0,1,2.800651
-2.0,1,2.80213
-2.0,1,2.803621
-2.0,1,2.805099
-2.0,1,2.806585
-2.0,1,2.808072
-2.0,1,2.809601
-2.0,1,2.811119
-2.0,1,2.812638
-2.0,1,2.814077
-2.0,1,2.815603
-2.0,1,2.816985
-2.0,1,2.81836
-2.0,1,2.819754
-2.0,1,2.821135
-2.0,1,2.822537
-2.0,1,2.82393
-2.0,1,2.825299
-2.0,1,2.826752
-2.0,1,2.828141
-2.0,1,2.829504
-2.0,1,2.830885
-2.0,1,2.832257
-2.0,1,2.833655
-2.0,1,2.835036
-2.0,1,2.836416
-2.0,1,2.837755
-2.0,1,2.839099
-2.0,1,2.840429
-2.0,1,2.84181
-2.0,1,2.84319
-2.0,1,2.844525
-2.0,1,2.845861
-2.0,1,2.847213
-2.0,1,2.848571
-2.0,1,2.8499
-2.0,1,2.851266
-2.0,1,2.852617
-2.0,1,2.853961
-2.0,1,2.855317
-2.0,1,2.856667
-2.0,1,2.858046
-2.0,1,2.859451
-2.0,1,2.860808
-2.0,1,2.862149
-2.0,1,2.863528
-2.0,1,2.864866
-2.0,1,2.866201
-2.0,1,2.86756
-2.0,1,2.868908
-2.0,1,2.870253
-2.0,1,2.871626
-2.0,1,2.872971
-2.0,1,2.87433
-2.0,1,2.875698
-2.0,1,2.877068
-2.0,1,2.878424
-2.0,1,2.879793
-2.0,1,2.88112
-2.0,1,2.882488
-2.0,1,2.883848
-2.0,1,2.885206
-2.0,1,2.88657
-2.0,1,2.887927
-2.0,1,2.889274
-2.0,1,2.890637
-2.0,1,2.892037
-2.0,1,2.89364
-2.0,1,2.895131
-2.0,1,2.896637
-2.0,1,2.898562
-2.0,1,2.900158
-2.0,1,2.901665
-2.0,1,2.903193
-2.0,1,2.904666
-2.0,1,2.906429
-2.0,1,2.907965
-2.0,1,2.909459
-2.0,1,2.91103
-2.0,1,2.912743
-2.0,1,2.914201
-2.0,1,2.915698
-2.0,1,2.917185
-2.0,1,2.918643
-2.0,1,2.920105
-2.0,1,2.921567
-2.0,1,2.923042
-2.0,1,2.9245
-2.0,1,2.92595
-2.0,1,2.927421
-2.0,1,2.928893
-2.0,1,2.93035
-2.0,1,2.931815
-2.0,1,2.933278
-2.0,1,2.934735
-2.0,1,2.936182
-2.0,1,2.937637
-2.0,1,2.939091
-2.0,1,2.940542
-2.0,1,2.942074
-2.0,1,2.943573
-2.0,1,2.945075
-2.0,1,2.946489
-2.0,1,2.947942
-2.0,1,2.949493
-2.0,1,2.950982
-2.0,1,2.952431
-2.0,1,2.953932
-2.0,1,2.955462
5.0,1,2.956997
-2.0,1,2.95847
-2.0,1,2.960038
-2.0,1,2.961507
-2.0,1,2.963023
-2.0,1,2.96461
-2.0,1,2.96612
-2.0,1,2.967748
-2.0,1,2.969262
-2.0,1,2.970761
-2.0,1,2.972295
-2.0,1,2.973787
-2.0,1,2.97535
-2.0,1,2.976866
-2.0,1,2.978394
-2.0,1,2.979896
-2.0,1,2.981416
-2.0,1,2.982941
-2.0,1,2.984417
-2.0,1,2.985915
-2.0,1,2.987409
-2.0,1,2.988897
-2.0,1,2.990394
-2.0,1,2.991942
-2.0,1,2.993524
-2.0,1,2.995156
-2.0,1,2.99675
-2.0,1,2.998338
5.0,1,5.718048
5.0,1,5.719945
4.75,2,5.723553
4.75,2,5.726772
4.75,2,5.730118
5.0,1,5.731744
-5.25,18,5.763156
-5.25,18,5.793167
-5.25,18,5.8271
-5.25,18,5.863808
-5.25,18,5.899519
4.75,2,5.903285
5.75,2,5.907016
6.0,1,5.908843
6.0,1,5.910585
-5.25,18,5.943782
5.0,1,5.945671
-5.25,18,5.977073
5.75,2,5.980873
-5.25,18,6.01403
5.75,2,6.017705
-2.0,1,6.019518
4.75,2,6.023225
4.75,2,6.026869
5.75,2,6.03048
4.75,2,6.03408
5.0,1,6.035937
-5.25,18,6.067294
5.75,2,6.070788
-2.05,2,6.074199
6.0,1,6.075979
-5.25,18,6.107306
-5.25,18,6.13854
5.0,1,6.140291
-2.8,5,6.149011
5.75,2,6.152519
5.75,2,6.156007
5.75,2,6.159481
5.0,1,6.161213
4.75,2,6.164712
-5.25,18,6.196254
-5.25,18,6.225142
-5.25,18,6.253861
-5.25,18,6.281819
5.0,1,6.283397
-5.25,18,6.311788
-5.05,14,6.333928
-2.0,1,6.335516
4.75,2,6.338814
-5.25,18,6.366989
5.75,2,6.370251
-5.25,18,6.398127
-5.25,18,6.426424
-2.0,1,6.428024
-5.25,18,6.45644
-5.25,18,6.485658
5.0,1,6.487286
-5.25,18,6.516487
-2.0,1,6.518127
4.75,2,6.521447
-2.55,4,6.528098
5.0,1,6.529764
5.0,1,6.531394
-5.25,18,6.561028
5.0,1,6.56269
4.75,2,6.565859
6.0,1,6.567512
5.0,1,6.569141
-2.3,3,6.573912
5.0,1,6.575622
-5.25,18,6.604873
5.75,2,6.608145
4.75,2,6.611249
-5.25,18,6.63987
-4.3,11,6.657615
5.75,2,6.660799
6.0,1,6.662439
6.0,1,6.664097
4.75,2,6.667227
6.0,1,6.668791
5.0,1,6.670334
-5.25,18,6.699173
5.0,1,6.700742
-5.25,18,6.729243
4.75,2,6.732327
-2.05,2,6.735465
5.0,1,6.737112
-5.25,18,6.768678
6.0,1,6.770227
4.75,2,6.77351
6.0,1,6.775091
4.75,2,6.778174
-5.25,18,6.807113
-5.25,18,6.837393
5.75,2,6.840696
-5.25,18,6.870315
-5.25,18,6.900413
4.75,2,6.904009
-5.25,18,6.934722
4.75,2,6.938143
-3.8,9,6.953615
-2.05,2,6.957089
6.0,1,6.958918
-2.3,3,6.964302
-5.25,18,6.994546
-5.25,18,7.026571
-3.55,8,7.040868
-5.25,18,7.073107
-5.25,18,7.104096
-2.0,1,7.105803
-5.25,18,7.137222
-4.3,11,7.155901
6.0,1,7.157651
-5.25,18,7.188842
-2.0,1,7.190528
-5.25,18,7.221123
-5.8,17,7.249989
5.0,1,7.251724
5.0,1,7.253427
4.75,2,7.256908
-5.55,16,7.284358
-5.05,14,7.308518
-5.25,18,7.3389
-5.25,18,7.369761
-5.25,18,7.400326
6.0,1,7.402246
-2.3,3,7.4076
-5.25,18,7.440075
5.0,1,7.441849
3.95,10,10.763964
5.0,1,10.765989
-2.0,1,10.767876
5.65,4,10.775457
6.0,1,10.777516
4.95,6,10.789005
5.95,2,10.792579
5.75,2,10.796184
5.75,2,10.799771
5.0,1,10.801563
5.9,3,10.806823
4.75,2,10.810478
-2.0,1,10.812341
5.95,2,10.815985
-7.95,32,10.875263
-5.95,32,10.930362
-2.0,1,10.932191
6.55,10,10.949755
-6.3,31,11.005232
-7.95,32,11.060781
-7.15,32,11.117387
6.45,8,11.131391
-5.6,21,11.167991
5.0,1,11.169761
-2.0,1,11.171416
-2.95,8,11.184923
7.95,2,11.188283
-7.15,32,11.243185
8.0,1,11.24485
5.95,2,11.248136
7.45,4,11.254787
-7.35,32,11.310013
-2.0,1,11.311756
4.75,2,11.315285
-2.4,5,11.324057
-6.75,32,11.38198
-3.2,9,11.397393
7.75,2,11.400783
-4.45,14,11.424287
7.75,2,11.427837
5.0,9,11.443335
8.0,1,11.445027
-3.3,11,11.465104
-2.0,1,11.467021
5.0,1,11.469081
-8.3,27,11.519098
5.0,1,11.521025
-2.7,7,11.534072
-7.4,25,11.581049
5.0,1,11.58303
6.15,10,11.601838
-6.95,32,11.661487
-5.95,24,11.706629
-7.55,32,11.767773
-3.3,11,11.787559
5.75,2,11.791174
6.0,1,11.793005
5.95,14,11.818179
-4.4,13,11.841219
7.75,2,11.844628
4.75,2,11.848021
5.0,1,11.84976
4.75,2,11.853411
-6.75,32,11.911093
7.65,4,11.918734
7.1,7,11.932076
7.75,2,11.935855
-6.75,32,11.995222
-7.15,32,12.050703
-5.15,32,12.108006
4.8,9,12.12405
-2.4,5,12.133014
-2.0,1,12.134904
5.95,2,12.138466
5.0,1,12.140274
5.0,1,12.142079
-2.05,2,12.145649
-6.95,32,12.202681
5.95,2,12.206295
7.65,4,12.213725
4.2,21,12.253329
-6.55,32,12.314237
7.75,2,12.318213
8.0,1,12.320598
5.9,3,12.327181
7.35,6,12.338
6.0,1,12.339883
8.0,1,12.341735
-8.15,32,12.402318
-4.65,14,12.428453
-2.0,1,12.430343
-2.4,5,12.439784
7.9,3,12.445573
7.4,5,12.455179
5.0,1,12.457009
5.0,1,12.458869
-2.0,1,12.460645
8.0,1,12.462497
-5.75,32,12.5241
-6.55,32,12.582999
2.9,27,15.939028
7.95,2,15.943525
7.95,2,15.947678
7.65,4,15.955871
7.9,3,15.962504
5.95,2,15.966962
7.6,5,15.977119
7.7,7,15.991486
-2.0,1,15.99375
-2.0,1,15.995725
-4.95,32,16.056857
6.0,1,16.058684
-2.1,3,16.064321
5.0,1,16.066316
7.95,2,16.0702
7.9,3,16.075958
7.8,5,16.085648
7.7,3,16.091316
-10.25,50,16.189822
7.95,2,16.193269
-10.25,50,16.28002
9.85,4,16.287178
-11.45,50,16.37733
7.9,3,16.382585
-11.05,50,16.469552
-3.35,12,16.490242
-11.65,50,16.579335
-2.2,5,16.588553
-8.4,45,16.67062
-10.05,50,16.761878
-7.55,36,16.827729
-9.65,50,16.917384
-9.05,50,17.006631
-6.3,27,17.054095
6.0,1,17.055956
-9.85,50,17.14443
-6.7,27,17.193834
-8.05,50,17.284723
-2.0,1,17.28645
-9.45,50,17.377771
9.9,3,17.38335
5.95,2,17.38708
9.8,5,17.396063
7.3,7,17.40869
6.0,1,17.410528
9.2,9,17.426482
-9.65,46,17.509926
-8.25,50,17.60351
-10.65,50,17.6944
-7.85,50,17.785856
9.8,5,21.26469
9.6,9,21.281363
6.0,1,21.283212
9.75,6,21.294733
9.9,3,21.300425
9.85,4,21.307893
-2.05,2,21.311497
10.0,1,21.313415
7.8,5,21.322894
8.65,12,21.345587
9.55,6,21.357061
-4.3,19,21.393043
-2.0,1,21.394955
9.0,9,21.412367
9.65,8,21.427013
9.65,8,21.44208
9.5,7,21.455326
9.1,11,21.476352
9.1,11,21.497319
9.9,3,21.503169
9.95,2,21.506929
8.9,11,21.527731
8.85,12,21.549999
-2.0,1,21.551946
9.6,5,21.561474
5.75,2,21.56513
5.95,2,21.568902
-2.1,3,21.574568
5.0,1,21.576533
9.1,7,21.58965
9.05,8,21.604123
9.25,8,21.619516
7.85,4,21.627241
6.0,1,21.629271
6.0,1,21.631156
9.2,9,21.648059
-2.0,1,21.650834
-12.55,72,21.78825
-2.0,1,21.790075
-10.95,72,21.927566
10.5,11,21.948137
12.0,1,21.950038
-9.95,72,22.085105
-10.55,72,22.222402
5.9,3,22.228284
-2.85,10,22.247871
9.75,6,22.259545
-2.35,4,22.267105
7.95,14,22.294048
8.75,26,22.34356
9.25,8,22.358752
-11.35,72,22.497882
-2.15,4,22.505593
11.6,9,22.523138
5.75,2,22.526973
-9.75,72,22.667059
-11.0,65,22.794384
-8.5,51,22.898601
-13.75,72,23.043725
-4.75,20,23.082551
-9.35,64,23.204992
7.5,27,26.906766
11.35,10,26.927845
5.0,1,26.930005
-2.0,1,26.932027
6.0,1,26.934138
-2.55,8,26.949833
11.65,8,26.96634
-2.15,4,26.975209
11.8,5,26.986488
-2.05,2,26.991042
6.0,1,26.993353
-2.0,1,26.99557
11.6,5,27.006651
9.45,8,27.02458
11.75,6,27.038316
9.6,17,27.079531
7.4,5,27.091964
5.95,2,27.096969
5.95,2,27.101889
11.7,7,27.119073
11.7,7,27.136289
5.0,1,27.138719
10.4,17,27.18017
-2.0,1,27.182548
-2.0,1,27.184996
9.7,7,27.202202
5.0,1,27.204655
11.7,7,27.221699
11.8,5,27.234108
-2.2,5,27.24647
-2.0,1,27.24894
6.0,1,27.251547
10.55,14,27.286131
11.7,7,27.303308
11.7,7,27.320759
6.0,1,27.323283
10.6,13,27.355576
11.35,10,27.381064
-2.0,1,27.383583
-3.75,20,27.428079
-2.0,1,27.430161
-2.0,1,27.432244
10.8,9,27.451023
8.9,27,27.504901
-2.0,1,27.50686
9.65,28,27.561702
11.05,12,27.584336
5.95,2,27.588096
11.55,10,27.606892
-2.05,2,27.610616
5.75,2,27.614446
5.9,47,27.706046
-2.05,2,27.710702
-2.0,1,27.713176
5.0,1,27.715522
-3.95,20,27.764939
-2.0,1,27.767519
11.1,11,27.795319
11.5,7,27.812482
5.95,2,27.817474
-2.0,1,27.819877
-2.2,5,27.832617
7.85,4,27.842417
11.2,13,27.875094
11.8,5,27.887225
-2.05,2,27.892205
9.95,18,27.938362
10.0,1,27.940881
5.0,1,27.943421
6.0,1,27.945927
10.9,15,27.983431
11.05,16,28.023485
11.25,12,28.054315
-2.0,1,28.056881
5.0,1,28.059507
5.9,3,28.067144
-3.4,13,28.099445
-2.55,8,28.166532
-7.1,43,28.271914
7.95,2,28.276871
12.4,13,28.309067
-6.0,37,28.400001
11.7,7,28.417314
5.9,3,28.424755
-15.05,98,28.663259
-6.5,35,28.7481
-16.05,98,28.984904
-9.65,54,29.110343
-10.3,67,29.262327
11.5,31,33.32663
10.25,36,33.398764
-2.85,10,33.419357
11.25,28,33.477656
12.85,16,33.509969
-2.7,11,33.532352
13.55,10,33.552525
13.05,12,33.577165
9.75,50,33.680058
12.55,18,33.717123
-2.3,7,33.731508
-2.15,4,33.739862
13.2,13,33.766521
-6.05,42,33.852429
11.4,25,33.904063
-3.7,19,33.942819
6.0,1,33.944906
11.85,24,33.993601
12.25,20,34.032933
-9.7,67,34.169735
3.6,85,34.342477
-2.05,2,34.346575
10.65,32,34.412521
11.4,13,34.439525
-3.7,19,34.479559
12.3,15,34.514243
13.3,11,34.53699
-6.1,31,34.601166
11.7,7,34.615621
13.4,13,34.642612
12.05,28,34.700829
-3.0,9,34.720108
12.5,15,34.75219
8.95,42,34.8438
11.9,23,34.893914
-12.45,98,35.098531
-2.1,3,35.105605
5.0,1,35.107711
10.75,38,35.185662
12.2,17,35.221089
7.45,56,35.338517
5.5,59,39.365309
-2.0,1,39.367222
13.3,11,39.388971
13.05,12,39.412428
-2.3,7,39.426124
10.05,36,39.496467
13.5,11,39.518202
5.5,83,39.683156
13.55,10,39.702962
11.65,24,39.751949
13.35,10,39.772712
13.55,10,39.793672
10.95,34,39.86474
12.75,14,39.893153
10.35,38,39.973172
11.15,38,40.053334
12.9,15,40.084784
-2.0,1,40.08674
5.0,1,40.088771
10.2,33,40.157878
11.3,31,40.224925
-2.0,1,40.226968
12.45,24,40.279092
12.95,18,40.320647
12.55,14,40.35171
-9.1,55,40.471044
6.95,70,40.629525
13.4,13,40.654536
-4.1,23,40.698233
-5.75,28,40.798365
14.75,18,40.828328
-16.75,128,41.058729
11.85,4,41.065775
-12.25,94,41.233258
-2.7,11,41.253346
8.9,67,45.193576
15.45,12,45.218125
9.75,6,45.230127
2.05,120,45.477199
6.0,1,45.479303
10.55,30,45.539332
7.65,76,45.701127
7.85,4,45.709722
-4.95,32,45.77597
13.75,26,45.83138
15.9,3,45.837505
12.2,37,45.913775
11.15,34,45.981573
12.2,13,46.007037
11.3,35,46.07935
-4.3,27,46.131288
11.25,44,46.218059
12.75,34,46.285151
15.1,15,46.313697
-2.0,1,46.315571
12.4,41,46.395459
-3.1,19,46.433485
15.85,4,46.44198
10.95,42,46.5314
6.0,1,46.533517
15.0,13,46.560673
14.25,24,46.607576
-7.55,56,46.721769
11.4,41,46.805047
14.85,20,46.847669
13.05,36,46.924689
10.25,48,47.027017
-2.3,7,47.041075
14.45,20,47.083781
7.3,79,47.244821
10.9,55,51.302914
12.85,12,51.329962
13.6,29,51.39427
5.95,2,51.398602
-2.35,8,51.414885
14.5,19,51.454717
11.75,38,51.535478
12.05,48,51.634029
11.45,12,51.659048
14.95,18,51.696272
15.6,9,51.715008
13.2,41,51.799069
14.65,20,51.840768
14.6,21,51.884915
11.5,11,51.907712
12.1,43,51.997602
14.2,25,52.051102
13.9,27,52.108928
14.6,21,52.154016
-2.0,1,52.156078
13.85,28,52.214337
11.35,46,52.31032
2.45,108,52.544956
13.2,29,52.609389
14.1,23,52.660149
13.8,29,52.725501
15.05,16,52.761084
14.55,22,52.809644
12.45,44,52.910569
-2.0,1,52.912881
13.85,24,52.966243
13.05,12,52.991498
15.4,13,53.018209
11.75,34,53.108296
-4.2,21,53.17251
-2.0,1,53.175785
11.2,45,53.297226
14.3,23,53.357209
10.4,61,57.532495
12.85,32,57.599384
15.2,17,57.635566
11.7,43,57.72581
-3.45,14,57.755727
-3.4,17,57.792122
-3.3,15,57.826495
15.45,12,57.85247
15.1,19,57.893607
12.9,27,57.951522
-2.05,2,57.955798
-2.65,14,57.986013
13.45,24,58.038228
10.85,44,58.128857
15.65,8,58.145463
5.0,1,58.147513
9.8,53,58.25957
14.65,20,58.30216
10.95,46,58.4056
4.75,2,58.41016
11.55,10,58.43415
13.05,32,58.510471
14.75,18,58.553889
7.95,2,58.558662
13.8,25,58.618061
-20.25,162,59.096677
-22.65,162,59.455296
0.85,148,63.944186
9.9,3,63.950267
9.75,6,63.96238
13.65,40,64.042581
9.9,3,64.048831
14.05,36,64.123243
16.4,25,64.175598
14.1,43,64.265522
13.6,9,64.284245
14.5,51,64.391293
14.2,37,64.469395
9.9,79,64.635276
16.3,27,64.692332
11.6,69,64.833328
15.65,8,64.849306
6.9,79,65.011417
10.7,63,65.140247
11.8,61,65.268506
15.35,38,65.349233
13.4,13,65.376917
-19.25,162,65.722074
-18.85,162,66.1158
-5.2,37,70.407143
-1.2,161,70.762405
12.35,58,70.893157
6.0,1,70.895396
-2.5,11,70.919792
-2.85,18,70.960375
16.0,25,71.016741
-3.6,25,71.072968
11.65,8,71.090802
-16.05,118,71.353767
-5.65,50,71.463609
14.45,44,71.561801
5.95,2,71.566264
16.7,23,71.618023
16.95,22,71.667297
15.75,34,71.743871
13.9,39,71.831017
4.1,131,72.118557
14.7,43,72.212626
15.15,30,72.279749
17.1,19,72.322166
16.45,20,72.368223
-2.0,1,72.370498
15.0,33,72.442145
15.2,33,72.512018
14.95,38,72.593277
-3.0,21,77.104471
5.8,109,77.351727
17.15,14,77.382841
16.8,21,77.42974
13.55,46,77.532356
7.75,6,77.546037
13.35,10,77.568217
15.75,6,77.581612
16.5,19,77.624501
-2.0,1,77.626828
16.1,31,77.697564
12.25,52,77.814333
16.65,24,77.869087
-2.9,11,77.894292
11.95,54,78.020766
-2.35,8,78.039711
14.9,39,78.132278
-2.15,4,78.141644
15.3,39,78.232564
6.0,1,78.234763
-2.0,1,78.23696
12.75,58,78.36707
17.15,18,78.406309
16.55,22,78.456055
13.85,60,78.591847
15.45,40,78.6816
-25.45,162,79.039651
15.95,22,79.090091
8.15,94,79.306813
16.35,22,79.355201
11.0,77,83.709614
17.0,17,83.747616
16.8,13,83.776818
16.95,22,83.826395
17.15,14,83.858001
15.1,35,83.942807
15.1,39,84.044239
16.45,24,84.104054
-4.15,16,84.143668
17.25,16,84.183593
9.75,6,84.198493
-2.4,9,84.220916
15.6,33,84.303604
7.85,4,84.313513
15.55,38,84.407591
9.8,5,84.419796
17.15,18,84.464891
16.7,23,84.52352
16.7,27,84.594496
16.85,20,84.645626
15.9,27,84.716446
-3.0,125,85.039979
5.95,2,85.0452
16.85,20,85.096909
15.35,30,85.17611
17.1,15,85.215915
-3.75,24,85.279381
5.0,1,85.282228
16.5,23,85.34327
16.7,23,85.400293
12.6,49,85.521922
15.6,29,85.59394
16.85,24,85.652562
16.6,25,85.714397
16.2,29,85.786602
5.0,1,85.789106
9.65,8,85.847868
-24.35,200,90.87958
-3.75,32,90.950017
0.3,183,91.382033
6.0,1,91.384353
-27.55,200,91.873629
-7.2,53,91.987517
5.95,2,91.99188
6.0,1,91.994083
11.55,70,92.151835
-2.0,1,92.154075
-11.1,99,92.383679
12.2,69,92.543636
14.95,54,92.67027
17.05,20,92.71909
-2.6,13,92.750886
-2.3,7,92.767884
-2.55,12,92.798261
11.1,91,93.010596
11.55,10,93.03405
18.2,29,97.724174
5.3,127,98.001033
4.7,147,98.350518
-3.0,21,98.399776
16.45,44,98.505766
12.6,21,98.5563
-2.7,11,98.582222
14.45,64,98.736757
6.9,119,99.024503
-2.25,6,99.039227
14.55,46,99.149782
17.1,39,99.244354
10.2,77,99.431721
15.45,52,99.561387
16.55,38,99.649631
16.3,39,99.741979
13.75,66,99.897267
11.6,9,99.919167
17.95,34,100.002341
13.75,70,104.82473
17.95,34,104.898606
11.7,7,104.913752
13.25,16,104.948637
16.3,43,105.045635
-5.5,39,105.134815
19.45,12,105.162509
18.85,24,105.218447
8.0,1,105.220754
14.85,16,105.257033
9.8,5,105.26854
17.9,35,105.348855
-2.7,15,105.383336
16.7,39,105.471584
16.1,47,105.574676
17.7,35,105.651532
18.1,31,105.719484
-4.55,36,105.798357
7.85,4,105.807658
-2.1,3,105.81426
18.95,22,105.864963
15.3,47,105.972186
14.1,59,106.109008
9.7,7,106.125247
15.25,16,106.162416
11.3,95,106.384908
17.9,27,106.449072
7.8,5,106.460698
17.85,32,106.534695
18.25,32,106.609032
11.15,90,106.816456
-2.2,5,106.82832
15.85,56,106.958436
7.95,2,106.963121
-2.5,11,106.987558
17.3,31,107.058818
-24.75,200,112.088926
-2.8,17,112.12989
12.75,70,112.287515
15.45,12,112.315191
18.75,22,112.366491
7.85,4,112.375909
19.3,15,112.411153
17.05,36,112.497739
14.75,54,112.631158
17.8,29,112.702223
11.65,8,112.720781
18.2,25,112.78103
6.0,1,112.783493
16.25,36,112.872058
-2.35,8,112.891575
16.0,41,112.992844
15.5,59,113.137077
5.95,2,113.142095
-2.35,8,113.161909
18.55,26,113.225466
8.7,99,113.468581
16.4,45,113.579511
14.65,24,113.637857
16.3,47,113.753027
7.8,5,113.765605
18.8,21,113.817121
18.0,29,113.888574
18.7,23,113.945551
15.95,50,114.067372
5.0,1,114.069819
-2.75,16,114.108789
18.35,34,118.769497
14.75,62,118.930253
18.85,24,118.989292
18.6,25,119.05434
17.3,31,119.134156
17.95,34,119.222335
5.0,1,119.225102
12.45,64,119.378254
19.0,21,119.428488
16.05,48,119.543532
13.5,11,119.570586
18.4,29,119.646054
18.95,18,119.693023
-3.0,21,119.747279
17.55,30,119.819878
9.8,5,119.83224
15.55,42,119.933536
9.7,7,119.949748
18.05,32,120.027459
6.0,1,120.029976
5.95,2,120.034877
11.9,3,120.042227
17.75,34,120.123344
18.0,29,120.190616
-8.95,76,120.378345
13.0,57,120.511725
19.15,18,120.553369
9.5,95,120.781264
17.4,37,120.871808
18.5,31,120.945924
18.8,25,121.0066
17.1,15,121.044672
12.0,77,121.271971
17.1,39,125.962713
9.7,7,125.979439
18.85,20,126.026071
-3.2,25,126.084183
17.6,41,126.182633
17.0,21,126.232717
17.25,36,126.327537
19.05,20,126.37832
18.9,23,126.435381
16.6,45,126.547813
17.65,32,126.629652
-2.25,6,126.645261
-2.85,18,126.692181
15.65,8,126.713186
18.05,32,126.796534
12.15,54,126.936204
18.75,14,126.97275
18.4,33,127.060085
18.35,34,127.150888
17.9,35,127.237692
18.65,28,127.30679
7.8,5,127.320173
18.05,36,127.410142
13.5,59,127.55701
17.05,44,127.667439
18.05,36,127.75642
9.75,6,127.770416
15.2,17,127.809992
11.85,4,127.81926
11.7,7,127.835732
18.5,31,127.90773
19.6,9,127.928671
17.5,35,128.014906
17.75,34,128.097896
19.05,20,128.149488
16.65,40,128.247042
19.35,14,128.281658
-10.3,95,133.104012
20.0,29,133.167975
11.6,9,133.188556
-30.05,242,133.762413
-31.25,242,134.346063
9.6,9,134.366999
-3.9,207,134.871104
15.2,17,134.911087
0.75,186,135.337774
15.75,66,140.121439
7.85,4,140.130839
13.8,97,140.368859
20.3,27,140.435147
17.2,53,140.565273
20.25,20,140.614506
9.75,6,140.629893
9.9,3,140.637372
18.95,38,140.730645
17.55,38,140.824706
16.45,60,140.967957
13.55,94,141.186767
-2.85,18,141.228637
-2.95,12,141.256451
18.3,35,141.339714
19.7,35,141.42492
19.25,36,141.511728
12.2,113,141.782243
9.75,6,141.796127
18.75,46,141.895491
18.45,56,142.018353
15.15,18,142.057695
20.15,34,142.132234
21.25,16,142.165844
-36.65,242,147.534712
20.45,28,147.608273
10.0,1,147.610872
-4.5,35,147.701529
7.8,5,147.713825
16.75,62,147.88547
9.65,8,147.909114
7.9,3,147.917233
19.3,39,148.046239
5.9,3,148.05449
7.85,4,148.065634
15.55,70,148.252871
19.65,40,148.361442
13.55,10,148.387072
17.7,59,148.545895
19.65,40,148.651303
20.25,32,148.736528
19.0,45,148.86595
20.8,25,148.932623
8.35,122,149.269597
16.9,23,149.331454
-3.65,34,149.420434
-3.15,24,149.480225
-3.0,21,149.527954
17.3,63,149.667907
-2.4,9,149.687247
-3.0,17,149.723069
16.0,61,149.85128
11.7,7,149.865928
18.6,45,155.45879
19.7,35,155.553212
14.7,75,155.745886
7.9,143,156.125598
15.45,72,156.328448
20.65,28,156.406537
17.75,50,156.545581
18.3,51,156.698117
20.2,33,156.803041
19.25,44,156.942302
14.5,75,157.162206
-2.2,5,157.176754
20.5,31,157.263352
20.5,27,157.33768
7.9,3,157.345798
17.4,57,157.507457
19.85,40,157.633207
-3.55,24,157.71012
17.65,52,157.865933
5.0,1,157.868803
20.1,31,157.961704
11.9,3,157.970372
21.05,20,158.029144
17.55,66,158.224304
17.45,44,163.589152
13.65,76,163.92735
11.75,6,163.951046
19.05,48,164.081265
18.3,27,164.148914
20.1,31,164.22743
-3.75,32,164.313336
20.05,24,164.378928
19.65,40,164.486474
15.15,74,164.68554
20.45,28,164.761127
17.45,40,164.867813
-2.1,3,164.875937
20.65,24,164.943761
20.5,27,165.022042
14.65,80,165.25715
16.75,50,165.408594
19.4,45,165.549562
19.65,40,165.679064
13.45,12,165.71562
11.75,6,165.734182
17.95,46,165.880422
16.85,64,166.071859
19.85,36,166.175872
14.7,71,166.380995
5.95,2,166.386627
20.2,37,166.493365
18.35,46,166.620436
17.2,17,172.076612
18.15,46,172.208244
20.5,27,172.281926
18.1,51,172.422288
7.85,4,172.433177
17.85,36,172.532121
19.4,37,172.63416
-2.7,15,172.676704
9.7,7,172.696738
13.45,12,172.730244
18.45,56,172.885378
18.25,36,172.985954
19.5,43,173.104863
16.65,64,173.281984
20.85,20,173.338673
13.5,11,173.368903
19.8,37,173.470733
18.9,23,173.536127
19.4,41,173.649835
15.65,60,173.816905
19.7,35,173.918012
20.45,28,173.995022
-2.75,16,174.039196
19.15,38,174.14535
20.7,27,174.220893
19.4,33,174.313923
-2.65,14,174.351436
5.0,1,174.35426
15.75,6,174.370847
17.6,61,174.539509
-2.0,1,174.542078
17.6,49,174.678338
15.55,10,174.706154
-3.25,26,174.778209
17.85,48,180.450252
20.75,26,180.522813
17.35,62,180.69657
20.55,30,180.785729
19.75,38,180.896071
12.4,93,181.176416
15.2,77,181.421438
20.0,33,181.526531
5.9,3,181.536079
19.35,42,181.674561
20.35,34,181.781549
5.95,2,181.787555
16.45,20,181.848109
19.1,43,181.979466
19.9,35,182.083695
-2.3,7,182.103838
19.9,31,182.192308
18.55,42,182.308619
18.95,38,182.414088
18.5,39,182.522298
9.8,5,182.53596
5.9,3,182.543907
18.0,49,182.677491
20.55,30,182.758086
16.75,70,182.944759
19.1,39,183.047906
17.25,36,183.142639
20.25,36,183.240215
7.9,3,183.248199
19.25,36,183.348387
-2.15,4,183.359598
19.95,38,189.099165
20.2,29,189.17359
15.5,11,189.202024
17.9,55,189.344676
20.55,30,189.42816
8.65,96,189.700177
19.65,40,189.812046
19.25,16,189.856035
20.8,25,189.926197
19.35,42,190.041303
4.25,136,190.422678
21.3,15,190.465945
19.5,35,190.571915
20.85,24,190.642641
18.7,43,190.76525
6.0,1,190.768156
14.85,60,190.938259
18.3,51,191.085579
20.5,31,191.177047
20.4,21,191.242767
18.0,29,191.332701
19.05,44,191.469388
14.1,75,191.701142
19.5,39,191.822926
6.0,1,191.825958
19.8,33,191.927155
-38.35,288,198.365009
20.0,57,198.521301
-35.95,288,199.315059
-2.95,20,199.371149
-2.0,1,199.373999
-37.2,265,200.111239
13.25,16,200.158836
16.05,100,206.180133
20.9,55,206.353195
21.25,48,206.507193
-2.0,1,206.510443
22.0,41,206.637574
22.75,26,206.718072
-3.4,25,206.794131
7.95,2,206.799936
20.45,48,206.943377
-8.65,282,207.81163
12.25,124,208.17167
7.9,3,208.180822
14.85,96,208.460424
18.3,67,208.655868
21.0,45,208.798063
13.65,8,208.823922
-5.6,41,208.95336
7.85,4,208.965899
-3.15,20,209.029395
15.05,20,209.09423
18.85,64,214.98095
-6.8,69,215.217854
22.0,33,215.328275
-12.55,280,216.256128
18.1,75,216.485208
17.4,65,216.704073
20.7,43,216.850532
16.45,84,217.124272
13.35,14,217.167544
20.0,49,217.325521
19.45,56,217.504607
22.75,22,217.573375
14.5,91,217.855773
20.55,54,218.019713
16.2,93,224.075093
21.4,45,224.203322
18.5,63,224.380036
18.4,57,224.541929
18.85,60,224.714356
20.65,52,224.860883
17.1,19,224.917213
6.0,1,224.920159
22.15,38,225.029387
0.2,217,225.651475
19.9,63,225.830375
19.7,55,225.985923
-8.6,77,226.207844
13.75,6,226.225201
20.2,61,226.39997
7.85,4,226.411427
21.45,36,226.513156
21.75,38,226.620801
20.0,49,226.761107
-3.95,28,226.844956
-3.05,22,232.855447
9.9,3,232.864214
8.5,151,233.269993
5.0,1,233.272576
16.3,91,233.517605
22.25,28,233.598077
-7.6,69,233.785958
15.3,95,234.050203
18.2,73,234.262304
16.65,88,234.519444
20.9,47,234.65793
16.55,78,234.882023
15.4,13,234.917382
22.55,26,234.991791
21.4,45,235.1138
22.05,40,235.226899
-2.05,2,235.232426
21.0,41,235.34737
21.85,36,235.456819
21.45,44,235.594301
5.0,1,235.597467
21.65,44,235.73408
20.45,40,241.832656
21.05,48,241.969063
7.85,4,241.980368
21.45,40,242.096056
6.0,1,242.098881
21.15,42,242.218385
19.95,46,242.348635
20.05,52,242.496043
20.95,42,242.615965
21.35,42,242.734744
22.05,40,242.850082
5.0,1,242.85301
-2.2,5,242.867159
15.7,7,242.887381
19.8,61,243.061014
18.75,26,243.132833
17.95,66,243.320087
20.75,50,243.464135
17.55,74,243.676667
12.1,123,244.026744
22.5,31,244.116861
6.0,1,244.119668
21.15,46,244.250602
17.95,78,244.516652
18.7,27,244.607253
22.5,27,244.69757
15.15,18,250.552462
-4.55,48,250.680645
14.3,127,251.049767
20.65,52,251.19153
20.4,53,251.337033
-2.5,11,251.367293
12.35,106,251.671285
21.4,41,251.789968
-2.0,1,251.793084
17.4,81,252.026049
21.05,44,252.149799
22.0,33,252.242018
19.3,63,252.413679
8.0,1,252.416485
20.95,50,252.553377
22.4,33,252.646378
20.4,45,252.771085
20.75,42,252.892056
13.9,3,252.900302
13.25,88,253.152243
21.7,39,253.26305
-2.0,1,253.265858
20.45,48,253.404021
22.05,40,259.316156
10.1,135,259.676421
9.65,8,259.697862
-2.15,4,259.708755
7.95,2,259.714401
15.1,19,259.766745
22.2,37,259.86832
22.95,22,259.929719
19.55,46,260.056339
20.75,46,260.184323
21.4,37,260.285949
22.2,37,260.394807
21.9,27,260.473989
21.0,49,260.610339
13.3,15,260.652191
9.7,7,260.671478
-2.0,1,260.674044
-2.0,1,260.676912
17.3,15,260.718161
21.1,35,260.814095
-9.0,249,261.518256
19.25,64,261.69953
21.95,34,261.794361
21.7,39,261.901646
-5.7,179,268.040016
21.7,47,268.181403
21.55,38,268.294515
-3.05,22,268.361881
21.4,45,268.494314
-2.0,1,268.497375
18.9,63,268.68651
11.45,12,268.722355
-2.65,14,268.764874
15.35,94,269.049528
16.8,77,269.284851
16.8,69,269.491223
18.65,56,269.657574
20.55,54,269.818262
-2.0,1,269.821149
20.65,48,269.96234
16.65,72,270.171765
22.5,31,270.263987
21.7,35,270.368047
15.35,14,270.409112
19.9,51,270.554199
17.75,74,277.16137
21.6,41,277.273658
-2.35,8,277.29437
21.1,39,277.401816
14.9,19,277.454619
14.8,21,277.509002
19.1,51,277.641308
22.85,24,277.703845
9.7,7,277.721717
-2.65,14,277.756934
21.1,39,277.856666
20.65,56,278.002479
21.65,44,278.120398
16.2,25,278.186439
18.65,60,278.337712
-2.0,1,278.340125
22.35,34,278.430882
18.8,21,278.485788
22.5,27,278.560064
22.15,34,278.658589
18.8,57,278.820199
20.6,53,278.965205
20.05,52,279.111467
9.8,5,279.125921
10.0,1,279.128687
23.25,16,279.173254
20.9,43,279.293112
16.6,25,279.362887
-2.5,11,279.393345
20.8,21,279.452922
16.25,84,279.685826
6.0,1,279.688603
17.3,75,279.898983
17.6,37,285.501526
20.45,44,285.62717
20.35,54,285.780553
20.3,47,285.914704
21.8,41,286.031921
16.85,68,286.226427
17.1,75,286.434884
13.4,13,286.471988
18.2,69,286.66203
21.65,44,286.783333
13.55,10,286.811768
11.6,81,287.037365
17.05,92,287.29473
-2.15,4,287.305909
22.15,38,287.412038
21.6,37,287.514357
5.0,1,287.517087
22.55,30,287.602899
20.55,58,287.772024
-3.0,21,287.833037
20.7,47,287.969057
14.75,98,288.252995
22.95,22,294.269367
22.6,29,294.355165
19.45,64,294.541599
21.15,50,294.687571
7.85,4,294.698945
-5.1,47,294.874029
7.9,3,294.882471
7.8,5,294.896495
13.4,13,294.933389
-44.25,338,295.844007
-2.0,1,295.846593
19.5,11,295.877274
-63.05,338,296.820728
9.95,138,302.947074
11.85,128,303.30443
18.05,92,303.558613
22.6,61,303.724685
21.5,39,303.831692
18.75,22,303.892908
23.05,48,304.025025
5.0,1,304.027844
23.8,29,304.108511
21.3,67,304.294355
21.5,59,304.472755
16.8,21,304.53769
20.9,79,304.774683
-2.0,1,304.778294
5.0,1,304.781349
22.15,50,304.929465
-3.9,31,305.021469
-5.5,55,305.185575
21.85,52,305.339482
23.9,31,305.432858
23.65,36,305.544532
13.05,128,312.144661
19.9,39,312.255147
13.3,119,312.59567
17.7,91,312.862302
19.6,73,313.073931
-7.35,76,313.28876
-44.85,338,314.199471
23.65,40,314.310999
22.9,51,314.453016
18.8,81,314.677858
8.9,159,320.965329
22.05,40,321.093904
13.6,9,321.130931
-2.0,1,321.135811
23.35,42,321.279989
23.0,53,321.445181
21.15,66,321.653218
23.2,37,321.768475
22.3,59,321.953205
21.9,59,322.139156
20.3,67,322.348343
19.4,77,322.58371
-2.0,1,322.58688
20.9,39,322.706289
22.2,53,322.871839
16.5,99,323.177876
15.2,17,323.229511
21.7,67,323.421205
7.8,5,323.43528
22.9,51,323.581952
14.4,109,329.807117
-5.65,38,329.926883
21.8,49,330.080308
21.95,62,330.312303
8.0,1,330.316939
23.95,38,330.47696
15.55,10,330.512014
23.25,48,330.665393
16.3,99,330.968784
15.85,4,330.981053
23.55,42,331.110216
23.45,44,331.245281
24.35,34,331.356229
23.2,45,331.493858
22.45,48,331.644837
11.65,140,332.078378
7.2,157,332.568587
7.85,4,332.580703
23.1,51,332.739936
21.6,57,332.914271
11.7,7,332.936573
22.55,58,339.119267
14.6,93,339.378921
23.65,48,339.513618
-5.5,279,340.324996
24.05,32,340.41818
13.6,121,340.778151
16.3,95,341.060268
8.0,1,341.063178
17.4,93,341.338892
23.15,54,341.492946
22.95,50,341.63174
9.85,4,341.643209
7.95,2,341.64905
20.35,34,341.746815
20.7,27,341.825184
20.45,72,347.829071
23.45,36,347.934009
18.85,24,348.003177
21.6,57,348.169446
22.8,41,348.288392
17.65,36,348.391623
5.0,1,348.394482
-2.15,4,348.405684
23.05,40,348.521991
9.65,8,348.545328
17.0,21,348.605725
22.4,61,348.782329
7.95,2,348.788044
19.65,68,348.98442
19.85,64,349.169841
23.15,46,349.302408
-4.15,28,349.383312
9.75,6,349.400594
9.8,5,349.414991
12.25,144,349.828503
21.65,40,349.94189
22.45,32,350.034212
22.95,54,350.201158
5.0,1,350.204381
5.0,1,350.207292
20.35,74,350.455129
22.95,46,350.599166
20.0,65,350.80673
19.6,81,356.891253
14.6,93,357.157457
20.45,72,357.369104
23.4,49,357.509659
23.1,47,357.64181
19.25,84,357.879428
18.7,95,358.152458
17.5,11,358.18459
15.55,94,358.45326
9.55,158,358.914542
10.75,122,359.295658
23.05,52,359.469067
21.8,57,359.649959
18.1,87,365.957188
23.25,48,366.095144
23.85,32,366.188378
18.7,27,366.264539
-2.1,3,366.273252
13.6,9,366.298138
22.15,66,366.485191
22.1,59,366.653181
23.35,50,366.794721
24.05,36,366.89561
21.95,58,367.071619
21.2,57,367.242074
23.0,41,367.36314
23.15,50,367.512723
14.7,103,367.830451
23.85,40,367.953274
-2.85,14,367.994519
23.6,41,368.121738
22.7,59,368.304841
22.15,50,368.461982
22.9,51,368.622651
24.05,36,368.734691
19.3,71,374.897375
23.85,40,375.005979
22.8,49,375.141237
23.95,38,375.247137
19.85,72,375.445956
23.75,38,375.552576
23.55,46,375.686374
19.4,77,375.910169
20.9,55,376.070855
20.95,62,376.246998
20.5,59,376.418125
13.5,11,376.449054
-3.35,28,376.528339
20.7,79,376.748982
23.45,52,376.90228
16.35,30,376.990133
15.0,117,377.354635
10.9,119,377.767202
23.55,50,383.870992
21.2,45,383.999666
17.15,18,384.052114
22.1,55,384.219918
21.75,58,384.403377
22.25,60,384.589602
21.35,66,384.793183
22.95,54,384.961609
23.75,34,385.065458
13.7,7,385.087309
19.95,82,385.33668
24.05,36,385.453617
9.7,7,385.475134
22.65,52,385.646914
17.3,91,385.925297
19.45,80,386.162796
20.7,67,386.366861
23.25,52,386.526111
6.05,168,392.921224
24.3,35,393.019524
-41.25,338,393.973925
6.0,1,393.976772
23.5,39,394.092954
22.65,48,394.240632
6.0,1,394.244195
22.55,50,394.395709
11.35,14,394.438613
23.65,40,394.564352
24.4,33,394.665464
22.85,48,394.812264
23.75,42,394.944525
19.2,81,395.194741
18.6,29,395.286894
22.7,47,395.433797
21.65,68,395.643972
22.75,50,395.797768
-9.0,69,401.895273
23.9,39,402.009424
17.2,17,402.058448
21.4,65,402.246433
20.05,80,402.473609
23.0,45,402.604727
21.25,64,402.787044
22.4,53,402.935492
24.05,36,403.03417
23.1,55,403.18914
-2.7,15,403.23175
16.4,97,403.51509
19.3,79,403.781572
23.05,48,403.984828
23.55,50,404.183618
22.3,63,404.417414
15.6,9,404.447438
24.05,40,404.579053
-2.55,12,404.619026
22.0,49,404.776282
19.9,63,410.691871
24.1,39,410.805072
23.6,37,410.906974
23.55,46,411.033391
22.15,66,411.22332
-2.95,20,411.283801
13.1,31,411.376805
22.6,57,411.548772
22.2,65,411.73578
21.65,64,411.91376
15.0,33,412.006762
22.25,60,412.185766
-3.0,17,412.23778
20.15,70,412.448411
23.9,43,412.573912
9.75,6,412.591738
18.2,49,412.743962
16.5,115,413.066017
-2.0,1,413.068867
24.2,33,413.160738
-3.45,30,413.24419
-6.6,41,413.357762
22.05,40,413.465281
24.0,33,413.555878
21.4,57,419.749274
24.55,26,419.823527
-2.0,1,419.82628
-3.65,34,419.925436
20.85,64,420.117365
23.8,41,420.237518
9.85,4,420.24877
23.15,46,420.383411
23.75,46,420.515805
23.2,53,420.66639
24.1,39,420.783464
24.65,28,420.864397
-2.0,1,420.867181
21.5,55,421.028155
15.75,94,421.305321
22.45,60,421.486178
11.25,164,421.996781
-2.0,1,422.000067
16.95,18,422.063349
11.5,11,422.098512
-2.0,1,422.187844
7.85,192,429.034252
-54.75,392,430.242116
13.35,14,430.284363
18.3,119,430.638476
25.0,41,430.768223
23.65,60,430.963348
14.5,131,431.397303
25.35,46,431.546902
26.5,31,431.650513
13.4,13,431.694801
18.6,109,432.032594
-3.4,21,432.097398
21.15,90,438.240087
23.75,58,438.404704
13.0,141,438.806634
-4.6,37,438.919585
9.95,2,438.925731
15.3,15,438.971793
25.05,52,439.130171
25.05,44,439.267646
-4.3,39,439.387872
-14.55,128,439.783652
23.1,59,439.974923
23.85,76,440.198622
15.5,11,440.229391
22.85,80,440.45646
24.05,36,440.558187
21.8,73,440.877388
23.3,67,441.110737
15.35,138,447.610448
24.2,65,447.806196
23.9,67,448.021003
5.0,1,448.024108
25.05,48,448.165509
-4.65,34,448.262898
23.5,67,448.454627
24.7,55,448.613274
-2.6,13,448.651107
20.4,93,448.900023
24.15,62,449.074711
20.1,95,449.350953
17.95,118,449.685612
11.65,8,449.707392
22.8,69,449.905998
17.3,15,449.950088
15.35,14,449.989464
19.35,14,450.028772
24.3,59,450.208837
14.75,106,456.586682
16.25,136,456.977946
0.45,212,457.591648
15.85,132,457.966872
11.8,5,457.981053
23.7,67,458.172956
23.4,69,458.367048
17.15,130,458.759531
5.0,1,458.76255
21.25,68,458.974539
19.9,107,459.306574
23.4,65,465.857059
17.3,107,466.1796
5.95,206,466.774201
18.2,97,467.060545
22.2,77,467.280524
8.45,216,467.921238
6.0,1,467.924545
25.75,46,468.061651
19.5,111,468.388719
25.95,38,468.497722
25.3,47,468.631624
23.35,58,474.683237
9.3,207,475.271078
25.95,34,475.368003
17.95,90,475.627666
21.0,81,475.868608
26.3,31,475.951933
21.35,82,476.171443
20.05,88,476.405942
16.95,22,476.468246
9.7,7,476.488046
23.55,58,476.652089
23.85,60,476.823018
21.75,42,476.936541
8.2,137,477.322263
17.15,18,477.372408
18.75,70,483.244591
25.7,39,483.357006
20.55,94,483.622678
21.05,92,483.877639
21.1,95,484.139647
11.6,9,484.164637
9.8,5,484.178414
8.0,1,484.181398
-2.0,1,484.184147
11.6,9,484.209364
23.75,70,484.402889
23.4,65,484.580217
-4.45,46,484.702794
15.95,134,485.069217
24.6,57,485.227659
15.3,15,485.270287
13.1,15,485.316617
22.45,76,485.546542
25.4,45,485.681602
22.4,81,485.927655
22.85,76,491.86555
23.1,71,492.059832
25.9,39,492.165277
-3.75,36,492.263255
26.15,38,492.368295
11.45,12,492.400871
21.05,84,492.634048
23.05,76,492.848459
-2.7,15,492.89195
24.35,62,493.063655
19.75,106,493.360958
25.7,35,493.458055
23.6,65,493.641813
22.45,68,493.834724
18.25,108,494.169399
24.35,54,494.331522
-3.15,20,494.39131
23.1,59,494.570364
-3.65,34,494.668562
24.65,52,500.721213
24.35,62,500.896079
6.0,1,500.898813
24.5,55,501.051922
-2.25,6,501.068239
20.6,25,501.139302
22.15,78,501.360546
22.85,76,501.587445
26.2,37,501.733052
22.95,54,501.926677
22.1,67,502.147346
24.95,58,502.335366
25.15,46,502.472544
25.05,56,502.643378
6.95,158,503.128029
13.3,15,503.173666
13.55,10,503.203736
20.8,77,503.437536
25.3,47,503.580095
25.6,49,503.72903
-2.2,5,503.74404
5.0,1,503.747139
17.15,18,509.584613
23.75,70,509.777897
25.35,46,509.906582
25.75,42,510.028806
25.75,42,510.148418
25.15,42,510.270964
26.1,39,510.381044
26.15,38,510.491079
23.95,62,510.682171
22.7,67,510.896648
25.55,50,511.048669
13.35,146,511.49847
20.95,70,511.71418
24.75,54,511.88288
24.4,65,512.091123
13.5,11,512.125571
22.75,66,512.331218
24.45,68,512.534415
-2.25,6,512.551421
17.45,96,518.818552
21.6,45,518.946759
15.85,108,519.245351
25.65,48,519.375583
24.6,53,519.521645
23.9,63,519.703434
22.9,79,519.925404
21.85,84,520.175944
24.75,58,520.358764
20.35,82,520.620898
24.25,44,520.756407
23.25,76,520.98843
22.6,49,521.144192
13.55,10,521.181646
22.0,85,521.459411
16.75,126,528.117981
-3.55,32,528.208849
-2.0,1,528.212203
25.85,40,528.327648
23.6,61,528.509533
22.75,62,528.696895
-2.0,1,528.700005
9.9,3,528.709765
23.75,66,528.92035
7.85,4,528.935554
24.35,54,529.104925
17.2,17,529.157666
23.3,71,529.368003
15.45,124,529.724679
14.4,105,530.050412
14.6,117,530.416272
19.7,111,530.765071
-5.8,65,530.969108
24.8,57,537.142711
21.85,76,537.354743
-3.5,27,537.432456
13.25,16,537.47823
24.95,58,537.643409
25.7,47,537.778049
9.85,4,537.789615
23.6,65,537.973653
-4.8,33,538.066464
-3.6,29,538.149321
-2.0,1,538.152184
20.5,95,538.420958
-4.05,30,538.504526
-3.75,36,538.60793
24.65,44,538.733122
25.35,50,538.875026
25.4,53,539.025014
23.7,59,539.194592
25.3,39,539.306814
24.8,49,539.446458
26.0,37,539.555619
26.0,33,539.649872
26.0,29,539.732114
15.4,13,539.769043
23.35,74,539.982475
-2.0,1,539.985362
23.1,75,546.312036
25.9,43,546.43734
24.7,59,546.610921
19.05,80,546.833298
22.55,66,547.021352
25.85,44,547.148221
18.15,102,547.440545
23.05,56,547.600937
20.5,91,547.870576
6.0,1,547.873545
25.55,50,548.018231
13.5,11,548.05042
-3.7,35,548.151581
24.05,56,548.313952
25.6,41,548.431398
22.65,56,548.593009
21.55,86,548.837858
15.65,116,555.11815
-2.0,1,555.121341
22.85,64,555.317833
-2.2,201,555.930167
11.4,13,555.968805
20.95,22,556.035396
-2.55,8,556.060066
23.8,45,556.198074
23.7,67,556.401313
-19.15,160,556.899297
24.1,63,557.094637
18.4,25,557.17171
23.95,50,557.327619
23.8,73,557.555221
24.8,57,557.726522
11.85,4,557.73884
17.2,17,557.789765
25.85,32,557.887276
5.0,1,557.890568
19.6,9,557.92086
18.5,107,564.147812
20.7,79,564.395447
25.15,46,564.538207
15.7,7,564.560067
20.05,40,564.683759
22.9,67,564.895451
-2.75,16,564.94594
24.75,42,565.076887
-2.0,1,565.079965
23.45,64,565.28001
25.35,54,565.447696
15.7,7,565.471
22.9,67,565.694193
17.55,10,565.728483
16.15,126,566.147931
23.7,55,566.329807
22.1,75,566.562013
13.9,3,566.571068
23.45,72,566.791192
24.6,61,566.977535
18.7,103,573.068044
21.8,45,573.196077
22.7,75,573.414005
23.55,66,573.60323
-3.1,19,573.656419
23.5,67,573.849297
20.4,89,574.131628
22.95,70,574.363005
22.05,76,574.630743
-11.4,93,574.921477
18.35,90,575.195107
26.05,40,575.317884
25.05,48,575.480609
-2.75,16,575.532873
25.4,45,575.680712
20.9,79,575.943371
25.15,58,576.127923
23.15,78,582.375858
24.6,61,582.552308
6.0,1,582.555167
25.8,45,582.681479
25.6,41,582.798332
-2.55,12,582.83262
24.2,49,582.972854
25.75,38,583.078681
19.05,96,583.357054
2.75,46,583.494278
22.35,74,583.773618
23.95,66,584.047817
20.4,93,584.331183
20.75,98,584.623389
22.35,86,584.877204
13.3,15,584.920797
25.65,48,585.059078
22.9,79,585.283837
19.3,15,585.325792
17.95,86,591.316009
24.5,55,591.4855
22.45,60,591.687413
24.2,57,591.875961
21.7,91,592.165256
7.85,4,592.177635
23.65,68,592.386295
24.4,61,592.574449
18.8,21,592.638504
18.85,24,592.713492
-3.35,28,592.800715
25.35,50,592.954959
24.2,65,593.154064
7.95,2,593.159997
24.75,54,593.327844
24.9,55,593.50557
6.05,152,593.975665
-2.65,14,594.017564
24.3,67,594.221635
22.2,37,600.213859
19.5,83,600.44715
14.85,140,600.830983
23.65,60,600.993759
-61.65,450,602.63489
-4.25,42,602.777301
-2.0,1,602.780598
9.6,9,602.811133
-52.25,450,609.868628
15.3,15,609.913255
18.55,62,610.088408
20.5,115,610.421775
3.3,223,611.062312
-19.8,269,611.901244
24.45,72,612.123061
22.55,82,618.511186
23.85,44,618.635947
26.9,59,618.80661
20.8,117,619.140408
21.15,106,619.444158
23.35,74,619.675193
10.9,167,620.174706
24.55,82,620.424033
25.1,79,620.665435
20.15,106,620.991428
11.65,8,621.016451
21.2,109,627.417153
13.9,151,627.840921
24.45,80,628.068578
12.25,164,628.524291
7.95,2,628.530555
5.95,2,628.536626
27.4,45,628.672996
7.9,3,628.682013
9.85,4,628.694152
20.15,106,629.015108
26.7,27,629.098204
20.75,86,629.359596
17.35,14,629.402224
8.0,1,629.405103
23.35,98,629.701672
18.2,29,629.78924
17.3,15,629.834517
-2.3,7,629.855746
27.25,48,630.004579
18.2,129,630.403977
9.7,7,630.426181
16.55,18,636.466589
4.1,231,637.177301
26.95,50,637.331478
23.5,87,637.599157
22.25,36,637.709495
15.5,11,637.74243
25.2,69,637.954773
5.0,1,637.957944
19.25,104,638.279051
-3.75,36,638.389698
27.1,39,638.528754
17.0,141,638.999312
27.05,56,639.173065
27.55,42,639.302836
-22.65,374,646.871399
19.85,116,647.22476
22.75,90,647.501819
26.85,60,647.693155
23.75,42,647.824912
23.5,47,647.968947
27.5,51,648.125782
15.3,15,648.172158
25.45,84,648.430928
26.65,52,648.593521
-4.9,47,648.740169
23.95,82,648.997531
8.0,1,649.000602
-3.1,23,649.071221
-6.8,41,649.199237
13.45,12,655.397456
16.9,23,655.469346
24.25,72,655.692019
9.75,6,655.710935
21.3,99,656.030389
5.9,3,656.039653
27.3,55,656.210627
15.4,161,656.7072
25.85,56,656.878721
17.7,123,657.255591
26.0,69,657.457583
15.1,147,657.903438
-2.3,7,657.925355
9.75,6,657.944562
25.75,66,658.151645
19.45,104,658.476426
21.7,79,664.475632
24.7,79,664.700897
-4.45,46,664.830375
25.5,91,665.090581
27.8,41,665.204915
16.7,135,665.595304
23.55,66,665.789073
11.75,6,665.806482
12.05,32,665.898547
-2.0,1,665.901317
26.65,60,666.074697
25.55,66,666.26388
25.3,83,666.512237
27.35,54,666.694445
25.9,71,666.94687
22.0,101,667.321572
-2.0,1,667.325105
6.0,1,667.328918
18.75,42,673.906446
26.0,65,674.092653
27.25,44,674.218265
25.45,68,674.412437
15.15,18,674.462695
25.0,69,674.663931
27.25,56,674.835377
21.15,106,675.157214
5.0,1,675.16028
23.75,86,675.418578
-3.35,20,675.479108
24.9,83,675.731478
8.4,145,676.144489
26.9,51,676.287983
21.2,109,676.5724
21.25,112,682.471089
25.5,71,682.675484
18.1,27,682.752903
26.05,68,682.944417
25.55,66,683.134213
23.1,83,683.36864
5.9,215,684.013185
27.2,53,684.171597
27.8,45,684.304508
26.8,61,684.494439
23.15,82,684.746184
22.5,83,685.010685
27.1,59,685.210093
25.1,79,685.467836
26.2,65,691.537644
-8.45,290,692.367615
-71.25,450,693.732047
23.55,82,693.977453
11.85,4,693.989605
19.3,15,694.035522
15.05,20,694.095194
17.1,119,700.509923
11.85,4,700.522676
27.65,44,700.658173
23.3,71,700.872356
-3.0,21,700.931715
-2.75,16,700.975052
18.55,106,701.271644
20.95,98,701.628811
-2.85,18,701.690516
21.5,115,702.040849
15.3,111,702.379257
6.0,1,702.382208
24.9,83,702.636154
25.05,72,702.861187
-7.0,341,710.022637
26.55,66,710.231888
18.65,120,710.576098
23.5,83,710.81272
-3.0,21,710.873875
20.9,103,711.170601
27.05,48,711.318377
21.85,84,711.587481
26.5,59,711.768509
7.5,147,712.182868
13.45,12,712.214918
27.45,52,712.358895
27.1,55,712.514392
27.35,50,712.657721
18.65,116,718.856915
22.45,56,719.010734
22.95,98,719.29285
9.9,3,719.302184
26.55,62,719.48737
5.95,2,719.49324
7.8,5,719.508385
-3.2,25,719.58067
26.85,56,719.741054
27.0,57,719.897052
25.5,71,720.096585
7.8,5,720.110611
19.5,143,720.547498
25.7,75,720.777623
22.65,80,721.024486
25.45,72,721.245807
21.9,39,721.365706
-3.75,36,721.476057
25.15,74,727.814221
25.7,71,728.013481
28.25,36,728.113194
25.55,66,728.299647
26.4,57,728.461092
23.35,90,728.716755
24.35,78,728.924197
11.6,9,728.947929
25.6,77,729.151198
28.35,34,729.242656
5.95,2,729.247955
-4.65,50,729.384104
26.55,66,729.57494
26.35,66,729.760054
26.6,65,729.945649
26.25,64,730.124857
25.85,60,730.305436
10.4,209,736.758854
24.1,91,737.070279
-3.05,22,737.142503
26.05,72,737.383083
20.7,103,737.7146
23.9,79,737.954556
27.45,52,738.114995
27.55,50,738.265
23.45,72,738.481773
26.3,71,738.695534
25.9,59,738.911356
26.45,56,739.096358
23.8,93,739.39293
-2.1,3,739.402224
26.55,62,739.58897
25.75,70,745.711584
13.5,11,745.74444
9.8,5,745.759557
26.75,62,745.95037
27.3,51,746.107791
13.65,44,746.239413
17.35,14,746.281243
-2.25,6,746.299634
20.65,80,746.567859
25.85,64,746.783204
26.7,63,747.001306
25.2,53,747.179275
25.75,66,747.40499
24.35,74,747.656983
25.65,36,747.779986
11.75,6,747.802318
27.35,54,748.012114
20.75,114,748.372139
26.05,68,748.584681
27.9,35,748.688749
5.1,227,755.416615
23.45,68,755.608169
25.25,76,755.825518
27.0,49,755.96689
-2.3,7,755.986705
26.15,70,756.194995
23.5,83,756.430115
9.75,6,756.447326
27.25,52,756.594396
24.3,63,756.772545
24.6,73,756.980642
-3.5,27,757.05792
5.95,2,757.063912
25.05,72,757.273313
23.35,78,757.501289
27.15,46,757.638929
9.7,7,757.659624
19.6,93,757.92941
24.75,74,764.61823
26.55,62,764.798097
-2.1,3,764.806962
9.65,8,764.82998
23.95,90,765.088985
21.6,101,765.380864
26.8,57,765.545387
11.65,8,765.567679
-4.05,38,765.685345
22.65,52,765.84594
27.2,49,766.000116
-3.2,25,766.077798
-12.65,70,766.311088
-2.85,18,766.370078
22.1,91,766.660769
26.45,60,766.852838
23.95,42,766.986266
25.55,66,767.201475
26.9,55,767.383831
16.4,125,774.240211
-2.0,1,774.242803
26.7,51,774.377581
22.9,103,774.681734
5.0,1,774.684705
25.6,69,774.886967
9.65,8,774.907427
7.8,5,774.91993
25.95,66,775.086488
24.25,84,775.309178
-7.3,51,775.457065
20.55,30,775.545346
25.75,74,775.763568
26.75,62,775.944653
-2.5,11,775.975729
24.45,68,776.179136
21.1,103,776.503669
7.85,4,776.51596
26.85,64,776.726618
13.7,7,776.748461
5.0,1,776.751573
26.05,64,776.953924
23.2,77,783.370542
22.9,91,783.633901
25.15,66,783.80966
17.9,119,784.125469
18.85,24,784.189137
16.0,153,784.590198
25.85,60,784.756513
-17.45,314,785.636865
13.6,165,786.091938
10.9,155,792.59083
25.3,71,792.808789
-30.05,422,794.064095
24.85,80,794.291172
9.85,4,794.303164
26.75,58,794.480267
20.05,120,794.819757
25.3,71,795.015583
27.15,54,801.201438
11.7,7,801.221861
18.9,127,801.576188
18.85,24,801.643059
25.2,77,801.874976
27.85,44,802.01006
23.6,89,802.279806
26.0,57,802.450943
23.25,88,802.718713
-3.85,38,802.835014
25.9,63,803.028592
25.1,75,803.259501
22.8,101,803.569749
15.35,14,803.612296
6.0,1,803.615482
11.05,172,804.124107
21.3,91,810.159044
24.0,81,810.393706
27.4,53,810.546659
23.75,90,810.801119
22.0,105,811.14738
22.75,94,811.421092
24.05,80,811.644326
27.2,53,811.79343
24.5,83,812.026328
27.0,57,812.189112
11.6,165,812.67674
9.5,199,819.361807
23.2,77,819.578642
25.7,67,819.770213
15.25,16,819.81466
24.1,79,820.036893
25.05,60,820.200479
7.9,3,820.209357
23.45,92,820.469067
23.0,85,820.704562
16.05,136,821.090714
27.2,57,821.263214
25.75,66,821.460555
26.8,61,821.641624
15.65,108,821.959618
-2.0,1,821.962476
22.15,98,828.261816
-19.05,110,828.564043
24.4,65,828.746939
13.75,6,828.764928
25.1,71,828.975347
27.2,53,829.13142
23.95,82,829.374917
23.35,86,829.631098
-74.95,512,837.597378
17.7,35,837.694501
-105.55,512,839.248237
25.25,84,839.508713
7.55,210,840.168572
22.9,119,846.588007
-18.3,431,847.856171
21.4,125,848.233422
22.05,36,848.34367
27.35,82,848.592375
18.85,24,848.66424
24.1,115,849.01506
11.7,195,855.648363
24.75,82,855.878542
24.5,107,856.178983
26.65,76,856.390098
26.45,84,856.622741
29.6,45,856.746127
27.1,59,856.909315
11.7,7,856.927854
20.8,25,856.99559
24.75,102,857.282176
24.55,98,857.554996
23.7,47,857.693805
27.3,83,857.940431
8.6,241,864.759324
23.65,112,865.075968
24.1,35,865.173308
28.7,55,865.327554
29.25,56,865.484751
21.9,39,865.593662
23.75,122,865.925197
22.65,112,866.233384
27.75,74,866.448481
13.6,9,866.476058
27.35,74,866.691157
26.7,83,866.938921
21.2,125,867.340152
19.2,121,874.18197
-4.75,40,874.29508
28.35,58,874.461147
15.35,162,874.922291
27.45,72,875.128947
21.05,132,875.503386
28.35,62,875.677802
25.0,61,875.854198
23.5,103,876.168945
9.1,231,876.883572
28.1,75,883.408957
7.9,23,883.474899
28.55,58,883.643451
26.35,82,883.884598
24.95,90,884.169375
-4.35,44,884.304261
13.7,207,884.953176
27.5,79,885.194366
26.5,63,885.386403
28.05,60,885.567655
13.8,5,885.582945
24.05,100,885.885581
-3.45,30,885.974676
-3.55,232,892.779912
21.95,126,893.172476
12.95,186,893.744675
21.85,44,893.870099
22.05,120,894.224025
25.5,47,894.359807
27.7,79,894.581223
28.45,60,894.747997
28.2,69,894.949273
12.3,123,895.331829
22.35,54,895.509322
26.05,80,901.959522
16.75,138,902.407172
9.35,178,902.947439
26.7,79,903.184921
28.05,76,903.427906
25.55,94,903.722046
26.75,94,904.037941
25.7,83,904.310201
27.7,79,904.562737
-3.1,23,904.635277
27.9,79,904.884299
-2.4,9,904.913494
25.4,89,911.40545
26.0,77,911.602455
26.95,74,911.794397
26.0,85,912.01514
28.2,61,912.173847
9.75,6,912.189431
-3.45,30,912.266469
-7.7,295,913.081995
15.55,10,913.109664
18.7,151,913.530099
25.15,98,913.803241
2.05,244,920.365533
23.3,111,920.696483
25.9,67,920.900726
6.0,1,920.904793
19.1,115,921.260685
28.4,61,921.44293
25.25,96,921.710197
27.7,47,921.841449
15.6,9,921.86657
-6.65,66,922.062272
28.2,69,922.271125
29.1,43,922.400046
26.7,91,922.676179
-15.7,103,929.004077
19.4,133,929.432593
27.15,82,929.687993
22.4,117,930.039823
11.5,11,930.070101
27.15,86,930.305945
-3.55,364,931.561404
27.05,84,931.871485
-2.0,1,931.874572
21.95,38,931.986977
27.05,72,932.170286
21.45,136,938.353329
27.25,68,938.543008
16.7,155,939.003826
-3.35,28,939.08606
9.8,5,939.100677
-2.3,7,939.121345
28.85,60,939.301005
7.85,4,939.313076
26.15,74,939.53805
18.25,136,939.954614
-14.15,72,940.167709
20.55,30,940.255153
26.9,71,940.465117
7.95,2,940.471051
-2.3,7,940.490847
27.25,64,940.677728
13.4,13,940.716272
19.15,146,947.091728
27.35,82,947.307081
15.55,194,947.830701
20.95,22,947.885934
23.15,130,948.241024
25.8,93,948.501598
28.6,65,948.691881
17.25,12,948.72777
-3.85,34,948.83889
28.35,62,949.037031
18.5,31,949.137185
26.85,76,949.387239
27.5,79,949.637869
9.85,4,949.649759
24.6,89,949.933183
28.4,73,956.388565
26.85,80,956.612504
17.35,14,956.651564
19.65,152,957.082747
28.95,62,957.262448
25.65,96,957.537474
13.65,8,957.559296
18.15,146,957.967015
24.95,114,958.333394
27.85,60,958.505873
26.7,79,958.726259
20.3,115,959.046915
26.95,78,965.24896
11.8,5,965.264078
28.25,68,965.454883
19.15,162,965.907667
-2.0,1,965.910426
29.9,43,966.038141
28.25,68,966.249253
22.95,102,966.565879
26.15,82,966.836777
27.95,74,967.084256
27.95,50,967.234477
22.25,36,967.340188
-4.1,39,967.455744
3.45,276,974.308919
27.85,56,974.492914
25.8,89,974.771957
28.85,64,974.970286
29.4,45,975.109625
19.1,19,975.167219
-5.7,31,975.263904
29.6,49,975.422924
19.55,142,975.898396
26.3,87,976.183087
25.95,86,976.466528
23.85,100,976.773484
25.35,78,977.036209
25.7,91,977.339031
13.65,144,983.906598
25.2,101,984.191765
15.45,140,984.592268
25.1,99,984.875982
28.75,62,985.051163
25.85,84,985.289049
-2.0,1,985.291825
27.95,74,985.503693
19.8,125,985.874027
28.6,65,986.088543
-4.05,42,986.227752
9.75,6,986.247129
16.7,139,986.698907
-10.15,100,993.313465
22.7,127,993.681729
28.05,72,993.885053
29.65,44,994.011547
22.8,81,994.241776
15.7,7,994.261642
24.5,83,994.501125
17.15,18,994.55154
-2.0,1,994.55432
24.55,94,994.832781
26.35,98,995.111538
22.85,112,995.442854
19.35,126,995.813428
25.5,87,1001.819069
27.3,75,1002.027908
24.05,92,1002.283338
29.5,51,1002.427066
23.7,59,1002.605103
24.1,99,1002.910139
27.4,73,1003.126161
-3.4,29,1003.211968
25.95,94,1003.49571
7.85,4,1003.507552
27.3,67,1003.710422
21.8,117,1004.083827
25.5,99,1004.378195
28.45,60,1004.560356
26.65,84,1004.823447
-4.25,46,1010.978689
28.8,61,1011.144587
28.1,63,1011.317163
7.95,2,1011.322585
21.4,49,1011.461362
11.75,166,1011.936754
-41.15,408,1013.271719
19.5,11,1013.309843
9.8,5,1013.32702
22.5,119,1013.728637
29.25,52,1013.893328
27.65,80,1020.017409
25.55,90,1020.264814
5.95,2,1020.270009
11.35,10,1020.297255
29.05,56,1020.446989
13.9,179,1020.950361
-3.7,35,1021.052742
5.0,1,1021.055896
27.85,68,1021.252131
-5.95,56,1021.404717
-2.0,1,1021.407488
28.65,60,1021.570793
20.55,146,1022.007952
27.0,81,1022.272783
26.55,86,1022.57697
-4.65,50,1022.746946
-3.5,31,1022.84461
21.7,119,1029.083826
28.5,67,1029.269596
13.35,14,1029.309275
24.0,113,1029.63229
24.55,90,1029.88631
29.05,60,1030.066513
6.0,1,1030.069759
26.3,79,1030.317952
26.35,82,1030.612133
28.75,66,1030.859826
9.35,186,1031.541544
20.1,35,1031.66956
20.2,37,1031.80132
24.75,94,1032.107639
29.05,60,1038.365145
13.4,13,1038.404702
28.75,62,1038.598966
28.4,65,1038.808704
6.9,175,1039.391745
-3.7,35,1039.505397
24.75,106,1039.825388
28.6,57,1039.995564
29.9,43,1040.125224
20.25,36,1040.234629
9.95,2,1040.241298
25.95,74,1040.467213
28.75,58,1040.643762
26.4,93,1040.932576
24.4,89,1041.231731
27.75,74,1041.478296
27.4,85,1047.653134
28.2,69,1047.858382
13.6,9,1047.884338
25.55,86,1048.136496
9.9,3,1048.145212
29.4,37,1048.24987
24.7,91,1048.508674
23.65,104,1048.805213
28.8,65,1048.994195
-2.75,16,1049.04291
26.3,67,1049.240278
29.4,53,1049.396953
30.2,33,1049.496212
26.5,59,1049.685102
27.25,76,1049.927146
20.65,28,1050.015762
25.3,91,1050.304556
27.25,76,1056.641518
24.8,105,1056.95277
27.85,60,1057.126939
-3.75,36,1057.232381
26.3,87,1057.484998
4.4,217,1058.107994
7.95,2,1058.11386
25.9,75,1058.331349
25.45,92,1058.597893
26.15,90,1058.857152
29.35,42,1058.978907
28.05,68,1059.175446
27.8,73,1059.387847
-2.0,1,1059.390721
15.55,10,1059.420271
-4.85,54,1059.590185
5.0,1,1059.593688
28.35,50,1065.889784
18.5,147,1066.301811
-3.65,34,1066.399179
9.95,226,1067.042355
-2.75,16,1067.08798
27.35,74,1067.302547
-6.45,66,1067.494693
26.75,78,1067.728957
23.9,91,1067.997247
13.5,11,1068.032209
10.7,183,1068.633956
27.2,69,1075.226724
28.75,62,1075.402261
17.6,137,1075.789425
29.05,60,1075.962456
22.9,107,1076.293919
18.9,23,1076.36508
19.35,130,1076.763572
19.0,129,1077.154925
20.85,96,1077.443552
27.5,75,1077.673773
28.05,68,1077.885967
24.6,89,1078.184078
28.1,67,1084.543096
27.3,83,1084.765003
-4.45,50,1084.887598
27.45,76,1085.069839
25.45,96,1085.324325
27.7,67,1085.505075
25.5,91,1085.74453
15.55,10,1085.770864
-2.0,1,1085.773479
24.65,100,1086.055079
28.55,66,1086.230731
29.8,45,1086.348799
24.3,103,1086.619209
7.95,2,1086.624693
20.3,127,1086.967669
28.5,67,1087.157498
15.35,14,1093.539145
26.35,78,1093.76508
27.65,84,1094.003797
11.85,4,1094.015374
28.4,65,1094.200847
28.8,65,1094.385639
21.1,19,1094.43796
26.75,82,1094.66965
9.85,4,1094.681587
6.0,1,1094.684611
15.5,11,1094.71614
23.95,106,1095.026349
27.75,70,1095.252122
27.65,68,1095.466576
23.45,92,1095.753349
24.6,101,1096.06696
27.65,72,1096.28918
21.3,119,1103.192438
28.6,69,1103.473848
6.0,1,1103.47802
22.2,37,1103.620548
26.25,80,1103.938473
-3.9,39,1104.104385
29.7,43,1104.214664
26.9,71,1104.376319
9.7,7,1104.391701
28.65,64,1104.534096
26.95,78,1104.744751
22.4,109,1105.059276
24.6,81,1105.297931
24.95,90,1105.558715
28.75,58,1105.722403
26.1,83,1105.955597
25.15,86,1106.204934
29.2,53,1112.394244
5.0,1,1112.397417
22.75,122,1112.748931
5.0,1,1112.751898
15.35,14,1112.792395
29.05,44,1112.919855
22.9,111,1113.234307
15.45,140,1113.639101
25.7,83,1113.877492
25.85,92,1114.154111
11.85,4,1114.166473
27.85,76,1114.396453
7.8,5,1114.411888
25.6,85,1114.673951
13.35,10,1114.705306
26.65,68,1114.917445
19.9,147,1121.34042
24.65,84,1121.604702
16.15,26,1121.686523
23.7,115,1122.035941
27.55,82,1122.270613
29.45,52,1122.425814
29.45,48,1122.575764
-8.3,51,1122.744035
27.15,86,1123.033671
7.9,3,1123.042927
27.95,70,1123.260352
26.05,76,1123.509604
-4.65,46,1123.649642
18.2,157,1124.20872
5.65,4,1131.093247
-115.25,578,1132.864043
-39.6,445,1140.420084
-3.55,32,1140.525516
16.95,170,1141.055325
25.35,126,1141.440284
-4.85,58,1141.616307
21.35,166,1142.096018
7.2,157,1142.553746
24.7,111,1142.890699
26.35,98,1149.163697
27.45,104,1149.456863
25.55,102,1149.74657
17.8,145,1150.154635
-3.8,353,1151.188323
-22.1,503,1158.818511
20.7,23,1158.890445
-2.0,1,1158.893486
20.1,139,1159.323177
-5.35,64,1159.517864
22.15,142,1159.942078
25.6,105,1160.277896
23.25,140,1160.723869
24.3,119,1161.086686
28.05,92,1167.496324
24.9,123,1167.85854
27.05,100,1168.168404
30.3,71,1168.387912
5.0,1,1168.390924
-5.4,57,1168.56564
23.45,124,1168.93899
-3.05,22,1169.000496
23.15,114,1169.330128
24.0,129,1169.697782
13.7,7,1169.718841
27.0,77,1169.944725
-4.6,213,1176.545434
19.45,176,1177.081745
29.35,78,1177.327818
24.75,106,1177.666707
24.15,38,1177.784187
19.95,182,1178.344644
28.0,81,1178.625682
-12.7,255,1179.436492
14.95,182,1186.028929
28.95,82,1186.32411
17.65,8,1186.350331
19.75,46,1186.502189
29.35,74,1186.756966
14.65,204,1187.398746
23.95,74,1187.630853
16.45,24,1187.706255
29.65,76,1187.945549
28.2,65,1188.152678
9.7,7,1188.174994
27.15,102,1188.50344
29.05,76,1188.741316
22.05,128,1195.402508
28.4,81,1195.631023
27.5,99,1195.905869
26.25,116,1196.32265
27.9,83,1196.574032
-44.85,498,1198.022843
29.65,64,1203.997889
30.5,63,1204.172471
30.35,70,1204.383515
25.0,109,1204.729662
-2.2,5,1204.74515
28.3,75,1204.981951
-3.5,31,1205.079097
16.45,188,1205.665225
17.25,16,1205.712026
24.15,122,1206.080977
13.75,6,1206.100075
27.1,83,1206.346296
-2.45,346,1213.176757
5.0,1,1213.179614
28.65,88,1213.453171
30.15,70,1213.672928
24.55,122,1214.070051
23.9,119,1214.443013
27.8,81,1214.706296
7.9,3,1214.716671
-3.95,40,1214.852059
19.0,21,1214.924311
-4.7,423,1221.952491
28.2,97,1222.215359
26.5,103,1222.500153
-2.0,1,1222.502828
28.25,72,1222.700441
29.05,80,1222.918094
15.35,14,1222.955061
30.7,59,1223.117466
20.15,30,1223.206959
5.0,1,1223.210077
22.35,114,1223.593196
27.9,87,1223.889083
24.0,113,1224.301855
28.65,92,1224.599633
28.35,82,1224.865394
30.25,68,1231.193216
17.0,201,1231.752814
27.9,91,1232.015842
11.75,6,1232.033946
24.05,128,1232.421393
29.3,91,1232.693731
-2.3,7,1232.714991
27.6,89,1232.981139
18.7,27,1233.06061
29.25,80,1233.305565
22.65,156,1233.776693
17.75,202,1240.464816
23.95,62,1240.639548
24.7,95,1240.901203
30.15,78,1241.115173
8.0,1,1241.117988
11.75,6,1241.134282
26.35,110,1241.4396
28.35,82,1241.667653
27.5,87,1241.928732
27.2,93,1242.208627
7.85,4,1242.220961
27.45,100,1242.525562
30.7,59,1242.70496
19.35,170,1249.345442
14.0,185,1249.912237
20.45,140,1250.343433
26.85,108,1250.666926
18.15,170,1251.210135
29.25,76,1251.46014
26.75,102,1251.796539
-39.7,439,1259.253575
28.25,84,1259.514705
27.2,57,1259.691933
28.25,92,1259.969902
26.5,111,1260.286685
-4.25,42,1260.410575
27.95,86,1260.659202
27.55,106,1260.988786
29.85,76,1261.219049
-6.95,64,1261.412026
-6.25,62,1261.596271
5.0,1,1261.599213
25.6,109,1268.119693
29.35,82,1268.364512
30.0,73,1268.572183
16.45,176,1269.069168
17.4,169,1269.541162
18.85,24,1269.606962
16.8,25,1269.679683
27.95,86,1269.920211
16.5,191,1270.461986
23.35,134,1277.163213
-2.95,20,1277.228638
28.05,92,1277.483718
29.4,85,1277.720255
25.3,103,1277.9993
26.35,98,1278.261455
29.1,71,1278.458985
30.45,64,1278.626513
-2.3,7,1278.645024
25.25,120,1278.978764
18.25,156,1279.422039
25.3,123,1279.774274
28.85,76,1279.98984
8.0,1,1279.992849
29.9,75,1286.140341
9.85,4,1286.152059
14.25,176,1286.690039
29.3,79,1286.929975
11.6,9,1286.956851
30.0,77,1287.188926
27.1,95,1287.477935
28.8,93,1287.75883
30.95,42,1287.885105
28.55,86,1288.143673
-4.45,42,1288.26865
30.95,54,1288.432118
31.25,56,1288.612541
22.25,120,1288.98095
28.4,89,1295.211951
26.6,89,1295.485176
26.05,120,1295.876379
15.0,197,1296.464426
-11.3,111,1296.806056
21.0,181,1297.394943
16.9,183,1297.986042
31.05,56,1298.164603
-142.45,578,1305.900212
11.9,3,1305.909134
28.85,80,1306.153288
7.9,3,1306.161957
9.85,4,1306.174609
28.0,97,1306.468614
5.95,2,1306.474839
2.7,223,1307.150943
29.35,86,1313.288938
-10.75,72,1313.488829
18.95,22,1313.549338
19.8,41,1313.662469
28.0,89,1313.913676
28.85,80,1314.139504
19.25,16,1314.186738
25.4,101,1314.485468
3.45,244,1315.208942
29.2,69,1315.416921
-0.4,213,1316.068372
29.8,73,1322.264991
23.25,116,1322.663495
-2.9,19,1322.719957
30.45,72,1322.950809
29.6,77,1323.19265
22.15,138,1323.600048
28.4,85,1323.847744
18.45,136,1324.254558
-5.0,57,1324.428896
24.85,120,1324.789227
17.75,186,1331.246567
27.5,99,1331.513863
19.25,28,1331.589979
27.8,77,1331.800894
9.7,7,1331.820378
16.7,171,1332.328291
9.2,209,1332.961191
28.5,83,1333.214201
29.05,80,1333.449904
25.7,115,1333.784612
29.25,72,1333.998552
29.75,70,1334.208477
26.45,100,1340.514447
31.05,60,1340.754761
29.0,81,1341.034917
15.3,135,1341.483938
28.1,83,1341.756493
28.95,78,1342.004434
27.8,73,1342.226717
30.05,76,1342.462457
30.7,59,1342.64553
-2.0,1,1342.648607
22.9,23,1342.721161
28.85,68,1342.929945
28.5,95,1343.22674
22.4,125,1349.707076
30.25,68,1349.906824
31.65,48,1350.046525
24.45,52,1350.196709
21.45,148,1350.663561
25.75,126,1351.056357
28.6,89,1351.325597
-71.25,578,1359.475467
6.0,1,1359.478524
26.25,104,1359.811532
21.1,95,1360.112061
16.05,172,1360.724599
19.65,148,1361.323658
16.4,181,1362.040769
-2.0,1,1362.045011
23.95,110,1362.464842
15.75,206,1369.113275
30.0,77,1369.356408
22.75,50,1369.512294
25.4,125,1369.901707
21.45,152,1370.365684
31.1,51,1370.525021
30.65,64,1370.726389
29.6,81,1370.967522
27.9,99,1371.274864
-5.1,51,1371.432697
29.9,75,1371.665998
5.0,1,1371.668901
27.2,97,1378.144649
29.35,82,1378.400424
28.9,87,1378.678195
22.5,127,1379.076607
23.25,44,1379.21983
27.1,111,1379.565692
27.15,94,1379.887479
25.85,108,1380.25053
28.25,96,1380.578001
14.95,34,1380.703791
30.75,66,1380.9362
-4.7,55,1381.116297
28.7,99,1381.438085
24.4,109,1388.040901
27.9,91,1388.303218
28.1,83,1388.541638
29.8,77,1388.779108
29.15,94,1389.068646
9.8,5,1389.08294
28.35,90,1389.34263
21.65,152,1389.814023
30.25,64,1390.016183
23.55,98,1390.324752
30.6,69,1390.541333
30.4,57,1390.719675
29.7,71,1397.345007
14.8,149,1397.796034
28.75,94,1398.090522
-4.05,38,1398.20996
25.9,107,1398.544072
27.65,92,1398.826375
5.0,1,1398.829125
24.75,106,1399.148253
29.65,68,1399.368444
23.55,110,1399.716369
25.65,112,1400.05973
26.9,111,1400.403151
26.15,110,1406.493546
28.3,99,1406.812965
29.9,67,1407.022474
15.5,11,1407.060064
11.6,9,1407.090667
30.2,65,1407.313147
28.75,62,1407.524166
18.8,25,1407.608761
29.05,80,1407.874865
31.0,61,1408.06229
28.35,94,1408.357385
25.5,99,1408.66459
28.35,82,1408.920619
-2.95,20,1408.987332
28.25,96,1409.326418
17.9,135,1416.108639
31.75,46,1416.24228
30.55,62,1416.429437
6.3,183,1416.953855
-2.0,1,1416.956637
17.0,21,1417.017439
15.1,19,1417.071418
-6.0,61,1417.248178
22.75,122,1417.598896
11.75,6,1417.61568
6.0,1,1417.618554
-6.2,325,1418.59539
29.85,60,1418.779075
22.55,126,1425.516973
15.85,4,1425.528534
23.75,122,1425.896729
29.05,84,1426.149135
28.7,95,1426.445648
28.75,78,1426.684808
25.35,110,1427.03724
26.55,62,1427.233383
28.9,67,1427.448564
16.9,179,1427.98745
22.45,32,1428.078451
-6.0,49,1428.216783
30.4,69,1434.644681
25.3,51,1434.8006
-4.55,48,1434.946438
28.8,97,1435.237543
25.1,99,1435.556963
5.95,2,1435.562967
11.75,6,1435.581558
-2.0,1,1435.584771
27.2,81,1435.863223
26.2,109,1436.204068
5.95,2,1436.209985
29.85,68,1436.42116
28.35,86,1436.666215
5.9,3,1436.674967
-5.85,58,1436.835186
9.95,2,1436.840881
17.8,133,1437.212216
29.4,77,1437.438752
19.8,153,1444.350125
25.9,99,1444.656626
-2.4,9,1444.684461
29.6,85,1444.950891
29.1,55,1445.120117
28.1,79,1445.362799
29.35,74,1445.594798
20.55,142,1446.030846
15.05,48,1446.172499
30.35,70,1446.391957
5.0,1,1446.395124
29.3,87,1446.664292
27.85,96,1446.964131
15.3,15,1447.011726
29.65,84,1447.27336
28.15,78,1453.561595
5.0,1,1453.56438
25.95,118,1453.903629
29.15,82,1454.158621
5.0,1,1454.161713
24.4,33,1454.26217
29.5,67,1454.457646
27.95,106,1454.754545
30.25,60,1454.928339
21.1,155,1455.378584
23.8,117,1455.718643
23.4,109,1456.054165
25.8,121,1462.704893
13.65,180,1463.268203
31.05,48,1463.415746
17.1,19,1463.473747
13.45,12,1463.508327
19.1,19,1463.563221
31.55,50,1463.705009
28.3,79,1463.933841
18.9,139,1464.346623
23.95,42,1464.475509
15.4,13,1464.51442
28.2,89,1464.78534
22.8,141,1465.228544
29.0,85,1465.512666
-3.5,299,1472.554281
25.1,95,1472.85503
27.3,91,1473.131161
24.3,123,1473.521697
30.95,58,1473.706161
28.8,77,1473.946429
26.0,105,1474.289127
-2.0,1,1474.29205
26.25,100,1474.605957
29.7,83,1474.862918
30.65,64,1475.056473
30.9,55,1481.435682
29.0,85,1481.682329
30.6,57,1481.849278
24.3,135,1482.231596
-4.35,32,1482.321437
28.4,81,1482.551556
30.7,63,1482.735848
28.2,93,1483.003517
30.0,69,1483.200617
27.65,84,1483.441241
25.65,108,1483.75255
28.05,96,1484.089645
6.0,1,1484.093402
16.8,25,1484.198412
21.8,137,1491.096265
28.6,77,1491.301788
30.45,68,1491.485348
26.3,87,1491.727492
19.45,168,1492.21109
29.4,73,1492.418957
-5.15,20,1492.476098
-2.0,1,1492.478941
28.75,86,1492.727663
-3.0,17,1492.775
7.95,2,1492.78055
22.85,24,1492.846469
29.85,80,1493.069073
5.65,248,1493.823033
29.8,61,1500.448429
30.05,68,1500.654723
30.25,56,1500.831033
26.25,100,1501.135539
25.2,105,1501.467901
25.95,38,1501.586568
26.55,86,1501.846206
31.1,55,1502.00715
28.15,78,1502.232025
-4.25,42,1502.351445
15.4,161,1502.896424
20.1,35,1503.004817
28.2,85,1503.266921
30.55,62,1509.365128
20.85,136,1509.747708
20.65,28,1509.828019
29.25,80,1510.072508
27.25,100,1510.38175
9.85,4,1510.393177
29.45,76,1510.624798
27.2,89,1510.891806
29.05,76,1511.116698
25.7,119,1511.471907
18.5,31,1511.563182
-4.45,50,1511.710105
13.6,9,1511.73665
-3.35,28,1512.222334
-88.15,648,1520.688741
-16.85,458,1528.237154
26.05,116,1528.566646
15.6,193,1529.109667
-115.15,648,1531.07272
31.0,85,1537.614263
13.8,249,1538.375346
20.15,46,1538.514861
30.15,106,1538.817728
-4.85,58,1538.978134
33.3,55,1539.121271
13.6,217,1539.721277
15.25,16,1539.767443
23.35,62,1539.945369
22.25,36,1540.046825
7.65,244,1546.621568
15.3,15,1546.665396
28.75,114,1546.987885
-2.0,1,1546.990602
25.75,130,1547.356058
32.0,77,1547.572879
11.15,210,1548.172125
9.75,6,1548.190604
-55.75,648,1556.483655
32.0,69,1556.678095
25.45,132,1557.076555
16.1,167,1557.685541
27.9,111,1558.054314
13.6,9,1558.082883
30.6,93,1558.389214
-2.7,15,1558.438865
29.65,88,1558.726981
20.35,34,1558.832505
23.7,171,1565.358588
23.55,130,1565.79102
15.55,190,1566.370448
24.25,140,1566.799135
19.9,191,1567.380896
13.25,16,1567.429488
25.2,145,1567.875611
30.7,99,1574.274674
1.95,222,1574.943835
5.95,2,1574.949803
13.75,154,1575.418871
22.75,158,1575.892979
25.4,141,1576.316943
15.55,10,1576.347525
29.4,97,1576.643721
18.85,24,1576.717128
6.0,1,1576.720289
25.1,135,1577.12747
-6.85,86,1583.370414
29.85,88,1583.630865
25.65,48,1583.783609
-2.75,12,1583.819864
-2.1,3,1583.829583
-3.05,22,1583.895711
7.9,3,1583.904774
25.8,121,1584.267366
17.45,168,1584.769491
28.35,118,1585.10667
27.05,116,1585.460312
-2.1,3,1585.468878
28.7,107,1585.796671
23.35,130,1586.193933
18.1,39,1586.313338
27.0,105,1592.448572
30.5,83,1592.677146
32.1,71,1592.873254
31.45,80,1593.107361
30.0,89,1593.376381
28.0,101,1593.679368
-63.95,648,1601.717876
-2.0,1,1601.720698
26.45,124,1602.103084
28.1,103,1602.449717
22.8,161,1603.003074
28.1,115,1603.390289
1.9,311,1604.371941
23.2,137,1610.651407
29.45,104,1610.961689
23.2,157,1611.525815
30.4,85,1611.981171
18.6,193,1612.541583
29.3,99,1612.841411
25.65,148,1613.313496
23.6,37,1613.442042
-14.05,102,1613.777737
-1.7,295,1621.125511
29.55,98,1621.463822
18.85,24,1621.544734
28.15,110,1621.89926
27.0,61,1622.090471
-3.5,31,1622.183245
-2.0,1,1622.186186
21.75,170,1622.726611
16.1,175,1623.304755
27.4,113,1629.816375
27.85,112,1630.161211
11.65,8,1630.186195
23.7,131,1630.613457
31.1,83,1630.887187
18.95,22,1630.961972
32.25,76,1631.199688
-2.65,14,1631.246812
30.85,84,1631.520562
27.1,135,1631.954237
-5.6,65,1632.169166
31.2,77,1632.411992
32.75,66,1632.614675
-3.85,38,1632.730532
28.5,107,1639.340893
28.85,112,1639.69443
27.55,110,1640.035297
7.85,4,1640.047781
11.15,274,1640.92203
12.3,207,1641.619094
31.15,86,1641.883743
23.0,53,1642.049074
13.65,8,1642.073894
26.05,136,1642.490195
-3.9,35,1648.631673
-2.15,4,1648.644473
31.55,86,1648.908326
28.2,121,1649.284303
26.0,137,1649.712469
30.4,105,1650.032805
-2.0,1,1650.03582
-4.8,49,1650.184798
25.8,121,1650.554534
26.1,111,1650.890627
27.75,110,1651.229415
28.6,109,1651.575162
27.75,110,1658.173099
22.55,146,1658.629525
23.35,134,1659.071624
-4.85,58,1659.268484
23.45,124,1659.666443
29.6,101,1659.929151
18.1,147,1660.364198
29.65,72,1660.575675
20.5,191,1667.384956
31.7,67,1667.573913
-3.5,31,1667.661599
21.0,21,1667.721527
23.6,153,1668.159827
24.15,150,1668.614363
28.6,101,1668.925351
-2.95,20,1668.996819
5.0,1,1669.000596
-2.0,1,1669.004177
21.5,167,1669.579702
11.9,3,1669.587803
11.45,12,1669.618614
28.1,107,1669.902294
11.35,14,1669.941324
31.8,85,1670.184817
32.35,74,1670.406082
7.75,6,1676.696206
30.5,87,1676.94273
-3.9,39,1677.051973
5.95,2,1677.057774
13.25,228,1677.673211
31.15,74,1677.856446
9.9,3,1677.863961
-108.15,648,1685.625583
8.0,281,1686.448184
25.3,119,1686.780626
-2.5,343,1687.731044
29.25,108,1688.070862
31.7,83,1688.331099
22.6,165,1695.210345
-2.0,1,1695.213156
25.6,129,1695.622581
11.55,10,1695.656682
27.65,124,1696.033984
-9.9,343,1697.008687
30.95,82,1697.242296
24.65,136,1697.630206
28.15,114,1703.96517
-5.7,75,1704.204592
20.75,26,1704.296963
5.9,3,1704.306908
28.55,110,1704.649824
31.3,83,1704.896899
-12.9,295,1705.791224
5.95,2,1705.797222
27.8,117,1706.151175
31.65,76,1706.379054
6.0,1,1706.381798
31.7,83,1706.636916
27.4,109,1713.180938
24.5,143,1713.575839
-4.2,37,1713.679812
31.15,94,1713.968254
30.15,90,1714.273852
20.3,171,1714.834997
-5.3,55,1715.00538
13.45,12,1715.045333
31.5,83,1715.32486
32.2,65,1715.543011
-2.5,11,1715.580104
26.95,130,1716.000083
11.65,8,1716.025295
23.35,114,1716.367154
18.5,207,1722.650632
23.4,129,1723.039948
29.7,47,1723.185423
27.5,95,1723.47541
-11.55,92,1723.756684
21.5,51,1723.911174
8.7,207,1724.699399
28.25,100,1725.036097
21.55,38,1725.165139
31.35,86,1731.184835
7.75,6,1731.204884
-7.7,87,1731.46676
31.05,84,1731.719402
22.1,151,1732.165408
30.05,100,1732.458595
29.85,100,1732.754962
8.35,266,1733.553633
29.65,84,1733.807318
9.8,5,1733.822072
28.4,113,1734.157985
7.95,2,1734.16576
16.8,25,1740.161263
24.85,136,1740.53299
16.1,27,1740.6072
28.1,111,1740.926017
-4.8,57,1741.093617
25.45,140,1741.512433
32.5,59,1741.693403
26.3,131,1742.118878
16.95,174,1742.715693
25.75,122,1743.101135
30.1,71,1749.911103
30.95,78,1750.142994
11.15,238,1750.830863
29.8,89,1751.098839
30.35,90,1751.374759
28.4,97,1751.676189
25.55,142,1752.092525
18.0,185,1752.630346
28.1,103,1759.295524
17.75,202,1759.904532
23.3,147,1760.323064
13.35,14,1760.361225
5.9,3,1760.369371
26.55,126,1760.715044
27.15,118,1761.066743
21.5,147,1761.542058
29.25,92,1761.829405
9.7,7,1761.850519
31.75,86,1762.114064
32.35,70,1768.544442
23.75,118,1768.91184
24.3,35,1769.017409
-7.2,85,1769.255374
-5.45,266,1770.019066
26.6,117,1770.35268
16.65,176,1770.850476
31.15,94,1771.133406
30.0,89,1771.404998
19.2,165,1778.040965
25.15,114,1778.361492
29.1,107,1778.662046
19.1,163,1779.128781
30.3,95,1779.399139
-2.0,1,1779.40188
31.6,77,1779.622526
-7.8,77,1779.855949
31.2,69,1780.068262
16.2,145,1780.530136
16.85,24,1780.613222
18.75,190,1787.509819
28.05,120,1787.877869
16.0,225,1788.611488
29.8,105,1788.962101
31.85,84,1789.215024
21.4,81,1789.444158
11.35,10,1789.473064
-3.75,36,1789.58274
18.6,37,1789.699299
28.55,110,1790.03354
18.7,19,1790.091619
30.55,70,1796.449373
25.1,143,1796.836806
29.9,95,1797.096584
23.2,161,1797.601837
31.35,90,1797.891962
19.25,16,1797.944107
29.9,95,1798.244912
28.2,121,1798.61005
-4.25,34,1798.709816
23.25,48,1798.860093
21.85,56,1799.035114
31.1,91,1799.322339
9.9,3,1799.332571
29.0,109,1806.001954
-4.05,42,1806.141214
30.3,67,1806.349986
31.2,89,1806.62685
-7.25,306,1807.583574
29.5,103,1807.924523
-9.1,343,1814.813322
31.2,85,1815.059567
28.1,119,1815.42666
-2.35,8,1815.451178
15.45,212,1816.140553
16.1,43,1816.286803
24.95,150,1816.808433
23.4,157,1817.311491
11.85,4,1817.324033
27.15,98,1817.616676
32.05,72,1817.821436
31.85,80,1823.967853
11.5,235,1824.671083
22.85,144,1825.098176
9.85,4,1825.109862
24.1,139,1825.515734
19.5,183,1826.049442
26.65,100,1826.340394
22.8,121,1826.699404
7.8,5,1826.714409
13.4,13,1826.752836
16.55,230,1833.527227
32.7,63,1833.715238
23.5,139,1834.136015
30.65,88,1834.402066
31.15,70,1834.608359
31.6,65,1834.802098
5.0,1,1834.80498
31.8,73,1835.022093
-11.9,99,1835.314399
30.4,85,1835.566604
29.95,90,1835.834724
14.4,201,1842.504432
14.7,215,1843.151046
7.35,274,1843.978893
21.65,48,1844.161525
29.9,107,1844.556875
27.75,126,1844.958646
27.4,53,1845.116938
-4.05,42,1845.241675
17.75,6,1845.259418
25.6,113,1851.826595
-2.55,12,1851.864849
32.25,68,1852.066035
32.1,71,1852.293648
28.7,99,1852.606995
30.15,98,1852.912843
29.4,101,1853.258737
17.0,21,1853.332507
26.5,59,1853.530344
-5.3,59,1853.701524
27.85,120,1854.047268
22.95,22,1854.111447
17.05,20,1854.168725
31.2,81,1854.405559
32.05,80,1854.650691
28.15,94,1861.282552
30.9,79,1861.506275
-4.0,41,1861.621862
26.25,108,1861.931484
30.9,87,1862.179406
33.0,61,1862.352988
-7.7,87,1862.600249
30.55,94,1862.882961
30.75,98,1863.185796
29.1,111,1863.527738
32.05,76,1863.763266
18.15,174,1870.401735
-5.45,50,1870.544443
30.95,90,1870.815801
31.55,90,1871.077564
5.95,2,1871.083821
22.6,141,1871.516243
11.65,8,1871.540322
26.75,130,1871.933251
-0.55,312,1872.962083
30.05,92,1873.245181
30.65,76,1879.556408
32.3,71,1879.740416
31.0,85,1879.961428
20.2,37,1880.060292
21.25,168,1880.525548
20.2,165,1880.984154
18.25,24,1881.06029
21.35,158,1881.538884
24.3,35,1881.644536
-4.45,46,1881.797467
30.5,87,1882.119539
31.5,83,1882.42017
20.05,144,1888.747133
11.15,58,1888.921037
25.85,128,1889.313306
9.65,8,1889.337634
-7.1,91,1889.6306
20.4,185,1890.209429
28.65,116,1890.567455
31.35,70,1890.781793
31.5,83,1891.041107
30.75,94,1891.362
5.0,1,1891.365362
31.7,75,1891.619229
21.05,20,1891.686926
-5.95,276,1898.594857
-7.6,341,1899.653228
28.3,71,1899.867352
31.5,83,1900.126028
25.85,124,1900.509543
31.6,81,1900.760416
21.05,164,1907.274855
27.55,114,1907.59776
27.15,110,1907.908266
31.3,91,1908.186482
28.55,102,1908.503495
17.35,14,1908.546212
22.85,168,1909.065639
27.2,69,1909.276195
27.85,100,1909.578095
5.0,1,1909.581672
-7.0,57,1909.758606
5.0,1,1909.761875
26.8,125,1916.402019
19.45,184,1916.90433
30.05,104,1917.182024
30.0,85,1917.415484
28.3,115,1917.747225
11.45,12,1917.781041
29.85,84,1918.021899
20.75,26,1918.095805
23.6,49,1918.234743
30.65,88,1918.482676
22.4,33,1918.573328
28.1,111,1918.878869
22.8,145,1925.267612
22.1,159,1925.732891
25.05,144,1926.139765
31.75,78,1926.369946
17.0,21,1926.439617
32.6,69,1926.652993
24.65,60,1926.823105
-38.75,472,1934.43821
19.05,184,1935.016889
12.7,199,1935.638037
-6.05,362,1936.730403
6.6,273,1943.896089
11.6,9,1943.922372
-70.55,648,1945.847325
31.9,83,1946.098378
28.35,98,1946.399673
31.6,81,1946.631606
31.85,76,1946.841895
19.25,16,1952.781899
9.25,268,1953.63298
-2.0,1,1953.636241
22.4,133,1954.048269
28.8,101,1954.371333
30.05,108,1954.710969
27.5,119,1955.097684
27.2,117,1955.46467
33.0,53,1955.625143
28.35,106,1955.949974
28.55,106,1962.160115
31.85,76,1962.396453
22.25,152,1962.866042
14.75,194,1963.470039
29.5,103,1963.786259
28.6,97,1964.091274
6.0,1,1964.094275
-3.45,30,1964.193872
25.05,124,1964.582026
30.8,85,1964.838318
29.5,107,1971.172091
30.95,74,1971.377966
23.95,130,1971.73829
20.8,25,1971.812793
27.2,113,1972.150353
32.25,68,1972.350146
23.1,151,1972.796238
20.0,177,1973.313558
-5.8,457,1980.552055
28.05,124,1980.897876
30.15,86,1981.137159
28.6,105,1981.420307
29.1,107,1981.717204
18.8,137,1982.100187
32.85,64,1982.285773
-9.2,105,1982.586482
29.75,110,1989.11372
30.9,83,1989.348473
29.8,105,1989.652423
32.1,75,1989.888741
32.1,67,1990.097789
31.95,74,1990.322626
11.7,7,1990.3448
11.95,238,1991.078104
31.55,90,1991.351076
32.45,68,1991.552726
27.75,110,1991.892332
29.05,112,1998.396632
27.45,124,1998.725973
15.1,19,1998.783951
3.4,329,1999.736406
15.25,16,1999.782075
27.4,109,2000.101872
31.5,83,2000.358042
20.95,142,2000.787022
31.55,74,2001.003813
29.95,118,2007.400493
29.3,99,2007.691141
4.75,246,2008.453816
-5.45,66,2008.740139
-52.4,645,2016.875014
24.2,33,2016.966798
19.1,203,2017.541625
27.35,150,2017.971516
25.6,145,2018.385275
28.1,131,2018.7664
13.5,235,2019.464308
-6.75,80,2025.879167
26.1,139,2026.275753
29.75,134,2026.67768
28.55,146,2027.111505
-15.15,320,2028.074656
32.4,97,2028.367239
2.35,214,2034.864751
-46.15,572,2036.520524
31.55,98,2036.826712
27.8,105,2037.157872
30.75,90,2037.439389
29.7,139,2043.939837
11.55,10,2043.966458
17.15,18,2044.014309
-47.0,605,2045.699388
-43.4,565,2053.31877
24.1,99,2053.599699
33.75,86,2053.838771
-28.1,643,2061.651497
24.65,56,2061.809082
12.7,295,2062.64606
28.8,65,2062.831868
28.7,127,2063.21402
17.2,237,2063.94425
27.05,144,2064.410266
6.15,262,2071.284319
2.7,327,2072.270629
-9.5,399,2073.524402
29.5,115,2073.879168
17.6,193,2080.58051
5.3,311,2081.546068
16.85,24,2081.620113
32.4,113,2081.981008
24.1,167,2082.493329
7.9,3,2082.502297
30.75,114,2082.849771
31.05,96,2083.15784
8.85,292,2090.266634
11.95,2,2090.273812
32.1,107,2090.623307
23.85,44,2090.756745
-20.6,573,2092.388989
8.55,282,2099.523606
30.3,111,2099.814287
11.55,250,2100.488435
27.35,90,2100.747218
22.85,192,2101.287472
27.5,143,2108.20864
7.4,269,2109.027962
-5.1,59,2109.185268
-4.5,43,2109.301821
20.0,33,2109.390653
26.7,135,2109.764416
23.0,165,2110.233889
27.75,134,2110.625762
0.55,322,2117.778418
-7.0,77,2117.989395
27.55,134,2118.357905
32.95,94,2118.629704
15.05,20,2118.68443
27.7,139,2119.073934
30.4,121,2119.413848
33.1,83,2119.644143
22.3,175,2120.151541
20.25,192,2126.703417
30.2,105,2127.023873
29.25,144,2127.464606
31.05,88,2127.74011
10.15,262,2128.574901
19.9,167,2129.115797
-5.55,64,2129.343346
18.85,24,2135.517563
7.95,2,2135.523081
28.8,129,2135.888891
32.25,100,2136.166773
35.55,50,2136.308502
-0.3,383,2137.520276
7.8,5,2137.536504
34.0,77,2137.783477
24.9,135,2138.211797
18.0,193,2144.847453
11.85,4,2144.859848
31.75,94,2145.147642
33.8,85,2145.40362
29.55,114,2145.755821
33.3,91,2146.042952
-9.3,111,2146.386997
28.1,127,2146.77826
21.4,189,2147.378508
-16.05,126,2147.755884
-6.15,68,2153.885599
31.9,111,2154.189633
-2.0,1,2154.19244
29.15,138,2154.577548
29.0,129,2154.956378
28.85,132,2155.40724
31.05,112,2155.782547
27.25,136,2156.233058
32.2,85,2156.577537
7.85,4,2156.590971
21.3,199,2163.281176
-4.6,33,2163.374632
29.1,123,2163.720874
-3.85,38,2163.838888
28.55,118,2164.291712
19.9,151,2164.859783
19.15,230,2165.6745
30.75,130,2166.112256
33.0,97,2166.389678
-6.75,80,2172.691017
34.5,63,2172.881508
30.05,124,2173.262814
-5.25,62,2173.459601
29.75,38,2173.576422
18.9,23,2173.64576
17.05,212,2174.294519
24.7,55,2174.458262
19.0,21,2174.521533
30.35,106,2174.820208
30.45,116,2175.17336
30.25,108,2175.504035
-2.65,14,2175.546915
28.35,146,2181.89812
33.0,85,2182.136937
9.7,7,2182.156471
-4.65,54,2182.306719
7.9,3,2182.315315
33.55,74,2182.52551
30.8,109,2182.831161
8.65,208,2183.409817
19.05,20,2183.465649
30.25,112,2183.780306
-4.7,51,2183.931483
22.6,189,2184.546483
0.8,293,2191.557114
32.8,97,2191.827526
29.05,76,2192.032472
1.7,379,2193.147087
20.2,173,2193.667779
15.65,8,2193.691757
9.45,4,2193.702965
15.8,245,2200.421199
28.25,140,2200.837184
5.95,2,2200.843409
29.85,128,2201.231424
29.6,101,2201.53024
31.9,107,2201.850038
29.3,111,2202.185735
13.4,13,2202.22554
-4.95,52,2202.383997
23.45,160,2209.170522
23.15,18,2209.220536
30.7,111,2209.53941
23.5,159,2210.004886
-2.1,3,2210.013978
9.8,5,2210.028673
25.55,130,2210.412679
10.4,225,2211.084201
28.85,132,2211.455095
32.95,98,2211.731291
32.85,88,2211.982072
-2.0,1,2211.984914
-6.85,290,2219.103391
26.35,154,2219.567571
-10.05,102,2219.874571
31.75,98,2220.169668
32.5,107,2220.49445
31.05,96,2220.788199
32.05,100,2221.110134
8.95,254,2228.008599
34.6,65,2228.192263
27.55,130,2228.566765
-1.5,347,2229.59231
-16.2,429,2237.080847
15.4,181,2237.589567
22.4,177,2238.085766
18.4,165,2238.553265
8.4,25,2238.624491
30.6,125,2238.977285
29.5,123,2239.324412
-6.05,70,2239.521564
31.7,99,2245.582484
15.85,28,2245.661484
15.35,14,2245.701223
18.45,172,2246.189755
23.45,164,2246.662444
-22.25,454,2247.970415
33.5,91,2248.253787
22.5,199,2255.153107
-5.05,58,2255.397237
21.65,184,2256.020369
29.8,137,2256.423981
14.95,238,2257.120664
33.0,97,2257.405049
29.95,66,2257.591127
10.45,312,2264.505323
-2.4,9,2264.533658
13.7,239,2265.274634
9.9,3,2265.2837
5.0,1,2265.286613
30.05,96,2265.575431
28.85,124,2265.942545
30.1,103,2266.245911
-28.3,447,2273.545283
19.5,183,2274.054353
19.7,167,2274.556937
27.8,145,2274.986333
24.95,182,2275.524693
30.05,112,2275.85769
29.8,125,2282.384676
33.95,74,2282.604659
29.3,127,2282.987177
16.55,190,2283.5562
27.4,129,2283.925506
5.95,2,2283.930673
32.05,104,2284.228014
15.75,6,2284.2441
25.95,150,2284.665195
34.15,66,2284.870494
16.5,27,2284.95611
26.9,63,2291.35694
24.95,146,2291.789587
29.2,117,2292.164916
34.2,65,2292.361993
27.85,116,2292.717958
31.7,103,2293.037563
-4.35,44,2293.173446
17.15,18,2293.231153
-13.7,415,2300.532453
22.55,30,2300.630617
30.35,122,2301.008907
26.1,139,2301.440484
-35.45,378,2302.606274
31.15,118,2302.963015
26.95,146,2303.409591
19.35,170,2310.175892
5.0,1,2310.178716
32.85,100,2310.462359
34.15,78,2310.682587
9.75,6,2310.699334
17.05,224,2311.349975
33.8,85,2311.610291
32.2,101,2311.921946
29.0,137,2312.343547
5.0,1,2312.346281
29.1,131,2312.67684
5.95,2,2312.681784
-2.95,20,2312.731047
33.95,82,2319.124186
29.9,115,2319.447791
25.1,163,2319.906988
-5.5,63,2320.086812
18.05,224,2320.722501
31.05,100,2321.009224
21.15,206,2321.612613
32.8,97,2321.918259
7.35,310,2328.911724
33.2,89,2329.177144
17.45,232,2329.893181
31.45,116,2330.248122
21.35,198,2330.812949
34.3,75,2331.029898
-11.15,80,2337.464226
32.6,81,2337.711532
19.35,202,2338.337546
5.0,1,2338.341476
9.8,5,2338.357103
17.4,13,2338.402276
27.3,127,2338.825012
7.8,5,2338.841578
21.55,154,2339.321631
12.5,267,2340.090738
-9.3,75,2340.290699
9.3,251,2346.850943
13.4,13,2346.88996
14.2,197,2347.483434
10.8,213,2348.188499
27.85,120,2348.592229
9.45,232,2349.302048
32.25,96,2355.441998
31.8,93,2355.701809
20.3,183,2356.211004
26.25,160,2356.653849
32.55,98,2356.943817
32.3,91,2357.244738
12.2,233,2357.941229
29.25,132,2364.472022
16.1,219,2365.091495
10.1,227,2365.797608
29.5,119,2366.16046
31.5,107,2366.492831
30.6,121,2366.873015
28.65,120,2367.249912
23.55,158,2373.860039
5.3,279,2374.720491
30.3,79,2374.966609
30.1,115,2375.323365
32.0,85,2375.582382
17.65,228,2376.279724
-5.4,61,2376.471629
31.1,111,2382.664028
31.7,111,2382.984137
-5.8,433,2384.217133
32.35,98,2384.562033
-2.0,1,2384.56566
33.45,80,2384.865257
-29.35,368,2392.251895
16.85,220,2392.926664
28.05,136,2393.327408
20.6,185,2393.860934
34.2,73,2394.074074
20.35,34,2394.181746
26.5,155,2394.675568
31.6,101,2394.98894
15.4,13,2395.030056
30.8,105,2401.542858
32.15,86,2401.786132
18.15,38,2401.892986
-4.55,52,2402.039838
-3.8,33,2402.141209
21.7,167,2402.670658
32.75,94,2402.984064
31.7,99,2403.308375
32.7,103,2403.63954
29.35,118,2404.034831
30.2,109,2404.401928
9.8,5,2404.419361
28.1,135,2410.830357
6.0,1,2410.833205
7.85,4,2410.844259
11.3,15,2410.888335
30.2,105,2411.207474
11.8,5,2411.223371
5.0,1,2411.226373
28.3,123,2411.602684
32.85,84,2411.856597
32.0,101,2412.157095
11.85,4,2412.168523
15.85,216,2412.774545
7.8,5,2412.788894
31.4,105,2413.087104
28.85,144,2413.511011
26.15,170,2419.870763
-4.4,45,2419.992687
30.55,118,2420.319138
21.7,187,2420.856532
23.85,144,2421.314056
24.6,29,2421.40949
26.3,151,2421.891925
29.25,112,2422.256388
-5.3,67,2422.463609
17.45,228,2429.084419
28.75,98,2429.364521
26.9,147,2429.78381
30.95,110,2430.097996
6.0,1,2430.101054
25.0,169,2430.614855
32.45,104,2430.929169
33.8,81,2431.175342
17.35,14,2431.218326
9.6,9,2431.245857
26.85,136,2437.696343
20.15,38,2437.803946
15.4,13,2437.840658
33.55,82,2438.06945
19.15,194,2438.617564
23.7,43,2438.747567
7.9,3,2438.756291
-8.3,335,2439.768622
13.45,12,2439.806004
18.75,206,2440.441805
25.0,149,2447.090877
19.45,196,2447.680465
32.15,114,2448.028565
22.2,37,2448.144508
23.4,49,2448.29429
30.1,99,2448.597597
-10.8,329,2449.59469
11.0,293,2456.751401
28.5,131,2457.115612
-7.85,82,2457.34018
29.05,124,2457.688272
18.55,210,2458.32881
33.05,92,2458.594296
17.15,18,2458.645439
28.45,144,2459.062224
30.5,115,2465.846335
28.1,135,2466.238944
14.95,206,2466.820937
-4.8,45,2466.951742
-10.4,425,2468.206162
29.6,113,2468.527187
4.85,260,2475.531331
9.75,6,2475.547894
30.2,117,2475.881399
21.3,171,2476.393265
-7.15,416,2477.677343
-4.8,57,2477.853522
-170.25,722,2486.293101
30.7,107,2486.618284
31.7,103,2486.946095
-4.4,49,2487.085216
33.8,85,2493.39542
32.8,101,2493.690031
22.15,38,2493.799148
33.8,77,2494.022334
30.45,120,2494.36979
30.2,121,2494.716307
32.9,103,2495.014995
17.35,202,2495.636788
26.6,153,2496.072167
-3.9,415,2503.217621
30.55,126,2503.577086
31.0,113,2503.900139
27.8,133,2504.343053
33.9,75,2504.628838
22.2,177,2505.233881
34.6,65,2505.437587
20.55,30,2511.914208
26.6,133,2512.312299
30.05,116,2512.693479
5.0,1,2512.696547
-4.1,43,2512.831238
32.6,93,2513.147895
31.45,92,2513.451791
23.5,47,2513.596207
30.45,104,2513.917498
30.5,111,2514.264668
28.0,141,2514.707488
34.75,62,2514.883564
27.75,46,2515.019973
-5.4,65,2521.373024
10.0,1,2521.37601
30.8,101,2521.664798
13.85,4,2521.676163
31.05,112,2521.990818
9.75,6,2522.008129
11.7,7,2522.028826
30.55,102,2522.332577
28.7,115,2522.6937
-2.0,1,2522.696681
35.2,57,2522.874453
24.8,141,2523.317694
-10.75,88,2523.581575
12.45,260,2530.621032
32.85,92,2530.887558
32.15,90,2531.145406
28.0,141,2531.578309
5.95,2,2531.584589
-5.0,53,2531.746698
27.8,153,2532.2242
-6.65,82,2532.476371
27.25,100,2532.784816
26.8,153,2533.262312
27.65,128,2533.657839
27.7,127,2540.119313
-2.0,1,2540.122093
21.55,154,2540.571886
34.25,64,2540.752891
30.85,124,2541.105504
30.85,104,2541.398647
10.35,194,2541.952381
5.9,3,2541.960739
15.5,11,2541.991791
10.7,231,2542.673668
27.95,122,2549.386086
33.15,98,2549.689231
18.4,217,2550.344698
27.9,135,2550.789915
2.75,246,2551.557206
31.35,86,2551.824468
27.25,52,2551.98669
21.0,21,2552.057123
30.05,96,2558.266761
33.3,75,2558.481843
31.2,101,2558.771142
-11.45,110,2559.085003
27.65,132,2559.463718
22.4,173,2559.956566
-2.0,1,2559.959264
21.9,187,2560.494849
5.1,267,2567.704038
28.75,126,2568.098441
33.55,82,2568.360488
33.45,60,2568.535337
10.15,246,2569.229197
30.8,101,2569.518398
17.85,24,2569.587444
34.1,75,2569.805782
33.3,87,2570.057214
9.65,8,2570.080434
25.55,142,2570.491586
29.0,117,2576.964739
17.75,6,2576.981722
28.7,115,2577.312932
29.3,99,2577.597842
9.8,5,2577.612121
28.4,129,2577.986869
35.75,46,2578.121143
-14.8,117,2578.467649
-2.0,1,2578.471031
33.8,73,2578.695818
30.95,118,2579.064165
14.45,212,2579.792868
27.7,131,2586.423002
31.15,102,2586.716184
11.7,7,2586.73659
31.9,107,2587.035897
22.85,40,2587.144773
26.6,145,2587.543457
34.35,54,2587.693087
13.85,216,2588.300973
28.6,129,2588.660939
33.75,78,2588.888031
-3.8,37,2595.28124
20.9,175,2595.806194
22.1,195,2596.360016
32.3,91,2596.628722
23.65,192,2597.181721
31.1,115,2597.51745
25.0,157,2597.977376
23.4,177,2604.925323
19.0,21,2604.985558
13.3,15,2605.026915
-6.0,81,2605.236407
26.95,122,2605.554701
32.4,101,2605.8204
24.15,166,2606.262226
25.45,140,2606.632669
-4.35,48,2606.7593
-7.35,88,2607.011792
18.0,57,2607.177983
26.4,141,2613.749624
31.15,122,2614.100855
31.55,106,2614.410604
29.1,119,2614.758941
25.0,21,2614.819479
31.75,90,2615.077608
33.15,94,2615.344007
30.45,84,2615.58547
30.5,111,2615.902493
29.75,118,2616.247493
22.8,25,2616.340858
32.3,95,2623.913342
32.25,96,2624.217819
10.7,255,2625.05343
33.8,81,2625.305592
26.75,126,2625.706387
32.55,110,2626.046268
14.15,238,2626.738797
17.4,13,2626.775208
16.7,179,2632.433295
29.45,124,2632.763639
31.4,105,2633.038901
28.25,116,2633.381816
20.4,93,2633.671677
21.1,19,2633.730147
27.35,142,2634.146559
-2.0,1,2634.149223
17.8,189,2634.663194
32.35,98,2634.928896
31.7,115,2640.788106
34.3,71,2640.969185
16.7,67,2641.137925
32.4,89,2641.360547
20.5,31,2641.43818
21.55,50,2641.56511
20.55,30,2641.641192
31.7,91,2641.879753
24.05,160,2642.337459
5.65,140,2642.689195
31.65,108,2642.985697
15.2,17,2643.034038
-2.65,14,2643.068762
9.7,7,2643.089787
-94.55,800,2650.593736
-0.45,342,2656.734043
16.4,261,2657.411936
27.25,148,2657.798314
-65.75,620,2664.850107
34.55,106,2665.144911
20.65,44,2665.270185
28.15,166,2665.796704
30.7,135,2666.298652
-29.0,485,2668.129044
21.35,178,2674.863885
31.6,133,2675.225281
34.7,99,2675.48168
13.85,308,2676.292466
13.65,8,2676.313539
-5.8,69,2676.493548
20.55,30,2676.572343
17.65,248,2681.962128
23.95,174,2682.387027
17.5,239,2682.953752
28.35,142,2683.291019
29.95,158,2683.684826
22.05,188,2684.183323
31.05,124,2689.809865
29.7,139,2690.147646
29.5,159,2690.542357
-4.55,44,2690.653138
15.45,228,2691.229965
17.7,7,2691.248961
8.9,247,2691.878976
15.05,236,2697.585763
28.45,176,2698.070184
31.55,130,2698.397745
-4.0,37,2698.491216
-5.85,66,2698.657993
-6.45,410,2699.785218
23.05,192,2705.706544
36.3,71,2705.9165
-4.25,30,2705.999782
6.5,311,2706.897969
-7.35,92,2707.148709
5.9,3,2707.156813
12.95,250,2707.824791
22.0,169,2708.282571
27.75,138,2713.526896
-30.25,638,2715.102474
31.85,116,2715.396469
30.65,144,2715.758722
30.35,134,2721.163241
24.25,196,2721.625148
27.9,147,2721.988065
19.2,17,2722.028569
-2.15,4,2722.03825
31.9,131,2722.339187
13.5,11,2722.364181
29.1,159,2722.741045
-3.15,24,2722.79621
26.3,171,2723.212244
17.2,237,2728.838729
11.3,195,2729.334647
23.5,211,2729.860319
30.65,144,2730.213627
6.0,1,2730.216223
18.6,29,2730.289628
13.5,11,2730.317315
31.75,110,2730.597777
26.45,184,2736.028523
9.7,7,2736.046623
25.2,157,2736.435604
5.95,2,2736.440434
26.9,167,2736.848746
26.55,30,2736.927648
10.95,14,2736.964946
7.95,2,2736.970573
24.35,154,2737.372766
26.9,159,2737.770521
22.3,35,2737.85609
-2.1,3,2737.863719
19.25,256,2738.500715
22.5,31,2743.598763
9.85,4,2743.608539
34.8,85,2743.808947
20.75,26,2743.867969
34.9,83,2744.069023
-0.2,365,2745.10955
-3.6,253,2745.725332
32.0,117,2746.019458
26.7,27,2746.08878
16.9,159,2751.450897
33.5,95,2751.676508
30.4,133,2752.007185
-15.35,404,2753.013781
33.0,121,2753.314892
18.9,23,2753.373229
18.9,195,2758.932258
34.1,91,2759.159589
32.65,124,2759.472225
22.4,221,2760.030675
27.3,159,2760.428881
15.6,9,2760.451548
-81.25,650,2767.010486
5.9,3,2767.01803
16.1,251,2767.652714
-4.3,43,2767.756018
21.5,63,2767.910427
18.65,28,2767.980946
18.8,25,2768.042418
-2.0,1,2768.044778
31.6,125,2768.344615
29.8,93,2768.569043
10.7,239,2774.121517
-0.1,331,2774.961435
23.4,161,2775.378311
8.85,312,2776.270146
29.8,145,2781.480239
29.6,153,2781.835556
3.9,311,2782.601285
31.05,120,2782.896511
29.7,139,2783.26973
17.35,198,2783.801687
34.2,97,2789.085203
-7.85,342,2790.069806
15.25,248,2790.706246
30.1,123,2791.022911
32.5,123,2791.33814
9.8,5,2791.351045
27.4,165,2796.668868
17.7,83,2796.873542
32.15,118,2797.172423
23.45,184,2797.650619
11.75,6,2797.666005
34.9,91,2797.897203
22.8,53,2798.033998
36.4,73,2798.236964
33.95,98,2798.490437
27.1,167,2798.935088
-3.95,28,2799.010753
16.7,227,2804.694926
-2.55,12,2804.726385
32.6,113,2805.016506
32.8,125,2805.336489
21.75,94,2805.58031
11.75,274,2806.277977
32.25,124,2806.599177
19.75,226,2812.162786
22.65,180,2812.592546
32.9,103,2812.840445
28.9,151,2813.224714
25.65,172,2813.668817
13.45,12,2813.699679
15.65,8,2813.720218
16.85,248,2814.35379
31.25,140,2819.918557
28.7,179,2820.365469
23.4,53,2820.500618
30.9,143,2820.863903
11.85,4,2820.874107
32.45,128,2821.200274
11.7,7,2821.218636
-2.0,1,2821.221187
30.0,133,2821.560982
25.85,192,2822.054155
30.2,145,2827.448969
7.95,2,2827.453831
33.05,128,2827.768855
33.9,115,2828.058437
33.95,106,2828.321911
22.0,41,2828.427575
15.35,42,2828.535687
-2.65,338,2829.404522
32.55,106,2829.679005
28.9,139,2834.967645
26.8,173,2835.399015
34.15,106,2835.665791
-5.45,66,2835.831228
34.25,104,2836.097833
-7.0,69,2836.266237
18.85,24,2836.324473
-12.15,428,2837.3845
18.85,24,2837.446929
29.0,61,2842.844533
28.05,148,2843.228686
31.2,137,2843.575175
25.25,188,2844.030956
30.15,150,2844.391292
28.3,143,2844.731295
23.35,50,2844.859244
27.35,158,2845.266681
28.0,125,2850.699578
18.7,215,2851.217638
28.55,142,2851.553209
27.3,175,2851.983693
17.3,15,2852.020601
-2.3,7,2852.037737
32.85,112,2852.322196
34.5,95,2852.560986
7.85,4,2852.571629
22.3,179,2858.08621
24.15,206,2858.626942
25.9,127,2858.953289
5.0,1,2858.956051
13.35,262,2859.643165
9.8,5,2859.655994
17.0,21,2859.709731
33.2,113,2860.000521
18.4,73,2860.188122
-7.7,419,2866.214683
29.35,154,2866.602005
20.35,34,2866.688195
17.05,20,2866.738974
29.15,150,2867.10791
21.9,43,2867.218763
34.45,104,2867.486099
25.85,168,2867.908104
33.25,100,2868.160538
24.15,38,2873.037975
-19.8,505,2874.308619
25.5,163,2874.698204
18.6,273,2875.348328
29.8,141,2880.534615
-5.05,58,2880.692501
27.2,181,2881.179784
-3.05,22,2881.236119
22.0,41,2881.339266
11.7,7,2881.357056
34.8,77,2881.639807
26.15,58,2881.793971
30.0,129,2882.125552
19.65,200,2882.62273
28.9,123,2882.934141
34.55,102,2888.05186
30.6,137,2888.394807
-25.15,344,2889.238165
25.65,188,2889.717493
32.8,121,2890.017509
32.45,104,2890.269243
-27.55,456,2896.223078
-10.35,108,2896.496814
3.55,246,2897.123115
30.6,137,2897.45503
11.5,11,2897.481973
15.35,14,2897.515181
15.85,32,2897.589648
34.0,97,2902.799539
27.15,166,2903.224442
31.05,104,2903.49619
-26.6,189,2903.985611
11.65,8,2904.006707
-3.8,37,2904.104259
34.35,102,2904.372745
33.5,115,2904.671091
31.8,117,2904.97133
31.8,133,2905.31913
30.2,145,2910.759954
27.8,153,2911.121765
25.65,176,2911.560479
33.95,90,2911.79232
18.45,24,2911.851607
33.0,105,2912.113533
30.7,147,2912.499759
30.3,151,2912.925901
29.7,135,2918.579013
33.2,117,2918.852352
20.65,28,2918.918157
30.95,134,2919.246275
35.6,77,2919.43362
30.1,115,2919.713136
19.65,220,2920.234107
29.6,133,2920.562472
27.8,149,2926.14508
35.65,76,2926.321549
26.6,141,2926.647632
33.2,117,2926.924411
-6.9,87,2927.125599
-4.8,53,2927.258355
27.4,53,2927.393946
34.6,93,2927.671467
18.35,30,2927.76281
17.65,244,2928.480181
27.15,158,2933.813329
15.0,21,2933.87008
29.9,139,2934.250952
24.45,92,2934.483527
-2.1,3,2934.491046
20.75,190,2934.990168
34.9,95,2935.248879
0.3,319,2936.06447
-2.1,3,2936.072151
21.95,42,2936.181315
5.3,307,2941.734016
19.2,225,2942.335024
28.1,155,2942.749512
15.45,12,2942.778333
-5.1,59,2942.930153
34.6,89,2943.150345
24.6,57,2943.295433
32.45,116,2943.589474
28.85,156,2948.931982
28.35,130,2949.238222
32.45,116,2949.506037
8.0,1,2949.50831
6.0,1,2949.510703
13.55,10,2949.534609
31.0,133,2949.848962
27.85,40,2949.944058
24.9,175,2950.344335
30.05,124,2950.634695
29.3,139,2950.95502
10.1,291,2956.584747
-2.65,14,2956.618061
28.7,131,2956.945742
15.55,10,2956.971012
28.0,149,2957.348701
-3.5,31,2957.42725
29.45,132,2957.754546
27.5,163,2958.188077
13.65,8,2958.209975
20.65,28,2958.284735
17.15,18,2958.330583
31.35,118,2958.650482
23.9,183,2964.097354
35.3,87,2964.335217
25.3,175,2964.766129
34.8,89,2964.98978
-2.0,1,2964.992317
-6.3,79,2965.19307
-2.75,16,2965.23342
-63.0,621,2971.624477
28.95,142,2972.001556
8.1,339,2972.908524
34.15,102,2973.187626
14.5,43,2973.303659
25.7,167,2973.744326
7.95,354,2979.518823
26.95,162,2979.940586
30.8,145,2980.312205
-4.3,47,2980.433547
33.85,104,2980.696464
34.15,106,2980.963877
6.0,1,2980.966458
-8.35,92,2981.191961
34.6,105,2986.435537
23.85,44,2986.547288
21.6,185,2987.036085
21.45,12,2987.06917
33.45,116,2987.395176
32.75,122,2987.71234
30.75,142,2988.080586
33.15,102,2988.36184
34.85,92,2988.607043
31.95,118,2988.912354
13.5,243,2994.534735
16.45,248,2995.244341
30.25,132,2995.577273
14.55,250,2996.202747
16.05,24,2996.263253
18.8,25,2996.325327
24.4,33,2996.406396
15.85,40,2996.505905
28.3,151,3001.762997
31.4,129,3002.066122
32.6,129,3002.369516
-5.0,61,3002.51759
31.05,144,3002.857666
34.35,110,3003.12528
27.15,150,3003.504243
34.2,73,3003.690877
30.65,128,3004.012885
9.9,3,3009.268308
29.05,148,3009.64419
26.95,154,3010.034811
32.65,124,3010.3512
26.75,142,3010.716605
11.6,9,3010.739543
-3.55,32,3010.821363
24.65,152,3011.212229
30.35,130,3011.550995
13.55,10,3011.578645
-2.35,8,3011.600775
15.25,16,3011.644871
21.75,30,3011.725791
21.8,165,3017.180753
-7.9,71,3017.352097
25.45,176,3017.785831
-14.55,100,3018.045175
29.35,138,3018.384753
31.75,114,3018.683946
29.85,112,3018.976094
-2.15,4,3018.98697
25.95,150,3019.364878
28.95,158,3024.726253
29.6,49,3024.852457
28.45,168,3025.27683
33.1,107,3025.551911
24.0,189,3026.023688
31.9,127,3026.331701
22.95,218,3026.86381
25.2,93,3032.148784
-5.85,470,3033.261851
-4.3,463,3034.428042
11.25,200,3040.050408
26.1,199,3040.549762
33.5,87,3040.768637
24.65,184,3041.262926
-5.4,49,3041.399154
27.15,58,3041.558378
33.9,115,3041.880557
33.25,100,3042.159235
18.9,23,3042.223139
-40.7,467,3048.682348
31.0,137,3048.987339
26.2,165,3049.35804
28.7,147,3049.691044
-2.0,1,3049.693301
28.3,143,3050.020451
20.85,168,3055.335813
26.55,190,3055.830575
31.6,113,3056.126461
27.35,54,3056.26431
33.3,107,3056.532899
16.4,241,3057.155085
33.2,113,3057.439165
14.9,19,3057.485589
30.55,138,3062.904174
32.0,117,3063.206334
30.35,122,3063.51927
34.1,111,3063.799466
-0.6,401,3064.84163
34.4,113,3065.137576
13.5,11,3065.165403
35.9,83,3070.379121
17.4,13,3070.411602
-4.8,33,3070.492622
34.2,109,3070.771329
25.15,166,3071.193129
11.6,9,3071.216451
5.4,277,3071.911249
31.95,118,3072.217255
15.1,19,3072.266108
10.85,248,3072.89861
32.65,128,3078.259497
34.45,92,3078.497146
31.55,98,3078.740783
-3.25,14,3078.775014
27.75,162,3079.177632
32.5,119,3079.483652
35.8,85,3079.713789
29.95,134,3080.055817
-83.7,407,3086.079715
26.2,37,3086.171598
30.05,140,3086.567016
29.55,126,3086.894554
32.95,114,3087.183583
-7.7,79,3087.382429
-7.5,399,3093.074007
23.75,210,3093.562891
23.55,198,3094.027152
10.0,1,3094.029511
9.8,5,3094.041448
31.85,104,3094.290272
13.6,269,3094.967477
9.75,6,3094.982449
35.15,94,3095.219327
29.5,147,3100.584411
26.0,165,3101.039629
32.55,98,3101.310425
30.1,119,3101.636437
7.85,4,3101.647471
22.45,172,3102.127611
33.85,104,3102.396189
35.5,91,3102.626421
31.25,108,3102.902039
32.85,104,3108.325436
31.3,123,3108.657497
31.4,109,3108.93504
32.35,110,3109.213975
22.4,29,3109.287575
13.35,14,3109.323626
32.55,106,3109.591876
19.1,207,3110.100963
34.9,83,3110.3094
31.7,143,3110.659665
33.15,114,3115.769746
7.95,2,3115.775054
24.55,186,3116.242474
29.45,136,3116.582827
33.55,110,3116.861929
29.8,141,3117.217048
34.3,99,3117.470542
31.95,122,3117.779256
36.65,68,3117.950039
30.7,131,3123.203741
21.05,20,3123.251223
5.95,2,3123.256161
30.8,133,3123.583224
25.55,46,3123.694076
32.1,127,3124.015684
20.0,197,3124.507458
31.3,115,3124.800645
31.1,131,3125.154058
33.2,109,3125.439901
25.6,49,3125.56445
20.05,212,3130.894395
33.1,91,3131.123681
-4.45,50,3131.246416
19.25,188,3131.706889
31.0,129,3132.029176
27.15,166,3132.44624
33.85,116,3132.737466
21.8,181,3138.136414
25.65,128,3138.435517
17.05,20,3138.482119
20.45,32,3138.559393
30.5,131,3138.889731
-3.4,29,3138.96491
29.9,115,3139.248943
30.7,135,3139.596147
33.1,119,3139.889909
25.65,160,3140.290352
33.85,100,3140.544279
-60.75,552,3146.820596
28.45,64,3146.979558
20.75,238,3147.582207
30.05,136,3147.924862
22.2,37,3148.018449
30.25,144,3153.206563
30.35,134,3153.54057
29.95,110,3153.829219
33.0,109,3154.105792
32.2,113,3154.387805
25.35,146,3154.751446
28.2,169,3155.174815
32.0,129,3155.499175
33.6,101,3160.847497
-10.85,86,3161.067182
32.85,124,3161.399249
37.0,61,3161.567166
24.3,195,3162.064657
32.2,109,3162.339995
30.0,125,3162.649757
28.35,130,3162.968015
8.0,1,3162.970584
31.7,139,3169.057598
29.45,156,3169.37484
30.0,137,3169.671267
36.25,76,3169.845826
16.95,22,3169.896315
-6.2,81,3170.083594
-112.95,800,3177.033153
32.4,125,3177.354301
-7.05,94,3177.601328
21.9,35,3177.692278
-5.2,65,3177.861108
33.85,108,3178.140229
29.25,136,3178.499158
34.9,91,3178.761414
28.45,88,3183.876524
33.55,90,3184.093485
33.55,98,3184.360423
29.05,152,3184.763155
15.45,12,3184.795987
29.9,111,3185.101585
15.15,18,3185.147911
20.0,253,3185.784546
22.05,184,3186.260473
7.15,342,3192.042769
32.45,112,3192.334413
33.25,116,3192.631242
-14.65,134,3192.971456
15.05,20,3193.023119
-3.2,325,3193.858842
11.55,10,3193.884272
19.3,15,3193.922706
36.85,64,3199.184973
15.45,12,3199.213478
34.4,105,3199.470497
25.45,40,3199.568494
35.25,80,3199.771853
7.85,4,3199.782228
26.3,87,3200.004335
-2.2,5,3200.017201
22.35,186,3200.479462
15.7,195,3200.95454
35.8,85,3201.170221
33.45,112,3201.453626
29.5,143,3206.877006
31.45,136,3207.204203
29.45,160,3207.585371
35.15,86,3207.790239
24.9,187,3208.235695
15.45,12,3208.263308
-8.15,116,3208.521944
31.3,135,3208.828324
31.65,120,3209.113044
28.1,167,3214.433129
34.7,95,3214.666997
26.85,188,3215.128145
9.75,6,3215.142542
33.7,99,3215.38829
-9.3,75,3215.578425
24.3,199,3216.076214
31.15,138,3216.42634
-10.95,104,3221.651228
-10.45,94,3221.888474
-5.05,62,3222.043495
33.95,94,3222.278258
-2.0,1,3222.280757
25.25,56,3222.417387
32.15,138,3222.775142
35.45,80,3222.981127
-3.4,21,3223.034349
11.2,229,3223.608583
29.75,146,3223.964304
23.25,192,3229.51299
32.2,121,3229.796157
33.15,110,3230.058589
31.65,124,3230.369507
26.0,161,3230.773524
31.45,140,3231.123184
17.05,20,3231.173789
33.8,105,3231.438966
-7.75,64,3231.596825
24.0,177,3236.95907
34.65,88,3237.181979
30.25,148,3237.553408
16.8,21,3237.605084
34.75,94,3237.866758
5.85,244,3238.516127
-4.2,45,3238.631703
35.4,77,3238.833879
19.05,20,3238.886917
23.35,194,3244.336585
24.85,64,3244.492259
30.5,131,3244.816776
17.15,18,3244.858599
34.0,89,3245.06828
-8.45,350,3245.907204
32.85,108,3246.17631
34.65,88,3246.398308
21.15,206,3251.677727
25.35,134,3251.992014
-5.45,54,3252.119288
11.8,5,3252.131247
28.15,158,3252.500547
29.05,140,3252.845994
28.1,151,3253.227768
31.85,116,3253.518131
35.0,93,3253.746363
33.35,118,3254.056797
19.2,17,3259.07601
31.95,118,3259.368491
35.2,93,3259.603694
23.9,151,3259.975326
34.9,87,3260.194942
24.25,180,3260.645895
-5.35,52,3260.770541
30.6,141,3261.1243
-28.95,540,3267.317365
33.9,107,3267.575063
33.8,105,3267.834661
34.35,110,3268.103197
16.9,23,3268.160303
-3.6,405,3273.929929
30.9,123,3274.232609
32.45,104,3274.493705
29.05,160,3274.885518
33.1,111,3275.155137
32.55,126,3275.451386
29.1,147,3275.787987
34.55,106,3276.033507
0.85,364,3281.808686
32.65,124,3282.127941
28.15,38,3282.224633
33.45,104,3282.490011
19.25,56,3282.640768
33.0,113,3282.941169
33.4,125,3283.283888
34.8,89,3283.519657
32.65,112,3288.643449
31.6,125,3288.94727
26.75,166,3289.41298
34.4,113,3289.711578
30.45,140,3290.08225
32.35,110,3290.379721
31.65,136,3290.740725
24.25,168,3291.272728
34.6,101,3296.340461
21.65,188,3296.85824
18.25,236,3297.447556
15.9,3,3297.455239
30.75,134,3297.793497
8.0,1,3297.796013
-5.3,63,3297.95273
28.1,155,3298.343896
-5.0,57,3298.489238
33.0,117,3303.571606
33.2,113,3303.864948
21.75,194,3304.353941
26.7,187,3304.847
34.55,94,3305.081428
6.9,331,3305.929448
19.35,14,3305.966238
19.5,27,3306.038864
33.85,96,3311.258873
30.05,156,3311.647938
33.85,88,3311.873225
35.35,86,3312.090142
29.4,109,3312.367303
31.7,135,3312.714216
32.05,116,3313.01144
20.85,260,3313.677095
31.4,125,3318.891695
34.5,91,3319.122327
-17.15,340,3319.968038
25.6,165,3320.378323
29.6,137,3320.721654
-5.85,422,3326.679781
31.4,133,3327.015488
35.55,78,3327.210281
29.9,143,3327.570767
30.35,122,3327.881252
34.4,105,3328.146749
31.0,117,3328.431949
7.95,318,3334.006114
29.45,144,3334.36809
31.4,133,3334.697073
36.05,76,3334.888558
33.75,106,3335.151092
31.8,133,3335.459154
33.3,127,3335.760176
25.3,79,3341.118927
25.25,164,3341.544279
35.25,92,3341.779562
8.0,237,3342.410882
19.5,219,3342.975375
-93.95,800,3350.081681
22.95,182,3350.544829
-2.0,1,3350.547149
32.3,123,3350.846643
32.95,110,3351.117262
32.3,123,3356.471701
-2.0,1,3356.474037
33.5,107,3356.747186
6.0,1,3356.749693
34.4,89,3356.989276
31.6,121,3357.322944
34.05,100,3357.595783
26.55,146,3357.98658
31.95,126,3358.333925
-2.0,1,3358.33671
10.6,253,3359.072478
-6.2,57,3359.228593
23.2,217,3364.981033
27.85,140,3365.321785
28.8,133,3365.655486
20.7,27,3365.725059
25.85,40,3365.828424
25.05,192,3366.285622
33.35,106,3366.539896
32.7,99,3366.786288
29.8,133,3372.104588
31.0,129,3372.464694
11.1,311,3373.274397
34.55,102,3373.535364
16.5,239,3374.19578
36.0,73,3374.401087
17.9,231,3379.941957
30.7,135,3380.280301
-14.8,105,3380.537466
24.55,198,3381.007597
34.75,98,3381.233883
31.05,120,3381.535196
26.9,55,3381.675788
35.05,96,3381.91914
33.2,93,3382.203162
19.6,185,3387.596616
33.7,107,3387.87773
17.1,19,3387.926461
30.5,147,3388.3042
22.05,188,3388.81147
26.2,37,3388.91026
17.15,186,3389.375921
32.0,129,3389.6919
9.85,276,3394.990661
29.0,153,3395.376732
13.45,12,3395.40672
9.8,5,3395.418733
22.95,198,3395.94446
31.8,133,3396.284713
11.6,9,3396.307415
32.8,129,3396.629439
28.75,162,3401.951408
31.9,111,3402.228818
31.4,149,3402.596991
33.8,105,3402.865694
19.9,43,3402.973872
15.9,267,3403.648057
20.05,212,3404.178961
26.4,133,3409.439298
20.9,199,3409.907454
31.15,134,3410.240059
-8.45,86,3410.45283
31.45,120,3410.749007
13.6,9,3410.771505
31.75,114,3411.052088
18.9,23,3411.107236
32.2,129,3411.42276
-4.6,49,3411.539952
8.5,271,3417.04089
32.5,127,3417.406055
17.15,258,3418.086053
28.45,156,3418.505964
31.9,119,3418.819577
26.85,156,3419.231386
34.2,101,3424.503553
33.5,115,3424.793362
25.35,166,3425.197483
33.95,98,3425.439973
20.15,210,3425.97147
34.2,113,3426.274144
33.45,92,3426.560433
32.4,129,3426.950891
32.8,97,3432.177087
-6.0,65,3432.337274
29.15,150,3432.738877
15.15,18,3432.796453
33.65,112,3433.129808
34.8,105,3433.422688
30.65,152,3433.84231
12.95,226,3434.431766
-7.2,85,3434.651541
-2.0,1,3434.654181
-2.0,1,3434.656835
26.35,34,3434.744444
20.7,27,3434.815851
35.25,88,3440.047453
33.0,109,3440.305001
31.75,130,3440.611723
31.75,118,3440.905059
-2.45,10,3440.93038
9.5,303,3441.676209
31.8,105,3441.932016
29.15,158,3442.326191
33.1,107,3447.5725
35.8,85,3447.777234
32.25,124,3448.091452
26.15,170,3448.501344
34.5,99,3448.726614
27.1,155,3449.092226
30.35,130,3449.399552
25.1,187,3449.853584
36.65,64,3454.884337
35.4,89,3455.117783
32.4,129,3455.446502
31.0,133,3455.779038
15.05,20,3455.828565
33.15,110,3456.098324
31.4,133,3456.423308
32.75,102,3456.659808
29.85,140,3456.993599
29.2,133,3462.141797
31.55,126,3462.433179
29.4,137,3462.764268
34.0,109,3463.043635
-8.1,91,3463.278461
34.35,106,3463.543086
30.35,130,3463.853948
33.3,95,3464.083755
9.85,4,3464.093556
25.05,184,3464.542765
35.9,79,3469.936838
26.65,28,3470.001253
30.3,135,3470.321245
14.25,288,3471.004292
31.05,136,3471.318985
35.15,90,3471.527809
24.85,164,3471.923544
-1.05,262,3477.505886
33.9,119,3477.790875
-4.95,60,3477.937358
31.15,114,3478.224948
35.45,76,3478.417064
22.1,35,3478.502328
29.9,139,3478.850387
9.85,4,3478.860384
25.95,42,3478.961998
29.8,153,3479.347747
22.05,40,3479.449418
32.7,115,3484.64658
17.65,228,3485.218307
23.75,178,3485.640356
34.25,112,3485.895006
34.9,103,3486.133625
26.65,180,3486.623186
31.75,134,3486.990221
28.9,147,3492.053544
16.8,25,3492.113634
36.45,64,3492.265105
32.95,114,3492.550362
31.9,123,3492.883207
33.3,127,3493.221879
31.25,124,3493.532789
9.75,266,3494.235729
32.55,122,3499.480031
24.85,184,3499.957438
34.7,91,3500.196839
37.35,54,3500.338765
5.95,2,3500.343935
32.6,113,3500.639408
27.6,169,3501.100382
13.6,9,3501.122901
22.85,188,3501.633293
35.0,101,3501.881098
5.0,1,3501.883729
-4.5,51,3502.012491
30.35,138,3507.051539
34.05,100,3507.306918
19.2,17,3507.350359
30.35,122,3507.698525
-15.25,118,3508.164174
37.6,49,3508.356721
32.85,112,3508.78121
33.5,119,3509.091478
33.2,109,3509.367486
-2.0,1,3509.369922
32.6,125,3509.66474
6.0,1,3509.667305
34.6,97,3514.382976
25.6,181,3514.830438
8.4,77,3515.030419
5.0,1,3515.033085
-6.95,88,3515.265932
30.9,151,3515.657233
11.6,9,3515.680783
7.75,6,3515.696149
-17.35,568,3522.229352
7.75,6,3522.243866
17.25,16,3522.283732
24.35,174,3522.718329
33.8,109,3522.9877
27.1,159,3523.384579
35.2,93,3523.612172
13.55,10,3523.636482
15.05,16,3523.676743
30.5,127,3523.993337
26.0,185,3524.457877
28.25,148,3529.777702
-3.45,26,3529.843322
-8.95,116,3530.129162
7.95,2,3530.134334
29.25,140,3530.486176
24.35,182,3530.941139
35.1,83,3531.152433
34.2,117,3531.447567
34.3,103,3531.695891
32.8,129,3532.015888
33.05,120,3537.038458
25.1,55,3537.162176
15.05,20,3537.207115
30.0,125,3537.491286
30.4,149,3537.836138
16.65,24,3537.893227
28.0,145,3538.241474
28.75,142,3538.578006
22.7,199,3539.058388
33.7,107,3544.194311
35.6,85,3544.408438
28.55,142,3544.763275
20.55,222,3545.310615
30.8,133,3545.663062
24.75,174,3546.112879
-2.0,1,3546.115406
11.7,7,3546.13316
-9.5,103,3546.387505
29.85,152,3551.776186
15.75,234,3552.387603
14.95,22,3552.44441
34.5,103,3552.705091
34.6,101,3552.971571
20.75,26,3553.038767
21.1,51,3553.168797
9.75,6,3553.183873
34.7,83,3553.395144
-4.45,50,3553.522009
23.0,201,3554.010225
15.3,15,3554.045928
35.05,96,3554.253651
28.45,156,3559.187436
27.6,133,3559.500906
23.25,184,3559.928851
-4.95,52,3560.048895
35.45,88,3560.250212
18.75,18,3560.290595
28.4,73,3560.470009
21.3,47,3560.589886
34.65,92,3560.830627
31.4,113,3561.128769
27.85,160,3566.499792
29.65,144,3566.884422
33.6,93,3567.136617
34.95,98,3567.383529
30.6,137,3567.724394
26.7,191,3568.238615
32.6,109,3568.515952
8.0,1,3568.518357
32.55,122,3568.825407
30.0,157,3574.054211
34.25,108,3574.312392
28.55,146,3574.659446
27.95,150,3575.006024
5.95,2,3575.010502
33.95,98,3575.242692
35.0,97,3575.467443
19.35,34,3575.547778
-2.0,1,3575.550234
17.45,12,3575.579329
33.55,110,3575.855147
35.4,89,3576.082754
33.25,124,3581.380188
-2.0,1,3581.382514
33.35,102,3581.636174
32.4,137,3581.982264
32.65,128,3582.303055
18.5,203,3582.80682
32.35,106,3583.075643
-10.0,97,3583.319898
27.35,146,3583.690353
-4.4,49,3588.64341
28.15,162,3589.009887
31.1,115,3589.284384
-2.9,15,3589.318583
9.8,5,3589.330417
33.45,112,3589.588365
-4.3,47,3589.699046
17.35,14,3589.731685
25.6,177,3590.173244
34.9,99,3590.438715
33.6,97,3590.70396
-2.0,1,3590.706631
26.7,63,3590.87932
24.8,161,3596.191667
3.25,292,3596.907122
18.0,201,3597.419216
7.8,5,3597.43199
28.0,169,3597.860418
32.1,127,3598.178339
-4.65,42,3598.282612
20.8,209,3604.135457
29.65,144,3604.499901
29.45,120,3604.801316
33.85,116,3605.070992
5.0,1,3605.073448
33.25,112,3605.350323
30.35,142,3605.733217
30.5,127,3606.055364
31.45,136,3606.393323
-3.35,28,3606.461903
-6.3,79,3611.437336
17.0,21,3611.488232
30.1,131,3611.819656
32.05,128,3612.143816
35.1,83,3612.35424
-6.8,69,3612.529073
21.95,42,3612.630831
5.7,299,3613.380373
36.0,81,3613.585337
-6.55,84,3613.798475
35.4,93,3618.852291
33.75,106,3619.102464
33.9,91,3619.319841
-5.65,74,3619.494769
15.0,21,3619.542151
-44.4,621,3621.091289
15.15,258,3626.515667
26.15,34,3626.602719
33.35,118,3626.899738
-8.2,89,3627.117678
27.5,155,3627.505352
34.8,97,3627.755038
13.5,11,3627.782047
30.85,140,3628.135714
32.3,111,3628.440731
28.35,66,3633.888309
20.25,188,3634.367519
33.55,110,3634.64777
33.4,121,3634.969012
7.65,268,3635.681728
34.1,103,3635.948477
5.7,375,3641.858675
29.7,159,3642.275958
34.7,103,3642.548425
18.05,24,3642.611597
28.25,148,3643.015811
31.85,140,3643.405543
23.85,44,3643.531223
21.25,16,3643.576513
36.1,75,3643.786731
-8.15,80,3643.999222
25.25,164,3649.466939
34.9,99,3649.725025
33.85,112,3650.020341
22.6,29,3650.095298
20.95,66,3650.259763
32.35,110,3650.552615
34.6,101,3650.813478
19.3,35,3650.903181
24.1,175,3651.353397
9.85,4,3651.363398
27.95,166,3651.793205
26.35,154,3657.479994
28.85,144,3657.84652
8.35,318,3658.681785
32.4,121,3658.98051
26.85,156,3659.380571
22.1,187,3664.839453
33.8,101,3665.118047
19.0,21,3665.175408
5.0,1,3665.178014
35.15,94,3665.42904
31.0,141,3665.817799
15.3,259,3666.540158
18.8,213,3667.139789
33.9,107,3667.429292
31.95,126,3672.97758
-11.85,398,3673.97199
17.05,20,3674.023949
19.05,20,3674.075695
20.1,87,3674.300623
24.6,69,3674.480253
33.8,105,3674.754288
19.65,232,3675.377277
31.3,131,3680.768101
29.2,137,3681.122928
20.45,216,3681.681678
-5.9,51,3681.812942
33.6,101,3682.075754
22.45,32,3682.159603
15.9,235,3682.755208
27.35,178,3688.270541
34.35,98,3688.521889
33.1,123,3688.836156
35.2,93,3689.06157
32.55,118,3689.348877
-15.55,152,3689.706305
27.95,86,3689.91333
34.75,102,3690.17743
35.4,69,3690.344124
16.8,25,3690.407938
28.35,142,3690.762659
32.85,88,3695.55511
21.6,197,3696.065247
20.75,226,3696.632473
21.65,192,3697.124783
34.0,117,3697.431242
9.8,5,3697.444805
-4.15,44,3697.563864
33.65,112,3697.863212
6.0,1,3697.865928
-2.75,16,3697.909256
33.2,121,3703.014252
-11.65,310,3703.757745
33.85,116,3704.041759
5.9,3,3704.049472
29.0,161,3704.454863
33.45,116,3704.754017
33.55,102,3705.017337
18.7,27,3705.087081
20.45,24,3705.150134
15.3,15,3705.188373
32.25,116,3710.397232
6.0,1,3710.399576
5.95,254,3710.994851
31.1,127,3711.290528
-3.95,40,3711.384911
-3.2,17,3711.42585
27.9,147,3711.798315
-2.0,1,3711.800799
34.8,101,3712.053817
33.05,116,3712.348306
9.85,4,3712.358217
31.85,116,3712.645988
21.5,11,3712.673782
34.4,101,3717.834433
29.4,121,3718.134589
19.5,239,3718.725751
35.85,80,3718.93085
34.5,95,3719.169661
32.2,145,3719.529224
32.0,137,3719.8687
33.85,108,3720.129212
28.45,148,3725.325071
33.6,109,3725.599981
31.05,136,3725.939856
33.25,108,3726.211328
5.9,311,3727.004551
1.3,247,3732.692276
29.05,88,3732.904442
19.15,226,3733.450976
-6.35,88,3733.663516
30.45,124,3733.965003
23.35,170,3734.392091
-2.05,2,3734.39714
35.2,85,3734.609336
13.1,15,3734.647572
35.0,101,3734.895343
34.5,99,3735.136216
22.8,25,3739.919097
17.0,21,3739.968849
13.6,9,3739.989888
26.25,148,3740.355141
29.1,147,3740.73815
27.3,159,3741.167358
35.7,79,3741.369312
32.4,117,3741.667297
15.1,15,3741.705005
29.4,129,3742.013709
36.25,72,3742.18867
32.4,137,3747.502762
28.25,144,3747.857247
26.65,180,3748.297529
31.05,108,3748.586825
33.8,93,3748.836237
30.55,126,3749.171739
13.65,8,3749.192682
7.85,4,3749.203102
33.7,107,3749.483196
34.75,94,3749.728354
32.7,115,3750.027484
-5.2,65,3755.040363
31.65,120,3755.326006
-10.25,102,3755.571372
-2.0,1,3755.573656
-2.75,300,3756.347221
5.0,1,3756.350986
33.95,118,3756.733299
22.8,201,3757.306373
20.9,23,3757.366141
24.75,166,3763.134883
31.3,147,3763.537211
34.4,93,3763.785821
33.3,123,3764.103563
19.75,34,3764.194598
34.55,106,3764.485513
26.15,78,3764.683948
35.1,91,3764.923062
32.95,114,3765.270195
13.55,10,3765.294891
25.55,130,3765.615806
7.85,4,3765.625653
-7.55,88,3770.823774
-4.1,23,3770.876906
17.0,21,3770.925424
11.85,4,3770.935076
32.2,117,3771.225298
26.75,178,3771.691751
-2.35,8,3771.712533
24.25,176,3772.166628
24.95,162,3772.564379
32.75,118,3772.838359
12.05,304,3778.607766
-3.2,333,3779.467939
34.75,106,3779.740765
-16.4,149,3780.118048
23.15,194,3780.620942
34.6,101,3780.883031
32.35,118,3786.218048
34.1,111,3786.508328
28.6,153,3786.90299
33.95,102,3787.156343
31.25,136,3787.529226
9.9,3,3787.53704
32.85,104,3787.806731
26.9,23,3787.86363
33.7,103,3788.119837
18.85,24,3788.17927
34.85,100,3788.43076
11.1,23,3788.490604
22.4,201,3793.959478
15.4,13,3793.993466
-6.0,77,3794.195627
28.05,180,3794.658484
28.2,153,3795.050094
24.75,182,3795.523698
32.05,132,3795.863749
17.3,15,3795.902684
31.95,130,3801.280224
29.35,142,3801.648192
27.4,137,3801.983114
21.4,177,3802.390217
24.25,148,3802.748036
13.5,11,3802.776732
36.2,77,3802.978413
33.65,124,3803.304313
34.15,106,3803.593597
-2.85,18,3803.640994
35.2,97,3808.936036
34.35,110,3809.220132
30.95,138,3809.56979
31.8,133,3809.910279
32.75,106,3810.183666
23.4,181,3810.641356
34.4,113,3810.935272
34.9,83,3811.145469
32.1,111,3811.408323
32.1,123,3816.707176
26.1,39,3816.807168
33.0,101,3817.066441
31.4,117,3817.376201
26.15,170,3817.809753
33.95,110,3818.09744
-5.15,52,3818.232953
31.05,128,3818.559491
35.15,90,3818.785119
16.5,27,3818.855346
36.9,63,3819.012879
35.35,86,3824.382733
30.9,127,3824.71725
28.65,136,3825.0649
33.15,114,3825.362452
32.0,105,3825.625603
34.25,100,3825.89219
34.6,105,3826.166708
9.9,3,3826.174527
33.05,108,3826.446998
22.55,174,3832.041899
25.95,38,3832.137018
-13.05,442,3833.157786
30.25,148,3833.464224
-9.95,120,3833.711873
29.8,137,3834.017626
24.35,182,3839.198191
22.25,32,3839.270314
13.35,14,3839.303679
31.2,125,3839.603606
12.7,223,3840.137488
-4.5,395,3841.105951
34.9,87,3841.323638
5.0,1,3841.326167
5.0,1,3841.32872
23.4,209,3846.931953
7.4,257,3847.595667
34.1,107,3847.868897
25.75,174,3848.311208
-3.65,34,3848.399102
33.1,111,3848.679714
-4.35,48,3848.798999
15.85,212,3854.234911
32.75,126,3854.522372
21.85,44,3854.628231
-5.75,72,3854.798058
35.2,97,3855.029529
13.55,10,3855.053326
22.6,29,3855.121704
29.6,149,3855.472533
31.8,133,3855.808281
32.7,119,3856.101495
23.15,174,3856.536562
33.9,103,3861.64275
7.95,2,3861.647443
17.25,16,3861.685038
13.2,17,3861.725415
31.15,134,3862.059163
19.55,34,3862.144501
28.95,158,3862.531424
31.3,135,3862.854732
34.9,87,3863.071192
34.5,99,3863.323087
29.7,143,3863.685452
33.0,125,3864.00001
34.7,107,3869.202981
-7.1,87,3869.420805
32.9,111,3869.699028
29.55,146,3870.062887
31.8,133,3870.375937
-5.35,60,3870.517086
31.65,128,3870.813653
-18.65,362,3876.456568
18.95,222,3877.004995
8.0,273,3877.662609
30.5,131,3877.978336
11.6,9,3878.001031
-7.25,430,3883.889889
11.75,6,3883.903433
34.05,108,3884.15837
30.85,128,3884.460179
33.9,107,3884.702137
34.8,97,3884.937467
11.55,10,3884.970599
4.4,277,3885.743889
17.75,202,3891.304705
22.7,27,3891.369066
27.8,197,3891.831588
22.15,202,3892.307955
30.05,136,3892.625261
19.8,197,3893.09178
28.8,125,3893.403074
31.05,124,3898.501776
30.4,121,3898.784805
34.9,91,3899.011979
11.4,13,3899.043134
24.2,137,3899.377244
33.45,108,3899.644411
32.85,136,3899.98345
13.4,13,3900.015361
7.85,4,3900.025153
34.7,99,3900.27057
-3.15,24,3900.331468
26.55,170,3900.763015
30.5,135,3906.147009
7.85,4,3906.15719
35.8,85,3906.369504
5.95,2,3906.374561
-57.75,488,3907.601877
34.2,93,3907.836686
33.75,106,3908.101911
-10.5,111,3908.373614
35.6,81,3913.360518
30.3,135,3913.702232
-2.0,1,3913.704715
26.0,41,3913.80877
27.7,151,3914.18369
24.9,159,3914.584157
22.0,41,3914.739967
-30.85,534,3920.798018
14.05,216,3921.319395
35.45,92,3921.543459
28.3,63,3921.693782
31.15,122,3921.98821
-6.2,85,3922.198759
30.7,127,3922.510513
27.7,47,3922.628576
5.9,3,3922.636204
35.1,71,3922.810058
27.45,144,3928.060881
-3.8,37,3928.146712
-4.9,59,3928.280807
9.7,7,3928.297041
31.05,136,3928.622393
-6.2,81,3928.812223
31.05,136,3929.153722
15.15,18,3929.198639
35.5,87,3929.414372
6.0,1,3929.416936
11.6,9,3929.439899
11.75,6,3929.455111
35.45,76,3929.642848
13.45,12,3929.672843
35.0,89,3929.895892
30.6,141,3930.244492
30.4,141,3935.554176
-6.2,65,3935.714334
13.35,38,3935.810194
25.6,141,3936.159436
34.55,98,3936.407728
34.25,100,3936.656176
30.3,127,3936.972395
30.35,138,3937.29594
35.05,76,3937.474567
-11.9,131,3937.785943
31.25,144,3943.063327
20.35,194,3943.540512
31.05,136,3943.885132
33.7,115,3944.191955
20.9,23,3944.254423
31.8,125,3944.577914
7.95,2,3944.583403
19.35,54,3944.720564
13.35,14,3944.755457
25.45,76,3944.947834
31.85,128,3945.341158
-2.0,1,3945.343959
-9.75,116,3950.298305
32.55,118,3950.597337
-4.6,41,3950.698735
17.2,17,3950.73987
19.05,20,3950.790504
30.9,147,3951.216535
7.95,2,3951.221631
27.3,167,3951.6425
35.55,78,3951.831353
35.9,79,3952.02887
-3.3,27,3952.098022
32.4,121,3952.407198
32.1,131,3952.741637
34.25,108,3957.987719
13.7,7,3958.004236
5.95,2,3958.00896
-2.25,6,3958.023978
24.5,179,3958.473718
34.3,95,3958.705666
35.65,76,3958.898523
29.6,137,3959.247747
32.75,118,3959.552341
17.0,21,3959.602887
27.8,165,3960.012346
23.95,162,3960.420135
33.75,102,3965.741805
26.45,164,3966.16062
34.9,99,3966.405877
36.05,80,3966.623105
24.15,150,3967.028779
20.5,31,3967.109172
34.45,100,3967.372742
30.5,127,3967.701749
25.5,195,3973.150709
32.7,119,3973.431828
13.65,8,3973.450138
20.0,153,3973.812053
15.4,13,3973.843061
34.2,105,3974.096793
34.9,103,3974.337445
31.65,116,3974.604666
35.4,89,3974.825453
34.95,98,3975.072007
24.95,154,3975.443243
31.5,115,3980.554353
-2.0,1,3980.556763
34.85,88,3980.768201
33.5,87,3980.975735
33.4,121,3981.261062
-3.6,29,3981.326251
31.65,116,3981.611181
33.85,112,3981.888909
6.0,1,3981.891427
28.25,148,3982.25967
28.45,72,3982.436456
32.4,125,3982.746125
13.2,17,3982.789273
-71.6,701,3989.661112
31.15,114,3989.965419
33.65,108,3990.241823
29.85,152,3995.548327
33.0,117,3995.855816
30.1,147,3996.244746
27.95,82,3996.461096
19.05,20,3996.511255
13.4,13,3996.54365
27.45,184,3997.016274
18.4,33,3997.099608
29.75,130,3997.450597
30.25,144,3997.842625
32.2,129,3998.197506
23.55,186,4003.797149
32.1,131,4004.116113
33.75,110,4004.407601
11.8,5,4004.421008
29.75,114,4004.721894
32.6,129,4005.059369
21.1,223,4005.65395
33.75,110,4005.943728
30.85,124,4011.320513
32.05,124,4011.645867
32.55,118,4011.941644
32.95,114,4012.241274
31.45,124,4012.56402
34.4,109,4012.843909
24.85,168,4013.281383
-11.95,120,4013.599139
34.2,105,4018.887329
35.25,76,4019.087758
32.3,119,4019.40098
26.7,183,4019.90092
29.15,146,4020.279483
32.05,120,4020.597474
18.9,23,4020.658563
34.6,101,4020.922094
26.5,155,4021.336134
35.2,85,4026.362842
35.0,93,4026.610132
35.05,84,4026.828372
30.6,137,4027.169679
6.0,1,4027.172292
27.9,163,4027.579957
34.6,105,4027.84157
7.9,3,4027.84871
7.8,5,4027.860714
7.85,4,4027.870346
32.1,143,4028.211324
34.75,90,4028.428751
11.85,4,4028.43888
26.75,158,4033.561602
24.85,204,4034.046486
-2.4,9,4034.067989
7.85,4,4034.077674
35.8,81,4034.271895
17.9,207,4034.774719
33.6,105,4035.038915
32.3,135,4035.373184
20.55,30,4035.453334
34.9,103,4035.708206
29.0,125,4036.017796
31.75,134,4041.278939
35.45,88,4041.500139
11.9,3,4041.507813
5.0,1,4041.510408
25.05,184,4041.978841
25.8,173,4042.412343
-3.1,23,4042.470894
13.7,7,4042.488761
35.45,88,4042.713856
23.4,181,4043.171613
13.7,7,4043.188524
13.5,35,4043.275585
35.7,79,4043.4745
34.9,99,4048.661107
-6.0,77,4048.855365
34.45,96,4049.098861
33.2,113,4049.385345
33.5,119,4049.683802
27.75,170,4050.108189
11.4,13,4050.139816
33.3,111,4050.413186
4.15,302,4055.927898
31.5,119,4056.226042
23.25,28,4056.295273
33.55,118,4056.595492
18.05,228,4057.164108
32.6,125,4057.483948
27.3,179,4057.959904
30.45,140,4058.332002
27.15,170,4063.655826
35.15,94,4063.888908
18.8,229,4064.44721
31.7,119,4064.733561
32.75,126,4065.046774
-4.0,41,4065.152561
34.35,90,4065.393824
35.45,88,4065.620573
34.9,103,4065.872161
-2.05,2,4065.876853
35.1,95,4071.059729
28.9,155,4071.441829
24.1,39,4071.542906
29.4,141,4071.901571
31.75,122,4072.206805
-21.95,420,4073.271195
36.05,80,4078.27209
32.65,132,4078.606356
-32.35,500,4079.869861
31.05,132,4080.201591
25.9,43,4080.310296
28.5,151,4080.696762
33.05,112,4085.928214
18.6,29,4086.002268
34.15,110,4086.277768
27.45,164,4086.69044
18.95,22,4086.746326
32.45,116,4087.039611
22.5,179,4087.484168
6.6,313,4088.3171
33.4,117,4093.683789
9.75,6,4093.699399
24.7,27,4093.771069
32.3,119,4094.07542
33.55,106,4094.347336
11.5,11,4094.375022
9.75,6,4094.389727
32.85,104,4094.651357
-32.7,591,4100.943839
22.8,193,4101.430194
-6.45,66,4101.600107
33.8,105,4101.870073
9.65,8,4101.889994
28.25,160,4102.294312
22.35,50,4102.423935
36.6,65,4102.593681
35.25,92,4102.828963
34.55,86,4103.051119
19.45,36,4103.144201
29.25,136,4108.49173
32.9,107,4108.765534
31.7,135,4109.118104
33.65,116,4109.414763
-3.1,19,4109.462537
16.1,243,4110.079907
33.75,110,4110.353512
29.05,144,4110.721396
25.25,52,4110.852438
18.45,204,4116.333622
21.3,31,4116.411667
32.7,111,4116.686616
32.95,118,4116.979409
16.75,54,4117.115408
33.6,121,4117.429383
6.9,291,4118.181156
27.65,156,4118.584793
34.35,90,4123.788879
33.45,108,4124.047853
33.85,112,4124.334905
29.75,150,4124.715845
34.6,105,4124.982031
27.1,191,4125.579526
-15.5,155,4125.996218
36.45,72,4126.17499
11.85,4,4126.185471
24.9,43,4126.298254
15.4,13,4126.332067
11.5,11,4131.247002
9.7,7,4131.264398
27.8,169,4131.669561
36.2,77,4131.85697
32.15,126,4132.165295
16.9,23,4132.223127
34.8,101,4132.482413
33.25,112,4132.772948
34.15,110,4133.049755
32.0,137,4133.403454
27.9,43,4133.514391
16.55,30,4133.592103
-2.75,16,4133.633758
33.05,116,4138.885073
36.35,74,4139.080096
1.35,306,4139.881374
30.95,138,4140.244052
31.85,124,4140.57932
34.75,102,4140.853161
-67.7,743,4147.702892
29.25,140,4148.053349
-5.7,71,4148.233586
11.8,5,4148.2459
25.25,172,4148.721584
7.95,2,4148.727208
32.6,121,4149.037171
11.7,239,4154.660373
-3.1,23,4154.719529
32.4,121,4155.031497
-5.85,74,4155.223737
33.2,117,4155.518132
29.1,159,4155.950552
-5.0,53,4156.088957
33.9,111,4156.377339
6.0,1,4156.379901
20.65,28,4156.452733
30.9,123,4161.502004
9.75,6,4161.516954
31.05,132,4161.849604
34.45,104,4162.114688
23.3,183,4162.581087
31.45,128,4162.913436
21.5,83,4163.141146
11.7,239,4163.762252
31.65,136,4169.084197
35.1,99,4169.328387
32.2,121,4169.635087
33.5,115,4169.931227
33.8,105,4170.193013
-5.9,71,4170.3814
29.3,139,4170.743673
26.5,163,4171.166664
35.0,85,4171.383364
18.7,27,4171.451943
34.4,93,4171.692086
34.25,100,4176.946695
25.6,181,4177.41195
33.6,105,4177.674741
-10.95,108,4177.954366
32.3,119,4178.263748
31.75,126,4178.58613
-34.95,444,4184.611585
32.85,96,4184.848493
15.4,13,4184.879488
29.35,150,4185.25291
33.3,119,4185.631383
15.65,8,4185.656415
31.65,108,4185.957596
-2.0,1,4185.960272
31.85,120,4186.267675
18.5,255,4191.635202
3.8,365,4192.551674
34.4,89,4192.780447
18.8,25,4192.844279
-7.3,55,4192.987343
30.6,137,4193.357036
-5.2,61,4193.51805
14.45,248,4194.201165
23.8,161,4199.70433
28.05,148,4200.089904
28.35,154,4200.482896
25.1,139,4200.841812
32.1,139,4201.200501
15.8,25,4201.263707
5.9,3,4201.271236
19.05,20,4201.322744
25.3,159,4201.740325
28.35,130,4207.17976
-9.35,84,4207.383826
23.65,80,4207.577834
-7.65,82,4207.794213
6.0,1,4207.796876
32.45,128,4208.118854
34.2,109,4208.407735
33.7,119,4208.723901
30.6,133,4209.075366
35.3,87,4209.298791
33.6,113,4209.582349
36.05,76,4214.861864
35.4,77,4215.061222
23.0,177,4215.513984
15.3,15,4215.554839
34.35,98,4215.809
-7.95,84,4216.026465
13.3,15,4216.065675
-2.65,14,4216.102363
-4.1,327,4216.924841
33.0,129,4217.248588
-4.9,59,4217.404472
34.7,95,4222.705784
13.75,6,4222.721027
28.95,142,4223.101551
19.75,170,4223.552195
31.75,110,4223.826161
18.1,235,4224.441108
21.15,18,4224.488732
26.2,37,4224.586506
28.9,147,4224.973819
33.95,106,4230.268686
34.1,119,4230.55151
32.25,92,4230.771508
26.15,170,4231.202411
25.7,183,4231.668129
26.8,165,4232.097855
27.85,144,4232.478366
32.5,99,4232.734255
27.0,77,4238.037047
29.0,141,4238.407616
29.25,132,4238.741972
-6.0,337,4239.677468
35.25,88,4239.90862
5.0,1,4239.911218
11.9,3,4239.918759
-18.5,487,4246.122248
23.75,46,4246.24105
22.35,146,4246.613277
31.6,133,4246.961493
31.35,122,4247.280859
-2.0,1,4247.283472
27.7,147,4247.669669
28.45,92,4247.912802
34.05,112,4248.210855
34.0,117,4253.5782
32.8,121,4253.917196
32.85,124,4254.230741
9.85,4,4254.241493
25.7,43,4254.355814
34.75,102,4254.625715
7.95,2,4254.630825
34.65,92,4254.870717
26.5,179,4255.33792
21.2,213,4255.904089
30.95,142,4261.372579
31.85,120,4261.683463
27.45,132,4262.031353
34.3,87,4262.261071
-2.0,1,4262.26372
30.1,147,4262.646568
26.4,137,4262.986146
32.5,103,4263.256451
28.65,136,4263.604218
5.0,1,4263.606862
-6.95,88,4268.923166
31.65,120,4269.211395
35.1,95,4269.439096
32.7,119,4269.731459
27.3,55,4269.87466
32.9,111,4270.166206
30.35,146,4270.553528
32.5,111,4270.848368
-2.95,20,4270.901257
34.6,89,4271.149127
30.25,124,4271.478763
25.15,174,4277.053694
34.5,95,4277.306915
30.2,109,4277.601789
6.55,286,4278.348642
14.3,211,4278.908427
13.2,317,4284.805359
30.3,135,4285.141847
18.8,25,4285.208348
34.65,88,4285.42983
32.3,111,4285.714188
30.75,138,4286.065407
32.0,113,4286.354712
1.4,289,4292.215945
29.85,156,4292.588208
32.35,106,4292.841508
25.75,46,4292.952957
35.95,78,4293.153756
36.0,81,4293.361967
35.05,100,4293.61754
33.9,103,4293.883771
33.25,132,4294.220641
37.3,55,4294.362467
35.45,72,4294.555594
31.8,133,4299.841589
32.3,127,4300.156855
24.5,171,4300.600691
36.45,68,4300.774879
33.85,104,4301.051788
13.55,10,4301.077558
17.3,15,4301.115193
24.35,170,4301.556851
24.1,163,4301.980163
11.75,6,4301.995872
36.0,73,4302.182493
31.0,145,4307.558
30.65,132,4307.882325
31.75,86,4308.088173
33.7,103,4308.344907
9.75,6,4308.36088
33.85,104,4308.634753
15.35,14,4308.671304
34.55,110,4308.952022
29.25,156,4309.348386
31.05,140,4309.701632
-6.95,96,4314.783113
20.95,210,4315.30697
31.15,130,4315.64761
20.4,33,4315.737455
32.2,113,4316.019572
25.95,166,4316.441092
-9.05,122,4316.750135
11.65,8,4316.770472
19.05,20,4316.821337
21.8,185,4317.292104
33.35,130,4322.578024
34.95,94,4322.808128
27.6,153,4323.202628
32.25,108,4323.481457
34.65,108,4323.758041
30.95,126,4324.076816
5.95,2,4324.081455
34.4,93,4324.307592
35.45,92,4324.539313
9.3,275,4330.223002
27.05,140,4330.588875
7.9,3,4330.596666
28.2,157,4331.006211
-6.1,63,4331.160913
31.05,140,4331.52217
-4.3,47,4331.644021
23.15,18,4331.690739
19.35,210,4332.213321
32.7,103,4332.469262
24.7,167,4337.95616
-2.95,20,4338.009512
32.4,109,4338.295425
34.95,90,4338.530097
27.85,160,4338.947505
31.85,132,4339.284587
8.55,294,4340.034765
28.35,78,4345.341183
32.35,138,4345.69926
17.05,20,4345.747572
17.45,12,4345.776583
30.1,127,4346.091547
34.75,94,4346.335651
-12.05,130,4346.656429
11.55,306,4347.439627
24.45,168,4347.86689
24.0,197,4353.321814
32.3,119,4353.615587
27.15,122,4353.919577
32.15,118,4354.215638
35.4,85,4354.43338
33.3,115,4354.733855
34.15,110,4355.024615
13.5,11,4355.053126
35.2,93,4355.29044
-3.0,21,4355.342697
32.7,115,4360.701343
34.4,97,4360.955581
12.7,243,4361.583575
10.0,1,4361.585974
28.95,154,4361.965267
21.1,195,4362.467031
32.15,118,4362.763925
34.75,102,4363.019852
15.65,8,4363.039784
32.2,77,4368.190922
-5.6,73,4368.386074
24.85,184,4368.863799
15.35,14,4368.903657
34.45,100,4369.170948
34.35,94,4369.409986
32.3,119,4369.707488
7.85,4,4369.71833
31.0,125,4370.043133
11.75,6,4370.057485
28.95,150,4370.433795
33.9,111,4375.533771
32.8,113,4375.804247
31.3,123,4376.121019
15.5,251,4376.753294
34.25,104,4377.019284
20.7,27,4377.086095
24.45,176,4377.540197
30.95,142,4377.922564
34.9,95,4383.012143
27.7,147,4383.390884
32.35,138,4383.73805
31.9,79,4383.938557
-5.3,63,4384.101966
-5.85,74,4384.29481
26.25,164,4384.708611
31.0,125,4385.02411
19.8,221,4385.568524
32.5,139,4390.786805
30.5,119,4391.092455
31.6,113,4391.374985
27.25,152,4391.757661
-3.2,25,4391.822704
34.3,103,4392.088326
34.65,108,4392.36842
35.5,91,4392.60452
35.95,78,4392.816437
6.9,239,4398.155257
16.75,26,4398.219434
-2.0,1,4398.221936
27.1,175,4398.647555
32.45,116,4398.926154
29.45,144,4399.284508
34.5,103,4399.542262
21.15,194,4400.036656
34.75,94,4400.273443
12.2,265,4405.798743
24.05,36,4405.89008
36.05,72,4406.071417
25.2,57,4406.221793
15.5,251,4406.856668
34.8,89,4407.073975
25.65,84,4407.289328
11.65,8,4407.311762
29.7,131,4407.644841
20.75,214,4413.13948
-8.65,90,4413.356455
36.4,69,4413.531846
31.55,110,4413.813695
-8.15,92,4414.045778
35.55,86,4414.263694
36.25,76,4414.463542
35.1,95,4414.708986
25.45,52,4414.835738
21.25,116,4415.124229
34.75,106,4420.433896
31.95,130,4420.75513
33.1,99,4420.996979
9.65,8,4421.016411
-5.4,69,4421.191921
33.8,117,4421.483083
32.15,122,4421.780163
15.0,21,4421.830791
31.55,146,4422.189873
32.15,114,4422.47492
17.4,13,4422.507383
32.4,101,4422.759732
22.7,175,4428.309084
26.15,178,4428.7642
23.75,174,4429.213058
-14.4,121,4429.524173
33.6,109,4429.803736
25.7,47,4429.924284
30.7,123,4430.246492
-7.3,95,4430.497673
32.7,115,4435.72192
33.9,95,4435.963271
25.1,191,4436.435591
35.3,87,4436.656726
-7.65,86,4436.871893
32.85,124,4437.19397
30.0,149,4437.58021
18.35,218,4438.143136
30.35,126,4443.448576
34.9,99,4443.717212
9.8,5,4443.730401
30.65,148,4444.111025
23.7,95,4444.355847
29.15,142,4444.744343
25.25,144,4445.131887
7.95,2,4445.137661
29.25,140,4445.519332
35.3,91,4445.771111
30.4,137,4451.00804
31.0,117,4451.305288
28.15,134,4451.651745
31.45,112,4451.931984
30.3,95,4452.17076
20.45,200,4452.690678
22.6,109,4452.96494
33.4,113,4453.248899
31.2,121,4458.510107
24.5,163,4458.923262
5.95,2,4458.928539
29.95,142,4459.259876
33.85,108,4459.540548
23.4,49,4459.666889
7.95,326,4460.463581
33.05,120,4460.752247
31.75,126,4466.169075
30.85,136,4466.522204
18.95,22,4466.576516
30.35,134,4466.88872
35.15,94,4467.114748
9.75,6,4467.12911
30.6,137,4467.458599
34.75,98,4467.699298
25.3,191,4468.191655
18.6,29,4468.265767
36.85,64,4468.430317
25.9,43,4473.628237
36.25,76,4473.818488
32.0,145,4474.186561
29.4,149,4474.580741
34.1,111,4474.864955
24.35,154,4475.263346
26.4,33,4475.351463
35.1,95,4475.590614
16.0,253,4476.197438
34.6,97,4481.262601
27.25,180,4481.683201
-5.0,53,4481.811497
28.45,168,4482.222739
16.0,225,4482.773013
32.2,121,4483.076504
35.15,90,4483.283235
5.95,2,4483.287966
-2.0,1,4483.290324
30.95,154,4488.491849
28.55,122,4488.798143
28.6,165,4489.201703
34.3,107,4489.470571
32.4,125,4489.774096
-5.2,389,4490.733121
33.95,114,4495.951077
32.0,129,4496.256953
31.45,128,4496.545938
5.95,2,4496.550745
23.5,195,4497.007151
-2.0,1,4497.009423
25.8,173,4497.415428
33.6,117,4497.70243
34.55,94,4497.938328
34.3,95,4498.182759
28.75,138,4503.520674
28.9,155,4503.885802
34.95,98,4504.155799
-2.65,14,4504.200539
32.4,113,4504.503538
30.25,148,4504.867573
-28.05,414,4510.608661
33.65,108,4510.888833
29.15,146,4511.259714
9.55,290,4511.990094
31.45,116,4512.286918
33.15,114,4512.586415
-7.45,62,4512.741847
28.8,145,4513.106317
28.2,141,4518.140103
19.25,204,4518.636707
32.6,109,4518.909653
20.3,199,4519.395079
25.1,19,4519.443819
33.3,103,4519.695231
32.35,126,4520.005662
34.6,93,4520.229817
27.4,165,4525.556524
28.35,162,4525.96033
-4.55,44,4526.069866
-5.0,61,4526.221746
28.95,154,4526.606806
6.0,1,4526.609217
20.6,89,4526.82977
10.35,246,4527.404775
32.8,133,4527.716197
34.95,94,4532.77125
15.6,9,4532.794148
35.95,78,4532.989767
-29.05,426,4534.044933
15.25,16,4534.084987
33.65,104,4534.339051
32.65,108,4534.595838
-6.25,82,4534.798708
30.4,73,4534.982472
7.9,3,4534.989918
31.8,141,4540.225458
31.8,121,4540.528932
33.5,115,4540.813872
-2.75,16,4540.853559
34.75,98,4541.092351
28.95,142,4541.447082
-5.45,62,4541.600871
35.95,82,4541.803884
36.05,80,4542.002205
30.35,126,4542.313205
23.5,211,4547.715589
20.3,35,4547.799029
-3.9,39,4547.894833
34.1,103,4548.139485
32.2,125,4548.438456
28.1,139,4548.777201
32.75,98,4549.019522
32.8,125,4549.315216
15.65,8,4549.334336
35.1,91,4549.553666
17.0,13,4549.586262
11.9,3,4549.593819
28.35,158,4554.847864
30.5,123,4555.153202
-9.25,90,4555.384882
15.7,71,4555.574328
35.45,88,4555.789147
34.85,100,4556.039449
21.2,45,4556.154172
33.95,82,4556.359991
19.1,19,4556.407689
29.7,151,4556.793032
13.25,220,4557.334846
31.45,136,4562.389501
34.95,90,4562.598277
34.25,96,4562.840547
32.45,112,4563.12448
34.65,108,4563.405852
33.85,108,4563.696958
26.15,170,4564.181041
35.6,77,4564.392641
35.0,97,4564.67197
-2.55,8,4564.696169
-2.0,1,4569.88961
35.25,96,4570.118684
36.7,63,4570.266836
33.2,109,4570.519273
35.05,92,4570.750528
-16.6,137,4571.151658
-31.85,618,4577.543272
32.75,106,4577.806814
33.4,117,4578.096499
34.15,90,4578.314102
2.0,321,4579.093951
31.8,121,4579.397686
29.45,52,4579.525706
13.45,12,4579.55401
19.0,221,4584.751149
-5.1,63,4584.899941
28.3,139,4585.228559
20.55,214,4585.796392
16.15,226,4586.344968
34.8,93,4586.579047
5.95,2,4586.584156
33.25,120,4586.900661
28.7,127,4592.028893
31.1,143,4592.370801
31.95,122,4592.656073
26.35,34,4592.736791
11.8,5,4592.748766
26.85,136,4593.080777
32.6,137,4593.421431
33.4,109,4593.68411
30.1,123,4593.981947
36.3,71,4594.153139
33.45,104,4599.264539
36.85,64,4599.4554
30.55,134,4599.852028
30.0,161,4600.323703
27.9,163,4600.795768
33.2,109,4601.113368
32.75,130,4601.479963
36.0,77,4601.692569
22.05,60,4601.851526
18.55,210,4607.646329
34.85,104,4607.915672
35.2,97,4608.17016
3.35,306,4608.957775
30.85,144,4609.282135
5.95,2,4609.286466
30.7,135,4609.601897
-12.25,114,4614.741884
-67.15,516,4616.055906
34.65,92,4616.296938
24.5,67,4616.471565
5.0,1,4616.474043
25.55,170,4616.911698
23.15,54,4617.052558
26.6,157,4622.474133
-2.0,1,4622.476615
26.5,151,4622.868515
22.8,169,4623.296486
17.2,17,4623.338677
23.1,179,4623.759998
9.7,7,4623.776913
25.45,180,4624.225234
30.7,135,4624.564613
-3.3,27,4624.630856
31.0,137,4629.938482
33.4,121,4630.234974
33.5,95,4630.47017
31.35,130,4630.797783
33.75,106,4631.077133
28.65,144,4631.444087
28.8,141,4631.797594
32.05,108,4632.061899
24.3,203,4637.598129
5.95,2,4637.60334
32.8,109,4637.884946
-10.35,100,4638.142861
34.55,106,4638.415604
23.35,50,4638.544402
-7.4,77,4638.743288
32.9,127,4639.058302
33.65,116,4639.35736
33.15,86,4639.569842
33.6,109,4639.845134
33.45,124,4645.045398
35.25,96,4645.275073
33.75,110,4645.538561
34.55,94,4645.763785
27.4,129,4646.067147
-8.1,103,4646.309203
25.9,43,4646.414292
31.45,148,4646.782021
-2.0,1,4646.784445
19.05,20,4646.835723
29.5,127,4647.164591
36.45,72,4647.351997
9.85,4,4647.362297
21.55,178,4652.909123
22.15,38,4653.008597
32.4,133,4653.346612
32.75,122,4653.661611
25.15,174,4654.111198
-2.0,1,4654.113717
29.35,134,4654.447921
34.05,104,4654.709662
31.9,127,4655.023398
33.7,103,4660.252101
31.7,135,4660.578542
23.55,190,4661.031649
-4.7,31,4661.10856
25.25,184,4661.581874
25.8,145,4661.936417
34.0,105,4662.200005
30.25,140,4662.546338
32.75,130,4667.995587
13.65,8,4668.015007
36.4,65,4668.168679
13.8,5,4668.180843
21.45,216,4668.725488
33.1,111,4668.995248
32.5,127,4669.301021
35.95,82,4669.506852
29.3,127,4669.828635
22.55,30,4669.905648
35.2,93,4670.141816
29.95,142,4675.379258
20.3,31,4675.460687
27.85,180,4675.920216
20.8,165,4676.347712
30.7,151,4676.737511
31.35,118,4677.035466
34.0,97,4677.275456
32.4,125,4677.614106
21.85,180,4683.177
-2.7,15,4683.215939
23.7,203,4683.763868
30.2,125,4684.085311
6.0,1,4684.087847
29.15,150,4684.475196
34.75,90,4684.709303
35.15,94,4684.949166
22.75,26,4685.016594
34.0,113,4685.303486
31.65,120,4690.617155
33.75,102,4690.872277
32.6,121,4691.178859
19.9,239,4691.776131
-100.95,800,4698.585589
24.9,191,4699.0711
30.9,123,4699.383026
29.7,123,4699.698264
35.45,88,4699.931585
23.4,53,4700.063976
31.55,134,4700.404528
33.35,114,4706.268542
34.6,77,4706.400067
27.4,161,4706.690864
-2.0,1,4706.692703
-3.55,32,4706.753548
16.7,27,4706.804433
34.4,93,4706.987353
23.7,39,4707.069524
17.3,15,4707.099981
35.1,95,4707.296861
34.2,117,4707.536482
18.4,249,4708.073559
31.65,144,4713.109124
32.3,115,4713.426364
32.0,113,4713.728979
34.5,107,4714.015296
15.45,12,4714.04806
15.6,9,4714.072255
26.75,158,4714.491407
-5.75,52,4714.63229
34.1,103,4714.905088
21.25,16,4714.950979
26.85,168,4715.405594
31.3,119,4720.72542
18.8,165,4721.142799
33.85,96,4721.373554
-19.35,140,4721.715469
32.2,117,4721.996931
5.95,2,4722.002136
35.75,78,4722.203634
26.55,30,4722.280092
-12.4,289,4723.014556
33.55,114,4728.411915
30.05,148,4728.74189
33.55,126,4729.018264
24.3,175,4729.412984
30.55,122,4729.69904
27.35,138,4730.030536
33.75,110,4730.29286
26.05,160,4735.451545
29.55,82,4735.659082
34.75,90,4735.879419
23.4,173,4736.305901
31.65,140,4736.654895
21.2,193,4737.169687
26.5,31,4737.255306
28.9,131,4737.610545
32.85,120,4737.916534
19.6,9,4737.938646
-6.3,59,4742.924955
30.7,147,4743.276416
31.2,141,4743.622073
25.25,56,4743.760218
35.75,74,4743.946989
-5.8,77,4744.145772
33.4,93,4744.384346
33.85,120,4744.693792
27.9,167,4745.118091
34.05,80,4745.322111
33.8,85,4750.43045
11.55,10,4750.455617
18.55,30,4750.527409
30.55,130,4750.850033
9.7,7,4750.866979
35.55,82,4751.074498
31.0,133,4751.423991
35.4,73,4751.625517
35.0,93,4751.878944
12.6,245,4752.509293
29.7,131,4752.853935
24.0,37,4752.952183
25.8,41,4758.033542
33.05,120,4758.341527
28.0,137,4758.700136
34.55,102,4758.967768
34.85,100,4759.215882
27.65,136,4759.560943
27.45,188,4760.049706
17.15,18,4760.094936
30.55,134,4760.445589
34.7,103,4765.960382
32.45,120,4766.261759
29.9,135,4766.605122
30.9,107,4766.877056
18.25,224,4767.453132
-2.0,1,4767.455382
30.35,122,4767.732441
23.85,220,4768.274667
24.9,195,4773.828815
-4.45,50,4773.95836
30.9,119,4774.26003
34.55,102,4774.520717
33.75,102,4774.783867
34.3,91,4775.012009
23.65,44,4775.120058
13.8,233,4775.715487
34.45,96,4775.962292
6.0,1,4775.964899
11.7,7,4775.983032
14.5,239,4781.546575
23.95,42,4781.647544
31.45,116,4781.931705
9.8,5,4781.943546
6.0,1,4781.945959
31.45,124,4782.245252
31.3,127,4782.550903
11.55,10,4782.573782
34.95,94,4782.790998
35.15,90,4783.007545
5.95,2,4783.012379
15.1,19,4783.058171
29.6,141,4783.404773
-1.35,356,4789.308139
-8.0,89,4789.536071
31.35,126,4789.893866
28.4,141,4790.297693
28.35,74,4790.497326
30.6,145,4790.876109
35.6,85,4791.090215
30.4,137,4796.379855
34.85,96,4796.619142
33.4,101,4796.872605
-6.45,86,4797.088355
33.65,112,4797.383674
5.0,1,4797.386244
-4.6,53,4797.523773
5.95,2,4797.529304
28.7,123,4797.838831
32.95,130,4798.177483
32.4,117,4798.491564
35.25,92,4798.724602
35.15,94,4803.957934
32.55,110,4804.220331
37.2,57,4804.373049
-7.05,74,4804.563199
29.05,152,4804.952766
35.0,97,4805.197116
21.4,213,4805.744157
31.25,124,4806.048939
33.5,107,4806.32301
35.1,91,4811.435933
36.35,74,4811.627562
16.1,43,4811.737663
-2.5,11,4811.767569
-3.1,19,4811.815935
31.95,118,4812.107157
34.7,95,4812.345033
33.05,124,4812.649452
33.15,106,4812.916332
-4.75,56,4813.049513
31.55,126,4813.370025
33.3,103,4813.637373
32.25,128,4818.832173
28.65,168,4819.251972
-2.0,1,4819.254455
35.8,81,4819.465252
35.7,87,4819.689079
28.15,134,4820.039023
5.9,3,4820.046762
35.0,89,4820.277426
34.05,92,4820.508218
-6.4,89,4820.714928
32.9,127,4821.005543
22.0,49,4821.117111
30.15,142,4826.406083
31.9,123,4826.721699
17.95,26,4826.788689
-4.4,33,4826.873729
33.45,112,4827.15893
28.75,122,4827.477213
-3.05,22,4827.534244
31.45,120,4827.844851
35.4,89,4828.074484
32.5,131,4828.411134
36.35,74,4828.601108
30.5,123,4833.448281
30.6,149,4833.798519
19.75,50,4833.912285
-4.9,55,4834.044478
33.9,103,4834.306178
32.85,116,4834.596076
24.75,190,4835.072642
27.15,146,4835.450228
34.15,102,4835.723372
-3.5,23,4835.785806
27.45,52,4835.94689
11.8,5,4835.962255
35.15,86,4840.761626
33.7,99,4841.008762
23.1,19,4841.057053
24.2,57,4841.200247
33.55,106,4841.463993
27.1,167,4841.883046
24.2,37,4841.982501
31.6,133,4842.337018
32.5,139,4842.708014
31.85,116,4843.011607
17.0,229,4848.457602
31.65,128,4848.75924
33.95,102,4849.006285
34.65,104,4849.259004
9.7,7,4849.275654
34.7,95,4849.496865
30.85,120,4849.791547
30.35,150,4850.190044
34.4,101,4850.472199
26.2,169,4855.873539
36.2,73,4856.040753
34.85,96,4856.263889
31.85,128,4856.565014
32.6,113,4856.845837
-45.25,510,4858.10141
9.8,5,4862.863833
29.4,137,4863.214803
31.95,114,4863.48499
28.3,147,4863.844287
29.25,152,4864.261666
30.6,121,4864.571877
33.6,73,4864.752752
33.7,119,4865.059711
8.0,1,4865.06235
29.45,128,4865.398117
27.2,137,4870.635205
35.95,74,4870.820044
30.9,107,4871.068039
32.75,130,4871.369371
5.95,2,4871.374069
30.05,152,4871.723695
-7.95,104,4871.981047
30.25,128,4872.340194
24.1,39,4872.445536
9.9,3,4872.454001
32.85,120,4872.776945
35.25,92,4877.778035
34.45,108,4878.033796
31.1,123,4878.31854
33.3,123,4878.607808
-5.6,61,4878.760581
31.55,130,4879.090811
16.45,212,4879.629131
26.8,149,4879.992804
32.5,127,4885.086914
11.65,8,4885.107267
27.45,132,4885.454276
26.75,166,4885.873579
13.6,9,4885.896566
32.7,115,4886.189135
-4.2,29,4886.26039
34.9,99,4886.532918
24.0,41,4886.652645
33.8,113,4886.97982
33.5,107,4887.269415
35.5,87,4887.500164
9.7,291,4892.924482
-4.6,53,4893.059239
32.15,142,4893.416245
31.25,124,4893.72212
32.3,127,4894.042329
20.75,26,4894.1081
31.8,117,4894.407523
26.9,59,4894.559062
13.55,10,4894.584083
26.65,156,4899.820951
30.55,114,4900.085554
25.75,186,4900.527795
32.9,115,4900.818401
23.1,47,4900.933467
24.15,178,4901.380721
7.95,2,4901.385781
-9.05,86,4901.600876
34.3,103,4901.859104
6.0,1,4901.861599
34.6,105,4902.123378
17.3,15,4902.160555
34.4,105,4907.323241
15.0,13,4907.352832
31.2,129,4907.65196
30.2,145,4908.002313
35.05,84,4908.213034
12.85,300,4908.976279
35.45,92,4909.198244
30.75,130,4909.511081
15.5,11,4909.537726
6.0,1,4909.540128
33.75,106,4914.528509
32.7,95,4914.766215
17.7,175,4915.198585
15.35,10,4915.223142
26.25,36,4915.313702
23.4,193,4915.79159
-6.85,58,4915.932546
36.9,63,4916.083224
24.1,39,4916.179404
14.55,246,4916.786741
35.05,96,4921.904093
14.75,22,4921.954408
15.2,33,4922.031101
35.0,97,4922.272483
13.55,10,4922.297478
24.0,189,4922.770821
17.55,10,4922.796415
22.7,159,4923.199337
36.7,59,4923.346192
31.3,131,4923.670917
36.9,55,4923.807921
34.1,107,4924.057849
32.15,114,4924.328121
33.15,110,4929.371248
20.3,203,4929.925786
35.15,98,4930.16595
28.15,154,4930.577851
28.65,156,4931.021263
30.65,112,4931.311146
-6.45,86,4931.52335
34.8,89,4931.74922
33.65,116,4936.89466
31.0,137,4937.254494
32.75,130,4937.594872
35.15,98,4937.839737
35.05,100,4938.084174
-3.2,25,4938.147712
34.5,99,4938.396797
32.45,124,4938.708869
32.7,111,4938.991575
33.55,102,4939.247957
31.85,124,4944.120476
27.45,184,4944.563116
9.9,3,4944.570585
34.0,101,4944.819011
-5.55,64,4944.980957
33.8,85,4945.19693
28.2,169,4945.618871
31.1,131,4945.949481
33.95,110,4946.228627
33.15,118,4951.497399
29.2,157,4951.876415
32.15,126,4952.180612
30.05,148,4952.532155
33.2,101,4952.773697
21.15,18,4952.818684
36.15,74,4953.001984
34.5,103,4953.260079
34.4,101,4953.509536
35.1,83,4953.715582
33.8,117,4958.813609
31.9,123,4959.095187
-5.95,52,4959.212512
31.95,118,4959.497429
34.25,108,4959.757788
9.7,7,4959.77453
29.4,129,4960.091855
25.5,51,4960.215263
24.4,165,4960.629513
13.5,11,4960.657213
-6.9,95,4960.887258
32.3,71,4961.057372
28.75,154,4966.622725
27.9,163,4967.091148
30.85,156,4967.518517
31.45,140,4967.879518
25.3,147,4968.260527
19.2,241,4968.885272
-5.55,72,4974.009806
29.2,129,4974.33637
24.55,174,4974.782486
18.95,22,4974.840466
33.85,92,4975.081638
34.85,96,4975.331846
34.1,111,4975.61614
34.35,102,4975.874794
13.65,8,4975.895236
15.25,16,4975.936919
31.45,140,4976.31645
13.4,13,4976.348476
29.8,141,4981.666354
32.55,122,4981.966564
30.4,133,4982.307697
33.2,133,4982.660733
-6.95,80,4982.869354
33.65,104,4983.140821
34.8,97,4983.397508
33.85,112,4983.691068
15.4,13,4983.72492
26.05,84,4983.941393
29.5,135,4989.293233
34.35,110,4989.579229
6.0,1,4989.581793
32.35,118,4989.886409
36.2,73,4990.077651
-4.15,44,4990.193015
-2.15,352,4991.125856
34.95,98,4991.382639
22.5,31,4991.46426
-5.6,69,4991.645717
29.15,142,4997.097477
6.0,1,4997.100103
29.3,155,4997.510499
33.85,124,4997.832541
31.95,78,4998.031699
29.55,50,4998.161851
28.65,144,4998.537628
34.5,103,4998.800217
33.2,121,4999.121995
7.85,4,4999.132514
31.5,119,4999.446074
14.15,226,5005.328452
-3.7,35,5005.419487
-27.45,606,5006.997161
30.75,134,5007.344403
34.9,95,5007.601446
26.7,163,5013.076716
34.0,113,5013.3689
34.05,112,5013.653053
31.35,130,5013.992425
30.6,149,5014.381792
26.3,155,5014.785834
34.2,101,5015.048102
27.85,152,5020.428774
16.8,25,5020.487723
28.0,173,5020.934613
-2.0,1,5020.93702
32.35,130,5021.261955
30.6,125,5021.581338
34.05,108,5021.858972
33.05,116,5022.162124
27.05,156,5022.563971
34.85,104,5022.834064
34.8,105,5028.093865
-3.85,38,5028.189957
28.5,151,5028.583817
34.4,97,5028.826275
32.75,110,5029.101005
22.65,192,5029.602463
33.35,102,5029.863297
34.65,96,5030.104221
-7.15,100,5030.340968
34.4,109,5035.521771
19.7,27,5035.590804
5.95,2,5035.596026
35.1,87,5035.822253
33.15,106,5036.086359
32.3,119,5036.389755
36.75,66,5036.556319
17.0,21,5036.613154
34.3,95,5036.867371
36.1,75,5037.0641
29.4,129,5037.395327
34.75,78,5037.597343
11.75,6,5037.612969
18.35,34,5037.701307
-2.0,1,5037.7039
5.95,2,5037.709117
33.55,118,5038.014684
33.75,118,5043.393272
31.4,101,5043.652289
6.0,1,5043.654829
16.8,245,5044.413638
33.6,113,5044.806659
20.8,153,5045.222909
24.35,150,5045.60849
36.1,67,5045.787086
35.4,77,5045.988249
6.0,1,5045.990918
25.95,66,5051.192055
32.2,113,5051.476694
33.45,104,5051.73699
34.0,101,5051.993385
-8.35,108,5052.272578
9.35,274,5052.975422
-4.7,55,5053.113077
-4.5,47,5053.231332
24.4,33,5053.317745
21.75,46,5053.4388
29.9,139,5058.739989
32.6,129,5059.065947
27.55,158,5059.458707
7.9,3,5059.466164
16.9,195,5059.951676
-30.5,211,5060.493477
22.5,187,5060.973995
32.25,128,5066.451922
30.85,132,5066.793197
32.05,116,5067.093898
25.4,49,5067.222412
34.3,115,5067.520602
33.7,115,5067.81989
33.3,115,5068.122359
23.85,44,5068.236579
-2.85,18,5068.283258
25.3,139,5068.641207
34.3,95,5068.900253
35.35,90,5074.076389
22.3,191,5074.566869
27.4,109,5074.850173
-3.2,25,5074.916335
-5.15,28,5074.985996
23.1,19,5075.03222
30.95,138,5075.377696
36.35,70,5075.559608
31.0,117,5075.856119
34.45,100,5076.118298
28.15,146,5076.498975
24.45,156,5081.926958
36.55,66,5082.087662
-2.0,1,5082.090031
29.15,162,5082.511217
34.2,113,5082.806682
-5.15,60,5082.964458
36.95,58,5083.116695
28.4,117,5083.419505
25.35,162,5083.844653
33.65,104,5084.111987
5.0,1,5084.11462
29.0,153,5089.54387
34.85,100,5089.800263
33.35,110,5090.089367
34.6,105,5090.359318
27.2,153,5090.756525
26.7,63,5090.921885
34.0,93,5091.164059
17.0,21,5091.219461
25.55,50,5091.3485
33.35,98,5091.59541
13.55,10,5091.621532
36.85,64,5091.786169
34.0,105,5097.057339
28.4,145,5097.391233
31.25,144,5097.746232
28.2,133,5098.08799
-5.4,69,5098.265907
33.95,118,5098.566342
20.15,70,5098.745741
32.45,132,5099.083292
32.35,138,5099.434808
28.9,163,5104.918796
24.4,165,5105.303113
5.9,3,5105.310247
33.4,113,5105.57598
35.3,95,5105.802435
33.3,123,5106.106531
33.6,125,5106.40978
33.15,130,5106.757056
13.5,203,5112.073213
33.25,132,5112.382175
31.9,135,5112.699793
35.75,74,5112.901455
18.75,38,5113.018011
28.6,145,5113.446792
32.05,132,5113.785548
33.3,107,5114.048633
24.0,189,5114.517337
22.15,38,5114.610704
27.0,149,5119.854875
18.95,22,5119.908374
-8.4,77,5120.096912
27.35,150,5120.468475
34.75,102,5120.712265
34.7,99,5120.958486
36.25,76,5121.145777
34.55,82,5121.342516
34.6,93,5121.569089
33.1,99,5121.804659
25.55,174,5127.102763
30.8,133,5127.436359
-5.85,38,5127.531805
-2.0,1,5127.534279
26.7,179,5127.97714
35.55,86,5128.193169
31.55,142,5128.550396
23.2,41,5128.653612
35.5,91,5128.890805
35.15,94,5129.130992
31.95,114,5129.410053
30.9,139,5135.022624
35.7,87,5135.235378
29.3,159,5135.621348
28.6,157,5135.992804
34.85,96,5136.236762
25.75,194,5136.718353
35.1,87,5136.942705
31.4,129,5142.056243
24.75,86,5142.265027
-3.85,38,5142.358028
6.45,380,5143.320319
15.4,13,5143.354356
21.7,27,5143.424784
30.45,116,5143.718293
-2.0,1,5143.720847
4.3,327,5144.570687
25.2,177,5150.158846
31.65,116,5150.455469
-3.2,25,5150.514823
35.7,79,5150.713816
23.2,189,5151.203329
31.9,123,5151.5247
-2.75,16,5151.564346
33.9,111,5151.84482
23.2,45,5151.958528
32.8,125,5152.273993
28.4,149,5157.567466
30.45,144,5157.938761
13.95,2,5157.943683
36.5,71,5158.121245
33.65,100,5158.376411
3.75,294,5159.142916
30.8,141,5159.510999
-2.0,1,5159.513386
-13.3,143,5159.885935
5.9,3,5159.893809
5.0,1,5159.89665
28.7,79,5165.040805
33.6,101,5165.304037
-2.0,1,5165.306568
30.25,140,5165.676961
28.75,138,5166.111246
33.0,125,5166.466582
33.7,87,5166.715067
17.15,18,5166.766417
36.45,68,5167.038879
31.5,107,5167.341341
15.05,264,5172.988943
34.5,107,5173.259502
30.4,121,5173.576104
34.1,107,5173.850816
34.15,102,5174.111225
33.1,111,5174.399742
33.9,103,5174.666686
31.6,117,5174.964688
33.9,111,5175.252584
20.3,187,5180.790825
5.0,1,5180.793319
30.8,137,5181.147659
26.75,158,5181.558316
11.8,5,5181.57102
-2.4,9,5181.594992
-5.35,44,5181.711224
26.3,167,5182.146083
26.35,158,5182.636383
8.0,1,5182.639082
7.95,2,5182.644437
34.85,96,5182.890519
11.75,6,5182.906463
34.55,102,5183.172967
34.55,98,5188.223212
34.7,87,5188.433948
34.15,102,5188.68959
12.5,35,5188.777061
33.45,120,5189.078938
26.9,179,5189.520752
32.35,142,5189.883651
32.45,108,5190.160537
35.05,100,5190.429318
26.8,53,5190.573092
-2.2,5,5190.586507
29.05,168,5195.873708
9.6,9,5195.895074
18.3,199,5196.410079
24.75,74,5196.600331
19.6,197,5197.107368
24.15,38,5197.200948
34.5,103,5197.459205
20.45,24,5197.521367
15.25,16,5197.564922
33.5,107,5197.834376
11.5,11,5197.864887
31.55,134,5202.898375
32.05,116,5203.189075
28.65,164,5203.594451
32.9,123,5203.880121
-1.05,262,5204.554185
33.25,112,5204.84365
34.15,78,5205.030488
-5.75,68,5205.213209
33.8,109,5210.36415
-3.95,40,5210.464346
18.9,23,5210.521985
26.1,147,5210.88883
35.15,90,5211.12841
33.25,100,5211.382877
35.85,76,5211.574053
33.25,108,5211.837512
35.1,83,5212.041363
28.7,151,5212.419463
29.1,59,5212.563732
33.15,118,5217.798601
11.45,12,5217.82788
-11.25,122,5218.128509
25.5,155,5218.506254
-2.0,1,5218.508796
35.35,90,5218.745424
30.3,143,5219.110317
32.7,127,5219.426344
5.95,2,5219.431469
11.75,6,5219.44682
26.95,182,5219.907068
31.95,134,5220.247597
30.45,144,5225.525735
20.95,22,5225.577177
35.8,81,5225.781532
29.35,134,5226.125804
25.6,145,5226.483915
27.6,169,5226.903604
18.9,39,5227.003343
30.6,141,5227.352134
-6.05,70,5227.528106
32.75,134,5232.809508
21.35,190,5233.276798
33.8,125,5233.592553
33.8,113,5233.858542
5.0,1,5233.860987
19.15,18,5233.903896
34.7,91,5234.120145
32.05,108,5234.386503
13.65,8,5234.406942
35.15,98,5234.660798
17.6,201,5235.150507
35.05,88,5240.293354
28.1,143,5240.604759
31.8,121,5240.872503
34.65,108,5241.124304
26.35,34,5241.206821
7.95,2,5241.211714
25.95,70,5241.378886
-4.55,392,5242.306992
30.55,138,5247.432629
34.45,100,5247.680598
31.65,108,5247.955851
29.5,151,5248.359032
30.5,147,5248.760898
5.0,1,5248.763642
-2.0,1,5249.06206
29.75,130,5249.387754
29.0,125,5249.702499
27.55,46,5249.82006
22.95,198,5255.254966
28.8,65,5255.41007
-2.8,13,5255.440164
33.5,123,5255.751833
29.5,131,5256.144045
19.05,20,5256.196531
24.25,172,5256.654377
29.85,136,5257.011486
25.6,185,5257.482093
33.2,129,5262.690946
34.15,94,5262.906249
33.4,105,5263.152038
24.15,34,5263.233552
24.2,185,5263.677013
33.2,117,5263.95139
34.2,89,5264.166833
11.8,289,5264.879105
34.45,108,5270.056616
27.0,169,5270.48628
-5.65,62,5270.645643
33.35,102,5270.907487
35.05,92,5271.139455
-3.5,31,5271.218385
35.5,87,5271.444133
35.8,85,5271.662452
28.35,154,5272.056639
10.9,55,5272.20876
26.35,86,5272.446429
36.05,72,5277.464006
33.15,118,5277.759438
34.1,111,5278.043899
32.1,115,5278.33638
32.65,128,5278.656893
29.9,155,5279.051887
30.05,128,5279.379102
4.8,241,5284.931888
31.05,100,5285.172927
17.5,11,5285.200393
17.6,9,5285.223854
-2.75,16,5285.266546
15.0,21,5285.320236
27.0,141,5285.678076
31.0,125,5285.993151
27.55,138,5286.333216
33.0,109,5286.610514
34.9,95,5286.854437
31.4,129,5287.177682
-9.5,107,5287.447321
7.95,2,5292.297876
34.45,88,5292.513869
34.75,106,5292.776585
30.1,119,5293.084581
24.3,171,5293.545507
35.0,101,5293.80477
27.7,47,5293.929455
35.3,91,5294.178216
19.8,205,5294.727044
35.5,91,5294.956424
32.3,119,5300.000263
33.8,101,5300.278827
22.1,35,5300.375993
35.95,70,5300.571085
36.1,71,5300.770972
18.7,27,5300.844869
-5.0,61,5301.014709
20.8,165,5301.457247
34.45,108,5301.776848
33.8,101,5302.076921
26.65,56,5302.241087
28.95,146,5307.883838
33.8,109,5308.163211
20.75,226,5308.77718
-7.05,58,5308.941348
26.5,31,5309.026548
13.95,22,5309.082537
32.5,127,5309.400219
13.5,11,5309.428395
34.25,96,5309.672135
34.25,100,5309.928443
30.55,146,5310.275247
26.3,163,5315.310627
-10.3,111,5315.588135
31.7,123,5315.898292
32.7,115,5316.187263
27.65,136,5316.528948
13.6,9,5316.551094
34.2,105,5316.831691
33.7,127,5317.186516
33.3,99,5317.462736
35.6,85,5317.699091
35.2,77,5323.099019
-6.45,62,5323.270863
27.75,158,5323.675172
17.2,17,5323.722019
36.35,70,5323.907272
16.75,258,5324.534931
34.05,100,5324.761073
35.0,101,5324.990345
36.2,77,5325.162288
23.5,207,5330.504901
24.85,172,5330.943098
34.25,100,5331.188736
8.0,1,5331.191138
34.3,99,5331.426875
26.9,135,5331.745931
35.3,95,5331.98668
-20.8,525,5338.233811
34.2,105,5338.497304
32.5,119,5338.785495
35.7,83,5338.999514
23.8,45,5339.115332
32.9,123,5339.430492
18.4,33,5339.518655
7.75,6,5339.535079
9.6,9,5339.557416
33.9,115,5339.849946
22.15,38,5339.947919
30.35,138,5340.317389
7.95,2,5340.32271
36.2,77,5345.443522
33.7,99,5345.705163
23.6,89,5345.937826
34.75,102,5346.197767
27.35,154,5346.594424
13.4,13,5346.628534
22.1,35,5346.720947
29.45,136,5347.076055
35.45,88,5347.304383
30.8,113,5347.597859
29.0,137,5353.111795
34.35,114,5353.43342
25.9,211,5353.999237
23.85,192,5354.494296
-5.05,282,5355.252661
31.25,152,5355.671119
-2.75,16,5355.715569
19.2,17,5355.761075
33.9,103,5361.080017
35.2,89,5361.30833
12.3,19,5361.355832
14.9,19,5361.40281
34.6,97,5361.651948
22.6,193,5362.149119
33.9,107,5362.423671
33.4,113,5362.711863
32.5,139,5363.067087
21.85,36,5363.158297
34.55,106,5363.432604
33.45,112,5368.608889
-7.1,99,5368.858603
31.8,137,5369.207284
30.65,92,5369.447634
-8.0,105,5369.714296
33.9,103,5369.992526
30.05,80,5370.208325
28.45,168,5370.643483
30.2,133,5371.000294
27.7,155,5376.454344
33.3,99,5376.710442
35.9,83,5376.924198
32.2,117,5377.225454
33.4,89,5377.452765
34.15,110,5377.735686
25.9,39,5377.83328
28.75,158,5378.214536
28.65,140,5378.563713
34.05,88,5383.836708
33.95,98,5384.072831
32.9,123,5384.366382
32.75,66,5384.526976
-2.1,3,5384.534164
32.65,108,5384.795514
34.6,89,5385.025237
34.45,104,5385.28804
25.0,65,5385.454834
27.65,160,5385.862084
33.4,121,5386.194254
18.9,23,5386.259363
-3.25,26,5386.329078
29.2,149,5391.814901
29.55,122,5392.117871
29.9,143,5392.485976
15.2,241,5393.096057
19.85,44,5393.209902
23.55,50,5393.335496
28.05,172,5393.795885
18.35,26,5393.861905
30.75,134,5399.231387
30.9,139,5399.582101
34.15,114,5399.866746
28.05,160,5400.278093
27.25,156,5400.675283
20.6,229,5401.242665
21.1,207,5406.801859
33.1,111,5407.042363
29.5,147,5407.414746
33.85,108,5407.685261
34.8,97,5407.937186
35.9,71,5408.117113
34.9,95,5408.354374
33.15,106,5408.605276
29.65,128,5408.912661
27.4,137,5409.261106
30.15,110,5414.60966
30.95,130,5414.941749
35.1,91,5415.158302
33.2,101,5415.410064
27.55,142,5415.776631
30.9,135,5416.122711
34.45,100,5416.370924
31.55,138,5416.713358
33.95,106,5421.897753
32.25,108,5422.159061
33.5,119,5422.446408
27.6,141,5422.782975
18.95,18,5422.826766
20.9,23,5422.883238
17.15,186,5423.337226
31.35,114,5423.599616
32.1,107,5423.862105
31.6,117,5424.157359
-5.85,458,5430.235077
29.6,133,5430.578281
35.5,79,5430.773057
8.0,1,5430.775525
34.35,106,5431.042545
29.2,149,5431.356951
7.75,6,5431.369816
30.6,149,5431.681777
-2.0,1,5431.683812
27.6,145,5436.647602
29.25,144,5436.988931
24.3,191,5437.473809
29.15,142,5437.86164
28.2,141,5438.254198
-1.3,411,5444.197687
27.4,53,5444.328675
25.55,50,5444.457114
36.25,72,5444.639501
28.7,163,5445.053112
-43.0,601,5452.02502
34.2,101,5452.304678
35.35,86,5452.532096
31.15,126,5452.846211
32.0,121,5453.110456
26.6,41,5453.205253
32.45,120,5453.503582
24.15,38,5453.60042
13.6,9,5453.624094
17.45,12,5453.655309
30.7,139,5454.027217
33.3,111,5454.329338
35.9,83,5459.595089
17.2,17,5459.636602
26.85,148,5459.997443
31.85,116,5460.292583
34.15,106,5460.566253
35.15,98,5460.80409
28.4,73,5460.981612
-3.15,24,5461.039774
30.55,118,5461.334019
21.8,41,5461.436699
33.95,114,5461.72674
34.05,100,5461.984409
11.6,9,5462.007377
34.75,102,5467.142284
-8.05,114,5467.383438
25.4,53,5467.501726
32.1,115,5467.765514
25.75,166,5468.160951
29.1,155,5468.527408
9.65,8,5468.545495
34.8,93,5468.763512
-5.2,65,5468.922189
18.2,225,5474.292092
9.7,7,5474.31039
33.9,107,5474.576871
25.45,68,5474.781185
32.45,112,5475.105505
29.15,58,5475.243279
35.6,89,5475.45184
30.95,118,5475.731012
25.0,193,5476.174537
31.05,124,5476.476801
23.1,235,5481.705766
27.75,142,5482.069068
33.85,124,5482.394526
15.4,13,5482.428993
34.55,98,5482.69685
-9.15,92,5482.951674
32.3,123,5483.267107
22.05,188,5483.755385
7.85,4,5483.765701
22.45,192,5489.430575
-8.0,73,5489.628839
32.85,124,5489.959099
33.05,124,5490.272183
18.95,22,5490.330101
27.6,177,5490.779719
27.05,148,5491.166668
32.05,132,5491.504626
-7.55,104,5491.781442
-4.55,52,5491.917323
22.6,29,5497.133543
30.6,137,5497.487325
31.55,98,5497.737008
31.0,153,5498.042645
34.8,105,5498.303141
22.8,169,5498.752562
33.2,109,5499.046233
5.0,1,5499.048822
34.4,101,5499.306045
6.0,1,5499.30878
36.05,80,5499.515944
35.55,86,5504.820552
-4.6,49,5504.945461
-13.5,163,5505.358168
31.9,127,5505.6723
7.9,3,5505.680037
9.65,8,5505.700651
-3.1,23,5505.759854
34.4,113,5506.055982
31.75,118,5506.360017
22.75,26,5506.432516
-6.3,87,5506.660632
34.3,87,5506.882909
35.65,80,5507.087662
28.2,177,5512.377024
29.4,141,5512.703722
16.5,219,5513.238587
32.65,124,5513.554442
18.7,27,5513.621366
35.1,79,5513.813691
24.2,73,5513.988957
35.35,90,5514.217867
31.9,83,5514.427073
25.85,180,5519.808476
32.15,118,5520.058133
30.6,105,5520.285839
5.0,1,5520.288051
29.0,89,5520.488679
25.7,155,5520.833265
-0.25,358,5521.645367
32.05,116,5521.911607
33.5,107,5526.962055
26.3,67,5527.132968
35.4,89,5527.359902
11.75,6,5527.375258
5.95,2,5527.380244
34.15,110,5527.663452
17.25,16,5527.704596
-19.35,156,5528.107236
35.05,92,5528.351986
33.1,115,5528.66712
29.2,153,5529.064868
17.0,21,5529.12311
7.95,2,5529.128815
32.9,103,5534.311501
27.3,155,5534.675257
7.85,4,5534.685414
13.35,14,5534.721569
32.0,125,5535.030819
33.35,118,5535.318211
31.75,114,5535.602244
32.35,126,5535.913605
26.0,169,5536.335734
29.45,132,5536.679351
27.45,160,5541.917548
9.95,2,5541.922427
-0.35,364,5542.793735
20.2,165,5543.186696
26.7,183,5543.638114
8.0,1,5543.640707
30.9,127,5543.963542
19.35,14,5543.99962
15.3,15,5544.038013
34.6,85,5549.18176
34.95,102,5549.442437
34.7,103,5549.695203
23.8,181,5550.141078
29.45,156,5550.528475
31.8,129,5550.858598
28.5,143,5551.212801
27.95,42,5551.315266
35.15,86,5551.526662
34.55,102,5556.591962
34.3,83,5556.797081
6.0,1,5556.799696
32.45,120,5557.106794
14.4,265,5557.783576
-32.2,441,5558.902081
30.25,120,5564.034657
26.65,168,5564.470662
32.15,118,5564.776247
27.35,118,5565.07361
6.0,1,5565.076237
31.65,120,5565.383718
14.3,235,5566.022942
33.85,108,5566.320364
31.4,53,5566.464121
34.5,103,5571.709687
26.7,163,5572.122858
27.85,136,5572.464777
33.1,119,5572.760891
31.05,112,5573.041725
24.05,188,5573.51365
28.4,161,5573.921626
7.9,3,5573.92919
5.9,3,5573.936792
13.5,11,5573.96472
31.85,132,5579.309423
34.5,95,5579.538145
33.4,117,5579.837005
9.75,6,5579.85188
20.3,223,5580.421629
32.4,129,5580.748578
34.4,101,5581.006345
31.45,136,5581.344988
25.95,98,5581.59185
30.85,64,5586.738592
35.6,89,5586.945375
11.7,7,5586.961346
34.4,109,5587.214568
35.25,88,5587.4162
24.9,183,5587.846205
6.0,1,5587.848679
-7.35,100,5588.087504
25.4,53,5588.22482
35.5,71,5588.401784
26.4,161,5588.807896
29.8,141,5589.178697
28.8,149,5594.443466
23.45,52,5594.580648
28.4,133,5594.929659
28.8,61,5595.091574
29.95,118,5595.408514
30.45,140,5595.759994
11.55,10,5595.786516
12.3,283,5596.534746
32.4,113,5601.726754
34.1,99,5601.966714
36.1,79,5602.168485
31.15,142,5602.544894
34.65,96,5602.795583
28.45,152,5603.172511
29.3,143,5603.532462
30.9,127,5603.860133
31.2,133,5604.199597
35.2,85,5609.170393
-2.0,1,5609.172844
32.4,125,5609.479253
30.65,104,5609.733643
7.95,2,5609.738691
26.55,158,5610.126369
36.2,77,5610.310772
29.35,146,5610.677793
6.0,1,5610.680158
33.5,95,5610.928978
29.65,120,5611.226162
22.9,23,5611.281581
-2.6,13,5611.313664
35.3,87,5611.528617
33.15,114,5616.599226
21.95,38,5616.692724
-2.2,5,5616.705268
27.8,169,5617.119133
15.95,250,5617.725512
34.75,98,5617.967968
34.25,108,5618.237504
11.5,11,5618.265224
7.9,3,5618.27288
16.95,22,5618.328143
35.2,85,5618.552761
35.05,76,5618.746856
20.8,201,5624.025033
7.85,4,5624.034764
33.35,110,5624.322545
33.1,119,5624.619027
11.6,9,5624.641431
-42.05,534,5626.001547
33.45,112,5631.362401
33.85,92,5631.597122
-2.0,1,5631.599661
30.25,132,5631.935467
34.65,108,5632.203723
11.6,9,5632.225544
25.0,177,5632.676509
9.7,7,5632.693736
30.3,151,5633.099083
6.0,1,5633.101804
25.15,182,5633.59752
35.3,95,5633.837954
35.05,100,5639.014538
21.75,42,5639.11642
-2.0,1,5639.118816
32.8,121,5639.414246
17.45,12,5639.442569
27.75,146,5639.794585
28.0,177,5640.223455
30.75,102,5640.471058
27.35,162,5640.862791
13.55,10,5640.885656
34.95,94,5641.114403
35.05,88,5641.329592
-5.75,68,5646.362862
29.85,136,5646.709357
35.2,81,5646.918229
-3.15,24,5646.978386
32.15,126,5647.309041
33.35,118,5647.608311
27.7,167,5648.033325
32.95,106,5648.296467
33.4,117,5648.582247
26.0,153,5654.037794
-4.05,42,5654.138745
25.75,42,5654.240755
33.8,101,5654.485716
33.05,112,5654.757064
27.95,142,5655.102841
33.05,120,5655.410748
34.55,110,5655.690225
34.5,99,5655.94442
32.15,78,5656.146199
32.5,115,5656.4369
34.95,98,5661.668719
11.55,10,5661.694427
35.65,80,5661.9001
23.5,175,5662.351774
35.5,83,5662.569252
33.65,112,5662.844803
30.95,126,5663.165722
-2.0,1,5663.168221
34.95,94,5663.411418
35.3,95,5663.657845
7.9,3,5663.665784
34.75,106,5663.935467
33.4,113,5669.078665
34.65,104,5669.341425
13.5,11,5669.368159
35.5,79,5669.551118
8.0,1,5669.55352
32.4,121,5669.854475
29.85,144,5670.218815
33.1,107,5670.49704
34.55,106,5670.768897
15.25,16,5670.812622
35.65,88,5671.036423
31.3,115,5671.327214
34.4,97,5676.539561
18.25,212,5677.050519
30.75,118,5677.341991
35.05,92,5677.566021
32.95,114,5677.850359
9.85,4,5677.860073
9.85,4,5677.870669
27.5,183,5678.336499
31.35,142,5678.683861
32.85,124,5678.991784
29.3,51,5683.948621
35.3,95,5684.175022
32.55,122,5684.462958
30.7,135,5684.801302
34.7,95,5685.04067
7.85,4,5685.05029
32.6,133,5685.380698
19.95,234,5685.978068
34.2,109,5686.272626
33.5,115,5691.498791
31.6,121,5691.809258
-2.0,1,5691.811823
35.5,87,5692.030973
35.35,82,5692.247026
33.2,117,5692.547928
5.0,1,5692.550532
34.6,105,5692.819442
31.15,138,5693.174084
18.65,28,5693.24613
29.6,133,5693.58814
34.3,111,5693.85796
23.9,43,5693.969141
35.75,78,5699.129118
34.7,91,5699.342175
32.4,113,5699.620558
30.8,109,5699.900216
35.25,92,5700.13311
5.9,3,5700.140931
36.2,69,5700.318074
36.25,76,5700.51089
7.85,4,5700.521218
35.3,91,5700.756245
31.35,134,5701.092964
34.0,105,5701.358383
33.75,122,5706.665621
32.95,122,5706.97138
6.0,1,5706.97404
37.2,57,5707.11946
-7.85,98,5707.367651
32.6,121,5707.674729
25.6,45,5707.783505
32.15,126,5708.095519
13.7,7,5708.113447
11.85,4,5708.123751
-5.6,45,5708.237076
25.85,184,5708.698985
-5.75,60,5708.852854
34.35,110,5714.022961
7.85,4,5714.033164
31.8,125,5714.344294
33.95,102,5714.594859
26.7,119,5714.877836
33.35,110,5715.134609
29.05,144,5715.457968
33.95,102,5715.685436
11.6,9,5715.705267
-5.9,71,5715.863296
33.6,125,5716.137796
32.55,114,5721.185879
30.05,144,5721.520183
33.95,94,5721.737326
33.9,103,5721.971997
31.2,141,5722.323498
26.1,191,5722.898318
34.85,88,5723.130409
29.95,138,5723.474255
34.3,111,5723.751409
32.25,128,5728.968281
26.95,186,5729.420042
31.2,133,5729.742709
35.05,100,5729.989516
24.7,63,5730.143049
7.95,2,5730.14798
35.95,74,5730.32907
6.0,1,5730.331567
19.95,42,5730.432681
11.55,10,5730.456084
34.95,102,5730.71202
31.0,153,5731.089146
33.55,114,5736.083861
33.0,117,5736.370972
17.05,20,5736.418174
30.75,142,5736.79315
31.75,110,5737.068745
7.85,4,5737.078804
13.65,8,5737.099002
34.5,95,5737.333572
-5.6,57,5737.470326
33.15,122,5737.771253
35.0,85,5737.986059
32.8,121,5738.291737
32.2,129,5743.535977
5.0,1,5743.538464
-9.05,82,5743.74287
32.85,124,5744.052129
33.0,117,5744.367596
23.3,43,5744.479409
31.7,127,5744.79824
33.85,104,5745.050037
32.0,125,5745.362437
11.5,11,5745.389802
33.75,102,5745.643349
29.2,145,5751.084459
28.8,133,5751.390262
9.7,7,5751.40589
32.15,122,5751.677149
35.85,80,5751.851007
5.0,1,5751.853267
34.05,116,5752.131854
25.4,149,5752.514337
28.4,141,5752.864865
29.25,152,5753.245772
-2.0,1,5753.248139
-5.55,72,5753.411796
32.2,101,5758.281623
19.35,218,5758.854244
33.85,112,5759.191652
-6.3,83,5759.422894
32.0,137,5759.776938
-6.15,80,5759.980371
33.2,113,5760.263479
-4.9,59,5760.412296
33.5,115,5760.70238
34.65,88,5765.704027
28.8,109,5765.984306
34.85,88,5766.209096
34.05,112,5766.475742
11.75,6,5766.490228
5.0,1,5766.492729
35.05,88,5766.716155
25.8,149,5767.105337
5.0,1,5767.108103
34.4,105,5767.382534
5.0,1,5767.385323
-10.85,82,5767.607455
31.1,127,5767.989634
29.7,131,5773.646688
34.1,103,5773.902233
24.7,143,5774.262371
35.1,99,5774.517621
27.1,87,5774.744272
30.2,145,5775.12433
31.6,121,5775.460037
35.65,84,5775.689664
35.15,82,5775.900358
31.6,137,5781.121443
35.05,92,5781.350532
34.55,110,5781.623323
30.7,147,5781.968325
31.05,116,5782.240389
34.05,104,5782.482701
-3.55,24,5782.539233
29.6,137,5782.856365
33.8,121,5783.150903
13.75,6,5783.166013
34.75,106,5783.438039
33.4,125,5788.588133
31.25,132,5788.904662
35.3,91,5789.13373
32.65,128,5789.443024
29.85,136,5789.771281
29.35,54,5789.903755
34.85,104,5790.160894
6.0,1,5790.163267
33.9,111,5790.439789
25.2,161,5790.852255
34.05,96,5795.92674
21.75,42,5796.030201
35.75,82,5796.240327
34.05,104,5796.492168
23.25,184,5796.954271
35.5,91,5797.181541
36.3,71,5797.355544
33.1,111,5797.63237
29.7,131,5797.966975
6.0,1,5797.969418
9.95,2,5797.974294
30.55,130,5798.299487
36.05,76,5803.328284
33.85,104,5803.562692
32.6,105,5803.80955
34.05,92,5804.026603
25.2,53,5804.15185
22.8,173,5804.562232
25.25,172,5804.967107
26.0,177,5805.40759
34.2,109,5810.498824
6.0,1,5810.50136
5.0,1,5810.503972
32.25,120,5810.800401
17.35,222,5811.357967
33.5,123,5811.666806
28.65,160,5812.067951
35.2,93,5812.296038
-3.9,39,5812.393544
28.05,40,5812.493649
32.35,94,5812.727378
34.4,113,5817.837864
-2.6,13,5817.8715
29.95,70,5818.045796
30.75,146,5818.427098
15.4,13,5818.460928
34.7,103,5818.736716
34.5,107,5819.002674
34.6,109,5819.27726
35.7,83,5819.488693
31.4,125,5819.810715
32.2,129,5820.14708
29.55,154,5825.542302
32.85,140,5825.881865
34.05,104,5826.14582
11.2,9,5826.168566
30.05,136,5826.522413
21.4,37,5826.618572
-3.65,34,5826.707326
25.5,183,5827.175843
31.0,117,5827.47779
32.15,134,5827.830755
27.25,184,5833.259495
-2.8,17,5833.303711
-5.3,47,5833.424889
21.55,50,5833.554834
34.45,100,5833.80406
26.45,184,5834.266418
-9.45,82,5834.467726
34.05,104,5834.725122
33.85,120,5835.020835
26.75,142,5835.351517
34.1,99,5840.490094
34.6,109,5840.739542
36.0,77,5840.924806
11.5,11,5840.951229
32.3,111,5841.218328
-3.95,40,5841.313591
-5.2,45,5841.42116
35.0,93,5841.647406
33.0,133,5841.971681
34.15,110,5842.237994
8.0,1,5842.240423
32.35,110,5842.504462
34.65,64,5842.661126
32.6,113,5847.72838
34.3,107,5847.987361
36.15,78,5848.190028
33.2,113,5848.494564
13.55,10,5848.521231
34.55,106,5848.799722
29.45,148,5849.174212
32.35,126,5849.483803
32.9,91,5849.702358
32.9,103,5849.951648
31.9,135,5850.286899
32.55,114,5855.329583
29.65,144,5855.688051
32.05,88,5855.908486
34.95,94,5856.165576
5.0,1,5856.168252
32.4,125,5856.491093
32.4,117,5856.806193
20.9,23,5856.868422
8.0,1,5856.871132
21.5,211,5857.441144
29.95,118,5862.656248
29.9,143,5862.992014
33.65,104,5863.231908
29.3,135,5863.562274
34.3,111,5863.841022
28.35,142,5864.192098
34.6,101,5864.437861
34.3,103,5864.685666
29.6,113,5864.958817
19.15,18,5865.004644
33.9,99,5870.141968
30.65,140,5870.485377
29.65,120,5870.780772
32.25,128,5871.087085
-3.5,31,5871.161605
35.0,93,5871.389921
34.45,104,5871.638997
32.3,119,5871.93255
28.8,149,5872.294041
34.95,90,5877.391637
27.9,151,5877.773538
32.55,114,5878.060179
27.85,168,5878.452014
34.85,92,5878.6635
-2.65,14,5878.69677
3.7,323,5879.488657
25.95,178,5884.853119
-5.3,67,5885.018591
33.8,101,5885.269932
29.85,148,5885.639114
-2.0,1,5885.641559
9.8,5,5885.654136
35.3,95,5885.89159
31.55,138,5886.233562
32.9,111,5886.515983
-6.4,81,5886.717982
26.15,38,5886.81188
32.4,133,5887.135329
31.8,129,5892.309448
23.4,201,5892.795944
32.85,120,5893.092273
29.35,146,5893.447915
17.45,224,5894.056987
5.9,3,5894.064476
13.5,11,5894.09091
28.2,77,5894.279648
36.1,79,5894.478198
33.6,113,5894.764537
29.45,132,5899.814443
32.65,124,5900.107414
33.35,110,5900.379072
28.25,168,5900.800938
30.1,139,5901.147273
29.95,130,5901.489482
34.4,105,5901.770562
5.9,3,5901.778725
36.6,69,5901.960066
21.15,210,5907.3042
34.55,106,5907.56428
32.35,130,5907.889788
32.6,129,5908.196397
27.8,145,5908.564867
35.05,84,5908.771377
31.3,123,5909.073999
15.45,12,5909.102692
15.05,20,5909.15297
34.85,104,5909.412604
13.35,38,5914.338626
31.35,146,5914.727265
34.45,108,5914.989298
34.1,119,5915.282344
6.0,1,5915.284693
34.7,91,5915.513642
14.7,243,5916.146036
34.1,99,5916.393272
36.35,70,5916.563675
31.85,120,5916.877321
31.35,142,5922.096609
-4.1,39,5922.190956
23.4,197,5922.674027
25.9,171,5923.098183
-3.95,40,5923.199281
31.45,108,5923.47291
5.0,1,5923.475501
34.25,112,5923.756801
32.35,118,5924.047142
34.0,113,5929.224976
23.9,199,5929.759156
27.3,183,5930.222211
26.25,152,5930.593689
32.55,118,5930.878013
21.1,19,5930.923974
18.35,194,5931.401607
28.6,137,5931.742132
7.95,2,5931.747189
23.55,46,5936.590984
15.5,203,5937.08375
-5.9,79,5937.28024
24.5,155,5937.667539
18.15,194,5938.148902
-3.95,40,5938.247321
33.55,126,5938.564899
17.2,97,5938.809874
22.9,215,5944.099222
24.6,177,5944.538753
20.95,22,5944.594111
34.75,90,5944.816528
20.6,29,5944.889877
15.2,17,5944.932334
16.15,250,5945.554615
36.1,75,5945.738571
25.95,174,5946.174771
32.5,123,5951.207513
33.65,88,5951.447222
34.9,99,5951.699796
-2.2,5,5951.712493
31.7,131,5952.059962
17.35,14,5952.095505
33.45,112,5952.384636
31.0,105,5952.646199
29.9,147,5953.0122
32.15,122,5953.314999
22.6,225,5958.659347
34.25,100,5958.907191
32.1,115,5959.197873
27.15,74,5959.382162
15.0,21,5959.434742
30.05,136,5959.775684
-5.8,69,5959.947456
35.6,73,5960.128719
2.75,298,5960.861468
-11.25,118,5965.996364
30.2,141,5966.346506
34.05,104,5966.602588
9.8,5,5966.61458
23.75,186,5967.076211
31.6,137,5967.412508
-16.75,136,5967.743356
34.1,115,5968.031007
5.95,2,5968.035954
5.0,1,5968.038378
17.4,13,5968.069539
-2.0,1,5968.229372
34.25,100,5973.186076
22.5,183,5973.681184
35.0,93,5973.941087
-11.25,110,5974.248706
36.1,79,5974.471086
31.9,119,5974.798528
34.7,107,5975.096641
29.9,139,5975.472418
-2.0,1,5975.474985
32.55,126,5975.801146
35.7,83,5981.423399
33.45,104,5981.692194
33.45,108,5981.97843
-17.55,504,5983.06582
36.3,71,5983.223922
29.4,77,5983.406359
15.3,15,5983.442447
23.95,38,5983.532514
29.6,149,5988.82686
31.1,115,5989.103424
34.8,89,5989.317799
32.6,125,5989.626024
21.7,207,5990.165848
33.85,112,5990.44786
33.45,108,5990.721315
31.7,139,5991.065884
33.3,103,5996.196271
17.1,19,5996.244019
33.5,119,5996.533491
-2.3,7,5996.551122
32.5,115,5996.842501
30.15,138,5997.17497
33.65,108,5997.433416
30.2,117,5997.734652
27.55,70,5997.904277
28.45,68,5998.075002
33.7,119,5998.394192
35.85,84,6003.40849
27.1,59,6003.553583
33.3,119,6003.847583
32.15,118,6004.138844
23.85,44,6004.244159
35.2,85,6004.456885
22.55,30,6004.533006
28.35,150,6004.912522
35.95,74,6005.110792
34.3,111,6005.397011
34.3,103,6005.657567
22.05,40,6005.756892
8.4,141,6010.924214
11.6,9,6010.945944
-4.25,46,6011.059209
5.9,3,6011.067512
-4.0,37,6011.163785
35.65,80,6011.367632
32.45,116,6011.676374
29.85,132,6012.011348
-5.0,61,6012.165375
35.3,87,6012.380968
34.9,103,6012.646177
24.2,37,6012.742326
33.8,113,6013.025091
35.3,83,6013.226145
32.15,118,6018.302285
33.8,97,6018.524561
35.3,95,6018.754031
-4.1,43,6018.861421
29.4,145,6019.217686
33.85,112,6019.490405
-10.75,124,6019.789739
5.0,1,6019.792381
11.5,243,6020.433224
34.45,100,6025.385466
11.7,7,6025.402177
30.5,143,6025.739729
34.75,98,6025.970156
-6.15,60,6026.118427
26.95,58,6026.265138
32.7,99,6026.511607
25.9,35,6026.598744
34.45,84,6026.806692
36.15,78,6026.99576
25.55,46,6027.114427
31.1,127,6027.453351
24.6,169,6027.888127
31.9,111,6032.930918
7.9,3,6032.938201
29.35,130,6033.266446
33.5,107,6033.56872
31.6,133,6033.925852
32.6,125,6034.271649
35.8,81,6034.495167
-8.05,110,6034.791758
34.55,102,6035.073625
34.2,109,6035.376515
32.3,135,6040.948115
25.2,141,6041.276328
26.75,62,6041.412693
6.0,1,6041.414953
7.85,4,6041.423959
-6.05,62,6041.563647
34.0,109,6041.818853
36.05,76,6042.001281
29.7,119,6042.291635
25.2,57,6042.428404
36.05,80,6042.622011
34.8,89,6042.835243
35.8,77,6043.017174
33.25,120,6048.317531
31.95,118,6048.607123
31.2,141,6048.967216
30.1,131,6049.324493
34.05,96,6049.593318
35.35,82,6049.804315
34.8,97,6050.047235
22.8,25,6050.109786
35.0,77,6050.306925
26.8,81,6050.518711
34.9,99,6055.850846
31.65,104,6056.097728
8.0,1,6056.100121
34.65,104,6056.351928
35.45,88,6056.56512
14.85,16,6056.606618
35.45,88,6056.832735
32.5,119,6057.135971
25.85,168,6057.565006
15.2,17,6057.609272
-8.45,110,6057.91199
34.95,102,6058.171235
33.5,123,6063.461634
34.1,111,6063.751448
24.85,52,6063.881408
32.5,103,6064.171551
32.9,119,6064.490858
11.15,14,6064.52812
35.05,100,6064.802581
36.55,66,6064.97873
-8.4,97,6065.234852
-41.45,694,6071.900915
34.5,103,6072.170159
34.85,100,6072.424315
31.2,129,6072.763572
30.25,120,6073.054927
16.8,21,6073.107367
11.9,3,6073.114798
29.4,85,6073.328717
34.55,98,6073.580962
34.8,101,6078.580118
32.15,118,6078.877665
11.7,7,6078.89446
-2.0,1,6078.896881
35.0,101,6079.148603
33.9,119,6079.448866
32.0,125,6079.756587
34.95,90,6079.980972
30.2,137,6080.318598
35.1,95,6080.545492
32.15,122,6080.848307
-5.35,68,6085.805873
33.05,104,6086.061257
34.05,100,6086.310753
17.15,18,6086.355742
11.5,11,6086.383237
-5.1,59,6086.530561
26.55,174,6086.949763
19.25,16,6086.987657
18.15,242,6087.584859
21.95,42,6087.69792
23.1,187,6088.188171
-2.0,1,6088.190694
33.25,124,6093.760371
31.8,129,6094.094059
35.4,89,6094.317956
30.0,133,6094.654111
33.95,114,6094.965865
30.5,131,6095.315983
-7.0,93,6095.554338
-5.55,60,6095.707715
33.4,89,6095.948958
25.05,180,6101.510948
29.95,138,6101.864859
30.65,132,6102.12499
35.4,85,6102.290442
32.15,106,6102.505958
7.9,363,6103.26532
22.65,108,6108.183482
32.5,123,6108.46681
30.1,79,6108.6495
23.55,50,6108.768001
17.05,20,6108.817961
33.9,115,6109.090493
25.3,155,6109.483945
5.95,2,6109.488991
34.15,110,6109.767694
-2.4,293,6110.51569
35.3,91,6115.707231
23.05,164,6116.113886
30.45,72,6116.295452
0.4,369,6117.188931
33.05,108,6117.451719
34.7,107,6117.720316
29.85,144,6118.077947
27.6,49,6122.911951
32.5,119,6123.227319
35.45,92,6123.45937
-6.7,87,6123.677731
35.75,86,6123.89435
34.0,109,6124.184242
25.55,178,6124.658445
33.4,109,6124.93872
35.5,87,6125.151783
34.15,106,6125.417771
-2.0,1,6125.420113
35.0,81,6130.507005
35.1,95,6130.745602
34.25,108,6131.014381
29.7,155,6131.386662
31.15,118,6131.680453
12.85,16,6131.719805
32.45,132,6132.048993
31.5,123,6132.355072
31.8,105,6132.617728
20.3,35,6132.703393
27.35,154,6137.707237
31.0,149,6138.079102
-3.9,39,6138.17301
-9.15,84,6138.38413
29.5,151,6138.769013
2.1,347,6139.635979
29.7,127,6139.955089
18.75,22,6140.010936
32.35,126,6145.243329
32.5,111,6145.517186
21.15,42,6145.622226
7.9,3,6145.629414
14.25,252,6146.273589
35.9,75,6146.478292
33.3,115,6146.789016
30.85,136,6147.152629
33.65,120,6147.485585
13.55,10,6147.513138
15.1,19,6147.564209
33.55,110,6152.704244
-6.65,86,6152.903675
22.3,35,6152.987862
35.0,89,6153.210366
33.9,107,6153.475799
34.15,94,6153.710022
-2.5,11,6153.73842
15.55,10,6153.76437
34.7,99,6154.022964
-6.25,86,6154.233106
20.8,25,6154.294159
28.05,160,6154.690182
23.65,184,6160.031598
33.1,107,6160.297993
32.7,119,6160.56909
29.95,138,6160.907201
-2.9,19,6160.955066
5.9,3,6160.962736
33.85,108,6161.233395
33.05,116,6161.519889
18.65,24,6161.578068
33.6,109,6161.851187
32.1,79,6162.049088
30.45,136,6162.385455
25.85,160,6167.743439
34.1,111,6168.026825
18.4,209,6168.558948
22.05,188,6169.033487
24.3,191,6169.516997
-4.7,31,6169.595962
25.6,181,6170.058342
16.8,209,6175.668406
34.25,104,6175.955491
31.05,136,6176.318237
34.85,92,6176.551094
33.8,109,6176.847571
33.5,107,6177.128069
27.6,137,6177.468971
32.75,126,6177.785686
34.25,104,6182.865696
34.1,99,6183.112688
34.25,100,6183.366553
31.55,126,6183.681458
23.05,48,6183.79784
24.0,177,6184.237675
32.65,128,6184.564148
29.9,151,6184.940518
29.15,162,6190.21303
11.7,7,6190.230917
34.75,106,6190.491494
32.7,123,6190.778454
25.4,173,6191.217898
33.85,108,6191.490989
33.05,112,6191.779034
30.8,145,6192.155842
33.95,106,6192.43705
32.65,136,6197.75123
11.55,10,6197.777275
32.25,116,6198.069813
-2.85,18,6198.11617
-3.2,25,6198.179708
34.45,92,6198.413963
-13.85,586,6199.916678
33.95,102,6200.177634
30.0,133,6205.309462
34.0,93,6205.546667
0.85,304,6206.28526
32.8,133,6206.596533
35.55,90,6206.825929
17.3,15,6206.865175
27.3,159,6207.271872
36.45,68,6207.438482
35.95,82,6212.564162
34.05,116,6212.846646
34.35,102,6213.10847
9.9,3,6213.116056
35.45,80,6213.309981
27.9,79,6213.500072
32.3,135,6213.838703
-7.45,70,6214.015645
35.15,94,6214.252953
30.55,146,6214.614284
13.8,5,6214.627052
19.2,37,6214.72164
17.3,15,6214.759014
6.0,1,6214.76153
-4.8,45,6214.872947
-3.4,29,6214.946287
33.4,109,6220.096325
28.65,152,6220.480336
33.25,104,6220.746314
27.95,106,6221.01709
35.7,87,6221.238535
-2.0,1,6221.240956
21.3,43,6221.345764
26.25,164,6221.744045
35.5,91,6221.960391
-2.55,12,6221.990269
35.25,80,6222.192932
33.65,96,6222.439572
34.05,108,6227.655109
18.35,230,6228.234717
28.45,132,6228.567483
34.15,114,6228.852557
35.2,89,6229.078586
27.25,164,6229.515427
33.1,119,6229.83196
22.8,21,6229.889642
32.2,117,6235.035594
22.4,33,6235.118554
30.9,147,6235.483983
35.25,80,6235.691215
33.7,99,6235.942155
-4.8,29,6236.018767
28.7,159,6236.441351
33.65,108,6236.698081
30.6,141,6237.023675
33.65,112,6237.28174
31.6,137,6242.278468
31.65,128,6242.580171
7.8,5,6242.592045
28.65,156,6242.973835
7.85,4,6242.98387
35.85,68,6243.154944
-6.35,72,6243.327898
32.3,107,6243.578865
32.95,138,6243.904324
-9.5,75,6244.090694
23.75,46,6244.209291
29.9,119,6244.506492
-4.25,42,6249.360907
24.65,180,6249.779067
-8.7,107,6250.029354
15.65,8,6250.047263
36.0,81,6250.234271
7.9,3,6250.241542
28.6,137,6250.571812
32.1,131,6250.896657
35.0,93,6251.128007
8.5,307,6256.795594
25.95,42,6256.920797
34.0,109,6257.210673
36.15,78,6257.406529
28.1,127,6257.718679
34.1,111,6257.994354
33.8,121,6258.294124
30.05,144,6258.648008
33.85,96,6258.887695
15.35,14,6258.923781
34.0,117,6259.208426
36.5,67,6264.131129
-5.0,61,6264.27467
-5.75,72,6264.443876
30.3,139,6264.765487
28.35,154,6265.122562
26.7,63,6265.277271
35.4,93,6265.510287
-7.75,80,6265.703289
30.8,117,6265.99543
34.15,98,6266.242812
16.35,242,6271.732638
22.25,164,6272.144003
18.55,30,6272.219231
32.4,129,6272.54661
28.75,66,6272.713478
28.95,138,6273.033675
28.9,151,6273.379705
22.65,28,6273.444611
30.15,142,6273.788274
13.55,10,6273.813632
36.3,75,6278.901024
-3.9,35,6278.985418
30.15,138,6279.313447
-2.0,1,6279.315824
34.45,108,6279.565686
30.6,133,6279.875123
27.4,153,6280.223216
13.35,14,6280.2563
28.55,154,6280.622941
33.4,117,6280.910523
36.3,67,6281.070751
34.35,110,6286.257594
-2.25,6,6286.27514
35.05,88,6286.537989
9.65,8,6286.561526
35.45,92,6286.826865
29.0,177,6287.313469
16.5,31,6287.405147
33.9,115,6287.732532
26.1,39,6287.839991
34.8,101,6288.115766
34.8,97,6288.364266
34.7,103,6288.617025
34.65,108,6288.884831
35.25,88,6293.979108
31.45,128,6294.315643
9.85,4,6294.325273
35.05,96,6294.564337
27.95,162,6294.966374
31.35,122,6295.274363
33.45,116,6295.546259
-6.6,85,6295.761444
13.65,8,6295.78218
32.55,98,6296.030834
31.2,113,6296.316042
35.4,89,6301.444385
34.2,117,6301.749459
30.75,130,6302.083643
29.25,56,6302.227076
27.35,74,6302.418574
34.5,107,6302.688025
-2.05,2,6302.692993
35.35,94,6302.929914
21.85,44,6303.042871
33.45,108,6303.324604
33.45,128,6303.656341
33.65,124,6309.020538
34.3,99,6309.268564
27.0,161,6309.670233
19.9,203,6310.187156
-3.7,31,6310.266112
34.95,98,6310.516093
28.15,170,6310.954605
32.3,131,6311.292637
36.25,64,6311.455884
33.0,117,6316.566935
27.4,129,6316.891119
34.7,99,6317.133226
6.0,1,6317.135777
34.2,117,6317.430418
34.55,86,6317.640893
32.45,132,6317.964865
30.6,125,6318.272366
32.45,112,6318.544343
13.6,9,6318.566811
34.85,104,6318.827523
11.8,5,6318.840097
32.6,121,6323.823223
35.2,97,6324.042075
31.45,144,6324.376715
35.05,100,6324.611411
29.3,151,6324.959235
26.95,146,6325.297214
28.75,166,6325.684048
22.45,32,6325.76068
32.05,116,6330.838173
30.25,148,6331.181489
35.2,97,6331.422203
-2.5,11,6331.449891
27.5,47,6331.568141
30.3,123,6331.87662
6.0,1,6331.879175
34.35,110,6332.161141
32.9,123,6332.46409
15.45,28,6332.534721
20.7,191,6333.015085
-2.5,11,6333.042851
34.55,102,6333.294693
28.55,150,6338.593788
33.75,102,6338.831803
31.9,123,6339.129184
35.0,93,6339.347573
29.05,148,6339.708426
32.95,122,6340.012029
30.7,115,6340.290247
-2.65,14,6340.324019
35.0,97,6340.564013
32.5,111,6345.583596
5.0,1,6345.585975
34.85,92,6345.807048
33.5,131,6346.125081
21.6,185,6346.600986
33.25,112,6346.872039
23.25,44,6346.983989
33.85,116,6347.263535
22.9,23,6347.319708
20.85,24,6347.379884
7.2,357,6353.083733
36.15,78,6353.275431
31.5,127,6353.596394
5.0,1,6353.599993
18.7,23,6353.656811
34.55,82,6353.86352
35.65,88,6354.077476
22.2,197,6354.572801
9.8,301,6355.315306
32.2,125,6360.387782
5.0,1,6360.390324
34.0,93,6360.619967
33.9,111,6360.894619
26.1,159,6361.288796
-3.3,463,6362.452412
34.1,95,6362.687026
26.45,140,6367.809752
17.8,237,6368.388491
-8.35,104,6368.644802
30.1,155,6369.035656
-8.75,64,6369.189379
33.3,103,6369.447444
24.0,169,6369.916495
33.6,93,6375.179799
-5.85,70,6375.340985
12.1,259,6375.938746
34.8,101,6376.176812
28.85,168,6376.580509
34.3,107,6376.830711
35.1,99,6377.068691
35.6,81,6377.26651
34.9,95,6377.495616
33.8,93,6382.523431
-16.45,138,6382.871963
34.2,109,6383.120072
5.95,2,6383.124534
31.9,115,6383.3857
33.55,122,6383.665807
28.8,157,6384.044256
33.05,116,6384.329198
33.8,113,6384.61431
20.5,31,6384.691441
-2.0,1,6384.693826
31.25,124,6389.757601
21.05,20,6389.805237
36.1,71,6389.972895
35.65,88,6390.180229
34.85,104,6390.413455
34.4,97,6390.65446
34.15,110,6390.928347
32.55,114,6391.213722
27.25,180,6391.656464
5.95,2,6391.661309
37.7,47,6391.775559
-5.45,66,6391.940017
33.55,122,6397.058491
35.1,95,6397.295742
31.2,133,6397.630683
-5.0,57,6397.781589
36.25,76,6397.982249
31.0,125,6398.301061
-2.35,8,6398.319913
34.5,99,6398.559153
-4.95,60,6398.708594
23.95,38,6398.80339
33.75,106,6399.058103
35.3,91,6399.276223
34.6,101,6404.263038
28.15,154,6404.643022
35.5,91,6404.86862
26.55,146,6405.228968
9.6,301,6405.986337
32.9,115,6406.306002
33.15,134,6406.682249
34.7,107,6411.725232
27.9,135,6412.064909
31.2,133,6412.398605
27.35,178,6412.846557
-5.5,71,6413.02484
33.1,127,6413.335946
33.1,111,6413.61769
26.6,173,6414.038947
15.5,11,6414.065822
21.3,211,6419.311992
35.45,92,6419.541564
33.15,110,6419.810469
32.6,129,6420.134803
30.85,120,6420.438387
29.6,141,6420.811661
20.6,29,6420.889004
27.05,160,6421.300489
15.55,10,6421.327294
-12.95,512,6427.451049
28.75,130,6427.762332
32.1,139,6428.100329
31.95,130,6428.424298
-2.95,20,6428.474302
31.35,54,6428.610623
34.05,120,6433.717086
-4.95,52,6433.835896
17.4,225,6434.37145
34.45,100,6434.604717
13.45,12,6434.632298
30.55,122,6434.916643
31.85,128,6435.225509
11.55,10,6435.249851
-5.05,62,6435.394622
13.55,10,6435.418072
20.2,37,6435.505985
34.15,110,6435.760395
-4.85,58,6435.892221
-7.65,98,6440.988825
29.8,141,6441.320605
33.3,111,6441.583634
23.7,179,6442.026732
35.6,89,6442.250803
33.05,116,6442.538085
35.0,101,6442.791906
-6.7,91,6443.015753
33.1,111,6443.292508
34.85,100,6448.359433
7.95,2,6448.364248
34.8,93,6448.59069
-4.95,60,6448.734823
30.35,138,6449.064898
32.75,134,6449.384103
34.2,85,6449.583059
28.85,152,6449.943158
30.65,132,6450.282324
33.7,103,6450.539124
33.2,109,6455.745292
32.65,124,6456.049507
31.8,129,6456.347556
33.25,116,6456.631416
33.8,101,6456.891009
17.45,12,6456.921667
34.5,111,6457.204469
33.05,124,6457.514953
-4.15,44,6457.627983
33.7,99,6457.876457
31.3,143,6463.191067
15.5,11,6463.217871
-121.55,800,6465.243667
-4.85,54,6465.382156
34.6,105,6465.649716
34.55,102,6470.802929
33.55,122,6471.118413
32.75,106,6471.391777
36.05,76,6471.585665
-3.45,30,6471.661766
6.0,1,6471.664355
29.55,158,6472.054999
34.3,111,6472.336708
24.4,137,6472.689627
33.95,118,6472.988825
28.3,167,6478.310635
-2.95,20,6478.362426
15.45,12,6478.393585
24.85,148,6478.768217
28.4,133,6479.101309
-5.8,69,6479.279635
31.05,136,6479.632865
30.8,129,6479.967118
30.1,127,6480.289812
-2.0,1,6480.292232
33.85,120,6480.599259
33.75,102,6485.823305
20.5,31,6485.896546
26.0,41,6485.995039
7.8,5,6486.006836
34.7,99,6486.24799
35.25,88,6486.46385
33.8,121,6486.764354
32.0,121,6487.076876
21.3,15,6487.116185
35.1,83,6487.332415
23.65,44,6487.447001
34.15,114,6487.738917
31.0,161,6488.152607
35.3,87,6493.597611
-3.85,34,6493.681406
34.45,104,6493.930352
35.8,81,6494.126063
35.7,79,6494.31568
33.65,100,6494.557444
-1.85,434,6495.648368
28.9,143,6496.017772
24.5,51,6501.170763
35.55,82,6501.384596
34.3,87,6501.609709
31.65,128,6501.930913
-3.35,28,6502.003453
27.75,74,6502.192153
-5.55,72,6502.372312
35.0,97,6502.608198
-2.2,5,6502.62039
34.8,105,6502.890049
32.65,108,6503.171792
33.15,102,6503.439026
9.65,8,6503.460108
34.25,100,6508.603188
7.85,4,6508.613465
-3.95,40,6508.710531
33.7,103,6508.967733
35.1,91,6509.193599
35.25,88,6509.420689
33.3,123,6509.739358
32.9,131,6510.070873
27.9,43,6510.182328
35.6,85,6510.403904
23.7,47,6510.525865
27.25,148,6510.903044
19.0,213,6516.355255
35.25,88,6516.584404
20.65,28,6516.655058
33.65,104,6516.911708
33.45,112,6517.19012
36.15,70,6517.364228
18.85,20,6517.412097
-4.65,54,6517.541377
34.4,101,6517.785428
33.4,113,6518.059346
36.0,77,6518.250076
31.35,130,6518.583655
32.6,133,6523.646631
15.0,21,6523.696384
36.55,66,6523.855897
35.3,91,6524.07548
34.35,102,6524.323276
34.15,118,6524.613541
35.7,87,6524.817784
33.15,118,6525.113086
11.6,9,6525.134536
35.5,87,6525.34609
6.0,1,6525.348596
35.8,81,6525.54668
35.7,87,6525.758155
-2.0,1,6525.760651
-6.7,87,6530.868332
28.05,144,6531.218443
23.85,184,6531.644968
21.0,21,6531.695379
34.7,103,6531.939404
31.9,123,6532.244438
31.45,124,6532.554351
20.55,30,6532.633535
29.6,149,6533.023742
34.8,89,6533.236877
