#{"t_start": 1785877245.9128973, "env_id": "None"}
r,l,t
11.995,1,0.057449
11.995,1,0.068117
11.995,1,0.078561
10.745,6,0.126191
9.74,3,0.153216
9.49,4,0.187942
11.995,1,0.196978
9.99,2,0.214961
11.995,1,0.225699
11.745,2,0.245854
9.75,1,0.252184
10.151667,5,0.295172
11.995,1,0.302915
9.73,5,0.340281
9.99,2,0.356623
8.99,6,0.403484
9.523333,19,0.554543
9.935,21,0.730511
11.313333,4,0.765306
11.465,9,0.8346
10.411667,2,0.85082
10.661667,1,0.85825
9.74,3,0.88293
10.661667,1,0.891173
10.151667,5,0.928772
10.661667,1,0.935854
10.391667,6,0.98448
10.661667,1,0.993572
9.033333,19,1.142751
11.995,1,1.151468
11.323333,2,1.167444
8.351667,22,1.344805
9.835,37,1.663422
9.74,3,1.686553
10.626667,8,1.747416
9.99,2,1.762309
10.273333,16,1.889567
11.745,2,1.904532
10.813333,6,1.950209
10.761667,34,2.219181
9.75,1,2.225994
7.806667,33,2.485902
9.715,12,2.582422
10.023333,17,2.713605
9.778333,13,2.814154
8.791667,36,3.092048
9.086667,22,3.263331
9.725,10,3.340157
9.326667,23,3.524061
9.925,19,3.675507
-9.163333,100,4.449096
11.293333,8,4.512253
11.323333,2,4.527851
9.616667,14,4.639544
11.995,1,4.647658
10.803333,8,4.708014
11.323333,2,4.723117
9.965,11,4.807794
6.176667,65,5.308471
9.75,1,5.316113
10.661667,1,5.32517
9.798333,9,5.397055
9.126667,14,5.505777
11.745,2,5.522054
11.995,1,5.531461
9.45,12,5.624654
10.975,5,5.664552
8.738333,25,5.863604
6.201667,64,6.366287
10.445,13,6.466235
10.656667,2,6.482684
11.745,2,6.497842
9.061667,31,6.742434
9.74,3,6.766346
10.096667,16,6.894497
9.75,1,6.901686
11.745,2,6.918656
10.151667,5,6.962516
10.995,5,7.002948
8.786667,33,7.260071
10.475,7,7.314514
10.661667,1,7.323589
11.641667,5,7.365011
10.651667,7,7.420161
10.725,6,7.47019
10.881667,10,7.548875
9.611667,15,7.665894
11.995,1,7.674759
11.495,3,7.698056
8.276667,37,7.981488
10.715,8,8.043974
9.74,3,8.066136
9.631667,11,13.561996
11.063333,5,13.606549
11.995,1,13.637743
10.656667,2,13.657877
10.51,9,13.730774
9.99,2,13.746781
10.835,15,13.869778
8.51,48,14.266605
10.095,16,14.400495
10.455,73,14.993351
-4.485,100,15.812321
-3.195,100,16.615981
9.576667,22,16.794206
10.965,7,16.850527
10.626667,8,16.915797
9.375,62,17.407381
9.98,4,17.441988
10.23,16,17.571702
10.74,12,17.666122
11.995,1,17.673575
11.995,1,17.681853
10.285,27,17.899854
11.391667,6,17.950263
9.75,1,17.958421
9.405,43,18.300996
11.323333,2,18.317994
10.565,7,18.372258
10.656667,2,18.387675
10.955,9,18.45795
9.495,25,18.664647
9.45,38,18.965473
11.58,4,18.998616
9.84,27,19.214633
9.445,17,19.351082
9.34,47,19.731826
11.765,7,19.787537
11.995,1,19.795898
10.74,25,20.001603
10.74,12,20.098785
9.475,42,20.436067
11.995,1,20.444804
10.4,13,20.550141
9.74,16,20.681412
9.75,1,20.689172
10.39,2,20.707889
9.75,1,20.714422
9.965,11,20.803049
9.425,39,21.108178
9.06,23,21.292955
10.52,7,21.346926
10.685,14,21.462329
11.323333,2,21.478599
10.74,12,21.573247
10.875,25,21.771563
10.705,10,27.329149
10.14,3,27.355885
10.52,7,27.418515
10.78,4,27.451719
10.585,3,27.475474
10.656667,2,27.491783
10.75,10,27.579257
10.685,14,27.704109
9.99,2,27.725106
11.985,3,27.755571
10.753333,18,27.905297
11.243333,18,28.052253
9.886667,40,28.374589
10.308333,27,28.589998
11.053333,7,28.64607
10.49,13,28.750347
9.98,4,28.784524
7.961667,100,29.605968
9.696667,29,29.836864
11.648333,17,29.971861
9.75,1,29.977991
8.353333,44,30.347133
10.466667,22,30.525695
10.091667,30,30.776067
8.313333,52,31.199985
10.338333,21,31.37239
10.635,15,31.495
10.705,10,31.578284
10.641667,5,31.619047
8.67,34,31.899589
9.926667,81,32.55855
10.328333,1,32.565794
9.99,2,32.582764
11.323333,2,32.599881
9.916667,34,32.874137
11.621667,9,32.946255
10.158333,8,33.009519
11.995,1,33.017127
9.99,2,33.032964
10.925,6,33.084506
10.661667,1,33.092828
10.878333,11,33.183209
11.016667,10,33.266676
10.081667,19,33.422904
9.59,59,33.905736
11.355,9,33.978896
10.381667,8,34.043119
10.291667,26,34.251976
10.575,27,34.474968
10.76,8,34.541971
10.625,17,34.683934
10.771667,41,35.011501
11.313333,4,35.043758
11.995,1,35.052294
10.77,6,35.101767
11.995,1,35.110889
10.858333,15,35.230384
10.985,3,35.25476
10.128333,1,35.265084
8.516667,56,41.125079
9.75,1,41.132357
10.985,3,41.157741
10.985,3,41.185924
10.651667,3,41.210913
10.885,14,41.327301
10.513333,4,41.36122
11.016667,10,41.445524
11.323333,2,41.46188
10.513333,4,41.495682
11.033333,11,41.590751
10.621667,9,41.668802
11.995,1,41.678042
11.155,9,41.756084
11.243333,18,41.907058
10.385,3,41.931588
10.641667,5,41.971951
10.656667,2,41.988431
10.74,12,42.090447
11.401667,4,42.123449
11.995,1,42.1318
11.063333,5,42.173926
10.75,10,42.261774
10.77,6,42.314878
10.898333,7,42.374189
10.288333,31,42.636616
10.51,9,42.712849
11.323333,2,42.729322
10.311667,22,42.917422
9.891667,8,42.986096
10.641667,5,43.028562
11.026667,8,43.096452
10.268333,35,43.39787
10.985,3,43.423602
11.995,1,43.43152
10.513333,17,43.573932
10.328333,1,43.583099
11.995,1,43.591507
10.661667,1,43.59941
10.898333,7,43.659631
10.641667,5,43.704047
10.611667,11,43.798682
10.46,19,43.96044
10.73,14,44.080315
10.898333,7,44.144887
11.26,19,44.306632
10.513333,4,44.340749
10.881667,19,44.499874
9.916667,21,44.681774
11.18,4,44.714573
10.76,8,44.783192
11.006667,12,44.88476
10.661667,1,44.893722
10.898333,7,44.951186
10.513333,4,44.983939
10.585,3,45.0086
10.77,6,45.141335
9.301905,47,45.525584
10.905,10,45.606758
8.371905,86,46.303027
10.74,12,46.396829
-2.888571,100,47.217178
9.83119,31,47.474132
10.492857,32,47.737644
9.75,1,47.746195
-4.031429,100,48.565002
10.985,3,48.591549
9.161905,26,48.80288
9.881905,29,49.03709
8.892143,99,55.277389
10.631667,7,55.338445
11.002619,9,55.411804
10.713333,26,55.626721
9.982381,47,56.005218
10.725,6,56.056475
10.631667,7,56.112061
10.702619,20,56.279316
10.382381,16,56.411356
9.532381,39,56.734981
-3.990714,100,57.562783
10.893095,20,57.726919
10.812381,28,57.959828
10.362619,39,58.274623
10.39,2,58.289848
-3.800238,100,59.114701
10.142143,45,59.486067
10.661667,1,59.494451
10.151429,35,59.783574
10.782857,23,59.973885
10.842381,22,60.151749
11.995,1,60.15968
10.77,6,60.211108
10.541429,6,60.259881
9.923095,67,60.820875
10.613095,27,61.053047
10.898333,7,61.111908
11.313333,4,61.144853
10.173095,17,61.288446
9.862143,52,61.714041
11.985,3,61.739466
11.323333,2,61.756686
10.812143,9,61.830489
-2.589048,100,62.66185
11.431667,7,62.721024
10.471905,9,62.793548
10.812143,9,62.866047
10.965,7,62.922529
10.661667,1,62.930679
9.75,1,62.938754
10.975,5,62.979681
10.872381,16,63.1139
9.702381,54,68.965494
10.923095,14,69.089616
11.072857,14,69.206099
10.822143,7,69.263205
9.99,2,69.282257
11.3,11,69.375544
10.792143,13,69.48514
11.504048,23,69.683729
11.323333,2,69.700767
11.17,6,69.752815
10.812143,9,69.828835
11.38381,28,70.065346
10.992619,11,70.158178
11.995,1,70.167532
10.972619,15,70.296421
11.995,1,70.305096
10.601667,13,70.425067
11.363571,13,70.535787
10.992619,11,70.626804
10.912381,8,70.698802
11.243333,18,70.857303
11.995,1,70.865941
10.281429,9,70.94042
10.330952,10,71.027056
10.360952,4,71.061026
10.812143,9,71.137899
10.762619,8,71.203873
11.012857,26,71.42503
11.17,6,71.475379
11.145,11,71.56662
11.985,3,71.59121
10.842857,11,71.689997
10.721905,8,71.755667
11.294048,16,71.891674
11.313333,4,71.926321
11.424762,47,72.312889
11.323333,2,72.32913
10.982619,13,72.443123
10.985,3,72.467748
10.812143,9,72.543079
10.652381,11,72.641483
11.183095,11,72.735645
11.082857,12,72.837909
10.585,3,72.862757
11.72,7,72.919775
10.631667,7,72.978333
10.633095,23,73.167465
11.38381,28,73.396072
10.721905,8,73.463124
11.995,1,73.47252
11.985,3,73.496931
10.912857,46,73.884849
11.365,7,73.946357
10.074524,53,74.393923
11.323333,2,74.410345
11.323333,2,74.426701
9.99,2,74.446117
9.75,1,74.453069
10.585,3,74.481583
10.721905,8,74.551455
-3.205,100,75.427687
-3.092857,100,76.25002
10.91,9,76.323952
-1.48,100,77.154195
-1.275714,100,83.474161
10.975,5,83.51745
10.952857,38,83.832899
10.63,25,84.037905
10.88,24,84.238161
10.573571,22,84.424386
9.75,1,84.430683
10.274286,39,84.755168
-2.082143,100,85.573866
-1.735,100,86.403706
10.172143,41,86.747594
10.785714,51,87.168455
9.793571,31,87.422431
10.886429,37,87.731497
10.676429,30,87.981979
10.797143,12,88.080488
10.859286,71,88.66756
11.365,7,88.726198
10.664286,10,88.809787
11.082857,12,88.905755
10.131667,9,88.982162
10.78,4,89.013967
9.752857,33,89.288549
10.262857,29,89.530242
9.511429,65,90.071925
10.475714,64,90.598041
10.205714,20,90.75832
10.091429,51,91.177217
10.244286,45,96.957384
11.205714,16,97.091528
11.145714,28,97.327469
-0.387857,100,98.167719
10.661667,1,98.177507
10.996429,15,98.303149
10.597857,9,98.376074
10.956429,23,98.564091
11.173095,13,98.671885
11.062857,16,98.811709
11.995,1,98.820786
10.68,15,98.944788
11.600714,37,99.255515
11.185714,20,99.419409
11.108571,15,99.542376
10.720714,13,99.65098
10.730714,11,99.743419
10.251429,15,99.862512
10.328333,1,99.872769
10.797143,12,99.968338
9.75,1,99.976592
11.263333,14,100.092641
11.022857,24,100.293039
10.132857,2,100.309631
10.992619,11,100.402608
10.547143,13,100.511262
10.664286,10,100.591257
11.54,12,100.69295
10.873571,11,100.782858
10.531429,8,100.850863
11.437857,41,101.190638
11.313333,4,101.223452
9.98,4,101.255412
10.607857,7,101.313496
11.43381,18,101.465077
10.923095,14,101.582291
9.99,2,101.599115
10.597857,9,101.673987
10.863571,13,101.783635
10.597857,9,101.8607
11.985,3,101.886211
11.411667,11,101.979269
10.654286,12,102.07889
10.720714,13,102.184691
10.521429,10,102.266533
10.996429,15,102.393261
10.547143,13,102.5048
11.125714,32,102.773062
11.062857,16,102.909912
10.93,14,103.030019
10.661667,1,103.038669
10.721905,8,103.103143
10.93,14,103.219852
11.078571,21,103.396737
10.664286,10,103.479628
11.272143,17,103.619325
11.16381,23,103.811548
10.902381,10,103.898578
10.517143,19,104.058819
11.247857,30,104.308518
10.583571,20,104.471159
10.777143,16,104.609785
10.730714,11,104.703261
10.68,15,104.833607
11.995,1,104.842257
11.135714,30,105.08904
10.94,12,105.186862
10.797143,12,105.28947
10.812143,9,105.366327
11.062857,16,110.970435
11.062857,16,111.105952
10.587857,11,111.199113
10.531429,8,111.265521
10.664286,10,111.349523
11.026667,8,111.416336
11.323333,2,111.432205
11.155,9,111.507002
10.797143,12,111.604759
10.853571,15,111.731087
10.996429,15,111.856553
11.129286,17,111.998888
11.205714,16,112.130934
10.797143,12,112.234565
11.328571,20,112.402511
10.873571,11,112.491287
10.730714,11,112.584714
11.338571,18,112.737391
10.935714,21,112.914199
11.252143,21,113.092021
10.465,7,113.150652
10.843571,17,113.29207
11.119286,19,113.455553
10.996429,15,113.586591
10.465,7,113.646407
10.812143,9,113.721485
10.531429,8,113.794095
10.465,7,113.849029
10.93,14,113.969072
10.902381,10,114.05438
11.195714,18,114.206698
10.93,14,114.327517
11.405,19,114.489111
10.398571,6,114.537323
10.807143,10,114.624031
10.648333,8,114.691998
10.332143,5,114.732444
11.461429,22,114.915966
11.985,3,114.94029
11.078571,21,115.115133
10.985,3,115.141241
10.758889,26,115.456606
10.641667,5,115.500785
-1.878889,100,116.323183
-1.891667,100,117.141663
-2.336111,100,117.966855
-1.846111,100,118.793871
-2.146667,100,125.10236
10.281429,9,125.178023
9.219444,100,126.010266
-1.99,100,126.831853
10.661667,1,126.842743
10.39,2,126.858798
10.731667,87,127.582348
10.461667,43,127.940367
-2.323333,100,128.770875
10.602222,26,128.985967
10.401111,44,129.348943
10.121667,62,129.857768
10.765556,60,130.340798
11.155,9,130.413225
8.946111,92,131.158704
-1.022778,100,131.98313
9.75,1,131.991511
10.006667,34,132.265929
-1.957222,100,133.085016
10.255556,11,133.17547
9.98,4,133.210176
11.995,1,133.218926
10.546111,13,133.335476
10.427778,21,139.010098
10.477778,11,139.101925
10.455,9,139.178581
10.15,23,139.367432
9.75,1,139.375122
10.960556,19,139.533672
10.596667,14,139.653459
11.012222,42,140.006781
11.17,6,140.056917
11.051667,23,140.247941
10.656667,2,140.26624
10.599444,20,140.435302
11.203333,26,140.662067
10.798889,18,140.814212
10.859444,17,140.957063
10.859444,17,141.098725
11.985,3,141.125394
10.812143,9,141.199304
10.746429,16,141.331565
11.173095,13,141.437116
10.785556,56,141.904459
10.667222,11,141.9981
10.457778,15,142.123343
10.677778,20,142.290406
10.661667,1,142.299934
10.89,22,142.482868
11.995,1,142.490645
10.407222,14,142.608765
10.797143,12,142.711493
10.720556,18,142.863036
10.597222,25,143.072651
11.091667,15,143.198698
11.031111,16,143.329645
10.91,18,143.482069
11.213333,24,143.683248
10.797143,12,143.783674
9.98,4,143.815039
10.606667,12,143.917605
11.283333,10,144.001982
11.995,1,144.010814
10.771667,30,144.252315
10.647222,15,144.378374
11.061667,21,144.560545
10.568889,15,144.686291
10.707778,14,144.808061
11.092222,26,145.032301
10.556111,11,145.124022
10.91,18,145.274396
10.849444,19,145.434907
11.263333,14,145.554705
9.75,1,145.563774
10.711111,31,145.822722
10.912778,24,146.024321
10.859444,17,146.16635
10.821667,20,146.330279
11.995,1,146.33917
11.313333,4,146.37351
10.859444,17,146.516803
10.641667,5,146.557746
11.011111,20,146.72222
11.17,6,146.773192
10.797143,12,146.876359
10.950556,21,147.051913
11.313333,4,147.087259
10.637222,17,147.23112
10.717778,12,147.333194
10.797143,12,147.4345
10.799444,29,153.160599
11.323333,2,153.177993
10.818889,14,153.296678
10.862222,23,153.488884
10.898333,7,153.545763
10.404444,8,153.612803
10.812143,9,153.688729
10.647222,15,153.815446
10.902381,10,153.895162
11.353571,15,154.020274
10.106667,14,154.139587
10.859444,17,154.278952
10.982619,13,154.386318
11.243889,29,154.630257
10.707778,14,154.749254
10.596667,14,154.863579
10.902381,10,154.950785
11.061667,21,155.127864
11.139286,15,155.253038
9.75,1,155.260246
11.328571,20,155.42387
10.88,24,155.618471
10.505556,10,155.70389
10.566111,9,155.780709
10.661667,1,155.790954
11.56,8,155.861728
11.283333,10,155.942538
11.152778,25,156.156753
10.811667,22,156.338821
10.985,3,156.364048
11.755,9,156.442444
10.808889,16,156.575844
11.173095,13,156.683838
10.768333,13,156.792142
10.657222,13,156.902413
11.995,1,156.910115
10.657222,13,157.019462
11.122222,20,157.18845
10.667222,11,157.279104
10.606667,12,157.379293
11.031667,27,157.607338
9.75,1,157.614896
11.011111,20,157.781302
10.807143,10,157.864395
10.45119,5,157.908801
11.203333,26,158.127089
11.172778,21,158.298673
10.656667,2,158.315441
11.041667,25,158.527389
11.365,7,158.585808
10.910556,29,158.82549
10.385,3,158.851658
11.162778,23,159.044461
10.91,18,159.19718
11.061667,21,159.376231
10.656667,2,159.39202
11.17,6,159.441577
10.859444,17,159.584659
10.748333,17,159.726284
11.557222,33,160.003866
11.313333,4,160.035211
10.808889,16,160.172797
10.585,3,160.198117
10.808889,16,160.33401
10.707778,14,160.450477
11.155,9,160.527121
10.811667,22,160.710495
10.468333,24,160.913615
10.657222,13,161.022393
11.313333,4,161.054252
11.082857,12,161.157434
10.661667,1,161.166627
10.647222,15,161.29319
11.016667,10,161.378097
10.404444,8,161.445429
10.960556,19,167.016336
10.661667,1,167.025361
10.697778,16,167.15625
11.011111,20,167.327624
10.657222,13,167.436572
11.162778,23,167.628425
10.707778,14,167.747885
11.122222,20,167.910811
10.447778,17,168.051912
11.026667,8,168.118683
10.66,19,168.275766
11.985,3,168.300047
10.808889,16,168.433585
11.323333,2,168.448621
10.687778,18,168.594095
9.75,1,168.601072
10.902381,10,168.688959
10.558889,17,168.82644
9.99,2,168.844418
11.314444,26,169.060327
10.656667,2,169.075873
11.112222,22,169.261155
10.91,18,169.409408
10.898333,7,169.46707
11.323333,2,169.483718
11.071667,19,169.63959
10.808889,16,169.769079
10.960556,19,169.925074
11.112222,22,170.10419
11.102222,24,170.307066
11.112222,22,170.493513
10.960556,19,170.652115
10.9,20,170.819451
11.071667,19,170.982119
11.283889,21,171.155336
10.657222,13,171.261039
11.062857,16,171.394229
10.839444,21,171.571949
11.995,1,171.580832
10.758333,15,171.710626
10.328333,1,171.718804
10.808889,16,171.847981
11.365,7,171.907888
10.180476,2,171.923858
11.411667,11,172.019729
11.102222,24,172.222203
10.859444,17,172.365641
10.870556,37,172.673489
10.398571,6,172.722358
11.365,7,172.777511
10.981111,26,172.992168
10.531429,8,173.059298
10.839444,21,173.230714
11.112222,22,173.416285
10.656667,2,173.431931
10.38,4,173.51439
-1.969444,100,174.332412
10.996429,15,174.457808
-4.173333,100,175.286427
-1.969444,100,181.522579
-2.48,100,182.356205
-1.456667,100,183.178572
-1.522778,100,183.999696
10.512778,13,184.10969
11.026667,8,184.177872
11.995,1,184.186291
11.263333,14,184.309166
-2.568889,100,185.141404
-1.923889,100,185.960867
-0.900556,100,186.797275
-2.637222,100,187.638027
-1.812222,100,188.472046
-1.568333,100,189.311941
10.627778,21,194.977008
10.844444,31,195.236274
10.444444,62,195.761007
10.696667,25,195.961102
11.995,1,195.970923
10.755556,31,196.226616
10.788889,20,196.396398
11.313333,4,196.432234
11.995,1,196.440506
10.898333,7,196.501199
10.390556,24,196.702155
11.026667,8,196.768674
10.028333,34,197.050336
10.368889,55,197.507794
10.597778,27,197.730344
10.827778,30,197.977831
10.585,3,198.000963
10.661667,1,198.008522
10.39,2,198.025836
11.313333,4,198.057925
10.696667,25,198.268399
-2.078889,100,199.093275
10.593889,41,199.436105
11.084444,32,199.70716
11.065,27,199.934233
10.859444,17,200.072706
10.664286,10,200.160203
10.749444,19,200.318956
11.365,7,200.382596
10.532222,18,200.5346
11.104444,28,200.766926
10.788333,29,201.0085
10.660556,19,201.1674
11.065,27,201.393952
10.828333,21,201.568342
10.78,4,201.601246
11.995,1,201.610352
10.788889,20,201.775967
11.026667,8,201.839983
10.828333,21,202.013849
10.774444,45,202.390111
10.328333,1,202.398939
10.548889,19,202.561193
9.75,1,202.569091
10.78,4,202.607475
10.857778,24,202.806115
11.013333,64,203.342991
10.512778,13,203.455679
11.273333,12,208.968839
10.788889,20,209.135876
10.749444,19,209.296222
10.591667,15,209.426171
10.499444,20,209.593962
10.77,6,209.644804
10.795,32,209.913658
10.768889,24,210.115475
11.173095,13,210.227095
10.946667,24,210.429401
10.877222,29,210.671039
10.898333,7,210.730011
10.631111,16,210.864456
10.455,9,210.940598
10.591667,15,211.072483
-2.190556,100,211.905818
11.173095,13,212.016661
11.143889,29,212.257653
10.749444,19,212.415901
11.212778,33,212.694138
10.641667,5,212.735613
10.66,28,212.967735
9.749444,23,213.161436
10.670556,17,213.303174
11.143889,29,213.546089
10.631111,16,213.675936
11.011111,20,213.846236
11.031111,47,214.243386
10.42,27,214.476645
11.039444,72,215.084598
10.898333,7,215.142852
10.916111,39,215.470471
10.103889,8,215.536792
10.466667,22,215.719541
11.129286,17,215.86189
10.936667,26,216.081923
10.966667,20,216.244873
10.828333,21,216.420948
11.065,27,216.646372
10.78,4,216.68084
10.808333,25,216.890424
11.301111,42,217.24004
10.738333,39,222.96572
10.518333,14,223.083012
10.996429,15,223.208827
11.075,25,223.419997
11.082857,12,223.518421
10.77,6,223.567629
10.631111,16,223.703837
10.617778,23,223.899529
11.129286,17,224.043422
11.133333,40,224.375995
11.012143,20,224.542893
10.775556,27,224.767714
11.082857,12,224.868798
10.686111,36,225.177264
10.946667,24,225.378173
10.788889,20,225.549071
10.631111,16,225.684002
10.798889,18,225.836319
11.755,9,225.911466
11.995,1,225.921458
10.976111,27,226.151515
11.063333,5,226.192492
10.736111,26,226.413987
10.907222,23,226.615092
11.084444,32,226.881474
10.740714,9,226.955941
9.99,2,226.974012
11.104444,28,227.218824
10.502778,15,227.349933
10.916667,30,227.6001
11.065,27,227.824463
11.015556,28,228.055517
10.719444,25,228.266262
10.45119,5,228.308135
10.808333,25,228.517063
9.75,1,228.524454
10.867778,22,228.711145
10.650556,21,228.888663
11.340556,43,229.24424
11.155,9,229.320305
10.867778,22,229.501512
10.788889,20,229.667447
10.670556,17,229.80787
10.898333,7,229.86428
11.283333,10,229.949031
10.986111,25,230.158239
10.680556,15,230.284766
11.025556,26,230.49944
10.739444,21,230.679327
11.323333,2,230.696599
11.065,27,230.922916
10.798333,27,231.148178
11.005556,30,231.401725
10.670556,17,237.022128
10.696667,25,237.235326
10.736111,26,237.461379
10.303333,6,237.512739
11.075,25,237.723581
11.022222,31,237.982352
10.828333,21,238.159836
10.617778,23,238.355348
10.91,18,238.507349
10.93,14,238.624193
10.617778,23,238.819351
10.907222,23,239.010276
10.670556,17,239.154499
10.512778,13,239.263987
11.055,29,239.50551
11.065,27,239.733922
11.025556,26,239.950652
10.828333,21,240.128867
10.591667,15,240.251211
10.707778,14,240.374613
10.736111,26,240.598905
10.562222,12,240.697919
10.946667,24,240.895508
10.859444,17,241.046093
11.122222,20,241.214203
10.631111,16,241.349008
10.976111,27,241.572258
10.597222,36,241.866652
11.104444,28,242.109942
11.005556,30,242.359746
10.631111,16,242.488851
10.739444,21,242.671008
11.114444,26,242.890338
10.972778,32,243.158498
10.585,3,243.185313
10.513333,4,243.217884
9.99,2,243.234909
11.123889,33,243.518887
10.670556,17,243.662081
10.512778,13,243.766917
10.72,16,243.901251
11.143889,29,244.146948
10.631111,16,244.285449
10.749444,19,244.442022
10.71,18,244.595334
10.798889,18,244.748406
10.788889,20,244.91742
10.986111,25,245.127036
10.552222,14,245.243788
10.877778,20,245.411116
10.552222,14,245.535365
11.074444,34,251.235027
9.99,2,251.253118
9.99,2,251.269987
10.670556,17,251.409703
10.946667,24,251.611656
10.256667,2,251.627825
10.195,1,251.637007
10.749444,19,251.797019
11.313333,4,251.828206
10.661667,1,251.835858
10.965556,38,252.155223
10.946667,24,252.35939
11.114444,26,252.579492
10.571667,19,252.742053
10.601667,13,252.856473
10.838333,19,253.009164
10.867778,22,253.191934
11.301667,33,253.464232
10.670556,17,253.606879
10.71,18,253.761418
10.513333,4,253.79723
11.065,27,254.018317
11.104444,28,254.248804
10.985,3,254.274485
10.975,5,254.315219
10.788889,20,254.476593
10.986111,25,254.68583
10.641111,14,254.802476
10.828333,21,254.979697
11.43,34,255.262752
10.798889,18,255.410537
10.907222,23,255.598955
10.721905,8,255.664466
10.680556,15,255.794001
10.986111,25,256.006309
10.859444,17,256.146683
11.104444,28,256.378007
10.996111,23,256.574561
10.778889,22,256.758927
10.946667,24,256.962942
10.986111,25,257.172587
10.907222,23,257.370552
10.828333,21,257.552589
-1.350455,121,258.719993
-3.635909,121,265.218977
10.863571,13,265.335418
-1.821364,121,266.346429
10.859444,17,266.492187
-1.913182,121,267.497152
10.627273,20,267.667001
-1.495909,121,268.6723
-1.894091,121,269.674876
-2.257727,121,270.676878
-2.049091,121,271.692001
-1.568636,121,272.700965
-1.059545,121,279.193711
11.129286,17,279.336034
10.585,3,279.360031
10.544545,22,279.549117
10.471818,22,279.73301
10.765455,36,280.042096
-1.423182,121,281.049367
11.995,1,281.059045
-1.631818,121,282.050525
10.697778,16,282.186463
10.942273,37,282.493426
9.99,2,282.512973
10.981818,80,283.187063
11.094444,30,283.445917
-0.623182,121,284.458545
11.112222,22,284.64564
10.794091,23,284.838309
10.898333,7,284.897229
10.684091,45,285.273515
-1.840455,121,286.28613
10.290909,62,286.804757
10.273182,20,286.973043
9.98,4,287.008197
-1.549545,121,293.4159
10.485455,43,293.781667
10.902381,10,293.865561
10.907222,23,294.062235
10.868182,30,294.314199
10.878182,28,294.55531
10.752727,24,294.753978
10.638636,25,294.965329
10.544545,22,295.151261
10.744091,33,295.422844
10.721905,8,295.490746
9.75,1,295.500676
11.162778,23,295.693417
-1.404091,121,296.706672
10.753636,33,296.97934
10.641667,5,297.021514
11.995,1,297.03044
10.863571,13,297.140773
10.127273,22,297.329179
10.308182,93,298.107063
9.952273,39,298.427541
11.985,3,298.451822
10.471818,22,298.634212
10.765455,36,298.937858
10.44,23,299.134527
10.909545,29,299.377885
10.912273,43,299.733709
10.603636,63,300.268242
11.103182,63,300.796732
11.101818,56,301.268033
10.42,27,301.493833
10.574545,16,301.631285
10.627273,20,307.289886
11.082857,12,307.392477
11.045,31,307.647683
10.93,14,307.764389
10.597273,26,307.977898
10.846818,27,308.203983
9.99,2,308.220562
11.046364,38,308.539176
11.011111,20,308.707197
11.011111,20,308.870989
10.993636,34,309.155342
11.56,8,309.226778
10.866818,23,309.42051
11.313333,4,309.453652
11.285909,41,309.802198
11.026667,8,309.868353
11.017727,51,310.304542
10.564545,18,310.456784
10.721905,8,310.526283
10.67,26,310.745299
10.867778,22,310.934599
10.752727,24,311.134427
11.995,1,311.142648
10.533182,17,311.283799
10.893636,54,311.730487
10.909545,29,311.976835
11.323333,2,311.993675
11.056364,36,312.291154
10.826364,33,312.578692
10.907222,23,312.771717
10.723636,39,313.097789
11.152778,45,313.474645
10.962273,33,313.755358
10.889545,33,314.036234
10.627273,20,314.202248
10.595909,19,314.362287
10.972273,31,314.625857
10.942273,37,314.938138
11.025,35,315.229304
10.745455,40,315.572639
10.940909,30,321.302324
10.812143,9,321.37796
10.899545,31,321.642094
10.868182,30,321.891195
10.501818,16,322.028493
10.283182,18,322.179199
10.470455,15,322.306789
11.641667,5,322.349411
10.930909,32,322.617491
10.812857,17,322.760618
-1.641364,121,323.769805
11.985,3,323.795061
10.585909,21,323.971203
10.910909,36,324.278798
11.995,1,324.286899
11.162778,23,324.48785
10.877778,20,324.656801
10.963636,40,324.997439
10.555455,29,325.243664
10.878182,28,325.482294
10.815455,26,325.700208
10.639545,34,325.987546
10.78,4,326.023577
10.93,14,326.138948
10.815455,26,326.358525
11.213333,24,326.561217
10.68,24,326.762947
10.787727,48,327.163879
10.752727,24,327.366322
9.75,1,327.373605
11.107727,33,327.658599
11.155,9,327.735209
10.69,22,327.92077
10.996111,23,328.116641
10.846818,27,328.350564
10.595909,19,328.508646
10.93,14,328.630511
9.714545,103,329.497838
10.701364,27,329.726492
10.711364,25,335.422091
10.878182,28,335.654359
10.828333,21,335.834553
10.721364,23,336.030473
10.721364,23,336.223005
11.44381,16,336.358661
10.265714,4,336.39218
11.288636,55,336.858989
10.429091,16,336.99417
11.056364,36,337.295008
11.395,21,337.468431
10.878182,28,337.700537
10.869091,39,338.026872
10.858182,32,338.296802
10.721364,23,338.488971
10.940909,30,338.747112
10.868182,30,338.997018
11.066364,34,339.280107
10.868182,30,339.530489
10.816364,35,339.823284
11.066364,34,340.106965
10.367273,23,340.304714
10.555455,29,340.551957
10.552222,14,340.674046
10.752727,24,340.8776
11.160455,37,341.187696
10.868182,30,341.437825
10.784091,25,341.646415
10.789091,55,342.113593
10.752727,24,342.316185
11.183333,30,342.568462
10.533182,17,342.710629
10.952273,35,343.00007
10.909545,29,343.246877
9.75,1,343.254217
10.898333,7,343.315633
9.99,2,343.332741
11.995,1,343.341479
10.878182,28,343.57682
10.700909,29,343.826872
10.658636,21,344.002873
10.657222,13,349.594076
10.940909,30,349.846157
11.165714,24,350.046521
10.846818,27,350.277849
10.711364,25,350.486546
11.155,9,350.563926
10.993636,34,350.848544
10.541429,6,350.89729
10.892381,12,350.998709
10.627273,20,351.16193
11.263889,25,351.371751
11.055,29,351.619474
10.731364,21,351.800543
10.595909,19,351.965896
10.749444,19,352.125576
10.826818,31,352.383869
10.167727,12,352.481078
11.641667,5,352.524476
10.950909,28,352.763111
10.607273,24,352.964617
11.323333,2,352.98252
10.815455,26,353.207391
11.233182,37,353.523598
10.742727,26,353.739552
10.641667,5,353.781699
10.902381,10,353.863873
10.598636,33,354.144237
11.54,12,354.246948
11.035,33,354.526789
11.076364,32,354.797344
11.183333,30,355.04909
10.867778,22,355.233697
10.815455,26,355.451355
11.995,1,355.459657
10.465,7,355.519618
10.919545,27,355.748292
10.605909,17,355.890959
11.365,7,355.948845
10.533182,17,356.09119
10.940909,30,356.33982
10.909545,29,356.581051
10.863571,13,356.687781
10.627273,20,356.857209
10.606667,12,356.958611
10.774091,27,357.187441
10.422273,43,357.550959
11.003636,32,357.819394
10.562143,10,357.902694
10.220455,16,358.033862
10.972273,31,363.779737
10.637273,18,363.930791
10.69,22,364.118367
10.975,5,364.160177
10.77,6,364.210897
11.066364,34,364.499356
11.985,3,364.524322
10.656667,2,364.541179
10.357273,25,364.753997
11.066364,34,365.036552
10.996429,15,365.161871
10.328333,1,365.169887
10.71,18,365.322301
10.812143,9,365.397169
11.17,6,365.445676
10.752727,24,365.647476
11.195714,18,365.79564
10.975,5,365.838603
10.982273,29,366.082089
11.95,10,366.162081
10.940909,30,366.409921
10.721364,23,366.600679
10.752727,24,366.798038
10.909545,29,367.040621
11.365,27,367.266331
10.533182,17,367.409826
10.866818,23,367.605069
10.721364,23,367.798388
10.595909,19,367.960118
10.962273,33,368.23349
10.661667,1,368.2416
11.755,9,368.316093
10.661667,1,368.325801
10.78,4,368.360243
11.097727,35,368.653938
9.98,4,368.687902
11.174545,56,369.162116
10.784091,25,369.373395
10.878182,28,369.60786
11.160455,37,369.916105
10.784091,25,370.119947
11.035,33,370.400192
10.328333,1,370.409323
10.418636,20,370.579977
10.552222,14,370.694576
11.323333,2,370.711268
11.066364,34,371.000114
10.784091,25,371.213144
11.129091,36,371.517566
10.854545,120,377.929396
10.808889,16,378.061674
10.587727,39,378.378949
11.461429,22,378.614952
-1.631667,144,379.814913
-3.22803,144,381.009068
-0.750303,144,382.231156
-2.24803,144,383.441699
-2.523333,144,384.657888
10.661667,1,384.668323
-1.571061,144,385.881431
-1.846364,144,392.517196
-1.598788,144,393.723184
-2.308636,144,394.928635
-3.894697,144,396.136861
11.537857,21,396.307463
-1.295758,144,397.502988
10.385,3,397.528219
10.996429,15,397.651706
10.797143,12,397.749755
-1.72,144,398.960478
9.937879,72,399.562326
-1.366667,144,406.172664
11.155,9,406.254606
10.627273,20,406.427042
10.865606,39,406.744642
10.619697,70,407.330837
10.799697,34,407.613328
11.353571,15,407.735938
10.723788,31,407.991214
-2.429848,144,409.20081
10.77,6,409.257876
10.896212,45,409.640685
10.946667,24,409.84436
10.455455,18,409.995249
10.577879,42,410.341341
10.835,33,410.617892
10.58197,23,410.815629
10.713788,33,411.09372
10.192576,64,411.629488
10.513333,4,411.662037
9.853788,58,412.143803
11.313333,4,412.178957
10.584545,76,412.807977
10.657879,26,413.025652
-2.545909,144,419.645708
9.529242,85,420.35059
11.17,6,420.39854
10.683182,27,420.62431
10.542121,85,421.330144
10.733788,29,421.569799
10.531364,21,421.7419
10.813333,55,422.20103
10.759091,30,422.446878
11.323333,2,422.463402
10.713788,33,422.744926
10.475,56,423.209816
10.688485,32,423.475509
10.325606,49,423.879423
11.022727,50,424.295365
10.769697,40,424.638004
10.302727,47,425.025722
10.890909,40,425.362246
10.78,4,425.393997
10.413182,32,425.659589
10.936818,49,426.063749
10.855606,41,426.399741
11.641667,5,426.444093
10.546667,24,426.647974
10.555,40,426.986022
-1.538182,144,433.653862
10.433182,28,433.885929
10.733788,29,434.126102
10.713788,33,434.403233
10.39,2,434.42126
10.809697,32,434.686888
10.749091,32,434.953587
10.775606,57,435.425994
11.323333,2,435.443061
10.667879,24,435.639166
10.546667,24,435.834515
11.062857,16,435.967246
10.642576,23,436.160112
10.93,14,436.275607
10.759091,30,436.523173
10.744394,39,436.852101
10.812727,43,437.208545
10.443788,38,437.52811
10.759091,30,437.778188
10.658636,21,437.952694
10.759091,30,438.201061
11.365,7,438.258914
10.951515,40,438.592658
11.365,7,438.652248
9.962121,103,439.514155
10.779697,38,439.837559
9.99,2,439.854079
9.791061,118,440.859104
10.77,6,440.907279
11.181818,40,441.247216
9.99,2,441.262636
10.483788,30,441.514673
10.809697,32,441.780809
10.846818,27,442.005784
11.323333,2,442.022879
10.683182,27,447.669439
11.082857,12,447.770984
10.587273,28,448.006399
10.157879,28,448.23964
10.769697,40,448.580194
10.651515,51,449.000787
10.483788,30,449.246111
10.463788,34,449.528478
10.749091,32,449.795427
10.895606,33,450.073676
10.659242,55,450.529116
10.997424,49,450.94142
10.055455,31,451.20449
11.037424,41,451.548208
10.693788,37,451.859859
10.580303,41,452.195473
10.759091,30,452.447709
11.995,1,452.455372
10.683182,27,452.682951
10.992121,44,453.047117
10.657879,26,453.267574
10.667879,24,453.471007
11.155,9,453.544648
10.656667,2,453.562274
10.600303,37,453.871705
10.916212,41,454.213978
10.469091,39,454.539213
11.323333,2,454.554942
10.736818,40,454.895384
10.784394,31,455.152579
10.620303,33,455.427468
10.936212,37,455.731194
10.808889,16,455.864269
10.796212,65,461.826958
10.992619,11,461.919472
10.885606,35,462.208392
10.385,3,462.23472
10.784394,31,462.491703
11.07803,45,462.87611
10.729697,48,463.280736
11.995,1,463.289098
10.985,3,463.317399
10.895606,33,463.594339
10.823333,53,464.036484
10.834545,75,464.668073
10.910909,36,464.969476
10.605,30,465.219542
10.860303,34,465.50381
10.996429,15,465.628633
11.104444,28,465.862857
10.556818,76,466.491248
10.744394,39,466.81411
10.565,38,467.126809
10.888636,46,467.50943
10.592576,33,467.777852
10.986818,39,468.102805
10.433182,28,468.334805
10.723788,31,468.588773
10.809697,32,468.84952
10.708485,28,469.087061
10.853333,47,469.476892
11.97,6,469.527415
10.385,3,469.551844
10.591667,15,469.680449
9.99,2,469.69861
10.421515,48,475.512485
11.314444,26,475.732788
11.995,1,475.743292
11.012727,52,476.178911
10.774394,33,476.456387
11.012121,40,476.789189
10.516061,18,476.94522
10.910909,36,477.248258
10.607273,24,477.451863
10.956818,45,477.836433
10.890909,40,478.165808
10.635606,36,478.466364
10.708485,28,478.697918
10.794394,29,478.94136
10.996818,37,479.250914
10.622576,27,479.477767
11.029242,79,480.138351
10.784394,31,480.403858
10.683182,27,480.634406
10.860303,34,480.909902
10.581111,26,481.132789
11.012121,40,481.468729
10.585,34,481.750181
10.75803,60,482.247737
10.809697,32,482.519494
11.985,3,482.544586
10.966818,43,482.905355
10.637879,30,483.153446
10.926212,39,483.479906
11.129286,17,483.623531
10.351515,62,489.565953
10.743788,27,489.794598
10.664394,55,490.244895
10.606667,12,490.343263
10.849091,43,490.710567
11.08803,43,491.072244
11.995,1,491.080709
10.809697,32,491.35398
10.826818,31,491.612051
10.815,37,491.922164
11.262143,19,492.078427
10.835,33,492.350623
10.708485,28,492.586655
10.898636,44,492.953857
10.195,1,492.963146
10.794394,29,493.201836
11.985,3,493.227987
11.313333,4,493.261335
10.784091,25,493.466964
11.062727,42,493.822102
10.966818,43,494.178621
11.139242,57,494.654071
10.867778,22,494.839031
10.845,31,495.094275
-3.101667,144,496.295834
10.328333,1,496.306113
10.58197,23,496.499294
10.946212,35,496.792284
10.975,5,496.83343
10.932727,68,497.400031
10.733788,29,497.642554
10.870909,44,498.005347
10.733788,29,503.670173
10.708485,28,503.907261
10.531364,21,504.081419
10.885606,35,504.36796
10.418636,20,504.537819
11.995,1,504.546557
10.328333,1,504.556112
10.985,3,504.586661
11.169242,51,505.018453
10.809697,32,505.292376
10.701515,41,505.634168
11.128636,47,506.02787
11.173939,44,506.402869
11.037424,41,506.746332
10.902381,10,506.831584
11.076364,32,507.103644
10.784394,31,507.360145
10.632576,25,507.568205
10.885606,35,507.86421
10.860303,34,508.151122
11.037424,41,508.493513
10.936212,37,508.801765
10.71,18,508.952363
10.733788,29,509.196161
10.863571,13,509.307289
11.037424,41,509.657874
11.138636,45,510.039235
10.733788,29,510.284328
10.975,5,510.32598
10.885606,35,510.614208
10.784394,31,510.883745
9.75,1,510.89223
10.683182,27,511.120076
10.683182,27,511.348915
10.860303,34,511.63766
11.113333,44,512.012149
11.08803,43,517.857546
10.357273,25,518.068788
11.313333,4,518.102844
10.885606,35,518.386564
11.037424,41,518.726388
10.784394,31,518.982964
10.986818,39,519.30686
10.546667,24,519.509856
10.632576,25,519.719738
10.828333,21,519.895732
11.026667,8,519.963065
11.365,7,520.025479
10.637879,30,520.276337
11.263333,14,520.39879
11.062727,42,520.749765
10.985,3,520.777911
11.995,1,520.78761
10.775,45,521.154541
10.835,33,521.433795
10.830303,40,521.769384
11.002121,42,522.123949
9.75,1,522.131407
10.546667,24,522.334686
11.283333,10,522.417939
10.936212,37,522.723451
11.010455,58,523.21067
10.975,5,523.252995
10.910909,36,523.549865
11.113333,44,523.906348
11.224545,46,524.287642
10.915152,71,524.887177
10.585,34,525.167662
10.784394,31,525.427125
10.719091,38,525.746329
11.012121,40,526.080742
10.733788,29,531.801703
10.875606,37,532.114948
10.759091,30,532.362828
10.815,28,532.599546
11.113333,44,532.966786
11.179242,49,533.380011
10.885606,35,533.672812
11.153939,48,534.069766
10.541364,19,534.231377
10.900909,38,534.553987
11.263333,14,534.670564
10.860303,34,534.95508
10.706818,46,535.343067
10.708485,28,535.580859
10.961515,38,535.89901
11.098636,53,536.345683
10.357273,25,536.553582
11.129286,17,536.698262
10.784394,31,536.961473
10.657879,26,537.180034
10.683182,27,537.407285
10.713788,33,537.68595
11.283333,10,537.769437
10.975,5,537.811577
10.58197,23,538.009708
11.012121,40,538.347615
10.797143,12,538.448569
11.54,12,538.551105
10.597857,9,538.627536
10.789697,36,538.933728
10.733788,29,539.173686
10.667879,24,539.3708
10.885606,35,539.662774
11.022727,50,540.079214
10.985,3,540.104946
-1.927564,169,547.11526
-2.052949,169,548.530815
-2.454615,169,549.95469
-2.001667,169,551.396276
10.585,3,551.424919
-1.423333,169,552.849973
-2.221026,169,559.751182
-1.320769,169,561.159847
-2.095641,169,562.573116
-1.628462,169,563.973654
-5.571282,169,565.386358
-1.819359,169,566.787467
10.758333,15,566.915784
-1.950385,169,573.734963
10.664286,10,573.817605
10.171795,42,574.165258
10.414103,30,574.413293
-1.768077,169,575.811622
10.735,53,576.250154
10.556282,50,576.668679
-2.594231,169,578.092247
10.307949,33,578.372133
10.816923,52,578.805554
10.57859,33,579.081072
10.556282,50,579.502025
10.407949,62,580.025878
9.75,1,580.033807
9.75,1,580.042898
9.817308,28,580.279594
10.722436,35,580.575803
10.347564,53,581.01938
10.261795,122,582.038987
10.494359,47,587.915588
10.712051,65,588.463493
9.855641,87,589.187771
-1.819359,169,590.597858
10.19,24,590.801072
11.213333,24,590.998012
10.421154,36,591.293585
10.701795,34,591.575408
10.551154,59,592.061567
9.98,4,592.095838
10.619231,30,592.349596
-1.819359,169,593.764829
10.585641,39,594.097145
10.622436,55,594.56419
10.639872,31,594.826939
10.701795,34,595.114331
10.557308,27,595.345881
9.764615,128,601.905734
11.995,1,601.913769
9.895,74,602.531401
10.755,49,602.931855
11.641667,5,602.974514
10.887564,43,603.326101
10.454744,27,603.554803
10.888205,48,603.968163
10.638205,49,604.377094
11.365,7,604.438537
10.992051,58,604.925138
10.235641,60,605.431731
10.773718,35,605.725392
10.840303,38,606.045649
10.805,39,606.369828
10.743788,27,606.594345
10.309615,15,606.719348
10.441154,32,606.989047
-2.104231,169,608.39966
10.529231,48,608.803441
10.908205,44,609.176966
11.641667,5,609.217461
10.560513,52,609.654881
10.682436,43,610.016383
9.75,1,610.024182
11.004615,76,616.099999
11.17,6,616.150467
10.920128,57,616.628692
11.395,21,616.801272
10.637273,18,616.954182
10.784615,71,617.557482
10.483077,39,617.883803
10.369231,31,618.143863
10.878182,28,618.380825
10.816282,47,618.778283
10.408205,46,619.162126
10.657222,13,619.272515
10.434103,26,619.488179
10.996429,15,619.614178
11.985,3,619.640789
10.816282,47,620.03688
10.493077,37,620.354198
10.664286,10,620.436889
10.805,39,620.761787
11.411667,11,620.852051
10.621154,45,621.233964
10.656667,2,621.251508
10.722436,35,621.549238
10.555641,45,621.920352
10.472436,36,622.221717
10.908846,49,622.633563
10.369872,36,622.930895
10.474359,51,623.358444
10.858205,54,623.808337
10.577949,28,624.03959
10.939487,48,629.855412
10.499444,20,630.020885
11.187179,60,630.518646
10.606923,45,630.889938
11.156538,61,631.395802
11.323333,2,631.412136
10.670556,17,631.551206
10.59859,29,631.793525
10.763718,37,632.104234
10.389872,32,632.372249
10.619231,30,632.626139
10.507949,42,632.966718
10.803333,57,633.44302
10.733077,38,633.76271
10.577949,28,633.996666
10.825641,40,634.330195
11.313333,4,634.364019
10.763718,37,634.669813
10.536667,26,634.888887
10.439487,50,635.320083
10.523718,36,635.622072
10.585,3,635.647668
9.99,2,635.666532
10.952051,66,636.221482
11.075,25,636.434068
10.919487,52,636.87072
10.619231,30,637.118397
9.75,1,637.126056
10.735,53,637.571362
10.695897,148,644.230994
10.743077,36,644.532474
10.784359,38,644.856938
10.980128,45,645.242114
10.656667,2,645.259208
11.026667,8,645.329504
10.980769,50,645.746409
10.888846,53,646.197181
9.75,1,646.205522
10.784394,31,646.465887
11.97,6,646.516389
10.701795,34,646.804992
10.661667,1,646.813959
10.670556,17,646.95504
10.157727,14,647.073515
10.514359,43,647.430788
10.960128,49,647.834421
10.908205,44,648.194481
10.577949,28,648.430447
10.484744,21,648.60642
10.805,39,648.936121
10.630513,38,649.249412
10.826923,50,649.659606
10.411795,43,650.015956
10.763077,32,650.280079
10.526282,56,650.747162
10.701795,34,651.029737
10.256667,33,651.301979
10.557308,27,651.530509
9.75,1,651.537577
10.860303,34,651.81784
10.825641,40,652.146975
10.836282,43,657.919353
10.577949,28,658.151712
10.743077,36,658.452941
10.658205,45,658.824789
10.815,37,659.133256
11.995,1,659.14212
10.722436,35,659.43113
10.721905,8,659.497911
10.797143,12,659.597213
10.701795,34,659.878629
10.721905,8,659.946993
10.876923,40,660.280968
10.920128,57,660.756842
10.657222,13,660.869785
9.99,2,660.886426
10.94141,63,661.409111
10.732436,33,661.687062
10.959487,44,662.059376
11.148636,43,662.419109
11.026667,8,662.484928
10.693974,84,663.185867
10.866923,42,663.543164
10.385,3,663.567478
10.950128,51,663.992132
10.763718,37,664.302726
10.908205,44,664.67603
11.02141,47,665.067454
9.98,4,665.100265
10.795641,46,665.487541
10.600513,44,665.852159
10.794359,36,666.154929
10.939487,48,671.962381
10.910909,36,672.265727
10.722436,35,672.553544
10.667879,24,672.751075
10.484744,21,672.928531
11.323333,2,672.946439
10.918205,42,673.297614
10.649872,29,673.538713
10.671154,35,673.831762
10.815,37,674.150964
10.722436,35,674.447766
10.721905,8,674.516901
10.949487,46,674.90541
10.856282,39,675.239177
10.480128,47,675.633554
11.323333,2,675.650612
10.784359,38,675.975722
11.062857,16,676.109074
10.949487,46,676.504995
10.794359,36,676.806352
10.795,41,677.147949
11.195714,18,677.297778
11.641667,5,677.341127
10.649103,85,678.05632
11.263889,25,678.265301
10.918205,42,678.622112
10.940128,53,679.061841
11.301667,33,679.341921
10.721795,30,679.590765
10.990769,48,679.996505
10.74141,54,685.91973
10.681154,33,686.196189
10.722436,35,686.499447
10.660513,32,686.768533
10.794359,36,687.071307
10.606667,12,687.170564
10.711795,32,687.436581
-2.09,169,688.856604
10.660513,32,689.133348
10.732436,33,689.409101
10.918846,47,689.787074
10.733077,38,690.103939
10.815641,42,690.447923
10.784359,38,690.759887
10.784359,38,691.077515
10.898333,7,691.138078
10.762121,41,691.482764
10.515385,20,691.64764
11.985,3,691.67214
11.103974,51,692.1057
9.75,1,692.113121
10.707778,14,692.23031
10.926538,58,692.716912
10.721905,8,692.78006
10.713718,47,693.183403
10.661667,1,693.192108
10.815,37,693.507749
11.042051,48,693.906219
11.052692,51,694.335806
10.473333,12,699.911965
11.052692,51,700.340797
10.795,41,700.692366
10.531429,8,700.758905
10.805,39,701.087431
11.104615,56,701.559099
10.243077,38,701.875454
10.619231,30,702.12739
11.223333,22,702.3144
10.784359,38,702.635513
10.763718,37,702.941972
10.784359,38,703.260619
10.59859,29,703.502319
11.300385,63,704.036583
9.75,1,704.044557
11.043333,58,704.524703
10.836282,43,704.884283
10.856282,39,705.212629
10.691154,31,705.471731
10.866923,42,705.820341
10.805,39,706.143083
10.805,39,706.471362
10.722436,35,706.766927
11.00141,51,707.1926
10.990769,48,707.590671
10.812727,43,707.951373
11.195714,18,708.10174
10.970769,52,714.010131
10.985,3,714.034574
10.744359,46,714.426045
10.784359,38,714.741627
11.183333,30,714.991546
10.805,39,715.3155
10.939487,48,715.720229
10.701795,34,715.999445
10.825641,40,716.337255
10.536667,26,716.549729
10.887564,43,716.911398
10.701795,34,717.19932
10.975,5,717.242017
10.908205,44,717.611462
10.928846,45,717.996356
10.796923,56,718.471672
10.59859,29,718.722105
10.996429,15,718.843725
11.155,9,718.917641
10.985,3,718.941113
11.042692,53,719.388216
10.681154,33,719.665663
10.721364,23,719.856188
10.805,39,720.176932
10.996429,15,720.301645
10.629231,28,720.543494
10.970128,47,720.938039
10.701795,34,721.224094
10.681154,33,721.49526
10.723077,40,721.828829
11.073333,52,722.263278
10.723077,40,728.011222
11.641667,5,728.05477
10.379231,29,728.294983
10.631111,16,728.43501
10.619231,30,728.68312
10.876923,40,729.009797
-1.357821,169,730.421505
10.516026,25,730.633017
10.722436,35,730.92585
11.032051,50,731.340923
10.996429,15,731.465096
10.763718,37,731.772053
10.701795,34,732.053691
10.763718,37,732.364796
10.915897,55,732.820798
10.605641,35,733.116575
10.784359,38,733.436912
10.474744,23,733.629611
10.949487,46,734.011302
10.640513,36,734.309933
10.856923,44,734.671177
11.011111,20,734.830156
10.743077,36,735.131604
10.606282,40,735.462182
10.474744,23,735.652482
11.668333,13,735.759309
10.763718,37,736.058992
10.928846,45,736.42723
10.902381,10,741.93194
10.681154,33,742.210226
10.671154,35,742.500885
10.660513,32,742.758071
10.691154,31,743.013421
10.657879,26,743.232321
10.887564,43,743.590453
10.908205,44,743.95659
10.676538,59,744.455324
10.495385,24,744.657282
10.513333,4,744.688412
10.887564,43,745.046699
10.619231,30,745.292945
10.752727,24,745.492446
10.908205,44,745.846944
10.867778,22,746.031657
10.782692,56,746.495691
10.412821,20,746.666642
9.75,1,746.675233
10.866923,42,747.049406
10.784359,38,747.388767
10.619231,30,747.63954
11.365,7,747.69935
10.986111,25,747.914652
10.959487,44,748.288342
10.805,39,748.625231
10.733077,38,748.939403
11.012121,40,749.275688
10.577949,28,749.511421
10.887564,43,749.871089
10.879487,60,750.370879
10.33859,32,756.053589
10.992619,11,756.141215
10.859444,17,756.284091
11.313333,4,756.31866
11.035,33,756.59539
10.722436,35,756.892602
10.908205,44,757.267406
10.577949,28,757.514922
10.721905,8,757.586106
10.866923,42,757.942382
10.990769,48,758.344372
10.671154,35,758.641673
10.938846,43,759.005002
10.970128,47,759.403742
10.887564,43,759.763741
11.262143,19,759.921185
10.722436,35,760.216402
11.985,3,760.245332
11.195714,18,760.393526
10.805,39,760.72034
10.59859,29,760.965285
10.784359,38,761.284637
10.949487,46,761.679798
10.591667,15,761.80069
10.483077,39,762.119585
10.908205,44,762.491896
10.567949,30,762.740112
-1.939286,196,764.397776
-3.054396,196,771.445404
-1.854615,196,773.080618
-4.747418,196,774.722054
-2.294176,196,776.366631
-2.253462,196,777.997875
10.727033,48,778.407601
-1.455769,196,785.468062
-2.649066,196,787.106288
11.062857,16,787.240896
-2.60511,196,788.885895
-2.570879,196,790.495944
11.995,1,790.506282
-4.389286,196,792.125563
10.214231,62,798.047312
10.732121,47,798.438082
10.595909,19,798.600615
10.621209,34,798.881088
10.592576,33,799.150562
11.155,9,799.225294
-2.828132,196,800.866059
9.729121,83,801.549494
10.694011,59,802.049413
10.439121,39,802.368058
10.722051,63,802.902435
10.416319,53,803.344526
10.552222,14,803.459626
10.236111,28,803.697072
-1.716264,196,805.345999
9.888187,38,805.662282
9.99,2,805.679277
11.061667,21,805.861081
10.691154,31,806.119232
-2.561154,196,813.165185
10.660989,70,813.755248
10.730714,11,813.845682
10.229341,37,814.162325
9.344945,97,814.964463
10.608187,41,815.302714
10.395165,39,815.627379
10.553297,30,815.881646
9.910055,60,816.380111
-2.027198,196,818.010309
10.302857,70,818.606794
9.75,1,818.613612
10.794394,29,818.857222
10.445385,34,819.145505
10.996429,15,819.267032
10.385,3,819.293973
10.037747,194,826.384773
10.638187,35,826.684798
10.679121,40,827.020354
11.314444,26,827.240937
11.262222,32,827.506139
10.494725,156,828.811452
10.618187,39,829.13597
10.661667,1,829.144818
10.169341,49,829.55483
10.514011,46,829.934194
10.93,14,830.052298
10.992619,11,830.146501
10.536319,29,830.38992
10.601209,38,830.704941
10.494359,47,831.097697
10.902381,10,831.187096
9.324725,145,832.3863
-2.702747,196,834.02444
10.703077,44,839.855509
10.249341,33,840.134657
10.828333,21,840.308981
10.882857,52,840.747427
10.636099,53,841.184675
10.257253,49,841.602952
10.707967,65,842.139882
10.940769,58,842.617845
10.377473,30,842.871578
10.744725,57,843.340944
10.670513,30,843.589211
11.323333,2,843.607076
10.652143,41,843.952963
10.677033,58,844.434298
10.492363,29,844.677507
-1.936044,196,846.305594
10.784359,38,846.61658
10.757143,20,846.784489
10.567253,36,847.085509
-1.056923,196,854.153507
10.865879,51,854.594828
10.595165,48,855.002108
10.645165,38,855.319965
10.965659,75,855.955126
10.800769,86,856.679647
11.323333,2,856.696287
10.604231,33,856.974887
10.797967,47,857.374973
10.620055,65,857.910705
10.777967,51,858.335534
10.661667,1,858.343179
10.795879,65,858.890803
10.376099,56,859.368134
10.938681,76,860.012291
10.435385,36,860.312035
10.747033,44,860.680706
10.645165,38,860.997626
10.797143,12,861.097356
10.480275,49,861.506372
10.661667,1,861.515965
8.812637,167,868.442412
10.557967,46,868.830467
10.679121,40,869.160007
10.808889,16,869.294963
10.448407,29,869.541667
10.764011,45,869.91413
10.562857,67,870.485171
10.609121,54,870.931599
10.721905,8,870.995626
10.679121,40,871.32772
10.622143,47,871.721429
10.91,18,871.876661
10.713077,42,872.225098
10.631667,7,872.282227
10.811923,53,872.723047
10.353889,7,872.781745
10.898333,7,872.842269
10.842857,60,873.348501
10.720055,45,873.728218
10.759091,30,873.977533
10.737033,46,874.37108
10.703077,44,874.735916
-2.705989,196,876.360705
11.641667,5,876.401448
10.662143,39,882.14506
11.029615,71,882.737945
-1.936044,196,884.362901
10.757033,42,884.711397
10.797967,47,885.096405
10.807967,45,885.464452
10.780989,46,885.849782
10.656667,2,885.865144
11.173095,13,885.975304
10.93,14,886.094049
10.543297,32,886.360698
10.950769,56,886.830047
11.995,1,886.839177
10.814945,48,887.23919
10.594231,35,887.527282
10.598901,51,887.951933
10.774011,43,888.315715
10.723077,40,888.654444
10.585879,58,889.142479
-1.188791,196,896.272823
10.577253,34,896.567801
10.661667,1,896.576346
10.815879,61,897.095014
10.977747,55,897.566096
10.696099,41,897.908812
10.933791,55,898.372119
10.882857,52,898.807385
10.658636,21,898.995059
10.591209,40,899.336178
11.001703,59,899.831868
10.730055,43,900.191202
10.794945,52,900.626137
10.652143,41,900.977894
10.598187,43,901.340261
10.717033,50,901.759189
10.513333,4,901.791573
10.540275,37,902.101601
10.679121,40,902.43651
10.892857,50,902.850401
10.744011,49,903.259899
10.378187,38,903.582394
11.049615,67,904.146302
10.723077,40,904.483966
10.893791,63,910.434867
10.638187,35,910.72313
10.882857,52,911.164622
10.730714,11,911.252546
10.594231,35,911.545772
10.662143,39,911.877282
10.838901,52,912.308475
10.672143,37,912.61478
11.995,1,912.624406
10.631209,32,912.892586
11.222778,31,913.149771
10.797967,47,913.546448
10.564945,49,913.955756
10.584231,37,914.271477
10.679121,40,914.607526
10.696099,41,914.951548
10.838901,52,915.386351
10.992619,11,915.476734
10.090238,1,915.485312
10.869835,59,915.976548
10.940769,58,916.468359
10.700055,49,916.874423
10.744011,49,917.286027
10.649835,54,917.734419
10.814945,48,918.136056
10.892857,50,918.553198
10.899835,53,924.411166
10.39,2,924.429654
10.431429,28,924.665467
10.645165,38,924.978785
11.995,1,924.987254
10.954725,64,925.532469
10.390495,23,925.72801
10.577253,34,926.019454
10.256667,2,926.035594
10.492363,29,926.280668
10.778901,64,926.818676
10.903791,61,927.31469
10.530989,47,927.699988
10.838901,52,928.128396
10.792637,65,928.663679
10.458407,27,928.884707
10.591209,40,929.215471
10.696099,41,929.544616
10.710055,47,929.934962
10.724011,53,930.370111
10.788889,20,930.533581
10.646813,59,931.023822
10.747033,44,931.385609
10.875879,49,931.79114
10.633791,66,932.339971
11.323333,2,932.355205
11.069615,63,938.339512
10.683182,27,938.561361
10.694725,67,939.122509
11.155,9,939.202703
9.75,1,939.210472
10.916813,54,939.665327
10.936212,37,939.97243
10.730055,43,940.330924
10.91,18,940.477506
10.780989,46,940.864905
10.747033,44,941.229335
10.560275,33,941.509153
10.797967,47,941.904013
11.155,9,941.978861
10.696099,41,942.325102
10.780989,46,942.705001
10.595909,19,942.865048
10.769091,28,943.096633
11.095152,84,943.786348
10.824945,46,944.170205
10.577253,34,944.44854
11.082857,12,944.545507
10.730714,11,944.638608
10.998681,64,945.176133
10.814945,48,945.575599
10.679121,40,945.911549
10.679835,48,946.316782
11.641667,5,946.360337
10.679121,40,952.116702
10.814945,48,952.521359
10.933791,55,952.986757
10.713077,42,953.334802
10.679121,40,953.677204
10.577253,34,953.962924
11.001703,59,954.455543
11.104444,28,954.691146
10.39,2,954.707857
10.348187,44,955.078669
10.769091,28,955.321572
10.611209,36,955.626932
10.93,14,955.748191
10.641667,5,955.793688
10.700055,49,956.206092
10.764011,45,956.589837
10.767967,53,957.035783
10.764011,45,957.420567
10.855879,53,957.877625
10.824945,46,958.259681
10.814945,48,958.659906
10.662143,39,958.985724
10.986111,25,959.195352
10.797967,47,959.581819
11.181484,67,960.150156
10.814945,48,960.55582
10.740055,41,966.305693
10.598901,51,966.729243
10.814945,48,967.133028
10.848901,50,967.553791
11.136538,65,968.0978
10.882857,52,968.538506
10.780989,46,968.93361
10.950769,56,969.411191
10.747033,44,969.7769
10.536319,29,970.016576
10.587253,32,970.287051
11.148636,43,970.643764
11.001703,59,971.144495
10.747033,44,971.512842
10.992619,11,971.604223
10.764011,45,971.979383
10.531429,8,972.047476
10.679121,40,972.38389
10.455455,18,972.533839
10.747033,44,972.904529
10.577253,34,973.189634
10.213077,44,973.561936
10.730055,43,973.922202
10.679121,40,974.260327
10.713077,42,980.036787
10.984725,58,980.512606
10.641667,5,980.554817
11.263333,14,980.674315
10.848901,50,981.095839
10.723077,40,981.432652
10.743077,36,981.737792
10.649835,54,982.183535
10.747033,44,982.546286
10.696099,41,982.887373
10.946212,35,983.178598
10.656667,2,983.196767
10.855879,53,983.633994
11.202778,35,983.923571
10.713077,42,984.273384
11.120549,66,984.824141
10.328333,1,984.832689
11.001703,59,985.322685
10.597857,9,985.398781
10.713077,42,985.749521
10.696099,41,986.092239
10.71,18,986.23865
10.683791,56,986.697514
10.594231,35,986.988429
11.183333,30,987.238119
11.035659,61,987.749635
10.546319,27,987.969753
10.855879,53,988.41107
11.018681,60,994.339973
11.323333,2,994.358643
10.775879,69,994.93624
11.026667,8,995.006169
10.974725,60,995.517792
10.662143,39,995.842447
11.061667,21,996.017647
10.916813,54,996.482243
10.747033,44,996.851689
10.747033,44,997.2185
11.17,6,997.269105
11.086593,64,997.81148
10.543297,32,998.07644
10.950769,56,998.543347
11.995,1,998.552183
10.768901,66,999.117549
10.631667,7,999.17626
10.899835,53,999.61837
10.950769,56,1000.084936
10.814945,48,1000.489873
10.71,18,1000.650347
10.814945,48,1001.056283
10.730055,43,1001.413552
10.713077,42,1001.765024
10.910909,36,1002.065118
10.696099,41,1002.413362
10.797967,47,1008.280132
10.794945,52,1008.710782
10.730055,43,1009.070322
10.916813,54,1009.521208
10.747033,44,1009.894987
10.994725,56,1010.359742
10.926813,52,1010.788827
10.867778,22,1010.969349
10.611209,36,1011.276624
10.797967,47,1011.673718
10.886813,60,1012.174176
10.730055,43,1012.541147
10.865879,51,1012.966304
11.005659,67,1013.536589
10.815455,26,1013.749145
10.379545,15,1013.873796
10.696099,41,1014.221004
10.848901,50,1014.638103
10.611209,36,1014.944407
10.831923,49,1015.354053
10.875879,49,1015.764929
10.713077,42,1016.116673
10.797967,47,1016.510406
10.916813,54,1022.426913
10.475385,28,1022.661638
11.025556,26,1022.878245
10.655165,36,1023.179157
10.475385,28,1023.411791
10.882857,52,1023.848725
10.661667,1,1023.856791
10.747033,44,1024.228891
10.757033,42,1024.572385
10.780989,46,1024.961331
10.967747,57,1025.429949
11.08803,43,1025.789319
11.065,27,1026.012902
10.669121,42,1026.358845
10.831923,49,1026.764201
10.933791,55,1027.223037
10.732436,33,1027.497216
11.066593,68,1028.061521
10.543297,32,1028.323313
11.053571,75,1028.944595
10.933791,55,1029.410542
10.552222,14,1029.53015
10.872857,54,1029.980477
10.780989,46,1030.369035
10.764011,45,1036.24956
10.780989,46,1036.637267
11.995,1,1036.646462
10.747033,44,1037.006291
10.780989,46,1037.389639
10.526319,31,1037.645615
10.985,3,1037.67191
10.696099,41,1038.017188
10.475385,28,1038.256866
10.949487,46,1038.642413
10.889835,55,1039.100291
10.661667,1,1039.109465
10.706099,39,1039.435618
10.661667,1,1039.446068
10.512778,13,1039.560546
10.422143,38,1039.872
10.696099,41,1040.2119
10.611209,36,1040.507125
10.713077,42,1040.856177
10.814945,48,1041.255371
10.954725,64,1041.794394
10.865879,51,1042.223486
10.831923,49,1042.635087
10.713077,42,1042.984817
10.882857,52,1043.414675
11.323333,2,1043.432125
10.530989,47,1043.826613
10.662143,39,1044.156698
10.696099,41,1044.510628
10.627273,20,1044.678598
10.950769,56,1050.622308
10.523718,36,1050.930053
10.014011,48,1051.333485
10.713077,42,1051.682013
9.75,1,1051.688769
10.967747,57,1052.172473
10.856813,66,1052.728306
10.713077,42,1053.09479
10.986111,25,1053.306686
10.780989,46,1053.684582
11.365,7,1053.743717
11.365,27,1053.966607
11.018681,60,1054.470532
10.722436,35,1054.769428
10.721364,23,1054.959944
10.780989,46,1055.343072
10.828901,54,1055.795262
10.747033,44,1056.161257
10.797967,47,1056.555263
10.743791,93,1057.350668
10.526319,31,1057.610676
10.902381,10,1057.698876
11.001703,59,1058.198991
10.734011,51,1058.623715
10.652143,41,1066.114466
-1.775,256,1068.244559
-2.575,256,1070.390161
10.657879,26,1070.613273
-1.646667,256,1072.792406
-2.146667,256,1080.365926
-2.275,256,1082.544281
10.749444,19,1082.708212
-2.146667,256,1084.876682
-2.855,256,1092.398283
-2.246667,256,1094.532583
-1.941667,256,1096.670398
-2.341667,256,1098.809122
-5.148333,256,1106.403188
10.452273,37,1106.709207
-3.421667,256,1108.843963
-4.173333,256,1110.999759
10.552222,14,1111.122661
-4.753333,256,1113.276527
-4.786667,256,1120.803118
11.173095,13,1120.907845
-3.288333,256,1123.070185
-4.368333,256,1125.219865
-2.76,256,1127.376137
-5.566667,256,1134.982642
10.670455,37,1135.295182
8.011667,149,1136.534518
10.656667,2,1136.55144
-4.368333,256,1138.69042
-4.63,256,1140.840526
-3.735,256,1148.371482
10.586282,44,1148.729239
-2.213333,256,1150.880368
9.75,1,1150.887825
-4.496667,256,1153.021313
-4.291667,256,1155.17209
9.325,89,1155.916341
7.383333,191,1163.002562
10.996111,23,1163.197506
-2.931667,256,1165.359479
9.488333,192,1166.949389
9.588333,112,1167.886298
10.328333,1,1167.89495
10.251667,84,1168.602127
10.533333,60,1169.102295
9.765,81,1169.774616
10.093333,99,1170.596397
10.39,93,1176.846002
9.643333,160,1178.203501
-4.691667,256,1180.355365
10.265952,54,1180.81627
10.668333,63,1181.344265
9.99,2,1181.359732
11.162778,23,1181.553384
-4.325,256,1183.722521
10.066667,102,1184.580145
10.701795,34,1184.854065
10.441667,86,1191.087993
10.996429,15,1191.21377
10.985,3,1191.238715
10.41,89,1191.986184
10.56,48,1192.393003
10.585,3,1192.419816
10.313333,75,1193.048898
10.685,73,1193.663932
10.041667,88,1194.406294
10.3,131,1195.519176
10.45,110,1196.445032
10.198333,88,1197.183321
10.571209,44,1197.550553
10.155,130,1198.639846
10.321667,50,1199.053575
10.992619,11,1199.150131
10.583333,50,1204.959309
10.146667,86,1205.67836
10.491667,65,1206.222479
10.505714,36,1206.51741
10.563333,85,1207.227135
10.466667,100,1208.072407
9.778333,114,1209.035145
9.696667,127,1210.100837
9.908333,137,1211.241713
10.108333,97,1212.051165
10.403333,77,1212.710994
11.097727,35,1213.003466
10.819697,30,1218.723035
10.975,5,1218.766195
11.323333,2,1218.782804
9.495,164,1220.160408
10.483788,30,1220.414304
10.396667,65,1220.957132
10.438333,60,1221.454428
10.34,83,1222.153444
10.353333,67,1222.713972
10.301667,154,1224.008038
10.268333,74,1224.625193
10.54,72,1225.242681
11.195714,18,1225.39278
-2.213333,256,1232.998185
10.558333,105,1233.876292
10.568333,63,1234.410708
10.665,137,1235.569878
10.558333,76,1236.200528
10.641667,55,1236.662304
10.58,64,1237.195843
9.651667,106,1238.077551
10.013333,106,1238.957545
10.788889,20,1239.119144
11.54,12,1239.222364
9.703333,59,1239.718201
10.418333,84,1240.429728
10.47,126,1246.975126
10.39,2,1246.992217
10.336667,77,1247.634376
10.4,60,1248.135726
10.521667,59,1248.621838
10.876923,40,1248.962323
10.268333,85,1249.668997
10.468333,43,1250.030813
-3.06,256,1252.175506
10.53,94,1252.962432
10.826364,33,1253.244854
10.512121,42,1253.589697
10.691154,31,1253.850123
10.603333,66,1254.404468
10.113333,86,1255.120014
9.791667,158,1261.85187
11.985,3,1261.877433
10.946667,24,1262.074167
10.491667,65,1262.614852
11.995,1,1262.624584
10.676667,58,1263.106945
10.346667,75,1263.732463
10.581667,47,1264.124067
10.661667,1,1264.132263
9.711667,85,1264.8367
10.485,73,1265.445195
10.585,53,1265.886093
10.165,168,1267.282639
10.748333,87,1268.022775
9.151667,188,1275.077322
9.715,200,1276.759691
11.313333,4,1276.794705
10.328333,1,1276.80301
10.195,1,1276.8123
10.471667,80,1277.476099
10.801667,63,1278.004274
10.67,66,1278.561509
10.786667,76,1279.20045
10.746667,64,1279.753334
10.555,70,1280.342549
11.183333,30,1280.591469
10.643333,58,1281.072797
10.718333,73,1281.68423
11.037424,41,1282.023617
10.598333,57,1282.500041
10.648333,67,1283.058916
10.637564,44,1288.831738
10.775,115,1289.805033
10.37,57,1290.292902
10.315,118,1291.289026
11.082857,12,1291.390855
11.283333,10,1291.477712
9.993333,90,1292.223398
10.448333,87,1292.951263
10.808889,16,1293.086421
10.376667,98,1293.920727
10.933333,31,1294.179397
10.615,67,1294.741132
10.705,69,1295.314247
-1.946667,256,1302.865788
10.795,71,1303.469243
10.008333,166,1304.855538
10.578333,72,1305.458552
10.78,4,1305.49219
10.695,71,1306.085324
10.746667,104,1306.956006
10.632576,25,1307.161959
11.037424,41,1307.505374
10.606667,52,1307.941702
10.605,49,1308.353536
10.708333,75,1308.983359
10.625879,50,1309.399333
11.01141,49,1309.816738
10.725,65,1310.359621
10.602143,51,1310.795063
11.341111,34,1311.072549
10.58,64,1317.027265
11.082857,12,1317.128272
10.75,70,1317.718165
10.876667,78,1318.36345
10.498333,68,1318.91868
10.395,62,1319.438954
10.13,56,1319.895946
9.978333,43,1320.247938
10.71,78,1320.888858
10.343333,100,1321.716194
10.745,81,1322.390287
10.763718,37,1322.703877
10.566667,60,1323.207539
10.663333,74,1323.820652
10.245,132,1324.923544
10.575,66,1330.904222
10.145,132,1332.016158
10.736667,66,1332.565072
10.47,17,1332.71182
10.65,81,1333.393992
10.748333,67,1333.961682
10.438333,69,1334.54728
10.013333,97,1335.359253
10.47,46,1335.743459
10.641667,55,1336.200541
10.661667,51,1336.62535
10.703333,66,1337.187837
10.343333,149,1338.434582
10.619231,30,1338.691342
10.42,36,1338.995906
11.44381,16,1339.13123
10.495,62,1345.110383
10.972273,31,1345.365428
10.57,77,1346.005362
11.411667,11,1346.100457
10.573333,52,1346.532606
10.713333,84,1347.229134
10.585,3,1347.255142
10.45,61,1347.763807
10.461667,62,1348.28479
10.125,147,1349.520889
9.75,1,1349.528808
10.008333,195,1351.186822
10.461667,71,1351.783701
10.607273,24,1351.985806
10.71,18,1352.13194
10.851667,73,1352.74612
9.75,1,1352.753514
11.263333,14,1352.874208
10.681667,87,1359.003418
10.518333,64,1359.536767
10.735,63,1360.056442
10.815,107,1360.951975
10.696667,74,1361.571849
10.698333,137,1362.73537
9.63,58,1363.225542
10.721667,59,1363.718377
10.628333,111,1364.654211
10.415,58,1365.142708
10.586667,56,1365.614642
10.466667,71,1366.200102
10.902381,10,1366.28425
10.64,72,1366.878264
11.155897,56,1367.346804
10.473333,63,1373.266614
10.843333,78,1373.928589
10.64,92,1374.685318
10.61,89,1375.434575
10.696667,54,1375.889653
10.725,65,1376.435788
10.806667,72,1377.051555
10.705,69,1377.634382
10.635,63,1378.161909
10.758333,65,1378.704542
10.226667,39,1379.03736
10.733333,60,1379.54224
10.607273,24,1379.743614
10.62,136,1380.878574
10.688333,79,1386.974862
10.521667,39,1387.302067
10.6,60,1387.791474
10.706667,72,1388.386306
10.826667,68,1388.952094
10.656667,82,1389.638964
10.458333,65,1390.183558
11.155,9,1390.257609
10.711667,61,1390.767717
10.56,48,1391.173286
10.605,69,1391.752792
10.638333,69,1392.331386
10.595,51,1392.765786
10.67,66,1393.31951
10.665,57,1393.796919
10.688333,59,1394.290159
10.573333,52,1394.731257
10.785,73,1395.345345
11.995,1,1395.353642
10.398333,37,1401.07727
10.495,62,1401.590356
10.51,58,1402.07537
10.661667,1,1402.084587
10.780989,46,1402.470207
9.867619,58,1402.957624
10.66619,42,1403.309343
11.195714,18,1403.458754
10.441667,35,1403.756633
10.78,64,1404.299606
11.17,6,1404.349467
10.641667,55,1404.81093
10.618333,84,1405.526324
10.676667,58,1406.020348
10.571667,49,1406.426418
10.525,45,1406.808555
10.576667,58,1407.29961
10.833333,80,1407.978936
10.598333,57,1408.465793
10.673333,72,1409.083757
10.285,75,1415.190319
9.21,53,1415.631348
10.758333,65,1416.17048
10.768571,52,1416.603935
10.408333,35,1416.900064
10.77,6,1416.95206
10.396667,34,1417.23402
10.661667,1,1417.242561
10.766667,80,1417.927421
11.995,1,1417.936249
10.653333,56,1418.407615
10.651667,53,1418.847331
11.335,33,1419.122791
10.821667,119,1420.107194
10.653333,56,1420.571064
10.493333,48,1420.972056
11.56,8,1421.035537
10.505,49,1421.437451
10.828333,71,1422.009441
10.838333,69,1422.579282
10.43,34,1422.860869
10.656667,62,1423.37488
10.385,33,1429.052352
10.295,31,1429.308731
10.841667,95,1430.111867
11.04,92,1430.889879
9.75,1,1430.898165
-2.28,256,1433.043236
10.823333,102,1433.903
10.556667,22,1434.089188
10.726667,68,1434.655194
10.970556,17,1434.79338
10.686667,56,1435.265821
10.54,52,1435.694818
10.651667,53,1436.136026
10.93,14,1436.250887
10.481667,58,1436.73304
10.656667,2,1436.750599
10.688333,59,1437.243609
11.995,1,1437.25227
10.578333,72,1443.243068
10.525,45,1443.625982
11.066364,34,1443.909561
10.276319,32,1444.184255
10.784359,38,1444.503892
10.246667,55,1444.96308
10.56,48,1445.362988
10.564945,49,1445.772701
10.696099,41,1446.121934
10.898333,7,1446.178221
10.525,65,1446.723751
10.601667,74,1447.337401
10.863333,74,1447.96549
10.663333,54,1448.412579
10.756667,62,1448.939996
10.751667,73,1449.552581
10.351667,104,1450.423502
10.86,88,1451.148977
10.576667,58,1457.100778
10.812143,9,1457.176916
10.902381,10,1457.260664
10.816667,70,1457.850198
10.683182,27,1458.082478
10.448333,58,1458.568532
10.657879,26,1458.786679
10.84,72,1459.384812
10.908205,44,1459.764207
10.7,60,1460.260124
10.546667,115,1461.230931
10.583333,50,1461.645973
10.758333,65,1462.186904
10.731667,57,1462.669318
10.38,75,1463.30169
11.56,8,1463.368916
11.283333,10,1463.452788
10.664286,10,1463.536641
10.48,44,1463.898311
11.104444,28,1464.132596
10.815,67,1464.698487
10.021667,72,1465.303142
10.468333,43,1471.132804
10.996429,15,1471.259417
11.995,1,1471.268111
10.673333,72,1471.870716
10.715,67,1472.430216
10.746667,64,1472.968107
10.735,63,1473.499837
10.975,5,1473.543004
10.471667,49,1473.954099
10.646667,64,1474.497848
9.75,1,1474.505062
10.653333,56,1474.982785
10.698333,57,1475.469848
10.618333,53,1475.911861
11.123333,42,1476.264276
10.688333,59,1476.761873
10.531667,68,1477.337034
10.761667,71,1477.929083
10.733333,60,1478.442977
10.487253,52,1478.880482
10.928846,45,1479.254241
10.851667,73,1485.335679
10.501667,43,1485.691686
10.548333,47,1486.096084
-2.046667,256,1488.240013
10.415,58,1488.733218
10.631667,57,1489.215048
10.708485,28,1489.448654
11.026667,88,1490.192822
10.535,63,1490.718616
10.606667,12,1490.818411
10.908333,75,1491.436688
10.723333,62,1491.957963
10.863333,74,1492.580335
11.313333,4,1492.61478
10.803333,66,1493.170531
10.633333,60,1499.163006
10.746667,64,1499.702122
10.975,5,1499.742995
11.323333,2,1499.758348
10.846282,41,1500.096003
10.518333,64,1500.638285
10.531667,68,1501.215762
10.658333,65,1501.762624
-2.18,256,1503.901995
10.866667,80,1504.574254
10.698333,47,1504.977117
-1.646667,256,1507.14763
10.065,28,1507.381943
10.711667,61,1513.355539
10.548333,47,1513.752898
10.703333,66,1514.31949
10.443333,38,1514.636561
10.618333,53,1515.077386
10.583333,50,1515.505444
10.391667,56,1515.973103
10.7,60,1516.473429
10.84,72,1517.059527
11.314444,26,1517.273666
10.781667,67,1517.823829
10.886667,76,1518.448417
10.581667,67,1519.018046
10.536667,46,1519.395027
10.715,67,1519.951015
10.528333,51,1520.374756
10.668333,63,1520.907018
10.880952,60,1521.421261
10.38,75,1527.531183
10.815,67,1528.08771
10.425,56,1528.55209
10.541667,55,1529.010776
10.921667,79,1529.678825
10.348333,58,1530.159264
10.363333,65,1530.698605
9.99,2,1530.715211
-2.57,256,1532.849884
10.664286,10,1532.933613
10.665,57,1533.403277
10.668333,63,1533.926963
11.42,36,1534.225388
11.17,6,1534.275776
10.49,42,1534.628714
10.845,81,1535.311568
10.706429,53,1541.173175
10.618333,53,1541.617993
10.736667,66,1542.167568
10.686667,76,1542.802429
10.641667,55,1543.263296
10.513333,4,1543.295853
10.661667,1,1543.304644
10.798333,77,1543.952718
10.585,53,1544.398905
10.848333,67,1544.962985
10.63,54,1545.414829
10.7,60,1545.912264
9.75,1,1545.920361
10.548333,47,1546.320528
11.263333,14,1546.439092
10.618333,53,1546.887329
10.595,51,1547.313795
10.721905,8,1547.388779
10.975,5,1547.430455
10.588333,59,1547.925852
10.571667,49,1548.334899
10.686667,56,1548.810393
10.116667,52,1549.246541
10.645,61,1549.761391
10.488333,39,1555.50469
11.985,3,1555.529017
10.876667,78,1556.188691
10.858333,85,1556.893396
10.761667,71,1557.490851
10.525,45,1557.861762
10.711667,61,1558.374819
10.255,50,1558.793355
10.990769,48,1559.189035
10.761667,91,1559.942414
10.675,55,1560.394705
11.000769,46,1560.775234
10.711667,61,1561.282983
10.7,60,1561.787102
10.67,66,1562.331586
10.708333,55,1562.78374
10.746667,64,1563.323106
11.995,1,1563.331405
10.722436,35,1563.622948
10.716667,70,1569.608221
10.55,50,1570.023185
10.778333,61,1570.529507
10.595,51,1570.95451
10.595909,19,1571.108729
10.828333,71,1571.697392
10.404444,8,1571.765761
10.933333,80,1572.42644
10.898333,77,1573.067561
10.775,75,1573.697963
10.84,72,1574.311064
10.878182,28,1574.543706
10.49,42,1574.88996
10.793333,68,1575.454725
11.082857,12,1575.551468
10.986818,39,1575.882656
10.828333,71,1576.476578
10.909048,62,1576.992192
10.736667,66,1577.538085
10.846818,27,1583.23812
10.556667,22,1583.423462
10.536667,46,1583.817423
10.523333,42,1584.173872
10.85,70,1584.767752
10.741667,86,1585.49329
9.75,1,1585.501018
10.752727,24,1585.7003
10.781667,67,1586.254434
10.573333,52,1586.691485
10.950769,56,1587.160663
11.025556,26,1587.376114
10.64,52,1587.813104
10.641667,55,1588.279833
10.606667,52,1588.711438
10.867778,22,1588.899022
10.68,84,1589.595127
10.628333,51,1590.016951
10.38,55,1590.484111
10.523333,42,1590.833658
10.265,68,1591.397832
10.391667,56,1597.335788
10.713333,124,1598.348633
10.606667,52,1598.785153
10.356538,21,1598.96318
10.946667,24,1599.160769
10.805,69,1599.739665
10.59,42,1600.089883
10.645606,34,1600.37467
10.698333,57,1600.846364
10.7,60,1601.350195
10.711667,61,1601.857194
10.940909,30,1602.112167
10.558333,45,1602.49223
10.898333,77,1603.137469
10.758333,15,1603.262759
10.778571,50,1603.680051
10.985,3,1603.706573
10.708485,28,1603.945639
10.756667,82,1604.626694
10.65,70,1605.206423
11.415556,28,1605.443338
10.478333,41,1611.21663
10.7,60,1611.725419
10.84,72,1612.335792
10.665,57,1612.812192
10.153333,58,1613.300236
10.721667,59,1613.800088
10.711667,61,1614.32183
10.678333,61,1614.823043
10.641667,55,1615.287399
10.486667,76,1615.929314
9.99,2,1615.946413
10.653333,56,1616.421692
10.821667,79,1617.087852
10.882857,52,1617.525954
10.641667,55,1617.988334
10.553333,56,1618.467621
10.516667,50,1618.890834
10.641667,55,1619.352242
11.003333,86,1625.528626
10.675,55,1625.995026
10.355,39,1626.318487
10.931667,77,1626.958091
11.082857,12,1627.0609
10.496667,65,1627.614518
10.665,57,1628.088609
10.746667,64,1628.628526
10.781667,67,1629.186072
10.501667,43,1629.544358
10.723333,62,1630.068202
10.496667,54,1630.526651
11.17,6,1630.577768
10.708485,28,1630.814757
10.653333,56,1631.289783
10.536667,46,1631.670521
10.593333,48,1632.06716
10.576667,58,1632.547071
10.5,60,1633.047719
10.641667,55,1633.505787
10.7,60,1639.483256
10.69,22,1639.754145
-2.797647,289,1642.186404
-3.307059,289,1644.603671
10.946667,24,1644.804224
11.313333,4,1644.839687
10.945238,70,1645.426709
10.986111,25,1645.636519
10.660238,47,1646.023524
-3.655,289,1653.853283
-2.195,289,1656.308943
-2.361471,289,1658.711833
-2.787647,289,1661.122216
-2.224412,289,1669.007737
-3.517941,289,1671.429409
10.946667,24,1671.634906
10.641667,5,1671.676057
10.908205,44,1672.044132
7.956176,204,1673.745827
-2.224412,289,1681.626945
10.666471,102,1682.486503
-3.802059,289,1684.916298
10.320588,30,1685.169691
10.985,3,1685.195038
10.350882,72,1685.800213
10.505556,10,1685.884206
10.225294,53,1686.330152
11.026667,8,1686.398417
-9.231471,289,1688.841542
10.25,101,1689.691622
-2.283235,289,1697.530761
10.436765,45,1697.904949
11.995,1,1697.916128
-7.555588,289,1700.336359
-2.400882,289,1702.783478
-3.032941,289,1710.667529
-3.493529,289,1713.100704
10.374706,78,1713.752588
10.733788,29,1713.995625
10.200294,57,1714.4656
10.043529,58,1714.945611
10.898333,7,1715.005011
-2.910294,289,1717.43071
9.558235,159,1724.235565
10.542941,62,1724.74696
10.242941,73,1725.362798
10.409706,72,1725.9639
10.105882,71,1726.564578
10.454118,68,1727.132708
-2.371471,289,1729.562107
10.215294,55,1730.023232
9.872353,153,1731.296921
10.679118,73,1731.908376
10.118235,96,1738.170569
10.675294,112,1739.113323
-4.380294,289,1741.551518
10.678529,79,1742.203722
10.985,3,1742.230749
10.707778,14,1742.349158
10.639872,31,1742.60604
9.75,1,1742.614
-2.283235,289,1745.026335
10.582647,57,1745.509961
10.674286,48,1745.909071
9.75,1,1745.917473
10.447059,91,1752.085068
10.551765,72,1752.686647
10.691154,31,1752.946413
9.793235,62,1753.46825
10.183824,76,1754.105635
-4.733235,289,1756.518757
11.995,1,1756.52953
9.937059,44,1756.8988
10.270294,94,1757.685596
10.208235,78,1758.349749
10.532353,70,1758.944523
10.385,3,1758.970368
10.591667,15,1759.09889
10.90119,75,1759.734762
10.154412,127,1766.265693
10.456471,95,1767.056731
10.552941,60,1767.547613
10.730714,11,1767.638033
10.722436,35,1767.925132
10.622576,27,1768.146607
10.601176,68,1768.70624
-2.920294,289,1771.11138
10.581667,47,1771.506823
10.513529,62,1772.029024
10.418529,82,1772.711979
9.75,1,1772.718865
10.985,3,1772.743505
9.99,2,1772.760364
10.898333,7,1772.817256
10.038824,106,1773.706694
10.467353,84,1779.8129
-9.231471,289,1782.208389
10.562059,67,1782.799285
10.261176,87,1783.53259
10.637941,93,1784.306604
10.292059,72,1784.931476
10.774359,40,1785.259905
9.636471,161,1786.613824
11.023333,62,1787.13452
10.656667,2,1787.150941
10.409412,75,1787.769366
10.454412,116,1794.133098
10.572647,59,1794.624569
10.465882,48,1795.030933
10.679412,70,1795.626236
10.560588,82,1796.325533
9.958824,73,1796.928622
10.883333,90,1797.685883
10.382576,26,1797.901226
-2.371471,289,1800.311681
11.035,33,1800.598603
10.563529,52,1801.025166
10.446471,97,1801.837515
10.517059,77,1807.957569
10.661667,1,1807.968003
10.466765,39,1808.30266
11.062857,16,1808.436078
11.995,1,1808.444802
11.995,1,1808.4541
10.986818,39,1808.780592
10.727353,81,1809.460703
10.902381,10,1809.544896
10.418824,79,1810.212666
10.640882,63,1810.74645
10.763718,37,1811.053274
10.483235,71,1811.654294
10.608824,90,1812.407129
10.689706,65,1812.941494
10.688824,74,1813.550081
10.360588,73,1814.170296
10.77,6,1814.219912
10.649706,73,1814.829932
10.659706,71,1815.418418
10.562647,61,1815.9267
10.898333,7,1815.985829
10.735,4,1816.019532
10.274412,52,1821.913291
10.936212,37,1822.222446
10.581765,66,1822.774209
10.553235,57,1823.247023
10.767059,76,1823.886541
10.570882,77,1824.523493
10.552941,60,1825.026571
10.601765,62,1825.543502
10.910909,36,1825.8377
10.559412,94,1826.612974
10.985,3,1826.637348
10.083824,96,1827.437663
11.97,6,1827.487504
10.669412,72,1828.091219
10.592059,61,1828.599764
10.648235,88,1829.343875
10.480882,95,1830.140955
11.162778,23,1835.750222
10.621176,64,1836.2914
9.75,1,1836.29893
10.733788,29,1836.54764
10.585,3,1836.573969
10.843529,96,1837.381043
10.717941,77,1838.028809
10.328333,1,1838.038285
10.531364,21,1838.214561
10.582353,60,1838.717453
10.563235,55,1839.172735
10.533824,55,1839.627644
10.424706,68,1840.185768
10.844706,84,1840.882658
10.825641,40,1841.215124
10.505,49,1841.620894
10.397647,44,1841.99155
-2.047941,289,1849.84065
10.602647,104,1850.720837
10.78,4,1850.754527
10.504412,55,1851.224056
10.659412,74,1851.846402
-2.312647,289,1854.244013
10.370294,74,1854.865419
10.744524,53,1855.309294
10.689118,71,1855.909819
10.471765,88,1856.655608
10.328333,1,1856.665002
10.031471,81,1857.347264
10.567059,116,1863.786072
10.570294,83,1864.492954
9.928529,229,1866.396611
10.975,5,1866.439328
-2.400882,289,1868.863038
10.898333,7,1868.920818
10.65619,44,1869.291325
10.590588,76,1869.936772
10.765882,88,1870.671473
10.767059,76,1871.304605
10.386765,55,1871.770412
10.898333,7,1871.827942
10.689706,65,1877.832941
10.591765,64,1878.378693
10.59,82,1879.065248
10.294706,145,1880.275982
10.655,59,1880.779577
10.774011,43,1881.147146
10.387647,97,1881.975658
10.737941,73,1882.582795
11.313333,4,1882.615612
10.464706,60,1883.118925
10.707941,79,1883.777941
10.62,76,1884.410575
11.155,9,1884.493354
10.592353,58,1884.978439
10.689412,68,1885.545148
11.668333,13,1885.658248
10.582353,60,1886.16467
10.660588,62,1892.155258
10.611765,60,1892.649403
10.650294,67,1893.206485
10.805882,80,1893.87218
10.640882,63,1894.397743
10.465882,48,1894.80032
10.737941,73,1895.413256
10.766765,79,1896.067637
10.669706,69,1896.64092
10.494118,60,1897.14182
10.463529,72,1897.753446
10.283235,62,1898.273076
10.399706,74,1898.895133
10.361471,64,1899.428137
10.975,5,1899.468578
10.768571,52,1899.90594
10.657353,95,1906.108152
10.756765,81,1906.785871
10.805455,28,1907.022614
10.797143,12,1907.126814
10.531765,76,1907.768598
10.912353,94,1908.565257
10.717353,83,1909.262912
10.648824,82,1909.951069
10.67,66,1910.506303
10.590882,73,1911.122092
11.026667,8,1911.188555
10.553235,57,1911.669805
10.699118,69,1912.242201
11.065,27,1912.46814
10.475882,46,1912.851447
10.669412,72,1913.440834
10.582353,60,1913.942751
10.598901,51,1919.77119
10.93,14,1919.889792
10.620294,73,1920.489628
11.003636,32,1920.758349
10.553235,57,1921.225697
10.745,61,1921.730754
10.648824,82,1922.433549
10.199412,68,1922.995668
10.718235,74,1923.619992
10.687647,86,1924.339897
10.590882,73,1924.94813
10.597857,9,1925.022545
10.522941,66,1925.580396
10.748333,67,1926.140189
10.714524,59,1926.626158
10.480758,19,1926.782908
10.568235,104,1927.65619
10.531429,8,1927.723282
10.456471,44,1928.083359
10.601765,62,1934.073799
10.404706,72,1934.676229
10.640882,63,1935.195012
10.63,74,1935.816098
10.755588,93,1936.603464
10.592059,61,1937.114966
10.992619,11,1937.204627
10.543235,59,1937.69526
10.485,53,1938.136327
10.595909,19,1938.293311
10.630882,65,1938.838902
10.545882,83,1939.53658
11.122778,31,1939.787568
10.650294,67,1940.354503
10.630882,65,1940.899626
10.427353,92,1941.662027
10.611471,63,1942.194893
10.621471,61,1948.175587
10.788889,20,1948.346493
10.756471,84,1949.05457
10.630588,68,1949.620881
11.323333,2,1949.637367
10.507647,73,1950.252547
9.622647,200,1951.938422
10.588824,94,1952.72849
10.747353,77,1953.372273
9.329412,244,1955.406519
10.749444,19,1955.56135
10.533529,58,1956.038489
10.746176,89,1962.235659
10.379412,81,1962.905924
10.985,3,1962.931141
10.446471,46,1963.317929
10.746176,89,1964.068384
10.573235,53,1964.52011
11.195714,18,1964.670376
10.589118,91,1965.417035
10.866923,42,1965.773568
9.936471,248,1967.849205
10.280294,41,1968.196357
10.611471,63,1968.727331
10.803824,101,1969.564298
10.358235,46,1969.947957
10.358529,94,1976.194207
10.385,3,1976.218903
-2.400882,289,1978.660387
10.679412,70,1979.247973
10.638529,87,1979.977343
10.427059,44,1980.34546
10.630882,65,1980.878795
10.561765,70,1981.473568
10.624118,85,1982.188214
10.563235,55,1982.638649
10.747059,80,1983.304433
10.523235,63,1983.834
10.475294,52,1984.273471
9.99,2,1984.289222
10.417353,43,1990.112561
10.757353,75,1990.735958
9.75,1,1990.743741
10.56,88,1991.484796
10.737353,79,1992.15702
10.562941,58,1992.641148
10.737059,82,1993.326272
10.592059,61,1993.831611
10.433889,11,1993.928526
11.995,1,1993.937522
10.863824,89,1994.686989
10.446471,46,1995.07205
10.541471,77,1995.724184
10.553235,57,1996.197934
10.602059,59,1996.695231
11.065,27,1996.918095
10.540882,83,1997.612029
10.640588,66,1998.157583
10.730055,43,2003.972918
10.387353,49,2004.380224
10.473824,67,2004.938325
10.611765,60,2005.444259
9.75,1,2005.452056
10.776471,80,2006.121922
10.721905,8,2006.188143
10.848901,50,2006.615743
10.824762,56,2007.088005
10.659706,71,2007.684419
10.846905,63,2008.214209
10.417059,46,2008.603386
10.543529,56,2009.070532
10.521176,84,2009.75921
10.195,1,2009.76816
10.683182,27,2009.994451
10.805,89,2010.732323
10.507059,79,2011.391636
10.475588,49,2011.800962
10.902381,10,2011.883681
10.679412,70,2012.482877
10.975,5,2012.523821
10.724706,108,2018.827505
10.238824,115,2019.784381
10.757353,75,2020.411224
10.379118,84,2021.098142
10.650588,64,2021.624142
10.327647,58,2022.101519
10.864118,86,2022.814634
10.717059,86,2023.535635
9.695,64,2024.06969
10.696765,93,2024.839471
10.834706,86,2025.567256
10.985,3,2025.591789
10.400882,62,2026.116257
10.698824,72,2032.119211
10.752727,24,2032.314361
10.698824,72,2032.917958
10.796176,79,2033.585528
10.707941,79,2034.256679
10.551667,53,2034.696732
10.446176,49,2035.099711
10.730055,43,2035.459927
10.708824,70,2036.049465
10.491667,35,2036.345449
10.630294,71,2036.931125
11.028681,58,2037.410719
10.708529,73,2038.013217
10.491765,84,2038.702717
10.621176,64,2039.235658
11.995,1,2039.243391
10.524118,54,2039.687519
10.533824,55,2040.146832
10.986818,39,2045.88451
10.465882,48,2046.291273
10.737647,76,2046.937475
10.920909,34,2047.215034
10.388235,40,2047.547886
10.553235,57,2048.011556
11.263333,14,2048.124569
10.843529,96,2048.9164
10.666176,105,2049.791364
10.31,38,2050.10162
10.561905,40,2050.42832
10.659706,71,2051.018286
10.564545,18,2051.168133
10.582941,54,2051.612254
10.763529,112,2052.544916
10.711667,61,2053.051089
10.717941,77,2053.707062
10.66,68,2054.279627
10.59,42,2060.041798
10.708529,73,2060.646823
10.985,3,2060.671537
10.618529,91,2061.432009
10.659118,77,2062.086271
10.39,2,2062.104556
11.313333,4,2062.138302
10.649412,76,2062.780331
10.805,89,2063.528305
10.458529,74,2064.149094
10.345,11,2064.2402
10.632576,25,2064.455592
10.461765,90,2065.213246
10.718235,74,2065.842284
10.630882,65,2066.383026
10.582353,60,2066.890428
10.523529,60,2067.391319
10.712381,48,2067.791806
10.195294,59,2068.282759
11.365,7,2073.757183
10.366765,59,2074.243789
-2.513529,289,2076.652072
11.263333,14,2076.772671
10.815,87,2077.494156
10.767059,76,2078.129211
10.718235,74,2078.762131
11.037424,41,2079.098468
10.640588,66,2079.651158
10.670556,17,2079.78969
10.66,68,2080.354262
10.552353,66,2080.911597
10.561471,73,2081.525761
11.097727,35,2081.820419
10.797967,47,2082.219846
10.41,69,2088.20395
10.718235,74,2088.819987
10.794706,94,2089.600103
10.556111,11,2089.691393
10.649118,79,2090.342431
10.475882,46,2090.726811
10.610588,72,2091.331074
10.678529,79,2091.984151
10.812143,9,2092.056064
10.784359,38,2092.373561
11.263889,25,2092.58284
10.602059,59,2093.084677
10.66,79,2093.743371
10.661667,1,2093.751138
10.649118,79,2094.408033
10.621471,61,2094.911702
11.217821,59,2095.404046
9.75,1,2095.411297
10.967747,57,2095.891609
10.601765,62,2101.820018
10.580882,75,2102.45277
10.592143,53,2102.90179
10.717353,83,2103.596781
11.995,1,2103.60512
10.756471,84,2104.301411
10.516471,83,2105.005083
10.541364,19,2105.161478
10.804706,92,2105.934305
10.842353,108,2106.846667
10.630882,65,2107.389973
10.77,6,2107.439536
10.553235,57,2107.917893
10.786176,81,2108.609845
10.630588,68,2109.185686
10.698824,72,2109.781497
10.969286,69,2115.848662
10.815294,84,2116.54523
10.752727,24,2116.743932
10.697647,84,2117.443832
10.485294,50,2117.865539
9.876667,71,2118.4663
11.055,29,2118.705366
10.747353,77,2119.349228
10.488824,114,2120.302888
10.552647,63,2120.821233
10.718235,74,2121.427483
10.630882,65,2121.959182
10.341176,71,2122.539741
10.631176,62,2123.056855
10.786176,81,2123.742541
10.689118,71,2129.735935
10.595909,19,2129.895353
10.456176,47,2130.280366
10.846818,27,2130.502799
11.995,1,2130.511483
10.378824,87,2131.246707
10.428235,83,2131.944921
10.688333,79,2132.603847
10.641667,5,2132.643271
10.378235,42,2132.993404
11.138636,45,2133.385144
10.708529,73,2133.977726
10.669118,75,2134.607596
10.514412,53,2135.059537
10.795882,82,2135.754402
10.759091,30,2136.00224
10.844412,87,2136.726142
10.581471,69,2137.300175
10.495294,48,2137.699054
10.601471,65,2143.649417
10.417353,43,2144.007733
10.513333,4,2144.042037
10.630882,65,2144.58497
10.808889,16,2144.717198
10.708529,73,2145.325481
10.356176,167,2146.706174
10.660294,65,2147.244379
10.588529,97,2148.051544
10.728529,69,2148.623833
10.602059,59,2149.109291
10.718235,74,2149.732898
10.656667,73,2150.336189
10.736765,85,2151.047036
10.504706,52,2151.48036
11.17,6,2151.530717
10.707778,14,2151.650094
10.221765,89,2157.822157
10.887564,43,2158.18837
10.552222,14,2158.303244
10.878182,28,2158.533132
10.632576,25,2158.741993
10.815,87,2159.479752
10.445588,55,2159.941654
10.455882,50,2160.366198
10.946667,24,2160.572273
10.775882,86,2161.307995
10.342647,56,2161.77036
10.630882,65,2162.316116
10.689706,65,2162.868685
10.698824,72,2163.466173
10.514412,53,2163.905124
11.323333,2,2163.921685
10.463529,72,2164.52815
10.699118,69,2165.105417
10.699118,69,2165.674134
10.91,78,2171.752638
10.970128,47,2172.14879
10.77,6,2172.199261
10.543824,53,2172.639383
10.495,51,2173.06324
10.747353,77,2173.708612
10.786176,81,2174.387455
10.718235,74,2175.008283
10.590882,73,2175.609167
10.844412,87,2176.333187
10.470455,15,2176.456992
10.592647,55,2176.923087
10.662143,39,2177.25276
10.766765,79,2177.907586
10.718235,74,2178.527287
10.290588,36,2178.825119
10.485588,47,2179.218766
10.514706,50,2179.641266
10.66,68,2185.674082
10.679412,70,2186.260911
10.650294,67,2186.825802
10.611765,60,2187.330424
10.658636,21,2187.506036
10.621471,61,2188.022696
10.816282,47,2188.407459
10.543529,56,2188.875022
10.689118,71,2189.478506
10.805882,80,2190.143737
10.747647,74,2190.757877
10.725588,99,2191.593216
10.737647,76,2192.23857
10.727647,78,2192.895929
10.77,6,2192.94856
10.985,3,2192.976919
10.796176,79,2193.633597
10.495294,48,2194.043346
10.582059,63,2199.980977
10.796176,79,2200.643356
10.910882,109,2201.551523
10.972273,31,2201.813253
10.825,85,2202.518157
10.867778,22,2202.701317
10.908205,44,2203.069977
10.668529,81,2203.740268
10.747353,77,2204.384541
10.698824,72,2204.994825
10.728235,72,2205.594831
10.630588,68,2206.162322
11.17,6,2206.215568
11.323333,2,2206.232058
10.815,87,2206.973257
10.757059,78,2207.628917
10.650294,67,2208.191519
10.698235,78,2214.228622
10.757059,78,2214.87777
10.752727,24,2215.081409
11.173095,13,2215.1936
10.512059,77,2215.838793
10.484706,56,2216.299571
10.737647,76,2216.919894
10.66,68,2217.493887
10.82881,59,2218.00268
10.689118,71,2218.591233
10.564545,18,2218.741469
10.812143,9,2218.818513
10.524118,54,2219.272976
10.39,2,2219.29037
10.796176,79,2219.949862
10.553235,57,2220.428056
10.699118,69,2220.998577
10.683182,27,2221.231347
10.455882,50,2221.648435
10.485,53,2222.090063
10.543529,56,2228.035078
11.262143,19,2228.195077
10.656667,2,2228.213124
10.698824,72,2228.807787
10.863571,13,2228.914613
10.618095,44,2229.280567
10.825,85,2229.989948
10.697353,87,2230.721318
10.611471,63,2231.24719
10.390294,70,2231.834206
10.747647,74,2232.450254
10.475294,52,2232.891762
10.661667,1,2232.900054
10.465882,48,2233.301939
10.611765,60,2233.803739
10.630882,65,2234.353469
10.716429,51,2234.786028
11.985,3,2234.810021
10.784359,38,2235.122844
10.562647,61,2235.622803
10.797143,12,2235.723383
10.960556,19,2235.88328
10.397647,44,2241.71652
10.786667,56,2242.196427
11.0,100,2243.034129
10.878182,28,2243.268891
10.735,63,2243.799603
10.865879,51,2244.226456
10.669706,69,2244.810321
10.573529,101,2245.66225
10.776176,83,2246.358507
10.727941,75,2246.987091
10.878182,28,2247.217016
10.601765,62,2247.738302
10.487941,74,2248.355658
11.082857,12,2248.455913
10.757059,78,2249.10077
10.475882,46,2249.48238
10.620294,73,2250.091729
10.960294,105,2256.379687
10.621176,64,2256.919556
10.641667,5,2256.960189
10.620882,67,2257.512747
10.738333,69,2258.08053
10.507353,76,2258.716986
10.722436,35,2259.009696
11.213333,24,2259.206557
10.656667,2,2259.223629
10.630882,65,2259.760723
10.679706,67,2260.318285
10.902647,93,2261.109344
10.640588,66,2261.665452
10.446471,46,2262.051623
10.282941,65,2262.602799
10.767059,76,2263.24578
10.501818,16,2263.377951
10.689412,68,2263.93692
10.908205,44,2269.719851
10.533182,17,2269.862984
10.385,3,2269.887759
10.805,89,2270.621084
10.562647,61,2271.13312
10.757059,78,2271.775101
10.640588,66,2272.333875
11.985,3,2272.359971
10.592353,58,2272.846102
10.659118,77,2273.489864
10.615882,118,2274.478342
10.505,49,2274.881124
10.689118,71,2275.480384
10.786471,78,2276.135575
10.795882,82,2276.812519
10.436765,45,2277.192564
10.621176,64,2277.721871
10.641667,5,2277.76536
10.658235,86,2283.903818
10.805882,80,2284.564586
10.195,1,2284.573829
11.062727,42,2284.92212
10.737941,73,2285.531006
10.610882,69,2286.108677
11.641667,5,2286.150508
10.630882,65,2286.704101
10.425294,62,2287.223075
10.737647,76,2287.856133
11.97,6,2287.906193
10.570588,80,2288.574631
10.485,53,2289.017351
10.582353,60,2289.521871
11.213333,24,2289.725114
10.543824,53,2290.165613
11.313333,4,2290.200458
10.815294,84,2290.901687
10.531429,8,2290.96891
10.157059,49,2291.382009
10.602059,59,2291.873646
10.662353,95,2298.143617
10.718235,74,2298.756109
10.721905,8,2299.122079
-2.62,324,2301.856926
11.062727,42,2302.207272
11.155,9,2302.286665
-2.695065,324,2305.020097
11.191818,38,2305.347648
-3.047614,324,2313.526493
-2.770131,324,2316.28671
10.909545,29,2316.530647
-2.463137,324,2319.25344
-3.645556,324,2327.389111
10.784394,31,2327.662331
-2.953137,324,2330.419836
-3.204477,324,2333.127393
-5.376993,324,2341.317685
10.441515,44,2341.686906
-2.747353,324,2344.421452
-5.298562,324,2347.209277
10.656667,2,2347.22713
8.088333,218,2354.501623
10.78,4,2354.536058
10.641667,5,2354.580305
-3.162288,324,2357.298354
-2.41085,324,2360.056766
-3.668333,324,2368.218665
9.269608,154,2369.520056
10.45817,60,2370.022001
9.75,1,2370.028473
-7.46098,324,2372.77683
10.553333,56,2373.246207
-8.885425,324,2376.003687
10.560275,33,2376.279002
-3.024837,324,2384.406806
-3.54098,324,2387.147197
-3.521569,324,2389.8828
10.641667,5,2389.92782
10.283333,61,2390.434562
-4.785784,324,2398.520236
9.845523,61,2399.03541
-3.469281,324,2401.771326
10.218889,85,2402.480398
9.196471,249,2404.581058
8.456111,237,2412.034333
10.221307,76,2412.672252
11.163939,46,2413.061957
8.24817,208,2414.822723
10.523333,15,2414.945251
10.670556,17,2415.090799
8.539248,189,2416.677505
10.909545,29,2416.916757
9.99,2,2416.934405
10.51683,145,2418.14662
10.189608,166,2424.981836
9.490458,68,2425.553408
-2.541569,324,2428.288286
11.17,6,2428.338631
10.012745,72,2428.939752
9.843105,168,2430.350562
10.812143,9,2430.426501
9.75,1,2430.432937
9.75,1,2430.440814
10.707778,14,2430.565308
10.258889,77,2431.211631
10.618039,96,2432.020181
9.510817,77,2432.66957
9.68683,164,2439.508251
10.436242,67,2440.065223
10.328039,105,2440.947863
10.526961,75,2441.582158
-3.260131,324,2444.316458
-2.515425,324,2452.448907
10.759091,30,2452.702819
10.442026,58,2453.185673
10.484673,73,2453.796309
10.430458,76,2454.423837
10.240817,78,2455.06362
10.166601,85,2455.770258
10.49683,100,2456.60791
10.742619,61,2457.112184
10.430817,89,2457.85125
10.661667,1,2457.859637
10.235752,113,2458.807091
10.641667,5,2458.850003
9.911667,74,2459.467881
9.816961,217,2466.696084
10.631895,88,2467.42687
10.436961,93,2468.212742
10.139739,59,2468.710054
10.29768,98,2469.52986
10.481536,105,2470.412466
10.176471,151,2471.685354
9.960458,72,2472.277396
10.029967,113,2473.230508
10.581895,98,2474.053454
10.516601,64,2474.597342
10.243824,114,2481.037672
10.454314,66,2481.584954
11.114444,26,2481.79882
10.508529,63,2482.325224
8.740327,139,2483.478967
10.975,5,2483.521201
10.471176,94,2484.307585
10.902381,10,2484.389819
10.879286,18,2484.547939
10.573105,71,2485.135553
9.816111,161,2486.489639
10.010817,173,2487.938538
9.581176,125,2488.995406
10.333824,96,2495.189585
10.898333,7,2495.248094
10.656667,2,2495.265756
10.415752,77,2495.921196
10.671895,80,2496.586582
10.308039,109,2497.494265
10.814945,48,2497.895468
11.323333,2,2497.913792
10.403105,105,2498.800629
-3.214575,324,2501.488075
10.589248,73,2502.105483
9.75,1,2502.113306
10.550327,120,2508.621515
10.571176,74,2509.234249
10.107451,55,2509.706223
11.323333,2,2509.722638
10.495033,84,2510.437215
10.573464,84,2511.142709
10.527857,43,2511.500343
10.335882,74,2512.115633
10.887564,43,2512.467296
10.972273,31,2512.73101
10.59732,74,2513.343216
10.660327,98,2514.172503
10.566961,67,2514.742532
10.909545,29,2514.980075
10.661667,1,2514.989077
9.954673,81,2515.665304
10.344524,84,2516.360926
10.653824,81,2517.040843
-3.031569,324,2525.215309
10.514314,54,2525.664037
10.555392,85,2526.38153
10.528529,59,2526.883232
10.454314,66,2527.440133
10.628824,86,2528.173623
10.726429,49,2528.587519
10.585,3,2528.614105
10.555033,72,2529.211165
10.522745,68,2529.788259
10.985,3,2529.812888
10.360952,4,2529.845814
10.593464,80,2530.511198
10.656667,2,2530.530722
10.41781,55,2530.987603
10.714542,95,2537.276477
10.450098,59,2537.773457
10.730055,43,2538.132592
10.542745,64,2538.666817
10.509248,89,2539.412776
10.553824,101,2540.25053
10.668039,86,2540.974623
10.575392,81,2541.660019
10.609608,82,2542.355917
10.60768,85,2543.067279
10.354183,105,2543.938012
10.615392,73,2544.55825
10.880952,60,2545.064754
10.633464,72,2551.059061
10.583105,69,2551.646897
10.910909,36,2551.954677
10.411176,106,2552.847151
10.559608,92,2553.610495
10.093105,118,2554.594612
10.379248,66,2555.152305
10.613464,76,2555.801638
10.358824,91,2556.562294
10.671046,122,2557.590601
10.467619,36,2557.891411
10.724524,57,2558.362694
10.313105,74,2558.981265
10.476601,72,2565.037353
10.468529,71,2565.638062
-1.600392,324,2568.349344
10.331536,86,2569.077571
10.576961,65,2569.624783
10.465033,90,2570.375784
10.45817,60,2570.874352
10.443954,55,2571.333967
9.672974,319,2579.461004
9.517549,126,2580.518301
10.913791,59,2581.011235
10.702255,87,2581.745789
10.296961,72,2582.354134
10.898333,7,2582.415989
10.528889,72,2583.013598
10.359608,83,2583.712664
10.985,3,2583.737849
10.658039,88,2584.473294
10.61768,83,2585.183006
10.432026,60,2585.682551
10.898333,7,2585.742228
10.433824,125,2586.797346
10.530817,69,2592.787751
10.699412,66,2593.350078
10.585,3,2593.377273
10.63768,79,2594.053272
9.75,1,2594.06128
10.430098,63,2594.596312
10.658636,21,2594.777197
10.42781,53,2595.222813
10.662255,95,2596.030781
10.953791,51,2596.457183
11.323333,2,2596.474582
10.748758,96,2597.290612
10.565033,70,2597.87543
10.589248,73,2598.493237
10.816667,70,2599.087034
10.435882,54,2599.545816
10.492386,61,2600.064627
10.552745,62,2600.588374
10.668039,86,2601.320032
10.679967,81,2607.482483
10.398758,166,2608.879521
10.500458,62,2609.403884
10.007308,92,2610.177503
10.581176,72,2610.783902
10.179118,223,2612.640429
11.313333,4,2612.674684
10.646111,93,2613.470231
10.702255,87,2614.202072
9.439118,273,2621.951879
10.462386,67,2622.518632
10.462026,54,2622.980983
10.691895,76,2623.622409
10.509967,115,2624.591753
10.670327,96,2625.386839
10.605752,88,2626.123385
10.551536,91,2626.890566
10.712255,85,2627.598027
10.575033,68,2628.165695
10.714542,95,2628.956686
11.162778,23,2629.154077
10.559967,105,2635.436244
10.559248,79,2636.103683
11.97,6,2636.152694
10.526601,62,2636.669202
10.615752,86,2637.387043
10.936212,37,2637.689264
10.645752,80,2638.354614
10.910909,36,2638.655634
10.671895,80,2639.334099
11.641667,5,2639.375865
10.565,57,2639.847549
10.746176,89,2640.594666
11.323333,2,2640.612514
10.559697,33,2640.888422
10.593464,80,2641.561979
10.768333,13,2641.669803
10.581176,72,2642.276106
10.405523,47,2642.673234
10.520817,71,2643.272909
10.736429,47,2649.137364
10.414542,106,2650.030246
10.748758,96,2650.829549
10.15719,132,2651.93382
10.601765,62,2652.446644
10.708399,91,2653.199753
10.556111,111,2654.121753
10.730714,11,2654.212509
10.60732,72,2654.811449
10.135621,201,2656.497977
11.17,6,2656.549317
10.633824,85,2657.268864
10.274314,53,2663.210483
10.381536,76,2663.848678
10.200327,92,2664.631181
10.688039,82,2665.323666
10.482386,63,2665.854136
10.535033,76,2666.49906
10.500458,62,2667.024913
10.442026,58,2667.50976
10.721905,8,2667.574754
11.995,1,2667.583783
10.718485,26,2667.803054
10.889835,55,2668.261264
10.655752,78,2668.919708
10.17781,54,2669.373236
10.486601,70,2669.967036
10.679967,81,2670.644105
11.323333,2,2670.661527
10.670686,109,2671.569862
10.700769,57,2677.450552
11.323333,2,2677.467886
10.648399,103,2678.33529
9.659739,57,2678.811384
10.758571,54,2679.26699
10.445882,52,2679.697701
10.589967,99,2680.524233
10.60768,85,2681.229437
10.669967,83,2681.917812
10.902381,10,2681.999664
10.613824,89,2682.737107
11.56,8,2682.806505
10.698039,80,2683.475548
11.311667,31,2683.728958
10.39768,78,2684.389018
10.536961,73,2685.011592
10.591176,70,2685.592857
10.605392,75,2691.64335
10.961515,38,2691.962187
10.567308,25,2692.174623
10.53768,99,2693.008342
-2.515425,324,2695.721564
10.601536,81,2696.404115
10.016961,79,2697.067653
10.655752,78,2697.724762
10.698039,80,2698.399075
10.344183,156,2705.177842
10.605392,75,2705.808697
10.522619,56,2706.275008
10.446471,97,2707.084608
10.518529,61,2707.602165
10.544673,61,2708.11416
10.524673,65,2708.660552
10.631667,7,2708.718217
10.551176,78,2709.376565
10.526601,62,2709.898208
10.492647,75,2710.523637
10.686111,85,2711.230381
10.638399,105,2712.106384
10.282745,67,2712.667711
11.119286,19,2712.825313
11.323333,2,2712.842237
10.300714,59,2713.335685
10.621536,77,2719.448683
10.109967,97,2720.267652
10.661667,1,2720.275587
10.661667,1,2720.283408
10.601176,68,2720.850582
10.949487,46,2721.235658
10.605392,75,2721.86688
10.887564,43,2722.224289
9.920686,112,2723.165105
10.542745,64,2723.700439
10.867778,22,2723.886689
10.992619,11,2723.977078
10.721905,8,2724.048079
10.625752,84,2724.75424
10.286471,80,2725.423898
10.643824,83,2726.116125
10.742614,92,2726.887339
10.524673,65,2727.431575
10.878182,28,2727.663113
10.91,18,2733.223536
10.488529,67,2733.793485
10.583105,69,2734.376707
10.365392,74,2734.999391
10.846818,27,2735.225556
10.730327,84,2735.932664
10.38768,80,2736.6
10.573464,84,2737.305315
10.513333,4,2737.338712
10.77,6,2737.387813
10.601895,94,2738.178747
10.147451,47,2738.579887
10.460455,17,2738.724437
11.222778,31,2738.983598
10.522745,68,2739.55292
10.56598,128,2740.635269
10.615392,73,2741.238569
10.409608,73,2747.260428
11.365,7,2747.31912
10.181176,103,2748.186779
10.499608,104,2749.050383
10.601176,68,2749.613476
10.508529,63,2750.141817
10.581405,104,2751.011366
10.744524,53,2751.449443
10.643824,83,2752.149303
10.055261,155,2753.464819
10.640513,36,2753.766642
10.633464,72,2754.379726
10.78,4,2754.415707
10.319248,78,2755.07904
10.622255,103,2761.403664
10.066961,69,2761.985209
10.797143,12,2762.090137
10.468529,71,2762.695723
10.460458,70,2763.294983
10.916667,70,2763.883866
10.562745,60,2764.387358
10.30768,96,2765.190598
10.701795,34,2765.479289
10.653824,81,2766.151966
11.995,1,2766.161152
10.635392,69,2766.747922
10.534673,63,2767.277512
10.511176,86,2767.989753
10.460098,57,2768.469763
10.655752,78,2769.122494
10.470327,87,2769.849989
10.759091,30,2775.578038
11.035,33,2775.852624
10.609967,95,2776.655108
10.720128,48,2777.058804
9.75,1,2777.066852
10.530817,69,2777.645226
10.898333,7,2777.7022
9.99,2,2777.71753
10.742614,92,2778.493914
10.501176,88,2779.235576
11.115,28,2779.468999
10.716471,92,2780.240766
9.75,1,2780.248537
10.174451,26,2780.459689
10.815455,26,2780.680807
10.649967,87,2781.421587
10.768681,61,2781.931323
10.78,4,2781.965475
10.016601,66,2782.51298
10.658399,101,2783.353475
10.27719,157,2790.097696
10.455882,50,2790.51417
10.599248,71,2791.120557
10.661895,82,2791.81701
10.535033,76,2792.453038
10.749118,109,2793.381521
10.540817,67,2793.952425
10.560275,33,2794.235119
10.672255,93,2795.024517
10.734542,91,2795.781953
11.143889,29,2796.022134
10.365163,42,2796.380123
10.391307,42,2796.738431
10.468399,90,2797.498452
10.58732,76,2803.604289
11.129286,17,2803.745753
10.839837,117,2804.737
10.415882,58,2805.229252
11.56,8,2805.2991
10.413595,48,2805.703942
10.508529,63,2806.228414
10.549118,100,2807.076868
10.47817,56,2807.555887
10.52732,88,2808.290133
10.82881,59,2808.785205
10.536471,79,2809.455025
10.857549,103,2810.323866
10.563105,73,2810.940326
10.433954,57,2811.419338
10.476242,59,2811.91673
10.554183,114,2818.277807
10.31902,46,2818.669059
10.639608,76,2819.315713
10.670556,17,2819.456935
10.621536,77,2820.098873
10.532745,66,2820.657473
10.546961,71,2821.257648
10.59732,74,2821.883434
10.459608,112,2822.829184
10.373464,75,2823.46664
10.44817,62,2824.008019
10.547857,39,2824.339252
10.500458,62,2824.87589
10.541176,80,2825.552017
10.305163,54,2826.001908
10.413595,48,2831.872042
10.552745,62,2832.391489
10.698333,57,2832.853798
10.959487,44,2833.224034
10.724542,93,2834.016224
10.443105,97,2834.838722
10.863571,13,2834.946589
10.555752,98,2835.767894
10.653824,81,2836.457977
10.649608,74,2837.081323
10.555752,98,2837.904752
10.696111,83,2838.600001
10.395523,49,2839.011589
10.728399,87,2839.754595
11.796667,14,2839.875626
10.967747,57,2845.81994
10.591895,96,2846.631425
10.458407,27,2846.86211
10.678039,84,2847.568357
10.730714,11,2847.65675
10.571667,49,2848.080206
10.708758,104,2848.955678
10.702255,87,2849.674044
10.633464,72,2850.263504
10.323105,72,2850.858316
10.657222,13,2850.968422
10.734542,91,2851.722564
10.565033,70,2852.304287
10.476242,59,2852.797335
10.55732,82,2853.508075
11.173095,13,2853.620719
10.694542,99,2859.926911
10.791046,98,2860.758665
10.902381,10,2860.842373
10.815261,101,2861.684703
10.565033,70,2862.281799
10.696099,41,2862.62486
10.65768,75,2863.262683
10.392255,100,2864.09986
10.435882,54,2864.553253
10.573105,71,2865.157053
10.59732,74,2865.775002
10.573105,71,2866.370417
10.555,70,2866.960064
10.41781,55,2867.427624
10.522745,68,2867.997122
10.728758,100,2874.314496
10.464314,64,2874.858475
10.669967,83,2875.561996
9.901667,55,2876.022028
9.96,8,2876.088848
10.663824,79,2876.768314
10.641895,86,2877.490714
10.500817,75,2878.119691
10.34732,75,2878.761888
10.996429,15,2878.888931
10.764524,49,2879.307087
10.386242,77,2879.963963
10.768571,52,2880.409272
10.512745,70,2880.996167
10.809118,97,2881.815096
10.706471,94,2888.007509
10.718399,89,2888.769827
10.951429,84,2889.491032
10.470817,81,2890.1731
11.323333,2,2890.191266
10.558889,66,2890.746701
10.744542,89,2891.49385
10.885,63,2892.014764
9.99,2,2892.030911
10.500458,62,2892.547301
10.621536,77,2893.18426
10.478758,101,2894.030858
10.704183,84,2894.735962
10.609608,82,2895.419366
10.706471,94,2896.211454
10.558039,108,2902.572838
10.805261,103,2903.441182
10.73683,101,2904.287012
10.650327,100,2905.121319
9.910817,193,2906.743406
11.594286,24,2906.952717
11.173095,13,2907.059678
10.484542,92,2907.847287
10.440458,74,2908.468957
10.306961,70,2909.051533
10.639608,76,2909.69897
10.591176,70,2910.289769
10.708399,91,2916.46526
10.608039,98,2917.288502
10.510458,60,2917.784391
10.686111,85,2918.486721
10.663824,79,2919.156889
11.062857,16,2919.288367
10.400817,95,2920.092292
10.63768,79,2920.750498
10.534673,63,2921.275987
11.195714,18,2921.429199
10.601209,38,2921.754592
10.758758,94,2922.552162
10.688333,59,2923.050107
10.532745,66,2923.612297
10.659608,72,2924.220929
10.573105,71,2930.277946
10.585,3,2930.303775
10.593464,80,2930.979503
10.661667,1,2930.989382
10.839477,104,2931.858551
10.628333,51,2932.288523
10.776471,80,2932.955934
10.661667,1,2932.963886
10.730055,43,2933.332317
10.631536,75,2933.95786
9.992745,76,2934.602987
10.878182,28,2934.835809
11.026667,8,2934.902862
10.540817,67,2935.455458
10.413954,61,2935.967416
10.63719,134,2937.085267
10.575033,68,2937.672319
10.77,6,2937.721994
10.59768,87,2938.456756
10.656667,2,2938.473856
10.532745,66,2944.434689
10.449248,101,2945.279819
10.784902,94,2946.075429
10.686471,98,2946.889092
10.291176,81,2947.566244
10.696111,83,2948.255535
10.623824,87,2948.988707
10.529967,111,2949.930573
-2.593856,324,2952.638359
11.995,1,2952.648418
10.591176,70,2958.636402
10.597857,9,2958.71385
10.359379,51,2959.139223
10.525033,78,2959.790874
10.688039,82,2960.475791
10.58732,76,2961.112716
10.601765,62,2961.615819
10.643464,70,2962.218979
11.155,9,2962.293247
10.992619,11,2962.388138
10.772614,86,2963.110696
10.573333,52,2963.547234
10.758758,94,2964.330892
10.609248,69,2964.910762
10.300817,66,2965.461789
10.575392,81,2966.145052
9.75,1,2966.152942
10.595261,96,2972.445542
10.601765,62,2972.961062
10.645752,80,2973.636405
10.648758,116,2974.614507
10.581895,98,2975.435402
10.653824,81,2976.132085
10.315033,71,2976.732569
10.706111,81,2977.429785
10.661895,82,2978.117788
10.726471,90,2978.876096
10.692255,89,2979.631475
11.17,6,2979.683262
11.313333,4,2979.719079
9.99,2,2979.735471
10.376242,79,2980.406618
10.721905,8,2980.471938
10.91,18,2980.616846
10.462026,54,2986.474809
10.714183,82,2987.155034
10.545033,74,2987.770725
10.62732,68,2988.329994
11.411667,11,2988.421847
10.722255,83,2989.116471
10.688039,82,2989.805506
10.637564,44,2990.175459
10.734542,91,2990.934815
11.025476,73,2991.56016
10.591176,70,2992.155602
10.541429,6,2992.207063
11.641667,5,2992.250644
10.351667,63,2992.773333
10.986111,25,2992.980109
11.037424,41,2993.320486
10.56768,93,2994.111914
9.999248,93,3000.376146
10.661895,82,3001.073396
10.468529,71,3001.683112
10.818333,73,3002.295269
10.663824,79,3002.943389
10.851667,73,3003.549313
10.31732,81,3004.225663
10.629118,83,3004.908075
11.415556,28,3005.142469
10.778758,90,3005.890528
11.641667,5,3005.929434
9.876601,94,3006.70782
10.599248,71,3007.294821
10.686471,98,3008.102176
10.571667,49,3008.51731
10.565033,70,3014.563625
10.651895,84,3015.278827
10.658039,88,3016.01759
10.46817,58,3016.514823
10.661667,1,3016.523451
10.520458,58,3017.01088
10.784902,94,3017.805538
10.601176,68,3018.370241
10.714183,82,3019.058921
10.863571,13,3019.166089
10.534673,63,3019.691685
10.802974,93,3020.469278
11.755,9,3020.5453
10.641536,73,3021.162241
10.571176,74,3021.783582
10.950909,28,3022.024771
10.470098,55,3022.485265
10.782974,97,3028.71891
10.631111,16,3028.851438
10.781405,113,3029.806572
10.58732,76,3030.452192
10.218399,91,3031.205375
10.38768,80,3031.878148
10.514673,67,3032.439443
10.493077,37,3032.745912
10.265033,81,3033.417528
9.98,4,3033.452058
10.613464,76,3034.086393
10.601536,81,3034.767118
10.786667,56,3035.230621
10.460458,70,3035.815797
10.464314,64,3036.35283
10.558889,66,3036.908778
10.661667,1,3036.916482
10.728399,87,3043.055642
10.846818,27,3043.281247
10.450327,91,3044.048908
10.581176,72,3044.641553
10.750686,93,3045.419018
11.104444,28,3045.654431
10.573333,52,3046.085853
11.104444,28,3046.317019
10.907222,23,3046.51004
10.558889,66,3047.057492
11.995,1,3047.0665
10.319967,104,3047.945755
10.623464,74,3048.576167
10.902381,10,3048.657465
10.648399,103,3049.519831
10.37781,63,3050.051881
10.92598,105,3050.928605
10.512778,13,3056.500541
11.075,25,3056.707695
10.63,54,3057.162066
10.343464,81,3057.840319
10.824762,56,3058.305008
10.538889,70,3058.887431
10.992619,11,3058.977366
10.828333,21,3059.156628
10.508889,76,3059.802151
11.062857,16,3059.935861
10.543529,56,3060.406413
10.678039,84,3061.119412
10.515033,80,3061.793279
10.482745,76,3062.431284
10.710327,88,3063.162422
10.328333,1,3063.17128
10.641176,60,3063.680173
10.561176,76,3064.320754
10.728758,100,3070.562325
10.486601,70,3071.155815
11.003636,32,3071.428235
10.768758,92,3072.210346
10.643824,83,3072.913495
10.815,67,3073.479752
10.300817,66,3074.033747
10.550817,65,3074.589748
11.173095,13,3074.696431
10.386961,103,3075.558424
10.566961,67,3076.114085
10.662143,39,3076.441565
10.565033,70,3077.023859
10.76683,95,3077.834579
11.062857,16,3077.968718
10.575392,81,3078.641465
10.696099,41,3078.980268
10.661895,82,3085.06385
10.75598,139,3086.235299
10.772974,99,3087.05617
10.74683,99,3087.894524
10.581176,72,3088.499175
10.558889,66,3089.054122
11.351061,51,3089.482862
11.08803,43,3089.843626
10.536601,60,3090.339997
10.706111,81,3091.022903
10.536601,60,3091.522927
10.679967,81,3092.190053
10.609118,87,3092.918039
10.426111,88,3099.055315
10.443954,55,3099.509231
10.532745,66,3100.062429
10.542745,64,3100.598427
10.683791,56,3101.064061
10.807967,45,3101.439544
10.512745,70,3102.016391
10.788758,88,3102.756457
10.751405,119,3103.757801
10.802974,93,3104.536905
10.270714,3,3104.562885
10.771046,102,3105.403093
10.540817,67,3105.974142
10.821923,51,3106.391559
11.668333,13,3106.492452
10.62768,81,3112.57287
11.026667,8,3112.637962
10.63,74,3113.253818
10.772255,73,3113.854609
10.484542,92,3114.617622
10.93,14,3114.736417
10.668039,86,3115.45246
10.545392,87,3116.178919
10.413824,80,3116.843523
10.717778,12,3116.94072
10.676111,87,3117.662832
10.288399,126,3118.720939
10.708485,28,3118.951633
10.484314,60,3119.449574
10.706471,94,3120.242555
10.61768,83,3126.415021
10.405523,47,3126.816129
10.60768,85,3127.530105
10.621536,77,3128.178705
10.702255,87,3128.905503
10.508529,63,3129.433285
10.530817,69,3130.008929
10.504314,56,3130.480077
10.05781,78,3131.126417
10.975,5,3131.168722
10.721905,8,3131.234927
10.599477,103,3132.099488
10.513333,4,3132.135981
10.985,3,3132.161772
10.39768,78,3132.824734
10.792974,95,3133.618326
10.631765,56,3134.100524
10.613464,76,3134.746883
10.366242,81,3140.879876
10.704183,84,3141.588951
10.564542,125,3142.636835
10.649967,87,3143.364393
10.480458,66,3143.904794
10.583105,69,3144.488021
9.99,2,3144.504666
11.173095,13,3144.611311
10.549248,81,3145.286272
10.535392,89,3146.027897
10.689967,79,3146.684233
10.422386,75,3147.308309
10.543105,77,3147.950396
10.867778,22,3148.134489
10.710327,88,3148.866203
10.678039,84,3154.965611
-2.559386,361,3158.025277
10.597857,9,3158.107405
-2.558772,361,3161.147892
-3.02538,361,3169.595922
-2.884415,361,3172.666506
-6.829649,361,3175.735847
-2.629561,361,3184.281963
-3.210673,361,3187.339694
-6.059561,361,3190.390953
11.323333,2,3190.408527
-3.584942,361,3198.933297
-2.956433,361,3201.979381
11.032051,50,3202.393265
-2.722515,361,3210.903172
10.749091,32,3211.175508
10.78,4,3211.212807
10.992619,11,3211.311612
10.379608,79,3211.980147
-3.794854,361,3215.038479
10.656667,2,3215.055248
-2.559386,361,3218.096855
-3.49076,361,3226.504212
-2.629561,361,3229.555125
-4.657895,361,3232.602196
-2.979825,361,3240.967195
10.762121,41,3241.306623
-3.026608,361,3244.364245
-2.769912,361,3247.383301
-2.582778,361,3255.799848
10.124971,57,3256.286403
9.712193,184,3257.856812
10.619231,30,3258.107789
10.907222,23,3258.302223
-2.909649,361,3261.346404
-2.371637,361,3269.765161
-3.142339,361,3272.827143
10.530275,39,3273.158179
-3.306082,361,3281.568311
8.485146,350,3284.517895
9.552368,132,3285.651831
-4.425819,361,3288.706894
-4.028772,361,3297.123582
9.96193,113,3298.060428
10.597857,9,3298.133007
10.328333,1,3298.140706
-3.469825,361,3301.169493
-2.441199,361,3309.596048
-5.5,361,3312.643213
-2.699737,361,3315.693038
8.588889,264,3323.389611
-1.974591,361,3326.42628
10.616667,10,3326.510278
-3.865643,361,3329.566649
9.714183,184,3331.129723
10.352544,133,3337.695392
10.656667,2,3337.714139
-5.126345,361,3340.775331
11.162778,23,3340.975815
10.40845,61,3341.498311
10.707778,14,3341.615581
11.755,9,3341.691509
-2.652953,361,3344.754282
9.635,166,3351.598665
9.98,4,3351.631318
10.78,4,3351.66486
11.132222,18,3351.822997
8.742544,308,3354.427957
10.907222,23,3354.621511
-3.048772,361,3357.678717
9.255848,105,3358.56407
9.075936,197,3365.668835
-4.052778,361,3368.731798
10.142281,105,3369.623907
10.193736,14,3369.743098
11.055,29,3369.999754
10.513333,4,3370.034163
10.009415,169,3371.442578
10.445936,119,3372.447341
-7.879825,361,3380.958791
10.647879,28,3381.194783
10.541429,6,3381.244799
10.232544,108,3382.1663
11.421667,9,3382.241352
-8.183304,361,3385.248503
11.995,1,3385.259078
10.425322,74,3385.887725
10.089064,125,3386.943938
8.959064,253,3394.53351
10.875606,37,3394.841485
9.61576,124,3395.883062
10.657353,95,3396.684777
9.209503,140,3397.861129
-2.933041,361,3400.905699
10.39,2,3400.92281
10.721905,8,3400.991678
11.273333,12,3401.092473
10.828333,21,3401.268752
9.915497,92,3402.042806
10.519152,95,3408.311208
10.128333,1,3408.319581
9.75,1,3408.327482
10.39,2,3408.344643
10.248012,58,3408.83475
10.093246,192,3410.473907
10.749591,84,3411.186002
9.222632,170,3412.612375
10.774011,43,3412.977676
10.841667,95,3413.776246
10.656667,2,3413.793141
10.102018,92,3414.562141
-2.814854,361,3422.984327
10.513824,109,3423.899314
9.099152,281,3426.266374
10.235936,112,3427.207638
-3.049386,361,3430.223899
