#{"t_start": 1785424585.91562, "env_id": "None"}
r,l,t
-2.0,1,1.46282
-2.0,1,1.464322
-2.0,1,1.465851
-2.0,1,1.467372
-2.0,1,1.468878
-2.0,1,1.470109
-2.0,1,1.471561
-2.0,1,1.473041
-2.0,1,1.474301
-2.0,1,1.475607
-2.0,1,1.47689
-2.0,1,1.478192
-2.0,1,1.479469
-2.0,1,1.480736
-2.0,1,1.482025
-2.0,1,1.483299
-2.0,1,1.484565
-2.0,1,1.485856
-2.0,1,1.487139
-2.0,1,1.488433
-2.0,1,1.489707
-2.0,1,1.490997
-2.0,1,1.492266
-2.0,1,1.493557
-2.0,1,1.494844
-2.0,1,1.496124
-2.0,1,1.497399
-2.0,1,1.498707
-2.0,1,1.5
-2.0,1,1.501236
-2.0,1,1.502594
-2.0,1,1.503879
-2.0,1,1.505128
-2.0,1,1.506387
-2.0,1,1.507631
-2.0,1,1.508863
-2.0,1,1.51011
-2.0,1,1.511348
-2.0,1,1.512588
-2.0,1,1.513833
-2.0,1,1.515069
-2.0,1,1.516302
-2.0,1,1.517538
-2.0,1,1.518791
-2.0,1,1.520017
-2.0,1,1.52128
-2.0,1,1.52252
-2.0,1,1.523759
-2.0,1,1.524992
-2.0,1,1.526235
-2.0,1,1.527461
-2.0,1,1.528695
-2.0,1,1.529939
-2.0,1,1.531182
-2.0,1,1.532422
-2.0,1,1.533655
-2.0,1,1.534904
-2.0,1,1.536147
-2.0,1,1.537406
-2.0,1,1.53866
-2.0,1,1.539896
-2.0,1,1.541132
-2.0,1,1.542377
-2.0,1,1.543661
-2.0,1,1.544981
-2.0,1,1.546279
-2.0,1,1.547561
-2.0,1,1.548849
-2.0,1,1.550136
-2.0,1,1.551416
-2.0,1,1.5527
-2.0,1,1.553971
-2.0,1,1.555253
-2.0,1,1.556512
-2.0,1,1.557779
-2.0,1,1.559036
-2.0,1,1.5603
-2.0,1,1.561558
-2.0,1,1.562836
-2.0,1,1.564098
-2.0,1,1.565355
-2.0,1,1.566624
-2.0,1,1.567885
-2.0,1,1.569148
-2.0,1,1.570431
-2.0,1,1.571727
-2.0,1,1.573051
-2.0,1,1.574401
-2.0,1,1.575758
-2.0,1,1.577089
-2.0,1,1.578401
-2.0,1,1.579674
-2.0,1,1.58095
-2.0,1,1.582233
-2.0,1,1.583504
-2.0,1,1.584769
-2.0,1,1.586082
-2.0,1,1.587416
-2.0,1,1.588771
-2.0,1,1.590154
-2.0,1,1.591525
-2.0,1,1.592846
-2.0,1,1.594211
-2.0,1,1.595568
-2.0,1,1.596921
-2.0,1,1.598283
-2.0,1,1.599628
-2.0,1,1.60098
-2.0,1,1.602339
-2.0,1,1.603695
-2.0,1,1.605042
-2.0,1,1.606401
-2.0,1,1.607747
-2.0,1,1.609094
-2.0,1,1.610455
-2.0,1,1.61181
-2.0,1,1.613161
-2.0,1,1.614523
-2.0,1,1.61587
-2.0,1,1.617261
-2.0,1,1.618642
-2.0,1,1.619999
-2.0,1,1.621355
-2.0,1,1.622718
-2.0,1,1.624072
-2.0,1,1.625425
-2.0,1,1.626791
-2.0,1,1.628207
-2.0,1,1.629583
-2.0,1,1.630949
-2.0,1,1.632302
-2.0,1,1.633654
-2.0,1,1.635024
-2.0,1,1.636383
-2.0,1,1.63775
-2.0,1,1.639146
-2.0,1,1.640526
-2.0,1,1.641889
-2.0,1,1.643242
-2.0,1,1.644596
-2.0,1,1.645954
-2.0,1,1.647316
-2.0,1,1.648674
-2.0,1,1.650034
-2.0,1,1.65138
-2.0,1,1.652733
-2.0,1,1.65409
-2.0,1,1.655437
-2.0,1,1.656967
-2.0,1,1.658324
-2.0,1,1.659624
-2.0,1,1.660948
-2.0,1,1.662235
-2.0,1,1.663507
-2.0,1,1.664781
-2.0,1,1.666067
-2.0,1,1.667336
-2.0,1,1.668633
-2.0,1,1.669955
-2.0,1,1.671274
-2.0,1,1.672676
-2.0,1,1.673996
-2.0,1,1.67536
-2.0,1,1.676573
-2.0,1,1.67793
-2.0,1,1.679284
-2.0,1,1.680616
-2.0,1,1.682042
-2.0,1,1.68344
-2.0,1,1.684835
-2.0,1,1.686174
-2.0,1,1.687585
-2.0,1,1.688982
-2.0,1,1.69032
-2.0,1,1.691715
-2.0,1,1.693122
-2.0,1,1.694519
-2.0,1,1.6959
-2.0,1,1.697315
-2.0,1,1.698667
-2.0,1,1.700073
-2.0,1,1.701492
-2.0,1,1.702814
-2.0,1,1.704252
-2.0,1,1.7057
-2.0,1,1.707289
-2.0,1,1.708594
-2.0,1,1.709909
-2.0,1,1.711208
-2.0,1,1.712505
-2.0,1,1.713816
-2.0,1,1.715209
-2.0,1,1.716562
-2.0,1,1.717894
-2.0,1,1.719226
-2.0,1,1.720542
-2.0,1,1.722066
-2.0,1,1.723424
-2.0,1,1.724777
-2.0,1,1.726093
-2.0,1,1.727401
-2.0,1,1.72879
-2.0,1,1.730186
-2.0,1,1.731525
-2.0,1,1.732929
-2.0,1,1.734335
-2.0,1,1.735722
-2.0,1,1.737249
-2.0,1,1.738724
-2.0,1,1.740108
-2.0,1,1.741518
-2.0,1,1.74293
-2.0,1,1.744235
-2.0,1,1.745645
-2.0,1,1.746988
-2.0,1,1.748378
-2.0,1,1.74972
5.0,1,1.751298
-2.0,1,1.752622
-2.0,1,1.753973
-2.0,1,1.755393
-2.0,1,1.756852
-2.0,1,1.758302
-2.0,1,1.759697
-2.0,1,1.761089
-2.0,1,1.762495
-2.0,1,1.763922
-2.0,1,1.765351
-2.0,1,1.766757
-2.0,1,1.768183
-2.0,1,1.76957
-2.0,1,1.77105
-2.0,1,1.772457
-2.0,1,1.774067
-2.0,1,1.775611
-2.0,1,1.777317
-2.0,1,1.778946
-2.0,1,1.780554
-2.0,1,1.781971
-2.0,1,1.783381
-2.0,1,1.785013
-2.0,1,1.786443
-2.0,1,1.788164
-2.0,1,1.789623
-2.0,1,1.791103
-2.0,1,1.792591
-2.0,1,1.794048
-2.0,1,1.795508
-2.0,1,1.797019
-2.0,1,1.798722
-2.0,1,1.800242
-2.0,1,1.801944
-2.0,1,1.80341
-2.0,1,1.804879
-2.0,1,1.80641
-2.0,1,1.807908
-2.0,1,1.809371
-2.0,1,1.810917
-2.0,1,1.812376
-2.0,1,1.813842
-2.0,1,1.815361
-2.0,1,1.816861
-2.0,1,1.81849
-2.0,1,1.81997
-2.0,1,1.821617
-2.0,1,1.82315
-2.0,1,1.824665
-2.0,1,1.826242
-2.0,1,1.827934
-2.0,1,1.829628
-2.0,1,1.831327
-2.0,1,1.833024
-2.0,1,1.834568
-2.0,1,1.836066
-2.0,1,1.837617
-2.0,1,1.839112
-2.0,1,1.840626
-2.0,1,1.842158
-2.0,1,1.843852
-2.0,1,1.845367
-2.0,1,1.846887
-2.0,1,1.848378
-2.0,1,1.849896
-2.0,1,1.851404
-2.0,1,1.852943
-2.0,1,1.854652
-2.0,1,1.856347
-2.0,1,1.857873
-2.0,1,1.859379
-2.0,1,1.860897
-2.0,1,1.862672
-2.0,1,1.864183
-2.0,1,1.865697
-2.0,1,1.867225
-2.0,1,1.868732
-2.0,1,1.870254
-2.0,1,1.871771
-2.0,1,1.873289
-2.0,1,1.874809
-2.0,1,1.876328
-2.0,1,1.877849
-2.0,1,1.87937
-2.0,1,1.880876
-2.0,1,1.8824
-2.0,1,1.883906
-2.0,1,1.88542
-2.0,1,1.886966
-2.0,1,1.888649
-2.0,1,1.890342
-2.0,1,1.891863
-2.0,1,1.893389
-2.0,1,1.895094
-2.0,1,1.896637
-2.0,1,1.898223
-2.0,1,1.899738
-2.0,1,1.901249
-2.0,1,1.902771
-2.0,1,1.904334
-2.0,1,1.905824
-2.0,1,1.907331
-2.0,1,1.908828
-2.0,1,1.910354
-2.0,1,1.911869
-2.05,2,1.914902
-2.0,1,1.916414
-2.0,1,1.917941
-2.0,1,1.91945
-2.0,1,1.920965
-2.0,1,1.922486
-2.0,1,1.923991
-2.0,1,1.925508
-2.0,1,1.927025
-2.0,1,1.928533
-2.0,1,1.930067
-2.0,1,1.931586
-2.0,1,1.933097
-2.0,1,1.934619
-2.0,1,1.936127
-2.0,1,1.937649
-2.0,1,1.939177
-2.0,1,1.940695
-2.0,1,1.942219
-2.0,1,1.943745
-2.0,1,1.945262
-2.0,1,1.946781
-2.0,1,1.948294
-2.0,1,1.949823
-2.0,1,1.951335
-2.0,1,1.952852
-2.0,1,1.954379
-2.0,1,1.955898
-2.0,1,1.957407
-2.0,1,1.95893
-2.0,1,1.960446
-2.0,1,1.961977
-2.0,1,1.963398
-2.0,1,1.964802
-2.0,1,1.966212
-2.0,1,1.96761
-2.0,1,1.969021
-2.0,1,1.970512
-2.0,1,1.972096
-2.0,1,1.974049
-2.0,1,1.975798
-2.0,1,1.977367
-2.0,1,1.978829
-2.0,1,1.980248
-2.0,1,1.981754
-2.0,1,1.9836
-2.0,1,1.985318
-2.0,1,1.98716
-2.0,1,1.990203
-2.0,1,1.992911
-2.0,1,1.995601
-2.0,1,1.997167
-2.0,1,1.998856
-2.0,1,2.000344
-2.0,1,2.002123
-2.0,1,2.004028
-2.0,1,2.005584
-2.0,1,2.007019
-2.0,1,2.008435
-2.0,1,2.009852
-2.0,1,2.01127
-2.0,1,2.012676
-2.0,1,2.014105
-2.0,1,2.015512
-2.0,1,2.016924
-2.0,1,2.018341
-2.0,1,2.019831
-2.0,1,2.021452
-2.0,1,2.023064
-2.0,1,2.02457
-2.0,1,2.026094
-2.0,1,2.027579
-2.0,1,2.029065
-2.0,1,2.030599
-2.0,1,2.032086
-2.0,1,2.033583
-2.0,1,2.0351
-2.0,1,2.036592
-2.0,1,2.038146
-2.0,1,2.03972
-2.0,1,2.041211
-2.0,1,2.042717
-2.0,1,2.044207
-2.0,1,2.045703
-2.0,1,2.047207
-2.0,1,2.048694
-2.0,1,2.0502
-2.0,1,2.051692
-2.0,1,2.05318
-2.0,1,2.054732
-2.0,1,2.056225
-2.0,1,2.057716
-2.0,1,2.059229
-2.0,1,2.060747
-2.0,1,2.062303
-2.0,1,2.063799
-2.0,1,2.065293
-2.0,1,2.0668
-2.0,1,2.068297
-2.0,1,2.069798
-2.0,1,2.071382
-2.0,1,2.072875
-2.0,1,2.07439
-2.0,1,2.07589
-2.0,1,2.077379
-2.0,1,2.078886
-2.0,1,2.080367
-2.0,1,2.081877
-2.0,1,2.08338
-2.0,1,2.084875
-2.0,1,2.086387
-2.0,1,2.087955
-2.0,1,2.089518
-2.0,1,2.091025
-2.0,1,2.092517
-2.0,1,2.094025
-2.0,1,2.095531
-2.0,1,2.097024
-2.0,1,2.098603
-2.0,1,2.100086
-2.0,1,2.101588
-2.0,1,2.103091
-2.0,1,2.104633
-2.0,1,2.106138
-2.0,1,2.107632
-2.0,1,2.109123
-2.0,1,2.110643
-2.0,1,2.112139
-2.0,1,2.113648
-2.0,1,2.115155
-2.0,1,2.116648
-2.0,1,2.118153
-2.0,1,2.119655
-2.0,1,2.121199
-2.0,1,2.122714
-2.0,1,2.124206
-2.0,1,2.125693
-2.0,1,2.127197
-2.0,1,2.128691
-2.0,1,2.1302
-2.0,1,2.131689
-2.0,1,2.133209
-2.0,1,2.134726
-2.0,1,2.136259
-2.0,1,2.137873
-2.0,1,2.139373
-2.0,1,2.140863
-2.0,1,2.142421
-2.0,1,2.143932
-2.0,1,2.145418
-2.0,1,2.146924
-2.0,1,2.148418
-2.0,1,2.149917
-2.0,1,2.151421
-2.0,1,2.152909
-2.0,1,2.15444
-2.0,1,2.155933
-2.0,1,2.157485
-2.0,1,2.158995
-2.0,1,2.160488
-2.0,1,2.161998
-2.0,1,2.163497
-2.0,1,2.164985
-2.0,1,2.166493
-2.0,1,2.167994
-2.0,1,2.169488
-2.0,1,2.171006
-2.0,1,2.172509
-2.0,1,2.174043
-2.0,1,2.175669
-2.0,1,2.177119
-2.0,1,2.178589
-2.0,1,2.179991
-2.0,1,2.181405
-2.0,1,2.18282
-2.0,1,2.184222
-2.0,1,2.185623
-2.0,1,2.187063
-2.0,1,2.188487
-2.0,1,2.189921
-2.0,1,2.191328
-2.0,1,2.19276
-2.0,1,2.1942
-2.0,1,2.195668
-2.0,1,2.197079
-2.0,1,2.198509
-2.0,1,2.199931
-2.0,1,2.201337
-2.0,1,2.202752
-2.0,1,2.204165
-2.0,1,2.205592
-2.0,1,2.207099
-2.0,1,2.208669
-2.0,1,2.210252
-2.0,1,2.211824
-2.0,1,2.213377
-2.0,1,2.214946
-2.0,1,2.216497
-2.0,1,2.218075
-2.0,1,2.219624
-2.0,1,2.221195
-2.0,1,2.222761
-2.0,1,2.224322
-2.0,1,2.225882
-2.0,1,2.227433
-2.0,1,2.228978
-2.0,1,2.230545
-2.0,1,2.232095
-2.0,1,2.233637
-2.0,1,2.2352
-2.0,1,2.236757
-2.0,1,2.238332
-2.0,1,2.239887
-2.0,1,2.241432
-2.0,1,2.243006
-2.0,1,2.244558
-2.0,1,2.246121
-2.0,1,2.247671
-2.0,1,2.249227
-2.0,1,2.250786
-2.0,1,2.252332
-2.0,1,2.253887
-2.0,1,2.255448
-2.0,1,2.256991
-2.0,1,2.258556
-2.0,1,2.260114
-2.0,1,2.261667
-2.0,1,2.263227
-2.0,1,2.264776
-2.0,1,2.266348
-2.0,1,2.267904
-2.0,1,2.269446
-2.0,1,2.27095
-2.0,1,2.272542
-2.0,1,2.27406
-2.0,1,2.275589
-2.0,1,2.277139
-2.0,1,2.278718
-2.0,1,2.280275
-2.0,1,2.281835
-2.0,1,2.283379
-2.0,1,2.284939
-2.0,1,2.286508
-2.0,1,2.28805
-2.0,1,2.289598
-2.0,1,2.291152
-2.0,1,2.292705
-2.0,1,2.294266
-2.0,1,2.295815
-2.0,1,2.29736
-2.0,1,2.298923
-2.0,1,2.300478
-2.0,1,2.302037
-2.0,1,2.303594
-2.0,1,2.305152
-2.0,1,2.30672
-2.0,1,2.308278
-2.0,1,2.309834
-2.0,1,2.311391
-2.0,1,2.312942
-2.0,1,2.314509
-2.0,1,2.31606
-2.0,1,2.317611
-2.0,1,2.319184
-2.0,1,2.320722
-2.0,1,2.3223
-2.0,1,2.323854
-2.0,1,2.325399
-2.0,1,2.326961
-2.0,1,2.328517
-2.0,1,2.33008
-2.0,1,2.331635
-2.0,1,2.333187
-2.0,1,2.334749
-2.0,1,2.336303
-2.0,1,2.337861
-2.0,1,2.339335
-2.0,1,2.340862
-2.0,1,2.342364
-2.0,1,2.343816
-2.0,1,2.345265
-2.0,1,2.346717
-2.0,1,2.348218
-2.0,1,2.34964
-2.0,1,2.351433
-2.0,1,2.353099
-2.0,1,2.354684
-2.0,1,2.35615
-2.0,1,2.357593
-2.0,1,2.359053
-2.0,1,2.360484
-2.0,1,2.361947
-2.0,1,2.363396
-2.0,1,2.364847
-2.0,1,2.366311
-2.0,1,2.367748
-2.0,1,2.369192
-2.0,1,2.370728
-2.0,1,2.37224
-2.0,1,2.37378
-2.0,1,2.375338
-2.0,1,2.376895
-2.0,1,2.378437
-2.0,1,2.379974
-2.0,1,2.381457
-2.0,1,2.382995
-2.0,1,2.384535
-2.0,1,2.386233
-2.0,1,2.388376
-2.0,1,2.390956
-2.0,1,2.392985
-2.0,1,2.395573
-2.0,1,2.397861
-2.0,1,2.400259
-2.0,1,2.402156
-2.0,1,2.404376
-2.0,1,2.406643
-2.0,1,2.408657
-2.0,1,2.410626
-2.0,1,2.412903
-2.0,1,2.414953
-2.0,1,2.416819
-2.0,1,2.418808
-2.0,1,2.420954
-2.0,1,2.424009
-2.0,1,2.443638
-2.0,1,2.474709
-2.0,1,2.480571
-2.0,1,2.490154
-2.0,1,2.493481
-2.0,1,2.495595
-2.0,1,2.497663
-2.0,1,2.499873
-2.0,1,2.501943
-2.0,1,2.504017
-2.0,1,2.506348
-2.0,1,2.509999
-2.0,1,2.512439
-2.0,1,2.515116
-2.0,1,2.516862
-2.0,1,2.518793
-2.0,1,2.520723
-2.0,1,2.522646
-2.0,1,2.524566
-2.0,1,2.526934
-2.0,1,2.528741
-2.0,1,2.531512
-2.0,1,2.544738
-2.0,1,2.547179
-2.0,1,2.549124
-2.0,1,2.550961
-2.0,1,2.552791
-2.0,1,2.554497
-2.0,1,2.556398
-2.0,1,2.558174
-2.0,1,2.559943
-2.0,1,2.5616
-2.0,1,2.563241
-2.0,1,2.5649
-2.0,1,2.566544
-2.0,1,2.568258
-2.0,1,2.569979
-2.0,1,2.571728
-2.0,1,2.573633
-2.0,1,2.575436
-2.0,1,2.577654
-2.0,1,2.579432
-2.0,1,2.581181
-2.0,1,2.583048
-2.0,1,2.584639
-2.0,1,2.586331
-2.0,1,2.588081
-2.0,1,2.590076
-2.0,1,2.591646
-2.0,1,2.593505
-2.0,1,2.595214
-2.0,1,2.596814
-2.0,1,2.59842
-2.0,1,2.600023
-2.0,1,2.60161
-2.0,1,2.603225
-2.0,1,2.604855
-2.0,1,2.606437
-2.0,1,2.608057
-2.0,1,2.609683
-2.0,1,2.611284
-2.0,1,2.61288
-2.0,1,2.614427
-2.0,1,2.616147
-2.0,1,2.61769
-2.0,1,2.619512
-2.0,1,2.621001
-2.0,1,2.622656
-2.0,1,2.62429
-2.0,1,2.625906
-2.0,1,2.627529
-2.0,1,2.62915
-2.0,1,2.630808
-2.0,1,2.632417
-2.0,1,2.634116
-2.0,1,2.635679
-2.0,1,2.637206
-2.0,1,2.63879
-2.0,1,2.640317
-2.0,1,2.641883
-2.0,1,2.643442
-2.0,1,2.645015
-2.0,1,2.646703
-2.0,1,2.648211
-2.0,1,2.649874
-2.0,1,2.651549
-2.0,1,2.653118
-2.0,1,2.654763
-2.0,1,2.656262
-2.0,1,2.657773
-2.0,1,2.659189
-2.0,1,2.660654
-2.0,1,2.662138
-2.0,1,2.663568
-2.0,1,2.664994
-2.0,1,2.666436
-2.0,1,2.667865
-2.0,1,2.669295
-2.0,1,2.670798
-2.0,1,2.67228
-2.0,1,2.673733
-2.0,1,2.675225
-2.0,1,2.676812
-2.0,1,2.678317
-2.0,1,2.679842
-2.0,1,2.68131
-2.0,1,2.68284
-2.0,1,2.684268
-2.0,1,2.68577
-2.0,1,2.687253
-2.0,1,2.68874
-2.0,1,2.690231
-2.0,1,2.69179
-2.0,1,2.693244
-2.0,1,2.694778
-2.0,1,2.696259
-2.0,1,2.697711
-2.0,1,2.699223
-2.0,1,2.70069
-2.0,1,2.702187
-2.0,1,2.703682
-2.0,1,2.705167
-2.0,1,2.706628
-2.0,1,2.708163
-2.0,1,2.709637
-2.0,1,2.71115
-2.0,1,2.712605
-2.0,1,2.714079
-2.0,1,2.715598
-2.0,1,2.717148
-2.0,1,2.718676
-2.0,1,2.720119
-2.0,1,2.72151
-2.0,1,2.722989
-2.0,1,2.724531
-2.0,1,2.725938
-2.0,1,2.727365
-2.0,1,2.728736
-2.0,1,2.73015
-2.0,1,2.731593
-2.0,1,2.733116
-2.0,1,2.734528
-2.0,1,2.735904
-2.0,1,2.737293
-2.0,1,2.738688
-2.0,1,2.740068
-2.0,1,2.741447
-2.0,1,2.742819
-2.0,1,2.744199
-2.0,1,2.745562
-2.0,1,2.746946
-2.0,1,2.74831
-2.0,1,2.749709
-2.0,1,2.751064
-2.0,1,2.752429
-2.0,1,2.75378
-2.0,1,2.755149
-2.0,1,2.756517
-2.0,1,2.75789
-2.0,1,2.759257
-2.0,1,2.760597
-2.0,1,2.761947
-2.0,1,2.763283
-2.0,1,2.764624
-2.0,1,2.76597
-2.0,1,2.767328
-2.0,1,2.768685
-2.0,1,2.770048
-2.0,1,2.771436
-2.0,1,2.772876
-2.0,1,2.774335
-2.0,1,2.775866
-2.0,1,2.77733
-2.0,1,2.778733
-2.0,1,2.780165
-2.0,1,2.781609
-2.0,1,2.783253
-2.0,1,2.785201
-2.0,1,2.787014
-2.0,1,2.788861
-2.0,1,2.790879
-2.0,1,2.792944
-2.0,1,2.794694
-2.0,1,2.796403
-2.0,1,2.798095
-2.0,1,2.79972
-2.0,1,2.801559
-2.0,1,2.803283
-2.0,1,2.804994
-2.0,1,2.806903
-2.0,1,2.80857
-2.0,1,2.810168
-2.0,1,2.811812
-2.0,1,2.81327
-2.0,1,2.814889
-2.0,1,2.816376
-2.0,1,2.817947
-2.0,1,2.819506
-2.0,1,2.82096
-2.0,1,2.822505
-2.0,1,2.824033
-2.0,1,2.825499
-2.0,1,2.827021
-2.0,1,2.828483
-2.0,1,2.829978
-2.0,1,2.831388
-2.0,1,2.832815
-2.0,1,2.83426
-2.0,1,2.835613
-2.0,1,2.83704
-2.0,1,2.838564
-2.0,1,2.84005
-2.0,1,2.841455
-2.0,1,2.842943
-2.0,1,2.844436
-2.0,1,2.846018
-2.0,1,2.84739
-2.0,1,2.848769
-2.0,1,2.850163
-2.0,1,2.851567
-2.0,1,2.852953
-2.0,1,2.854346
-2.0,1,2.855864
-2.0,1,2.857332
-2.0,1,2.858873
-2.0,1,2.860371
-2.0,1,2.86176
-2.0,1,2.863162
-2.0,1,2.864641
-2.0,1,2.866043
-2.05,2,2.868907
-2.0,1,2.870314
-2.0,1,2.871818
-2.0,1,2.873715
-2.0,1,2.87524
-2.0,1,2.876796
-2.0,1,2.878303
-2.0,1,2.87978
-2.0,1,2.881261
-2.0,1,2.882748
-2.0,1,2.884231
-2.0,1,2.88571
-2.0,1,2.887204
-2.0,1,2.888746
-2.0,1,2.890252
-2.0,1,2.891785
-2.0,1,2.893197
-2.0,1,2.894723
-2.0,1,2.8961
-2.0,1,2.897486
-2.0,1,2.898872
-2.0,1,2.900254
-2.0,1,2.901659
-2.0,1,2.903046
-2.0,1,2.904419
-2.0,1,2.905869
-2.0,1,2.907252
-2.0,1,2.908612
-2.0,1,2.909998
-2.0,1,2.911369
-2.0,1,2.912765
-2.0,1,2.914149
-2.0,1,2.915531
-2.0,1,2.91686
-2.0,1,2.918213
-2.0,1,2.919549
-2.0,1,2.920921
-2.0,1,2.922353
-2.0,1,2.923684
-2.0,1,2.925023
-2.0,1,2.926376
-2.0,1,2.927723
-2.0,1,2.929065
-2.0,1,2.930441
-2.0,1,2.931781
-2.0,1,2.933121
-2.0,1,2.93448
-2.0,1,2.935828
-2.0,1,2.9372
-2.0,1,2.93862
-2.0,1,2.939966
-2.0,1,2.941312
-2.0,1,2.942693
-2.0,1,2.944022
-2.0,1,2.945357
-2.0,1,2.946722
-2.0,1,2.948065
-2.0,1,2.949426
-2.0,1,2.950783
-2.0,1,2.95213
-2.0,1,2.953501
-2.0,1,2.954859
-2.0,1,2.95623
-2.0,1,2.957583
-2.0,1,2.95895
-2.0,1,2.960282
-2.0,1,2.96165
-2.0,1,2.963016
-2.0,1,2.964364
-2.0,1,2.965739
-2.0,1,2.967087
-2.0,1,2.968443
-2.0,1,2.96981
-2.0,1,2.971207
-2.0,1,2.972836
-2.0,1,2.974325
-2.0,1,2.975822
-2.0,1,2.977705
-2.0,1,2.979303
-2.0,1,2.980804
-2.0,1,2.982312
-2.0,1,2.983831
-2.0,1,2.985548
-2.0,1,2.987088
-2.0,1,2.988606
-2.0,1,2.990147
-2.0,1,2.991849
-2.0,1,2.993313
-2.0,1,2.99481
-2.0,1,2.996287
-2.0,1,2.997771
-2.0,1,2.999209
-2.0,1,3.00072
-2.0,1,3.002154
-2.0,1,3.003622
-2.0,1,3.005064
-2.0,1,3.006544
-2.0,1,3.008021
-2.0,1,3.009465
-2.0,1,3.010926
-2.0,1,3.012397
-2.0,1,3.013855
-2.0,1,3.015309
-2.0,1,3.016753
-2.0,1,3.018223
-2.0,1,3.019706
-2.0,1,3.021183
-2.0,1,3.022681
-2.0,1,3.024146
-2.0,1,3.025596
-2.0,1,3.027049
-2.0,1,3.028601
-2.0,1,3.030081
-2.0,1,3.031554
-2.0,1,3.033048
-2.0,1,3.034578
-2.0,1,3.036072
-2.0,1,3.037594
-2.0,1,3.039111
-2.0,1,3.040622
-2.0,1,3.042141
-2.0,1,3.043739
-2.0,1,3.045263
-2.0,1,3.046823
-2.0,1,3.048379
-2.0,1,3.049908
-2.0,1,3.051396
-2.0,1,3.052895
-2.0,1,3.054449
-2.0,1,3.056059
-2.0,1,3.057506
-2.0,1,3.059031
-2.0,1,3.060533
-2.0,1,3.062054
-2.0,1,3.063527
-2.0,1,3.065032
-2.0,1,3.066527
-2.0,1,3.068011
-2.0,1,3.069511
-2.0,1,3.071138
-2.0,1,3.072666
-2.0,1,3.074267
-2.0,1,3.075891
-2.0,1,3.077463
4.75,2,5.799114
5.0,1,5.801117
4.75,2,5.804363
4.75,2,5.807698
4.75,2,5.81091
6.0,1,5.813677
4.75,2,5.816995
-2.0,1,5.818631
-5.25,18,5.85049
4.75,2,5.853691
-5.25,18,5.883206
4.75,2,5.887066
-5.25,18,5.922248
-5.25,18,5.959168
-2.0,1,5.961151
-5.25,18,5.995277
-5.25,18,6.028401
4.75,2,6.031933
-5.3,15,6.058096
4.75,2,6.062033
5.75,2,6.065669
-5.25,18,6.098684
-5.25,18,6.130911
-5.25,18,6.16208
4.75,2,6.165571
6.0,1,6.167354
-5.25,18,6.198536
-5.25,18,6.229904
-2.0,1,6.231627
-5.25,18,6.263274
5.75,2,6.267143
5.0,1,6.268855
-2.0,1,6.270496
4.75,2,6.273835
6.0,1,6.275411
-5.25,18,6.30436
4.75,2,6.307498
5.75,2,6.310728
-5.25,18,6.339339
-5.25,18,6.367312
-2.05,2,6.37039
5.75,2,6.373573
-2.3,3,6.378316
4.75,2,6.381529
5.75,2,6.384711
6.0,1,6.386251
-5.25,18,6.414743
5.0,1,6.416374
6.0,1,6.418012
4.75,2,6.421219
4.75,2,6.424414
-4.05,10,6.439769
-5.25,18,6.467937
-4.3,11,6.485156
-2.4,5,6.492845
-5.25,18,6.521433
4.75,2,6.524659
4.75,2,6.527858
-5.25,18,6.556738
-5.25,18,6.586004
4.75,2,6.589242
5.0,1,6.590848
5.75,2,6.594004
-2.0,1,6.59567
-5.25,18,6.625287
-5.25,18,6.654829
-2.0,1,6.656453
-5.25,18,6.685625
-5.25,18,6.714235
6.0,1,6.715777
5.75,2,6.719008
-2.0,1,6.720586
4.75,2,6.72374
-5.25,18,6.752687
-5.25,18,6.781522
-5.25,18,6.809942
-5.25,18,6.840963
-5.25,18,6.869718
6.0,1,6.871288
6.0,1,6.872913
-2.0,1,6.874575
4.75,2,6.877766
-5.25,18,6.9082
-2.8,5,6.916577
-5.25,18,6.946216
4.75,2,6.949507
4.75,2,6.952893
5.0,1,6.954567
5.75,2,6.957849
-5.25,18,6.988416
-2.0,1,6.990124
5.0,1,6.991938
6.0,1,6.993615
4.75,2,6.996865
-2.05,2,7.000135
-5.25,18,7.031117
-5.25,18,7.06179
-5.25,18,7.09416
-3.3,7,7.105743
5.75,2,7.109312
-5.25,18,7.14156
5.75,2,7.145154
4.75,2,7.148791
5.0,1,7.150575
4.75,2,7.154069
4.75,2,7.157531
5.0,1,7.159331
5.0,1,7.161061
5.0,1,7.162824
5.75,2,7.166271
-2.0,1,7.167962
-5.25,18,7.199287
-2.55,4,7.206242
-5.25,18,7.236906
-5.25,18,7.268079
-2.0,1,7.269778
4.75,2,7.273121
5.0,1,7.274856
5.75,2,7.278399
4.75,2,7.281883
-2.05,2,7.285166
-5.25,18,7.315476
6.0,1,7.317134
-5.25,18,7.348122
5.0,1,7.349869
-2.0,1,7.351607
-5.25,18,7.382448
-5.25,18,7.413147
-5.25,18,7.443823
5.0,1,7.445547
-2.8,5,7.453982
-2.05,2,7.45737
6.0,1,7.459178
5.0,1,7.460921
-2.0,1,7.462572
-2.05,2,7.465855
-5.25,18,7.497577
4.75,2,7.501183
-5.25,18,7.533163
5.75,2,10.841104
4.75,2,10.845182
5.7,3,10.850915
5.0,1,10.85276
5.0,1,10.854846
4.85,8,10.87001
5.9,3,10.875389
5.0,1,10.877175
-2.0,1,10.878939
5.0,1,10.880768
5.2,5,10.889692
6.0,1,10.891599
5.75,2,10.895204
5.0,1,10.896991
-3.45,10,10.915187
-2.0,1,10.91695
4.7,7,10.929535
-2.3,3,10.935212
-2.05,2,10.938706
-5.95,32,10.99397
7.9,3,10.999259
6.0,1,11.001005
-2.0,1,11.002702
-5.75,32,11.058381
5.85,4,11.065445
5.0,1,11.067351
7.9,3,11.073047
-6.75,28,11.122297
-4.8,17,11.152718
7.45,4,11.159727
-7.15,32,11.215741
8.0,1,11.217426
6.1,11,11.236771
5.75,2,11.240251
-6.55,32,11.295009
-2.85,6,11.305666
-7.15,32,11.359653
-7.75,32,11.415492
-3.65,10,11.434754
8.0,1,11.436689
5.0,1,11.438457
-7.55,32,11.493558
7.35,6,11.50351
8.0,1,11.505307
-6.35,32,11.563115
-3.95,12,11.585292
6.7,11,11.605918
-6.05,26,11.654627
-5.35,20,11.692136
-2.3,3,11.697765
-2.7,7,11.710836
-4.25,14,11.737051
-2.05,2,11.740726
5.0,1,11.74269
-3.9,11,11.763719
8.0,1,11.765521
7.95,2,11.769142
-5.75,32,11.829569
7.95,2,11.833829
-4.35,16,11.863202
-5.8,21,11.900903
-6.35,32,11.957486
-2.0,1,11.959327
-5.9,23,12.001759
5.9,3,12.007478
7.9,3,12.013175
-5.75,32,12.072623
-7.55,32,12.128094
5.0,1,12.129963
8.0,1,12.131798
-2.05,2,12.135349
-6.95,28,12.185435
-6.55,32,12.242191
-3.05,6,12.25239
5.9,3,12.257622
-6.95,32,12.31743
-2.1,3,12.322969
-2.1,3,12.328609
-6.8,25,12.374868
-7.15,32,12.437959
-3.4,9,12.454996
-3.6,9,12.472085
-5.3,23,12.515264
5.95,2,12.519031
-2.1,3,12.524763
7.65,4,12.532454
-3.5,15,12.560504
3.15,14,12.588138
-5.6,21,12.627456
5.75,2,12.631101
-6.35,32,12.689472
7.55,6,16.006016
7.8,5,16.01626
6.0,1,16.018366
-2.0,1,16.020638
-2.35,4,16.028997
6.0,1,16.031019
7.85,4,16.039511
7.9,3,16.046135
-2.0,1,16.048408
7.05,8,16.064519
7.8,5,16.075083
7.9,3,16.081425
7.9,3,16.08713
5.0,1,16.089073
5.0,1,16.091019
5.9,3,16.096752
7.85,4,16.104325
7.95,2,16.108145
8.0,1,16.110023
8.0,1,16.111927
8.0,1,16.113794
7.85,4,16.121263
-2.0,1,16.123084
7.8,5,16.132342
8.0,1,16.134231
5.95,2,16.137923
6.55,14,16.164902
7.85,4,16.172492
5.95,2,16.176351
5.65,4,16.1847
-2.05,2,16.188397
-2.0,1,16.190267
-10.35,48,16.277571
7.8,5,16.286262
-9.25,50,16.373675
-9.25,50,16.46354
9.9,3,16.468883
-3.65,14,16.492977
-8.05,50,16.579907
-9.45,50,16.669613
9.6,5,16.678669
-8.85,50,16.770148
-2.0,1,16.772002
9.95,2,16.775631
5.0,1,16.777445
-2.0,1,16.779232
-10.45,50,16.870136
-2.15,4,16.877433
9.95,2,16.881186
6.85,8,16.895906
-10.15,44,16.974682
-9.65,50,17.063914
-10.05,50,17.153264
-2.05,2,17.156709
6.6,13,17.179451
-5.4,17,17.208915
9.95,2,17.212435
-2.0,1,17.214371
-9.25,50,17.305747
-2.0,1,17.307602
-7.45,50,17.398242
-9.85,50,17.489779
-6.25,26,17.536834
-4.05,18,17.569276
-3.7,11,17.589175
-8.85,50,17.68276
5.15,6,17.693793
-5.45,22,17.733338
6.0,1,17.735231
-2.0,1,17.737028
7.9,3,17.74257
-7.9,31,17.799145
7.55,6,17.809956
4.15,34,21.342024
9.85,4,21.349489
9.4,5,21.358649
9.7,7,21.372035
9.85,4,21.379749
9.8,5,21.388918
9.25,12,21.411602
9.2,9,21.428639
9.85,4,21.436307
9.3,11,21.457075
7.9,3,21.462833
9.6,9,21.479937
6.0,1,21.481937
9.6,9,21.498837
5.0,1,21.50072
-2.0,1,21.502583
8.0,13,21.527082
7.75,18,21.5613
7.95,2,21.565104
7.55,6,21.576537
-2.0,1,21.578457
8.45,12,21.601227
9.6,9,21.618062
9.8,5,21.62735
9.9,3,21.633087
9.55,10,21.651922
8.7,11,21.672457
8.6,13,21.696755
-2.15,4,21.704492
9.05,12,21.727239
9.05,24,21.774325
-11.95,72,21.911239
7.9,3,21.917026
5.75,2,21.920944
-5.6,25,21.9688
-9.55,72,22.104019
-10.4,61,22.219749
9.95,2,22.223651
8.0,1,22.225599
-11.55,72,22.363508
-11.75,72,22.500987
-12.95,72,22.640886
-9.45,54,22.746298
6.0,1,22.748237
-11.15,72,22.890182
9.85,4,22.89845
-2.35,4,22.906588
7.95,2,22.910701
5.0,1,22.912731
-2.15,4,22.920782
-14.75,72,23.066452
-11.95,72,23.20791
4.85,56,26.961946
3.35,46,27.058923
9.0,29,27.124526
4.75,2,27.129352
-2.4,9,27.151283
11.15,10,27.176256
-2.7,7,27.193414
7.8,5,27.205764
11.45,12,27.234965
5.0,1,27.237455
11.55,6,27.252161
11.8,5,27.264307
8.45,28,27.333388
9.75,22,27.387562
11.15,10,27.41249
8.8,29,27.484101
11.05,16,27.517771
11.7,7,27.532315
11.75,6,27.544532
9.85,4,27.552489
10.3,15,27.582079
11.4,9,27.600129
7.85,4,27.608084
11.45,12,27.631369
-2.0,1,27.633251
-2.0,1,27.635154
-2.0,1,27.637011
-2.2,5,27.646546
9.7,7,27.65963
10.9,15,27.68794
11.85,4,27.695497
11.7,7,27.708915
11.3,11,27.72903
-2.25,6,27.7398
9.9,15,27.769741
5.0,1,27.771974
5.2,49,27.891818
11.4,9,27.914369
11.9,3,27.921742
5.9,3,27.929024
10.85,16,27.968968
-2.15,4,27.979283
7.9,27,28.047772
11.65,8,28.067866
8.9,31,28.146505
11.5,11,28.173853
10.65,16,28.214855
-11.75,76,28.412505
-3.45,14,28.447183
-7.5,39,28.542794
-11.95,84,28.747485
-11.0,69,28.915577
-2.15,4,28.925341
-2.3,3,28.932698
13.2,13,28.964672
-12.75,80,29.152504
-6.25,38,29.239934
3.4,77,33.407835
-2.05,2,33.411985
11.95,18,33.447475
-3.4,17,33.482061
11.7,7,33.496546
-3.4,17,33.531895
9.9,35,33.60358
-2.35,8,33.619444
10.3,15,33.650438
-2.0,1,33.652447
5.55,74,33.80458
8.95,50,33.906752
-15.05,98,34.106155
0.85,96,34.300745
-2.0,1,34.302791
11.25,28,34.35953
6.0,1,34.361641
12.8,13,34.388619
-14.05,98,34.595573
12.25,20,34.637164
-5.2,41,34.721869
12.85,16,34.755234
-13.85,98,34.966814
-6.55,40,35.050152
13.2,13,35.076742
11.35,10,35.097267
-3.0,13,35.12404
7.95,2,35.128244
-2.1,3,35.134459
12.05,24,35.186874
9.85,36,35.260777
11.95,26,35.31478
7.9,3,35.321038
5.45,32,35.388712
13.75,6,35.401136
-4.0,21,35.444556
11.55,22,39.397081
12.7,15,39.426587
10.4,37,39.499401
7.9,3,39.505348
5.9,3,39.511397
8.0,1,39.513339
-2.0,1,39.515331
11.95,26,39.565927
5.95,2,39.569859
6.75,66,39.700206
11.65,4,39.70806
11.45,8,39.723875
11.45,32,39.788067
11.7,27,39.843647
11.2,41,39.929666
-2.2,5,39.940031
11.95,18,39.976581
-2.65,14,40.006567
13.4,13,40.033307
8.0,1,40.035449
-2.25,6,40.048074
12.4,17,40.084458
-2.75,12,40.108492
13.0,13,40.136945
13.1,19,40.176162
7.8,5,40.186741
7.9,3,40.193304
10.0,33,40.263367
12.0,25,40.316596
9.95,2,40.32099
13.35,10,40.343033
13.4,13,40.372106
9.75,6,40.385868
-2.3,7,40.402105
11.65,20,40.446802
11.8,25,40.500793
11.6,29,40.563205
13.1,15,40.595865
12.0,17,40.63538
9.35,30,40.704676
6.0,1,40.706762
11.9,23,40.750784
11.8,21,40.79075
-5.2,37,40.892763
10.2,37,40.958842
7.9,3,40.964319
-17.95,128,41.19257
-2.35,8,41.206505
-4.65,26,41.253681
-9.65,66,41.373239
6.0,1,41.375124
-6.9,47,45.278863
-2.1,3,45.284908
7.8,69,45.42476
-2.3,7,45.439812
-5.85,38,45.520157
-14.35,128,45.786814
-2.0,1,45.788962
6.95,62,45.918832
-2.25,6,45.9312
-3.25,18,45.968829
-3.6,17,46.002985
10.05,48,46.098367
11.85,4,46.106411
10.35,42,46.191487
-2.0,1,46.193421
-8.0,53,46.297279
8.05,28,46.352998
6.6,65,46.478653
12.0,33,46.546738
-2.15,4,46.555586
-6.0,41,46.641863
12.6,29,46.698901
15.0,21,46.742229
-4.95,32,46.806923
2.85,108,47.033955
12.55,42,47.122429
10.05,52,47.231275
10.85,48,51.260022
13.25,32,51.335555
-2.95,16,51.37108
10.1,47,51.475758
9.8,5,51.486087
15.15,14,51.514967
14.45,20,51.55756
5.95,2,51.561902
11.9,43,51.651082
13.9,23,51.698265
-2.0,1,51.700449
14.5,19,51.740377
11.65,8,51.757109
13.85,28,51.815527
-17.75,128,52.08117
14.05,16,52.115557
14.95,18,52.153874
13.3,11,52.177366
5.0,1,52.179574
5.9,3,52.186011
-2.25,6,52.199063
10.15,46,52.29566
14.6,21,52.340058
14.45,24,52.389616
5.0,1,52.391847
12.85,32,52.462165
6.0,1,52.464452
11.8,5,52.475706
13.45,12,52.501515
5.0,1,52.503675
12.6,33,52.574177
-2.0,1,52.576282
5.0,1,52.57849
14.85,24,52.630739
14.05,28,52.693149
-3.85,22,52.741785
4.55,86,52.936516
12.15,38,53.021166
10.35,58,53.153766
-4.3,31,53.245975
14.05,28,53.3227
-3.55,20,53.376499
-2.0,1,53.37916
-2.0,1,53.38172
1.1,119,57.68927
10.0,1,57.691406
14.65,20,57.734073
14.9,19,57.773221
13.1,27,57.83058
15.05,20,57.873684
-2.2,5,57.886298
14.3,19,57.92734
15.2,13,57.955687
15.45,12,57.981561
5.95,2,57.985884
13.3,31,58.052448
-2.0,1,58.054575
-2.05,2,58.058839
15.75,6,58.071719
14.9,15,58.105101
12.8,33,58.173541
14.45,20,58.214498
6.0,1,58.21653
5.0,1,58.218618
15.15,10,58.239214
14.6,17,58.274806
9.95,50,58.38142
14.95,18,58.421253
15.25,16,58.457611
-2.0,1,58.460225
14.6,21,58.508683
11.95,42,58.608943
11.9,3,58.616405
14.25,20,58.664278
13.85,36,58.748183
5.95,2,58.752776
-2.0,1,58.810834
-19.65,162,59.178351
-10.65,66,59.320898
15.3,35,59.395574
-2.25,6,59.408448
-19.45,162,59.79566
12.85,56,64.055776
10.85,76,64.21097
-5.35,32,64.277786
14.8,21,64.32182
-3.5,23,64.369925
15.55,34,64.441245
14.75,42,64.529648
14.7,31,64.59468
16.3,23,64.643186
8.65,88,64.828182
-17.65,162,65.156761
-3.8,17,65.192228
7.35,110,65.424131
-2.0,1,65.426406
10.85,56,65.544611
14.65,36,65.619538
15.25,32,65.683898
16.85,24,65.733998
-4.15,28,65.801351
-4.55,24,65.861139
16.7,23,65.916021
13.4,13,65.94702
16.6,21,65.998389
11.05,76,66.182544
14.0,49,70.502388
14.2,49,70.610528
11.65,8,70.627896
11.85,60,70.761582
15.85,28,70.82218
12.3,51,70.936592
5.0,1,70.938831
5.95,2,70.943296
10.25,64,71.087038
16.4,25,71.143365
16.8,25,71.199188
13.6,9,71.219347
8.6,93,71.426322
-9.2,53,71.542824
-2.3,7,71.557984
17.2,17,71.596221
15.65,36,71.677176
9.8,5,71.68838
15.05,40,71.778108
-2.7,15,71.811813
13.45,28,71.874432
-24.45,162,72.22958
-20.65,162,72.586934
15.8,21,72.63132
15.35,34,77.170636
17.1,19,77.213435
11.5,11,77.238997
16.45,28,77.302929
17.4,13,77.333375
6.0,1,77.33598
16.9,23,77.387701
16.65,20,77.430992
17.35,14,77.46207
11.8,5,77.472679
13.65,40,77.561819
13.8,5,77.573192
17.4,13,77.602702
16.85,24,77.656331
-2.05,2,77.660894
5.05,100,77.886422
8.0,1,77.888858
16.85,16,77.925477
5.0,1,77.927855
17.35,14,77.959862
9.65,60,78.100062
16.9,19,78.145108
16.1,23,78.199533
-2.65,14,78.232419
-3.5,23,78.286416
17.25,16,78.322912
14.65,28,78.385699
-3.3,19,78.428298
15.35,34,78.503891
16.35,22,78.553561
16.25,24,78.607614
16.0,25,78.664359
11.7,7,78.68018
-2.65,14,78.711464
9.45,76,78.879791
12.75,50,78.990475
15.25,28,79.051941
16.25,32,79.123525
13.4,45,79.229125
13.3,55,79.35447
-2.05,2,79.358934
17.2,17,79.397058
14.15,38,83.665025
9.7,7,83.680702
16.25,28,83.74157
16.05,28,83.804528
16.55,22,83.853745
17.25,16,83.889975
7.95,2,83.894517
13.6,53,84.019487
16.65,20,84.071304
8.65,88,84.292794
17.2,17,84.335285
15.7,31,84.412627
14.65,40,84.511631
15.15,42,84.618817
16.2,17,84.663409
16.0,33,84.748398
16.75,26,84.816902
16.65,20,84.868348
-2.0,1,84.870909
12.9,55,85.012574
15.15,34,85.100997
16.2,25,85.165768
13.6,49,85.295331
15.2,37,85.393474
15.25,16,85.43486
-2.0,1,85.437378
4.1,131,85.761509
5.95,2,85.766484
-2.75,16,85.806249
16.55,26,85.972794
6.0,1,85.975399
2.95,146,90.878426
-2.0,1,90.880681
-2.4,9,90.901441
10.85,80,91.079696
16.0,41,91.17526
13.7,71,91.342683
16.35,46,91.45595
17.6,33,91.536992
9.65,8,91.556607
5.9,3,91.564185
7.65,104,91.819115
5.0,1,91.821535
-6.05,54,91.952794
-1.4,169,92.330336
17.1,39,92.42042
5.45,112,92.680852
-2.0,1,92.683132
9.75,6,92.696965
-2.0,1,92.699259
11.85,4,92.708649
15.15,54,92.839841
3.6,145,97.803401
13.4,61,97.936681
-7.45,58,98.06285
-3.35,24,98.114923
17.1,39,98.208161
15.2,53,98.337718
16.25,40,98.432192
15.1,59,98.573085
-2.25,6,98.587506
16.9,35,98.671345
-2.2,5,98.683221
12.35,78,98.871516
9.8,5,98.883772
13.4,81,99.079267
-6.0,45,99.188528
-6.0,49,99.306408
13.15,70,99.476877
16.8,25,99.538116
-8.9,75,99.719549
18.05,28,99.786065
10.25,80,99.974128
13.85,4,99.983861
5.0,1,99.986321
-2.3,7,100.003355
18.45,28,100.071877
-2.8,13,100.103633
15.95,50,104.880873
15.15,54,104.997387
18.2,33,105.070192
16.25,44,105.170805
15.85,48,105.281149
14.95,50,105.396105
18.3,31,105.467265
-3.45,26,105.526762
10.65,76,105.693526
16.45,40,105.781151
-5.3,43,105.875473
16.6,37,105.961382
17.55,34,106.037548
9.65,8,106.056118
16.95,34,106.135086
5.95,2,106.139689
10.2,89,106.347681
-9.25,82,106.539975
17.85,36,106.623345
17.95,34,106.702717
19.15,18,106.743846
9.75,6,106.757181
-2.0,1,106.759392
18.25,24,106.814735
15.25,16,106.85175
8.0,1,106.854099
-2.5,11,106.879534
-2.45,10,106.903041
7.95,2,106.90771
9.75,98,107.133519
16.8,37,111.779097
15.05,20,111.828323
17.1,43,111.927798
9.85,4,111.937321
2.55,154,112.299438
18.3,27,112.358028
17.8,37,112.443521
16.6,29,112.512406
16.75,46,112.624155
16.25,44,112.732428
15.55,54,112.862811
-2.0,1,112.865386
18.9,19,112.912068
6.0,1,112.914713
17.15,34,112.996845
9.9,3,113.004299
17.65,40,113.103993
-2.15,4,113.113943
19.05,20,113.162846
5.95,2,113.167693
15.75,46,113.280363
15.8,49,113.400193
6.45,88,113.616907
18.5,23,113.673432
-2.15,4,113.683189
18.0,29,113.753905
18.0,29,113.824882
18.75,22,113.879331
17.5,39,113.975334
19.1,19,114.022361
10.65,88,118.813321
16.55,42,118.921625
17.7,35,119.012105
18.8,21,119.063618
18.4,25,119.128215
-2.05,2,119.133662
14.9,47,119.254228
7.95,2,119.259433
17.1,35,119.348747
17.75,30,119.420159
-2.95,20,119.466987
17.5,31,119.541214
18.3,31,119.615415
5.0,1,119.617946
-2.35,8,119.637592
5.0,1,119.640152
18.35,26,119.707226
9.9,3,119.714876
19.15,14,119.751477
18.0,33,119.836382
13.25,64,119.991756
19.1,15,120.026703
5.95,2,120.031321
15.1,19,120.077056
7.9,3,120.084435
15.8,45,120.193219
18.1,35,120.274598
15.05,20,120.322094
15.9,43,120.431391
18.85,20,120.479356
5.0,1,120.481752
18.1,35,120.563192
15.8,45,120.667849
9.9,3,120.674929
19.2,17,120.717261
11.35,14,120.750721
18.85,24,120.808955
18.45,20,120.855771
18.85,24,120.91469
14.8,61,121.061119
17.7,39,121.17352
16.35,38,121.280763
-2.25,6,121.29748
-2.65,14,121.337268
15.35,54,126.065775
18.8,25,126.124088
18.75,26,126.186917
13.75,58,126.323599
-38.95,200,126.836788
16.1,23,126.896676
18.35,26,126.963059
5.0,1,126.965657
14.35,66,127.139479
19.15,18,127.187862
12.95,66,127.354013
18.7,19,127.402019
16.5,47,127.519014
-2.5,11,127.546367
17.5,35,127.63366
17.7,35,127.721805
18.3,31,127.800725
15.35,50,127.917357
-3.1,23,127.970787
18.7,23,128.024934
17.3,35,128.11153
-2.35,8,128.13138
15.05,56,128.270372
7.9,3,128.277699
18.2,25,128.338662
-2.6,9,128.360954
12.35,90,133.172157
18.25,36,133.251629
-2.0,1,133.253976
16.75,22,133.305272
21.15,18,133.348284
20.0,29,133.417122
-4.05,30,133.487331
-29.25,242,134.066417
9.85,4,134.07639
-3.45,30,134.148652
-29.65,242,134.73107
15.25,72,134.908544
-2.0,1,134.911098
18.35,26,134.973803
13.3,71,135.138713
-5.9,43,135.237379
20.85,20,135.28277
-4.9,35,135.361133
11.2,101,140.227578
17.65,56,140.365245
18.1,43,140.470168
-2.0,1,140.472553
-4.05,34,140.556076
17.1,19,140.602679
19.3,43,140.709256
-2.35,8,140.729096
16.15,70,140.901573
-2.0,1,140.904009
18.05,48,141.018724
17.4,13,141.049618
-2.45,10,141.073102
8.65,116,141.342743
19.35,38,141.433821
9.7,7,141.451054
15.4,65,141.608225
17.9,55,141.741662
9.8,5,141.753302
19.05,40,141.84756
11.8,5,141.859126
18.15,50,141.968172
11.5,11,141.992014
8.0,1,141.994261
9.85,4,142.00301
13.2,89,142.198844
21.6,9,142.21776
17.3,63,142.365745
16.55,54,142.498692
6.05,152,147.650875
-2.0,1,147.653599
17.95,54,147.793115
18.15,54,147.940571
20.25,32,148.052758
20.3,31,148.139522
17.25,52,148.279032
8.7,127,148.619796
18.25,48,148.746533
20.25,28,148.821085
7.75,6,148.836582
13.2,93,149.094974
-7.35,60,149.264286
6.0,1,149.267193
18.8,49,149.400226
9.9,3,149.408125
16.55,58,149.557082
-2.55,12,149.584855
18.35,50,149.695655
11.65,8,149.713707
20.45,24,149.766514
-2.65,14,149.796028
14.25,80,149.964207
-2.4,9,149.984184
1.05,216,156.032423
-5.8,53,156.174236
16.55,54,156.32633
20.9,23,156.39122
20.5,23,156.454548
13.55,94,156.721709
-3.5,27,156.806169
-3.45,22,156.875917
17.9,55,157.049876
9.85,4,157.062815
17.55,46,157.196441
19.2,37,157.300735
20.55,26,157.373127
19.3,43,157.49124
-2.0,1,157.493796
20.0,37,157.602055
18.05,48,157.754035
19.1,39,157.874318
20.35,22,157.939297
21.1,19,157.99619
9.8,5,158.011141
-2.35,8,158.034994
-2.35,8,158.058602
13.1,19,158.114305
19.95,26,158.191249
10.15,110,163.804775
11.5,11,163.853828
20.25,24,163.95405
19.15,34,164.074052
14.2,81,164.28112
6.0,1,164.283707
9.85,4,164.293883
18.6,29,164.370687
17.05,52,164.512181
20.25,28,164.587431
20.55,26,164.657342
17.6,49,164.789032
16.9,67,164.968737
15.35,14,165.008617
15.0,73,165.223122
20.4,33,165.319537
20.6,25,165.393164
17.85,48,165.540941
9.8,5,165.556835
19.7,39,165.680663
19.35,38,165.801241
20.5,23,165.87387
19.5,43,166.010356
20.4,33,166.107928
-2.65,14,166.148227
19.25,36,166.252119
21.0,21,166.312657
20.1,35,166.414046
19.25,40,166.529593
13.15,78,172.156015
18.25,44,172.281796
18.75,46,172.40907
-2.0,1,172.411937
-4.95,44,172.531884
11.5,11,172.561615
15.0,69,172.753156
18.8,49,172.890792
17.15,42,173.006289
16.55,62,173.17867
5.95,138,173.561445
19.6,41,173.675419
15.55,66,173.860183
-5.25,42,173.977286
14.65,76,174.190733
13.3,15,174.233039
20.7,27,174.308819
-2.5,11,174.339944
21.4,13,174.375926
15.85,64,174.552164
20.8,21,174.610805
-2.4,9,174.635098
20.5,27,174.71125
18.25,40,174.821008
21.35,14,174.860496
19.25,36,174.960555
-2.05,2,174.965793
20.8,25,180.572789
20.55,30,180.655663
-4.55,32,180.743527
18.6,49,180.891062
-2.55,12,180.926028
18.5,31,181.016806
19.35,38,181.127523
19.8,37,181.243145
15.85,64,181.447073
19.2,41,181.57743
11.0,105,181.912095
11.7,7,181.933601
18.5,43,182.065692
18.0,49,182.208704
19.7,31,182.297496
-2.65,14,182.335961
18.1,27,182.410372
18.55,26,182.482296
18.3,43,182.601649
13.5,11,182.631523
18.95,22,182.69205
18.7,43,182.808904
17.7,59,182.96325
13.45,12,182.995561
-2.0,1,182.998542
-2.2,5,183.012792
7.9,3,183.021367
19.25,40,183.127375
20.55,30,183.205845
19.75,38,183.308123
13.7,7,183.327672
20.3,31,183.413768
20.65,24,189.117538
7.85,4,189.128158
20.1,35,189.219719
15.3,15,189.257713
20.3,31,189.337941
18.7,43,189.452223
20.8,25,189.521605
-2.0,1,189.524297
20.8,21,189.583372
-2.15,4,189.594413
18.25,48,189.73266
19.0,45,189.858045
7.85,4,189.869156
17.9,43,189.988793
15.5,11,190.019375
10.8,97,190.289433
19.5,35,190.384807
-2.0,1,190.387584
11.65,8,190.410041
19.5,35,190.510234
19.95,30,190.600331
20.8,21,190.662991
16.65,64,190.847624
5.95,2,190.853586
13.55,10,190.882095
20.65,28,190.961338
19.55,30,191.04614
20.45,32,191.138678
20.75,26,191.214168
7.8,5,191.228693
17.15,34,191.334406
15.3,15,191.380747
19.85,36,191.493196
13.6,9,191.521106
18.7,43,191.653939
19.6,37,191.768264
20.45,28,191.855468
17.9,39,191.975919
6.0,1,191.979154
19.55,42,197.623318
-36.75,288,198.44446
13.25,16,198.488327
-36.95,288,199.285531
-36.75,288,200.076043
1.35,194,206.380887
-2.1,3,206.390071
8.0,1,206.393412
3.65,176,206.941133
21.1,43,207.072323
0.5,159,207.583696
15.0,105,207.884862
-3.1,15,207.928181
22.3,35,208.029063
17.3,83,208.2716
-2.0,1,208.274594
-5.0,33,208.371516
21.4,45,208.502218
21.6,37,208.609413
11.5,107,208.938466
20.75,54,209.108756
-16.5,171,215.357101
14.6,89,215.649718
20.25,48,215.810747
20.55,46,215.963191
-39.15,288,216.905937
17.3,75,217.155077
20.8,41,217.28153
18.25,76,217.527923
17.3,75,217.761573
21.4,53,217.925812
-5.2,45,218.062112
21.6,37,218.179271
-5.15,44,224.081245
-10.9,75,224.29918
21.1,43,224.418871
17.15,62,224.594784
18.7,63,224.77699
14.95,14,224.815677
13.65,8,224.838357
16.45,76,225.057802
8.0,1,225.060755
20.0,49,225.198877
-2.0,1,225.201586
11.2,153,225.641816
16.9,15,225.684881
13.75,6,225.701896
-4.75,48,225.838506
-5.5,231,226.499561
21.4,37,226.603574
-2.0,1,226.60663
22.2,33,226.700202
-2.0,1,226.703019
23.15,18,226.753479
11.6,9,226.779748
13.55,10,226.807904
-2.6,13,226.847382
12.55,18,226.900714
16.45,80,233.070983
20.1,47,233.19225
5.0,1,233.195022
-3.15,20,233.249198
5.9,3,233.2577
5.0,1,233.260636
20.05,52,233.402258
-2.85,18,233.448313
19.15,70,233.639848
22.4,33,233.737003
16.1,79,233.945835
21.9,39,234.053484
18.1,71,234.261289
-3.5,27,234.341496
20.9,51,234.490456
21.0,49,234.634207
13.55,10,234.663999
21.2,49,234.808289
22.15,30,234.894521
22.15,34,234.988484
22.1,35,235.087603
21.8,45,235.209789
11.6,9,235.235282
22.05,36,235.337521
20.05,52,235.486003
19.15,62,235.679868
-2.0,1,235.683089
22.3,35,235.791651
19.55,58,241.942593
22.05,36,242.045177
20.7,59,242.214462
21.85,44,242.339988
-2.0,1,242.342876
21.4,49,242.482491
9.9,131,242.854681
21.2,49,242.995396
20.9,47,243.12897
17.35,74,243.337097
17.0,65,243.523424
-3.05,22,243.587035
20.8,53,243.739037
20.8,57,243.90004
-3.05,22,243.962018
17.7,75,244.178879
-2.6,13,244.216376
22.5,31,244.304123
20.35,42,244.436365
19.55,62,244.653389
22.1,35,244.770401
19.9,55,250.725333
19.05,60,250.892923
21.45,48,251.039608
-2.0,1,251.042494
-2.0,1,251.045194
21.65,40,251.157221
22.05,40,251.264664
9.8,5,251.279185
19.35,58,251.438479
22.25,36,251.539482
15.75,74,251.753532
18.95,22,251.817038
9.6,9,251.843019
18.2,73,252.053382
21.65,40,252.167454
22.25,28,252.245545
18.8,61,252.413596
22.2,37,252.515901
13.45,12,252.548738
-47.95,288,253.362276
5.0,1,253.365186
-2.0,1,253.368041
13.75,102,259.451407
21.0,41,259.558331
19.5,43,259.677245
21.05,48,259.807613
-2.3,7,259.826933
21.2,45,259.950245
22.55,26,260.022287
21.95,38,260.127352
21.4,45,260.252241
22.9,23,260.316693
21.0,45,260.443759
11.8,5,260.457853
19.9,55,260.617501
-2.65,14,260.655852
9.8,5,260.669783
21.9,39,260.777888
-3.65,34,260.871265
19.85,56,261.027183
22.1,39,261.132639
21.8,37,261.236282
9.75,6,261.253104
20.55,34,261.352953
21.8,41,261.473187
11.5,11,261.505586
13.7,99,261.784463
10.05,128,262.136557
9.75,6,267.795207
22.1,35,267.889661
21.3,35,267.986005
21.15,46,268.119507
20.65,48,268.263743
16.85,80,268.503385
20.35,46,268.640339
20.35,38,268.75389
0.9,71,268.964865
17.25,84,269.223911
16.8,73,269.444582
12.5,115,269.786505
-4.35,40,269.906078
22.4,33,270.003779
17.6,77,270.22858
23.05,20,270.286522
17.7,7,270.30772
13.4,13,270.346437
22.65,24,270.41713
22.35,34,270.517387
21.85,40,270.630577
22.2,33,270.729978
20.2,69,277.315218
15.2,101,277.588366
5.95,2,277.593821
16.15,78,277.795843
21.05,52,277.92844
21.75,38,278.024982
6.0,1,278.027796
21.05,36,278.12408
-3.25,26,278.194112
11.4,13,278.228644
22.55,30,278.306919
-3.05,18,278.351254
22.15,34,278.437219
-2.3,7,278.454936
19.4,61,278.619927
5.95,2,278.625456
21.55,34,278.724059
15.3,15,278.766515
13.4,13,278.802311
22.65,28,278.883409
20.8,41,278.995379
21.2,45,279.11917
17.85,72,279.32259
20.15,62,279.495498
16.0,81,279.720523
19.0,21,279.779557
13.25,16,279.824089
17.4,13,279.859615
21.05,40,279.972732
20.4,53,285.6212
9.8,5,285.635544
4.9,147,286.053917
15.75,86,286.299844
18.75,54,286.448884
20.75,50,286.591387
22.1,35,286.689086
21.7,43,286.804986
22.05,28,286.882556
22.4,33,286.974344
18.75,62,287.14846
17.55,66,287.332253
17.8,73,287.53515
9.85,4,287.546476
21.35,50,287.688577
23.1,19,287.743712
17.1,19,287.798797
7.85,4,287.810599
-2.25,6,287.828065
19.3,59,287.999
22.3,35,288.09988
21.3,47,288.237456
5.95,2,288.243442
20.3,47,288.376893
22.25,36,294.43808
21.55,42,294.560517
22.9,23,294.626815
5.95,2,294.632812
-3.5,23,294.700605
13.65,8,294.723479
24.3,35,294.918884
-62.85,338,295.829058
-40.45,338,296.782335
-2.4,9,296.806928
7.8,5,296.819257
11.75,6,296.834103
-16.7,163,303.026346
23.55,46,303.155723
-3.45,286,303.943973
1.25,232,304.607964
19.55,82,304.854204
22.45,44,304.984083
9.15,162,305.467065
-2.95,16,305.515235
13.75,6,305.533199
-6.4,65,305.732133
23.45,44,305.86671
11.6,9,305.894242
-3.25,26,312.187885
20.65,68,312.379245
11.6,141,312.787191
13.75,6,312.805036
19.05,76,313.026553
9.85,4,313.038083
24.1,35,313.138873
23.65,40,313.251786
6.0,1,313.254695
23.15,46,313.385329
21.3,63,313.563632
19.45,80,313.781409
-2.95,20,313.834937
20.4,77,314.035748
21.4,61,314.196352
18.45,24,314.259092
17.2,93,314.518236
-2.0,1,314.521075
-4.85,46,314.648704
18.6,97,314.91724
-3.0,17,314.964645
9.95,2,314.970287
24.0,37,320.901887
20.55,54,321.073777
23.1,51,321.258294
24.0,41,321.388498
6.7,187,321.972693
23.0,49,322.127106
21.9,63,322.32412
17.5,11,322.359006
17.5,31,322.456207
22.35,54,322.62066
20.8,69,322.832642
5.95,2,322.838928
22.7,47,322.98545
17.1,19,323.045002
-8.65,238,323.743639
22.6,49,323.882476
9.7,7,323.902487
23.4,53,329.978654
14.0,101,330.306611
23.45,40,330.490042
19.45,68,330.720053
21.75,58,330.897973
13.55,10,330.929062
23.1,47,331.07251
23.9,43,331.20561
18.5,79,331.453945
23.05,44,331.589037
13.55,10,331.62048
6.0,1,331.623788
24.15,34,331.730502
22.2,57,331.907453
22.9,43,332.039617
22.85,40,332.163921
20.85,56,332.336834
23.3,55,332.5061
21.85,48,332.660146
-3.15,24,332.735366
21.6,61,332.922501
7.95,2,332.928857
20.5,67,339.14469
23.1,47,339.277023
24.1,31,339.361962
6.0,1,339.364865
21.0,73,339.570008
22.55,54,339.722599
23.1,43,339.843922
11.4,133,340.232251
25.1,19,340.289832
22.25,52,340.446911
-2.0,1,340.449836
23.35,46,340.577746
11.6,9,340.604106
24.45,28,340.687919
14.6,129,341.078057
21.15,66,341.275484
23.45,44,341.403549
13.5,11,341.435686
16.6,17,341.485557
17.4,85,341.722423
7.9,3,341.731198
22.75,54,341.886831
22.15,54,342.042552
13.6,9,342.06858
16.45,52,348.016163
20.9,59,348.186809
15.05,16,348.233891
6.0,1,348.236887
23.1,47,348.373471
-2.85,18,348.425241
23.05,56,348.58649
20.5,71,348.792687
23.6,33,348.887754
22.6,53,349.040358
22.3,55,349.19995
13.5,11,349.232035
23.35,42,349.352929
22.4,33,349.448236
7.65,180,349.964283
24.35,34,350.061748
-4.0,25,350.133228
24.35,34,350.239746
23.05,52,350.416494
22.35,46,350.562465
22.9,59,350.745754
23.15,46,350.895662
14.75,122,357.097377
23.75,42,357.216841
21.95,58,357.388136
13.5,11,357.418759
6.0,1,357.421662
19.05,88,357.674415
24.0,41,357.789952
-5.5,47,357.921491
7.9,3,357.930663
22.7,55,358.087666
19.25,16,358.133646
7.9,3,358.142231
20.05,72,358.348564
-52.85,338,359.356013
23.95,38,359.484987
22.75,54,359.655537
17.1,95,365.9945
11.6,9,366.019398
11.2,129,366.388581
11.55,10,366.416897
18.1,83,366.651184
-2.55,12,366.686842
11.5,99,366.966774
18.8,77,367.198984
24.25,32,367.295112
23.3,43,367.421708
15.7,111,367.755693
24.55,30,367.847669
23.85,44,367.986873
21.35,70,368.201183
-2.0,1,368.204366
21.45,60,368.390058
-2.75,16,368.441866
23.55,34,368.547557
18.8,25,368.625229
5.95,2,368.632719
13.4,13,368.673147
19.95,70,368.892403
12.05,116,375.166053
24.1,35,375.266083
-2.45,10,375.29399
23.75,38,375.397769
21.95,54,375.548533
23.05,44,375.673178
21.4,53,375.82591
19.85,84,376.071032
21.45,60,376.240952
23.65,44,376.3702
24.35,34,376.468977
15.7,103,376.758421
24.3,35,376.857484
20.05,56,377.022663
7.8,5,377.037348
-5.1,43,377.167781
21.6,61,377.358298
15.65,8,377.383572
-2.8,17,377.437502
23.9,39,377.573983
15.6,9,377.610762
22.55,50,377.779276
23.15,46,383.88003
23.95,42,384.00147
23.55,34,384.099233
22.15,74,384.326232
20.05,68,384.538197
22.25,52,384.700261
21.0,73,384.925147
12.95,110,385.26486
23.8,45,385.400048
24.1,39,385.526891
24.1,39,385.648694
23.6,45,385.797265
23.0,49,385.946379
-2.85,18,386.001379
7.9,3,386.010963
14.95,114,386.35031
5.0,1,386.35385
21.3,63,386.547518
22.25,40,386.668347
-2.7,15,386.714591
-4.0,25,386.790651
21.95,66,392.885274
22.25,48,393.020787
23.2,45,393.145998
-3.55,28,393.226238
21.45,72,393.430363
6.0,1,393.433194
23.7,39,393.5479
22.9,55,393.701555
23.2,49,393.838394
22.05,64,394.017147
-2.6,13,394.053213
23.6,45,394.187494
16.55,30,394.281004
23.65,48,394.426153
13.35,122,394.802309
24.0,37,394.917297
-11.95,280,395.788681
-3.15,24,395.861884
13.4,13,395.901115
22.45,56,401.960466
21.3,63,402.143625
20.1,39,402.255939
23.2,45,402.385092
-3.15,24,402.45368
13.8,129,402.823755
22.1,63,403.000805
22.05,52,403.145346
23.3,51,403.28835
-12.2,69,403.480514
-2.0,1,403.483767
14.8,125,403.908614
23.9,43,404.087852
-18.85,286,410.788735
8.0,1,410.791688
23.6,41,410.908957
23.85,40,411.019334
24.3,31,411.104599
22.9,47,411.234816
23.4,41,411.359492
22.05,60,411.542462
24.4,29,411.628286
5.0,1,411.63169
23.1,47,411.767587
23.9,35,411.86614
7.95,2,411.871698
24.2,37,411.97367
24.3,35,412.072178
15.65,100,412.370833
18.3,91,412.641109
18.05,96,412.929363
-9.65,170,413.401275
5.0,1,413.404049
23.05,56,413.555766
15.1,19,413.607315
22.85,52,419.785159
24.8,25,419.856213
22.05,52,420.007802
24.4,33,420.104096
22.7,59,420.282128
20.9,59,420.454184
9.7,7,420.474114
23.45,44,420.601118
23.8,37,420.705045
17.05,96,420.987533
18.65,92,421.255758
22.7,59,421.434535
23.0,37,421.545047
23.65,48,421.68671
23.35,50,421.839947
21.35,62,422.04102
20.45,32,422.149156
-2.0,1,422.267259
-15.85,346,429.550645
5.0,1,429.553591
-92.15,392,430.786229
20.0,97,431.09981
15.6,9,431.128423
2.25,260,431.977454
22.3,75,432.211177
7.95,2,432.217586
26.9,19,438.153167
19.15,94,438.421692
21.8,93,438.688462
-2.85,18,438.74088
10.8,153,439.193991
6.0,1,439.197204
20.6,85,439.461052
22.7,75,439.691988
-23.0,217,440.355844
-5.4,53,440.504988
23.2,69,440.709262
-3.1,23,440.815597
7.85,4,440.835879
24.35,66,441.108253
18.25,112,447.533651
22.4,77,447.767498
-11.1,95,448.062679
17.1,19,448.125825
7.9,3,448.134818
9.8,5,448.149382
13.8,5,448.163687
-3.55,28,448.244853
16.1,135,448.63341
24.15,58,448.797021
6.0,1,448.799775
17.45,112,449.102131
22.1,75,449.320724
-2.25,6,449.338344
25.25,48,449.475332
24.9,55,449.633211
22.9,83,449.867187
-11.25,98,450.148965
26.35,34,450.253962
13.35,14,450.297473
22.55,66,456.558389
-4.5,39,456.671793
14.75,166,457.148568
24.65,56,457.311779
7.3,143,457.72621
-3.45,30,457.814218
17.15,118,458.147883
24.95,58,458.310339
18.65,96,458.581235
14.75,138,459.014633
9.25,164,465.872839
3.95,170,466.384067
18.7,95,466.654512
22.85,80,466.88707
23.75,66,467.083179
21.25,92,467.345582
-1.5,267,468.137956
22.1,75,468.362756
24.05,72,468.568455
-8.7,75,468.781227
17.5,11,468.81468
22.9,67,474.889878
-3.7,35,474.988937
-2.65,14,475.029321
18.3,35,475.129532
15.6,9,475.155902
22.9,67,475.344831
19.2,37,475.450211
22.05,84,475.691659
23.65,60,475.876228
22.6,69,476.062854
22.05,36,476.159053
-3.1,23,476.221061
8.6,213,476.808143
6.65,188,477.335607
18.9,43,477.454577
-2.95,20,477.508016
22.5,75,483.39898
23.55,74,483.608867
19.1,103,483.89561
25.25,52,484.038084
11.1,171,484.512012
21.35,78,484.723451
19.05,104,485.007653
23.6,65,485.184462
19.05,108,485.499394
25.95,42,485.626044
-2.7,15,485.670637
-3.2,21,485.733315
13.25,148,491.891919
1.8,261,492.610776
10.1,183,493.123023
13.3,15,493.16563
19.3,103,493.454151
20.75,90,493.706999
24.75,62,493.883486
23.9,59,494.060796
23.85,56,494.236089
25.0,45,494.37153
23.55,66,494.570788
21.4,61,494.750932
21.9,71,500.855863
23.25,56,501.014563
24.75,50,501.153499
23.85,72,501.355138
25.3,47,501.492136
18.95,90,501.792233
25.85,40,501.943708
9.9,3,501.953966
17.15,18,502.012614
-2.25,6,502.032537
11.6,9,502.061292
23.65,48,502.220601
24.2,69,502.44285
25.4,53,502.600488
21.25,84,502.853206
17.25,124,503.237924
24.5,55,503.406154
18.45,104,503.720055
14.95,22,503.787091
25.35,50,509.716528
9.75,182,510.230501
-4.75,48,510.37016
24.35,58,510.535633
22.4,33,510.632941
-2.0,1,510.635808
25.1,51,510.796976
24.95,50,510.956985
6.05,196,511.559507
-3.55,32,511.658273
25.5,43,511.790466
5.95,2,511.797803
24.05,56,511.971854
19.9,31,512.073298
9.9,3,512.082793
11.35,194,512.67219
24.1,51,518.813676
19.25,16,518.8592
24.6,53,519.009126
21.45,84,519.242888
22.85,64,519.416067
10.0,1,519.418951
20.05,76,519.629011
16.75,110,519.941457
20.8,25,520.013465
23.85,56,520.181395
23.2,81,520.431378
24.65,56,520.614054
21.4,85,520.874947
22.65,72,521.095186
24.4,53,521.271592
25.0,53,521.439998
-3.85,38,521.573221
25.55,42,521.735195
24.85,52,528.131972
17.7,107,528.439853
25.75,46,528.577241
15.45,12,528.612754
17.4,13,528.650575
25.75,42,528.779542
26.35,34,528.888491
23.35,62,529.088765
-3.7,27,529.172015
24.25,48,529.32132
25.15,46,529.452728
22.4,57,529.618595
-3.5,23,529.684593
-3.0,21,529.743981
24.75,58,529.91625
24.9,59,530.101474
15.75,134,530.521159
11.9,3,530.530846
25.15,46,530.675996
24.9,55,530.847416
-18.65,318,537.780236
25.45,44,537.90618
7.1,207,538.491673
2.2,161,538.948749
23.75,66,539.135831
21.45,76,539.354583
24.05,64,539.537201
25.9,35,539.640719
22.85,60,539.811568
20.65,80,540.041697
19.75,102,546.446711
-9.85,86,546.698478
22.3,71,546.896175
9.75,6,546.912673
13.7,7,546.932311
22.65,68,547.126187
6.0,1,547.12979
15.4,13,547.16699
19.3,99,547.450784
21.45,68,547.642529
24.2,61,547.825497
25.5,51,547.976265
23.95,62,548.155628
13.35,14,548.19662
25.25,48,548.334662
17.85,100,548.622875
25.35,46,548.755411
22.45,76,548.972231
22.55,62,555.091753
25.85,44,555.225327
-4.6,49,555.375393
-12.8,213,556.024406
9.55,10,556.054661
-2.7,15,556.100129
25.0,49,556.249329
18.9,23,556.319198
25.15,54,556.484145
24.45,64,556.687164
24.95,58,556.865018
20.3,87,557.13397
-2.6,13,557.173975
24.75,54,557.340752
17.45,108,557.67715
25.85,40,557.796644
6.65,200,564.313081
20.55,62,564.506538
18.45,104,564.832877
23.45,60,565.018908
24.1,47,565.16524
5.9,3,565.174126
26.1,39,565.296861
24.05,36,565.408522
17.55,10,565.438855
5.0,1,565.442176
-4.55,40,565.570782
23.5,63,565.780616
24.2,65,565.995188
17.5,11,566.032634
24.9,55,566.21714
24.8,57,566.40564
5.0,1,566.409229
23.75,66,566.61312
17.2,17,566.6657
7.8,5,566.68087
24.3,67,566.88592
-3.35,28,566.970389
21.25,88,567.238796
23.2,73,573.232952
26.5,31,573.32268
10.0,1,573.325767
19.0,77,573.548764
25.05,60,573.719234
24.3,63,573.898464
23.95,58,574.075133
25.0,53,574.250372
25.7,47,574.405778
-6.9,71,574.656971
18.8,21,574.726465
-2.85,18,574.785588
14.4,129,575.180225
18.35,26,575.25986
23.1,79,575.510977
24.4,61,575.713563
9.7,7,575.736573
25.8,45,575.890821
5.95,2,575.898102
22.95,70,576.119617
25.95,34,576.231005
17.45,116,582.584109
23.4,61,582.757864
5.95,2,582.763718
23.95,66,582.95277
22.2,57,583.114443
25.0,45,583.241286
17.25,16,583.2866
24.2,65,583.47668
17.9,99,583.807336
25.85,44,584.018986
7.9,3,584.032527
23.15,70,584.260028
24.7,59,584.439006
24.5,55,584.60686
13.45,12,584.641619
25.5,47,584.779399
-3.65,30,584.868362
13.75,138,585.264969
24.1,55,585.422359
-4.3,43,591.291429
25.9,39,591.4013
10.1,167,591.945614
10.9,163,592.456148
26.15,38,592.574476
24.4,61,592.761049
25.6,37,592.876898
25.3,51,593.034364
24.4,57,593.208318
23.55,62,593.400618
-2.0,1,593.403762
26.5,31,593.504777
21.55,86,593.776715
22.75,26,593.858315
23.3,75,594.084763
24.45,48,594.230772
25.6,45,594.369113
20.1,75,600.462908
23.45,68,600.651578
-2.8,17,600.699398
25.15,46,600.823456
26.3,35,600.919235
24.0,73,601.117169
-4.15,40,601.340371
-58.05,450,602.850008
-0.1,231,609.296947
23.05,84,609.531152
27.4,41,609.644219
22.05,80,609.874523
23.6,93,610.139939
-3.0,21,610.198775
3.7,207,610.790323
-3.95,40,610.901887
24.65,76,611.129498
17.45,124,611.51828
19.75,102,611.833841
8.0,1,611.837184
24.9,63,612.031342
4.25,184,618.724114
-31.05,302,619.596278
-2.95,20,619.659226
25.2,81,619.90187
23.35,82,620.149319
23.95,82,620.398949
26.7,51,620.552498
24.25,80,620.796888
12.6,165,621.303263
27.2,57,627.546563
-3.05,22,627.607672
21.4,105,627.898148
7.05,236,628.55885
-2.7,15,628.600674
24.35,90,628.872715
25.95,66,629.073555
-47.85,450,630.448793
22.0,41,636.560891
16.95,110,636.896267
20.05,120,637.269002
22.7,99,637.574264
23.6,93,637.85875
9.9,3,637.86814
26.0,65,638.068504
26.6,61,638.257056
-2.0,1,638.260041
23.05,84,638.520143
-3.85,34,638.655287
7.6,169,639.199793
25.45,64,639.397699
26.4,49,639.548162
23.2,93,646.258966
22.45,100,646.567445
24.75,66,646.764539
27.3,47,646.907684
14.9,135,647.319877
15.9,115,647.673652
7.85,4,647.686171
23.1,87,647.962758
23.75,82,648.214083
9.7,7,648.236337
24.2,89,648.510355
-3.45,30,648.60395
23.65,88,648.878687
15.45,12,648.915993
7.9,3,648.925885
22.85,104,649.250624
27.2,53,655.57619
19.15,130,655.987673
25.8,77,656.230572
-4.55,52,656.392325
13.2,17,656.445087
-2.25,6,656.464679
26.85,56,656.636674
26.9,63,656.829079
26.9,55,656.997581
25.2,69,657.209706
26.5,51,657.365326
25.25,76,657.586399
25.6,45,657.716747
25.6,57,657.89417
25.95,66,658.101753
26.55,50,658.259153
26.1,67,658.46717
25.05,80,664.478553
26.9,51,664.623285
3.95,258,665.355377
26.4,61,665.534129
27.2,53,665.685856
18.55,130,666.065312
23.7,83,666.302059
11.9,3,666.311288
27.7,47,666.444129
11.8,5,666.458083
13.35,14,666.499826
7.9,3,666.509817
18.5,27,666.597963
23.65,44,666.745898
24.45,72,667.000397
-10.5,107,667.397099
-15.15,376,674.947886
25.25,72,675.166783
19.8,101,675.471521
21.2,105,675.790087
-4.0,41,675.911468
21.95,98,676.187447
26.9,55,676.340603
17.2,121,676.659317
26.3,59,676.809897
25.75,66,682.597159
-87.05,450,683.900589
21.8,93,684.177809
22.7,91,684.455093
20.6,125,684.83834
8.55,206,685.511173
21.45,104,691.695848
20.4,121,692.035362
-12.85,102,692.329628
19.95,82,692.576123
18.5,127,692.962975
7.9,3,692.972689
26.7,55,693.142489
27.0,53,693.304251
11.7,7,693.324796
25.2,81,693.569395
25.1,71,693.781672
11.7,7,693.802673
11.5,7,693.823085
25.4,69,694.029532
24.65,68,694.235059
21.5,99,700.589336
26.15,58,700.767987
26.3,63,700.957581
-2.0,1,700.960506
21.7,99,701.23596
25.85,60,701.409474
25.2,81,701.71639
-5.1,55,701.888046
20.2,29,701.977097
16.05,116,702.33135
18.05,128,702.721751
23.3,103,703.038772
25.9,67,703.245068
25.0,65,703.447915
24.1,79,703.694353
21.9,43,709.937978
25.5,75,710.169014
19.65,112,710.508288
11.5,167,710.981273
6.0,1,710.984042
27.15,58,711.14714
15.65,8,711.171244
21.0,97,711.473373
25.75,78,711.71894
17.4,117,712.061136
25.15,66,712.245967
24.0,41,712.356911
18.5,27,712.432641
23.5,91,712.68967
17.8,121,718.904922
19.7,111,719.216741
-8.9,255,719.95129
-2.0,1,719.954133
26.2,65,720.136521
23.9,79,720.372949
-3.1,23,720.443393
-24.7,355,721.533819
25.65,68,727.856983
-3.95,40,727.97051
27.3,55,728.123424
26.1,67,728.31122
11.6,9,728.336677
22.55,94,728.603289
25.85,68,728.795992
26.9,59,728.952798
25.5,63,729.119106
27.25,52,729.257516
25.6,65,729.432415
24.35,78,729.656777
27.85,44,729.779628
23.8,89,730.034209
26.75,54,730.185611
24.85,84,730.450782
26.85,60,730.644218
25.0,69,736.648166
-3.0,21,736.710992
20.35,110,737.067868
26.0,65,737.288084
25.6,65,737.504396
17.85,132,737.921938
25.1,71,738.135025
26.1,67,738.341416
5.0,1,738.344383
20.05,120,738.703237
27.65,44,738.842643
25.6,61,739.067492
26.5,55,739.24578
13.5,11,739.280589
20.5,31,739.379999
24.5,79,739.623173
-2.8,17,739.674335
6.0,1,739.677441
22.15,102,745.895723
25.95,70,746.113187
7.8,165,746.636334
23.35,82,746.915495
25.8,69,747.151459
23.7,67,747.377012
24.75,86,747.672361
23.0,97,748.028131
25.05,68,748.255913
23.1,83,748.513942
16.95,22,748.581449
12.15,158,749.071249
23.75,90,755.378566
25.6,73,755.585703
17.8,129,755.953716
15.75,6,755.97093
5.95,2,755.976973
26.75,54,756.139802
11.35,134,756.520754
20.65,100,756.803185
13.85,4,756.814865
22.05,108,757.122808
25.05,60,757.298471
-7.0,69,757.496697
8.0,1,757.499719
7.8,5,757.513863
22.95,90,757.782372
11.55,10,757.811733
27.6,49,757.954194
28.7,27,758.031679
25.8,65,764.694453
26.9,55,764.854263
22.3,99,765.139373
20.7,107,765.448853
20.15,34,765.546699
26.6,61,765.726683
7.95,2,765.733306
25.95,54,765.902388
25.25,68,766.113666
27.15,58,766.305144
23.95,70,766.533223
25.45,68,766.751677
-5.8,65,766.956428
27.15,58,767.140869
22.85,96,767.459855
27.65,40,767.595222
25.75,50,774.224115
27.75,46,774.346223
26.85,56,774.495334
25.1,75,774.719678
-2.65,14,774.761005
23.55,86,775.006664
25.5,63,775.165809
18.9,23,775.223955
-5.05,38,775.321972
-1.2,237,776.015059
24.95,70,776.220066
22.6,97,776.525368
26.6,57,776.706238
25.5,79,776.964
24.15,38,777.082162
23.0,101,783.567523
26.15,70,783.76435
26.85,56,783.912636
-2.3,7,783.931113
25.45,68,784.111583
-3.4,29,784.188501
24.75,66,784.361652
25.05,76,784.559107
25.15,74,784.760923
24.4,61,784.928294
25.2,65,785.109962
21.55,114,785.432239
24.25,92,785.692015
26.2,53,785.837263
13.4,161,792.314502
6.15,182,792.875673
-2.0,1,792.878956
27.5,39,793.000667
25.8,57,793.176657
19.25,120,793.539027
-3.95,28,793.624912
24.05,76,793.847429
19.75,114,794.168827
26.3,55,794.324414
13.2,17,794.373996
27.55,46,794.513602
27.25,48,794.654547
2.0,213,801.283922
26.2,57,801.443593
24.6,69,801.636181
18.6,29,801.716609
26.4,61,801.900808
26.85,52,802.059104
27.3,55,802.228013
19.4,117,802.579197
17.5,11,802.6133
25.8,53,802.772978
22.7,27,802.855873
20.65,28,802.942223
27.2,57,803.117176
27.45,52,803.27739
24.5,83,803.53304
-2.15,4,803.545272
9.9,3,803.554587
24.6,69,803.764384
13.6,9,803.791875
27.55,50,803.935046
27.4,53,804.095717
26.0,69,804.294
24.5,91,810.32929
19.35,130,810.704554
27.0,57,810.866406
27.6,45,810.993397
24.45,84,811.292119
26.45,56,811.447729
23.35,90,811.698601
27.4,49,811.835398
27.1,59,812.001062
23.15,82,812.231066
27.75,46,812.362605
-4.75,28,812.440657
13.8,5,812.454403
-2.8,17,812.504563
5.0,1,812.507859
25.5,67,812.716748
23.65,72,812.936721
26.4,61,819.213096
10.1,83,819.452508
22.5,83,819.687787
27.4,49,819.826178
26.0,69,820.021294
-2.6,13,820.05722
21.1,51,820.196969
15.25,144,820.599898
-2.0,1,820.602845
10.85,12,820.637294
25.65,68,820.825244
9.6,9,820.850591
21.85,112,821.170135
19.8,33,821.269187
25.9,75,821.49535
28.0,41,821.617355
7.9,3,821.626337
27.7,47,821.764884
25.05,76,821.988756
25.75,66,828.202399
26.35,62,828.373267
26.1,67,828.557593
6.0,1,828.560429
25.65,68,828.748616
23.05,92,829.019714
26.05,72,829.231942
27.05,60,829.408138
22.75,110,829.737097
25.85,72,829.957634
5.0,1,829.960717
-22.1,439,837.471505
21.65,116,837.795197
-5.3,299,838.640815
22.65,112,838.987179
5.2,197,839.650791
-15.85,338,846.755792
18.35,126,847.120865
27.7,59,847.286136
28.6,69,847.487147
7.95,2,847.493353
9.3,175,848.021035
27.45,76,848.251458
-21.25,366,849.359608
25.6,77,855.644696
17.55,162,856.102568
27.15,66,856.285378
25.95,86,856.524693
11.9,3,856.533074
7.9,3,856.541351
25.4,85,856.776484
19.8,145,857.178834
9.8,5,857.193321
-65.15,512,864.789325
26.05,88,865.038148
16.8,17,865.086238
24.1,99,865.362329
-4.6,53,865.510256
-3.85,34,865.605757
-3.5,31,865.692645
26.85,80,865.909185
24.85,80,866.123621
18.8,25,866.192509
-18.75,488,874.140557
23.2,113,874.467515
17.35,14,874.508243
24.85,92,874.771767
9.8,5,874.786224
18.9,23,874.849991
25.75,86,875.096926
27.8,65,875.280849
9.6,177,875.781987
23.35,86,876.039906
28.05,60,876.22165
25.6,101,876.532965
-2.0,1,876.536257
11.75,6,876.556021
-2.7,15,876.601669
23.1,111,876.943969
-10.15,100,883.542634
20.0,137,883.942209
21.95,138,884.374595
-2.15,4,884.386683
-4.35,44,884.52254
5.9,3,884.532216
6.0,1,884.535535
9.7,7,884.557014
25.95,42,884.686431
24.1,95,884.989395
-4.75,52,885.148697
-4.65,30,885.240303
28.45,64,885.435105
-34.7,347,886.475545
29.3,47,892.723172
27.0,89,893.000749
27.4,61,893.191538
24.65,88,893.468105
24.2,93,893.755834
25.45,96,894.028555
-23.0,473,895.42129
18.35,130,902.035867
23.95,94,902.342855
7.8,5,902.360178
26.25,92,902.644127
22.65,108,902.973192
11.5,163,903.475506
19.95,162,903.995541
28.6,61,904.201322
23.2,113,904.564431
27.45,76,904.811973
22.4,121,911.408846
22.6,121,911.72585
11.65,8,911.746426
27.3,51,911.879046
13.5,11,911.908573
28.75,66,912.078745
-4.45,210,912.638097
28.35,66,912.823552
25.4,101,913.102829
18.75,146,913.509061
-29.85,454,920.671145
29.15,54,920.833657
27.15,82,921.08436
29.15,54,921.250456
-2.0,1,921.253989
27.8,77,921.491557
27.25,68,921.681603
26.3,83,921.912578
25.75,94,922.190797
28.05,72,922.407677
27.9,67,922.609245
26.55,74,922.843205
25.05,52,923.010729
28.25,68,929.220263
22.9,99,929.538657
27.85,72,929.76407
22.5,107,930.086771
27.65,72,930.285443
27.85,64,930.462478
13.95,170,930.996776
13.85,152,931.58246
5.95,266,938.212913
26.1,87,938.455072
28.5,63,938.630826
5.0,1,938.633739
26.05,92,938.90749
28.65,64,939.098202
23.45,112,939.432525
26.0,97,939.723965
19.95,134,940.134567
20.55,30,940.22309
16.7,163,940.701859
26.1,91,940.966869
9.5,195,947.455827
21.35,130,947.801083
5.0,1,947.803765
22.25,80,948.019462
24.7,91,948.269388
24.1,87,948.514377
9.65,8,948.536888
19.55,130,948.927735
14.75,154,949.427612
28.85,56,949.606882
28.25,68,949.818113
16.75,138,956.481769
27.0,81,956.708654
29.5,51,956.852464
12.5,211,957.460373
-2.0,1,957.463343
27.3,67,957.649707
29.45,52,957.79412
-2.0,1,957.796889
24.85,88,958.043586
21.75,62,958.258001
19.25,16,958.305304
23.2,97,958.585269
18.35,22,958.647074
24.6,89,958.895573
29.75,42,959.01217
20.05,156,965.433654
29.15,58,965.593179
23.8,61,965.764173
27.25,72,965.967343
13.55,10,965.995432
27.5,67,966.195679
28.4,57,966.375051
26.2,85,966.639034
27.6,69,966.86598
17.95,38,966.997654
7.95,2,967.004315
20.95,122,967.381122
28.2,65,967.573928
5.0,1,967.577121
24.35,82,967.821792
16.65,136,968.226069
25.15,82,974.515169
28.7,51,974.680932
18.4,133,975.090448
-3.7,31,975.185919
26.25,80,975.434634
26.05,84,975.717429
-4.65,38,975.84271
-4.6,37,975.967779
21.15,118,976.35534
-21.5,323,977.404981
25.3,95,983.831127
28.7,63,984.013564
27.7,71,984.214411
27.6,73,984.420072
7.55,6,984.437395
27.15,78,984.663057
26.45,80,984.892533
22.3,123,985.240393
26.25,76,985.456831
16.25,164,985.937432
18.65,28,986.028495
18.25,136,986.478166
26.45,88,986.76274
27.9,59,993.260145
-3.35,28,993.342796
25.45,84,993.589059
23.25,112,993.905314
29.6,45,994.032444
3.05,224,994.673404
25.5,51,994.826805
22.0,121,995.173957
21.45,116,995.516215
28.4,53,995.674326
15.65,128,996.039728
24.5,111,1002.112365
17.4,13,1002.147205
5.0,1,1002.150125
14.7,19,1002.202443
27.15,70,1002.398762
27.15,78,1002.626178
28.7,63,1002.819616
20.55,26,1002.898558
13.65,8,1002.924107
20.6,29,1003.013359
26.5,71,1003.223366
18.7,23,1003.29144
26.25,80,1003.533804
28.8,57,1003.704623
27.85,68,1003.915102
25.6,101,1004.238117
27.75,74,1004.454544
28.15,66,1004.654819
28.05,80,1004.905907
28.15,66,1011.113842
-2.0,1,1011.116652
7.9,3,1011.125478
21.45,96,1011.388354
29.35,46,1011.518057
5.9,3,1011.526697
5.0,1,1011.529584
-2.85,18,1011.579659
24.85,104,1011.870329
23.6,49,1012.019853
18.5,111,1012.369515
18.85,24,1012.442478
-2.3,7,1012.463968
20.1,119,1012.829961
28.05,64,1013.068876
28.5,59,1013.272198
26.05,80,1013.54825
22.7,127,1013.963686
11.7,7,1013.984461
11.7,7,1014.005054
26.5,79,1020.124185
21.9,39,1020.230896
26.4,85,1020.460871
26.65,88,1020.702697
23.15,110,1021.014827
5.9,3,1021.023758
27.05,72,1021.232499
23.7,111,1021.541499
25.0,77,1021.752376
29.65,44,1021.882424
-112.75,512,1029.385648
22.6,29,1029.466211
18.15,154,1029.905465
20.7,119,1030.267961
18.7,147,1030.777993
28.75,58,1030.99273
18.9,151,1031.547293
5.1,203,1032.237115
-4.65,46,1038.453722
25.25,96,1038.753206
27.6,61,1038.953855
-5.25,306,1039.934923
20.65,116,1040.282829
28.5,67,1040.489135
22.85,116,1040.84391
28.25,64,1041.044571
-3.25,26,1041.130517
7.85,4,1041.144586
24.8,81,1041.418512
29.3,51,1041.585159
28.95,58,1047.679561
29.85,44,1047.80889
24.25,100,1048.105892
7.9,3,1048.114814
6.0,1,1048.118089
21.65,116,1048.447041
6.0,1,1048.450082
5.0,1,1048.453338
-4.65,54,1048.60748
28.25,68,1048.800719
7.85,4,1048.813026
24.65,104,1049.115854
26.85,76,1049.340587
-4.8,45,1049.473261
27.25,84,1049.734041
28.2,65,1049.942309
26.65,80,1050.19628
-4.8,53,1050.364851
28.45,68,1050.567383
27.1,63,1056.867506
-5.15,56,1057.032033
25.7,83,1057.273531
13.15,22,1057.337821
29.4,45,1057.468211
28.75,58,1057.636025
17.1,115,1057.967169
27.0,73,1058.175911
20.8,101,1058.468305
11.5,179,1058.984823
29.1,51,1059.133519
23.2,89,1059.391628
21.5,43,1059.517443
28.25,56,1065.856087
27.15,70,1066.041368
27.5,63,1066.218853
-2.1,3,1066.227415
7.95,2,1066.23302
21.9,127,1066.592708
26.85,84,1066.835489
22.25,112,1067.152793
24.05,88,1067.407544
27.4,81,1067.644053
-53.65,430,1075.368268
28.0,69,1075.562545
25.2,93,1075.82513
-2.8,17,1075.874395
7.95,2,1075.880709
17.35,126,1076.25597
25.15,86,1076.523858
20.6,65,1076.72203
5.0,1,1076.725194
20.95,22,1076.794073
24.55,90,1077.067883
22.9,23,1077.137362
23.35,114,1077.481251
26.15,90,1077.756384
29.25,52,1077.916368
29.35,50,1078.082805
29.0,61,1078.290939
21.2,101,1084.732974
2.25,252,1085.372298
28.4,69,1085.554239
27.05,88,1085.789507
21.75,110,1086.098542
29.6,49,1086.22802
28.75,62,1086.391861
27.1,79,1086.598789
26.6,97,1086.861224
25.3,95,1087.114471
26.3,83,1093.699202
28.65,64,1093.880565
29.05,56,1094.041102
28.2,73,1094.249871
28.45,64,1094.431043
25.75,86,1094.673149
28.55,62,1094.849023
27.75,70,1095.050717
24.8,89,1095.337939
28.6,61,1095.530185
24.85,92,1095.817102
7.85,4,1095.829552
28.5,59,1096.012713
28.45,60,1096.19912
-3.75,32,1096.297537
16.7,159,1103.344057
28.95,54,1103.561644
26.6,77,1103.861026
15.15,34,1103.997329
24.95,94,1104.310035
24.4,105,1104.546513
9.8,5,1104.557525
27.25,84,1104.769637
26.9,71,1104.977946
17.2,17,1105.025487
22.55,114,1105.356402
17.45,12,1105.392793
27.85,68,1105.590445
29.85,44,1105.713247
28.1,59,1105.879372
27.9,71,1106.080874
-2.55,12,1106.115819
29.1,59,1106.28713
14.25,140,1112.727151
13.45,188,1113.265539
18.3,147,1113.689693
13.7,7,1113.710214
28.35,62,1113.888885
18.75,26,1113.964264
28.55,66,1114.159027
28.8,61,1114.345248
22.9,95,1114.635938
27.2,85,1114.899297
28.45,68,1115.110819
27.0,77,1115.347052
17.15,18,1121.373176
13.35,14,1121.416513
23.95,90,1121.700299
30.65,28,1121.788537
11.65,8,1121.813955
26.3,83,1122.066074
11.6,193,1122.635731
28.95,62,1122.838826
13.35,14,1122.882265
26.45,88,1123.178179
11.85,4,1123.190145
28.85,60,1123.379049
26.95,94,1123.6802
13.45,148,1124.198894
7.8,5,1124.216399
25.65,92,1124.521534
28.5,67,1130.784717
26.85,76,1130.996886
-68.25,578,1132.929975
-10.4,305,1139.937248
8.5,203,1140.692972
14.85,164,1141.199353
7.95,2,1141.205874
28.05,88,1141.474166
12.65,220,1142.122697
19.6,157,1142.575104
-70.05,558,1150.176629
29.8,73,1150.380403
28.4,85,1150.622192
26.3,103,1150.912315
5.65,300,1151.850941
25.75,110,1158.296984
26.3,99,1158.577128
19.35,170,1159.093766
20.15,158,1159.578832
23.9,139,1159.992244
26.65,112,1160.350959
27.7,83,1160.605206
26.55,106,1160.946245
7.95,2,1160.952731
14.85,192,1167.662762
17.95,186,1168.226376
29.5,67,1168.433452
21.35,126,1168.821381
24.35,114,1169.150171
23.35,122,1169.502995
28.4,85,1169.745179
26.05,92,1170.01508
-8.9,371,1177.094116
13.6,193,1177.70739
28.65,84,1177.968006
9.8,5,1177.982943
26.4,101,1178.290934
29.15,70,1178.521519
28.2,97,1178.849078
28.15,86,1179.120896
10.85,240,1185.909039
25.2,121,1186.304948
27.05,96,1186.628477
11.65,8,1186.65616
1.15,250,1187.459366
27.5,75,1187.693761
15.6,225,1188.409992
24.2,33,1188.513707
17.15,18,1188.573164
27.4,93,1188.864962
30.55,58,1195.317924
15.55,10,1195.347969
11.4,13,1195.386032
25.0,73,1195.595337
11.5,11,1195.625922
25.85,116,1195.948173
30.05,72,1196.178751
28.75,82,1196.478008
27.85,100,1196.781778
27.15,94,1197.058235
15.45,208,1197.665569
4.65,208,1198.258321
11.75,6,1198.275093
29.15,66,1204.248917
-2.35,8,1204.27132
27.15,114,1204.625676
-3.35,28,1204.714329
25.55,126,1205.110912
-2.95,20,1205.173784
29.75,78,1205.420584
17.25,16,1205.470776
-2.95,16,1205.520611
-4.25,42,1205.652052
26.85,96,1205.93496
28.25,76,1206.169971
28.55,90,1206.437917
9.8,5,1206.453468
29.85,68,1206.652235
-13.15,100,1206.926943
26.1,99,1213.057911
19.5,11,1213.088894
24.75,118,1213.438724
20.4,33,1213.541857
28.7,95,1213.840335
24.2,129,1214.259358
-35.6,353,1215.42356
25.95,102,1215.758498
30.05,76,1216.017986
26.0,101,1221.978525
25.5,107,1222.268614
18.15,182,1222.768546
6.0,1,1222.771555
15.55,10,1222.799045
-2.05,2,1222.80435
28.25,84,1223.031483
25.45,104,1223.332059
29.95,74,1223.580548
7.65,208,1224.313094
25.4,117,1224.698487
26.2,97,1225.013104
26.4,97,1231.410533
8.4,265,1232.163711
26.9,103,1232.476512
24.9,123,1232.845468
22.4,33,1232.943674
5.0,1,1232.946698
-2.65,14,1232.988522
9.8,5,1233.003562
21.5,151,1233.462669
25.6,125,1233.838169
30.05,64,1234.036227
6.0,1,1234.039622
30.25,72,1240.344953
22.9,127,1240.70218
28.4,97,1240.968993
19.15,178,1241.460508
20.5,31,1241.547449
-3.9,39,1241.655628
29.05,84,1241.900369
26.0,121,1242.263253
27.5,103,1242.577396
27.7,103,1242.891614
5.0,1,1242.894814
13.4,13,1242.935417
15.1,171,1249.574361
-2.0,1,1249.578042
23.0,117,1249.928078
9.75,6,1249.948341
27.9,91,1250.234203
29.7,75,1250.466822
19.1,19,1250.524829
27.45,100,1250.824065
27.95,94,1251.126196
29.85,76,1251.374619
28.7,87,1251.660673
30.6,65,1251.876045
18.25,132,1252.305349
11.05,12,1252.345228
5.9,3,1252.355269
22.05,148,1258.89343
28.75,70,1259.108735
19.05,20,1259.170521
29.75,78,1259.404533
23.8,93,1259.6967
26.4,109,1260.028424
18.65,28,1260.108607
29.05,88,1260.360124
28.95,78,1260.588581
24.5,127,1260.971545
29.25,80,1261.217522
26.8,117,1261.568476
26.35,102,1268.068413
28.65,68,1268.271461
27.0,89,1268.531903
25.4,109,1268.840905
27.05,104,1269.134755
-2.25,6,1269.151335
14.7,15,1269.192412
18.7,27,1269.269711
25.55,110,1269.575671
28.8,81,1269.804696
-2.0,1,1269.807555
7.1,223,1270.436607
28.85,88,1270.683475
22.15,74,1270.891736
26.75,90,1277.477747
15.45,12,1277.5106
18.75,26,1277.582278
24.4,109,1277.886444
22.45,124,1278.213703
26.2,101,1278.493931
26.45,120,1278.811241
6.0,233,1279.472053
26.9,107,1279.781034
28.4,97,1280.055597
27.55,98,1286.270007
26.05,100,1286.575553
28.4,93,1286.86229
-10.1,307,1287.791211
5.1,283,1288.649931
26.55,102,1288.967964
-84.45,578,1296.697292
28.95,78,1296.947206
-3.1,23,1297.01789
29.6,81,1297.288748
29.85,64,1297.493856
12.9,15,1297.542553
27.9,79,1297.797257
30.45,68,1298.01658
29.55,66,1298.228121
22.8,129,1304.597528
25.25,116,1304.952494
29.55,86,1305.210598
27.35,106,1305.541487
15.4,13,1305.580915
26.85,108,1305.904745
25.45,112,1306.244396
29.45,80,1306.486637
27.95,106,1306.806423
25.7,39,1306.921659
-3.55,32,1307.020518
29.5,75,1307.251217
27.65,88,1313.394515
26.7,103,1313.678012
26.4,109,1313.984735
29.2,81,1314.212881
30.4,65,1314.403989
24.65,132,1314.795882
27.7,47,1314.936011
27.6,89,1315.201854
29.65,80,1315.440253
28.5,87,1315.698731
26.7,79,1315.941368
27.1,95,1316.234501
30.15,70,1322.43572
23.15,126,1322.85737
5.95,2,1322.863211
17.75,134,1323.284244
11.6,9,1323.312824
27.9,83,1323.556548
29.15,78,1323.781506
21.75,150,1324.229226
15.4,13,1324.26778
-5.5,39,1324.386621
30.15,66,1324.587689
24.0,33,1324.685707
27.9,99,1324.981243
25.5,111,1325.315333
28.8,81,1331.446439
28.65,76,1331.649668
24.25,104,1331.93837
27.85,96,1332.222131
5.95,2,1332.22845
-3.4,29,1332.314321
13.35,14,1332.3561
30.6,69,1332.560691
3.1,239,1333.290451
29.55,90,1333.55493
29.6,85,1333.803204
19.75,174,1340.258579
-24.05,450,1341.842026
26.75,98,1342.149455
3.0,237,1342.884224
19.0,21,1342.948969
20.85,148,1343.40751
-2.15,4,1343.420317
24.75,126,1349.894687
29.8,81,1350.134674
27.7,87,1350.396965
25.05,100,1350.712383
26.7,99,1351.023032
-2.7,15,1351.067601
24.65,112,1351.408021
28.95,78,1351.645257
28.35,90,1351.920586
-5.9,287,1352.796082
28.55,98,1359.478673
29.9,83,1359.747978
28.3,95,1360.044927
12.1,91,1360.336518
-4.5,27,1360.421832
30.65,56,1360.632843
26.85,96,1361.019994
29.9,71,1361.300483
26.3,63,1361.549642
11.65,8,1361.581187
29.55,70,1361.860262
-4.85,54,1362.078255
30.7,55,1362.292747
29.65,68,1362.547705
27.2,101,1368.858109
30.45,64,1369.061001
17.3,15,1369.109207
17.35,14,1369.153298
28.85,92,1369.448019
5.0,1,1369.451216
28.9,79,1369.698555
26.75,106,1370.027228
26.15,98,1370.325445
-3.2,25,1370.40323
21.6,137,1370.830223
24.4,117,1371.182167
27.0,85,1371.44617
7.9,3,1371.455649
26.45,96,1371.754142
29.5,71,1371.971263
25.85,104,1378.473353
27.75,82,1378.735113
24.25,36,1378.84948
27.9,91,1379.134111
15.4,149,1379.604554
28.35,78,1379.868717
26.75,106,1380.227806
27.6,105,1380.581669
23.9,135,1381.058572
23.95,122,1381.458313
6.0,1,1381.46202
30.05,64,1387.941168
28.25,104,1388.236409
29.15,94,1388.510108
21.85,128,1388.89614
20.8,141,1389.317929
27.35,98,1389.608082
-2.45,10,1389.639555
28.55,98,1389.950434
24.35,30,1390.044639
28.1,95,1390.345931
13.55,10,1390.376434
25.4,53,1390.541918
3.3,295,1397.852715
15.5,11,1397.888856
7.5,247,1398.660721
23.15,142,1399.090025
-3.65,34,1399.195467
16.05,196,1399.818226
31.85,40,1399.940274
29.2,81,1400.187523
27.8,97,1400.489204
28.3,87,1406.502055
30.1,67,1406.729176
9.25,208,1407.402746
27.1,107,1407.766131
3.65,268,1408.60801
28.2,93,1408.896364
5.9,3,1408.905701
27.0,109,1409.280382
27.65,48,1409.447822
26.65,104,1416.132846
25.7,123,1416.497116
25.1,59,1416.673894
-4.9,51,1416.81541
26.75,94,1417.082227
27.7,103,1417.379329
22.4,109,1417.692054
19.25,16,1417.738818
25.5,111,1418.062228
28.2,85,1418.322109
5.0,1,1418.325319
29.2,73,1418.54874
28.3,91,1418.828263
5.95,2,1418.834317
29.65,72,1425.4193
26.7,103,1425.716272
28.2,89,1425.988845
28.05,76,1426.216988
25.85,116,1426.579329
17.75,6,1426.59895
14.6,161,1427.103418
30.65,64,1427.306235
17.4,73,1427.540527
27.5,99,1427.850413
-15.4,401,1435.249308
26.2,81,1435.511491
29.2,81,1435.770914
24.4,101,1436.107091
30.6,69,1436.32314
21.35,38,1436.440768
26.55,98,1436.725785
18.75,158,1437.167729
24.9,51,1437.308414
22.25,60,1437.485128
30.85,64,1437.67947
24.65,120,1444.490716
25.65,124,1444.875589
27.65,92,1445.162566
29.7,79,1445.404367
28.3,91,1445.689515
29.2,89,1445.961754
28.9,91,1446.235954
28.9,83,1446.496301
9.7,207,1447.142603
30.4,73,1447.368405
27.65,92,1453.694303
30.9,59,1453.863054
-3.15,20,1453.920251
5.0,1,1453.923394
-4.1,43,1454.054194
25.7,119,1454.417682
20.5,43,1454.542315
24.4,129,1454.906144
27.7,95,1455.181767
27.0,97,1455.463972
18.65,140,1455.870573
13.4,13,1455.909197
28.9,95,1456.20525
27.75,110,1462.826372
27.1,103,1463.144281
28.9,91,1463.430117
29.3,87,1463.686413
-4.1,39,1463.799415
28.6,85,1464.044414
27.05,88,1464.305375
17.85,92,1464.584288
29.9,71,1464.798568
11.8,5,1464.81471
28.15,90,1465.093545
27.15,98,1465.411824
13.4,13,1465.45646
29.9,75,1465.706864
24.0,121,1472.169709
6.0,1,1472.172681
28.95,94,1472.472494
25.65,44,1472.615521
26.2,57,1472.798244
22.9,23,1472.870217
6.25,172,1473.40603
23.9,99,1473.71888
28.05,88,1473.993078
13.35,14,1474.03911
15.65,8,1474.065454
28.05,92,1474.365441
28.05,96,1474.66634
10.0,245,1481.62466
16.65,172,1482.121263
26.4,113,1482.437078
26.4,97,1482.716355
-3.2,25,1482.789344
29.8,69,1482.988737
29.2,69,1483.185369
22.4,33,1483.280082
7.95,2,1483.286412
-4.95,52,1483.435087
22.6,29,1483.517563
13.45,12,1483.552042
23.8,61,1483.729657
26.9,111,1484.084749
17.05,20,1484.165074
29.85,80,1484.503384
28.75,82,1491.170047
25.55,50,1491.305756
26.45,108,1491.594231
-3.85,38,1491.702613
11.5,11,1491.732173
16.45,28,1491.809465
30.95,54,1491.964603
11.65,8,1491.987407
20.7,27,1492.067533
20.7,27,1492.143436
29.5,79,1492.370231
28.35,78,1492.592913
29.8,65,1492.780628
31.05,56,1492.936717
28.55,62,1493.109487
5.0,1,1493.112396
-2.0,1,1493.115107
22.65,28,1493.193883
30.2,69,1493.393342
30.2,61,1493.574633
29.3,87,1493.850921
31.4,53,1500.45834
30.1,67,1500.661916
30.05,76,1500.897602
27.1,99,1501.199833
30.5,63,1501.398646
-2.0,1,1501.401693
30.7,67,1501.612638
30.2,69,1501.824093
30.6,57,1501.993803
24.0,137,1502.387924
29.85,68,1502.613784
20.55,170,1503.167877
26.5,107,1503.496265
6.0,1,1503.499456
29.2,77,1509.626722
12.3,171,1510.126652
22.0,133,1510.539103
26.3,35,1510.642983
7.9,3,1510.652113
19.25,16,1510.701152
29.95,78,1510.936001
11.9,235,1511.633865
29.4,81,1511.873438
28.75,90,1512.14346
-88.15,648,1520.686613
-24.75,492,1528.333268
14.2,189,1528.871658
23.8,153,1529.299376
29.5,99,1529.589299
4.7,315,1530.552357
5.8,265,1537.647442
30.25,96,1537.941683
29.6,101,1538.250646
30.65,84,1538.506057
23.8,149,1538.933835
27.75,98,1539.197883
16.6,201,1539.751839
18.4,169,1540.237012
19.15,146,1546.533269
25.95,122,1546.878329
29.2,109,1547.184658
16.1,215,1547.793049
27.65,120,1548.129221
8.15,226,1548.823624
-11.0,77,1549.051489
19.4,185,1555.993066
30.3,95,1556.254666
22.6,29,1556.33422
-6.9,71,1556.528968
30.2,101,1556.813547
30.15,94,1557.090599
23.55,178,1557.742042
30.35,82,1558.015911
-3.75,36,1558.133637
10.05,296,1565.084926
18.35,158,1565.602704
30.2,101,1565.917073
14.2,205,1566.538759
20.75,30,1566.625997
15.0,217,1567.300236
25.7,135,1567.704507
26.4,121,1568.081189
31.2,89,1574.450151
29.55,94,1574.731844
26.75,130,1575.123144
27.1,71,1575.33914
27.5,111,1575.677824
26.95,126,1576.053945
22.85,168,1576.560869
22.75,126,1576.946044
-3.15,24,1577.020109
5.0,1,1577.023402
-27.45,386,1584.170741
23.15,158,1584.648461
-6.25,78,1584.874481
26.4,117,1585.209971
31.25,72,1585.430769
22.85,144,1585.869891
23.7,143,1586.306891
13.65,8,1586.331273
30.35,90,1592.432019
30.25,88,1592.673431
22.2,149,1593.090983
15.85,220,1593.751598
-2.6,13,1593.800673
15.4,13,1593.841143
-7.8,101,1594.155052
30.2,93,1594.434815
31.1,75,1594.662067
30.25,80,1594.901445
19.95,170,1601.49395
-2.25,6,1601.51037
15.4,13,1601.547899
27.8,121,1601.905743
7.95,2,1601.912345
31.35,90,1602.188916
-2.0,1,1602.192183
21.35,54,1602.372707
24.9,131,1602.809773
29.65,108,1603.198208
24.75,154,1603.687464
21.25,176,1604.252378
30.2,105,1604.573595
29.25,88,1610.706146
30.35,98,1611.001138
30.65,88,1611.301565
13.7,7,1611.328558
13.3,195,1612.17636
24.75,126,1612.525491
21.45,44,1612.652621
-2.9,19,1612.710572
-21.4,153,1613.181137
15.25,12,1613.220636
31.9,75,1613.473231
10.3,199,1620.537093
13.95,226,1621.252911
21.8,153,1621.774093
11.65,8,1621.798875
13.6,9,1621.827072
28.7,99,1622.139904
26.2,137,1622.555466
15.6,9,1622.586386
-7.7,91,1622.89118
30.1,79,1623.166505
16.2,181,1629.886423
11.7,7,1629.907921
-3.1,23,1629.979543
-3.2,25,1630.059906
-7.55,72,1630.277916
-3.2,25,1630.355176
32.25,68,1630.579772
31.35,86,1630.865988
13.55,10,1630.897575
22.5,151,1631.387007
25.6,125,1631.795971
25.95,118,1632.166105
9.85,4,1632.179564
28.55,114,1632.544917
25.1,51,1632.703109
29.75,94,1632.986017
28.95,106,1639.605592
27.65,112,1639.952949
24.85,144,1640.398495
20.45,152,1640.887734
18.95,22,1640.960085
14.1,215,1641.685359
9.75,6,1641.704638
13.7,7,1641.727659
-3.15,284,1642.601489
6.0,1,1642.604743
-15.15,104,1648.95683
30.2,97,1649.255961
19.55,34,1649.363755
-3.8,29,1649.454711
20.6,177,1650.001679
13.45,12,1650.037943
-2.75,16,1650.086859
31.9,83,1650.342098
-2.45,10,1650.373074
9.75,6,1650.390917
15.2,17,1650.441415
27.4,97,1650.737666
23.1,51,1650.890646
5.0,1,1650.894136
27.15,102,1651.203762
-4.9,59,1651.390203
21.3,47,1651.539128
30.35,74,1651.773228
28.75,98,1658.336774
31.15,74,1658.565754
15.85,176,1659.13755
25.1,127,1659.566052
30.8,85,1659.811852
-8.4,369,1660.866862
27.1,103,1661.160125
29.9,87,1667.673054
26.75,126,1668.034976
30.95,86,1668.279523
11.6,9,1668.305892
24.7,115,1668.657638
31.15,74,1668.885761
-9.3,95,1669.234252
24.45,28,1669.345612
-4.45,50,1669.500143
30.45,92,1669.755725
22.55,166,1670.212739
12.0,209,1677.089105
29.5,107,1677.381658
29.3,111,1677.684541
28.55,106,1677.948218
27.1,111,1678.218113
26.65,128,1678.554976
22.2,169,1678.997425
25.4,137,1679.356837
17.8,5,1679.371021
27.2,121,1685.778546
31.9,79,1686.010206
2.1,287,1686.834856
29.65,104,1687.121431
30.4,89,1687.369474
8.0,1,1687.372301
31.25,84,1687.607508
30.3,83,1687.836839
30.6,89,1688.119072
19.55,138,1694.899352
19.45,12,1694.941973
24.55,30,1695.042408
31.55,74,1695.278648
17.85,28,1695.369078
25.15,54,1695.550856
11.4,245,1696.283075
28.65,100,1696.567967
20.2,37,1696.669431
-4.15,44,1696.79465
24.75,146,1697.211095
28.65,108,1697.520375
22.35,154,1703.963282
25.9,111,1704.3176
31.55,86,1704.599601
16.05,176,1705.123264
13.75,6,1705.141838
13.5,11,1705.175237
17.65,8,1705.199573
31.6,85,1705.455577
29.3,103,1705.771528
15.35,154,1706.236721
24.4,161,1706.725119
-4.8,49,1706.869375
33.25,56,1713.257482
29.1,87,1713.500744
30.7,91,1713.750321
27.35,138,1714.187957
9.75,6,1714.208598
-4.2,37,1714.332908
25.5,131,1714.773412
-17.65,174,1715.329994
25.75,134,1715.781889
-4.05,38,1715.904107
22.65,136,1716.320901
21.25,156,1722.449613
23.7,35,1722.554811
12.0,21,1722.617353
13.0,9,1722.644677
17.3,215,1723.297508
12.65,240,1724.029942
17.65,200,1724.801547
22.35,174,1725.381794
31.7,67,1731.336805
29.0,109,1731.662286
23.85,148,1732.10246
30.3,95,1732.381814
31.0,85,1732.633018
20.3,171,1733.145791
-2.0,1,1733.148862
21.45,152,1733.603002
28.8,77,1733.836117
28.0,57,1734.003965
33.2,53,1734.159315
26.85,132,1740.459322
30.0,93,1740.714701
31.3,95,1740.987943
21.85,176,1741.510338
-2.65,14,1741.552891
-25.1,551,1749.932495
32.35,70,1750.144046
30.8,97,1750.422111
31.0,85,1750.669503
28.75,66,1750.86073
3.4,289,1751.743558
15.65,8,1751.766776
30.3,91,1752.039255
19.0,189,1752.578454
29.55,94,1752.867782
24.05,148,1759.6644
-5.1,59,1759.844185
31.25,84,1760.094521
21.35,142,1760.490265
22.55,30,1760.571598
30.95,82,1760.797015
-4.15,28,1760.879531
8.0,1,1760.882336
16.25,200,1761.510944
22.15,162,1762.015906
29.0,101,1762.328748
29.1,87,1768.806432
18.85,20,1768.869129
-5.75,60,1769.059732
18.1,179,1769.564841
17.95,174,1770.066847
30.05,100,1770.353349
21.65,152,1770.777818
31.05,80,1771.015668
-9.25,342,1778.182105
9.1,199,1778.741381
28.8,105,1779.043307
30.35,82,1779.276103
23.8,45,1779.403666
21.1,151,1779.840665
28.65,104,1780.161213
30.3,107,1780.496126
32.05,72,1780.74375
27.15,122,1787.432261
27.55,78,1787.661623
28.35,122,1788.058524
25.05,56,1788.243047
31.25,88,1788.519284
13.65,8,1788.544566
27.9,111,1788.902844
27.45,120,1789.283429
-3.3,27,1789.358294
25.95,134,1789.756332
28.6,109,1790.08838
-2.85,18,1790.142668
9.7,7,1790.164838
18.85,180,1796.823552
26.4,113,1797.126591
26.0,129,1797.510623
31.2,89,1797.814979
32.35,58,1797.996853
15.75,6,1798.016925
-3.35,28,1798.106088
26.5,135,1798.530489
30.1,103,1798.83437
21.05,160,1799.334935
27.6,125,1806.055887
30.2,93,1806.354243
21.35,14,1806.397957
21.45,48,1806.546983
11.8,5,1806.562987
7.9,3,1806.572677
28.85,96,1806.871499
28.3,127,1807.265436
24.2,137,1807.69964
19.9,39,1807.828281
29.75,94,1808.169909
18.8,169,1808.709873
24.8,149,1814.936923
26.95,118,1815.290471
27.05,108,1815.6294
13.35,14,1815.676571
28.4,109,1816.034075
-7.8,69,1816.252401
30.2,93,1816.584387
30.3,95,1816.904841
5.95,2,1816.911777
32.2,69,1817.1332
25.8,45,1817.275682
18.5,167,1817.780687
14.25,240,1824.396711
9.65,8,1824.420268
30.75,98,1824.713882
29.25,52,1824.870415
30.0,105,1825.180658
-10.95,348,1826.195416
15.25,220,1826.843647
30.8,77,1833.135009
-3.7,31,1833.255584
26.05,116,1833.600328
15.2,17,1833.651457
33.85,44,1833.782819
22.2,169,1834.294757
24.45,148,1834.735946
-3.3,359,1835.801521
28.35,126,1836.177688
15.2,17,1842.29259
30.3,79,1842.533032
32.8,57,1842.702464
27.35,110,1843.033979
-2.0,1,1843.037171
-4.05,42,1843.163682
9.6,9,1843.191654
-3.95,40,1843.311801
32.1,79,1843.550509
28.1,91,1843.827141
22.1,39,1843.944237
27.35,54,1844.106359
-5.8,69,1844.387314
28.3,115,1844.777506
25.85,124,1845.166289
26.2,125,1851.760766
29.75,94,1852.051052
31.05,84,1852.312398
26.0,125,1852.705992
21.0,157,1853.218406
15.3,15,1853.269794
22.05,40,1853.40824
30.15,110,1853.755277
29.0,113,1854.080249
31.25,88,1854.335511
26.25,128,1854.720654
25.85,120,1861.426957
9.55,10,1861.454835
28.45,120,1861.795635
15.6,201,1862.370344
-26.0,149,1862.796088
23.55,118,1863.161894
27.75,98,1863.462597
30.45,88,1863.732805
29.55,90,1864.00801
28.55,98,1870.420599
15.25,16,1870.46704
29.0,113,1870.805067
18.9,23,1870.868828
13.95,170,1871.376617
7.6,297,1872.30818
29.4,105,1872.672828
12.9,247,1873.433443
15.1,251,1880.186404
25.65,48,1880.320032
27.6,97,1880.588644
26.15,110,1880.889416
-4.6,49,1881.027353
7.9,3,1881.03653
29.65,92,1881.315944
16.0,177,1881.866619
6.0,1,1881.870143
-2.0,1,1881.873452
24.45,140,1882.386761
18.35,26,1882.480317
9.9,3,1882.491474
32.0,81,1888.629793
5.8,193,1889.214173
30.45,84,1889.47216
29.3,103,1889.809227
30.65,80,1890.056417
28.1,107,1890.388083
26.55,122,1890.763968
31.1,79,1891.006054
16.15,34,1891.113069
11.6,9,1891.144152
5.95,2,1891.151075
25.9,43,1891.296876
30.8,81,1891.57406
29.4,105,1897.998915
23.6,129,1898.376376
15.2,17,1898.429521
26.15,122,1898.798843
11.6,9,1898.826096
30.85,92,1899.112122
13.45,12,1899.148754
20.6,29,1899.238081
-2.0,1,1899.241286
30.25,96,1899.540408
31.1,75,1899.771346
27.0,129,1900.166726
29.95,90,1900.445479
31.7,75,1900.678593
19.2,17,1900.731197
22.35,34,1900.836605
-5.55,64,1907.063283
31.65,76,1907.281023
32.4,65,1907.467401
-2.45,10,1907.496243
29.75,94,1907.762547
21.1,183,1908.302442
20.15,38,1908.417766
25.45,132,1908.828287
18.75,26,1908.908869
20.85,24,1908.982619
9.8,5,1908.998762
-6.4,345,1910.057873
23.25,160,1916.77258
5.0,1,1916.775343
28.45,104,1917.052826
5.0,1,1917.055604
22.25,168,1917.513177
31.0,93,1917.780688
8.0,1,1917.783797
15.35,14,1917.823457
16.6,205,1918.40595
22.35,34,1918.501926
27.6,97,1918.771684
15.15,18,1918.820631
9.85,4,1918.831772
-4.55,44,1918.952762
-3.4,29,1919.032558
32.35,70,1925.195957
29.85,108,1925.531305
-4.8,53,1925.684526
15.05,180,1926.190959
30.9,83,1926.431237
28.45,100,1926.746528
31.1,95,1927.016374
26.05,120,1927.383019
30.55,78,1927.649824
29.6,93,1927.936692
31.4,73,1928.165839
17.4,13,1928.207003
16.2,193,1934.953046
13.5,11,1934.986943
31.4,77,1935.228235
19.1,19,1935.288251
11.35,214,1935.948233
11.65,276,1936.778226
20.9,143,1937.299355
33.15,58,1937.476284
25.85,140,1944.148092
30.85,92,1944.42445
-23.55,420,1945.662761
0.4,257,1946.447176
27.75,46,1946.57848
28.45,108,1946.882056
30.05,104,1953.088829
-10.8,105,1953.412813
9.8,5,1953.429035
20.45,120,1953.824711
29.55,102,1954.140638
25.8,129,1954.547998
31.2,93,1954.846005
33.05,60,1955.039469
9.75,6,1955.059215
13.45,12,1955.098552
29.8,101,1955.419731
22.4,33,1955.522882
20.6,157,1956.003134
17.9,27,1961.974345
26.0,121,1962.345187
17.15,18,1962.400238
10.25,292,1963.301064
18.4,33,1963.40351
23.45,48,1963.55548
25.7,127,1963.943882
30.1,99,1964.264096
5.0,1,1964.267195
20.65,168,1964.788273
29.0,93,1965.065839
30.4,101,1971.373297
29.0,97,1971.643191
26.15,126,1972.005205
32.2,73,1972.223889
5.95,2,1972.229779
26.7,111,1972.553903
13.5,11,1972.58501
-5.25,62,1972.772727
28.85,112,1973.100209
20.45,180,1973.626168
-4.3,47,1973.771992
31.3,87,1974.053442
18.5,31,1980.039944
20.2,141,1980.429674
25.2,53,1980.578516
-5.95,64,1980.761661
13.35,14,1980.800392
30.85,76,1981.011015
30.3,95,1981.271873
24.7,131,1981.629134
30.5,95,1981.893757
32.15,70,1982.087059
-2.0,1,1982.090036
32.45,64,1982.274814
21.25,180,1982.790866
30.0,101,1989.289129
24.2,145,1989.70749
27.3,51,1989.866363
32.3,71,1990.091124
28.75,102,1990.402045
32.15,70,1990.618331
31.0,85,1990.876594
23.4,153,1991.350264
23.5,139,1991.771798
29.5,107,1992.103586
24.2,133,1998.634734
31.7,79,1998.857245
29.05,96,1999.140673
12.15,226,1999.789851
32.8,61,1999.964459
19.25,16,2000.010367
31.5,79,2000.24879
30.9,83,2000.505531
33.2,57,2000.682614
33.3,51,2000.831462
31.55,82,2001.071321
9.9,3,2001.080136
9.5,275,2007.944743
22.0,41,2008.067193
5.95,2,2008.073231
23.5,127,2008.473849
23.35,46,2008.753934
-152.65,722,2017.113085
27.6,141,2017.508343
-5.45,66,2017.7026
-0.4,329,2018.642391
11.55,10,2018.670776
-24.05,554,2026.477074
2.65,288,2027.337216
-0.6,257,2028.112011
5.0,269,2028.905015
20.0,197,2035.34419
27.25,120,2035.677935
18.75,26,2035.747903
7.95,2,2035.753232
5.9,3,2035.761342
21.55,178,2036.272271
23.2,149,2036.746511
21.95,170,2037.280328
-8.0,65,2037.483105
14.4,77,2037.727764
30.7,91,2044.066779
25.35,154,2044.4924
-25.95,544,2046.029363
13.05,16,2046.075951
18.1,203,2046.696677
11.65,8,2046.720298
26.75,162,2053.133318
28.95,126,2053.495183
30.95,94,2053.757209
32.55,106,2054.05241
-2.2,5,2054.066176
29.0,121,2054.40027
11.9,3,2054.408973
9.95,2,2054.414763
25.3,159,2054.909028
33.5,71,2055.207954
31.55,106,2055.57792
31.7,95,2055.882797
30.9,103,2061.927635
31.85,96,2062.205063
24.05,168,2062.677537
29.95,114,2063.007543
15.8,221,2063.674789
23.5,47,2063.819613
5.45,312,2070.865976
-3.3,27,2070.950248
11.4,241,2071.695521
4.25,348,2072.774435
21.8,181,2073.325365
30.8,113,2073.682814
13.5,11,2073.715538
11.75,6,2073.733496
33.65,84,2080.122353
7.9,3,2080.132311
31.35,110,2080.456553
26.0,165,2080.958182
11.75,6,2080.977021
7.95,2,2080.983254
-3.55,32,2081.081524
29.6,117,2081.449625
33.05,84,2081.709265
-4.7,51,2081.875384
-2.6,13,2081.915578
31.1,59,2082.100352
-13.35,120,2082.468736
23.25,156,2082.9446
9.75,6,2082.963237
30.9,119,2089.488207
34.0,77,2089.729428
27.85,144,2090.220858
-15.3,415,2091.479887
13.7,7,2091.499453
31.85,40,2091.613895
32.55,106,2091.919375
29.65,108,2092.221839
21.3,207,2099.177448
-6.2,301,2099.966331
25.0,149,2100.360843
25.5,151,2100.793018
31.3,103,2101.081758
31.35,102,2101.369426
23.95,154,2108.328901
28.95,122,2108.71215
26.35,34,2108.816439
22.25,36,2108.924506
22.45,180,2109.4164
19.15,18,2109.464148
27.2,57,2109.617887
9.9,3,2109.625758
31.8,97,2109.902758
31.1,59,2110.068496
31.7,91,2110.327023
24.6,149,2110.770287
28.35,138,2111.227607
28.1,135,2117.77484
30.15,126,2118.124772
28.8,113,2118.434458
27.0,61,2118.609758
-2.0,1,2118.612699
9.8,5,2118.627043
15.4,13,2118.66729
31.0,109,2118.972916
-29.75,408,2120.126505
29.35,118,2126.462665
21.8,177,2126.989875
33.75,78,2127.217278
29.95,130,2127.625884
21.0,21,2127.69253
18.0,213,2128.367911
21.65,172,2128.910066
24.5,147,2129.413565
32.8,101,2135.808721
28.45,140,2136.201216
27.8,129,2136.566364
28.5,103,2136.884463
7.9,3,2136.893854
28.7,135,2137.340635
22.4,33,2137.448101
27.15,130,2137.868628
28.85,132,2138.287809
32.45,84,2138.556897
-33.95,188,2145.166101
20.25,180,2145.712481
23.8,137,2146.14431
20.35,182,2146.708056
27.85,148,2147.166667
31.0,109,2147.515359
-5.65,58,2147.690599
-2.6,13,2147.728029
17.4,13,2147.7658
28.8,137,2154.09154
4.9,291,2154.896517
32.9,79,2155.156484
6.4,301,2156.172101
9.85,4,2156.186275
27.85,140,2156.711953
-4.45,50,2156.875276
31.15,102,2163.263812
19.3,15,2163.30728
23.85,44,2163.430732
28.9,147,2163.849752
8.75,282,2164.905483
32.5,107,2165.287667
21.4,169,2165.878983
21.3,203,2166.504301
32.35,102,2172.876085
19.45,12,2172.912296
-8.05,58,2173.087351
33.25,72,2173.310905
30.45,108,2173.649657
13.6,9,2173.677098
-14.9,451,2175.01697
29.15,138,2175.446625
18.25,220,2182.019584
21.05,176,2182.514666
24.9,159,2182.961497
9.7,7,2182.981544
15.8,5,2182.995318
-22.55,432,2184.236898
18.6,217,2191.090596
23.5,167,2191.560541
31.3,111,2191.870653
31.3,99,2192.139885
9.75,6,2192.156564
18.15,30,2192.240018
26.45,152,2192.675883
19.6,193,2193.262996
18.8,25,2193.338078
22.9,183,2199.891305
29.3,131,2200.260618
9.8,5,2200.275721
28.95,114,2200.618182
24.5,167,2201.116916
6.0,1,2201.1206
30.4,113,2201.461862
11.9,3,2201.47116
18.45,220,2202.127441
0.45,328,2209.410122
28.15,126,2209.779075
31.85,108,2210.096166
32.5,99,2210.386541
31.25,116,2210.734491
-4.6,377,2211.818321
27.0,153,2218.505226
21.0,21,2218.567795
27.1,75,2218.796403
33.1,95,2219.086496
31.65,104,2219.396831
18.8,225,2220.07991
32.2,109,2220.406399
24.65,28,2220.49182
-0.2,401,2227.872457
33.3,95,2228.143016
-5.9,51,2228.2856
28.15,118,2228.620553
25.85,136,2229.010579
-3.5,31,2229.10012
9.65,8,2229.123072
5.0,1,2229.125962
29.05,112,2229.467873
29.85,120,2229.834327
29.1,123,2230.201643
29.2,101,2230.4869
8.65,260,2237.465478
11.75,6,2237.482838
-6.15,84,2237.718365
31.5,119,2238.051942
8.45,320,2238.957313
21.8,45,2239.084503
33.05,84,2239.320924
-4.05,38,2239.428536
-17.6,125,2245.564121
31.65,92,2245.822849
9.1,255,2246.553226
26.9,131,2246.927672
32.4,97,2247.211592
11.6,9,2247.237719
23.25,164,2247.706598
-49.15,624,2256.01779
29.9,115,2256.367878
-2.7,15,2256.410287
17.25,16,2256.453928
30.55,134,2256.835065
24.6,157,2257.305808
21.85,204,2257.878696
5.15,290,2264.755285
29.4,133,2265.172364
11.55,10,2265.20285
28.2,77,2265.432688
-2.75,16,2265.481201
29.1,119,2265.83536
21.5,191,2266.399652
32.5,107,2266.721902
28.6,129,2273.111682
23.2,177,2273.599775
26.45,160,2274.038403
27.25,136,2274.447664
15.65,16,2274.495705
26.95,142,2274.917148
11.55,266,2275.704085
8.05,304,2282.763105
22.25,28,2282.847672
30.4,129,2283.23467
26.3,127,2283.617604
29.4,125,2283.977372
15.35,46,2284.108744
26.75,146,2284.518289
33.45,84,2284.756331
21.3,171,2291.489912
31.15,118,2291.840706
17.85,180,2292.40793
25.0,165,2292.915563
26.4,165,2293.434462
31.2,113,2293.786799
30.75,114,2294.133896
26.3,123,2294.482599
29.2,125,2300.924515
32.45,88,2301.195164
5.0,1,2301.198391
9.85,4,2301.210774
17.05,244,2301.963528
31.65,104,2302.283336
27.5,131,2302.688803
11.55,10,2302.719716
32.35,94,2303.002198
27.4,141,2303.433504
6.0,1,2303.436573
32.0,93,2303.725255
-4.65,50,2310.131121
32.95,102,2310.421981
-26.45,422,2311.647087
26.65,68,2311.85709
30.35,122,2312.23232
30.65,100,2312.522462
13.75,6,2312.537405
20.35,166,2319.129698
-4.05,42,2319.249067
32.55,106,2319.5476
-6.4,81,2319.774289
27.9,131,2320.146392
28.45,124,2320.498042
8.35,274,2321.281571
30.95,114,2321.614812
31.5,95,2321.913933
30.65,112,2328.311581
29.25,132,2328.697414
16.65,24,2328.774267
16.95,222,2329.440785
32.1,95,2329.742359
5.3,215,2330.398521
-6.25,86,2330.640494
29.4,53,2330.79359
-77.45,722,2339.232922
30.25,116,2339.592386
-2.9,19,2339.647988
32.15,78,2339.870091
-2.0,1,2339.872992
28.15,110,2340.178037
21.7,199,2346.555127
25.7,127,2346.939738
17.0,21,2347.002328
27.45,124,2347.373662
24.3,159,2347.885695
32.45,92,2348.188524
22.4,141,2348.662215
30.9,103,2348.982122
16.35,166,2349.482492
20.15,198,2355.902993
30.2,109,2356.206719
33.0,77,2356.417063
25.05,140,2356.810549
20.15,38,2356.922234
19.15,18,2356.976079
30.3,103,2357.312532
28.45,112,2357.644735
33.7,87,2357.904912
21.45,52,2358.063264
32.2,105,2364.514509
31.15,110,2364.819641
12.0,1,2364.822305
24.45,156,2365.279786
32.05,92,2365.567651
21.15,198,2366.179524
28.9,119,2366.543967
12.75,230,2367.266873
28.2,105,2367.579548
25.55,130,2374.114225
20.1,39,2374.234863
31.65,88,2374.509404
33.1,95,2374.799913
27.65,136,2375.222924
16.75,26,2375.304485
30.65,116,2375.658686
13.65,260,2376.455028
31.6,109,2376.782232
28.55,114,2382.979781
13.75,6,2382.997247
32.9,103,2383.291321
27.7,131,2383.661651
33.1,95,2383.928113
-88.65,722,2392.463445
29.3,127,2392.829145
30.55,110,2393.202261
-6.75,72,2393.409416
-3.5,31,2393.497821
-4.45,46,2393.629759
19.25,64,2393.81354
31.45,112,2394.141693
-3.5,31,2394.238255
33.2,73,2394.475755
20.0,189,2395.065058
29.4,49,2395.214186
32.85,88,2401.673683
26.05,144,2402.079315
13.55,10,2402.107707
31.5,103,2402.423368
28.35,134,2402.858275
28.5,127,2403.276663
-4.25,46,2403.43201
29.85,116,2403.806236
29.4,117,2404.198103
15.25,16,2404.251528
15.65,8,2404.279171
30.75,122,2410.691645
6.0,1,2410.694843
23.55,186,2411.237
33.15,94,2411.527187
-3.8,37,2411.637437
33.3,91,2411.91445
9.1,11,2411.948014
32.8,93,2412.225317
20.85,24,2412.295913
20.85,24,2412.361752
9.7,7,2412.380835
22.15,158,2412.822445
15.3,15,2412.865381
33.9,75,2413.077473
31.2,117,2413.425445
-4.6,53,2413.576
32.2,97,2419.748263
33.4,85,2419.967742
30.45,124,2420.30998
30.45,100,2420.589398
32.7,103,2420.887083
31.1,123,2421.274445
30.9,119,2421.656148
19.15,18,2421.714371
25.0,157,2422.220076
32.4,89,2422.503918
-6.45,82,2428.711654
32.1,95,2428.982345
33.7,83,2429.21755
33.9,79,2429.44385
31.9,111,2429.759323
26.35,166,2430.236278
7.9,3,2430.245392
28.75,118,2430.606575
33.5,79,2430.845754
31.2,109,2431.174594
19.6,157,2437.697389
30.6,121,2438.036248
12.3,39,2438.14595
32.8,93,2438.404928
11.75,6,2438.422413
28.15,146,2438.847758
32.9,91,2439.119804
29.6,65,2439.315656
18.95,22,2439.382066
33.15,90,2439.652221
32.75,82,2439.906885
33.65,80,2440.153132
6.0,1,2440.156343
13.3,15,2440.202367
11.95,2,2440.208593
27.0,133,2440.62025
32.45,96,2447.111998
-2.05,2,2447.117724
24.25,168,2447.61624
27.65,104,2447.932719
-24.05,414,2449.209541
26.35,142,2449.629524
32.25,88,2449.885743
31.3,107,2456.519615
27.55,150,2456.932914
16.75,26,2457.007534
-7.85,78,2457.222001
31.1,119,2457.557
32.75,90,2457.806001
26.25,140,2458.231421
29.95,90,2458.504905
29.75,106,2458.806905
33.5,79,2459.027254
32.85,84,2465.736626
20.95,182,2466.254373
7.8,253,2466.978559
1.75,426,2468.235878
34.35,66,2468.424905
23.45,52,2468.572247
28.2,129,2475.204875
27.1,155,2475.643842
22.15,38,2475.75195
-90.05,722,2477.948476
27.4,137,2484.550809
27.75,42,2484.691073
30.4,101,2485.006534
31.0,129,2485.416303
28.8,65,2485.616858
30.8,93,2485.902565
21.8,173,2486.444199
34.25,68,2486.649935
29.35,114,2487.010573
-13.4,117,2493.409781
9.8,5,2493.424729
29.05,128,2493.798013
31.2,109,2494.113551
-3.6,29,2494.197152
30.3,115,2494.529114
-2.0,1,2494.532202
26.4,141,2494.935272
26.6,153,2495.400462
11.7,7,2495.422072
13.55,10,2495.452889
14.7,211,2496.071888
-1.4,285,2502.844349
33.9,79,2503.071913
-5.5,71,2503.27372
17.15,198,2503.839906
16.75,26,2503.914168
-0.3,323,2505.025148
30.75,94,2505.341817
17.05,200,2512.33292
32.9,75,2512.565407
34.4,69,2512.800338
29.65,140,2513.269406
33.2,89,2513.559915
31.35,114,2513.909096
30.25,108,2514.247749
30.75,114,2514.605592
24.55,146,2515.037887
1.2,265,2521.96532
33.45,88,2522.215656
16.9,23,2522.282038
30.35,94,2522.577094
33.15,78,2522.820027
-8.1,75,2523.055622
31.45,104,2523.382319
29.75,142,2523.799633
23.55,158,2524.26269
32.95,90,2530.807079
24.25,172,2531.304359
-2.4,413,2532.583451
29.9,131,2532.988786
33.7,83,2533.246932
9.35,250,2540.097436
31.7,111,2540.420083
29.65,112,2540.743974
34.8,61,2540.917149
23.9,167,2541.389042
4.85,328,2542.323256
29.45,112,2542.661625
6.6,297,2549.912855
24.2,177,2550.444621
-4.55,44,2550.585381
32.35,106,2550.943828
31.8,101,2551.256778
29.7,139,2551.685467
32.75,90,2551.966079
29.5,135,2558.305658
32.85,104,2558.603596
25.15,126,2558.966044
33.25,80,2559.192451
32.4,93,2559.458743
19.65,192,2560.008568
29.7,115,2560.337086
33.65,84,2560.577354
15.35,14,2560.620738
22.9,163,2561.140348
30.6,105,2567.833885
9.95,2,2567.840601
31.95,106,2568.17091
33.2,93,2568.467672
28.65,140,2568.856506
11.65,8,2568.87959
32.6,81,2569.114095
26.9,143,2569.523625
30.0,113,2569.85006
16.15,46,2569.982873
-24.4,421,2577.334546
25.15,158,2577.788462
32.25,116,2578.126864
30.25,124,2578.49035
33.3,91,2578.771657
-2.15,4,2578.784772
31.5,107,2579.118154
22.25,36,2579.229293
32.3,95,2579.532587
27.1,123,2586.218969
30.9,103,2586.519666
34.75,62,2586.698087
-0.35,248,2587.387249
24.25,164,2587.842536
30.1,131,2588.204997
-4.9,51,2588.354108
24.55,154,2588.784927
34.25,72,2588.996251
28.0,137,2595.689053
26.45,120,2596.046492
29.75,134,2596.421356
9.95,2,2596.427452
24.25,200,2597.007071
8.0,1,2597.010135
31.75,90,2597.272506
29.8,113,2597.602618
11.75,6,2597.620256
30.8,105,2597.92747
13.65,164,2604.845407
28.6,133,2605.211608
33.4,89,2605.442118
32.85,92,2605.679922
11.6,257,2606.362126
34.4,69,2606.545439
24.4,165,2606.991388
27.85,128,2607.366697
-5.3,319,2614.45172
29.45,128,2614.826276
14.05,228,2615.477363
29.0,125,2615.835555
29.1,59,2616.007023
32.75,94,2616.280238
30.8,89,2616.621699
-8.05,78,2624.095335
25.55,158,2624.588068
-2.0,1,2624.591314
25.4,149,2625.088116
21.9,55,2625.275878
30.35,130,2625.675858
29.3,135,2626.099737
31.85,112,2626.422976
16.25,188,2626.972114
33.75,74,2632.333549
31.9,95,2632.592623
21.45,12,2632.623865
16.0,217,2633.195197
27.2,133,2633.601873
29.1,143,2634.040118
26.5,147,2634.454372
30.55,118,2634.771455
-5.75,72,2634.967231
32.75,102,2640.796079
32.8,85,2641.01278
25.0,153,2641.396673
22.35,62,2641.552757
30.1,119,2641.85604
23.35,14,2641.891507
32.55,98,2642.170927
24.4,33,2642.265342
27.2,149,2642.656767
22.65,28,2642.728037
26.95,78,2642.935867
11.65,8,2642.957382
-2.0,1,2643.152898
-94.55,800,2650.657173
35.05,92,2650.906543
16.65,240,2656.771717
27.85,156,2657.177275
13.5,11,2657.206439
19.5,227,2657.793364
-32.85,454,2658.957514
19.0,21,2659.010921
11.8,5,2659.023492
28.2,137,2664.831518
30.2,157,2665.272662
26.55,30,2665.357974
28.1,143,2665.799822
32.95,118,2666.241446
9.8,5,2666.260129
32.6,113,2666.682593
-25.45,514,2674.749348
32.25,116,2675.076862
34.35,106,2675.359233
15.45,212,2675.914938
14.15,270,2676.622426
19.55,202,2677.154735
23.2,41,2677.260603
5.95,2,2677.266156
25.45,52,2682.138423
20.85,24,2682.197573
21.4,241,2682.775022
35.25,88,2682.983441
18.2,245,2683.560885
9.9,3,2683.568109
26.75,186,2684.058412
-1.9,395,2690.364033
21.2,73,2690.545966
11.55,10,2690.571376
-2.0,1,2690.573874
31.7,111,2690.848459
34.85,92,2691.075438
15.25,16,2691.115571
14.3,275,2691.832126
6.0,277,2697.639902
5.95,2,2697.645174
27.15,174,2698.123714
16.8,25,2698.188267
13.65,28,2698.259031
32.5,127,2698.578389
-4.95,56,2698.718815
33.5,99,2698.976349
9.85,4,2698.987036
2.75,362,2699.997002
31.75,122,2705.722816
13.25,16,2705.768764
9.4,325,2706.701693
-3.7,31,2706.792131
26.9,159,2707.241569
22.85,192,2707.754202
34.85,100,2708.021185
29.2,141,2708.404233
23.0,185,2713.75643
-18.25,122,2714.059554
5.95,2,2714.064556
-10.65,118,2714.353237
-7.15,88,2714.569952
-2.0,1,2714.572574
21.85,216,2715.111753
29.95,126,2715.429912
24.45,168,2715.853102
9.7,7,2715.870638
11.75,6,2715.885852
8.0,1,2715.888363
29.7,135,2721.290297
20.0,37,2721.376387
30.7,139,2721.70694
-5.6,73,2721.888473
32.35,114,2722.165866
26.75,162,2722.53598
24.85,192,2722.990319
21.15,194,2723.469248
32.6,117,2728.793767
-5.0,61,2728.950496
32.55,90,2729.179386
12.1,299,2729.930135
15.25,16,2729.967966
34.7,103,2730.220936
26.05,172,2730.656421
26.45,192,2736.107853
27.95,142,2736.462181
23.15,222,2737.009633
-3.85,38,2737.112333
25.0,149,2737.499139
26.75,178,2737.940494
-7.0,81,2738.145309
18.9,23,2738.202965
28.85,144,2738.558013
-2.5,11,2738.584722
-23.8,157,2743.976866
5.5,359,2744.985915
34.35,106,2745.265654
14.35,318,2746.043143
25.6,177,2751.456246
-3.0,21,2751.506262
9.65,8,2751.525346
15.25,16,2751.563384
31.15,122,2751.855175
6.0,1,2751.857822
-9.75,104,2752.117557
30.85,140,2752.468454
19.0,21,2752.520797
30.3,135,2752.854724
20.1,203,2753.361415
24.15,206,2758.947376
21.95,58,2759.093699
30.45,140,2759.445006
-3.7,323,2760.263825
30.45,128,2760.581487
33.25,120,2760.882045
34.15,74,2761.064185
34.65,108,2761.330737
22.9,71,2766.458039
5.3,231,2767.024564
5.9,3,2767.032327
24.15,170,2767.462058
15.3,15,2767.500511
19.1,207,2768.012245
-4.55,52,2768.140782
28.2,125,2768.440511
6.0,1,2768.44299
9.9,3,2768.450219
24.65,204,2773.924381
32.0,117,2774.200826
7.85,4,2774.210937
31.8,141,2774.561197
14.5,231,2775.158401
-8.9,91,2775.393392
27.5,147,2775.797105
34.3,103,2776.097244
-5.0,41,2776.216218
23.4,177,2781.527413
16.1,247,2782.102751
31.2,125,2782.41645
22.95,202,2782.91748
24.45,140,2783.286542
31.6,125,2783.625136
33.75,110,2783.917286
-2.05,2,2783.922512
26.35,142,2789.343552
19.25,216,2789.968383
30.2,133,2790.325932
27.65,148,2790.703052
34.6,101,2790.962853
9.65,8,2790.983567
33.0,109,2791.263042
-10.35,288,2796.891183
29.95,142,2797.249168
36.05,80,2797.448786
21.95,190,2797.946842
32.95,126,2798.28285
31.35,106,2798.55951
34.6,97,2798.810875
-5.3,63,2798.983809
26.55,58,2799.142035
25.55,166,2804.665344
32.35,122,2804.981639
26.2,177,2805.434617
-66.95,760,2812.360164
8.15,298,2813.081708
30.45,128,2813.41316
28.95,162,2813.827712
32.45,116,2814.126016
12.0,253,2819.977765
4.25,384,2820.945664
22.25,188,2821.426429
7.75,358,2822.351107
-119.35,800,2829.3935
6.6,389,2835.321638
-2.0,1,2835.324293
28.95,154,2835.707743
35.4,89,2835.930636
18.45,224,2836.488747
2.9,315,2837.270852
34.9,95,2837.508074
5.0,1,2837.510765
30.4,129,2843.083618
28.3,127,2843.414868
33.4,117,2843.704624
33.75,118,2843.991833
18.9,23,2844.04727
29.75,134,2844.370663
-2.0,1,2844.373172
5.95,2,2844.377807
-0.8,317,2845.157145
17.7,219,2850.829755
19.15,18,2850.873559
34.2,113,2851.148329
29.05,160,2851.523995
30.25,128,2851.831358
11.45,220,2852.386586
-2.65,406,2858.493874
-23.05,622,2860.10206
-6.1,83,2860.31484
29.5,151,2860.69836
21.8,45,2865.773856
30.4,101,2866.022026
25.9,195,2866.526202
33.65,104,2866.787398
15.55,98,2867.032857
32.0,117,2867.323712
26.25,168,2867.748076
15.05,20,2867.798749
22.5,207,2873.10427
32.65,128,2873.419937
31.9,131,2873.769075
31.05,132,2874.096525
-5.5,59,2874.243538
13.7,7,2874.260378
27.25,156,2874.63567
27.5,159,2875.012249
31.65,116,2875.289591
20.7,27,2875.354037
32.65,120,2880.47315
35.0,89,2880.714587
28.6,117,2881.030274
7.9,3,2881.038746
27.65,156,2881.446581
32.45,116,2881.833239
31.7,131,2882.172758
31.0,145,2882.531974
9.8,5,2882.5441
26.65,164,2882.958202
6.0,1,2882.960907
33.35,118,2888.118408
10.05,316,2888.89619
17.2,17,2888.937396
18.85,20,2888.986773
9.1,303,2889.749166
32.3,115,2890.038999
27.15,58,2890.178319
33.75,94,2890.406814
-128.15,800,2897.236649
33.85,104,2897.488945
22.4,29,2897.558747
31.8,125,2897.865635
35.1,91,2903.059769
15.85,208,2903.601688
30.65,116,2903.899665
31.45,116,2904.204741
31.95,126,2904.536557
35.2,85,2904.756149
17.65,32,2904.837806
-7.65,82,2905.048039
25.7,167,2905.489573
26.25,172,2910.981492
25.3,47,2911.091789
24.0,185,2911.54369
22.25,192,2912.032704
-2.55,12,2912.062321
23.25,184,2912.538742
33.8,105,2912.830802
26.8,145,2918.533673
5.0,1,2918.536418
-5.2,49,2918.655908
24.55,190,2919.104362
22.45,32,2919.182465
31.6,125,2919.488286
-17.1,415,2920.486547
13.4,13,2920.518302
28.2,153,2920.893424
17.7,215,2926.615858
31.05,136,2926.934458
30.9,111,2927.193572
33.55,102,2927.448185
32.75,114,2927.787121
34.8,101,2928.085272
23.55,162,2928.562595
5.8,305,2934.298041
24.7,179,2934.754439
19.2,213,2935.328278
28.0,165,2935.737866
29.0,57,2935.891546
6.0,1,2935.894257
32.4,117,2936.198164
20.0,213,2941.499134
32.85,100,2941.764393
-7.95,56,2941.916275
5.95,2,2941.921818
22.4,33,2942.010896
26.45,144,2942.392283
18.95,22,2942.453779
-7.9,111,2942.75672
35.2,85,2942.966256
36.15,78,2943.164322
13.4,17,2943.204954
35.0,97,2943.45045
28.8,141,2943.808146
-7.75,336,2949.560466
33.95,98,2949.792133
-3.45,350,2950.602867
31.35,122,2950.882893
5.0,1,2950.885298
25.9,167,2956.214957
31.25,112,2956.479293
30.15,138,2956.815895
11.65,8,2956.836904
24.65,168,2957.266436
11.55,10,2957.292014
29.05,148,2957.660949
-3.1,19,2957.708649
25.8,177,2958.166196
18.45,248,2963.827973
28.0,173,2964.258226
24.45,60,2964.419746
33.25,104,2964.679987
17.2,277,2965.372133
5.95,2,2965.377477
31.85,124,2965.689738
18.9,175,2966.120613
31.4,133,2971.278163
23.05,176,2971.734346
27.5,175,2972.202053
21.55,186,2972.695716
30.6,129,2973.045421
28.15,38,2973.149855
32.4,105,2973.434284
23.5,191,2978.814662
13.75,6,2978.830619
31.25,132,2979.158238
30.7,139,2979.51048
28.8,161,2979.929125
33.15,114,2980.221827
28.75,58,2980.370656
28.45,128,2980.697872
28.25,160,2981.100043
30.9,107,2986.344897
32.9,123,2986.655246
34.05,116,2986.956802
35.85,80,2987.176232
31.75,118,2987.505815
32.85,112,2987.796889
33.8,105,2988.066146
30.35,142,2988.454067
31.2,77,2988.660745
33.1,99,2988.913918
11.8,265,2994.595768
-4.5,51,2994.725619
27.6,149,2995.184029
-6.7,79,2995.382228
-47.25,682,3001.963072
25.75,158,3002.335819
25.75,198,3002.806024
20.75,26,3002.86666
5.9,3,3002.873896
29.8,97,3003.100634
32.9,111,3003.385379
9.8,5,3003.397742
30.75,126,3003.71636
27.65,160,3009.368372
26.95,134,3009.708025
24.8,153,3010.096437
25.2,173,3010.537789
8.55,314,3011.345577
7.85,4,3011.355925
30.6,129,3011.696751
26.15,134,3017.086577
-2.55,12,3017.115853
25.05,180,3017.553232
30.0,129,3017.87298
33.6,113,3018.163481
32.6,113,3018.440184
32.85,116,3018.744979
7.85,4,3018.755508
35.1,95,3019.003829
-2.15,4,3019.014065
19.85,56,3019.154797
14.85,252,3024.75698
19.2,17,3024.798194
30.7,91,3025.031547
26.1,183,3025.496217
13.2,17,3025.539603
32.85,120,3025.840253
31.7,115,3026.127281
31.25,128,3026.437764
35.7,75,3026.619137
32.25,128,3026.9333
-2.85,10,3026.958068
31.95,126,3032.318997
29.2,137,3032.647212
-126.75,800,3034.618536
17.9,99,3039.981593
-10.9,115,3040.276798
31.25,132,3040.604074
13.65,8,3040.624096
-4.55,52,3040.752258
16.2,221,3041.34234
29.45,140,3041.730702
35.3,83,3041.962614
33.6,101,3042.243927
25.05,176,3048.06704
21.2,17,3048.105137
31.75,134,3048.397523
-11.8,93,3048.608015
34.5,103,3048.836549
18.75,26,3048.895327
-6.7,59,3049.028269
32.9,123,3049.304623
3.9,327,3050.047624
32.05,120,3055.249016
33.35,94,3055.468321
30.2,137,3055.827319
-11.6,133,3056.178937
23.35,210,3056.713981
30.75,122,3057.02823
31.7,127,3057.349757
30.4,145,3062.781519
-7.35,80,3062.988756
29.35,146,3063.366059
-5.75,52,3063.499872
26.15,38,3063.595982
27.45,164,3064.014189
23.85,64,3064.180196
28.4,149,3064.563071
19.65,72,3064.750513
18.65,28,3064.827457
32.3,127,3065.159462
17.1,19,3065.209059
30.7,127,3070.532531
27.45,148,3070.908993
9.6,9,3070.932187
29.05,128,3071.25668
14.3,263,3071.919819
25.0,165,3072.34278
24.55,58,3072.489635
-4.8,57,3072.631267
22.25,188,3078.147778
31.95,122,3078.462691
-28.8,429,3079.540859
24.4,197,3080.056415
23.75,210,3080.598267
12.55,18,3080.642902
20.3,207,3086.153863
27.95,142,3086.549129
27.55,50,3086.680889
8.95,206,3087.210916
29.95,118,3087.508105
15.4,13,3087.541608
34.3,107,3087.814662
-12.45,470,3093.639809
28.9,151,3093.992842
34.7,103,3094.236177
34.3,95,3094.472239
27.1,167,3094.892996
24.75,182,3095.348694
33.05,112,3100.623892
36.35,70,3100.811496
33.15,114,3101.130222
29.15,142,3101.517096
22.65,28,3101.595526
24.75,186,3102.110867
26.95,158,3102.528594
30.5,127,3102.849189
13.6,9,3102.871874
30.95,126,3103.195034
33.3,103,3108.631886
-5.85,78,3108.836292
33.8,109,3109.110281
20.1,35,3109.199017
-29.05,130,3109.531492
24.85,164,3109.934663
22.8,169,3110.356239
15.45,12,3110.38613
19.45,228,3115.773433
-5.75,72,3115.95612
24.05,176,3116.397487
34.6,97,3116.638971
33.4,113,3116.926017
27.45,84,3117.137196
35.65,84,3117.350337
35.55,86,3117.570102
32.8,129,3117.896697
29.9,135,3118.232866
21.65,224,3123.710377
30.55,138,3124.05701
28.2,145,3124.416415
-7.05,458,3125.610606
-5.45,38,3125.707042
31.2,133,3130.835958
-2.0,1,3130.838469
-6.05,66,3131.006415
36.15,74,3131.192919
-2.0,1,3131.195413
31.5,131,3131.517389
-5.2,41,3131.615845
34.75,90,3131.838834
32.2,97,3132.080107
-7.2,369,3133.001776
34.85,96,3138.192651
32.6,113,3138.458392
23.15,202,3138.955843
5.9,3,3138.963698
33.25,108,3139.230744
-5.05,62,3139.389711
35.45,76,3139.585571
12.75,246,3140.197799
25.0,153,3140.585425
-7.95,84,3145.69321
33.95,106,3145.955277
28.35,138,3146.30425
-3.65,34,3146.387369
31.65,116,3146.67799
33.65,108,3146.946281
31.2,125,3147.261714
12.7,15,3147.300773
10.15,226,3147.869401
28.15,142,3153.061418
33.9,95,3153.293656
32.15,130,3153.617273
-8.65,114,3153.916432
1.05,276,3154.608087
6.0,1,3154.610708
23.05,172,3155.041264
32.7,119,3155.33872
33.05,100,3160.671626
-2.0,1,3160.674369
30.65,140,3161.042444
31.2,145,3161.421538
9.85,4,3161.433227
25.55,174,3161.893398
11.4,13,3161.924865
-3.6,281,3162.637125
35.9,79,3162.826827
29.15,146,3163.190252
25.4,173,3169.317261
35.5,91,3169.50645
32.0,129,3169.788576
33.5,123,3170.072055
18.65,20,3170.119028
27.1,143,3170.449111
18.05,224,3170.99225
31.2,125,3171.295905
15.5,27,3171.36337
33.3,115,3176.63455
30.15,130,3176.972123
32.9,115,3177.265812
32.75,110,3177.55156
-8.7,275,3178.267336
27.65,80,3178.479187
31.5,131,3178.847442
-5.75,68,3179.07751
11.9,3,3179.087537
26.8,169,3184.347594
18.85,24,3184.413363
33.2,117,3184.721658
-2.0,1,3184.725467
35.0,97,3184.988133
31.95,110,3185.280992
27.75,154,3185.66744
-38.35,464,3191.763466
35.6,85,3191.982483
-53.8,589,3193.495803
18.95,214,3194.046043
15.25,16,3194.08955
-3.2,405,3200.202449
29.9,123,3200.504941
33.25,108,3200.772117
-2.3,7,3200.789383
29.45,132,3201.111339
36.8,61,3201.264488
24.75,198,3201.768043
33.95,102,3207.08145
28.75,98,3207.314666
-10.9,99,3207.549983
20.8,25,3207.609878
29.75,150,3207.966708
32.4,125,3208.264828
34.05,104,3208.503811
33.55,110,3208.747333
35.4,89,3208.953096
29.05,160,3214.245287
35.7,79,3214.442733
34.0,93,3214.670639
29.55,150,3215.041105
35.75,82,3215.238773
-4.4,49,3215.357846
7.9,3,3215.365605
30.9,123,3215.678413
7.75,6,3215.693676
32.3,119,3215.993223
34.0,93,3216.225825
31.7,127,3216.546895
26.2,177,3221.955129
13.5,11,3221.982959
-9.2,125,3222.295908
34.3,99,3222.537556
6.0,1,3222.540309
-1.5,371,3223.495329
25.05,60,3223.642104
32.75,114,3223.92033
32.6,137,3229.34211
15.4,221,3229.860865
-17.15,340,3230.697932
35.15,98,3230.947533
9.85,4,3230.957661
23.7,35,3231.041785
15.4,13,3231.073318
27.95,154,3231.46373
28.05,144,3231.822355
23.8,185,3237.205467
21.05,212,3237.737118
33.2,113,3238.056836
5.0,1,3238.059571
33.1,115,3238.363648
34.15,98,3238.620978
23.4,65,3238.791571
-13.15,292,3244.492675
19.25,16,3244.530848
-9.2,109,3244.796728
30.35,126,3245.099743
17.0,21,3245.149998
32.05,116,3245.423723
26.1,167,3245.823497
29.3,147,3246.189934
32.9,107,3246.456151
5.0,1,3246.45903
30.85,140,3246.803159
27.25,56,3251.718078
25.95,166,3252.105194
26.2,181,3252.530782
22.3,199,3253.021369
30.2,145,3253.385767
35.4,89,3253.609635
-11.5,83,3253.813097
35.3,79,3254.017011
33.75,110,3259.273571
11.75,6,3259.288304
34.4,97,3259.534031
29.95,130,3259.861005
34.55,66,3260.019521
34.55,90,3260.246417
11.55,10,3260.271669
28.1,163,3260.680193
21.0,185,3261.137482
31.1,119,3261.446736
16.95,18,3261.499699
26.7,163,3266.733502
-3.6,25,3266.796841
10.8,237,3267.386914
-2.0,1,3267.38941
20.2,37,3267.477525
30.95,158,3267.862859
32.1,119,3268.155876
18.55,190,3268.621137
32.85,104,3268.885229
8.0,1,3268.888056
22.95,174,3274.084409
25.35,174,3274.515077
16.7,27,3274.582939
29.4,153,3274.957276
9.8,5,3274.969874
33.55,118,3275.255938
-7.65,414,3276.216
21.45,44,3281.190053
32.8,125,3281.505409
30.35,146,3281.875273
15.1,19,3281.924316
17.25,16,3281.965493
33.85,100,3282.222595
34.25,104,3282.487118
34.0,101,3282.755244
9.9,3,3282.763118
35.9,71,3282.948014
21.0,21,3283.006517
29.55,126,3283.352487
15.7,7,3283.371337
29.8,149,3283.762026
13.15,18,3283.805913
17.8,229,3289.224953
15.65,8,3289.248546
28.5,159,3289.692727
27.0,141,3290.056596
25.9,163,3290.497279
13.5,11,3290.525697
20.5,31,3290.606055
35.0,89,3290.845962
-9.1,59,3291.067027
30.8,149,3296.266389
34.5,99,3296.520226
28.85,160,3296.962029
-2.0,1,3296.964704
29.65,132,3297.289952
27.3,147,3297.662152
25.55,46,3297.778991
29.5,139,3298.12879
5.0,1,3298.131436
26.8,57,3298.271525
-4.6,37,3298.366923
11.8,5,3298.379678
10.0,1,3298.382384
30.95,134,3298.724095
33.35,118,3303.809062
35.5,75,3304.007995
30.2,149,3304.382456
27.2,145,3304.758955
6.0,1,3304.761781
32.45,116,3305.060354
35.5,83,3305.269611
33.9,103,3305.531949
11.65,8,3305.551403
32.85,92,3305.775008
35.1,95,3306.035308
33.15,110,3311.295809
17.15,126,3311.607079
17.25,204,3312.12636
23.45,188,3312.605352
30.75,130,3312.940655
5.0,1,3312.943276
24.1,63,3313.103465
9.6,9,3313.12642
5.95,2,3313.131541
34.5,95,3313.377208
25.15,138,3313.728832
-5.0,53,3318.762479
34.55,94,3318.999086
19.8,205,3319.516283
31.3,127,3319.829254
21.0,21,3319.880157
30.8,133,3320.211772
20.7,231,3320.788449
26.2,37,3320.883178
30.05,148,3321.249695
-10.2,77,3326.341577
-6.75,68,3326.514049
30.9,111,3326.793459
23.4,65,3326.957842
9.65,8,3326.977873
31.3,131,3327.307128
24.1,175,3327.749955
20.95,18,3327.795587
15.35,14,3327.831138
28.45,160,3328.235691
31.5,99,3328.475763
-2.0,1,3328.47824
31.75,114,3333.543768
15.65,212,3334.07283
13.55,10,3334.098415
4.5,283,3334.804238
4.45,284,3335.492871
31.45,112,3335.753274
29.1,151,3341.28901
34.7,95,3341.539062
-2.5,11,3341.568207
34.25,104,3341.834549
-2.0,1,3341.837101
24.95,50,3341.974296
9.7,7,3341.993116
22.6,29,3342.074028
33.2,105,3342.348454
10.6,265,3343.034786
33.0,113,3343.328131
26.4,157,3343.755816
23.15,74,3348.979941
25.45,72,3349.164216
33.05,116,3349.461661
10.65,276,3350.161044
29.05,60,3350.312772
33.95,86,3350.530029
10.8,225,3351.084285
25.55,178,3356.575929
31.7,111,3356.860554
31.4,133,3357.226666
35.15,98,3357.493047
34.15,94,3357.746868
-3.9,39,3357.851219
4.35,290,3358.658151
-10.95,116,3359.001363
33.6,109,3359.302655
23.5,43,3364.638277
-5.5,71,3364.805976
26.75,178,3365.237987
34.9,99,3365.479587
31.45,112,3365.763363
32.9,123,3366.064825
-5.65,74,3366.242847
-8.6,113,3366.516135
34.1,99,3366.753175
15.4,221,3372.315883
20.3,35,3372.408399
25.75,46,3372.53276
7.75,6,3372.549712
27.05,160,3372.967703
34.65,96,3373.2185
26.0,129,3373.54726
29.2,145,3373.928292
27.6,49,3374.072466
28.9,147,3374.488967
34.75,82,3374.709179
23.65,192,3380.140559
29.75,134,3380.472753
11.45,236,3381.03428
30.8,121,3381.315404
-2.0,1,3381.317787
16.8,217,3381.866614
35.35,82,3382.074234
6.0,1,3382.076884
11.85,212,3387.591063
35.15,90,3387.817189
32.5,119,3388.127417
29.8,153,3388.528943
2.05,368,3389.482792
27.0,161,3389.877998
30.85,124,3394.795874
33.1,119,3395.09548
32.95,102,3395.352341
22.95,22,3395.408115
30.85,132,3395.751474
11.6,9,3395.775877
-2.5,291,3396.526214
-6.6,89,3396.748904
21.95,214,3402.200338
19.8,57,3402.343385
30.7,123,3402.64655
33.95,118,3402.947642
29.7,123,3403.255813
30.95,122,3403.570529
34.05,116,3403.858813
-16.15,380,3409.720652
29.15,146,3410.073179
15.4,13,3410.104609
20.25,180,3410.549868
33.1,119,3410.843554
16.8,25,3410.905169
21.05,192,3411.373145
9.65,20,3411.421863
30.05,140,3411.761365
31.8,113,3416.850247
14.35,250,3417.550325
-2.7,371,3418.531842
33.35,102,3418.804491
-18.35,152,3419.202712
10.3,51,3419.340185
27.0,161,3424.764836
30.7,139,3425.108281
29.2,141,3425.450122
30.7,143,3425.799408
22.2,113,3426.098977
32.35,110,3426.399193
-5.6,49,3426.552866
31.55,142,3426.986849
28.7,159,3432.372105
5.85,304,3433.225287
-48.7,519,3434.621799
28.2,161,3440.049607
35.35,82,3440.240814
33.2,105,3440.490685
32.7,115,3440.76211
31.0,133,3441.098441
-8.1,59,3441.244329
12.6,285,3441.941449
24.4,177,3442.380953
21.1,203,3447.859379
13.5,11,3447.887347
34.9,99,3448.139482
33.65,112,3448.415459
25.6,181,3448.831774
-5.75,76,3449.01043
31.9,119,3449.295979
32.6,121,3449.581246
31.95,114,3449.852858
30.8,117,3455.023193
28.3,155,3455.417651
-7.65,78,3455.619571
19.0,237,3456.204563
35.1,91,3456.426832
10.4,233,3456.975208
33.7,115,3457.256119
28.55,150,3462.431838
32.7,123,3462.72614
30.15,146,3463.094345
34.25,104,3463.362824
11.8,5,3463.375738
27.4,165,3463.782934
31.15,130,3464.092577
32.65,124,3464.391658
32.8,109,3464.664481
28.7,139,3470.193218
23.55,42,3470.294129
19.15,230,3470.839227
31.1,135,3471.159132
-3.1,23,3471.213261
31.2,85,3471.407597
28.5,135,3471.720379
28.8,57,3471.861033
7.9,3,3471.868761
29.5,131,3472.190315
28.65,140,3477.474682
9.65,8,3477.493948
34.95,82,3477.690184
31.25,128,3477.999041
21.05,148,3478.369545
-10.1,111,3478.648913
13.6,9,3478.671924
22.2,37,3478.764078
13.45,12,3478.794325
31.55,118,3479.086593
35.1,91,3479.315715
31.9,119,3479.618465
30.8,145,3484.891105
35.4,77,3485.08439
27.35,170,3485.495513
13.95,242,3486.05469
33.05,120,3486.337967
36.95,62,3486.514001
5.95,2,3486.520554
33.4,125,3486.874414
28.65,132,3487.229179
30.05,132,3492.240598
20.9,215,3492.779828
25.75,170,3493.240599
-3.15,24,3493.303737
28.15,166,3493.714943
5.95,2,3493.719815
7.9,3,3493.727429
21.3,15,3493.765261
29.15,134,3494.114875
3.1,243,3499.695423
27.3,151,3500.086698
34.5,103,3500.357884
31.2,137,3500.716071
31.75,110,3501.014045
31.25,132,3501.365948
29.3,51,3501.512497
7.05,308,3506.994362
3.85,304,3507.806852
16.4,253,3508.802456
23.65,48,3508.946851
33.45,108,3509.218971
26.4,181,3509.661018
35.85,80,3509.856827
-2.0,1,3509.859212
32.6,109,3514.596579
30.0,145,3514.961458
33.0,121,3515.281768
32.2,125,3515.608613
25.95,138,3515.964617
28.75,146,3516.370203
22.45,204,3516.931287
20.2,37,3517.029693
36.6,61,3522.191068
24.45,32,3522.271706
22.0,41,3522.372638
29.4,137,3522.714684
28.9,151,3523.089583
31.85,132,3523.41858
4.5,275,3524.10027
32.35,126,3524.416234
31.55,134,3529.714071
13.55,10,3529.736545
32.3,75,3529.915045
33.05,120,3530.211123
27.6,101,3530.46397
23.7,187,3530.932302
19.55,206,3531.453948
34.95,94,3531.683822
28.55,130,3531.99793
32.95,118,3537.025759
28.55,166,3537.403309
34.3,103,3537.639904
33.5,123,3537.925146
36.5,63,3538.074088
34.8,85,3538.280106
34.35,106,3538.531755
-12.7,71,3538.700042
-6.65,58,3538.83597
32.65,132,3539.160494
32.2,113,3544.311305
32.65,116,3544.603585
22.8,193,3545.082904
-2.0,1,3545.085378
33.15,110,3545.356546
32.2,137,3545.715564
34.3,103,3545.983417
13.25,16,3546.025044
23.1,187,3546.494859
16.75,186,3551.977583
23.35,54,3552.114592
34.75,90,3552.349636
23.75,186,3552.825191
5.0,1,3552.827721
15.25,16,3552.868629
-2.0,1,3552.87118
-3.1,23,3552.933777
18.3,223,3553.507635
33.2,109,3553.774975
31.7,127,3554.084788
34.65,92,3554.287543
28.05,156,3559.217032
30.4,129,3559.522313
33.95,110,3559.777104
34.6,93,3559.994513
33.9,95,3560.213787
34.9,103,3560.450426
33.3,111,3560.732893
35.1,95,3560.984032
21.85,176,3566.401865
28.3,159,3566.817716
28.05,152,3567.229511
34.45,88,3567.450732
33.6,121,3567.749792
30.05,128,3568.091932
33.15,118,3568.407272
21.15,226,3568.976035
31.8,137,3574.15247
31.7,115,3574.428027
7.95,2,3574.432991
34.0,113,3574.700782
32.6,117,3574.972961
30.2,145,3575.31242
17.15,18,3575.354932
28.35,146,3575.69699
5.95,2,3575.702174
30.2,149,3576.079346
35.9,55,3576.221402
25.45,184,3581.665392
21.4,205,3582.18252
32.65,112,3582.465091
13.15,18,3582.510669
34.2,109,3582.777129
34.85,92,3583.008566
29.1,163,3583.419588
26.35,34,3583.505496
25.45,172,3588.762944
27.05,156,3589.120394
26.85,164,3589.508099
33.55,102,3589.742726
7.8,5,3589.75477
33.6,109,3590.022625
27.95,170,3590.461428
29.8,141,3590.846509
31.2,129,3591.195168
29.75,130,3596.407233
32.8,125,3596.710726
32.15,110,3596.986439
29.15,158,3597.389185
28.6,149,3597.76851
-6.4,85,3597.982733
6.0,1,3597.98544
20.6,29,3598.061284
15.15,18,3598.106854
26.2,145,3598.463195
34.35,98,3604.038037
19.15,222,3604.598311
-13.05,118,3604.894291
34.95,94,3605.111605
17.35,14,3605.145504
15.85,220,3605.715564
-3.15,20,3605.768482
32.2,141,3606.126989
32.35,122,3606.430088
17.35,14,3606.465028
34.3,99,3611.48906
25.65,184,3611.952184
5.95,2,3611.957325
27.35,154,3612.346991
-14.35,108,3612.620522
25.05,176,3613.054147
34.8,101,3613.310674
20.6,29,3613.38363
22.2,193,3613.872568
30.6,117,3618.98319
25.05,140,3619.315038
18.95,18,3619.358371
-3.45,30,3619.430344
36.15,78,3619.612241
-9.15,100,3619.855811
30.5,115,3620.145418
22.75,26,3620.208904
-2.45,10,3620.233175
28.6,161,3620.630808
-0.8,413,3626.450052
36.15,74,3626.635646
-6.85,422,3627.689816
33.4,109,3627.970065
17.75,198,3628.492207
22.2,69,3628.682694
32.6,105,3634.215435
9.75,274,3634.920591
20.5,55,3635.07092
31.9,99,3635.336378
-6.4,81,3635.549929
31.7,135,3635.904433
11.15,10,3635.931396
33.8,113,3636.218151
29.05,152,3636.612923
9.75,6,3641.562158
33.15,118,3641.874122
-2.25,6,3641.889994
30.15,134,3642.242799
21.95,198,3642.761511
2.7,303,3643.607708
13.55,10,3643.635928
8.0,1,3643.638785
6.0,1,3643.641644
15.75,242,3644.292597
-7.75,88,3649.562133
21.7,35,3649.654969
11.65,8,3649.676373
11.8,5,3649.689662
32.6,105,3649.961826
22.15,154,3650.357538
30.25,152,3650.75811
13.35,14,3650.795539
34.8,101,3651.05726
30.5,111,3651.342506
25.75,198,3651.852101
6.0,1,3651.854662
9.8,5,3651.867399
29.35,142,3657.526304
24.95,166,3657.945372
-0.85,318,3658.78227
34.4,81,3658.980271
-4.6,49,3659.102113
29.8,141,3659.464936
22.3,35,3659.554503
31.9,131,3659.895008
34.7,87,3665.103947
30.0,137,3665.4754
29.95,138,3665.852623
30.0,145,3666.253431
31.9,119,3666.590904
-6.25,82,3666.83173
5.9,3,3666.840445
24.95,182,3667.338451
34.3,107,3667.63067
18.8,21,3667.686558
33.1,107,3673.168945
24.4,153,3673.539835
-2.0,1,3673.542342
35.3,95,3673.779851
15.35,238,3674.400918
-10.1,211,3674.948068
34.05,104,3675.230746
-9.1,111,3675.528455
35.8,73,3680.76916
28.4,133,3681.113964
32.35,126,3681.443022
11.85,4,3681.45356
34.8,89,3681.680544
26.85,184,3682.157596
21.85,180,3682.624025
35.1,95,3682.857671
26.4,69,3683.030297
26.7,27,3683.096351
34.05,108,3688.439411
33.85,112,3688.729768
23.55,50,3688.859465
-4.55,52,3688.981971
34.6,105,3689.23762
33.2,121,3689.52836
25.6,169,3689.926265
24.4,33,3690.010877
-5.75,76,3690.206727
30.25,144,3690.564384
34.25,100,3690.813274
26.9,147,3695.746527
23.95,42,3695.853207
35.7,79,3696.071069
35.15,78,3696.266996
35.55,86,3696.484769
33.7,103,3696.74326
19.15,230,3697.332659
28.0,169,3697.790117
33.15,110,3702.887281
8.0,1,3702.8896
34.85,100,3703.127798
31.05,148,3703.483752
30.15,134,3703.806152
27.1,155,3704.188065
27.55,158,3704.58544
31.35,122,3704.901663
29.45,132,3705.242263
-4.8,53,3705.376533
9.9,3,3705.384207
22.45,32,3710.390678
32.7,115,3710.652136
34.95,98,3710.884092
33.35,118,3711.162511
33.05,104,3711.404925
-3.4,425,3712.473366
22.4,33,3712.55546
31.45,136,3717.800739
34.8,85,3718.014032
31.0,137,3718.350152
32.0,133,3718.678791
32.8,121,3718.987376
33.75,114,3719.274391
16.1,31,3719.351416
33.15,98,3719.593274
33.85,108,3719.861689
16.35,18,3719.906538
19.15,18,3719.950407
13.85,212,3725.296796
32.65,116,3725.588529
36.45,72,3725.770599
34.7,95,3726.006459
11.8,5,3726.019185
-7.55,84,3726.230098
32.3,123,3726.540543
22.4,33,3726.622709
29.15,138,3726.977855
30.4,161,3727.387986
13.6,9,3727.411641
28.95,82,3727.619144
13.5,11,3727.647563
30.75,138,3733.043854
7.75,6,3733.058464
7.9,3,3733.065981
24.45,192,3733.530283
33.4,101,3733.774446
-6.7,91,3733.995906
16.75,222,3734.55147
27.5,167,3734.964735
30.75,134,3740.013186
34.05,96,3740.240195
29.2,153,3740.632638
22.2,33,3740.716518
11.85,4,3740.727231
34.1,103,3741.004915
31.85,132,3741.357005
31.7,119,3741.660029
32.25,120,3741.953844
-6.85,70,3742.121248
33.7,103,3742.374971
23.95,38,3742.470399
33.5,95,3747.676903
15.35,14,3747.710532
17.0,21,3747.761245
32.4,121,3748.061446
32.05,112,3748.332484
25.15,46,3748.453432
17.0,21,3748.508777
35.5,87,3748.742058
25.35,182,3749.230439
29.7,143,3749.604082
-6.75,84,3749.823269
33.7,103,3750.090024
5.95,2,3750.095589
1.1,367,3755.82822
-2.0,1,3755.830914
22.65,24,3755.891893
23.1,51,3756.023071
34.7,95,3756.268346
29.45,152,3756.744582
29.65,120,3757.115808
22.55,30,3757.196916
27.7,163,3757.623857
35.3,91,3763.195838
24.95,190,3763.711322
35.95,74,3763.908885
34.15,90,3764.141405
16.95,22,3764.198463
13.6,9,3764.221919
33.7,111,3764.52968
6.0,1,3764.532524
33.75,98,3764.781714
31.2,141,3765.195019
28.65,148,3765.57423
34.75,102,3765.829483
27.7,171,3771.22147
27.1,151,3771.614244
-3.5,27,3771.684548
33.55,122,3772.003222
9.9,203,3772.518858
24.6,165,3772.901357
25.65,64,3773.061985
19.0,21,3773.116955
22.3,183,3778.571089
31.4,125,3778.90227
34.45,88,3779.129025
18.8,25,3779.194044
20.25,36,3779.288016
33.6,109,3779.564491
32.7,107,3779.840388
30.95,138,3780.189974
35.8,81,3780.399629
11.45,256,3786.093864
16.2,233,3786.69925
7.9,3,3786.707056
17.05,20,3786.758999
35.8,77,3786.955825
-21.45,134,3787.292897
-12.85,126,3787.639856
23.45,184,3788.106667
30.95,114,3788.393341
30.35,134,3793.690144
-15.65,150,3794.072776
30.8,125,3794.396772
31.6,141,3794.761194
-2.0,1,3794.763771
18.6,197,3795.270917
28.6,157,3795.67598
33.55,106,3795.950945
35.2,89,3796.182031
26.15,150,3801.612168
35.6,89,3801.842566
24.75,194,3802.285641
13.55,10,3802.310391
14.95,22,3802.363697
20.95,46,3802.474201
29.55,138,3802.806492
33.05,60,3802.962653
33.95,122,3803.282476
13.05,312,3809.152353
31.2,141,3809.511417
33.9,99,3809.76108
33.9,103,3810.0272
33.7,103,3810.292467
32.75,110,3810.571601
36.05,80,3810.7749
32.5,99,3811.032477
34.05,108,3811.300151
15.2,17,3811.34139
-6.55,64,3811.492105
36.6,69,3816.655203
19.85,32,3816.736379
30.35,126,3817.057643
31.3,139,3817.424017
-9.35,104,3817.693886
27.8,161,3818.106277
33.6,121,3818.418736
32.15,118,3818.719282
32.8,117,3819.015384
25.05,76,3824.360994
30.65,140,3824.723653
29.15,154,3825.117841
33.2,113,3825.413234
35.05,100,3825.663344
-9.55,124,3825.992275
-2.3,7,3826.01057
20.2,37,3826.107738
13.6,9,3826.131351
33.25,88,3826.35729
29.4,145,3826.722228
18.45,208,3832.406698
31.5,127,3832.740229
33.15,94,3832.933102
31.55,138,3833.218579
24.05,40,3833.300559
31.85,132,3833.575704
-21.1,147,3833.883144
29.55,130,3834.176836
22.0,37,3834.261337
23.4,185,3839.452266
28.9,143,3839.795357
22.45,32,3839.870616
7.15,278,3840.531797
35.35,78,3840.722076
28.45,132,3841.056522
32.15,126,3841.372004
30.45,144,3846.811738
22.6,29,3846.884134
-4.8,49,3847.008589
6.0,1,3847.011297
26.4,173,3847.45879
29.8,133,3847.798377
33.3,111,3848.084074
32.5,135,3848.426969
25.75,202,3848.938071
31.55,114,3849.229207
31.95,130,3854.438043
23.05,172,3854.843102
33.2,113,3855.11127
20.3,31,3855.184489
36.2,69,3855.346535
35.7,79,3855.532585
29.15,146,3855.900313
24.6,173,3856.329965
20.1,39,3856.42935
-4.3,47,3856.546762
31.65,128,3861.712566
26.45,168,3862.125936
15.4,249,3862.736764
21.3,35,3862.819902
31.85,108,3863.081782
-5.3,59,3863.231353
9.85,4,3863.241489
29.95,130,3863.573617
33.8,105,3863.837189
32.1,39,3863.934744
21.65,208,3869.392776
31.85,120,3869.692225
21.65,192,3870.169242
25.6,185,3870.605463
32.9,95,3870.825912
9.8,5,3870.837648
17.55,10,3870.860321
-13.95,136,3871.179195
18.9,231,3876.513309
32.45,96,3876.753021
34.3,107,3877.012693
-2.0,1,3877.015329
18.25,32,3877.096896
22.35,34,3877.183138
27.7,147,3877.539366
-11.55,92,3877.753096
34.55,98,3877.987725
30.2,109,3878.263967
-2.35,8,3878.28374
7.75,6,3878.299213
33.85,116,3878.600771
7.85,4,3878.611759
-2.0,1,3878.614575
17.85,240,3884.00809
21.4,217,3884.521457
35.35,86,3884.715328
5.0,1,3884.717794
32.25,108,3884.969171
21.6,189,3885.506196
24.25,192,3886.040975
29.65,120,3891.371969
35.75,78,3891.556948
32.3,135,3891.874268
29.05,120,3892.153453
33.05,112,3892.420479
5.0,1,3892.422978
30.85,144,3892.759
35.8,81,3892.948745
25.45,176,3893.376526
27.75,150,3898.544542
13.45,12,3898.571822
17.05,20,3898.617564
35.15,98,3898.847657
20.5,31,3898.921574
24.6,153,3899.301611
-6.75,68,3899.466139
27.35,134,3899.799429
34.2,109,3900.070244
30.15,134,3900.403246
33.15,118,3900.705932
17.35,238,3906.348866
11.75,6,3906.36396
30.0,137,3906.705574
-2.85,18,3906.751793
-2.85,18,3906.79715
34.55,98,3907.044676
31.95,110,3907.321013
9.8,5,3907.333559
34.25,88,3907.551128
34.7,87,3907.772525
29.6,137,3908.11717
-12.8,329,3913.72065
29.7,151,3914.099242
9.65,8,3914.118902
31.75,118,3914.413399
32.1,119,3914.713551
35.6,89,3914.940429
23.55,206,3915.451245
33.55,118,3915.73068
22.55,190,3920.943241
1.05,268,3921.591189
-7.05,82,3921.789901
19.75,170,3922.202645
29.6,153,3922.579825
36.2,77,3922.773664
30.05,124,3923.0796
33.65,112,3928.241858
32.55,122,3928.526464
33.3,107,3928.782602
-3.3,275,3929.46022
-11.55,96,3929.700279
28.9,159,3930.096485
34.2,89,3930.316146
20.1,31,3930.394881
32.95,106,3935.615739
32.65,120,3935.914576
36.05,76,3936.099554
32.6,117,3936.398015
33.7,115,3936.685066
34.5,103,3936.938792
28.35,142,3937.28035
13.7,7,3937.297095
20.6,29,3937.36391
-9.75,104,3937.607982
34.35,98,3937.841345
34.05,104,3943.017603
21.4,165,3943.4275
32.85,124,3943.731464
35.15,86,3943.951522
25.3,191,3944.462521
33.6,113,3944.749457
6.25,284,3945.546211
30.95,134,3950.538309
30.55,130,3950.862238
32.95,122,3951.221451
33.55,94,3951.463592
31.3,127,3951.780233
13.75,6,3951.794779
33.7,111,3952.068001
11.9,3,3952.075743
35.25,84,3952.289637
8.1,299,3958.028287
34.45,104,3958.283307
18.5,31,3958.360826
34.4,105,3958.622898
32.95,114,3958.906528
31.5,123,3959.218693
17.65,8,3959.239178
13.7,235,3959.835332
32.55,110,3960.108781
32.35,138,3960.456416
-5.75,60,3965.675202
13.6,9,3965.698308
18.25,44,3965.806678
32.1,123,3966.120307
33.8,109,3966.389201
11.55,10,3966.413419
19.8,221,3967.0112
17.2,17,3967.057464
35.55,82,3967.273254
28.2,161,3967.691242
-15.15,316,3973.438694
32.95,118,3973.711828
31.5,119,3973.998495
28.1,155,3974.36751
34.4,97,3974.586235
33.4,125,3974.891986
17.1,19,3974.940887
31.65,104,3975.201111
25.5,171,3975.618472
21.05,36,3980.537938
-11.2,129,3980.842537
34.85,96,3981.071673
35.45,92,3981.290515
35.3,95,3981.509071
11.55,10,3981.533407
20.6,29,3981.607159
34.4,105,3981.870742
-13.45,166,3982.28027
34.55,78,3982.473418
31.8,125,3982.783019
30.95,126,3988.221953
29.1,151,3988.594649
29.1,147,3988.953946
18.25,28,3989.028073
13.25,252,3989.660893
32.0,133,3990.012849
25.7,195,3990.511525
32.05,128,3995.762577
23.6,157,3996.176658
33.5,103,3996.448112
31.9,123,3996.764678
19.5,195,3997.266266
30.5,131,3997.621594
26.65,84,3997.849003
34.8,101,3998.134134
34.65,92,4003.497988
25.6,177,4003.948845
20.4,185,4004.415128
32.15,122,4004.736393
34.2,105,4005.012684
32.0,105,4005.293303
-7.55,84,4005.519011
34.2,105,4005.793104
27.8,153,4011.248234
20.85,24,4011.310275
15.35,262,4011.984888
32.7,123,4012.307358
2.3,315,4013.124872
35.4,77,4013.323717
30.05,148,4013.713928
17.35,14,4013.750397
29.2,145,4019.145645
18.85,24,4019.209618
35.15,94,4019.457194
33.25,116,4019.766209
32.7,99,4020.039472
-24.25,222,4020.621384
28.9,159,4021.037329
28.75,150,4021.438845
30.45,140,4026.613089
32.7,111,4026.902376
27.9,39,4027.001483
7.95,2,4027.006614
31.35,130,4027.327735
-6.25,78,4027.521315
11.7,7,4027.539102
-7.7,99,4027.787758
15.45,12,4027.817126
32.85,120,4028.109274
15.0,21,4028.159462
5.9,3,4028.166701
15.45,240,4028.74374
11.5,251,4034.085024
20.8,25,4034.14496
31.25,116,4034.423604
30.15,146,4034.778143
26.45,144,4035.138364
28.35,146,4035.505187
30.85,144,4035.864161
20.35,202,4041.289613
-10.0,349,4042.171662
3.05,276,4042.869761
33.0,117,4043.165992
26.85,176,4043.607824
35.7,79,4048.745486
26.75,162,4049.155162
33.45,112,4049.439191
35.15,90,4049.667078
29.0,113,4049.945067
34.45,100,4050.197383
33.1,107,4050.460279
19.35,14,4050.495168
33.85,100,4050.74993
27.3,151,4051.134094
33.05,112,4056.161502
18.95,22,4056.214839
35.75,78,4056.411727
34.5,107,4056.685189
33.25,100,4056.935657
17.5,11,4056.963538
34.05,88,4057.182463
16.35,214,4057.727974
32.3,127,4058.072123
27.3,55,4058.216615
36.75,66,4058.39343
31.0,125,4063.60756
20.05,168,4064.022369
34.45,108,4064.29242
35.9,83,4064.489033
29.05,152,4064.856957
34.2,101,4065.105812
29.0,53,4065.24341
28.25,156,4065.653503
35.95,82,4065.855711
30.8,137,4071.141437
-3.2,13,4071.173076
8.0,1,4071.175581
29.65,132,4071.501009
9.95,2,4071.506079
-5.15,320,4072.31673
8.95,258,4072.969847
23.9,175,4073.413822
-18.2,405,4079.230524
31.85,136,4079.576169
6.0,1,4079.578856
-18.8,153,4079.968971
34.85,96,4080.20997
-2.15,4,4080.219779
30.3,139,4080.575843
16.3,251,4086.15995
15.25,200,4086.659277
27.55,186,4087.131497
33.3,111,4087.40529
27.1,19,4087.453644
23.05,48,4087.573698
26.35,150,4087.959437
35.2,97,4088.229627
-17.65,386,4094.297594
28.75,146,4094.663488
34.85,88,4094.889006
28.05,132,4095.218393
33.1,127,4095.544744
9.6,285,4101.061326
22.15,214,4101.602609
26.55,138,4101.956832
32.1,127,4102.276831
30.65,144,4102.65024
32.1,115,4102.944375
29.5,131,4103.283086
35.6,85,4103.505281
32.6,129,4108.829857
34.6,97,4109.08295
20.55,182,4109.549234
34.95,86,4109.765458
31.25,132,4110.102712
15.7,7,4110.120795
20.85,192,4110.603465
33.45,104,4110.866738
35.15,98,4111.119403
18.95,22,4116.151987
28.7,155,4116.527688
6.0,1,4116.53036
28.15,142,4116.88288
34.65,108,4117.152138
27.55,154,4117.549797
31.7,123,4117.867385
31.25,140,4118.228584
27.95,138,4118.585949
5.95,2,4118.591154
-2.0,1,4118.593699
15.5,11,4118.622788
25.45,52,4123.73969
13.35,14,4123.773877
29.15,154,4124.143138
23.9,191,4124.631513
23.8,65,4124.795173
25.95,186,4125.276421
32.85,104,4125.637019
6.0,1,4125.640679
26.4,153,4126.05813
34.95,94,4126.29336
29.75,146,4131.543213
18.9,23,4131.596227
32.95,114,4131.873968
-3.75,36,4131.960541
35.25,76,4132.145394
13.55,10,4132.169541
32.35,122,4132.478682
-23.5,423,4133.565155
31.55,130,4138.854855
34.55,102,4139.117577
31.5,123,4139.452343
35.15,86,4139.672107
32.05,128,4140.002817
24.2,189,4140.497911
33.25,108,4140.799087
26.7,171,4141.24754
31.8,121,4146.506491
11.75,6,4146.521796
-8.7,71,4146.70149
29.0,149,4147.084984
35.75,86,4147.306618
36.05,76,4147.495921
36.6,65,4147.659519
33.9,115,4147.9478
8.0,1,4147.950454
-3.05,22,4148.006487
-2.9,19,4148.05282
34.35,114,4148.339855
34.55,106,4148.640604
34.3,99,4148.900358
28.0,153,4154.280981
9.8,5,4154.294692
31.8,141,4154.674012
32.85,88,4154.905517
-2.25,6,4154.92125
32.35,138,4155.277111
-5.3,47,4155.394989
-4.2,29,4155.466855
35.4,85,4155.692103
-45.3,591,4161.959781
33.35,98,4162.209446
-2.0,1,4162.212012
34.1,99,4162.459636
21.4,181,4162.926542
21.05,96,4163.19156
11.7,7,4163.209964
31.75,138,4163.574681
35.45,88,4163.797805
34.95,98,4164.049403
21.8,181,4169.474081
-28.3,519,4170.810067
33.95,102,4171.074691
30.8,133,4171.418352
26.05,56,4171.559291
28.15,150,4176.946914
27.05,156,4177.34338
32.75,118,4177.64487
30.55,138,4177.996515
30.75,134,4178.345704
32.7,111,4178.628865
11.85,4,4178.639387
5.6,293,4179.389062
29.95,146,4184.652334
13.4,13,4184.685778
23.5,71,4184.863237
19.75,194,4185.344367
34.4,101,4185.663449
33.6,109,4185.978221
-4.7,47,4186.103514
25.0,197,4186.624455
30.1,131,4186.984194
35.85,84,4191.860144
33.7,107,4192.127162
34.55,90,4192.353924
5.9,3,4192.36178
23.55,166,4192.791942
16.85,24,4192.854715
34.9,91,4193.090372
24.45,160,4193.520117
28.9,155,4193.9442
36.15,74,4194.144717
9.8,5,4194.159052
17.9,155,4199.660551
-6.85,94,4199.902934
-4.5,47,4200.027456
21.55,122,4200.335592
22.45,32,4200.416005
17.15,18,4200.460978
18.55,30,4200.540869
8.85,268,4201.234189
33.75,114,4201.528754
25.15,182,4202.019327
34.55,110,4207.38198
-7.45,86,4207.590459
35.25,88,4207.818537
33.3,119,4208.120757
33.75,98,4208.375787
25.45,48,4208.502771
28.2,141,4208.877256
33.0,133,4209.224826
32.9,119,4209.526873
20.55,198,4215.119659
26.25,148,4215.497693
33.05,116,4215.801164
33.05,92,4216.038317
-5.8,61,4216.197339
9.75,6,4216.21267
30.0,133,4216.539715
32.25,120,4216.838861
34.6,101,4217.096261
35.95,78,4217.29607
35.05,100,4222.615205
28.85,60,4222.769767
-4.85,46,4222.887114
28.8,117,4223.204459
11.7,7,4223.22343
32.05,108,4223.516496
-12.9,115,4223.804264
32.7,127,4224.124306
17.55,10,4224.150637
31.45,124,4224.480715
29.2,161,4224.904235
33.05,124,4225.240156
34.45,112,4230.523073
18.15,26,4230.584915
-17.65,362,4231.480743
33.35,102,4231.747547
9.7,7,4231.765748
34.2,101,4232.027758
32.3,135,4232.386307
19.15,214,4238.042053
18.45,32,4238.12676
-2.25,6,4238.142689
17.0,21,4238.198605
33.8,93,4238.443093
34.1,99,4238.693565
35.75,86,4238.913711
34.4,85,4239.151735
32.35,126,4239.509019
26.95,74,4239.714561
30.35,150,4240.103226
31.0,141,4240.483635
33.5,107,4245.689394
21.75,170,4246.130339
34.4,101,4246.390407
31.0,117,4246.689964
32.65,120,4247.004347
-2.7,15,4247.043524
35.35,86,4247.268002
11.7,7,4247.286508
34.85,96,4247.535413
11.4,13,4247.569815
20.95,22,4247.628476
7.9,3,4247.636491
25.75,154,4248.044825
21.9,31,4248.126012
34.15,98,4253.440964
32.75,118,4253.765849
33.15,110,4254.063956
-3.15,24,4254.124159
5.0,1,4254.126861
24.85,24,4254.187557
-3.65,30,4254.263725
34.1,103,4254.535609
35.65,84,4254.756866
35.6,85,4254.979072
28.1,167,4255.414339
29.3,135,4255.775775
33.75,106,4256.056409
29.75,162,4261.573898
11.4,13,4261.607441
30.6,137,4261.966465
9.65,8,4261.987749
32.45,104,4262.261159
11.6,9,4262.285669
35.35,82,4262.50175
35.05,96,4262.748287
29.45,136,4263.084557
33.9,111,4263.375934
33.75,98,4263.625275
-8.4,93,4268.95749
22.35,166,4269.357386
-5.8,73,4269.532367
35.4,89,4269.750669
-4.35,44,4269.863377
-2.0,1,4269.866168
32.2,125,4270.191975
33.4,113,4270.491109
32.4,117,4270.802835
32.55,126,4271.142863
26.95,166,4276.697354
14.75,302,4277.511609
34.8,101,4277.782878
30.15,134,4278.13076
6.15,282,4278.87361
30.7,135,4279.216572
25.7,151,4284.704178
31.1,135,4285.030509
11.8,5,4285.043499
15.15,18,4285.088773
15.15,18,4285.134711
35.4,89,4285.362399
23.7,195,4285.858981
11.75,6,4285.877131
17.5,11,4285.905694
31.0,117,4286.201694
1.4,273,4286.903028
21.8,69,4287.082329
25.15,158,4292.581056
32.7,115,4292.855398
17.9,75,4293.037228
-6.1,51,4293.168535
23.25,188,4293.650723
32.45,116,4293.950207
22.35,94,4294.192051
-2.0,1,4294.194831
30.2,137,4294.545991
32.9,107,4299.773636
34.6,93,4300.01098
30.35,154,4300.39997
30.7,135,4300.747342
35.1,91,4300.980333
26.05,36,4301.081965
-3.0,21,4301.136228
32.15,134,4301.481839
34.3,111,4301.769336
32.95,98,4302.025704
34.8,105,4302.295928
27.7,47,4307.417311
14.95,30,4307.494945
-6.3,67,4307.667809
32.8,117,4307.954228
26.15,34,4308.037196
30.0,133,4308.360386
11.8,5,4308.372823
34.4,97,4308.629467
32.45,112,4308.918983
31.7,127,4309.238214
35.4,85,4309.456037
4.5,299,4315.048967
32.3,107,4315.314494
28.85,148,4315.696192
34.5,103,4315.961473
21.9,59,4316.111106
11.7,7,4316.129324
29.1,151,4316.512744
17.2,17,4316.556824
34.75,98,4316.803583
5.95,2,4316.80878
-1.85,350,4322.65491
32.2,133,4322.985591
16.4,29,4323.060342
-9.05,450,4324.209814
32.25,104,4324.461864
19.3,15,4324.499125
33.9,111,4324.788068
30.15,150,4330.151978
18.55,222,4330.725084
34.45,108,4331.006858
25.5,67,4331.176009
1.2,297,4331.942222
34.15,106,4332.201608
23.45,48,4332.316678
29.7,171,4337.80872
30.3,131,4338.147357
19.05,200,4338.672239
4.6,349,4339.561615
-2.7,15,4339.598994
32.1,123,4339.920811
-6.3,63,4340.080242
24.55,182,4345.65916
14.45,240,4346.258719
33.15,94,4346.502001
26.5,31,4346.577518
35.65,88,4346.792066
7.85,4,4346.801908
6.0,1,4346.804343
31.6,125,4347.124099
20.95,22,4347.178672
7.35,266,4347.863024
19.0,21,4347.915508
29.3,147,4353.242066
12.85,268,4353.911813
33.25,120,4354.212274
32.55,134,4354.552806
31.9,123,4354.875831
32.3,119,4355.188776
30.95,118,4355.490387
30.4,141,4360.918999
5.9,3,4360.927046
28.8,157,4361.336761
35.5,91,4361.569495
28.65,152,4361.945228
-2.0,1,4361.947867
33.75,78,4362.138709
32.2,125,4362.465489
18.35,230,4363.045426
34.65,88,4368.225162
13.35,214,4368.780121
26.2,173,4369.244844
-3.35,28,4369.317461
30.45,132,4369.643106
34.0,105,4369.92043
32.25,120,4370.22576
31.15,138,4370.570902
32.95,126,4375.699498
29.4,141,4376.054106
31.2,133,4376.395866
32.9,119,4376.68981
33.45,108,4376.967206
25.55,186,4377.44725
26.7,63,4377.604772
-2.85,18,4377.650037
33.1,111,4377.95048
6.5,319,4383.617229
1.0,361,4384.53582
29.2,125,4384.853601
28.9,151,4385.233266
33.35,126,4385.540257
35.8,81,4390.616505
34.8,93,4390.846733
34.5,107,4391.121169
29.8,165,4391.534338
-2.0,1,4391.536931
9.75,6,4391.551453
34.4,89,4391.776474
15.15,18,4391.82182
29.5,119,4392.127052
13.65,8,4392.148742
29.15,150,4392.533313
15.55,10,4392.559411
23.8,205,4393.102428
32.8,129,4398.160686
-3.55,24,4398.221875
34.0,89,4398.443885
28.15,154,4398.81343
15.0,21,4398.864124
32.55,118,4399.154371
30.75,142,4399.505981
26.75,178,4399.958148
34.75,86,4400.175138
32.0,125,4405.371206
35.85,80,4405.555369
26.5,151,4405.930935
21.8,193,4406.429391
17.0,21,4406.48303
30.25,128,4406.809313
-12.25,514,4413.05198
11.65,8,4413.072203
-3.5,23,4413.131163
31.15,134,4413.459483
31.8,117,4413.761893
-11.4,97,4414.004997
29.8,161,4414.413103
31.95,94,4414.665879
0.55,306,4420.469843
26.45,56,4420.611633
32.0,125,4420.918905
11.6,9,4420.940617
32.45,108,4421.207555
34.05,116,4421.499919
26.05,184,4421.946126
13.55,10,4421.97084
31.55,138,4422.309858
14.45,20,4422.359499
-2.0,1,4422.363215
30.6,125,4422.67466
35.35,94,4422.912414
29.3,127,4428.338776
25.9,163,4428.758823
31.35,130,4429.088888
32.7,115,4429.388301
33.2,113,4429.678579
31.7,123,4429.993252
35.2,89,4430.226419
33.1,123,4430.550579
26.2,157,4435.884215
26.1,155,4436.27249
29.15,154,4436.655488
-4.85,46,4436.770321
-4.55,24,4436.830306
21.65,40,4436.931108
-7.7,79,4437.136291
-3.5,31,4437.215732
34.6,109,4437.499709
18.1,219,4438.06814
25.6,165,4443.469133
36.2,65,4443.645309
33.9,103,4443.919155
30.1,127,4444.244475
-69.0,733,4451.094636
33.55,98,4451.343327
23.6,45,4451.459471
27.6,157,4451.860307
24.6,161,4452.265906
30.05,136,4452.617275
14.75,18,4452.665466
-4.1,39,4452.767433
15.5,11,4452.79503
34.6,101,4453.049078
33.9,103,4453.306781
3.55,318,4459.064296
33.0,81,4459.253645
31.85,136,4459.596444
30.2,69,4459.775136
30.75,134,4460.094046
32.65,116,4460.385962
34.7,103,4460.632622
13.25,16,4460.671391
30.85,144,4466.125624
28.35,150,4466.513098
9.1,219,4467.035242
32.8,105,4467.289529
33.1,119,4467.575702
-2.0,1,4467.578152
5.4,281,4468.293872
30.7,131,4473.718218
5.95,2,4473.723577
31.45,120,4474.021462
31.0,129,4474.360841
14.3,19,4474.414486
24.65,28,4474.488253
26.65,172,4474.926466
22.45,56,4475.071872
19.0,193,4475.568845
-5.9,71,4475.745378
32.9,127,4476.062654
34.2,105,4481.125679
-7.25,78,4481.319971
33.8,109,4481.578136
23.5,207,4482.075467
34.6,81,4482.271821
34.5,99,4482.506715
31.85,116,4482.793754
29.15,58,4482.939362
26.0,41,4483.042455
32.75,110,4483.304232
34.55,94,4483.52709
1.35,310,4489.124877
30.35,138,4489.462615
32.2,109,4489.729214
24.3,175,4490.161175
34.0,101,4490.40706
35.5,91,4490.632706
35.75,86,4490.847574
29.75,158,4496.167204
7.0,253,4496.749593
33.9,103,4496.993389
32.8,117,4497.261302
15.75,226,4497.810704
-4.5,51,4497.939302
-9.75,128,4498.267521
25.35,154,4503.642416
20.65,28,4503.708303
-4.7,55,4503.836653
-3.7,35,4503.917395
20.8,25,4503.980939
22.5,31,4504.062588
33.85,112,4504.389858
28.7,143,4504.7449
32.0,117,4505.037933
32.95,118,4505.331806
25.25,152,4505.705888
34.15,94,4510.65046
21.2,217,4511.20671
-2.0,1,4511.209132
-4.4,49,4511.336304
34.0,97,4511.58016
22.4,33,4511.663681
34.15,94,4511.900662
-2.65,242,4512.525521
32.65,112,4512.808721
-3.25,26,4512.874394
34.3,111,4513.152416
31.45,112,4518.119968
35.3,95,4518.34323
36.2,77,4518.532387
-6.4,65,4518.693418
34.25,92,4518.925989
30.55,130,4519.238507
-69.55,576,4525.573306
25.5,179,4526.019494
35.15,94,4526.253794
24.85,164,4526.664419
34.25,92,4526.891676
16.75,26,4526.956113
-2.5,11,4526.982121
31.1,139,4527.303601
-5.0,61,4527.445642
-20.55,472,4533.421769
19.1,223,4533.972688
32.45,112,4534.251894
18.9,219,4534.778219
31.25,124,4535.089334
19.25,16,4535.129534
34.2,101,4540.264668
6.0,1,4540.267364
28.2,37,4540.359941
34.1,99,4540.608275
34.75,102,4540.860848
33.4,109,4541.127496
36.1,79,4541.323762
22.85,180,4541.772288
6.0,1,4541.774767
33.5,119,4542.068796
32.75,118,4542.361502
-7.3,91,4542.584294
5.0,1,4542.58682
28.65,144,4547.823574
34.1,111,4548.090822
33.95,106,4548.345205
34.2,101,4548.584566
29.35,154,4548.964527
34.7,103,4549.211926
35.3,87,4549.418487
9.75,6,4549.432773
33.5,111,4549.703276
34.3,111,4549.988653
37.25,56,4554.979807
-6.3,51,4555.106702
33.4,105,4555.366865
26.35,34,4555.458723
36.1,75,4555.658654
29.0,101,4555.904267
-2.15,4,4555.914192
33.95,98,4556.162098
29.85,152,4556.544476
34.0,101,4556.804534
16.85,24,4556.864877
30.75,138,4557.201118
30.0,153,4562.311529
27.55,166,4562.697871
11.35,14,4562.733136
5.9,3,4562.740971
-6.0,73,4562.925772
8.1,307,4563.72894
20.3,35,4563.816659
32.2,117,4564.157161
15.55,10,4564.187085
33.25,120,4564.517237
23.8,169,4569.96462
24.55,178,4570.38843
25.85,180,4570.820131
31.3,131,4571.207391
15.3,15,4571.245958
32.7,103,4571.502792
32.95,118,4571.801143
18.9,23,4571.859203
31.55,134,4572.196645
32.55,114,4577.329778
35.55,90,4577.547482
29.95,138,4577.891134
20.05,212,4578.410007
32.7,111,4578.684492
11.75,6,4578.698738
34.55,98,4578.931621
30.65,148,4579.297087
-4.5,47,4579.414626
34.15,94,4579.645174
31.85,120,4584.601629
22.5,31,4584.675853
27.15,182,4585.106223
7.9,3,4585.11331
-6.15,72,4585.282942
24.25,188,4585.78682
24.5,175,4586.214943
21.05,212,4586.740597
35.3,71,4586.928873
33.95,114,4592.036284
17.5,11,4592.061154
34.95,90,4592.271585
-1.95,364,4593.142678
5.0,1,4593.145149
34.95,82,4593.34743
-3.55,32,4593.4283
14.55,270,4594.082874
32.75,130,4599.238377
20.1,219,4599.887465
34.35,110,4600.207714
28.45,136,4600.601189
25.4,81,4600.839051
23.85,148,4601.273259
34.25,108,4601.57289
32.6,133,4601.933477
34.65,100,4607.446856
28.5,163,4607.864933
30.65,136,4608.221162
-7.0,89,4608.451267
33.15,118,4608.750544
29.9,143,4609.122541
34.75,82,4609.30083
34.4,101,4609.527045
30.95,126,4609.830621
35.85,80,4614.890759
7.95,2,4614.896159
34.85,96,4615.143048
28.4,137,4615.488313
27.1,139,4615.841305
29.4,149,4616.223264
36.05,80,4616.433367
9.75,6,4616.44927
22.7,191,4616.944289
-7.85,54,4617.081112
32.5,127,4622.426445
25.4,165,4622.854652
31.2,117,4623.154819
33.05,120,4623.454827
35.75,82,4623.64899
17.05,208,4624.143238
33.3,115,4624.442985
-7.25,90,4624.665994
34.45,100,4629.883958
27.4,53,4630.012897
20.9,191,4630.483521
28.6,161,4630.88746
34.6,89,4631.124071
31.85,100,4631.378363
13.6,9,4631.40157
21.8,41,4631.505162
31.65,128,4631.828054
33.35,110,4632.095901
31.4,121,4632.404068
35.65,88,4637.646023
25.15,178,4638.106182
30.4,137,4638.458679
29.55,134,4638.804373
33.8,113,4639.086202
-4.15,44,4639.197045
34.7,99,4639.45208
33.0,97,4639.693078
2.9,267,4645.245202
11.8,5,4645.25755
11.7,7,4645.274593
34.85,96,4645.506481
33.75,118,4645.790003
-5.9,63,4645.938269
35.55,86,4646.139434
18.1,199,4646.619039
17.4,13,4646.652245
33.95,114,4646.935918
15.45,12,4646.967463
33.15,110,4647.251724
25.25,164,4652.764475
30.45,140,4653.126853
-3.25,26,4653.194678
28.6,141,4653.553074
11.7,7,4653.571247
33.15,118,4653.87241
34.8,105,4654.147092
-3.55,28,4654.219148
5.95,2,4654.224403
15.45,12,4654.255499
11.8,5,4654.268334
13.5,11,4654.296731
20.65,28,4654.365155
15.0,213,4654.896103
22.15,38,4654.98931
33.75,86,4660.177662
35.9,83,4660.379481
8.0,1,4660.381908
21.2,181,4660.818884
29.15,150,4661.177614
-3.1,23,4661.237022
31.15,106,4661.509015
34.6,109,4661.786959
34.2,105,4662.040006
29.4,149,4662.411867
34.25,108,4667.82429
6.05,304,4668.554993
33.85,104,4668.819568
26.8,141,4669.161325
20.5,31,4669.234158
35.3,79,4669.426774
36.15,78,4669.625916
34.45,104,4669.887236
24.9,175,4670.32803
35.75,82,4675.416625
23.75,38,4675.516248
34.6,105,4675.787244
-4.2,41,4675.890033
28.1,127,4676.216601
33.35,106,4676.492733
-6.2,85,4676.711553
33.45,116,4677.006434
21.65,44,4677.117222
26.7,47,4677.231984
31.8,141,4677.602971
7.9,3,4677.611304
34.3,115,4683.013843
5.0,1,4683.016654
30.4,133,4683.358114
31.1,103,4683.643179
9.95,2,4683.650947
34.45,96,4683.900358
32.75,118,4684.203577
-9.45,74,4684.394466
30.45,132,4684.737343
20.9,23,4684.796161
33.85,112,4685.083031
28.8,145,4685.448554
34.3,103,4690.722262
33.25,104,4690.98082
34.3,99,4691.232458
27.75,166,4691.653483
9.55,238,4692.256031
30.25,144,4692.622658
33.75,86,4692.835476
34.25,108,4693.103869
11.5,11,4693.130495
21.2,197,4698.419859
15.5,11,4698.446709
31.0,157,4698.836731
33.05,104,4699.10409
34.2,113,4699.388331
34.45,104,4699.660912
22.35,182,4700.126494
14.9,23,4700.187545
33.3,119,4700.489043
22.9,83,4706.29791
9.8,5,4706.306646
16.0,241,4706.730532
31.0,117,4706.952219
33.5,103,4707.163038
32.1,135,4707.441746
30.7,103,4707.653633
26.35,34,4707.72499
31.55,118,4707.970052
17.05,20,4708.012828
35.8,85,4708.21212
-5.25,62,4713.054915
-3.4,21,4713.10377
31.15,110,4713.39499
32.4,125,4713.73097
-9.85,86,4713.965256
34.6,109,4714.254033
32.3,139,4714.624852
33.8,113,4714.926143
5.95,2,4714.931575
29.85,136,4715.298915
23.25,52,4715.44101
31.05,144,4720.8268
19.15,198,4721.32565
27.6,161,4721.71413
16.2,249,4722.33213
34.15,110,4722.612946
13.8,5,4722.625923
34.2,105,4722.892868
18.65,28,4722.965266
29.05,144,4728.444044
34.35,106,4728.674023
6.0,1,4728.676219
2.9,295,4729.332163
5.95,2,4729.337034
21.45,192,4729.785751
36.45,72,4729.962935
32.25,116,4730.234594
34.6,105,4730.484649
27.5,167,4735.670078
-5.25,54,4735.803289
32.9,119,4736.095819
34.1,107,4736.361328
-9.05,106,4736.623632
32.8,117,4736.922011
33.15,122,4737.254717
35.3,91,4737.50645
34.55,90,4737.743598
28.0,125,4738.059978
33.4,105,4743.157303
20.2,37,4743.243507
29.65,148,4743.59902
6.0,1,4743.601606
24.65,156,4743.992639
34.0,109,4744.274449
25.55,170,4744.710461
35.9,71,4744.894921
21.6,209,4745.424788
35.75,78,4750.514872
35.0,101,4750.763757
9.75,6,4750.779064
-2.0,1,4750.781611
35.4,89,4751.000466
13.6,9,4751.023099
35.15,90,4751.257017
-2.0,1,4751.259735
13.85,4,4751.270217
-5.0,49,4751.398101
28.7,159,4751.831885
17.4,13,4751.867099
31.8,133,4752.212533
6.85,204,4752.741377
36.0,81,4752.954577
31.35,126,4758.253286
-8.3,87,4758.481352
-2.55,12,4758.512416
35.45,92,4758.753063
36.05,76,4758.953556
32.75,110,4759.230996
31.9,115,4759.516841
-9.15,76,4759.716917
30.05,132,4760.061408
31.4,145,4760.431357
35.5,79,4760.64545
33.25,120,4766.192773
34.9,99,4766.44613
36.8,65,4766.609656
35.05,96,4766.856478
31.8,105,4767.12599
36.05,80,4767.332841
30.2,129,4767.642815
33.65,112,4767.904975
17.1,19,4767.951073
32.75,134,4768.281163
35.15,94,4773.574366
-5.7,71,4773.758305
-11.5,107,4774.035225
33.75,110,4774.314888
-4.35,40,4774.414098
26.8,137,4774.767616
30.5,143,4775.128018
18.45,224,4775.69675
31.0,133,4776.038919
21.65,216,4781.549881
26.5,167,4781.954938
33.0,133,4782.276381
13.9,67,4782.437977
29.8,137,4782.762016
-8.6,101,4783.000891
36.4,69,4783.166428
22.4,181,4783.618738
30.0,133,4788.954608
35.0,101,4789.213259
35.6,77,4789.40557
28.7,155,4789.813576
34.4,101,4790.115794
35.05,88,4790.363195
34.9,99,4790.632245
25.9,167,4791.061294
33.45,124,4796.31913
-4.9,59,4796.466514
7.9,3,4796.474942
34.3,107,4796.74278
33.25,116,4797.030639
20.05,196,4797.541005
32.95,122,4797.848084
7.95,2,4797.853361
35.45,80,4798.059575
30.5,131,4798.411791
27.25,168,4798.840631
32.1,123,4804.139496
23.9,43,4804.243218
-2.0,1,4804.245648
31.95,130,4804.583292
33.8,125,4804.90755
11.55,10,4804.932136
-6.5,91,4805.16044
33.9,103,4805.423891
31.35,102,4805.686146
33.0,97,4805.928434
31.05,124,4806.239649
28.15,166,4811.543814
29.45,128,4811.875552
34.5,107,4812.13977
26.2,169,4812.559655
32.0,121,4812.859143
30.35,130,4813.177957
30.0,145,4813.550186
13.85,284,4819.136566
26.45,168,4819.568981
30.95,130,4819.905671
13.15,18,4819.952016
32.85,108,4820.235323
27.45,176,4820.677286
34.15,110,4820.927455
32.65,112,4821.182649
35.15,86,4826.343008
30.5,119,4826.630679
15.35,14,4826.666068
7.75,6,4826.681702
13.65,8,4826.70261
24.55,186,4827.180702
32.7,127,4827.50957
-2.0,1,4827.512241
30.45,124,4827.833923
28.55,154,4828.231391
21.85,176,4828.683154
30.6,141,4833.57011
34.15,106,4833.822865
34.0,109,4834.075292
9.9,3,4834.082518
33.85,104,4834.345178
31.75,134,4834.680477
13.65,8,4834.700772
25.8,153,4835.084507
34.2,89,4835.306738
35.95,82,4835.524214
19.2,205,4840.687316
13.25,12,4840.714455
35.0,81,4840.908126
33.0,113,4841.194562
28.3,63,4841.353575
32.55,118,4841.64383
-6.9,79,4841.840311
32.55,118,4842.150352
35.05,92,4842.397475
35.45,84,4842.622593
-2.0,1,4842.625313
19.2,37,4842.724003
23.15,186,4843.207598
-2.15,4,4843.217855
-4.6,49,4848.242326
13.45,12,4848.270387
-4.9,55,4848.39525
34.45,100,4848.622552
22.05,196,4849.092713
25.45,176,4849.51506
32.4,121,4849.808492
13.75,6,4849.822966
30.8,121,4850.131397
32.7,127,4850.486831
26.9,163,4855.887811
-3.2,25,4855.943718
13.45,12,4855.970582
11.65,292,4856.651683
18.0,201,4857.15174
33.95,114,4857.442604
20.85,64,4857.607547
31.05,140,4857.947828
32.95,102,4858.183157
35.15,86,4863.160139
21.2,193,4863.622655
33.85,108,4863.887368
35.0,97,4864.133693
15.5,11,4864.165834
34.05,96,4864.44068
6.0,1,4864.443217
35.65,80,4864.643873
33.4,105,4864.914525
25.1,175,4865.362786
31.85,120,4870.561724
35.0,97,4870.803825
34.2,101,4871.048023
35.1,87,4871.247805
11.5,11,4871.274202
33.15,118,4871.54323
7.9,3,4871.550272
34.45,92,4871.762582
27.05,56,4871.89605
34.2,97,4872.148163
31.4,137,4872.530594
31.6,145,4872.918149
28.85,148,4878.046538
29.9,139,4878.370617
34.0,93,4878.583633
29.55,150,4878.959548
29.55,158,4879.360365
33.45,108,4879.634053
7.8,5,4879.6468
33.95,102,4879.896986
25.3,191,4885.148258
32.1,127,4885.483892
34.2,105,4885.749308
32.85,120,4886.052026
19.25,16,4886.092329
20.6,201,4886.623307
28.6,157,4887.078227
27.4,161,4887.509426
15.8,241,4892.822179
9.75,6,4892.836491
32.85,132,4893.161131
35.25,96,4893.402377
32.75,130,4893.726995
34.0,113,4894.007457
32.45,120,4894.311327
21.0,21,4894.364506
34.95,94,4894.607613
26.95,138,4894.96972
10.0,1,4894.972423
31.0,125,4900.098656
15.45,12,4900.127036
34.65,108,4900.381635
32.15,110,4900.646781
15.2,17,4900.689353
35.9,83,4900.900278
25.75,162,4901.304708
33.55,106,4901.570144
9.8,5,4901.582644
5.95,2,4901.587603
35.35,86,4901.80276
18.7,27,4901.870848
32.05,120,4902.170122
11.65,8,4902.190132
34.75,82,4902.395199
-8.55,104,4907.543609
30.85,136,4907.863976
31.2,117,4908.148148
34.45,92,4908.377259
20.65,212,4908.920815
36.0,77,4909.113347
33.45,116,4909.3946
33.15,110,4909.658275
31.75,114,4914.66712
34.9,103,4914.929285
8.0,1,4914.931902
33.35,114,4915.211159
30.9,127,4915.52263
-2.05,2,4915.527681
4.9,355,4916.400697
34.6,93,4916.628886
9.75,6,4916.6443
34.4,109,4916.913406
35.0,101,4922.038327
27.95,166,4922.447415
35.65,84,4922.652894
34.05,108,4922.928536
24.0,29,4923.001764
13.9,3,4923.009434
35.25,88,4923.233569
30.4,73,4923.415727
30.35,138,4923.757652
34.5,111,4924.024849
9.7,7,4924.041182
33.35,126,4924.338107
24.15,182,4929.555143
-5.35,52,4929.684499
7.9,3,4929.693943
-12.35,140,4930.088817
26.95,166,4930.503139
31.5,123,4930.858504
33.9,107,4931.162046
35.6,89,4931.390553
34.55,94,4931.623041
32.45,112,4931.90643
-8.8,113,4937.042703
28.95,162,4937.477846
25.35,54,4937.616483
26.2,73,4937.799927
35.1,99,4938.043417
20.45,32,4938.119982
35.5,83,4938.330512
31.65,112,4938.612034
-2.75,16,4938.652145
33.95,106,4938.919765
29.15,142,4939.279535
35.3,83,4944.062631
30.8,113,4944.32664
26.75,154,4944.698247
33.8,105,4944.958842
26.1,159,4945.361395
18.95,134,4945.695698
30.0,137,4946.041922
31.65,120,4946.345607
35.65,88,4951.541571
-7.95,100,4951.774688
31.25,128,4952.094569
-5.3,55,4952.224528
28.45,136,4952.54336
29.05,164,4952.941154
25.9,171,4953.368086
24.45,32,4953.447339
34.6,105,4953.708024
34.9,87,4953.923524
30.75,142,4959.069642
34.3,99,4959.294071
34.9,87,4959.503748
32.85,128,4959.813122
33.7,119,4960.103586
20.0,37,4960.196004
25.6,141,4960.544615
22.25,32,4960.625243
-3.7,315,4966.566289
19.0,21,4966.624707
26.45,176,4967.128283
17.65,8,4967.150916
-3.75,36,4967.252072
29.45,140,4967.631607
32.2,113,4967.923285
11.55,10,4967.948552
34.05,104,4968.216609
33.2,121,4968.53175
34.15,106,4968.805879
35.9,79,4969.013861
34.4,105,4974.218247
20.15,150,4974.594687
20.3,27,4974.665869
9.75,6,4974.681847
18.85,24,4974.74511
26.25,68,4974.92235
28.15,134,4975.273721
34.55,94,4975.518661
29.7,151,4975.900505
30.95,62,4976.05939
33.95,118,4976.383409
32.95,118,4976.687666
22.85,24,4981.705824
33.65,112,4981.975727
33.25,124,4982.291878
29.75,122,4982.61425
-5.7,75,4982.817156
34.75,94,4983.065087
33.4,101,4983.321621
31.85,132,4983.671601
-18.9,447,4989.829919
35.45,88,4990.059857
34.1,95,4990.308257
32.4,73,4990.500226
33.9,115,4990.799524
-3.5,287,4991.564675
9.6,9,4991.588439
34.65,104,4991.862113
32.4,113,4997.237486
8.1,263,4997.927679
-5.6,65,4998.093646
25.25,196,4998.604485
22.7,27,4998.671587
13.45,12,4998.701887
30.3,143,4999.074929
-5.75,72,4999.2662
22.95,58,4999.419972
34.25,108,4999.697332
35.45,92,5005.239504
28.85,92,5005.475347
25.55,154,5005.873271
4.5,315,5006.700015
33.35,114,5006.997568
26.55,158,5007.40381
33.1,119,5007.726166
23.4,185,5013.255668
35.65,76,5013.450756
33.9,83,5013.658748
34.05,100,5013.919158
16.0,21,5013.974024
-2.0,1,5013.976736
35.55,82,5014.192366
34.65,84,5014.411756
5.95,2,5014.417039
33.1,111,5014.70619
29.2,141,5015.072374
6.0,1,5015.075078
25.95,42,5015.182709
32.8,133,5020.515277
31.05,112,5020.798734
-18.85,146,5021.169539
27.05,56,5021.310851
-2.0,1,5021.313513
25.2,177,5021.763408
30.05,144,5022.136742
14.95,18,5022.184138
32.25,104,5022.456986
24.2,173,5022.902951
29.85,136,5028.240671
32.5,147,5028.624182
31.6,49,5028.751404
32.5,135,5029.084307
35.3,91,5029.318027
31.9,111,5029.607954
33.1,119,5029.913052
26.55,154,5030.296357
25.65,172,5035.625895
33.75,106,5035.901553
23.75,174,5036.33642
28.0,145,5036.710972
31.7,131,5037.059863
13.7,7,5037.078273
28.75,134,5037.423531
19.15,202,5037.950255
33.85,120,5043.335366
33.5,115,5043.626288
16.4,189,5044.100938
27.85,144,5044.682323
31.65,116,5045.023448
28.7,155,5045.434798
26.0,65,5045.602272
24.8,169,5046.043916
34.5,91,5051.30971
34.55,110,5051.586777
27.85,148,5051.956142
4.0,289,5052.70259
-4.3,43,5052.808695
34.95,102,5053.072896
30.9,123,5053.383963
34.85,88,5053.613659
33.35,110,5058.839465
33.9,111,5059.120667
25.7,171,5059.545439
33.6,109,5059.816782
33.15,106,5060.081043
34.25,104,5060.341112
16.35,230,5060.939893
-2.0,1,5060.942458
31.6,101,5061.201022
20.2,37,5061.298784
19.95,230,5067.039365
34.8,97,5067.293945
34.35,94,5067.537621
-7.85,98,5067.79359
28.75,162,5068.217277
25.95,154,5068.614254
32.05,120,5068.934534
34.45,92,5069.17938
19.6,37,5074.215181
30.75,126,5074.536966
7.9,3,5074.545096
16.95,22,5074.602424
26.5,159,5075.016758
6.0,1,5075.01932
34.95,98,5075.258222
35.3,91,5075.490645
25.6,145,5075.863376
34.1,111,5076.15003
17.3,15,5076.189888
34.4,105,5076.465322
11.55,10,5076.490362
33.55,106,5076.76608
34.45,92,5082.025758
18.7,27,5082.091682
35.2,93,5082.328856
30.25,144,5082.702767
20.65,28,5082.776983
34.2,117,5083.083456
32.6,117,5083.386122
5.95,2,5083.391453
11.75,6,5083.407305
35.0,81,5083.618015
32.85,104,5083.892572
35.15,94,5084.13339
29.2,141,5089.531135
-7.9,99,5089.789898
13.9,3,5089.797338
35.6,77,5089.995339
9.95,2,5090.000467
34.3,103,5090.266953
30.9,147,5090.648829
35.5,87,5090.875583
34.95,102,5091.141677
30.85,112,5091.433095
33.05,120,5091.736165
33.45,116,5092.039617
24.5,179,5097.458534
31.65,128,5097.77145
35.5,91,5098.004836
11.65,8,5098.025505
35.2,97,5098.275574
21.05,20,5098.327253
26.1,155,5098.72247
34.45,104,5098.986871
19.7,27,5099.05672
34.9,95,5099.300822
29.75,158,5104.773746
22.55,30,5104.855115
33.3,127,5105.153444
28.85,64,5105.304377
31.65,132,5105.615056
30.15,126,5105.915295
25.05,56,5106.053442
32.15,78,5106.247326
10.9,251,5106.892502
35.05,84,5107.113267
31.8,141,5112.253751
35.65,84,5112.449648
34.75,102,5112.691019
32.3,135,5113.05225
33.5,119,5113.407969
35.05,88,5113.650367
-8.4,105,5113.912372
25.2,161,5114.309525
35.05,96,5114.546333
-6.3,55,5114.685199
27.3,51,5119.687385
-2.65,14,5119.723235
30.9,139,5120.06288
33.65,116,5120.349435
18.9,23,5120.405541
-4.1,31,5120.482486
34.75,102,5120.728884
33.25,100,5120.976066
16.6,221,5121.516015
22.15,30,5121.588497
15.8,269,5127.108266
29.85,120,5127.410075
34.25,96,5127.651155
-11.95,76,5127.837304
19.05,216,5128.378226
35.65,80,5128.580107
29.85,140,5128.937292
7.85,4,5128.948288
32.8,105,5129.217851
9.55,286,5135.189847
32.25,120,5135.484111
-2.15,4,5135.494117
17.25,236,5136.054811
17.1,19,5136.101338
27.1,159,5136.501406
22.8,61,5136.648426
31.5,123,5136.966237
33.6,125,5137.280889
32.6,129,5142.386056
-15.55,140,5142.734255
29.5,143,5143.096754
32.2,113,5143.386439
32.15,122,5143.697687
34.7,95,5143.939296
30.25,112,5144.230298
30.2,125,5144.558189
32.85,104,5149.966409
33.8,117,5150.261478
6.15,306,5151.041407
31.35,118,5151.343564
-2.0,1,5151.346286
32.4,117,5151.651211
30.75,126,5151.970572
32.45,108,5152.24056
32.85,116,5157.454848
25.85,176,5157.900166
34.8,101,5158.157972
25.7,171,5158.599855
31.25,112,5158.89185
33.0,105,5159.163394
17.55,170,5159.605276
-4.2,41,5159.712648
32.85,108,5159.994513
26.55,146,5165.312584
30.15,142,5165.682513
32.8,113,5166.039486
-4.95,52,5166.193439
9.6,5,5166.207975
34.85,84,5166.44651
24.1,175,5166.992023
34.55,102,5167.313955
29.3,147,5167.706622
34.3,107,5172.956001
30.45,124,5173.258418
28.05,128,5173.592525
27.0,161,5174.005655
-3.3,27,5174.072864
34.4,101,5174.336918
35.25,84,5174.555263
34.5,107,5174.827564
-6.5,79,5175.030723
-2.0,1,5175.033437
31.0,149,5175.419895
34.8,101,5180.738386
31.3,127,5181.064092
36.5,67,5181.237023
34.05,84,5181.454645
35.05,92,5181.696001
32.7,131,5182.03685
36.5,71,5182.222872
-5.85,74,5182.473264
15.25,16,5182.530417
31.45,132,5182.877861
17.9,251,5188.325035
32.35,126,5188.63389
11.9,295,5189.371814
6.0,1,5189.374473
34.0,117,5189.662472
21.35,14,5189.697691
12.75,254,5190.356826
25.25,76,5190.562664
8.0,1,5190.565332
28.65,156,5195.825559
23.45,196,5196.330019
-3.8,33,5196.41682
13.4,13,5196.449549
15.5,11,5196.476979
7.9,239,5197.095987
-3.05,22,5197.150302
6.0,1,5197.152747
29.8,45,5197.262913
29.75,138,5197.611616
30.25,136,5197.964082
-2.0,1,5197.967347
35.3,87,5202.879311
33.8,125,5203.190857
32.5,107,5203.456927
31.55,138,5203.785251
25.15,174,5204.210336
30.85,148,5204.599199
33.35,114,5204.895509
31.5,111,5205.173982
9.85,4,5205.184583
32.9,119,5210.360991
33.75,102,5210.618698
11.65,8,5210.637954
17.1,19,5210.685338
33.0,109,5210.958049
-2.0,1,5210.960499
33.25,116,5211.266666
9.75,6,5211.28181
26.05,144,5211.645714
-4.1,43,5211.753454
32.65,136,5212.083155
32.95,122,5212.387358
29.95,150,5212.767517
35.5,79,5217.897423
32.75,122,5218.1977
7.95,2,5218.202783
5.0,1,5218.205323
30.35,122,5218.499871
24.5,187,5218.984515
32.2,125,5219.299797
-2.25,6,5219.315349
23.8,197,5219.808002
30.85,120,5220.110423
20.2,29,5220.184885
32.8,113,5225.399776
17.65,224,5225.950568
18.35,222,5226.508869
33.5,119,5226.800524
27.35,154,5227.186558
30.5,123,5227.495238
-2.0,1,5227.497762
27.8,141,5227.865682
13.6,9,5232.824185
25.0,161,5233.212146
33.45,116,5233.50516
34.2,113,5233.787412
26.35,66,5233.937843
31.4,113,5234.206466
21.45,132,5234.534948
32.1,135,5234.880097
10.0,237,5240.38212
21.25,188,5240.788557
33.35,122,5241.071506
-7.45,98,5241.300379
21.75,46,5241.410107
33.45,112,5241.670215
7.9,3,5241.677514
34.9,91,5241.897062
29.8,149,5242.247722
-5.65,74,5242.428078
18.9,23,5242.484458
33.65,80,5247.467662
33.7,99,5247.713432
21.4,189,5248.198164
31.95,130,5248.550117
35.4,89,5248.793173
-2.0,1,5249.141424
31.35,114,5249.425781
9.7,7,5249.443959
15.35,186,5249.914954
32.9,127,5255.174205
27.85,60,5255.322197
34.45,100,5255.560489
-6.4,89,5255.786633
34.6,97,5256.083202
29.15,154,5256.494701
-11.55,116,5256.8043
32.05,116,5257.108867
25.0,173,5257.548156
13.7,7,5257.566607
34.9,99,5262.705348
33.45,92,5262.916553
33.2,109,5263.168301
28.45,168,5263.572873
34.15,106,5263.822421
17.25,16,5263.859417
23.75,182,5264.294246
34.95,90,5264.51318
26.45,64,5264.675272
32.05,132,5265.004741
15.4,13,5269.945091
-4.65,42,5270.048388
-5.95,76,5270.239659
29.95,130,5270.5706
5.0,1,5270.573302
34.85,92,5270.810781
34.5,95,5271.054127
21.35,50,5271.17943
34.35,98,5271.430436
31.85,136,5271.780522
36.35,74,5271.970819
32.45,124,5272.299289
34.4,101,5272.578659
-2.0,1,5272.581561
34.65,104,5277.668642
6.0,1,5277.671292
35.65,84,5277.887663
24.2,37,5277.982732
18.8,25,5278.046513
34.9,99,5278.299537
20.25,36,5278.390737
32.45,112,5278.670065
27.75,118,5278.971165
34.0,109,5279.248755
35.8,69,5279.425262
8.0,1,5279.427871
11.55,10,5279.45332
34.8,105,5279.723828
5.0,1,5279.726575
28.75,86,5279.944263
29.85,136,5285.216128
28.95,138,5285.56144
32.35,122,5285.873897
28.0,157,5286.267696
33.05,112,5286.546301
-6.1,75,5286.738287
-6.7,79,5286.941071
31.55,126,5287.256955
35.1,95,5287.496547
31.3,119,5292.636269
31.35,130,5292.957757
34.9,99,5293.220412
25.4,165,5293.661718
33.35,114,5293.959378
-2.0,1,5293.962084
15.2,229,5294.589779
30.7,135,5294.930933
33.1,115,5299.953926
23.15,166,5300.413803
25.2,145,5300.821197
31.45,136,5301.192197
27.9,147,5301.593122
34.15,110,5301.918934
25.25,164,5302.398147
32.95,122,5307.975698
7.85,4,5307.985552
32.2,129,5308.314833
11.7,7,5308.333213
-5.1,63,5308.500881
9.85,4,5308.511957
34.75,98,5308.783791
36.1,79,5309.006889
-5.85,78,5309.213849
11.65,8,5309.234264
26.35,158,5309.631099
33.8,113,5309.918106
27.0,153,5310.290933
31.15,130,5315.245786
29.25,120,5315.537447
27.6,169,5315.962272
33.85,96,5316.203642
13.8,261,5316.871952
5.9,3,5316.880303
30.15,138,5317.265958
29.65,84,5317.500794
33.05,112,5317.811778
20.0,201,5323.541208
9.75,6,5323.556028
30.7,59,5323.702024
31.2,125,5324.034964
-9.85,86,5324.259398
30.5,119,5324.54009
33.35,114,5324.795102
35.35,90,5324.999477
17.0,21,5325.046998
32.25,108,5325.303083
18.5,31,5325.389895
33.65,112,5330.475168
7.8,5,5330.487764
35.6,81,5330.694305
31.85,132,5331.029684
-4.0,41,5331.132567
33.6,117,5331.414116
-2.0,1,5331.416681
26.4,185,5331.855964
35.1,95,5332.096674
-7.3,87,5332.318621
34.5,99,5332.571297
27.95,162,5337.881261
9.75,6,5337.897269
34.65,96,5338.151357
31.45,124,5338.46987
32.45,124,5338.77384
30.5,115,5339.060038
25.2,173,5339.504588
19.2,65,5339.674313
32.75,126,5339.995295
31.5,115,5340.299711
34.55,102,5345.492656
16.45,220,5346.067403
18.1,207,5346.597604
18.6,261,5347.280712
34.1,107,5347.55573
17.4,13,5347.589525
-2.0,1,5347.592068
23.6,161,5348.03459
21.2,205,5353.7358
35.35,86,5353.963337
21.65,164,5354.395684
30.65,128,5354.719248
33.35,122,5355.058289
33.7,95,5355.313599
35.6,69,5355.501141
17.0,21,5355.559121
35.0,89,5355.806159
26.15,150,5361.244824
34.2,105,5361.512961
29.1,139,5361.871002
31.9,123,5362.188512
25.2,49,5362.312675
4.3,239,5362.925062
30.5,135,5363.268631
-3.5,27,5363.338796
13.6,9,5363.362899
34.55,90,5363.592651
27.0,153,5368.871247
28.05,40,5368.973765
31.45,108,5369.248457
33.15,102,5369.513559
35.05,96,5369.759102
10.5,283,5370.510933
-11.35,84,5370.728007
32.35,110,5371.025861
35.65,84,5376.304041
10.35,250,5376.941641
31.9,139,5377.299666
35.1,99,5377.551825
33.75,118,5377.856217
24.9,63,5378.01
35.55,90,5378.226161
31.45,116,5378.509864
32.95,118,5378.813274
32.6,125,5384.163633
33.2,125,5384.462641
3.75,254,5385.09123
31.4,125,5385.408461
27.95,150,5385.787427
19.0,21,5385.84115
17.1,19,5385.890441
30.2,133,5386.254097
18.7,27,5386.330146
-9.45,114,5391.741495
36.3,67,5391.901311
23.8,169,5392.326607
-11.0,117,5392.623251
31.75,130,5392.954572
33.65,124,5393.271229
34.9,99,5393.525971
11.5,11,5393.555217
33.5,123,5393.885858
34.35,106,5394.165115
34.3,103,5399.442154
34.2,101,5399.700085
32.65,128,5400.021368
35.05,84,5400.236073
29.4,145,5400.609524
36.05,80,5400.807884
35.6,73,5400.982728
34.75,82,5401.186574
34.25,108,5401.467718
30.2,121,5401.760377
32.25,108,5407.047151
35.15,90,5407.263549
30.1,147,5407.636773
32.45,112,5407.922826
35.25,92,5408.158821
30.05,140,5408.506045
33.65,100,5408.739881
21.35,14,5408.773705
23.3,183,5409.226431
29.55,122,5414.607942
17.4,13,5414.640803
32.05,132,5414.979679
-6.95,64,5415.132778
31.2,133,5415.456266
-2.0,1,5415.458819
13.35,14,5415.497263
-7.15,96,5415.745214
16.65,216,5416.299214
28.7,131,5416.617823
27.55,162,5421.945559
16.85,20,5421.994035
30.6,113,5422.267768
32.7,119,5422.554221
25.8,101,5422.795776
34.55,94,5423.023392
31.0,125,5423.330962
35.85,84,5423.527184
30.5,143,5423.863599
1.85,380,5429.757349
35.3,87,5429.968037
33.65,116,5430.259463
31.5,123,5430.575001
31.4,129,5430.896703
33.95,106,5431.1568
33.35,110,5431.390433
31.7,127,5431.653016
24.6,185,5436.700185
-5.7,67,5436.861059
34.6,89,5437.070766
34.05,100,5437.319372
31.65,128,5437.656632
15.6,33,5437.746589
27.6,165,5438.201546
32.7,127,5438.555061
27.15,154,5438.958668
36.45,72,5444.007053
20.95,22,5444.06356
32.95,106,5444.335242
34.0,105,5444.598539
30.7,127,5444.923192
-2.0,1,5444.925948
32.5,123,5445.23389
35.0,93,5445.464336
34.85,100,5445.719628
22.75,26,5445.785463
32.6,113,5446.102053
34.6,85,5446.346962
5.95,2,5446.35297
35.05,96,5451.982648
31.75,106,5452.270648
27.05,148,5452.665496
-21.85,574,5454.080263
28.35,146,5454.470348
20.65,28,5454.538863
18.8,193,5460.071906
22.95,190,5460.558752
28.2,145,5460.915384
35.2,89,5461.131458
34.7,95,5461.366693
18.9,167,5461.790849
-6.3,59,5461.942395
7.55,266,5467.449783
29.1,151,5467.791141
30.45,128,5468.092628
33.05,128,5468.398743
22.8,25,5468.455223
5.0,1,5468.457685
36.5,71,5468.627081
33.6,109,5468.885289
34.85,104,5469.13461
9.85,4,5469.144698
33.1,107,5469.396806
28.3,167,5474.642675
29.85,120,5475.018962
33.95,110,5475.291676
-6.15,72,5475.460695
34.0,105,5475.707541
36.35,74,5475.882997
31.5,119,5476.15342
35.5,83,5476.351199
7.95,2,5476.356234
34.5,91,5476.577415
18.55,230,5481.795038
7.75,6,5481.81036
25.1,147,5482.188343
30.7,127,5482.52217
11.45,12,5482.554049
23.35,186,5483.06469
30.8,145,5483.437051
14.9,19,5483.487092
-3.0,21,5483.542445
34.1,115,5483.83986
29.65,144,5489.371
34.5,95,5489.633725
25.3,55,5489.778203
34.55,94,5490.030448
24.25,164,5490.448665
27.75,158,5490.848744
33.65,108,5491.13084
34.2,105,5491.399001
36.0,73,5491.589205
34.9,95,5491.842633
21.05,20,5491.894811
25.75,162,5497.455329
34.05,108,5497.733458
33.25,120,5497.983619
33.6,117,5498.243864
35.6,81,5498.449701
11.65,8,5498.46959
29.0,165,5498.917533
35.45,88,5499.151374
5.0,1,5499.15401
26.55,162,5499.568152
16.45,120,5504.961128
10.0,1,5504.963717
33.05,132,5505.302524
24.8,205,5505.810923
33.2,117,5506.117201
30.75,122,5506.431242
17.55,34,5506.525899
14.45,88,5506.755608
19.5,87,5506.977758
28.45,172,5512.270987
-2.0,1,5512.273405
28.55,146,5512.612605
23.75,194,5513.076211
32.05,132,5513.402003
34.0,113,5513.690385
34.0,97,5513.927677
30.9,127,5514.239825
-4.2,45,5514.357638
5.95,2,5514.362994
18.9,23,5514.420395
13.3,243,5519.942326
-7.9,111,5520.182852
26.1,155,5520.525006
22.9,191,5520.951086
31.0,133,5521.244951
33.65,112,5521.498796
15.3,15,5521.534624
28.95,150,5521.883035
33.15,118,5526.9506
26.95,158,5527.351462
31.6,141,5527.714313
-2.0,1,5527.716966
34.1,107,5527.99181
33.9,99,5528.248153
34.75,94,5528.50498
29.05,148,5528.900851
34.85,92,5529.138719
-2.0,1,5529.141435
22.9,195,5534.548975
30.5,107,5534.806249
30.5,135,5535.138926
35.4,85,5535.346014
5.95,2,5535.351199
35.0,93,5535.581507
-42.95,440,5536.689646
-2.8,17,5536.733077
35.5,87,5541.800575
23.85,40,5541.893098
18.45,48,5542.009055
6.25,216,5542.523158
-6.15,76,5542.706652
30.35,142,5543.044338
11.7,7,5543.06069
33.45,80,5543.253699
29.8,37,5543.344717
19.3,15,5543.38139
21.9,43,5543.486024
31.9,123,5543.794639
30.45,148,5544.171854
34.15,94,5549.338593
-2.15,4,5549.34888
31.0,125,5549.662411
33.9,115,5549.944728
28.0,165,5550.351322
7.9,3,5550.358802
30.6,121,5550.661823
6.0,1,5550.665143
16.6,261,5551.318795
26.1,163,5551.721367
-4.45,46,5556.645275
29.25,148,5557.017788
13.5,11,5557.046067
29.5,123,5557.358637
20.6,201,5557.872658
10.8,101,5558.134914
20.0,181,5558.58572
34.0,109,5558.865393
-10.5,107,5559.136168
24.2,209,5564.503569
30.75,130,5564.839823
5.95,2,5564.844916
-7.25,94,5565.079985
33.85,112,5565.367688
-9.6,89,5565.598471
31.25,136,5565.960692
35.45,84,5566.20767
30.2,129,5566.557401
34.15,94,5571.77852
20.45,32,5571.861136
32.85,120,5572.163495
35.8,85,5572.378991
22.0,189,5572.849866
23.0,217,5573.399498
32.8,117,5573.688157
29.45,88,5573.911877
-2.0,1,5573.914406
17.2,229,5579.498595
36.3,67,5579.661534
31.65,84,5579.879015
-4.4,49,5580.002861
-28.55,464,5581.182466
26.6,193,5581.665709
34.1,115,5586.932568
34.7,95,5587.152397
6.0,1,5587.154996
34.35,106,5587.399911
30.1,135,5587.713358
31.9,123,5588.003856
21.7,199,5588.497885
-4.1,43,5588.60163
34.85,100,5588.859483
32.35,114,5589.157986
28.05,128,5594.372066
33.8,101,5594.63355
27.55,166,5595.069916
33.25,120,5595.391313
33.0,113,5595.685573
19.3,15,5595.721468
33.0,125,5596.039737
-2.8,17,5596.085255
9.65,8,5596.107064
33.45,104,5596.380832
26.25,176,5596.845852
26.75,66,5601.907352
24.05,36,5601.99262
19.25,48,5602.113509
28.45,152,5602.511227
35.7,83,5602.733461
32.1,99,5602.983274
34.9,99,5603.229582
24.55,74,5603.410704
21.0,21,5603.463835
36.65,68,5603.641167
26.95,158,5604.045297
31.2,133,5609.146896
27.6,49,5609.264783
31.75,122,5609.563231
24.45,32,5609.639157
25.3,55,5609.775147
23.15,186,5610.233025
35.55,86,5610.439951
32.1,143,5610.799837
33.2,117,5611.102539
25.2,57,5611.243275
31.6,121,5611.542074
13.3,231,5616.898043
19.1,19,5616.945091
34.6,73,5617.12318
-3.85,38,5617.218413
32.75,102,5617.46818
20.75,26,5617.530618
32.85,120,5617.819228
14.05,292,5618.557309
29.3,139,5618.909533
36.65,68,5623.863084
34.75,98,5624.101653
20.45,212,5624.643425
34.35,98,5624.882865
32.7,115,5625.168731
32.55,122,5625.484877
-3.45,26,5625.550743
26.4,85,5625.765952
35.35,90,5625.997862
25.45,52,5626.147558
32.1,119,5631.515676
16.9,187,5631.994406
33.7,111,5632.270879
34.45,104,5632.534111
-3.65,34,5632.622202
23.75,194,5633.130507
-3.3,23,5633.194843
34.55,82,5633.418989
31.5,135,5633.779749
29.5,119,5634.078724
32.5,123,5639.305251
33.6,109,5639.567948
33.6,105,5639.822325
26.3,151,5640.188668
33.1,119,5640.477606
32.25,128,5640.788427
28.3,143,5641.13346
34.85,92,5641.354832
37.05,56,5641.499104
34.1,79,5646.555658
25.75,162,5646.97528
29.85,136,5647.328884
33.6,113,5647.615474
9.7,7,5647.633573
-7.35,80,5647.835747
33.95,102,5648.097859
29.6,117,5648.387893
23.2,177,5648.821071
33.15,106,5654.159741
33.35,122,5654.455882
34.9,87,5654.666812
20.65,28,5654.734633
32.5,123,5655.029113
34.85,104,5655.294421
35.25,92,5655.528765
15.6,9,5655.552306
18.85,24,5655.613926
24.05,168,5656.041701
23.7,183,5656.508456
25.6,173,5661.933123
33.9,103,5662.19811
7.9,3,5662.205837
34.9,103,5662.472342
34.5,95,5662.716838
11.6,9,5662.739165
13.35,14,5662.774211
-4.95,60,5662.921563
7.85,4,5662.932739
31.8,81,5663.135865
11.65,8,5663.156577
32.05,96,5663.404369
28.2,161,5663.822094
8.0,1,5663.824638
3.1,399,5669.6724
31.65,132,5670.003765
31.25,108,5670.274266
20.75,50,5670.403979
13.45,12,5670.435016
19.2,17,5670.480928
35.1,91,5670.71455
-4.25,46,5670.83266
16.9,23,5670.894481
9.7,7,5670.912687
33.55,110,5671.18938
34.75,102,5671.450159
25.9,163,5676.813893
30.85,140,5677.158592
29.1,159,5677.546591
34.8,101,5677.80145
32.7,119,5678.096292
-31.25,694,5684.627609
34.15,98,5684.875418
6.0,1,5684.878047
34.3,111,5685.156131
18.45,28,5685.22349
33.2,117,5685.519196
34.25,104,5685.775301
33.95,118,5686.08865
26.9,159,5686.51224
34.25,108,5691.717605
34.0,109,5691.996951
36.85,64,5692.157396
5.9,3,5692.165186
26.25,168,5692.601662
33.9,103,5692.866349
33.5,127,5693.191066
23.7,63,5693.35242
32.95,130,5693.686663
34.35,102,5693.934564
28.3,171,5699.322232
15.6,9,5699.343009
22.95,206,5699.85602
28.8,153,5700.24357
26.45,196,5700.744485
13.55,10,5700.770504
32.2,121,5701.075481
-6.55,72,5701.259502
23.6,45,5701.373009
33.8,97,5706.619436
32.5,111,5706.894649
34.9,99,5707.145599
30.25,148,5707.518098
22.6,217,5708.058482
6.45,376,5709.007776
9.8,5,5709.02052
17.1,15,5709.058735
5.0,1,5709.061324
-4.8,45,5709.176086
11.75,6,5714.081926
32.3,107,5714.352614
31.7,127,5714.661903
35.35,94,5714.886491
34.7,91,5715.098807
32.45,124,5715.383777
20.35,30,5715.450645
29.5,163,5715.813352
30.65,120,5716.081069
32.0,117,5716.342357
34.5,111,5721.382427
34.9,83,5721.575428
35.05,88,5721.780573
31.25,128,5722.074199
32.95,126,5722.386835
22.6,29,5722.472529
24.25,176,5722.999363
18.85,24,5723.064298
34.5,95,5723.308695
17.25,16,5723.349514
33.0,129,5723.668698
35.95,78,5728.778649
13.7,7,5728.794496
-3.7,35,5728.876132
-2.0,1,5728.878615
-4.5,51,5728.998247
35.25,88,5729.201692
13.6,9,5729.223505
35.35,94,5729.458745
29.6,161,5729.850911
30.7,119,5730.145643
33.45,124,5730.447809
26.7,175,5730.879359
33.25,124,5731.186098
33.0,125,5736.20786
35.6,73,5736.386547
33.9,103,5736.644137
33.1,119,5736.957499
-5.85,66,5737.122739
-5.5,59,5737.271642
24.0,173,5737.691783
20.9,231,5738.271163
33.75,114,5743.487554
-3.05,22,5743.53778
32.7,107,5743.802949
28.8,161,5744.208799
15.2,17,5744.257022
21.0,21,5744.315566
33.6,117,5744.619363
26.4,81,5744.821974
34.35,110,5745.091315
34.7,99,5745.338988
21.2,61,5745.489096
33.45,116,5745.774935
34.35,102,5751.109265
34.25,104,5751.357259
34.25,104,5751.590331
33.1,127,5751.867989
34.35,106,5752.113565
29.85,132,5752.449999
35.5,87,5752.668315
31.8,121,5752.971831
25.6,97,5753.215203
30.6,141,5753.547117
32.8,125,5758.480986
32.1,115,5758.776276
20.8,173,5759.28737
33.3,123,5759.625398
32.85,124,5759.939583
34.15,94,5760.176435
35.95,82,5760.383438
20.5,31,5760.46118
36.25,76,5760.653514
32.0,129,5765.757607
32.95,114,5766.050601
34.85,92,5766.285774
29.85,136,5766.610413
23.85,200,5767.126463
32.85,100,5767.390243
35.8,81,5767.610693
-17.0,141,5768.026382
26.7,59,5768.183503
26.65,140,5773.858056
34.55,110,5774.137091
-2.15,4,5774.147363
20.1,235,5774.745534
34.4,101,5775.006839
31.7,123,5775.353846
-2.0,1,5775.356493
27.45,168,5775.802399
35.1,79,5776.004949
24.1,67,5776.179484
31.5,115,5781.33617
33.5,115,5781.625274
9.85,4,5781.63534
-2.85,18,5781.679127
33.3,127,5781.976698
33.6,105,5782.224765
30.35,126,5782.518365
35.3,91,5782.727368
34.0,109,5782.980024
31.75,134,5783.312218
29.9,151,5788.544158
34.55,86,5788.746224
22.3,207,5789.25684
26.5,187,5789.698911
26.0,41,5789.802404
30.25,96,5790.041372
34.45,104,5790.29675
-2.0,1,5790.299329
33.85,116,5790.590066
33.0,109,5790.868079
34.0,97,5795.949036
31.85,116,5796.239238
34.35,94,5796.471974
29.15,162,5796.880266
25.35,162,5797.280962
31.05,136,5797.616759
33.1,111,5797.896228
29.45,136,5798.244855
20.2,33,5798.323672
34.55,94,5803.398529
34.15,106,5803.637193
35.5,83,5803.832059
-8.25,110,5804.0916
35.35,94,5804.313931
22.1,39,5804.406866
33.45,116,5804.681247
34.3,107,5804.933638
32.2,129,5805.248953
-5.65,62,5805.405231
34.05,84,5805.602673
34.35,102,5810.687253
29.2,141,5811.03593
35.2,93,5811.268957
35.15,94,5811.505882
25.7,47,5811.62408
29.65,132,5811.95345
30.4,121,5812.252968
32.15,130,5812.577816
23.75,46,5812.693877
-5.45,66,5812.856323
35.2,93,5817.917213
30.95,142,5818.279757
33.45,112,5818.573543
33.55,106,5818.8534
33.9,115,5819.138266
31.5,139,5819.490725
31.85,128,5819.819402
13.45,12,5819.851077
33.05,132,5820.192947
34.9,95,5820.460701
32.85,144,5825.799003
35.0,97,5826.034846
35.85,76,5826.230246
33.8,113,5826.523749
30.45,148,5826.90634
-9.3,63,5827.06834
34.9,95,5827.312226
17.7,35,5827.40307
29.4,141,5827.773286
18.6,25,5827.83924
-4.55,48,5827.959573
15.4,13,5827.991672
31.4,117,5833.254526
30.1,143,5833.621089
36.05,80,5833.820789
15.6,9,5833.842954
33.85,104,5834.107745
34.25,108,5834.375577
28.85,144,5834.72813
-5.0,57,5834.873749
5.95,2,5834.878812
-2.1,3,5834.886249
34.3,103,5835.134102
30.4,133,5835.443982
33.25,132,5840.660169
29.15,50,5840.773612
35.05,88,5840.982333
32.7,111,5841.24918
33.15,118,5841.531587
35.65,88,5841.745635
-5.5,363,5842.62463
33.35,106,5842.890274
15.6,9,5842.912237
22.7,27,5842.977075
36.15,70,5847.93122
32.5,119,5848.230922
-2.0,1,5848.233761
32.2,125,5848.571235
15.35,14,5848.608596
15.35,14,5848.646157
29.5,143,5849.017681
5.0,1,5849.020273
11.75,6,5849.035395
32.35,110,5849.311278
35.25,84,5849.517477
28.95,142,5849.858564
33.35,118,5850.147842
-4.1,43,5850.254321
32.95,126,5855.326996
-8.05,114,5855.610922
34.7,99,5855.859687
16.15,174,5856.319371
-13.6,137,5856.676382
32.55,106,5856.96129
35.1,71,5857.139763
28.75,130,5857.500934
32.5,115,5857.823218
27.5,139,5863.041719
12.05,268,5863.682207
16.95,46,5863.797485
31.5,123,5864.10448
33.25,128,5864.419373
-4.9,55,5864.550234
-5.8,69,5864.717264
-6.2,57,5864.856342
29.3,139,5865.198712
34.45,92,5870.315709
24.7,175,5870.74259
30.45,148,5871.10168
13.7,7,5871.118795
31.45,144,5871.469227
22.9,23,5871.524781
32.3,135,5871.85366
33.55,114,5872.134823
29.35,154,5872.502035
22.7,27,5872.571504
34.6,97,5877.695549
35.5,91,5877.922722
23.75,142,5878.276217
34.8,105,5878.515356
33.55,110,5878.768793
26.0,157,5879.135231
11.7,271,5879.849132
18.05,68,5884.912536
33.85,92,5885.140565
33.85,104,5885.399441
32.95,114,5885.68326
-4.95,56,5885.824463
6.0,1,5885.827062
35.35,90,5886.04767
34.4,113,5886.330434
11.85,4,5886.340645
36.45,72,5886.522315
30.8,141,5886.875402
14.6,21,5886.928485
33.85,108,5887.190348
32.4,133,5892.374375
-3.05,22,5892.426639
29.2,133,5892.747813
27.7,159,5893.138782
9.85,4,5893.148868
26.35,174,5893.573688
34.45,104,5893.827425
32.2,125,5894.195346
34.75,102,5894.447037
13.8,5,5894.459675
35.05,96,5894.70099
33.9,107,5899.700429
32.5,123,5899.993171
15.25,16,5900.031142
27.05,144,5900.378649
34.4,89,5900.601936
20.3,203,5901.108891
27.5,147,5901.487952
33.4,121,5901.812484
25.35,202,5907.151576
30.65,140,5907.497126
29.15,150,5907.869437
28.25,160,5908.254404
29.9,127,5908.577939
28.0,41,5908.679993
-13.2,125,5908.985012
31.25,116,5909.273036
9.85,4,5909.283403
31.65,136,5914.454307
19.05,20,5914.508634
35.35,90,5914.7537
31.55,126,5915.058458
34.4,109,5915.326478
27.0,157,5915.72618
32.85,124,5916.048095
33.3,99,5916.304176
35.05,96,5916.539664
-3.55,24,5916.597377
11.55,10,5916.622723
34.7,95,5916.86564
-2.2,5,5916.879624
18.75,178,5922.195597
32.7,107,5922.460044
32.95,118,5922.745847
32.55,122,5923.046527
31.7,127,5923.367565
-2.0,1,5923.370237
35.65,80,5923.572845
30.7,127,5923.891452
-6.15,72,5924.068727
7.95,2,5924.073744
33.05,96,5924.303408
31.2,125,5929.53897
28.25,36,5929.636636
27.1,159,5930.048493
35.25,96,5930.288865
26.75,66,5930.451383
34.75,102,5930.700419
34.1,107,5930.957272
35.05,92,5931.183444
9.95,2,5931.188352
26.75,158,5931.581381
20.45,52,5931.706864
35.3,83,5936.644208
34.15,82,5936.840839
28.8,165,5937.24557
34.45,104,5937.506981
30.4,129,5937.826737
33.15,110,5938.102302
7.8,5,5938.11439
5.9,3,5938.121815
5.95,2,5938.126631
17.85,52,5938.253606
-5.95,76,5938.442541
11.85,4,5938.452713
29.7,131,5938.783104
-7.2,93,5939.017719
11.55,306,5944.529889
27.45,156,5944.918637
34.15,106,5945.184329
-6.4,69,5945.352975
35.35,94,5945.589367
33.85,112,5945.865573
33.8,89,5946.084164
21.95,42,5946.190218
-2.25,6,5946.206146
25.45,176,5951.376574
33.45,108,5951.66834
-4.75,56,5951.809532
34.45,104,5952.088406
33.65,108,5952.36904
34.2,109,5952.641387
32.95,118,5952.929744
-8.35,76,5953.123244
32.6,113,5953.40464
28.7,143,5958.563567
-47.45,698,5960.285327
28.0,41,5960.386241
30.0,129,5960.701506
32.0,125,5961.013534
11.6,9,5961.036147
35.05,88,5966.095573
5.0,1,5966.098228
-7.55,96,5966.335443
20.5,31,5966.413195
34.65,100,5966.660252
8.0,1,5966.662939
15.5,11,5966.689023
29.65,144,5967.043972
-5.25,58,5967.190704
34.9,91,5967.412519
25.85,40,5967.511999
9.75,6,5967.52706
10.4,237,5968.110365
31.25,128,5973.334503
17.15,18,5973.384574
28.05,180,5973.877776
35.8,81,5974.104405
32.75,126,5974.45739
5.95,2,5974.463073
11.9,267,5975.204077
6.0,1,5975.206829
5.0,1,5975.209588
31.75,114,5975.517999
32.65,120,5975.829993
32.05,112,5981.526171
34.45,84,5981.743448
26.4,165,5982.179968
9.15,10,5982.20716
30.55,150,5982.525543
13.3,15,5982.556343
13.65,8,5982.572762
-3.05,22,5982.616273
32.1,123,5982.866783
18.85,24,5982.917594
34.7,99,5983.130084
30.25,120,5983.402618
35.75,82,5983.597586
22.1,39,5983.691133
31.9,135,5988.949589
-6.3,83,5989.148927
33.9,111,5989.419621
30.05,144,5989.774287
17.4,13,5989.807292
28.6,57,5989.954861
33.7,127,5990.291066
26.3,71,5990.469011
33.95,118,5990.767466
-4.7,55,5990.906054
34.95,86,5991.117887
11.45,12,5991.147775
34.8,101,5996.273016
17.85,252,5996.899964
23.4,157,5997.278604
28.5,71,5997.447887
32.15,114,5997.735286
31.9,135,5998.07063
14.15,242,6003.502668
32.45,120,6003.797549
29.75,130,6004.12223
34.0,105,6004.375166
28.2,69,6004.54892
13.15,18,6004.594534
33.35,110,6004.872042
35.35,82,6005.08509
-2.0,1,6005.087837
29.9,111,6005.379671
-6.6,93,6005.615804
16.8,21,6005.668989
13.15,10,6005.694455
33.75,122,6006.000084
24.5,31,6010.891174
13.4,13,6010.92344
-2.0,1,6010.925937
9.75,6,6010.941001
35.35,90,6011.166323
35.8,85,6011.380768
19.65,200,6011.904047
34.25,104,6012.17239
15.55,10,6012.196601
33.95,102,6012.447702
33.7,111,6012.733569
22.25,36,6012.826667
-6.65,94,6013.063488
18.95,22,6013.116245
28.45,64,6013.271521
34.7,99,6018.305005
34.15,110,6018.556755
16.95,18,6018.598947
33.85,104,6018.851208
32.45,140,6019.195454
22.7,27,6019.261968
34.2,109,6019.529608
33.95,118,6019.810969
11.7,7,6019.827618
35.05,96,6020.073711
34.0,109,6020.364459
-3.0,21,6020.420852
33.1,119,6020.739299
27.45,164,6025.81667
36.45,64,6025.966775
33.3,111,6026.238167
35.1,75,6026.427067
29.75,146,6026.790948
34.35,110,6027.057917
28.4,73,6027.245255
34.55,102,6027.51939
23.05,84,6027.737118
31.9,143,6032.869096
36.6,69,6033.037017
-14.1,403,6034.116485
17.8,29,6034.19788
33.9,103,6034.483338
35.35,86,6034.717031
34.15,114,6035.028552
27.7,143,6035.424881
17.15,18,6035.475378
12.55,282,6041.383386
-7.45,90,6041.584195
17.4,209,6042.075731
32.7,119,6042.366123
-7.65,86,6042.572966
34.85,92,6042.794961
31.25,116,6043.070062
32.25,108,6048.342576
29.7,151,6048.711246
22.3,179,6049.174142
35.85,80,6049.395607
29.05,88,6049.643873
33.35,94,6049.886295
11.8,5,6049.899001
23.55,50,6050.023943
29.6,121,6050.327927
7.9,3,6050.335499
31.25,120,6050.649558
10.2,265,6056.375549
17.25,16,6056.414158
35.3,91,6056.634506
-6.25,74,6056.821386
31.65,140,6057.181508
33.9,119,6057.485889
30.65,132,6057.831706
36.25,72,6058.031335
3.15,366,6063.943322
-4.2,45,6064.059318
34.8,93,6064.330161
33.75,106,6064.610113
36.0,77,6064.820604
33.4,117,6065.138192
34.65,104,6065.406585
35.5,91,6065.638291
-5.35,56,6065.783987
26.6,169,6071.081467
19.1,19,6071.130364
9.6,9,6071.153907
34.1,107,6071.433698
27.75,150,6071.830199
32.7,123,6072.153969
29.5,91,6072.387118
25.65,168,6072.824384
30.55,142,6073.17163
32.6,145,6073.538221
35.4,89,6078.50719
34.65,96,6078.755022
34.3,111,6079.030182
30.4,125,6079.342908
21.95,42,6079.451321
34.65,96,6079.690567
33.3,91,6079.913094
-6.4,49,6080.035241
35.6,89,6080.255642
34.0,121,6080.547984
35.85,80,6080.741949
35.0,97,6085.775348
-5.85,74,6085.958002
33.8,93,6086.185697
34.05,88,6086.405075
30.6,129,6086.727199
25.6,177,6087.151835
32.0,109,6087.414822
-2.65,14,6087.449364
-16.45,146,6087.828159
35.45,88,6088.054814
13.6,9,6088.078226
34.45,108,6093.615259
33.35,102,6093.875241
30.0,133,6094.21863
34.1,119,6094.515521
-7.6,101,6094.775335
-2.55,12,6094.808477
32.6,125,6095.152742
33.9,95,6095.402676
34.25,100,6095.659433
32.6,113,6095.960383
8.75,10,6095.986673
35.25,88,6096.208074
31.5,123,6101.629136
32.05,144,6101.986823
32.3,111,6102.204189
35.0,89,6102.377704
35.2,93,6102.566095
30.1,127,6102.829944
33.75,126,6103.093639
27.7,147,6103.404091
29.8,149,6108.423788
32.05,128,6108.716921
-5.2,65,6108.873589
35.25,96,6109.100985
31.65,128,6109.421742
20.95,250,6110.055033
29.8,141,6110.419142
-6.25,86,6110.635671
25.35,158,6115.991705
19.15,206,6116.506046
28.1,167,6116.920495
31.1,59,6117.059305
29.05,120,6117.339031
32.35,134,6117.672139
26.4,137,6118.013665
33.75,118,6123.021192
29.95,138,6123.384547
27.7,167,6123.80193
29.75,154,6124.203448
23.55,206,6124.751177
35.3,87,6124.975368
35.15,90,6125.197298
34.15,114,6125.482135
32.95,122,6130.671105
29.2,157,6131.063801
32.8,125,6131.362052
32.0,97,6131.600055
25.5,179,6132.048458
13.5,11,6132.076088
30.05,148,6132.444441
33.5,111,6132.721889
16.1,251,6137.965652
34.15,118,6138.257465
34.95,86,6138.473821
29.9,143,6138.838273
-5.65,74,6139.021886
22.5,199,6139.519179
23.0,217,6140.064742
33.9,103,6145.239305
31.5,135,6145.573477
36.0,77,6145.764021
34.6,81,6145.968291
32.15,118,6146.268504
30.0,145,6146.666598
26.05,152,6147.069383
33.8,109,6147.368985
-4.1,43,6147.490345
16.95,198,6152.856076
33.45,112,6153.123451
5.9,3,6153.130942
30.8,65,6153.294917
32.2,113,6153.574162
13.9,219,6154.134685
29.75,150,6154.49976
31.5,127,6154.818146
27.85,172,6160.128858
35.2,89,6160.350558
29.6,85,6160.546153
-2.0,1,6160.548593
-5.4,57,6160.678106
36.8,65,6160.838341
31.2,137,6161.182731
34.45,108,6161.450274
30.45,108,6161.713607
31.05,148,6162.087253
32.3,115,6162.366452
32.05,124,6167.63959
26.7,131,6167.967013
34.0,113,6168.258039
29.0,165,6168.676651
34.65,108,6168.946576
-2.0,1,6168.949189
35.6,85,6169.165965
30.65,128,6169.489553
17.1,19,6169.537688
27.9,175,6169.984073
36.2,77,6175.258842
-2.05,2,6175.264434
32.1,119,6175.566187
34.1,107,6175.849931
34.55,110,6176.149395
16.8,21,6176.205352
35.8,81,6176.416996
34.95,90,6176.646587
32.4,125,6176.98366
-2.1,3,6176.99132
32.1,111,6177.281099
-7.05,98,6177.522459
35.05,100,6177.774796
30.1,143,6182.952363
-2.0,1,6182.954814
23.75,170,6183.3823
32.95,126,6183.696301
28.45,68,6183.865691
31.85,128,6184.178961
20.2,257,6184.831517
21.25,200,6190.197128
19.1,19,6190.244558
9.95,2,6190.2497
-2.0,1,6190.252159
36.0,77,6190.447464
-2.0,1,6190.450072
30.45,152,6190.805932
30.25,152,6191.187822
35.45,92,6191.419306
32.9,127,6191.744559
34.3,111,6192.034881
31.75,130,6192.373311
36.4,73,6192.569318
32.9,123,6197.846126
6.0,1,6197.848772
17.25,16,6197.890302
31.25,124,6198.202913
29.8,141,6198.562204
13.55,10,6198.588011
27.3,163,6199.011723
-9.25,86,6199.234185
-4.7,47,6199.353776
24.0,93,6199.591051
34.35,110,6199.871973
35.0,93,6200.103604
-5.35,56,6200.249079
32.55,110,6205.327486
-5.4,69,6205.497424
33.45,92,6205.730916
-2.15,4,6205.740574
-2.4,9,6205.762528
30.05,124,6206.058171
33.9,111,6206.331304
36.25,76,6206.510411
30.7,119,6206.797041
33.7,119,6207.107736
24.25,160,6207.505538
23.95,66,6212.595532
32.85,108,6212.855302
33.65,100,6213.10848
7.8,5,6213.121403
34.8,97,6213.359897
-4.75,52,6213.485119
35.55,90,6213.704417
13.85,4,6213.714562
35.95,78,6213.912808
34.35,106,6214.182448
32.3,139,6214.528902
31.35,130,6214.85322
19.2,17,6214.89423
29.2,141,6220.127743
13.3,15,6220.163788
34.4,113,6220.446257
36.45,72,6220.630732
33.85,120,6220.939022
7.9,3,6220.946952
31.7,139,6221.300382
22.65,28,6221.369038
30.6,149,6221.731992
30.85,144,6222.076838
35.3,87,6222.298182
22.55,30,6222.374885
20.45,28,6222.446282
31.75,138,6227.7393
17.45,12,6227.76928
34.15,94,6228.002608
33.6,117,6228.301006
-5.55,68,6228.471657
34.7,87,6228.690576
33.15,118,6228.986577
-4.5,43,6229.096218
15.7,7,6229.114179
30.05,40,6229.219494
24.75,206,6229.769827
19.25,16,6229.81081
29.15,134,6235.010363
36.2,77,6235.202975
11.65,8,6235.222697
32.95,130,6235.545791
32.9,131,6235.877639
-5.05,58,6236.029955
34.85,92,6236.27877
33.65,124,6236.60016
22.5,227,6237.124174
20.85,24,6237.17891
35.4,85,6237.374401
34.4,89,6242.258691
24.7,51,6242.381381
30.3,151,6242.733918
28.55,146,6243.096007
-7.55,340,6243.903234
-10.15,72,6244.086166
34.95,90,6244.311502
33.55,106,6244.575766
24.15,210,6249.820828
29.5,139,6250.145238
35.0,93,6250.361253
33.5,123,6250.658253
34.25,104,6250.915545
20.75,26,6250.981266
35.0,97,6251.22236
7.0,249,6251.857984
15.75,6,6251.874018
9.7,7,6251.895162
17.25,16,6256.808027
32.65,116,6257.140924
19.4,13,6257.175963
-4.25,46,6257.292504
-3.2,25,6257.35573
26.45,32,6257.435917
33.8,113,6257.711638
29.2,113,6257.994828
-10.7,99,6258.242618
36.5,67,6258.404556
32.5,107,6258.667841
32.6,109,6258.938893
13.45,12,6258.969603
-7.65,74,6259.154009
28.95,158,6264.292948
33.45,100,6264.528001
31.85,148,6264.870749
35.05,100,6265.101322
34.4,113,6265.374235
26.35,158,6265.763341
30.8,145,6266.125787
25.25,180,6266.577756
31.6,133,6271.7955
34.4,101,6272.044514
35.2,93,6272.280699
31.8,125,6272.597943
34.7,103,6272.856573
34.2,105,6273.096901
35.8,81,6273.281953
34.95,102,6273.516714
35.2,93,6273.741062
32.5,119,6278.936905
35.1,99,6279.179091
13.65,8,6279.198418
31.3,139,6279.519588
30.35,138,6279.841114
32.65,116,6280.103649
2.8,333,6280.899414
31.8,113,6281.169077
31.9,127,6286.410381
30.45,136,6286.814385
13.65,8,6286.836334
-2.0,1,6286.839079
35.5,87,6287.079595
34.05,108,6287.376549
35.1,83,6287.619341
31.85,124,6287.963277
15.35,14,6288.002092
29.75,154,6288.407371
33.6,121,6288.705935
25.2,53,6288.836347
30.6,129,6294.031831
33.3,119,6294.345332
33.8,105,6294.609238
33.3,127,6294.926118
32.9,63,6295.079843
5.0,1,6295.082412
32.9,131,6295.408805
26.9,63,6295.557068
34.3,95,6295.792154
7.85,4,6295.80252
31.45,128,6296.127115
5.95,2,6296.132158
35.85,76,6296.323196
30.95,154,6301.620646
9.85,4,6301.63107
34.95,98,6301.887711
35.9,75,6302.080856
-4.9,59,6302.229647
15.2,17,6302.273787
19.3,47,6302.394775
33.0,121,6302.703082
34.7,107,6302.971778
27.0,37,6303.065654
22.1,39,6303.165629
32.8,101,6303.430286
15.35,14,6303.466763
31.5,135,6303.816607
13.7,7,6303.83487
15.4,13,6303.868179
14.25,284,6309.630628
34.15,102,6309.882108
29.35,126,6310.204713
34.75,90,6310.43377
20.35,222,6311.004928
25.0,181,6311.470905
-7.05,94,6316.525044
15.5,255,6317.158064
35.1,99,6317.408982
35.35,94,6317.643651
27.55,174,6318.067927
13.65,8,6318.086974
24.15,38,6318.178382
6.0,1,6318.18089
19.5,207,6318.691034
32.75,118,6318.987135
32.35,114,6323.946866
23.75,226,6324.467772
34.1,103,6324.709548
30.2,137,6325.024298
-14.1,387,6325.928756
35.6,89,6330.941264
34.7,107,6331.184543
-5.35,68,6331.353527
36.4,61,6331.50408
34.95,94,6331.739949
35.85,72,6331.920454
-3.75,36,6332.011378
20.25,36,6332.103278
33.6,125,6332.416647
32.6,113,6332.700452
21.9,43,6332.809549
9.75,6,6332.824293
32.25,120,6333.124653
9.9,3,6333.132197
33.6,109,6333.40099
9.8,5,6338.347667
35.0,93,6338.573986
25.9,175,6338.989923
24.1,39,6339.086457
33.95,94,6339.30868
34.95,86,6339.50919
35.45,92,6339.734405
25.6,145,6340.096432
31.95,138,6340.429565
-18.9,167,6345.589839
-2.0,1,6345.592538
33.05,116,6345.871164
34.45,108,6346.131843
32.55,122,6346.451733
22.25,36,6346.546153
34.65,104,6346.795027
-5.4,65,6346.953932
27.7,155,6347.333075
34.1,103,6347.585615
8.7,295,6353.138926
31.75,126,6353.448979
34.5,111,6353.731266
29.7,131,6354.056551
35.1,99,6354.302558
24.8,57,6354.446185
-3.75,36,6354.536576
33.0,129,6354.860142
36.5,71,6355.039065
31.65,120,6355.330618
32.85,128,6360.409469
24.35,174,6360.836566
35.15,90,6361.061979
-5.25,62,6361.212336
32.8,113,6361.498272
14.7,303,6362.259757
7.45,220,6367.594286
36.3,75,6367.772505
33.8,105,6368.021385
24.5,179,6368.462714
11.8,5,6368.475362
11.75,6,6368.490467
-39.9,511,6369.796937
32.5,99,6370.059744
35.85,80,6375.284875
27.15,58,6375.417901
27.45,160,6375.792427
30.05,140,6376.113274
-2.65,14,6376.14685
31.2,149,6376.494038
34.3,111,6376.762076
34.7,107,6377.015529
-2.95,20,6377.063044
21.0,197,6377.543513
33.55,122,6382.643191
28.05,160,6383.039162
32.5,131,6383.334989
5.0,1,6383.337457
-2.75,16,6383.373596
34.95,98,6383.595364
-2.0,1,6383.597619
33.7,99,6383.829681
15.45,12,6383.858852
28.1,139,6384.195135
29.8,137,6384.537093
30.25,140,6389.655009
34.4,105,6389.901207
-4.75,52,6390.025438
27.25,160,6390.39391
35.0,101,6390.633799
30.1,127,6390.949927
9.65,8,6390.969932
-6.2,85,6391.182729
34.75,98,6391.425686
25.3,163,6391.824836
33.5,111,6392.101828
14.4,253,6397.551995
33.7,111,6397.834346
29.15,166,6398.262809
34.1,91,6398.491092
31.45,136,6398.827646
35.75,86,6399.033906
11.75,6,6399.048455
7.85,4,6399.058228
35.75,86,6399.264612
31.8,129,6404.317021
11.65,268,6404.978665
34.7,99,6405.221391
33.35,122,6405.528932
33.65,128,6405.851755
31.8,113,6406.137151
33.45,80,6406.36462
34.35,106,6406.667326
28.65,140,6411.799382
34.0,105,6412.063008
35.4,93,6412.298259
11.85,4,6412.308343
33.5,111,6412.587074
-8.9,91,6412.814774
25.7,163,6413.223462
-4.75,56,6413.358729
32.65,120,6413.661694
23.1,207,6414.167647
36.2,73,6419.067964
-9.3,103,6419.328257
35.25,76,6419.515518
35.3,79,6419.712133
32.4,109,6419.98057
9.9,3,6419.988319
-4.75,52,6420.117899
3.8,269,6420.811058
32.65,120,6421.122426
35.35,94,6421.366546
27.05,156,6426.629432
7.9,3,6426.637335
33.5,123,6426.942132
33.3,123,6427.23367
-4.25,34,6427.314032
28.05,164,6427.71051
14.1,279,6428.395221
29.5,159,6428.793537
23.6,197,6434.073836
-15.75,340,6434.872647
22.55,30,6434.942334
35.8,81,6435.134392
-4.7,55,6435.268157
34.35,90,6435.480752
34.05,92,6435.699779
-6.25,70,6435.857927
29.7,151,6441.075358
-3.95,40,6441.17212
35.15,90,6441.381421
33.45,100,6441.61526
31.05,144,6441.971041
35.1,95,6442.210506
36.05,68,6442.380595
34.15,106,6442.642524
1.25,264,6443.299677
11.75,6,6443.314441
-2.05,2,6443.319285
30.25,148,6448.504218
36.75,62,6448.655456
33.5,131,6448.970257
-5.75,76,6449.151434
20.15,38,6449.244561
30.2,37,6449.331774
34.1,111,6449.590087
5.95,2,6449.595054
-5.0,57,6449.732166
22.45,184,6450.17925
30.2,77,6450.377113
-1.4,285,6456.020954
34.1,119,6456.299706
27.35,50,6456.415454
31.95,118,6456.702931
34.05,104,6456.970366
29.6,165,6457.39172
32.05,132,6457.722875
-4.4,49,6457.844088
34.8,97,6458.102516
-8.35,100,6463.294695
29.05,160,6463.688432
31.6,113,6463.972326
-5.95,76,6464.166584
33.1,111,6464.451176
15.75,222,6465.017156
35.95,74,6465.207727
33.55,122,6465.520898
26.4,33,6465.606053
14.85,272,6471.19512
23.5,163,6471.614031
32.5,123,6471.921024
-5.45,62,6472.07198
32.75,102,6472.333027
22.65,188,6472.815278
-7.25,98,6473.062887
16.25,292,6478.704781
19.45,176,6479.145983
31.4,125,6479.468403
29.2,125,6479.793034
33.35,126,6480.117436
34.45,96,6480.361638
34.85,100,6480.618274
5.95,2,6480.624029
30.45,128,6485.912282
-3.15,24,6485.968578
34.1,103,6486.21581
35.25,92,6486.439711
35.35,90,6486.663406
34.6,109,6486.939658
36.5,67,6487.111982
-2.0,1,6487.114694
34.15,102,6487.380699
32.0,129,6487.710958
29.85,96,6487.960354
34.2,109,6488.23981
35.0,97,6493.708663
-7.5,83,6493.912003
35.1,95,6494.138087
35.1,91,6494.356427
31.85,128,6494.665895
31.7,131,6494.980692
34.9,103,6495.249434
33.0,113,6495.535314
36.15,74,6495.72511
36.2,77,6495.923993
32.35,114,6501.239382
32.6,109,6501.523746
15.35,14,6501.559893
27.5,51,6501.691411
32.9,123,6501.999927
32.85,120,6502.307264
15.35,14,6502.343513
5.9,3,6502.351478
24.05,188,6502.812576
13.6,9,6502.835909
33.5,119,6503.146517
32.75,122,6503.466743
32.35,122,6508.667089
34.7,83,6508.872685
7.85,4,6508.882962
-2.55,8,6508.902918
35.4,89,6509.123738
33.4,117,6509.419555
30.5,139,6509.781092
34.3,91,6510.007547
19.35,14,6510.043561
34.2,109,6510.327098
5.0,1,6510.329706
-3.55,32,6510.412694
32.2,117,6510.71692
33.75,102,6510.975223
35.55,90,6511.19985
34.8,97,6516.35801
20.7,27,6516.42947
26.5,31,6516.509633
-4.0,41,6516.618088
28.2,73,6516.801281
-10.0,125,6517.109584
34.9,99,6517.355137
7.9,3,6517.362771
31.85,120,6517.655703
30.0,129,6517.965341
34.35,106,6518.228863
5.9,3,6518.236203
32.7,111,6518.510618
36.25,76,6518.707515
15.2,17,6523.490251
18.8,25,6523.5497
-2.3,7,6523.566183
33.2,105,6523.818377
34.9,99,6524.058379
35.2,89,6524.275896
36.0,73,6524.448632
32.2,77,6524.639859
33.05,120,6524.927656
32.7,107,6525.194772
35.55,90,6525.413022
11.65,8,6525.432887
-2.0,1,6525.435339
35.45,84,6525.640274
6.0,1,6525.642811
28.75,142,6530.885652
26.05,192,6531.346145
6.0,1,6531.348528
-11.25,78,6531.526613
34.25,108,6531.784976
33.85,112,6532.050933
-4.45,46,6532.166305
27.9,63,6532.321305
20.5,199,6532.82453
30.35,138,6533.18209
-2.55,12,6533.211213
15.0,21,6533.261292
