#{"t_start": 1785840379.9767253, "env_id": "None"}
r,l,t
9.75,1,2.065844
7.99,10,2.142868
9.49,4,2.171299
11.495,3,2.19378
11.995,1,2.201105
11.995,1,2.208964
11.995,1,2.217537
11.995,1,2.225502
9.74,3,2.248243
9.99,2,2.262101
9.74,3,2.282851
11.495,3,2.304019
11.995,1,2.310782
11.995,1,2.323377
10.161667,3,2.345821
9.901667,6,2.393722
11.303333,6,2.439427
11.995,1,2.446356
10.533333,13,2.543354
9.49,4,2.569554
9.75,1,2.577148
10.543333,11,2.655106
9.99,2,2.669557
9.341667,20,2.807264
11.995,1,2.814948
9.75,1,2.820788
9.43,16,2.934364
10.651667,3,2.95346
9.935,21,3.098765
9.75,1,3.105367
7.95,18,3.232977
11.043333,9,3.293584
10.131667,9,3.350841
11.745,2,3.365031
10.563333,7,3.408629
10.641667,5,3.44498
9.75,1,3.450705
10.823333,4,3.478114
11.995,1,3.485621
11.745,2,3.500256
11.495,3,3.523003
11.995,1,3.529881
10.411667,2,3.544308
10.376667,9,3.640301
10.475,11,3.717823
9.97,6,3.765661
8.713333,34,4.009322
10.386667,7,4.058099
10.621667,13,4.146836
11.323333,2,4.162571
7.678333,41,4.433878
9.788333,11,4.508055
10.813333,6,4.545325
10.003333,21,4.685585
9.435,19,4.812169
7.225,69,5.285148
10.253333,20,5.42064
8.201667,56,5.806254
10.273333,16,5.916149
11.293333,8,5.973711
10.651667,3,5.996997
9.116667,16,6.104333
9.75,1,6.11077
10.038333,10,6.178302
9.74,3,6.198418
7.813333,67,6.651997
10.475,7,6.698728
6.653333,54,7.264517
11.073333,3,7.286819
11.073333,3,7.307718
11.745,2,7.322781
10.661667,1,7.329897
6.021667,100,8.022382
8.851667,24,8.183652
10.661667,1,8.191031
9.75,1,8.197603
10.655,20,8.334336
9.75,1,8.340444
7.843333,61,8.761038
11.745,2,8.773772
9.99,2,8.788598
11.745,2,8.80328
10.533333,13,8.886772
5.346667,84,13.13269
9.75,1,13.139043
9.75,1,13.145613
9.75,1,13.153231
9.856667,15,13.255723
9.871667,16,13.367095
11.745,2,13.381536
9.298333,11,13.455748
10.656667,2,13.470416
11.995,1,13.477575
10.411667,2,13.490967
10.783333,12,13.572419
11.995,1,13.580128
11.995,1,13.587546
10.195,14,13.679277
10.695,12,13.758855
10.661667,1,13.765876
6.2,74,14.28399
9.796667,27,14.466349
10.293333,12,14.553465
9.99,2,14.567482
9.74,3,14.587359
9.606667,16,14.694098
10.318333,3,14.715545
10.131667,13,14.804861
8.546667,32,15.038518
10.735,4,15.06978
10.136667,8,15.127231
10.106667,14,15.228851
11.995,1,15.236309
10.735,4,15.266145
9.681667,54,15.653505
10.22,18,15.836038
9.45,38,16.100364
-7.915,100,16.949907
-7.825,100,17.879518
11.745,2,17.896138
7.69,65,18.411756
-7.335,100,19.349387
-7.29,100,20.227169
11.995,1,20.237546
10.661667,1,20.245403
11.053333,7,20.292229
-6.045,100,21.120076
10.64,14,25.777241
10.485,5,25.816529
11.535,4,25.850129
10.328333,1,25.859511
7.955,70,26.373646
8.42,66,26.853199
8.615,54,27.265052
11.25,21,27.437648
10.365,11,27.559787
8.805,47,27.97588
10.465,40,28.270543
9.71,22,28.426686
9.558333,8,28.483124
11.073333,3,28.505241
9.99,2,28.519551
10.401667,4,28.549351
10.661667,1,28.558347
11.995,1,28.565871
10.661667,1,28.573251
10.298333,7,28.621923
9.985,25,28.806906
10.553333,9,28.869585
9.19,15,28.977402
11.323333,2,28.991758
-6.0,100,29.699194
10.395,23,29.861736
-5.065,100,30.595397
7.77,67,31.074318
10.77,6,31.118112
9.465,31,31.333861
10.025,30,31.549293
11.073333,3,31.57065
-4.575,100,32.26876
10.045,13,32.360566
9.74,3,32.382301
9.555,13,32.648858
10.325,6,32.722549
-6.665,100,33.425648
11.391667,6,37.129174
11.56,8,37.205978
10.175,18,37.373313
10.795,23,37.551107
10.995,1,37.55976
11.995,1,37.567879
10.79,15,37.679897
11.105,10,37.752422
10.656667,2,37.769681
9.255,24,37.957111
10.315,8,38.03114
11.095,12,38.134062
11.515,8,38.195427
10.195,1,38.207303
10.585,3,38.237239
10.575,5,38.286191
9.3,24,38.546434
10.745,2,38.566556
10.965,7,38.640132
10.475,7,38.698539
10.155,22,38.888695
9.75,1,38.895294
11.995,1,38.902989
9.99,2,38.921043
10.195,1,38.929235
9.636667,10,39.008795
10.89,13,39.11526
9.475,29,39.332999
10.656667,2,39.347065
9.29,26,39.537418
10.685,14,39.637633
11.323333,2,39.651481
10.34,12,39.738528
11.16,8,39.804628
10.661667,1,39.815684
10.995,1,39.824533
11.313333,4,39.852934
11.57,6,39.903574
9.75,1,39.916221
10.555,9,40.005024
10.52,7,40.079294
11.15,10,40.180166
9.98,4,40.21493
10.39,2,40.23183
10.11,22,40.47048
9.828333,3,40.494415
10.445,13,40.625015
11.305,19,40.825652
10.91,9,40.935046
11.18,4,40.98196
9.75,1,40.991084
10.575,5,41.034499
11.375,5,41.077008
11.19,2,41.098016
8.25,33,41.438061
10.636667,6,41.527488
10.195,1,41.549269
11.06,10,41.706579
10.78,4,41.75858
11.15,10,41.893746
10.78,4,41.955035
11.375,5,42.065337
10.375,27,42.571362
9.99,2,42.821359
7.386667,99,44.545049
10.443333,31,44.987405
6.305,97,45.998396
10.055,20,46.210125
8.135,61,46.777199
9.64,49,47.217311
10.5,11,47.322526
9.663333,27,47.597956
8.308333,84,53.620907
10.518333,34,54.117526
9.806667,56,54.783064
10.361667,12,54.910098
9.861667,14,55.061857
10.598333,18,55.212851
11.323333,2,55.229545
10.74,12,55.323865
11.995,1,55.331534
10.475,7,55.393851
10.51,9,55.467285
11.323333,2,55.48468
-4.775,100,56.280442
9.421667,53,56.693115
10.878333,11,56.775004
9.75,1,56.783378
10.361667,12,56.881147
9.406667,38,57.174401
10.531667,40,57.490139
10.196667,27,57.706495
9.171667,54,58.13623
11.2,31,58.381372
10.308333,27,58.641743
10.661667,1,58.650834
10.128333,14,58.757126
11.385,3,58.784885
-3.485,100,59.565527
8.62,57,60.006607
10.24,14,60.11498
10.183333,21,60.279879
10.513333,4,60.310258
9.785,38,60.63572
10.985,3,60.659789
10.598333,18,60.803615
10.146667,37,61.100105
10.855,11,61.183776
6.785,86,62.068788
10.986667,16,62.201171
10.868333,13,62.306132
11.04,14,67.456917
10.641667,5,67.507663
10.173333,23,67.781142
10.648333,8,67.861075
10.645,13,67.981817
10.315,30,68.22031
10.398333,9,68.295118
10.75,10,68.378545
10.75,10,68.472062
11.253333,16,68.614004
11.641667,5,68.662237
10.21,20,68.831113
10.571667,19,68.977975
10.828333,21,69.154238
9.158333,74,69.846501
11.17,6,69.899377
10.77,6,69.954207
10.406667,34,70.271665
8.91,35,70.591694
10.943333,29,70.864429
10.656667,2,70.880758
10.085,14,70.99107
11.273333,12,71.087954
10.78,4,71.127481
9.795,23,71.334252
10.53,5,71.378089
10.375,5,71.422403
9.99,2,71.440961
10.476667,20,71.608107
11.651667,3,71.631529
10.975,5,71.675634
10.77,6,71.726586
10.985,3,71.753057
9.948333,50,72.141632
10.27,8,72.203169
8.033333,59,72.651206
11.006667,12,72.755634
9.161667,56,73.267627
10.783333,12,73.366992
10.506667,14,73.488383
10.645,13,73.599157
11.995,1,73.607673
10.523333,2,73.626596
7.543333,59,74.072018
10.766667,11,74.155372
10.75,10,74.227144
11.995,1,74.236544
9.75,1,74.24281
10.256667,2,74.257979
11.175,5,74.292244
8.101667,72,74.806703
10.098333,20,74.951124
10.585,25,75.131168
10.648333,8,75.195867
11.323333,2,75.211372
11.135,13,75.306118
10.75,10,75.384731
11.391667,6,75.428332
10.068333,26,75.612039
10.865,18,75.73974
10.273333,3,75.761172
8.363333,42,79.67301
11.026667,8,79.733613
10.503333,6,79.776939
11.365,7,79.829687
10.766667,11,79.911858
9.808333,29,80.121459
10.656667,2,80.136932
10.656667,2,80.152442
11.371667,19,80.294468
10.763333,16,80.410016
10.108333,18,80.546807
11.323333,2,80.562177
10.661667,1,80.569789
10.656667,2,80.585986
11.158333,17,80.710337
11.323333,2,80.725292
11.323333,2,80.739966
10.898333,7,80.792708
10.226667,8,80.850728
11.023333,13,80.94222
11.115,8,80.999352
11.016667,10,81.073525
10.888333,9,81.139425
11.323333,2,81.155681
9.75,1,81.162146
10.493333,8,81.225843
11.111667,22,81.389856
10.513333,4,81.42104
10.398333,9,81.488333
10.513333,4,81.51532
10.641667,5,81.553493
10.51,9,81.618144
11.131667,18,81.749578
10.966667,20,81.914361
11.323333,2,81.928858
11.995,1,81.93635
10.725,6,81.979208
11.111667,22,82.139295
10.898333,7,82.191605
10.641667,5,82.231767
11.985,3,82.256737
10.75,10,82.329708
10.628333,12,82.418587
10.908333,5,82.453574
10.908333,5,82.499361
11.995,1,82.570867
10.13119,20,82.757066
11.103571,16,82.874868
10.692619,22,83.035025
9.840952,10,83.107089
9.802381,34,83.346937
10.583333,52,83.724923
8.903095,75,84.272007
8.793095,48,84.61936
-4.889286,100,85.351704
10.985,3,85.374955
10.933333,31,85.59738
9.672143,41,85.891457
11.092857,10,85.96186
10.622381,17,86.087409
10.985,3,86.110983
11.995,1,86.11883
11.411667,11,86.196331
9.75,1,86.202676
9.042143,69,86.709039
11.053571,26,86.902776
10.725,6,86.946499
9.99,2,86.95962
9.561905,44,91.149796
9.822619,49,91.565693
10.501667,33,91.804897
10.321667,20,91.948519
9.422619,31,92.172398
10.441905,15,92.284986
10.683333,32,92.530047
10.985,3,92.553121
10.412619,29,92.763685
10.281667,28,92.987776
11.115,8,93.045504
10.502619,60,93.496495
-3.759524,100,94.259372
-3.528333,100,95.097773
10.802143,11,95.177657
10.302143,13,95.280937
10.45119,5,95.327019
9.752143,25,95.526614
11.17,6,95.570685
11.323333,2,95.585621
11.985,3,95.609446
11.995,1,95.617307
9.502381,45,95.952908
10.552381,31,96.196349
9.882619,37,96.465245
9.99,2,96.478949
9.832381,77,97.098862
10.552381,31,97.375996
9.99,2,97.39444
9.242857,86,98.164379
9.542619,56,98.666203
11.985,3,98.697382
10.263333,5,98.746464
10.121905,30,99.036732
9.99,2,99.051831
10.962619,17,99.191628
10.253571,39,103.775629
10.161905,22,103.985045
11.016667,10,104.066982
10.042143,16,104.196116
10.493571,40,104.507841
9.75,1,104.514751
10.273333,3,104.540959
11.092857,10,104.617668
10.360952,4,104.654248
10.562143,10,104.734478
10.422619,27,104.986414
9.772381,40,105.316946
9.863095,30,105.575904
11.97,6,105.627536
10.735,4,105.657077
11.17,6,105.714068
10.332857,15,105.860971
10.622381,17,105.999962
9.99,2,106.015154
10.44119,7,106.067883
10.662143,39,106.355745
10.802857,19,106.495736
10.872381,16,106.615726
10.652381,11,106.697695
10.812619,47,107.094464
10.91381,24,107.322381
9.98,4,107.369103
10.39,2,107.392943
10.681905,16,107.560742
9.001429,69,108.173686
10.613571,16,108.313102
8.552857,77,108.947642
10.531429,8,109.013306
10.328333,1,109.020725
11.323333,2,109.035089
10.270714,3,109.058475
10.93381,20,109.246661
10.892381,12,109.373421
10.481905,7,109.437371
10.661667,1,109.446095
10.701905,12,109.546141
10.332381,26,109.753183
9.99,2,109.767781
10.360952,4,109.799705
9.802857,23,109.990848
10.953095,8,110.051811
10.964048,33,110.312638
10.662619,28,110.537202
11.026667,8,110.615062
10.493571,40,111.037001
10.942619,21,111.241094
11.365,7,111.317604
11.053571,26,111.816778
11.995,1,111.829133
11.323333,2,111.85076
11.323333,2,111.869172
10.362619,39,112.213877
10.052381,33,112.497588
10.271429,11,117.699126
11.995,1,117.707202
10.591667,15,117.820027
10.572143,8,117.87865
10.291429,7,117.933214
10.902381,10,118.01225
11.44381,16,118.161285
11.985,3,118.185118
10.721905,8,118.253105
10.985,3,118.281813
10.411905,21,118.463181
10.78,4,118.506466
10.552143,12,118.625815
10.962619,17,118.787236
10.541429,6,118.836415
10.882381,14,118.952023
10.195,1,118.960201
10.812143,9,119.025944
11.026667,8,119.085124
11.53,14,119.196177
10.360952,4,119.228313
11.033333,11,119.308122
10.985,3,119.331131
11.263333,14,119.434016
10.621667,9,119.499829
9.98,4,119.527215
10.982619,13,119.620904
9.99,2,119.635528
10.721905,8,119.694622
10.653095,19,119.830529
10.972619,15,119.942464
10.20119,6,119.987364
10.551429,4,120.015405
10.975,5,120.052803
10.812143,9,120.118557
11.574762,17,120.241117
10.932381,4,120.26843
10.585,3,120.290509
10.732619,14,120.391333
10.822143,7,120.443085
10.902619,29,120.65747
11.093571,18,120.794175
10.252857,31,121.021289
10.642381,13,121.117311
11.323333,2,121.132577
10.742619,12,121.223712
10.541429,6,121.267778
11.995,1,121.275664
10.521429,10,121.348132
11.755,9,121.414989
10.631667,7,121.467967
10.313095,38,121.746771
10.551429,4,121.776209
10.541429,6,121.822347
10.541429,6,121.867881
10.873095,24,122.045971
11.042857,20,122.192493
9.75,1,122.198936
11.082857,12,122.291793
10.656667,2,122.306664
10.882381,14,122.409259
10.611667,11,122.497526
11.012619,7,122.550286
10.842857,11,122.627368
10.562857,18,122.758958
10.512857,28,122.96235
10.912381,8,123.022517
11.244048,26,123.211501
11.313333,4,123.239018
10.832381,24,123.413764
11.273333,12,123.499768
10.898333,7,123.54665
10.822143,7,123.598043
10.392381,14,123.70083
10.923095,14,123.805644
10.975,5,123.849349
11.092857,10,123.929448
9.99,2,123.948608
10.992619,11,124.027439
11.17,6,124.079949
10.721905,8,124.138894
9.75,1,124.146049
10.631667,7,124.199364
10.902381,10,124.273366
10.661667,1,124.281026
11.41381,22,124.441638
10.943095,10,124.519983
10.482619,15,124.627686
10.802143,11,124.709313
11.036667,6,124.75421
10.731905,6,124.79844
10.373095,26,124.985452
10.631667,7,125.042061
10.661667,1,125.052596
10.802143,11,125.156394
11.063333,5,125.295942
10.985,3,125.318502
11.365,7,125.367724
9.380714,85,129.738711
10.461429,75,130.367835
10.743571,37,130.685132
10.240714,11,130.775295
10.661667,1,130.785201
9.75,1,130.79219
11.313333,4,130.827042
9.41,73,131.503953
10.462143,32,131.802434
11.995,1,131.811267
10.933095,12,131.926533
7.745714,67,132.490903
8.467857,92,133.294365
-3.317143,100,134.159072
11.213095,5,134.207158
-2.286429,100,135.083989
10.787143,14,135.207006
10.623571,12,135.307039
10.327857,14,135.474328
9.915714,78,136.357539
11.401667,13,136.455176
10.265714,4,136.487576
10.985,3,136.524661
11.195714,18,136.666717
9.75,1,136.673265
10.022857,77,137.231836
9.067143,64,137.699346
10.360952,4,137.727618
10.787143,14,137.830712
11.995,1,137.839785
10.753333,18,137.970586
11.17,6,138.015526
9.889286,69,142.174267
10.903571,5,142.211693
10.902381,10,142.286049
10.537857,21,142.446848
10.360714,36,142.713867
11.995,1,142.721529
-2.112857,100,143.450202
10.202857,41,143.750461
10.661667,1,143.758083
8.859286,79,144.362201
-2.796429,100,145.084687
9.422857,99,145.803513
11.313333,4,145.831409
10.703333,28,146.036762
10.632381,15,146.140946
10.157857,48,146.489841
10.017143,70,147.075745
10.513333,4,147.106211
9.717143,32,147.365308
10.328333,1,147.374325
10.612857,57,147.846761
10.69,13,147.954131
-1.449286,100,148.753552
-1.796429,100,153.449083
11.052857,18,153.588935
10.287857,22,153.745507
9.977143,29,153.952948
11.411667,11,154.034083
10.609286,23,154.202747
10.89,22,154.365912
11.215714,14,154.46612
10.985,3,154.48867
10.574286,28,154.701574
10.78,4,154.731398
10.08,37,155.001807
10.654286,12,155.105654
9.915,19,155.263633
9.346429,51,155.693066
11.062857,16,155.81379
11.223333,22,155.972714
10.547143,13,156.064287
9.99,2,156.079
10.13,27,156.32495
10.573571,22,156.511862
9.837143,57,156.938658
11.985,3,156.960509
10.819286,30,157.18071
10.360714,36,157.445315
10.985,3,157.467504
10.557143,11,157.552678
10.78,4,157.58426
9.877143,49,157.952911
11.099286,23,158.172069
10.420714,24,158.387561
10.497143,23,158.564821
9.780714,54,158.958575
11.328571,20,159.103553
10.797143,12,159.219022
10.779286,38,159.689717
10.875714,33,160.015126
10.985,3,160.042361
11.121429,41,160.354178
8.995714,66,160.847139
10.869286,20,160.994978
10.07,39,161.30116
11.641667,5,161.342419
10.656667,2,161.360093
11.365,7,161.421502
9.971429,22,165.617395
10.992143,24,165.790699
10.95,10,165.866785
11.995,1,165.874511
10.866429,41,166.213115
10.541429,6,166.262127
10.539286,37,166.543055
11.139286,15,166.654531
11.263333,14,166.76185
10.996429,15,166.883524
11.272143,17,167.04129
9.956429,27,167.315225
10.398571,6,167.376357
10.720714,13,167.51711
11.042857,20,167.683786
10.360952,4,167.721891
10.654286,12,167.81651
10.752619,10,167.901308
10.273571,33,168.174261
10.460714,16,168.314866
10.185,14,168.430861
11.363571,13,168.586842
10.291429,7,168.65467
11.159286,11,168.745374
10.688571,50,169.180845
10.812857,17,169.317489
11.995,1,169.325168
10.843571,17,169.4555
11.173095,13,169.558063
10.471429,20,169.702466
11.995,1,169.709493
10.986429,17,169.832707
10.641667,5,169.866907
10.797143,12,169.957669
10.823571,21,170.106742
11.145,22,170.276319
11.641667,5,170.320742
10.68,15,170.461887
11.323333,2,170.480597
10.217857,36,170.787701
9.98,4,170.82102
10.716429,22,171.002182
11.18,4,171.037922
11.985,3,171.064469
10.750714,7,171.127136
9.646429,40,171.466796
11.119286,19,171.62051
10.747143,22,171.786994
11.139286,15,171.92116
10.797143,12,172.02876
10.767143,18,172.195885
10.406667,3,172.223352
10.267143,20,172.462183
10.89,22,172.657847
10.802857,19,172.879332
10.470714,14,173.033314
10.5,51,173.462406
10.587857,11,173.555853
11.313333,4,173.587874
10.480714,12,173.689213
10.750714,7,173.757106
10.537143,15,173.88124
9.99,2,173.89609
10.655,11,173.975804
10.726429,20,174.132577
11.062857,16,174.25965
10.993333,19,178.383628
9.460714,20,178.577772
10.822857,15,178.712533
11.641667,5,178.753628
11.365,7,178.81474
11.995,1,178.824698
11.727143,26,179.022691
11.282143,15,179.156821
10.736429,18,179.342069
10.762857,27,179.586604
10.802857,19,179.73444
11.17,6,179.779669
11.365,7,179.832042
11.995,1,179.839445
10.92,16,179.955571
10.996429,15,180.07129
9.971429,22,180.234133
10.812857,17,180.366894
10.9,20,180.511493
10.992857,30,180.734041
10.245714,8,180.798365
11.129286,17,180.924856
10.93,14,181.030296
11.042857,20,181.173635
10.697857,42,181.487999
10.664286,10,181.559761
11.149286,13,181.654236
11.375,25,181.844802
10.956429,23,182.040132
10.312143,11,182.14235
9.99,2,182.160396
10.91,18,182.338171
11.145,11,182.441343
11.170714,25,182.643076
11.507857,27,182.846843
10.252857,31,183.085167
10.577857,13,183.17952
10.740714,9,183.245109
10.391667,6,183.288903
10.730714,11,183.373922
10.613571,14,183.477516
10.94,12,183.563151
10.746429,16,183.681875
11.985,3,183.703449
10.256667,2,183.718833
10.9,20,183.874998
10.682857,43,184.442675
10.579286,29,184.665317
10.813571,23,184.839245
11.129286,17,184.97019
10.996429,15,185.080861
10.587857,11,185.162035
10.975,5,185.199752
10.905714,27,185.421919
11.062857,16,185.578678
10.465,7,185.652886
11.323333,2,185.673044
10.975,5,185.721399
11.323333,2,185.738053
10.282857,25,185.954113
9.99,2,185.970981
11.292143,13,186.076552
10.661667,1,186.085464
11.995,1,186.094016
10.692143,35,186.40446
11.355,29,186.698088
10.843571,17,191.318444
10.93,14,191.421914
10.585,3,191.447444
10.812857,17,191.572648
10.480714,12,191.69416
10.654286,12,191.807689
10.935714,21,191.985995
11.995,1,191.993044
11.161667,12,192.082427
10.895714,29,192.294722
10.480714,12,192.384386
11.185714,20,192.534899
10.513333,4,192.564142
11.995,1,192.571842
11.995,1,192.579472
10.797143,12,192.666078
11.995,1,192.672922
10.996429,15,192.788618
11.252143,21,192.952359
10.725,6,193.094564
11.365,7,193.148741
11.365,7,193.200927
10.900556,31,193.429123
11.051111,12,193.518016
10.288333,60,193.953485
9.921667,53,194.361669
-0.878889,100,195.126268
11.155,9,195.194753
-2.336111,100,195.929784
10.843889,60,196.368675
10.557778,44,196.699251
-2.48,100,197.433645
11.995,1,197.442087
-1.101111,100,198.176314
11.421667,9,198.243639
10.019444,87,198.938842
10.728333,21,202.744328
-2.682222,100,203.695059
9.761111,74,204.270199
-3.015556,100,204.996915
10.38,26,205.187724
-2.237778,100,205.913332
9.658889,99,206.642453
10.812143,9,206.709395
9.765556,64,207.17972
-3.172222,100,207.903051
10.347857,10,207.982925
11.013333,15,208.102109
10.328333,1,208.110869
10.500556,62,208.572478
10.859444,17,208.697733
10.656667,2,208.715685
-2.937222,100,209.433128
11.026667,8,209.490213
10.393889,52,209.863506
9.911111,44,210.179665
10.944444,51,214.141724
10.880556,35,214.394697
9.436667,50,214.757683
10.492619,13,214.853259
10.518333,14,214.95274
10.254444,91,215.622944
10.78,4,215.653097
10.172222,63,216.116385
9.13,80,216.706857
10.066667,22,216.867586
11.026667,8,216.925452
10.717778,12,217.010941
10.661667,1,217.01906
10.898333,7,217.071234
9.75,1,217.077932
10.64,23,217.244199
10.526111,17,217.370126
10.637222,17,217.495449
10.782222,39,217.812743
10.251667,36,218.115605
10.384444,12,218.222053
8.837778,45,218.561976
11.476111,27,218.759599
10.498333,18,218.891415
9.988889,33,219.132579
9.75,1,219.139305
10.509444,38,219.420217
10.771667,30,219.640478
10.900556,31,219.873636
11.641667,5,219.91055
10.597857,9,219.979875
11.155,9,220.045864
10.960556,19,220.192199
11.54,12,220.285907
9.654444,64,220.748391
10.062778,47,221.089427
9.377222,73,221.680151
10.157222,15,225.474456
10.661667,1,225.482125
11.173095,13,225.600972
11.266667,31,225.869731
10.491667,37,226.17047
11.082857,12,226.279248
10.869286,20,226.433454
11.995,1,226.440861
10.656667,2,226.458161
10.862222,23,226.656909
9.685556,80,227.284981
10.256111,22,227.450729
10.312143,11,227.536983
10.265556,9,227.61262
10.516667,30,228.106406
10.809444,27,228.321502
10.205556,21,228.481052
10.394444,10,228.559789
10.218333,25,228.762516
10.801667,24,228.943442
10.549444,30,229.169107
11.313333,4,229.19795
10.103333,99,230.034631
10.148333,39,230.344505
10.448333,28,230.574399
10.768333,13,230.680406
10.465,7,230.733405
9.938333,32,230.977831
10.498333,18,231.131152
10.026667,30,231.419248
10.637222,17,231.589713
10.711667,42,231.953957
10.137222,19,232.120065
10.585,3,232.145088
10.59,33,232.406706
11.323333,2,232.423901
9.99,2,232.44558
11.273889,23,232.660718
10.718333,23,232.91119
11.041111,14,233.044661
10.879444,13,233.203037
10.711667,42,233.55664
10.878333,11,233.645376
10.941111,34,234.027424
10.100556,44,238.186383
11.365,7,238.240265
10.86,28,238.498787
10.829444,23,238.731334
11.155,9,238.823052
11.021111,18,238.988053
10.238889,32,239.28423
10.525556,6,239.341291
10.132778,33,239.597257
10.791667,26,239.790947
11.013333,15,239.900146
10.748333,17,240.027876
10.890556,33,240.278181
10.748333,17,240.406765
10.808889,16,240.530275
11.323333,2,240.545175
10.822143,7,240.602776
11.995,1,240.609838
10.273889,23,240.787048
11.173095,13,240.882918
10.522778,53,241.274797
11.072778,41,241.592724
7.993333,80,242.196625
11.072857,14,242.300791
10.822143,7,242.363781
10.788889,20,242.520581
10.397778,27,242.741143
10.569444,26,242.952749
10.441111,36,243.215495
10.985,3,243.238131
11.129286,17,243.364132
10.42,18,243.503584
11.011111,20,243.653232
11.336667,66,244.400501
9.99,2,244.428038
10.548889,19,244.571539
10.356667,13,244.6787
10.328333,1,244.686317
11.233889,31,244.948595
10.714444,48,245.333411
10.812143,9,245.405576
10.808889,16,245.527087
11.323333,2,245.541916
10.862778,34,245.837585
10.795556,54,246.248458
11.995,1,246.256139
10.144444,11,246.334324
11.082857,12,246.424578
10.849444,19,250.153207
10.822857,15,250.26138
10.519444,36,250.52962
10.758333,15,250.643016
10.597857,9,250.75315
10.657222,13,250.88132
10.849444,19,251.030339
11.021111,18,251.167931
9.642778,33,251.434975
11.755,9,251.512243
11.062222,32,251.771786
10.91,18,251.969164
10.617222,21,252.161877
11.092222,26,252.358577
10.609444,18,252.50248
10.862778,34,252.752864
10.985,3,252.774822
11.364444,16,252.88888
10.777143,16,253.004696
11.334444,22,253.170144
10.579444,24,253.360366
9.99,2,253.375972
10.717778,12,253.465091
9.75,1,253.47171
10.585,3,253.493513
10.39,2,253.50909
10.470556,19,253.648831
11.102222,24,253.829068
11.042222,36,254.093231
10.985,3,254.115465
10.681111,37,254.383818
10.905,10,254.463697
10.677778,20,254.647756
11.001111,22,254.87018
10.862222,23,255.087835
10.657222,13,255.198457
10.661667,1,255.20756
10.066111,11,255.299784
10.245556,13,255.403293
10.808889,16,255.535609
10.912778,24,255.762381
10.640556,34,256.071848
10.91,18,256.222588
10.306111,12,256.312206
10.86,28,256.524279
10.661667,1,256.531478
11.324444,24,256.707748
10.505556,10,256.786367
11.082857,12,256.87718
10.808889,16,257.00339
10.667778,22,257.210345
10.92,16,257.357245
11.041111,14,257.48479
10.797143,12,257.582204
10.879444,13,257.681755
10.505556,10,257.755566
10.531429,8,257.814758
10.771111,19,257.963772
10.761111,21,258.130426
10.933333,31,258.37313
10.862222,23,262.355059
10.637222,17,262.478623
11.57,6,262.523794
10.657222,13,262.620761
10.859444,17,262.748789
10.758333,15,262.860731
10.690556,24,263.036828
10.889444,11,263.119296
9.98,4,263.147798
10.548889,19,263.292886
11.233333,20,263.448942
10.404444,8,263.505795
10.930556,25,263.687772
10.657222,13,263.785815
10.527143,17,263.913204
11.641667,5,263.951055
9.75,1,263.95784
10.697778,16,264.079159
10.738333,19,264.227043
10.506111,21,264.383067
10.647778,26,264.585174
11.155556,31,264.825794
11.995,1,264.833196
10.417222,12,264.924382
10.953333,27,265.166346
10.768333,13,265.293291
10.801667,24,265.51243
10.748333,17,265.641599
11.995,1,265.649678
10.641667,5,265.687384
10.541429,6,265.730104
10.656667,2,265.745285
10.656667,2,265.759799
11.041111,14,265.860711
10.758333,15,265.976875
10.985,3,266.004052
10.821667,20,266.177174
10.960556,19,266.353468
10.730714,11,266.452664
11.192778,17,266.598962
10.65,21,266.777835
10.758333,15,266.888691
10.707778,14,266.991323
10.798889,18,267.130781
10.9,20,267.280478
11.102778,35,267.603632
10.829444,23,267.775393
11.411667,11,267.858167
10.412778,26,268.051172
10.905,10,268.12493
10.93,14,268.230499
10.657222,13,268.326754
11.313333,4,268.358504
10.945556,24,268.543291
10.910556,29,268.9744
11.425,15,269.091094
10.656667,2,269.10679
10.953333,27,269.326196
11.112222,22,269.510525
10.798889,18,269.668479
10.710556,20,269.84511
10.710556,20,270.026105
10.960556,19,270.210423
10.730714,11,270.308901
10.768889,24,270.515776
10.797143,12,274.348794
11.264444,36,274.630913
11.021111,18,274.764927
10.980556,15,274.881273
10.78,4,274.910816
10.647222,15,275.023443
10.801667,24,275.203763
11.122222,20,275.359007
10.303333,6,275.405346
10.505556,10,275.494449
10.195,12,275.596158
10.697778,16,275.720223
11.104444,19,275.860789
11.071667,19,276.020756
10.455,9,276.104348
11.142778,27,276.362224
10.546111,13,276.474533
9.75,1,276.481369
10.818889,14,276.593079
10.985,3,276.615568
10.721905,8,276.674391
11.323333,2,276.689871
10.990556,13,276.787172
10.985,3,276.816398
11.263333,14,276.928739
10.849444,19,277.094228
9.99,2,277.110373
10.808889,16,277.243983
11.173333,32,277.485254
11.172778,21,277.647405
11.142222,16,277.769602
10.69,13,277.869259
10.556111,11,277.952091
10.457778,15,278.083319
9.75,1,278.093894
10.505556,10,278.190131
10.457778,15,278.321258
10.617222,21,278.478005
10.727778,10,278.554563
10.455,9,278.625467
10.589444,22,278.789459
11.061667,21,278.946868
-2.101667,100,279.912049
9.946667,77,280.735822
10.494444,52,281.1595
-2.17,100,281.918832
-2.726111,100,282.705734
-1.591111,100,287.149092
9.755,93,287.934206
-1.702778,100,288.803072
-2.302222,100,289.735482
9.718333,47,290.159142
10.497222,56,290.585487
11.323333,2,290.602162
9.116667,96,291.466078
-2.926667,100,292.30431
-1.301667,100,293.169708
-1.456667,100,293.979461
-2.525556,100,294.77895
9.44,76,299.822482
10.086667,98,300.820327
10.276111,18,300.970927
10.345,11,301.064253
11.082857,12,301.154532
10.281111,86,302.047777
10.69,13,302.148279
-1.167222,100,303.092776
-1.345,100,303.919741
9.035,90,304.620013
-1.278889,100,305.365543
9.300556,46,305.711959
10.863889,36,306.011313
11.985,3,306.034857
-1.456667,100,306.837828
-2.347778,100,307.69284
10.661667,1,307.714954
-1.101111,100,313.208889
10.749444,19,313.384475
-0.900556,100,314.204836
10.380556,26,314.406511
-1.700556,100,315.164108
11.323333,2,315.180356
11.985,3,315.202364
10.173889,14,315.31882
10.486111,27,315.577053
10.802857,19,315.73862
10.857778,24,315.931706
9.247778,52,316.330588
9.976667,71,316.8789
9.373889,89,317.662634
11.995,1,317.670298
10.797143,12,317.791208
10.352222,54,318.218828
10.433889,11,318.299539
9.916667,34,318.549121
10.459444,28,318.758536
10.03,56,319.193106
10.41,29,319.428685
10.396111,45,319.921642
9.502222,90,320.969458
11.995,1,320.979082
10.231667,38,321.322738
9.428889,96,325.805937
9.351667,80,326.393705
10.670556,17,326.539518
10.585,3,326.565408
11.082857,12,326.668238
10.282222,19,326.828321
10.258333,37,327.141595
10.749444,19,327.306707
10.031111,38,327.62353
10.314444,39,327.979141
10.001111,57,328.438225
10.721905,8,328.50113
-2.593889,100,329.344714
10.885,14,329.457149
10.631111,16,329.581517
10.822857,15,329.693484
10.735556,35,329.956485
10.664286,10,330.033354
10.898333,7,330.086293
10.771111,50,330.465885
10.686111,36,330.740226
10.788889,20,330.888558
10.591667,15,330.999805
10.735,44,331.327113
10.193333,19,331.469501
11.082857,12,331.561639
11.97,6,331.60811
11.154444,18,331.745645
10.381111,17,331.872495
10.708333,45,332.21576
10.67,26,332.410748
11.17,6,332.457664
11.365,7,332.511441
10.168889,46,332.851929
10.597857,9,332.918766
10.148889,50,333.296268
11.283333,10,333.373068
10.837778,28,337.196564
11.56,8,337.275211
11.995,1,337.285299
10.758889,26,337.51132
10.758889,26,337.711304
10.797143,12,337.80376
10.898333,7,337.855668
9.98,4,337.88861
10.229444,25,338.097793
10.887778,18,338.303
10.093333,52,338.811672
10.777778,40,339.189088
10.657222,24,339.39366
9.863333,49,339.786583
10.985,3,339.808991
10.624444,26,340.007523
10.351111,23,340.197175
10.768889,24,340.418343
10.926667,28,340.673888
10.676111,38,341.00456
10.844444,31,341.283467
10.927222,19,341.434921
10.992619,11,341.517981
10.907222,23,341.701578
10.501667,33,342.266757
10.667222,22,342.478752
10.669444,35,342.752156
10.748333,37,343.087612
10.44,23,343.272461
10.808333,25,343.470357
10.71,18,343.626984
10.751667,45,343.999059
10.677222,20,344.172817
10.670556,17,344.323957
10.631111,16,344.447804
10.17,28,344.709305
10.897222,25,344.925676
8.775,93,345.696048
10.574444,36,346.020616
10.869444,15,346.141992
10.420556,18,350.323649
10.762222,34,350.586116
10.828333,21,350.749316
10.907222,23,350.944581
9.944444,64,351.491982
10.63,34,351.770482
10.907222,23,351.96518
10.71,18,352.136451
10.567778,33,352.423292
10.086667,18,352.571548
10.778333,31,352.839086
10.551111,32,353.108825
9.99,2,353.127086
10.907222,23,353.309048
11.313333,4,353.343935
10.657222,13,353.442423
10.541667,25,353.63833
10.680556,15,353.758692
11.995,1,353.766732
10.443889,9,353.841655
10.78,4,353.874612
10.271667,30,354.125814
10.887222,27,354.368319
10.966111,29,354.658248
10.952778,36,354.954711
11.122222,60,355.449772
10.656667,2,355.465569
10.660556,19,355.633983
11.112222,22,355.841512
10.837222,37,356.171247
10.318333,25,356.38362
10.812143,9,356.461015
11.272222,30,356.719693
10.71,18,356.869933
10.847778,26,357.093783
10.705556,41,357.423498
11.17,6,357.471188
10.626667,8,357.532785
10.091667,17,357.664542
11.045556,22,357.86585
10.873889,34,358.159215
10.706111,32,358.409313
10.548333,28,358.62607
10.647222,26,358.846691
10.995556,32,363.21971
10.585,3,363.24881
10.305,32,363.519025
10.788889,20,363.681834
10.956667,22,363.911581
10.476111,29,364.397074
11.061667,21,364.676268
10.926667,28,364.930283
10.887222,27,365.178494
10.93,14,365.301972
10.641667,5,365.349159
10.721905,8,365.414039
10.585,3,365.436235
10.788889,20,365.601127
11.026667,8,365.673114
10.749444,19,365.834658
10.670556,17,365.980026
10.538889,21,366.168825
10.867778,22,366.408085
10.985,3,366.433517
10.774444,45,366.810905
11.283333,10,366.910146
10.916111,39,367.252055
11.015556,28,367.52723
10.72,16,367.676178
11.025556,26,367.917774
10.657222,24,368.139592
10.513333,4,368.183382
10.869444,15,368.338452
11.678333,11,368.431109
10.413889,15,368.572854
10.935556,44,368.935993
10.650556,21,369.134291
10.872778,52,369.593216
11.139286,15,369.716858
10.657222,13,369.816896
10.338333,21,369.981038
10.985,43,370.372426
10.828333,21,370.573097
10.87,26,370.813428
9.99,2,370.832893
11.641667,5,370.873205
11.045556,22,371.061579
9.75,1,371.07129
9.75,1,371.077829
10.877778,20,371.230384
10.562222,12,371.323029
10.283333,10,371.404516
10.950556,21,371.601131
10.44,23,371.838931
10.867778,22,372.071206
10.886667,36,372.380235
10.877778,20,377.572526
10.087778,31,377.873167
10.482778,19,378.052273
10.631111,16,378.185368
10.788889,20,378.360287
10.417222,23,378.590514
11.995,1,378.600422
10.72,16,378.755148
10.462778,36,379.071353
10.759444,17,379.216778
10.922778,42,379.618191
11.268889,35,379.897549
10.902381,10,380.006565
10.877778,20,380.185913
10.604444,30,380.451237
11.365,7,380.510904
11.155,9,380.593253
10.787222,47,380.963665
10.798889,18,381.105952
10.857222,33,381.43092
11.065,27,381.660055
11.263333,14,381.77801
10.926111,37,382.139319
11.123889,33,382.443996
10.311111,31,382.7598
11.222778,31,383.023152
9.99,2,383.038756
10.857778,24,383.225057
10.69,22,383.421216
10.759444,17,383.58154
10.773889,54,384.038626
11.064444,36,384.591427
10.499444,20,384.751701
10.328333,1,384.758964
11.025556,26,384.978401
9.75,1,384.986315
10.78,4,385.023811
10.696667,25,385.22713
10.897222,25,385.45126
10.387222,29,385.690785
10.305556,10,385.790087
10.882381,14,385.922969
10.67,26,386.171795
10.985,3,386.200974
11.013333,15,386.327626
10.657222,24,386.530022
11.995,1,386.538881
10.707778,14,386.655389
10.729444,23,392.31627
11.034444,42,392.708262
10.631111,16,392.869457
10.650556,21,393.066305
10.907222,23,393.266034
10.647222,26,393.501623
10.673889,25,393.755071
10.341111,25,393.988216
10.879286,18,394.141944
10.661667,1,394.151168
10.902381,10,394.23524
10.532222,18,394.385754
10.71,18,394.530727
10.72,16,394.65374
10.417222,23,394.856091
11.113889,35,395.186602
10.907222,23,395.379558
10.143889,20,395.565656
10.541429,6,395.621902
10.660556,19,395.821472
10.719444,25,396.067024
10.975,5,396.112012
10.78,4,396.143933
10.798889,18,396.299104
11.365,7,396.367999
-1.5,100,397.257319
10.435556,46,397.742711
10.877778,20,397.94981
10.420556,18,398.16798
10.544444,42,398.596951
11.133889,31,398.869153
11.005556,30,399.115351
11.311667,31,399.362252
10.996111,23,399.57139
10.697778,16,399.701134
11.282222,28,399.966863
10.587778,29,400.230951
11.075,25,400.456146
10.601111,22,400.655945
11.283333,10,400.752121
11.153889,27,400.998893
10.917222,21,401.174717
10.873333,43,401.572354
11.124444,24,405.952167
10.975,5,406.000387
11.084444,32,406.289804
11.323333,2,406.307104
10.071667,21,406.492391
10.71,18,406.668439
11.075,25,406.917114
11.241111,54,407.446478
10.367778,24,407.665414
10.991111,24,407.858936
11.17,6,407.908741
10.670556,17,408.055477
11.641667,5,408.103641
10.739444,21,408.309711
10.611111,20,408.695973
10.39,2,408.7236
11.082857,12,408.866631
10.854444,29,409.099372
10.926667,28,409.346888
11.390556,33,409.642793
10.751111,23,409.87436
11.985,3,409.903867
11.062857,16,410.066905
10.631111,16,410.22634
10.195,1,410.236199
10.907222,23,410.453329
11.17,6,410.507264
10.521667,29,410.760845
10.617778,23,410.958839
10.907222,23,411.150544
10.554444,40,411.511253
11.995,1,411.520673
11.015556,28,411.773135
10.916111,39,412.12535
11.143889,29,412.380663
10.874444,25,412.588227
11.242222,36,412.91884
11.114444,26,413.148866
10.410556,20,413.304469
10.963333,25,413.500751
10.585,3,413.523805
11.173095,13,413.626566
10.627778,21,413.782328
11.411667,11,413.875607
10.867778,22,414.061741
10.328333,1,414.071348
10.996111,23,414.262347
10.538889,21,414.427834
11.025,35,414.701145
10.898333,7,414.755114
10.371111,19,414.897152
10.621111,18,415.034284
10.578333,22,419.331396
11.331667,27,419.584006
9.99,2,419.602247
10.471905,9,419.682592
10.797143,12,419.784629
11.085,23,419.973074
9.241364,74,420.983375
-1.631818,121,421.958627
10.631667,7,422.013514
11.324444,24,422.222378
-2.175455,121,423.140712
9.75,1,423.148908
-2.102727,121,424.088491
-1.758182,121,425.063497
10.985,3,425.089071
-1.884545,121,426.012399
-2.175455,121,426.975549
-2.248182,121,432.084413
-1.05,121,433.010945
-3.455909,121,434.072558
-1.331364,121,435.000396
-2.539091,121,435.980852
-3.383182,121,436.910005
10.388636,26,437.111348
-2.738182,121,438.154521
-1.476818,121,439.138646
-2.403182,121,444.032996
10.543182,15,444.159143
10.345455,71,444.693104
11.175556,27,444.898537
-2.602273,121,445.811643
-2.374545,121,446.735724
-1.976364,121,447.642556
10.656667,2,447.659256
10.595455,70,448.186526
11.995,1,448.194155
-2.311364,121,449.12115
10.205455,50,449.50514
9.562273,68,450.00198
9.505455,43,450.32557
-2.049091,121,451.437418
-2.592727,121,455.954693
10.953636,42,456.272615
10.78,4,456.304361
9.866364,78,456.883875
10.35,41,457.193851
11.995,1,457.20127
10.130909,94,457.912055
7.937273,117,458.858402
10.812143,9,458.927887
10.352273,57,459.366375
11.995,1,459.37404
11.56,8,459.436024
10.490455,73,459.982168
10.42,27,460.190376
10.386364,72,460.73615
9.75,1,460.744419
10.514091,79,461.335989
10.71,18,461.474859
10.360952,4,461.505383
10.985,3,461.528903
9.395909,63,461.98355
10.472273,33,462.234495
9.351818,112,463.067844
10.902381,10,463.141569
11.985,3,463.162855
10.647273,16,466.886195
10.581667,17,467.014311
10.856818,25,467.206325
9.553636,77,467.782274
10.701364,27,467.986458
10.210455,18,468.116045
10.78,4,468.144011
11.806667,12,468.237085
9.994091,36,468.502143
9.784091,29,468.716883
10.475455,45,469.058697
10.67,26,469.26024
10.752727,24,469.445236
10.06,50,469.826158
9.75,1,469.83438
9.97,6,469.879548
10.457778,15,469.992773
9.673636,53,470.391763
10.502727,25,470.576069
11.155,9,470.64385
10.774091,27,470.850207
10.674091,47,471.192524
10.423182,52,471.583534
10.360455,50,471.9588
9.621818,107,472.773864
10.880909,42,473.091374
10.691364,29,473.308527
10.697727,66,473.811621
11.024545,37,474.090083
10.661667,1,474.097423
11.313333,4,474.127498
10.378182,30,474.350507
10.752727,24,478.245142
10.712727,32,478.743301
10.379545,37,479.042917
10.908333,5,479.084672
11.395,21,479.245447
10.713636,41,479.584965
10.26,59,480.056091
10.933095,12,480.142185
10.700909,29,480.369366
10.662381,9,480.436083
10.6,40,480.740867
10.702273,36,481.046174
10.265455,38,481.3566
10.896667,34,481.636755
10.867727,32,481.882547
10.328333,1,481.890091
-2.121818,121,482.814727
10.127273,22,482.993391
10.617273,22,483.165743
11.351111,32,483.413341
10.879545,35,483.680494
11.082857,12,483.777732
10.288889,22,483.951174
10.471818,84,484.629474
10.725,46,484.984555
9.825909,88,485.676417
10.784091,25,485.870667
10.524545,26,486.073081
10.531429,8,486.137586
11.181818,40,486.447986
10.575,76,490.744134
10.690909,31,491.01225
10.932273,39,491.329534
10.328182,40,491.653383
10.533182,17,491.778912
10.680556,15,491.887399
10.691364,29,492.110122
10.222273,34,492.369147
10.919545,27,492.611128
10.160909,39,492.92001
10.919545,27,493.127484
10.420909,36,493.402884
11.074545,27,493.605558
10.878182,28,493.87008
10.986111,25,494.075482
11.313333,4,494.107209
10.784091,25,494.305299
10.57,46,494.658292
10.650909,39,494.96492
10.920455,36,495.503076
11.323333,2,495.518234
10.879545,35,495.780456
11.313333,4,495.810509
10.866818,23,495.986781
11.115,8,496.052724
10.641667,5,496.090872
10.514091,30,496.360846
10.997727,55,496.797153
11.651667,3,496.82063
10.920909,34,497.087709
10.880909,42,497.408179
11.099286,23,497.582249
10.670909,35,497.865052
11.995,1,497.872033
10.544091,24,498.065935
10.150455,30,498.302561
10.920909,34,498.581836
10.471905,9,502.582728
10.565455,27,502.803435
11.022273,21,502.968467
10.856818,25,503.162642
10.21,82,503.867554
10.035909,33,504.470387
10.78,4,504.50033
10.828182,38,504.804847
11.130455,43,505.149763
11.935,13,505.250986
10.69,22,505.419633
10.649545,32,505.726674
10.794091,23,505.903301
10.743636,35,506.178119
11.014545,39,506.482838
11.013636,30,506.714353
10.455455,49,507.090174
10.640909,41,507.402835
10.587273,28,507.616902
10.304545,21,507.775891
10.825455,24,507.961126
10.585,3,507.987298
11.203182,43,508.321041
10.940909,30,508.549175
10.564091,20,508.712119
10.730714,11,508.796379
10.661667,1,508.804126
10.909545,29,509.038849
11.995,1,509.046757
11.537857,21,509.212524
10.658636,21,509.369744
10.356364,16,509.490325
10.849444,19,509.647192
9.993636,87,510.335252
11.016364,44,510.673311
10.606818,26,510.872118
10.595909,19,511.035325
10.78,4,514.875216
10.638636,25,515.078048
11.17,6,515.130244
10.762727,22,515.30687
10.441364,30,515.548422
11.045,31,515.786394
11.163889,25,515.978953
10.721905,8,516.040812
10.397727,15,516.167814
10.465,7,516.226144
9.75,1,516.234552
10.909545,29,516.463627
10.742727,26,516.670901
9.99,2,516.686943
10.656667,2,516.701375
10.41,29,516.935872
10.366818,25,517.132824
9.984091,38,517.440197
11.283333,10,517.51948
10.846364,29,517.754217
10.804091,21,517.931743
11.313333,4,517.965016
10.722273,32,518.21747
11.205714,16,518.341688
10.679545,26,518.550435
10.982273,29,518.859524
10.893636,54,519.305842
10.762727,22,519.484336
10.306364,39,519.784307
10.92,16,519.922204
11.16,8,519.983447
11.012143,20,520.137483
10.6,40,520.455055
10.660556,19,520.601126
10.585909,21,520.756681
11.995,1,520.764548
10.700909,29,520.991021
11.193182,45,521.336126
10.230909,12,521.434595
10.492727,27,521.634217
10.256818,47,522.029262
10.501818,16,522.152044
10.772727,20,522.319643
10.912273,43,522.659248
10.658636,21,522.832212
10.387727,17,522.966056
10.585455,23,527.18977
11.003636,32,527.434424
10.430909,34,527.727774
11.114444,26,527.936457
10.357273,25,528.124036
11.995,1,528.133101
10.929545,25,528.331706
10.64,32,528.589309
10.815455,26,528.796026
10.774091,27,529.002209
10.695,52,529.394688
10.808889,16,529.519181
10.871818,53,529.931582
10.784091,25,530.120736
10.345,11,530.205689
11.077727,39,530.501176
10.788636,57,530.932321
10.455455,49,531.296651
10.882222,19,531.440947
11.323333,2,531.459057
10.966667,20,531.61699
10.898333,7,531.670513
11.181818,40,531.978622
10.554545,20,532.130053
11.035909,42,532.459576
10.731364,21,532.660395
10.764091,29,532.930221
10.765,38,533.225082
10.567273,32,533.486212
10.818182,40,533.791153
10.265455,38,534.082254
11.471429,20,534.237776
10.587778,29,534.464585
10.659545,30,534.724527
11.365,7,534.785
10.807143,10,534.865416
10.631667,7,534.926122
10.815455,26,535.126067
11.765,7,535.179736
11.365,7,539.135606
11.252778,25,539.331443
10.815455,26,539.5343
10.575455,25,539.730784
10.671364,33,539.988139
10.837727,38,540.283157
11.755,9,540.360069
10.92,16,540.483231
10.920909,34,540.753269
10.963333,25,540.950859
10.168636,21,541.117947
10.505455,39,541.421265
10.678636,17,541.555821
10.995,41,541.875363
10.670909,35,542.178007
11.080455,53,542.604435
10.68,24,542.786456
10.605909,17,542.919479
10.7,20,543.072131
10.691364,29,543.29386
10.830909,52,543.6931
10.67,26,543.892556
10.878182,28,544.119154
10.714545,50,544.765057
10.659545,30,545.049772
10.609545,40,545.390413
11.100455,49,545.824356
11.56,8,545.89036
10.638636,25,546.092291
10.230455,14,546.205674
10.815455,26,546.405506
10.480455,13,546.506373
10.641667,5,546.543661
10.745,42,546.869761
11.283333,10,546.942287
10.534545,24,547.126638
10.815455,26,547.328346
10.658636,21,547.494662
10.939545,23,551.364429
11.242727,37,551.701086
10.543182,15,551.836011
10.658636,21,552.022687
10.794091,23,552.212598
10.638636,25,552.416984
11.052857,18,552.561475
10.661667,1,552.568808
10.888182,26,552.793546
10.943636,44,553.361023
10.241818,19,553.540207
10.432727,39,553.889622
10.985,3,553.913069
10.730714,11,554.00734
10.826818,31,554.250876
10.899545,31,554.524143
10.513182,21,554.708735
10.794091,23,554.884116
11.173095,13,554.985246
11.023636,28,555.196281
10.828182,38,555.493908
10.853636,62,555.991521
10.784091,25,556.213053
10.483182,27,556.45846
10.983636,36,556.755036
11.047727,45,557.10734
10.712273,34,557.430594
11.117727,31,557.78525
11.995,1,557.795468
11.452727,44,558.209161
10.707778,14,558.358658
10.629545,36,558.675011
10.407727,13,558.772779
10.898333,7,558.828467
11.066364,34,559.174788
10.869545,37,559.668618
10.502273,27,559.981075
10.806818,35,560.491481
10.661667,1,560.507164
10.407727,13,560.645137
10.856818,25,566.271029
11.003636,32,566.637128
10.544545,22,566.881346
11.55,10,566.994139
10.960909,26,567.295629
10.627273,20,567.524831
10.503182,23,567.822821
11.328571,20,568.012055
10.631667,7,568.092642
11.046364,38,568.756991
10.795455,30,569.087125
10.952273,35,569.467601
10.784091,25,569.722638
10.950909,28,570.07888
11.087727,37,570.46971
11.411667,11,570.65658
10.993636,34,571.068777
10.615909,15,571.232415
10.481364,22,571.4555
10.605909,17,571.63488
10.647273,16,571.799505
10.694091,43,572.352207
10.796818,37,572.69969
10.501818,16,572.821255
10.585,3,572.844153
10.591667,15,572.961518
10.825909,84,573.928048
10.637273,18,574.197234
11.283333,10,574.33257
10.68,24,574.560178
11.106364,26,574.809663
10.794091,23,575.031551
11.025556,26,575.717019
10.638636,25,576.622112
10.797143,12,577.087926
10.355909,18,577.459904
10.658636,21,577.759056
10.856818,25,578.135154
10.71,18,578.392239
11.076364,32,579.196446
10.889545,33,579.910123
10.752273,26,580.205214
10.641667,5,580.259795
10.730714,11,585.637599
10.970556,17,585.830172
10.784091,25,586.084544
11.026667,8,586.174241
10.471364,24,586.426187
10.902381,10,586.522694
10.856818,25,586.760214
10.190455,22,586.970162
11.387273,28,587.312789
11.257273,54,588.128433
10.929545,25,588.493203
10.825455,24,588.761106
10.985,3,588.793633
11.313333,4,588.837652
11.076364,32,589.186657
10.926667,28,589.518213
10.627273,20,589.7807
10.785455,32,590.243791
10.595909,19,590.83514
10.752727,24,591.154932
11.097727,35,591.664953
10.806364,37,592.140521
11.56,8,592.258347
10.828182,38,592.827019
11.099091,42,593.35719
10.385,3,593.394796
10.648636,23,593.706942
9.75,1,593.719025
11.313333,4,593.769337
10.627273,20,594.056097
10.46,19,594.26102
10.898182,24,594.501338
10.919545,27,594.788197
10.982273,29,595.121631
10.200909,31,595.449101
10.817727,42,596.012536
10.784091,25,596.578175
10.721364,23,596.961192
10.743636,35,597.317268
10.825455,24,597.596803
10.752727,24,597.901091
10.846818,27,598.263449
11.035,33,598.765206
11.17,6,598.828432
10.595909,19,603.574479
11.44381,16,603.71175
10.996429,15,603.835237
10.835455,22,604.030902
10.656667,2,604.053185
10.731364,21,604.247563
10.715,48,604.662726
11.484091,45,605.047845
10.93,14,605.187372
10.692727,36,605.638136
10.992619,11,605.775291
10.658636,21,606.007792
10.863571,13,606.125499
10.888182,26,606.353343
10.752727,24,606.581903
10.328333,1,606.592703
10.996429,15,606.729798
10.920909,34,607.028571
10.512778,13,607.139258
10.69,22,607.361409
10.627273,20,607.514923
10.523182,19,607.668826
10.595909,19,607.824065
11.011111,20,608.158535
11.140455,41,608.515794
10.784091,25,608.767805
10.985,3,608.801231
10.992619,11,608.913282
10.993636,34,609.215553
10.985,3,609.241265
10.945,51,609.682279
11.995,1,609.691668
11.27,66,610.300058
11.149091,32,610.579273
11.063333,5,610.711164
11.051667,23,611.942206
-2.557179,169,619.659249
-3.032949,169,621.531209
10.328333,1,621.546856
-4.232308,169,623.216297
10.812143,9,623.289294
-3.317821,169,624.790195
-2.155513,169,626.131334
-2.258077,169,627.965697
-2.067179,169,634.929204
9.99,2,634.947487
10.512778,13,635.0557
11.995,1,635.06729
10.992619,11,635.188779
10.891818,49,635.696548
-2.038718,169,637.214128
-3.485897,169,638.747901
10.960556,19,638.994034
-2.776538,169,640.547742
-3.317821,169,641.955197
-3.947436,169,643.656461
-1.656923,169,650.510221
-2.417564,169,652.781447
-2.776538,169,654.609199
-2.711026,169,656.431443
10.487949,46,656.881226
10.585,3,656.905853
-2.995897,169,658.801298
-2.32359,169,660.866471
11.273333,12,667.052938
9.421154,89,668.450767
-4.708077,169,670.769557
-1.870641,169,672.688056
-2.827821,169,674.368788
-3.266538,169,675.746943
10.76,8,675.816783
-2.483077,169,677.074228
11.365,7,677.126304
10.838333,19,677.268789
11.062857,16,677.388862
-3.990128,169,682.389824
-3.229487,169,683.658291
-4.400385,169,684.904669
11.995,1,684.913484
-4.633974,169,686.158083
10.768889,24,686.526379
8.875641,87,687.173082
-3.024359,169,688.448409
-3.822051,169,694.385822
-3.369103,169,696.133531
-1.782308,169,697.596781
-4.232308,169,698.992663
10.812143,9,699.07168
-6.602564,169,700.558294
11.97,6,700.612643
10.182436,45,700.98897
-1.839231,169,702.48042
-2.805,169,708.107279
9.831795,110,708.920515
-2.776538,169,710.202849
10.131515,57,710.624187
11.995,1,710.633232
-3.676795,169,712.107318
9.180513,83,712.761459
-3.574231,169,714.098593
-3.588462,169,733.191455
10.506667,32,734.638261
10.078205,63,738.241911
10.565,38,739.429641
-2.300769,169,743.012104
-5.599744,169,746.21082
9.524744,66,747.311495
-3.238077,169,750.044261
10.270714,3,750.096387
10.985,3,750.144259
9.616538,124,754.262092
10.857564,49,755.074485
10.447778,17,755.350943
10.18141,68,756.437761
8.336923,107,766.738507
8.715,114,768.844993
-5.739359,169,772.205652
10.661667,1,772.230779
10.518333,14,772.553523
10.578846,66,773.89227
9.56859,39,774.499548
-1.460385,169,777.189123
10.335,35,777.738211
10.657564,40,778.369298
9.161795,97,779.892834
9.059487,130,781.934525
11.17,6,782.026088
-2.673974,169,793.086076
10.465,58,794.031167
10.505,50,794.842038
10.784091,25,795.268572
10.319872,46,796.190543
10.77,6,796.284908
10.835455,22,796.645262
9.919487,105,798.457345
10.016667,32,799.105963
10.816282,47,799.92625
9.525897,137,802.149817
9.789872,54,803.062011
10.767143,18,803.349848
9.705641,117,805.384069
9.99,2,805.433586
10.316923,54,807.338089
10.176282,77,808.714392
9.221154,80,817.769907
10.996429,15,817.975634
9.566282,101,819.369308
10.778889,22,819.682677
10.992619,11,819.882316
9.925641,73,820.965001
10.673077,50,821.642928
10.452436,40,822.204717
10.395641,77,823.268185
10.958846,39,823.815521
11.073974,57,824.726047
10.812143,9,824.854283
10.40141,122,826.595168
10.072436,67,827.622108
10.510909,67,828.571668
10.661667,1,828.588165
10.486923,69,829.582407
10.194744,30,830.127288
9.730513,71,831.359988
10.630128,66,832.342157
11.273333,12,832.508895
-3.295,169,842.355544
9.338846,118,843.948607
10.379231,78,845.431844
10.541429,6,845.513092
10.724359,50,846.19424
7.729487,151,848.225106
10.165897,156,850.323806
10.403462,27,850.688107
9.588205,112,852.174984
10.476282,66,853.064683
10.094359,78,854.100082
10.246061,23,854.418205
10.600556,31,861.84778
11.072051,42,862.655174
10.31859,36,863.197701
10.373974,99,864.845972
10.733718,43,865.55982
10.963974,79,867.085437
9.99,2,867.120659
9.970769,105,868.93921
10.538205,69,870.835422
10.818333,23,871.224404
10.210256,40,871.840421
10.720556,18,872.151811
10.557308,27,872.632375
8.766282,163,874.934947
10.784359,38,875.460333
10.656667,2,875.490639
10.076923,102,877.313197
10.317308,26,877.66951
9.913718,60,878.498691
10.629487,61,887.762511
10.763718,37,888.285319
10.682692,125,890.024135
10.741515,33,890.481032
10.761111,21,890.765816
10.873571,11,890.923872
10.441154,32,891.369559
11.17,6,891.453462
11.022051,52,892.178613
10.867564,47,892.830783
10.640513,36,893.338297
9.99,2,893.380167
9.915455,28,893.769403
10.562143,10,893.903716
11.195714,18,894.151126
-1.870641,169,896.549345
10.467564,78,897.626452
10.539872,51,898.335731
11.534048,17,898.569767
10.103077,66,899.469799
10.474359,51,900.159629
9.734359,150,909.497988
10.025641,53,910.326612
10.196026,40,910.874442
11.985,3,910.91447
10.848205,56,911.6844
10.464359,53,912.410951
10.571795,60,913.23449
9.750128,95,914.561896
10.566282,48,915.219929
10.248205,127,917.170543
10.329487,72,918.558045
10.611795,52,919.293358
10.616282,38,919.909914
10.443077,47,921.031041
10.127949,69,922.170923
10.660513,32,922.619702
10.532692,57,923.39249
10.765641,52,924.212578
10.547949,34,932.574589
11.343571,17,932.847363
10.840769,78,933.950676
10.536667,26,934.308769
10.612576,29,934.724872
10.163718,59,935.549236
10.513333,4,935.623317
10.303333,6,935.754232
11.313333,4,935.835977
10.502436,79,936.938586
-2.374872,169,939.851015
10.149872,31,940.331615
10.599872,39,940.868731
11.995,1,940.882504
10.233718,45,941.493103
10.92,7,941.588417
10.478846,86,942.797677
10.605,30,943.39752
10.202051,118,945.109335
10.636923,39,945.648336
10.799697,34,946.115746
10.576282,46,946.761514
10.450769,58,947.590402
10.880128,65,959.113972
10.744359,46,960.339129
10.493077,37,961.131191
10.970909,24,961.802383
10.863571,13,962.078359
10.389487,109,964.86247
10.620513,40,966.170839
10.675,65,967.419573
10.903889,28,967.898589
10.190128,56,968.70095
11.995,1,968.71488
10.784359,38,969.256449
10.392436,52,970.083242
10.154359,66,971.437863
11.022051,52,972.176301
11.995,1,972.190903
-3.340641,169,974.559943
10.758333,15,974.768973
10.656667,2,974.796711
10.534359,39,975.360837
10.525641,51,976.075793
9.99,2,976.102764
10.918846,47,976.758064
10.896923,36,984.217605
10.181795,40,984.776489
10.310256,20,985.267324
10.338205,60,986.131135
10.753718,39,986.673793
10.059872,49,987.33874
10.503077,35,987.814025
9.392692,138,989.715632
11.075897,72,990.744606
10.975,5,990.81558
9.99,2,990.84217
10.787564,63,991.714633
10.652381,11,991.863338
11.17,6,991.947437
10.585,3,991.988244
10.562436,67,993.114227
10.579872,43,993.838083
11.065,27,994.402986
10.753077,34,994.947858
10.850128,71,996.338369
10.193333,81,997.490413
10.789697,36,998.172555
10.808889,16,998.465921
10.353718,70,999.512514
10.493718,42,1010.066316
10.97141,57,1010.946985
10.868205,52,1011.732279
10.50141,53,1012.610515
10.594615,60,1013.557542
10.938846,43,1014.148048
10.819697,30,1014.567374
10.205641,66,1015.464807
10.888205,48,1016.225427
10.795,41,1016.79172
9.775,98,1018.12251
10.731795,28,1018.506472
10.399872,30,1018.9165
10.535256,77,1019.967483
10.878205,50,1020.661443
10.577949,28,1021.04567
11.323333,2,1021.073176
10.857564,49,1021.742199
10.302692,54,1022.485464
10.787564,63,1023.332575
10.020128,90,1031.886327
10.902381,10,1032.023623
10.764359,42,1032.603729
11.144615,48,1033.263654
10.673077,50,1033.959336
10.429487,52,1034.697542
10.878846,55,1035.606069
10.629872,33,1036.093733
9.815,90,1037.352476
11.995,1,1037.366816
10.451795,35,1037.921691
10.794444,41,1038.487706
10.598846,62,1039.501848
10.055,42,1040.138413
10.506026,27,1040.50795
10.712436,37,1041.155991
10.63141,76,1042.464403
10.721795,30,1042.886018
10.181154,35,1043.420897
10.496667,34,1043.913826
11.031667,27,1044.296082
10.205,61,1045.280368
10.996429,15,1045.957307
10.546667,24,1046.482663
11.323333,2,1046.517756
10.076923,53,1047.512618
10.513718,38,1056.553586
10.453077,45,1057.162137
10.496026,29,1057.550793
10.750769,47,1058.273323
10.907564,39,1058.800671
10.860303,34,1059.260391
10.702436,39,1059.775423
10.838846,63,1060.626839
10.773718,35,1061.197342
10.725641,60,1062.007715
10.630513,38,1062.520904
9.936923,81,1063.618443
-2.141282,169,1065.881057
10.856282,39,1066.416692
10.773974,68,1067.324943
10.550513,54,1068.095572
10.637564,44,1068.680161
10.454103,22,1069.006042
10.926667,28,1069.454758
10.566282,48,1070.092692
10.606282,40,1077.196413
10.939487,48,1077.882486
11.002619,9,1078.00229
9.98,4,1078.053047
10.482436,34,1078.526217
10.493718,42,1079.084497
10.407727,13,1079.262721
10.656667,2,1079.292754
10.234744,22,1079.587236
10.826923,50,1080.245458
10.619872,35,1081.08028
10.902381,10,1081.211776
10.541429,6,1081.292642
10.381795,49,1081.942122
10.638846,54,1082.662642
10.992619,11,1082.811789
10.863974,99,1084.134834
11.023333,13,1084.306132
11.18,4,1084.359403
10.344615,61,1085.189727
11.082857,12,1085.369221
10.805641,44,1085.966533
10.319231,41,1086.507181
10.455,9,1086.626656
10.868205,52,1087.372851
11.012051,54,1088.094595
10.817564,57,1088.866031
10.347179,81,1089.970641
10.730769,51,1090.665462
10.476026,33,1091.497351
10.346282,43,1095.895779
11.995,1,1095.903846
10.863571,13,1096.000982
10.743077,36,1096.263047
11.082857,12,1096.35285
10.636923,39,1096.707967
10.773077,30,1096.953712
10.69,22,1097.121811
9.99,2,1097.138572
10.909487,54,1097.557959
10.695,61,1098.049989
10.701795,34,1098.305438
11.365,7,1098.358021
10.350513,45,1098.691531
11.125256,57,1099.180924
10.760769,45,1099.517427
10.516667,30,1099.760289
10.970128,47,1100.13527
10.629487,61,1100.591582
10.612051,85,1101.452696
10.420513,31,1101.685349
10.784394,31,1101.948129
10.805897,77,1102.558397
10.969487,42,1102.882625
9.75,1,1102.889163
10.681795,38,1103.248939
10.61859,25,1103.827506
11.155897,56,1104.287455
10.692436,41,1108.790221
10.908846,49,1109.243104
10.950128,51,1109.922283
10.723077,40,1110.392955
10.898846,51,1111.05712
10.596282,42,1111.481004
10.630513,38,1111.795972
10.599872,39,1112.171853
10.969487,42,1112.532281
10.536282,54,1113.119838
11.072692,47,1113.653998
11.006818,35,1114.132344
10.411154,38,1114.723672
10.337564,55,1115.534516
10.786282,53,1116.324015
10.902381,10,1116.46869
11.002121,42,1116.970944
10.451154,30,1117.371383
10.918846,47,1117.989326
10.620128,68,1118.673334
11.313333,4,1118.712768
10.763718,37,1119.008857
10.616923,43,1119.333321
10.918846,47,1119.740417
10.351795,55,1123.79254
10.889545,33,1124.036957
9.99,2,1124.051195
-0.691154,169,1125.367672
10.773077,30,1125.600886
9.75,1,1125.607643
10.845641,36,1125.918514
10.866282,37,1126.216067
10.887564,43,1126.575216
10.909487,54,1127.02014
10.869103,139,1128.372996
10.374744,43,1128.904881
10.567949,30,1129.185092
10.764359,42,1129.524716
10.718846,38,1129.827497
11.995,1,1129.835201
10.413077,53,1130.280292
10.877564,45,1130.698161
11.995,1,1130.706346
10.381111,17,1130.84465
10.855897,116,1131.768781
11.135897,60,1132.232564
10.631667,7,1136.082821
10.168846,99,1136.887534
10.580128,76,1137.473134
10.793718,31,1137.713194
10.547949,34,1137.988323
10.173182,31,1138.251703
10.316282,49,1138.642425
10.536667,26,1138.845204
10.556111,11,1138.927127
10.546667,24,1139.108342
10.867778,22,1139.275012
10.846923,46,1139.634558
10.434103,26,1139.846321
10.433077,49,1140.244218
10.033718,36,1140.52714
10.46141,61,1141.013971
10.887564,43,1141.329597
10.691795,36,1141.634664
10.637564,44,1142.002802
10.887564,43,1142.32722
10.553333,58,1142.805262
10.691154,31,1143.032214
11.147821,73,1143.586036
11.000128,41,1143.914536
10.898333,7,1143.965225
10.628846,56,1148.347996
11.348571,16,1148.479767
10.813974,60,1148.941683
10.711795,32,1149.205383
10.457308,47,1149.613844
10.845641,36,1149.891553
10.585,3,1149.914518
10.985,3,1149.936758
10.422821,18,1150.070209
10.773718,35,1150.350091
10.661154,37,1150.652337
10.817564,57,1151.16542
10.59859,29,1151.442716
10.885897,61,1152.038118
10.342179,29,1152.27156
10.681154,33,1152.572693
10.599872,39,1152.883296
10.722436,35,1153.162034
11.096364,28,1153.376595
9.75,1,1153.383771
11.163095,15,1153.501765
10.196026,40,1153.80508
10.898205,46,1154.148424
10.848846,61,1154.615766
10.434744,31,1154.848235
10.846923,46,1155.206133
10.825641,40,1155.521226
10.657222,13,1155.623796
10.786923,58,1156.069633
10.658636,21,1156.239354
10.982619,13,1156.341861
10.360952,4,1156.373342
10.464744,25,1160.275509
10.172436,47,1160.710271
10.721905,8,1160.770917
10.785641,48,1161.159412
11.112222,22,1161.333531
11.243182,35,1161.618754
10.949744,79,1162.237906
10.856282,39,1162.541742
10.688846,44,1162.970724
10.918846,47,1163.352254
10.805641,44,1163.690095
10.782051,51,1164.175054
10.806923,54,1164.584593
10.554359,35,1164.854331
10.701154,29,1165.169041
10.288846,75,1165.906086
10.975,5,1165.986962
10.815,37,1166.534381
11.063974,59,1167.496634
10.815641,42,1168.292315
10.710556,20,1168.517453
10.579872,43,1168.9442
10.606282,40,1169.311861
10.577308,23,1169.561093
10.443077,47,1170.035938
10.837564,53,1174.307185
10.552436,69,1174.868403
11.313333,4,1174.906783
10.804359,34,1175.204518
10.846282,41,1175.547146
11.037424,41,1175.856667
10.699487,47,1176.218016
10.577308,23,1176.390501
10.722692,68,1176.92757
11.022051,52,1177.318076
10.919487,52,1177.729143
10.985,3,1177.757832
11.211818,34,1178.03125
10.772051,53,1178.443043
10.722436,35,1178.719995
10.487564,74,1179.320129
10.431154,34,1179.593828
10.99141,53,1180.025537
10.408846,51,1180.431812
10.649872,29,1180.648778
10.888205,48,1181.0101
10.690513,26,1181.285875
10.857564,49,1181.732091
11.222778,31,1181.988823
10.898846,51,1182.38929
11.075,25,1186.483431
10.743077,36,1186.799759
11.313333,4,1186.835171
10.959487,44,1187.202708
10.972692,67,1187.731798
10.980128,45,1188.065043
10.390513,37,1188.364658
10.385,3,1188.390985
10.768333,13,1188.499707
10.619231,30,1188.743256
10.285,45,1189.088077
10.586923,49,1189.454451
10.503077,35,1189.711799
10.928205,40,1190.067311
10.470128,49,1190.435614
11.283333,10,1190.510553
10.805,39,1190.844147
10.422821,18,1191.157229
10.958846,39,1191.535049
10.795,41,1191.869621
10.788889,20,1192.043407
10.703077,44,1192.449741
11.042051,48,1192.882848
10.328333,1,1192.896296
10.585,3,1192.933526
10.673077,50,1193.472194
10.985,3,1193.501844
11.365,7,1193.561809
10.846282,41,1194.014402
10.732436,33,1194.336099
11.313333,4,1194.377337
10.855641,34,1194.732894
11.063333,54,1195.282287
10.733077,38,1199.833152
11.143333,38,1200.275955
10.690513,26,1200.518994
10.286667,27,1200.757176
11.287273,48,1201.183759
10.898333,7,1201.237502
10.815455,26,1201.432128
10.608846,60,1201.918979
10.117564,50,1202.574257
9.75,1,1202.582917
11.062857,16,1202.767392
9.99,2,1202.79173
10.938846,43,1203.28529
10.743788,27,1203.55343
10.78,4,1203.589047
10.567308,25,1203.990373
11.093333,48,1204.637814
9.99,2,1204.662027
10.815,37,1204.993116
10.109231,34,1205.252653
9.99,2,1205.268658
10.632436,53,1205.862352
10.642576,23,1206.186319
10.523718,36,1206.51506
10.575641,41,1206.915478
10.640513,36,1207.271035
10.825641,40,1207.625462
10.816923,52,1208.19334
10.722436,35,1208.520161
10.639231,26,1208.733811
10.684359,58,1209.193197
10.568205,63,1209.717777
11.17,6,1209.834503
10.688846,44,1214.984745
10.585,3,1215.01426
10.453718,50,1215.507871
10.825,35,1215.790264
10.56859,35,1216.090624
10.918205,42,1216.447373
10.761111,21,1216.623929
10.730769,51,1217.035302
10.980128,45,1217.445659
10.753077,34,1217.806683
10.626923,41,1218.183876
10.774359,40,1218.538295
10.975,5,1218.60074
10.72141,58,1219.419309
10.711364,25,1219.885649
11.262143,19,1220.164505
10.650513,34,1220.555594
10.765897,85,1221.393636
10.671154,35,1221.728336
10.621667,9,1221.810403
10.918205,42,1222.171139
11.071667,19,1222.312901
10.784359,38,1222.598668
10.899487,56,1223.027897
10.661667,1,1223.035343
10.920769,62,1223.504054
9.75,1,1223.512951
10.670513,30,1223.739793
10.631667,7,1223.79193
10.753718,39,1224.119439
9.99,2,1224.137132
10.59859,29,1228.046103
10.859444,17,1228.171013
11.035909,42,1228.48153
10.877564,45,1228.812876
10.784359,38,1229.102611
11.995,1,1229.11031
10.933333,31,1229.337487
10.793718,31,1229.56546
11.641667,5,1229.603551
-1.188791,196,1231.464007
-2.11511,196,1232.894354
10.276111,7,1232.950447
10.371209,35,1233.212809
-1.854615,196,1234.662763
-1.459011,196,1239.652562
-3.415769,196,1241.097365
-2.705989,196,1242.553694
10.671795,40,1242.853524
-2.790659,196,1244.287339
-2.746703,196,1245.712881
-1.986484,196,1250.837839
10.956818,45,1251.171063
-2.212747,196,1252.603896
10.331209,43,1252.909688
10.004011,99,1253.644044
10.946818,47,1253.984987
10.93,14,1254.087128
11.323333,2,1254.101407
11.051667,23,1254.275706
10.658636,21,1254.432794
10.641667,5,1254.468938
9.297253,192,1255.869173
-2.649066,196,1257.296488
9.018187,114,1261.711779
11.263333,14,1261.816788
10.328333,1,1261.824719
10.223333,13,1261.926183
9.960055,99,1262.729627
10.558889,17,1262.853181
-2.611593,196,1264.447963
9.99,2,1264.467335
11.117727,31,1264.717241
9.783077,130,1265.744962
11.995,1,1265.753011
-3.682747,196,1267.505316
10.467033,51,1267.890223
10.866282,37,1268.165294
-2.159066,196,1269.631732
10.721905,8,1269.689796
9.198901,86,1273.942523
11.323333,2,1273.957417
9.684945,127,1274.92884
11.365,7,1274.985379
10.597949,24,1275.170859
11.012121,40,1275.473121
8.935879,94,1276.230617
11.072857,14,1276.346226
9.682857,194,1277.893816
10.631667,7,1277.947438
10.530989,47,1278.568845
9.431209,125,1279.716713
10.055879,66,1280.2033
10.257033,93,1280.887904
11.44381,16,1281.004527
9.900989,124,1285.481527
9.743077,40,1285.788539
-2.297418,196,1287.373477
10.007747,102,1288.207668
10.580989,86,1288.88365
10.680989,66,1289.389037
10.811923,53,1289.77651
10.167967,75,1290.346536
7.387747,185,1291.976715
10.382363,51,1292.364954
9.959835,143,1297.296371
10.566818,34,1297.575768
10.514011,46,1297.928604
10.898333,7,1297.989295
9.334011,184,1299.486705
10.740055,41,1299.823071
-1.725989,196,1301.404764
10.78,4,1301.439693
10.463077,43,1301.787558
11.173095,13,1301.892016
-2.696264,196,1303.446474
11.995,1,1303.454695
-1.628352,196,1304.929812
10.457967,66,1309.464307
11.065,27,1309.6669
10.699487,47,1310.015644
11.56,8,1310.079766
10.35859,28,1310.312074
10.266813,86,1310.94982
10.596099,61,1311.436873
10.271209,55,1311.876664
10.424945,77,1312.505175
10.484231,57,1312.957024
10.396099,52,1313.356292
9.897033,67,1313.875072
9.940055,103,1314.661168
10.752637,73,1315.253426
9.523791,141,1316.34222
10.736099,33,1316.588486
10.264945,60,1317.049163
9.872143,99,1321.742583
10.355165,47,1322.104517
10.606813,67,1322.618227
10.356813,68,1323.158417
10.585,3,1323.1872
10.960556,19,1323.340169
10.886813,60,1323.825072
10.889286,16,1323.955741
10.547143,13,1324.055008
10.123077,62,1324.504691
10.488187,65,1325.024974
10.301703,101,1325.825652
-2.601868,196,1327.397683
10.423791,59,1327.891656
10.760055,37,1328.18892
10.639121,48,1328.867498
10.274394,35,1329.147522
10.002857,81,1333.353762
10.397747,73,1333.91502
10.199341,43,1334.28435
10.597253,30,1334.535188
10.274231,50,1334.944727
9.937527,111,1335.810073
10.412143,40,1336.197203
10.373791,69,1336.788901
10.631667,7,1336.847337
10.240769,100,1337.865841
10.769835,79,1338.53171
10.747033,44,1338.9266
10.489341,34,1339.178862
10.369835,61,1339.679128
10.656667,2,1339.69337
9.226593,191,1341.113318
10.662143,39,1341.420945
10.790989,44,1345.383297
10.858681,92,1346.158353
11.195714,18,1346.315421
10.331923,51,1346.833776
10.802857,19,1346.970217
10.69,22,1347.144405
10.72,16,1347.265282
10.706099,39,1347.559215
10.531923,60,1348.089096
10.294011,90,1348.779587
10.760989,50,1349.412458
10.975,5,1349.455253
10.437033,57,1349.920153
10.985,3,1349.945831
10.657222,24,1350.147454
10.084725,91,1350.836319
10.713077,42,1351.159306
10.621154,45,1351.514486
11.995,1,1351.522807
10.557967,46,1351.876488
10.841923,47,1352.247379
10.666099,47,1352.610013
10.602143,51,1353.017423
-2.963242,196,1358.538522
-1.408571,196,1360.143442
10.546282,52,1360.541615
10.570275,31,1360.767697
11.995,1,1360.77529
10.770989,48,1361.21179
10.285879,69,1361.769926
10.462143,79,1362.402865
10.610303,35,1362.683348
10.599121,56,1363.136934
10.585,3,1363.160828
10.590989,84,1364.021776
11.45381,14,1364.162088
10.608901,49,1364.592523
10.702436,39,1364.877317
9.75,1,1364.883376
10.074231,41,1365.24789
10.710055,47,1365.656542
10.219835,91,1369.928383
10.616099,57,1370.350435
10.975,5,1370.386042
10.721364,23,1370.55845
11.283333,10,1370.637046
10.889835,55,1371.054042
10.365165,45,1371.439558
10.214945,70,1372.02548
10.665165,34,1372.284179
10.249121,77,1372.858586
10.814945,48,1373.213777
10.172363,44,1373.793612
10.446319,47,1374.16663
10.617747,78,1374.770858
10.290275,38,1375.050891
10.730055,43,1375.371707
10.645165,38,1375.681421
11.995,1,1375.689147
10.822857,64,1376.193828
11.641667,5,1376.235121
10.108187,43,1376.583506
10.647033,64,1377.079352
10.119121,54,1377.633543
10.812143,9,1377.734949
10.814945,48,1378.127658
9.509615,179,1383.23076
10.232857,84,1383.897233
10.707033,52,1384.30827
10.636099,53,1384.695051
10.378681,90,1385.379387
10.887747,73,1385.930027
10.992619,11,1386.010621
10.838901,52,1386.384236
10.946667,24,1386.560545
10.834505,83,1387.171212
10.770989,48,1387.521353
10.463077,43,1387.863055
10.536667,26,1388.051884
10.504945,61,1388.504582
11.56,8,1388.56683
9.591923,101,1389.310505
10.157033,64,1393.662989
10.554615,68,1394.168019
10.812143,9,1394.248072
10.763718,37,1394.72593
10.434451,23,1394.963765
9.869615,107,1395.824697
11.119286,19,1395.972376
10.744725,57,1396.424641
10.781923,59,1396.905362
10.305879,65,1397.42221
10.751923,65,1397.937947
10.983636,36,1398.259802
10.822857,64,1398.951534
10.506319,35,1399.368729
10.558187,51,1399.780845
10.776667,9,1399.845432
10.614231,31,1400.107344
-1.584396,196,1401.884369
10.623791,68,1402.459818
11.173095,13,1406.712806
10.812143,9,1406.779964
10.661667,1,1406.787596
10.782857,72,1407.439147
10.902381,10,1407.525516
10.622143,47,1407.887459
10.813791,79,1408.491018
10.490275,47,1408.839116
10.758681,63,1409.297596
10.631667,7,1409.349548
10.720055,45,1409.684699
10.321209,45,1410.017838
10.798901,60,1410.451445
11.097727,35,1410.707407
10.142857,53,1411.09119
10.533182,17,1411.215786
10.713077,42,1411.529299
10.307253,39,1411.820541
10.407527,115,1412.666181
10.655165,36,1412.934744
10.611209,36,1413.199006
10.410495,19,1413.33872
10.750769,96,1414.039721
10.673077,50,1414.401782
10.666813,55,1418.200016
10.487967,60,1418.63849
10.722727,30,1418.859726
10.379121,51,1419.229424
10.547967,48,1419.586388
10.794945,52,1419.966541
10.809697,32,1420.202693
10.755659,68,1420.69467
10.974725,60,1421.13219
10.797967,47,1421.472445
10.517967,54,1421.866201
10.635165,40,1422.172538
11.172778,21,1422.351425
10.328901,56,1422.762293
10.399872,30,1422.98172
10.832857,62,1423.441069
10.585879,58,1424.077417
10.892857,50,1424.49821
10.325659,105,1425.273795
10.209341,41,1425.575316
10.300275,36,1429.307617
10.240275,48,1429.655541
10.314231,91,1430.32177
10.472363,33,1430.56372
10.814945,48,1430.915492
10.542637,164,1432.127745
10.723077,40,1432.422777
10.784091,25,1432.605314
10.902857,48,1432.963687
10.912857,46,1433.304005
10.632857,53,1433.698426
10.757033,42,1434.004038
10.992619,11,1434.083529
10.655165,36,1434.345332
11.323333,2,1434.359442
9.75,1,1434.366021
9.99,2,1434.381263
10.655165,36,1434.643328
10.425165,33,1434.883809
10.593791,74,1435.419746
10.197033,56,1435.823714
9.887253,74,1436.363478
11.995,1,1436.370824
10.463297,48,1440.166894
10.727747,56,1440.575086
10.985,3,1440.598478
11.57,6,1440.643813
10.672143,37,1440.915367
10.320055,76,1441.469778
10.585879,58,1441.894163
9.99,2,1441.908413
10.433077,49,1442.267479
10.575165,52,1442.653221
10.844945,42,1442.958779
10.670556,17,1443.083238
10.828901,54,1443.478915
10.527308,33,1443.722748
10.493297,42,1444.033004
10.821703,46,1444.366722
10.784091,25,1444.548771
11.323333,2,1444.563303
10.585,3,1444.586887
10.355,9,1444.650885
10.392363,49,1445.010725
10.638636,47,1445.577155
10.756813,86,1446.225068
10.665165,34,1446.476468
10.827967,41,1446.779685
10.369121,53,1447.162014
10.886813,60,1447.602975
10.807967,45,1451.560977
10.690513,26,1451.749993
10.659121,44,1452.069916
10.784011,41,1452.368672
10.78,4,1452.398517
10.791923,57,1452.818326
10.670055,55,1453.22294
10.662143,39,1453.517801
11.062857,16,1453.637749
10.496026,29,1453.85204
10.788681,57,1454.279494
10.633791,66,1454.766736
10.718485,26,1454.954935
10.556319,25,1455.136645
10.720055,45,1455.463037
10.985,3,1455.48375
10.902857,48,1455.833514
10.757967,55,1456.231788
10.465385,30,1456.456797
10.848901,50,1456.818714
11.064505,86,1457.451147
10.60859,27,1457.64611
10.875879,49,1458.226286
10.835879,57,1458.802914
10.606667,12,1458.899759
10.027253,46,1459.304646
10.383516,20,1462.928254
10.494725,58,1463.349302
10.913791,59,1463.778517
10.645165,38,1464.066077
10.896813,58,1464.495146
11.075659,53,1464.882992
10.943791,53,1465.270844
11.062857,16,1465.387127
10.710055,47,1465.732465
10.614231,31,1465.96116
9.75,1,1465.967642
10.743077,36,1466.232373
11.283333,10,1466.307351
10.416319,53,1466.695572
10.937747,63,1467.378542
10.821923,51,1467.786911
10.479341,36,1468.051043
11.155,9,1468.120948
10.704011,57,1468.549021
10.277967,53,1468.937299
10.861923,43,1469.255595
10.348187,44,1469.581004
10.612143,49,1469.940954
10.763718,37,1470.205997
10.774011,43,1470.523234
10.534011,42,1474.227624
10.662143,39,1474.521089
10.974725,60,1474.960374
10.450275,55,1475.362857
10.665165,34,1475.60926
10.809697,32,1475.844811
10.537253,42,1476.163543
10.601923,46,1476.503059
10.737033,46,1476.837534
10.385,3,1476.859364
10.801923,55,1477.267841
10.672143,37,1477.545006
10.757033,42,1477.854531
11.061703,47,1478.196596
10.500989,53,1478.587357
10.954725,64,1479.051359
10.396813,60,1479.492484
10.733077,38,1479.77045
10.788901,62,1480.223819
11.117727,31,1480.448875
10.494231,55,1480.846194
10.720989,58,1481.271624
10.797967,47,1485.087867
10.507253,48,1485.437268
11.004725,54,1485.833176
11.112222,22,1485.994436
10.626813,63,1486.448926
11.641667,5,1486.484691
10.122857,57,1486.899552
10.572857,65,1487.372021
10.880303,30,1487.589268
10.975,5,1487.626321
10.740055,41,1487.928678
10.743077,36,1488.192565
10.649231,24,1488.367414
10.960769,54,1488.770871
10.831923,49,1489.129226
10.473077,41,1489.589308
10.696099,41,1490.030644
10.368187,40,1490.31976
10.683077,48,1490.673815
10.659835,52,1491.061897
10.611209,36,1491.341597
10.599835,64,1491.858494
10.612857,57,1492.281682
10.941703,71,1492.799554
10.639121,48,1496.632791
11.323333,2,1496.647251
10.657967,75,1497.205865
10.614231,31,1497.435062
10.957747,59,1497.866105
10.752727,24,1498.041024
10.517253,46,1498.380588
10.45119,5,1498.418893
10.266319,34,1498.667351
10.576813,122,1499.567597
11.796667,14,1499.669814
10.757033,42,1499.976048
10.918205,42,1500.28458
11.995,1,1500.29323
10.584945,45,1500.62044
10.165385,41,1500.924693
10.600055,69,1501.42059
10.567253,36,1501.693638
10.67544,128,1502.649751
10.815879,61,1503.09369
10.683791,56,1503.514389
10.733077,38,1503.797388
10.863571,13,1503.891277
10.642143,43,1507.834108
10.500055,40,1508.127081
10.740055,41,1508.425071
10.686813,51,1508.800404
10.727033,48,1509.152003
10.465,7,1509.202759
10.985,3,1509.225724
10.612637,150,1510.337134
10.557967,46,1510.674474
10.922637,88,1511.314754
10.960769,54,1511.707102
10.840303,38,1511.983003
10.795455,30,1512.206796
10.195,1,1512.214039
11.985,3,1512.236119
10.814945,48,1512.597888
10.905879,43,1512.913049
10.690055,51,1513.278254
10.804945,50,1513.633578
10.818901,56,1514.044468
10.661667,1,1514.052141
10.633077,58,1514.485886
10.669121,42,1514.794901
10.893352,102,1518.945092
10.907222,23,1519.143388
10.683077,48,1519.608736
10.760989,50,1519.993104
10.943791,53,1520.381205
10.580275,29,1520.591062
11.56,8,1520.649361
10.970556,17,1520.774062
10.912857,46,1521.11405
10.662143,39,1521.401052
11.995,1,1521.408345
10.358187,42,1521.719263
10.594231,35,1521.973929
10.828333,21,1522.127299
10.977747,55,1522.526923
11.012222,33,1522.765889
10.235385,27,1522.965217
10.647967,77,1523.525869
11.022121,38,1523.803783
10.903791,61,1524.248893
10.595909,19,1524.387324
9.99,2,1524.403697
10.497967,58,1524.822641
10.635165,40,1525.118933
10.686099,43,1525.437398
10.591923,48,1525.78597
10.818901,56,1529.898436
10.553791,82,1530.508774
10.733077,38,1530.786367
10.906813,56,1531.203757
10.957747,59,1531.642909
9.99,2,1531.657797
10.730055,43,1531.979851
11.995,1,1531.987454
10.601923,46,1532.335873
10.774394,33,1532.57479
10.659121,44,1532.893133
10.971703,65,1533.367216
10.831923,49,1533.723933
10.465385,30,1533.939642
10.734945,64,1534.399764
11.995,1,1534.406454
10.835879,57,1534.824356
10.93,14,1534.928729
10.93,14,1535.03721
11.163095,15,1535.145016
11.56,8,1535.200563
10.611209,36,1535.461218
10.761923,63,1535.921381
10.995,1,1535.930676
10.787967,49,1536.294082
10.743788,27,1536.485193
11.065,27,1536.677808
10.564011,85,1537.296394
10.703791,52,1541.116657
10.727033,48,1541.468177
11.56,8,1541.527053
10.750989,52,1541.908688
11.323333,2,1541.923971
10.703077,44,1542.288038
10.759091,30,1542.517464
10.286319,30,1542.735813
10.317253,37,1543.014213
10.907222,23,1543.186932
10.640513,36,1543.454874
10.567253,36,1543.717188
10.483297,44,1544.043046
9.864451,39,1544.329428
10.899835,53,1544.721516
10.863571,13,1544.818261
10.787967,49,1545.17753
10.848901,50,1545.542181
10.581923,50,1545.907756
10.051703,102,1546.655194
10.536319,29,1546.86978
10.361209,37,1547.143448
10.909835,51,1547.512928
10.530275,39,1547.805013
10.828901,54,1548.201067
10.964725,62,1552.240221
11.995,1,1552.247861
10.862857,56,1552.657032
10.631209,32,1552.891343
10.435385,36,1553.15501
10.929835,47,1553.51438
10.916813,54,1553.907438
10.841923,47,1554.258026
10.824945,46,1554.610685
10.947527,105,1555.417037
10.703077,44,1555.740948
10.721905,8,1555.80247
11.56,8,1555.859415
10.754945,60,1556.297927
10.781923,59,1556.735863
10.683077,48,1557.089319
11.323333,2,1557.104578
10.663791,60,1557.538956
10.888182,26,1557.729924
10.906813,56,1558.14182
10.749615,78,1558.722308
10.953791,51,1559.14423
10.744725,57,1559.5617
10.760055,37,1563.302161
10.402143,42,1563.632306
10.838901,52,1564.011377
10.517967,54,1564.402006
10.807967,45,1564.732755
10.464011,56,1565.145623
10.186099,45,1565.472341
10.697033,54,1565.911629
10.465,7,1565.961703
10.628187,37,1566.235847
10.771923,61,1566.683252
10.882857,52,1567.279408
10.332143,5,1567.314088
10.700769,57,1567.72745
10.909835,51,1568.102191
10.737033,46,1568.443494
10.858901,48,1568.802034
10.899835,53,1569.197053
10.594231,35,1569.452984
10.974725,60,1569.887005
10.985659,71,1570.408137
10.691154,31,1570.635482
10.754011,47,1574.443565
10.689121,38,1574.72086
11.17,6,1574.76314
10.716099,37,1575.036377
10.800989,42,1575.338344
10.435165,31,1575.56799
10.907222,23,1575.736697
10.985,3,1575.758905
10.703077,44,1576.077757
9.75,1,1576.084196
10.754011,47,1576.425964
10.618187,39,1576.712748
11.213182,41,1577.010854
10.767033,40,1577.309009
9.881209,35,1577.564985
10.841923,47,1577.904956
10.741703,62,1578.36343
10.636099,53,1578.758561
10.923791,57,1579.275818
10.689121,38,1579.582361
10.831923,49,1579.949724
9.99,2,1579.965772
10.533297,34,1580.221487
11.995,1,1580.228384
10.656667,2,1580.242996
10.683077,48,1580.601973
10.475385,28,1580.806121
10.656813,57,1581.221203
10.851923,45,1581.556508
10.640513,36,1581.826633
10.027253,46,1585.550011
10.747967,57,1585.965459
10.882857,52,1586.348961
10.478681,70,1586.858221
10.686099,43,1587.219217
10.730055,43,1587.5287
10.320275,32,1587.760374
10.774011,43,1588.075004
10.737033,46,1588.417646
10.797143,12,1588.505209
10.444451,21,1588.657181
10.490055,42,1588.971274
10.555,40,1589.258344
10.663077,52,1589.645897
10.598901,51,1590.244706
10.785659,111,1591.053186
11.062857,16,1591.166584
10.810989,40,1591.461532
10.629835,58,1591.880965
10.659545,30,1592.097626
10.784091,25,1592.286513
10.846818,27,1592.485482
10.585,3,1592.507163
10.485385,26,1592.700523
11.129286,17,1592.822118
10.747033,44,1596.661245
11.02141,47,1596.999404
10.679121,40,1597.297848
10.696099,41,1597.597873
10.291209,51,1597.970808
10.651703,80,1598.560081
10.718485,26,1598.751297
10.604231,33,1598.995538
10.777747,46,1599.33349
10.828333,21,1599.489029
11.006818,35,1599.743686
10.625165,42,1600.052554
10.790989,44,1600.371648
11.323333,2,1600.387099
10.661667,1,1600.394996
10.899835,53,1600.781706
10.787967,49,1601.147603
10.355,9,1601.212584
10.848901,50,1601.580178
10.716099,37,1601.851627
10.645165,38,1602.13328
10.392143,44,1602.486301
10.928901,34,1602.735332
10.244011,100,1603.473185
10.867778,22,1603.631174
11.995,1,1603.63859
10.588187,45,1603.972661
10.723077,40,1607.695467
10.898333,7,1607.745862
10.936212,37,1608.026096
10.645165,38,1608.30976
10.899835,53,1608.703622
10.594231,35,1608.966174
10.590275,27,1609.162827
10.831923,49,1609.523902
11.112222,22,1609.683542
10.503297,40,1609.976882
10.597857,9,1610.041345
10.464725,64,1610.514551
10.541364,19,1610.656411
10.645879,46,1610.995393
10.553297,30,1611.213863
10.707778,14,1611.317516
10.581209,42,1611.629511
10.898205,46,1611.965864
11.143889,29,1612.176671
10.670055,55,1612.584797
10.604231,33,1612.8232
10.656667,2,1612.839116
10.845879,55,1613.475486
9.75,1,1613.482632
10.805879,63,1613.95058
10.794945,52,1614.337763
11.461429,22,1614.511862
10.714011,55,1614.91793
10.043297,34,1615.169241
10.608901,49,1618.949771
9.99,2,1618.965364
10.668901,86,1619.654765
10.919835,49,1620.009545
10.686099,43,1620.327658
10.869835,59,1620.756026
10.349231,35,1621.011026
11.076364,32,1621.247518
10.713077,42,1621.558331
9.75,1,1621.564524
10.478407,23,1621.733013
10.740055,41,1622.032959
10.710989,60,1622.472673
11.152778,25,1622.657501
10.770989,48,1623.015009
11.026667,8,1623.074327
11.099615,57,1623.526532
10.888901,42,1623.855086
10.659835,52,1624.236751
10.770989,48,1624.593965
10.376813,64,1625.057103
10.882857,52,1625.444952
10.996818,37,1625.724889
10.631209,32,1625.980429
10.784725,98,1630.380481
10.574231,39,1630.663762
10.628187,37,1630.934787
10.943791,53,1631.319823
10.446099,42,1631.6292
10.509341,30,1631.852027
10.270714,3,1631.873814
11.641667,5,1631.911674
11.129091,36,1632.176891
10.689121,38,1632.45335
10.875879,49,1632.808711
10.652143,41,1633.106409
10.754011,47,1633.446328
10.936813,50,1633.817713
10.764011,45,1634.151376
11.19544,73,1634.701994
10.863571,13,1634.79487
11.001703,59,1635.233072
10.661667,1,1635.240409
10.683182,27,1635.458132
11.313333,4,1635.490889
10.808901,58,1635.919153
9.913077,55,1636.324014
10.770989,48,1636.687336
10.470055,46,1637.021498
11.985,3,1637.043782
10.969615,83,1637.644336
10.940909,30,1641.507411
10.543297,32,1641.742825
10.784945,54,1642.137886
10.669121,42,1642.439892
10.878182,28,1642.642328
10.747033,44,1642.957334
10.213297,49,1643.318597
10.625879,50,1643.683501
10.882857,52,1644.065844
10.873791,67,1644.570596
10.655165,36,1644.833616
10.604231,33,1645.079663
10.646099,51,1645.456573
11.072857,14,1645.558192
10.740989,54,1645.94876
10.655165,36,1646.213265
-2.55,225,1648.230917
11.985,3,1648.259433
-2.13881,225,1653.313291
11.123333,42,1653.633041
-2.743095,225,1655.272807
-3.001905,225,1656.923719
9.784762,215,1658.496905
-3.380238,225,1663.610076
10.992619,11,1663.690125
9.47119,165,1664.893148
-2.065238,225,1666.533871
8.550238,224,1668.157858
11.041667,25,1668.341306
-2.285952,225,1669.997236
-1.608095,225,1675.089875
11.985,3,1675.112659
9.304048,156,1676.238407
11.195714,18,1676.374296
9.344286,167,1677.581312
10.008571,106,1678.348818
-1.989048,225,1679.979304
11.191818,38,1680.260621
10.996111,23,1680.424855
8.538333,185,1681.768781
9.775476,65,1685.695343
10.740714,9,1685.762998
9.804048,56,1686.180372
10.186429,108,1686.960711
9.892619,84,1687.567769
10.39619,47,1687.911439
10.448571,67,1688.457708
9.53881,121,1689.34201
10.31619,63,1689.955256
10.990128,43,1690.338812
10.264524,100,1691.072349
8.336667,203,1692.565995
11.338571,18,1692.698617
10.47619,80,1696.685354
9.559286,155,1697.826274
10.732121,47,1698.174178
-2.821905,225,1699.92561
11.183095,11,1700.032024
10.477619,34,1700.299104
9.356905,116,1701.164027
10.290238,72,1701.682453
10.450476,59,1702.126126
10.570238,65,1702.606499
10.391905,74,1703.150663
9.99,2,1703.169605
10.050476,90,1704.096055
9.85381,125,1708.559792
10.476667,69,1709.056275
10.982051,60,1709.541745
10.685476,92,1710.205312
10.887143,74,1710.737204
-2.816667,225,1712.378232
11.095256,63,1712.837601
10.752051,57,1713.251391
8.86119,189,1714.624227
9.617857,78,1715.192523
10.204524,63,1719.104987
10.886923,38,1719.388843
10.661667,1,1719.396209
10.128333,63,1719.842863
10.263333,5,1719.878304
10.736818,40,1720.16463
10.19,73,1720.693048
11.323333,2,1720.707014
9.640238,55,1721.107491
10.54,52,1721.483417
10.992619,11,1721.565512
10.843791,73,1722.107378
10.846818,27,1722.341835
10.782619,53,1722.723762
10.016429,93,1723.389141
10.597857,9,1723.455303
10.328333,1,1723.464518
10.584048,47,1723.813328
10.00381,46,1724.139783
10.340238,62,1724.58847
11.323333,2,1724.603519
9.876667,140,1725.609846
10.986111,25,1725.794002
10.220476,105,1730.03902
10.963791,49,1730.397557
10.561667,21,1730.553177
10.315476,68,1731.049688
10.200238,90,1731.700072
8.394762,199,1733.357421
10.464524,60,1733.791936
10.764762,68,1734.276814
10.54381,36,1734.533448
-2.37,225,1736.141662
10.366923,44,1736.455892
10.402381,61,1736.903479
9.899048,117,1741.387364
10.594048,45,1741.71872
11.56,8,1741.776949
10.471905,58,1742.202583
10.927143,66,1742.689766
10.478571,61,1743.13146
10.662619,77,1743.683176
9.455,104,1744.450369
10.434524,66,1744.93395
10.812143,9,1744.997649
10.29381,37,1745.269302
10.252619,61,1745.713717
10.430714,82,1746.305587
11.026667,8,1746.362215
10.320238,66,1746.838742
10.616429,71,1747.363073
10.183095,162,1748.600385
10.461667,41,1752.417197
10.55619,64,1752.937888
11.205714,16,1753.056982
10.289286,107,1753.841148
11.641667,5,1753.876777
10.337381,105,1754.651367
10.800952,76,1755.204992
10.39,2,1755.219681
10.56881,62,1755.676178
10.688333,49,1756.035384
9.900476,71,1756.547844
10.540476,41,1756.847319
10.57,46,1757.181187
10.734524,55,1757.584964
10.302619,100,1758.500624
10.041905,46,1758.880281
9.94381,58,1759.42096
10.451667,43,1759.756437
9.980476,104,1764.029587
10.23381,49,1764.38705
9.75,1,1764.393742
10.305952,46,1764.725501
11.323333,2,1764.741709
10.520714,64,1765.208463
10.584048,47,1765.558926
10.440476,61,1766.010303
10.448333,48,1766.361377
10.692381,52,1766.741721
11.195714,18,1766.870688
10.51381,42,1767.220968
9.75,1,1767.227869
10.656667,2,1767.243112
10.77,6,1767.2893
10.664762,88,1767.933661
10.455,9,1767.998961
10.528095,62,1768.450912
10.56619,62,1768.90971
10.674524,67,1769.399175
10.550714,58,1769.818701
10.64619,46,1770.154376
10.644286,54,1770.549662
10.394524,74,1771.081459
10.64619,46,1774.85553
10.584048,47,1775.200676
10.730476,52,1775.588224
10.28381,39,1775.870474
11.995,1,1775.878543
10.594048,45,1776.2068
10.567857,35,1776.46119
11.323333,2,1776.475458
10.896282,31,1776.704141
10.312143,60,1777.143446
10.800952,76,1777.704639
10.92,16,1777.825294
10.451905,62,1778.278459
10.328333,1,1778.286905
10.518571,53,1778.669861
11.138636,45,1779.005397
10.726667,68,1779.508002
10.25881,75,1780.052448
10.780476,42,1780.357893
9.864286,63,1780.827054
9.75,1,1780.834921
10.628333,61,1781.282751
11.003636,32,1781.523551
10.708571,64,1782.244859
10.985,3,1782.272932
10.969286,69,1786.206157
10.494048,65,1786.697164
10.692619,71,1787.258806
10.26881,73,1787.797877
10.826667,48,1788.157332
10.844762,52,1788.541074
10.072381,78,1789.108801
10.790952,78,1789.692858
10.382143,46,1790.031357
10.91,18,1790.163847
10.876905,57,1790.588806
10.752857,78,1791.174566
10.653095,68,1791.667536
9.948095,80,1792.267424
10.780714,61,1792.708307
10.628571,80,1793.290919
9.97,6,1793.33472
10.163571,44,1797.239342
10.574048,49,1797.636971
11.026667,8,1797.702754
10.721905,8,1797.771947
10.507857,47,1798.160238
10.316667,101,1798.923537
10.414048,81,1799.516388
10.920909,34,1799.764731
10.80881,63,1800.231199
10.490714,70,1800.745332
11.026667,8,1800.803061
10.639872,31,1801.031084
11.050769,36,1801.29286
10.729286,68,1801.793009
10.846818,27,1801.991412
-5.530714,225,1803.620614
11.56,8,1803.682483
10.721795,30,1803.898359
10.255714,37,1804.165287
10.328333,1,1804.172021
10.518571,53,1804.561241
10.662381,58,1808.405368
10.796667,54,1809.009259
10.842857,60,1809.447601
10.760952,84,1810.061715
10.762619,57,1810.487488
10.467619,36,1810.750173
10.440238,42,1811.05465
9.903571,47,1811.403242
10.450909,30,1811.619728
10.446905,94,1812.310929
9.798095,110,1813.165078
10.703333,77,1813.719452
10.472619,66,1814.201117
10.592857,61,1814.65473
10.680238,43,1814.972719
9.75,1,1814.979163
10.768571,52,1815.36378
10.631667,7,1815.413478
10.709762,159,1820.209158
10.785,83,1820.810264
10.671515,47,1821.155996
10.840714,49,1821.519923
10.790714,59,1821.951369
10.77,6,1821.995099
10.65119,76,1822.55095
10.663077,52,1822.928593
10.513718,38,1823.212739
11.011111,20,1823.359809
11.065,27,1823.55988
11.353571,15,1823.669073
10.670476,64,1824.134485
10.592143,53,1824.53015
10.331905,37,1824.794069
10.690476,60,1825.232348
10.713788,33,1825.478143
10.634286,56,1825.898438
10.726429,49,1826.260252
11.283333,10,1826.336773
9.99,2,1826.351046
10.694524,63,1826.815342
10.427619,44,1830.824013
11.155,9,1830.888738
11.323333,2,1830.903225
10.433571,39,1831.196111
11.466111,29,1831.409134
10.625606,38,1831.685437
10.021364,25,1831.868939
10.731364,21,1832.019938
11.44381,16,1832.133857
11.082857,12,1832.222624
10.608095,46,1832.72341
10.212381,50,1833.121274
10.999524,82,1833.725953
10.279762,36,1833.98879
10.592857,61,1834.42695
10.59859,29,1834.642027
10.566667,51,1835.021254
10.72,16,1835.140774
10.862857,56,1835.553833
9.905,63,1836.012472
10.931429,88,1836.65954
9.99,2,1836.674258
11.129286,17,1836.802436
11.051429,64,1837.275065
11.668333,13,1837.372411
9.75,1,1837.37897
10.703571,96,1838.090304
10.734524,55,1841.90319
10.71,18,1842.031003
10.683791,56,1842.45007
11.365,7,1842.50028
10.438571,69,1843.000875
10.679762,165,1844.203388
10.795455,30,1844.467749
10.778571,50,1844.845061
10.54619,66,1845.317771
10.644286,54,1845.710257
10.29,53,1846.098922
10.35619,55,1846.495246
10.995238,60,1846.92908
10.766667,60,1847.358281
10.707778,14,1847.46131
10.71,18,1847.596259
10.664286,50,1847.959507
10.614048,41,1848.261157
10.925,55,1848.662884
9.932619,76,1849.221359
10.58,44,1852.96016
10.662143,39,1853.246745
10.433889,11,1853.328497
10.995238,60,1853.762604
10.526061,16,1853.883718
10.983333,70,1854.400146
10.931429,88,1855.030691
10.709048,102,1855.769469
10.446429,56,1856.18328
10.730476,52,1856.560312
10.91,18,1856.687779
10.684286,46,1857.244009
10.776667,58,1857.668062
10.610952,65,1858.141853
11.222778,31,1858.37229
11.995,1,1858.379676
10.878333,11,1858.461118
10.41619,43,1858.771453
10.842857,60,1859.207927
10.844762,52,1859.587254
11.273889,23,1859.755323
10.546905,74,1860.291322
10.119286,30,1863.907782
10.487857,51,1864.27868
10.919048,60,1864.719939
10.56,48,1865.07325
10.796667,54,1865.46467
10.718571,62,1865.9132
10.473571,31,1866.141304
11.54,12,1866.228005
10.814762,58,1866.650437
9.75,1,1866.656808
10.822857,64,1867.131529
9.75,1,1867.137964
10.820714,53,1867.532469
10.434286,47,1867.873991
11.036667,6,1867.91813
10.585952,39,1868.199871
10.045952,49,1868.560739
10.490476,51,1868.927634
10.478571,61,1869.370969
10.522619,105,1870.144522
10.770952,82,1870.73466
10.834762,54,1871.133331
10.607857,7,1871.182929
10.754524,51,1875.037408
10.216429,53,1875.418576
10.59,42,1875.730266
10.975,5,1875.766795
11.995,1,1875.774415
10.658636,21,1875.92426
10.708333,45,1876.258912
10.676429,59,1876.695663
10.602143,51,1877.071878
9.99,2,1877.086705
10.53381,38,1877.384877
10.614762,49,1877.79669
10.302381,81,1878.398397
10.780714,61,1878.84447
10.262619,59,1879.38773
10.943095,59,1879.852884
10.800714,57,1880.334158
10.54381,36,1880.637024
10.948846,41,1880.981115
10.340238,62,1881.81023
10.624048,39,1882.131613
10.574048,49,1882.492928
11.145,11,1882.574646
10.376429,70,1886.774235
10.692381,52,1887.161873
10.506319,35,1887.419973
10.825455,24,1887.595541
10.595,1,1887.603416
10.772857,74,1888.150155
10.448333,48,1888.494937
10.237619,33,1888.739827
10.564762,59,1889.177869
10.585,3,1889.200846
10.365,69,1889.720343
10.703095,58,1890.14979
10.776667,58,1890.575037
10.422381,57,1890.992559
10.565952,43,1891.308267
10.467619,36,1891.574112
10.728571,60,1892.011833
10.237619,33,1892.251534
10.484725,60,1892.691255
10.919048,60,1893.138093
10.63619,48,1893.495076
10.661667,1,1893.50237
10.585,3,1893.526744
11.051429,64,1893.996847
10.678333,51,1897.765398
10.306905,73,1898.302045
10.585,3,1898.325188
10.674524,67,1898.81917
10.557857,37,1899.091746
10.700128,52,1899.479221
10.774359,40,1899.771194
10.84881,55,1900.175531
10.598333,67,1900.671663
10.929286,77,1901.239291
11.323333,2,1901.252794
10.51881,72,1901.785094
9.75,1,1901.791421
10.674286,48,1902.15554
11.026667,8,1902.214865
10.65619,44,1902.538081
10.289286,45,1902.870523
10.490476,51,1903.23824
11.002619,9,1903.304022
10.356429,74,1904.052117
10.707778,14,1904.153267
10.222143,78,1904.7572
11.995,1,1904.764947
10.834762,54,1905.160639
10.548571,47,1908.967357
10.782619,53,1909.354794
10.946212,35,1909.615225
10.45119,5,1909.652761
10.560952,75,1910.20866
10.284762,66,1910.695559
10.820714,53,1911.08116
10.718571,62,1911.546663
10.604048,43,1911.858535
10.9,20,1912.005466
10.34881,57,1912.422375
10.9,20,1912.570168
10.688333,49,1912.926884
10.501818,16,1913.044268
10.796667,54,1913.447548
10.510476,47,1913.795248
10.58881,58,1914.224773
10.495714,38,1914.503973
10.773718,35,1914.758009
10.668571,72,1915.281284
9.99,2,1915.295408
10.496429,46,1915.627032
10.947143,62,1916.083195
10.870952,62,1919.96942
10.631667,7,1920.019013
10.769091,28,1920.225829
10.317857,36,1920.485175
10.712381,48,1920.830033
10.672381,56,1921.237925
10.716923,72,1921.77253
10.388333,60,1922.211
10.820952,72,1922.736625
-2.144048,225,1924.390984
11.165,7,1924.441904
11.323333,2,1924.455551
10.804762,60,1924.897345
10.935,53,1925.28384
10.77381,101,1926.017803
11.063333,5,1926.053868
10.825,35,1926.314968
10.56,48,1926.670758
10.547857,39,1927.155035
10.802857,68,1931.155173
10.905,59,1931.58905
10.975,5,1931.625513
10.404286,53,1932.008025
11.313333,4,1932.03603
10.65619,44,1932.36308
10.382857,54,1932.762585
10.812857,66,1933.247345
10.676429,59,1933.689547
10.675238,75,1934.245257
11.026667,8,1934.304327
10.602381,70,1934.837082
10.604048,43,1935.158206
10.721905,8,1935.217799
10.726429,49,1935.60128
10.802619,49,1935.962983
10.597857,9,1936.029943
10.480476,53,1936.419251
10.752436,29,1936.651147
10.790714,59,1937.087374
10.700476,58,1937.518503
10.758333,15,1937.627887
10.730055,43,1937.944511
10.52141,49,1938.306662
10.69619,36,1938.573804
10.682381,54,1942.537585
10.17119,74,1943.08497
10.290952,80,1943.681954
10.734524,55,1944.125682
11.97,6,1944.301292
10.902381,10,1944.420429
10.536667,26,1944.608555
10.790714,59,1945.038185
10.682143,35,1945.293216
10.758333,15,1945.402294
10.492857,81,1945.999137
10.716429,51,1946.377881
11.015556,28,1946.586059
11.17,6,1946.630651
9.75,1,1946.637593
10.557143,11,1946.717453
10.370238,56,1947.17421
10.31,49,1947.544887
10.730476,52,1947.924904
10.768571,52,1948.304553
10.788889,20,1948.45947
10.680238,43,1948.772644
11.042692,53,1949.155001
10.696429,55,1949.559706
10.910952,54,1949.953087
10.796667,54,1953.775358
10.61,38,1954.055017
10.712381,48,1954.409197
9.99,2,1954.424036
10.748571,56,1954.836641
10.708485,28,1955.041914
10.440476,61,1955.490908
10.662381,58,1955.923979
10.359286,31,1956.14939
10.574048,49,1956.502594
10.736429,47,1956.844675
10.760476,46,1957.180754
10.567857,35,1957.438957
10.417143,70,1957.943352
10.644286,54,1958.342591
11.112222,22,1958.502325
10.305952,46,1958.836757
11.006818,35,1959.090012
10.580714,52,1959.47586
10.448333,48,1959.832494
10.676099,45,1960.159628
10.893095,69,1960.701997
10.237619,33,1960.942461
10.491667,35,1964.62599
10.708571,64,1965.092654
10.81881,61,1965.537726
11.112222,22,1965.695863
10.459524,30,1965.915843
10.768571,52,1966.290741
10.956667,22,1966.450784
10.752619,59,1966.885965
10.898333,7,1966.938036
10.965476,85,1967.565221
10.700476,58,1968.193569
11.181818,40,1968.489085
10.668333,53,1968.868014
10.392857,101,1969.617597
10.507857,47,1969.959262
10.281905,47,1970.304957
10.571905,38,1970.588427
10.527967,52,1970.96787
11.995,1,1970.975738
9.75,1,1970.98218
10.975,5,1971.020021
10.71,18,1971.153388
10.7,20,1971.298067
10.706429,53,1971.69006
10.200476,60,1972.127653
10.800714,57,1975.998053
10.571905,38,1976.274587
10.806905,71,1976.799654
10.656429,63,1977.264564
10.681154,33,1977.503503
10.740476,50,1977.888382
10.365238,26,1978.081985
10.618095,44,1978.407143
10.575952,41,1978.710896
10.786667,56,1979.133803
10.670238,45,1979.466438
10.324762,58,1979.893728
10.614048,41,1980.193865
10.985,3,1980.215382
10.94119,67,1980.705941
10.516429,42,1981.016198
10.853333,96,1981.720964
10.814762,58,1982.149634
10.708333,45,1982.485598
10.743077,36,1982.746174
10.800714,57,1986.595997
10.58,44,1986.913841
10.830714,51,1987.286144
10.772619,55,1987.687189
10.325952,42,1987.994971
10.436429,58,1988.415644
10.716667,70,1988.932521
10.758333,15,1989.042638
10.93,14,1989.142597
10.63619,48,1989.509341
10.929048,58,1989.941968
10.780714,61,1990.3941
10.584524,85,1991.22513
10.836905,65,1991.703011
9.753333,169,1992.937849
10.985,3,1992.959223
11.029524,76,1993.570739
10.650238,49,1993.933374
10.893095,69,1997.882525
10.794762,62,1998.339072
10.661667,1,1998.34805
10.446429,56,1998.775632
10.816667,50,1999.205739
10.608095,46,1999.575126
10.532143,65,2000.074543
10.692381,52,2000.461021
10.856282,39,2000.744051
10.426667,79,2001.329241
10.856818,25,2001.511668
10.575,76,2002.106329
10.660238,47,2002.459563
11.065,27,2002.659579
10.433889,11,2002.739692
10.788889,20,2002.886407
10.346429,76,2003.473052
10.688333,49,2004.105996
10.529341,26,2004.288728
10.547857,39,2004.582644
10.56381,32,2004.809935
10.575952,41,2005.104488
10.641667,5,2005.140929
10.575952,41,2005.438361
10.790714,59,2009.421493
10.768571,52,2009.806716
10.291905,45,2010.13193
10.77,6,2010.17777
10.710476,56,2010.586733
11.056364,36,2010.849498
10.764524,49,2011.206919
10.890952,58,2011.636824
10.986111,25,2011.837118
10.432381,55,2012.285791
11.365,7,2012.337007
10.387619,52,2012.715577
10.584048,47,2013.06196
10.55381,34,2013.310256
9.97,6,2013.351564
10.536667,26,2013.544657
10.29381,37,2013.807694
11.323333,2,2013.822745
10.561905,40,2014.110958
10.753077,34,2014.357788
10.63619,48,2014.71161
11.082857,12,2014.801554
11.155,9,2014.867719
10.256667,2,2014.883828
10.417381,27,2015.083431
10.638095,40,2015.387295
10.452381,51,2015.789063
11.995,1,2015.797065
10.652143,41,2016.166509
10.698333,47,2016.620752
11.985,3,2016.647903
10.750476,48,2017.01274
10.709091,40,2020.745139
11.641667,5,2020.780701
10.794762,62,2021.230246
9.99,2,2021.245862
10.614048,41,2021.550944
9.99,2,2021.565233
10.798333,27,2021.763116
10.673095,64,2022.241498
10.245952,58,2022.671445
11.075714,82,2023.276561
10.730714,11,2023.35793
10.953095,57,2023.773627
10.836818,29,2023.987624
10.727033,48,2024.361639
10.840714,49,2024.750769
10.606905,62,2025.21094
10.965238,66,2025.693142
10.93119,69,2026.199668
10.328333,1,2026.2078
10.410476,67,2026.694512
10.604048,43,2027.004538
10.546667,55,2027.406847
10.526667,59,2028.059069
10.907222,23,2028.226816
10.720476,54,2032.053609
10.830714,51,2032.42272
10.972273,31,2032.645688
10.875,65,2033.119839
10.575952,41,2033.419192
11.265909,45,2033.757375
10.982619,13,2033.852012
10.780714,61,2034.298011
10.660952,55,2034.700372
11.421667,9,2034.763642
10.611905,30,2034.983976
10.472381,47,2035.33308
10.740714,69,2035.836319
11.313333,4,2035.866262
10.756429,43,2036.181508
10.985,3,2036.205882
10.375,67,2036.704275
10.812143,9,2036.768903
10.594048,45,2037.095827
10.76881,71,2037.615157
11.995,1,2037.622998
10.724524,57,2038.03755
10.629835,58,2038.487437
10.78881,67,2038.968578
10.344524,84,2043.024831
10.730476,52,2043.406781
10.760714,65,2043.884763
10.59,42,2044.18547
10.834762,54,2044.580705
10.500476,49,2044.937219
10.979286,67,2045.427595
10.702381,50,2045.792662
10.560714,56,2046.199366
10.736667,66,2046.690206
10.855,29,2046.898419
10.975,5,2046.936552
10.782619,53,2047.321349
11.411667,11,2047.401817
10.574286,68,2047.900613
10.075238,97,2048.631559
10.93119,69,2049.140246
10.716429,51,2049.52554
10.612143,49,2049.879191
10.726818,42,2050.189439
10.902381,10,2050.264462
10.768571,52,2054.088042
10.694286,44,2054.410368
10.856905,61,2055.067622
10.743077,36,2055.339727
10.812619,47,2055.683602
10.622857,55,2056.086221
10.834945,44,2056.407586
10.815455,26,2056.596525
10.863571,13,2056.691113
10.90881,43,2057.003246
10.704286,42,2057.3058
10.790989,44,2057.629544
10.48381,48,2057.98231
11.07803,45,2058.316618
10.638095,40,2058.61307
10.774524,47,2058.981713
10.470238,36,2059.318943
10.844762,52,2059.697755
10.588095,50,2060.081089
10.662143,39,2060.365865
10.328333,1,2060.373183
11.995,1,2060.381944
10.65119,76,2060.948566
10.710238,37,2061.218997
10.908205,44,2061.538822
10.79881,65,2065.423898
10.820714,53,2065.818444
10.754011,47,2066.16306
10.846813,68,2066.667572
10.749444,19,2066.804822
10.668571,72,2067.395969
10.68619,38,2067.676776
10.78,4,2067.705083
10.796667,54,2068.107243
9.99,2,2068.122095
10.740476,50,2068.492098
10.473333,12,2068.579659
10.866905,59,2069.002237
10.647381,92,2069.67564
10.730476,52,2070.054506
10.624286,58,2070.476694
10.766905,79,2071.071193
10.700476,58,2071.506623
10.504762,71,2072.034962
10.455476,27,2072.230507
10.547857,39,2072.512844
10.764524,49,2076.273336
10.863571,13,2076.370305
10.755556,31,2076.861217
10.630238,53,2077.250528
10.661667,1,2077.25802
10.693077,46,2077.595879
10.509048,93,2078.281935
10.340714,51,2078.650634
10.44881,86,2079.276652
10.713333,75,2079.823543
10.618095,44,2080.152958
10.834762,54,2080.544279
10.632143,45,2080.928026
10.584048,47,2081.278369
10.451154,30,2081.499104
9.99,2,2081.513975
10.80881,63,2081.979707
10.407381,29,2082.193558
11.059524,70,2082.70695
10.618095,44,2083.026858
11.995,1,2083.034924
10.781429,69,2083.536594
10.940952,48,2087.395665
10.937143,64,2087.867372
10.690714,79,2088.450925
10.702381,50,2088.817849
10.694286,44,2089.138134
10.575952,41,2089.438937
10.792857,70,2089.956516
10.947143,62,2090.40623
10.6,40,2090.703311
10.77,6,2090.74743
10.550989,43,2091.063671
10.600238,59,2091.49842
11.129091,36,2091.757392
10.65619,44,2092.073231
10.832857,62,2092.524445
10.963095,55,2092.924928
11.104444,28,2093.122271
10.800714,57,2093.541215
10.669286,80,2094.130751
10.6,40,2094.41754
10.45119,5,2094.454289
10.886905,55,2098.29132
10.927381,85,2098.905899
11.985,3,2098.929982
11.313333,4,2098.959216
10.488571,59,2099.395544
10.971515,36,2099.658733
10.730476,52,2100.036249
10.85881,53,2100.431317
10.662381,58,2100.852345
10.576905,68,2101.564926
10.511667,31,2101.797466
10.732619,63,2102.257944
10.923333,82,2102.856958
10.604048,43,2103.16835
11.011111,20,2103.319195
10.940909,30,2103.535052
10.824762,56,2103.966991
10.815455,26,2104.158643
10.923095,63,2104.641468
10.969286,69,2105.144705
11.125476,53,2105.530044
10.712381,48,2105.886786
10.730714,11,2105.968921
11.017381,67,2109.903149
11.313333,4,2109.933194
10.565952,43,2110.244576
10.59,42,2110.55757
10.357143,82,2111.16214
10.867778,22,2111.321744
10.985,3,2111.343983
10.594048,45,2111.672955
11.283333,10,2111.746632
10.612143,49,2112.104068
10.784762,64,2112.56659
10.64619,46,2112.901235
11.323333,2,2112.915584
10.856818,25,2113.100699
10.758571,54,2113.502451
11.97,6,2113.545528
10.796667,54,2113.936095
10.684286,46,2114.277803
10.875,65,2114.754775
10.852857,58,2115.179608
10.655165,36,2115.443291
10.122143,49,2115.803224
10.309048,22,2115.963807
10.497619,30,2116.182848
11.203333,26,2116.372938
10.906905,51,2116.753732
9.75,1,2116.760026
10.790714,59,2120.750344
11.263889,25,2120.931439
10.772619,55,2121.342349
10.915,57,2121.765412
10.634048,37,2122.035991
11.641667,5,2122.071168
10.940909,30,2122.2851
11.175897,52,2122.664084
10.392143,44,2122.98903
10.65619,44,2123.308445
10.561905,40,2123.60734
10.404286,53,2123.99142
11.323333,2,2124.007176
10.304762,62,2124.684893
10.728571,60,2125.123266
10.754524,51,2125.503692
10.853095,77,2126.070752
10.288571,99,2126.810489
10.54381,36,2127.125149
10.691154,31,2127.367279
10.698333,47,2127.714076
10.733788,29,2127.927446
10.550714,58,2131.75505
10.85881,53,2132.142342
11.181905,76,2132.698537
11.009524,80,2133.285385
10.732619,63,2133.749882
10.696429,55,2134.16274
10.996429,15,2134.271102
10.925,55,2134.679347
10.975,5,2134.716263
11.365,7,2134.767401
10.545,82,2135.365957
10.543297,32,2135.604054
10.664286,50,2135.965402
10.760476,46,2136.302876
10.721905,8,2136.36352
10.925,55,2136.803409
11.082857,12,2136.889705
11.641667,5,2136.92587
10.800714,57,2137.343451
10.76119,54,2137.739227
10.742381,42,2138.043153
10.87881,49,2138.397517
10.433889,11,2138.478057
10.985,3,2138.501483
10.808571,44,2138.819613
10.840714,49,2139.184822
10.480476,53,2143.138747
10.97119,61,2143.59313
-2.342059,289,2146.061844
-3.895294,289,2148.170386
10.808889,16,2148.290987
-2.802647,289,2150.414134
-2.400882,289,2155.930809
10.915,57,2156.356214
-2.832059,289,2158.584729
-3.375882,289,2160.770879
-2.195,289,2166.30438
-2.459706,289,2168.436124
-2.400882,289,2170.556457
-2.915294,289,2176.140205
-3.111176,289,2178.256433
-3.782647,289,2180.480156
-3.802059,289,2182.60035
-3.699412,289,2188.231647
-4.096176,289,2190.335872
-2.738824,289,2192.428327
-2.075,256,2194.271181
9.106818,32,2197.925852
10.908333,5,2197.961284
10.657222,13,2198.055835
10.873571,11,2198.138661
-2.572353,289,2200.26271
-3.091765,289,2202.409034
-3.454118,289,2204.555138
-3.405294,289,2210.144814
10.975,5,2210.183012
-2.738824,289,2212.279433
-2.890882,289,2214.392089
-2.861471,289,2219.905384
-3.199412,289,2222.005316
-4.527353,289,2224.289032
-4.566765,289,2226.372324
10.661667,1,2226.380196
10.611667,11,2226.45841
-3.684412,289,2232.099153
10.656667,2,2232.115808
-3.973529,289,2234.209913
-4.64,289,2236.351932
-4.782059,289,2238.442673
-5.242647,289,2244.011159
10.656667,2,2244.026496
-3.635588,289,2246.116583
10.311905,41,2246.421655
-4.502941,289,2248.555285
-4.982941,289,2254.07976
-3.929706,289,2256.339706
-4.698824,289,2258.425352
-3.831471,289,2263.991522
-3.978529,289,2266.110657
-2.283235,289,2268.441904
10.931515,44,2268.76329
10.577778,31,2268.990862
-2.763235,289,2271.162043
-4.551765,289,2276.713634
-3.322059,289,2278.823727
11.995,1,2278.83245
-3.512941,289,2280.909168
7.431471,258,2286.133602
7.537941,172,2287.385316
8.615294,279,2289.431133
-2.846471,289,2291.509655
-3.405294,289,2297.104459
-3.287647,289,2299.272311
9.712059,90,2299.938976
10.275,87,2300.579552
-3.111176,289,2302.712004
10.588333,20,2302.876412
-2.704412,289,2308.660811
-4.669412,289,2310.751567
-6.085588,289,2312.845039
-4.292059,289,2314.943996
7.588824,204,2319.832157
-3.831471,289,2321.934769
10.868182,30,2322.149167
10.055879,66,2322.632245
-2.621176,289,2324.755329
-5.536765,289,2330.325901
8.551471,130,2331.261366
9.145294,171,2332.501385
-2.626176,289,2334.579716
-3.997941,289,2336.751512
10.39,73,2337.300304
-2.69,289,2342.964844
11.274048,20,2343.10673
10.33881,108,2343.882136
10.842857,11,2343.960466
11.273333,12,2344.047097
-3.165,289,2346.128021
-3.914706,289,2348.203411
-3.150588,289,2353.927845
9.364118,139,2354.95281
8.309706,198,2356.395928
7.402353,255,2358.237375
-5.502353,289,2363.933692
11.165,7,2363.987195
10.774091,27,2364.193135
-7.330294,289,2366.512721
10.438824,75,2367.092492
-3.566765,289,2369.202582
9.010714,72,2369.734481
9.497059,134,2374.164293
-3.111176,289,2376.254007
11.995,1,2376.262537
9.972381,49,2376.614012
11.102222,24,2376.789889
8.640294,126,2377.706779
-4.047353,289,2379.803369
9.235,107,2380.570445
10.629286,19,2380.702188
11.995,1,2380.710699
-2.425294,289,2386.238688
10.416176,55,2386.6409
8.544706,250,2388.425523
8.474412,118,2389.277075
10.67,66,2389.762446
9.328824,150,2390.842906
9.886765,108,2391.851495
10.973333,23,2392.018712
-3.341471,289,2397.553273
10.397647,95,2398.238162
11.314444,26,2398.427267
9.607647,204,2399.979631
10.898333,7,2400.030626
6.756471,247,2401.818171
9.768529,163,2403.005666
10.485588,47,2403.342766
10.329706,88,2407.461709
8.471765,145,2408.516499
-2.366471,289,2410.617148
10.315,39,2410.902823
8.988529,172,2412.158575
10.742619,61,2412.603716
-2.498529,289,2418.149394
10.386765,55,2418.54976
10.216765,91,2419.327276
8.583529,105,2420.109404
10.765556,29,2420.322172
10.213824,119,2421.191334
10.662381,9,2421.257942
9.827353,114,2422.094669
9.239412,113,2422.9216
9.175,119,2423.77948
10.851667,25,2423.957082
10.16,119,2424.816494
9.667941,140,2429.377114
9.680882,108,2430.192829
11.641667,5,2430.227328
10.047353,68,2430.910841
-1.895882,289,2433.041924
8.948529,131,2433.987146
10.950556,21,2434.134891
10.124412,82,2434.737832
9.825294,84,2435.348628
8.237647,282,2440.861188
10.836282,43,2441.177247
9.721471,94,2441.869569
10.889286,16,2441.98752
6.864706,241,2443.742235
10.671154,35,2443.993531
9.871765,159,2445.207338
10.564762,59,2445.637487
11.985,3,2445.659431
11.155,9,2445.723705
9.640588,168,2446.954242
10.482619,15,2447.062015
9.010294,199,2451.945699
10.040294,40,2452.247137
9.372059,109,2453.036395
9.666176,109,2453.831184
9.940588,108,2454.620655
9.839118,94,2455.305419
10.479706,107,2456.087414
10.136176,62,2456.531693
9.75,1,2456.538587
8.672647,194,2457.969134
10.073824,98,2462.132024
10.608824,90,2462.789206
9.424706,72,2463.310196
10.340294,80,2463.887016
10.775588,89,2464.594893
10.611176,66,2465.272535
11.088571,19,2465.413154
11.641667,5,2465.45366
10.898333,7,2465.505038
9.384706,80,2466.085297
10.447353,88,2466.731366
10.475588,100,2467.462266
10.216176,46,2467.798231
10.047059,122,2468.739894
10.360588,73,2469.271861
11.365,7,2469.322991
10.065,88,2473.43438
9.902353,147,2474.502476
10.389412,79,2475.074407
10.125882,67,2475.558879
9.090588,180,2476.86504
10.404706,172,2478.113711
10.226176,95,2478.805625
10.285952,50,2479.234829
9.853235,99,2480.005081
10.123529,91,2480.681008
10.020294,144,2485.167676
10.322353,63,2485.632946
9.772059,78,2486.205421
10.003529,66,2486.68357
10.504394,38,2486.965084
9.764412,56,2487.422712
8.492059,287,2489.515
10.139412,80,2490.087871
10.762121,41,2490.388297
-3.870882,289,2495.912911
10.540275,37,2496.185588
10.146471,108,2497.16717
10.505882,40,2497.457293
10.329412,140,2498.470856
9.330294,184,2499.813348
10.104706,83,2500.423475
-2.68,289,2502.532309
10.418824,79,2506.551706
9.734118,65,2507.027516
10.733788,29,2507.241966
11.323333,2,2507.255678
10.618182,31,2507.482778
10.673333,52,2507.855884
10.213529,73,2508.386993
11.313333,4,2508.415508
11.44381,16,2508.531491
10.557143,11,2508.613584
10.630588,68,2509.113456
11.056364,36,2509.37799
11.072857,14,2509.483904
-3.581765,289,2511.613141
10.230055,45,2511.951637
10.264706,51,2512.341776
10.370882,68,2512.835742
10.313529,53,2513.226805
10.848333,17,2513.350178
10.242059,82,2517.359735
10.448235,79,2517.935006
10.591765,64,2518.40322
10.826818,31,2518.627119
11.011111,20,2518.774765
9.99,2,2518.789828
10.705588,103,2519.54241
10.695882,102,2520.280091
10.531176,82,2520.877337
10.257941,71,2521.388051
10.77,6,2521.434773
10.032353,72,2521.965189
10.163235,86,2522.588497
9.620294,175,2523.870054
10.173529,132,2528.503264
9.672353,95,2529.273015
9.736471,92,2529.968366
10.577647,108,2530.750143
11.365,7,2530.800834
10.166765,101,2531.533852
10.986429,17,2531.661419
9.176176,207,2533.239993
9.850294,80,2533.842706
-1.631176,289,2536.053256
10.184118,73,2540.15726
10.260882,90,2540.824204
11.262143,19,2540.957734
10.274412,52,2541.350545
10.117647,102,2542.092358
9.547059,124,2543.007608
10.349412,87,2543.85564
10.996429,15,2543.963601
10.161471,104,2544.719046
10.372941,96,2545.412636
9.599412,90,2546.064075
9.752941,124,2546.989835
10.388529,88,2551.092409
10.382353,100,2551.820975
10.345588,75,2552.367136
10.490882,93,2553.039539
11.365,27,2553.237541
10.262941,69,2553.740414
11.272143,17,2553.867644
9.75,1,2553.874845
10.591176,70,2554.388741
9.821765,71,2554.90346
10.656667,2,2554.918086
9.646471,159,2556.077993
10.282353,71,2556.614505
10.101471,216,2558.181067
10.818333,23,2558.348137
10.080588,80,2562.336397
9.576471,124,2563.260714
10.746111,24,2563.435343
10.939487,48,2563.789631
10.020882,89,2564.501529
10.062647,63,2564.961405
-2.596765,289,2567.077144
10.299412,97,2567.785841
10.786176,81,2568.373295
9.685294,63,2568.83564
10.661667,1,2568.843244
9.99,2,2568.857872
10.867778,22,2569.0165
9.962647,83,2573.235087
10.228235,74,2573.773951
10.262059,78,2574.353863
10.856818,25,2574.533412
10.543529,56,2574.942224
10.928846,45,2575.266256
10.427647,89,2575.903018
10.108824,92,2576.579609
10.985,3,2576.6011
10.341471,68,2577.095328
9.658824,182,2578.429913
10.807143,10,2578.504478
10.061176,78,2579.077526
9.386471,260,2584.366631
9.332941,108,2585.159423
10.287941,114,2586.003018
-2.371471,289,2588.11224
9.872941,149,2589.215752
11.026667,8,2589.276378
9.75,1,2589.282612
10.597273,26,2589.476692
9.34,136,2590.461455
10.610455,49,2590.817605
10.485,104,2595.005295
10.025,98,2595.733327
10.233235,72,2596.258315
11.313333,4,2596.287469
10.315,89,2596.942112
10.767059,76,2597.550526
10.630294,71,2598.069315
10.253529,65,2598.549358
9.741176,93,2599.31144
10.706471,94,2600.005882
10.561176,76,2600.569204
10.260588,93,2601.496231
10.151471,106,2602.288149
10.744706,104,2606.543355
10.649706,73,2607.136161
10.019412,104,2607.896188
10.661667,1,2607.903364
10.532059,73,2608.4467
9.266176,238,2610.191958
10.111471,65,2610.672034
10.898333,7,2610.722735
11.021111,18,2610.852519
-2.522941,289,2612.950584
11.995,1,2612.959683
10.436667,57,2613.368842
10.510588,92,2617.417357
9.772353,124,2618.326024
10.752727,24,2618.505789
9.849706,86,2619.336771
9.925882,58,2619.756618
10.568235,104,2620.52291
10.500055,40,2620.804951
10.312353,65,2621.277622
9.755294,100,2622.018411
10.902381,10,2622.095238
10.697647,84,2622.720417
9.870882,119,2623.582678
10.094412,188,2628.430766
10.097941,201,2629.91247
10.475588,49,2630.272579
10.163824,80,2630.906505
10.717033,50,2631.339422
10.855606,41,2631.639442
10.641667,5,2631.679128
10.610882,69,2632.185405
10.562059,67,2632.677402
10.459706,111,2633.498927
10.235588,48,2633.851806
10.543824,53,2634.246423
11.293333,8,2634.305343
11.263333,14,2634.411453
11.082857,12,2634.500247
10.552353,66,2634.985891
9.847647,156,2639.574608
10.543824,53,2639.965068
10.513529,62,2640.422925
10.203529,75,2640.971248
9.994412,59,2641.396037
10.619118,85,2642.018381
10.592647,55,2642.425694
10.649706,73,2642.955942
10.083824,96,2643.657951
10.71,18,2643.796224
10.951515,40,2644.092358
10.182143,37,2644.366643
10.243824,64,2644.83004
10.389706,76,2645.579392
10.595294,79,2646.161391
10.254412,105,2646.920815
10.679706,67,2650.834171
9.963529,74,2651.377029
10.711795,32,2651.609118
10.320588,81,2652.204691
10.340882,74,2652.744184
9.082941,109,2653.533038
10.561471,73,2654.058324
10.244412,58,2654.48868
10.931818,41,2654.799819
9.917647,93,2655.485614
10.361176,116,2656.335941
10.262647,72,2656.851779
10.283529,59,2657.274259
10.510714,66,2657.815802
10.603824,92,2662.077672
10.453235,77,2662.661347
10.002941,72,2663.196847
10.282059,74,2663.729961
10.588824,94,2664.424628
10.12,78,2664.999644
11.995,1,2665.008051
10.656667,2,2665.022571
10.423529,131,2665.98634
10.908205,44,2666.372804
10.207059,90,2667.039004
10.522941,66,2667.52588
11.173095,13,2667.624974
11.45381,14,2667.726173
10.40619,45,2668.054346
10.689412,68,2668.557681
10.386471,58,2668.986585
10.812143,9,2669.049538
10.629118,83,2673.244282
10.301471,76,2673.796742
9.42,120,2674.677211
10.46,108,2675.470292
10.335882,125,2676.377286
10.928846,45,2676.711875
10.446471,97,2677.4252
10.313824,50,2677.789311
10.454412,65,2678.262605
10.489091,35,2678.515462
10.635165,40,2678.805746
10.763333,65,2679.284308
10.679706,67,2679.782334
10.535294,40,2680.077039
9.334412,242,2685.311224
10.534412,100,2686.05161
10.156176,58,2686.48554
10.417059,97,2687.204039
10.379412,130,2688.199267
11.323333,2,2688.214374
10.612647,51,2688.594117
10.179118,75,2689.148548
10.795588,85,2689.777844
10.516176,86,2690.402837
10.378824,36,2690.666944
10.599231,34,2690.918436
10.396765,53,2691.312294
10.228824,117,2695.551064
11.026667,8,2695.60845
10.731667,57,2696.020007
10.405882,60,2696.454656
10.483235,71,2696.963572
10.292059,72,2697.490259
10.476765,37,2697.754675
9.99,2,2697.769997
10.380294,72,2698.294262
10.167647,92,2698.964947
10.536471,79,2699.718268
10.569118,95,2700.461581
10.985,3,2700.484801
10.729118,63,2700.945713
10.334118,94,2701.628957
10.814706,90,2702.295093
10.403235,87,2706.365329
11.025556,26,2706.552711
10.189412,70,2707.068316
10.564545,18,2707.19484
10.715588,101,2707.940104
10.961515,38,2708.215698
10.14619,48,2708.565824
10.085588,178,2709.868903
11.283333,10,2709.94096
10.606282,40,2710.233766
10.482353,80,2710.819354
10.680588,58,2711.251211
10.244706,55,2711.662686
10.630882,65,2712.136854
10.195588,56,2712.543686
10.32,87,2713.178434
10.537647,116,2717.423336
10.553529,54,2717.817588
10.776765,77,2718.38016
10.212353,85,2719.025985
10.385,3,2719.053249
10.585,3,2719.076418
10.174412,72,2719.667436
10.485294,50,2720.055362
11.072857,14,2720.173011
10.773718,35,2720.437392
10.414706,70,2720.954534
10.421176,104,2721.721373
10.163235,86,2722.359486
10.250882,192,2723.766837
10.492941,72,2724.302887
10.449091,12,2724.393472
10.804412,95,2728.538378
10.295588,87,2729.205671
10.686765,95,2730.059838
10.523235,63,2730.524757
10.787967,49,2730.881155
10.100588,125,2731.844245
10.505588,43,2732.158542
10.630294,71,2732.677485
10.37,77,2733.239428
10.215,158,2734.389778
10.41,118,2735.261707
10.679118,73,2739.256116
11.323333,2,2739.270771
10.658333,45,2739.602449
10.777647,68,2740.099286
10.089706,36,2740.368332
10.631176,62,2740.823496
11.323333,2,2740.839752
10.508529,113,2741.659417
10.992619,11,2741.739619
10.068824,100,2742.47218
10.805,39,2742.751475
10.46,59,2743.183959
10.458529,74,2743.727136
9.822941,108,2744.548468
10.767353,73,2745.08303
10.379412,81,2745.679052
10.709706,61,2746.120409
10.332353,61,2746.561987
10.631176,62,2750.447797
9.966176,98,2751.169995
10.661667,1,2751.177656
10.592059,61,2751.625121
10.120588,121,2752.513439
10.582059,63,2752.98318
10.437353,39,2753.270805
10.566667,20,2753.417179
10.113529,193,2755.030526
10.627941,95,2755.723165
10.176471,102,2756.467762
10.512941,68,2756.966298
9.787353,122,2761.331104
10.272941,67,2761.823638
10.423824,77,2762.372985
11.97,6,2762.420577
10.130294,73,2762.949967
10.560588,82,2763.540474
10.264706,51,2763.911668
10.638529,87,2764.544263
10.526471,81,2765.142285
9.99,2,2765.156598
10.204706,63,2765.615483
11.995,1,2765.623105
11.262143,19,2765.767098
10.379412,81,2766.358151
10.548824,102,2767.101115
9.975294,105,2767.868758
10.341471,68,2768.370311
10.889835,55,2772.225342
10.275882,88,2772.869658
9.612059,110,2773.675646
11.222778,31,2773.893362
10.131176,64,2774.35868
10.648824,82,2774.951118
10.670294,63,2775.407666
10.431176,102,2776.149063
10.525294,93,2776.823806
10.513333,4,2776.854988
10.445238,72,2777.374313
10.293529,57,2777.787579
10.907222,23,2777.954477
10.570294,83,2778.562279
10.504412,55,2778.98532
9.99,2,2779.005362
10.378235,93,2783.20665
10.233235,72,2783.736996
10.884706,76,2784.525211
10.631176,62,2784.977592
10.524412,51,2785.347442
10.493824,63,2785.822
10.821923,51,2786.194545
10.504706,52,2786.583391
10.632059,53,2786.975259
10.358529,43,2787.326178
10.305588,134,2788.308798
10.706176,97,2789.020569
10.266765,130,2789.989556
10.747353,77,2790.555573
10.303235,58,2794.491373
10.411176,108,2795.291304
10.197941,32,2795.524221
10.627273,20,2795.673938
10.556111,11,2795.755149
10.668824,78,2796.387944
9.461471,244,2798.162801
10.490882,144,2799.207663
10.573235,53,2799.599687
10.697059,90,2800.261097
10.483235,122,2801.15931
10.769744,115,2802.002237
10.558529,103,2806.243842
10.225294,53,2806.631154
10.529118,103,2807.379955
10.558824,100,2808.113192
10.374706,78,2808.68306
9.987059,85,2809.303105
10.863571,13,2809.406406
10.697059,90,2810.273245
11.624286,18,2810.407744
10.189524,35,2810.663424
10.718824,68,2811.170217
10.732436,33,2811.411237
10.446765,43,2811.730502
10.034706,48,2812.078343
11.334286,27,2812.274323
11.082857,12,2812.359763
10.591471,67,2812.851757
10.390588,67,2816.748775
11.071667,19,2816.890545
10.45,61,2817.338225
10.735882,94,2818.02165
10.400882,62,2818.488784
10.661667,1,2818.495832
10.806765,71,2819.024762
10.710055,47,2819.371625
10.412941,90,2820.028751
10.547143,13,2820.123359
9.99,2,2820.139045
10.896905,53,2820.537514
10.912059,97,2821.251222
10.69,62,2821.713559
10.003824,163,2822.905128
10.555882,130,2823.86254
10.58,84,2827.924703
10.511471,83,2828.559668
11.130549,64,2829.035287
9.75,1,2829.041239
10.668529,81,2829.647595
10.679121,40,2829.953986
10.429118,74,2830.730648
9.75,1,2830.736635
11.985,3,2830.759376
9.796471,129,2831.702002
10.859444,17,2831.827871
10.869444,15,2831.934033
10.767353,73,2832.468585
10.441154,32,2832.707555
10.590882,73,2833.237053
10.61,78,2833.812645
10.590882,73,2834.351943
10.898333,7,2834.403118
10.631111,16,2834.521993
10.562353,64,2834.99162
10.370294,74,2839.113095
10.38,75,2839.711865
10.679412,70,2840.241585
10.803235,107,2841.033942
10.388235,91,2841.70004
10.013824,61,2842.143497
10.469706,60,2842.585252
10.300882,82,2843.184217
9.829706,39,2843.467347
10.290882,84,2844.083774
10.816176,75,2844.63636
10.585588,78,2845.205091
10.330294,131,2846.162676
11.641667,5,2846.201082
10.227353,181,2851.043277
10.506176,37,2851.333874
10.531429,8,2851.392029
10.621667,9,2851.458207
10.620294,73,2851.990775
10.454118,119,2852.862764
10.361471,64,2853.325525
11.323333,2,2853.338876
10.825455,24,2853.511255
10.670588,60,2853.946533
10.092647,108,2854.938339
11.313333,4,2854.966599
10.754706,102,2855.851016
10.594231,35,2856.095299
10.370294,74,2856.708015
10.657647,92,2857.380085
11.19381,17,2857.503217
10.407941,90,2861.587068
10.561471,73,2862.129141
10.466471,42,2862.442175
10.322353,63,2862.894508
10.812143,9,2862.959079
11.985,3,2862.981764
9.75,1,2862.988169
10.590882,73,2863.517138
10.826176,73,2864.045724
10.658636,21,2864.20545
10.236176,93,2864.929216
9.75,1,2864.935305
10.277059,76,2865.497776
10.615909,15,2865.605293
10.353529,96,2866.310438
10.797941,61,2866.763011
11.313333,4,2866.791734
10.796176,79,2867.382943
10.385,3,2867.405658
10.333235,103,2868.155137
10.786471,78,2868.716005
10.522647,69,2872.620183
10.866905,59,2873.059505
10.613529,93,2873.726343
10.322353,63,2874.188968
10.600588,74,2874.729764
10.552059,69,2875.234585
10.660294,65,2875.711105
10.282941,65,2876.189019
10.725,6,2876.231871
10.446176,49,2876.58797
10.926212,39,2876.872955
10.429706,68,2877.373072
10.618824,88,2878.010712
10.481176,92,2878.673814
10.265882,90,2879.326412
10.898333,7,2879.378419
10.865879,51,2879.748879
10.736471,88,2883.839144
9.88,77,2884.421614
10.438235,81,2885.226097
10.511176,86,2885.869567
10.985,3,2885.893869
10.718824,68,2886.39504
11.323333,2,2886.410924
11.145,11,2886.491628
10.274412,52,2886.884695
10.899545,31,2887.106474
10.341176,71,2887.621441
10.852857,58,2888.050582
10.758235,66,2888.522555
10.487353,80,2889.111696
10.679412,70,2889.62259
10.825,35,2889.874754
10.766471,82,2890.472482
10.769091,28,2890.677045
10.787647,66,2894.570401
10.598824,92,2895.248319
10.669412,72,2895.775294
10.906813,56,2896.186782
10.541429,6,2896.232628
10.835,83,2896.852963
10.754725,55,2897.248796
10.411429,32,2897.493757
10.619231,30,2897.716302
10.543235,59,2898.161984
10.680294,61,2898.599327
10.795588,85,2899.320104
10.718901,76,2899.88597
10.529706,97,2900.610518
10.828333,21,2900.765781
10.589118,91,2901.442457
10.847778,26,2901.6376
10.417647,91,2906.063378
10.926813,52,2906.446102
10.819697,30,2906.660757
10.630513,38,2906.933768
10.439706,115,2907.833065
11.57,6,2907.877383
10.825,85,2908.500022
10.669706,69,2909.002012
10.975,5,2909.038032
10.67,66,2909.535447
10.455882,50,2909.907563
10.912381,8,2909.968243
11.995,1,2909.976101
10.780989,46,2910.307441
10.370882,68,2910.806351
10.620588,70,2911.322841
10.833235,101,2912.058976
10.140294,71,2912.578569
10.650294,67,2913.069222
10.503235,67,2917.017143
10.727647,78,2917.58304
10.324412,93,2918.259123
10.329706,88,2918.901223
11.347273,36,2919.16808
10.149118,81,2919.76117
10.245294,49,2920.125153
10.126176,66,2920.606595
10.485294,50,2920.970124
10.488529,68,2921.534189
10.762727,22,2921.696025
9.996176,190,2923.089071
10.598235,98,2923.808291
10.832353,110,2928.178734
10.721905,8,2928.237005
10.582941,54,2928.636068
10.453824,71,2929.157996
10.677941,85,2929.79478
10.459706,62,2930.254212
10.586471,69,2930.763531
10.629872,33,2931.222229
11.56,8,2931.285617
11.062637,60,2931.722796
10.577941,105,2932.495453
10.302353,67,2932.97864
10.426176,104,2933.751046
10.511667,31,2933.987413
10.496667,65,2934.457245
10.571765,68,2934.94958
10.743788,27,2935.148344
10.650588,64,2935.62042
10.985,3,2935.642902
10.638095,40,2939.396176
10.487647,77,2939.960519
10.739118,61,2940.40726
10.526471,81,2941.00183
10.566176,76,2941.557486
10.337941,53,2941.947217
10.629706,77,2942.510389
10.768333,13,2942.607122
10.970556,17,2942.729341
10.51,69,2943.238346
10.387941,94,2943.924622
10.743529,116,2944.77268
10.647059,100,2945.505136
10.700294,57,2945.915573
11.411667,11,2945.998751
10.682941,85,2946.617623
10.659118,77,2950.641834
10.585,3,2950.664454
10.531364,21,2950.81821
10.755,99,2951.553109
10.39,2,2951.569984
10.279118,104,2952.330162
10.43,65,2952.801073
10.688824,74,2953.337523
10.273824,58,2953.756482
10.303235,58,2954.411345
10.606667,12,2954.504761
10.454103,22,2954.668698
10.463333,34,2954.917789
10.630294,71,2955.433542
10.834412,89,2956.089814
9.981471,91,2956.754898
10.564545,18,2956.889353
9.831765,69,2957.389071
10.488235,71,2961.408881
10.552222,14,2961.5105
10.660294,165,2962.711404
10.405882,60,2963.150896
10.581765,66,2963.63648
9.99,2,2963.650273
10.521471,81,2964.246966
10.975238,64,2964.713142
10.716176,95,2965.41687
10.029706,99,2966.15151
10.698235,78,2966.731466
10.366176,67,2967.281873
10.016471,83,2967.899513
10.749444,19,2968.03491
9.75,1,2968.041579
10.537353,70,2968.557132
11.050882,81,2972.565679
10.898333,7,2972.61896
10.158824,131,2973.579394
10.807059,68,2974.077774
10.331471,70,2974.590194
10.715,107,2975.37174
10.293824,54,2975.769205
10.531429,8,2975.82726
9.99,2,2975.841278
9.946471,99,2976.551785
10.419706,119,2977.415415
10.390294,70,2977.916876
10.798889,18,2978.051329
10.730714,11,2978.130462
10.660588,62,2978.571352
10.668824,78,2979.356388
9.99,2,2979.371132
10.504706,52,2979.748551
10.805,39,2980.032941
10.667353,93,2984.163589
10.837967,39,2984.498871
9.544706,99,2985.223496
10.419706,70,2985.787318
10.768529,61,2986.254908
11.010128,39,2986.542497
10.198529,77,2987.109493
10.460294,56,2987.519533
10.364412,83,2988.128379
10.985,3,2988.151505
10.552647,63,2988.611725
10.747941,71,2989.134317
10.512059,77,2989.703706
10.409706,72,2990.287608
10.410588,63,2990.745051
9.831176,75,2994.801966
10.681176,52,2995.176832
10.650882,61,2995.627751
10.284412,50,2995.993999
10.302353,118,2996.871271
10.670882,57,2997.27904
10.590882,73,2997.813324
10.110882,71,2998.329484
10.747941,71,2998.850513
10.185882,55,2999.259864
10.516765,80,2999.843405
10.661667,1,2999.850832
10.681154,33,3000.090712
10.902381,10,3000.160024
10.245882,43,3000.473457
10.207941,81,3001.068375
11.008681,62,3001.522355
10.699118,69,3002.023164
10.390882,64,3005.928816
10.610294,75,3006.47724
10.442059,91,3007.140356
10.596176,119,3008.200342
10.380882,66,3008.684326
10.523529,60,3009.127769
10.591471,67,3009.617598
10.520588,90,3010.277502
9.75,1,3010.284086
10.846176,69,3010.788101
10.550294,87,3011.417261
10.292647,66,3011.901305
10.572647,59,3012.33536
10.39,2,3012.350394
10.477647,79,3012.929502
10.573235,53,3013.319519
10.195,1,3016.77011
10.733788,29,3016.977313
10.756765,81,3017.573967
10.544706,44,3017.893806
10.61,78,3018.469904
10.262941,69,3018.996381
10.670556,17,3019.165192
11.283333,10,3019.255488
10.580588,78,3019.861527
10.497353,78,3020.473075
10.371765,59,3020.909432
11.995,1,3020.917769
10.680294,61,3021.365411
10.253529,65,3021.839218
10.756765,81,3022.440007
10.542941,62,3022.893866
11.138636,45,3023.222187
11.405,19,3023.359761
10.607857,7,3023.410182
9.817059,217,3028.451034
10.940909,30,3028.678132
10.385,3,3028.700494
10.638824,84,3029.314994
10.933235,81,3029.908601
10.532941,64,3030.372881
10.715588,101,3031.1199
10.641176,60,3031.554678
10.93,14,3031.657063
10.572941,56,3032.066616
10.629706,77,3032.837005
-1.400882,289,3034.967366
10.572941,56,3035.379309
10.429412,71,3039.354059
10.457059,38,3039.63138
10.630294,71,3040.15811
10.767059,76,3040.718147
10.121176,66,3041.20536
11.006429,13,3041.297172
10.661667,1,3041.303787
10.333235,52,3041.687955
10.199412,68,3042.177593
10.947143,62,3042.627964
10.585588,78,3043.191433
10.69,22,3043.351806
10.678529,79,3043.926372
10.530294,91,3044.618188
10.439091,14,3044.719777
10.267033,42,3045.026981
10.65,70,3045.539077
10.433235,81,3046.12898
10.411471,54,3046.529329
10.996429,15,3050.050082
10.737647,76,3050.684009
10.620588,70,3051.200047
10.552941,60,3051.641033
10.707778,14,3051.742043
10.659118,77,3052.312282
10.679118,73,3052.836727
11.313333,4,3052.866294
10.596818,28,3053.069308
10.776471,80,3053.660215
10.853824,91,3054.34178
10.525882,87,3055.028852
10.767059,76,3055.580117
10.393824,83,3056.195014
10.553824,51,3056.566707
10.669412,72,3057.097084
10.186765,97,3061.418538
10.747941,71,3061.938282
10.985,3,3061.959136
10.592941,52,3062.337216
10.722436,35,3062.59631
11.031703,53,3062.9809
10.243235,70,3063.492762
10.885294,70,3064.005531
10.689118,71,3064.52504
10.618095,44,3064.85304
10.287059,74,3065.401402
10.611209,36,3065.65719
11.026667,8,3065.71565
10.532059,73,3066.257787
10.534412,49,3066.615039
10.541176,80,3067.205514
10.823824,97,3067.917526
10.437059,93,3068.605808
10.651209,28,3072.214399
10.747941,71,3072.732968
10.645588,115,3073.581913
10.494706,105,3074.350433
10.661667,1,3074.361985
10.452647,83,3074.974514
10.524118,54,3075.369221
10.603824,92,3076.047828
10.552941,60,3076.484015
10.484412,59,3076.913034
10.511667,31,3077.142133
11.995,1,3077.152881
10.728235,72,3077.678969
10.598529,95,3078.373266
10.521176,84,3079.008144
10.399412,77,3079.630927
10.736176,91,3083.811131
10.670882,57,3084.235699
10.806176,77,3084.826924
10.650294,67,3085.319129
10.772727,20,3085.465375
11.097727,35,3085.713928
10.787059,72,3086.245857
10.597857,9,3086.310036
10.457647,83,3087.167139
9.937941,86,3087.796445
10.530882,85,3088.412475
11.104444,28,3088.618333
11.201818,36,3088.883142
10.482647,77,3089.461386
10.287353,69,3089.969134
10.976818,41,3090.273064
10.680882,55,3090.674276
10.630882,65,3094.56769
10.549412,147,3095.628837
10.284118,53,3096.02113
10.718824,68,3096.515564
10.817059,66,3097.003395
10.174412,72,3097.530241
10.842857,60,3097.971368
10.352353,57,3098.386858
10.805294,86,3099.021301
10.737647,76,3099.577805
10.951515,40,3099.867829
10.807353,65,3100.349896
10.605,80,3100.924846
10.322941,57,3101.343218
10.166471,53,3101.737581
10.667941,87,3105.764919
10.766176,85,3106.436039
10.898333,7,3106.494659
10.691667,85,3107.13357
10.621765,58,3107.561506
10.727647,78,3108.132706
10.328333,1,3108.139606
10.390882,64,3108.607385
10.786176,81,3109.199754
10.747941,71,3109.726122
10.825641,40,3110.020087
10.795,91,3110.918053
10.360952,4,3110.946927
10.973529,70,3111.477898
10.361765,61,3111.926045
10.835294,80,3112.519384
10.475,55,3112.919006
10.661471,53,3116.856112
10.738529,67,3117.350303
10.771176,85,3117.979428
10.898333,7,3118.030455
10.611176,66,3118.51381
10.689706,65,3118.991103
10.544118,50,3119.427493
10.640294,69,3119.935707
10.795882,82,3120.53724
10.244412,58,3120.956582
10.627273,20,3121.101306
10.865882,68,3121.602248
10.372353,53,3121.989154
10.969286,69,3122.500334
10.701154,29,3122.720058
10.42,67,3123.209629
10.563235,55,3123.618282
10.399118,80,3124.198175
10.690588,56,3128.061789
10.449412,67,3128.563194
10.309706,92,3129.247251
11.129091,36,3129.748568
10.845588,75,3130.302979
10.361765,61,3130.761045
10.513333,4,3130.791192
10.376364,12,3130.882501
10.571765,68,3131.376838
10.709118,67,3131.896487
10.582059,63,3132.363617
11.213333,24,3132.537521
10.349412,36,3132.798282
10.777647,68,3133.291599
10.497941,72,3133.831057
10.585,3,3133.853063
10.303529,55,3134.254742
10.360882,70,3134.789106
10.137941,44,3135.112188
10.909545,29,3135.335766
10.585,3,3135.368684
10.605882,71,3139.4479
10.583235,51,3139.822565
11.995,1,3139.829837
10.729412,60,3140.286001
10.784359,38,3140.55961
10.601765,62,3141.015266
10.553529,54,3141.415457
11.162778,23,3141.582229
10.563529,52,3141.961293
10.631765,56,3142.37385
10.936813,50,3142.741103
10.263235,66,3143.21927
10.649706,73,3143.753695
10.494412,57,3144.173585
10.788889,20,3144.324264
11.139091,34,3144.570879
10.541471,77,3145.139656
11.97,6,3145.184918
10.692647,86,3145.81583
10.457647,83,3146.444328
9.99,2,3146.458363
10.313235,56,3150.332897
9.98,4,3150.360912
10.758333,15,3150.470972
10.247353,79,3151.045968
10.707778,14,3151.149685
10.332059,64,3151.624717
10.854118,88,3152.268023
11.313333,4,3152.29811
10.730714,71,3152.998737
10.656667,2,3153.012278
10.329706,88,3153.655203
10.501176,88,3154.294386
10.696099,41,3154.709567
-1.985817,324,3157.082634
10.420556,18,3157.215566
-3.073758,324,3162.96602
10.972273,31,3163.19217
-2.302908,324,3165.554767
10.303235,58,3165.981607
10.668039,86,3166.610397
-2.463137,324,3172.441267
-2.688333,324,3174.798028
11.375,5,3174.835156
-4.057124,324,3177.184305
-2.479183,324,3179.635232
-2.897484,324,3185.450665
11.119286,19,3185.591844
11.006429,13,3185.686007
-2.593856,324,3188.03564
-3.933137,324,3190.404471
-4.419771,324,3196.165604
-3.495425,324,3198.53876
11.995,1,3198.547118
-2.668922,324,3201.015992
10.920455,36,3201.280435
9.401667,205,3206.523695
10.661667,1,3206.531149
7.893105,264,3208.507739
-2.789542,324,3210.898482
-3.103268,324,3216.681347
9.99,2,3216.69876
-3.975327,324,3219.065458
-2.998693,324,3221.414483
-6.023856,324,3223.77582
9.064314,148,3228.300797
9.03732,288,3230.384161
-4.161699,324,3232.784827
-2.567712,324,3238.526019
-4.207255,324,3240.899498
9.525033,82,3241.723379
10.917222,21,3241.880721
8.839248,178,3243.183893
8.091536,289,3245.373073
10.538529,57,3245.784906
-3.129412,324,3251.66203
10.454706,62,3252.120257
8.514183,277,3254.189399
10.243464,101,3254.933014
10.241895,117,3255.805385
11.313333,4,3255.834118
10.248889,79,3256.414625
10.189706,67,3256.901679
10.586765,115,3261.327044
10.78,4,3261.358315
10.35817,80,3261.957663
11.995,1,3261.965863
10.575,36,3262.228664
11.323333,2,3262.243861
10.531429,8,3262.301288
-6.951569,324,3264.702328
9.27768,106,3265.485216
9.99,2,3265.500619
7.176471,261,3267.466333
9.458889,237,3272.570889
10.191895,78,3273.14321
10.672255,93,3273.824196
-2.07098,324,3276.207023
10.245523,79,3276.802061
10.605,30,3277.020594
9.175882,61,3277.490096
-4.210621,324,3283.485271
11.17,6,3283.530115
11.323333,2,3283.54699
10.600588,74,3284.078455
10.075033,70,3284.602415
-4.524346,324,3286.949881
10.603105,65,3287.430745
10.323464,134,3288.414949
-4.782418,324,3294.203435
9.961667,92,3294.872298
10.656667,2,3294.887636
-3.33183,324,3297.269331
9.75,1,3297.276228
-2.665556,324,3299.642762
10.618039,96,3300.348431
7.889967,198,3305.210357
10.40768,76,3305.761311
9.554902,144,3306.828339
10.291176,81,3307.43119
10.502255,78,3308.011886
11.155,9,3308.079066
10.863571,13,3308.174973
8.34768,194,3309.654498
10.059608,94,3310.359022
10.860952,64,3310.830547
10.798889,18,3310.957646
10.327857,34,3311.203129
10.66768,73,3311.742656
10.11817,79,3315.747172
10.305882,82,3316.338984
10.32768,92,3317.007807
10.250327,131,3318.188488
9.622745,101,3318.943986
10.992619,11,3319.041309
9.906601,88,3319.757359
-2.998693,324,3322.155601
9.281046,155,3323.31071
10.412143,40,3327.011276
10.93,14,3327.162654
9.942386,73,3327.69886
9.684314,73,3328.233354
10.496471,87,3328.87582
10.134183,100,3329.618994
9.453824,174,3330.891485
9.543105,81,3331.492865
10.531429,8,3331.552461
9.53859,45,3331.873199
9.086471,124,3332.785763
10.304673,60,3333.224286
9.809118,150,3334.32098
11.995,1,3334.330798
10.970556,17,3337.888381
10.45119,5,3337.925286
10.419967,133,3338.896976
10.627564,46,3339.236897
11.205714,16,3339.355252
10.121536,79,3339.929364
10.641895,86,3340.570002
10.643464,70,3341.079418
10.601471,65,3341.560771
-3.384118,324,3343.952465
9.75,1,3343.960052
10.32683,134,3344.94714
10.551176,78,3348.895812
9.841895,148,3349.977106
-3.547712,324,3352.634432
9.416471,156,3353.775521
9.251895,168,3355.014389
10.652059,49,3355.382551
-3.253399,324,3361.148681
10.031667,59,3361.578893
10.616818,24,3361.751932
10.403824,82,3362.343885
9.96732,102,3363.085846
10.432255,141,3364.115199
9.352745,106,3364.871083
10.412255,96,3365.568713
-2.998693,324,3371.342607
9.081046,293,3373.544949
10.306111,161,3374.723757
10.671536,67,3375.207929
10.235392,100,3375.959705
10.108039,100,3376.698001
10.395752,81,3377.305246
10.313464,87,3377.999678
10.342026,78,3382.063555
11.293333,8,3382.120429
10.416242,71,3382.635417
9.99,2,3382.651199
10.583464,82,3383.251861
10.06732,131,3384.301767
9.776961,78,3385.005359
9.54732,137,3386.005605
11.233333,20,3386.149876
9.574902,189,3387.56914
9.948529,77,3388.131685
9.854673,150,3389.250986
10.265882,88,3393.331352
10.583105,69,3393.828952
9.432255,96,3394.54015
10.44817,62,3394.998913
10.083105,120,3395.88184
9.682974,170,3397.132155
10.93,14,3397.235277
10.054804,42,3397.541017
9.850458,94,3398.232524
10.042745,66,3398.717674
10.876923,40,3399.016477
10.345752,91,3399.690729
9.75,1,3399.697649
10.216667,41,3399.995258
8.90683,173,3404.705092
9.821895,152,3405.838662
11.56,8,3405.899688
10.131176,64,3406.375288
-3.181699,324,3408.773383
10.410327,99,3409.501131
10.710686,101,3410.23382
10.681046,120,3411.332789
11.036667,6,3411.390135
10.476111,78,3415.403722
9.839248,76,3415.960411
10.355033,63,3416.432307
9.75,1,3416.438492
10.536471,79,3417.01959
9.742386,64,3417.49288
10.28768,100,3418.22185
10.678039,84,3418.84564
11.313333,4,3418.873943
10.492026,48,3419.229905
10.33732,77,3419.794702
10.333105,70,3420.307274
9.879739,62,3420.763454
10.438399,96,3421.461812
10.65732,62,3421.908778
10.351176,69,3422.418225
10.438399,96,3426.569399
9.60732,125,3427.486251
10.538889,70,3427.993981
10.001536,103,3428.7673
10.006471,87,3429.400077
10.228039,76,3429.980181
10.549967,107,3430.763598
11.365,7,3430.813826
10.593464,80,3431.395089
10.285392,90,3432.064879
10.762727,22,3432.226138
10.350686,124,3433.330414
10.18732,107,3437.591575
10.721905,8,3437.665497
10.768333,13,3437.782008
10.651471,55,3438.194834
10.436667,77,3438.753583
10.248889,79,3439.411216
10.992619,11,3439.49449
11.062857,16,3439.617921
10.032255,172,3440.886776
9.993235,70,3441.42347
10.369118,87,3442.140864
9.974542,96,3442.844607
10.39,2,3442.85876
9.459608,214,3444.422193
11.033636,26,3444.613192
10.615033,60,3445.054247
8.314902,294,3450.706372
10.489967,70,3451.225065
10.635752,82,3451.831773
10.472026,52,3452.218302
10.134673,94,3452.907531
10.438399,96,3453.615158
10.411895,83,3454.221279
9.891536,76,3454.77949
10.526061,16,3454.898941
10.44719,123,3455.90905
11.262143,19,3456.058713
10.624183,100,3460.174617
9.75,1,3460.181019
9.98,4,3460.211122
10.139118,231,3462.139539
10.105392,77,3462.711551
10.218889,85,3463.334204
10.859444,17,3463.459465
10.575952,41,3463.762809
10.116961,108,3464.556166
10.409608,73,3465.090394
10.222386,66,3465.571011
10.643464,70,3466.082572
10.159967,87,3466.717397
10.490817,77,3467.281651
10.526026,23,3467.447057
10.58732,76,3471.44864
10.656667,2,3471.466985
10.486961,83,3472.080575
10.550327,120,3472.964325
10.172745,138,3473.991357
10.365752,87,3474.63824
10.711795,32,3474.866955
9.554183,118,3475.738982
10.406242,73,3476.273791
9.81781,77,3476.835566
11.985,3,3476.858107
10.308529,54,3477.253493
10.792619,51,3477.631039
10.134542,113,3478.466331
11.995,1,3478.474073
10.072026,83,3482.523535
10.655752,78,3483.101982
10.403824,82,3483.711643
10.606961,59,3484.147604
10.784183,68,3484.646585
10.878182,28,3484.849806
10.644183,96,3485.558343
10.661667,1,3485.566251
10.262745,71,3486.091807
10.58732,76,3486.651735
10.481536,105,3487.425999
10.902381,10,3487.499509
10.656667,2,3487.515267
9.672745,140,3488.542949
10.33683,132,3493.14592
10.046111,115,3493.987103
10.530458,56,3494.438586
10.659608,72,3494.973741
10.290686,136,3495.973258
10.476961,85,3496.595108
10.223105,92,3497.27608
10.35768,135,3498.258476
-2.848562,324,3500.783701
10.718485,26,3504.504421
10.178529,80,3505.090429
10.223824,69,3505.594959
9.837549,258,3507.568789
9.99,2,3507.583045
9.780327,176,3508.904785
9.99,2,3508.919688
10.591667,15,3509.029834
9.974673,77,3509.598445
10.102614,122,3510.691776
10.560817,63,3511.149384
10.442026,58,3511.623322
10.314183,113,3515.855483
10.160098,68,3516.355717
10.77,6,3516.401577
10.275752,105,3517.169631
10.480098,53,3517.562009
10.565392,83,3518.172382
10.42768,72,3518.703048
10.535033,76,3519.257025
10.163954,62,3519.716744
10.476242,59,3520.144636
10.128399,109,3520.948713
10.39,2,3520.963735
10.365752,87,3521.602561
11.995,1,3521.609901
10.32719,196,3523.039464
9.442745,88,3527.13038
10.450458,72,3527.683199
10.736111,75,3528.239902
10.439739,48,3528.591501
10.302353,67,3529.091938
10.812143,9,3529.15516
10.93,14,3529.260497
10.508529,63,3529.724128
10.825,35,3529.985292
10.57732,78,3530.55888
10.218529,72,3531.078146
10.429739,50,3531.476115
10.444314,68,3531.976712
10.661667,1,3531.984084
10.544183,116,3532.833886
10.581536,85,3533.467623
10.396601,88,3534.123088
10.468399,90,3538.24121
10.971515,36,3538.50596
10.41768,123,3539.416846
10.318333,44,3539.736737
10.538889,70,3540.248608
10.414048,81,3540.847056
10.797143,12,3540.932288
10.226242,60,3541.572632
10.082974,90,3542.234798
10.496471,87,3542.871978
10.011895,114,3543.77369
10.562745,60,3544.274629
10.541895,106,3545.155218
10.582745,56,3545.633094
10.985,3,3545.656061
10.679608,68,3549.61943
9.85719,192,3551.031273
9.99,2,3551.047047
10.615752,86,3551.67757
10.65732,62,3552.13879
10.982619,13,3552.233135
11.56,8,3552.293565
10.371405,146,3553.375605
11.313333,4,3553.406139
10.630327,104,3554.162432
10.528889,72,3554.693529
11.363571,13,3554.787657
10.728399,87,3555.427337
10.290327,123,3556.323465
10.522778,11,3556.407503
10.859444,17,3556.533947
10.494673,71,3560.601293
10.01817,50,3560.965608
10.712255,85,3561.59912
10.571176,74,3562.146215
10.60768,85,3562.769359
10.45817,60,3563.209342
10.695752,70,3563.722791
10.749091,32,3563.962633
10.435476,31,3564.193821
10.30902,48,3564.544115
10.560817,63,3565.003427
10.184902,165,3566.217386
10.71,18,3566.350533
10.797143,12,3566.436967
10.329248,76,3567.006134
10.478529,70,3567.560162
10.716099,37,3571.203211
10.56683,86,3571.887626
10.533824,105,3572.90131
10.142255,101,3573.643338
10.165621,244,3575.432561
10.575392,81,3576.086475
11.092857,10,3576.158525
10.430476,63,3576.618292
10.411895,83,3577.229185
10.393595,52,3577.608933
10.629248,65,3578.091512
10.470458,68,3578.589343
10.444902,162,3583.170182
10.619248,67,3583.654743
10.629967,91,3584.333654
10.552222,14,3584.438579
10.270458,59,3584.865542
10.47732,98,3585.590686
10.335523,61,3586.037372
10.643824,83,3586.64183
10.77,6,3586.68733
9.617092,42,3587.000831
9.942026,60,3587.439533
10.619608,80,3588.028295
10.152745,93,3588.712433
10.721895,70,3589.223072
9.569118,198,3594.091054
10.833693,113,3594.948262
10.210327,139,3595.975392
10.970556,17,3596.099839
10.261895,113,3596.931368
10.908333,5,3596.967535
11.323333,2,3596.98316
10.321536,88,3597.627827
10.615909,15,3597.73752
10.278889,73,3598.271701
10.315033,71,3598.840052
10.395752,81,3599.613379
10.58,44,3599.942898
10.260817,74,3600.486856
10.734183,78,3601.05826
10.359608,83,3605.123795
10.660817,43,3605.44085
10.541429,6,3605.48725
10.542386,51,3605.862708
10.548889,68,3606.360729
10.490098,51,3606.732773
10.724542,93,3607.420147
10.732974,107,3608.205132
10.436471,99,3608.938468
10.778399,77,3609.49945
10.898333,7,3609.55288
10.701895,74,3610.098082
10.251895,66,3610.574298
10.255392,96,3611.268072
10.510458,60,3611.70795
10.479608,108,3615.932707
9.855392,176,3617.230603
10.572745,58,3617.661377
10.30719,151,3618.762798
10.613105,63,3619.322632
10.756471,84,3619.944622
10.854444,29,3620.192678
10.349248,72,3620.724735
11.363571,13,3620.819225
10.468529,71,3621.351084
9.959118,169,3622.599273
10.789967,59,3623.028785
10.966212,31,3626.663503
10.489967,70,3627.231436
10.512386,57,3627.654764
10.453824,72,3628.188936
10.455882,50,3628.555728
10.486111,76,3629.111706
10.738399,85,3629.941603
10.975,5,3629.981673
10.645392,67,3630.46854
11.17,6,3630.513087
10.565033,70,3631.020967
10.468529,71,3631.547458
10.555752,98,3632.276911
10.985,3,3632.298834
10.663464,66,3632.785655
10.923333,33,3633.028879
10.155392,67,3633.513366
10.568529,51,3633.885675
10.655392,65,3634.363255
10.424542,104,3638.744712
10.975,5,3638.779444
11.032857,22,3638.934873
9.99,2,3638.949517
10.606923,45,3639.287158
10.322745,59,3639.717444
10.516061,18,3639.853317
10.653464,68,3640.347743
10.365392,74,3640.951808
10.538399,76,3641.507365
10.680238,43,3641.829992
10.402745,92,3642.49619
10.735238,63,3642.964326
10.980556,15,3643.076603
10.260327,80,3643.663382
11.641667,5,3643.699432
10.394542,110,3644.507633
10.553105,75,3645.071862
10.744542,89,3649.156665
11.293333,8,3649.213578
10.696111,83,3649.820983
10.721905,8,3649.882248
10.528889,72,3650.423936
11.12803,35,3650.68159
10.572614,77,3651.241048
10.724902,106,3652.058228
10.728399,87,3652.698982
10.62732,68,3653.201239
10.451895,75,3653.753816
11.027747,45,3654.083549
10.591176,70,3654.601268
10.596961,61,3655.253905
11.323333,2,3655.269967
10.109967,97,3655.985417
10.520458,58,3656.407828
10.571536,87,3660.456105
10.15768,77,3661.016785
10.586961,63,3661.478171
10.529248,85,3662.097563
10.180098,64,3662.566302
10.526111,68,3663.06165
10.490758,17,3663.183082
10.580817,59,3663.61914
10.826471,70,3664.131956
10.449739,46,3664.46877
10.519341,28,3664.66836
10.605392,75,3665.215048
10.975,5,3665.250507
10.797143,12,3665.34005
10.351895,95,3666.037776
10.456471,144,3667.082766
9.981046,162,3671.710309
10.635033,56,3672.140593
10.396961,52,3672.529345
10.538529,57,3672.947893
10.764542,85,3673.573177
10.016111,170,3674.823366
11.153889,27,3675.023742
9.99,2,3675.038212
10.720327,86,3675.660633
10.669608,70,3676.168472
10.263954,42,3676.474484
10.603464,78,3677.049522
10.403464,69,3677.561258
10.623105,61,3678.004743
11.263333,14,3678.110219
10.210458,71,3678.631613
11.755,9,3678.698591
10.774542,83,3682.805348
10.27,68,3683.317416
9.99,2,3683.332703
10.631895,88,3683.97987
10.134902,77,3684.765601
10.708824,70,3685.284313
10.709608,62,3685.740333
10.655392,65,3686.219683
10.720327,86,3686.851349
10.482026,50,3687.274656
10.641176,60,3687.715744
9.734673,76,3688.277766
10.569248,77,3688.844889
11.323333,2,3688.859644
10.566601,54,3689.264769
10.502386,59,3689.705878
10.416242,71,3693.607415
10.622745,48,3693.955612
10.360948,35,3694.213048
10.78,4,3694.241974
10.812143,9,3694.307488
10.31768,94,3694.992203
10.421667,49,3695.348914
10.411536,70,3695.854946
10.175752,76,3696.41163
10.655392,65,3696.881483
10.985,3,3696.903382
10.481895,69,3697.423398
10.666111,89,3698.082839
11.323333,2,3698.098984
10.484902,154,3699.227184
10.729118,113,3700.055783
10.789967,59,3700.499442
10.631536,75,3704.625617
10.992273,27,3704.822504
10.702255,87,3705.507952
10.504183,75,3706.059621
10.804542,77,3706.625701
9.99,2,3706.640806
10.932692,75,3707.191319
10.695752,70,3707.706558
10.255392,96,3708.41363
10.788039,62,3708.86311
10.64634,125,3709.785567
10.329608,89,3710.429647
10.520817,71,3711.148771
10.450458,72,3711.708679
10.325882,76,3712.263964
10.673105,51,3716.080918
11.155,9,3716.147422
11.56,8,3716.20515
10.78,4,3716.235134
10.836667,66,3716.715874
10.55683,88,3717.361617
10.430588,59,3717.799468
10.641176,60,3718.23559
10.502745,72,3718.759603
10.026471,132,3719.724768
10.733077,38,3720.004716
10.513954,41,3720.308429
10.195033,95,3721.005168
10.348889,59,3721.431711
10.873571,11,3721.514987
10.736111,75,3722.070772
10.593105,67,3722.558095
10.416111,90,3723.217587
11.995,1,3723.225276
10.738039,72,3727.201203
10.665392,63,3727.660746
10.673464,64,3728.128199
10.48781,41,3728.444425
10.985,3,3728.467026
11.026667,8,3728.525995
10.822614,76,3729.090984
10.573464,84,3729.713551
10.480817,79,3730.527652
9.799477,214,3732.101112
10.325033,69,3732.615402
10.198039,82,3733.209624
10.609248,69,3733.720146
10.870303,32,3733.953801
9.650686,166,3738.711346
11.17,6,3738.755545
10.510458,60,3739.269099
10.52732,88,3739.931611
10.546242,45,3740.283551
10.485621,131,3741.262485
10.653824,81,3741.866771
10.639608,76,3742.434376
10.711895,72,3742.961868
11.173095,13,3743.055849
10.778571,50,3743.420956
11.002121,42,3743.726771
10.788571,48,3744.077296
10.581905,36,3744.345814
10.493824,64,3744.817108
10.633464,72,3745.347507
10.546667,24,3745.52395
10.452255,88,3749.704571
11.688333,9,3749.771734
-4.364118,324,3752.145387
10.562059,67,3752.637096
10.319248,78,3753.207135
10.885621,100,3753.938582
10.703824,71,3754.678145
10.482026,50,3755.054453
10.586961,63,3755.517698
10.42,47,3755.86467
10.729608,58,3756.291827
10.651895,84,3756.911802
10.602143,51,3760.726907
10.645752,80,3761.31021
10.784091,25,3761.496959
10.558399,72,3762.025379
9.843824,96,3762.730891
10.534314,50,3763.099758
11.411667,11,3763.181057
11.353571,15,3763.293007
10.425752,75,3763.840939
10.661667,1,3763.84815
10.659248,59,3764.279532
10.383464,73,3764.80841
11.161667,12,3764.896062
9.99,2,3764.910113
10.650556,21,3765.06511
10.721536,57,3765.537465
10.804945,50,3765.895227
10.296961,72,3766.421553
10.436212,39,3766.707136
10.015392,144,3767.767486
10.772255,73,3771.829096
10.526601,62,3772.287743
10.805,39,3772.57664
10.568529,51,3772.955393
10.349248,72,3773.48784
10.816471,72,3774.020811
11.006818,35,3774.286593
10.655752,78,3774.849082
10.493954,45,3775.179735
11.995,1,3775.18745
10.68732,56,3775.595817
10.263333,65,3776.081293
10.804542,77,3776.647357
10.619608,80,3777.246344
10.550458,52,3777.621232
10.61197,17,3777.745088
10.639608,76,3778.29714
10.173105,53,3778.676795
10.732255,81,3782.706756
10.585033,66,3783.185241
11.995,1,3783.192832
10.661667,1,3783.200109
9.942614,105,3784.191098
10.770686,89,3784.847418
10.622222,22,3785.00574
10.661667,1,3785.013122
10.806471,74,3785.54978
10.541364,19,3785.691853
10.538399,76,3786.234399
10.062974,94,3786.930383
10.769967,63,3787.396523
10.60732,72,3787.928964
10.088889,62,3788.387867
10.492614,93,3789.074241
10.189608,68,3789.571558
11.985,3,3789.594031
10.572059,65,3790.071522
10.403595,50,3793.887118
11.17,6,3793.933358
10.855641,34,3794.183259
11.027747,45,3794.516469
10.39,2,3794.532413
10.592745,54,3794.937063
10.415523,45,3795.266644
10.597857,9,3795.330371
10.643105,57,3795.748217
10.985,3,3795.76932
10.691536,63,3796.22157
10.721895,70,3796.734255
10.641536,73,3797.275436
10.498529,65,3797.757405
10.641176,60,3798.201867
10.458889,86,3798.826243
10.985,3,3798.848266
10.505556,10,3798.92465
10.661667,1,3798.932907
10.542386,51,3799.43151
10.970769,52,3799.821169
10.528529,59,3800.268584
10.650196,168,3805.371127
10.69732,54,3805.772769
10.431667,47,3806.114171
10.638039,92,3806.800227
10.65768,75,3807.429897
10.695,51,3807.8108
10.420098,65,3808.302773
10.641536,73,3808.846834
10.694542,99,3809.588683
10.524673,65,3810.067512
10.671895,80,3810.659775
10.589967,99,3811.399633
10.458333,96,3812.111069
10.543105,77,3812.673122
10.414183,93,3816.755841
10.634183,98,3817.472301
10.679118,123,3818.367778
10.779091,26,3818.557915
10.645392,67,3819.058673
10.659967,85,3819.687775
10.79,2,3819.702713
10.435752,73,3820.241608
10.794542,79,3820.819781
10.762974,101,3821.552718
10.641176,60,3821.991652
10.660882,59,3822.430462
10.68768,69,3822.938647
10.768333,103,3823.690965
10.800686,83,3827.683561
10.522745,68,3828.18383
10.499608,104,3828.942244
10.316471,74,3829.674232
10.90881,43,3829.993072
11.985,3,3830.014707
10.466961,87,3830.712811
10.710686,101,3831.518338
10.546601,58,3831.950694
11.56,8,3832.008271
10.550989,43,3832.327665
10.766111,69,3832.829437
10.043105,79,3833.408116
10.635,43,3833.720252
10.723824,67,3834.213331
11.114444,26,3834.44097
10.601667,43,3834.798737
10.66768,73,3838.722782
10.613105,63,3839.187119
11.985,3,3839.209536
10.732255,81,3839.803877
10.743077,36,3840.069262
10.590817,57,3840.488562
10.632576,25,3840.67212
10.661176,56,3841.087057
10.580303,41,3841.385332
10.414542,106,3842.16352
10.514314,54,3842.560525
10.835,33,3842.801345
10.499248,91,3843.467012
10.652576,21,3843.621652
10.611536,79,3844.194232
10.471667,80,3844.783184
10.613464,76,3845.344213
10.472614,97,3849.434513
10.479967,72,3849.959645
11.323333,2,3849.975381
10.375523,53,3850.361125
10.776471,80,3850.943888
10.876818,21,3851.098014
10.665392,63,3851.564921
10.396111,94,3852.259274
11.129286,17,3852.385482
10.606471,65,3852.867195
9.99,2,3852.88143
10.253105,86,3853.519044
10.733095,52,3853.906178
10.671176,54,3854.302468
10.520458,58,3854.738149
11.022121,38,3855.241456
10.131536,77,3855.805532
10.589248,73,3856.349304
10.879286,18,3856.484203
10.698399,93,3860.650771
10.531536,95,3861.355723
10.661667,1,3861.363352
10.756429,43,3861.684899
10.351536,82,3862.286199
10.763788,23,3862.456091
10.167092,30,3862.678911
10.456242,63,3863.139789
10.644183,96,3863.845862
10.553105,75,3864.396313
10.541176,80,3864.985698
9.79781,81,3865.580622
10.549477,113,3866.405935
9.692124,161,3867.672789
10.870686,69,3868.176874
10.506601,66,3872.059257
10.638889,50,3872.429237
10.548889,68,3872.939286
10.613105,63,3873.409264
10.337451,58,3873.845097
10.351471,66,3874.32772
10.671895,80,3874.925369
10.038529,59,3875.361651
10.679608,68,3875.862183
10.60732,72,3876.394065
10.818889,14,3876.497155
10.396471,107,3877.276341
10.39683,120,3878.154125
10.552222,14,3878.255943
10.868333,13,3878.353721
10.246026,30,3878.573983
10.398039,91,3882.651115
10.694902,112,3883.693598
10.165392,65,3884.179619
10.671536,67,3884.678455
10.641667,5,3884.715741
10.693824,73,3885.251727
10.898333,7,3885.301894
10.546601,58,3885.726501
10.333464,83,3886.334838
10.193595,43,3886.645842
10.776471,80,3887.245567
10.504314,56,3887.6549
10.966667,60,3888.090426
10.975,5,3888.126721
10.368039,97,3888.849365
10.453464,59,3889.290125
10.730327,84,3889.908896
10.333105,70,3893.90688
10.382745,96,3894.621104
10.200458,73,3895.214134
10.673464,64,3895.674242
11.173095,13,3895.767985
10.503105,85,3896.382645
10.661667,1,3896.390211
10.513105,83,3897.003696
10.558529,53,3897.39515
10.808889,16,3897.513139
10.748399,83,3898.124381
10.818889,14,3898.227418
10.364673,48,3898.58407
10.776111,67,3899.114829
10.729706,57,3899.560907
10.720714,13,3899.656414
10.528889,72,3900.211938
11.323333,2,3900.225836
10.695392,57,3900.642882
10.66732,60,3901.089883
10.62732,68,3905.002675
10.459739,44,3905.330085
11.139286,15,3905.442108
10.328333,1,3905.449458
10.39,2,3905.465353
10.530458,56,3905.874486
10.691895,76,3906.434881
10.626961,55,3906.846415
10.935714,21,3906.998515
10.903333,66,3907.4917
10.729608,58,3907.917706
10.678399,97,3908.619738
10.110686,221,3910.472515
10.19768,69,3910.991787
10.784394,31,3911.22089
10.730686,97,3911.935015
10.63732,66,3912.418991
10.779608,48,3916.166659
10.313824,100,3916.899714
10.498039,71,3917.422319
10.748039,70,3917.938845
11.193333,28,3918.14267
10.749967,67,3918.643137
10.689967,79,3919.306953
10.558529,53,3919.712868
10.751895,64,3920.203546
10.797143,12,3920.29236
11.395,21,3920.449589
10.674286,8,3920.509982
10.87683,73,3921.044979
10.618529,41,3921.343292
10.610458,40,3921.641764
10.585,3,3921.664982
10.476242,59,3922.107293
10.454314,66,3922.592763
10.670556,17,3922.718119
10.695392,57,3923.147362
10.770989,48,3923.494314
10.836471,68,3927.515368
10.663105,53,3927.905779
10.653105,55,3928.309834
10.873571,11,3928.391005
10.552745,62,3928.84331
10.691154,31,3929.074859
10.604048,43,3929.397032
10.858399,61,3929.850147
10.814902,88,3930.495741
10.679608,68,3930.990526
11.188636,35,3931.245283
10.260817,123,3932.148957
10.608039,98,3932.88568
10.655033,52,3933.267471
9.99,2,3933.282688
10.658758,114,3934.331544
10.411176,57,3934.75453
10.637273,18,3934.886101
10.621176,64,3938.77993
11.006111,21,3938.934115
10.656667,2,3938.949601
10.705392,55,3939.355389
10.30902,48,3939.711005
10.897549,95,3940.409759
10.880327,54,3940.809755
10.778039,64,3941.279556
10.721905,8,3941.337404
10.542255,70,3941.85306
10.691895,76,3942.419601
10.639967,89,3943.0628
10.603824,91,3943.738326
10.401536,72,3944.269877
10.653464,68,3944.768122
10.765752,56,3945.172861
11.323333,2,3945.186944
10.556961,69,3945.694209
10.656667,2,3945.710386
10.784183,68,3949.590433
11.411667,11,3949.673944
10.975,5,3949.708047
10.575033,68,3950.21308
10.770686,89,3950.862502
10.681536,65,3951.362637
10.361176,67,3951.870684
10.697941,81,3952.466778
10.522026,42,3952.771615
10.665261,131,3953.736672
11.165,7,3953.787289
10.90719,80,3954.374119
10.705752,68,3954.876446
10.656667,2,3954.89059
10.981515,34,3955.144847
11.313333,4,3955.174114
10.975,5,3955.210411
10.726111,77,3955.77459
10.673105,51,3956.140094
9.75,1,3956.147369
10.564314,44,3956.472503
10.651536,71,3960.459639
10.535033,76,3961.024574
10.538529,57,3961.443765
10.656667,2,3961.459489
10.469739,42,3961.77346
10.169608,72,3962.531249
10.704183,84,3963.162283
10.561176,76,3963.776925
10.705882,100,3964.509538
10.812255,65,3964.982908
10.801405,109,3965.794651
10.472745,78,3966.362665
10.348039,101,3967.109277
10.696111,83,3967.708716
10.681536,65,3968.186789
11.43381,18,3971.76354
10.806471,74,3972.306146
10.36768,84,3972.922461
11.323333,2,3972.93908
10.861046,84,3973.552444
10.889118,81,3974.136537
10.730714,11,3974.215811
10.61,38,3974.497128
10.723824,67,3974.995569
11.023693,75,3975.545548
10.649872,29,3975.756967
10.270817,72,3976.286014
10.877564,45,3976.61541
10.270458,59,3977.04724
10.221765,189,3978.436232
10.800989,42,3978.748121
10.622353,52,3979.187308
10.798681,55,3983.02721
10.289248,84,3983.650965
10.08732,78,3984.223582
11.143889,29,3984.442011
10.729967,71,3984.959603
11.17,6,3985.004337
10.358399,112,3985.832592
10.730714,11,3985.913098
10.38732,67,3986.40422
10.788039,62,3986.8623
10.754542,87,3987.556531
10.43732,57,3987.968397
10.356601,47,3988.318375
10.772614,86,3989.028704
10.729706,57,3989.589598
10.731895,68,3990.091249
10.902381,10,3990.161205
10.84683,79,3994.182951
10.779967,61,3994.633065
10.460458,70,3995.147052
10.640686,66,3995.635305
10.711895,72,3996.168693
10.788758,88,3996.811721
10.796667,54,3997.205844
10.383105,60,3997.654682
10.175523,44,3997.974315
10.58683,82,3998.59319
10.815455,26,3998.783466
10.426242,69,3999.291312
10.449608,65,3999.774418
10.666471,102,4000.529572
11.026667,8,4000.587306
10.576961,65,4001.063096
10.723333,62,4004.939499
10.577308,23,4005.10651
10.663464,66,4005.590373
10.734542,91,4006.256342
10.616471,63,4006.724946
10.248399,183,4008.065533
10.685392,59,4008.501055
10.564314,44,4008.821982
10.39719,133,4009.803322
9.620686,123,4010.707292
10.549608,94,4011.455459
10.475,5,4011.494262
10.70732,52,4011.876605
10.601536,81,4012.474638
10.556471,75,4016.469158
10.440098,61,4016.917877
10.804183,64,4017.390894
10.248889,79,4017.974223
10.548529,55,4018.377825
11.002619,9,4018.445462
10.830686,77,4019.019481
10.956212,33,4019.260887
11.203333,26,4019.450009
10.695261,76,4020.218669
11.092051,38,4020.498537
10.705392,55,4020.895638
10.725752,64,4021.370593
10.643464,70,4021.88426
11.016818,33,4022.127447
10.492026,48,4022.478853
11.052121,32,4022.709593
10.512026,44,4023.023075
10.315033,71,4023.536196
10.552222,14,4023.63838
10.985,3,4023.660348
10.618039,96,4027.831803
10.648187,33,4028.077087
10.621536,77,4028.724248
10.887549,97,4029.448913
10.575033,68,4029.960356
10.808889,16,4030.076318
10.808399,71,4030.601624
10.315556,8,4030.660557
10.683824,75,4031.22149
10.365882,68,4031.727823
10.855641,34,4031.980621
10.773464,44,4032.30168
10.505392,95,4032.998206
10.320817,62,4033.451297
10.641176,60,4033.897806
10.65732,62,4034.364523
10.440458,74,4038.600146
10.59719,142,4039.737886
10.741895,66,4040.238191
10.72768,61,4040.691418
10.730714,11,4040.771571
10.582614,75,4041.345043
10.455882,50,4041.714067
10.895879,45,4042.038294
10.61732,70,4042.54608
10.62,36,4042.809888
10.66732,60,4043.255088
10.580817,59,4043.695088
10.498529,65,4044.172934
10.781667,47,4044.521219
10.788758,88,4045.170699
10.568529,51,4045.541556
10.74768,57,4045.961441
10.689608,66,4049.923416
10.764052,91,4050.601528
10.475882,46,4050.940983
10.496319,37,4051.210397
10.480458,66,4051.69111
10.653105,55,4052.098252
10.459739,44,4052.425256
10.646961,51,4052.795223
10.861923,43,4053.107069
10.69732,54,4053.506315
10.825455,24,4053.679492
10.504673,69,4054.1936
10.862614,68,4054.685015
10.83683,81,4055.275864
10.898182,24,4055.45127
10.763077,32,4055.687493
10.481667,37,4056.032529
9.99,2,4056.052402
10.611536,79,4056.708888
10.39,2,4056.72328
11.97,6,4056.770667
10.643464,70,4057.286291
10.445523,39,4060.994463
10.060327,120,4062.105876
10.389248,64,4062.579271
11.072121,28,4062.785448
10.292386,52,4063.161041
10.115882,69,4063.681335
10.609248,69,4064.18609
10.585,3,4064.20877
9.99,2,4064.22356
10.78,4,4064.256269
10.650327,100,4064.984592
10.644673,41,4065.283079
10.56381,32,4065.522092
10.681536,65,4065.999816
10.576111,58,4066.434711
10.550458,52,4066.815622
10.431667,47,4067.158843
10.656667,2,4067.173097
10.585,3,4067.195068
10.179608,119,4068.066043
10.535392,89,4072.181774
10.302745,63,4072.64232
10.581176,72,4073.170076
10.346961,62,4073.627154
10.908333,5,4073.664317
10.552386,49,4074.026276
10.543182,15,4074.138381
10.72,16,4074.255326
10.475752,65,4074.737496
10.65683,68,4075.243618
10.886471,58,4075.668745
10.562386,47,4076.013304
10.099379,54,4076.409288
10.445523,39,4076.702164
10.635392,69,4077.210494
10.656667,2,4077.224848
10.897908,108,4078.013172
10.52817,46,4078.353188
10.884183,48,4078.702971
10.480098,53,4079.093081
10.864542,65,4083.048156
10.580458,46,4083.394925
10.526601,62,4083.857718
10.461536,60,4084.294861
10.603105,65,4084.773818
10.531429,8,4084.83177
10.601536,81,4085.43299
10.490458,64,4085.910244
11.651667,3,4085.933263
10.37768,82,4086.536926
10.73768,59,4087.17745
11.323333,2,4087.192314
10.465523,35,4087.452489
10.733464,52,4087.830554
10.623105,61,4088.277494
10.702614,100,4089.075188
10.606667,12,4089.163851
10.588889,60,4089.613619
10.668889,44,4089.942219
11.985,3,4089.965852
11.54,12,4090.053937
11.995,1,4090.06125
10.561895,53,4090.455592
10.590817,57,4094.327868
10.601176,68,4094.832747
10.729608,58,4095.256055
10.195523,40,4095.551598
10.778039,64,4096.016388
10.742273,28,4096.22176
10.645752,80,4096.829537
10.258399,83,4097.442928
10.401895,85,4098.07164
10.848399,63,4098.536082
10.671895,80,4099.172707
10.483954,47,4099.56058
10.533105,79,4100.164262
10.779608,48,4100.52297
10.62732,68,4101.024368
10.602745,52,4101.42464
10.531895,108,4106.017066
10.47,17,4106.143331
10.136111,97,4106.867523
10.308039,60,4107.382872
11.323333,2,4107.398302
10.661667,1,4107.405936
10.644183,96,4108.123329
11.365,7,4108.174507
10.502386,59,4108.616902
10.844542,69,4109.131601
10.800686,83,4109.750393
10.656667,2,4109.76501
10.74732,44,4110.086866
10.38902,32,4110.323109
10.41732,61,4110.780207
10.664286,10,4110.852988
10.685033,46,4111.19199
11.641667,5,4111.230371
10.799091,22,4111.392582
10.475392,101,4112.138051
10.536961,73,4112.683416
10.496111,74,4113.23339
10.664183,92,4117.296768
10.880303,30,4117.522888
10.541046,99,4118.255804
10.995621,78,4118.827313
10.840327,62,4119.287327
10.69732,54,4119.685366
10.620817,51,4120.056606
10.668636,19,4120.194843
10.609608,82,4120.798505
10.761536,49,4121.157928
10.538529,57,4121.582324
10.596961,61,4122.026076
10.77768,51,4122.409672
10.30902,48,4122.759375
10.599967,97,4123.67262
10.580817,59,4124.10517
10.675392,61,4124.551679
10.668636,19,4128.114708
10.738399,85,4128.733686
10.518039,116,4129.617846
10.509739,34,4129.865298
10.473954,49,4130.233377
10.932974,67,4130.726757
10.72732,48,4131.079616
10.559248,79,4131.704061
10.66768,73,4132.239278
10.560327,69,4132.745578
11.765,7,4132.798446
10.752727,24,4132.97344
10.701536,61,4133.424728
10.708039,78,4133.998779
10.362179,25,4134.183673
10.685392,59,4134.690378
11.016818,33,4134.957144
10.971405,75,4135.515796
10.286319,30,4139.181912
10.571176,74,4139.739891
11.021111,18,4139.870567
10.592745,54,4140.264107
10.41781,55,4140.670703
10.626471,110,4141.482772
10.975,5,4141.518977
10.880303,30,4141.73941
10.761667,51,4142.109503
10.39732,65,4142.583758
10.792255,69,4143.08748
10.733464,52,4143.469728
10.545033,74,4144.013509
10.662857,47,4144.361803
10.413333,75,4144.904092
10.751536,51,4145.277437
10.887564,43,4145.600225
10.595033,64,4146.076075
10.741536,53,4146.475394
10.759608,52,4150.505395
10.769608,50,4150.876319
10.542255,70,4151.389614
10.799967,57,4151.821389
10.570817,61,4152.26747
10.713077,42,4152.576841
11.082941,54,4152.996566
10.681176,52,4153.430307
10.635392,69,4153.939309
10.812255,65,4154.42116
10.992619,11,4154.502079
9.75,1,4154.50994
10.593105,67,4154.998654
10.551536,91,4155.667988
10.743464,50,4156.03884
10.909545,29,4156.255731
10.818333,53,4156.653843
10.780327,74,4157.203963
10.713464,56,4157.666853
10.310948,45,4157.995202
10.895606,33,4161.860214
10.186961,94,4162.56462
10.282614,86,4163.201963
9.75,1,4163.208143
10.659608,72,4163.733153
10.649248,61,4164.186255
11.323333,2,4164.367829
10.543333,38,4164.665731
-2.185117,361,4167.518004
10.395,1,4167.52684
10.192281,144,4168.584908
-2.231287,361,4174.681893
-2.372251,361,4177.333701
-2.487982,361,4179.959965
10.69576,55,4183.847256
-3.048158,361,4186.702016
10.996111,23,4186.873051
-3.631725,361,4189.503882
11.995,1,4189.513087
10.900909,38,4189.78895
10.254183,125,4190.700094
-4.191901,361,4196.81175
11.122222,20,4196.961956
-2.34886,361,4199.660749
10.711154,27,4199.858865
10.678636,17,4199.981057
-2.814854,361,4206.190672
-3.677281,361,4208.80745
11.212778,13,4208.904237
-3.538772,361,4211.552616
10.515,47,4211.895052
-3.118333,361,4218.051305
-3.818246,361,4220.786289
9.99,2,4220.801622
-2.557544,361,4223.494495
-2.931813,361,4229.667686
-4.028772,361,4232.335557
-1.974591,361,4234.994307
-5.287632,361,4241.067264
-2.605556,361,4243.728651
-2.582164,361,4246.364665
10.66683,115,4250.633944
-1.951199,361,4253.528969
10.461754,48,4253.87449
11.361111,30,4254.088957
-3.07155,361,4256.730422
-2.558158,361,4262.805287
-2.907807,361,4265.452204
10.788235,60,4265.894774
-2.674503,361,4268.539984
-3.002602,361,4274.649909
-2.954591,361,4277.27678
-2.511374,361,4283.427716
10.506667,32,4283.662658
-4.169123,361,4286.323899
-4.635731,361,4289.036517
-3.352865,361,4295.224081
-2.464591,361,4297.868811
-2.931199,361,4300.494138
-2.978596,361,4306.586357
10.863571,13,4306.684758
10.975,5,4306.720316
10.048801,112,4307.547781
-2.933041,361,4310.199054
-2.652953,361,4312.916386
-4.238684,361,4319.141942
-3.07155,361,4321.779649
-3.58617,361,4327.808033
9.75,1,4327.815721
10.797143,12,4327.901062
11.46381,12,4327.988954
9.99,2,4328.002918
-2.371023,361,4330.699646
-3.002602,361,4333.342933
-2.254678,361,4339.589591
-2.534766,361,4342.307275
9.75,1,4342.315587
-2.418421,361,4344.946415
-2.697895,361,4351.095893
-3.631725,361,4353.803798
10.822727,41,4354.330623
-2.371637,361,4357.000521
8.33845,328,4362.864997
9.266111,222,4364.495112
-3.351023,361,4367.125898
8.602544,336,4373.043139
-3.959825,361,4375.691646
10.413529,82,4376.295644
-2.955205,361,4378.939637
-2.931813,361,4385.062992
-2.838246,361,4387.718958
10.59,73,4388.259551
-3.724678,361,4394.334674
10.338713,96,4395.039654
-5.195906,361,4397.688504
7.198275,346,4400.28016
-2.907807,361,4406.686239
10.512778,13,4406.782695
-2.768684,361,4409.507835
-2.558158,361,4412.160222
-4.26269,361,4418.310129
11.112222,22,4418.478844
-2.74652,361,4421.157122
-2.651725,361,4427.216916
-2.721287,361,4429.837047
10.328333,1,4429.845805
-2.487982,361,4432.543542
8.47193,264,4434.469774
8.898889,153,4438.978545
10.208187,80,4439.569549
-2.838246,361,4442.193326
10.92,16,4442.312933
10.71,58,4442.73941
-3.187281,361,4445.371892
10.192193,88,4449.40209
10.784394,31,4449.632867
8.158977,357,4452.242648
11.203095,7,4452.295894
10.927222,19,4452.433287
11.313333,4,4452.462035
-1.740673,361,4455.10699
10.975,5,4455.144758
10.641667,5,4455.18155
9.206023,276,4460.787937
9.72845,99,4461.518994
10.759444,17,4461.641797
-3.04693,361,4464.518145
-2.347632,361,4467.215226
9.635322,183,4472.021941
10.345585,62,4472.490629
10.869444,15,4472.598681
10.21732,101,4473.338795
10.369231,31,4473.569167
10.985,3,4473.593013
10.439591,97,4474.310031
9.928538,115,4475.155775
10.048889,119,4476.028174
10.61576,71,4476.550328
11.036667,6,4476.592776
9.779591,180,4477.923206
9.062456,237,4483.115282
9.362281,114,4483.960604
9.472632,218,4485.653556
10.072544,140,4486.677154
10.564394,26,4486.866913
8.982632,316,4489.213616
9.40924,177,4493.976753
10.352456,77,4494.550227
-2.837632,361,4497.188896
10.528977,79,4497.769771
10.425497,88,4498.407443
10.155848,121,4499.2956
10.516111,119,4500.17267
-2.395643,361,4506.242079
10.209503,136,4507.460443
10.657222,13,4507.551327
11.17,6,4507.595032
9.629942,238,4509.349126
10.458538,58,4509.787786
11.011515,28,4509.993273
9.085673,223,4511.63594
10.342982,170,4516.328884
10.267836,40,4516.619305
9.725409,123,4517.520572
9.989967,121,4518.411372
9.75,1,4518.417758
10.263182,22,4518.581062
10.482544,107,4519.418464
10.398363,56,4519.824666
10.105848,82,4520.490289
9.848713,96,4521.209096
9.249415,321,4526.99311
10.595,1,4527.000236
9.272368,139,4528.061306
10.453824,73,4528.601687
9.952193,87,4529.239473
9.086287,321,4531.595924
10.575455,25,4531.777735
11.026667,8,4531.833284
9.75,1,4531.839201
10.693182,25,4532.018096
10.055497,64,4532.485762
9.981667,89,4533.132428
9.965936,117,4533.988897
10.059152,89,4538.010485
10.036667,70,4538.521146
8.733246,268,4540.495012
10.28924,99,4541.213521
10.342895,114,4542.053011
10.69,22,4542.221045
10.149064,113,4543.250384
10.690556,13,4543.345989
10.478977,89,4543.999798
9.402632,183,4548.791477
10.558801,59,4549.224179
11.96,8,4549.282261
9.529152,195,4550.781883
10.102368,71,4551.310419
10.393333,50,4551.747371
9.690117,240,4553.526941
10.106287,117,4554.374699
10.408977,103,4555.172479
10.528889,23,4555.336499
9.066111,164,4559.938774
10.212368,98,4560.670069
10.292632,103,4561.430659
10.898333,7,4561.480891
10.222719,124,4562.395431
10.439678,104,4563.158252
10.688333,49,4563.51964
9.825409,54,4563.918659
10.266287,85,4564.533677
10.318275,65,4565.008369
10.222281,89,4565.670436
9.612544,183,4567.015435
9.892544,127,4571.379685
10.092719,101,4572.164542
10.362018,89,4572.886714
10.829697,28,4573.114987
10.929545,25,4573.30304
10.612018,39,4573.621771
10.599248,71,4574.187599
10.585,3,4574.211861
10.631667,7,4574.268037
10.352105,98,4575.042107
10.20924,115,4575.90588
10.775,55,4576.322942
10.849118,39,4576.619056
10.491667,45,4576.961662
10.379064,116,4577.844238
10.908333,5,4577.882498
10.419327,129,4582.574365
10.228801,76,4583.131352
10.182281,97,4583.862216
10.24924,107,4584.654684
10.325673,73,4585.190289
10.699503,87,4585.83046
11.17,6,4585.877772
9.619678,170,4587.166471
10.588889,60,4587.622505
10.402807,95,4588.341743
10.568977,71,4588.862591
10.966813,44,4589.192291
10.170882,59,4589.630376
10.525556,6,4589.672626
10.537033,37,4589.941149
9.932982,154,4594.442221
11.072857,14,4594.547358
10.181842,62,4595.011536
10.262368,88,4595.650731
9.146287,162,4596.843561
10.980128,45,4597.175339
10.605848,80,4597.760945
10.098713,95,4598.459287
10.44817,62,4598.915665
10.808889,16,4599.036209
10.721795,30,4599.260744
-3.913041,361,4605.349456
10.749444,19,4605.491717
10.056199,169,4606.738298
10.055585,71,4607.250826
10.638801,43,4607.560672
10.575848,86,4608.185988
10.312719,106,4608.957247
10.468713,70,4609.463497
10.656667,2,4609.479318
10.649415,90,4610.403383
10.139327,136,4611.448269
10.859444,17,4611.582208
10.461154,28,4611.779495
10.736023,68,4615.742556
10.545497,64,4616.212635
10.10924,135,4617.204921
10.689121,38,4617.481461
10.232895,136,4618.467529
10.662544,71,4618.986538
10.429152,113,4619.820965
10.985,3,4619.843358
10.945606,23,4620.011427
10.158889,97,4620.734423
10.709835,42,4621.045492
10.956212,33,4621.289074
10.802719,57,4621.707375
10.755848,50,4622.069661
10.279327,108,4622.856829
10.679064,56,4626.647935
10.753333,36,4626.913591
10.651667,3,4626.934434
10.282456,91,4627.616527
9.978529,70,4628.127705
10.355848,130,4629.118955
10.112632,90,4629.837732
10.810476,36,4630.103506
11.985,3,4630.126354
10.646111,93,4630.807582
10.445409,77,4631.613561
9.876023,142,4632.670207
10.902381,10,4632.744379
10.502368,89,4633.398558
10.374971,56,4633.811406
9.99,2,4633.825817
10.889503,49,4634.192781
10.546199,71,4638.266573
10.575673,72,4638.803206
10.369064,69,4639.364306
10.322544,90,4640.027817
10.742719,69,4640.601164
11.042727,46,4640.942682
10.558977,73,4641.498686
10.188713,77,4642.077072
10.525936,103,4642.833596
10.129591,159,4643.998389
10.338977,68,4644.502346
10.602807,104,4645.258395
9.84845,124,4649.60261
10.508713,62,4650.062749
10.690513,26,4650.251838
10.515234,49,4650.618697
9.855497,104,4651.386196
10.436462,114,4652.229306
10.275497,69,4652.737926
11.651667,3,4652.761064
10.602456,76,4653.325115
10.745936,59,4653.782787
10.641667,5,4653.821981
10.73,14,4653.925998
10.398626,77,4654.494436
10.429152,64,4654.969465
10.963791,49,4655.332527
10.509415,69,4656.02337
10.459064,51,4656.491544
10.919591,50,4656.904681
10.844359,26,4660.520628
10.515409,63,4660.991089
10.701795,34,4661.237444
9.865673,67,4661.737323
11.036667,6,4661.782778
9.765322,59,4662.225726
10.867564,47,4662.574594
11.323333,2,4662.589162
10.343158,135,4663.584975
9.916023,183,4664.940922
11.995,1,4664.948193
10.298363,76,4665.50265
9.952632,171,4666.764514
10.309415,60,4667.205514
10.877778,20,4667.351656
10.459064,100,4671.578216
10.192368,102,4672.343352
11.17,6,4672.38533
11.085,23,4672.554319
10.295234,44,4672.882657
10.455146,54,4673.277043
10.63576,67,4673.784843
10.458977,93,4674.465681
10.985,3,4674.486269
10.022105,164,4675.763556
10.282719,112,4676.5853
10.085146,79,4677.162166
10.639591,57,4677.574706
10.432982,152,4678.697979
10.486023,69,4682.63187
10.222982,96,4683.33559
10.582544,87,4684.006552
10.49193,56,4684.610615
10.706199,88,4685.258371
10.732544,57,4685.678207
10.668977,51,4686.051228
10.981515,34,4686.323725
10.562386,47,4686.671084
10.545585,71,4687.204822
10.809503,65,4687.685231
10.482807,128,4688.634775
10.746429,45,4688.962424
10.489503,80,4689.552197
10.641667,5,4689.588948
10.542895,74,4690.128098
