#{"t_start": 1785851133.3201675, "env_id": "None"}
r,l,t
11.745,2,3.081115
11.995,1,3.089221
11.745,2,3.104246
11.995,1,3.111754
11.995,1,3.119116
9.75,1,3.125551
8.99,6,3.171477
11.745,2,3.185398
11.495,3,3.207158
11.995,1,3.214461
9.99,2,3.229755
9.99,2,3.24577
11.495,3,3.267857
9.75,1,3.274353
11.745,2,3.290673
11.245,4,3.324845
11.995,1,3.331656
10.661667,1,3.364992
10.033333,15,3.475003
8.641667,13,3.567472
9.98,4,3.594615
10.563333,7,3.644622
9.75,1,3.652415
8.371667,18,3.782932
11.725,6,3.821369
9.75,1,3.82947
10.543333,11,3.906684
9.49,4,3.93398
11.995,1,3.940851
9.99,2,3.957186
11.245,4,3.984891
11.985,3,4.006864
10.813333,6,4.048926
11.323333,2,4.063475
11.995,1,4.07075
11.745,2,4.086763
10.151667,5,4.12199
10.661667,1,4.129074
11.745,2,4.146737
9.003333,25,4.318014
9.011667,37,4.580621
8.49,8,4.638744
10.303333,10,4.714741
10.661667,1,4.721606
10.151667,5,4.754659
10.661667,1,4.762666
11.053333,7,4.809928
11.465,9,4.874309
9.75,1,4.897799
8.965,15,4.99782
6.525,62,5.416514
9.538333,12,5.496456
9.543333,15,5.605778
8.753333,26,5.775446
7.625,38,6.03802
5.053333,80,6.563833
9.778333,13,6.652418
11.151667,5,6.685682
8.773333,22,6.830405
7.183333,46,7.150469
9.75,1,7.156989
11.995,1,7.164048
11.995,1,7.171514
8.726667,45,7.472512
5.376667,78,7.995272
8.226667,47,8.318983
10.328333,1,8.327079
11.391667,6,8.367855
7.923333,45,8.681716
6.773333,79,9.22244
7.055,54,9.581258
-7.291667,100,14.20857
6.746667,49,14.592846
6.495,68,15.13482
9.75,1,15.141344
9.955,13,15.242219
8.958333,30,15.487004
9.935,17,15.632698
8.99,6,15.682693
10.068333,4,15.714952
10.328333,1,15.723818
9.788333,11,15.811221
-8.36,100,16.63239
8.895,29,16.844645
6.333333,69,17.38036
7.766667,41,17.655605
10.793333,10,17.724002
10.023333,17,17.840978
9.076667,24,18.002892
9.665,22,18.15227
8.856667,19,18.284048
8.783333,20,18.414515
10.656667,2,18.428473
3.596667,91,19.287374
9.213333,32,19.508725
-7.245,100,20.524896
-6.845,100,21.214924
9.73,5,21.255563
9.585,38,21.509736
3.205,89,25.802357
5.99,80,26.345426
4.26,96,26.99509
9.626667,12,27.078041
11.995,1,27.085231
10.73,27,27.266253
7.9,41,27.551572
-7.245,100,28.235812
-7.915,100,28.925959
8.82,22,29.080122
9.75,1,29.08661
-5.065,100,29.766232
9.955,44,30.067752
-7.29,100,30.753309
7.235,67,31.200577
-4.575,100,31.876712
10.25,12,31.958861
6.895,86,36.393762
-5.6,100,37.07106
-6.09,100,37.749454
7.88,45,38.05946
9.695,16,38.166257
8.835,28,38.354712
-5.375,100,39.033175
11.745,2,39.048437
4.915,90,39.665449
10.345,15,39.76271
8.285,84,40.370668
-4.04,100,41.07569
-5.82,100,41.765856
11.995,1,41.774077
6.075,72,42.264532
7.485,66,42.719243
-8.046667,100,47.294454
9.75,1,47.303536
8.94,47,47.629292
8.655,41,47.909757
11.745,2,47.924783
7.325,49,48.259737
11.381667,8,48.314126
8.778333,17,48.430737
5.805,90,49.035723
8.105,40,49.312671
9.896667,7,49.362005
7.575,48,49.690887
9.425,21,49.834128
9.75,1,49.840576
11.995,1,49.849167
5.72,98,50.519345
11.59,2,50.534062
11.985,3,50.554505
9.99,2,50.568386
8.72,11,50.639068
8.105,40,50.914253
10.995,1,50.922913
11.19,2,50.93676
9.185,38,51.20071
8.545,50,51.546556
7.97,45,51.851733
11.391667,6,51.89234
-6.89,100,52.581097
8.85,47,52.911071
10.225,8,52.966752
9.675,20,53.104812
8.855,37,53.358166
10.12,7,53.408062
10.14,16,53.517379
11.58,4,53.543965
-7.29,100,54.234674
9.381667,12,57.996894
9.75,1,58.003362
10.475,7,58.053233
8.93,44,58.358108
11.073333,3,58.379844
7.758333,25,58.547205
11.745,2,58.562127
5.425,86,59.143283
11.995,1,59.151061
9.755,35,59.39257
9.22,22,59.538527
9.99,2,59.552823
9.82,31,59.75877
9.825,8,59.812127
11.395,1,59.819751
11.995,1,59.827184
10.995,5,59.86212
8.12,28,60.054969
11.995,1,60.062341
11.59,2,60.07768
8.735,30,60.278341
10.41,11,60.353854
7.475,50,60.695789
9.98,17,60.81577
11.355,9,60.877047
7.035,58,61.280451
10.595,14,61.380408
9.1,15,61.481905
10.881667,10,61.553195
9.675,7,61.600067
-5.041667,100,62.294893
10.735,4,62.32326
11.661667,1,62.331434
11.125,6,62.372229
7.01,72,62.87237
10.16,30,63.080025
-6.71,100,63.759094
10.28,6,63.805048
9.848333,21,63.949868
-5.711667,100,64.640237
9.268333,39,64.92026
10.115,12,68.679369
9.18,30,69.109925
9.68,28,69.311057
11.323333,2,69.32518
10.516667,12,69.40255
11.19,2,69.415448
10.796667,5,69.449113
-5.953333,100,70.138707
7.473333,86,70.744062
9.176667,35,70.986272
10.98,26,71.171334
-6.288333,100,71.87311
11.745,2,71.888782
9.993333,10,71.954233
10.975,5,71.989817
-7.646667,100,72.677284
-6.288333,100,73.358767
10.246667,17,73.476868
-7.956667,100,74.166595
9.24,5,74.202486
9.865,9,74.265111
10.823333,4,74.294083
-5.6,100,74.990748
-7.56,100,75.668653
-7.56,100,80.00338
9.74,3,80.02459
10.651667,3,80.044496
9.315,12,80.125885
10.11,22,80.28332
10.401667,4,80.31041
11.995,1,80.317762
9.75,1,80.325811
10.205,12,80.409269
6.246667,82,80.976992
7.375,66,81.434701
11.745,2,81.447188
10.351667,14,81.536909
10.406667,3,81.557183
8.99,68,82.023393
4.311667,95,82.676975
9.463333,31,82.881978
10.656667,2,82.894991
7.483333,84,83.473541
11.381667,8,83.530143
7.941667,68,84.043426
9.946667,28,84.237791
-6.245,100,84.9236
10.995,1,84.93291
10.148333,10,85.004427
8.398333,66,85.460828
9.49,4,85.488181
8.041667,35,85.72151
-6.623333,100,86.409796
8.448333,56,90.465455
10.918333,3,90.48718
10.328333,1,90.494401
10.68,6,90.53728
11.17,19,90.668131
10.091667,17,90.781244
10.236667,19,90.914253
10.803333,8,90.971794
11.235,6,91.013727
9.75,1,91.020071
11.651667,3,91.041858
11.33,5,91.07695
8.786667,33,91.307177
10.396667,5,91.343696
-7.535,100,92.026453
-6.958333,100,92.756588
-6.555,100,93.462367
11.151667,5,93.514443
10.49,13,93.631094
8.96,25,93.816674
9.861667,14,93.913732
3.925,83,94.477229
11.745,2,94.491756
-6.356667,100,95.364575
10.341667,16,95.47736
9.75,1,95.484246
9.223333,30,95.690538
9.351667,18,95.81283
11.04,14,95.910637
9.318333,29,96.113713
6.981667,51,96.458225
9.946667,28,96.651078
8.625,34,96.885817
10.77,6,96.929032
9.73,5,96.963489
10.465,9,97.024271
7.636667,49,97.362086
9.35,58,101.469111
8.328333,31,101.683658
8.673333,42,101.97173
7.383333,55,102.353625
9.753333,22,102.497554
4.335,99,103.185625
10.53,5,103.22269
10.17,10,103.292283
10.681667,10,103.366482
7.996667,26,103.541903
10.493333,8,103.597458
10.803333,8,103.653267
7.001667,47,103.979526
5.683333,88,104.589915
9.841667,31,104.835487
9.506667,18,104.986032
10.54,3,105.009886
10.155,13,105.09822
11.995,1,105.104984
8.038333,40,105.383254
7.398333,70,105.859146
10.595,14,105.954919
7.253333,81,106.498794
11.245,4,106.529505
7.241667,48,106.86093
9.186667,33,107.088962
8.448333,56,107.469621
10.878333,11,107.548612
9.99,2,107.564116
11.121667,11,107.642401
7.345,45,107.942268
9.96,21,108.085363
-6.623333,100,112.46247
9.99,2,112.478841
11.131667,9,112.538814
9.47,21,112.680034
11.036667,6,112.721873
5.985,63,113.152649
9.99,2,113.166633
8.343333,46,113.480812
-6.356667,100,114.166414
8.108333,26,114.338528
7.613333,58,114.738219
10.27,8,114.794454
9.99,2,114.809351
10.17,10,114.874679
11.995,1,114.881551
10.431667,11,114.957676
10.995,1,114.965298
7.523333,63,115.396012
11.381667,8,115.454967
11.185,3,115.47766
5.24,83,116.048581
9.743333,11,116.124618
9.535,39,116.384727
9.433333,37,116.637146
10.328333,1,116.644184
9.44,27,116.830503
6.86,53,117.190979
9.75,1,117.197449
9.788333,11,117.300859
7.663095,78,118.074013
9.813333,10,118.142984
11.995,1,118.150651
-4.93,100,118.845368
11.745,2,118.861585
-6.821667,100,123.296004
11.995,1,123.30485
9.282143,21,123.454391
11.105,10,123.523586
8.442381,61,123.949457
-5.950714,100,124.636666
10.002857,32,124.861622
8.283095,52,125.221224
9.073095,41,125.500935
10.54,16,125.616896
6.721905,73,126.125396
8.433333,41,126.399236
10.328333,1,126.406754
-4.93,100,127.105361
-6.999048,100,127.806514
-6.590476,100,128.517044
9.833571,25,128.702846
7.892857,62,129.155697
9.9,15,129.263078
-5.638095,100,129.992966
5.002619,82,134.294374
7.812143,70,134.768496
10.615,19,134.903982
10.623571,14,135.002714
5.712619,87,135.609686
9.74,3,135.63114
7.443571,62,136.065534
10.656667,2,136.079394
9.042857,28,136.270067
-5.297857,100,136.973259
11.995,1,136.984566
10.736667,17,137.101329
10.136667,8,137.163576
7.182143,98,137.853359
10.28,6,137.894132
10.302857,21,138.035273
8.772857,33,138.258966
9.972143,30,138.46984
8.123333,41,138.75421
9.725,10,138.821395
9.723333,28,139.015004
9.272143,23,139.26691
7.614524,55,139.755597
10.282143,17,139.876348
-7.938333,100,140.564909
10.83,7,140.615091
10.422381,8,140.67139
-6.740238,100,141.374705
7.842619,53,145.452463
7.692619,34,145.681472
8.561905,48,146.010289
8.762857,35,146.247031
10.656667,2,146.262539
6.730714,74,146.763202
6.922857,60,147.181425
9.422619,31,147.396661
8.541905,52,147.754451
6.792381,97,148.42273
5.722619,85,149.01287
10.995,1,149.020189
10.54,3,149.041805
9.013571,42,149.331315
9.325,23,149.489747
9.96,21,149.62936
9.243333,26,149.8084
10.102381,23,149.968905
11.995,1,149.97649
10.211905,12,150.057247
9.271905,53,150.432493
9.550952,19,150.563598
9.423571,58,150.98383
10.57,10,151.05492
10.731905,6,151.096286
4.543333,84,151.67387
7.733095,64,152.117697
8.83119,35,156.150295
10.985,3,156.173156
7.572381,39,156.439691
9.792143,17,156.561445
9.75,1,156.568965
10.985,3,156.592159
9.362381,24,156.756472
10.882857,3,156.77778
9.203571,53,157.13886
10.266667,13,157.231503
10.195,1,157.239085
9.67119,14,157.334908
10.673095,15,157.436226
10.461905,11,157.514213
7.552381,43,157.811371
10.075,7,157.868922
8.975,13,157.958513
10.492619,13,158.049697
11.99,2,158.064674
8.981667,43,158.360907
10.396667,5,158.394038
11.745,2,158.408489
10.376667,9,158.471301
10.661667,1,158.47854
10.20381,19,158.602741
11.995,1,158.610731
9.972619,19,158.745404
6.28381,68,159.219172
11.073333,3,159.239107
9.84381,42,159.524819
8.773095,52,159.888579
10.263333,18,160.031246
10.401667,4,160.059894
10.852857,9,160.119379
10.803333,8,160.175439
10.225,8,160.233629
9.543095,45,160.540485
10.052143,14,160.640713
10.995,1,160.648273
8.322381,36,160.927978
10.161905,22,161.104047
8.325,27,161.288025
-5.039048,100,161.968543
6.12119,87,162.577719
6.55119,50,162.914947
10.713333,26,163.0991
9.911667,4,163.12641
11.073333,3,163.146694
10.651667,16,167.109742
9.291667,30,167.317466
6.930952,53,167.69223
9.913095,20,167.832869
9.552857,24,167.999263
8.082381,35,168.244775
8.652381,19,168.371886
10.735,4,168.401524
7.391905,37,168.660393
8.552857,28,168.849807
10.772619,6,168.890622
8.325,36,169.136887
9.002857,36,169.433358
10.123571,16,169.556039
10.632381,15,169.661193
9.883095,26,169.843014
9.455,15,169.95132
9.982143,28,170.145818
9.408333,11,170.221801
8.182619,34,170.455997
7.922857,56,170.858769
10.708333,9,170.920131
10.953095,8,170.975228
10.661667,1,170.982276
9.483333,27,171.16756
8.692143,41,171.447461
10.032143,18,171.575318
8.661905,28,171.772801
8.892619,39,172.04115
5.943095,79,172.641479
10.544048,19,172.772375
8.302381,40,173.043069
11.064048,13,173.138225
9.74,3,173.159488
8.522143,26,173.336557
11.745,2,173.3507
9.99,2,173.364976
9.476667,11,173.446045
9.486667,22,173.623217
9.202857,45,173.963753
9.450714,20,174.096617
7.761667,42,178.115577
8.190714,27,178.311167
10.132381,17,178.429605
9.971905,11,178.50337
10.725,6,178.545263
11.995,1,178.552276
11.022619,5,178.586027
9.635,19,178.716779
10.873571,13,178.806823
8.582381,33,179.029777
9.722619,20,179.165784
8.561667,29,179.377301
10.732619,14,179.469075
4.222619,91,180.102323
11.383571,9,180.162393
9.75,1,180.169193
10.475,7,180.216073
10.388333,11,180.293582
9.472143,32,180.511734
9.75,1,180.51802
8.911905,27,180.699397
8.231667,46,181.005106
9.052381,37,181.266526
9.460714,18,181.390501
11.201667,4,181.418167
10.411667,2,181.432333
9.372381,22,181.580881
10.573333,5,181.619499
9.115,12,181.704108
10.02,9,181.766006
10.012619,11,181.842342
6.371429,56,182.229269
7.682619,36,182.481603
10.231905,8,182.534865
7.972143,38,182.804899
7.572619,58,183.206306
9.992619,15,183.308867
9.53,9,183.366071
7.353095,42,183.864599
11.651667,3,183.885896
6.684286,71,184.377924
11.19,2,184.392822
10.29,4,184.420033
-7.522857,100,185.127116
8.349286,34,185.368255
6.763571,51,189.476298
10.195714,22,189.634597
9.925714,27,189.822147
6.197857,56,190.217393
9.563571,28,190.41434
10.901667,6,190.457136
6.394286,80,191.014892
11.398571,6,191.056358
10.196429,28,191.255621
7.753571,47,191.578547
9.75,1,191.584888
-7.615,100,192.264487
7.175,77,192.801917
11.995,1,192.809325
10.117857,7,192.857953
8.243571,47,193.190607
-5.42,100,193.882715
10.625,17,194.001801
10.503333,19,194.128672
9.415,21,194.275099
-7.645714,100,194.965392
-7.38,100,195.664299
6.252857,96,200.012156
9.539286,41,200.289777
9.75,1,200.295669
6.013571,52,200.642132
10.735,4,200.670367
7.167143,52,201.016352
7.092143,69,201.477849
7.305714,61,201.902648
9.639286,21,202.04032
10.735,4,202.067502
9.75,1,202.073652
10.302143,15,202.171775
5.188571,72,202.667492
10.002619,13,202.754929
7.020714,67,203.2331
9.68,19,203.359162
9.425,23,203.517645
4.834286,98,204.197686
10.832143,7,204.245347
11.995,1,204.252029
9.271429,15,204.35915
11.57,6,204.403644
8.04,53,204.997006
5.103571,87,205.599911
11.073333,3,205.622322
11.175,5,205.656542
-5.624286,100,206.342911
10.195,12,206.427127
-6.777857,100,207.111336
9.99,2,207.126901
9.49,4,207.154384
8.13,35,211.264098
9.817143,12,211.363784
11.995,1,211.373115
10.441905,15,211.493818
8.450714,26,211.708414
10.496429,17,211.846165
-5.022143,100,212.563288
6.622143,65,213.000196
9.75,1,213.006267
11.58,4,213.034267
8.632143,55,213.422463
9.75,1,213.428379
8.076429,60,213.883044
8.294286,43,214.177686
7.003571,50,214.518989
4.307143,85,215.178937
5.436429,98,215.855086
8.768571,42,216.147561
10.53,5,216.184125
-7.186429,100,216.866935
-6.951429,100,217.561359
8.03,55,217.940024
8.02,57,218.328969
9.792857,25,222.251675
10.985,3,222.275127
8.57,45,222.59045
10.462143,32,222.813627
9.835,6,222.851008
10.552857,20,222.990225
8.602857,14,223.086773
9.776667,13,223.177098
10.047857,25,223.348892
8.279286,48,223.687855
9.75,1,223.69439
11.745,2,223.708923
10.27,8,223.767818
9.512143,26,223.946357
10.232143,29,224.144814
10.17,19,224.29065
10.263333,18,224.420274
9.875,31,224.637556
10.313333,8,224.691762
10.605,32,224.906247
6.119286,88,225.511817
-5.828571,100,226.196979
8.824286,35,226.441511
9.584286,30,226.64807
8.801429,64,227.076098
10.573333,5,227.110382
11.179286,7,227.158102
4.644286,87,227.751453
10.363571,15,227.856688
7.897143,53,228.214718
9.75,1,228.221979
9.99,2,228.241028
9.985714,15,228.343267
9.603571,20,228.480833
8.757143,28,228.678535
6.073571,89,233.137883
9.812857,21,233.28653
10.587857,11,233.363718
9.767143,22,233.508066
10.827143,6,233.549124
8.643095,29,233.747679
9.675,18,233.878916
11.313333,4,233.913617
11.113571,14,234.041613
10.165714,28,234.246847
9.567143,13,234.331704
9.259286,48,234.661886
8.981429,28,234.858383
8.885714,39,235.125221
10.541429,6,235.171308
9.074286,34,235.406946
9.58,39,235.677499
10.265714,4,235.705152
8.84,40,235.979503
8.389286,26,236.155961
6.512857,93,236.806036
10.837143,4,236.834044
8.147143,52,237.193075
7.522857,38,237.454787
10.651667,3,237.477578
9.256667,6,237.517659
8.711429,33,237.746382
10.735,4,237.774585
10.465,9,237.836658
10.089286,29,238.0424
9.941905,17,238.176479
9.089286,33,238.478499
9.99,2,238.495732
10.918333,3,238.520488
10.109286,25,238.703429
9.552857,24,238.866272
8.474286,56,239.258687
10.225714,16,239.370471
8.223571,51,239.731163
9.643571,12,239.811294
9.233571,45,240.153806
10.328333,1,240.160927
9.187143,40,244.180373
9.490714,14,244.276543
11.139286,15,244.377466
9.516429,17,244.49859
9.878333,15,244.607177
10.381667,8,244.663288
7.046429,70,245.148435
9.99,2,245.161519
11.495,3,245.182383
10.092857,14,245.27828
-8.564286,100,245.970338
9.604286,26,246.149576
10.109286,25,246.319096
10.735,4,246.350782
9.75,1,246.357179
10.087857,13,246.445578
10.306429,6,246.488019
8.950714,24,246.646716
9.246429,22,246.799047
9.461905,15,246.900343
9.99,2,246.914515
10.79,2,246.929246
5.390714,50,247.26917
7.6,43,247.567135
8.945,17,247.683724
7.79,54,248.058273
11.661667,1,248.065289
9.144286,20,248.199262
10.010714,8,248.256746
10.516429,13,248.344002
9.083571,26,248.526574
8.513571,42,248.83956
6.912143,56,249.478021
10.337857,12,249.568268
10.7,11,249.645776
6.212143,45,249.954111
4.981429,89,250.784208
10.120952,3,250.808408
9.75,1,250.814713
10.54,3,250.8368
9.838571,24,251.002947
10.725,6,251.045374
9.99,2,251.05957
9.75,1,251.065612
10.54,3,251.089634
7.755714,69,251.599837
10.572143,10,255.449717
6.930714,36,255.707981
9.186429,34,255.942287
9.639286,21,256.082049
9.996429,19,256.213712
10.037857,23,256.371638
11.385,3,256.39399
8.692143,43,256.697314
5.866429,61,257.123676
9.723333,15,257.407605
10.353571,17,257.570653
10.725714,14,257.670039
9.94,16,257.784405
9.424286,13,257.878292
9.762857,31,258.098107
9.92,11,258.17505
11.215714,14,258.276544
10.344286,25,258.450476
7.79,54,258.83008
10.508571,37,259.093707
10.194286,6,259.137587
10.332143,7,259.188023
8.070714,53,259.555334
9.75,1,259.562016
10.661667,1,259.572147
9.609286,27,259.761389
10.741429,19,259.891841
8.89,30,260.103743
10.16,21,260.248541
9.41,15,260.352643
10.725714,14,260.44956
9.200714,23,260.608994
10.745714,10,260.672788
9.307857,22,260.824967
10.755714,8,260.874949
7.227143,40,261.144309
8.899286,22,261.296184
8.456429,33,261.518886
9.002857,36,261.773974
8.394286,23,261.93154
9.99,2,261.945462
10.153095,21,262.087907
9.271429,15,262.186394
10.391667,10,262.25312
10.21,11,262.330194
11.026429,9,262.39224
10.649286,15,262.493996
9.705714,22,262.64585
9.547143,17,262.762106
10.163095,19,266.64185
9.252143,29,266.847791
9.911667,8,266.902859
10.522143,20,267.044602
9.896667,7,267.093993
6.558571,43,267.380114
9.445714,25,267.549319
10.067143,11,267.626149
10.328333,1,267.633339
10.297143,14,267.727374
10.848571,18,267.846511
9.746429,20,267.990384
8.537857,29,268.190847
10.211905,12,268.3808
10.312143,11,268.460987
7.162222,77,268.995581
9.915,19,269.129029
-7.647778,100,269.833435
4.876667,80,270.382461
7.172143,53,270.751914
7.437222,69,271.216801
-6.223333,100,271.911271
6.101667,82,272.481037
11.995,1,272.488507
10.490714,10,272.557893
9.751111,27,272.748037
9.208333,31,272.953024
9.542857,26,273.13307
9.373333,49,273.477151
5.568889,84,277.850957
10.622222,22,278.002391
7.013333,80,278.537536
-8.660556,100,279.225045
-5.733333,100,279.923154
-8.072222,100,280.624007
9.713333,30,280.83302
6.111111,69,281.305266
4.931667,71,281.793343
11.995,1,281.801516
10.325,6,281.839763
10.222619,18,281.965351
9.246111,28,282.206238
9.318571,30,282.411496
4.692222,81,283.181155
6.127222,86,283.794377
7.388333,52,284.149086
11.006429,13,284.23756
-5.622222,100,288.721661
-5.955556,100,289.417771
6.256111,87,290.032192
11.135,4,290.061148
11.535,4,290.088732
8.680714,29,290.290012
-7.503889,100,290.965166
8.85,38,291.233073
9.565,11,291.311534
11.323333,2,291.325583
11.385,3,291.344632
10.076111,9,291.404424
10.852857,9,291.467105
7.29,56,291.857353
9.861111,54,292.22792
10.656667,2,292.242249
9.288889,26,292.41887
11.135,4,292.448932
10.865,9,292.511353
8.546667,32,292.72849
10.393095,22,292.878045
-4.563889,100,293.562337
9.460714,20,293.698957
9.99,2,293.713555
10.078889,15,293.820166
10.369286,22,293.976216
9.921667,15,294.079365
9.915,19,294.214799
8.198889,48,294.539698
9.592778,43,294.83582
9.268889,30,295.041549
10.162222,16,295.146085
-6.602222,100,299.679514
10.112222,26,299.866719
4.288889,95,300.540083
9.440556,29,300.737032
11.285,5,300.770571
11.414444,6,300.812868
9.975,9,300.871436
5.339444,92,301.50278
9.335,41,301.785688
6.535556,69,302.265912
9.829444,27,302.456347
9.501429,18,302.575724
8.408333,44,302.876029
10.383571,11,302.954553
10.328333,1,302.962595
8.621111,57,303.423328
9.775714,4,303.451192
4.378333,66,303.905031
11.995,1,303.912611
6.952222,70,304.394377
9.531667,33,304.621079
9.491111,30,304.825854
8.506667,40,305.105712
9.829444,27,305.296425
9.464444,53,305.665275
10.802143,13,305.752069
10.161667,3,305.771831
10.335,4,305.800138
10.91,18,305.921482
7.643889,59,306.325819
9.489444,46,310.64072
10.008889,29,310.850424
10.301667,26,311.034463
8.122778,43,311.336824
9.38,30,311.551239
3.606111,78,312.078761
9.687222,11,312.154619
9.958333,28,312.342119
10.16,21,312.488223
7.185556,90,313.105696
7.721667,52,313.461097
10.058889,19,313.595008
11.735,4,313.62378
7.090556,58,314.033169
10.875,7,314.078019
7.81,50,314.42379
9.771111,23,314.590468
11.323333,2,314.605899
10.148571,7,314.655054
11.323333,2,314.66865
11.995,1,314.675284
7.217222,64,315.114556
8.252222,55,315.489367
9.869444,19,315.620876
9.94119,9,315.682702
10.032619,7,315.728689
7.131111,61,316.155712
8.458889,45,316.470913
10.735,4,316.499816
10.869444,15,316.605688
9.15,27,316.792732
7.090556,58,317.195997
10.563889,18,317.320934
11.073333,3,317.34299
11.995,1,317.350317
8.180556,36,317.599267
10.406667,3,317.621536
9.811111,15,321.50944
10.975,5,321.545058
8.970556,25,321.725199
10.357857,8,321.781396
10.661667,1,321.789122
9.147778,32,322.018759
9.586667,20,322.156574
11.323333,2,322.17147
10.450556,23,322.328017
9.323889,21,322.473525
7.782222,51,322.821103
7.787222,48,323.155725
9.231111,33,323.377041
9.752619,14,323.4783
10.398333,9,323.542412
8.95,18,323.665703
8.491111,34,323.898738
7.865556,48,324.23377
10.112222,26,324.416792
10.875,7,324.460155
9.859444,21,324.603621
11.401667,4,324.634737
10.432381,6,324.673491
8.722778,17,324.790694
10.53,5,324.826234
5.869444,84,325.441887
8.218333,33,325.66711
10.210556,22,325.823721
9.541667,31,326.039546
11.19,2,326.056369
9.148889,54,326.436493
10.668333,4,326.464311
9.798889,22,326.619979
9.634444,15,326.731113
9.457778,19,326.867761
9.89,26,327.047319
10.328333,1,327.054816
11.995,1,327.062731
9.258333,21,327.210823
-6.713333,100,327.906701
9.475,11,327.983623
10.965556,20,328.129256
10.198333,29,328.321115
9.650556,36,328.575593
11.99,2,328.59086
8.647778,34,332.582252
10.369444,17,332.697339
11.073333,3,332.718901
11.192222,6,332.763355
8.776667,35,333.004874
10.656667,2,333.019822
10.661667,1,333.027404
11.063333,5,333.062577
9.68119,12,333.145832
8.35,40,333.419961
8.913095,24,333.812543
10.288333,11,333.89352
9.248889,34,334.162408
10.661667,1,334.170623
9.92,20,334.314411
9.568889,19,334.448976
10.088889,13,334.539738
11.995,1,334.548022
9.252619,16,334.657454
9.322222,37,334.916643
9.442619,27,335.102879
10.661667,1,335.110735
7.812778,56,335.565871
9.152778,33,335.799135
8.931111,44,336.108364
7.388333,52,336.476621
11.745,2,336.491299
9.289444,37,336.750226
8.781667,36,336.996481
10.033889,26,337.176469
11.293333,8,337.234078
10.344444,24,337.402432
8.597222,33,337.629581
9.788889,24,337.794979
7.026667,42,338.079411
9.531667,33,338.313922
9.980556,19,338.450248
10.062857,20,338.59683
7.415556,40,338.872843
7.471667,53,339.234426
10.753333,18,339.356618
10.585,3,339.375493
9.430556,31,339.592939
9.980556,19,339.724329
9.615556,41,343.842226
9.331667,24,344.009564
9.998889,31,344.220454
9.915,19,344.358224
11.323333,2,344.372717
10.41,20,344.510441
9.849444,23,344.678737
9.892778,32,344.906691
9.032222,46,345.223565
10.150556,34,345.468625
11.995,1,345.477674
6.141667,74,345.993087
10.342143,5,346.026906
11.495,3,346.051087
10.071667,23,346.219522
8.390556,43,346.51435
9.99,2,346.527599
9.705556,27,346.712821
10.899444,9,346.773652
11.073333,3,346.795041
10.541429,6,346.840142
11.314048,12,346.923028
10.788333,9,346.990019
8.973889,42,347.287554
6.985556,77,347.831001
9.773889,29,348.034665
8.537857,29,348.235782
9.583889,14,348.336668
10.547143,13,348.429965
10.465,7,348.476888
10.231905,8,348.534138
10.44,14,348.628683
9.624444,17,348.750499
9.743333,24,348.922912
9.377222,24,349.091697
10.068889,17,349.20943
11.745,2,349.223818
8.120556,48,349.565222
9.188889,46,349.889315
9.422778,28,350.087579
10.735,4,350.115577
10.656667,2,350.129714
10.619444,16,350.25544
8.728889,40,350.537519
9.397222,20,350.680651
6.419444,72,354.918797
8.721111,37,355.168247
9.492619,17,355.292589
7.64,35,355.539166
10.755714,8,355.595235
7.792222,49,355.930064
10.440556,25,356.109675
8.587778,46,356.434024
9.319444,31,356.645665
10.500556,13,356.733162
10.909444,7,356.782382
8.195556,31,356.995384
9.647222,19,357.136052
9.779444,37,357.38957
11.745,2,357.403975
9.687778,22,357.55796
9.816667,23,357.719721
8.032222,50,358.303656
9.859444,21,358.446929
8.063889,28,358.640768
10.566111,9,358.704937
9.33,40,358.989173
10.328333,1,358.997019
11.745,2,359.011345
8.947778,23,359.169684
8.852222,33,359.412521
10.78,4,359.440984
10.588889,11,359.519053
10.515556,12,359.601496
8.87,34,359.841354
10.561111,12,359.929193
10.78,4,359.956469
11.995,1,359.964008
9.241111,31,360.182555
10.207778,16,360.29741
9.157778,30,360.511863
10.538889,21,360.66559
11.584048,7,360.716562
9.458333,30,360.919443
10.266667,13,361.009104
11.242778,7,361.056564
9.727778,14,361.155369
9.665,20,361.297821
10.79,2,361.310823
10.241905,6,361.355029
7.542222,50,361.690034
10.271111,21,361.839487
11.000556,11,361.917825
10.646667,4,361.947133
10.622222,22,365.897075
10.783889,23,366.066061
7.516111,31,366.284701
6.138333,57,366.68605
10.548333,8,366.743337
8.326667,27,366.930837
11.995,1,366.939345
10.697222,5,366.974347
10.655,11,367.052794
10.321667,22,367.210662
11.995,1,367.217729
10.142778,31,367.429376
9.95,14,367.526699
10.099444,22,367.703338
9.962778,18,367.855036
10.046667,26,368.03669
7.451667,57,368.436897
9.99,2,368.450978
11.056111,13,368.541353
11.323333,2,368.555685
11.597857,9,368.623513
9.217778,18,368.749283
10.508889,27,368.953413
9.99,2,368.969685
9.14,29,369.171179
-5.932778,100,369.933275
8.472778,42,370.220871
8.591111,32,370.444568
-5.465556,100,371.149364
7.485,57,371.541754
10.365,11,371.617326
8.178889,52,371.968638
10.328333,1,371.975653
11.323333,2,371.992299
10.684286,6,372.036178
-5.577222,100,372.731871
11.18,4,372.760018
9.379444,19,372.898007
7.941667,55,377.007738
10.717222,12,377.093203
9.221667,57,377.48675
6.158889,64,377.930112
10.325556,19,378.065223
-4.955,100,378.768389
10.365,7,378.819491
4.897778,89,379.446221
10.602857,10,379.513998
9.75,1,379.520298
10.532778,22,379.67957
10.54,3,379.701371
10.152381,13,379.788903
9.667222,15,379.895518
10.575,5,379.930119
11.323333,2,379.946805
10.223889,4,379.975503
10.717222,12,380.059443
10.631667,7,380.103974
9.567222,46,380.422629
6.517778,59,380.818077
10.995,1,380.825295
6.288889,87,381.439615
-5.376667,100,382.124014
10.628333,12,382.209802
10.74,12,382.297533
8.301111,54,382.877103
9.717222,16,382.98317
10.635,15,383.091618
10.068889,17,383.213268
9.488333,24,383.379021
10.429444,34,383.623862
9.265556,35,383.866784
10.442778,20,384.004848
8.705,58,388.267879
9.883333,32,388.492319
9.74,3,388.512143
5.703333,84,389.092072
9.445556,48,389.446653
6.129444,61,389.863622
-4.196111,100,390.558827
8.915556,56,390.950065
9.042778,26,391.130195
9.673333,38,391.389998
-7.291111,100,392.083775
10.127222,21,392.231828
9.172222,45,392.545829
9.125714,40,392.829737
10.411667,2,392.844181
10.585,3,392.86647
9.742778,20,393.004867
9.101111,41,393.28928
9.578889,66,393.756188
9.749444,23,393.917273
8.868889,61,394.380569
6.674444,81,394.945178
7.563889,46,399.184875
10.712778,15,399.294365
8.604444,25,399.465343
8.712778,30,399.673723
11.441667,5,399.71248
7.296667,68,400.189893
8.195556,53,400.559125
9.022143,24,400.733919
8.638333,67,401.204912
9.097778,33,401.43743
4.821111,100,402.1424
9.057778,41,402.477057
8.74,7,402.527424
10.772619,6,402.571184
11.995,1,402.578467
9.771429,13,402.67164
9.722222,33,402.904682
11.564048,11,402.982199
11.995,1,402.988802
7.58,56,403.383672
8.631667,15,403.486652
9.261667,36,403.741983
9.535556,30,403.947479
-5.686667,100,404.638304
10.460556,21,404.788195
10.288889,22,404.945899
8.873333,51,405.303532
7.601111,83,405.890794
8.735,52,406.451325
10.625,17,406.561644
9.926667,32,410.533246
9.894444,25,410.713269
10.661667,1,410.720138
10.226667,21,410.872366
9.808889,20,411.009652
7.040556,57,411.409085
7.636667,49,411.74699
8.870556,34,411.97521
9.278333,37,412.231749
9.416667,36,412.480664
-4.152778,100,413.189766
8.887222,35,413.437176
10.529444,14,413.535715
-7.826667,100,414.233939
6.735,60,414.654063
10.822778,13,414.746783
8.866667,48,415.082536
10.394444,23,415.243397
9.94,25,415.421225
6.829444,68,415.88544
8.938333,56,416.278509
11.995,1,416.285761
11.115,8,416.341208
9.310556,44,416.646639
8.465,57,417.047784
9.99,2,417.06423
9.891111,17,417.177958
9.812222,28,417.371044
9.894444,25,421.304549
8.767222,59,421.7024
10.661667,1,421.710243
9.802222,30,421.920635
10.486111,27,422.110504
7.505556,93,422.77276
7.853333,46,423.101147
9.607222,38,423.371008
6.565556,85,423.959819
8.251667,55,424.349098
9.837778,32,424.570793
8.863889,31,424.797857
10.245556,35,425.046527
10.542778,20,425.184593
10.532143,16,425.29639
11.076111,7,425.344283
10.183333,34,425.583354
9.455,55,425.966563
9.627778,25,426.144918
9.677222,24,426.312802
8.692778,34,426.559578
9.879444,46,426.877253
9.164444,60,427.287703
7.801111,43,427.589665
10.154286,14,427.689394
10.036111,19,427.820384
9.98,17,427.962346
9.736667,21,428.133204
9.597778,31,428.351326
8.121667,68,432.851294
6.893889,95,433.530731
7.860556,40,433.81403
10.735,4,433.842244
10.137778,21,433.984148
9.062222,18,434.110422
10.613571,14,434.213242
10.23,16,434.32834
10.591667,28,434.52666
10.392381,14,434.622582
9.943889,24,434.797325
10.663889,27,434.989429
9.772222,23,435.14895
9.015556,36,435.407282
9.996667,18,435.537026
11.995,1,435.54443
9.643571,12,435.624865
10.165556,51,435.989265
9.963333,16,436.102034
9.904444,23,436.259793
10.526111,19,436.398834
9.44,27,436.586149
10.382381,16,436.702582
9.779444,17,436.826665
10.855556,11,436.909094
10.651667,3,436.93256
10.532222,18,437.063445
10.651667,3,437.084938
10.528889,23,437.251287
8.076667,59,437.665354
6.478889,98,438.355144
10.018889,27,438.547412
11.661667,1,438.555374
10.502619,11,438.635951
10.249444,34,438.873682
7.853889,50,439.225098
10.832857,13,439.319585
9.129444,49,439.664737
9.601111,26,443.62496
11.16,8,443.680606
10.456667,24,443.846048
10.746667,15,443.953723
9.016111,27,444.150625
8.792222,36,444.399055
9.382778,36,444.65517
7.415,71,445.152232
10.661667,1,445.15925
10.647778,17,445.317444
10.725,6,445.369131
11.223095,3,445.392868
11.065556,18,445.519153
9.663889,31,445.747079
9.99,2,445.763546
8.148889,58,446.176566
9.897778,20,446.321222
9.199444,35,446.570935
10.565,7,446.623481
9.623333,35,446.86756
9.99,2,446.885345
9.49,4,446.913185
9.779444,17,447.038302
10.661667,1,447.045687
10.242619,14,447.141587
11.036429,7,447.190606
6.470556,73,447.69902
10.682381,5,447.736832
8.468889,43,448.031527
10.064444,40,448.314016
8.961667,47,448.654985
8.968333,30,448.863228
9.150556,27,449.054111
8.113333,56,449.456115
8.024444,56,449.851435
9.937222,21,450.002376
11.995,1,450.009888
10.114444,30,450.22605
9.347778,32,450.454304
9.99,2,450.468951
8.876111,55,454.62026
9.979444,26,454.805478
9.489444,26,454.991902
9.861667,27,455.176898
10.375,18,455.305338
10.442778,40,455.645311
10.770714,3,455.66712
11.056111,11,455.744332
10.74,12,455.826819
9.228889,38,456.090751
8.211111,59,456.510397
9.918889,47,457.058017
10.49,13,457.148529
10.735,4,457.178321
10.417222,23,457.339306
9.051111,51,457.716819
6.84,57,458.121305
10.661667,1,458.130764
9.318333,29,458.338604
10.862857,7,458.393613
11.995,1,458.400704
10.282619,6,458.440334
9.572222,14,458.540805
7.565,41,458.832292
9.597778,31,459.049356
10.667778,13,459.13851
9.7,24,459.300222
9.085,18,459.429127
9.832222,11,459.508708
10.486667,18,459.635448
10.786111,16,459.748587
11.393571,7,459.797956
10.217222,14,459.897867
9.75,1,459.904335
7.409444,50,460.251087
9.456667,28,460.453414
9.835556,19,460.591144
9.910556,22,460.749657
10.101111,37,461.009774
10.394444,23,461.178395
9.429444,38,461.450192
11.745,2,461.46455
9.798333,31,461.67939
9.458889,41,461.966169
10.645,13,462.060077
10.091111,26,466.096686
8.886667,44,466.40766
10.408571,4,466.435083
9.779444,17,466.55688
11.995,1,466.564409
9.937222,21,466.709227
10.391111,15,466.815457
10.625,17,466.935798
10.642222,18,467.06649
10.875556,7,467.116788
9.726667,23,467.283163
9.216111,36,467.537098
11.24381,7,467.591182
10.418333,5,467.6284
11.995,1,467.637841
9.643889,35,467.892533
9.985,5,467.927488
10.927778,10,467.997799
9.197222,22,468.150592
9.607222,38,468.42489
10.677222,9,468.490375
10.595,1,468.498699
9.798333,31,468.728648
9.407222,29,468.93608
6.87,51,469.290389
9.871111,21,469.441338
9.99,2,469.45705
11.141667,16,469.574011
10.048889,21,469.724834
10.409444,38,469.998547
10.545556,24,470.165846
11.19,2,470.180066
10.322778,15,470.288932
9.463333,18,470.416158
9.907222,27,470.609797
8.304444,36,470.856007
10.741905,4,470.883923
10.995,1,470.891279
7.705556,40,471.164279
10.985,3,471.186124
9.75,1,471.19311
10.598889,9,471.256384
10.325556,19,471.387414
10.595,1,471.395316
10.19,24,471.57117
10.276111,20,471.713533
11.22381,11,471.792828
9.996111,27,471.985795
11.995,1,471.993021
10.328333,23,472.163291
9.916667,34,472.401217
10.098333,20,472.543908
10.27,8,472.597062
11.323333,2,472.611275
10.643571,10,472.681253
10.772619,6,472.726201
10.297143,14,472.825869
9.447222,21,472.974846
9.848333,21,473.1244
10.125,6,473.167262
10.150556,23,477.041061
9.792222,32,477.297291
11.995,1,477.305313
10.118333,16,477.42733
9.515556,34,477.674413
10.365,20,477.815895
9.238333,25,477.99717
11.995,1,478.004434
11.313333,4,478.035875
10.078333,24,478.217699
10.577778,31,478.459296
10.995,1,478.46629
9.99,2,478.485807
11.292778,17,478.628889
10.500714,8,478.686001
10.782619,4,478.715006
10.736667,17,478.839212
9.923889,15,478.947695
10.891667,17,479.064406
10.715,8,479.117826
8.755,48,479.465936
11.036429,7,479.517962
10.331667,18,479.846382
10.766667,11,479.956806
10.27,8,480.014727
11.995,1,480.022869
10.162381,11,480.094188
10.447222,17,480.213315
10.111111,22,480.370988
10.111667,26,480.560955
10.907222,23,480.727685
10.298889,20,480.879572
10.627222,30,481.096922
10.259444,19,481.234311
10.147778,19,481.368923
9.656667,37,481.631084
9.562222,16,481.75098
10.248333,39,482.038141
11.323333,2,482.052448
10.278333,33,482.279902
11.333889,11,482.365488
7.455556,54,482.745555
10.908333,5,482.781438
8.238889,40,483.062496
9.831667,20,483.204592
10.187222,20,483.3523
10.661667,1,483.359773
10.118333,16,483.488472
10.625,17,483.612381
9.834444,37,483.884697
10.203889,8,483.941767
10.918333,3,483.9635
9.048333,34,484.207549
8.473333,33,484.446038
10.228889,34,488.516538
10.332222,9,488.581805
9.078333,28,488.789018
9.746667,19,488.931104
-7.865909,121,489.885543
2.179091,98,490.565594
7.231364,35,490.813543
0.94,110,491.575297
10.948182,14,491.677825
8.548182,53,492.039747
11.051111,12,492.123737
9.75,1,492.131266
10.136818,22,492.289645
4.758636,74,492.849459
5.238182,78,493.398027
10.386364,23,493.562635
10.261364,17,493.682315
4.984545,118,494.507997
10.252619,12,494.59393
11.323333,2,494.607968
8.155,70,495.098786
8.604091,69,495.584501
10.364545,9,495.652645
9.635455,17,495.768166
9.537273,55,500.090854
-5.659091,121,500.94847
9.99,2,500.968959
7.851364,107,501.739548
4.439545,98,502.622288
-3.354545,121,503.48402
5.255455,60,503.911621
10.17,10,503.983542
7.924545,56,504.386235
9.71,13,504.47688
8.111364,55,504.868708
10.199091,13,504.962695
9.252727,30,505.180781
10.919286,10,505.263783
9.578636,41,505.59297
8.05,60,506.016248
10.797143,12,506.10419
11.995,1,506.111762
9.868636,32,506.337408
10.412381,10,506.407216
9.615,23,506.570239
10.957222,13,506.665329
7.298636,56,507.065645
10.682381,5,507.103677
9.274545,31,511.182647
8.24,71,511.691622
10.563636,22,511.850134
8.908182,30,512.060892
7.450909,91,512.693959
10.225,8,512.753841
9.112273,60,513.172451
10.16,30,513.375453
10.923095,14,513.477062
8.555909,35,513.722922
9.678182,72,514.246554
9.049091,47,514.597081
10.064091,22,514.745203
10.422222,13,514.835119
9.841111,27,515.017748
9.293182,20,515.160125
11.59,2,515.175828
-9.525455,121,516.111386
10.318182,42,516.409399
9.928182,22,516.558219
5.021364,85,517.139185
10.428182,20,517.282569
11.323333,2,517.297259
8.732727,36,517.556061
7.486364,64,518.013779
10.328333,1,518.021416
9.983182,29,518.230488
7.955455,59,522.575213
10.637727,29,522.779695
10.159545,32,523.004165
11.133571,10,523.072061
10.385909,12,523.161274
9.580455,59,523.584186
6.351364,77,524.135423
9.808636,44,524.443675
5.906364,86,525.052133
7.279545,69,525.538193
8.468182,69,526.258204
10.091667,17,526.379273
8.816818,41,526.670645
9.230714,17,526.785095
7.510455,81,527.359035
9.634545,70,527.853265
9.381364,46,528.182073
9.669091,34,528.420911
7.158182,86,529.026879
11.378571,10,529.098836
9.659091,36,529.352183
6.986364,66,529.805148
10.302727,16,533.761628
11.198333,9,533.825588
10.661667,1,533.833113
10.546111,13,533.924016
7.156818,79,534.488096
9.941364,32,534.716498
10.688636,15,534.826027
10.654444,20,534.965348
9.049545,58,535.369166
10.677727,21,535.514442
8.305455,38,535.783249
9.459545,25,535.957267
9.75,1,535.96348
10.511364,16,536.079297
10.721818,34,536.325429
8.875455,71,536.821958
10.033636,30,537.038431
9.895,16,537.149846
10.886818,19,537.287127
9.99,2,537.301456
10.328333,1,537.308481
9.735556,39,537.586784
11.155,9,537.650018
11.101667,13,537.741179
10.540909,12,537.827594
7.606364,40,538.124224
11.995,1,538.131925
10.427727,22,538.28904
9.351818,50,538.638709
10.054545,22,538.793401
10.127222,32,539.026534
6.695455,66,539.486007
10.745,2,539.500342
-8.472727,121,540.351594
5.700909,98,544.876379
10.618636,29,545.083547
9.191364,35,545.334851
9.190455,39,545.620684
9.649091,38,545.889513
10.126818,24,546.063361
9.419545,33,546.30101
7.674091,59,546.717211
8.982273,37,546.987099
9.554545,37,547.248351
8.851364,54,547.63301
10.887778,18,547.760601
7.548636,55,548.209733
10.790909,11,548.287718
11.323333,2,548.303084
6.24,79,549.116477
8.6,48,549.464311
9.833636,21,549.61281
9.744091,37,549.879393
10.021364,16,550.021547
10.315,30,550.260855
9.792273,22,550.463629
7.216364,69,551.054926
10.909091,31,551.283589
11.995,1,551.292817
7.168182,84,551.932192
10.305455,30,552.148609
8.816818,41,552.444687
10.195,1,552.454406
10.661667,1,552.462401
10.002273,29,556.512707
9.27,61,556.963477
9.596364,34,557.265204
8.046818,48,557.612296
9.004091,38,557.868627
10.513333,4,557.898829
10.304091,23,558.062794
10.156818,18,558.196222
9.980714,14,558.29866
10.972778,12,558.384109
11.066111,9,558.448159
10.505,41,558.737572
9.75,1,558.743584
11.745,2,558.758369
11.33,5,558.794163
9.857727,38,559.067165
11.846667,4,559.095752
11.631667,7,559.15005
10.462273,35,559.402117
9.908636,24,559.578553
9.928182,22,559.728859
9.912778,35,560.158954
10.115909,17,560.316928
10.352857,11,560.392092
11.401667,4,560.420453
10.782273,20,560.566054
10.065,31,560.779017
11.012619,7,560.831809
10.661667,1,560.839155
8.911364,42,561.138269
10.721364,23,561.35455
8.787273,45,561.683343
10.137727,31,561.913296
9.75,1,561.919708
8.712273,42,562.218034
9.933889,13,562.311802
11.053333,7,562.361374
10.935,4,562.38852
9.335,30,562.596827
9.495909,43,562.906094
10.188182,19,563.037899
10.857778,24,563.215054
10.855,20,563.358943
9.608182,37,563.62075
10.708182,13,563.710478
9.976818,54,564.099382
9.375909,18,568.052705
-5.188182,121,568.908851
11.393571,7,568.958526
9.594545,16,569.070704
8.557273,42,569.365443
9.974091,40,569.662039
11.012619,7,569.714197
10.14,3,569.735403
10.772273,22,569.891441
8.858636,38,570.156366
11.122857,4,570.185561
10.843636,15,570.292578
10.745,2,570.305704
9.907273,17,570.420744
10.640909,41,570.714319
10.770714,3,570.736891
10.396818,19,570.871931
10.371667,10,570.946029
8.609444,55,571.33767
10.149545,34,571.582148
6.846818,43,571.888234
11.151667,5,571.924048
8.529545,64,572.386282
9.135455,68,572.8665
9.839444,25,573.046197
10.14,3,573.064995
9.336364,37,573.329142
11.010556,9,573.393502
10.210556,22,573.543429
9.75,1,573.549954
8.439545,33,573.778893
10.834091,15,573.886951
10.751364,17,574.008352
10.513333,4,574.03598
10.908333,5,574.07354
9.241818,36,574.363256
10.402381,12,574.458598
11.18,4,574.486773
9.99,2,574.501258
6.031364,79,575.062677
9.439091,31,579.115311
10.272727,22,579.271106
10.001364,20,579.423306
10.995,1,579.431123
8.143636,65,579.90636
9.177273,65,580.36925
11.363571,13,580.462749
10.417727,24,580.639713
10.192727,38,580.914826
10.399091,22,581.074033
10.948182,14,581.172495
10.255,42,581.467812
10.484545,47,581.806066
10.49,13,581.898301
9.251364,23,582.067534
8.379091,96,582.81169
11.995,1,582.819378
10.646364,20,582.96063
10.661667,1,582.968604
10.344091,15,583.078205
9.471364,28,583.491811
9.835455,26,583.683481
10.750556,12,583.772716
10.293636,27,583.965825
10.535,35,584.218472
9.856818,29,584.427834
10.918182,20,584.569746
10.325455,26,584.760345
10.202727,36,585.021989
8.023636,40,585.310903
10.419286,12,585.401482
11.323333,2,585.415004
9.986667,20,585.558513
10.271818,26,585.750657
11.020909,14,585.851398
9.253182,28,586.051742
10.575909,23,586.217324
10.252727,26,586.40605
10.328182,40,586.691221
10.363571,17,590.583493
11.995,1,590.590935
10.750909,19,590.730423
10.006667,16,590.845513
10.586364,32,591.07791
10.116364,28,591.279664
11.213095,5,591.314374
11.185,3,591.336651
10.337778,30,591.552668
10.975,5,591.590428
11.332143,5,591.626588
10.990455,22,591.785626
9.166818,20,591.927963
9.816818,37,592.188879
10.095455,23,592.350266
7.371364,56,592.740199
10.895,12,592.826548
9.512273,29,593.030069
9.961364,28,593.234432
10.698636,13,593.330298
10.53,5,593.368412
9.565455,31,593.590793
9.502727,29,593.794923
9.490909,13,593.886448
10.064091,22,594.046072
10.41,29,594.251135
9.75,1,594.257695
11.995,1,594.266706
10.066364,38,594.54358
9.337273,33,594.781978
10.661667,1,594.790153
10.661667,1,594.797398
10.312727,14,594.892636
11.073333,3,594.913182
10.979545,15,595.023793
10.574545,16,595.136379
10.577727,41,595.436713
10.367727,21,595.586528
10.351667,16,595.699384
9.99,2,595.713312
10.121667,11,595.79323
11.102222,15,595.90346
9.522273,27,596.098528
10.491364,20,596.246327
10.074091,20,596.401472
9.409545,35,596.655256
10.458636,12,596.737826
9.464545,42,597.047481
10.451364,28,597.263804
10.947727,16,597.37992
11.535,4,597.406449
10.014545,30,597.631027
10.258333,17,597.755747
11.115,17,597.877093
10.084545,16,601.75978
10.094545,27,601.950742
10.788333,9,602.01698
11.195,12,602.103727
11.175909,14,602.206628
10.252273,28,602.410675
11.020556,7,602.462565
11.012619,7,602.518355
10.992273,27,602.710244
9.339545,49,603.057144
11.745,2,603.070847
8.027273,50,603.431703
10.623636,10,603.506543
9.006818,52,603.87333
9.879545,39,604.160362
10.760909,17,604.280869
9.202273,42,604.585834
11.745,2,604.599988
10.449091,12,604.686747
10.155909,22,604.847141
10.366667,11,604.926062
11.115,17,605.04162
10.532273,21,605.194593
10.92,7,605.245225
10.263182,22,605.413197
10.251818,30,605.633814
9.887222,31,606.05643
9.584091,20,606.230041
11.135,4,606.256579
10.510714,6,606.300143
10.479444,24,606.478412
8.639091,44,606.793806
10.271364,15,606.901939
10.291364,11,606.981221
10.637778,19,607.116421
10.523182,32,607.351367
10.030909,16,607.468455
10.126818,24,607.638588
9.835455,26,607.827519
9.068636,45,608.141222
9.527727,55,608.536306
10.826364,33,608.782828
10.958182,12,608.872413
10.308636,42,609.189485
10.106818,28,613.194965
9.546818,42,613.526099
10.865,9,613.591412
10.105909,32,613.831931
9.960455,32,614.144918
11.995,1,614.152634
10.708636,11,614.245138
9.739545,18,614.377582
9.595,27,614.589113
9.700455,22,614.788727
10.417727,24,614.981929
9.253636,39,615.291496
10.106667,14,615.398411
9.932273,43,615.733875
10.742778,29,615.951159
11.082273,9,616.017866
10.875455,14,616.1358
10.530909,14,616.244655
10.438182,18,616.379418
10.656667,2,616.394903
10.042273,21,616.552891
10.91381,24,616.728204
9.682273,44,617.050121
10.304091,36,617.311081
10.045455,33,617.551002
9.204091,47,617.886001
11.323333,2,617.9001
11.239091,14,618.001907
9.75,1,618.008455
10.948182,14,618.10935
9.843636,19,618.245114
9.922727,56,618.651574
10.719091,20,618.793499
10.062857,20,618.932119
9.712727,36,619.194565
8.282381,44,619.512414
9.109091,35,619.763469
8.803636,31,619.986879
10.71,31,620.215958
10.707727,15,620.325686
10.42,9,620.392322
10.932222,9,620.457769
9.969545,21,620.602913
10.833636,17,620.725949
10.814091,19,624.638891
10.597857,9,624.704298
9.907727,28,624.907352
10.288889,22,625.059696
11.102857,8,625.118497
10.393571,9,625.184476
11.063636,20,625.334823
10.355,9,625.401791
10.289444,13,625.495738
10.056364,40,625.819014
11.022619,5,625.865947
10.525,37,626.147669
10.388182,28,626.380421
11.97,6,626.435552
11.385,3,626.46085
11.353182,13,626.557222
9.781364,15,626.665096
10.918333,3,626.687757
10.638182,27,626.88266
10.166667,33,627.123483
10.795,32,627.352433
9.982273,20,627.493308
10.875,16,627.609689
10.677727,21,627.757847
9.480909,28,627.958463
10.672381,7,628.007751
10.357857,8,628.067912
10.17,28,628.269173
10.341667,16,628.382831
10.760909,17,628.511096
10.698636,13,628.607216
10.45,12,628.695775
10.625455,15,628.806683
10.263636,33,629.046698
10.678182,19,629.183865
9.791364,13,629.278996
11.661667,1,629.286329
10.242727,28,629.490487
9.99,2,629.506317
8.919545,35,629.756638
9.138182,33,630.09388
10.128636,29,630.372627
10.71,18,630.50615
9.806818,39,630.785668
10.128182,31,631.01033
9.979545,19,631.152581
9.928636,20,631.295305
10.422727,41,631.590455
11.694286,4,631.619811
10.429091,29,631.829993
11.209091,20,631.975724
9.72,20,632.113767
10.115,21,632.260381
10.995,1,632.267846
10.585,3,632.289936
11.323333,2,632.305898
9.730909,27,636.377676
10.897273,28,636.578155
10.906364,17,636.702123
10.885,14,636.804937
9.785455,36,637.054845
10.336667,17,637.179096
10.408636,22,637.341337
10.735,4,637.36991
10.920455,36,637.626675
10.260909,19,637.766626
11.651667,3,637.789484
9.971364,26,637.975676
11.03,16,638.092524
9.75,1,638.0991
10.510909,18,638.230921
10.168182,23,638.403458
9.681364,35,638.658608
10.647273,16,638.770467
11.239091,14,638.869479
10.72,7,638.924032
10.959545,19,639.064805
10.912381,8,639.12656
10.574091,18,639.254809
11.18,4,639.282647
10.418333,5,639.322718
10.749545,12,639.40762
10.578333,22,639.59511
10.909697,12,639.685359
9.162576,25,639.870898
10.932778,20,640.005935
-6.046818,144,641.021868
8.921515,103,641.76022
3.101515,140,642.813223
6.280909,80,643.400515
10.461515,40,647.545619
10.948636,34,647.79377
9.338485,57,648.206353
11.052273,37,648.471446
9.75,1,648.478889
10.564394,26,648.666121
11.441667,5,648.700772
8.535,52,649.083189
9.713788,37,649.356908
11.995,1,649.364559
8.083182,57,649.770389
-8.436212,144,650.80899
9.150303,33,651.048849
10.918333,3,651.071605
10.089091,66,651.545235
10.056212,66,652.016743
9.778333,15,652.122184
10.271515,29,652.324052
9.46197,51,652.685925
8.418485,45,653.002391
8.587424,90,653.886829
9.750303,60,654.32773
10.470909,26,654.513601
10.42,18,654.645368
10.195,1,654.652474
11.17,6,654.694837
10.389697,18,654.823169
7.471515,50,659.028606
11.036667,6,659.072096
10.360303,36,659.33793
10.596212,56,659.740459
10.661667,1,659.747775
8.366212,61,660.187183
8.159697,72,660.711201
9.857273,27,660.90978
9.453333,33,661.150177
9.709697,56,661.552114
11.410455,27,661.749316
9.078636,114,662.546287
9.591364,62,662.978909
10.208485,30,663.191478
10.485606,17,663.31297
11.661667,1,663.320922
9.205,65,663.782613
9.999091,35,664.03142
10.456818,47,664.366404
10.549697,35,664.622356
9.073788,67,665.107888
8.500303,65,665.575459
10.430303,22,665.733104
10.677222,9,665.79826
8.504394,46,666.129021
10.317273,33,670.23731
9.407778,20,670.375737
10.661667,1,670.383795
10.208636,35,670.63567
8.935,70,671.136783
9.940909,34,671.378067
10.253788,27,671.575177
9.007879,62,672.025552
10.985,3,672.046091
9.958485,31,672.269507
10.988636,26,672.46467
10.92,7,672.515666
9.857879,39,672.794414
9.685,67,673.27882
10.882727,29,673.489639
10.651667,3,673.511895
7.108485,111,674.322184
9.370152,33,674.550007
9.975606,21,674.70442
10.668333,4,674.735182
10.575606,48,675.081286
10.574545,16,675.201262
10.574394,24,675.545169
10.909697,12,675.672948
9.035,50,676.035366
11.063333,5,676.070954
10.895606,33,676.316745
10.918333,3,676.338463
11.397273,26,676.521406
8.529697,47,676.860257
10.327273,31,677.082525
11.995,1,677.090461
9.241364,34,677.341445
8.950303,73,681.69761
9.915,21,681.847415
10.735,4,681.877544
9.991364,31,682.105392
10.755606,12,682.193024
7.546212,78,682.754113
8.811364,22,682.911345
10.490714,10,682.981908
10.766429,12,683.06137
9.252727,61,683.503407
10.738485,22,683.666613
10.451515,42,683.97023
8.323182,58,684.387876
9.710758,26,684.579149
9.969091,41,684.868925
10.490455,24,685.039861
10.555,40,685.331134
10.627273,20,685.474329
10.641667,5,685.509556
10.645606,34,685.755129
10.52197,35,686.00924
10.117879,36,686.333704
9.594242,19,686.500287
10.652222,16,686.614816
10.197879,20,686.765618
9.820909,58,687.192987
10.661667,1,687.199849
10.097879,40,687.499125
8.156212,103,688.253564
9.630303,35,688.506144
9.197424,66,688.984809
10.019091,31,693.076232
10.865606,39,693.361254
9.425606,82,693.955488
11.059242,24,694.132856
10.094394,22,694.294796
11.651667,3,694.316695
10.988636,26,694.50393
10.649697,15,694.615709
10.661667,1,694.623279
10.216212,34,694.905182
11.115,8,694.967417
9.293939,77,695.526953
9.99,2,695.542122
9.950303,69,696.102825
9.78197,36,696.370358
9.527424,49,696.731275
10.481515,36,696.983386
9.883788,52,697.362185
9.259545,43,697.676062
10.020152,50,698.039512
10.766429,12,698.126812
9.855606,45,698.653153
10.402727,27,698.848787
10.255152,56,699.251862
7.000303,71,699.764942
10.225,8,699.821831
10.740909,21,699.975359
8.81197,34,700.21796
11.095556,12,700.306897
10.806818,26,700.492862
8.214242,50,704.66203
10.717222,12,704.747461
10.665606,30,704.969945
10.505556,10,705.042137
10.875,25,705.222768
11.511429,12,705.309082
10.885,23,705.478082
10.806212,14,705.579372
11.225714,12,705.663568
10.299091,24,705.841874
10.585,3,705.865419
10.558889,17,705.98958
9.768485,20,706.129164
10.167273,14,706.233704
10.270758,12,706.321419
9.980556,19,706.458411
10.185455,23,706.623292
10.958636,32,706.855609
10.985,3,706.879243
10.294545,36,707.144872
10.708485,28,707.346691
10.661667,1,707.354015
10.212121,53,707.738504
10.221515,39,708.0258
10.78,4,708.054904
9.458485,33,708.294919
11.164444,16,708.409061
8.891515,60,708.838841
9.832576,38,709.113363
10.637273,18,709.243504
10.803788,15,709.352532
10.296818,30,709.571779
10.258333,17,709.69338
8.277424,54,710.079849
10.741515,33,710.321892
10.04197,33,710.569776
10.766429,12,710.657514
10.040909,63,711.115465
10.292273,20,711.257093
9.784394,35,711.520667
10.700909,29,711.732711
10.493333,21,711.88719
9.99,2,711.904241
9.99,2,711.918748
10.561515,20,715.83217
10.019697,43,716.140454
11.323333,2,716.155631
10.427879,23,716.32462
10.953095,8,716.383739
10.478485,25,716.564835
10.885,23,716.735249
10.854545,22,716.901413
10.37197,16,717.018431
10.18803,27,717.215225
9.400909,44,717.530494
10.675,16,717.65173
10.296111,16,717.766284
10.791515,23,717.93205
11.525556,6,717.977695
10.39,2,717.992202
9.739697,50,718.364719
9.784394,35,718.616539
10.985,3,718.639591
10.766212,22,718.795083
9.99,2,718.809174
11.118571,13,718.899096
9.459091,45,719.221604
8.633182,45,719.543803
10.443788,38,719.82547
10.78,4,719.854604
10.985,3,719.876111
10.985,3,719.899458
10.779444,13,719.994021
10.993333,19,720.127183
9.569697,35,720.383885
10.475,5,720.4183
10.075,38,720.694139
10.515,48,721.045821
11.995,1,721.053885
10.995,1,721.061681
10.377273,21,721.208523
10.985,3,721.2323
10.417879,25,721.637149
11.313333,4,721.67173
11.995,1,721.679539
10.995,1,721.687265
10.718485,26,721.877305
11.23,7,721.924565
10.869697,20,722.070763
11.313333,4,722.101427
9.911515,52,722.475149
11.141667,16,722.595135
10.756212,24,722.767734
10.476212,31,722.988724
7.205606,85,727.431316
9.786818,34,727.675499
11.056667,2,727.689796
11.995,1,727.697361
10.129545,16,727.814894
11.076111,7,727.865283
10.316818,26,728.051621
10.78,4,728.081419
10.362576,30,728.301202
10.069697,33,728.536249
10.656667,2,728.551158
10.922727,21,728.703822
9.151364,52,729.100485
10.691515,43,729.423173
9.398485,45,729.7504
10.383571,11,729.826245
10.359697,24,730.033818
9.806111,14,730.134776
10.276212,22,730.29845
10.737778,8,730.360275
10.299091,24,730.53409
9.120909,51,730.900724
10.400303,28,731.101231
9.99,2,731.115673
9.709242,49,731.477783
10.53803,55,731.888234
10.242727,28,732.093859
9.233788,35,732.342205
10.314394,27,732.539414
10.285,45,732.870969
9.99,2,732.884953
10.970303,12,732.972381
10.460909,28,733.176603
9.575556,22,733.335881
10.077424,37,733.611291
10.200758,26,733.804717
11.127424,23,733.973379
10.355,31,734.196006
10.733788,29,734.409352
10.183788,41,734.70172
8.799697,42,738.791888
10.327424,36,739.052922
11.102121,22,739.211674
9.845,35,739.463018
10.661667,1,739.470556
9.972576,59,739.90914
11.097424,29,740.123288
10.035,46,740.457149
10.531515,26,740.648507
10.554091,22,740.808256
9.75,1,740.814894
9.518889,29,741.025447
10.667273,12,741.107696
10.483333,23,741.273071
10.833939,14,741.375498
10.21803,21,741.523232
10.548889,19,741.67483
10.585,3,741.697735
10.607424,29,741.913102
9.630303,35,742.369423
10.874545,18,742.498376
11.066818,23,742.663762
10.223182,21,742.812955
10.769091,28,743.015367
10.074848,33,743.258661
10.680303,21,743.413298
11.026212,19,743.555339
9.952576,14,743.654059
10.611667,13,743.749811
10.771515,27,743.950337
11.343182,15,744.06054
10.550909,10,744.132672
10.435606,27,744.329216
11.18,4,744.357335
10.892222,17,744.474576
10.402576,22,744.630966
10.021515,30,744.851154
10.295,43,745.179337
10.258485,20,745.326632
10.133571,14,745.431351
9.919091,51,745.808105
10.450303,18,745.938125
10.839697,26,746.130498
11.385,3,746.151793
10.595,32,750.191812
11.056667,2,750.209094
9.738485,26,750.414518
10.585,34,750.724178
10.935,13,750.828845
9.527424,49,751.189077
10.724545,48,751.53766
10.372121,21,751.687647
11.661667,1,751.69486
10.723182,19,751.832307
10.53,5,751.871412
9.186667,51,752.244976
7.496818,51,752.612783
10.656667,2,752.627364
10.885,5,752.666816
10.617857,5,752.705374
10.773788,21,752.861807
10.995,1,752.868864
10.925606,27,753.068235
11.385,3,753.089692
10.279091,28,753.294324
10.589697,27,753.494445
11.515,8,753.552493
10.925,15,753.660852
10.478485,25,753.844298
10.965,7,753.895692
10.276212,22,754.056932
10.677879,22,754.217723
9.904286,15,754.331742
10.728485,24,754.50732
10.823788,11,754.583618
11.995,1,754.591654
10.648333,8,754.649983
10.859091,10,754.72372
9.514394,40,755.062639
10.117879,36,755.319955
10.541364,19,755.457191
10.521364,14,755.580131
9.766818,38,755.880477
10.715606,20,756.026603
10.538485,13,756.11992
10.708636,33,756.366018
11.064545,29,756.574297
10.373571,13,756.6669
11.018636,20,756.922002
10.107273,26,757.135653
11.995,1,757.142674
10.985,3,757.166932
10.751515,31,757.394216
10.273333,16,757.515148
10.980303,10,757.590846
10.467879,15,757.696965
10.670303,23,761.644609
10.328333,1,761.652453
9.743182,19,761.795311
9.862121,25,761.976932
10.710909,27,762.170538
10.915,17,762.295215
10.912727,23,762.462613
10.263182,13,762.555276
10.473939,37,762.825785
10.579091,17,762.949092
11.021111,18,763.081615
9.273788,27,763.280205
10.555,40,763.577896
10.328333,1,763.585208
11.046111,13,763.685112
10.946212,35,763.983017
10.39,2,764.001013
10.65803,31,764.233577
10.349697,26,764.430735
10.819091,18,764.567338
10.559091,21,764.72626
9.395152,32,764.961926
10.003788,28,765.172677
10.115,30,765.623014
10.566111,11,765.704646
10.670303,23,765.873394
10.304394,29,766.091118
10.289091,26,766.283981
10.737879,10,766.353948
9.766212,26,766.543186
10.849091,12,766.634396
10.541429,6,766.676969
11.18,4,766.707379
10.316818,26,766.897628
7.777273,51,767.261152
10.256061,21,767.418459
10.346667,15,767.53045
11.185,3,767.553038
11.030909,12,767.646019
10.546212,17,767.774377
10.296667,25,767.956856
10.249091,34,768.2049
11.388571,8,768.26263
10.656667,2,768.277873
10.661667,1,768.285491
10.339697,28,768.487539
11.127424,23,768.657765
10.337424,34,768.905746
10.985,3,768.928594
10.291429,7,768.980332
9.906212,47,769.323623
10.549091,23,773.25395
10.337273,29,773.469868
10.459545,21,773.622999
10.445606,25,773.811093
10.453182,24,773.985901
10.811111,11,774.069486
10.203182,25,774.257457
10.435606,27,774.457991
10.585,3,774.48005
9.99,2,774.495451
10.225606,20,774.640296
9.395606,39,774.924121
10.115,30,775.14143
10.456212,35,775.392872
10.685606,26,775.583548
10.335556,17,775.713612
10.89,13,775.808285
9.806667,25,775.9879
10.661667,1,775.996337
10.445606,25,776.181193
10.251515,33,776.415899
10.457879,17,776.539697
10.915,8,776.600281
10.529091,27,776.789221
10.794545,34,777.039225
10.554394,28,777.314049
10.804394,27,777.519159
10.447879,19,777.661235
10.46119,3,777.683313
11.441667,5,777.720812
10.707879,16,777.839442
11.282143,15,777.970681
10.909697,12,778.06157
10.552273,17,778.184672
9.447879,23,778.367612
9.98,4,778.398002
10.511515,30,778.638557
10.995,1,778.646976
10.640303,29,778.861424
9.844848,30,779.080125
10.653182,33,779.325579
10.930909,32,779.5603
10.645,22,779.723522
9.75,1,779.730162
10.258485,20,779.880795
10.661667,1,779.88839
10.535,44,780.207635
10.519091,29,780.425366
10.773788,21,780.585959
10.420303,24,780.759031
10.848889,8,780.817521
10.629697,19,785.049403
10.940303,18,785.182843
11.162727,22,785.346218
10.328333,1,785.355294
10.697879,18,785.505446
10.521515,28,785.713652
10.674286,8,785.769644
10.908333,5,785.806149
11.19,2,785.821151
10.332576,36,786.083729
10.498485,21,786.238839
11.344545,22,786.407465
10.170303,25,786.59338
11.040909,10,786.662483
10.846818,18,786.795307
10.864394,15,786.912485
10.945606,23,787.084961
10.96803,18,787.220779
10.973333,23,787.386743
10.430303,22,787.547857
9.513788,28,787.751242
10.064394,28,787.954357
10.397879,29,788.16978
9.736667,39,788.450217
10.394444,23,788.619297
10.612576,29,788.834373
10.544394,30,789.06279
9.693182,29,789.295454
11.344545,22,789.461821
10.072121,32,789.700982
10.142576,25,789.883621
10.291515,25,790.069016
10.529091,27,790.270881
10.618333,14,790.373207
9.619697,25,790.55666
10.647273,16,790.67855
10.415,19,790.819486
10.773788,21,790.972513
10.690303,19,791.111795
11.995,1,791.119037
10.346667,15,791.229396
10.614394,16,791.35044
10.004394,40,791.641252
10.289091,26,791.834629
10.422576,18,791.962399
10.442576,14,792.068775
10.513182,12,792.156493
10.965606,19,792.302344
10.200909,31,792.530435
10.364394,17,796.492865
10.68,6,796.534537
10.390455,35,796.790236
10.661667,1,796.79765
10.245455,11,796.880046
10.748636,25,797.066948
9.935606,29,797.285539
10.66803,29,797.500658
11.58,4,797.531153
10.328333,1,797.538859
9.988485,25,797.724102
11.119286,19,797.86299
9.99,2,797.877203
9.807424,42,798.179072
10.613182,41,798.479369
11.323333,2,798.495647
10.137879,32,798.740146
10.986212,27,798.935569
9.656364,53,799.32307
10.661667,1,799.331161
10.872121,19,799.468123
10.783788,19,799.610269
9.697879,22,799.768905
10.564394,26,799.960352
10.246818,40,800.256826
10.884394,11,800.338255
10.109697,25,800.524992
10.707879,16,800.640652
10.319091,20,800.78218
10.703939,40,801.083519
10.19,24,801.25895
7.309872,109,802.230874
10.261429,13,802.323135
10.511818,14,802.424021
10.96,8,802.481953
10.001154,71,803.008887
10.928182,18,803.136988
11.995,1,803.143962
7.683974,147,808.07261
10.417778,14,808.171672
10.24141,56,808.581177
10.250769,49,808.93742
7.513718,99,809.664838
10.477949,48,810.015659
10.523718,36,810.274034
10.473182,20,810.424846
9.97141,61,810.867793
10.524744,13,810.957685
10.775897,34,811.200336
10.802727,14,811.299357
10.451795,35,811.550482
7.500128,55,811.942327
7.726282,126,812.858098
10.985,3,812.882543
9.351154,54,813.286932
10.273718,37,813.559567
8.094359,86,814.289927
9.828846,69,814.843568
10.450513,25,815.029462
9.440513,31,815.30864
11.309444,18,815.444229
10.583077,19,815.589217
9.943718,54,820.104509
10.344545,13,820.198323
11.135,13,820.297251
10.661667,1,820.304836
10.604359,25,820.493632
9.99,2,820.508284
10.786667,7,820.555542
10.295,43,820.874576
10.260909,19,821.015563
7.390128,77,821.5863
10.918333,3,821.608366
10.79,2,821.622754
10.156282,32,821.858128
9.436923,34,822.102232
11.995,1,822.109932
9.327308,28,822.319378
10.525641,51,822.700777
10.46119,3,822.724374
10.966282,17,822.84848
10.92,7,822.899362
9.236923,74,823.434779
11.421667,9,823.502446
10.328333,1,823.510324
8.151795,54,823.942137
11.135,4,823.970949
10.03141,49,824.328113
8.823462,49,824.683237
11.435,13,824.774367
10.602051,38,825.04595
9.75,1,825.051852
10.763718,37,825.328522
10.226282,18,825.460509
10.253788,27,825.657432
9.871154,48,826.001804
8.626923,98,826.729446
9.82141,42,827.274653
10.742051,59,831.557292
6.103077,82,832.145457
9.707179,111,832.95827
10.429872,24,833.135433
11.175,5,833.17097
10.39,2,833.18564
11.524524,8,833.24637
9.975641,63,833.718165
9.973077,43,834.025767
10.578205,61,834.471929
10.878205,50,834.835729
11.232778,9,834.902864
9.944744,31,835.126937
10.656667,2,835.142301
11.441667,5,835.178435
10.823718,25,835.353015
10.541111,16,835.465907
10.436282,25,835.651152
10.948205,36,835.913856
9.746282,65,836.382291
9.950128,55,836.781366
5.271154,135,837.765893
9.693333,34,838.006102
8.849231,41,838.296803
9.545641,51,838.689374
10.421795,41,842.811022
11.122051,32,843.046558
9.911154,40,843.339303
10.06141,43,843.652631
11.448333,8,843.710855
11.006667,12,843.799952
11.98,4,843.828557
10.716923,23,843.995048
9.715385,33,844.2357
11.017564,17,844.361257
10.324359,32,844.590121
11.229091,16,844.706858
10.188846,46,845.048944
10.918333,3,845.069079
9.533974,71,845.592017
10.661667,1,845.600258
10.41859,16,845.719409
7.837564,65,846.187341
10.131538,17,846.314936
9.953718,52,846.681913
11.995,1,846.689347
11.144444,11,846.770474
11.323333,2,846.784472
9.982436,36,847.045893
10.278205,23,847.212302
9.794615,73,847.743835
11.046667,4,847.775046
9.220128,54,848.185735
10.795641,46,848.530199
9.99,2,848.545558
10.758846,30,848.784833
10.756667,13,849.042706
10.700513,24,849.260669
10.436923,30,849.493708
10.370769,25,849.673665
10.733718,43,850.014989
10.608889,7,850.083608
10.437564,35,850.428432
11.995,1,850.440128
10.333718,25,854.722811
10.196282,24,854.898386
10.827179,34,855.150331
10.688205,39,855.434426
9.970714,16,855.547197
10.645641,27,855.745795
10.257308,38,856.021338
11.995,1,856.029137
10.355,31,856.253387
10.006667,34,856.5058
9.772436,29,856.724759
9.651154,43,857.039448
9.981795,31,857.272807
9.99,2,857.287107
10.859487,15,857.394023
10.231154,25,857.578756
10.187879,22,857.740874
11.323333,2,857.755352
10.316667,21,857.912716
9.923077,53,858.294795
10.18859,13,858.391903
10.740714,9,858.458339
10.509487,36,858.726622
10.473077,41,859.022298
10.630513,38,859.307098
10.016667,32,859.542247
10.343718,23,859.711574
10.293077,28,859.915682
10.813077,22,860.078984
10.788333,9,860.149757
10.217564,30,860.369662
9.901154,42,860.675431
10.614359,23,860.843098
11.006429,13,860.938646
10.569487,24,861.112203
11.17,6,861.153922
10.369872,36,861.419116
10.651667,3,861.441848
10.747179,50,861.803293
10.093718,24,861.981962
10.260128,42,866.070874
10.660556,19,866.20918
11.243974,23,866.377293
10.626923,41,866.683399
9.906667,5,866.717165
11.995,1,866.724574
10.895,21,866.881746
10.105641,37,867.205036
10.905641,24,867.388898
9.683077,52,867.767736
10.546026,19,867.905631
10.429231,19,868.040558
9.641154,45,868.362876
10.06859,37,868.63183
10.842143,3,868.654563
9.073718,32,868.886498
10.634394,12,868.978194
11.323889,13,869.075648
10.78141,46,869.41519
10.731905,6,869.46008
10.593077,17,869.587901
10.902222,15,869.696871
10.61859,25,869.883741
9.490128,49,870.223705
10.456282,21,870.377529
11.243333,18,870.510458
10.247821,57,870.937856
10.166923,35,871.192322
10.842857,11,871.274188
10.198485,32,871.507711
10.914359,12,871.594901
10.708846,40,871.893775
10.179231,20,872.034091
10.639872,31,872.455957
11.066212,11,872.53781
10.792436,21,872.694706
10.888182,26,872.890493
10.369231,31,873.115066
9.849872,42,873.418678
11.07141,37,877.562162
10.473077,41,877.901854
10.690128,54,878.322101
10.246026,30,878.539471
10.883718,13,878.636228
11.10141,31,878.876452
10.944615,39,879.160829
11.18,4,879.191573
9.606282,44,879.511237
10.896282,31,879.739409
10.709231,12,879.829249
10.443718,52,880.212878
10.466282,19,880.349495
9.99,2,880.363929
10.131795,50,880.731021
10.918333,3,880.753927
10.793077,26,880.94599
10.643718,12,881.03708
10.620769,24,881.211826
10.809487,25,881.397489
10.503077,35,881.6561
9.962436,40,881.960166
10.223182,21,882.113493
10.836282,43,882.442658
10.241905,6,882.488705
10.656667,2,882.503313
10.963974,30,882.723415
10.328333,1,882.731033
10.327308,24,882.912699
11.995,1,882.920613
10.005385,24,883.10274
10.201154,31,883.33424
10.553718,30,883.56204
10.807143,10,883.637979
11.375,5,883.677459
9.877564,49,884.03954
11.13141,25,884.225409
10.379231,29,884.442404
10.347949,25,884.627844
10.104359,27,884.878531
10.893974,44,885.210832
10.687564,34,889.313696
10.605,30,889.541151
10.394615,51,889.921859
11.213095,5,889.95867
10.859091,10,890.031768
10.738846,34,890.289604
10.738205,29,890.501418
10.629697,19,890.645409
9.983718,46,890.994843
10.808485,8,891.048694
10.97,6,891.092629
10.760128,40,891.38812
10.406282,31,891.614962
10.084359,31,891.838114
10.419872,26,892.025631
10.517564,19,892.163532
11.160769,14,892.265986
9.816667,23,892.432062
9.870513,43,892.746989
10.53,5,892.784427
10.71,9,892.849854
10.927727,20,892.997842
10.958205,34,893.250667
9.990128,47,893.600085
10.195,1,893.607582
10.905,19,893.753529
9.959487,48,894.110198
10.936923,28,894.327481
10.937778,8,894.388779
10.645,22,894.725744
10.838889,10,894.836889
10.805641,44,895.158993
9.628205,55,895.565093
10.723333,24,895.743763
10.987179,51,896.112932
9.463077,47,896.456745
8.818846,75,900.866822
10.92141,18,900.999586
10.518846,29,901.214643
11.323333,2,901.230561
10.573718,26,901.421777
11.018205,22,901.577341
7.524359,102,902.327354
9.154359,70,902.842914
10.149231,26,903.027359
10.549487,28,903.229266
10.253077,36,903.491107
11.521429,10,903.568152
10.467564,29,903.782775
10.788485,12,903.876362
11.063636,20,904.024136
10.672051,24,904.198677
10.800128,32,904.434124
11.092857,10,904.506982
9.623974,53,904.898022
9.789487,33,905.136674
10.814359,32,905.371724
10.286111,16,905.488138
9.832821,38,905.771033
11.100128,21,905.925889
11.323333,2,905.94063
10.195,1,905.947699
11.995,1,905.955873
10.74,12,906.048059
10.332143,5,906.085414
11.252778,5,906.119269
10.132179,22,906.282474
9.790513,59,906.719462
10.823718,25,906.907213
9.716026,38,907.187028
10.410513,33,907.430374
10.811795,12,907.518504
10.863077,12,907.607752
10.447564,33,907.846493
10.282436,25,908.030671
9.305,45,912.207306
10.851667,14,912.311533
10.645,22,912.471478
10.372121,21,912.626936
10.397949,15,912.736149
10.968205,32,912.973361
10.411538,10,913.049714
11.995,1,913.057226
10.409286,14,913.160245
10.916364,15,913.270026
10.519545,9,913.336929
11.007564,19,913.484291
10.162381,11,913.571536
10.694286,4,913.600588
8.234359,58,914.024499
9.701795,38,914.306978
10.419231,21,914.470689
11.421667,9,914.535412
10.788205,19,914.674693
10.429872,24,914.853116
10.758205,25,915.037959
10.214744,26,915.234722
10.696282,22,915.398612
10.875,25,915.581836
10.491154,22,915.738952
9.841795,59,916.397888
10.355641,36,916.662589
10.328333,1,916.670118
11.007564,19,916.808753
10.792436,21,916.964842
10.251364,19,917.10382
10.405,21,917.258971
10.502436,30,917.483501
10.594545,12,917.573713
10.585256,18,917.710187
10.549444,10,917.783274
10.642051,30,918.00409
10.867179,26,918.193175
10.22,18,918.334569
10.763718,37,918.619523
10.976282,15,918.727018
10.476923,22,918.894025
10.790128,34,919.139112
10.304359,36,919.413225
10.995,1,919.422359
8.552179,44,919.756035
10.965,7,919.807439
11.102857,8,919.871391
9.694103,27,923.875917
10.855,20,924.026134
11.995,1,924.034736
11.223333,22,924.204816
10.219872,17,924.32722
10.462051,17,924.456272
10.469872,16,924.577273
9.895,25,924.768763
10.676282,26,924.964097
10.340513,47,925.310592
10.555,40,925.607994
10.946923,26,925.792757
10.253939,32,926.025043
10.184359,60,926.469064
11.995,1,926.476526
10.096667,16,926.596906
10.662381,9,926.665871
10.354359,26,926.854678
11.007564,19,927.006185
11.082857,12,927.118764
10.925641,20,927.293608
11.115,17,927.419182
10.902692,32,927.658214
10.986923,18,927.785211
10.536026,21,927.946373
9.892051,33,928.188185
10.927778,10,928.266469
10.33859,32,928.508544
10.307308,28,928.720478
10.527308,33,928.971484
10.656282,30,929.198617
10.540128,35,929.45452
10.39,2,929.471723
11.388571,8,929.530061
10.528333,12,929.617887
10.844359,26,929.815547
9.99,2,929.82979
9.777949,41,930.123169
9.60141,37,930.395922
10.564359,33,930.638853
10.895,21,930.796985
10.508485,19,930.935206
10.761795,22,931.098126
10.495385,24,931.272999
10.349231,35,935.327728
10.942692,24,935.507029
10.730513,18,935.642497
10.741154,21,935.804966
11.081667,17,935.932607
10.553077,25,936.114713
10.915,8,936.175543
10.943095,10,936.25393
10.748846,32,936.491568
10.741154,21,936.649681
11.192051,18,936.787982
10.963333,25,936.976687
10.808205,15,937.087724
10.511795,23,937.25597
11.182051,20,937.44519
10.272778,12,937.537227
11.431111,16,937.656286
10.461154,28,937.865561
10.305385,13,937.960529
10.307949,33,938.207344
10.365641,34,938.461271
10.918846,47,938.87297
10.513718,38,939.150208
9.478846,41,939.457579
10.313718,29,939.87901
10.821795,10,939.953291
10.360128,22,940.118043
10.466923,24,940.288521
10.905,19,940.426875
10.906282,29,940.64507
10.684286,6,940.691213
10.397949,15,940.80066
10.093077,19,940.937915
9.060769,42,941.248458
10.449231,15,941.358277
10.525556,6,941.402941
10.296667,25,941.583857
11.995,1,941.591744
11.120128,17,941.715801
10.985,3,941.739191
10.502619,11,941.819744
10.479487,42,942.130089
10.119231,32,942.376864
9.696923,31,942.609862
10.476429,21,942.767512
10.655641,25,942.949656
11.521429,10,943.02158
10.487564,25,947.070141
9.998846,35,947.323618
10.105,32,947.559229
10.288846,26,947.756946
10.57859,33,948.000136
10.475385,28,948.206847
11.048846,21,948.363345
10.779487,31,948.59106
10.832857,13,948.689445
11.365,7,948.742407
10.635641,29,948.963012
10.59859,29,949.202189
10.637949,16,949.373413
11.19,2,949.393236
10.775641,50,949.77281
10.367308,16,949.891485
10.69859,9,949.95876
10.236667,37,950.234784
10.180513,30,950.454805
10.696282,22,950.617281
10.814359,32,950.852753
10.772436,25,951.042131
10.876923,40,951.333709
10.995,1,951.341441
10.313077,24,951.513484
10.082949,33,951.755891
11.163333,34,952.0095
9.839872,44,952.335403
10.813718,27,952.534722
9.723718,49,952.888307
10.935641,18,953.019008
10.765556,29,953.228842
9.774359,44,953.579271
10.964615,35,953.862698
10.490385,29,954.077495
10.750513,14,954.18578
10.490513,17,954.32059
9.753077,38,954.599175
10.297308,30,958.654494
10.186923,31,958.887083
10.110513,44,959.214895
10.553718,30,959.437389
10.753974,23,959.605958
10.995,1,959.613508
10.972727,11,959.701517
11.213974,29,959.917808
9.99,2,959.932951
10.822436,15,960.049094
10.576026,13,960.14349
11.11141,29,960.35797
10.676923,31,960.585135
10.783077,28,960.787047
10.842143,3,960.810769
10.151667,5,960.843049
10.689872,21,960.998335
10.155641,27,961.200365
11.651667,3,961.223158
11.403571,5,961.261204
10.597857,9,961.329465
10.646667,4,961.359128
10.932692,26,961.552504
11.323333,2,961.567386
10.942692,24,961.749439
10.370128,20,961.895463
10.656667,2,961.912312
10.731905,6,961.958679
11.995,1,961.966017
10.531154,14,962.071511
10.63141,27,962.269628
10.741154,21,962.423386
11.018205,22,962.583543
10.736923,19,962.723641
11.302778,15,962.834978
10.047949,36,963.098239
10.460513,23,963.266864
10.345,33,963.729804
10.320769,35,963.982247
11.18,4,964.010878
9.760513,16,964.126718
11.995,1,964.134423
10.936282,23,964.306333
10.533077,29,964.510529
10.559487,26,964.699257
10.740513,16,964.814354
10.750556,12,964.902096
10.664359,13,965.002924
10.399231,25,965.19089
10.706923,25,965.372607
10.782436,23,965.547664
10.798333,7,965.599468
10.663571,4,965.631085
10.574091,18,965.762416
10.328333,1,965.770114
10.032436,26,965.963672
10.793718,31,966.197735
10.609872,37,970.307822
10.616667,10,970.379065
10.620128,19,970.519027
11.172051,22,970.678535
10.975,5,970.715181
11.12141,27,970.906613
10.661667,1,970.915624
11.054615,17,971.041271
11.651667,3,971.062566
11.130769,20,971.21621
10.828846,16,971.3337
8.686923,37,971.61062
10.050769,40,971.908839
11.995,1,971.915981
11.995,1,971.923201
10.798846,22,972.086695
10.894359,16,972.203308
10.615,28,972.413471
10.843718,21,972.571567
11.039487,28,972.781236
10.942692,24,972.959303
10.437564,35,973.218101
10.044359,39,973.512171
10.393333,41,973.816932
9.849872,42,974.126595
10.208205,37,974.397678
9.664103,33,974.641593
10.239545,16,974.757586
11.162222,12,974.842199
11.18,4,974.873831
11.325897,22,975.041012
10.178205,43,975.36298
10.369231,31,975.597657
10.575,36,975.862995
10.607179,29,976.080574
10.450513,25,976.261678
10.801795,14,976.369745
10.387949,17,976.499258
10.778846,26,976.688483
10.761795,22,976.850797
10.555,40,977.152817
11.088846,13,977.248363
10.802436,19,977.392569
10.256923,17,977.519756
10.113889,10,977.593242
10.873571,11,977.678609
10.048846,25,981.659054
10.803077,24,981.833304
10.233718,45,982.164042
11.375,5,982.200557
11.080128,25,982.386395
11.110128,19,982.525917
10.635641,29,982.737077
10.263718,39,983.027046
10.896282,31,983.259437
10.406923,36,983.525393
10.440513,27,983.727342
10.875,25,983.913644
10.833077,18,984.043579
10.500513,15,984.152901
11.048846,21,984.310084
10.687778,9,984.381117
10.743974,25,984.560238
10.822436,15,984.67146
10.453077,45,985.227823
10.985,3,985.250786
11.182051,20,985.395808
10.370513,41,985.701543
10.603718,20,985.850232
10.316282,49,986.219431
9.889231,29,986.437958
11.305897,26,986.631576
10.626364,24,986.811201
10.535385,16,986.932677
10.337949,27,987.129473
10.936282,23,987.302224
10.997564,21,987.455433
10.904359,14,987.557154
10.343718,23,987.727485
10.293077,28,987.930872
10.925641,20,988.101999
10.155,22,988.279855
10.884359,18,988.415326
10.882692,36,988.685609
10.803077,24,988.861847
10.445641,18,988.99645
10.793718,31,989.222318
11.995,1,989.230037
10.409231,23,989.397331
10.262436,29,993.377359
10.823077,20,993.525593
10.661667,1,993.532518
10.593077,17,993.663228
10.343718,23,993.838065
10.149231,26,994.031614
10.700513,24,994.208793
10.594359,27,994.41155
10.946282,21,994.570338
10.365,29,994.784877
10.953974,32,995.02552
10.583077,19,995.16978
10.788205,19,995.312903
10.509487,36,995.578435
10.527564,17,995.704477
11.172692,27,995.907438
10.46119,3,995.929751
11.009487,34,996.187573
11.223333,22,996.352426
10.830128,26,996.543255
10.718205,33,996.785717
10.487564,25,996.969995
10.894359,16,997.085936
10.861667,12,997.176293
9.634359,23,997.346611
10.407747,71,998.127844
8.449121,45,998.442917
-10.498791,196,999.876847
7.754231,162,1004.955516
9.112857,63,1005.406432
10.202637,36,1005.674346
10.983791,45,1006.068627
10.021923,64,1006.53824
10.593791,25,1006.719435
9.868187,42,1007.026506
9.291923,63,1007.486354
10.081209,44,1007.803371
8.280769,100,1008.521627
10.935606,25,1008.710621
10.471154,26,1008.901034
9.695385,37,1009.175904
10.207967,67,1009.662481
10.390275,18,1009.793957
10.617747,78,1010.374628
9.903077,57,1010.795064
9.75,1,1010.801589
10.614091,10,1010.874328
9.654725,79,1011.659296
9.775385,21,1011.809822
10.195,12,1011.889514
10.283077,30,1012.102892
10.457747,61,1016.476264
9.837033,30,1016.694294
10.087967,42,1017.007984
11.651667,3,1017.031474
10.779835,28,1017.238783
9.963077,45,1017.564975
8.866319,69,1018.07178
10.957727,14,1018.175678
11.043889,20,1018.347884
10.656667,2,1018.365976
10.732857,33,1018.650841
9.880055,66,1019.126219
10.687527,59,1019.56644
8.187967,128,1020.511055
10.203077,46,1020.850529
10.649835,54,1021.242121
9.935879,41,1021.548666
8.105879,113,1022.37388
10.281923,61,1022.823666
9.293297,37,1023.097722
10.823077,20,1023.247767
9.382857,58,1023.675098
10.908333,5,1023.715156
9.267033,95,1028.287413
10.985,3,1028.309868
10.848889,8,1028.368951
10.969615,34,1028.6157
10.260989,52,1029.00493
10.903571,5,1029.041512
10.897967,27,1029.241077
10.630989,27,1029.456954
10.374011,25,1029.657619
9.547253,44,1030.001602
8.980769,58,1030.424991
10.574945,47,1030.768346
10.243077,38,1031.044052
10.529444,14,1031.145144
9.907273,17,1031.270611
9.967967,66,1031.766557
10.566099,18,1031.904012
11.177424,13,1032.002696
9.140275,23,1032.170039
11.18,4,1032.199286
10.895,21,1032.403078
10.384231,28,1032.773797
9.394011,74,1033.330045
10.262857,29,1033.552669
11.661667,1,1033.560314
10.642143,43,1033.884937
10.287033,38,1034.162119
10.044725,99,1034.900181
10.158901,41,1035.198414
10.711703,68,1035.701323
10.776099,25,1039.756446
10.834011,31,1039.984822
8.712857,45,1040.312213
9.800275,38,1040.591673
10.434945,26,1040.783164
10.479121,31,1041.006378
9.692143,86,1041.650903
10.668901,37,1041.926841
10.110275,25,1042.113212
10.669615,45,1042.453278
10.780769,41,1042.755381
9.993791,47,1043.094309
11.995,1,1043.102039
10.885455,12,1043.192587
9.176099,51,1043.566865
10.149121,48,1043.91849
10.852857,9,1043.986657
9.684945,78,1044.562579
11.293333,8,1044.62308
10.494945,63,1045.088972
10.365455,18,1045.220648
10.357253,29,1045.434578
11.063791,29,1045.654601
10.73,14,1045.758549
10.053636,13,1045.849835
7.127747,90,1046.502781
10.769615,25,1046.690854
10.270714,3,1046.711193
9.615659,149,1051.635429
10.495879,27,1051.834402
11.112637,50,1052.199663
10.807143,10,1052.275209
10.294945,54,1052.673503
10.304725,47,1053.014765
10.366319,14,1053.118908
10.168187,31,1053.350415
10.633571,10,1053.424981
9.204945,125,1054.340101
9.806319,28,1054.549497
10.453077,45,1054.876025
11.128681,38,1055.371539
10.195,1,1055.378926
10.435879,39,1055.665008
10.813077,22,1055.831333
10.056319,27,1056.036287
8.603077,72,1056.560859
10.540989,45,1056.901947
10.644945,33,1057.152343
10.776099,25,1057.334404
9.007033,98,1058.070664
10.935879,37,1058.390289
10.260275,44,1058.716594
10.517033,41,1062.937398
10.595,1,1062.945165
10.347253,31,1063.173623
9.341923,53,1063.561784
9.569121,66,1064.054899
10.881923,39,1064.347262
10.195385,35,1064.6013
10.814725,43,1064.914972
10.360275,24,1065.094916
11.026429,9,1065.163429
10.465,7,1065.21491
10.914444,17,1065.339423
10.909615,46,1065.686279
10.782143,15,1065.794055
10.764725,53,1066.241106
10.526813,34,1066.507565
10.283077,30,1066.730549
10.53,5,1066.765982
9.99,2,1066.782794
9.642143,47,1067.128618
9.648187,37,1067.393652
11.378571,10,1067.465757
9.851923,98,1068.194772
10.467967,64,1068.670568
10.221429,21,1068.824545
10.595879,56,1069.236819
11.042273,17,1069.362041
10.029121,23,1069.542586
10.38141,28,1069.751429
10.522857,26,1069.943572
10.139231,28,1070.153726
10.522436,26,1070.350626
9.530769,46,1074.503906
10.753333,18,1074.636216
10.847033,24,1074.80934
11.016923,12,1074.895505
9.422143,42,1075.204901
9.884945,38,1075.482994
10.914945,28,1075.695007
10.371923,43,1076.011463
11.375,5,1076.050576
10.630275,19,1076.194247
10.054231,45,1076.525039
9.945385,36,1076.785627
11.323333,2,1076.800909
10.813791,30,1077.021672
10.763571,35,1077.459919
10.786667,7,1077.550281
9.949121,39,1077.850001
11.995,1,1077.857386
10.597033,25,1078.046101
11.995,1,1078.054152
10.384231,28,1078.283722
10.126818,24,1078.459189
10.411923,35,1078.763434
10.830055,23,1078.940145
10.867967,33,1079.182716
10.904945,30,1079.411606
10.585,3,1079.435514
8.649121,103,1080.194454
10.998681,64,1080.668128
10.766813,35,1080.929131
10.38,4,1080.958975
10.938182,16,1081.078593
10.822727,10,1081.153154
10.803077,24,1081.332563
10.827033,28,1081.538467
10.579341,16,1081.661091
10.120275,23,1081.822963
10.678901,35,1085.985041
10.939835,45,1086.321054
10.758901,19,1086.464774
11.049835,23,1086.632444
10.97,6,1086.676967
10.679396,38,1086.950826
10.759835,32,1087.190288
10.950909,28,1087.397659
10.314231,42,1087.709601
11.055879,13,1087.802691
10.618901,47,1088.152121
10.124231,31,1088.382247
10.856818,25,1088.571717
9.823077,24,1088.751009
11.694286,4,1088.778106
10.601923,46,1089.121225
8.040989,55,1089.543211
10.77,6,1089.587509
10.604231,33,1089.831929
11.065879,11,1089.917341
11.152637,42,1090.232885
11.043333,9,1090.301406
10.448901,32,1090.543494
11.320549,26,1090.739791
10.922857,44,1091.117176
10.328333,1,1091.136713
10.961923,23,1091.449843
10.500714,8,1091.50823
11.228681,18,1091.642912
10.847033,24,1091.8269
10.75,10,1091.901937
10.527967,52,1092.287686
10.573077,21,1092.446692
10.584011,32,1092.680435
10.928681,29,1092.896572
10.485165,21,1093.051587
11.022857,24,1093.230455
10.985,3,1093.254181
10.657778,15,1093.36684
11.995,1,1093.374604
10.019121,25,1093.56048
10.541429,6,1093.603434
11.054725,44,1097.740867
10.918901,36,1098.013018
10.670275,11,1098.096952
10.509835,33,1098.353525
10.618901,47,1098.7105
9.894231,28,1098.919577
10.822436,15,1099.031715
10.816099,17,1099.159705
10.563297,28,1099.375915
10.418187,30,1099.598485
9.975879,33,1099.84553
9.169121,48,1100.207805
10.245879,28,1100.414486
9.75,1,1100.420914
10.154945,33,1100.667655
10.478901,26,1100.85358
10.577967,42,1101.175188
11.323333,2,1101.190132
10.901923,35,1101.451761
10.641111,14,1101.553773
10.977222,9,1101.62082
10.152637,46,1101.966826
10.387033,18,1102.102723
10.815879,61,1102.56128
10.427778,12,1102.64873
10.614945,39,1102.94128
10.850055,19,1103.083152
10.464451,17,1103.209424
10.258333,17,1103.335627
11.222727,10,1103.413462
11.323333,2,1103.42949
10.118187,41,1103.73609
10.843077,16,1103.856573
10.776813,33,1104.095723
10.985,3,1104.119021
10.929286,8,1104.17791
10.661209,26,1104.37165
11.147747,21,1104.52888
10.289121,20,1104.679563
10.796099,21,1104.837821
11.093791,23,1105.007688
10.576319,21,1105.16889
8.142857,61,1109.485782
10.914945,28,1109.695024
10.519835,31,1109.923123
10.850989,32,1110.165501
10.600275,25,1110.358543
10.482143,26,1110.551434
11.179286,7,1110.60349
10.850989,32,1110.843401
9.99,2,1110.859266
11.005606,11,1110.940116
10.806099,19,1111.079882
10.932381,4,1111.111279
10.737033,46,1111.456239
10.736099,33,1111.706068
10.614359,23,1111.877193
10.796099,21,1112.034299
10.369121,53,1112.431212
10.698187,23,1112.600911
10.401667,4,1112.631195
11.995,1,1112.639112
10.556319,25,1112.82631
11.073791,27,1113.021591
10.756099,29,1113.238419
10.904011,17,1113.362278
10.755165,16,1113.481084
10.797143,12,1113.569292
10.505165,17,1113.693049
11.995,1,1113.700663
10.296319,28,1113.910723
10.263077,34,1114.163169
10.506813,38,1114.451884
10.566099,18,1114.818157
10.438187,26,1115.012939
9.839615,64,1115.478162
9.835879,61,1115.930675
9.654231,27,1116.132835
10.674945,27,1116.331389
10.477033,49,1116.6915
10.940989,14,1116.797443
11.016813,34,1120.975088
10.789121,18,1121.108145
10.370989,30,1121.335113
10.736813,41,1121.641527
10.260275,44,1121.972103
10.004945,63,1122.453837
10.745879,26,1122.650201
10.718187,19,1122.790557
11.323333,2,1122.806527
10.644231,25,1122.991127
9.985879,31,1123.217901
10.590055,22,1123.386132
10.581923,50,1123.759902
10.300769,39,1124.054044
11.016593,29,1124.26959
10.784011,41,1124.578034
11.651667,3,1124.599507
10.718187,19,1124.743271
10.698901,31,1124.983662
11.112857,6,1125.029889
10.988901,22,1125.192621
10.320275,32,1125.42588
10.484725,60,1125.878352
11.157747,19,1126.021533
10.684945,25,1126.213877
10.080055,26,1126.401232
10.637033,17,1126.527018
10.783077,28,1126.772072
9.634945,39,1127.075526
10.832143,5,1127.115378
10.287033,38,1127.394792
10.109835,64,1127.871899
10.877967,31,1128.103534
10.965879,31,1128.33759
10.705165,26,1128.526531
10.874394,13,1128.620908
10.726099,35,1132.693996
10.861923,43,1133.017644
10.574231,39,1133.301735
10.408187,32,1133.538407
10.514945,59,1133.992152
10.759121,24,1134.172848
10.681209,22,1134.336918
10.752143,21,1134.488185
10.844011,29,1134.703234
11.008901,18,1134.837431
10.599341,12,1134.92297
10.370495,27,1135.12803
10.894011,19,1135.274818
10.266099,29,1135.494866
10.762143,19,1135.635577
10.482143,26,1135.830479
11.206593,40,1136.132696
9.917253,19,1136.273769
10.462857,38,1136.729824
10.975,5,1136.79865
10.823077,20,1136.946926
10.077033,31,1137.174791
10.887967,29,1137.387185
11.138681,36,1137.653831
10.576813,24,1137.839616
10.317253,37,1138.115801
11.995,1,1138.123762
10.550055,30,1138.355231
10.158187,33,1138.608711
10.999835,33,1138.855653
10.783791,36,1139.12515
10.850055,19,1139.269005
10.192143,35,1139.534303
10.864945,38,1139.820695
10.342143,3,1139.842876
10.109121,56,1140.267596
9.263788,29,1144.318057
10.897967,27,1144.519616
9.481364,26,1144.70907
10.924945,26,1144.898884
10.887747,24,1145.079196
10.070055,77,1145.658336
11.020909,14,1145.762399
10.810769,35,1146.023681
10.854011,27,1146.22154
10.245879,28,1146.430238
10.97,6,1146.474757
10.817143,8,1146.533016
11.259615,25,1146.715611
11.995,1,1146.72309
10.745165,18,1146.854234
10.904011,17,1146.983171
10.506813,38,1147.262679
10.593718,22,1147.44689
10.620989,29,1147.699185
10.664945,29,1147.920653
10.037253,44,1148.243798
10.492143,24,1148.416066
10.945659,30,1148.640508
10.830769,31,1148.887278
9.959615,40,1149.18209
10.729121,30,1149.422281
10.806813,27,1149.632474
10.482143,26,1149.85713
10.767033,40,1150.156927
10.718901,27,1150.635496
10.917967,23,1150.920444
10.549835,25,1151.139591
11.120769,22,1151.305676
10.887967,29,1151.527121
10.677778,11,1151.61061
10.327033,30,1151.830943
10.175659,37,1152.121317
10.532727,19,1152.262231
10.728901,25,1156.235068
11.036813,30,1156.451984
10.39,2,1156.468225
10.711209,16,1156.588439
11.323333,2,1156.602871
10.975,5,1156.641026
10.868333,13,1156.733644
11.995,1,1156.74137
10.187473,19,1156.880083
10.367253,27,1157.090083
10.850989,32,1157.329126
11.127747,25,1157.515235
10.617033,21,1157.669642
10.202222,4,1157.69902
10.553077,25,1157.88714
10.624011,24,1158.065292
10.670989,19,1158.20414
10.874945,36,1158.480747
10.586319,19,1158.622717
11.013791,39,1158.914065
10.344011,31,1159.136449
10.985,3,1159.157486
10.694945,23,1159.329946
10.627253,24,1159.511447
10.921703,26,1159.710934
9.702143,35,1159.972827
10.328333,1,1159.980762
10.505385,22,1160.139388
10.932381,4,1160.17104
10.625909,13,1160.270869
10.616319,13,1160.365477
10.759121,24,1160.542379
10.628901,45,1160.875245
10.815455,26,1161.069252
9.75,1,1161.075992
10.513077,33,1161.325507
10.145165,40,1161.625879
10.591923,48,1161.982633
10.209121,36,1162.248713
10.698187,23,1162.416857
10.517253,46,1162.755453
11.242637,24,1162.934718
10.150989,25,1163.120929
10.398901,42,1163.429309
10.937967,19,1163.572299
11.242637,24,1163.753625
10.944444,11,1167.641521
10.782436,23,1167.812915
10.498407,19,1167.951766
10.469835,41,1168.334739
10.347747,34,1168.58298
10.353297,21,1168.741788
11.995,1,1168.749673
10.942727,17,1168.874688
10.753077,34,1169.123716
10.053297,32,1169.360618
10.400989,24,1169.542528
10.64859,19,1169.685622
10.731923,20,1169.835272
11.101515,10,1169.911767
9.99,2,1169.926518
10.893571,7,1169.982029
10.944945,22,1170.149287
10.357747,32,1170.383577
10.349341,13,1170.483574
10.945879,35,1170.751105
10.677967,22,1170.917959
10.799835,24,1171.097927
10.432143,36,1171.365342
10.78,4,1171.395402
10.154945,33,1171.645833
10.631667,7,1171.69678
10.830055,23,1171.865335
10.739121,28,1172.076799
10.572363,13,1172.175085
11.445,11,1172.255794
11.056818,25,1172.442611
11.155,9,1172.514367
9.510275,47,1172.861972
10.319091,20,1173.011873
11.174725,20,1173.158216
10.483077,39,1173.662759
11.135,13,1173.761723
11.375,5,1173.797113
10.300055,31,1174.028996
9.560055,32,1174.266119
10.922381,6,1174.313911
10.458187,22,1174.471997
10.573077,21,1174.632817
10.681209,22,1174.799435
10.940989,14,1174.902187
10.810989,40,1175.192024
10.766099,27,1175.395729
10.853077,14,1175.49849
10.233297,45,1179.706245
10.847967,37,1180.036065
9.633516,23,1180.212231
10.563297,28,1180.425667
10.985,3,1180.446881
10.480769,52,1180.838136
10.657253,18,1180.97276
10.683077,48,1181.33415
10.569835,21,1181.488365
10.296099,23,1181.662784
10.507033,43,1181.983294
11.069835,19,1182.126147
10.975,5,1182.166078
10.989835,35,1182.428913
11.131703,33,1182.668154
10.716099,37,1182.943573
-1.798571,225,1184.845243
8.901905,127,1185.775192
6.474762,191,1191.06729
9.372381,71,1191.586145
10.478095,23,1191.759105
10.380714,43,1192.072405
10.690952,98,1192.781146
10.194286,46,1193.115679
8.918571,177,1194.410556
9.494762,77,1194.96442
10.39,33,1195.203003
10.928571,20,1195.351967
9.99,2,1195.367734
10.546429,36,1195.631668
9.490714,74,1196.161666
11.323333,2,1196.177014
10.340714,51,1196.549442
9.645952,80,1197.143788
11.58,4,1197.174074
10.900476,18,1197.311661
9.496905,137,1198.314079
10.230476,54,1202.789909
11.203095,7,1202.841476
10.447222,6,1202.887461
10.875455,14,1202.99495
10.641667,5,1203.031439
10.56119,45,1203.367253
11.175238,24,1203.550309
10.578333,22,1203.715547
10.277143,49,1204.075849
8.900714,143,1205.129827
9.360476,32,1205.362933
9.75,1,1205.369122
9.75,1,1205.376398
10.790476,40,1205.666766
10.524444,46,1206.007265
10.540238,22,1206.166589
10.894762,42,1206.470216
10.990952,38,1206.75115
6.565,143,1207.864333
10.000952,89,1208.52966
10.506429,15,1208.639577
10.732857,82,1209.242463
9.922143,40,1209.550799
10.019762,39,1209.830889
10.35197,20,1209.976172
10.525556,6,1210.021964
10.382143,46,1214.290261
11.323333,2,1214.305746
10.94,12,1214.39639
7.592619,54,1214.794386
10.518571,53,1215.186506
10.320238,66,1215.667864
10.377143,29,1215.877836
10.797143,12,1215.965465
10.512143,20,1216.113868
10.848889,8,1216.171985
10.094286,66,1216.663444
10.788485,12,1216.755225
10.170476,66,1217.239088
10.631667,7,1217.291441
10.661667,1,1217.299538
11.995,1,1217.307138
11.185,3,1217.330839
11.000952,36,1217.603303
10.587778,29,1217.819251
10.094286,66,1218.30713
10.870714,43,1218.625575
11.049048,34,1218.87558
11.115556,8,1218.933249
10.387857,22,1219.092654
10.724524,57,1219.513457
9.99,2,1219.529801
10.970128,47,1219.884606
9.99,2,1219.898993
10.632222,20,1220.046207
10.715,48,1220.40571
10.829615,62,1220.866413
11.385,3,1220.887678
10.716429,51,1221.474624
9.850476,32,1221.712394
9.92,29,1225.778554
9.80881,67,1226.278088
10.580476,33,1226.523213
10.760714,5,1226.561201
9.800714,61,1227.010044
11.233974,25,1227.198175
10.21619,34,1227.443772
10.431923,31,1227.677619
10.661667,1,1227.685387
10.843095,30,1227.91416
10.309762,30,1228.171503
7.916667,91,1228.842521
10.504286,33,1229.092512
10.385714,11,1229.174016
10.184286,48,1229.529642
8.72119,70,1230.034798
10.985,3,1230.057101
10.674048,29,1230.275262
10.972857,34,1230.525835
9.95619,86,1231.161415
10.58119,41,1231.461893
10.692857,41,1231.771436
10.928571,20,1231.923415
10.784524,45,1232.258437
10.678636,17,1232.384658
11.106818,15,1232.495988
10.661667,1,1232.503855
10.434286,47,1232.849745
10.320714,55,1233.254145
10.786429,37,1237.430194
11.323333,2,1237.446295
9.828571,44,1237.770082
10.500238,30,1237.995054
10.827143,6,1238.042934
10.795,32,1238.280791
10.090714,52,1238.65889
10.380714,43,1238.981817
10.830714,51,1239.37132
9.776429,43,1239.721488
10.819048,80,1240.31048
10.748333,37,1240.631219
9.656667,37,1240.931166
10.307857,38,1241.220752
11.11,18,1241.357684
9.683571,42,1241.668813
11.132121,16,1241.78478
9.658095,40,1242.083466
11.135,13,1242.179475
10.67,26,1242.381003
10.70881,34,1242.627834
10.301667,73,1243.401069
10.828333,21,1243.556541
10.496905,35,1243.817361
10.025952,53,1244.202644
10.880952,60,1244.65368
10.659697,13,1244.751471
10.515714,34,1245.007476
10.382143,46,1249.192862
10.818333,23,1249.361934
9.980238,36,1249.625653
10.89119,77,1250.19837
10.108333,67,1250.69739
10.930714,31,1250.934291
10.308333,27,1251.136644
9.872381,20,1251.28635
10.556429,34,1251.541588
11.183571,49,1251.905439
10.738485,22,1252.068046
9.648095,42,1252.381359
10.155,13,1252.477453
10.736905,36,1252.739572
11.059286,51,1253.113011
11.19119,17,1253.243619
10.525556,6,1253.28576
10.802273,16,1253.400585
10.566429,32,1253.637895
10.614394,16,1253.755697
10.687273,8,1253.818872
10.602381,21,1253.971465
10.925,55,1254.392319
11.069048,30,1254.609382
10.974762,26,1254.79948
10.64881,46,1255.143444
9.978571,63,1255.619402
10.607143,81,1256.216711
10.540714,60,1260.471902
10.519762,37,1260.749651
10.467619,36,1261.024551
10.287619,23,1261.195001
10.176429,61,1261.65482
10.027857,45,1261.987259
9.765556,11,1262.071143
10.502381,41,1262.3718
10.601905,32,1262.610821
11.242692,13,1262.708525
11.036429,7,1262.761744
10.534286,27,1262.958513
10.69619,36,1263.227261
10.111429,56,1263.643426
9.99,2,1263.659235
10.73619,28,1263.870292
11.173333,32,1264.107468
10.986905,35,1264.367518
10.08381,30,1264.594068
10.465476,25,1264.782649
10.596667,45,1265.12053
10.571667,19,1265.263896
10.653571,8,1265.320146
10.513333,4,1265.350248
9.95619,37,1265.622452
10.610714,46,1265.959758
9.951667,45,1266.29571
11.136364,20,1266.44065
10.498407,19,1266.583995
10.570476,35,1266.841953
10.618571,33,1267.294955
10.829048,29,1267.512154
10.675952,21,1267.671705
9.046667,61,1268.121232
10.274286,30,1272.194592
10.428095,33,1272.486312
11.183095,11,1272.570854
9.640238,55,1272.975483
10.69,13,1273.071138
10.498333,38,1273.362264
9.667619,49,1273.72433
10.463182,22,1273.891795
10.660238,47,1274.245767
10.922222,11,1274.32786
10.78,4,1274.358921
10.909444,7,1274.411646
11.995,1,1274.419724
10.448095,29,1274.640643
9.190952,55,1275.043722
10.611905,30,1275.265372
9.617381,40,1275.560416
10.618571,33,1275.806058
10.206429,55,1276.218674
9.804286,26,1276.417634
9.926429,62,1276.92052
9.75,1,1276.927079
9.190952,55,1277.339779
10.483333,10,1277.41535
10.381905,27,1277.612744
10.862619,37,1277.8808
7.602143,63,1278.342638
10.085952,41,1278.652761
10.547143,13,1278.748905
10.55381,34,1279.000834
10.420714,35,1279.258451
10.895,61,1279.709162
10.805,30,1283.758989
10.900476,18,1283.896138
11.323333,2,1283.911056
10.79,2,1283.926322
10.307619,19,1284.069035
11.155238,28,1284.278499
11.55,10,1284.355438
11.022857,24,1284.53071
11.095,21,1284.687013
10.646667,35,1284.951188
10.84881,55,1285.356957
10.553571,15,1285.466543
10.296429,37,1285.740473
10.912619,27,1285.945608
10.712143,29,1286.152024
10.63619,48,1286.508976
10.769048,41,1286.812679
10.600714,48,1287.167732
10.935,4,1287.195835
10.01381,44,1287.527301
11.236593,34,1287.777997
8.610714,54,1288.226519
11.375,5,1288.264108
11.995,1,1288.271857
10.629697,19,1288.410206
9.544762,67,1289.105143
10.895897,59,1289.543471
11.323333,2,1289.558676
10.480238,34,1289.810308
10.097857,31,1290.04047
10.852619,39,1290.335681
10.806429,33,1290.578122
10.93,5,1290.61667
10.742857,31,1290.847745
10.628571,31,1291.073203
11.016905,29,1291.287532
9.914286,53,1295.463583
9.75,1,1295.470072
11.995,1,1295.478267
10.12119,22,1295.641893
10.272381,38,1295.928723
10.629762,15,1296.041146
10.526429,40,1296.338202
10.958182,12,1296.42836
10.498095,19,1296.572039
10.69,13,1296.666511
10.59381,26,1296.864933
10.382619,35,1297.121386
10.691905,14,1297.224468
10.954762,30,1297.447276
10.750952,37,1297.725132
10.66,28,1297.936538
11.995,1,1297.944476
10.535714,30,1298.171518
10.974762,26,1298.367047
9.99,2,1298.381673
11.127143,26,1298.575286
10.656667,33,1298.819474
10.696905,44,1299.147593
10.742381,42,1299.457244
10.570238,65,1299.93474
10.918333,3,1299.958398
10.860769,25,1300.143965
10.766429,41,1300.496791
10.583095,33,1300.742111
10.597949,24,1300.922988
10.656667,2,1300.937492
10.937222,17,1301.062143
10.644524,24,1301.242474
10.532381,35,1301.568232
10.577857,33,1301.830145
10.719872,15,1301.943047
10.762143,19,1302.087899
10.47619,31,1302.323273
11.323333,2,1302.337719
11.995,1,1302.34629
10.920952,52,1302.730709
11.036905,25,1302.921938
10.848333,17,1306.847669
10.408095,37,1307.120094
10.047143,46,1307.454874
10.578571,41,1307.763556
10.402143,42,1308.077396
10.25381,45,1308.46159
11.651667,3,1308.485529
10.641667,5,1308.523838
10.196905,46,1308.861321
10.622619,36,1309.125607
10.22619,32,1309.358178
11.385714,20,1309.507782
10.668571,23,1309.677375
10.982857,32,1309.918919
10.43,25,1310.098122
10.654524,22,1310.264963
10.564048,51,1310.644262
10.860476,26,1310.835447
11.053095,37,1311.116292
11.323333,2,1311.130634
11.162778,23,1311.303574
10.756429,14,1311.407085
10.20619,36,1311.677136
10.541429,6,1311.723201
10.381905,27,1311.918365
10.561667,21,1312.070634
10.948182,14,1312.176227
9.90881,47,1312.526654
11.026429,9,1312.793779
10.75,10,1312.891959
10.541667,25,1313.078228
10.574524,38,1313.364641
11.029048,38,1313.639402
10.783095,42,1313.956017
10.254286,34,1314.209645
9.904048,36,1314.479623
10.909697,12,1314.567579
10.890476,20,1318.509145
10.929286,28,1318.726367
9.680476,66,1319.22666
11.243889,9,1319.29724
10.67619,40,1319.59305
10.390714,41,1319.895705
10.570476,35,1320.162596
10.582381,25,1320.346295
11.029524,27,1320.550141
10.558333,26,1320.749791
10.751154,19,1320.891585
10.539762,33,1321.138717
10.508333,36,1321.406732
9.982143,28,1321.612462
10.42619,41,1321.914487
10.255952,56,1322.339323
10.26881,11,1322.421984
10.541429,6,1322.466659
10.834286,16,1322.5863
10.677222,9,1322.654478
10.467619,36,1322.926608
10.528333,32,1323.162935
10.531905,46,1323.503021
10.279762,36,1323.779184
10.41619,43,1324.10344
11.740714,9,1324.169683
10.381905,27,1324.375913
9.694286,48,1324.730862
10.788333,9,1324.796272
10.928333,1,1324.803462
11.293333,8,1324.867568
10.782381,34,1325.120011
10.101429,45,1325.460232
10.690714,30,1325.67915
10.282381,36,1325.949304
10.772857,25,1326.140434
10.956667,22,1330.232838
10.614524,30,1330.459829
11.995,1,1330.467672
10.770238,25,1330.652561
10.73881,28,1330.86496
10.990714,19,1331.004785
9.81119,48,1331.36184
10.22619,32,1331.595893
10.894359,16,1331.72071
10.985,3,1331.743691
10.661667,1,1331.751542
10.240238,33,1331.995057
10.842857,11,1332.077157
10.985,3,1332.099124
10.738333,39,1332.394476
10.232363,32,1332.636279
10.558333,26,1332.831995
10.411905,21,1332.99035
10.822381,26,1333.182779
10.750714,7,1333.233557
9.585714,24,1333.418127
10.892857,50,1334.019154
10.153571,59,1334.462725
10.584524,36,1334.735293
11.10119,35,1334.992558
11.323333,2,1335.005809
11.251429,24,1335.180893
10.876429,19,1335.325985
10.652576,21,1335.503955
10.918333,3,1335.530296
10.850714,47,1335.886154
10.21881,34,1336.140371
10.694762,33,1336.389448
10.536429,38,1336.665807
10.635952,29,1336.944572
10.778485,14,1337.046299
10.332381,26,1337.241084
10.280476,44,1337.575114
10.251667,34,1337.833714
11.113095,25,1338.020169
10.292381,34,1342.098633
10.730513,18,1342.231808
10.295714,29,1342.45149
11.189286,5,1342.486717
11.145238,30,1342.710444
10.219872,17,1342.841904
10.008333,38,1343.448574
8.071667,168,1344.65941
-3.173333,256,1346.526389
9.768333,125,1347.450331
10.145,152,1348.571049
7.655,140,1353.616671
10.811667,52,1354.003255
9.795,104,1354.774408
10.641667,26,1354.969292
11.323333,2,1354.983792
10.631667,7,1355.036473
10.38,35,1355.29128
10.212857,39,1355.57392
10.623333,44,1355.889665
10.041667,57,1356.306729
10.78,4,1356.334207
10.37,97,1357.038992
10.459872,18,1357.16928
9.61,91,1357.834713
10.416364,17,1357.960529
10.63,34,1358.211601
9.645,94,1359.128221
10.15,61,1359.577516
10.730513,18,1359.706441
9.731667,70,1360.220206
10.401667,65,1360.748887
9.79,75,1365.359784
11.006667,32,1365.589561
8.185,114,1366.418317
9.288333,74,1366.967134
10.021667,63,1367.435115
10.651667,44,1367.762543
10.397273,17,1367.89415
10.24,23,1368.06645
10.645,72,1368.655603
10.674286,8,1368.71829
10.365,48,1369.070548
10.63,65,1369.556372
9.626667,72,1370.079893
9.886667,78,1370.659881
10.661667,62,1371.114976
10.799091,22,1371.27503
10.79,2,1371.291817
10.221667,41,1371.601039
10.656667,2,1371.616072
9.795,35,1371.871274
10.726667,59,1372.315261
10.617857,5,1372.35165
10.778333,41,1372.658787
10.581667,67,1377.055072
11.085,53,1377.471226
10.553718,30,1377.70127
10.328333,1,1377.709099
10.113333,57,1378.138607
10.631667,17,1378.271158
10.241667,66,1378.994903
9.928333,84,1379.621486
10.985,3,1379.644228
10.636667,6,1379.690253
9.385,117,1380.563003
10.861667,51,1380.94054
11.995,1,1380.947616
10.656667,33,1381.190655
10.231667,59,1381.623331
10.297033,36,1381.893952
9.865,30,1382.111404
10.44,63,1382.583682
10.585,44,1382.907813
10.693333,28,1383.116592
9.736667,99,1383.854687
9.371667,44,1384.190466
10.960556,19,1384.401041
11.021429,12,1384.494485
10.786667,56,1388.807275
10.743333,38,1389.089038
9.786667,89,1389.782703
8.853333,73,1390.323649
10.864394,15,1390.438716
9.8,62,1390.898715
10.597857,9,1390.966308
9.99,2,1390.981226
11.015,27,1391.184855
10.209231,14,1391.287174
10.328333,53,1391.678174
10.431667,68,1392.176671
10.836667,66,1392.66577
10.638333,49,1393.030062
10.638333,40,1393.32287
9.751667,106,1394.103968
10.78,4,1394.132849
9.825,58,1394.557925
10.193333,79,1395.138257
9.413333,59,1395.576168
11.102857,8,1395.633228
10.475556,16,1395.752316
10.58,35,1396.222857
10.898333,7,1396.274039
10.885,33,1400.399509
10.78,55,1400.811089
10.401667,45,1401.142886
11.18,4,1401.172952
10.27,48,1401.569755
9.99,2,1401.58508
11.078333,41,1401.888801
10.235,85,1402.529859
10.305,91,1403.209668
10.745,61,1403.661796
10.29,53,1404.052891
10.696667,14,1404.159186
11.081111,6,1404.201383
10.725,25,1404.386926
10.651667,24,1404.561699
10.816667,30,1404.78424
10.418333,35,1405.040342
10.078333,43,1405.356693
10.505,40,1405.707333
10.648333,27,1405.915493
10.08,57,1406.344339
10.59,82,1406.959249
10.261667,62,1407.414798
10.983333,30,1407.634857
10.802436,19,1407.775174
10.921667,39,1408.066052
11.131667,37,1412.317821
9.39,57,1412.74417
10.980909,22,1412.910997
10.61,58,1413.355122
10.713333,64,1413.841947
10.875,35,1414.111644
11.036111,15,1414.223779
11.025,45,1414.560397
10.356667,82,1415.171016
10.575,26,1415.359579
10.866667,80,1415.962979
11.398571,6,1416.007412
9.671667,44,1416.336758
10.808333,55,1416.747349
10.453333,27,1416.947184
9.99,2,1416.961852
10.905,49,1417.333814
10.455,50,1417.7091
10.758485,18,1417.843247
10.885,33,1418.089051
10.813077,22,1418.441314
10.428333,42,1418.803836
9.908333,59,1419.24332
9.99,2,1419.258138
10.927778,10,1419.326259
10.591667,36,1419.595573
10.613333,75,1424.119881
10.656667,2,1424.13601
10.576111,7,1424.188994
10.803333,46,1424.537485
11.323333,2,1424.552845
10.488333,41,1424.859361
10.653333,47,1425.206739
9.976667,62,1425.666388
10.593333,28,1425.876551
10.303333,68,1426.382887
11.068333,23,1426.55466
10.543636,26,1426.74454
10.813333,64,1427.21122
10.525,56,1427.628874
10.276667,69,1428.154031
10.243333,40,1428.494906
10.618333,44,1428.839602
10.985,3,1428.862634
10.264286,32,1429.100995
10.283333,41,1429.397127
10.875,25,1429.587803
10.2,31,1429.823932
10.716667,50,1430.19034
10.556667,53,1430.57908
10.795,31,1430.81382
10.423333,64,1431.297624
9.575,108,1435.957502
10.653333,36,1436.235229
10.958333,25,1436.419202
10.85,30,1436.644289
10.885,23,1436.815959
10.513333,55,1437.233982
9.908333,48,1437.600055
10.976667,38,1437.886491
11.018333,33,1438.132519
10.805,49,1438.488799
10.842143,3,1438.510388
10.626667,39,1438.809063
10.45,61,1439.271186
10.953889,18,1439.404603
10.53,45,1439.744907
10.896667,34,1439.992896
10.865,37,1440.272203
9.776667,91,1441.16941
10.356667,22,1441.334337
10.800909,9,1441.403333
10.601209,38,1441.6866
10.6,31,1441.919995
10.585,33,1442.166712
9.678187,31,1442.395237
10.613333,35,1442.659167
10.408333,35,1442.917228
10.676667,29,1443.134043
11.066667,40,1447.252576
10.388333,50,1447.620089
9.557967,50,1448.002261
10.36,50,1448.380948
9.295,77,1448.96875
10.52,47,1449.315216
10.543333,38,1449.604401
10.26,50,1449.986572
11.095,31,1450.565393
11.17,6,1450.681156
10.572273,13,1450.818334
10.54,23,1450.99386
10.945,41,1451.313495
11.323333,2,1451.329279
11.323333,2,1451.345639
10.41,20,1451.490718
10.945641,16,1451.613449
10.729872,13,1451.710431
10.441364,30,1451.930538
9.956667,124,1452.875247
10.693333,48,1453.233655
10.843333,38,1453.521141
10.39,2,1453.537031
10.48619,29,1453.753134
10.531667,28,1453.960542
10.128333,42,1454.276902
10.788333,39,1454.571203
10.750714,7,1454.621848
10.746667,24,1454.803794
10.926667,48,1455.157345
10.24,45,1459.3301
10.93,14,1459.433277
10.27,37,1459.716524
10.418333,64,1460.19455
10.478333,43,1460.507012
10.618333,35,1460.767228
10.686667,36,1461.043643
11.028205,20,1461.195019
10.270714,3,1461.218467
10.988333,39,1461.506965
10.271667,30,1461.734972
10.575,5,1461.771574
10.748901,21,1461.930106
11.270455,15,1462.043479
10.936667,26,1462.238955
11.995,1,1462.246676
10.783333,30,1462.469912
9.086667,53,1462.861721
10.995,1,1462.86973
11.144725,26,1463.068792
10.861667,51,1463.445899
10.266667,71,1463.985379
10.875,35,1464.249386
10.661667,1,1464.25726
10.312381,30,1464.483057
10.883333,30,1464.706147
9.591667,29,1464.919194
10.651111,12,1465.011682
10.686667,56,1465.421905
10.8,60,1466.105826
10.672222,12,1466.231984
10.366667,42,1466.556485
10.908333,5,1466.592558
10.823333,22,1466.756152
10.488333,70,1471.129894
11.092857,10,1471.205832
10.578889,13,1471.300869
9.571667,75,1471.899815
10.56,39,1472.192417
10.786429,8,1472.253333
10.408333,26,1472.448795
10.643333,38,1472.737399
11.131667,7,1472.792494
10.736667,26,1472.987115
10.793333,48,1473.343282
10.79,42,1473.657366
10.753333,18,1473.791064
10.033333,73,1474.339705
10.721209,14,1474.445399
10.11,51,1474.82536
10.61,38,1475.108888
11.006667,23,1475.281117
11.271429,11,1475.361639
10.395,53,1475.761488
10.651667,35,1476.025111
10.773333,32,1476.262553
10.646667,35,1476.520169
10.891667,36,1476.789692
11.184444,12,1476.877753
10.74,12,1476.968657
8.952857,46,1477.303832
10.575,5,1477.34258
10.672619,26,1477.530351
11.32,7,1477.581886
9.946667,46,1477.922413
10.763333,34,1478.177171
10.325,36,1478.441274
11.105556,10,1478.513791
9.99,2,1478.529467
10.466667,51,1482.844934
11.323333,2,1482.859598
11.651667,3,1482.881751
10.776667,18,1483.016275
10.848889,8,1483.076887
10.766667,40,1483.38011
10.231667,59,1483.816984
10.915,27,1484.018403
10.238333,20,1484.168589
10.528333,42,1484.483249
10.125,27,1484.682539
9.908333,59,1485.136763
10.44,43,1485.460894
10.513333,55,1485.869147
10.39,2,1485.884076
10.576667,49,1486.25364
10.783333,50,1486.630282
10.685,44,1486.951999
10.566667,60,1487.399628
10.791667,25,1487.582922
10.512143,20,1487.727906
10.886667,47,1488.077012
10.751667,33,1488.322256
9.99,2,1488.338458
10.779835,28,1488.545268
10.55,32,1488.779492
10.496667,45,1489.137915
10.661667,42,1489.70335
10.98881,27,1489.897945
10.703333,26,1490.09251
10.718095,24,1490.270672
10.768205,23,1490.438471
10.585,3,1490.461505
10.791667,65,1494.756617
10.725,45,1495.091388
10.735476,33,1495.340416
11.073333,32,1495.577389
10.865,17,1495.70292
10.501667,45,1496.045363
10.183333,72,1496.573324
10.947967,17,1496.699402
10.611667,21,1496.859671
10.785,33,1497.108953
10.721667,41,1497.425236
10.135,45,1497.765471
10.6,40,1498.070272
10.189231,18,1498.204299
10.845,32,1498.447829
11.053636,22,1498.622694
10.481667,29,1498.836714
10.637273,18,1498.968714
11.313333,4,1498.999392
11.293333,8,1499.058103
10.661667,1,1499.065636
10.96,28,1499.274868
10.726667,48,1499.642891
10.39,2,1499.65755
10.88,44,1500.012898
10.488333,19,1500.154516
11.323333,2,1500.169346
9.99,2,1500.183898
10.841667,35,1500.45591
10.874394,13,1500.557128
10.968333,34,1500.80968
10.416667,52,1501.198853
10.586667,16,1501.315774
10.711667,41,1501.621499
10.511667,61,1505.827707
10.413333,46,1506.17181
10.655,30,1506.39759
10.61,38,1506.68012
11.07,46,1507.025793
10.6,51,1507.403203
10.864394,15,1507.511111
10.832143,5,1507.546294
10.561667,42,1507.85675
11.176667,38,1508.146251
10.905,19,1508.290198
11.098333,37,1508.571268
10.161667,122,1509.481009
11.051667,33,1509.908661
10.582363,11,1510.038173
10.388333,61,1510.490449
10.195,33,1510.73835
9.425,51,1511.115791
10.483333,41,1511.426487
11.183095,11,1511.509187
10.76,48,1511.864257
10.371667,51,1512.250163
10.801667,23,1512.426161
10.874762,46,1512.77701
10.807033,32,1513.017105
8.526667,58,1513.460129
11.036429,7,1513.510882
10.01,42,1517.613691
10.875,15,1517.72665
10.697222,16,1517.845936
11.155,39,1518.138205
11.041667,35,1518.401987
10.803333,46,1518.754069
10.645,32,1519.000327
10.718333,33,1519.247726
9.925,87,1519.896585
10.91,38,1520.169252
10.543333,49,1520.531257
10.975,35,1520.79327
10.414286,11,1520.871627
10.397308,10,1520.945431
10.503333,26,1521.139004
11.183333,30,1521.359577
11.05,30,1521.583344
10.705,29,1521.794975
10.868333,23,1521.96741
10.58,55,1522.375157
10.993889,10,1522.448975
10.711667,21,1522.6032
10.77,6,1522.647199
9.993333,52,1523.035577
10.46,48,1523.396576
7.626471,218,1528.929374
10.832727,8,1528.987438
10.922619,25,1529.175651
10.343235,50,1529.542667
10.841667,35,1529.795227
10.499412,57,1530.224246
10.712353,34,1530.501145
9.934118,76,1531.09773
9.628235,47,1531.449649
9.951176,51,1531.8302
10.560588,33,1532.090911
11.072857,14,1532.217975
11.995,1,1532.226909
10.381667,10,1532.302293
10.414286,11,1532.382967
10.687222,7,1532.435721
10.566765,19,1532.577551
9.786471,82,1533.182133
10.344118,41,1533.483852
10.643235,39,1533.77302
10.783077,28,1533.98365
9.503824,65,1534.467787
11.022619,5,1534.50531
7.050882,144,1535.824013
9.636471,63,1536.279579
10.95,10,1536.355782
10.61119,35,1536.623518
10.387941,43,1540.824657
11.022059,26,1541.026944
10.053824,53,1541.456819
10.02,98,1542.187959
9.353235,52,1542.635083
10.082059,114,1543.482279
10.245882,43,1543.809908
10.258846,32,1544.042141
10.779706,47,1544.391359
10.092059,63,1544.862608
10.72,56,1545.27585
9.770588,44,1545.60956
10.353824,42,1545.921234
10.977059,34,1546.17669
11.323333,2,1546.191915
10.549706,44,1546.513534
9.577353,64,1546.999966
11.242778,7,1547.050297
10.884359,18,1547.184474
10.334412,40,1547.488475
10.625588,70,1548.013739
10.54,43,1548.335901
10.835588,77,1552.837842
11.995,1,1552.845723
11.074412,41,1553.150619
10.593824,45,1553.481498
9.592647,59,1553.918255
9.906471,56,1554.338495
9.348235,52,1554.722539
10.492059,32,1554.959751
8.381765,65,1555.441665
8.757059,86,1556.079141
10.692941,32,1556.318
11.283333,10,1556.391007
10.452353,37,1556.669257
10.102647,55,1557.082453
10.516765,129,1558.047772
10.595,1,1558.055122
10.323235,54,1558.452949
10.613529,42,1558.993613
11.698333,7,1559.045966
10.192059,43,1559.362059
11.323333,2,1559.378953
10.520588,41,1559.683884
11.995,1,1559.691498
10.799706,43,1560.00208
11.995,1,1560.009184
10.395909,10,1560.082615
9.747647,27,1564.135724
10.662941,38,1564.417546
10.356176,69,1564.931744
10.411471,54,1565.338499
10.457353,35,1565.602664
10.657879,26,1565.79871
10.650588,64,1566.277272
11.053235,57,1566.703519
11.012619,7,1566.755203
11.006212,23,1566.92518
10.418529,31,1567.157628
11.323333,2,1567.173426
10.672353,42,1567.480684
10.947059,40,1567.778668
11.708333,5,1567.819455
10.509118,58,1568.248786
10.612059,59,1568.68421
11.323333,2,1568.700392
10.987059,32,1568.942116
10.117353,56,1569.36844
11.995,1,1569.376088
11.145,11,1569.462136
10.672647,41,1569.778005
10.790882,33,1570.02755
9.992353,80,1570.627341
10.083824,47,1570.981256
10.657941,40,1571.287254
10.826099,15,1571.401504
10.425294,64,1575.770498
10.490588,47,1576.117927
10.800882,31,1576.349882
10.759118,57,1576.777058
10.795588,36,1577.046065
10.326471,72,1577.585015
11.995,1,1577.592564
10.620294,24,1577.772162
10.796176,30,1578.000053
10.539118,52,1578.386496
10.313182,12,1578.476876
10.442059,42,1578.808548
10.860588,22,1578.976368
10.275714,2,1578.991836
10.314412,44,1579.532714
11.332143,5,1579.598051
10.915882,58,1580.056705
10.729706,57,1580.474299
10.262647,72,1581.0176
10.798824,52,1581.392998
11.995,1,1581.400217
10.636667,6,1581.443013
10.284118,53,1581.843332
10.148824,35,1582.097522
11.19,2,1582.112082
10.966765,39,1582.398235
10.623529,40,1582.69703
10.672353,42,1583.009263
10.631667,7,1583.058167
9.671765,52,1583.442731
10.524118,54,1587.673897
10.613824,39,1587.968258
10.589706,36,1588.2317
10.160294,67,1588.737907
10.593824,43,1589.061058
10.717879,14,1589.161971
10.520294,44,1589.486894
10.863718,17,1589.611267
10.433529,29,1589.827586
10.650294,67,1590.338728
10.598333,37,1590.615599
10.503333,6,1590.660533
10.032353,74,1591.21211
11.431667,7,1591.265871
11.066813,24,1591.453677
10.748485,20,1591.602713
10.69,62,1592.073332
11.008636,22,1592.274974
11.015879,21,1592.428834
10.667941,38,1592.706581
11.175,5,1592.746699
10.850588,24,1592.925025
10.705588,54,1593.327539
11.995,1,1593.334865
10.431176,53,1593.723063
10.623824,37,1593.997399
10.672647,39,1594.28509
11.142059,51,1594.663374
10.839706,35,1594.926761
10.677857,13,1595.022068
11.010556,9,1595.086823
10.579412,41,1599.226917
10.054118,50,1599.647786
10.197059,41,1599.971845
11.19,2,1599.987139
11.072857,14,1600.092935
11.995,1,1600.100897
10.525588,41,1600.409436
10.397353,49,1600.778943
10.688235,31,1601.006618
11.223095,3,1601.031304
10.376176,63,1601.509177
10.672059,47,1601.892832
10.115882,71,1602.514483
10.157059,49,1603.061128
10.904011,17,1603.18547
10.717647,31,1603.421082
9.187353,46,1603.765526
10.885455,12,1603.851783
11.050909,8,1603.912671
11.109286,21,1604.256377
5.860948,298,1606.39697
9.364902,84,1610.960779
10.896111,43,1611.280134
10.459608,63,1611.745906
10.385,3,1611.76754
10.286471,129,1612.723014
9.505392,50,1613.092268
10.996923,16,1613.210283
10.362941,49,1613.565601
10.648889,48,1613.930244
10.656667,2,1613.945235
10.49768,58,1614.379175
10.783788,19,1614.519343
10.739487,39,1614.811465
9.172026,67,1615.309645
10.568889,64,1615.791361
10.350769,29,1615.99962
10.286111,67,1616.498089
10.657778,15,1616.607171
10.561429,2,1616.622162
10.832143,5,1616.662306
9.29817,47,1617.01128
9.693105,100,1617.751738
10.96,8,1617.811222
10.501536,52,1618.196753
10.954902,60,1622.551769
10.384542,63,1623.028455
8.591176,176,1624.32686
9.844673,54,1624.726293
10.434314,70,1625.255575
10.588399,66,1625.747195
10.641536,73,1626.297684
9.889739,60,1626.742364
10.041176,82,1627.362591
10.96,8,1627.420906
10.900989,22,1627.585792
9.166242,76,1628.15577
9.716242,113,1628.991297
10.811895,52,1629.386386
9.84719,96,1634.258338
11.236667,26,1634.451014
10.233105,41,1634.761767
11.651667,3,1634.783479
10.125033,109,1635.600856
10.661667,1,1635.608939
10.440817,38,1635.899761
10.899967,37,1636.17506
11.995,1,1636.184197
10.55719,52,1636.578817
8.691176,156,1637.760566
10.636961,53,1638.155706
9.475033,43,1638.472627
10.661176,56,1638.884642
10.490458,64,1639.371295
9.840327,115,1640.227548
10.551895,55,1640.639652
10.532026,40,1640.932461
10.898333,7,1640.986079
10.67719,77,1641.573698
9.999608,57,1645.815195
9.580098,184,1647.203453
11.995,1,1647.211522
10.932255,41,1647.510059
10.768333,13,1647.60981
10.25866,45,1647.945849
10.997564,21,1648.100136
10.769967,63,1648.569667
10.505392,46,1648.912414
10.059967,58,1649.34175
10.57,37,1649.603195
10.796111,63,1650.072286
10.908039,38,1650.36555
9.392026,121,1651.262227
9.989967,121,1652.201333
10.750714,7,1652.26039
10.064183,65,1652.736119
10.190098,62,1653.186508
10.588039,53,1657.456712
9.568039,61,1657.912262
10.002386,61,1658.3657
9.541536,97,1659.080976
11.393571,7,1659.131632
10.718187,19,1659.415052
9.831176,75,1660.125854
10.277092,57,1660.553629
8.618529,49,1660.916086
10.715033,40,1661.217743
10.057451,65,1661.740157
10.48781,41,1662.045944
10.79,2,1662.060445
10.602745,52,1662.442246
10.786471,78,1663.098811
9.585261,53,1663.499071
11.066111,9,1663.568301
10.438039,132,1664.630882
10.713824,69,1665.147334
11.281818,20,1669.208785
9.700817,88,1669.861942
10.765033,30,1670.095616
10.576111,58,1670.538199
10.084183,61,1670.998935
10.355392,76,1671.562096
10.661667,1,1671.569747
11.116818,13,1671.662639
10.575033,68,1672.167506
10.274314,53,1672.56736
10.208399,44,1672.894866
10.918333,3,1672.919547
10.859697,22,1673.085073
8.614673,104,1673.846537
10.726471,41,1674.142101
10.600686,74,1674.689276
11.131667,7,1674.741072
10.448758,58,1675.177123
10.59719,44,1675.51049
10.789248,33,1675.752867
10.688889,40,1676.055005
11.323333,2,1676.070991
10.629967,42,1676.377436
10.343464,81,1681.077207
11.323333,2,1681.092049
10.874052,69,1681.607624
10.663824,29,1681.835912
10.963693,38,1682.12762
9.921536,70,1682.656865
10.976282,15,1682.770863
10.336111,6,1682.81496
10.150817,47,1683.16277
10.768039,66,1683.667463
10.449248,52,1684.060252
10.223824,69,1684.606513
10.313095,38,1684.888447
10.765033,30,1685.11121
10.545033,74,1685.686398
10.813464,36,1685.959276
10.221667,40,1686.257562
10.479248,95,1686.955775
10.541429,6,1687.003254
10.572026,32,1687.245684
10.334673,54,1687.647578
10.195033,46,1687.987299
9.97732,51,1688.36589
9.886732,24,1688.544072
10.830588,28,1692.59471
10.808039,58,1693.029902
9.965392,56,1693.450736
10.295392,39,1693.744326
10.604524,32,1693.984764
10.92683,63,1694.673749
9.752386,62,1695.136376
10.35732,73,1695.688286
10.258529,65,1696.171282
10.121176,115,1697.033071
10.354183,56,1697.453076
10.473824,68,1697.963617
10.575752,45,1698.298194
10.521176,35,1698.563857
10.799967,57,1698.995955
10.829608,38,1699.279588
10.422745,88,1699.937461
10.66881,42,1700.252703
10.801536,41,1704.410346
9.236601,75,1704.977598
10.083105,71,1705.510305
10.495033,35,1705.767507
10.644314,28,1705.976749
10.661667,1,1705.986562
11.095,31,1706.214677
11.003636,32,1706.455655
10.990556,13,1706.546139
10.656667,2,1706.560971
10.486961,34,1706.822441
10.819608,40,1707.127582
9.581895,53,1707.515311
11.303333,6,1707.561298
11.031667,17,1707.689559
9.002745,78,1708.271315
10.203105,47,1708.619726
10.342386,42,1708.939817
10.626667,50,1709.313666
10.505392,46,1709.662876
10.661667,1,1709.670876
10.558758,36,1709.942671
10.733333,20,1710.096284
9.079967,58,1710.523112
10.829412,40,1710.829126
11.142121,14,1710.933118
10.196242,66,1711.425067
9.393464,75,1715.939469
10.055752,51,1716.31644
10.721905,8,1716.375475
9.845752,44,1716.881748
10.694902,63,1717.386062
9.900098,71,1717.909291
10.404542,59,1718.354355
10.559248,79,1718.942717
10.52817,46,1719.281596
10.914762,38,1719.577242
10.732614,45,1719.914576
10.340817,58,1720.341416
9.670098,68,1720.843081
11.323333,2,1720.859146
10.440948,19,1721.00186
10.865392,23,1721.177086
10.603954,23,1721.349385
10.374183,52,1721.735523
10.524314,52,1722.118231
10.94,12,1722.210371
10.372386,85,1722.875079
10.443105,48,1723.237066
10.722745,28,1723.470028
10.79732,34,1723.774335
10.629118,34,1727.89114
10.22732,50,1728.265061
11.505556,10,1728.340382
11.215659,25,1728.52921
11.24381,7,1728.582176
10.82683,34,1728.841194
10.550098,39,1729.129496
10.641667,5,1729.166821
10.364314,35,1729.435552
10.81768,43,1729.764779
11.102857,8,1729.823201
10.904542,57,1730.247751
10.963333,74,1730.874642
9.583824,50,1731.248395
10.57,37,1731.518146
10.551176,29,1731.742237
10.568529,51,1732.121031
9.850458,45,1732.45943
9.608529,47,1732.813735
10.890476,20,1732.967563
10.393105,58,1733.396392
10.795752,50,1733.771861
10.562745,60,1734.229157
10.644314,28,1734.435773
10.735752,62,1734.949248
11.18,4,1734.97879
10.549967,58,1735.414769
10.733824,65,1739.69178
10.658399,52,1740.090006
10.80768,45,1740.433879
11.003693,79,1741.023763
10.227692,16,1741.353031
10.643235,39,1741.640212
10.545392,38,1741.923404
10.446961,42,1742.234597
10.936111,35,1742.499609
11.290455,11,1742.583116
10.885455,12,1742.67392
10.985,3,1742.69489
10.640327,53,1743.092729
10.744183,27,1743.290063
10.97,6,1743.335537
10.783464,42,1743.648647
10.271176,85,1744.291782
10.669967,34,1744.545898
10.624673,45,1744.881597
10.859091,10,1744.956396
10.515165,15,1745.069956
10.990327,32,1745.313602
10.252255,79,1745.90732
11.018846,27,1746.115485
10.496667,45,1746.452951
10.779608,48,1746.814115
9.99,2,1746.829522
10.716601,24,1747.010675
10.56817,38,1751.226676
10.821536,37,1751.502576
10.202255,40,1751.829646
10.499967,68,1752.52526
10.445392,58,1752.961238
10.358889,57,1753.420769
10.489967,70,1753.963959
10.638889,50,1754.333056
10.838399,65,1754.822711
10.662745,40,1755.119045
10.449608,65,1755.605068
10.482059,34,1755.864949
11.181667,8,1755.925299
10.661667,1,1755.932614
9.99,2,1755.947172
10.595392,28,1756.160768
10.789444,11,1756.243373
10.648399,54,1756.64819
10.270714,3,1756.671506
10.521795,21,1756.830265
11.995,1,1756.838108
10.511895,63,1757.310448
10.753464,48,1757.668514
11.046429,5,1757.707536
10.83768,39,1758.002729
10.210686,54,1758.412034
10.279248,86,1759.064236
10.00817,52,1763.244097
10.861536,29,1763.460797
10.594394,20,1763.614129
10.659231,22,1763.782873
9.955882,52,1764.173611
9.99,2,1764.188105
10.899967,37,1764.465598
10.78,4,1764.495794
10.755752,58,1764.930025
10.07732,80,1765.517516
10.405882,60,1765.970128
10.60768,36,1766.241968
10.355033,112,1767.098937
11.035,23,1767.271996
10.231923,22,1767.434243
10.818889,14,1767.545854
10.362381,20,1767.692036
10.922381,6,1767.737269
11.120769,22,1767.904894
10.421536,68,1768.420912
10.599967,48,1768.784465
10.538039,63,1769.248879
10.783824,55,1769.670084
10.332386,44,1770.002784
10.682386,23,1770.181988
10.799248,31,1770.41952
9.893954,67,1774.728062
10.019248,89,1775.595721
10.988399,35,1775.865279
10.75683,48,1776.234651
10.593824,44,1776.581697
10.256013,22,1776.749588
10.855752,38,1777.03652
10.314183,64,1777.525854
10.832974,38,1777.809413
10.710458,20,1777.960172
10.234762,27,1778.167686
10.78732,36,1778.43459
11.014762,18,1778.569999
10.859967,45,1778.906262
10.911765,51,1779.289165
11.024542,33,1779.543048
8.338889,69,1780.059416
10.63768,79,1780.6532
10.954183,34,1780.909536
10.743464,50,1781.282837
10.992857,30,1781.508497
10.78,4,1781.540037
11.283333,10,1781.612793
10.232386,64,1782.087986
11.311818,14,1782.195437
10.698889,38,1786.432077
11.323333,2,1786.448287
11.19,2,1786.463832
10.586111,56,1786.885984
9.41781,59,1787.329797
10.249608,56,1787.752725
10.24817,53,1788.152059
10.560327,69,1788.669901
10.83768,39,1788.961678
10.171176,56,1789.376232
10.920327,46,1789.725091
10.618889,54,1790.128656
10.736961,33,1790.380518
11.323333,2,1790.394849
10.676667,29,1790.607343
11.995,1,1790.615288
10.957778,4,1790.644267
10.311176,77,1791.272918
10.661667,1,1791.280827
9.809967,59,1791.726111
10.565392,34,1791.983847
10.715392,53,1792.382587
10.138889,52,1792.771881
10.470513,21,1792.922526
10.182745,87,1793.584518
10.383824,37,1793.864097
10.496601,68,1798.316683
10.696961,41,1798.655441
10.273105,82,1799.371792
10.055882,81,1800.079597
10.815752,46,1800.519568
10.193595,43,1800.883768
11.010556,9,1800.951023
10.319739,72,1801.490262
10.004902,54,1801.89526
10.001536,54,1802.294087
9.640458,38,1802.576212
10.420817,42,1802.887164
9.793824,57,1803.31579
11.062614,28,1803.51961
11.212051,14,1803.622496
10.863636,11,1803.706699
10.320098,36,1803.978446
10.448758,58,1804.414221
10.79732,34,1804.665581
10.499248,42,1804.983732
11.194725,16,1805.104453
10.72,7,1805.155825
11.185,3,1805.177938
9.642745,48,1805.609493
10.851046,37,1805.903704
9.836471,72,1810.265625
9.612255,109,1811.087096
10.38817,74,1811.641505
11.651667,3,1811.663672
10.556111,62,1812.126418
10.238529,68,1812.639614
10.414673,38,1812.924085
10.339608,38,1813.205939
10.67,37,1813.47925
11.97,6,1813.524528
10.425033,49,1813.888151
10.602026,26,1814.079168
11.121667,9,1814.144772
10.690817,37,1814.418557
10.535588,37,1814.690383
10.611895,43,1815.00615
10.812255,65,1815.481686
10.560817,63,1815.939041
9.03817,50,1816.30336
11.661667,1,1816.311273
11.008758,44,1816.635151
11.026471,30,1816.863743
10.328333,1,1816.871591
9.933954,59,1817.298879
10.670327,47,1821.411029
9.586961,67,1821.902258
10.451895,26,1822.094791
11.995,1,1822.10277
10.620458,38,1822.380799
10.970327,36,1822.644503
10.78732,36,1822.908835
10.575261,51,1823.280162
10.749091,14,1823.385904
10.726961,35,1823.643106
10.998758,46,1823.986059
11.000686,43,1824.299069
10.913095,16,1824.417101
11.07683,33,1824.655076
10.952255,37,1824.93474
10.406601,37,1825.203911
11.323333,2,1825.219051
9.902026,68,1825.716521
11.995,1,1825.72351
10.89768,27,1825.921496
10.548529,55,1826.330843
10.273333,54,1826.732264
10.513824,60,1827.169008
11.044542,29,1827.387289
10.641667,5,1827.423389
10.206111,83,1828.041579
10.985,3,1828.063966
10.758758,45,1828.396693
11.081667,27,1828.596978
10.456961,40,1832.661084
10.723105,41,1832.962823
10.702745,32,1833.198394
10.848399,63,1833.656514
10.455585,89,1834.627553
9.339064,128,1835.550837
-3.444591,361,1838.162416
11.113791,19,1838.297943
9.968977,142,1839.319665
9.57576,230,1845.056814
8.739064,346,1847.551469
10.123333,44,1847.865781
8.622456,227,1849.505911
9.75,1,1849.512238
9.606287,119,1850.390338
9.195497,138,1851.457137
11.323333,2,1851.472785
10.651667,3,1851.494066
11.232637,26,1851.683772
7.762281,287,1857.846973
8.895585,303,1860.05763
8.768275,277,1862.114268
9.485673,192,1867.447412
9.845936,141,1868.478534
10.379327,137,1869.480937
9.812544,192,1870.92777
9.562193,165,1872.127296
-5.824415,361,1874.732695
10.834394,21,1878.899551
10.81924,42,1879.202703
9.262982,288,1881.310261
7.856111,259,1883.186134
10.536023,59,1883.626278
11.121176,64,1884.089473
9.992807,79,1884.650831
10.975606,17,1884.773984
11.175,5,1884.812787
9.29576,139,1885.82982
10.608977,63,1890.29167
10.915,8,1890.350527
9.811754,178,1891.674695
10.742544,55,1892.080079
9.32193,143,1893.117067
10.709678,99,1893.834294
11.102857,8,1893.895176
11.042619,1,1893.903516
10.102941,52,1894.295473
10.433158,117,1895.194068
10.579415,104,1895.960471
10.518801,67,1896.439821
10.329341,17,1896.566235
10.218977,92,1897.229112
10.531754,34,1897.478164
9.79576,39,1897.754479
8.268977,335,1904.357697
9.748801,123,1905.254074
10.422193,42,1905.561343
9.675673,105,1906.339329
10.435936,121,1907.225574
9.676111,91,1907.901688
10.145848,74,1908.458606
8.708538,212,1914.011746
10.362719,96,1914.700829
9.99,2,1914.716616
10.406813,148,1915.768362
9.802193,117,1916.614477
10.545146,36,1916.878271
10.849415,50,1917.237427
10.122193,53,1917.61801
10.091667,66,1918.094511
10.142719,91,1918.751411
10.565146,32,1918.99516
11.066111,9,1919.064485
11.182222,8,1919.126801
10.772619,6,1919.171591
10.759327,61,1919.613844
10.525556,6,1919.658252
10.46307,104,1920.421637
10.075294,34,1920.673459
10.512544,101,1925.342411
9.99,2,1925.357938
10.788485,12,1925.447583
10.152632,180,1926.81799
11.235714,10,1926.891615
10.755936,57,1927.305599
11.995,1,1927.313263
9.95307,108,1928.103122
11.203095,7,1928.154619
10.555497,62,1928.611089
11.006905,31,1928.83417
10.79,2,1928.848735
11.159286,11,1928.927971
9.342456,132,1930.194377
9.466111,84,1930.801739
10.966667,20,1930.949416
9.809064,132,1931.909988
10.893571,7,1931.96033
10.356199,109,1936.67642
11.661667,1,1936.684261
10.776111,67,1937.172891
9.855497,202,1938.66931
8.469591,148,1939.766309
10.892807,46,1940.107312
11.651667,3,1940.129966
10.575848,86,1940.757601
11.020909,14,1940.860964
10.465409,73,1941.395597
11.323333,2,1941.411309
10.801111,13,1941.50728
10.355585,60,1941.950854
10.289152,92,1942.614385
8.805234,146,1943.688841
10.372544,80,1948.135159
10.479415,124,1949.051419
10.696374,55,1949.45627
10.242018,113,1950.271803
10.798977,25,1950.467199
10.846287,67,1950.95815
8.712719,230,1952.635828
10.185497,38,1952.913553
10.538977,77,1953.503581
10.395234,73,1954.027153
9.402544,78,1954.639898
10.729064,46,1954.980892
10.46119,3,1955.002382
10.139415,94,1959.57333
9.512018,112,1960.388153
9.85576,76,1960.951317
10.189152,63,1961.415514
8.449503,96,1962.120935
10.149152,71,1962.635974
10.618889,54,1963.03451
11.089942,44,1963.362552
10.635673,60,1963.848318
10.985,3,1963.870923
10.95,10,1963.943403
10.62576,69,1964.451667
11.437821,15,1964.566278
10.70576,53,1965.06783
10.752719,67,1965.564575
10.46119,3,1965.586803
10.78307,89,1966.258567
10.869591,60,1966.706595
10.116287,66,1970.979933
10.745673,38,1971.262849
10.690817,37,1971.540391
10.578626,41,1971.895477
10.632105,42,1972.206147
9.825497,61,1972.661433
10.838889,10,1972.73686
10.708801,29,1972.951786
9.889415,46,1973.280828
10.492544,105,1974.050706
10.874394,13,1974.14578
10.949591,44,1974.475226
10.802632,50,1974.838712
10.358801,99,1975.564758
10.866023,42,1975.871251
10.615497,50,1976.241365
10.67924,70,1976.755809
10.105848,82,1977.369609
11.975,5,1977.408282
10.906023,34,1977.655047
10.585409,49,1978.017144
11.000909,18,1978.150563
10.298977,76,1982.501911
10.026199,77,1983.085488
9.896199,103,1983.849778
10.806111,61,1984.302321
10.856023,44,1984.624529
10.579327,48,1984.981131
10.362105,47,1985.3241
9.572105,107,1986.121388
10.796023,56,1986.533526
10.352281,63,1986.998915
10.36576,72,1987.519563
10.653333,87,1988.151218
10.518713,60,1988.597568
9.769766,98,1989.316842
10.405585,50,1989.683015
10.149503,99,1994.517761
11.006462,49,1994.906738
10.371842,73,1995.450523
10.51307,94,1996.152889
9.207033,58,1996.573269
11.157424,17,1996.697289
10.312895,71,1997.217814
9.75,1,1997.224584
10.715497,30,1997.449397
10.936813,42,1997.759594
10.188889,91,1998.423573
10.101579,57,1998.84613
9.75,1,1998.852712
10.762368,37,1999.127359
10.842632,42,1999.443061
10.802544,43,1999.76422
10.969545,17,1999.892597
10.806905,22,2000.054796
10.596287,68,2000.549051
10.602982,69,2001.061369
10.178333,43,2001.377677
10.832143,5,2001.413716
10.726462,56,2005.52769
10.863077,12,2005.617915
10.735673,40,2005.91702
10.465848,59,2006.353732
10.983246,63,2006.818789
11.995,1,2006.826635
10.648801,41,2007.134549
10.461754,48,2007.476484
10.705936,67,2007.975009
10.258363,35,2008.240531
9.574883,62,2008.689238
10.985,3,2008.715617
10.638889,50,2009.075376
10.979591,38,2009.359317
10.302018,52,2009.738137
10.802456,36,2010.003891
10.489503,80,2010.603061
10.225146,51,2010.983655
10.30924,46,2011.333702
10.967353,33,2011.575581
10.870117,53,2011.95328
10.492105,70,2012.477834
10.746462,52,2016.612497
10.199503,89,2017.258373
10.478626,61,2017.705565
10.615409,43,2018.026343
10.492368,42,2018.331637
10.495936,60,2018.777391
10.906199,48,2019.126798
10.78,4,2019.158603
10.702719,77,2019.723638
10.782456,40,2020.021462
10.469064,49,2020.390172
10.672143,37,2020.662812
10.361842,26,2020.851239
10.525588,39,2021.138103
10.475,5,2021.176861
10.850769,27,2021.370382
10.595409,47,2021.716705
10.439231,17,2021.835616
9.75,1,2021.842051
11.022619,5,2021.881051
9.639152,75,2022.43098
5.452544,84,2023.04133
10.956287,45,2023.369627
10.399064,63,2023.875233
10.515058,35,2024.133503
10.342368,72,2028.512672
10.238333,31,2028.73802
11.059678,29,2028.957561
10.976287,41,2029.262767
11.333182,17,2029.382613
11.445,11,2029.464989
10.251754,41,2029.764758
10.628626,31,2029.995448
10.769591,80,2030.585471
10.922381,6,2030.62829
10.840769,29,2030.837343
10.216111,81,2031.42988
10.663333,34,2031.67695
11.063571,24,2031.874084
10.615497,50,2032.277626
10.438187,34,2032.532187
10.736374,47,2032.875081
10.056023,106,2033.650436
10.491667,35,2033.903181
10.805882,31,2034.134476
10.846111,53,2034.525679
11.016667,10,2034.59913
10.553182,13,2034.695615
10.939415,32,2034.952889
10.977222,9,2035.034168
10.835848,34,2035.30098
9.685848,68,2039.471379
10.78,4,2039.501951
10.512018,59,2039.931526
10.588977,67,2040.42737
9.816023,56,2040.845826
10.299762,32,2041.083305
10.539415,63,2041.542544
10.775848,46,2041.880751
10.33576,78,2042.445554
9.99,2,2042.459846
11.995,1,2042.467062
10.076462,39,2042.754859
10.155146,65,2043.22906
10.562544,42,2043.534935
10.095585,112,2044.360539
10.202281,93,2045.037804
10.595848,82,2045.641988
10.856111,51,2046.014246
10.339415,54,2046.409639
10.779327,57,2050.847191
10.697222,5,2050.885241
11.313333,4,2050.915023
11.012857,26,2051.103333
11.007564,19,2051.243929
10.38,4,2051.2737
10.556023,55,2051.676455
10.613824,39,2051.960845
10.135848,76,2052.518568
10.785848,44,2052.840108
10.439152,62,2053.29494
10.195,1,2053.302144
10.173824,29,2053.519516
10.599327,44,2053.843722
11.995,1,2053.851002
9.832456,34,2054.107632
10.639608,27,2054.305281
10.908333,5,2054.343086
10.21576,53,2054.739118
10.76576,41,2055.103249
9.969064,51,2055.485316
10.826374,78,2056.075592
10.813333,24,2056.241601
10.192368,53,2056.625664
10.981923,19,2056.76533
10.495585,32,2056.997967
10.832632,44,2057.324817
10.859118,37,2057.594964
10.493333,8,2057.653566
10.992982,40,2057.955457
10.742456,48,2058.310866
11.038205,18,2058.440204
10.452544,64,2062.696238
10.806099,19,2062.839618
10.48576,97,2063.55888
10.612281,60,2064.009981
10.970303,12,2064.09953
10.422632,77,2064.668919
10.195146,57,2065.089186
8.998626,63,2065.547987
10.796111,63,2066.018265
10.759064,40,2066.31038
10.132281,58,2066.738384
10.233595,35,2067.002322
10.558713,52,2067.376354
10.887033,16,2067.491715
10.09924,88,2068.14356
9.985146,50,2068.514387
10.428801,85,2069.137169
11.060029,57,2069.560531
10.048889,70,2073.809148
9.718889,87,2074.443482
10.552105,58,2074.917439
10.644011,20,2075.060698
11.13655,30,2075.277851
11.995,1,2075.28621
10.581667,38,2075.569436
10.332632,46,2075.905108
10.162368,59,2076.347962
10.668977,51,2076.730163
10.486462,55,2077.134316
10.896023,36,2077.395625
10.625882,16,2077.513407
10.462807,34,2077.770476
9.752544,57,2078.188683
10.205848,62,2078.646544
10.629697,19,2078.788021
10.661667,1,2078.795489
10.691667,45,2079.127833
10.255848,52,2079.507173
10.826199,64,2079.979539
11.995,1,2079.98661
10.785,33,2080.232001
10.990327,32,2080.469008
10.661667,1,2080.476639
10.082018,47,2080.826819
10.983421,77,2085.105865
10.809327,51,2085.499435
10.315322,47,2085.88371
11.219091,18,2086.01827
10.28924,50,2086.382271
10.552105,58,2086.814673
10.62193,30,2087.033516
10.661667,1,2087.041344
10.549064,33,2087.28548
10.985,3,2087.305725
10.695409,27,2087.506453
10.523297,36,2087.765992
11.213095,5,2087.804098
10.602193,55,2088.204063
11.033333,11,2088.287268
10.465848,59,2088.723795
10.566111,60,2089.168024
10.099327,46,2089.516367
10.535,44,2089.832317
10.826111,57,2090.248665
10.686462,64,2090.721827
11.19,2,2090.736865
10.912381,8,2090.795739
10.969545,17,2090.922324
10.518713,60,2091.36087
10.882807,48,2091.707848
10.78,4,2091.737489
10.489064,45,2092.069291
10.672719,34,2092.318902
10.826374,78,2096.684822
10.468889,35,2096.947273
10.926199,44,2097.279102
10.779152,43,2097.60629
10.942619,21,2097.765387
10.969327,19,2097.903931
10.866199,56,2098.319533
10.760714,5,2098.357539
10.785,53,2098.74089
10.985,3,2098.762102
10.49845,43,2099.086936
10.896199,50,2099.46264
10.628801,45,2099.799503
10.820238,15,2099.909819
10.803571,27,2100.105198
10.939415,32,2100.340034
10.041754,83,2100.955231
10.318713,51,2101.33418
10.79576,35,2101.590782
10.125585,57,2102.012941
10.665606,30,2102.231514
10.71576,51,2102.604604
10.682105,32,2102.838373
10.762719,65,2103.324128
10.802647,13,2103.41934
11.171405,35,2103.683242
11.009591,32,2107.65109
10.672193,41,2107.952604
10.492982,91,2108.621464
10.79619,16,2108.739611
10.78,4,2108.772182
10.617033,21,2108.927681
10.635585,53,2109.313076
10.752456,46,2109.657817
10.418713,31,2109.902352
10.732895,36,2110.363878
10.694286,4,2110.394174
10.252143,23,2110.563498
11.403571,5,2110.601133
10.67924,70,2111.111686
10.847967,37,2111.383664
10.812632,48,2111.733685
10.979591,38,2112.005416
10.876462,75,2112.564305
10.749152,49,2112.917048
11.995,1,2112.924256
10.665497,40,2113.217252
10.039835,29,2113.422722
10.501842,47,2113.767409
10.702632,70,2114.284786
10.659854,74,2114.834254
11.083333,50,2115.20753
10.728889,32,2119.181036
10.244883,75,2119.814765
11.995,1,2119.822086
10.800588,34,2120.074976
10.255322,59,2120.513103
10.762143,19,2120.651083
10.894118,31,2120.88341
10.822544,39,2121.167412
10.748889,28,2121.378711
10.179118,24,2121.550676
10.502632,61,2122.007845
10.827143,6,2122.053182
10.492895,84,2122.667223
11.175,5,2122.703799
10.912895,49,2123.055747
10.742982,41,2123.360233
10.735936,61,2123.837502
11.03307,39,2124.152215
10.675952,21,2124.309758
10.626023,41,2124.612675
10.165497,42,2124.920938
11.395,1,2124.92866
8.109064,80,2125.514941
10.88924,28,2125.723358
9.552807,69,2126.222029
10.819591,70,2130.450547
10.615234,29,2130.666876
11.006374,42,2130.97749
10.756023,64,2131.455426
10.445936,70,2131.978948
10.850055,19,2132.120131
10.555146,34,2132.370608
10.662632,29,2132.582368
11.197727,15,2132.690018
10.21924,64,2133.161506
10.373246,87,2133.801914
10.568538,36,2134.065272
11.143791,13,2134.162839
11.48381,8,2134.222745
10.39,2,2134.237828
11.213509,38,2134.518476
10.68576,57,2134.94713
10.692105,30,2135.166046
10.661667,1,2135.173547
10.661667,1,2135.181947
10.661667,1,2135.190381
10.731905,6,2135.235407
10.882807,48,2135.58762
10.940303,18,2135.752867
10.675848,66,2136.249909
10.725936,63,2136.725269
10.416111,41,2137.026968
10.822544,39,2137.31561
10.708889,36,2137.578611
10.689248,53,2137.973974
10.775848,46,2142.046368
10.856462,30,2142.262398
11.323333,2,2142.275909
11.082857,12,2142.364975
9.672544,73,2142.905522
10.762456,44,2143.232839
10.71307,54,2143.624013
10.602544,34,2143.874703
10.575585,65,2144.37409
10.262632,60,2144.847016
10.698977,45,2145.173177
10.932982,52,2145.600952
10.425673,53,2146.019607
10.366111,51,2146.390893
11.026667,8,2146.449536
10.829152,33,2146.694252
10.315238,49,2147.055026
10.61197,17,2147.179733
10.792368,31,2147.406925
10.708889,36,2147.67861
11.58,4,2147.707821
10.529152,44,2148.037102
10.628889,52,2148.419076
10.518889,74,2148.961325
10.152544,75,2153.308941
10.916818,13,2153.403044
10.539503,70,2153.918848
10.651667,3,2153.939804
10.73,25,2154.123653
10.311842,36,2154.393049
10.382807,50,2154.753145
10.890292,63,2155.214337
10.775673,32,2155.445446
10.195,1,2155.453007
10.886023,38,2155.743263
10.83038,82,2156.355468
10.192105,81,2156.950604
10.886111,45,2157.283036
11.055879,13,2157.380037
10.715936,65,2157.868264
10.716199,86,2158.511851
10.445585,42,2158.821771
10.656667,2,2158.836525
9.99,2,2158.85093
10.237941,26,2159.051218
10.261667,32,2159.288688
10.731905,6,2159.332405
10.976471,40,2159.626128
11.403571,5,2159.663049
10.522544,50,2160.024199
10.722895,38,2160.298714
10.505,20,2160.446468
10.760714,5,2160.48516
10.165673,56,2164.623955
10.70576,53,2165.017359
10.839678,24,2165.198527
10.135322,34,2165.450867
9.528538,48,2165.801306
10.385585,54,2166.203137
10.672719,34,2166.447784
10.162368,59,2166.882367
9.75,1,2166.88859
11.092857,10,2166.960881
10.362895,61,2167.404382
10.562018,49,2167.76945
10.472281,39,2168.057968
10.75576,43,2168.37507
11.036471,28,2168.578717
10.306374,84,2169.195492
10.545058,29,2169.413144
10.956199,38,2169.696423
10.68859,11,2169.783461
11.323333,2,2169.798073
10.488363,38,2170.326859
10.358977,64,2170.795618
11.203095,7,2170.845295
10.882982,62,2171.302474
9.32307,38,2171.579185
10.355936,39,2171.866969
10.870117,53,2172.251085
10.472368,46,2176.322356
10.522368,36,2176.585621
10.892632,32,2176.826814
10.859327,41,2177.129604
10.841176,20,2177.275516
10.746374,45,2177.605467
10.515146,42,2177.913669
10.889327,35,2178.166187
10.609152,77,2178.733909
10.908333,5,2178.770887
10.429678,57,2179.188949
10.55307,37,2179.461692
10.942719,29,2179.67607
9.895234,75,2180.223641
10.475,5,2180.261482
11.185,3,2180.283414
10.864091,9,2180.351485
10.712982,47,2180.701957
10.939503,39,2180.989666
9.99,2,2181.004049
9.828977,72,2181.532137
10.629591,59,2181.963723
10.492281,84,2182.583566
10.699415,31,2182.818085
10.979503,31,2183.050585
10.806111,61,2183.50211
10.906023,34,2187.513798
10.449327,74,2188.056122
11.375,5,2188.095221
10.661667,1,2188.102726
10.622368,65,2188.640206
10.882895,55,2189.059657
10.79,2,2189.076514
10.682807,39,2189.35969
11.148333,27,2189.564592
10.315936,47,2189.913108
11.385,3,2189.935404
10.879415,44,2190.249667
10.782121,37,2190.525368
10.669503,44,2190.848432
9.702982,102,2191.605722
11.095556,12,2191.694901
11.111667,11,2191.774734
10.432281,47,2192.124056
11.136667,26,2192.312818
10.539152,42,2192.624485
10.465848,59,2193.057363
10.919415,36,2193.322954
11.313333,4,2193.356265
10.715,18,2193.485852
10.535936,101,2194.228577
10.462281,41,2194.534449
10.725585,35,2194.790847
11.006905,31,2198.771092
10.698889,38,2199.049576
10.002368,42,2199.363853
10.819327,49,2199.723411
10.355,61,2200.168372
10.83576,27,2200.369775
10.641667,5,2200.405024
10.339678,75,2200.950307
10.62193,30,2201.166883
10.735497,26,2201.366375
10.413077,53,2201.751552
10.248713,65,2202.222776
10.325409,52,2202.603013
10.615409,43,2202.921153
10.968901,26,2203.111324
10.890476,20,2203.258883
9.988363,40,2203.555102
10.435497,86,2204.197191
10.52845,37,2204.496797
11.995,1,2204.508073
10.799766,39,2204.804352
10.671111,8,2204.862688
11.435909,11,2204.942919
10.345585,62,2205.397306
10.912619,27,2205.640916
9.346023,52,2206.054279
10.746111,73,2210.300819
9.386287,65,2210.785108
10.755848,50,2211.148987
11.213095,5,2211.18573
10.810882,29,2211.405945
10.42924,71,2211.931249
10.60193,34,2212.187028
10.939327,25,2212.371514
9.969152,58,2212.834339
10.242982,43,2213.151918
10.548713,54,2213.549064
10.674286,8,2213.606802
10.759152,47,2213.959569
10.512368,38,2214.242944
11.092857,10,2214.315973
10.778485,14,2214.418167
11.056462,39,2214.707316
10.579152,34,2214.959307
10.511754,38,2215.242022
10.782895,26,2215.43023
10.803464,38,2215.710177
10.799064,32,2215.952864
10.735673,40,2216.246397
10.825882,27,2216.44713
10.885936,31,2216.678104
10.475455,14,2216.781313
10.619942,40,2217.084686
10.675497,38,2217.357392
10.805936,47,2221.481485
10.242281,85,2222.105406
10.629152,24,2222.279758
11.995,1,2222.288273
10.731154,23,2222.458844
10.662456,64,2222.934208
10.606111,52,2223.339803
10.885936,31,2223.574492
10.67307,62,2224.038776
9.75,1,2224.045638
10.595234,33,2224.29033
10.929415,34,2224.538822
10.698801,31,2224.765865
10.82924,40,2225.074054
10.893571,7,2225.12676
10.738977,37,2225.393306
11.076374,28,2225.602635
10.896023,36,2225.864208
10.886023,38,2226.140995
10.795936,49,2226.498986
10.182632,125,2227.409309
10.738801,23,2227.580439
10.917353,43,2227.901531
10.726287,42,2228.209657
10.349327,45,2228.532924
11.175,5,2228.569304
10.769064,38,2228.846265
10.840294,29,2233.019864
10.652807,45,2233.354296
9.641667,58,2233.775054
10.822719,53,2234.164855
10.843333,18,2234.300015
10.226023,72,2234.829993
10.735673,40,2235.124332
9.379766,78,2235.691263
9.918099,33,2235.935981
9.99,2,2235.950721
10.485673,41,2236.259374
10.181754,55,2236.666272
10.838889,10,2236.741508
10.513182,12,2236.827031
10.406287,57,2237.248501
10.772456,42,2237.551497
11.009766,46,2237.885221
10.986287,39,2238.173957
11.995,1,2238.181724
10.506961,30,2238.402436
10.438801,34,2238.653357
10.993421,75,2239.205115
10.225936,65,2239.681788
10.561842,35,2239.943093
10.245409,68,2240.438882
11.105556,10,2240.513575
10.858889,6,2244.272251
10.472895,39,2244.560264
10.108889,58,2244.986167
10.079503,64,2245.463745
9.99,2,2245.478475
10.452368,50,2245.845598
10.763182,11,2245.9266
10.652807,45,2246.255687
10.379503,53,2246.646102
10.23193,59,2247.089753
10.982807,28,2247.292809
10.716199,37,2247.563641
10.803529,55,2247.96484
10.568801,57,2248.385693
10.142193,98,2249.150818
10.426111,39,2249.434926
10.621667,9,2249.501228
10.628801,45,2249.8334
10.995,1,2249.841109
8.69576,63,2250.30727
10.60193,34,2250.558632
10.858889,6,2250.602692
10.562105,56,2251.021921
11.995,1,2251.029067
10.346199,62,2251.479373
10.49924,57,2255.641309
10.091316,38,2255.968601
10.336111,57,2256.433687
10.422193,42,2256.753705
10.674524,18,2256.885399
10.622895,58,2257.306406
10.598977,65,2257.773808
10.985,3,2257.794768
10.549152,40,2258.087419
10.942719,29,2258.303897
10.88924,28,2258.507815
10.73881,28,2258.715382
11.016667,10,2258.787664
10.898333,7,2258.842329
11.19,2,2258.856489
10.519503,74,2259.404115
10.866287,63,2259.876745
10.762807,72,2260.410309
10.98307,49,2260.765488
10.995,1,2260.772137
10.873571,11,2260.850348
9.895322,33,2261.093957
10.741364,19,2261.230335
10.668824,29,2261.449732
10.813333,24,2261.626791
10.922807,40,2261.91615
10.791176,30,2262.13678
10.864091,9,2262.201446
11.143246,31,2262.429901
10.803158,43,2262.748758
10.585322,42,2263.055735
10.99307,47,2267.245997
11.020909,14,2267.347672
10.152719,40,2267.641371
10.448889,88,2268.293288
10.415497,41,2268.589831
9.99,2,2268.605117
10.76768,53,2268.99987
10.505585,30,2269.218138
10.726199,84,2269.848524
11.153571,6,2269.89332
10.64193,26,2270.082466
10.933421,38,2270.363224
11.058205,14,2270.463329
10.675585,45,2270.798359
10.492281,35,2271.054062
10.680989,17,2271.182106
10.615322,36,2271.452686
10.635585,53,2271.841254
10.846023,46,2272.183363
10.716287,44,2272.515819
10.692281,44,2272.891872
10.585497,56,2273.315102
8.908538,74,2273.854758
10.809766,37,2274.122422
10.332193,60,2274.558768
10.775673,32,2278.455123
11.038636,16,2278.572651
11.674286,8,2278.630714
10.82307,32,2278.873628
10.661667,1,2278.881857
10.782368,33,2279.13413
10.750513,14,2279.234018
10.926818,11,2279.317316
10.833788,9,2279.387374
10.883571,9,2279.45333
10.278977,80,2280.046469
10.392719,41,2280.349272
10.832456,30,2280.570428
11.033158,46,2280.908877
10.867033,20,2281.058345
11.387179,20,2281.211619
10.565322,46,2281.5491
10.575585,65,2282.030117
10.692982,51,2282.406712
10.192456,60,2282.84771
11.103158,32,2283.085709
10.656667,2,2283.102014
10.712456,54,2283.502682
10.850294,27,2283.696543
10.758977,33,2283.93955
10.702719,28,2284.150543
10.362544,33,2284.39662
10.873158,78,2284.959219
10.542368,32,2285.197277
11.995,1,2285.204468
10.912381,8,2285.265478
10.775936,53,2285.65858
10.522456,43,2289.674217
10.642456,68,2290.33381
10.345848,34,2290.636754
10.702105,28,2290.849806
10.54924,47,2291.19655
10.591895,47,2291.534875
10.952719,27,2291.730103
10.92,16,2291.849988
10.862544,31,2292.077882
11.995,1,2292.085434
11.022619,5,2292.123774
10.799152,39,2292.417321
10.576287,121,2293.315784
10.819152,35,2293.575859
10.474971,36,2293.840303
10.545848,43,2294.161165
11.000556,11,2294.239234
10.478977,40,2294.531379
10.882632,34,2294.787129
10.582895,66,2295.278959
9.89845,65,2295.758006
10.90924,24,2295.935781
10.681667,10,2296.006835
10.50193,54,2296.405471
10.341228,30,2296.628935
10.592807,57,2297.054368
11.19,2,2297.069075
8.639064,72,2301.309683
10.752456,46,2301.652429
10.729152,53,2302.04716
11.995,1,2302.054811
11.243889,9,2302.121732
11.126637,39,2302.409925
10.909503,45,2302.735705
10.699064,52,2303.128705
11.25803,9,2303.194338
10.208977,45,2303.527299
10.789327,55,2303.936744
10.922807,40,2304.228845
10.78,4,2304.258111
10.600556,31,2304.486531
10.698713,24,2304.663638
10.863718,17,2304.793423
10.77924,50,2305.169323
10.239064,46,2305.509843
10.645936,30,2305.728889
10.985,3,2305.749532
10.822632,46,2306.088925
9.99,2,2306.103891
10.820882,27,2306.303212
11.18,4,2306.333328
10.716374,51,2306.714113
10.846462,32,2306.947129
10.215936,67,2307.43655
9.816111,63,2307.906874
10.334883,57,2308.334135
11.126818,11,2308.415371
10.018626,55,2312.492535
10.852632,40,2312.788122
10.976111,27,2312.993891
10.768977,31,2313.271839
10.730714,11,2313.370269
10.396023,87,2314.022264
10.869415,46,2314.363446
10.582456,31,2314.587751
9.822281,71,2315.111968
9.645673,62,2315.578705
10.532544,48,2315.988144
10.772281,28,2316.196286
10.879503,51,2316.570474
10.53845,35,2316.826341
10.930205,48,2317.176191
10.145936,32,2317.408515
10.409064,61,2317.909649
10.035322,54,2318.308835
11.175,5,2318.342929
10.515146,42,2318.65099
10.638977,57,2319.075072
10.709766,57,2319.48947
10.629327,38,2319.777245
10.849415,50,2323.836354
10.77,6,2323.88279
10.885,33,2324.128935
10.488889,31,2324.361366
10.819415,56,2324.795458
10.936462,63,2325.288754
11.301818,16,2325.405343
10.598538,30,2325.627599
10.738889,30,2325.857134
10.740714,9,2325.934783
11.006199,28,2326.203082
10.062719,58,2326.632735
10.392018,34,2326.884611
10.502281,33,2327.129735
10.731905,6,2327.176589
10.498538,50,2327.547254
10.44924,67,2328.043169
10.802895,71,2328.570124
10.37924,81,2329.159486
10.545,81,2329.757746
11.220556,18,2329.889653
11.039766,40,2330.183654
10.555058,27,2330.377423
10.938333,29,2330.588603
10.838889,10,2330.660525
10.665497,40,2330.955714
9.876374,72,2335.283262
10.328333,1,2335.291013
10.741111,25,2335.479062
10.97307,51,2335.85377
10.538626,49,2336.21539
10.88924,28,2336.425581
10.486199,34,2336.671131
11.995,1,2336.679922
10.815,18,2336.813855
11.323333,2,2336.829433
9.509064,45,2337.157212
10.622544,30,2337.379103
10.015848,51,2337.75179
10.526287,33,2337.993989
10.722895,38,2338.278153
10.616725,50,2338.645799
10.886111,45,2338.981384
10.235848,56,2339.396288
10.888333,9,2339.4628
11.200117,36,2339.72198
10.656023,35,2339.981835
10.666471,53,2340.37464
10.484971,34,2340.623411
10.658713,32,2340.857317
10.578626,41,2341.162069
10.756287,36,2341.428665
10.748889,28,2341.634087
10.589327,46,2341.972693
10.970909,24,2342.149778
10.765497,20,2342.29763
11.042982,30,2342.515821
10.612544,32,2342.744842
10.953333,76,2346.996041
10.782982,33,2347.240443
11.103636,12,2347.327324
11.022895,27,2347.525677
10.620294,24,2347.698924
10.615146,22,2347.86378
10.939327,25,2348.050012
10.485936,62,2348.49739
11.995,1,2348.504815
10.085673,72,2349.029401
11.313333,4,2349.058491
11.073158,38,2349.337713
10.45576,54,2349.740386
10.582544,38,2350.028917
10.926023,30,2350.461308
10.996199,30,2350.679691
10.503333,68,2351.180154
11.09655,38,2351.463673
11.123246,35,2351.720257
10.786199,72,2352.257057
10.77,6,2352.302478
9.975673,45,2352.631861
10.587949,26,2352.822709
10.822632,46,2353.165333
10.681667,10,2353.238416
10.278977,31,2353.473874
11.026111,17,2353.59543
10.780303,50,2353.968756
10.56655,46,2357.986798
10.817143,8,2358.047763
10.976199,34,2358.298289
10.96,8,2358.355821
10.839706,35,2358.627475
10.499474,49,2358.987261
-3.522632,400,2361.868077
11.323333,2,2361.88363
3.962368,279,2363.852902
6.657895,379,2370.647218
10.287368,83,2371.259326
7.61,228,2372.920854
-3.648947,400,2375.859866
9.99,2,2375.875994
-0.400526,220,2381.424678
10.985,3,2381.446559
9.849211,100,2382.195312
8.675,171,2383.426415
10.975,55,2383.826945
10.600294,28,2384.023229
5.399211,353,2386.673427
10.590275,27,2386.867594
10.513333,4,2386.896367
-2.711053,400,2393.906291
10.720526,58,2394.329031
11.056667,2,2394.343686
11.177143,16,2394.457594
10.135,75,2394.999565
9.362632,240,2396.730285
10.276053,100,2397.456649
10.314412,44,2397.771379
9.746316,138,2398.774588
10.762857,27,2398.975864
9.952105,80,2399.558851
9.483421,239,2405.317144
11.401667,13,2405.413198
8.327368,230,2407.0615
9.931316,61,2407.500532
9.424211,292,2409.575254
9.99,2,2409.589544
8.887895,258,2415.637805
10.276316,130,2416.569698
-2.226842,400,2419.482324
10.966579,53,2419.872398
10.63,65,2420.322361
10.725165,22,2420.482023
9.752105,120,2421.345604
9.939474,63,2421.788048
10.79,2,2421.803766
10.362632,58,2422.230904
10.835556,15,2422.343128
10.174211,44,2422.668382
10.647273,16,2422.786548
9.953947,107,2427.507954
10.208947,96,2428.202777
10.220789,139,2429.208104
7.750789,241,2430.965327
10.901053,64,2431.443383
10.148158,103,2432.187431
10.26,139,2433.208259
10.324211,63,2433.67441
11.475,5,2433.711687
9.99,2,2433.727921
10.515263,78,2438.137222
10.837632,83,2438.741619
7.453947,166,2439.935253
8.808158,206,2441.437495
10.985,3,2441.458338
10.701053,55,2441.857708
10.894737,40,2442.14644
10.822544,39,2442.481255
10.540263,113,2443.304701
9.787368,183,2444.678112
10.640263,93,2445.386891
10.934011,11,2445.476801
11.006667,12,2445.564907
10.507105,58,2449.9395
10.594545,12,2450.029895
10.298421,85,2450.656508
10.555526,131,2451.667042
10.289474,91,2452.337854
10.862105,76,2452.897348
10.723947,51,2453.458478
9.867895,178,2454.81363
10.689737,41,2455.114809
10.656667,2,2455.129708
8.918158,282,2457.184772
10.245526,64,2461.526606
10.437368,53,2461.923464
10.676842,43,2462.233946
9.797895,45,2462.563489
8.351053,133,2463.554671
10.286316,79,2464.137062
10.889697,16,2464.255581
10.306579,185,2465.597741
11.213095,5,2465.632943
10.864359,22,2465.797765
9.696053,87,2466.422538
11.155,9,2466.489278
10.812632,48,2466.84397
10.821053,80,2467.418582
9.810526,93,2468.079409
9.286316,83,2468.684464
10.519211,64,2472.951123
10.247895,102,2473.69625
10.664737,86,2474.323164
10.415,68,2474.808479
10.069474,86,2475.445755
10.372368,75,2475.998142
10.507105,58,2476.431674
10.081053,179,2477.732744
10.306053,45,2478.057174
9.973158,129,2479.001148
11.040952,28,2479.213422
10.591316,58,2479.637775
10.738977,37,2479.910378
10.328333,1,2479.91866
9.840526,56,2484.133317
11.039737,51,2484.507788
10.718158,69,2485.007216
10.787105,51,2485.37965
10.425526,77,2485.95161
10.532895,85,2486.579446
10.045789,116,2487.436145
9.75,1,2487.442343
10.69619,36,2487.705432
10.519737,75,2488.256749
10.633684,88,2488.90726
11.232778,9,2488.97378
10.769474,44,2489.295884
10.792727,16,2489.417081
10.95,10,2489.493236
11.995,1,2489.501038
10.332895,125,2490.41968
10.858421,22,2490.5819
11.182222,8,2490.641213
10.303158,63,2491.106965
10.787105,51,2495.245387
10.971842,73,2495.814777
10.560263,60,2496.270024
10.495033,35,2496.528428
10.368636,30,2496.742989
10.600263,52,2497.126361
9.998947,58,2497.547362
10.502632,61,2497.989151
10.710789,72,2498.522553
10.417895,50,2498.882075
11.323333,2,2498.897039
10.455263,41,2499.19584
10.636579,39,2499.482046
11.995,1,2499.489634
10.101667,27,2499.683255
10.873718,15,2499.792472
10.903571,5,2499.829821
10.789121,18,2499.964214
10.722368,36,2500.226215
9.935526,77,2500.788281
10.548684,65,2501.269441
10.580263,56,2501.681409
9.943158,86,2502.306957
10.542632,53,2502.69097
9.99,2,2506.517049
10.574737,55,2506.922166
10.990909,20,2507.108423
10.833684,48,2507.48994
10.803684,54,2507.891864
10.262632,60,2508.338732
10.553788,16,2508.457319
10.157368,60,2508.896314
10.878333,11,2508.975009
11.102273,5,2509.010539
10.871053,70,2509.535078
10.748947,86,2510.168216
10.684474,52,2510.548636
10.729872,13,2510.643358
9.984211,82,2511.255308
10.687368,52,2511.641233
10.787105,51,2512.020996
10.662895,59,2512.456094
10.723947,51,2512.826058
9.308158,106,2513.605989
10.399211,88,2518.01224
10.882368,53,2518.446962
11.995,1,2518.454687
10.675263,46,2518.790825
11.035263,54,2519.202578
10.730526,56,2519.617555
10.732632,64,2520.303329
10.709737,37,2520.574505
10.372895,68,2521.071705
10.602368,60,2521.515522
10.668947,22,2521.679063
10.703158,32,2521.912045
10.248421,46,2522.251109
9.123684,96,2522.956761
10.510263,70,2523.464935
10.376818,23,2523.629527
11.323333,2,2523.645505
10.609737,88,2524.2908
11.237727,7,2524.34098
10.911316,43,2524.663028
10.967222,11,2524.741455
10.633421,58,2525.169607
10.859118,38,2525.447245
10.752895,41,2529.524799
10.870263,47,2529.867147
11.995,1,2529.875093
10.791536,43,2530.228775
10.665526,60,2530.672263
11.141667,5,2530.710371
10.761579,54,2531.112278
10.335526,46,2531.451532
10.579211,52,2531.839397
10.627632,45,2532.175289
10.677368,54,2532.580646
11.006667,12,2532.668998
10.328333,1,2532.676473
10.161842,57,2533.095075
10.585,34,2533.339338
10.057632,61,2533.792051
10.899444,9,2533.857267
10.618684,51,2534.234221
10.456842,56,2534.647312
10.977564,25,2534.836113
10.828158,47,2535.181602
10.618947,32,2535.422279
10.589737,61,2535.874964
10.508684,24,2536.055558
10.040789,77,2536.626456
10.947632,61,2537.076218
10.600789,94,2541.522133
8.803158,69,2542.025374
10.812632,48,2542.381083
10.615526,39,2542.670726
10.649737,49,2543.029467
10.687368,52,2543.41279
10.798158,53,2543.802741
10.923421,49,2544.167697
10.873684,40,2544.462059
10.899412,26,2544.656916
10.586667,16,2544.772917
10.516316,33,2545.017006
10.925789,38,2545.293939
10.718636,9,2545.357552
10.892632,32,2545.59689
10.849091,12,2545.68212
11.323333,2,2545.697394
10.873571,11,2545.77773
11.036429,7,2545.829064
10.092632,45,2546.155058
10.543421,45,2546.486075
10.868158,39,2546.777817
10.574211,62,2547.238866
9.837895,37,2547.507334
10.922381,6,2547.551453
10.323421,120,2552.177487
10.463684,73,2552.714239
10.670714,34,2552.960995
11.323333,2,2552.975748
10.179211,52,2553.36125
10.773182,9,2553.426241
10.350263,53,2553.81638
10.378158,57,2554.234427
10.691053,26,2554.423988
10.061579,96,2555.127956
10.686579,60,2555.566613
11.651667,3,2555.58689
10.630263,46,2555.973932
11.323333,2,2555.988717
10.706316,44,2556.310754
10.592368,31,2556.545145
10.472368,55,2556.948181
10.409211,86,2557.583986
10.789474,40,2557.87421
10.521579,53,2558.2588
10.706053,63,2558.725411
10.493421,55,2559.130795
9.75,1,2559.137121
9.782368,46,2559.481378
10.817632,38,2563.528937
10.665,67,2564.01985
11.293333,8,2564.080607
10.277105,104,2564.838914
10.570526,39,2565.130868
9.586667,51,2565.496716
10.599474,29,2565.711329
10.303684,56,2566.154704
10.379737,103,2566.910255
11.651667,3,2566.933719
10.863684,42,2567.262813
10.513421,51,2567.70114
10.826053,39,2567.995176
10.898158,33,2568.24105
10.762895,39,2568.529626
10.497895,52,2568.910595
11.020952,32,2569.141235
10.95,10,2569.216365
10.671316,42,2569.524895
10.848421,24,2569.698312
10.976316,70,2570.209018
11.214444,6,2570.251734
10.408684,44,2570.574125
10.391053,37,2570.846568
10.120526,49,2574.950795
10.550263,62,2575.418432
10.916842,44,2575.744309
10.165,69,2576.259671
10.634412,29,2576.47132
10.120263,50,2576.83837
10.516316,82,2577.443111
10.592632,43,2577.964281
10.890055,11,2578.043586
10.646316,38,2578.327524
11.19,2,2578.343261
10.703158,32,2578.580629
10.623421,29,2578.818996
10.510263,70,2579.377668
10.634394,12,2579.463822
10.416316,53,2579.861086
10.235,55,2580.270443
10.556061,10,2580.346982
10.713158,30,2580.565072
10.447368,51,2580.934091
11.995,1,2580.941311
10.874737,44,2581.263105
10.889444,11,2581.34626
10.367857,26,2581.539564
10.697632,31,2581.765814
10.532778,9,2581.831581
10.651316,46,2582.170187
11.995,1,2582.17719
10.525,46,2582.515728
10.516579,94,2586.99472
9.977895,58,2587.425175
10.416316,53,2587.821945
10.858421,22,2587.982172
10.644737,41,2588.285503
10.932719,31,2588.509404
10.957381,30,2588.728992
10.739474,50,2589.099047
10.982105,52,2589.476489
9.75,1,2589.483016
10.630789,57,2589.905278
10.696667,25,2590.100379
10.099444,22,2590.272855
10.919545,27,2590.498769
10.525556,6,2590.542252
10.898333,7,2590.595099
10.543947,38,2590.880293
10.443684,77,2591.444106
10.221842,45,2591.779326
10.636579,39,2592.067095
11.995,1,2592.075651
10.727368,44,2592.403147
10.671111,8,2592.464628
8.722368,62,2592.91548
10.691579,68,2593.412296
10.806053,43,2593.729246
11.017632,47,2597.794588
11.323333,2,2597.80962
10.147632,92,2598.48971
10.574474,43,2598.815957
10.711842,45,2599.150201
10.053684,57,2599.570258
10.443158,35,2599.833022
11.084211,40,2600.125642
10.704211,36,2600.387652
10.463235,26,2600.579737
10.759211,65,2601.061406
10.645789,45,2601.385989
11.092105,30,2601.610072
10.559211,105,2602.383908
10.456316,45,2602.721822
10.808421,32,2602.961398
10.682143,35,2603.221414
11.995,1,2603.228258
10.237105,63,2603.691042
10.775936,53,2604.086182
10.355526,42,2604.396543
11.179118,23,2604.566294
10.483684,118,2609.19814
11.204444,8,2609.257979
10.481316,31,2609.481248
10.993421,35,2609.743914
10.659211,85,2610.379022
11.313333,4,2610.407986
10.780526,46,2610.749995
10.755,49,2611.114909
11.995,1,2611.123013
10.375263,57,2611.536463
10.599737,59,2611.972884
10.743333,18,2612.107374
10.833077,18,2612.24363
10.662576,19,2612.386168
10.632105,42,2612.697439
10.755,19,2612.834217
10.447895,44,2613.155302
10.789474,40,2613.448564
11.194444,10,2613.522814
11.106818,15,2613.635195
10.139737,53,2614.037429
10.763788,23,2614.211449
11.175,5,2614.250935
11.12,16,2614.371099
10.747632,52,2614.758138
10.792105,41,2615.062086
10.769474,44,2615.383559
10.762456,44,2615.731416
10.913158,70,2616.271825
10.960263,29,2616.482952
10.711905,10,2616.555691
10.820526,38,2620.530479
9.75,1,2620.537579
10.892105,70,2621.053456
10.393158,45,2621.389691
10.477368,45,2621.72198
10.824091,17,2621.851537
10.754211,57,2622.282015
10.915789,40,2622.575154
10.884737,42,2622.883142
10.631316,50,2623.247673
9.747895,55,2623.651983
10.767368,36,2623.907284
10.680556,15,2624.022434
10.853684,44,2624.349126
10.552368,39,2624.635721
10.381316,69,2625.144977
10.880263,45,2625.473491
10.032632,75,2626.030379
10.762105,47,2626.37266
10.872632,36,2626.64287
10.641667,5,2626.678805
10.790789,56,2627.147836
10.410513,33,2627.399557
10.856842,56,2627.839666
10.861046,35,2631.821875
10.9,60,2632.270961
10.544474,49,2632.631862
10.600526,33,2632.869914
10.758158,61,2633.326804
10.953421,43,2633.638976
10.923421,49,2633.984726
10.733421,38,2634.271168
11.375,5,2634.308026
10.763947,43,2634.62053
10.746053,55,2635.070475
10.802895,31,2635.465615
10.741053,47,2635.853436
10.608158,42,2636.161122
10.769474,44,2636.481354
10.832895,25,2636.66733
10.723421,40,2636.959181
9.99,2,2636.973517
10.797143,12,2637.064995
10.660275,13,2637.16128
11.995,1,2637.168525
11.017632,47,2637.518503
10.840526,34,2637.769291
10.846842,58,2638.197564
11.323333,2,2638.213204
10.699872,19,2638.356508
10.518421,41,2638.664896
10.162632,49,2639.032593
10.657632,39,2639.324328
11.323333,2,2639.338813
10.268333,15,2639.449869
10.889211,39,2643.499719
10.490263,74,2644.041187
10.684474,52,2644.42062
10.4,31,2644.645323
10.777368,34,2644.893976
10.654474,27,2645.095379
10.638158,36,2645.365187
11.177424,13,2645.459993
10.828889,12,2645.549953
10.995,1,2645.556963
10.691316,38,2645.829759
10.622105,44,2646.159646
11.192222,6,2646.2012
10.49881,27,2646.40213
10.661667,1,2646.409525
10.513421,51,2646.784798
11.213095,5,2646.821652
11.323333,2,2646.836006
10.963421,41,2647.141789
10.991316,27,2647.343116
9.132368,78,2647.979421
10.689474,60,2648.42435
10.957895,40,2648.716579
11.323333,2,2648.73197
10.612105,46,2649.071379
10.812143,9,2649.139215
10.469474,24,2649.319292
10.572105,36,2649.594688
10.358421,73,2650.147546
10.61,38,2650.428758
11.150769,16,2650.546348
10.459737,38,2650.822346
10.756053,53,2654.87106
10.983421,37,2655.145586
11.995,1,2655.152792
10.850526,32,2655.384451
10.554737,28,2655.595073
10.531053,58,2656.022715
10.612368,58,2656.448956
10.835789,56,2656.856057
10.589737,61,2657.309183
10.868158,39,2657.595591
10.683158,36,2657.861996
10.841316,57,2658.280261
10.799474,38,2658.559017
10.770526,48,2658.911611
10.522895,38,2659.190935
10.780263,65,2659.68273
10.99,42,2659.991723
10.730789,37,2660.263838
10.458421,53,2660.654456
10.438421,57,2661.07156
10.884737,42,2661.391049
10.328333,1,2661.39821
10.721667,19,2661.53465
11.19,2,2661.549534
9.142895,69,2662.050898
10.935526,55,2666.11726
10.785,43,2666.433165
10.808421,32,2666.66262
10.711842,45,2666.995852
10.782895,35,2667.256429
10.529211,62,2667.709307
10.692105,30,2667.931734
10.518421,41,2668.227863
11.995,1,2668.235642
10.875,15,2668.350606
10.781842,31,2668.579182
10.630263,46,2668.921788
11.021667,19,2669.059497
10.661667,1,2669.067547
10.507105,27,2669.270255
10.710789,41,2669.574349
10.817105,45,2669.918968
10.336842,31,2670.157781
10.926287,51,2670.530907
10.333947,31,2670.757866
10.732105,22,2670.921918
10.869211,43,2671.249547
10.563421,41,2671.559509
10.465,7,2671.611713
11.273333,12,2671.701879
10.831579,40,2671.997706
10.668421,60,2672.438906
10.786099,23,2672.611633
10.746961,31,2672.843176
10.986765,35,2673.105764
10.715,57,2677.347682
10.959967,25,2677.531756
10.342895,25,2677.719533
10.772807,21,2677.878533
10.637368,62,2678.339851
10.742143,23,2678.508561
10.354474,38,2678.787483
10.959211,25,2678.976642
10.891316,47,2679.317338
10.661667,1,2679.324584
10.96,48,2679.670959
10.833684,48,2680.024197
10.967941,27,2680.225323
10.801316,65,2680.710516
10.747368,40,2681.007931
10.506316,35,2681.263524
10.874474,63,2681.721353
10.414211,45,2682.050705
11.183095,11,2682.131645
10.740327,33,2682.374449
10.603684,45,2682.707953
10.828158,47,2683.055319
10.942368,41,2683.356466
10.741905,4,2683.38615
10.630789,57,2683.804915
10.918571,22,2683.962387
10.632632,84,2684.577107
10.780789,27,2684.774397
11.185,3,2684.79701
10.512632,28,2688.77945
10.712193,33,2689.065604
10.468421,51,2689.439397
10.713158,30,2689.663395
10.849474,28,2689.875443
10.895455,10,2689.949602
10.082105,54,2690.33801
10.284706,47,2690.682729
10.714211,34,2690.937261
10.863947,23,2691.106464
10.663421,52,2691.483227
10.732632,64,2691.947335
10.353421,34,2692.194859
10.925789,38,2692.470759
10.507368,39,2692.761471
10.744673,21,2692.920374
10.841579,38,2693.206034
10.635,14,2693.307354
11.046667,4,2693.337244
10.747879,8,2693.394364
10.708158,71,2693.92187
10.678684,39,2694.41641
10.892632,32,2694.648554
10.433684,48,2694.999213
10.758421,42,2695.31331
10.933824,25,2695.502258
10.805,39,2695.825596
10.545526,53,2696.213607
10.741842,39,2700.234757
10.399118,31,2700.459578
10.888333,9,2700.527011
10.566053,42,2700.836721
10.46119,3,2700.858579
10.403947,66,2701.340472
9.692105,83,2701.949541
10.762895,39,2702.235795
10.461842,46,2702.593894
10.599211,48,2702.946926
10.751842,37,2703.22009
10.738901,23,2703.389128
10.384444,25,2703.569139
10.890263,43,2703.886561
10.999737,59,2704.334207
10.716579,54,2704.732768
10.870055,15,2704.841126
10.876842,52,2705.224589
10.124211,54,2705.62088
10.764211,24,2705.797817
9.759474,50,2706.161663
10.568947,73,2706.70051
10.640458,34,2706.952727
10.768158,59,2707.392681
10.383684,58,2711.626194
10.966579,53,2712.022946
10.683158,36,2712.290651
10.78,4,2712.324626
10.970303,12,2712.444667
10.914737,36,2712.71188
9.988158,68,2713.207794
10.945606,23,2713.379356
10.998947,36,2713.642306
10.271842,35,2713.906805
9.162368,54,2714.297529
10.762059,27,2714.496819
10.890526,24,2714.672912
11.312143,9,2714.73713
10.665789,41,2715.041421
11.323333,2,2715.055987
10.828158,47,2715.405449
10.817105,45,2715.737937
10.536099,24,2715.909002
10.748684,25,2716.091354
10.152105,40,2716.390874
10.954737,28,2716.598445
10.57,77,2717.171285
10.252368,50,2717.539378
10.807368,28,2717.750226
9.901053,37,2718.028423
10.636579,39,2718.308602
11.237105,41,2718.617408
10.522632,57,2719.037629
10.916842,44,2723.089359
10.301842,78,2723.660909
10.825,35,2723.913809
10.842143,3,2723.935075
10.711667,32,2724.170771
11.995,1,2724.178094
10.411579,75,2724.733393
10.971053,50,2725.099142
10.741905,4,2725.126714
10.523421,49,2725.485774
10.254211,77,2726.047789
10.637368,62,2726.505034
10.854091,11,2726.587201
11.541429,6,2726.632614
10.718684,31,2726.863433
10.643235,39,2727.154427
10.226667,39,2727.440836
10.428684,40,2727.733253
10.972619,15,2727.844169
9.75,1,2727.84993
11.076813,22,2728.011388
10.568947,24,2728.187514
9.75,1,2728.194601
10.655526,31,2728.425437
10.680263,36,2728.689537
11.323333,2,2728.704782
10.492807,77,2729.26924
11.995,1,2729.276409
10.63,34,2729.529078
10.812632,48,2729.886246
10.890263,43,2730.203475
10.788158,55,2734.302619
9.75,1,2734.309827
10.744211,59,2734.754617
9.99,2,2734.770194
10.677273,10,2734.845208
10.857105,37,2735.112033
10.832143,5,2735.147268
11.005526,41,2735.459124
9.920263,237,2737.275215
10.453158,33,2737.52163
10.808421,32,2737.755352
10.750526,52,2738.13677
10.533182,17,2738.261513
11.651667,3,2738.286843
10.411538,10,2738.359771
10.845,21,2738.518233
10.024474,184,2739.88343
10.464211,35,2740.140927
10.948947,46,2740.477545
10.661667,1,2740.485972
10.767368,36,2740.753767
10.600526,33,2740.997496
10.363947,74,2741.539537
10.607368,68,2745.723424
10.486842,50,2746.101714
10.767368,36,2746.367356
9.75,1,2746.374779
10.635263,54,2746.779128
10.720789,39,2747.068808
10.694211,38,2747.349585
10.615526,39,2747.634031
10.718636,9,2747.699275
10.718421,50,2748.066746
10.782059,23,2748.242577
11.246593,32,2748.523575
10.791667,25,2748.711313
10.506053,54,2749.112844
10.725263,36,2749.378538
10.571316,31,2749.667487
10.830526,36,2749.938873
10.917222,21,2750.095192
10.663158,40,2750.393974
10.713158,30,2750.622422
10.262273,13,2750.717986
10.831579,40,2751.003781
10.437895,46,2751.547845
10.626319,11,2751.632242
10.686053,67,2752.125298
11.116316,42,2752.435606
10.638684,47,2752.787364
10.531842,32,2753.021635
10.445,31,2753.249999
10.446579,28,2757.160243
10.414444,6,2757.203209
9.971429,22,2757.366841
10.42,27,2757.566342
10.685526,25,2757.754253
10.785,43,2758.071476
10.570526,39,2758.359119
11.651667,3,2758.381045
10.898158,33,2758.624947
10.855,29,2758.84123
11.025294,42,2759.157425
11.130769,20,2759.302343
11.111842,45,2759.635317
11.403571,5,2759.670702
10.457105,37,2759.947049
10.712105,57,2760.366095
10.509737,28,2760.580634
10.524474,53,2760.966296
10.521579,53,2761.365005
10.460789,42,2761.676048
10.270714,3,2761.699087
11.061842,55,2762.105842
10.86732,20,2762.256954
10.475263,37,2762.533257
10.14,34,2762.779657
10.227105,34,2763.026801
10.998947,36,2763.294235
10.870526,28,2763.497792
10.643421,25,2763.684984
10.689737,41,2763.9861
11.55,10,2764.062153
10.54619,17,2764.185943
10.437632,34,2764.435548
10.511053,62,2768.603712
10.662368,48,2768.961483
11.137424,21,2769.11237
10.860526,30,2769.330021
10.742895,43,2769.645372
10.832143,5,2769.682904
11.995,1,2769.690136
10.708684,33,2769.928974
10.674211,42,2770.246724
10.638684,47,2770.64196
10.843947,27,2770.838789
10.452895,52,2771.218382
10.952368,39,2771.508279
10.716053,61,2771.964998
10.661579,25,2772.153891
10.977895,36,2772.421897
10.552105,40,2772.771033
11.18,4,2772.805747
10.696579,27,2773.004527
8.525263,66,2773.484526
10.999545,11,2773.565603
10.086842,32,2773.799159
10.873947,52,2774.181037
10.363684,44,2774.508712
10.749211,67,2775.005743
10.109474,47,2775.34988
10.208158,42,2775.659773
10.539211,60,2779.834161
11.684286,6,2779.879601
10.768421,40,2780.175443
10.575789,28,2780.38601
10.947778,6,2780.429511
10.763947,43,2780.747424
10.710263,30,2780.971
10.916579,63,2781.438617
10.661667,1,2781.44645
10.856053,33,2781.691787
10.475476,36,2781.95828
10.870526,28,2782.165353
9.99,2,2782.180715
10.435789,87,2782.824669
10.461842,46,2783.156977
10.303421,44,2783.486579
11.023158,48,2783.838645
10.666961,47,2784.180976
10.851579,36,2784.453741
10.723235,23,2784.626957
10.544474,49,2784.9884
10.683947,59,2785.42275
10.686316,48,2785.775362
9.069152,42,2786.084596
10.832632,44,2786.410482
10.444211,39,2786.697968
10.708684,33,2786.943394
10.805,39,2787.22683
11.03,34,2791.114237
10.911579,24,2791.29013
10.692105,30,2791.511604
10.530789,28,2791.718895
10.051316,68,2792.213977
10.642632,33,2792.453648
10.692105,30,2792.675008
10.617857,5,2792.712927
10.666842,45,2793.049226
10.861579,34,2793.296221
10.476053,29,2793.512906
11.313333,4,2793.542452
10.721842,43,2793.862353
10.547895,42,2794.171358
10.375,5,2794.208561
10.512632,59,2794.641226
10.936842,40,2794.931215
10.202222,4,2794.96116
10.799444,9,2795.024956
10.707632,29,2795.240767
10.710556,9,2795.308675
10.777368,34,2795.550477
10.937967,19,2795.691918
10.835556,15,2795.801177
10.818333,33,2796.044898
10.69,53,2796.435995
10.957895,40,2796.753239
10.591053,46,2797.10737
10.619737,55,2797.510281
10.914474,55,2797.908371
10.738158,65,2798.381742
9.75,1,2798.388391
10.895789,44,2802.479297
10.801842,27,2802.681537
10.792895,33,2802.927265
10.927778,10,2803.002255
10.875,25,2803.186191
10.858529,43,2803.511029
10.793947,37,2803.781426
10.928158,27,2803.978884
10.863684,42,2804.289503
10.824737,54,2804.689991
10.078158,50,2805.053169
10.729737,33,2805.298172
11.121667,9,2805.36376
10.813684,52,2805.750212
10.296053,47,2806.097629
10.860526,30,2806.316944
10.741842,39,2806.603853
11.385,3,2806.626152
10.525263,58,2807.05528
10.274737,35,2807.316107
10.738421,28,2807.518536
10.656667,2,2807.533463
10.840526,34,2807.782117
10.660789,51,2808.157249
10.833684,48,2808.508886
10.786316,28,2808.753587
10.870526,28,2808.962879
11.033421,27,2809.367762
10.028421,41,2809.669589
11.343889,9,2809.751965
11.024474,33,2810.061666
10.925789,38,2814.064968
10.661667,1,2814.073615
10.891316,47,2814.422132
10.534744,11,2814.503044
11.175,5,2814.53904
10.843718,21,2814.698592
10.651667,3,2814.719669
10.566111,9,2814.787968
10.628947,30,2815.009033
10.789474,40,2815.305668
10.592632,43,2815.62059
10.693182,25,2815.802552
10.677895,47,2816.152294
10.787368,32,2816.391486
10.919211,33,2816.646553
10.823684,50,2817.057997
10.528158,58,2817.484912
10.656667,2,2817.500797
10.887353,49,2817.869506
10.876053,29,2818.086737
10.422105,35,2818.339513
10.641667,5,2818.375695
10.845526,24,2818.550928
10.827143,6,2818.595783
10.911053,62,2819.062101
9.99,2,2819.077265
10.547368,31,2819.301661
10.946579,57,2819.723501
10.147105,50,2820.094193
10.79,2,2820.109633
10.656667,2,2820.125075
10.795,41,2820.426475
10.467632,28,2820.634257
9.99,2,2820.6495
10.923684,30,2820.867281
10.657632,39,2821.163404
10.551842,28,2821.367736
10.648947,57,2825.499037
11.119737,35,2825.761548
10.509474,47,2826.10388
10.490526,55,2826.50778
10.96,48,2826.860517
10.942381,2,2826.876504
10.778333,41,2827.180717
10.691053,26,2827.375746
10.774737,64,2827.843366
10.783947,39,2828.131284
10.812143,9,2828.201164
10.862632,38,2828.486037
10.879211,41,2828.790184
11.065526,29,2829.00492
10.902368,49,2829.364797
10.39,2,2829.379185
10.668571,23,2829.545798
11.011667,21,2829.7047
10.797105,49,2830.06232
10.246316,38,2830.354203
10.839211,49,2830.712848
11.055263,50,2831.078969
10.775294,43,2831.394358
10.84576,25,2831.57689
10.995,1,2831.584839
10.328333,1,2831.591789
10.778485,14,2831.691813
10.903684,34,2831.94396
10.407778,16,2832.061053
10.983421,37,2832.338952
11.058684,43,2832.649562
11.323333,2,2832.664145
10.912368,47,2836.677688
10.384737,44,2837.007572
10.62,36,2837.333695
10.562368,37,2837.603729
11.039678,33,2837.850144
11.144725,26,2838.042254
10.551579,47,2838.390461
10.563684,53,2838.792588
10.302105,59,2839.227515
11.099487,16,2839.34618
11.012368,27,2839.546571
11.293333,8,2839.605211
10.94,12,2839.695293
11.280455,13,2839.792948
10.747368,40,2840.091267
10.986667,16,2840.210138
10.836053,37,2840.484483
10.988947,38,2840.766081
10.909697,12,2840.854261
11.023421,29,2841.072685
10.754737,68,2841.628387
10.996579,47,2841.978628
11.023421,29,2842.192024
10.908158,31,2842.418934
10.516316,33,2842.65891
11.145263,32,2842.89265
10.55,50,2843.254267
11.01881,21,2843.412113
10.728158,67,2843.914067
10.852632,40,2847.921438
11.213095,5,2847.960251
10.543947,38,2848.241997
10.323158,41,2848.539652
10.449737,40,2848.83449
10.689737,41,2849.131497
10.778333,11,2849.212322
10.566842,34,2849.4698
10.657273,14,2849.573786
11.19,2,2849.588398
10.738421,46,2849.921494
10.899444,9,2849.987309
10.678333,21,2850.141635
10.082895,28,2850.352516
10.685526,25,2850.542511
10.75,10,2850.617259
10.604394,18,2850.751466
11.034211,50,2851.118008
11.05,30,2851.342571
11.166364,14,2851.447303
11.995,1,2851.454604
10.515263,78,2852.029748
10.328333,1,2852.037046
10.744211,28,2852.245445
10.966842,34,2852.502431
10.686579,29,2852.714301
10.899211,37,2852.988907
10.341667,37,2853.261053
10.799474,38,2853.54293
10.816053,41,2853.843422
10.694211,38,2854.119777
10.690789,76,2854.682325
10.644474,29,2854.898932
10.766316,32,2855.138234
10.790789,25,2855.325981
10.621905,28,2859.257303
10.787368,32,2859.489154
10.980263,25,2859.678692
10.500789,34,2859.925156
10.565789,30,2860.145582
10.652105,38,2860.43029
10.703158,32,2860.668318
10.997895,32,2860.903723
10.951316,35,2861.158039
10.699737,39,2861.442845
10.934474,51,2861.816032
10.732143,25,2862.002919
10.269737,45,2862.33534
10.669211,34,2862.591556
10.878158,37,2862.861487
9.99,2,2862.875736
10.715789,31,2863.096286
10.723158,28,2863.303531
10.681053,28,2863.738195
10.990556,13,2863.83674
10.562368,37,2864.114241
10.833077,18,2864.249503
10.321053,51,2864.624139
11.011579,35,2864.880867
11.172895,37,2865.154096
11.215,27,2865.355861
10.538421,37,2865.628947
10.675263,46,2865.966557
10.661842,55,2866.374577
10.740789,35,2866.63524
9.75,1,2866.641683
10.759737,27,2866.845323
10.724737,25,2870.808577
10.3,51,2871.176983
9.406053,78,2871.748824
10.530263,35,2872.011183
10.595,32,2872.250159
10.624737,45,2872.590117
11.098684,35,2872.85139
10.723947,51,2873.229254
10.592222,6,2873.273447
11.323333,2,2873.288365
10.714474,46,2873.629644
11.98,4,2873.658722
10.670526,68,2874.157384
11.027632,45,2874.497369
10.706316,44,2874.827954
10.766667,20,2874.982354
10.352368,61,2875.430605
11.159286,11,2875.512401
10.841579,38,2875.79327
10.621111,18,2875.927239
10.614474,35,2876.185355
10.995,1,2876.193275
10.551429,4,2876.223073
10.953421,43,2876.543126
11.046471,26,2876.749473
10.98,24,2876.954169
10.818684,42,2877.269737
10.444211,39,2877.554687
10.97,6,2877.598865
10.593421,66,2878.08932
10.688684,37,2882.059045
11.05,30,2882.283091
11.085882,24,2882.460936
10.942368,41,2882.755027
10.266316,34,2883.008272
10.682632,25,2883.189689
10.77,6,2883.234367
10.788421,36,2883.501246
11.061053,32,2883.736924
10.763421,32,2883.973957
10.808421,32,2884.204994
10.948333,27,2884.406169
10.311316,34,2884.657712
10.233947,51,2885.028197
10.792436,21,2885.183516
10.787368,32,2885.419428
11.071111,8,2885.477607
11.211579,44,2885.79614
10.680263,36,2886.058827
10.422105,35,2886.311863
10.765263,28,2886.518621
10.867105,35,2886.773337
10.740789,35,2887.026803
10.830526,36,2887.290119
10.751923,16,2887.404622
10.894737,40,2887.697084
10.703684,25,2887.882349
10.882632,34,2888.137106
10.874359,20,2888.284015
10.651053,34,2888.539343
10.731905,6,2888.585416
10.517895,48,2888.940669
10.985,3,2888.962305
10.868421,20,2889.109709
10.614474,35,2889.364905
10.716842,35,2893.291438
10.736842,31,2893.521364
10.722368,36,2893.78612
10.805789,62,2894.247304
10.592105,50,2894.621846
11.323333,2,2894.6373
10.895789,44,2894.964468
10.865936,35,2895.226849
10.39,2,2895.243299
10.991053,46,2895.583702
10.990526,35,2895.842085
10.805526,81,2896.433815
10.957895,40,2896.727064
10.600263,21,2896.88651
10.800526,42,2897.19221
10.533684,28,2897.397949
10.995526,43,2897.714825
10.79,33,2897.95947
10.395526,34,2898.210017
10.231842,43,2898.52945
10.781842,31,2898.763068
10.189737,43,2899.089214
10.819474,34,2899.356084
10.892632,32,2899.589229
10.805263,20,2899.736717
11.03,34,2899.981271
10.717632,27,2900.179958
10.791842,29,2900.395322
10.971316,31,2900.627114
10.526316,31,2904.531896
10.142632,35,2904.787893
10.856818,25,2904.972625
11.323333,2,2904.988031
10.71,49,2905.355521
10.487632,73,2905.904972
10.760513,12,2906.014682
10.278947,51,2906.411046
10.617895,28,2906.616195
10.817368,26,2906.810108
11.323333,2,2906.825942
10.625526,37,2907.100485
10.723158,28,2907.307343
11.995,1,2907.315224
10.782895,35,2907.579608
10.836053,37,2907.853592
11.192727,16,2907.974749
11.002368,29,2908.186901
11.18,4,2908.215513
10.918947,52,2908.595716
10.771842,33,2908.841021
9.642368,56,2909.249585
10.85,30,2909.471714
10.703421,44,2909.801766
10.553684,55,2910.205906
10.865848,28,2910.413135
10.901316,45,2910.751595
10.718684,31,2910.975465
10.78,4,2911.010486
10.701176,48,2911.366014
10.944737,30,2911.579379
10.53,36,2911.842133
10.566842,34,2912.090612
10.883571,9,2915.90106
10.563182,11,2915.983676
10.358684,36,2916.254214
10.328333,1,2916.261177
10.651667,3,2916.28275
10.546667,24,2916.456236
10.305882,31,2916.689987
10.687222,7,2916.743078
10.392368,53,2917.141742
11.007632,49,2917.501946
10.841842,50,2917.885724
10.886053,27,2918.083638
10.641316,48,2918.444039
10.170526,21,2918.599195
11.05881,13,2918.696743
10.342368,81,2919.336751
9.75,1,2919.343033
10.847368,20,2919.492217
10.622632,37,2919.76459
10.649415,41,2920.072377
10.62,36,2920.336782
11.122222,11,2920.417429
10.485789,46,2920.755785
10.595526,43,2921.067585
11.323333,2,2921.081533
10.655526,31,2921.536536
11.301818,16,2921.651604
10.618947,32,2921.888096
10.688684,37,2922.15548
10.842632,42,2922.463608
10.730714,11,2922.545264
10.909697,12,2922.633621
10.656667,2,2922.650154
10.749474,48,2923.007503
11.175,5,2923.042639
10.921316,41,2923.341768
10.462368,39,2923.626309
10.900526,22,2927.470007
10.779737,23,2927.638834
10.539211,29,2927.85179
10.941316,37,2928.130887
10.676842,43,2928.446658
10.831579,40,2928.743172
10.539211,29,2928.958519
10.785,43,2929.318347
10.868158,39,2929.603258
10.560263,29,2929.816373
10.798333,7,2929.868352
10.783947,39,2930.157079
10.729737,33,2930.470868
10.684474,21,2930.622833
10.447632,32,2930.860841
10.812105,37,2931.133832
10.735789,27,2931.333818
10.795,41,2931.630891
11.051053,34,2931.891095
10.658947,24,2932.078182
10.868158,39,2932.365178
10.978039,24,2932.542275
10.739545,14,2932.645114
11.195263,22,2932.80452
11.078846,15,2932.907067
9.976842,54,2933.306678
10.626053,30,2933.524154
10.887895,54,2933.922302
10.065,30,2934.141705
11.121667,19,2934.284161
10.980303,10,2934.356802
10.476053,29,2934.57302
9.75,1,2934.57945
10.411579,44,2934.911386
10.670263,38,2938.945326
10.38,35,2939.213098
10.707632,29,2939.426741
10.355,9,2939.493808
10.425526,28,2939.707219
10.995526,43,2940.02474
10.39,2,2940.039552
10.555,40,2940.336941
10.588947,38,2940.614918
10.737368,42,2940.922803
11.065526,29,2941.13379
10.525789,38,2941.423901
10.775165,12,2941.512215
10.793947,37,2941.785197
9.99,2,2941.799089
11.026667,8,2941.857695
10.497105,60,2942.301671
9.99,2,2942.316705
10.366053,33,2942.553298
10.663158,40,2942.848826
11.995,1,2942.856092
10.806316,24,2943.035212
10.740714,20,2943.183738
11.071053,30,2943.400671
10.822456,32,2943.638175
10.696053,65,2944.114192
10.599474,29,2944.32721
10.950263,31,2944.554
10.39,2,2944.569303
10.902632,30,2944.790174
10.932368,43,2945.103961
10.879697,18,2945.233668
10.661316,44,2945.55895
10.919118,25,2945.743372
10.268421,42,2946.052488
10.712105,26,2946.246832
11.010909,16,2946.363016
10.297105,69,2950.571403
11.002368,29,2950.785994
10.843947,27,2950.984046
10.949118,19,2951.120425
10.770789,29,2951.336958
10.469737,36,2951.602447
10.579474,33,2951.845868
10.39,2,2951.861315
11.097632,31,2952.094549
10.714211,34,2952.347353
10.64,32,2952.580997
10.985,3,2952.603048
10.4,31,2952.831738
10.591579,39,2953.118455
10.722895,47,2953.466024
10.913421,51,2953.85005
10.715526,19,2953.993767
10.82576,29,2954.203332
10.896053,25,2954.384522
10.64381,16,2954.503196
10.846053,35,2954.758186
10.747632,21,2954.915743
9.99,2,2954.930991
10.489211,39,2955.220998
10.36,39,2955.495527
10.854091,11,2955.575478
10.809474,36,2955.839868
10.816579,34,2956.094123
10.998947,36,2956.357036
10.777368,34,2956.604082
11.130769,20,2956.754284
10.771842,33,2956.998334
10.497368,41,2957.307638
10.769737,25,2957.487689
10.924011,13,2957.583313
10.597105,40,2961.607517
10.749737,29,2961.824962
10.307895,41,2962.118206
10.572368,35,2962.373991
10.516429,13,2962.465689
10.407778,16,2962.582069
10.935,13,2962.677533
10.653421,23,2962.851032
10.850882,21,2963.004706
10.997895,32,2963.238524
10.709737,37,2963.510939
10.618684,51,2963.896194
10.793947,37,2964.176421
10.815588,32,2964.419166
10.748684,25,2964.60346
10.930263,35,2964.875106
10.947967,17,2965.005756
10.317632,58,2965.434085
11.073158,38,2965.718268
11.411667,11,2965.798645
11.251765,32,2966.029336
10.621053,40,2966.379958
10.79,2,2966.395271
10.488684,28,2966.600845
11.323333,2,2966.615456
10.822632,46,2966.962258
11.173095,13,2967.058157
11.18,4,2967.08822
10.617368,66,2967.574578
10.891579,28,2967.779378
10.689444,31,2968.005769
10.891579,28,2968.207757
10.730789,37,2968.483785
10.644706,24,2968.660364
10.930263,35,2968.921813
10.769737,25,2972.895476
10.718421,50,2973.267501
10.720526,58,2973.689406
11.179286,7,2973.737184
10.799444,9,2973.802428
11.98,4,2973.831471
10.754211,26,2974.019361
11.19,2,2974.035738
10.946842,38,2974.314766
10.780789,27,2974.513769
11.233333,20,2974.659699
11.314615,14,2974.763711
10.359737,58,2975.184621
11.102105,28,2975.387109
10.820526,38,2975.673431
11.085556,14,2975.77442
11.323333,2,2975.789014
11.134211,30,2976.011335
10.956579,55,2976.424416
11.013333,44,2976.763164
10.932381,4,2976.79289
10.849474,28,2977.006566
10.967632,57,2977.423004
10.985,3,2977.444524
10.881579,30,2977.664107
10.882632,34,2977.912278
10.372368,26,2978.101624
10.985606,15,2978.212042
10.387895,25,2978.39658
10.816053,41,2978.705258
10.885789,46,2979.037317
10.878158,37,2979.581072
11.041579,29,2979.793202
10.821579,42,2980.099671
10.661053,32,2980.335462
10.973421,39,2984.268788
10.522368,45,2984.594651
11.072273,11,2984.678422
10.766579,44,2985.007072
10.980263,25,2985.193919
10.817105,45,2985.532282
11.293333,8,2985.59261
11.124211,32,2985.828628
10.940263,33,2986.073819
10.692105,61,2986.527667
11.393571,7,2986.580221
10.838889,10,2986.657779
10.735,53,2987.048867
10.756316,34,2987.30157
10.918333,3,2987.32339
10.849474,28,2987.522857
11.59,2,2987.537242
10.789474,40,2987.826742
10.656667,2,2987.842052
10.617632,47,2988.188823
10.734211,30,2988.411477
10.881579,30,2988.63381
10.831667,37,2988.902822
10.791842,29,2989.114533
11.296053,25,2989.339727
10.874737,44,2989.66351
10.595,1,2989.670842
10.612632,39,2989.956263
10.733158,26,2990.148042
10.509737,28,2990.398504
10.714762,29,2990.645142
11.394444,10,2990.715601
10.647105,30,2990.934214
10.808421,32,2991.169857
9.99,2,2991.185235
10.781154,13,2991.282782
10.853077,14,2991.384415
11.017895,28,2991.591642
10.814737,56,2995.681221
10.868158,39,2995.973838
11.061053,32,2996.208103
11.081667,17,2996.331349
10.519474,45,2996.668666
10.613421,31,2996.90143
10.833077,18,2997.032499
10.495,52,2997.506098
10.872368,55,2997.916968
10.439474,30,2998.143111
10.92924,20,2998.29056
10.479737,34,2998.543285
11.323333,2,2998.559428
11.385,3,2998.582005
10.660476,17,2998.703029
10.540789,26,2998.898426
11.04,32,2999.14299
10.796316,26,2999.34651
10.374474,34,2999.596514
10.79,2,2999.611041
10.759152,47,2999.959793
10.503684,34,3000.206924
11.094211,38,3000.486304
10.712105,26,3000.682871
10.667632,37,3000.955235
10.611579,35,3001.211469
10.910263,39,3001.49573
10.763158,20,3001.650796
10.697632,31,3001.877154
10.751842,37,3002.149049
10.671053,30,3002.372671
10.765263,28,3002.579864
10.724211,32,3002.823483
10.786316,28,3003.029729
10.985789,26,3003.223445
10.645526,33,3007.139174
10.860526,30,3007.364086
10.870263,47,3007.713242
10.754211,26,3007.906827
10.694286,4,3007.935144
10.903684,34,3008.188555
10.615882,18,3008.317045
10.930263,35,3008.572219
10.833077,18,3008.705351
11.651667,3,3008.727219
10.668801,37,3009.001894
10.749737,29,3009.219689
10.985526,45,3009.554922
10.500526,102,3010.321708
10.954945,20,3010.494601
10.815,37,3010.773336
10.081316,31,3010.995662
11.127368,44,3011.329971
10.853947,25,3011.516425
10.712895,49,3011.883307
10.435263,45,3012.218014
10.279211,32,3012.453246
10.715263,38,3012.735672
10.674211,42,3013.046801
10.842727,6,3013.092612
10.727895,37,3013.363303
10.789474,120,3014.243179
10.214474,66,3018.445945
10.840526,34,3018.698571
10.797368,30,3018.925942
10.918333,3,3018.949153
10.829091,16,3019.067913
11.015879,21,3019.226627
10.289474,42,3019.545638
10.862381,18,3019.681531
10.841316,57,3020.109334
10.928947,50,3020.476022
10.717879,14,3020.577165
10.669474,64,3021.053243
11.055526,31,3021.283021
10.644211,48,3021.645144
10.978947,40,3021.938723
10.498158,33,3022.17768
10.773182,9,3022.244656
10.651667,3,3022.267391
10.765263,28,3022.474145
10.910263,39,3022.761594
11.995,1,3022.770139
10.670263,38,3023.053814
10.696316,46,3023.399195
10.786053,47,3023.751509
10.614737,47,3024.094679
10.902632,30,3024.321066
10.671111,8,3024.378994
11.651667,3,3024.40346
10.636316,58,3024.83222
10.492895,44,3025.153144
10.453947,25,3025.33499
10.56,48,3025.693337
10.812632,48,3029.758878
10.830526,36,3030.027432
10.661667,1,3030.034269
10.833158,37,3030.317682
10.575789,28,3030.527308
10.745263,32,3030.815001
10.64,32,3031.06552
10.417368,57,3031.487449
10.749474,48,3031.842014
10.775263,57,3032.268715
10.893684,36,3032.536728
11.170769,12,3032.621686
10.830294,31,3032.85535
10.764211,24,3033.037189
10.493333,8,3033.094716
10.985,3,3033.115917
10.710789,41,3033.421769
10.761842,35,3033.674294
11.014474,35,3033.936905
10.580098,33,3034.176198
10.851579,36,3034.444052
10.846667,24,3034.621353
10.558947,44,3034.95574
11.07,26,3035.178879
10.61197,17,3035.302859
10.398947,27,3035.506885
11.042368,21,3035.657852
10.695526,23,3035.830692
11.095588,25,3036.006074
10.730789,37,3036.271852
10.499474,49,3036.859537
10.754474,38,3037.13685
10.815752,46,3037.478381
10.742941,22,3041.371165
10.853077,14,3041.476007
10.675526,27,3041.678933
11.995,1,3041.686949
10.862807,52,3042.067722
10.663158,40,3042.360084
11.213235,25,3042.547382
10.148947,77,3043.114238
10.692105,30,3043.342
10.956053,44,3043.660312
10.714211,34,3043.907414
10.729211,22,3044.06681
11.028947,30,3044.290246
10.633684,39,3044.585246
10.704737,29,3044.79968
10.937895,44,3045.124786
10.781842,31,3045.354593
10.838684,38,3045.638701
10.802632,50,3046.013982
11.165,7,3046.063632
10.87,26,3046.251738
10.579474,33,3046.492558
11.451667,3,3046.515694
10.732353,30,3046.735218
10.467368,47,3047.084338
10.533947,40,3047.382411
10.751842,37,3047.65633
10.927105,23,3047.824805
10.703158,32,3048.06062
10.421579,42,3048.373378
10.672105,34,3048.629647
10.869474,24,3048.806931
11.112857,6,3052.612989
10.62,36,3052.885884
11.014542,35,3053.147081
10.271842,35,3053.406044
11.323889,13,3053.501443
10.837105,41,3053.816054
10.812895,29,3054.035683
10.451842,48,3054.392509
11.064474,25,3054.576762
10.928182,18,3054.710522
11.03,34,3054.956099
10.612368,27,3055.157353
10.282368,44,3055.486331
10.563421,41,3055.790516
10.64,32,3056.027888
10.743824,13,3056.12266
10.763684,62,3056.575916
10.443684,28,3056.781477
11.037895,24,3056.958812
10.951316,35,3057.222895
10.507895,50,3057.586733
10.728684,29,3057.802609
10.633684,39,3058.125492
10.742895,43,3058.450286
10.716579,23,3058.627237
11.155,9,3058.691012
10.825,35,3058.939809
10.479737,83,3059.572517
10.893684,36,3059.868152
10.981316,29,3060.1148
10.661667,1,3060.122515
10.649737,49,3064.225571
11.255,29,3064.469973
10.93141,16,3064.602858
10.929118,23,3064.79813
10.717632,27,3065.02416
10.846053,35,3065.312273
11.651667,3,3065.337305
10.925789,38,3065.664825
11.303333,6,3065.716102
10.875848,26,3065.933146
11.062857,16,3066.064801
11.008947,34,3066.345967
10.726316,40,3066.676153
10.644474,29,3066.913661
11.113158,30,3067.164526
10.685263,44,3067.535458
10.783421,28,3067.766885
10.917105,25,3067.97566
10.576579,51,3068.397648
11.102857,8,3068.463493
10.73,45,3068.842744
10.483158,27,3069.061818
10.868158,39,3069.38508
10.821579,42,3069.728839
11.085263,44,3070.096429
10.803889,48,3070.51559
10.731316,30,3070.76049
10.732895,45,3071.138132
10.828158,47,3071.5252
10.619474,25,3071.73476
10.604737,49,3072.148548
10.955,19,3072.311707
10.994762,22,3072.496818
11.263333,14,3076.322334
11.072105,34,3076.602358
10.522632,26,3076.825922
11.087368,52,3077.265639
10.670263,38,3077.580184
10.687222,7,3077.639082
10.923684,30,3077.888093
9.834474,44,3078.258905
10.628947,30,3078.507526
10.807368,28,3078.747967
11.075526,27,3078.96681
10.918158,29,3079.198027
10.574474,43,3079.557909
10.602895,71,3080.15129
10.983095,51,3080.562602
10.827105,43,3080.919605
10.893571,7,3080.981972
10.825,35,3081.265165
10.678684,39,3081.588864
10.747368,40,3081.921374
10.39,2,3081.939149
10.657632,39,3082.268445
8.025263,86,3082.977718
11.253333,16,3083.113497
10.712368,38,3083.428807
10.928158,27,3083.650033
10.584737,22,3083.840096
10.726316,40,3084.178054
10.884211,31,3084.434997
10.734474,42,3084.790832
10.949211,27,3088.676117
11.093158,34,3088.960336
10.808421,32,3089.221275
10.758421,42,3089.573112
10.585526,45,3089.947493
10.585789,26,3090.157523
10.820526,38,3090.472692
10.968182,10,3090.557313
10.886053,27,3090.77986
10.429524,36,3091.087025
10.817895,68,3091.653322
10.776316,30,3091.899446
10.606842,26,3092.28216
10.956842,36,3092.625078
11.058947,24,3092.826897
11.135,13,3092.933322
10.448158,74,3093.53897
10.813947,33,3093.812659
11.08,24,3094.011839
10.659211,36,3094.308999
10.508333,15,3094.426458
10.938158,25,3094.643309
10.507895,50,3095.05266
10.909444,7,3095.11456
10.939211,29,3095.40816
10.537895,44,3095.778564
10.631111,16,3095.915057
10.643684,37,3096.217698
10.96,48,3096.63647
11.087632,33,3096.912461
10.750789,33,3097.192369
11.995,1,3097.201077
10.923684,30,3101.181085
11.041053,36,3101.479494
10.876429,19,3101.639065
11.995,1,3101.647223
11.182895,35,3101.937583
10.876053,29,3102.18488
10.828421,28,3102.417298
10.661667,1,3102.425029
10.851579,36,3102.730215
11.112857,6,3102.779751
10.621209,34,3103.061719
10.975606,17,3103.205931
10.935789,36,3103.498241
10.396579,38,3103.815544
10.579211,21,3103.990008
10.883684,38,3104.310106
10.524737,34,3104.593015
10.949211,27,3104.811327
10.883421,57,3105.27833
10.912632,28,3105.509825
10.778421,38,3105.823518
10.985,3,3105.848241
10.301316,36,3106.142931
10.986842,30,3106.387591
10.605526,41,3106.720023
10.775263,26,3106.939538
10.331842,23,3107.1245
11.162222,12,3107.22509
10.525263,27,3107.442575
10.580263,25,3107.652668
10.693421,95,3108.446672
10.865,27,3108.662734
10.798947,27,3108.885007
10.758684,23,3109.077876
11.18141,15,3109.204089
11.036667,6,3109.252775
10.799064,32,3113.415863
10.691053,26,3113.633222
10.963421,41,3113.978732
10.617857,5,3114.019046
9.425659,40,3114.355676
10.480526,26,3114.570886
11.313333,4,3114.604019
10.594211,58,3115.080212
10.913684,32,3115.350569
10.714474,46,3115.73478
10.808421,32,3116.004578
10.656667,2,3116.020314
10.827368,24,3116.225132
11.119737,35,3116.51996
10.871579,32,3116.792539
10.649474,68,3117.353438
11.144211,28,3117.593194
10.991316,27,3117.818079
10.934737,32,3118.087826
10.982105,52,3118.584214
10.867105,35,3118.877401
11.995,1,3118.885645
10.721176,44,3119.252264
10.729737,33,3119.529757
10.553684,24,3119.729086
10.873684,40,3120.06244
10.880263,45,3120.449203
10.750714,7,3120.508717
10.562368,37,3120.823926
10.786667,27,3121.044275
10.315,8,3121.112106
11.038947,28,3121.348374
10.825,35,3121.637501
10.802105,39,3121.959548
10.912632,28,3125.913832
10.911579,24,3126.109419
10.949118,19,3126.274678
10.95,10,3126.359885
10.883684,38,3126.681782
10.877105,33,3126.958184
10.725263,36,3127.258589
9.99,2,3127.276185
10.643684,37,3127.585026
10.805,39,3127.904807
10.335,35,3128.196925
10.517368,37,3128.513547
10.731053,18,3128.671731
10.630526,27,3128.899976
10.808421,32,3129.156775
11.079835,17,3129.298415
10.625789,49,3129.717877
10.782143,15,3129.843068
10.656667,2,3129.859974
11.041053,36,3130.164128
10.698636,13,3130.276947
10.718684,31,3130.594323
10.885,23,3130.789942
10.450789,44,3131.159356
10.995,1,3131.168238
10.170526,39,3131.495198
10.958824,20,3131.658065
10.530263,35,3131.950923
10.876842,52,3132.381226
10.329474,34,3132.663475
10.78,4,3132.695558
10.269211,83,3133.373307
10.863947,23,3133.56351
10.553182,13,3133.672718
10.687632,33,3133.943971
10.748421,44,3134.308475
10.194211,40,3138.324746
10.521842,34,3138.619167
10.873077,10,3138.70449
11.015879,21,3138.877572
10.665789,41,3139.213172
10.741364,19,3139.36827
10.774211,22,3139.549493
10.961316,33,3139.831079
10.913684,32,3140.092195
10.858889,6,3140.142983
10.656579,35,3140.443508
10.593421,35,3140.735962
10.766667,11,3140.824768
11.003947,75,3141.450501
10.499737,30,3141.696935
10.959211,25,3141.908229
10.898158,33,3142.183082
10.277105,55,3142.642049
10.666842,45,3143.016058
10.917105,25,3143.216111
10.991316,27,3143.437537
10.657222,24,3143.631797
11.323333,2,3143.649556
10.37,37,3143.94593
10.832544,37,3144.255402
10.642368,21,3144.431442
9.99,2,3144.449372
11.137632,23,3144.638404
11.030556,5,3144.678409
10.716579,23,3144.869629
10.964737,26,3145.08313
10.482632,34,3145.367503
10.836961,13,3145.472845
11.011316,23,3145.657115
10.469474,24,3145.85272
10.595789,24,3146.052596
10.839474,30,3146.301312
10.773421,30,3150.19737
11.0,20,3150.372038
10.806316,24,3150.776248
10.758187,11,3150.882144
10.785263,24,3151.087389
10.708158,22,3151.267883
10.908158,31,3151.530711
11.175,5,3151.573636
10.887105,31,3151.836774
10.91,38,3152.154361
10.857105,37,3152.46558
10.615,28,3152.700125
10.901579,26,3152.915229
11.150769,16,3153.048418
10.308421,52,3153.483927
11.373182,9,3153.556495
11.014474,35,3153.839266
10.692105,30,3154.083675
10.912368,47,3154.469403
10.899211,37,3154.780808
10.472368,86,3155.493826
11.053421,23,3155.684815
10.966842,34,3155.965514
10.989211,19,3156.12194
10.436579,30,3156.372718
10.995606,13,3156.485911
10.362895,39,3156.804183
11.00881,23,3156.996938
10.597895,32,3157.263569
10.785263,24,3157.454633
9.87,39,3157.767622
10.39,33,3158.04221
10.936023,28,3158.272071
10.78,4,3158.305411
10.879474,22,3158.48336
11.158684,23,3158.673825
11.995,1,3158.683082
10.692105,30,3162.713469
10.713947,53,3163.160646
10.825526,28,3163.397107
10.661667,1,3163.406995
10.671053,30,3163.660611
11.022368,25,3163.871397
10.743947,47,3164.301461
10.588421,76,3164.935925
10.698421,54,3165.388877
11.038846,23,3165.58189
10.617857,5,3165.62273
10.836053,37,3165.923978
10.79,2,3165.939821
11.035,23,3166.138147
10.906053,23,3166.331537
10.840526,34,3166.607069
10.749737,29,3166.857199
10.633158,46,3167.239871
10.944737,30,3167.486646
10.661667,1,3167.494873
11.010909,16,3167.627304
10.953684,24,3167.829827
11.015789,20,3167.999707
11.282778,19,3168.155629
10.728421,48,3168.550467
11.185,3,3168.575012
10.870526,28,3168.808816
10.553421,43,3169.166371
10.709231,12,3169.26505
10.406316,55,3169.739643
10.787368,32,3170.003787
10.685952,19,3170.161754
10.853947,25,3170.409006
10.415526,30,3170.672802
10.608947,34,3170.953
10.195,1,3170.961548
10.934737,32,3171.227218
10.929211,31,3175.286007
10.881316,49,3175.700079
10.360952,4,3175.735315
10.688684,37,3176.043173
10.737368,42,3176.400645
10.843684,46,3176.78423
10.934737,32,3177.047905
10.655526,31,3177.307248
10.614737,47,3177.698656
10.893571,7,3177.758285
10.702895,51,3178.186497
10.676316,50,3178.645887
10.204474,68,3179.205744
10.798333,7,3179.264449
10.583684,49,3179.666238
10.988947,38,3179.987334
11.115526,19,3180.146774
10.859474,26,3180.372775
10.920526,18,3180.525
10.482368,35,3180.804495
10.748684,25,3181.012673
10.818421,30,3181.260599
10.730789,37,3181.57169
10.867105,35,3181.85993
10.653421,23,3182.047586
10.811579,44,3182.40446
10.597105,40,3182.747234
10.818158,49,3183.154487
10.96,8,3183.221301
10.698684,35,3183.516904
10.638947,28,3187.452247
10.831842,21,3187.629994
10.603158,52,3188.060891
11.323333,2,3188.078018
11.283684,38,3188.396345
10.478684,30,3188.646584
10.994474,39,3188.975437
10.600263,21,3189.152556
11.062857,16,3189.287301
10.961316,33,3189.566806
11.036579,39,3189.889188
11.372222,10,3189.974123
10.866818,14,3190.090192
10.665526,29,3190.337232
10.518333,13,3190.452175
10.531429,8,3190.528503
11.006429,13,3190.637451
10.850526,32,3190.902318
10.243158,26,3191.120276
10.758333,25,3191.324721
10.688158,26,3191.543657
10.689211,30,3191.789804
11.58,4,3191.825492
10.374474,34,3192.105711
10.126579,43,3192.467285
11.995,1,3192.476528
10.993421,35,3192.768543
10.002632,32,3193.039921
10.785263,24,3193.242714
11.072273,11,3193.330547
11.003421,33,3193.607537
10.896053,25,3193.824665
10.487105,31,3194.084773
10.769474,44,3194.449842
10.788421,36,3194.75945
10.531316,39,3195.084308
10.909211,35,3195.377403
10.562368,37,3195.685778
11.323333,2,3195.701017
10.675526,27,3195.927196
10.808333,5,3199.682499
10.843947,27,3199.905956
10.947105,19,3200.063856
10.965882,48,3200.46766
10.868421,20,3200.631836
11.012619,7,3200.688583
10.882632,34,3200.974828
10.621053,40,3201.30862
11.995,1,3201.317036
10.731905,6,3201.367887
10.755263,30,3201.618148
10.796316,26,3201.83672
11.07,26,3202.05154
10.741842,39,3202.372307
10.637857,21,3202.54428
10.789474,40,3202.873348
10.595,32,3203.140266
10.909444,7,3203.198858
10.654474,27,3203.418395
10.994737,20,3203.586292
11.053947,65,3204.130706
10.733947,49,3204.748791
10.933684,28,3204.981413
10.776579,42,3205.326328
10.729737,33,3205.596289
10.985,3,3205.621421
10.765263,28,3205.86174
10.940263,33,3206.144018
10.533947,40,3206.480199
10.837105,41,3206.820077
10.088158,48,3207.212634
11.028684,49,3207.619473
10.938947,48,3208.016238
10.821053,31,3208.277536
10.683158,36,3212.372782
10.922632,26,3212.588615
10.581842,22,3212.77277
10.334737,103,3213.647668
10.96,8,3213.714361
10.741905,4,3213.748559
11.046111,13,3213.858037
10.674474,23,3214.051266
10.768684,21,3214.224435
10.673158,38,3214.544566
10.965,17,3214.690587
10.611842,65,3215.235031
11.02881,19,3215.393533
11.252353,26,3215.607916
10.988235,20,3215.772198
10.548421,35,3216.063765
11.243333,18,3216.21551
10.994474,39,3216.538599
10.658947,24,3216.735588
11.995,1,3216.744907
11.012619,7,3216.802101
10.791842,29,3217.048223
10.933684,28,3217.280334
10.657895,20,3217.443608
10.728684,29,3217.68193
10.718684,31,3217.938147
11.072105,34,3218.219249
10.633824,36,3218.516723
10.78,4,3218.550472
10.94768,17,3218.691291
10.881316,49,3219.099486
10.726316,40,3219.456997
10.928947,50,3219.880232
10.718421,50,3220.296216
10.503333,6,3220.346936
10.917105,25,3220.554061
10.953684,24,3220.751132
10.141053,38,3224.755697
10.802895,31,3225.010396
10.735606,16,3225.148475
10.606053,34,3225.438061
10.793947,37,3225.749866
11.06,28,3225.984406
10.839474,30,3226.235796
10.828889,12,3226.33674
10.887105,31,3226.600811
10.656667,2,3226.61817
10.044737,32,3226.901844
10.880526,26,3227.166535
10.317632,27,3227.391585
11.003421,33,3227.672673
10.689211,79,3228.329075
11.210526,40,3228.663465
10.776316,30,3228.915582
10.969211,23,3229.112381
11.995,1,3229.120747
10.230526,27,3229.340442
10.886053,27,3229.566747
10.704474,48,3229.971995
10.744474,40,3230.307995
10.596053,36,3230.607155
10.79,2,3230.624181
10.605789,22,3230.806652
11.008947,34,3231.09633
10.684211,40,3231.460929
10.899211,37,3231.766543
10.737895,35,3232.05636
10.762353,24,3232.260993
10.804474,28,3232.497893
10.91,18,3232.648154
11.033421,27,3232.871517
10.236053,28,3233.107835
10.793421,26,3237.068661
10.939211,29,3237.313523
10.881316,49,3237.728299
10.79,2,3237.747181
10.742281,34,3238.080776
10.472368,37,3238.401837
10.17,77,3239.047042
10.853947,25,3239.262216
10.402105,39,3239.579363
11.046667,4,3239.613826
11.227727,9,3239.691735
10.726316,40,3240.0265
11.004945,10,3240.10864
10.732745,26,3240.328131
10.822895,27,3240.555994
10.792632,52,3240.980464
11.006111,21,3241.162861
10.784211,20,3241.327059
10.655526,31,3241.583792
11.062105,36,3241.887328
11.085526,25,3242.092171
10.661667,1,3242.100467
10.879697,18,3242.244434
10.648947,26,3242.469986
10.939503,39,3242.796755
10.833947,29,3243.044605
10.997895,32,3243.311609
10.834286,16,3243.443776
11.03,34,3243.729138
10.707632,29,3243.968741
10.838421,26,3244.18077
10.828684,40,3244.507517
11.175,5,3244.548122
10.642105,40,3244.894862
10.7,20,3245.090656
10.795,41,3245.436068
10.617368,66,3249.656678
11.133095,21,3249.824709
11.58,4,3249.860122
10.890526,24,3250.057853
9.99,2,3250.073208
10.815,37,3250.398382
10.760789,31,3250.688293
10.402018,32,3250.959638
10.543947,38,3251.279374
10.998947,36,3251.588263
11.077632,35,3251.887339
10.010789,34,3252.172032
11.175,5,3252.215611
10.777368,34,3252.495776
10.655526,31,3252.747647
10.987632,53,3253.18817
10.514737,36,3253.488472
11.385,3,3253.513286
10.696316,46,3253.902423
10.65768,26,3254.116723
10.823947,31,3254.380065
11.550385,13,3254.49095
10.647895,22,3254.672823
10.919211,33,3254.950509
10.304737,29,3255.191126
10.799474,38,3255.516743
10.737368,42,3255.867161
10.823947,31,3256.125635
10.67817,16,3256.261451
10.506053,23,3256.643014
11.048901,10,3256.722017
10.78,4,3256.757109
11.119487,12,3256.858194
10.734673,23,3257.041993
11.081515,14,3257.158948
10.473158,29,3257.400458
10.976842,32,3257.671924
10.685526,25,3257.887706
10.687632,33,3261.876247
11.451667,3,3261.900067
10.260263,40,3262.240638
10.575526,47,3262.630546
10.842727,6,3262.680414
11.046199,20,3262.847923
10.750789,33,3263.128615
10.930263,35,3263.418454
11.995,1,3263.426393
10.749737,29,3263.673516
10.891579,28,3263.908526
11.066579,33,3264.181175
10.653421,23,3264.372753
10.741053,16,3264.503458
10.520526,49,3264.909719
10.996282,11,3265.003641
10.517895,128,3266.068901
10.378947,62,3266.58797
10.532368,43,3266.955979
11.114211,34,3267.239206
10.643421,25,3267.443771
10.816053,41,3267.779063
11.071111,8,3267.843815
10.762647,21,3268.014372
10.916053,21,3268.189052
10.424474,73,3268.796477
10.918158,29,3269.044245
10.843077,16,3269.176357
11.132105,22,3269.35363
10.999545,11,3269.441236
10.880526,26,3269.661654
10.770526,48,3270.058636
10.917105,25,3273.937923
10.892632,32,3274.206417
10.465,58,3274.689419
10.954737,28,3274.925461
10.725641,11,3275.014119
11.094706,34,3275.297613
10.267105,57,3275.775634
10.099474,31,3276.027777
11.016842,24,3276.226112
10.768421,40,3276.559705
10.718684,31,3276.816491
10.801842,27,3277.039035
10.842895,23,3277.225832
11.111667,11,3277.315588
10.714211,34,3277.596514
10.945641,16,3277.72836
10.641316,17,3277.87029
11.026429,9,3277.944171
9.99,2,3277.959781
11.015789,20,3278.129033
10.685526,25,3278.339216
10.965,7,3278.395545
10.675526,27,3278.626838
10.931579,20,3278.797683
10.682105,32,3279.063244
10.996842,28,3279.306342
10.65,30,3279.562199
10.938158,25,3279.76733
10.597308,19,3279.93616
10.853947,25,3280.167403
10.864737,46,3280.555744
10.876053,29,3280.787344
10.784211,20,3280.952563
11.279837,29,3281.200488
10.417895,19,3281.360614
10.555263,21,3281.532705
10.729211,22,3281.719246
10.646667,4,3281.752594
11.995,1,3281.760624
10.808421,32,3282.021431
10.696579,27,3282.254202
10.856053,33,3286.185862
11.080789,47,3286.570952
10.904524,21,3286.744702
10.557368,29,3286.98772
10.901579,26,3287.199669
10.917105,25,3287.405843
10.742105,20,3287.575032
10.917105,25,3287.784207
9.75,1,3287.79168
10.721842,43,3288.155044
11.133158,26,3288.367122
10.921579,22,3288.546673
10.887033,16,3288.680794
10.762143,19,3288.839227
10.725263,36,3289.131658
10.743158,24,3289.332551
9.99,2,3289.348965
10.967895,38,3289.672249
11.010556,9,3289.749979
10.985,3,3289.775227
10.647895,22,3289.957928
10.195,1,3289.966261
10.763182,11,3290.052661
10.667632,37,3290.363707
11.102105,28,3290.598745
9.99,2,3290.615506
11.071515,16,3290.746416
11.208421,32,3291.016244
10.943684,26,3291.236233
10.881579,30,3291.502524
11.112857,6,3291.563215
10.738684,27,3291.801031
10.990263,23,3291.992089
10.726316,40,3292.334099
10.955789,32,3292.610664
11.398571,6,3292.660594
10.460263,31,3292.930245
10.334211,61,3293.44035
10.643421,25,3293.647278
10.687222,7,3293.703678
10.934737,32,3293.969368
10.988529,17,3294.112339
10.451316,37,3294.42585
10.578333,22,3294.603447
10.782895,35,3298.694528
10.643421,25,3298.904129
11.033421,27,3299.131783
10.886053,27,3299.349485
10.933684,28,3299.580496
11.58,4,3299.613425
10.718684,31,3299.872894
10.989967,19,3300.032036
10.783182,7,3300.088087
10.74,12,3300.189287
10.906053,23,3300.391774
10.848421,24,3300.592203
10.871579,32,3300.857256
10.706667,12,3300.956319
10.582895,26,3301.173471
11.157632,19,3301.332623
11.59,2,3301.349483
11.182895,35,3301.637529
10.643158,44,3302.016964
10.936667,26,3302.264749
10.868421,20,3302.440934
10.796316,26,3302.656037
10.759474,46,3303.062031
10.887632,24,3303.29426
10.661667,1,3303.303003
10.943684,26,3303.52572
10.932632,24,3303.740536
10.801842,27,3303.998731
11.027895,26,3304.224673
10.899211,37,3304.5593
10.312143,9,3304.640034
10.582368,33,3304.942889
10.663684,33,3305.30506
10.436667,26,3305.524206
10.822895,27,3305.761281
10.701053,24,3305.971376
10.677222,9,3306.059011
10.872632,36,3306.401789
10.975789,28,3306.655111
10.736316,38,3307.003879
10.526316,31,3307.28251
11.016923,12,3307.392514
10.597253,30,3311.688516
10.744211,28,3311.925053
10.68859,11,3312.013151
10.377895,27,3312.237876
11.026429,9,3312.313531
10.367632,48,3312.708034
10.413158,41,3313.042703
10.259737,29,3313.284542
11.213947,33,3313.560047
10.980303,10,3313.644677
11.107632,29,3313.88857
11.331667,27,3314.116679
11.233947,29,3314.358921
10.475,5,3314.402233
10.944737,30,3314.645802
10.653421,23,3314.839893
10.932632,24,3315.042044
11.033421,27,3315.269322
10.489737,32,3315.532166
10.769444,15,3315.660618
10.758947,35,3315.956766
10.880526,26,3316.177132
11.221842,23,3316.371625
10.585,3,3316.397216
11.213095,5,3316.439429
10.455789,52,3316.875529
11.006579,45,3317.258617
10.908158,31,3317.522774
11.172222,10,3317.605653
10.787368,32,3317.872764
10.674286,8,3317.942863
10.305789,33,3318.213318
10.726316,40,3318.539917
10.899211,37,3318.848825
10.768158,59,3319.344496
10.522368,45,3319.718161
10.602895,22,3319.900979
11.995,1,3319.908896
10.898333,17,3320.052884
10.507105,27,3323.987958
11.02,36,3324.311814
10.642368,21,3324.497302
10.645526,33,3324.799324
10.583684,18,3324.978648
10.928824,26,3325.228851
10.968158,19,3325.40068
10.777368,34,3325.697554
10.944737,30,3325.977457
10.604737,18,3326.135706
10.774211,22,3326.329649
10.656667,2,3326.349171
10.949211,27,3326.591487
11.49381,6,3326.642647
10.888158,35,3326.976146
11.013421,31,3327.27054
10.765263,28,3327.521568
10.551429,4,3327.554998
10.588889,11,3327.658341
10.909444,7,3327.72301
10.954737,28,3327.978582
10.996842,28,3328.238956
10.991316,27,3328.508983
11.031316,19,3328.694787
11.18,4,3328.733075
10.640526,25,3328.964629
10.667895,18,3329.140229
10.701053,24,3329.359501
10.892051,29,3329.636872
10.96,8,3329.704439
10.801111,13,3329.821295
10.164971,49,3330.278102
10.888158,35,3330.650324
10.915789,40,3331.010071
10.855,29,3331.272849
10.917895,48,3331.720294
11.228421,28,3332.006416
10.761176,36,3332.36351
10.483158,58,3332.88413
10.974737,24,3333.106606
10.791765,24,3333.32769
10.813947,33,3337.401685
10.610526,31,3337.664355
11.027895,26,3337.882183
10.785263,24,3338.078341
10.872632,36,3338.394621
10.876053,29,3338.633139
10.938158,25,3338.863895
11.995,1,3338.872402
11.003421,33,3339.160658
10.613421,31,3339.462308
10.755263,30,3339.729597
11.172222,10,3339.816833
10.403464,118,3340.892732
10.705526,21,3341.082184
10.917105,25,3341.297376
10.771842,33,3341.573418
10.657222,13,3341.682966
10.979211,21,3341.861205
10.666579,33,3342.131654
10.893684,36,3342.424402
10.953684,24,3342.628293
10.664474,25,3342.832492
10.944737,30,3343.083915
10.965,7,3343.145649
10.702895,51,3343.564153
11.24803,11,3343.654318
10.994474,39,3343.98601
10.652895,61,3344.500534
11.352222,14,3344.620672
11.021053,40,3344.957789
10.583684,49,3345.440416
10.870526,28,3345.70377
10.872632,36,3346.022207
11.13683,21,3350.119276
10.694118,20,3350.285781
10.722105,24,3350.48658
10.627308,13,3350.595123
10.682105,32,3350.852105
10.796053,45,3351.229163
10.66197,7,3351.28737
10.897632,22,3351.469782
10.922632,26,3351.687496
11.055526,31,3351.943058
10.303947,37,3352.255295
10.858158,41,3352.600265
10.912381,8,3352.667272
10.883684,38,3352.98228
10.790789,25,3353.195194
10.907105,27,3353.423291
10.862632,38,3353.728818
10.782895,35,3354.019955
10.661667,1,3354.028184
11.126667,28,3354.268564
10.65193,24,3354.475477
10.661667,1,3354.484516
10.699737,39,3354.817483
10.503684,34,3355.101482
10.81,29,3355.345371
10.831176,22,3355.531858
11.995,1,3355.540255
11.277105,33,3355.866418
11.315256,19,3356.248798
11.048947,26,3357.056749
10.561316,33,3357.646446
10.970303,12,3357.845368
11.088684,37,3358.465554
10.943684,26,3358.837492
10.631316,19,3359.07521
11.062857,16,3359.309779
10.970263,27,3359.778192
10.925263,27,3360.201507
10.414444,6,3360.307901
11.019545,7,3360.408946
10.68,24,3360.951184
10.698684,35,3361.748832
9.505526,65,3368.204603
10.932619,23,3368.400254
10.940989,14,3368.52062
10.702105,28,3368.76014
11.085526,25,3368.973159
10.919415,36,3369.28267
10.589327,46,3369.679525
10.646579,37,3370.000452
10.976842,32,3370.282078
10.605526,41,3370.641232
10.893684,36,3370.949302
10.144474,31,3371.212091
10.718636,9,3371.287152
10.521579,22,3371.471856
10.859474,26,3371.691788
10.978158,17,3371.835201
10.656667,2,3371.851115
10.636053,28,3372.089676
11.219474,34,3372.389136
10.725263,36,3372.689136
10.780789,27,3372.91593
10.663421,21,3373.090559
11.995,1,3373.098462
10.700556,11,3373.190351
10.811842,25,3373.398439
10.839248,23,3373.59608
10.762895,39,3373.928256
10.813105,23,3374.124818
11.051053,34,3374.424462
11.995,1,3374.432276
10.472105,25,3374.648444
11.385,3,3374.672194
10.958158,21,3374.851113
10.927105,23,3375.097976
10.689211,30,3375.349819
10.990263,23,3375.547239
10.623954,19,3375.711778
10.97119,61,3376.230525
10.671053,30,3376.489289
10.95,10,3376.572251
10.806316,24,3380.549539
10.691053,26,3380.772524
11.116579,23,3380.97276
10.800789,23,3381.168502
10.581316,29,3381.420538
10.991316,27,3381.650459
10.790526,44,3382.093526
10.928158,27,3382.473336
10.806316,24,3382.676423
10.945789,34,3382.961178
10.955789,32,3383.231785
10.756316,34,3383.515706
10.988681,17,3383.657819
10.241579,78,3384.332209
10.738684,27,3384.559664
10.948158,23,3384.760147
11.112105,26,3384.97587
10.638947,28,3385.21511
10.821842,23,3385.410802
10.772895,37,3385.72301
10.901579,26,3385.94384
10.739737,31,3386.213327
10.881579,30,3386.471685
10.877105,33,3386.755059
10.735263,34,3387.03822
11.192222,6,3387.090986
10.929211,31,3387.360325
10.826053,39,3387.69751
10.977895,36,3388.007593
10.910294,15,3388.132892
10.631905,26,3388.358939
10.716579,23,3388.550492
10.744211,28,3388.787226
10.438947,50,3389.217839
10.476579,22,3393.115139
8.932632,32,3393.377039
11.046667,4,3393.413699
10.918158,29,3393.656858
11.017895,28,3393.900863
10.963684,22,3394.093794
10.861579,34,3394.393165
11.006667,12,3394.498034
11.323333,2,3394.51376
11.115263,38,3394.843713
10.717632,27,3395.07108
10.914737,36,3395.372679
10.505789,42,3395.72352
10.861579,34,3396.018384
10.967222,11,3396.11025
10.702105,28,3396.355656
10.734211,30,3396.608274
11.192895,33,3396.887717
9.848158,47,3397.289009
10.750789,33,3397.567898
10.940263,33,3397.845797
10.890526,24,3398.051187
10.655,19,3398.229127
10.922632,26,3398.45734
10.905,19,3398.619419
10.77619,20,3398.794217
10.722105,24,3398.997946
10.812436,17,3399.13882
11.06,28,3399.373052
10.855,29,3399.616984
10.847105,39,3400.152515
10.686579,29,3400.391742
10.825392,31,3400.658254
11.005789,22,3400.881657
10.964737,26,3401.10199
10.955789,32,3401.37106
10.869474,24,3401.576715
10.572368,35,3401.86937
10.975789,28,3405.848971
10.475526,18,3406.000135
11.038947,28,3406.238113
10.983684,18,3406.394522
11.336593,14,3406.517997
10.76,8,3406.58983
11.021316,21,3406.764466
10.829474,32,3407.032092
11.022857,24,3407.232789
11.107632,29,3407.482413
11.117632,27,3407.71357
10.243158,26,3407.938153
11.323333,2,3407.955377
11.19,2,3407.97133
11.115556,8,3408.039869
11.016842,24,3408.248951
11.101667,13,3408.362008
10.990556,13,3408.473844
10.575789,28,3408.710078
10.862632,38,3409.032918
10.562895,30,3409.283951
10.872632,36,3409.587054
10.720526,58,3410.071055
10.761842,35,3410.361947
10.895,21,3410.538589
11.038947,28,3410.774163
10.456053,113,3411.735799
11.044725,46,3412.116671
10.623421,29,3412.361904
10.438947,19,3412.512249
10.492105,21,3412.685368
10.643421,25,3412.89816
10.814474,26,3413.115576
10.908158,31,3413.382231
10.507895,32,3413.651631
10.937895,44,3414.020017
10.550263,31,3414.284042
10.457368,18,3418.26139
10.716316,42,3418.668172
10.671053,30,3418.936196
10.322895,29,3419.177989
10.737632,23,3419.380131
10.480263,45,3419.767067
10.898158,33,3420.05109
10.959211,25,3420.268178
10.646579,37,3420.586332
11.02,16,3420.720874
10.621579,33,3420.995446
10.44119,7,3421.055071
10.549211,27,3421.28087
11.398571,6,3421.329409
10.928158,27,3421.55734
10.908158,31,3421.821457
11.017647,20,3422.160871
11.111053,22,3422.395051
11.027895,26,3422.619312
10.789737,21,3422.802535
10.576667,18,3422.957973
10.628947,30,3423.207218
11.026429,9,3423.285314
10.930263,35,3423.582079
11.071053,30,3423.838212
10.905,19,3424.000491
10.968947,42,3424.374199
11.07,26,3424.598412
10.694211,38,3424.910074
10.841579,38,3425.24044
10.833947,29,3425.54373
11.033421,27,3425.774481
10.710789,41,3426.115869
10.574474,25,3426.329977
10.480526,26,3426.544556
10.898158,33,3426.819324
10.370256,8,3426.889506
11.043421,25,3427.104919
11.183421,37,3431.23822
10.658947,24,3431.440169
10.948571,16,3431.574967
10.945789,34,3431.873721
10.822895,27,3432.100281
10.724211,32,3432.373502
11.333889,11,3432.465567
10.990263,23,3432.664599
10.358158,43,3433.027371
10.572105,54,3433.488431
11.333182,17,3433.63007
10.769737,25,3433.843641
10.749737,29,3434.087434
10.563571,13,3434.202093
11.018947,32,3434.473157
10.652105,38,3434.796875
10.919503,43,3435.15626
11.113791,19,3435.318343
10.721053,20,3435.485917
11.323333,2,3435.504334
11.18,4,3435.538131
10.953684,24,3435.741765
11.58,4,3435.775869
10.799444,9,3435.852436
10.537368,33,3436.136775
10.735263,34,3436.426478
10.977895,36,3436.728409
10.865,9,3436.801012
10.932381,4,3436.835271
10.665526,29,3437.085732
10.963684,22,3437.264924
11.111053,22,3437.451913
10.985,3,3437.476616
10.998947,36,3437.777122
10.318421,32,3438.050624
10.758095,16,3438.187802
10.942632,22,3438.373775
10.937778,8,3438.439529
10.699474,58,3438.934769
10.927895,46,3439.316875
10.371316,71,3443.645947
10.873947,21,3443.827018
9.99,2,3443.845014
10.756316,34,3444.134072
11.113636,10,3444.219209
10.771842,33,3444.496096
11.042368,21,3444.677409
10.781154,13,3444.789947
9.995263,35,3445.303452
10.850526,32,3445.578984
11.217368,26,3445.798896
11.014474,35,3446.092792
10.773947,41,3446.437312
10.519737,26,3446.657947
10.776316,30,3446.91293
10.822895,27,3447.141616
10.843947,27,3447.371204
10.838421,26,3447.594012
11.085526,25,3447.811857
10.925526,57,3448.294665
10.948158,23,3448.495636
10.650458,32,3448.763435
10.701053,24,3448.962694
11.105526,21,3449.135401
11.203095,7,3449.191392
10.822895,27,3449.415561
10.802895,31,3449.684832
10.890526,24,3449.890597
11.235621,30,3450.144368
10.765263,28,3450.395726
10.696579,27,3450.625854
11.153158,22,3450.812435
10.734211,30,3451.075745
11.128684,29,3451.326184
10.643684,37,3451.638055
10.835,33,3451.913213
10.572436,16,3452.044662
10.759737,27,3452.294355
10.69,22,3456.257325
11.095526,23,3456.457541
10.869474,24,3456.665446
10.801842,27,3456.897538
11.274615,22,3457.080607
10.645526,33,3457.371813
10.465476,25,3457.57616
11.028947,30,3457.837913
10.484474,92,3458.620907
11.132222,18,3458.7738
10.445409,28,3459.010283
10.591316,27,3459.237672
11.011316,23,3459.431769
10.804474,28,3459.66462
11.086765,15,3459.793906
11.03,34,3460.076183
10.968158,19,3460.239486
11.19,2,3460.258833
10.381842,31,3460.520693
10.832456,30,3460.803659
10.607368,68,3461.400354
10.716579,23,3461.597358
10.877105,33,3461.879108
10.590263,23,3462.067411
10.875,25,3462.291786
10.832895,25,3462.504199
10.748684,25,3462.719684
10.684286,6,3462.770871
10.968182,10,3463.059991
10.843684,46,3463.46883
10.298158,24,3463.672229
10.71,18,3463.824468
11.323333,2,3463.841514
10.788333,9,3463.922926
11.058947,24,3464.126398
10.776316,30,3464.380778
10.823947,31,3464.645276
10.728684,29,3464.892925
10.588421,27,3465.117337
10.813947,33,3469.268873
10.925,15,3469.395666
10.770789,29,3469.642289
10.602368,29,3469.88351
10.645526,33,3470.168083
10.402105,39,3470.499727
11.054474,27,3470.733533
11.020556,7,3470.797275
10.822895,27,3471.022437
11.072105,34,3471.307895
10.696579,27,3471.536888
11.118684,31,3471.803155
10.738684,27,3472.031313
10.541429,6,3472.08009
10.661667,1,3472.088911
10.748684,25,3472.30483
10.832436,13,3472.409396
10.641579,29,3472.656263
10.945,11,3472.749892
10.871579,32,3473.022595
10.881579,30,3473.275022
10.911316,43,3473.641031
10.786667,7,3473.702857
10.83576,27,3473.929296
11.216316,22,3474.118611
10.929412,20,3474.292725
10.436579,30,3474.54611
11.081053,28,3474.786488
10.602026,26,3475.008783
11.177424,13,3475.116779
10.692941,32,3475.387145
10.451842,48,3475.797848
10.280758,10,3475.884678
11.078947,20,3476.052621
10.764211,24,3476.253217
10.934737,32,3476.528197
10.970263,27,3476.759706
10.915,17,3476.90453
10.664474,25,3477.131607
10.665526,29,3477.506035
10.792895,33,3477.931159
10.841176,20,3481.887756
10.137632,45,3482.270218
11.062273,13,3482.382189
10.717632,27,3482.615252
10.716579,23,3482.806121
10.709737,37,3483.128269
10.459474,57,3483.646092
10.76,8,3483.712289
10.743158,24,3483.912476
9.99,2,3483.930637
10.39,2,3483.947101
11.007895,30,3484.214756
10.878333,21,3484.395257
10.968947,42,3484.747127
11.020556,7,3484.810744
10.712105,26,3485.04453
10.668684,41,3485.39267
11.096818,17,3485.595497
11.126316,40,3485.944495
10.352368,30,3486.194825
11.531429,8,3486.262481
11.253421,23,3486.46102
10.960263,29,3486.709247
10.997632,51,3487.140457
11.002368,29,3487.389138
10.769737,25,3487.611823
10.858421,22,3487.7975
10.551429,4,3487.832199
10.644474,29,3488.076316
10.915789,40,3488.424703
10.751842,37,3488.746667
10.906053,23,3488.940903
10.706316,44,3489.308255
11.310263,39,3489.635543
11.06,28,3489.874353
9.99,2,3489.895463
10.704211,36,3490.278456
11.98,4,3490.31284
10.946842,38,3490.637925
10.944737,30,3494.627696
10.875,25,3494.834613
10.471579,32,3495.105651
10.674706,18,3495.25708
11.265714,4,3495.290634
10.918158,29,3495.556317
10.869474,24,3495.764014
10.817368,26,3495.983193
10.948158,23,3496.17518
10.742105,20,3496.349759
10.773158,18,3496.506561
10.810789,21,3496.680684
10.750714,7,3496.741648
10.168158,32,3497.016908
11.353889,7,3497.074947
11.009545,9,3497.152688
10.794474,30,3497.403364
11.031053,38,3497.723802
10.622368,25,3498.147069
10.911579,24,3498.352913
10.968182,10,3498.444535
10.728684,29,3498.699084
10.552632,20,3498.869094
10.564286,21,3499.047885
11.995,1,3499.055598
10.985,3,3499.081199
10.613947,24,3499.278577
10.733158,26,3499.500988
10.924737,34,3499.793822
10.921579,22,3499.975843
11.113158,30,3500.234587
10.677253,14,3500.34985
11.109835,11,3500.444717
10.916818,13,3500.55603
10.857632,30,3500.814283
10.803947,35,3501.111011
10.819474,34,3501.401385
10.509737,77,3502.070117
10.344737,21,3502.245292
10.766316,32,3502.520864
10.918333,3,3502.545579
11.139487,8,3502.615006
10.739737,31,3502.879913
10.522368,45,3503.257825
11.195263,22,3503.447335
10.611667,11,3507.256506
10.837368,22,3507.444798
10.841842,19,3507.605912
11.08,24,3507.810345
9.75,1,3507.819587
11.300455,9,3507.900133
10.972619,15,3508.02536
10.717632,27,3508.255007
10.815,37,3508.573978
10.688158,26,3508.790175
10.996842,28,3509.027823
10.986842,30,3509.280731
10.692632,23,3509.481167
10.974737,24,3509.675783
10.923684,30,3509.928461
10.722105,24,3510.131438
10.796316,26,3510.366229
10.876053,29,3510.610199
11.109487,14,3510.727387
10.860882,19,3510.891051
10.592222,6,3510.940563
10.797368,30,3511.204516
11.678333,11,3511.296968
10.907105,27,3511.526857
10.981316,29,3511.780663
10.496053,25,3511.992338
10.792895,33,3512.271865
10.826667,19,3512.434511
11.036579,39,3512.765078
10.765263,28,3513.010721
10.569211,23,3513.203377
11.331364,12,3513.300347
10.656053,24,3513.501565
10.907105,27,3513.726621
10.840526,34,3514.007393
10.733158,26,3514.23086
11.111667,21,3514.410036
10.919211,33,3514.686405
10.782143,15,3514.811178
10.785263,24,3515.00847
10.748333,18,3515.158904
10.820263,57,3515.636859
10.985,3,3515.66403
10.938158,25,3515.875451
10.966842,34,3520.084903
10.788947,29,3520.333705
11.106579,25,3520.544904
10.924737,34,3520.827163
10.697632,31,3521.084065
10.896053,25,3521.329362
11.075526,27,3521.563878
10.830789,48,3521.972653
10.895936,29,3522.21664
11.095556,12,3522.319164
10.876053,29,3522.567464
10.462632,38,3522.894847
10.943684,26,3523.118573
10.758684,23,3523.306653
10.941316,37,3523.616462
10.872381,16,3523.755608
10.938947,48,3524.168848
11.028947,30,3524.427611
10.7,20,3524.597522
10.964737,26,3524.819162
10.870526,28,3525.054876
10.855,29,3525.300059
10.861536,29,3525.548665
10.87768,31,3525.815626
11.049835,23,3526.010063
10.931579,20,3526.177982
10.898158,33,3526.460467
10.969211,23,3526.654477
11.02,36,3526.958125
10.998947,36,3527.257159
10.472281,39,3527.592509
10.938158,25,3527.802176
10.599474,29,3528.047805
10.878421,18,3528.200999
11.164412,23,3528.396065
10.647857,19,3532.274573
10.742105,20,3532.447884
10.414474,26,3532.669809
10.705526,21,3532.845054
10.95803,20,3533.018037
10.861579,34,3533.303372
10.782456,40,3533.638712
10.508421,43,3533.998108
10.892456,18,3534.148904
11.120686,19,3534.314548
11.194725,16,3534.453405
11.023421,29,3534.691932
9.75,1,3534.700034
10.974737,24,3534.897958
10.954737,28,3535.133252
10.89924,26,3535.3553
11.174444,14,3535.469574
10.989211,19,3535.633012
10.585,3,3535.66058
10.822895,27,3535.887719
10.638947,28,3536.125468
10.865,27,3536.357007
10.740789,35,3536.653816
10.952632,20,3536.82534
10.576176,23,3537.016033
11.133158,26,3537.262392
10.880526,26,3537.484519
11.037564,13,3537.792004
10.998947,36,3538.152296
10.695526,23,3538.345634
11.097632,31,3538.604441
9.75,1,3538.613796
10.665526,29,3538.924223
10.702281,42,3539.280356
11.186316,28,3539.516688
11.068947,22,3539.711923
10.934737,32,3539.980182
10.907105,27,3540.208646
11.074474,23,3540.404891
10.469211,43,3540.773962
10.958158,21,3540.960472
10.794211,18,3541.118138
10.827143,6,3541.171765
10.38,35,3545.24123
10.765263,28,3545.473157
11.118684,31,3545.76674
11.122121,18,3545.919305
10.78,4,3545.953492
10.661053,32,3546.226857
10.66,28,3546.464279
11.028947,30,3546.718806
10.705263,40,3547.061553
11.000263,21,3547.241193
10.778421,38,3547.56111
10.886053,27,3547.796323
10.811842,25,3548.026858
11.134211,30,3548.277552
10.890526,24,3548.479766
10.940263,33,3548.771545
9.75,1,3548.779316
10.878333,11,3548.869847
10.128333,1,3548.880098
9.99,2,3548.897286
10.712105,26,3549.119904
10.907105,27,3549.348758
10.927105,23,3549.54544
11.046667,4,3549.580589
10.392018,34,3549.874204
11.995,1,3549.883163
10.693421,15,3550.008554
11.159286,11,3550.103394
9.563947,38,3550.429259
10.421053,31,3550.696528
10.804474,28,3550.93558
11.062857,16,3551.073089
11.06,28,3551.312335
10.870526,28,3551.555465
10.677273,10,3551.639524
10.788421,36,3551.948976
10.797105,49,3552.363567
10.831842,21,3552.545407
10.922381,6,3552.597955
11.171046,22,3552.785284
10.837105,41,3553.133973
10.674211,42,3553.484508
10.979211,21,3553.66094
10.472105,25,3557.775547
10.969211,23,3557.968429
10.794737,60,3558.483237
10.961316,33,3558.790452
10.865,27,3559.044909
11.048947,26,3559.269673
10.469737,36,3559.581037
10.612368,27,3559.815783
11.075526,27,3560.049008
10.744211,28,3560.290595
10.903718,9,3560.366895
10.661667,1,3560.375727
10.917105,25,3560.589219
10.664474,25,3560.803135
10.664474,25,3561.020438
11.073636,18,3561.172711
11.094542,19,3561.334823
11.112857,6,3561.387892
10.661053,32,3561.654983
10.716579,23,3561.850953
10.629474,23,3562.046129
10.791842,29,3562.294635
10.961316,33,3562.571548
10.542895,34,3562.860201
10.908333,15,3562.989429
11.006842,26,3563.211159
10.985789,26,3563.434385
10.974737,24,3563.636376
10.682576,15,3563.765711
10.943684,26,3563.988409
11.061579,25,3564.197948
10.893464,20,3564.366804
11.053421,23,3564.562389
10.997895,32,3564.826174
11.323333,2,3564.844267
11.323333,2,3564.861634
10.696579,27,3565.089115
10.572895,28,3565.323903
10.628947,30,3565.576498
10.774211,22,3565.761307
10.573684,20,3565.932633
10.019211,35,3566.223427
10.744673,21,3566.401401
10.845,31,3570.476912
10.992368,31,3570.741052
11.995,1,3570.750115
10.249737,31,3571.015521
9.75,1,3571.022902
10.697632,31,3571.293174
11.102974,33,3571.577019
10.931667,17,3571.71919
10.985789,26,3571.942829
11.115588,21,3572.120383
10.631053,38,3572.447864
10.583158,56,3572.92101
10.782632,54,3573.388984
10.585,3,3573.415591
10.725263,36,3573.725938
10.682632,25,3573.943734
10.830526,36,3574.350114
11.091053,26,3574.587481
10.614474,35,3574.877082
10.913684,32,3575.146297
10.959211,25,3575.353575
11.18,4,3575.387539
10.48,64,3576.130257
10.566316,23,3576.336222
10.572632,16,3576.487452
10.911579,24,3576.69987
10.911579,24,3576.897211
10.879474,22,3577.087847
10.328333,1,3577.096775
10.539121,19,3577.257911
10.711053,22,3577.444083
10.719737,35,3577.736266
11.011316,23,3577.932187
10.835263,45,3578.315229
10.922632,26,3578.534767
10.937778,8,3578.60672
11.661667,1,3578.615649
10.887105,31,3578.874045
10.746316,36,3579.175021
10.90768,25,3583.094909
11.175263,26,3583.330107
10.872105,25,3583.538955
10.845,31,3583.798299
10.996842,28,3584.036389
10.950263,31,3584.301987
10.673158,38,3584.619426
10.809444,7,3584.679165
10.939211,29,3584.92464
10.789444,11,3585.015612
10.865,17,3585.160182
10.676579,31,3585.421966
10.875,25,3585.639575
10.801842,27,3585.871576
10.929608,18,3586.02861
10.831842,21,3586.208556
10.935641,18,3586.364491
10.863333,14,3586.48416
10.79,2,3586.500692
10.97,6,3586.551723
10.792143,13,3586.659791
10.534737,32,3586.92613
10.950263,31,3587.189503
10.856053,33,3587.469041
10.888158,35,3587.767539
10.933684,28,3587.997619
11.055526,31,3588.260605
10.791842,29,3588.508085
10.816316,22,3588.698202
10.953684,24,3588.901422
10.691053,26,3589.126222
11.133158,26,3589.34785
10.803947,35,3589.651363
10.788333,9,3589.729027
11.995,1,3589.737351
10.919211,33,3590.017473
10.72,16,3590.154872
10.985789,26,3590.37588
10.712105,26,3590.598209
10.638947,28,3590.836709
10.775165,12,3590.940071
10.709737,37,3591.253098
10.728684,29,3591.500163
10.757105,57,3596.022274
11.013421,31,3596.283135
10.385526,36,3596.592971
10.876053,29,3596.835309
10.823421,69,3597.424753
10.801154,9,3597.50085
10.859474,26,3597.72245
10.801842,27,3597.951113
10.812895,29,3598.249735
11.005789,22,3598.443881
10.705526,21,3598.623181
10.768684,21,3598.799886
10.795263,22,3598.989532
10.985789,26,3599.202999
11.046667,4,3599.253332
10.952632,20,3599.471279
10.687222,7,3599.533091
11.175263,26,3599.760532
10.740789,35,3600.055931
10.801842,27,3600.288163
10.837368,22,3600.480835
10.846053,35,3600.996658
10.685526,25,3601.213067
10.205263,42,3601.569646
11.267368,16,3601.704983
10.877105,33,3601.982824
10.954737,28,3602.222973
11.154412,25,3602.433447
11.002368,29,3602.684875
10.799474,38,3603.007423
10.718684,31,3603.270004
10.627105,34,3603.561074
10.612368,27,3603.799954
11.995,1,3603.808797
10.619474,25,3604.020683
10.452105,29,3604.275075
10.958158,21,3604.452173
9.99,2,3604.470368
10.970303,12,3604.569516
11.995,1,3604.578493
10.788333,9,3604.654595
10.853947,25,3604.867193
10.964737,26,3608.923117
11.058947,24,3609.134315
10.647253,20,3609.308487
10.895,21,3609.486358
10.938158,25,3609.704819
10.787368,32,3609.975722
10.916053,21,3610.163507
10.781842,31,3610.424498
11.175,5,3610.469746
10.713158,30,3610.725927
11.068947,22,3610.913435
11.095,21,3611.085736
10.886053,27,3611.313016
10.745789,25,3611.525071
11.128571,11,3611.618454
10.832143,5,3611.660803
11.066111,9,3611.74236
10.918158,29,3611.99184
10.959211,25,3612.203115
11.016842,24,3612.409349
11.069737,45,3612.787265
10.920989,18,3612.944625
10.195,1,3612.953551
10.9,20,3613.121207
10.833684,48,3613.529026
11.160769,14,3613.650957
10.666579,33,3613.932582
10.571842,24,3614.140337
10.890526,24,3614.341547
10.769737,25,3614.559607
9.75,1,3614.567133
10.799444,9,3614.648972
10.276316,32,3614.917868
10.656667,2,3614.934645
10.974737,24,3615.139862
11.58,4,3615.170539
10.241579,29,3615.424393
10.724737,25,3615.640825
10.953684,24,3615.837931
11.107632,29,3616.094274
10.891579,28,3616.336626
11.233947,29,3616.587685
10.722105,24,3616.792862
10.905,19,3616.959331
10.661667,1,3616.968832
10.751842,37,3617.283926
11.087632,33,3621.312824
10.838421,26,3621.5351
10.476579,22,3621.720446
10.818421,30,3621.979063
9.75,1,3621.986284
10.509737,28,3622.433219
10.832143,5,3622.473366
10.823947,31,3622.737151
10.938158,25,3622.950816
11.127632,25,3623.16128
10.747632,21,3623.382015
10.601316,25,3623.600866
11.232778,9,3623.675226
10.985,3,3623.699107
10.95768,15,3623.828293
10.441053,27,3624.060647
10.697105,20,3624.229939
10.728801,25,3624.450437
10.92768,21,3624.632088
10.958158,21,3624.811235
10.596842,28,3625.040868
10.888333,9,3625.114108
11.016842,24,3625.319054
10.682368,93,3626.111725
10.384444,12,3626.215875
10.917105,25,3626.422156
11.071053,30,3626.676965
10.948158,23,3626.870096
10.836316,49,3627.285709
10.965789,30,3627.542688
10.819737,15,3627.667734
10.497368,41,3628.031717
10.546316,27,3628.261634
9.75,1,3628.269889
10.923684,30,3628.523433
10.654314,26,3628.735546
10.275789,39,3629.063375
10.602368,29,3629.313293
10.726579,21,3629.496177
10.758421,42,3629.857907
10.986923,18,3630.010335
10.952632,20,3630.18404
11.07,26,3634.148932
10.526316,31,3634.409128
10.918158,29,3634.658129
10.613464,27,3634.895568
10.971316,31,3635.159325
10.671579,23,3635.357688
9.75,1,3635.365603
11.066579,33,3635.647378
10.973333,32,3635.922362
10.765263,28,3636.157079
9.99,2,3636.174853
10.869474,24,3636.380628
11.016667,10,3636.467765
11.007895,30,3636.722195
11.074474,23,3636.913634
10.890263,43,3637.278969
10.678158,28,3637.5193
10.829474,32,3637.790803
11.027895,26,3638.010798
10.810789,21,3638.187443
10.770789,29,3638.436578
11.084474,21,3638.624527
11.053421,23,3638.82233
10.709211,26,3639.044467
9.99,2,3639.061167
11.995,1,3639.070419
10.769737,25,3639.280224
11.141667,5,3639.322317
10.523684,30,3639.577251
10.714211,34,3639.867464
10.951053,54,3640.327739
11.185263,24,3640.535524
10.693158,34,3640.818748
10.743421,36,3641.19191
11.138684,27,3641.584202
10.545789,34,3641.88058
10.808421,32,3642.153129
11.037353,19,3642.313372
10.970263,27,3642.546383
10.67,26,3642.771606
10.980263,25,3646.725116
10.032273,23,3646.924766
10.990909,20,3647.096861
10.977895,36,3647.407166
10.701053,24,3647.605042
10.438947,19,3647.766433
10.897105,29,3648.007607
10.853158,33,3648.286014
10.559211,25,3648.497422
10.775263,26,3648.737339
10.34,43,3649.119921
10.853684,44,3649.503988
10.739737,31,3649.768497
10.759474,46,3650.163628
10.957895,40,3650.50163
10.661053,32,3650.774109
10.661053,32,3651.045026
10.675526,27,3651.273454
-1.5,100,3652.120743
10.770714,3,3652.147519
10.682105,32,3652.419052
10.732105,22,3652.602657
10.912632,28,3652.849658
10.385,3,3652.873971
11.597857,9,3652.947556
10.847105,39,3653.280352
11.027564,15,3653.410658
10.64,32,3653.685387
11.323333,2,3653.701845
10.521364,14,3653.817112
11.303939,18,3653.973411
10.725263,36,3654.278363
11.193095,9,3654.351815
10.602895,22,3654.533108
10.978158,17,3654.680978
11.995,1,3654.689844
10.813947,33,3654.971388
10.875455,14,3655.095352
10.748684,25,3655.309409
11.014474,35,3659.3903
10.852895,21,3659.569628
11.104474,17,3659.720571
11.385,3,3659.745739
10.746316,36,3660.113623
10.918158,29,3660.361875
10.652368,19,3660.523605
10.911579,24,3660.733471
10.859474,26,3660.960144
10.671842,53,3661.412571
11.047895,22,3661.604139
10.622895,49,3662.026493
10.776316,30,3662.288834
10.631053,38,3662.618196
9.99,2,3662.634775
10.576842,32,3662.906811
11.175,5,3662.9502
11.056818,25,3663.16584
10.876053,29,3663.405305
10.584737,22,3663.599257
11.027895,26,3663.82825
10.440526,34,3664.115322
10.976842,32,3664.58599
10.807368,28,3664.816769
10.689737,41,3665.161225
11.353571,15,3665.283692
11.263947,23,3665.483544
11.040909,10,3665.568884
10.863947,23,3665.773499
10.869474,24,3665.988165
9.99,2,3666.005706
10.716579,23,3666.213183
10.807368,28,3666.454782
10.579211,21,3666.627116
11.708333,5,3666.672122
11.59,2,3666.690325
11.280526,26,3666.914508
10.868158,39,3667.287409
10.971316,31,3667.563431
10.880526,26,3667.800544
10.981316,29,3668.041811
10.385,3,3668.06672
10.59,42,3672.204834
10.623824,37,3672.520591
10.633297,14,3672.642849
10.628684,49,3673.051852
10.653421,23,3673.247115
10.605789,22,3673.437628
10.891579,28,3673.678969
10.788485,12,3673.784129
11.130128,15,3673.916939
10.758684,23,3674.117508
10.747632,21,3674.300526
10.944737,30,3674.558132
11.071111,8,3674.627768
10.927105,23,3674.824654
10.403158,43,3675.192505
10.586111,5,3675.234516
10.849474,28,3675.474868
11.002368,29,3675.722591
10.899697,14,3675.839205
10.459737,38,3676.167344
11.142105,20,3676.336747
10.650789,53,3676.7918
11.053421,23,3676.990173
10.875,25,3677.20072
10.992368,31,3677.466566
10.921579,22,3677.648464
10.980263,25,3677.858274
10.752368,30,3678.119695
10.841471,17,3678.264532
10.859444,17,3678.410448
10.863947,23,3678.607774
10.294737,62,3679.136038
10.752105,18,3679.290642
11.091515,12,3679.394559
9.744183,31,3679.656948
11.144211,28,3679.897811
11.046667,4,3679.934611
11.058947,24,3680.140884
10.662632,29,3680.3854
10.927105,23,3680.579587
10.810238,17,3680.722655
10.723158,28,3684.740115
10.841842,19,3684.902621
10.822895,27,3685.128785
10.782895,35,3685.428172
10.838421,26,3685.645846
10.932895,45,3686.025975
10.777895,27,3686.253727
11.995,1,3686.262254
11.303333,6,3686.310886
10.738684,27,3686.541559
10.262982,39,3686.870957
10.731176,42,3687.430719
10.743158,24,3687.628464
11.995,1,3687.636941
10.504211,27,3687.899337
10.833947,29,3688.159896
10.886053,27,3688.397358
10.934011,11,3688.490381
10.838421,26,3688.713101
10.734211,30,3688.974962
10.81924,42,3689.332814
10.869211,43,3689.702753
11.113158,30,3689.949641
10.637857,21,3690.120141
10.984737,22,3690.308053
11.138684,27,3690.549027
10.789474,40,3690.895785
11.221842,23,3691.096696
10.890526,24,3691.301154
10.692105,30,3691.555578
10.823947,31,3691.815903
10.949118,19,3691.979573
10.970263,27,3692.21093
10.683421,17,3692.359027
10.687273,8,3692.428118
10.638947,28,3692.669263
10.458684,34,3692.959279
10.68,24,3693.16374
10.763158,20,3693.335345
10.738684,27,3693.567197
10.828421,28,3697.576871
10.996842,28,3697.818401
10.707632,29,3698.065895
10.926818,11,3698.159615
10.782368,33,3698.443669
10.616579,43,3698.813104
10.696579,27,3699.037824
10.853947,25,3699.253356
10.801842,27,3699.484078
10.900526,22,3699.67557
11.323333,2,3699.693844
10.845,31,3699.958035
11.036667,6,3700.010232
10.828333,21,3700.183292
10.908333,5,3700.228662
10.962619,17,3700.372117
10.825,35,3700.669303
10.995,1,3700.678305
10.778684,19,3700.834742
10.916053,21,3701.016776
10.678684,39,3701.386425
11.130263,75,3702.0286
10.899737,30,3702.286066
10.385526,36,3702.59173
10.804474,28,3702.825833
10.885,23,3703.022443
11.092857,10,3703.110109
11.152105,18,3703.262382
10.195,1,3703.272449
10.922632,26,3703.49093
11.125,6,3703.537177
11.099487,16,3703.676865
11.384444,12,3703.78076
10.606316,64,3704.320477
10.988399,35,3704.617709
10.797368,30,3704.864799
10.937895,44,3705.22966
10.849474,28,3705.648191
10.436579,30,3705.936061
10.964737,26,3706.160167
10.759737,27,3710.138611
10.817368,26,3710.360558
10.99881,25,3710.567787
10.566026,15,3710.698625
10.985,3,3710.724144
10.837368,22,3710.913826
10.927105,23,3711.104816
11.096176,19,3711.268023
10.71,18,3711.420792
10.887033,16,3711.555631
10.716579,23,3711.751743
10.121579,35,3712.048891
11.313889,15,3712.174427
10.835,33,3712.455133
11.06,28,3712.703169
10.807368,28,3712.941818
10.576842,32,3713.218473
11.249091,12,3713.324747
10.778485,14,3713.445389
9.950263,35,3713.744512
11.093158,34,3714.032436
11.111053,22,3714.221159
10.503333,6,3714.282975
10.917105,25,3714.503788
10.726316,40,3714.839146
10.959211,25,3715.049758
10.399545,11,3715.146829
10.823947,31,3715.412568
10.912632,28,3715.65342
11.065526,29,3715.896534
10.423158,39,3716.219964
11.086579,29,3716.463482
10.707632,29,3716.702828
10.376842,23,3716.90102
10.661667,1,3716.909905
10.890526,24,3717.112627
10.690556,13,3717.220091
10.691053,26,3717.452078
10.82619,10,3717.535018
10.870526,28,3717.777043
10.862381,18,3717.92859
10.740263,24,3718.135292
10.994737,20,3718.307537
10.617895,28,3718.53998
10.563684,22,3718.727881
10.880526,26,3722.809072
10.964737,26,3723.035266
10.973684,20,3723.208527
11.117632,27,3723.435226
10.835,33,3723.712141
10.900055,9,3723.788455
10.721053,20,3723.958333
11.147632,21,3724.144836
10.971316,31,3724.407513
10.990263,23,3724.602809
10.879474,22,3724.78437
10.894211,29,3725.031584
10.993421,35,3725.325635
10.715263,38,3725.65036
11.082857,12,3725.754154
10.529474,43,3726.122016
10.916818,13,3726.238442
10.870526,28,3726.653151
10.993421,35,3726.969019
10.389737,21,3727.147514
10.702386,19,3727.353415
10.827368,24,3727.56966
10.627895,26,3727.80245
10.768684,21,3727.984929
10.708684,33,3728.270071
10.918158,29,3728.518197
10.605526,41,3728.872945
11.137632,23,3729.068935
10.743158,24,3729.277321
10.570263,27,3729.509887
10.832895,25,3729.718768
10.692105,30,3729.971375
11.531429,8,3730.040698
10.859474,26,3730.261639
10.795,31,3730.522321
10.759737,27,3730.749624
10.758684,23,3730.945655
10.688158,26,3731.162716
10.8,31,3731.432855
10.889474,20,3731.594945
10.946842,38,3735.661052
10.676579,31,3735.931647
10.737778,8,3735.996852
10.537368,33,3736.28244
10.676579,31,3736.54616
10.852895,21,3736.727393
10.685526,25,3736.936523
11.128684,29,3737.180734
10.675263,46,3737.580866
10.185526,27,3737.805742
11.088684,37,3738.124633
10.901316,45,3738.503482
10.811842,25,3738.72389
11.453333,16,3738.859027
11.253333,16,3738.995712
10.736842,31,3739.263169
10.795263,22,3739.445252
10.901579,26,3739.67205
10.889474,20,3739.841252
10.917105,25,3740.047225
10.898333,7,3740.106578
11.239091,14,3740.223408
10.79,22,3740.412818
10.815263,18,3740.565007
10.701053,24,3740.778749
10.564545,18,3740.932237
10.965789,30,3741.191462
10.427632,36,3741.498425
10.928158,27,3741.727747
10.768095,14,3741.845026
11.048947,26,3742.071783
10.986282,13,3742.182835
10.896053,25,3742.396026
10.838421,26,3742.620608
10.940263,33,3742.903012
10.95,10,3742.985045
10.780789,27,3743.21776
10.906053,23,3743.414589
10.948529,25,3743.625567
10.726053,59,3744.122574
10.809444,7,3744.181186
11.127424,23,3748.165375
10.820789,19,3748.342084
11.017895,28,3748.580621
10.902632,30,3748.840862
11.074474,23,3749.038509
11.177368,34,3749.46898
11.113158,30,3749.759626
10.756842,27,3749.996023
10.902632,30,3750.250778
10.733182,17,3750.410966
11.066579,33,3750.696605
10.909211,35,3750.999789
10.972368,35,3751.292483
11.015789,20,3751.464574
11.441667,5,3751.50708
10.985,3,3751.531124
10.835033,16,3751.668633
10.601667,13,3751.779458
10.94,12,3751.882809
10.667857,15,3752.008418
10.774211,22,3752.203568
10.790789,25,3752.445512
10.855,29,3752.708661
10.753158,22,3752.897778
10.747632,21,3753.07716
10.803788,15,3753.206161
10.696579,27,3753.437917
10.869064,18,3753.591141
11.081053,28,3753.829518
10.485,3,3753.854737
10.637222,17,3753.992286
10.563684,22,3754.18465
10.948158,23,3754.381613
11.024474,33,3754.663278
10.325,37,3754.971876
10.282895,37,3755.276725
10.615909,15,3755.401469
11.153158,22,3755.588571
11.259474,26,3755.809011
10.797368,30,3756.0727
10.949327,23,3756.270083
10.806316,24,3756.47777
11.995,1,3756.48593
10.931316,39,3756.819899
10.703158,32,3760.80818
11.05,30,3761.065828
10.868421,20,3761.240447
10.956023,24,3761.479314
11.169737,25,3761.697951
10.598421,25,3761.915326
10.859474,26,3762.134487
11.349211,27,3762.364488
10.562895,30,3762.621136
10.866053,31,3762.886801
10.922632,26,3763.101061
10.755263,30,3763.358128
11.035526,35,3763.65821
11.995,1,3763.666371
10.926053,19,3763.828047
10.808421,32,3764.10259
9.75,1,3764.110244
10.741905,4,3764.145064
10.726579,21,3764.325016
10.775263,26,3764.544989
11.18,4,3764.580807
10.875,25,3764.789877
11.085526,25,3765.002077
10.832436,13,3765.11481
10.317895,70,3765.712872
10.976282,15,3765.839839
11.011316,23,3766.03058
10.889474,20,3766.199587
11.18,4,3766.235844
10.646053,26,3766.45862
10.707368,48,3766.873879
10.851842,17,3767.024694
10.796316,26,3767.240725
10.774211,22,3767.426595
10.522222,20,3767.593999
11.028947,30,3767.847843
11.142105,20,3768.10574
10.422105,35,3768.497612
11.032368,23,3768.691349
10.611316,23,3768.881782
11.995,1,3768.890239
10.78,4,3768.923673
11.112105,26,3769.145598
11.108684,33,3769.432728
10.927105,23,3769.63394
10.976282,15,3773.523822
10.437632,34,3773.814822
10.355789,72,3774.419204
10.79,2,3774.437919
10.816316,22,3774.627194
10.608421,23,3774.819129
11.034474,31,3775.082434
10.637895,24,3775.285366
10.654474,27,3775.51413
11.06,28,3775.743446
10.646842,18,3775.892927
10.528421,39,3776.22668
11.001667,23,3776.425061
10.542632,22,3776.612877
10.685526,25,3776.827638
10.713684,23,3777.020007
11.201703,19,3777.188965
10.715789,31,3777.462263
11.184211,20,3777.633737
10.907105,27,3777.859543
10.863077,12,3777.959685
10.995,1,3777.967438
10.796316,26,3778.184534
11.071053,30,3778.434259
10.943333,18,3778.591078
10.429474,112,3779.573075
10.959118,17,3779.718676
11.020556,7,3779.780783
10.786316,28,3780.027897
10.870526,28,3780.269251
10.506053,23,3780.48076
11.18,4,3780.533902
10.725263,36,3780.875032
10.664706,20,3781.039317
10.971316,31,3781.303952
10.637895,24,3781.523159
10.976842,32,3781.80088
11.122857,4,3781.836743
10.895,21,3782.013959
10.922632,26,3785.988985
10.985,3,3786.014096
11.256667,22,3786.204433
11.097632,31,3786.47071
11.072105,34,3786.759404
10.753158,22,3786.947518
11.130789,37,3787.266573
10.772143,17,3787.414958
10.940263,33,3787.753554
10.954737,28,3788.218645
10.690789,45,3788.608215
10.849474,28,3788.847473
10.881579,30,3789.10779
11.078205,10,3789.193619
11.032368,23,3789.385582
10.945,11,3789.48249
10.740789,35,3789.794225
11.037895,24,3790.001657
11.259474,26,3790.222846
10.791795,16,3790.361308
11.109487,14,3790.482905
10.985,3,3790.508787
10.455526,22,3790.696604
10.61732,21,3790.86859
11.066579,33,3791.146148
10.937105,21,3791.329067
10.41,29,3791.575535
10.837368,22,3791.76661
10.960263,29,3792.009111
10.814737,56,3792.47939
11.101053,24,3792.681951
10.960263,29,3792.928541
10.817368,26,3793.155025
10.770526,48,3793.56215
10.870476,24,3793.769
9.99,2,3793.785928
10.814474,26,3794.013021
9.957895,62,3794.538929
10.396842,19,3794.701184
10.932381,4,3794.735533
10.600263,21,3794.916099
10.949211,27,3799.137175
10.547368,31,3799.408592
10.737632,23,3799.608154
11.016905,29,3799.858932
10.741905,4,3799.894499
11.021667,19,3800.050118
10.590263,23,3800.244982
10.999591,34,3800.534997
10.716579,23,3800.729736
11.110769,24,3800.931553
10.601316,25,3801.147986
11.078947,20,3801.308327
10.990263,23,3801.50208
11.268421,20,3801.668997
11.995,1,3801.677994
10.839474,30,3801.93881
10.756053,53,3802.38065
10.614474,35,3802.684181
10.759737,27,3802.908418
10.986842,30,3803.164886
10.790789,25,3803.373107
10.661667,1,3803.381394
10.646053,26,3803.605573
10.333947,31,3803.868399
11.995,1,3803.877012
10.898333,7,3803.940927
10.649697,15,3804.068649
10.401842,58,3804.56244
10.752105,18,3804.713701
11.203824,21,3804.895201
10.709211,26,3805.121036
10.846316,16,3805.25501
10.678947,20,3805.424833
10.95,10,3805.508646
11.042368,21,3805.689969
10.865,27,3805.922253
11.133158,26,3806.13985
10.877105,33,3806.420594
10.775263,26,3806.640665
10.821765,18,3806.796023
10.796316,26,3807.0159
10.733684,19,3807.180021
11.03,34,3807.468897
10.585,3,3807.496093
10.911579,24,3807.702328
10.671111,8,3811.529775
10.964737,26,3811.753696
11.209118,17,3811.89643
11.181842,31,3812.373247
10.859474,26,3812.630525
10.865,27,3812.894064
11.245,31,3813.165363
10.820789,19,3813.330778
11.313939,16,3813.4644
10.514211,74,3814.095868
10.819474,34,3814.38274
11.027895,26,3814.603575
10.553684,24,3814.813254
10.949211,27,3815.041782
10.712105,26,3815.262823
10.837368,22,3815.452403
11.101053,24,3815.656478
10.892632,32,3815.932599
10.275,26,3816.157391
11.076579,31,3816.422755
10.328333,1,3816.43082
10.818421,30,3816.690331
10.912632,28,3816.978757
10.743947,47,3817.393546
10.495,21,3817.572728
10.44,23,3817.766079
11.142121,14,3817.886985
10.731053,18,3818.038734
10.588947,38,3818.361979
11.123158,28,3818.602868
10.820526,38,3818.921471
10.687222,7,3818.982389
10.706579,25,3819.199267
11.018947,32,3819.469602
11.042368,21,3819.651504
11.101053,24,3819.856698
10.705526,21,3820.03653
10.862632,38,3820.360245
10.568158,19,3820.523589
10.577632,55,3824.849405
11.032368,23,3825.053108
10.901579,26,3825.274653
11.303333,6,3825.325753
10.264211,57,3825.806457
10.597895,32,3826.076015
10.559211,25,3826.294269
11.016842,24,3826.498991
10.717632,27,3826.729949
10.985,3,3826.754981
10.379415,46,3827.146628
10.695526,23,3827.343167
11.029591,28,3827.575302
10.998947,36,3827.877033
10.640275,17,3828.022019
10.846053,35,3828.314852
10.813947,33,3828.587533
10.850526,32,3828.862477
11.184211,20,3829.036808
10.888333,19,3829.197922
10.885,23,3829.39083
10.916053,21,3829.568624
10.703158,32,3829.84402
10.843947,27,3830.06871
10.615,28,3830.315844
11.143158,24,3830.526024
11.323333,2,3830.54337
10.934737,32,3830.816445
10.613421,31,3831.072875
10.616667,21,3831.249764
11.032368,23,3831.447098
10.585,3,3831.472425
10.772895,37,3831.787661
10.786287,30,3832.046864
10.708684,33,3832.334308
11.22803,15,3832.678556
10.841471,17,3832.826016
10.932632,24,3833.032795
10.925,15,3833.168323
10.918333,3,3833.192927
10.928158,27,3837.122799
11.102857,8,3837.189364
10.944737,30,3837.446898
10.744673,21,3837.632506
10.635,24,3837.839
10.831842,21,3838.017726
10.885,23,3838.213516
11.046667,4,3838.248907
10.432105,33,3838.526698
10.933684,28,3838.771842
10.928158,27,3838.997202
10.743158,24,3839.203143
11.096667,14,3839.323603
11.024762,16,3839.453533
10.665526,29,3839.700578
10.739444,21,3839.901047
11.59,2,3839.929576
11.451667,3,3839.959016
10.833947,29,3840.206212
10.891579,28,3840.452884
10.885,23,3840.650864
11.090789,45,3841.062294
10.817368,26,3841.31498
10.967895,38,3841.640548
11.082273,9,3841.71734
10.848889,8,3841.787858
10.785585,23,3841.985479
11.000263,21,3842.168892
10.928158,27,3842.406615
10.841471,17,3842.554039
10.621667,9,3842.633957
10.819091,18,3842.789171
11.086471,18,3842.941869
11.015789,20,3843.121881
10.566842,34,3843.406309
10.661667,1,3843.41468
10.519474,14,3843.533047
10.828421,28,3843.772551
11.19,2,3843.790198
10.889152,21,3843.965628
10.674474,23,3844.168604
10.96,8,3844.23684
11.014474,35,3844.531035
10.55,32,3844.808944
10.878158,37,3845.123211
9.75,1,3845.132164
10.503684,34,3845.42138
10.81,29,3845.667221
10.723158,28,3845.908292
11.132105,22,3849.907718
10.445,31,3850.180269
10.962368,37,3850.504778
10.742105,20,3850.672524
10.675526,27,3850.901814
11.030909,12,3851.008392
10.851765,12,3851.107999
9.75,1,3851.115527
11.006842,26,3851.333396
10.919211,33,3851.618984
10.695526,23,3851.807723
10.778684,19,3851.969003
10.738684,27,3852.200956
10.958824,20,3852.370264
10.584737,22,3852.554559
10.75,10,3852.637981
10.408947,25,3852.850725
10.974737,24,3853.05438
11.037632,43,3853.421072
10.766316,32,3853.691695
10.585,3,3853.717037
10.580789,18,3853.864464
10.869474,24,3854.072584
10.882632,34,3854.365672
11.246725,22,3854.56113
10.845033,14,3854.680523
11.052614,30,3854.934234
10.742105,20,3855.102948
11.027895,26,3855.324034
11.074542,23,3855.732846
10.828421,28,3855.972994
10.901536,21,3856.152506
11.400196,18,3856.310323
10.950263,31,3856.572819
10.569211,23,3856.77026
11.028947,30,3857.029192
10.442632,73,3857.657842
10.948158,23,3857.849929
10.79,2,3857.86727
10.776316,30,3858.116904
10.578421,78,3862.519556
10.906053,23,3862.70704
10.953421,43,3863.080718
10.708684,33,3863.363716
11.174211,22,3863.544631
10.928158,27,3863.771809
10.698333,17,3863.912933
10.789444,11,3864.005234
10.139848,73,3864.627036
11.307908,26,3864.851306
10.961895,22,3865.041767
11.031316,19,3865.204714
11.087632,33,3865.484814
10.982368,33,3865.767303
11.044474,29,3866.012521
10.823947,31,3866.274636
10.861053,23,3866.470767
11.131053,18,3866.615565
11.385,3,3866.641195
10.674474,23,3866.838973
10.755263,30,3867.099691
10.668947,22,3867.290959
10.901579,26,3867.512338
10.875,25,3867.732433
10.586842,30,3867.996817
11.071111,8,3868.068969
10.799737,19,3868.232839
10.806316,24,3868.432278
11.086579,29,3868.680316
11.005789,22,3868.870478
10.893684,36,3869.176388
11.995,1,3869.184425
11.995,1,3869.193237
10.910526,20,3869.361897
10.842895,23,3869.552141
10.661667,1,3869.560674
11.323333,2,3869.577431
10.920526,18,3869.738767
10.681053,28,3869.975291
10.6,22,3870.159765
10.849474,28,3870.401785
11.120789,39,3870.73327
10.806316,24,3870.941755
10.528158,27,3871.173249
10.797368,30,3875.185023
10.897105,29,3875.426512
10.748684,25,3875.636161
10.752727,24,3875.849013
11.066212,11,3875.941116
10.780789,27,3876.17239
11.179286,7,3876.235052
10.195,1,3876.242976
10.855,29,3876.490879
10.486316,39,3876.816396
10.444474,20,3876.991457
11.042368,21,3877.193757
10.876053,29,3877.466643
10.988333,19,3877.62885
9.99,2,3877.645993
10.252632,31,3877.909998
10.475,5,3877.954367
11.155,9,3878.028348
11.012368,27,3878.259873
10.996842,28,3878.720737
11.036429,7,3878.779708
10.894737,40,3879.124228
10.754737,19,3879.284531
10.917105,25,3879.5
10.907105,27,3879.736722
10.236667,19,3879.900101
10.908158,31,3880.164984
11.203095,7,3880.22753
10.729737,33,3880.510354
10.833684,48,3880.920442
11.081053,28,3881.158504
11.012619,7,3881.220643
11.147632,21,3881.507554
11.043421,25,3881.728706
11.112857,6,3881.782897
11.011316,23,3881.978135
10.661667,1,3881.9874
10.822895,27,3882.223253
10.681053,28,3882.463871
10.892632,32,3882.732409
10.820055,25,3882.945921
11.052368,19,3883.108408
11.027895,26,3883.329309
10.739737,31,3883.588924
11.032368,23,3883.787804
10.780789,27,3884.020322
9.75,1,3884.027898
10.949412,16,3887.893528
10.651667,3,3887.917588
10.805673,26,3888.147754
11.172222,10,3888.233151
10.865,27,3888.468417
10.885,23,3888.662213
10.917105,25,3888.874094
10.923684,30,3889.12867
10.893571,7,3889.191158
10.836053,37,3889.502365
11.170769,12,3889.605846
11.008901,18,3889.763366
10.688529,27,3889.992987
10.559211,25,3890.202005
10.943684,26,3890.427031
11.010556,9,3890.506343
10.657895,20,3890.677089
10.936316,29,3890.924615
11.323333,2,3890.942114
10.661053,32,3891.217357
10.723684,21,3891.39965
10.723158,28,3891.64152
10.930263,35,3891.93651
10.776316,30,3892.191666
10.807368,28,3892.433222
10.718095,24,3892.637189
10.949211,27,3892.872826
10.982368,33,3893.158854
11.441667,5,3893.201787
10.880294,21,3893.377189
10.87732,18,3893.531471
10.475,5,3893.572135
10.623421,29,3893.815456
10.66859,15,3893.940935
11.028947,30,3894.198271
10.816316,22,3894.391443
10.939211,29,3894.645037
11.036667,6,3894.69941
10.888333,9,3894.772266
10.778684,19,3894.937133
10.917105,25,3895.148976
11.084542,21,3895.332099
10.595789,24,3895.541015
10.880526,26,3895.762639
10.773182,9,3895.839308
10.748684,25,3896.053326
10.546579,57,3896.533808
10.868421,20,3900.446205
10.818421,30,3900.706662
10.776842,23,3901.117309
10.965789,30,3901.397197
10.937105,21,3901.606493
10.733158,26,3901.830761
10.999211,17,3901.981236
11.995,1,3901.990025
11.001316,25,3902.212029
10.753158,22,3902.400737
11.048947,26,3902.62442
10.742105,20,3902.795302
10.791364,9,3902.874446
11.047895,22,3903.068199
10.721316,32,3903.346322
10.911579,24,3903.553581
11.001316,25,3903.769897
10.73,14,3903.888665
10.800789,23,3904.093721
10.530263,35,3904.394939
11.179737,23,3904.592223
10.933684,28,3904.834808
10.740789,35,3905.123729
10.859474,26,3905.344833
10.737632,23,3905.538568
11.127632,25,3905.752763
10.575,85,3906.473083
11.19,2,3906.489834
10.955752,18,3906.646247
11.007895,30,3906.906768
11.265,27,3907.140524
10.932632,24,3907.346408
10.665526,29,3907.589107
10.869474,24,3907.793807
10.39,2,3907.809987
10.767632,17,3907.962094
10.845526,73,3908.618233
10.631053,38,3908.934
10.950263,31,3909.194438
10.960263,29,3913.217093
10.556842,36,3913.524847
10.713158,30,3913.785304
11.248421,24,3913.988326
10.880526,26,3914.205242
11.111053,22,3914.393341
11.058947,24,3914.599708
10.773158,18,3914.75512
10.817368,26,3914.976954
10.708636,11,3915.073504
11.213095,5,3915.116143
10.470526,28,3915.356626
10.529211,31,3915.620544
11.042368,21,3915.796671
10.754211,26,3916.020117
10.853947,25,3916.23544
10.952632,20,3916.406384
10.810789,21,3916.58602
11.006842,26,3916.806444
10.758684,23,3916.998384
10.694286,4,3917.036086
10.969211,23,3917.232076
11.005789,22,3917.420896
10.994945,12,3917.527106
10.535789,36,3917.833249
10.697368,50,3918.260571
10.937105,21,3918.671272
10.556111,11,3918.763774
10.525,15,3918.893225
10.651579,76,3919.524966
11.126818,11,3919.618611
10.722105,24,3919.824874
10.604737,18,3919.980818
10.932632,24,3920.182494
10.7,20,3920.346786
10.937105,21,3920.525716
10.600098,29,3920.774926
10.564737,26,3921.000601
10.94,12,3921.102549
10.440263,53,3921.552964
10.724211,32,3921.823433
10.200789,27,3922.058335
10.899474,18,3925.919914
11.238421,26,3926.141651
11.005789,22,3926.328323
10.843947,27,3926.554349
10.328333,1,3926.563077
11.106813,16,3926.705102
10.723158,28,3926.946658
11.323333,2,3926.964617
11.323333,2,3926.981501
10.731053,18,3927.132595
10.676579,31,3927.404828
10.692632,23,3927.601947
10.685526,25,3927.816229
10.918333,3,3927.841051
11.095526,23,3928.042405
10.975789,28,3928.286029
10.563684,22,3928.474407
10.448158,43,3928.838108
10.869474,24,3929.041623
11.155263,30,3929.295043
10.799474,38,3929.619021
10.828421,28,3929.860125
11.011316,23,3930.059885
10.858421,22,3930.252841
10.865,27,3930.495287
11.042368,21,3930.674837
11.033421,27,3930.902993
10.816316,22,3931.08695
10.962105,56,3931.563056
10.600263,21,3931.745018
11.785,3,3931.769604
10.917105,25,3931.981784
10.960263,29,3932.230479
10.661667,1,3932.238759
10.982368,33,3932.525952
10.744211,28,3932.764554
10.815263,18,3932.916476
10.653421,23,3933.110242
10.816316,22,3933.301952
10.711053,22,3933.487503
10.616667,10,3933.573778
10.897105,29,3933.815671
10.638947,28,3934.052648
10.774211,22,3934.248195
11.187368,32,3934.515738
10.722105,24,3938.420101
10.755263,30,3938.67808
10.963684,22,3938.863854
10.724211,32,3939.141249
10.880526,26,3939.364651
10.545263,23,3939.560279
10.994737,20,3939.737279
10.947105,19,3939.896073
10.759737,27,3940.131674
10.727879,12,3940.234184
10.954737,28,3940.641206
10.328333,1,3940.676358
10.817368,26,3940.910679
10.732105,22,3941.096779
10.942632,22,3941.312006
11.323333,2,3941.331896
10.961316,33,3941.621681
10.734211,30,3941.932875
11.012368,27,3942.163587
10.209211,28,3942.4027
11.047353,17,3942.544427
10.925,15,3942.677032
10.675526,27,3942.908772
10.942632,22,3943.101396
10.932632,24,3943.30533
10.903684,34,3943.586129
11.117632,27,3943.828304
10.561053,52,3944.259573
11.383571,9,3944.334912
10.233947,20,3944.500982
10.753182,13,3944.612773
10.665789,41,3944.958256
11.037895,24,3945.16581
11.061842,55,3945.639843
10.865,27,3945.870821
10.848889,8,3945.950296
10.953684,24,3946.184515
10.948158,23,3946.384653
10.841579,38,3946.709147
10.932381,4,3946.743479
10.748095,18,3946.8989
10.873947,21,3947.076602
10.661667,1,3947.085736
10.820789,19,3947.249699
10.927105,23,3951.137308
10.677273,10,3951.22164
11.253333,16,3951.356877
11.062857,16,3951.499165
10.616842,24,3951.708314
11.053333,16,3951.846282
10.980263,25,3952.056919
10.942632,22,3952.249607
10.760526,50,3952.683481
10.775263,26,3952.907166
10.661667,1,3952.915486
11.046667,4,3952.949399
10.969211,23,3953.149239
11.033421,27,3953.38159
10.703158,32,3953.649604
10.811842,25,3953.864182
11.661667,1,3953.874023
10.862895,19,3954.035836
10.890526,24,3954.239765
10.886053,27,3954.470975
10.779503,22,3954.663491
10.890526,24,3954.862698
10.612368,27,3955.100103
10.628947,30,3955.356591
10.784211,20,3955.52793
11.071111,8,3955.596522
10.856429,23,3955.792019
10.664706,20,3955.965954
11.057632,39,3956.302848
10.879474,22,3956.493767
10.973684,20,3956.668071
10.618538,26,3956.888044
10.948158,23,3957.082958
11.081111,6,3957.131971
10.937105,21,3957.310738
11.164211,24,3957.511494
10.937105,21,3957.686671
10.750526,52,3958.124693
11.153158,22,3958.308728
10.243158,26,3958.52919
11.169286,9,3958.604279
10.961316,33,3958.892173
9.553947,40,3959.234962
10.917105,25,3959.443696
10.910526,20,3959.825183
10.78,4,3959.860213
10.806316,24,3960.063713
11.388571,8,3963.970702
10.727632,25,3964.193743
10.998947,36,3964.507703
10.789121,18,3964.659912
10.999545,11,3964.753169
10.880476,22,3964.935277
10.813947,33,3965.21707
10.868421,20,3965.381293
11.011053,42,3965.746953
11.775,5,3965.786213
10.959211,25,3965.997936
10.827143,6,3966.051052
10.978182,8,3966.119641
10.65,30,3966.372505
10.923684,30,3966.628023
10.822895,27,3966.858997
10.794211,18,3967.013121
10.927105,23,3967.211417
11.016842,24,3967.414834
10.855,29,3967.664412
10.983684,18,3967.817431
10.764211,24,3968.036069
10.800789,23,3968.236686
11.061053,32,3968.513514
10.958158,21,3968.692012
11.139737,31,3968.965893
11.030327,24,3969.219262
10.895,21,3969.400486
10.985641,8,3969.469194
10.451579,36,3969.777199
10.784474,32,3970.051664
10.896053,25,3970.262596
10.603947,26,3970.48434
11.104474,17,3970.63228
11.995,1,3970.641419
10.770789,29,3970.89275
10.887105,31,3971.156644
10.881579,30,3971.409664
10.897033,14,3971.529603
11.056765,21,3971.709312
11.313333,4,3971.745302
10.726316,40,3972.08021
10.68,24,3972.285943
11.016842,24,3972.489084
10.937105,21,3972.667523
10.843947,27,3976.657934
10.662632,29,3976.900559
10.758684,23,3977.097365
10.912381,8,3977.16553
10.623421,29,3977.415905
10.705526,21,3977.594462
10.896053,25,3977.80534
10.916053,21,3977.986274
10.811842,25,3978.208861
10.900526,22,3978.39912
10.501579,26,3978.627864
10.775263,26,3978.849239
10.718684,31,3979.11417
10.661111,10,3979.199607
11.062273,13,3979.313506
10.525263,27,3979.545872
10.531429,8,3979.61789
10.642632,33,3979.902034
11.101667,13,3980.013663
10.328333,1,3980.02263
11.066471,22,3980.20725
10.802143,11,3980.300455
11.170769,12,3980.404757
10.408947,25,3980.619444
10.880882,15,3980.746171
10.946818,7,3980.804218
11.057895,20,3980.979449
10.648158,34,3981.272811
10.696667,14,3981.395288
10.978158,17,3981.540751
11.368158,19,3981.710562
10.706579,25,3981.923079
10.518684,22,3982.111892
10.975789,28,3982.562678
11.068947,22,3982.764921
10.801842,27,3983.002275
10.691053,26,3983.223233
11.321818,12,3983.322833
10.702105,28,3983.563504
10.859152,27,3983.786912
11.010263,19,3983.950706
10.995789,24,3984.156646
11.011316,23,3984.356918
10.964737,26,3984.581616
10.708684,33,3984.868859
11.191842,29,3985.119277
10.654314,26,3985.341141
10.989211,19,3985.505414
10.612368,27,3989.473555
11.056667,2,3989.491487
10.674474,23,3989.688637
11.09,22,3989.876918
11.127632,25,3990.092369
11.242778,7,3990.156282
10.702143,31,3990.407141
11.011316,23,3990.610453
10.885,23,3990.81293
10.980263,25,3991.031551
10.913684,32,3991.313268
10.695526,23,3991.514116
10.78,4,3991.548533
10.661667,1,3991.556984
11.232778,9,3991.63169
10.876667,18,3991.787864
10.837143,4,3991.821891
11.064474,25,3992.031078
10.558158,21,3992.212006
10.647105,30,3992.471507
11.121053,20,3992.646164
10.881579,30,3992.908812
10.964737,26,3993.128551
11.995,1,3993.136597
10.986842,30,3993.398017
10.799737,19,3993.564672
11.404444,8,3993.632731
11.071667,29,3993.878929
11.026667,8,3993.949673
11.074474,23,3994.147837
10.739737,31,3994.413928
10.636053,28,3994.65442
10.533684,28,3994.896359
11.155263,30,3995.152624
10.954737,28,3995.396064
10.827368,24,3995.600798
10.971053,50,3996.028439
11.097632,31,3996.29545
11.394545,12,3996.396842
10.962807,32,3996.681891
10.655526,31,3996.947729
10.715526,19,3997.104709
10.914011,15,3997.227288
11.231842,21,3997.411433
11.19,2,3997.428508
10.798485,10,3997.512986
10.868421,20,3997.688967
10.78619,18,3997.841819
11.047895,22,3998.030618
11.085526,25,4001.976881
10.727632,25,4002.188439
10.817105,45,4002.573082
11.007895,30,4002.835824
11.073421,19,4002.995021
11.053421,23,4003.195819
10.455263,41,4003.548714
10.937105,21,4003.728488
10.890526,24,4003.932894
10.653421,23,4004.131965
10.690789,45,4004.515199
10.875,25,4004.725386
10.980303,10,4004.81205
10.773182,9,4004.889009
10.843947,27,4005.117095
10.810789,21,4005.296653
10.886053,27,4005.760933
10.331579,91,4006.586917
10.769737,25,4006.798791
10.549474,39,4007.139609
10.850263,51,4007.580088
11.245714,8,4007.643478
10.682386,23,4007.843258
10.738636,5,4007.885131
10.878158,37,4008.200269
11.995,1,4008.209542
10.839474,30,4008.468143
10.701053,24,4008.673007
11.097632,31,4008.933409
10.865848,28,4009.186371
11.017895,28,4009.42204
10.985,3,4009.447688
10.879152,23,4009.644578
10.736579,19,4009.80523
11.212727,12,4009.909747
10.747368,40,4010.251494
10.970303,12,4010.356073
10.800789,23,4010.596668
10.571316,31,4010.864025
10.246053,26,4014.853819
11.158684,23,4015.050731
10.566842,34,4015.336538
10.845,21,4015.511275
10.912381,8,4015.579387
10.950263,31,4015.845485
11.002368,29,4016.095707
10.865,27,4016.319623
10.775673,32,4016.59532
10.890526,24,4016.804636
10.791154,11,4016.902887
10.701053,24,4017.114809
11.053421,23,4017.311004
10.870526,28,4017.544678
11.054474,27,4017.777841
10.465,7,4017.838458
10.628947,30,4018.10229
10.954474,47,4018.509385
10.737778,8,4018.575095
11.033421,27,4018.809625
10.900526,22,4019.002157
11.023421,29,4019.252434
10.695526,23,4019.450651
11.036287,29,4019.70085
10.842895,23,4019.895281
11.012368,27,4020.125442
11.008947,34,4020.414785
11.323333,2,4020.432482
11.083421,17,4020.580702
10.981316,29,4020.820094
10.815263,18,4020.974827
11.012368,27,4021.242033
10.911579,24,4021.446138
11.001316,25,4021.666051
10.969211,23,4021.859956
10.677895,16,4022.000671
11.014762,18,4022.173868
10.795263,22,4022.402218
11.385,3,4022.428865
11.063421,21,4022.610256
10.995606,13,4022.721358
10.800789,23,4022.919142
10.406316,24,4023.129074
10.767368,36,4023.431797
10.780789,27,4027.392119
10.854091,11,4027.488204
10.562895,30,4027.905198
11.375714,22,4028.147596
10.713158,30,4028.412971
10.529737,24,4028.61446
10.541316,37,4028.930353
10.878182,28,4029.205667
10.896053,25,4029.428943
10.616579,43,4029.800066
10.517105,25,4030.010356
10.328333,1,4030.019393
10.292895,35,4030.320251
10.961316,33,4030.603505
10.934737,32,4030.881002
10.963684,22,4031.070057
10.128158,40,4031.406537
10.973684,20,4031.577034
10.556316,25,4031.789111
10.825,25,4032.002418
11.323333,2,4032.019249
11.014474,35,4032.320637
10.944737,30,4032.582347
10.828421,28,4032.824047
10.978947,40,4033.161977
10.888158,35,4033.467079
10.661667,1,4033.476176
11.323333,2,4033.49289
11.343889,9,4033.567135
10.843333,18,4033.71946
11.127632,25,4033.934229
10.702105,28,4034.175685
10.741905,4,4034.210735
11.185263,24,4034.412067
10.905,19,4034.57441
10.974737,24,4034.775807
11.007895,30,4035.0292
10.939211,29,4035.276481
11.012619,7,4035.337161
11.157143,20,4035.506468
10.762895,39,4035.839225
10.734211,30,4036.090964
10.559211,25,4036.307755
10.504762,22,4040.251533
10.653421,23,4040.450095
10.928158,27,4040.680086
10.985789,26,4040.90759
10.755789,23,4041.104745
10.879474,22,4041.289299
9.75,1,4041.296891
10.545789,34,4041.58724
10.916053,21,4041.765062
10.865,27,4041.998636
10.901579,26,4042.214509
10.764211,24,4042.416883
10.656667,2,4042.432005
10.759737,27,4042.654891
10.637105,32,4042.928967
10.763158,20,4043.100076
11.068947,22,4043.296493
10.875,25,4043.510131
10.858421,22,4043.696461
10.838421,26,4043.918347
10.77,6,4043.968851
11.012368,27,4044.202059
10.724211,32,4044.476744
10.684286,6,4044.527496
10.832143,5,4044.57112
10.827368,24,4044.779138
10.97,6,4044.829698
10.261316,44,4045.203256
10.776316,30,4045.688442
10.743158,24,4045.895018
10.866053,31,4046.162133
10.969503,33,4046.447743
10.975789,28,4046.68457
10.908158,31,4046.948797
10.653684,35,4047.243779
10.880055,13,4047.354134
10.140789,26,4047.579359
10.933684,28,4047.816978
11.069737,45,4048.194757
10.661667,1,4048.20489
10.905,19,4048.369694
10.408947,25,4048.586913
10.732105,22,4048.774756
10.876053,29,4049.025555
10.934737,32,4053.003119
11.075526,27,4053.238614
11.241667,15,4053.367037
10.788333,9,4053.447082
11.323333,2,4053.464519
10.900526,22,4053.647475
10.534744,11,4053.737869
10.848421,24,4053.945355
10.865,27,4054.188748
10.968158,19,4054.34843
10.786316,28,4054.58822
10.562632,18,4054.737324
10.661667,1,4054.746887
10.750789,33,4055.02445
10.775263,26,4055.244588
9.99,2,4055.261439
7.167105,40,4055.598178
10.885,23,4055.790952
10.976667,18,4055.944368
10.516053,21,4056.125562
10.919211,33,4056.408387
11.995,1,4056.415963
11.107632,29,4056.669715
10.885,23,4056.869216
10.554737,28,4057.11242
11.048947,26,4057.340597
10.919697,10,4057.426736
11.200789,23,4057.626588
10.795263,22,4057.818587
11.043421,25,4058.032412
11.398571,6,4058.085789
10.579064,27,4058.321982
9.99,2,4058.338764
11.175,5,4058.381458
11.186364,10,4058.470915
11.023421,29,4058.715341
11.122105,24,4058.920267
10.601316,25,4059.13593
11.000263,21,4059.316958
10.811842,25,4059.529699
10.667253,16,4059.668647
10.526053,19,4059.83258
10.733158,26,4060.059425
10.820789,19,4060.220489
10.843947,27,4060.452579
10.861579,34,4060.74752
11.08,24,4060.948881
10.646579,37,4061.281618
10.242778,7,4061.350261
11.066212,11,4061.451067
10.985789,26,4065.463447
10.840526,34,4065.755072
10.817143,8,4065.822053
11.131046,30,4066.077888
10.803788,15,4066.205658
11.116579,23,4066.402292
10.906667,32,4066.676609
10.781364,11,4066.892001
10.869474,24,4067.165577
10.906053,23,4067.359607
10.68859,11,4067.455922
11.017895,28,4067.690393
10.746316,36,4068.001439
10.999545,11,4068.094525
10.774211,22,4068.278557
10.916053,21,4068.461314
11.108684,33,4068.738977
10.858158,41,4069.093983
10.944737,30,4069.33999
10.975789,28,4069.581944
10.746316,36,4069.886163
10.552632,20,4070.05277
10.779737,23,4070.246088
10.615263,58,4070.779223
10.701053,24,4071.007867
10.737632,23,4071.199134
10.865,27,4071.432871
10.757632,19,4071.598219
10.996842,28,4071.835221
10.896053,25,4072.048775
10.812895,29,4072.300915
10.849474,28,4072.543761
11.032368,23,4072.740863
10.986842,30,4072.998002
11.189286,5,4073.041063
10.770789,29,4073.287528
11.052778,16,4073.423213
10.656667,2,4073.440548
10.871176,14,4073.566384
10.915,17,4073.709005
10.979211,21,4073.888881
10.678158,28,4074.132021
11.168684,21,4074.312681
10.727778,10,4078.184415
10.447368,20,4078.358429
10.596111,3,4078.385581
11.455,9,4078.45936
11.148684,25,4078.669432
10.513158,21,4078.856362
10.789737,21,4079.040705
10.758684,23,4079.23668
10.705952,15,4079.360823
10.97,6,4079.41141
10.878158,37,4079.732764
10.985789,26,4079.959179
10.935789,36,4080.272841
10.795263,22,4080.466115
10.817368,26,4080.69257
11.155263,30,4080.946898
10.849474,28,4081.18856
10.792895,33,4081.489553
10.716601,24,4081.706907
10.533684,28,4081.952016
10.79,2,4081.968767
10.386053,29,4082.214128
10.270263,38,4082.545657
10.576842,32,4082.896891
11.217368,26,4083.124653
10.685526,25,4083.34295
10.774211,22,4083.55641
11.332143,5,4083.598938
10.990263,23,4083.790485
10.694474,19,4083.961349
11.116579,23,4084.16009
11.651667,3,4084.186915
10.623333,22,4084.550236
10.789737,21,4084.773179
10.751209,8,4084.841681
8.611316,31,4085.104439
10.328333,1,4085.112522
10.855,29,4085.355303
10.834286,16,4085.489976
10.842895,23,4085.681241
10.97,6,4085.734675
10.908333,5,4085.776624
10.900526,22,4085.966349
10.799737,19,4086.125651
10.496053,25,4086.341564
10.918333,3,4086.365029
10.890526,24,4086.570294
10.983684,18,4086.727542
10.975789,28,4086.964727
10.822895,27,4087.19687
10.883947,19,4091.162057
10.538158,25,4091.376709
10.965641,12,4091.479437
10.66,28,4091.719679
10.964737,26,4091.935135
10.763158,20,4092.105836
10.826316,20,4092.280926
10.858421,22,4092.471569
10.911579,24,4092.673938
10.938158,25,4092.879426
11.122857,4,4092.911804
11.000263,21,4093.097529
10.986842,30,4093.353529
11.995,1,4093.361699
10.821842,23,4093.564434
10.806316,24,4093.772628
11.007941,19,4093.931615
11.020263,17,4094.070901
11.995,1,4094.079505
10.776316,30,4094.336782
10.947105,19,4094.501386
10.898333,7,4094.563818
11.02,16,4094.698715
10.543684,26,4094.9211
10.626319,11,4095.015769
10.918333,3,4095.044203
10.869474,24,4095.252613
10.900526,22,4095.452399
10.907105,27,4095.683691
10.785,13,4095.79885
11.165,17,4095.945451
10.960263,29,4096.186588
10.556842,36,4096.492393
11.062273,13,4096.604322
10.954737,28,4096.840991
10.931579,20,4097.009414
10.68,24,4097.216129
10.954737,28,4097.455163
10.648947,26,4097.679534
10.812895,29,4097.928615
11.016842,24,4098.133188
10.990263,23,4098.33213
10.99,22,4098.519997
11.995,1,4098.528757
10.606842,26,4098.749905
11.175,5,4098.792626
11.036842,20,4098.961981
10.78,4,4098.998377
10.897105,29,4099.244574
11.155263,30,4099.509921
10.559211,25,4099.727251
11.011316,23,4103.65791
10.877105,33,4103.937244
10.496316,37,4104.255554
10.758684,23,4104.454125
10.843947,27,4104.687015
10.954737,28,4104.928486
11.066111,9,4105.006042
10.770789,29,4105.256197
10.785263,24,4105.465586
11.058205,14,4105.584626
10.769737,25,4105.793019
10.859474,26,4106.016359
10.787368,32,4106.291839
10.503684,34,4106.582197
10.858421,22,4106.770521
10.329737,33,4107.265558
11.063421,21,4107.460969
10.727632,25,4107.691851
10.982807,28,4107.927711
10.39,2,4107.945604
10.774211,22,4108.13716
11.023421,29,4108.3919
11.010909,16,4108.528569
10.861579,34,4108.824671
10.768684,21,4109.006179
10.918333,3,4109.029993
10.733158,26,4109.252781
10.657105,28,4109.495407
10.645588,15,4109.619203
10.530758,9,4109.696733
10.46119,3,4109.723256
11.223947,31,4109.996213
11.227368,24,4110.193275
11.072857,14,4110.313702
10.786316,28,4110.557615
10.706579,25,4110.773132
10.888333,9,4110.847996
11.126316,40,4111.191787
10.671111,8,4111.258092
10.853684,44,4111.634541
10.684474,21,4111.813235
10.816053,41,4112.169147
11.173158,18,4112.321224
10.65381,14,4112.439355
10.87924,30,4116.380208
10.847368,20,4116.55822
10.45119,5,4116.601218
11.036842,20,4116.768068
10.744211,28,4117.01361
10.801842,27,4117.258415
10.921316,41,4117.606256
10.664474,25,4117.822341
11.126818,11,4117.908864
11.036111,15,4118.036788
10.492368,33,4118.324575
10.918333,3,4118.350504
11.045879,15,4118.484757
11.037895,24,4118.693306
10.896111,43,4119.06629
10.595,1,4119.075754
10.798333,7,4119.1334
10.592895,24,4119.343292
10.790789,25,4119.557077
10.733158,26,4119.781331
10.616176,15,4119.905925
10.796316,26,4120.119755
10.807368,28,4120.365048
10.994737,20,4120.533012
10.697632,31,4120.800236
11.147632,21,4120.981871
10.995789,24,4121.186311
10.827368,24,4121.43246
11.086579,29,4121.680081
10.893684,36,4121.983823
10.952632,20,4122.151016
10.765263,28,4122.40062
10.711053,22,4122.590029
10.536316,29,4122.842113
10.815585,17,4122.984446
11.07,26,4123.206141
10.565263,19,4123.360789
11.010556,9,4123.437262
10.741905,4,4123.472329
10.853947,25,4123.681454
10.625,26,4123.907137
10.811765,20,4124.073704
10.654474,27,4124.308365
10.995789,24,4124.518718
10.955789,32,4124.789186
10.953684,24,4125.197072
10.779737,23,4129.16066
10.773947,41,4129.50461
10.900526,22,4129.697088
10.579474,33,4129.978395
10.768684,21,4130.156062
11.414505,16,4130.29364
10.755263,30,4130.550186
10.985789,26,4130.771989
10.664474,25,4130.987394
10.811579,44,4131.368268
11.022619,5,4131.410181
11.133158,26,4131.638945
10.865,27,4131.866445
10.850526,32,4132.146373
11.032368,23,4132.344796
10.773158,18,4132.497212
10.912381,8,4132.566225
10.733158,26,4132.788714
10.985789,26,4133.012581
10.769737,25,4133.225631
10.739737,31,4133.496243
11.323333,2,4133.51308
11.185263,24,4133.720852
10.953684,24,4133.925438
10.965789,30,4134.182465
10.957105,17,4134.328954
9.99,2,4134.346453
9.99,2,4134.362921
10.765497,20,4134.533204
11.032368,23,4134.727834
10.830526,36,4135.04037
11.06,28,4135.298227
11.127632,25,4135.545208
10.826316,20,4135.713589
11.061053,32,4135.984822
10.871579,32,4136.260606
10.840526,34,4136.552559
10.985,3,4136.580087
11.101053,24,4136.789099
10.865,27,4137.017018
10.702632,21,4137.208838
11.995,1,4137.217595
10.604737,18,4137.369775
10.837368,22,4137.560848
10.921579,22,4137.754551
10.939211,29,4141.774945
10.467632,28,4142.059421
10.768684,21,4142.243765
10.858421,22,4142.432848
10.580263,25,4142.641707
10.778889,22,4142.829213
11.995,1,4142.837469
11.09,22,4143.065245
10.984737,22,4143.266574
10.974737,24,4143.465933
10.833947,29,4143.711491
10.759737,27,4143.939609
10.985,3,4143.967605
10.875,25,4144.18294
10.328333,23,4144.384046
10.618947,32,4144.661461
10.918333,3,4144.688923
10.994737,20,4144.863965
11.113158,30,4145.119605
11.137632,23,4145.315265
10.72,16,4145.456068
11.101053,24,4145.664578
10.752745,22,4145.85358
10.991316,27,4146.083343
10.607895,30,4146.335608
10.821842,23,4146.659514
9.967105,37,4147.082167
10.759737,27,4147.314612
11.186316,28,4147.560924
11.177424,13,4147.671862
10.821471,21,4147.852262
10.656667,2,4147.869252
11.107632,29,4148.121344
10.876053,29,4148.375554
11.005789,22,4148.566303
10.882381,14,4148.685525
10.760789,31,4148.960989
10.656667,2,4148.980172
11.143158,24,4149.184824
10.832895,25,4149.398917
10.842143,3,4149.424113
10.498158,33,4149.710073
10.648947,26,4149.983584
10.919737,26,4150.218547
10.953684,24,4150.434211
11.245714,8,4150.504092
10.583684,18,4150.656876
10.816053,41,4154.774206
11.006842,26,4154.990319
11.102105,28,4155.225536
11.148684,25,4155.439178
10.452368,139,4156.621376
10.755165,16,4156.756252
11.115,17,4156.906366
10.727632,25,4157.118585
10.996842,28,4157.359012
11.112105,26,4157.581338
10.910526,20,4157.745851
10.918333,3,4157.770281
10.810789,21,4157.956029
11.047895,22,4158.144378
11.165263,28,4158.379749
10.911579,24,4158.589275
10.45119,5,4158.632313
11.323333,2,4158.649974
10.989211,19,4158.816174
10.927105,23,4159.012873
11.140128,13,4159.123006
10.308158,22,4159.30465
9.99,2,4159.323242
11.023421,29,4159.571684
10.564737,26,4159.79562
10.985,3,4159.820062
10.668947,22,4160.006226
10.661667,1,4160.014931
10.661579,25,4160.227365
10.927105,23,4160.426267
10.909444,7,4160.48381
10.918158,29,4160.726096
11.323333,2,4160.744294
10.729872,13,4160.855786
11.006842,26,4161.080512
11.465,7,4161.138384
10.721053,20,4161.308014
11.185,3,4161.335383
10.695526,23,4161.531891
10.711053,22,4161.720981
10.980263,25,4161.928393
11.072105,34,4162.217
11.043421,25,4162.428684
10.932632,24,4162.627143
10.980263,25,4162.840695
10.826842,62,4163.362262
10.602368,29,4167.341949
10.608947,34,4167.636473
11.273333,12,4167.741395
9.99,2,4167.759546
10.887105,31,4168.020578
10.593684,16,4168.15536
11.076471,20,4168.326431
10.745263,32,4168.593376
10.915,17,4168.736106
10.948158,23,4168.937431
10.743158,24,4169.317724
10.781364,11,4169.456807
11.043421,25,4169.670799
11.034474,31,4169.933267
10.581316,29,4170.184967
10.514737,36,4170.504961
11.111053,22,4170.691138
10.831842,21,4170.869067
10.804286,22,4171.056772
11.092105,30,4171.316109
11.168684,21,4171.492824
10.659608,23,4171.68908
10.764211,24,4171.891351
10.688333,19,4172.056607
10.741053,16,4172.196929
10.858421,22,4172.388063
11.04881,15,4172.513705
11.011316,23,4172.711724
10.774211,22,4172.90154
10.879474,22,4173.099782
10.541429,6,4173.148375
10.905,19,4173.309874
11.157632,19,4173.472067
10.858421,22,4173.665477
10.984183,28,4173.900738
10.934524,15,4174.024842
10.856053,33,4174.308709
10.617857,5,4174.352691
11.145263,32,4174.627446
10.910526,20,4174.80025
10.647895,22,4174.98572
10.710789,41,4175.333772
11.096813,18,4175.484869
10.575882,26,4175.701619
10.916053,21,4175.88007
10.696579,27,4176.111042
10.985,3,4176.137906
11.194444,10,4179.960616
10.927105,23,4180.153718
10.794091,23,4180.350842
10.879474,22,4180.534149
10.817368,26,4180.754586
10.841842,19,4180.915777
10.985606,15,4181.048799
10.105,22,4181.25421
10.822895,27,4181.526764
10.732105,22,4181.712194
10.789737,21,4181.896271
11.021667,19,4182.058003
10.826316,20,4182.227484
10.657895,20,4182.401851
11.111053,22,4182.589073
10.807143,10,4182.672858
10.770789,29,4182.923344
10.607105,38,4183.251137
10.852895,21,4183.428512
10.869474,24,4183.63169
11.171842,33,4183.914011
10.44119,7,4183.971925
10.900526,22,4184.159679
11.323333,2,4184.175777
10.688684,37,4184.487399
10.764673,17,4184.634496
10.876053,29,4184.879292
11.111053,22,4185.067489
10.880476,22,4185.254781
10.657253,18,4185.407726
10.972619,15,4185.537305
10.931579,20,4185.713005
10.675526,27,4185.947065
10.784211,20,4186.119228
10.789737,21,4186.302541
10.79,2,4186.321461
10.619211,93,4187.115749
10.784211,20,4187.294024
10.974945,16,4187.427585
10.921316,41,4187.991107
10.632368,23,4188.187067
10.747632,21,4188.372046
10.726579,21,4188.550807
10.953684,24,4188.75274
10.937105,21,4192.676234
10.737778,8,4192.743713
10.68,24,4192.949879
10.991316,27,4193.177878
11.043421,25,4193.389215
10.959211,25,4193.600477
10.911579,24,4193.802992
10.708095,26,4194.019001
10.867368,16,4194.150865
11.194444,10,4194.235626
10.806053,43,4194.60046
10.973684,20,4194.767054
11.084474,21,4194.950727
10.79,2,4194.968883
10.841842,19,4195.13703
10.661667,1,4195.146938
9.756053,26,4195.367985
10.953791,51,4195.794932
10.633421,27,4196.023344
10.959211,25,4196.243005
10.914737,36,4196.541666
11.092105,30,4196.796161
10.859474,26,4197.014999
10.768684,21,4197.201567
10.754211,26,4197.42399
10.865,27,4197.652964
10.837368,22,4197.83947
11.085526,25,4198.048917
10.979211,21,4198.230598
11.001923,15,4198.360697
11.217727,11,4198.454979
10.67,26,4198.676199
10.352895,23,4198.869813
10.911579,24,4199.076762
11.054474,27,4199.312607
10.880526,26,4199.536328
10.852895,21,4199.717639
10.737632,23,4199.945114
10.755263,30,4200.233195
11.091053,26,4200.462271
10.299211,28,4200.700617
10.979211,21,4200.881088
11.199737,19,4201.046417
10.722105,24,4201.247195
10.808158,51,4205.555473
10.661667,1,4205.563816
11.109487,14,4205.682916
10.794211,18,4205.839095
10.906053,23,4206.028641
10.637895,24,4206.232087
11.06,28,4206.475502
10.813947,33,4206.756569
10.768684,21,4206.934833
10.784211,20,4207.110562
10.617895,28,4207.349401
10.597895,32,4207.625788
10.728684,29,4207.871877
11.075526,27,4208.100019
11.995,1,4208.109299
11.022619,5,4208.152841
10.497368,41,4208.546471
10.613947,24,4208.769153
10.944737,30,4209.020813
10.660526,21,4209.377618
10.602368,29,4209.69109
10.778421,38,4210.013745
11.240526,34,4210.313063
10.735165,20,4210.494365
10.674412,21,4210.671926
10.878758,21,4210.854097
11.043421,25,4211.06734
10.732105,22,4211.257417
10.574737,24,4211.462653
10.585,3,4211.486831
10.852895,21,4211.664518
11.169737,25,4211.876614
11.016316,62,4212.392956
10.571053,50,4212.819351
10.991316,27,4213.050222
10.733158,26,4213.267748
10.726579,21,4213.455081
11.092105,30,4213.709234
10.631316,19,4213.872953
10.439211,31,4214.134633
10.648947,26,4214.356647
10.604545,10,4218.181074
11.209737,17,4218.332399
10.867105,35,4218.637408
10.985,3,4218.662336
10.938158,25,4218.867624
10.963684,22,4219.052962
10.722105,24,4219.258503
10.773158,18,4219.406242
11.217368,26,4219.629922
10.798421,34,4219.919822
10.744048,15,4220.048108
10.998529,15,4220.177356
11.58,4,4220.212337
10.456053,33,4220.501427
10.692105,30,4220.754861
11.179737,23,4220.950255
10.445526,24,4221.16208
10.862456,24,4221.36779
11.607857,7,4221.426136
9.99,2,4221.443192
10.655,99,4222.288317
10.79,2,4222.307104
10.620263,17,4222.452799
10.661667,1,4222.461496
11.014183,22,4222.653
10.328333,1,4222.661605
11.043421,25,4222.876406
10.866579,24,4223.081422
10.805526,32,4223.357413
10.912632,28,4223.600311
10.742105,20,4223.767912
11.995,1,4223.777044
10.968182,10,4223.865107
10.79,33,4224.144953
10.651316,15,4224.276746
10.810526,40,4224.617277
11.995,1,4224.625954
11.102105,28,4224.86872
10.658947,24,4225.073956
10.839474,30,4225.337776
10.763158,20,4225.511428
10.910526,20,4225.685824
10.979211,21,4225.86563
10.716316,42,4226.223241
10.461316,53,4226.67392
10.872632,36,4230.757168
10.890526,24,4230.962628
11.221667,19,4231.127715
10.330238,15,4231.25496
11.175263,26,4231.707275
10.862632,38,4232.042699
10.765263,28,4232.293097
11.785,3,4232.318416
10.872895,17,4232.465624
10.825033,18,4232.622306
10.71,18,4232.771989
10.462821,10,4232.855746
10.636667,6,4232.903228
11.995,1,4232.911932
10.772647,19,4233.072634
11.323333,2,4233.089325
10.988824,14,4233.206733
10.718684,31,4233.471585
10.636667,6,4233.526035
10.869474,24,4233.732522
10.812281,20,4233.90271
10.855,29,4234.175214
10.917368,37,4234.497662
10.842895,23,4234.696721
10.711053,22,4234.888006
10.643421,25,4235.103215
10.858421,22,4235.294259
11.086579,29,4235.542744
10.917105,25,4235.759044
10.938158,25,4235.976338
10.871536,27,4236.205287
11.302778,15,4236.330237
10.800789,23,4236.526959
11.037353,19,4236.687364
10.937105,21,4236.866663
10.718158,20,4237.039729
10.761842,35,4237.347154
10.875,25,4237.560807
10.800789,23,4237.756476
10.585,3,4237.782675
10.882895,15,4237.914743
10.678947,20,4238.085479
10.982368,33,4238.373102
10.957105,17,4238.521296
11.227368,24,4238.72767
10.905,19,4238.8897
11.122105,24,4239.094916
10.816316,22,4239.294405
11.012619,7,4239.356326
10.568158,19,4239.52074
11.718333,3,4239.54615
11.594048,5,4239.591752
10.791842,29,4243.576797
11.237368,22,4243.764641
10.768684,21,4243.936633
10.896053,25,4244.15211
10.791364,9,4244.230865
10.929608,18,4244.38452
10.93,14,4244.506864
10.747778,6,4244.558405
10.886053,27,4244.782595
10.39,2,4244.800483
10.39,2,4244.818899
10.835,33,4245.100096
10.646842,18,4245.254663
10.885,23,4245.456567
11.185261,27,4245.680245
10.789737,21,4245.866016
11.021316,21,4246.046749
11.018947,32,4246.322928
10.853947,25,4246.543003
10.704474,17,4246.688014
10.841176,20,4246.86243
10.928158,27,4247.098042
10.670989,19,4247.26028
11.275,25,4247.477141
10.861176,16,4247.615385
11.201703,19,4247.773397
11.016842,24,4247.979647
10.828421,28,4248.224567
10.917105,25,4248.43964
11.153158,22,4248.628898
10.811842,25,4248.83783
10.885,23,4249.031868
10.901667,23,4249.229244
10.585789,26,4249.452777
11.047353,17,4249.601211
10.696579,27,4249.829459
10.869474,24,4250.03774
10.992368,31,4250.303712
10.816316,22,4250.493923
10.811842,25,4250.917973
10.391667,6,4250.967144
11.048947,26,4251.191771
10.832895,25,4251.400485
10.827143,6,4251.449596
10.765165,14,4251.570259
10.869474,24,4251.773287
10.717632,27,4252.00815
10.932632,24,4252.205722
10.985,3,4252.233022
11.012368,27,4252.467223
10.558158,21,4256.338059
11.053421,23,4256.538291
9.99,2,4256.555234
10.752105,18,4256.709697
11.159737,27,4256.937937
11.102857,8,4257.00576
10.948158,23,4257.208269
11.047895,22,4257.397011
10.739872,11,4257.48882
10.865,17,4257.633031
10.852895,21,4257.815491
11.166364,14,4257.935702
10.96,8,4258.002484
10.897105,29,4258.25488
11.323333,2,4258.27309
10.713158,30,4258.522421
11.036842,20,4258.688678
10.985,3,4258.714561
10.928158,27,4258.948296
10.911579,24,4259.150397
11.096667,14,4259.2678
10.600263,21,4259.451338
10.757632,19,4259.614978
10.877105,33,4259.896405
10.755,49,4260.313069
10.684474,21,4260.491386
10.855,29,4260.748157
9.75,1,4260.756287
11.015789,20,4260.932381
10.974737,24,4261.136399
10.711053,22,4261.313798
11.082273,9,4261.392115
10.621316,21,4261.571746
11.20141,11,4261.660623
10.812895,29,4261.907336
10.949211,27,4262.142026
11.148684,25,4262.355347
10.756842,27,4262.617174
11.054474,27,4262.849677
10.859474,26,4263.06969
10.610263,19,4263.232427
10.828421,28,4263.473928
9.75,1,4263.481621
10.910526,20,4263.694226
10.772647,19,4263.882186
10.731905,6,4263.933953
10.832143,5,4263.974259
10.852895,21,4264.154902
10.616667,10,4264.240098
10.799737,19,4264.403903
11.111053,22,4264.591953
10.964737,26,4264.815787
11.096667,14,4264.936837
11.054474,27,4268.889141
10.47119,1,4268.898473
10.694474,19,4269.064922
10.768684,21,4269.249877
10.585,3,4269.276399
11.016842,24,4269.480377
10.592368,31,4269.746619
10.695526,23,4269.943187
10.763182,11,4270.040848
10.816316,22,4270.234018
10.675497,38,4270.593281
11.026667,8,4270.686101
10.943684,26,4270.915791
10.995606,13,4271.027382
11.169737,25,4271.238424
10.832895,25,4271.454294
10.995789,24,4271.661783
10.953684,24,4271.863048
10.164314,26,4272.081623
10.328333,1,4272.090197
10.929706,17,4272.23562
10.970263,27,4272.46803
11.263947,23,4272.670096
10.928158,27,4272.895355
11.159854,23,4273.314822
10.660789,51,4273.749539
10.806316,24,4273.959614
11.313333,4,4273.997692
10.741316,28,4274.236304
10.741053,16,4274.371498
10.524737,34,4274.662341
10.806316,24,4274.904238
10.883947,19,4275.070945
10.965789,30,4275.331425
10.826316,20,4275.502509
10.942632,22,4275.691558
10.681053,28,4275.931798
11.431111,16,4276.070855
10.78619,18,4276.22797
10.984737,22,4276.416197
10.879474,22,4276.604184
10.608421,23,4276.80183
10.885,23,4276.992607
10.943684,26,4277.215722
10.664474,25,4277.4345
10.800789,23,4277.634015
10.576026,13,4277.742816
10.755,49,4281.96351
10.897632,22,4282.151559
10.799444,9,4282.228516
10.754048,13,4282.340494
11.173158,18,4282.499492
10.810789,21,4282.678347
11.004762,20,4282.851134
10.866053,31,4283.107575
10.754211,26,4283.329169
10.985,3,4283.353854
10.879474,22,4283.541532
10.574737,24,4283.746932
10.768684,21,4283.925145
10.834091,15,4284.053249
10.644412,27,4284.283905
10.613333,24,4284.493343
10.963684,22,4284.681477
11.101515,10,4284.765899
10.720789,39,4285.099516
10.920526,18,4285.2527
9.99,2,4285.268794
10.572105,36,4285.581138
11.343889,9,4285.655411
10.948158,23,4285.852748
10.798333,7,4285.913265
10.691053,26,4286.138454
11.144444,20,4286.308707
10.843947,27,4286.54604
10.569211,23,4286.742909
10.903571,5,4286.786626
10.79,2,4286.804372
10.979211,21,4286.986033
10.985,3,4287.009838
10.741209,10,4287.096865
10.545385,14,4287.213056
11.196316,26,4287.438075
10.985,3,4287.463272
10.681053,28,4287.705974
10.939211,29,4287.96058
10.419737,15,4288.090301
10.784211,20,4288.263628
9.99,2,4288.280784
10.921579,22,4288.472682
11.036842,20,4288.642361
10.573947,32,4288.911806
10.880526,26,4289.137181
10.849064,22,4289.319022
10.819474,34,4289.614374
10.927105,23,4289.813738
10.826316,20,4289.983153
10.567059,16,4290.119157
10.729474,52,4294.257597
10.927105,23,4294.448007
10.748684,25,4294.660845
10.908158,31,4294.923842
11.323333,2,4294.940655
10.726579,21,4295.125262
11.091515,12,4295.225366
10.849474,28,4295.465224
11.027564,15,4295.591182
10.890526,24,4295.792603
11.095556,12,4295.897715
11.211842,25,4296.283274
10.853947,25,4296.524953
10.927105,23,4296.718161
10.376316,30,4296.973646
11.995,1,4296.983015
11.043333,9,4297.057162
10.748801,21,4297.246257
10.775497,18,4297.40398
9.75,1,4297.411613
10.895,21,4297.599241
11.884762,4,4297.633797
11.265714,4,4297.667613
10.695,12,4297.767045
10.786316,28,4298.008945
10.585,3,4298.034435
10.637895,24,4298.246891
10.767632,17,4298.395443
10.969211,23,4298.588986
10.754211,26,4298.813697
11.041053,36,4299.115568
10.95,10,4299.200511
10.503333,6,4299.250993
10.958947,44,4299.637085
11.047895,22,4299.821324
10.623684,41,4300.173801
11.101515,10,4300.25973
10.798333,7,4300.320245
11.058947,24,4300.52888
10.637895,24,4300.733276
11.375,15,4300.862655
10.733158,26,4301.082155
10.694474,19,4301.240234
11.126818,11,4301.332491
10.628947,30,4301.596362
10.927105,23,4301.786827
10.608684,53,4302.244932
10.838977,17,4302.389383
10.916053,21,4302.563162
10.963684,22,4302.747791
9.99,2,4302.765923
10.822895,27,4303.000724
10.933684,28,4306.997331
10.775585,25,4307.20578
10.876053,29,4307.451454
10.695526,23,4307.646805
10.414444,6,4307.698241
11.000263,21,4307.880616
10.842895,23,4308.073175
11.116579,23,4308.273233
10.606842,26,4308.496841
10.665263,48,4308.911963
10.812895,29,4309.161269
10.933684,28,4309.404841
11.148684,25,4309.615405
11.04,32,4309.884954
10.801842,27,4310.112897
11.076905,17,4310.260164
10.722105,24,4310.465349
9.99,2,4310.482602
10.725526,17,4310.630354
10.556061,10,4310.716492
11.358571,14,4310.836156
10.831842,21,4311.01567
10.975789,28,4311.246055
10.879474,22,4311.430568
10.966842,34,4311.720914
11.084474,21,4311.895744
11.995,1,4311.904472
11.505556,10,4311.991726
10.848947,66,4312.564888
10.786316,28,4312.807639
10.922632,26,4313.02502
10.802353,16,4313.16809
10.7,20,4313.339713
10.932632,24,4313.540211
10.710458,20,4313.704983
10.661667,1,4313.713639
10.643421,25,4313.924946
10.906053,23,4314.124557
11.58,4,4314.160494
10.776316,30,4314.420804
11.053421,23,4314.621804
10.810789,21,4314.804875
10.990263,23,4315.006502
11.323333,2,4315.023611
10.805263,20,4315.198542
10.792727,16,4315.339504
10.955641,14,4315.453339
11.094474,19,4315.618752
11.051111,12,4319.66099
10.572632,16,4319.799687
10.727632,25,4320.011817
10.970263,27,4320.241994
10.687273,8,4320.312428
10.642368,21,4320.489888
10.901579,26,4320.728002
10.743158,24,4320.93301
10.959211,25,4321.154045
11.053421,23,4321.352672
10.727632,25,4321.567587
10.810789,21,4321.751925
10.950303,16,4321.888059
11.020556,7,4321.943154
10.785263,24,4322.144299
10.23,16,4322.285022
10.328333,1,4322.294763
11.19,2,4322.312059
10.754211,26,4322.531924
10.87732,18,4322.733926
10.976282,15,4322.860842
10.876053,29,4323.114965
10.942632,22,4323.3038
10.994737,20,4323.475497
10.800789,23,4323.672863
10.981316,29,4324.006903
10.414444,6,4324.058163
10.908333,15,4324.199316
10.881579,30,4324.455068
10.816316,22,4324.649765
10.757368,38,4324.967862
10.890526,24,4325.172865
10.420526,38,4325.506523
9.99,2,4325.523565
11.000263,21,4325.696381
10.661053,32,4325.970448
10.945936,19,4326.138589
10.735263,34,4326.436794
10.970263,27,4326.67406
10.900526,22,4326.863688
10.903571,5,4326.903896
11.017895,28,4327.14368
11.085526,25,4327.358307
10.949211,27,4327.589643
10.656667,2,4327.608685
10.661667,1,4327.616544
11.037895,24,4327.820189
10.832143,5,4327.865131
10.858421,22,4328.049974
11.323333,2,4328.066703
11.277908,32,4328.341716
10.328333,1,4328.350716
11.138684,27,4332.293283
10.890526,24,4332.490856
10.582895,26,4332.728815
10.929211,31,4332.993109
11.092857,10,4333.079428
10.981316,29,4333.32697
10.625789,18,4333.474412
10.893684,36,4333.785879
10.636842,20,4333.960469
10.598421,25,4334.177006
10.865,27,4334.410807
10.831842,21,4334.591606
10.992368,31,4334.856776
11.004737,18,4335.009687
10.468684,32,4335.319293
10.653947,65,4335.882084
10.004474,59,4336.385586
10.984737,22,4336.579485
10.713158,30,4336.836078
10.711842,45,4337.229786
10.921579,22,4337.41573
11.505556,10,4337.499835
11.995,1,4337.507903
10.908333,5,4337.552924
10.549211,27,4337.781846
10.926053,19,4337.943155
11.106579,25,4338.152945
10.786316,28,4338.608809
10.685526,25,4338.824865
11.014474,35,4339.125368
11.010263,19,4339.294679
11.064474,25,4339.553752
10.697632,31,4339.824526
10.647778,17,4339.967597
10.763158,20,4340.14252
11.077632,35,4340.444513
10.838421,26,4340.663876
10.625789,18,4340.821723
10.918158,29,4341.073463
10.826316,20,4341.245898
10.888333,9,4341.323814
10.726579,21,4345.247579
11.199118,19,4345.413035
10.748684,25,4345.625442
10.883464,22,4345.819873
10.308421,34,4346.10648
11.000263,21,4346.287598
10.431842,21,4346.455418
10.953684,24,4346.655473
10.757632,19,4346.821129
11.102857,8,4346.888707
10.857105,37,4347.212154
11.166364,14,4347.326815
11.06,28,4347.560149
11.226725,26,4347.784531
9.99,2,4347.800546
10.852895,21,4347.98452
10.582368,33,4348.26856
10.666053,22,4348.45636
10.822727,10,4348.541169
10.79,2,4348.558824
11.164902,18,4348.711288
10.978158,17,4348.859614
10.604737,18,4349.014505
10.853947,25,4349.231148
10.917105,25,4349.445351
11.037895,24,4349.646927
11.063421,21,4349.82357
10.873464,24,4350.025108
10.747632,21,4350.20462
11.043421,25,4350.431172
10.981316,29,4350.678194
10.796316,26,4350.909473
10.43,14,4351.036834
11.113636,10,4351.122375
11.116579,23,4351.32346
10.850526,32,4351.60026
10.805263,20,4351.775554
10.826316,20,4351.948751
10.702105,28,4352.184932
11.068947,22,4352.380131
11.112857,6,4352.432404
10.821842,23,4352.621982
10.985,3,4352.645931
10.885,23,4352.847241
10.937105,21,4353.02864
11.083158,36,4353.341262
10.806316,24,4353.548255
11.718333,3,4353.571069
11.002368,29,4353.818871
11.102857,8,4357.61606
11.103636,12,4357.718892
10.668947,22,4357.890928
10.677368,54,4358.351073
11.052857,18,4358.506284
10.859474,26,4358.730359
10.861667,12,4358.835377
10.579211,21,4359.01487
10.798947,27,4359.246362
10.733158,26,4359.466611
11.353889,7,4359.5259
10.960263,29,4359.776456
10.819474,34,4360.069638
11.157424,17,4360.216292
10.661579,25,4360.427055
10.145263,152,4361.940222
10.244211,30,4362.192425
11.034474,31,4362.45999
10.870526,28,4362.696031
10.63,34,4362.991579
11.132105,22,4363.18026
10.39,2,4363.197224
10.861579,34,4363.491989
10.889474,20,4363.664747
10.445526,24,4363.869362
9.99,2,4363.886763
11.385,3,4363.91089
10.808421,32,4364.181576
10.894359,16,4364.342524
10.664474,25,4364.574784
10.625789,18,4364.72748
11.173158,18,4364.879675
10.545263,23,4365.079901
10.571053,50,4365.509507
10.68859,11,4365.604179
10.764211,24,4365.812995
10.962368,37,4366.121347
10.777368,34,4366.413185
11.121053,20,4366.587034
10.852632,40,4370.581283
11.046429,5,4370.624117
11.075,15,4370.748282
10.941579,18,4370.900819
10.839474,30,4371.160647
11.388571,8,4371.231719
10.974737,24,4371.436218
10.511579,24,4371.637166
10.554474,29,4371.884027
10.93,5,4371.927416
9.75,1,4371.934805
10.778684,19,4372.101222
10.968182,10,4372.188363
10.970714,23,4372.391456
10.652026,16,4372.533783
10.876053,29,4372.777611
11.995,1,4372.786101
11.037895,24,4372.992601
10.938158,25,4373.202635
10.605789,22,4373.389294
10.975789,28,4373.632779
10.800789,23,4373.828971
10.775263,26,4374.053902
10.96,8,4374.122926
11.164211,24,4374.323863
11.031667,17,4374.468248
10.968158,19,4374.63266
10.678947,20,4374.800441
10.703158,32,4375.090474
10.963684,22,4375.279596
11.04881,15,4375.400698
11.110952,14,4375.519432
10.880526,26,4375.75157
10.898333,7,4375.811187
10.732105,22,4375.999052
10.978158,17,4376.144279
10.841176,20,4376.314933
10.877105,33,4376.596374
10.876667,18,4376.752745
11.175,5,4376.796379
11.303333,6,4376.847736
11.113158,30,4377.111248
10.938158,25,4377.32895
10.742105,20,4377.50083
10.553947,85,4378.432801
10.322895,78,4379.093513
11.121667,9,4379.167142
10.699231,14,4383.012284
11.043421,25,4383.256556
11.074474,23,4383.468495
11.073421,19,4383.633039
9.75,1,4383.642205
10.792105,41,4383.996747
11.046842,18,4384.156236
10.883158,27,4384.460732
11.119487,12,4384.591474
10.675526,27,4384.825067
11.013421,31,4385.087905
10.331316,30,4385.342154
10.832727,8,4385.423381
11.074474,23,4385.621702
11.116579,23,4385.822767
10.821765,18,4385.977355
10.741905,4,4386.014508
11.091053,26,4386.233554
10.883718,13,4386.348864
10.696579,27,4386.584377
10.675526,27,4386.813296
10.656053,24,4387.023717
11.19141,13,4387.136248
10.461053,23,4387.336347
10.653421,23,4387.533169
10.805879,14,4387.650211
11.057895,20,4387.818788
10.860526,30,4388.071048
10.913684,32,4388.353454
11.115526,19,4388.516637
11.323333,2,4388.533169
10.773158,18,4388.683445
11.467857,15,4388.807813
11.232895,25,4389.017652
10.785263,24,4389.218821
11.18,4,4389.254621
10.846053,35,4389.55271
10.922632,26,4389.780392
10.640275,17,4389.926353
10.79,2,4389.944138
10.896053,25,4390.161269
10.729737,33,4390.448664
11.027895,26,4390.674487
10.805263,20,4390.844631
11.021316,21,4391.030022
11.022368,25,4391.287797
10.900526,22,4391.490219
10.66,28,4391.728337
10.933684,28,4391.969557
10.709231,12,4395.792413
10.818421,30,4396.052456
10.78,4,4396.083868
10.683158,36,4396.399504
10.802143,11,4396.495534
11.113158,30,4396.752916
10.604474,37,4397.073869
10.899444,9,4397.146541
9.99,2,4397.162899
10.938529,27,4397.396046
9.99,2,4397.411923
10.668947,22,4397.601378
11.995,1,4397.609521
10.626842,22,4397.802601
10.974737,24,4398.005059
10.780789,27,4398.234302
10.841842,19,4398.396375
10.918158,29,4398.650857
10.907105,27,4398.881018
10.807368,28,4399.117204
10.817368,26,4399.344155
11.206316,24,4399.54978
10.910526,20,4399.759446
11.084474,21,4399.952834
10.853947,25,4400.166679
11.104474,17,4400.308645
11.103636,12,4400.41342
10.901579,26,4400.683519
10.870588,20,4401.025595
10.466579,55,4401.502983
10.832632,44,4401.874302
10.678333,21,4402.050484
10.651579,27,4402.282368
10.842895,23,4402.489237
10.658529,33,4402.770432
11.189737,21,4402.94746
10.429286,10,4403.033089
10.989211,19,4403.191717
11.081515,14,4403.309262
10.632368,23,4403.516613
10.770789,29,4403.756636
11.22803,15,4403.88736
10.691053,26,4404.163605
10.984737,22,4404.347654
10.747632,21,4404.527504
11.145,11,4404.621688
10.848333,17,4404.767995
10.957105,17,4408.649112
10.741905,4,4408.682578
11.995,1,4408.692409
11.661667,1,4408.701288
10.882456,20,4408.871697
11.031316,19,4409.040444
10.625882,16,4409.177766
10.557857,17,4409.328519
10.920526,18,4409.486291
10.832895,25,4409.704286
11.081053,28,4409.942249
10.825033,18,4410.097043
10.996923,16,4410.233075
10.717632,27,4410.472715
11.042368,21,4410.654874
10.671053,30,4410.914926
11.022368,25,4411.144938
10.812059,17,4411.288639
10.86732,20,4411.457815
10.676242,19,4411.618076
10.84,23,4411.817163
10.667105,26,4412.039903
11.169737,25,4412.252643
10.911579,24,4412.457091
10.705526,21,4412.640876
10.663158,40,4412.980859
10.870526,28,4413.224264
10.691053,26,4413.449022
10.761842,35,4413.752072
11.096579,27,4413.982651
10.938158,25,4414.198678
10.969211,23,4414.397243
10.763158,20,4414.576574
10.464945,20,4414.747042
10.906053,23,4414.941836
11.185,3,4414.966773
10.711053,22,4415.158169
10.826316,20,4415.323462
10.963684,22,4415.512476
10.658947,24,4415.719737
10.880526,26,4415.945842
10.757778,4,4415.982274
10.608947,34,4416.276085
9.146316,62,4416.802847
10.901579,26,4417.0295
10.937105,21,4417.207328
11.088947,18,4417.365673
10.999415,20,4421.30107
10.277895,47,4421.701712
10.991316,27,4421.937753
11.174211,22,4422.124486
10.706579,25,4422.332965
11.012368,27,4422.561003
11.063421,21,4422.914936
10.989545,13,4423.079834
10.948158,23,4423.272398
11.008235,16,4423.411254
10.980263,25,4423.623988
11.133158,26,4423.845155
11.107632,29,4424.092655
10.775263,26,4424.339661
10.890526,24,4424.570405
10.529211,31,4424.824724
10.015263,31,4425.089187
10.521579,22,4425.281721
10.763947,43,4425.649646
10.726579,21,4425.831609
10.661667,1,4425.840161
10.785263,24,4426.045982
10.778684,19,4426.215128
10.863947,23,4426.412324
10.75,10,4426.499251
10.930526,16,4426.635213
11.394545,12,4426.738637
11.312143,9,4426.812533
11.102857,8,4426.880614
11.016842,24,4427.082993
10.756667,13,4427.193481
11.396538,13,4427.304032
10.746579,17,4427.452593
10.918158,29,4427.700739
10.942632,22,4427.885738
10.879211,41,4428.232494
10.734211,30,4428.492295
10.701053,24,4428.700627
11.995,1,4428.709173
11.068947,22,4428.900557
11.022619,5,4428.945126
10.996842,28,4429.190439
10.718421,50,4429.61965
10.907967,25,4429.842435
10.695526,23,4430.040349
11.022619,5,4430.083065
11.995,1,4430.091833
10.896667,14,4433.888485
11.145238,30,4434.148988
10.973684,20,4434.319585
10.839474,30,4434.574366
11.148684,25,4434.789216
11.59,2,4434.807189
10.66,28,4435.047652
9.678684,43,4435.407085
10.740789,35,4435.71183
10.731905,6,4435.765004
10.906053,23,4435.961348
10.748684,25,4436.172564
10.853947,25,4436.392498
10.866316,43,4436.75721
10.955606,21,4436.935781
11.995,1,4436.944465
11.303333,6,4436.995202
11.353889,7,4437.05513
10.816316,22,4437.254068
10.768421,40,4437.596256
11.058947,24,4437.796482
10.986667,16,4437.934314
10.811842,25,4438.149604
10.920476,14,4438.271199
10.837368,22,4438.45505
10.779737,23,4438.652639
10.778684,19,4438.813633
11.058947,24,4439.018013
10.885,23,4439.203457
10.651667,3,4439.228152
8.004211,37,4439.539842
10.932632,24,4439.745263
10.820789,19,4439.907511
11.159737,27,4440.138548
10.533947,40,4440.475267
10.664474,25,4440.688029
11.012368,27,4440.912448
9.99,2,4440.929206
10.744048,15,4441.059559
11.283333,10,4441.148369
10.786316,28,4441.597696
10.924211,23,4441.796232
10.979211,21,4441.980331
10.949211,27,4442.216277
11.002368,29,4442.464684
10.559211,25,4442.680553
11.363182,11,4442.774675
11.085526,25,4446.788297
11.323333,2,4446.806062
10.996842,28,4447.047822
10.879608,28,4447.285964
10.96,28,4447.530108
10.684474,21,4447.705629
10.917105,25,4447.934587
11.046429,5,4447.978541
10.949211,27,4448.209786
11.031316,19,4448.372859
10.646842,18,4448.5299
11.185,3,4448.555253
10.63,34,4448.842604
10.797368,30,4449.097751
10.973684,20,4449.26516
10.927105,23,4449.460112
10.729737,33,4449.741627
10.984737,22,4449.93049
11.094474,19,4450.096781
10.960263,29,4450.348315
10.837368,22,4450.545042
10.868333,23,4450.742578
10.890526,24,4450.94756
10.718636,9,4451.024329
11.048947,26,4451.27969
10.849474,28,4451.536386
11.036842,20,4451.712444
10.538889,21,4451.894998
11.043421,25,4452.112887
10.921579,22,4452.301344
9.853684,48,4452.701918
10.69,22,4452.884092
10.580263,25,4453.094208
10.838421,26,4453.327542
10.538333,20,4453.501049
10.97,6,4453.552845
10.856053,33,4453.836594
10.796316,26,4454.053712
10.822895,27,4454.286387
10.916053,21,4454.471652
11.023421,29,4454.721171
11.259474,26,4454.940143
10.917105,25,4455.155693
10.816316,22,4455.346005
10.772895,37,4459.361353
11.021316,21,4459.537839
10.949211,27,4459.771163
11.056212,13,4459.888098
10.895,21,4460.069484
10.993421,35,4460.373301
10.699737,39,4460.707952
10.828889,12,4460.804671
10.746316,36,4461.118143
11.096667,14,4461.239706
10.655526,31,4461.504459
10.861471,13,4461.618653
10.955789,32,4461.897022
10.715526,19,4462.061117
10.747632,21,4462.244909
10.820526,38,4462.563965
10.969211,23,4462.974004
11.147632,21,4463.159553
10.97,6,4463.20751
10.621316,21,4463.381603
10.930526,16,4463.519952
10.077368,27,4463.744991
11.042368,21,4463.924886
10.737778,8,4463.997051
10.77,6,4464.048461
10.863947,23,4464.287349
10.748684,25,4464.529261
10.715526,19,4464.69347
10.949211,27,4464.927518
10.969211,23,4465.125479
10.875,25,4465.336705
10.78,4,4465.372681
10.853947,25,4465.589795
10.763182,11,4465.685786
11.031316,19,4465.851786
11.111053,22,4466.03742
11.07,26,4466.257667
10.907105,27,4466.48412
10.644706,24,4466.687927
10.868421,20,4466.863041
10.704474,17,4467.005777
11.344737,30,4467.2619
10.852895,21,4467.440665
10.533684,28,4467.674168
10.875,25,4467.892525
11.095556,12,4468.000247
10.55,10,4468.085524
10.747632,21,4472.034739
10.866579,24,4472.234398
10.654474,27,4472.471339
10.954737,28,4472.713047
10.736316,38,4473.031533
10.794211,18,4473.190037
11.267381,17,4473.337416
10.661667,1,4473.346299
10.656667,2,4473.363907
10.942632,22,4473.552498
10.637895,24,4473.753367
10.841842,19,4473.916387
10.842895,23,4474.115738
10.705526,21,4474.294641
10.858421,22,4474.478315
10.879474,22,4474.666172
10.78,4,4474.700418
11.007895,30,4474.953144
10.158684,45,4475.340307
10.911579,24,4475.542511
10.661111,10,4475.626454
10.849474,28,4475.86557
10.306316,26,4476.093508
10.911579,24,4476.301973
10.948158,23,4476.498319
10.661667,1,4476.507246
10.695526,23,4476.70381
10.661667,1,4476.712206
10.848421,24,4476.919238
11.393571,7,4476.975317
10.644474,29,4477.223121
11.073421,19,4477.388991
10.859474,26,4477.610483
11.323333,2,4477.628846
10.788684,17,4477.773249
10.922632,26,4477.991036
10.850526,32,4478.268288
10.853947,25,4478.485401
10.879474,22,4478.674057
10.802895,31,4478.939808
11.016842,24,4479.150043
10.955789,32,4479.42957
10.656667,2,4479.445894
10.636842,20,4479.623369
10.960263,29,4479.873789
10.827368,24,4480.073806
10.849474,28,4480.317066
10.724737,25,4480.527013
10.915,17,4480.671768
11.146579,17,4484.565157
11.252637,22,4484.752473
11.09,22,4484.939434
10.848421,24,4485.143519
10.709327,22,4485.332874
10.887105,31,4485.605229
10.895,21,4485.790457
10.962632,18,4486.156063
10.728421,48,4486.560688
10.743333,18,4486.715023
11.262895,19,4486.874432
11.323333,2,4486.892157
11.067895,18,4487.0492
10.795263,22,4487.243619
11.002368,29,4487.493431
10.656667,2,4487.512968
10.687105,22,4487.692605
10.769737,25,4487.904759
10.895,21,4488.083518
10.911579,24,4488.288127
11.01,38,4488.619719
11.094474,19,4488.784953
11.011316,23,4488.984793
10.631316,19,4489.145052
11.052368,19,4489.30825
10.890526,24,4489.51485
10.633421,27,4489.740695
10.652368,19,4489.902682
10.757895,31,4490.158564
10.921579,22,4490.349818
10.661667,1,4490.358778
10.900526,22,4490.548958
10.705263,22,4490.741102
10.749737,29,4490.988224
10.911579,24,4491.190299
10.631842,21,4491.372344
10.716579,23,4491.57236
10.906053,23,4491.775582
10.983684,18,4491.92817
10.785789,66,4492.493176
10.760714,5,4492.536685
10.856053,33,4492.827296
11.053421,23,4493.023496
10.932632,24,4493.232426
10.684474,21,4493.414729
10.902632,30,4497.32562
10.684286,6,4497.377842
10.773158,18,4497.527492
10.731905,6,4497.580812
11.421667,9,4497.659101
10.602895,22,4497.840841
10.758684,23,4498.039381
11.012368,27,4498.266044
11.441667,5,4498.308345
10.890526,24,4498.513151
10.949211,27,4498.74059
10.863947,23,4498.938058
11.034474,31,4499.200131
10.67859,13,4499.310512
10.642105,40,4499.659817
10.337619,13,4499.769429
10.948158,23,4499.961924
10.836099,13,4500.070826
11.139048,16,4500.204116
10.798947,27,4500.437518
11.257549,23,4500.636205
10.861176,16,4500.780971
10.795263,22,4500.968109
11.046667,4,4501.005
10.621316,21,4501.185811
9.75,1,4501.192879
10.721053,20,4501.368639
10.615789,20,4501.550363
11.323333,2,4501.569005
10.765263,28,4501.809021
10.828421,28,4502.052836
10.769737,25,4502.266881
10.566053,42,4502.623702
10.79,2,4502.641184
10.636842,20,4502.811756
10.625526,37,4503.128279
10.900294,17,4503.278056
10.594545,12,4503.418656
10.933684,28,4503.660625
10.916053,21,4503.839998
11.126579,21,4504.018585
11.202222,4,4504.054096
10.852895,21,4504.241047
10.636842,20,4504.407567
10.941579,18,4504.606327
10.827143,6,4504.668774
10.816316,22,4505.077937
10.760714,5,4505.122955
11.205263,20,4505.303017
10.841842,19,4505.477595
11.168684,21,4505.658469
10.827368,24,4505.864844
11.293333,8,4505.936731
10.981316,29,4506.186052
10.764211,24,4510.1282
11.279474,22,4510.3153
10.748684,25,4510.536808
10.906053,23,4510.739769
11.995,1,4510.748202
10.968158,19,4510.909897
11.07,26,4511.141194
11.170769,12,4511.242467
10.746316,36,4511.600733
10.847368,20,4511.775484
11.102857,8,4511.843643
10.574474,25,4512.060228
10.66,28,4512.301316
10.711053,22,4512.484996
10.656053,24,4512.687859
10.750789,33,4512.961978
10.685526,25,4513.173029
10.942632,22,4513.369447
11.211842,25,4513.59093
10.966282,17,4513.729951
10.722105,24,4513.939072
10.976842,32,4514.216683
10.778684,19,4514.380425
10.7,20,4514.557021
10.809121,14,4514.674655
11.323333,2,4514.693192
10.896053,25,4514.909006
10.942632,22,4515.099309
10.775263,26,4515.31889
10.832895,25,4515.536077
10.539737,22,4515.720456
10.948158,23,4515.917042
10.905848,20,4516.09027
10.687222,7,4516.146684
10.870526,28,4516.39061
10.973684,20,4516.561675
11.046667,4,4516.596833
10.804211,16,4516.730193
11.147632,21,4516.90693
10.529737,24,4517.113961
11.044474,29,4517.358063
10.994737,20,4517.540844
10.980263,25,4517.755482
11.173158,18,4517.911638
11.033421,27,4518.137334
10.844011,29,4518.393236
10.997895,32,4518.670729
10.758684,23,4518.867862
10.744211,28,4522.778331
10.933684,28,4523.01925
10.909444,7,4523.07998
10.853947,25,4523.297166
10.863947,23,4523.490091
10.852895,21,4523.668482
10.887105,31,4523.935678
11.323333,2,4523.953649
10.840238,11,4524.048841
10.900294,17,4524.188294
10.883947,19,4524.349148
10.751842,37,4524.670997
10.788684,17,4524.819921
10.908333,5,4524.862916
11.1,20,4525.033843
10.833947,29,4525.280858
10.654474,27,4525.508172
10.927778,10,4525.595428
10.581364,11,4525.68714
10.691053,26,4525.905861
10.818421,30,4526.167057
10.723158,28,4526.411676
10.879474,22,4526.602127
10.702105,28,4526.844026
10.836316,18,4526.996049
10.986842,30,4527.249175
10.709231,12,4527.351411
10.960263,29,4527.590075
10.796316,26,4527.81387
10.740263,24,4528.015518
11.014474,35,4528.308646
11.068947,22,4528.720981
11.18,4,4528.764461
11.021316,21,4528.977243
10.735263,34,4529.268947
10.593684,16,4529.399579
10.487632,24,4529.604904
10.774211,22,4529.798646
11.053421,23,4529.99513
11.064474,25,4530.21572
11.323333,2,4530.233782
10.781154,13,4530.347415
10.682105,32,4530.620966
10.762647,21,4530.801761
10.853077,14,4530.920825
10.933684,28,4531.16466
10.786316,28,4531.403638
10.922632,26,4531.621741
10.995,1,4535.442846
10.622368,25,4535.648579
10.812895,29,4535.900264
10.753158,22,4536.093071
10.974737,24,4536.301053
11.202727,14,4536.420114
10.929211,31,4536.684634
11.043421,25,4536.901258
10.458421,22,4537.092443
10.885,23,4537.289725
10.78,4,4537.321994
10.827368,24,4537.528827
10.865,27,4537.763969
11.025789,18,4537.91614
10.962632,18,4538.072317
10.726579,21,4538.246947
11.022368,25,4538.461095
10.701053,24,4538.666117
10.368684,21,4538.850413
10.796316,26,4539.071909
11.153158,22,4539.261575
10.644474,29,4539.512083
10.722105,24,4539.722064
10.837368,22,4539.91371
10.603947,26,4540.13423
10.721053,20,4540.305278
10.924211,23,4540.502226
10.786842,21,4540.679903
11.1,20,4540.849176
11.038947,28,4541.092008
10.919211,33,4541.371742
11.196316,26,4541.596691
10.632368,23,4541.793812
10.087368,25,4542.003123
10.661111,10,4542.089393
10.822895,27,4542.322478
10.842105,31,4542.584899
10.963684,22,4542.774475
10.833077,18,4542.926795
10.896053,25,4543.137322
11.293333,8,4543.204591
10.749737,29,4543.451415
10.504211,27,4543.681784
11.323333,2,4543.698488
10.893947,17,4543.841071
11.122105,24,4544.047856
10.335,35,4548.120765
10.850526,32,4548.387704
10.642368,21,4548.568424
10.980263,25,4548.779091
11.182222,8,4548.843532
11.323333,2,4548.859311
10.838421,26,4549.077078
10.733158,26,4549.30376
10.493158,25,4549.511875
11.007895,30,4549.776202
11.313333,4,4549.812032
10.738684,27,4550.046228
11.160769,14,4550.165345
10.831842,21,4550.346726
10.653421,23,4550.539727
11.127632,25,4550.757941
10.914011,15,4550.885624
10.943684,26,4551.127017
11.142105,20,4551.475528
10.822143,7,4551.535021
10.816316,22,4551.720304
10.614737,16,4551.856808
11.995,1,4551.865306
11.015789,20,4552.037488
11.323333,2,4552.055527
10.837143,4,4552.089775
10.328333,1,4552.098633
10.995606,13,4552.209865
10.827368,24,4552.413569
10.929118,23,4552.607771
10.748684,25,4552.825567
10.907105,27,4553.053356
10.580263,25,4553.263832
10.976842,32,4553.536409
10.968158,19,4553.696078
11.158684,23,4553.888333
10.916053,21,4554.073034
10.908333,5,4554.118471
10.838421,26,4554.340498
10.697632,31,4554.607895
10.694474,19,4554.770442
10.763158,20,4554.947171
11.084474,21,4555.124207
10.869064,18,4555.278044
11.036842,20,4555.450376
11.08,24,4555.650085
10.889474,20,4555.823916
10.933684,28,4556.063652
10.658947,24,4556.266147
11.08,24,4556.477537
10.879474,22,4556.666814
10.97,6,4556.718624
10.801842,27,4560.63263
10.882632,34,4560.92188
11.189737,21,4561.102628
10.665263,48,4561.52389
10.643947,18,4561.675
10.943684,26,4562.057896
10.687273,8,4562.182759
10.911579,24,4562.561682
11.022619,5,4562.639084
10.969211,23,4562.99561
11.012619,7,4563.102274
11.159737,27,4563.516751
10.910526,20,4563.82403
10.890526,24,4564.270062
11.995,1,4564.289504
11.242778,7,4564.403875
10.837368,22,4564.747604
10.886053,27,4565.157102
11.093684,27,4565.698282
9.99,2,4565.730705
10.749737,29,4566.176303
10.591053,46,4566.89074
10.895,21,4567.209245
10.665526,29,4567.653901
11.074474,23,4568.017843
10.835673,20,4568.335055
10.732105,22,4568.680354
10.576111,7,4568.784539
10.763158,20,4569.091387
11.117632,27,4569.513965
10.973684,20,4569.824137
10.786316,28,4570.254194
10.743158,24,4570.625955
11.237368,22,4570.967581
10.797368,30,4571.554789
10.78,4,4571.745482
10.732105,22,4572.216542
11.313333,4,4572.301582
10.731905,6,4572.43121
10.698684,35,4572.997163
10.853077,14,4573.21159
9.99,2,4573.240739
11.20719,20,4573.553531
10.805263,20,4573.861139
11.013421,31,4574.357123
10.928158,27,4574.781516
10.154444,9,4574.918875
10.832895,25,4575.303403
10.718684,31,4575.78414
11.096579,27,4576.196255
10.328333,1,4576.21283
10.434848,10,4583.327438
11.053421,23,4583.682386
11.053421,23,4584.036331
11.006842,26,4584.432477
10.385,3,4584.479365
10.667895,18,4584.766296
10.425263,16,4585.014582
11.300526,22,4585.346779
10.985,3,4585.393881
10.656667,2,4585.424271
10.560263,29,4585.874372
10.806316,24,4586.241826
11.07,26,4586.640865
11.044474,29,4587.090562
10.991316,27,4587.502115
11.303333,6,4587.592457
10.792059,21,4587.919068
10.573947,81,4589.168337
10.848421,24,4589.52975
10.774211,22,4589.866744
10.723824,17,4590.128124
10.849091,12,4590.320211
10.926053,19,4590.619029
10.705526,21,4590.937649
10.995,1,4590.952618
10.778684,19,4591.255764
10.937105,21,4591.578212
11.005789,22,4591.916882
10.711053,22,4592.25427
10.277105,24,4592.621875
10.711053,22,4592.96156
10.966842,34,4593.603123
10.747632,21,4593.938249
11.363182,11,4594.105376
11.19,2,4594.144259
10.657105,28,4594.589845
11.204444,8,4594.709894
10.656667,2,4594.742674
10.838889,10,4594.913635
10.743158,24,4595.551574
10.949118,19,4595.8447
10.695526,23,4596.202835
10.948158,23,4596.55378
10.632368,23,4596.904975
10.914011,15,4597.14203
11.021316,21,4597.473628
10.774211,22,4597.900104
10.583684,18,4598.194496
10.873947,21,4598.524681
10.768684,21,4598.847138
10.890526,24,4599.24103
10.815263,18,4599.51406
10.93,14,4606.71993
10.917105,25,4607.107358
10.995789,24,4607.476444
10.612895,20,4607.778422
10.969211,23,4608.131918
10.928158,27,4608.541502
11.323333,2,4608.572835
10.848421,24,4608.939614
10.905,19,4609.247231
10.935789,36,4609.797478
10.657895,20,4610.101227
10.779737,23,4610.453877
11.076579,31,4610.93142
11.047895,22,4611.261459
10.779737,23,4611.623336
10.873947,21,4611.934503
11.204725,14,4612.143751
10.841842,19,4612.444728
10.968158,19,4612.738394
11.074474,23,4613.083576
10.817368,26,4613.487381
10.265263,30,4613.944476
11.58,4,4614.003913
10.931579,20,4614.314942
10.927105,23,4614.669074
10.63,34,4615.193187
10.78,4,4615.255566
10.996842,28,4615.684178
11.122105,24,4616.048231
10.763158,20,4616.351556
10.952632,20,4616.664462
10.995789,24,4617.039853
10.926053,19,4617.338068
10.889474,20,4617.653688
11.027895,26,4618.335238
11.995,1,4618.356611
11.185261,27,4618.830051
10.716579,23,4619.179708
10.840526,34,4619.708061
11.275,25,4620.096932
10.566111,9,4620.238559
11.000263,21,4620.557993
10.764211,24,4620.926495
10.732105,22,4621.26177
10.942632,22,4621.605544
10.900526,22,4621.951226
10.805033,22,4622.285709
11.026842,22,4622.631299
11.023421,29,4630.255611
10.69,22,4630.597921
10.917778,12,4630.779085
10.889211,39,4631.379098
11.348158,23,4631.731186
11.597857,9,4631.894222
10.808947,25,4632.2923
10.755263,30,4632.844213
10.813947,33,4633.355207
11.323333,2,4633.386469
10.78,4,4633.447204
10.965,17,4633.709819
11.095556,12,4633.8954
10.77,37,4634.474955
10.994737,20,4634.782184
10.663421,21,4635.102383
10.945789,34,4635.628903
11.394737,20,4635.940157
10.936053,17,4636.204992
10.683421,17,4636.455754
11.020556,7,4636.560605
11.49381,6,4636.652444
11.053421,23,4636.99888
10.801579,46,4637.68904
10.860526,30,4638.149958
10.747632,21,4638.474134
11.995,1,4638.489706
10.385,3,4638.536395
10.901579,26,4638.940742
10.924737,34,4639.470432
11.122857,4,4639.538444
10.991316,27,4639.96251
11.258421,22,4640.589648
10.621316,21,4640.988177
10.817368,26,4641.38644
10.863947,23,4641.748868
10.860526,30,4642.204086
10.964737,26,4642.604373
10.683421,17,4642.868741
11.243947,27,4643.289688
10.953684,24,4643.661893
10.985,3,4643.706131
10.900526,22,4644.04348
11.074474,23,4644.398159
11.074474,23,4644.753171
10.819444,5,4644.829508
10.750714,7,4644.937576
11.115556,8,4645.065763
10.663421,21,4645.385576
11.007895,30,4645.839044
10.948158,23,4653.221371
11.102857,8,4653.343271
10.342143,3,4653.391988
10.984737,22,4653.729103
10.647895,22,4654.066071
10.827368,24,4654.44816
10.927105,23,4654.818786
11.231842,21,4655.146614
11.122857,4,4655.210587
10.975,5,4655.288097
10.79619,16,4655.540081
10.869474,24,4655.902411
10.885,23,4656.255591
11.122857,4,4656.317336
10.663421,21,4656.638691
10.588158,15,4656.866585
10.863947,23,4657.222766
10.716579,23,4657.582263
10.736579,19,4657.878749
10.852895,21,4658.257699
10.677105,24,4658.66346
10.816316,22,4659.00205
10.716579,23,4659.359648
11.092857,10,4659.518629
11.065,17,4659.790015
11.036842,20,4660.097128
10.916053,21,4660.424711
10.561429,2,4660.456279
10.975,15,4660.691685
10.825263,16,4660.938859
10.944737,30,4661.406249
10.674474,23,4661.764718
10.758187,11,4661.932172
10.992368,31,4662.406343
10.939211,29,4662.957649
11.121053,20,4663.265723
11.000263,21,4663.585536
10.813947,33,4664.567165
11.253333,16,4664.856737
10.750263,22,4665.195311
10.758187,11,4665.366623
10.750714,7,4665.475438
11.005789,22,4665.815029
10.995,1,4665.831537
10.628421,19,4666.120638
10.985,3,4666.168789
10.994737,20,4666.484365
10.898158,33,4666.968634
10.880526,26,4667.375347
10.920263,37,4667.944083
10.383158,47,4668.659137
10.913684,32,4669.144384
10.567368,27,4669.554264
