#{"t_start": 1785313229.9512625, "env_id": "None"}
r,l,t
-2.0,1,1.701865
-2.0,1,1.704873
-2.0,1,1.707799
-2.0,1,1.710606
-2.0,1,1.713444
-2.0,1,1.716312
-2.0,1,1.719212
-2.0,1,1.722115
-2.0,1,1.724972
-2.0,1,1.727795
-2.0,1,1.730618
-2.0,1,1.733382
-2.0,1,1.736052
-2.0,1,1.738685
-2.0,1,1.74132
-2.0,1,1.743941
-2.0,1,1.746753
-2.0,1,1.749388
-2.0,1,1.752037
-2.0,1,1.754622
-2.0,1,1.757299
-2.0,1,1.759935
-2.0,1,1.762595
4.0,1,1.76528
-2.0,1,1.767861
-2.0,1,1.770461
-2.0,1,1.773119
-2.0,1,1.775793
-2.0,1,1.778391
-2.0,1,1.780991
-2.0,1,1.783643
-2.0,1,1.786253
-2.0,1,1.788978
-2.0,1,1.791664
-2.0,1,1.79426
-2.0,1,1.796916
-2.0,1,1.799591
-2.0,1,1.802178
-2.0,1,1.804791
-2.0,1,1.807433
-2.0,1,1.810029
-2.0,1,1.812651
-2.0,1,1.815349
-2.0,1,1.81794
-2.0,1,1.820556
-2.0,1,1.823169
-2.0,1,1.825796
-2.0,1,1.828405
-2.0,1,1.831066
-2.0,1,1.833724
-2.0,1,1.836332
-2.05,2,1.841537
-2.0,1,1.844141
-2.0,1,1.846737
-2.0,1,1.849365
-2.0,1,1.851973
-2.0,1,1.854575
-2.0,1,1.857266
-2.0,1,1.859884
-2.0,1,1.862483
-2.0,1,1.865107
-2.0,1,1.867723
-2.0,1,1.870346
-2.0,1,1.872972
-2.0,1,1.875689
-2.0,1,1.878275
-2.0,1,1.880891
-2.0,1,1.88354
-2.0,1,1.886132
-2.0,1,1.888755
-2.0,1,1.89139
-2.0,1,1.893986
-2.0,1,1.896605
-2.0,1,1.89951
-2.0,1,1.902037
-2.0,1,1.904666
-2.0,1,1.907279
-2.0,1,1.909854
-2.0,1,1.912474
-2.0,1,1.915076
-2.0,1,1.917664
-2.0,1,1.920279
-2.0,1,1.922887
-2.0,1,1.92548
-2.0,1,1.928094
-2.0,1,1.930682
-2.0,1,1.933291
-2.0,1,1.935894
-2.0,1,1.938486
-2.0,1,1.94114
4.0,1,1.943821
-2.0,1,1.946346
-2.0,1,1.948953
-2.0,1,1.95156
-2.0,1,1.954154
-2.0,1,1.956775
-2.0,1,1.959423
-2.0,1,1.962031
-2.0,1,1.964643
-2.0,1,1.967259
-2.0,1,1.969845
-2.0,1,1.972446
-2.0,1,1.975064
-2.0,1,1.977639
-2.0,1,1.980246
-2.0,1,1.982873
-2.0,1,1.985459
-2.05,2,1.990668
-2.0,1,1.993261
-2.0,1,1.995868
-2.0,1,1.998457
-2.0,1,2.00107
-2.0,1,2.003732
-2.0,1,2.006328
-2.0,1,2.008929
-2.0,1,2.011531
-2.0,1,2.014118
-2.0,1,2.016721
-2.0,1,2.019336
-2.0,1,2.021931
-2.0,1,2.024622
-2.0,1,2.027194
-2.0,1,2.029786
-2.0,1,2.032383
-2.0,1,2.035114
-2.0,1,2.037879
-2.0,1,2.040642
-2.0,1,2.043431
-2.0,1,2.046419
-2.0,1,2.049171
-2.0,1,2.051943
-2.0,1,2.054686
-2.0,1,2.057443
-2.0,1,2.060204
-2.0,1,2.062966
-2.0,1,2.065751
-2.0,1,2.068497
-2.0,1,2.07125
-2.0,1,2.073984
-2.0,1,2.076757
-2.0,1,2.079514
-2.0,1,2.082248
-2.0,1,2.084996
-2.0,1,2.08785
-2.0,1,2.090585
-2.0,1,2.093349
-2.0,1,2.096114
-2.0,1,2.098884
-2.0,1,2.101625
-2.0,1,2.104372
-2.0,1,2.107187
-2.0,1,2.109941
-2.0,1,2.112856
-2.0,1,2.1156
-2.0,1,2.118354
-2.0,1,2.121111
-2.0,1,2.123856
-2.0,1,2.126612
-2.0,1,2.12936
-2.0,1,2.132165
-2.0,1,2.134923
-2.0,1,2.137656
-2.0,1,2.140408
-2.0,1,2.143162
-2.0,1,2.145899
-2.0,1,2.148704
-2.0,1,2.151472
-2.0,1,2.154277
-2.0,1,2.157082
-2.0,1,2.159845
-2.0,1,2.162601
-2.0,1,2.165369
-2.0,1,2.168148
-2.0,1,2.170924
-2.0,1,2.173682
-2.0,1,2.176455
-2.0,1,2.179215
-2.0,1,2.181958
-2.0,1,2.184722
-2.0,1,2.187494
-2.0,1,2.190288
-2.0,1,2.19305
-2.0,1,2.195818
-2.0,1,2.198565
-2.0,1,2.201334
-2.0,1,2.204193
-2.0,1,2.206972
-2.0,1,2.20972
-2.0,1,2.212481
-2.0,1,2.215327
-2.0,1,2.218114
-2.0,1,2.220941
-2.0,1,2.223699
-2.0,1,2.226451
-2.0,1,2.229223
-2.0,1,2.232024
-2.0,1,2.234765
-2.0,1,2.237538
-2.0,1,2.240296
-2.0,1,2.243084
-2.0,1,2.245824
-2.0,1,2.248584
-2.0,1,2.251361
-2.0,1,2.254081
-2.0,1,2.256853
-2.0,1,2.259647
-2.0,1,2.262391
-2.0,1,2.265154
-2.0,1,2.267912
-2.0,1,2.270647
-2.0,1,2.273479
-2.0,1,2.276252
-2.0,1,2.279041
-2.0,1,2.281782
-2.0,1,2.284534
-2.0,1,2.287314
-2.0,1,2.290065
-2.0,1,2.292839
-2.0,1,2.295612
-2.0,1,2.298401
-2.0,1,2.301173
-2.0,1,2.303943
-2.0,1,2.306811
-2.0,1,2.309563
-2.0,1,2.312326
-2.0,1,2.315145
-2.0,1,2.317895
-2.0,1,2.320662
-2.0,1,2.323412
-2.0,1,2.326154
-2.0,1,2.328913
-2.0,1,2.331712
-2.0,1,2.334484
-2.0,1,2.33725
-2.0,1,2.340006
-2.0,1,2.342733
-2.0,1,2.345643
-2.0,1,2.348415
-2.0,1,2.351165
-2.0,1,2.353913
-2.0,1,2.356772
-2.0,1,2.359544
-2.0,1,2.362276
-2.0,1,2.365028
-2.0,1,2.367787
-2.0,1,2.370469
-2.0,1,2.373083
-2.0,1,2.3757
-2.0,1,2.378399
-2.0,1,2.381178
-2.0,1,2.38397
-2.0,1,2.386866
-2.0,1,2.389646
-2.0,1,2.392353
-2.0,1,2.395121
-2.0,1,2.397953
-2.0,1,2.400744
-2.0,1,2.403531
-2.0,1,2.406324
-2.0,1,2.409085
-2.0,1,2.411839
-2.0,1,2.41458
-2.0,1,2.417332
-2.0,1,2.420102
-2.0,1,2.422847
-2.0,1,2.425602
-2.0,1,2.428429
-2.0,1,2.431249
-2.0,1,2.434002
-2.0,1,2.436762
-2.0,1,2.439614
-2.0,1,2.442386
-2.0,1,2.445157
-2.0,1,2.447922
-2.0,1,2.450667
-2.0,1,2.453427
-2.0,1,2.45619
-2.0,1,2.459024
-2.0,1,2.461779
-2.0,1,2.464584
-2.0,1,2.467426
-2.0,1,2.470177
-2.0,1,2.473015
-2.0,1,2.475801
-2.0,1,2.478536
-2.0,1,2.481353
-2.0,1,2.484126
-2.0,1,2.48688
-2.0,1,2.489627
-2.0,1,2.492493
-2.0,1,2.495284
-2.0,1,2.498036
-2.0,1,2.500686
-2.0,1,2.503548
-2.0,1,2.506292
-2.0,1,2.509052
-2.0,1,2.511897
-2.0,1,2.514736
-2.0,1,2.517518
-2.0,1,2.520288
-2.05,2,2.525862
-2.0,1,2.528629
-2.0,1,2.53139
-2.0,1,2.534145
-2.0,1,2.536911
-2.0,1,2.539666
-2.0,1,2.542401
-2.0,1,2.545169
-2.0,1,2.547928
-2.0,1,2.550683
-2.0,1,2.553453
-2.0,1,2.556228
-2.0,1,2.559104
-2.0,1,2.561855
-2.0,1,2.564635
-2.0,1,2.567402
-2.0,1,2.570148
-2.0,1,2.572923
-2.0,1,2.575692
-2.0,1,2.578419
-2.0,1,2.581182
-2.0,1,2.583948
-2.0,1,2.586694
-2.0,1,2.589438
-2.0,1,2.592229
-2.0,1,2.595009
-2.0,1,2.597757
-2.0,1,2.60059
-2.0,1,2.60335
-2.0,1,2.606082
-2.0,1,2.608945
-2.0,1,2.611712
-2.0,1,2.615069
-2.0,1,2.6179
-2.0,1,2.620734
-2.0,1,2.623546
-2.0,1,2.6264
-2.0,1,2.629181
-2.0,1,2.63201
-2.0,1,2.634774
-2.0,1,2.637568
-2.0,1,2.640366
-2.0,1,2.643251
-2.0,1,2.646033
-2.0,1,2.648855
-2.0,1,2.65167
-2.0,1,2.654446
-2.0,1,2.657251
-2.0,1,2.66005
-2.0,1,2.662837
-2.0,1,2.665609
-2.0,1,2.668398
-2.0,1,2.671188
-2.0,1,2.673941
-2.0,1,2.676732
-2.0,1,2.679523
-2.0,1,2.682302
-2.0,1,2.685135
-2.0,1,2.688012
-2.0,1,2.690778
-2.0,1,2.693519
-2.0,1,2.696287
-2.0,1,2.699042
-2.0,1,2.701776
-2.0,1,2.70454
-2.0,1,2.707295
-2.0,1,2.710043
-2.0,1,2.712797
-2.0,1,2.715545
-2.0,1,2.718302
-2.0,1,2.721059
-2.0,1,2.723814
-2.0,1,2.72656
-2.0,1,2.729478
-2.0,1,2.732275
-2.0,1,2.735047
-2.0,1,2.737837
-2.0,1,2.740609
-2.0,1,2.74339
-2.0,1,2.746143
-2.0,1,2.748914
-2.0,1,2.751685
-2.0,1,2.754453
-2.0,1,2.757216
-2.0,1,2.760006
-2.0,1,2.76277
-2.0,1,2.765529
-2.0,1,2.768297
-2.0,1,2.771177
-2.0,1,2.77398
-2.0,1,2.776764
-2.0,1,2.779564
-2.0,1,2.782335
-2.0,1,2.785222
-2.0,1,2.788146
-2.0,1,2.791069
-2.0,1,2.793818
-2.0,1,2.796575
-2.0,1,2.799388
-2.0,1,2.802193
-2.0,1,2.804956
-2.0,1,2.807733
-2.0,1,2.810511
-2.0,1,2.813637
-2.0,1,2.816385
-2.0,1,2.819053
-2.0,1,2.821666
-2.0,1,2.824286
-2.0,1,2.826941
-2.0,1,2.829576
-2.0,1,2.832198
-2.0,1,2.834826
-2.0,1,2.837432
-2.0,1,2.840048
-2.0,1,2.842661
-2.0,1,2.845416
-2.0,1,2.848243
-2.0,1,2.851063
-2.0,1,2.853823
-2.0,1,2.856843
-2.0,1,2.85987
-2.0,1,2.862689
-2.0,1,2.865462
-2.0,1,2.868277
-2.0,1,2.871062
-2.0,1,2.873841
-2.0,1,2.87661
-2.0,1,2.879386
-2.0,1,2.882145
-2.0,1,2.884926
-2.0,1,2.887708
-2.0,1,2.890484
-2.0,1,2.893318
-2.0,1,2.896092
-2.0,1,2.899073
-2.0,1,2.901876
-2.0,1,2.904655
-2.0,1,2.907435
-2.0,1,2.910209
-2.0,1,2.912983
-2.0,1,2.915748
-2.0,1,2.918511
-2.0,1,2.921298
-2.0,1,2.924087
-2.0,1,2.926876
-2.0,1,2.929646
-2.0,1,2.932418
-2.0,1,2.935223
-2.0,1,2.937988
-2.0,1,2.940894
-2.0,1,2.943862
-2.0,1,2.9468
-2.0,1,2.949715
-2.0,1,2.952647
-2.0,1,2.95559
-2.0,1,2.958548
-2.0,1,2.961474
-2.0,1,2.964406
-2.0,1,2.967333
-2.0,1,2.970241
-2.0,1,2.973162
-2.0,1,2.976089
-2.0,1,2.979048
-2.0,1,2.981977
-2.0,1,2.984991
-2.0,1,2.987944
-2.0,1,2.990909
-2.0,1,2.993794
-2.0,1,2.996716
-2.0,1,2.99964
-2.0,1,3.002544
-2.0,1,3.005526
-2.0,1,3.00845
-2.0,1,3.011378
-2.0,1,3.0143
-2.0,1,3.01723
-2.0,1,3.020156
-2.0,1,3.023098
-2.0,1,3.026131
-2.0,1,3.0291
-2.0,1,3.032062
-2.0,1,3.035036
-2.0,1,3.037992
-2.0,1,3.041
-2.0,1,3.043934
-2.0,1,3.046861
-2.0,1,3.049777
-2.0,1,3.052705
-2.0,1,3.055631
-2.0,1,3.058545
-2.0,1,3.061495
-2.0,1,3.064479
-2.0,1,3.067439
-2.0,1,3.070424
-2.0,1,3.073348
-2.0,1,3.076279
-2.0,1,3.079216
-2.0,1,3.082176
-2.0,1,3.08514
-2.0,1,3.088123
-2.0,1,3.09112
-2.0,1,3.094065
-2.0,1,3.097027
-2.0,1,3.099963
-2.0,1,3.1029
-2.0,1,3.105815
-2.0,1,3.108767
-2.0,1,3.111813
-2.0,1,3.11473
4.0,1,25.030669
-2.0,1,25.033649
-2.0,1,25.036597
4.0,1,25.039567
4.0,1,25.042604
3.75,2,25.048335
-2.0,1,25.051041
3.75,2,25.056542
4.0,1,25.059401
3.75,2,25.065265
-2.0,1,25.068162
-2.05,2,25.073695
4.0,1,25.076756
4.0,1,25.079694
4.0,1,25.082554
4.0,1,25.085596
4.0,1,25.08848
-2.0,1,25.091313
-2.0,1,25.094344
4.0,1,25.097289
3.75,2,25.102952
3.75,2,25.108635
3.75,2,25.114409
4.0,1,25.117348
-2.0,1,25.120268
4.0,1,25.12314
4.0,1,25.126013
-2.0,1,25.128963
-2.0,1,25.131846
-2.0,1,25.134702
4.0,1,25.13761
-2.0,1,25.140443
-2.0,1,25.143339
4.0,1,25.146365
4.0,1,25.149243
-2.0,1,25.152035
-2.0,1,25.154964
3.75,2,25.160749
4.0,1,25.163642
-2.0,1,25.166409
4.0,1,25.169462
-2.0,1,25.172407
-2.0,1,25.175274
-2.0,1,25.17812
3.75,2,25.183953
3.75,2,25.189614
3.75,2,25.195486
-2.05,2,25.201184
-2.0,1,25.204009
-2.0,1,25.206961
4.0,1,25.209903
-2.0,1,25.212874
-2.0,1,25.215769
-2.0,1,25.218592
4.0,1,25.221378
-2.0,1,25.224187
3.75,2,25.229977
4.0,1,25.232821
4.0,1,25.235724
-2.0,1,25.238544
4.0,1,25.241438
3.75,2,25.247304
-2.0,1,25.250138
4.0,1,25.25313
-2.05,2,25.258944
-2.0,1,25.261743
-2.0,1,25.264661
3.75,2,25.270438
4.0,1,25.273269
-2.05,2,25.279077
3.75,2,25.284761
-2.05,2,25.290462
4.0,1,25.293404
-2.0,1,25.296201
4.0,1,25.299559
-2.0,1,25.302465
-2.0,1,25.305573
3.75,2,25.312018
4.0,1,25.315103
4.0,1,25.318209
4.0,1,25.321264
3.75,2,25.327495
3.75,2,25.333498
4.0,1,25.336674
4.0,1,25.339705
-2.05,2,25.345956
3.75,2,25.352213
4.0,1,25.355428
4.0,1,25.358626
-2.0,1,25.361949
-2.05,2,25.368069
4.0,1,25.371199
4.0,1,25.374191
-2.05,2,25.380213
4.0,1,25.383441
-2.05,2,25.389521
4.0,1,25.392592
-2.0,1,25.395626
3.75,2,25.401713
4.0,1,25.404731
-2.05,2,25.410813
4.0,1,25.414029
4.0,1,25.417164
4.0,1,25.420186
4.0,1,25.423293
-2.05,2,25.429576
4.0,1,25.432733
4.0,1,25.435873
-2.05,2,25.441957
3.75,2,25.448201
-2.0,1,25.45134
3.75,2,25.457481
-2.0,1,25.460538
-2.05,2,25.466579
-2.0,1,25.469712
3.75,2,25.475918
4.0,1,25.478969
4.0,1,25.482048
4.0,1,25.485164
4.0,1,25.488165
4.0,1,25.491151
3.75,2,25.497219
3.75,2,25.503418
-2.0,1,25.506381
4.0,1,25.509547
3.75,2,25.51588
4.0,1,25.518918
-2.0,1,25.52199
3.75,2,25.528133
-2.0,1,25.531041
-2.0,1,25.53419
4.0,1,25.537419
4.0,1,25.54041
3.75,2,25.546571
3.75,2,25.552579
-2.05,2,25.55881
3.75,2,25.56495
4.0,1,25.568047
-2.05,2,25.57416
-2.05,2,25.580243
-2.0,1,25.583373
4.0,1,25.586553
-2.0,1,25.58953
4.0,1,25.592572
-2.05,2,25.598716
3.75,2,25.605024
4.0,1,25.608133
3.75,2,25.614363
4.0,1,25.617489
4.0,1,25.620692
4.0,1,25.623838
4.0,1,25.627002
3.75,2,25.633253
-2.0,1,25.636304
-2.05,2,25.642805
4.0,1,25.646024
3.75,2,25.652262
-2.0,1,25.655468
-2.0,1,25.658401
3.75,2,25.664637
-2.0,1,25.667767
4.0,1,25.670972
4.0,1,25.674061
-2.0,1,25.677186
-2.05,2,25.683599
-2.0,1,25.686678
4.0,1,25.689941
-2.0,1,25.693063
-2.05,2,25.69939
3.75,2,25.705649
3.75,2,25.711885
3.75,2,25.71813
3.75,2,25.724323
3.75,2,25.730645
3.75,2,25.736803
3.75,2,25.742955
-2.05,2,25.74912
3.75,2,25.755138
-2.05,2,25.761223
3.75,2,25.767473
3.75,2,25.773882
4.0,1,25.777056
3.75,2,25.783402
4.0,1,25.786506
4.0,1,25.789582
-2.05,2,25.795712
4.0,1,25.798908
3.75,2,25.80519
4.0,1,25.808285
3.75,2,25.814694
3.75,2,25.820848
-2.0,1,25.82388
3.75,2,25.830116
3.75,2,25.836392
-2.0,1,25.839477
-2.05,2,25.8458
-2.0,1,25.848792
-2.0,1,25.851956
-2.0,1,25.855056
-2.0,1,25.858195
4.0,1,25.861408
3.75,2,25.867622
3.75,2,25.873786
-2.05,2,25.88003
-2.05,2,25.886243
-2.0,1,25.889274
3.75,2,25.895605
-2.0,1,25.898692
-2.0,1,25.902098
-2.0,1,25.905233
-2.0,1,25.908376
4.0,1,25.911526
3.75,2,25.917708
-2.0,1,25.920776
3.75,2,25.926945
-2.0,1,25.929962
-2.05,2,25.935949
-2.05,2,25.942174
3.75,2,25.948447
-2.05,2,25.954507
-2.0,1,25.95767
4.0,1,25.960821
3.75,2,25.967225
4.0,1,25.970547
-2.05,2,25.977072
4.0,1,25.980448
-2.0,1,25.984081
4.0,1,25.987221
4.0,1,25.990376
-2.05,2,25.996974
4.0,1,26.000381
-2.05,2,26.006992
-2.05,2,26.01345
3.75,2,26.020053
-2.0,1,26.023444
3.75,2,26.030173
4.0,1,26.033435
4.0,1,26.036788
-2.0,1,26.040075
3.75,2,26.046659
-2.0,1,26.050003
3.75,2,26.056695
-2.0,1,26.059972
3.75,2,26.066571
4.0,1,26.070028
4.0,1,26.073367
-2.0,1,26.076633
4.0,1,26.080007
3.75,2,26.08667
3.75,2,26.093352
-2.0,1,26.096554
4.0,1,26.099916
3.75,2,26.106741
3.75,2,26.113569
4.0,1,26.116911
-2.05,2,26.123428
3.75,2,26.129946
3.75,2,26.136382
4.0,1,26.13973
-2.05,2,26.146233
-2.05,2,26.153095
4.0,1,26.156476
3.75,2,26.163082
-2.0,1,26.166322
4.0,1,26.169729
4.0,1,26.172993
4.0,1,26.176246
-2.05,2,26.182688
4.0,1,26.186031
4.0,1,26.189385
-2.0,1,26.192615
-2.05,2,26.199298
-2.0,1,26.202585
4.0,1,26.205981
-2.0,1,26.209221
4.0,1,26.212582
-2.05,2,26.21895
-2.0,1,26.222233
4.0,1,26.225544
4.0,1,26.228842
3.75,2,26.235379
4.0,1,26.238709
3.75,2,26.245406
-2.0,1,26.248653
4.0,1,26.251939
4.0,1,26.255168
4.0,1,26.25832
4.0,1,26.261551
3.75,2,26.268013
-2.05,2,26.274574
-2.05,2,26.281328
-2.0,1,26.284764
4.0,1,26.288059
4.0,1,26.29152
3.75,2,26.298693
4.0,1,26.30205
4.0,1,26.305456
-2.0,1,26.30877
-2.0,1,26.312357
-2.0,1,26.315889
3.75,2,26.322914
4.0,1,26.326328
-2.0,1,26.329571
4.0,1,26.332937
4.0,1,26.336225
4.0,1,26.339503
4.0,1,26.342827
3.75,2,26.349375
-2.0,1,26.35261
4.0,1,26.355969
4.0,1,26.359214
4.0,1,26.362487
3.75,2,26.369026
-2.05,2,26.375501
-2.0,1,26.378843
3.75,2,26.385441
4.0,1,26.388687
4.0,1,26.391895
3.75,2,26.398335
-2.0,1,26.40153
3.75,2,26.408171
3.75,2,26.414859
-2.05,2,26.421583
3.75,2,26.428149
4.0,1,26.431436
-2.05,2,26.437952
-2.0,1,26.441278
-2.0,1,26.444569
-2.0,1,26.447805
4.0,1,26.451251
3.75,2,26.457874
4.0,1,26.461235
3.75,2,26.467787
4.0,1,26.471071
3.75,2,26.477584
3.75,2,26.484101
3.75,2,26.490651
4.0,1,26.493937
-2.0,1,26.497254
3.75,2,26.503822
-2.0,1,26.506999
4.0,1,26.510211
-2.0,1,26.513541
3.75,2,26.520151
4.0,1,26.523269
4.0,1,26.526572
4.0,1,26.529822
3.75,2,26.5364
-2.05,2,26.54294
3.75,2,26.549644
3.75,2,26.556184
3.75,2,26.562663
3.75,2,26.569198
4.0,1,26.572485
3.75,2,26.579124
-2.05,2,26.585589
-2.05,2,26.592218
3.75,2,26.59882
3.75,2,26.605275
-2.05,2,26.611664
-2.0,1,26.61486
3.75,2,26.621602
-2.0,1,26.624809
-2.0,1,26.627978
4.0,1,26.631165
-2.0,1,26.634345
3.75,2,48.821726
3.75,2,48.82846
3.75,2,48.834773
4.0,1,48.837852
6.0,1,48.842422
4.0,1,48.845481
3.75,2,48.851353
-4.583333,18,48.902947
6.0,1,48.905791
4.0,1,48.908654
-2.55,4,48.9201
4.0,1,48.923029
4.0,1,48.925857
6.0,1,48.928699
4.0,1,48.93153
-2.3,3,48.940076
-2.0,1,48.942951
6.0,1,48.94581
5.75,2,48.951803
5.75,2,48.957702
4.0,1,48.960733
-4.583333,18,49.016901
-4.583333,18,49.070814
5.75,2,49.077095
-2.0,1,49.08018
-4.583333,18,49.149476
4.0,1,49.152732
4.0,1,49.155867
-4.583333,18,49.211794
-4.583333,18,49.26634
4.0,1,49.269327
-5.05,14,49.312736
4.0,1,49.316008
4.0,1,49.319229
-4.583333,18,49.375585
6.0,1,49.378693
-4.8,13,49.419182
-2.3,3,49.428346
-4.05,10,49.459319
-4.583333,18,49.517348
4.0,1,49.520701
-4.583333,18,49.580379
-4.583333,18,49.643094
4.0,1,49.646521
3.75,2,49.653314
-4.583333,18,49.714534
5.75,2,49.721339
5.75,2,49.728004
3.75,2,49.734669
3.75,2,49.741414
-4.583333,18,49.800296
6.0,1,49.803406
3.75,2,49.809475
6.0,1,49.812535
-2.0,1,49.81561
6.0,1,49.818677
-4.583333,18,49.875963
4.0,1,49.879096
-4.583333,18,49.935849
-4.583333,18,49.99178
4.0,1,49.994949
-4.583333,18,50.05394
4.0,1,50.057271
3.75,2,50.063874
3.75,2,50.070172
3.75,2,50.076524
6.0,1,50.079734
-2.3,3,50.089509
3.75,2,50.095747
3.75,2,50.101891
4.0,1,50.104996
4.0,1,50.108086
4.0,1,50.111206
3.75,2,50.117306
4.0,1,50.120446
-4.583333,18,50.176484
-4.583333,18,50.233116
6.0,1,50.23623
5.75,2,50.242371
-2.0,1,50.24568
-2.3,3,50.255085
4.0,1,50.258465
-4.583333,18,50.310848
-4.583333,18,50.362133
-6.05,18,50.413338
6.0,1,50.416228
4.95,6,73.124324
6.0,1,73.126922
3.75,2,73.13218
-2.35,4,73.142297
3.3,15,73.179905
4.0,1,73.182375
6.0,1,73.184857
4.0,1,73.187379
5.75,2,73.192441
6.0,1,73.194963
-2.05,2,73.199908
4.0,1,73.20247
3.75,2,73.207626
-2.0,1,73.210182
4.95,6,73.225649
6.0,1,73.228233
5.9,3,73.235842
5.4,5,73.248502
5.7,3,73.256062
3.35,14,73.291546
3.75,2,73.296808
3.75,2,73.302276
3.75,2,73.307662
-2.0,1,73.310256
4.0,1,73.312987
6.0,1,73.31569
5.95,2,73.321006
4.15,10,73.347857
5.4,5,73.361116
6.0,1,73.363775
5.9,3,73.371762
5.75,2,73.377162
5.7,3,73.385286
5.35,6,73.401473
5.75,2,73.406827
4.0,1,73.409585
6.0,1,73.412233
5.9,3,73.420178
6.0,1,73.422875
-2.15,4,73.433435
5.95,2,73.438742
4.65,8,73.460061
5.7,3,73.468085
6.0,1,73.470739
-2.0,1,73.473334
5.2,5,73.486475
-2.85,6,73.502172
4.9,7,73.521158
5.95,2,73.526734
4.0,1,73.529475
6.0,1,73.532359
-2.0,1,73.535144
4.0,1,73.538132
6.0,1,73.541039
5.3,7,73.561262
6.0,1,73.564223
3.75,2,73.569949
4.65,8,73.592347
4.0,1,73.595118
4.0,1,73.597822
5.9,3,73.60605
5.95,2,73.611978
5.75,2,73.617608
5.95,2,73.623295
4.7,7,73.643004
-2.95,8,73.665733
-2.05,2,73.671466
5.05,8,73.693885
5.95,2,73.699494
3.75,2,73.706569
-6.4,32,73.792424
-3.95,12,73.824947
3.75,2,73.830506
7.1,7,73.849573
-2.35,4,73.860298
-5.6,32,73.947955
-6.8,32,74.033674
8.0,1,74.036373
8.0,1,74.038924
-6.6,32,74.12482
4.0,1,74.127501
-5.2,32,74.21832
-5.6,32,74.311463
5.9,3,74.320557
4.1,23,74.393253
-6.0,32,74.503776
5.75,2,74.510772
4.0,1,74.514333
-6.7,27,97.779387
7.75,2,97.783435
-2.05,2,97.787561
-2.0,1,97.789539
4.0,1,97.791769
7.1,7,97.806026
6.1,11,97.829001
-4.6,32,97.900725
5.45,4,97.910014
7.95,2,97.91472
-4.8,32,97.99217
8.0,1,97.99449
7.3,7,98.011925
3.75,2,98.016767
-2.1,3,98.023972
7.8,5,98.036099
-2.0,1,98.038541
3.75,2,98.043256
-2.0,1,98.045691
7.5,7,98.06257
4.25,32,98.137088
6.95,10,98.161703
-2.05,2,98.166482
6.5,11,98.193625
-2.1,3,98.20099
4.0,1,98.203468
7.85,4,98.213114
7.0,9,98.235058
-2.0,1,98.237497
-2.0,1,98.239978
7.9,3,98.247583
7.9,3,98.254928
7.8,5,98.26745
-2.05,2,98.272438
7.55,6,98.28716
7.65,4,98.296821
4.0,1,98.299282
3.75,2,98.305063
6.0,1,98.307674
7.9,3,98.315217
-2.0,1,98.31806
7.75,2,98.323112
-5.0,32,98.404073
-2.55,4,98.414041
7.8,5,98.425635
6.0,1,98.427928
-3.8,32,98.507515
5.95,2,98.512642
7.25,8,98.533066
5.65,4,98.543003
-2.1,3,98.550447
7.95,2,98.55566
7.3,7,98.573001
-2.0,1,98.575343
4.0,1,98.577704
7.55,6,98.592162
-4.0,32,98.673047
8.0,1,98.675611
-2.0,1,98.678128
5.95,2,98.683181
7.1,7,98.700727
6.95,6,98.715832
-2.0,1,98.718262
-2.85,6,98.733695
5.5,23,98.791507
-6.0,32,98.873322
6.55,10,98.899721
3.75,2,98.905055
3.75,2,98.910823
7.6,5,98.924444
7.6,5,98.938389
7.75,2,98.944102
6.65,12,98.9763
7.9,3,98.985013
5.85,12,121.90687
4.0,1,121.909539
-2.0,1,121.912131
3.75,2,121.917561
4.45,20,121.971979
-2.05,2,121.977417
6.0,1,121.980229
5.75,2,121.985767
6.75,10,122.01306
-2.0,1,122.015697
5.75,2,122.021149
6.8,9,122.045258
-2.0,1,122.048037
-5.6,32,122.134556
7.0,9,122.159212
-4.25,14,122.197298
6.9,7,122.217424
4.0,1,122.220377
5.95,18,122.273098
5.75,14,122.315814
7.9,3,122.325483
7.5,7,122.348082
6.9,11,122.381042
7.9,3,122.390771
6.0,1,122.394
4.0,1,122.39708
7.25,8,122.421421
7.85,4,122.43377
7.9,3,122.443167
7.65,4,122.455549
6.95,6,122.473758
7.95,2,122.479919
4.05,28,122.567001
7.9,3,122.576235
7.15,6,122.594405
8.0,1,122.597432
5.95,2,122.60359
6.55,10,122.633721
7.65,4,122.646091
6.8,9,122.673402
7.9,3,122.682538
7.6,5,122.69765
7.2,5,122.713039
7.8,5,122.728256
7.55,6,122.746488
4.0,1,122.74965
7.55,6,122.767766
4.0,1,122.770767
8.0,1,122.773787
4.6,21,122.841448
6.45,12,122.884003
7.55,6,122.905391
5.9,3,122.916331
-2.0,1,122.919842
8.0,1,122.923351
7.3,7,122.947287
7.65,4,122.960636
7.75,2,122.967708
2.05,32,123.077026
8.0,1,123.080362
4.0,1,123.083573
-2.0,1,123.086721
7.35,6,123.107461
7.9,3,123.125149
-2.35,4,123.139915
-2.85,6,123.159926
7.9,3,123.170337
-2.0,1,123.174036
4.0,1,123.177709
7.6,5,123.19573
-2.05,2,123.204907
7.3,7,123.245243
5.95,2,123.257321
3.75,2,123.270041
4.0,1,123.275295
7.6,5,123.309746
7.25,8,123.347762
7.5,7,123.379969
6.0,13,123.431426
7.85,4,123.446554
7.35,6,123.469665
5.95,14,123.524085
6.95,10,123.56698
-2.0,1,123.570413
7.1,7,123.595392
7.4,5,146.979337
-2.0,1,146.982962
6.25,12,147.033807
7.9,3,147.045962
5.75,2,147.053069
4.0,1,147.056602
5.45,4,147.071438
-2.0,1,147.075122
-2.0,1,147.079084
5.75,2,147.086224
5.95,2,147.093759
3.75,2,147.102434
-2.05,2,147.109383
7.8,5,147.127392
7.7,3,147.138076
7.4,5,147.155954
7.55,6,147.176849
7.7,7,147.199921
5.95,2,147.206253
6.8,9,147.235464
7.85,4,147.248986
7.5,7,147.272171
-2.05,2,147.278702
7.95,2,147.285842
6.9,7,147.30932
8.0,1,147.312837
4.0,1,147.316177
5.5,15,147.364909
5.75,2,147.371555
4.0,1,147.374734
-2.9,7,147.39731
5.75,2,147.40387
-2.0,1,147.407063
5.75,2,147.413717
7.65,4,147.426849
7.6,5,147.443012
-2.0,1,147.446194
5.75,2,147.45272
5.95,2,147.459502
7.95,2,147.465982
7.4,9,147.495424
7.55,6,147.515195
7.95,2,147.521833
8.0,1,147.52509
6.0,1,147.528402
5.9,3,147.53833
3.75,2,147.545238
7.9,3,147.555169
7.85,4,147.568599
7.9,3,147.578671
-6.05,26,147.66478
4.0,1,147.668211
7.95,2,147.674803
7.95,2,147.681646
6.75,10,147.715751
7.9,3,147.725336
-2.0,1,147.728649
7.65,4,147.741912
4.0,1,147.745165
7.15,6,147.765242
7.7,3,147.775139
7.95,2,147.78159
7.8,5,147.798032
7.85,4,147.811089
8.0,1,147.814346
7.6,5,147.830834
-2.0,1,147.834008
7.55,6,147.853372
7.55,6,147.872992
5.65,16,147.922563
5.9,3,147.931716
7.65,4,147.943878
7.9,3,147.952912
7.75,2,147.958923
5.95,2,147.964875
8.0,1,147.968182
7.95,2,147.974389
6.95,10,148.005001
5.95,2,148.011381
7.85,4,148.023474
7.85,4,148.035782
7.95,2,148.0419
7.6,5,148.057268
-2.2,5,148.072845
6.85,8,148.097758
6.6,9,148.1257
7.35,6,148.144428
-2.0,1,148.147532
7.3,7,148.168811
7.55,6,148.187478
7.9,3,148.196759
7.9,3,148.206304
7.25,8,148.231306
5.95,2,148.237574
4.0,1,148.240722
7.75,2,148.246998
-2.05,2,148.25304
5.7,15,148.299262
-2.0,1,148.302334
4.0,1,148.305461
7.9,3,148.31477
-2.0,1,148.317846
8.0,1,148.321019
6.9,11,148.355224
6.7,11,148.388744
7.6,5,148.404031
4.0,1,148.407204
-2.05,2,148.413311
6.0,1,148.416515
-2.0,1,148.419566
7.75,2,148.425726
7.4,9,148.452902
7.55,6,148.471181
5.75,2,148.4773
7.8,5,148.492804
7.9,3,148.502205
7.85,4,148.514512
7.95,2,148.520737
-2.0,1,148.523834
7.8,5,148.539565
7.85,4,148.551837
7.8,5,148.567517
-2.0,1,148.570643
-2.0,1,148.573757
6.0,13,148.613658
7.75,6,148.632355
-2.0,1,170.601352
6.0,1,170.604516
8.0,1,170.607608
7.95,2,170.613711
7.9,3,170.622846
-2.0,1,170.625911
7.85,4,170.638267
8.0,1,170.64139
7.5,7,170.662568
8.0,1,170.66566
6.35,10,170.696324
7.7,3,170.705386
7.95,2,170.711599
7.8,5,170.726911
4.0,1,170.729905
6.0,1,170.73298
7.8,5,170.748509
7.9,3,170.757784
6.85,8,170.781537
7.95,2,170.787381
7.95,2,170.793208
3.75,2,170.799449
7.9,3,170.808624
-2.0,1,170.811599
3.75,2,170.817808
5.95,2,170.823823
7.9,3,170.833175
7.15,10,170.863783
7.6,5,170.878967
6.0,1,170.882114
7.95,2,170.888223
7.0,9,170.915825
8.0,1,170.918925
7.9,3,170.928754
8.0,1,170.93186
7.95,2,170.937938
7.25,8,170.962135
7.85,4,170.97389
-2.05,2,170.979541
7.9,3,170.988424
7.9,3,170.99734
-2.55,4,171.0094
7.35,6,171.027104
-2.0,1,171.029988
7.95,2,171.035975
7.9,3,171.044699
5.4,5,171.059508
7.9,3,171.068249
7.65,4,171.079755
7.9,3,171.088869
-2.0,1,171.091772
8.0,1,171.09508
7.9,3,171.104021
5.95,2,171.109793
-2.0,1,171.112794
7.9,3,171.121527
7.85,4,171.133162
7.8,5,171.147897
7.5,7,171.16795
6.0,1,171.17083
6.0,1,171.173716
4.0,1,171.176787
7.9,3,171.185488
5.95,2,171.191215
6.0,1,171.194113
7.8,5,171.208576
6.85,12,171.244049
7.6,5,171.258803
8.0,1,171.26173
7.85,4,171.273849
7.95,2,171.279942
5.95,2,171.285865
8.0,1,171.288788
5.95,2,171.294708
7.25,8,171.318495
7.3,7,171.339279
7.9,3,171.348359
7.9,3,171.357098
8.0,1,171.360308
4.0,1,171.363214
7.85,4,171.374108
7.85,4,171.385436
6.95,10,171.413882
-2.0,1,171.416628
7.95,2,171.422236
7.1,11,171.453134
6.3,11,171.483434
-2.5,7,171.502741
7.9,3,171.51113
4.0,1,171.51387
4.0,1,171.516645
-2.0,1,171.519411
8.0,1,171.52224
7.9,3,171.530356
-2.0,1,171.533192
7.1,7,171.553015
-2.0,1,171.555808
6.75,10,171.584565
7.85,4,171.595274
-2.05,2,171.600602
7.9,3,171.608812
7.85,4,171.619588
7.95,2,171.624941
7.9,3,171.633071
4.0,1,171.635855
-2.0,1,171.638465
7.8,5,171.652107
-2.0,1,171.654697
7.75,6,171.671535
7.8,5,171.685102
7.85,4,171.696008
7.95,2,171.701459
7.9,3,171.709766
7.95,2,171.715233
5.3,19,171.767912
6.0,1,171.770691
7.6,5,171.784215
7.9,3,171.79209
7.95,2,171.797236
7.8,5,171.810926
7.95,2,171.816257
5.95,2,171.821837
7.85,4,171.832499
7.55,6,171.848909
7.95,2,171.854488
7.95,2,171.859937
-2.0,1,171.862777
4.0,1,171.865625
7.8,5,171.879779
7.9,3,171.888086
6.0,1,171.890744
4.0,1,171.893729
8.0,1,171.89642
4.6,17,171.945474
7.9,3,171.954062
8.0,1,171.956831
-3.15,8,171.980171
7.75,2,171.986287
8.0,1,171.989391
7.95,2,171.995259
6.05,16,172.042073
6.9,11,172.07391
7.9,3,172.082757
7.8,5,195.032282
7.9,3,195.040926
-6.55,28,195.201936
-8.65,50,195.337511
-8.65,50,195.480874
-7.25,50,195.624709
-2.05,2,195.630522
-4.95,20,195.687537
-8.65,50,195.831073
6.0,1,195.833985
-9.45,50,195.986974
-8.05,50,196.144421
9.85,4,196.156594
5.9,3,196.165593
-4.65,18,196.220198
-3.25,10,196.251241
-4.35,20,196.312292
-11.85,50,196.453979
-2.0,1,196.456828
7.95,2,196.462588
7.8,17,220.33242
-2.0,1,220.335849
7.85,4,220.349942
9.9,3,220.360409
5.9,3,220.371133
4.0,1,220.374844
-2.05,2,220.381859
7.8,5,220.399368
9.85,4,220.413293
9.75,6,220.434117
8.0,17,220.49175
9.7,7,220.51417
9.55,6,220.533231
8.7,19,220.594253
9.7,7,220.616773
9.95,2,220.623226
7.95,18,220.683416
6.0,1,220.686646
9.6,5,220.702866
9.05,12,220.742186
9.8,5,220.75859
4.0,1,220.761864
9.0,9,220.791105
6.0,1,220.794322
9.75,6,220.814088
9.95,2,220.820598
4.0,1,220.8239
-2.0,1,220.827083
9.65,8,220.853849
9.85,4,220.866862
9.75,6,220.887602
9.8,5,220.904075
9.65,8,220.930764
7.0,25,221.012046
9.8,5,221.028463
9.7,7,221.051341
8.4,13,221.094213
9.6,5,221.110744
8.15,18,221.169918
9.5,7,221.193098
5.4,29,221.288409
9.7,3,221.298189
7.65,4,221.311302
8.2,17,221.366477
9.55,6,221.386052
9.9,3,221.395832
9.75,6,221.415958
7.0,25,221.499936
9.4,9,221.52967
9.0,17,221.585368
-2.0,1,221.588564
9.7,7,221.611622
9.25,8,221.636572
9.85,4,221.648803
9.15,10,221.679698
9.2,9,221.707626
8.65,12,221.744472
9.6,5,221.759799
7.85,4,221.771929
9.65,4,221.784511
9.45,8,221.808784
-2.0,1,221.811737
9.4,9,221.838795
7.8,5,221.853282
8.2,13,221.892857
9.95,2,221.899011
8.95,10,221.931811
9.05,12,221.971333
9.9,3,221.981331
9.9,3,221.991122
9.75,6,244.241309
5.9,3,244.249485
7.9,3,244.258047
7.3,23,244.32192
9.65,8,244.343788
9.75,6,244.360347
10.0,1,244.363055
9.8,5,244.377211
9.7,7,244.396511
7.85,4,244.407564
9.8,5,244.421476
9.65,8,244.443843
10.0,1,244.44666
8.0,1,244.449483
6.0,1,244.452284
6.0,1,244.454873
9.8,5,244.468619
4.0,1,244.47143
10.0,1,244.474114
9.85,4,244.485194
4.0,1,244.488045
8.1,19,244.543714
9.9,3,244.552526
7.85,16,244.600235
9.55,6,244.618032
-2.65,6,244.63585
9.2,9,244.662689
9.55,10,244.691842
9.3,7,244.71289
4.0,1,244.715786
8.3,15,244.760501
9.7,7,244.781629
9.85,4,244.793473
6.0,1,244.796409
8.0,1,244.799376
9.7,7,244.820264
9.4,9,244.846824
9.7,7,244.867398
9.55,6,244.885339
5.95,2,244.891205
4.0,1,244.894346
9.7,7,244.915594
9.8,5,244.930646
9.5,7,244.951401
9.45,8,244.975846
9.55,6,244.993956
9.25,8,245.017702
-2.05,2,245.023787
9.7,7,245.045249
4.65,32,245.140433
7.85,4,245.152195
9.25,8,245.176157
9.75,6,245.193804
9.75,6,245.211519
9.6,5,245.226271
8.95,10,245.255771
9.7,7,245.276483
4.0,1,245.279447
7.2,21,245.341738
9.75,6,245.359607
9.55,6,245.377434
-2.0,1,245.380422
9.1,7,245.401051
6.0,1,245.403979
7.95,2,245.409795
9.65,8,245.433656
-2.0,1,245.43655
5.95,2,245.442637
9.0,13,245.483706
9.75,6,245.502738
9.2,9,245.531188
8.95,10,245.563009
9.9,3,245.572513
9.65,8,245.597552
-2.0,1,245.600762
4.0,1,245.603943
8.25,16,245.654052
9.55,6,245.672466
-2.0,1,245.675686
7.85,4,245.688358
6.0,1,245.691602
9.25,8,245.716985
9.0,9,245.745446
9.15,10,268.371394
9.9,3,268.3798
8.55,14,268.41808
9.9,3,268.426409
-2.05,2,268.431948
9.85,4,268.443354
9.9,3,268.451844
9.75,6,268.468818
9.5,7,268.488519
6.0,1,268.491267
9.65,8,268.514372
9.15,10,268.546466
6.0,1,268.550303
9.85,4,268.563548
9.8,5,268.577517
-2.05,2,268.583225
-2.1,3,268.591789
9.75,6,268.608977
9.95,2,268.61611
9.7,3,268.624719
9.8,5,268.638956
9.7,7,268.658869
-2.2,5,268.673451
9.65,8,268.696124
9.95,2,268.701593
4.0,1,268.704458
9.7,7,268.724541
6.0,1,268.727424
9.35,10,268.755261
9.35,10,268.783278
9.8,5,268.797358
7.85,4,268.808841
4.0,1,268.811731
9.85,4,268.822985
9.85,4,268.834329
9.2,5,268.848571
-2.0,1,268.851366
6.0,1,268.854169
9.85,4,268.865581
-2.0,1,268.868453
2.85,48,269.007096
7.85,4,269.018609
9.6,9,269.043801
9.55,6,269.06062
9.05,8,269.083144
10.0,1,269.085974
9.9,3,269.094321
-4.8,32,269.188715
-2.0,1,269.19158
10.0,1,269.194713
9.8,5,269.20968
9.85,4,269.221667
9.9,3,269.230823
8.0,1,269.233815
9.7,7,269.25497
4.0,1,269.258
9.85,4,269.270051
9.35,10,269.300068
9.55,6,269.318196
8.8,17,269.368853
-2.0,1,269.371711
9.95,2,269.377587
9.5,7,269.398829
9.8,5,269.413966
9.7,7,269.434967
9.8,5,269.450111
9.9,3,269.459318
-2.0,1,269.462291
5.95,2,269.468331
7.85,4,269.480339
9.95,2,269.486516
8.9,11,269.519628
5.95,2,269.525603
6.0,1,269.528757
9.85,4,269.54083
7.9,3,269.550134
9.8,5,269.565333
9.1,11,269.599673
5.75,2,269.605861
9.9,3,269.615394
7.9,3,269.624708
9.4,5,269.640073
8.0,13,269.679561
9.55,6,269.698037
9.25,8,269.722278
-2.0,1,269.725213
5.95,2,269.731408
9.7,7,269.75278
-2.35,4,269.764582
-2.0,1,269.76757
9.75,6,269.785793
-2.05,2,269.79182
7.6,21,269.855433
9.65,8,293.358186
9.8,5,293.372093
7.2,21,293.432811
9.95,2,293.438573
7.8,5,293.453206
10.0,1,293.456651
10.0,1,293.459759
9.9,3,293.468546
9.8,5,293.483009
-2.0,1,293.485857
9.1,7,293.506835
-2.0,1,293.50969
9.75,6,293.527488
9.85,4,293.539156
9.35,6,293.557335
9.8,5,293.572226
9.25,12,293.607813
8.35,14,293.647702
9.85,4,293.659223
8.85,12,293.693654
9.95,2,293.699383
-2.2,5,293.715003
-11.116667,72,293.913346
-11.316667,72,294.111835
-12.516667,72,294.309176
9.95,2,294.314613
-13.716667,72,294.524434
5.95,2,294.530724
-2.25,6,294.550808
7.95,2,294.558459
-10.516667,72,294.887281
4.0,1,294.893711
10.9,11,318.274053
6.0,1,318.276809
11.65,8,318.298737
9.05,20,318.354169
-2.0,1,318.356924
9.8,25,318.425553
11.65,4,318.436788
11.8,5,318.450301
11.65,8,318.471978
11.8,5,318.485775
-2.05,2,318.491324
-2.3,7,318.510596
9.85,4,318.521898
9.9,19,318.573561
11.85,4,318.584713
10.3,19,318.636465
9.15,30,318.718915
11.4,13,318.75402
6.0,1,318.756683
11.85,4,318.767595
11.45,12,318.79968
11.3,11,318.829569
7.85,4,318.840222
9.85,20,318.897353
4.0,1,318.900367
9.5,15,318.944878
6.0,1,318.94787
4.0,1,318.950922
-2.0,1,318.953828
5.95,2,318.959767
9.8,21,319.0221
11.1,15,319.065167
-2.1,3,319.073431
4.0,1,319.076417
4.0,1,319.079367
7.95,2,319.085192
11.8,5,319.099595
11.6,9,319.125596
11.45,12,319.159945
11.6,9,319.185596
6.0,1,319.188502
11.35,10,319.217437
11.5,11,319.249287
4.4,57,319.415379
9.85,20,319.475925
11.05,12,319.511492
11.65,8,319.535484
10.85,16,319.582645
11.1,15,319.627982
5.95,2,319.634149
9.85,4,319.646144
11.6,9,319.672772
7.85,4,319.684773
11.4,13,319.724034
4.75,50,342.600771
-2.0,1,342.604108
10.05,20,342.668064
11.1,15,342.716946
7.9,3,342.7269
11.95,2,342.733436
11.7,7,342.755733
9.75,6,342.77482
11.2,13,342.81648
7.35,38,342.93906
4.0,1,342.942301
11.15,10,342.974027
11.7,7,342.996436
10.6,17,343.047292
10.75,14,343.089087
11.65,8,343.112575
10.65,16,343.160655
8.35,30,343.250827
11.85,4,343.263536
11.9,3,343.272791
-2.0,1,343.275781
11.7,7,343.296731
10.0,1,343.300079
11.65,8,343.324636
10.85,16,343.374146
8.45,32,343.472842
11.85,4,343.484891
11.2,13,343.526255
7.8,5,343.541952
7.9,3,343.551382
-2.1,3,343.561097
6.0,1,343.564342
11.35,10,343.595943
11.3,7,343.61836
10.95,14,343.663076
10.85,16,343.714111
11.25,12,343.752254
11.05,12,343.790234
11.35,10,343.822244
-2.15,4,343.835245
11.15,10,343.868569
11.7,7,343.891749
11.55,10,343.928606
11.8,5,343.949111
10.9,15,343.997649
11.4,9,344.026511
11.7,7,344.048777
5.95,2,344.055132
11.8,5,344.070359
11.55,10,366.992782
11.6,9,367.021421
-2.8,13,367.062876
6.0,1,367.066339
9.65,8,367.091508
11.4,9,367.119714
11.7,7,367.142601
11.5,11,367.179362
-2.0,1,367.182518
11.75,6,367.201264
11.5,11,367.236071
11.3,11,367.270633
11.15,14,367.315982
11.35,10,367.355339
11.85,4,367.372706
11.4,13,367.431169
6.0,1,367.435552
9.9,3,367.449282
11.35,10,367.493845
11.6,9,367.532842
-2.2,5,367.553254
-2.0,1,367.557269
-2.0,1,367.561254
11.25,8,367.593033
7.9,3,367.605247
9.8,5,367.625574
-2.25,6,367.651177
-2.15,4,367.668413
11.6,9,367.705163
10.8,13,367.757776
-2.0,1,367.761734
10.35,14,367.814295
9.8,17,367.877005
11.25,12,367.919289
10.3,19,367.985352
4.0,1,367.989061
11.8,5,368.006861
11.35,14,368.062679
-2.05,2,368.06926
11.3,11,368.104894
11.75,6,368.124621
11.2,13,368.16856
9.9,3,368.178517
8.95,22,368.259348
11.8,5,368.278907
11.7,7,368.304862
8.8,25,368.394983
-2.1,3,368.405063
11.65,8,368.432776
11.8,5,368.449683
9.7,19,368.51368
11.55,10,368.547035
11.5,11,368.582666
-2.0,1,368.585764
11.6,9,368.615452
11.25,12,368.654255
11.8,5,368.671062
11.0,17,368.726299
11.2,9,368.755063
11.7,7,368.777167
-2.3,7,390.985596
-2.0,1,390.988586
7.75,30,391.081155
9.2,13,391.121068
5.9,3,391.130261
-2.05,2,391.136482
9.7,35,391.244608
11.6,9,391.272593
5.9,3,391.28171
5.95,2,391.287897
11.2,13,391.328773
9.75,6,391.347831
6.0,1,391.351175
11.5,11,391.386393
-2.1,3,391.395802
11.55,6,391.415069
10.95,14,391.458862
11.65,8,391.484087
11.7,7,391.505566
11.45,12,391.543264
11.8,5,391.558926
10.9,11,391.592377
11.5,11,391.626203
4.0,1,391.62914
11.7,7,391.650983
11.75,6,391.669857
5.9,3,391.679186
11.65,8,391.703498
10.2,21,391.767651
11.35,10,391.798006
11.75,6,391.816079
10.4,17,391.867816
11.8,5,391.883621
5.95,2,391.88999
10.85,16,391.938421
10.75,14,391.983079
4.0,1,391.98644
11.55,10,392.019034
11.75,6,392.038851
11.85,4,392.051935
11.25,12,392.091148
10.6,17,392.148541
-18.392857,98,392.554737
6.7,59,414.997511
12.95,18,415.049908
11.55,22,415.113372
10.75,30,415.199932
13.0,17,415.247353
12.95,22,415.310714
13.1,11,415.342212
13.45,12,415.376325
9.95,34,415.473407
4.0,1,415.476294
13.15,10,415.50566
7.8,5,415.520031
12.9,19,415.575353
10.85,28,415.657275
-6.5,31,415.746617
4.55,62,415.925442
12.5,19,415.97949
12.7,19,416.03394
11.6,25,416.106169
13.05,16,416.150756
11.65,28,416.229246
13.4,13,416.26522
8.0,1,416.268073
11.2,25,439.416246
13.4,9,439.44501
9.7,7,439.467734
7.9,3,439.477314
7.6,49,439.635814
-2.3,7,439.658797
13.05,16,439.708538
13.6,9,439.735634
-2.0,1,439.738705
12.35,14,439.781201
11.6,9,439.807818
-2.0,1,439.810681
13.2,13,439.849518
-2.0,1,439.85256
13.35,14,439.898147
10.95,22,439.968292
12.8,17,440.022577
4.0,1,440.025816
13.3,15,440.073768
7.8,5,440.08972
13.4,13,440.13111
12.6,17,440.184904
12.4,21,440.251466
11.75,6,440.271031
5.9,3,440.28037
13.5,7,440.302063
-3.4,17,440.352387
11.2,21,440.414887
13.05,12,440.451343
7.85,52,440.608613
0.8,89,440.872051
7.4,57,463.879725
13.35,14,463.920433
13.6,9,463.947126
13.7,7,463.967806
13.65,8,463.990839
12.45,24,464.062092
13.3,11,464.093989
12.05,20,464.153516
12.9,19,464.209785
6.0,1,464.212816
8.8,41,464.337195
11.25,32,464.435977
13.55,10,464.466936
13.95,2,464.47313
12.7,19,464.531621
10.65,32,464.631016
5.7,75,464.864462
13.55,10,464.894587
12.9,15,464.938048
9.8,5,464.952534
6.95,66,465.143758
-2.75,12,465.178928
12.45,24,465.251314
11.9,23,465.323639
-2.0,1,465.326596
9.85,4,465.339197
7.8,5,465.354646
13.45,12,488.283828
13.1,15,488.327795
13.55,10,488.357729
13.35,14,488.40024
-2.1,3,488.409184
11.35,26,488.483426
10.95,34,488.582043
11.7,23,488.650722
11.35,30,488.739249
13.25,8,488.762571
13.5,11,488.795193
7.9,3,488.803555
7.85,4,488.814701
-2.0,1,488.817493
5.95,2,488.823242
10.45,28,488.906932
-2.4,9,488.934057
13.35,14,488.975914
13.55,10,489.005923
13.6,9,489.032774
11.6,29,489.122904
-2.55,8,489.147589
13.7,7,489.168872
13.8,5,489.18411
13.45,12,489.221147
6.0,1,489.224315
13.65,8,489.248873
11.65,24,489.323242
10.45,36,489.432045
13.6,9,489.459037
10.75,38,489.573306
12.45,20,489.63438
13.15,14,489.676282
9.8,5,489.691019
13.65,8,489.714569
11.3,27,489.796269
12.75,18,512.440946
13.05,20,512.499252
12.15,22,512.566527
13.3,11,512.600141
10.4,37,512.72064
-2.0,1,512.723845
12.85,20,512.788342
13.5,11,512.823259
9.0,57,513.002586
-2.0,1,513.005779
12.9,11,513.040781
12.4,21,513.107558
-2.05,2,513.113811
12.75,22,513.183269
-2.2,5,513.199117
12.85,16,513.25161
12.05,24,513.329068
13.05,16,513.378151
13.4,13,513.416566
-2.0,1,513.419533
11.75,26,513.499292
13.8,5,513.515802
5.9,3,513.525352
11.0,33,513.62906
-2.0,1,513.670651
-22.075,128,537.60206
13.85,20,537.662827
-3.4,21,537.725598
5.95,2,537.731607
8.9,55,537.913642
15.4,13,537.955197
-2.9,15,538.003164
15.15,18,538.061426
-11.35,80,538.321628
7.9,3,538.331296
8.45,76,538.583352
14.85,24,538.658365
-18.075,128,539.069838
12.25,44,561.892048
4.0,1,561.894813
14.6,21,561.95156
13.05,32,562.043985
14.8,17,562.093424
14.25,20,562.152533
4.0,1,562.155382
12.35,30,562.241007
9.75,6,562.25779
13.95,22,562.320866
13.1,31,562.408329
-3.2,17,562.456745
13.15,34,562.553604
10.85,56,562.717722
11.25,40,562.840793
14.2,25,562.91783
14.75,18,562.973907
14.95,22,563.045825
9.95,2,563.052427
15.2,13,563.095323
8.0,1,563.098429
-2.6,13,563.138965
4.0,1,563.142117
-2.85,14,563.185895
-2.05,2,563.192096
7.6,69,586.433305
14.15,30,586.510624
11.45,36,586.610869
14.45,24,586.677435
13.55,30,586.761926
10.05,56,586.930477
12.7,35,587.036438
-2.0,1,587.039481
7.9,3,587.048686
13.1,31,587.143542
12.8,29,587.231946
-2.55,12,587.268613
14.65,20,587.329963
11.55,46,587.471649
-2.4,9,587.499228
-21.475,128,587.884724
14.3,23,610.995752
15.05,16,611.044338
14.75,22,611.110035
8.1,75,611.321377
14.6,29,611.403157
-2.05,2,611.40881
7.8,5,611.42285
10.35,54,611.573011
-2.0,1,611.575738
7.8,5,611.589568
15.2,17,611.638494
9.75,6,611.656024
-2.0,1,611.658885
15.5,11,611.69119
14.7,23,611.758701
9.9,3,611.767539
13.0,41,611.885643
-3.0,17,611.935007
14.3,23,612.003336
12.85,32,612.102126
15.05,16,612.152015
13.55,30,612.242887
13.85,4,612.254459
15.6,9,612.280424
-3.35,20,612.338218
15.15,18,612.390367
-2.35,8,612.413412
14.9,19,635.024843
15.5,11,635.058918
12.35,38,635.174334
5.95,2,635.180336
-2.15,4,635.19231
15.55,10,635.223365
15.4,13,635.263144
15.15,14,635.306333
-2.95,12,635.342725
-2.0,1,635.3458
13.6,9,635.373909
14.7,19,635.431412
12.9,27,635.513538
6.0,1,635.51659
15.5,11,635.550441
11.7,7,635.572183
14.35,26,635.654507
-2.1,3,635.664115
15.4,13,635.7057
15.3,15,635.753286
9.65,8,635.777853
12.3,43,635.908767
13.45,12,635.947718
14.8,17,636.003034
15.25,16,636.056108
11.75,6,636.078371
13.6,29,636.182723
12.2,37,636.304708
13.9,23,636.379902
14.25,24,636.464406
9.5,7,636.487613
15.35,14,636.533482
14.45,24,636.611163
14.7,15,659.962674
14.75,18,660.018001
14.7,19,660.077072
15.55,10,660.108403
15.0,21,660.173947
14.2,25,660.251186
8.0,1,660.254412
9.75,6,660.272908
13.6,29,660.365059
9.85,4,660.377334
7.75,6,660.395389
9.75,6,660.413927
11.75,6,660.432809
7.85,4,660.445365
15.1,15,660.491953
15.35,14,660.534667
15.6,9,660.562648
11.55,10,660.592704
15.2,13,660.631154
15.25,16,660.679463
-2.0,1,660.682422
12.8,37,660.795572
15.35,14,660.838158
10.8,53,661.000961
13.7,23,661.074502
13.8,33,661.182069
6.45,76,661.431742
15.55,10,661.464291
14.15,30,661.564726
-2.0,1,661.568058
15.35,14,684.62111
15.3,15,684.664872
15.45,12,684.699606
11.65,8,684.722599
13.9,23,684.788952
14.75,18,684.842644
11.1,43,684.97548
14.7,15,685.022752
-2.5,11,685.057279
13.25,12,685.094177
14.6,25,685.171481
14.0,29,685.263228
15.7,7,685.284765
9.8,5,685.300677
14.45,24,685.37594
8.8,61,685.565277
9.8,5,685.580778
14.55,22,685.648077
13.8,25,685.724833
14.6,25,685.80119
15.3,15,685.847217
14.55,22,685.917287
15.1,19,685.977664
13.85,28,686.066443
7.85,4,686.07915
15.25,16,686.128492
13.2,13,709.268286
15.25,16,709.316435
14.3,19,709.372902
-2.35,8,709.396921
15.5,11,709.429686
15.25,12,709.465872
15.35,14,709.509348
12.65,40,709.630847
-24.761111,162,710.097689
10.85,12,710.133012
8.95,58,710.297975
-7.1,47,710.43086
9.6,9,710.456763
-6.65,46,710.596502
5.9,3,710.605684
11.25,60,733.333096
14.95,34,733.436759
15.85,32,733.538002
11.6,9,733.566518
16.0,29,733.660395
15.4,29,733.752113
15.95,26,733.836678
-2.1,3,733.846466
-19.361111,162,734.342276
13.8,45,734.475402
11.7,7,734.495986
16.15,26,734.5729
16.55,22,734.643015
15.8,33,734.747798
6.45,108,758.169584
15.4,25,758.23364
17.65,8,758.254446
7.95,2,758.259657
16.15,18,758.306582
13.3,39,758.407305
16.55,22,758.463617
13.55,10,758.489398
13.7,7,758.507688
16.25,24,758.569113
-2.35,8,758.589985
13.45,12,758.621033
16.35,26,758.692105
7.95,2,758.697528
16.2,21,758.754849
15.45,28,758.832627
16.1,27,758.906135
15.8,21,758.963385
13.9,39,759.070602
-2.4,9,759.095671
17.35,14,759.13411
15.7,35,759.230556
-2.4,9,759.255875
16.7,19,759.308264
15.2,33,782.167531
17.05,16,782.215372
17.4,13,782.253949
17.0,17,782.304664
7.95,2,782.310312
11.7,7,782.33021
15.75,30,782.417857
7.85,4,782.42926
17.05,20,782.48575
11.8,5,782.499784
5.95,2,782.505389
-2.8,17,782.553778
10.55,78,782.775722
15.4,33,782.869334
16.9,19,782.929047
12.0,57,783.145478
12.25,52,783.321424
-2.2,5,783.337421
17.6,9,783.365753
12.8,45,783.50649
-2.25,6,783.523633
-2.4,9,783.549223
15.5,35,783.64892
13.3,47,806.400345
17.05,20,806.483107
16.85,20,806.563419
7.95,2,806.57138
17.6,9,806.608549
13.45,12,806.655898
15.35,30,806.780407
14.9,35,806.910184
15.6,33,807.033853
16.75,18,807.100022
5.95,2,807.107311
14.2,41,807.257628
15.85,32,807.375888
14.8,41,807.526318
16.95,22,807.607275
16.5,15,807.662941
14.7,39,807.809637
16.2,33,807.933894
8.75,74,808.212103
10.75,66,831.265782
14.8,29,831.342371
-2.0,1,831.34489
5.95,2,831.350003
-2.65,10,831.375562
4.0,1,831.378309
17.1,19,831.429214
15.8,25,831.496292
17.3,15,831.536312
-2.0,1,831.53902
5.95,2,831.544734
16.4,29,831.622685
16.1,27,831.697798
5.95,2,831.703536
17.15,14,831.743311
15.55,34,831.840595
16.25,24,831.908958
16.35,30,831.996024
-2.6,9,832.022373
16.65,24,832.091734
8.35,82,832.335795
16.15,26,832.414539
14.3,35,832.520472
-2.9,15,832.565848
17.6,9,855.382642
7.9,3,855.391359
16.55,22,855.454546
15.35,30,855.540727
16.15,22,855.604957
13.2,13,855.644284
16.3,27,855.72684
16.75,22,855.793043
17.65,8,855.817354
15.7,7,855.838984
13.05,52,856.008399
15.4,33,856.115827
16.8,21,856.184758
17.25,16,856.23709
4.0,1,856.240312
17.1,15,856.289232
-3.2,25,856.370665
17.25,12,856.410025
17.55,10,856.441364
16.8,21,856.505609
13.75,42,856.632539
16.75,18,856.691668
16.8,25,856.773594
17.05,20,856.839319
17.7,7,856.862431
13.75,42,880.4082
17.1,19,880.468007
14.65,32,880.567814
-7.35,56,880.743711
16.95,18,880.804759
16.75,22,880.878957
15.1,31,880.976586
17.5,11,881.01115
5.95,2,881.01729
17.2,17,881.071443
16.15,22,881.146225
11.75,6,881.167558
11.4,13,881.209012
15.7,35,881.31794
16.9,19,881.377567
16.55,18,881.436249
16.7,23,881.514445
5.95,2,881.52144
11.6,9,881.552104
4.0,1,881.55565
15.7,31,881.659949
16.05,24,881.739709
-2.05,2,881.746296
17.0,17,881.803344
17.3,15,881.853597
17.0,21,881.921958
14.45,48,904.991937
15.25,36,905.094323
-2.55,12,905.128653
17.1,19,905.182998
17.15,18,905.237952
11.55,10,905.272591
16.65,24,905.345574
17.5,11,905.379002
11.85,4,905.390899
13.25,40,905.511994
16.1,27,905.59247
17.6,9,905.619458
15.95,30,905.709261
11.55,10,905.739138
-2.25,6,905.756907
17.15,14,905.798816
15.8,29,905.885889
15.5,31,905.978453
16.25,24,906.050798
16.35,26,906.129156
4.0,1,906.132237
-2.4,9,906.159207
5.95,2,906.165212
9.7,7,906.186479
16.6,21,906.250322
15.9,35,906.357756
17.2,17,906.410822
7.95,2,906.417058
14.6,37,930.243888
16.95,22,930.308699
15.35,34,930.410088
17.1,19,930.465092
13.55,34,930.566417
7.8,5,930.581491
16.8,17,930.632602
16.9,23,930.702069
17.25,16,930.749723
17.05,20,930.809474
16.6,21,930.872389
16.55,26,930.951943
16.45,28,931.035927
17.1,15,931.081069
-4.5,35,931.185849
15.85,28,931.268002
17.0,21,931.329684
15.8,29,931.414612
17.0,21,931.475879
16.8,25,931.548438
17.0,17,931.598364
17.5,11,931.630753
15.65,28,931.71526
6.0,1,931.718323
16.4,29,954.969063
16.65,20,955.037831
17.45,12,955.077215
7.9,3,955.089912
16.9,19,955.162544
16.95,18,955.221569
16.85,16,955.273113
17.2,17,955.327834
16.9,23,955.402076
17.7,7,955.424884
7.8,5,955.44135
7.8,5,955.457773
16.45,28,955.548262
15.85,36,955.664251
10.15,62,955.863199
16.2,29,955.957429
16.85,20,956.02213
16.3,23,956.09599
17.5,11,956.131777
14.6,45,956.277385
14.25,36,956.392919
-2.5,11,956.428347
17.4,13,956.468677
16.95,22,956.534335
17.0,17,980.481383
16.15,30,980.577573
15.9,35,980.69073
17.15,14,980.734718
11.65,8,980.759526
16.3,27,980.842941
16.1,19,980.899085
11.5,11,980.932195
16.65,28,981.01887
14.65,32,981.120548
5.9,3,981.12986
16.2,21,981.195713
-2.0,1,981.198769
13.25,16,981.248448
16.35,18,981.305217
13.4,13,981.346119
-4.25,26,981.429184
15.75,26,981.510718
9.55,10,981.541938
7.85,4,981.554491
7.9,3,981.564023
17.0,21,981.629408
17.1,19,981.687679
15.85,32,981.787422
17.4,13,981.82728
16.75,26,981.906046
-2.3,7,981.927526
14.55,38,982.044612
7.75,6,1004.638631
11.85,4,1004.651849
14.85,20,1004.715879
16.1,27,1004.794878
-2.0,1,1004.797708
16.15,30,1004.889215
7.75,6,1004.907758
17.25,16,1004.960606
17.45,12,1005.000946
16.35,26,1005.08764
-2.25,6,1005.107433
17.6,9,1005.137627
-2.35,8,1005.164796
7.8,5,1005.18198
15.45,36,1005.305571
16.3,31,1005.407004
16.9,15,1005.457526
17.3,15,1005.508448
15.8,33,1005.616267
16.6,21,1005.687865
16.5,27,1005.773679
16.25,20,1005.835416
7.95,2,1005.841743
15.5,31,1005.943335
14.95,30,1006.043143
16.4,21,1006.112095
17.5,11,1006.148231
16.85,24,1006.227587
16.9,19,1006.290195
13.2,53,1029.285543
17.15,18,1029.341974
-2.0,1,1029.345098
16.0,25,1029.423316
17.2,17,1029.476859
16.95,18,1029.533836
16.45,20,1029.596887
16.6,25,1029.675555
16.3,19,1029.735934
17.5,11,1029.770527
13.7,7,1029.792877
16.9,23,1029.866877
14.6,37,1029.98659
17.4,13,1030.030594
17.1,19,1030.092937
-7.3,47,1030.241121
-2.05,2,1030.247504
17.0,21,1030.313065
15.95,34,1030.416572
16.65,24,1030.490924
-3.45,22,1030.559289
7.85,4,1030.571954
17.35,14,1030.615484
-17.7,115,1053.959389
-25.85,200,1054.552178
-2.5,11,1054.583354
-2.0,1,1054.586258
19.1,15,1054.63028
-5.8,185,1077.786676
7.9,3,1077.794994
16.65,20,1077.849076
17.85,36,1077.94532
15.65,8,1077.966853
16.9,43,1078.080709
6.0,1,1078.083321
15.85,52,1078.223374
2.05,148,1078.63567
18.4,29,1078.71653
15.7,55,1078.869258
-2.0,1,1078.872117
-2.15,4,1078.882994
13.7,71,1079.083974
18.05,28,1079.16187
15.2,17,1101.95419
16.75,26,1102.028932
7.95,110,1102.345955
8.6,113,1102.673274
13.55,10,1102.702101
7.5,119,1103.045161
4.0,1,1103.048248
17.0,29,1103.132099
18.55,22,1103.197328
13.2,65,1103.383815
15.15,50,1127.183872
15.6,9,1127.205694
16.85,48,1127.325042
15.3,15,1127.363291
18.05,40,1127.465103
19.35,14,1127.500995
7.95,2,1127.506084
7.85,4,1127.516411
9.8,5,1127.529868
15.95,42,1127.639119
13.65,72,1127.822294
16.3,47,1127.941734
-2.0,1,1127.94425
18.0,33,1128.028253
13.65,8,1128.048485
17.6,33,1128.132084
-4.05,22,1128.187678
-2.0,1,1128.190196
17.55,30,1128.266203
15.2,17,1128.309137
15.2,17,1128.352059
5.95,2,1128.357114
16.0,57,1151.492061
-2.0,1,1151.495556
-3.4,29,1151.589338
13.7,7,1151.611869
13.35,14,1151.655643
15.95,38,1151.773853
5.95,2,1151.780184
17.5,31,1151.876016
-6.05,50,1152.030619
15.5,55,1152.203677
17.05,32,1152.303481
17.35,42,1152.431812
18.15,26,1152.507834
17.95,38,1152.618181
16.4,41,1152.743622
18.9,23,1152.814921
-2.85,18,1152.8705
4.0,1,1152.87362
17.05,36,1175.187943
7.95,2,1175.193357
7.95,2,1175.19867
15.05,52,1175.337682
17.6,9,1175.363794
-2.3,7,1175.38447
4.4,145,1175.793674
14.2,57,1175.955072
18.15,30,1176.041284
18.4,25,1176.1141
18.2,25,1176.19026
17.2,33,1176.289404
18.65,28,1176.373863
18.25,28,1176.457544
18.0,29,1176.56135
-2.6,13,1176.600083
16.2,41,1198.936984
18.25,28,1199.015286
12.5,79,1199.235074
4.0,1,1199.237728
18.2,33,1199.329074
17.5,43,1199.448922
18.15,34,1199.543893
18.75,22,1199.60532
-12.85,94,1199.869011
18.15,22,1199.930944
4.0,1,1199.93384
-2.4,9,1199.958821
15.0,53,1200.10862
18.5,31,1200.196424
18.8,21,1200.255104
18.15,30,1222.833538
17.9,31,1222.915965
17.1,19,1222.966495
-3.55,12,1222.998693
17.45,28,1223.073257
13.0,77,1223.280979
-2.15,4,1223.291601
4.0,1,1223.294285
18.75,22,1223.352628
-8.05,170,1223.823138
18.25,28,1223.902517
18.8,25,1223.97346
17.5,35,1224.074854
13.35,14,1224.114653
17.75,34,1246.819452
11.7,7,1246.836739
17.65,28,1246.906979
17.8,33,1246.998582
18.05,32,1247.087351
18.8,25,1247.157081
18.1,27,1247.23401
18.05,32,1247.327981
13.45,12,1247.363529
6.0,1,1247.366602
16.45,44,1247.496815
12.9,79,1247.730367
15.55,10,1247.759713
15.05,20,1247.818728
-2.0,1,1247.821563
18.8,21,1247.883431
9.8,5,1247.897533
-2.0,1,1247.900497
-3.35,20,1247.959525
13.7,7,1247.980175
18.9,15,1248.024892
13.55,10,1248.054327
18.6,21,1248.116402
15.75,50,1248.264629
19.3,15,1269.90952
18.8,25,1269.985239
17.35,30,1270.080101
19.25,16,1270.130463
17.65,36,1270.246491
18.55,30,1270.347758
-2.0,1,1270.350953
18.75,26,1270.432153
13.75,62,1270.629528
18.25,28,1270.719475
18.8,25,1270.799934
-30.05,200,1271.431009
19.05,20,1271.49383
19.05,20,1293.451743
11.95,2,1293.457711
18.6,29,1293.544709
17.45,24,1293.618502
13.5,59,1293.805625
19.0,17,1293.860116
-2.2,5,1293.875992
-2.35,8,1293.901708
-2.0,1,1293.904962
19.3,15,1293.952947
18.3,23,1294.029377
15.8,37,1294.150618
9.65,8,1294.177204
13.7,7,1294.200829
17.75,26,1294.288881
18.25,28,1294.379049
18.4,33,1294.48606
19.05,16,1294.539984
17.45,32,1294.651047
11.55,10,1294.690094
18.55,26,1294.78637
7.85,4,1294.800396
6.7,123,1316.890233
17.65,32,1316.979462
19.05,20,1317.034856
18.8,25,1317.109548
-2.3,7,1317.130331
-1.9,127,1317.507653
-2.75,12,1317.543211
18.7,23,1317.610989
-2.0,1,1317.613969
18.7,27,1317.694662
9.75,6,1317.712649
18.8,25,1317.787162
11.7,7,1317.807993
18.5,31,1317.899922
-3.15,24,1317.970975
14.45,44,1318.101104
-2.35,8,1318.124642
19.2,17,1318.17489
18.9,23,1318.243447
19.15,18,1340.298001
9.9,115,1340.637611
18.65,20,1340.697865
18.4,33,1340.795246
-2.0,1,1340.798125
19.05,20,1340.85714
17.35,14,1340.898352
8.2,109,1341.237017
18.95,22,1341.306103
18.35,30,1341.400633
9.75,6,1341.419481
-3.0,17,1341.473138
18.5,27,1341.555463
16.5,43,1341.682265
11.0,13,1341.719799
18.5,27,1341.799382
18.45,28,1364.355686
10.4,85,1364.629065
14.0,45,1364.773098
18.35,26,1364.856391
-2.0,1,1364.85957
11.8,5,1364.875644
9.95,2,1364.882102
11.45,12,1364.920832
13.5,11,1364.95485
11.6,9,1364.982439
19.1,19,1365.040043
18.4,29,1365.12654
18.9,23,1365.195323
18.5,27,1365.276392
7.9,3,1365.285311
19.15,14,1365.327238
18.6,29,1365.414478
17.95,26,1365.492935
18.5,27,1365.57362
18.65,28,1365.6582
18.65,28,1365.742596
18.35,30,1365.832544
17.6,33,1388.518689
17.6,37,1388.628839
4.0,1,1388.631784
18.2,33,1388.727027
-2.55,12,1388.761783
18.65,28,1388.844495
13.75,54,1389.002907
18.15,26,1389.079165
17.15,38,1389.190514
16.3,35,1389.29285
18.2,33,1389.389373
14.45,60,1389.565683
17.05,44,1389.694451
18.75,22,1389.75862
18.65,24,1389.828754
11.95,2,1389.834568
18.15,30,1389.922492
17.6,29,1412.149123
18.45,28,1412.235034
16.6,41,1412.357557
18.75,22,1412.42295
15.55,10,1412.45317
11.7,7,1412.473904
-2.8,17,1412.524429
18.8,25,1412.596829
15.05,44,1412.719262
17.8,33,1412.810232
8.0,1,1412.812994
17.1,35,1412.911319
16.15,46,1413.046315
18.8,25,1413.120088
9.8,5,1413.134944
18.3,23,1413.203103
-2.0,1,1413.20603
18.65,24,1413.277537
19.0,21,1413.339533
18.95,18,1413.39238
18.55,30,1413.482015
19.0,21,1413.543164
17.0,33,1435.81594
19.05,20,1435.871506
9.7,7,1435.891062
17.85,32,1435.979827
19.25,16,1436.024196
18.7,27,1436.103762
18.65,24,1436.175058
8.1,75,1436.39586
18.75,26,1436.472501
18.9,23,1436.540361
19.4,13,1436.577607
5.95,2,1436.583643
18.05,36,1436.693504
18.2,33,1436.805067
18.15,26,1436.893017
-2.7,15,1436.943586
8.0,1,1436.947145
17.65,36,1437.065381
11.65,8,1437.090626
18.15,34,1437.196993
11.5,11,1437.231499
18.65,20,1437.294205
18.2,33,1459.618233
17.75,30,1459.694544
17.75,22,1459.752454
6.0,1,1459.75524
17.95,26,1459.826478
9.7,103,1460.163479
5.95,2,1460.170052
18.9,23,1460.245285
17.7,43,1460.387979
17.25,36,1460.504635
-2.6,13,1460.54682
-2.0,1,1460.55007
18.9,23,1460.624473
17.0,21,1460.692696
17.65,40,1460.832958
-2.75,16,1460.888439
4.0,1,1460.892099
16.85,20,1460.961553
18.6,29,1461.062781
18.7,23,1461.143111
18.25,24,1483.202389
18.45,28,1483.288088
18.25,32,1483.386336
-2.0,1,1483.389353
19.05,20,1483.450562
-5.4,33,1483.552049
11.65,8,1483.576812
9.75,6,1483.595283
5.95,2,1483.601525
13.55,10,1483.633598
17.5,43,1483.768236
9.7,7,1483.791062
17.2,37,1483.905313
18.5,23,1483.975804
11.6,9,1484.003324
17.45,40,1484.130573
19.1,15,1484.179557
14.7,59,1484.371549
-2.05,2,1484.378131
18.5,27,1484.466877
17.25,32,1484.57181
16.9,43,1484.713059
-2.0,1,1484.716321
17.85,32,1507.118958
5.95,2,1507.124593
17.55,38,1507.229062
15.5,55,1507.380712
-13.7,99,1507.660747
18.65,24,1507.730985
15.5,11,1507.763392
4.0,1,1507.766384
6.0,1,1507.769345
-2.0,1,1507.772288
18.2,29,1507.859338
19.3,15,1507.903552
16.7,39,1508.018441
18.4,29,1508.10417
11.85,4,1508.116359
-6.0,57,1508.283645
-2.0,1,1508.302651
7.2,121,1531.052116
18.5,39,1531.162343
17.2,65,1531.345242
0.75,166,1531.8136
11.7,7,1531.833697
19.3,39,1531.943791
10.45,96,1532.213305
19.2,37,1532.317464
13.75,6,1532.333489
18.4,41,1554.809584
12.5,91,1555.043458
17.95,42,1555.157702
17.7,47,1555.287576
-2.0,1,1555.290261
17.4,41,1555.402313
18.65,44,1555.52204
11.45,12,1555.553545
-4.65,34,1555.64449
15.1,59,1555.809633
-2.0,1,1555.812334
20.5,31,1555.896162
-3.0,21,1555.950399
13.75,74,1556.142942
19.55,38,1578.543258
-3.4,25,1578.612657
13.45,80,1578.835014
-2.0,1,1578.837735
20.8,25,1578.906246
-2.6,13,1578.941776
13.5,11,1578.971771
14.85,24,1579.037155
11.45,8,1579.059088
19.55,38,1579.162733
14.7,19,1579.214752
-2.8,17,1579.261209
20.3,27,1579.335133
19.1,27,1579.408745
6.0,1,1579.411443
18.0,33,1579.501338
17.65,8,1579.523135
7.95,2,1579.528554
9.75,6,1579.545046
11.7,7,1579.565445
5.95,2,1579.571329
17.55,58,1579.741921
17.8,53,1602.445737
-2.8,17,1602.507451
20.05,28,1602.608025
19.45,36,1602.731052
-2.75,16,1602.78065
-2.9,15,1602.829388
-2.0,1,1602.83266
-2.1,3,1602.842435
15.1,19,1602.905176
8.9,131,1603.333588
16.0,65,1603.545664
19.2,49,1603.706893
-2.0,1,1603.710258
18.95,42,1603.849499
-3.25,22,1603.921674
15.4,69,1626.416675
14.9,91,1626.66812
-1.9,195,1627.205309
19.85,32,1627.29351
19.9,43,1627.414464
17.0,57,1627.591076
17.85,44,1627.714823
4.0,1,1627.717646
19.5,39,1627.825512
-11.6,93,1650.681522
18.4,45,1650.803104
16.85,60,1650.962844
19.3,43,1651.080677
7.95,2,1651.086067
19.05,20,1651.139556
11.45,12,1651.171864
20.7,19,1651.223095
-4.8,37,1651.32882
20.55,26,1651.40697
19.05,48,1651.547397
18.05,52,1651.699677
20.15,34,1651.79774
16.35,66,1674.12335
19.7,35,1674.22073
17.4,57,1674.373653
18.25,36,1674.476237
7.95,2,1674.481928
18.7,43,1674.60528
7.8,5,1674.61981
19.95,34,1674.716634
-2.8,17,1674.765458
11.7,7,1674.786246
20.35,30,1674.872371
18.0,65,1675.054956
18.65,44,1675.174128
20.75,22,1675.232523
15.7,67,1675.411185
18.85,24,1697.609472
19.55,38,1697.709141
13.4,13,1697.742592
17.25,36,1697.838137
19.85,24,1697.90497
18.85,44,1698.028085
19.3,39,1698.138025
18.6,41,1698.252512
20.6,29,1698.332283
-3.55,24,1698.398548
19.9,31,1698.483995
19.6,37,1698.586855
18.9,31,1698.67228
7.9,3,1698.680477
18.5,39,1698.789142
19.55,42,1698.905267
11.6,9,1698.931463
18.0,29,1721.192982
20.35,34,1721.281405
16.8,25,1721.3469
13.75,70,1721.535135
18.95,22,1721.596236
20.2,25,1721.6652
19.95,34,1721.75902
16.7,67,1721.945621
19.45,40,1722.056872
14.6,69,1722.247274
19.65,40,1722.359532
11.7,7,1722.379799
-2.0,1,1722.38255
20.0,37,1722.484628
20.5,31,1744.956448
4.0,1,1744.959616
4.0,1,1744.962804
20.25,32,1745.062127
20.45,28,1745.148624
-3.8,33,1745.249302
20.5,27,1745.33182
20.95,22,1745.398091
19.85,36,1745.507936
15.5,11,1745.540266
13.95,66,1745.740839
19.35,42,1745.860726
19.55,38,1745.968874
7.75,6,1745.985817
15.75,62,1746.162158
20.15,26,1746.236564
19.6,37,1746.349902
15.3,15,1746.395634
20.6,29,1767.911914
17.25,16,1767.963303
16.55,66,1768.180074
18.2,53,1768.349606
20.9,23,1768.420139
21.0,21,1768.485713
19.75,42,1768.615324
20.45,32,1768.712932
20.7,27,1768.796709
20.8,25,1768.877733
19.75,34,1768.987813
20.25,32,1769.091047
17.2,57,1769.275493
20.4,33,1769.38234
15.45,80,1791.316316
9.95,2,1791.322513
9.7,7,1791.343618
18.85,44,1791.475032
19.35,34,1791.578484
18.7,51,1791.732778
5.95,2,1791.738608
20.45,24,1791.80963
19.75,38,1791.92181
20.4,21,1791.983738
20.05,36,1792.09696
20.1,39,1792.220101
16.45,52,1792.385245
9.0,109,1792.717043
11.7,7,1792.738047
18.4,53,1815.180292
18.8,49,1815.335021
-2.25,6,1815.354341
6.0,1,1815.357623
20.5,27,1815.445722
15.85,76,1815.691283
17.8,45,1815.839304
15.4,73,1816.076215
18.7,43,1816.215545
19.35,46,1816.392279
12.1,115,1839.083982
15.25,16,1839.130908
11.3,99,1839.434015
-3.8,33,1839.542757
22.2,29,1839.638533
4.5,175,1840.216285
4.65,152,1863.306071
13.25,108,1863.553128
22.0,33,1863.627473
15.25,84,1863.832942
4.0,1,1863.835464
18.15,54,1863.972154
9.9,3,1863.979693
22.3,31,1864.05861
-2.15,4,1864.068364
22.35,34,1864.155946
20.6,49,1864.28615
20.8,57,1864.447071
22.75,26,1864.51997
15.2,81,1886.688988
20.8,45,1886.805597
21.35,42,1886.918108
13.8,109,1887.203627
23.05,20,1887.255811
10.25,128,1887.607463
-2.25,6,1887.623786
-4.05,34,1887.717099
18.25,60,1887.889241
-4.6,25,1910.162941
21.25,56,1910.337921
19.95,62,1910.524926
-3.15,24,1910.596751
19.95,46,1910.734868
22.55,30,1910.824639
10.55,138,1911.231312
19.15,50,1911.37282
16.25,92,1933.591599
-3.35,24,1933.654014
5.95,2,1933.659408
5.95,2,1933.664696
-2.1,3,1933.672721
20.2,57,1933.823411
18.8,25,1933.89074
17.6,77,1934.086879
20.3,51,1934.223026
18.7,75,1934.42673
15.5,11,1934.457321
17.45,12,1934.490659
19.65,64,1934.666809
-8.55,72,1934.864878
20.85,48,1956.928583
15.15,90,1957.194076
20.9,43,1957.320104
-4.85,38,1957.431376
15.9,79,1957.663608
19.1,79,1957.896408
15.65,84,1958.143905
21.15,38,1958.248724
19.75,54,1980.879152
18.85,24,1980.931563
9.85,4,1980.94034
21.4,33,1981.012856
-3.05,22,1981.061095
14.15,94,1981.280029
18.05,76,1981.480633
5.65,176,1981.96866
-2.5,11,1982.004833
4.0,1,1982.008218
20.25,56,1982.185136
18.1,63,2004.794725
12.55,90,2005.086387
22.25,32,2005.190805
20.6,53,2005.367814
7.9,3,2005.377978
19.15,50,2005.546826
-2.0,1,2005.549906
13.85,104,2005.823107
21.25,44,2005.947179
21.35,42,2006.073406
22.7,27,2006.154984
22.3,35,2028.361331
17.9,39,2028.461499
9.75,6,2028.47649
4.0,1,2028.479015
21.25,48,2028.598485
16.6,29,2028.670824
-2.0,1,2028.673252
11.7,115,2028.970232
20.65,44,2029.08566
20.8,57,2029.238054
23.0,21,2029.293874
15.85,100,2029.570606
-2.95,20,2029.626358
11.55,10,2051.514164
15.5,91,2051.742078
7.85,4,2051.752056
10.35,142,2052.12198
22.5,27,2052.193022
20.95,46,2052.315771
11.6,9,2052.339914
20.2,57,2052.491693
15.85,76,2052.694185
15.9,87,2075.632993
21.2,37,2075.71818
20.4,41,2075.816261
6.0,1,2075.818703
21.9,43,2075.925718
21.7,35,2076.014129
22.35,34,2076.097118
20.7,55,2076.231184
21.95,34,2076.313991
22.25,32,2076.390469
-3.45,234,2098.989301
22.15,38,2099.094743
22.9,23,2099.157818
19.15,66,2099.338369
7.9,3,2099.346546
-2.65,14,2099.385
21.75,42,2099.499194
20.0,53,2099.644137
7.8,5,2099.657636
-2.0,1,2099.660349
-4.15,36,2099.758906
8.35,178,2121.834624
20.25,52,2121.973262
18.8,25,2122.039673
9.8,5,2122.053104
-6.6,57,2122.204379
18.65,56,2122.35289
21.05,48,2122.48015
20.05,60,2122.639132
11.05,112,2122.945856
20.6,65,2123.130404
22.55,30,2145.541023
-2.45,10,2145.566988
21.8,45,2145.684357
9.85,4,2145.694753
22.35,30,2145.772406
21.25,48,2145.89448
18.4,77,2146.10268
21.85,44,2146.224256
22.0,41,2146.339374
20.2,53,2146.499283
17.85,60,2146.680633
-2.0,1,2146.683734
20.2,61,2146.867415
-5.55,48,2170.2468
21.8,41,2170.363271
7.95,2,2170.368912
19.25,36,2170.47062
21.75,38,2170.57798
20.4,49,2170.716379
22.1,35,2170.815434
21.55,46,2170.945649
9.8,5,2170.960188
20.35,46,2171.090234
22.5,27,2171.166824
21.5,51,2171.311317
22.1,39,2171.422736
21.25,52,2171.575132
21.0,45,2192.773738
21.05,52,2192.910191
21.25,44,2193.024448
7.95,2,2193.029667
18.95,66,2193.214576
-2.65,14,2193.254203
9.9,3,2193.262568
20.85,40,2193.374603
21.9,43,2193.495004
20.8,45,2193.623282
20.55,30,2193.709026
22.35,34,2193.806184
17.25,16,2193.850854
16.4,69,2194.057801
21.2,49,2216.428684
22.9,23,2216.498577
20.0,57,2216.669682
13.7,7,2216.690814
20.9,51,2216.84312
22.5,27,2216.92335
20.0,33,2217.021839
23.05,20,2217.081204
21.85,32,2217.175786
-2.4,9,2217.202725
21.65,40,2217.328566
22.35,34,2217.434917
4.0,1,2217.43815
21.75,42,2217.571983
22.3,27,2217.656567
19.8,57,2217.835241
22.5,31,2217.934387
22.65,28,2240.283706
13.45,12,2240.317047
4.0,1,2240.319769
22.2,37,2240.421402
22.35,30,2240.505908
11.65,8,2240.528606
21.85,32,2240.619409
22.25,32,2240.711082
-2.4,9,2240.737358
20.6,49,2240.877012
13.8,5,2240.890745
-3.85,26,2240.963919
21.8,41,2241.078879
20.95,34,2241.173915
22.35,34,2241.269665
-6.15,56,2241.427197
19.55,50,2241.568664
20.0,53,2264.234609
18.45,68,2264.425011
7.9,3,2264.433359
16.7,19,2264.486201
21.0,41,2264.600883
21.1,47,2264.731319
21.7,43,2264.855677
21.7,35,2264.959243
22.45,32,2265.054211
-2.5,11,2265.086611
13.8,97,2265.373693
-3.3,27,2265.453634
15.15,18,2265.507085
18.5,59,2288.777706
-3.05,22,2288.832948
22.05,32,2288.908869
18.35,62,2289.057132
20.45,44,2289.160408
22.2,29,2289.230102
21.9,39,2289.325782
16.9,39,2289.418011
-4.4,33,2289.49746
21.15,46,2289.613285
21.15,18,2289.658725
21.8,41,2289.76091
-3.0,21,2289.813343
22.55,30,2289.888219
-2.75,12,2289.918154
22.45,32,2289.997749
9.8,5,2312.048425
22.55,26,2312.121505
9.9,3,2312.129981
19.0,65,2312.319772
21.55,34,2312.420528
17.55,74,2312.64233
21.45,40,2312.762014
9.7,7,2312.782579
13.65,8,2312.805495
22.6,25,2312.877222
16.6,25,2312.951388
21.7,47,2313.090215
22.65,28,2313.172712
-55.033333,288,2335.832125
22.0,37,2335.941463
18.25,64,2336.135295
21.5,51,2336.296576
22.45,28,2336.385151
21.2,45,2336.524622
19.5,59,2336.699622
-4.35,36,2336.806771
17.2,61,2358.37873
22.6,29,2358.458598
6.0,1,2358.461454
11.55,10,2358.489588
21.05,48,2358.62803
20.95,50,2358.779752
-4.95,40,2358.899949
22.25,32,2358.996593
20.15,42,2359.1228
20.1,55,2359.295418
20.9,51,2359.454103
-2.0,1,2359.457135
11.55,10,2359.487402
21.55,46,2359.629959
22.45,28,2359.717261
21.95,38,2381.985025
20.95,54,2382.137209
21.7,43,2382.258078
20.2,37,2382.370136
20.65,44,2382.49473
22.7,27,2382.569596
21.2,49,2382.707054
-2.0,1,2382.709762
21.7,39,2382.819036
-5.6,37,2382.926477
19.85,60,2383.111115
21.75,34,2383.219215
22.25,36,2383.333826
-2.55,12,2383.371936
21.05,44,2406.026235
22.45,24,2406.104696
22.6,29,2406.201421
15.1,19,2406.265169
21.7,43,2406.406407
21.9,35,2406.521258
22.4,29,2406.615869
-2.75,16,2406.66839
-2.15,4,2406.681468
-2.0,1,2406.684744
22.95,22,2406.757262
22.15,30,2406.856107
22.45,32,2406.961175
15.1,19,2407.023512
21.75,30,2407.122192
22.55,30,2407.221049
21.0,49,2407.382954
20.35,26,2407.468206
21.4,33,2407.574906
19.5,55,2429.509108
20.75,42,2429.63483
-3.45,30,2429.723909
22.7,27,2429.804326
-2.9,19,2429.86088
22.6,25,2429.935601
21.85,36,2430.044224
23.25,16,2430.095094
5.9,3,2430.103603
21.0,53,2430.256494
21.75,38,2430.374514
21.5,47,2430.523959
15.5,11,2430.558967
21.3,35,2430.670068
21.9,39,2430.794343
11.9,3,2430.803992
4.0,1,2430.807185
11.7,7,2430.82953
22.55,26,2430.908954
20.75,38,2452.949045
-3.2,21,2453.016847
22.0,37,2453.135759
-2.0,1,2453.138806
19.35,66,2453.341604
-2.55,12,2453.379583
20.3,35,2453.487237
9.95,2,2453.493389
21.05,52,2453.647791
20.65,44,2453.780018
-3.4,25,2453.861279
5.9,3,2453.871019
11.45,12,2453.909222
23.0,21,2453.971721
22.7,23,2454.039952
20.7,51,2454.192099
18.55,70,2454.401243
21.75,38,2476.616688
22.75,26,2476.701043
-2.75,16,2476.752866
-2.0,1,2476.756136
15.3,15,2476.803345
21.2,45,2476.940598
22.7,23,2477.01127
21.35,42,2477.138818
20.3,59,2477.316921
22.3,31,2477.414079
20.5,43,2477.557249
15.0,77,2477.803581
9.6,9,2477.832603
20.65,48,2477.986053
22.35,30,2478.076392
21.75,46,2499.89366
22.0,41,2500.008929
14.95,18,2500.059597
8.0,1,2500.062411
18.5,31,2500.148524
-2.0,1,2500.151334
7.9,3,2500.15979
9.75,6,2500.176581
22.5,31,2500.263182
22.1,35,2500.361313
21.5,39,2500.469388
22.0,33,2500.566685
20.65,44,2500.696726
-2.0,1,2500.699675
-3.2,17,2500.749687
20.5,27,2500.829702
11.55,10,2500.859301
22.4,33,2500.956825
21.95,38,2501.069574
22.3,35,2501.172821
16.7,23,2501.240746
5.9,3,2501.249592
22.4,33,2501.347071
21.9,39,2523.606612
18.8,25,2523.683115
22.4,33,2523.786104
13.65,8,2523.810694
7.9,3,2523.819975
-7.15,40,2523.944813
15.2,17,2523.996697
21.95,34,2524.097175
17.7,67,2524.295305
19.65,44,2524.428365
22.5,31,2524.522247
17.3,67,2524.728258
20.6,41,2524.853294
-34.926923,338,2548.029622
1.8,213,2570.917927
22.95,50,2571.160389
24.2,29,2571.272589
7.95,2,2571.278664
14.5,123,2571.652706
24.2,37,2571.757492
21.6,61,2571.935236
13.85,140,2572.326667
-34.126923,338,2595.215517
24.15,34,2595.303148
21.15,58,2595.453494
-2.0,1,2595.456009
-2.55,256,2618.108603
20.05,76,2618.316679
24.2,37,2618.417956
16.45,96,2618.713741
19.0,21,2618.775959
19.8,77,2619.00223
22.65,56,2619.16765
-4.7,47,2641.637914
19.9,59,2641.802326
21.5,51,2641.951905
21.5,59,2642.124663
-2.0,1,2642.127546
13.65,8,2642.151109
22.6,49,2642.295007
-2.0,1,2642.297945
7.65,148,2642.727505
22.45,60,2642.892761
-2.55,12,2642.925651
15.25,88,2665.404796
-22.4,141,2665.791278
-2.15,4,2665.802594
22.85,56,2665.951043
15.15,18,2665.998965
15.3,15,2666.038713
23.1,43,2666.149499
21.75,58,2666.296717
23.85,32,2666.380601
23.75,42,2666.492354
22.5,55,2666.64231
18.35,78,2689.017638
23.0,49,2689.170286
16.6,97,2689.470899
-2.05,2,2689.476954
15.4,13,2689.517626
22.9,51,2689.67217
23.85,36,2689.781446
21.45,56,2689.951374
21.8,65,2690.147835
19.3,83,2712.443399
24.6,29,2712.521584
21.1,67,2712.694674
-7.3,55,2712.836894
23.55,42,2712.949433
11.6,9,2712.974211
21.95,70,2713.165513
19.7,79,2713.381595
15.35,14,2713.419839
23.7,39,2713.524037
24.0,41,2713.636051
23.3,51,2713.776178
-4.5,35,2736.806229
21.75,34,2736.909099
-2.15,4,2736.923019
-5.2,49,2737.072711
-2.0,1,2737.075892
24.3,35,2737.182094
23.05,56,2737.353596
-2.0,1,2737.356602
24.15,38,2737.472973
6.0,1,2737.476185
18.15,98,2737.764984
23.2,45,2737.892557
23.5,43,2738.013679
22.85,52,2738.16045
21.85,68,2759.941394
23.0,49,2760.077948
9.75,6,2760.094518
16.0,77,2760.308637
22.7,27,2760.383538
23.25,56,2760.533855
-3.3,23,2760.593195
23.85,44,2760.707597
-3.3,27,2760.774684
24.05,32,2760.856358
21.7,59,2761.012235
15.45,12,2761.045153
17.45,96,2782.869399
23.55,46,2783.004843
19.5,79,2783.235178
23.85,36,2783.342255
15.35,122,2783.711401
7.85,4,2783.723177
23.75,42,2783.850167
6.0,1,2783.853155
22.55,50,2784.00132
-2.45,10,2784.030544
22.65,48,2784.172102
21.4,73,2807.605309
23.35,46,2807.737296
23.75,38,2807.846011
5.95,2,2807.85177
9.9,3,2807.860549
23.5,47,2807.998512
23.9,39,2808.115049
14.35,134,2808.503325
-3.75,36,2808.607697
23.25,36,2808.717105
21.95,66,2808.908337
23.65,32,2831.11601
20.9,51,2831.250334
23.85,36,2831.345474
5.95,2,2831.351114
21.15,14,2831.389721
23.25,52,2831.535571
21.35,46,2831.663652
23.25,48,2831.804515
23.4,53,2831.960248
9.95,2,2831.966199
22.8,53,2832.124901
16.15,98,2832.417845
22.85,44,2832.550018
24.4,29,2855.122956
21.15,62,2855.272762
21.0,61,2855.42526
-2.0,1,2855.427735
15.25,16,2855.467727
7.95,2,2855.472763
22.65,56,2855.615759
24.25,32,2855.700011
6.0,1,2855.702656
7.9,3,2855.710553
17.95,102,2856.002956
-2.8,13,2856.048392
17.9,91,2856.329086
7.85,4,2856.341098
15.25,16,2856.389015
13.45,12,2856.425306
19.2,17,2878.612967
21.6,57,2878.778555
22.8,45,2878.907416
22.3,59,2879.079777
23.3,51,2879.225851
21.05,68,2879.425164
22.45,48,2879.560773
23.35,50,2879.690994
-2.0,1,2879.693549
13.45,12,2879.724911
11.65,8,2879.745661
21.5,67,2879.919039
14.7,107,2902.434258
22.0,69,2902.625133
21.75,54,2902.775789
21.05,60,2902.952865
10.0,1,2902.955913
23.8,45,2903.085627
24.95,22,2903.149506
-4.7,35,2903.25814
23.65,44,2903.38432
24.0,33,2903.478804
6.0,1,2903.481755
22.65,48,2903.618284
-4.55,48,2925.888074
-3.4,29,2925.959646
23.5,51,2926.089428
21.85,40,2926.192181
23.45,40,2926.295948
9.7,7,2926.314781
11.7,7,2926.333789
21.8,61,2926.500567
25.0,21,2926.55868
15.4,85,2926.794454
22.6,53,2926.943869
9.7,7,2926.96347
-3.65,26,2927.035144
23.0,49,2927.169253
23.3,47,2949.098061
21.55,62,2949.268066
24.05,40,2949.376735
24.55,26,2949.447715
22.0,37,2949.549511
-5.9,59,2949.713751
9.4,9,2949.738594
21.9,51,2949.879459
6.0,1,2949.882205
22.8,53,2950.029145
20.65,76,2950.237415
23.9,43,2950.355323
10.05,124,2973.59009
17.15,50,2973.720201
23.45,48,2973.844357
22.5,59,2974.002252
-2.8,17,2974.044895
-2.65,14,2974.079617
9.75,6,2974.094415
24.0,41,2974.196291
15.55,10,2974.221292
-3.25,26,2974.285159
-13.65,190,2997.166746
23.85,40,2997.2811
21.05,20,2997.338455
-2.7,15,2997.381468
16.9,103,2997.674915
20.65,56,2997.834298
21.0,65,2998.019563
5.9,3,2998.028407
-5.45,50,2998.170195
22.4,61,2998.346366
18.1,99,3020.761093
20.8,69,3020.957341
21.65,68,3021.154408
14.7,107,3021.449693
23.25,52,3021.594152
-2.0,1,3021.596955
23.6,41,3021.712246
22.1,63,3021.888708
23.75,42,3022.005587
19.35,82,3043.812043
23.9,39,3043.914514
23.9,39,3044.025838
23.0,49,3044.167673
9.7,7,3044.188559
11.8,5,3044.203417
22.05,56,3044.361728
18.7,27,3044.437121
22.85,52,3044.584822
23.05,56,3044.752573
23.9,43,3044.883784
17.2,17,3044.935486
24.7,27,3045.019547
-4.1,31,3045.113484
-2.0,1,3045.116542
22.4,49,3067.450616
17.65,84,3067.708333
22.3,55,3067.876224
22.5,51,3068.033888
20.3,79,3068.275447
4.0,1,3068.278539
21.55,62,3068.468203
9.85,4,3068.480477
23.5,47,3068.626489
22.45,52,3068.787516
15.0,17,3068.840353
-2.0,1,3068.843371
20.1,79,3091.64065
20.3,71,3091.828865
22.15,46,3091.952107
21.95,54,3092.096486
16.65,48,3092.225204
24.7,27,3092.298946
24.0,33,3092.387363
9.8,5,3092.400762
22.75,50,3092.533681
22.55,54,3092.675138
16.0,137,3115.406283
24.05,40,3115.521966
24.1,35,3115.625462
22.0,49,3115.778812
24.2,37,3115.895774
23.35,54,3116.063378
7.9,3,3116.072237
-4.9,27,3116.150257
21.95,54,3116.318127
24.55,30,3116.407319
22.55,58,3116.589281
23.55,38,3116.706974
22.85,48,3138.981048
23.3,39,3139.100589
22.6,57,3139.264103
24.15,38,3139.377021
20.2,61,3139.559548
23.05,48,3139.70871
18.65,80,3139.95755
-2.6,13,3139.996119
20.05,96,3140.284503
20.45,64,3162.288808
24.05,40,3162.422026
24.55,30,3162.518146
-3.6,29,3162.610933
17.3,35,3162.7232
23.1,51,3162.880887
22.7,47,3163.032536
24.25,36,3163.14793
20.35,58,3163.333667
23.7,43,3163.463023
-2.1,3,3163.47203
22.45,52,3163.629411
23.75,34,3163.731694
-2.65,14,3163.773764
23.7,43,3186.422219
17.7,7,3186.440955
19.2,85,3186.679754
17.65,80,3186.905282
16.8,93,3187.175856
22.05,64,3187.354159
-3.1,23,3187.415853
23.8,41,3187.524361
24.55,30,3187.602215
22.0,53,3187.744486
24.45,32,3210.045566
23.6,45,3210.196112
23.4,45,3210.345887
16.45,28,3210.433681
23.8,41,3210.561826
21.45,64,3210.759623
6.0,1,3210.762696
11.6,9,3210.790245
21.75,66,3210.992871
4.0,1,3210.996019
-2.0,1,3210.999032
22.1,59,3211.180431
23.35,46,3211.322955
22.8,65,3211.536298
22.95,22,3211.608506
23.8,41,3234.059235
23.7,47,3234.201438
19.25,88,3234.460495
15.7,7,3234.480717
23.7,43,3234.604949
23.35,54,3234.756834
23.2,53,3234.906126
22.65,48,3235.040542
13.7,7,3235.060433
22.85,52,3235.20776
17.3,95,3257.8126
-6.55,184,3258.304235
5.9,3,3258.312476
22.9,59,3258.479197
17.9,79,3258.703931
-3.75,36,3258.806482
23.65,48,3258.94352
22.55,42,3259.063841
19.7,63,3280.84744
23.5,47,3280.989435
21.4,61,3281.172742
21.8,57,3281.343883
23.5,39,3281.461794
21.95,66,3281.665017
20.2,69,3281.925421
-23.95,296,3305.333881
20.1,63,3305.529604
20.9,63,3305.728336
13.3,11,3305.764514
-3.35,24,3305.842726
23.7,43,3305.975594
21.1,55,3306.149389
20.05,68,3306.363894
19.0,73,3328.53827
7.8,5,3328.552432
-3.0,21,3328.611431
17.2,81,3328.83914
21.85,64,3329.019899
24.05,40,3329.132596
22.85,56,3329.291012
18.2,109,3329.599042
7.8,5,3329.613266
15.35,14,3329.652755
-10.85,102,3351.444295
23.7,47,3351.581502
23.05,52,3351.735209
22.35,50,3351.885403
23.15,50,3352.036146
24.0,33,3352.135963
5.95,2,3352.141858
18.6,29,3352.229256
24.35,30,3352.319887
7.9,3,3352.328621
16.5,99,3352.627881
5.95,2,3352.633754
24.05,40,3352.759312
24.6,29,3352.851757
22.1,35,3375.039392
22.85,48,3375.184799
23.95,42,3375.312607
9.8,5,3375.327067
23.7,43,3375.455266
13.35,14,3375.497188
22.0,57,3375.676347
13.95,106,3375.996205
22.4,57,3376.17648
23.55,42,3376.304086
21.2,69,3376.513995
21.55,50,3398.475438
7.8,5,3398.48878
17.05,20,3398.541525
-5.95,60,3398.710564
19.35,82,3398.955969
-2.0,1,3398.958903
9.8,5,3398.974437
21.8,57,3399.147043
23.15,42,3399.271749
22.6,53,3399.430405
22.85,48,3399.572149
22.65,52,3399.727519
23.15,54,3399.888623
22.5,51,3422.649785
-2.25,6,3422.665719
4.0,1,3422.668388
23.3,55,3422.823422
8.0,1,3422.826223
-3.15,24,3422.893672
23.6,45,3423.02029
24.45,32,3423.110321
22.45,56,3423.267523
21.75,70,3423.465753
23.45,52,3423.612539
13.65,8,3423.635131
21.35,66,3423.82123
19.1,91,3446.1722
-2.0,1,3446.175025
23.55,42,3446.297601
24.15,38,3446.4087
22.8,49,3446.550586
-2.7,15,3446.594302
24.3,35,3446.697368
23.2,53,3446.884837
23.4,53,3447.048546
20.4,65,3447.249402
17.95,86,3447.51401
-11.05,182,3470.466945
22.2,61,3470.645215
7.8,5,3470.659454
23.65,40,3470.773571
15.65,8,3470.798589
21.2,45,3470.934804
22.8,41,3471.058541
23.55,46,3471.196208
21.3,59,3471.373923
18.95,78,3493.623084
24.3,35,3493.728544
22.75,50,3493.878839
-4.05,182,3494.432077
24.1,39,3494.549165
23.6,49,3494.697246
23.25,48,3494.841805
20.4,77,3495.074861
17.45,12,3495.111046
-6.45,54,3517.7756
21.7,59,3517.956339
21.85,60,3518.130066
23.45,44,3518.256458
22.1,59,3518.424248
11.45,12,3518.45847
18.35,34,3518.558458
22.45,60,3518.741123
11.85,4,3518.753082
11.8,5,3518.768485
23.1,47,3518.911546
23.4,45,3519.050219
23.75,42,3541.518827
23.75,46,3541.683412
23.45,48,3541.855388
6.0,1,3541.85913
-2.0,1,3541.862648
16.7,87,3542.171939
13.7,7,3542.196288
-9.5,319,3564.883841
17.25,16,3564.934215
24.75,62,3565.13326
26.05,40,3565.259909
22.2,89,3565.544501
21.9,91,3565.835928
23.9,63,3566.034549
6.15,210,3589.019301
-3.45,26,3589.093269
23.9,39,3589.197204
25.15,54,3589.339619
21.35,78,3589.550366
23.65,60,3589.717775
15.5,11,3589.749365
22.95,78,3589.962364
24.45,56,3590.119916
22.1,79,3612.647156
24.3,63,3612.80514
-2.0,1,3612.807759
19.1,103,3613.071622
17.95,110,3613.36344
18.7,27,3613.438844
24.8,53,3613.586443
-5.25,38,3613.692717
23.8,69,3635.81207
25.0,53,3635.95443
22.85,60,3636.123291
22.35,70,3636.322239
18.15,118,3636.663859
22.35,30,3636.745402
24.6,61,3636.926174
-2.0,1,3636.929227
16.7,23,3636.995353
25.2,53,3637.147161
-4.35,44,3659.523766
25.1,51,3659.675658
23.3,75,3659.895905
25.05,56,3660.060028
21.05,88,3660.324356
-5.45,42,3660.442442
21.55,82,3660.67194
15.4,129,3682.798376
17.15,18,3682.845119
13.2,161,3683.274632
26.1,39,3683.382248
24.1,63,3683.555684
23.7,55,3683.707064
25.55,46,3683.83472
18.1,95,3684.094667
9.65,8,3684.116627
20.55,102,3706.420851
19.2,17,3706.462428
-2.0,1,3706.464863
20.85,108,3706.738142
20.5,83,3706.961687
19.1,87,3707.218588
24.5,59,3707.392306
20.85,92,3729.552782
24.2,57,3729.710231
20.25,92,3729.963269
21.95,70,3730.154336
24.1,67,3730.339288
18.65,120,3730.680032
22.9,75,3730.901565
6.0,1,3753.328733
-3.1,23,3753.403756
-4.35,44,3753.547824
24.45,60,3753.730905
24.25,72,3753.948463
24.9,55,3754.114389
23.1,67,3754.317765
13.5,11,3754.351573
22.7,27,3754.43461
-3.95,36,3754.536389
24.4,33,3754.629627
24.9,47,3754.762117
9.8,5,3754.77634
-17.05,198,3777.491609
23.7,71,3777.672175
25.85,40,3777.776663
25.4,49,3777.90459
-2.35,8,3777.925238
-4.4,209,3800.90673
24.0,61,3801.058492
24.7,63,3801.220251
25.25,48,3801.343262
17.4,13,3801.376842
-3.3,27,3801.446502
24.3,51,3801.578585
5.95,2,3801.583731
22.6,77,3801.78172
17.6,41,3801.888164
25.35,54,3802.027886
23.85,56,3824.719966
24.2,61,3824.872151
24.25,64,3825.03209
23.05,64,3825.209296
19.8,93,3825.481142
21.3,87,3825.72829
16.55,122,3826.069534
25.8,41,3848.176942
25.65,44,3848.297266
6.0,1,3848.300135
22.8,77,3848.546195
26.3,35,3848.650517
24.1,39,3848.765898
24.7,59,3848.936859
25.1,55,3849.088039
14.85,144,3849.487701
26.55,26,3871.974803
-2.0,1,3871.977603
23.25,76,3872.173739
17.45,36,3872.265048
25.5,43,3872.375544
19.55,98,3872.614553
6.0,1,3872.617
22.85,72,3872.799284
24.5,59,3872.951693
22.4,69,3873.129994
25.5,47,3873.254766
23.0,73,3895.459742
13.85,24,3895.52338
-3.2,21,3895.580133
22.5,71,3895.779529
-4.25,34,3895.873562
16.55,126,3896.22322
23.55,58,3896.381036
21.6,89,3896.624646
25.3,47,3919.081541
4.0,1,3919.084256
24.15,66,3919.261621
22.7,83,3919.477335
25.6,49,3919.609952
-2.45,10,3919.637398
25.05,56,3919.788993
-2.05,2,3919.794266
25.35,54,3919.939951
22.1,83,3920.155987
-2.45,10,3920.183732
24.5,59,3920.345837
5.95,2,3920.351409
18.4,29,3942.260182
6.0,1,3942.262944
26.0,37,3942.362213
25.4,45,3942.479626
11.85,4,3942.489602
22.0,69,3942.682847
22.0,89,3942.960099
20.2,85,3943.215383
-2.65,14,3943.260714
25.85,44,3943.402548
18.85,84,3943.668849
25.9,43,3966.099942
24.6,57,3966.256928
25.7,39,3966.364497
22.6,29,3966.444418
-53.621429,392,3989.792837
15.2,17,3989.836919
19.85,84,3990.055274
15.5,11,3990.084061
15.15,118,3990.393861
22.8,65,3990.563092
25.75,38,3990.661817
-8.9,55,3990.811536
24.85,52,3990.953807
26.8,25,3991.022815
25.7,47,4013.226823
5.95,2,4013.232
24.05,48,4013.355603
-2.8,13,4013.388947
25.95,42,4013.497497
-2.6,13,4013.530961
24.35,54,4013.6708
22.9,79,4013.875667
-5.45,62,4014.043957
24.4,49,4014.179547
24.15,62,4014.34988
6.0,1,4014.352751
19.6,81,4036.620357
8.75,206,4037.176025
11.65,8,4037.197391
22.5,75,4037.403167
22.45,52,4037.541152
24.1,67,4037.719525
7.95,2,4037.725124
25.4,49,4037.85699
24.1,67,4060.686949
25.3,43,4060.804924
5.95,2,4060.810331
25.1,55,4060.961504
21.2,61,4061.125581
9.9,3,4061.133316
15.95,126,4061.467371
27.25,16,4061.50979
24.65,52,4061.647714
25.65,48,4061.77753
-5.0,29,4061.855016
20.7,91,4083.895833
24.65,60,4084.059554
-4.4,41,4084.173053
22.85,68,4084.367748
22.1,67,4084.553826
9.85,4,4084.564837
25.7,47,4084.694744
-2.75,16,4084.737465
26.45,32,4084.831032
9.9,3,4084.839543
22.8,73,4085.056067
25.8,45,4085.189137
25.9,43,4108.119829
23.0,69,4108.318273
-2.0,1,4108.321067
23.1,59,4108.482955
-3.65,34,4108.577614
17.35,14,4108.615194
17.55,126,4108.955049
25.1,55,4109.100384
16.6,41,4109.214859
22.8,69,4109.409724
4.0,1,4109.412662
22.1,75,4131.346895
18.55,30,4131.435123
24.35,54,4131.593828
17.15,86,4131.844888
22.05,72,4132.042319
24.1,63,4132.217144
17.0,81,4132.438457
23.1,67,4154.616166
24.85,52,4154.758937
25.0,49,4154.892785
23.5,71,4155.086271
25.3,51,4155.232483
15.5,11,4155.264753
24.9,55,4155.425498
26.85,24,4155.495587
24.35,66,4155.688287
19.9,83,4155.932575
19.3,31,4156.031802
17.2,17,4177.72971
16.9,19,4177.784417
-4.6,45,4177.913728
24.6,61,4178.088959
20.65,96,4178.357533
22.7,87,4178.614879
-2.5,11,4178.651476
25.85,44,4178.799762
12.45,152,4201.912283
25.05,48,4202.044218
14.0,117,4202.43614
25.5,47,4202.600902
23.4,65,4202.81357
23.7,63,4203.002843
24.45,56,4203.165309
-2.0,1,4203.168061
13.0,17,4203.215976
25.1,43,4203.337723
21.15,86,4225.574714
24.4,65,4225.761391
25.4,41,4225.882139
24.85,60,4226.066408
13.5,11,4226.1001
-3.65,34,4226.204105
-3.0,21,4226.272408
23.6,77,4226.561969
-3.05,22,4226.638095
22.75,82,4226.89645
23.95,62,4227.095091
8.0,1,4227.098366
-2.45,10,4248.85315
23.35,74,4249.079013
25.45,52,4249.237564
25.25,52,4249.396894
25.5,47,4249.542773
24.5,63,4249.734001
25.4,53,4249.896791
24.95,46,4250.043006
21.85,80,4250.288247
18.15,102,4272.904152
24.6,57,4273.051705
26.2,37,4273.150463
23.0,69,4273.336606
15.3,15,4273.377244
24.65,64,4273.55173
25.4,53,4273.702986
-3.35,28,4273.78275
15.35,14,4273.822921
-2.0,1,4273.825832
25.3,47,4273.960263
1.75,226,4297.153934
24.7,59,4297.331915
-5.75,52,4297.488597
26.0,37,4297.599622
26.0,41,4297.723397
13.6,9,4297.750358
24.3,59,4297.928164
25.15,58,4298.103611
23.15,66,4320.319264
25.85,40,4320.433653
23.0,65,4320.630554
25.9,39,4320.751063
19.15,110,4321.091994
26.05,36,4321.204931
13.9,43,4321.337225
21.3,91,4321.616871
6.0,1,4321.619944
23.8,69,4344.197605
24.9,59,4344.399513
-2.0,1,4344.402865
25.3,47,4344.555564
24.7,47,4344.700548
24.85,64,4344.907978
25.45,48,4345.057778
19.3,95,4345.372015
-4.05,38,4345.492799
25.15,46,4345.633512
23.8,61,4368.044526
20.8,25,4368.128424
4.0,1,4368.131781
16.3,115,4368.55226
26.2,37,4368.686216
25.45,48,4368.839645
22.55,82,4369.100704
7.9,3,4369.110063
17.35,14,4369.154259
23.85,72,4369.380358
24.85,52,4369.543292
25.45,52,4369.702955
6.0,1,4391.402378
-7.45,58,4391.591125
-2.0,1,4391.594396
25.5,51,4391.76043
24.6,61,4391.959901
21.25,16,4392.012287
25.25,52,4392.182485
22.45,76,4392.419432
-2.55,12,4392.455918
25.25,52,4392.61385
25.75,46,4392.752824
21.9,79,4392.999765
24.95,58,4415.221382
25.45,52,4415.393777
24.9,51,4415.562042
24.7,55,4415.744587
24.75,50,4415.91604
4.0,1,4415.9195
23.9,59,4416.13497
23.05,72,4416.401198
25.05,60,4416.60676
14.1,23,4416.682614
25.7,47,4439.903007
21.35,14,4439.946867
24.65,52,4440.109681
-2.0,1,4440.112761
16.65,128,4440.508489
25.95,42,4440.639049
25.05,56,4440.813772
21.15,70,4441.025873
-3.6,29,4441.116293
25.25,52,4441.277671
16.9,23,4441.347766
24.85,56,4463.252993
-4.85,34,4463.349333
17.4,97,4463.625609
-2.9,15,4463.66823
19.35,90,4463.932477
25.85,44,4464.06654
25.25,56,4464.237375
25.3,39,4464.356259
11.55,10,4464.386557
25.2,53,4464.548838
25.2,53,4464.712154
25.2,53,4487.23075
24.85,56,4487.397679
25.25,56,4487.565831
23.9,63,4487.764171
25.1,55,4487.931402
9.65,8,4487.956637
9.8,5,4487.972414
25.55,50,4488.134336
25.1,55,4488.302318
24.05,60,4488.490187
25.45,32,4488.591135
24.95,58,4510.480067
26.2,37,4510.594699
24.2,57,4510.768985
25.75,42,4510.896197
26.4,33,4510.997027
25.05,48,4511.143026
25.45,52,4511.300738
18.3,111,4511.638502
25.45,44,4511.772697
14.65,136,4535.029115
19.9,35,4535.134752
16.35,102,4535.459934
22.35,74,4535.698044
18.25,92,4535.991036
22.5,79,4536.255138
8.0,1,4536.258648
22.7,79,4558.356547
25.4,45,4558.499249
25.6,41,4558.622883
25.55,46,4558.763615
-2.0,1,4558.766606
11.55,10,4558.797261
25.0,49,4558.948916
26.0,41,4559.084083
23.85,52,4559.257809
23.9,59,4559.453293
19.05,108,4559.803515
25.75,46,4582.028246
25.0,49,4582.161674
24.65,48,4582.29208
24.3,67,4582.475705
21.85,40,4582.589899
5.95,2,4582.595654
24.55,46,4582.729315
24.3,51,4582.879634
25.6,45,4583.010831
25.65,44,4583.142134
25.45,44,4583.272563
24.55,62,4605.117096
24.8,53,4605.312347
16.05,140,4605.778012
-3.05,22,4605.852268
22.1,83,4606.128209
22.8,77,4606.370177
24.8,45,4606.508934
19.1,19,4606.567517
25.1,47,4606.712217
13.45,12,4606.749485
26.1,35,4629.553478
15.2,17,4629.596978
5.95,2,4629.602285
22.85,76,4629.802593
24.25,56,4629.956455
9.7,7,4629.975815
16.5,127,4630.324945
25.75,46,4630.451702
25.65,40,4630.562622
15.2,17,4630.611343
-4.1,35,4630.714294
23.65,56,4630.878121
-4.8,45,4652.58688
23.7,43,4652.711724
20.65,28,4652.795643
11.75,6,4652.814282
23.55,62,4653.010215
24.25,68,4653.22572
21.85,72,4653.455065
20.85,24,4653.532031
25.8,41,4653.658671
25.25,56,4653.832086
22.55,74,4676.123078
9.75,6,4676.141404
26.1,39,4676.260643
24.85,48,4676.407561
24.8,49,4676.560306
25.95,42,4676.697863
24.85,56,4676.876883
24.5,59,4677.056662
19.65,100,4677.362144
25.45,52,4677.528701
25.95,42,4677.66238
25.0,53,4700.154566
25.7,31,4700.243422
22.3,35,4700.346206
25.75,38,4700.455814
-19.25,430,4723.799661
-2.0,1,4723.802292
13.9,175,4724.270828
19.85,108,4724.555311
20.3,103,4724.82565
-15.3,347,4748.132497
18.0,149,4748.564326
26.3,63,4748.750879
19.6,105,4771.372902
25.5,63,4771.546367
21.35,106,4771.839563
24.1,75,4772.04652
24.1,79,4772.264934
-1.3,295,4794.97411
10.6,173,4795.494398
7.85,4,4795.506345
27.25,48,4795.647017
18.25,116,4818.2758
19.95,114,4818.569563
9.85,4,4818.579766
9.45,228,4819.164795
15.45,12,4819.195538
-2.0,1,4819.198069
20.4,113,4819.505862
27.5,39,4841.901275
21.75,114,4842.16626
17.35,14,4842.199506
18.7,27,4842.263759
18.85,120,4842.562582
23.25,84,4842.770537
-4.1,35,4842.859923
26.0,65,4843.047051
-2.7,15,4843.089118
26.45,56,4864.912007
17.2,17,4864.961378
23.9,91,4865.254321
22.6,101,4865.578632
26.2,61,4865.769578
26.7,55,4865.94762
26.1,71,4866.180362
26.45,68,4866.402533
27.1,47,4888.32163
26.95,58,4888.481495
15.0,21,4888.538398
27.0,57,4888.695781
5.4,197,4889.251107
20.25,120,4889.598874
26.55,62,4911.823349
18.7,27,4911.894325
11.65,8,4911.91542
25.45,64,4912.086306
24.95,66,4912.263798
6.0,1,4912.266548
7.9,3,4912.274846
-59.316667,450,4935.455482
14.6,17,4935.503214
22.15,110,4935.815036
24.75,78,4936.040077
7.95,2,4936.046213
17.6,121,4936.404387
20.6,29,4936.486684
25.9,75,4959.270773
-2.0,1,4959.273449
24.05,80,4959.500895
17.3,15,4959.547128
28.2,37,4959.65747
18.95,118,4960.001877
26.4,69,4960.203262
23.45,96,4960.483217
21.3,91,4983.006127
24.95,74,4983.218045
24.4,85,4983.446309
25.75,70,4983.646127
-2.0,1,4983.649181
26.25,60,4983.823791
25.75,74,4984.030276
12.4,193,5006.817655
24.95,82,5007.048463
24.2,93,5007.317124
13.65,8,5007.339711
5.95,2,5007.345405
22.25,108,5007.649274
10.15,166,5030.770107
-3.8,33,5030.86428
-4.05,42,5030.986932
11.85,140,5031.388349
20.95,114,5031.725251
26.7,55,5031.883
4.0,1,5031.885989
5.95,2,5031.892128
26.35,58,5032.060976
-3.75,36,5054.593521
-4.05,38,5054.685218
22.9,63,5054.838615
27.25,52,5054.96849
25.6,65,5055.136791
26.9,55,5055.278872
23.65,84,5055.491298
21.85,104,5055.758079
4.0,1,5055.760611
26.9,51,5078.260425
4.0,1,5078.263237
25.6,69,5078.452353
25.45,72,5078.645477
21.25,100,5078.923553
25.8,77,5079.146183
10.0,181,5101.130813
26.15,62,5101.30404
12.0,197,5101.857387
26.05,60,5102.031338
11.75,6,5102.048709
27.4,53,5102.200056
-3.5,31,5102.286156
11.85,4,5102.297413
26.9,55,5102.454149
26.9,55,5125.016884
-78.516667,450,5126.289198
27.3,55,5148.523452
24.1,79,5148.745255
7.8,5,5148.759736
27.1,55,5148.912382
26.7,67,5149.098302
26.6,65,5149.288816
26.85,56,5149.453068
27.3,55,5149.614753
22.55,30,5149.702796
13.25,16,5149.749726
22.25,92,5172.171268
25.2,77,5172.361137
23.5,51,5172.489485
25.3,67,5172.663082
19.3,131,5173.005422
-3.8,37,5173.110365
-2.7,15,5173.154499
24.1,91,5173.418674
-2.95,20,5195.465262
25.4,65,5195.635786
7.85,4,5195.646085
24.7,87,5195.878488
22.55,78,5196.094616
26.75,54,5196.246732
23.5,87,5196.492219
23.9,83,5196.735135
20.4,109,5219.240361
27.45,52,5219.383768
27.7,47,5219.514253
25.35,86,5219.753697
23.6,73,5219.959819
17.35,14,5219.998751
26.55,66,5220.182893
27.3,51,5220.32773
27.5,51,5220.467268
15.2,17,5242.844406
6.0,1,5242.84702
-4.75,32,5242.928274
26.0,65,5243.095222
27.85,40,5243.197759
27.0,57,5243.343952
26.55,62,5243.504236
9.9,3,5243.511864
20.65,120,5243.826541
26.25,60,5243.99073
27.65,44,5244.11096
26.15,50,5266.49078
27.1,59,5266.630114
3.25,260,5267.246245
6.0,1,5267.248647
25.0,77,5267.42936
7.9,3,5267.436334
24.45,72,5267.613375
25.2,61,5289.50918
5.95,2,5289.515065
11.6,9,5289.541509
26.45,52,5289.694537
16.5,31,5289.785631
21.5,123,5290.123478
26.7,59,5290.286832
-2.65,14,5290.326752
25.65,56,5290.491853
-2.9,15,5290.536035
20.35,30,5290.624022
9.8,5,5290.638824
-3.8,37,5290.74575
26.0,61,5312.869836
26.2,57,5313.024187
27.4,53,5313.170063
27.3,55,5313.321223
24.4,77,5313.532235
17.75,142,5313.920041
26.2,61,5314.087668
25.75,74,5336.521669
20.8,25,5336.586317
23.0,45,5336.702576
7.85,4,5336.713714
27.75,46,5336.839353
24.9,83,5337.062713
15.45,12,5337.0964
-5.05,54,5337.244479
25.45,64,5337.415622
26.7,51,5337.554165
-3.6,33,5337.646829
15.9,3,5337.65571
-2.0,1,5337.658773
20.9,115,5360.129317
23.9,95,5360.403832
26.9,59,5360.572124
-3.5,31,5360.663578
25.95,74,5360.875066
27.5,51,5361.021016
24.7,83,5361.259751
-4.7,39,5361.370763
24.8,81,5383.301191
24.6,81,5383.512799
25.95,78,5383.71984
-2.05,2,5383.727318
4.0,1,5383.73059
-3.35,28,5383.829934
-3.3,19,5383.900378
26.35,58,5384.110587
25.35,70,5384.350021
26.8,53,5384.520163
26.55,54,5384.682127
-4.2,37,5406.656389
20.25,36,5406.750805
25.9,71,5406.934383
27.65,48,5407.066824
26.25,72,5407.266419
-2.35,8,5407.288413
16.35,26,5407.36022
25.2,73,5407.568608
21.7,95,5407.875013
19.4,37,5407.992082
-2.65,14,5408.036283
-43.85,398,5430.619265
26.3,71,5430.803457
27.2,57,5453.474547
-2.0,1,5453.477194
25.2,69,5453.658081
27.45,44,5453.775716
20.3,111,5454.071671
-2.0,1,5454.07424
20.0,121,5454.398228
9.65,8,5454.420021
25.5,71,5454.611214
26.4,69,5454.796508
26.75,62,5477.202317
21.15,130,5477.556364
19.6,117,5477.876594
-2.0,1,5477.879096
20.3,103,5478.156137
27.55,50,5478.292028
9.8,5,5478.304574
9.6,9,5478.326559
26.35,50,5500.176417
18.65,28,5500.255105
-4.3,47,5500.392543
26.9,47,5500.525153
18.7,23,5500.588995
25.75,58,5500.754029
26.9,59,5500.924235
26.85,64,5501.108057
24.95,74,5501.32084
25.2,69,5501.517211
13.4,13,5501.552875
25.65,64,5524.087837
24.05,84,5524.311496
-3.75,32,5524.397953
28.25,36,5524.494972
-3.65,30,5524.578907
12.0,1,5524.581831
23.55,86,5524.821678
25.0,73,5525.025626
25.75,54,5525.177865
22.9,95,5547.684656
24.3,79,5547.89048
25.1,71,5548.078321
18.05,128,5548.415237
1.25,328,5571.009124
26.4,65,5571.207725
17.2,17,5571.259592
25.15,62,5571.448281
7.9,3,5571.457393
17.35,130,5571.859904
27.25,56,5572.042925
26.3,59,5572.226434
24.7,75,5594.411129
26.5,63,5594.634838
24.8,69,5594.856408
21.05,20,5594.917532
18.05,124,5595.310084
19.3,15,5595.3561
13.5,11,5595.389759
27.75,46,5595.530408
7.9,3,5595.539475
-2.8,17,5595.58924
26.55,58,5595.763904
19.95,126,5618.096565
27.0,49,5618.282721
26.7,63,5618.516078
27.45,52,5618.691925
27.55,50,5618.873675
21.6,45,5619.025981
22.1,107,5619.384435
27.65,40,5641.669115
15.7,7,5641.690036
25.8,45,5641.820858
25.5,71,5642.025613
24.1,83,5642.266118
9.75,6,5642.283624
-3.55,32,5642.376685
-3.8,33,5642.472964
-3.9,39,5642.587279
25.5,47,5642.727538
21.6,81,5642.968736
19.85,124,5665.504706
18.85,124,5665.891351
7.9,3,5665.900615
7.85,4,5665.913144
26.55,66,5666.118685
21.75,110,5666.461612
27.25,48,5666.612242
26.85,52,5666.772893
21.95,94,5689.109981
24.0,89,5689.392019
-2.0,1,5689.394888
-6.75,68,5689.60304
24.8,85,5689.869545
16.05,168,5690.384888
4.0,1,5690.387855
26.3,59,5712.452072
14.45,132,5712.866861
25.25,84,5713.142654
24.9,79,5713.39782
-5.6,49,5713.545617
-3.2,21,5713.610032
25.45,72,5713.836382
25.7,75,5736.326814
24.3,79,5736.555583
15.45,12,5736.591103
22.55,30,5736.679996
19.75,122,5737.057922
25.35,62,5737.260639
25.15,66,5737.472289
26.05,64,5737.677087
8.0,1,5737.680359
26.7,55,5737.85758
18.95,22,5760.110977
21.7,59,5760.315446
24.7,67,5760.541166
23.35,94,5760.854638
26.2,49,5761.008657
26.6,57,5761.199705
11.55,10,5761.231433
26.85,60,5761.420115
24.4,85,5761.692885
-3.1,23,5783.360298
7.85,4,5783.371998
-7.05,70,5783.575197
27.55,46,5783.713746
21.85,108,5784.045732
24.85,76,5784.278491
26.35,54,5784.444564
26.3,67,5784.650857
24.25,84,5784.910093
7.9,3,5807.539907
26.1,63,5807.75307
-4.25,38,5807.880701
-2.7,15,5807.931148
27.0,61,5808.140835
24.7,87,5808.427361
9.8,5,5808.444338
26.85,24,5808.525219
7.85,4,5808.538653
-2.0,1,5808.541992
6.0,1,5808.545403
23.5,83,5808.825836
26.3,63,5809.041793
27.6,49,5809.204108
-2.05,2,5809.210155
-2.45,10,5809.240347
24.1,79,5831.695648
25.7,59,5831.891807
12.65,176,5832.45012
23.35,90,5832.752511
24.35,82,5833.02601
-6.7,71,5854.780953
18.75,26,5854.859172
27.15,58,5855.033655
24.55,74,5855.255264
-3.25,22,5855.320913
-3.75,36,5855.430431
26.25,64,5855.628601
21.8,45,5855.767542
26.35,62,5855.955483
25.25,72,5856.172625
15.85,140,5878.48701
15.1,143,5879.053469
25.45,80,5879.32828
25.0,73,5879.572491
26.15,54,5879.74968
27.65,44,5901.456997
15.35,14,5901.500034
27.25,56,5901.670887
27.15,58,5901.848375
26.55,70,5902.063245
24.9,75,5902.289688
24.5,71,5902.492779
-3.45,30,5902.57842
17.1,115,5902.909079
26.5,31,5925.138304
24.5,67,5925.351673
27.9,43,5925.488344
26.75,62,5925.684697
-3.9,39,5925.810913
28.7,27,5925.897143
26.7,55,5926.071368
-2.0,1,5926.074431
28.05,40,5926.200669
7.8,5,5926.21647
23.55,94,5926.517894
26.1,67,5948.877965
26.25,72,5949.104008
11.85,4,5949.116699
26.7,55,5949.287592
15.55,10,5949.319661
24.55,78,5949.563758
26.0,65,5949.775483
27.6,49,5949.940118
-2.35,8,5949.967819
22.85,44,5950.120214
24.75,82,5950.40063
26.5,67,5972.146315
25.9,67,5972.361681
27.55,50,5972.530748
24.9,79,5972.806976
28.1,35,5972.930913
25.45,72,5973.1762
23.5,79,5973.468335
27.35,54,5973.665062
22.85,84,5995.581833
-6.55,52,5995.747169
26.75,62,5995.953201
16.95,18,5996.021154
26.65,52,5996.219012
23.95,74,5996.484688
24.45,84,5996.75579
-2.05,2,5996.761947
9.8,5,5996.777842
24.15,82,5997.035047
-4.25,42,5997.17113
25.65,76,6019.265539
7.8,5,6019.281349
21.95,110,6019.625794
-2.0,1,6019.62885
22.2,73,6019.85471
26.4,73,6020.079179
28.0,41,6020.20477
11.7,7,6020.226155
21.75,110,6020.563649
26.1,71,6042.529035
26.95,62,6042.72655
17.0,21,6042.795472
24.6,65,6043.001243
26.75,58,6043.179836
11.8,5,6043.196453
27.5,43,6043.33281
27.0,53,6043.497777
26.2,61,6043.699825
5.95,2,6043.706479
-3.75,36,6043.827176
23.0,97,6066.302814
27.3,55,6066.456409
27.45,48,6066.590504
25.55,74,6066.792935
26.65,56,6066.951935
26.65,56,6067.115611
26.1,71,6067.323702
28.0,41,6067.443706
26.7,67,6067.639642
20.1,39,6089.673734
-3.25,22,6089.74378
5.9,3,6089.752759
24.9,79,6089.987849
27.75,38,6090.10412
23.5,95,6090.381768
9.85,4,6090.393273
23.35,38,6090.501235
27.3,55,6090.657561
26.95,50,6090.799567
26.55,66,6090.991228
25.7,67,6113.238123
25.3,75,6113.442188
25.55,74,6113.65095
23.6,85,6113.89752
11.65,8,6113.92065
26.9,59,6114.091312
9.8,5,6114.105784
25.95,62,6114.28562
7.9,3,6114.294395
27.3,47,6114.426258
21.4,113,6136.554777
26.7,59,6136.736435
26.8,57,6136.913131
27.2,57,6137.090229
24.65,76,6137.326748
22.85,24,6137.402261
26.85,64,6137.654299
24.25,76,6137.93825
11.15,58,6159.995693
26.95,54,6160.152236
28.2,37,6160.257982
8.0,1,6160.260844
-6.05,54,6160.415004
-2.55,12,6160.44949
24.6,97,6160.73759
25.7,75,6160.967968
7.95,2,6160.974091
26.35,66,6161.178973
25.65,76,6161.415709
24.75,86,6183.322591
14.95,150,6183.76825
11.6,181,6184.336068
24.95,74,6184.565301
5.95,2,6184.571375
26.3,67,6206.239645
-2.0,1,6206.242599
-4.1,43,6206.373446
25.4,73,6206.595816
9.85,4,6206.60802
25.55,74,6206.833252
21.95,42,6206.961111
26.3,67,6207.16507
27.65,48,6207.31126
27.6,49,6207.46016
27.1,43,6207.591048
27.45,44,6229.780854
9.8,5,6229.795156
26.85,64,6229.986565
13.7,7,6230.007434
28.2,37,6230.118349
4.0,1,6230.121324
12.7,155,6230.602351
6.0,1,6230.605608
26.5,71,6230.837557
26.4,61,6231.036005
21.0,101,6231.365038
22.25,104,6253.186269
27.8,41,6253.309958
25.4,81,6253.556254
27.05,44,6253.693765
18.75,118,6254.06497
27.75,46,6254.204712
26.65,60,6254.390528
25.5,75,6276.331519
25.95,74,6276.555956
4.0,1,6276.558877
20.45,124,6276.913399
25.0,61,6277.083376
4.0,1,6277.086227
25.25,76,6277.303171
21.8,113,6277.631793
28.65,28,6299.478629
24.65,72,6299.715559
-2.0,1,6299.718801
25.25,72,6299.954815
25.15,78,6300.212131
26.6,69,6300.438399
27.6,49,6300.591772
22.8,109,6300.924053
18.9,23,6300.994476
-5.6,37,6323.102689
18.45,24,6323.184506
25.15,74,6323.426612
4.0,1,6323.429868
11.65,8,6323.455512
24.85,76,6323.702665
26.4,61,6323.898666
23.5,79,6324.147688
28.3,35,6324.258196
28.0,41,6324.387191
25.7,67,6324.59886
-2.75,16,6324.649961
-3.15,24,6346.613537
26.0,65,6346.789034
27.2,57,6346.944174
27.35,46,6347.071552
27.45,52,6347.222168
26.45,68,6347.419672
27.1,59,6347.591607
19.85,40,6347.714025
25.15,74,6347.937637
23.7,83,6369.838221
27.45,48,6369.97962
4.0,1,6369.982628
7.95,2,6369.988599
27.85,44,6370.11891
22.7,87,6370.373036
-2.8,17,6370.423354
25.5,75,6370.657939
26.8,49,6370.811177
26.9,51,6370.971431
19.6,117,6392.969258
-3.3,27,6393.05707
26.25,72,6393.290102
5.95,2,6393.296482
25.9,59,6393.4838
27.25,48,6393.636754
26.0,65,6393.842452
9.6,9,6393.871072
27.2,57,6394.049427
26.25,60,6394.253624
27.75,46,6394.410908
26.9,51,6417.57428
-2.7,15,6417.621737
15.15,18,6417.67872
24.2,89,6417.956048
27.05,60,6418.144517
23.05,20,6418.20751
28.3,31,6418.304904
26.9,55,6418.477632
-2.0,1,6418.480895
-3.4,29,6418.575101
26.9,51,6418.738069
21.15,102,6419.071467
18.25,112,6440.988682
26.8,45,6441.15924
25.8,61,6441.351272
26.25,56,6441.525677
13.45,12,6441.56306
27.65,48,6441.712779
27.15,58,6441.895847
26.7,59,6442.087184
27.8,45,6442.232955
22.15,102,6464.390352
5.95,2,6464.39674
26.35,58,6464.572235
26.25,64,6464.774
13.8,5,6464.789879
25.7,75,6465.026262
26.75,66,6465.253248
23.8,85,6465.541162
25.5,75,6465.795346
27.45,48,6488.000286
25.1,83,6488.240658
25.25,68,6488.448838
27.5,47,6488.597808
26.65,64,6488.799117
24.1,83,6489.056673
24.1,71,6489.284467
25.45,76,6489.493207
26.75,66,6511.936836
26.4,65,6512.143121
27.15,54,6512.304714
-3.45,30,6512.400985
26.7,51,6512.562718
25.6,77,6512.801491
27.05,60,6512.98366
26.95,62,6513.182262
26.15,66,6535.504594
11.6,9,6535.532365
16.85,20,6535.594302
7.8,5,6535.60986
-2.1,3,6535.619066
28.0,41,6535.745781
26.75,54,6535.91437
28.1,39,6536.038838
24.2,81,6536.291924
13.3,15,6536.338457
26.45,64,6536.53585
17.6,145,6536.984221
28.25,36,6558.984062
11.75,6,6559.003271
6.0,1,6559.006299
27.6,45,6559.144649
25.3,71,6559.368109
21.25,16,6559.417667
26.95,54,6559.586392
23.25,88,6559.856074
25.65,72,6560.077224
11.4,13,6560.117176
27.25,52,6560.278313
9.85,4,6560.290708
27.6,49,6560.443838
26.4,69,6583.479334
17.45,128,6583.864542
27.5,51,6584.014598
26.75,62,6584.197017
27.45,52,6584.350671
27.35,50,6584.499415
26.75,58,6584.678491
3.75,2,6584.684736
8.0,1,6584.68801
27.5,51,6584.848363
24.2,89,6606.580819
25.8,61,6606.773002
20.95,98,6607.079686
26.5,55,6607.264666
27.5,47,6607.423332
26.1,71,6607.648022
26.75,58,6607.829551
25.3,71,6629.786252
25.4,73,6630.037806
23.0,89,6630.321959
-3.45,26,6630.402192
24.45,80,6630.65026
27.6,45,6630.789787
4.0,1,6630.792942
21.95,94,6631.082579
27.25,52,6631.246756
10.0,1,6631.249849
27.75,42,6653.653307
15.6,9,6653.682012
-2.65,14,6653.728356
26.55,58,6653.92569
26.95,58,6654.117622
25.4,77,6654.365906
23.4,77,6654.624621
25.2,81,6654.87717
27.2,57,6655.071342
28.75,26,6655.153636
27.15,58,6677.260635
9.65,8,6677.285747
26.6,69,6677.508898
27.1,55,6677.679988
27.6,49,6677.822483
9.8,5,6677.837038
22.95,102,6678.132388
27.65,44,6678.268503
26.75,62,6678.459473
26.55,50,6678.612793
27.05,52,6700.775528
18.9,23,6700.837492
26.05,68,6701.017494
21.1,19,6701.067565
26.45,52,6701.20994
27.05,48,6701.343274
27.65,48,6701.4779
25.65,72,6701.687057
19.15,18,6701.74023
26.6,65,6701.932496
26.85,60,6702.124415
13.8,5,6702.14036
19.95,102,6724.143484
19.9,103,6724.425761
26.75,46,6724.561684
27.0,45,6724.693527
17.55,10,6724.722415
27.5,47,6724.859581
4.0,1,6724.862551
-3.8,37,6724.973135
27.55,50,6725.123693
27.1,59,6725.302987
27.35,54,6748.06545
4.0,1,6748.068703
23.45,76,6748.307899
9.65,8,6748.333212
23.65,92,6748.608071
6.0,1,6748.61108
11.0,213,6749.235065
26.45,68,6749.441206
-6.1,55,6770.816824
25.1,87,6771.086539
19.9,103,6771.405863
27.7,47,6771.551041
27.5,47,6771.6968
26.7,63,6771.890943
25.55,70,6772.110716
27.25,52,6772.290637
-2.95,20,6772.355787
26.8,61,6794.489903
18.8,25,6794.568296
-3.35,28,6794.65301
-2.0,1,6794.656069
-0.85,278,6795.554218
7.8,5,6795.571083
27.3,51,6795.731117
11.8,5,6795.746822
27.5,47,6795.893242
24.05,84,6818.33692
20.0,101,6818.650013
28.25,36,6818.760594
26.35,74,6818.996661
25.6,69,6819.212916
26.5,63,6819.413246
27.4,49,6819.560545
26.6,57,6841.461799
27.55,42,6841.592236
17.35,14,6841.635801
24.3,87,6841.905603
27.5,47,6842.054337
27.9,43,6842.18575
17.25,16,6842.234859
24.85,76,6842.469161
-5.6,41,6842.593683
27.3,55,6842.763283
22.0,97,6865.038989
27.55,50,6865.215694
24.1,83,6865.500344
15.3,15,6865.552264
5.95,2,6865.559163
27.15,54,6865.742389
27.0,57,6865.93682
26.75,62,6866.145404
22.75,102,6866.472527
5.95,2,6866.479034
27.5,51,6866.645799
25.35,90,6888.543511
26.5,67,6888.739316
27.65,44,6888.866841
28.4,29,6888.950468
26.1,63,6889.132812
22.7,95,6889.407909
27.05,40,6889.52736
23.8,73,6889.754642
27.9,43,6911.669404
26.4,61,6911.857282
-2.0,1,6911.860397
-2.0,1,6911.863496
27.9,43,6911.997226
25.35,78,6912.26356
-2.15,4,6912.276739
19.45,124,6912.68522
25.15,74,6912.926608
25.7,67,6913.145009
26.15,66,6935.198842
15.35,14,6935.240253
-2.45,10,6935.270795
11.7,7,6935.292279
-3.75,24,6935.365919
11.7,7,6935.387815
24.65,76,6935.622205
25.5,51,6935.780442
17.55,10,6935.811334
27.0,53,6935.975787
27.35,54,6936.142209
28.0,41,6936.268572
26.3,59,6936.450108
26.5,67,6936.65511
26.7,67,6958.995381
20.35,50,6959.139607
27.6,49,6959.279566
23.5,95,6959.542633
18.75,22,6959.606134
27.15,54,6959.75669
26.9,51,6959.905607
26.65,64,6960.100882
27.2,49,6960.252327
27.15,50,6982.156286
27.75,46,6982.297642
26.65,64,6982.495132
24.0,73,6982.723631
11.65,8,6982.748456
-2.0,1,6982.75158
22.35,94,6983.043697
-2.0,1,6983.046726
25.95,74,6983.275941
25.8,69,6983.486984
6.0,1,6983.490018
21.9,103,7005.892289
27.75,46,7006.027145
25.9,59,7006.199988
27.45,48,7006.344575
24.7,75,7006.584615
27.55,50,7006.745355
26.5,63,7006.942468
28.2,37,7007.057939
27.25,44,7007.194511
25.4,73,7029.076681
27.5,47,7029.212768
4.0,1,7029.215677
24.55,78,7029.441888
15.3,151,7029.878748
26.55,66,7030.070765
25.8,65,7030.259556
28.3,35,7030.361325
26.9,51,7030.514077
28.2,37,7052.59183
-3.0,21,7052.656885
23.0,85,7052.916404
20.25,108,7053.246298
9.75,6,7053.264602
22.8,85,7053.522048
-2.95,20,7053.582994
15.3,15,7053.628823
9.95,2,7053.634973
26.05,80,7053.879348
28.15,38,7053.995117
27.25,52,7076.194447
26.65,68,7076.390993
25.95,66,7076.588548
-4.5,51,7076.736337
27.9,43,7076.860095
27.35,54,7077.021353
28.3,35,7077.14197
23.45,88,7077.438914
24.65,76,7099.835845
26.55,62,7100.007458
26.5,63,7100.18097
-3.15,24,7100.24752
27.2,53,7100.39207
15.6,9,7100.416704
-4.65,54,7100.568383
26.5,63,7100.752677
25.35,70,7100.954418
27.9,43,7101.079069
17.3,15,7101.122379
26.5,63,7123.563869
26.5,71,7123.776422
19.9,119,7124.126945
-2.15,4,7124.138837
25.25,76,7124.362139
28.55,30,7124.4512
25.1,67,7124.650004
27.05,48,7124.792546
22.25,104,7146.955991
27.85,44,7147.079812
-2.0,1,7147.08266
26.45,52,7147.232847
28.55,30,7147.319483
24.0,81,7147.553884
21.3,107,7147.864787
-2.55,12,7147.899443
22.05,112,7148.223913
27.05,60,7170.563024
27.05,52,7170.722159
25.55,74,7170.95288
27.75,42,7171.087309
6.0,1,7171.09053
26.2,65,7171.290716
19.45,136,7171.710148
17.1,19,7171.768605
13.55,10,7171.799236
7.85,4,7171.811403
26.95,50,7171.96414
-3.15,24,7172.034828
28.2,37,7194.442111
-3.25,22,7194.508117
17.05,20,7194.566505
26.85,60,7194.743014
-2.65,14,7194.784301
-3.45,30,7194.878032
27.9,43,7195.013123
23.15,106,7195.32436
24.8,77,7195.550655
27.3,51,7195.699713
26.15,66,7195.890582
27.2,53,7217.416333
27.45,52,7217.570746
26.85,60,7217.749485
24.75,86,7218.004787
27.2,53,7218.161754
26.6,65,7218.354629
-3.65,34,7218.455666
26.5,63,7218.666803
-2.0,1,7218.670227
11.6,9,7218.700852
27.3,47,7218.861596
26.95,62,7244.088318
27.8,45,7244.230274
28.45,28,7244.314748
26.8,61,7244.533848
25.7,83,7244.830554
22.7,27,7244.923714
-2.0,1,7244.927048
25.65,68,7245.150103
19.1,19,7245.223069
26.25,72,7245.459296
