#{"t_start": 1785877245.7088976, "env_id": "None"}
r,l,t
11.995,1,0.263679
9.75,1,0.273924
11.245,4,0.306593
11.995,1,0.314821
9.75,1,0.32178
9.75,1,0.329097
9.99,2,0.347855
10.995,5,0.39177
9.74,3,0.419203
9.75,1,0.428445
10.661667,1,0.441518
9.22,9,0.514722
11.455,11,0.598659
11.995,1,0.607416
11.745,2,0.623261
10.523333,15,0.742293
10.661667,1,0.750794
11.073333,3,0.775069
10.141667,7,0.836222
9.391667,10,0.919406
10.313333,8,0.985351
9.543333,15,1.102763
8.98,8,1.164883
10.823333,4,1.197844
11.745,2,1.215481
9.75,1,1.222847
7.96,16,1.347357
11.043333,9,1.419505
10.661667,1,1.429674
10.043333,13,1.533652
9.75,1,1.54018
9.99,2,1.557169
7.315,51,1.975661
9.013333,23,2.154393
6.605,46,2.514979
11.995,1,2.524055
10.563333,7,2.581094
11.245,4,2.611954
5.115,99,3.37975
7.515,60,3.855336
8.865,35,4.129347
11.745,2,4.145251
9.99,2,4.16184
7.476667,50,4.547592
10.571667,23,4.724135
11.745,2,4.739838
7.89,38,5.035795
10.725,6,5.083741
7.615,40,5.388107
10.283333,14,5.498529
10.901667,6,5.545294
4.165,93,6.280275
6.588333,63,6.775875
10.146667,6,6.823245
7.653333,50,7.223788
6.451667,63,7.722095
9.066667,26,7.926564
9.74,3,7.9489
8.846667,21,8.106617
9.75,1,8.113328
9.99,2,8.130374
9.75,1,8.137271
8.228333,29,13.775172
10.975,5,13.819906
9.975,40,14.162865
9.965,42,14.513695
11.095,12,14.613646
9.75,1,14.621704
10.425,17,14.757696
9.12,60,15.248213
10.91,9,15.324146
10.406667,3,15.348542
11.391667,6,15.396909
7.69,83,16.078147
10.89,13,16.181408
10.78,4,16.214301
11.995,1,16.222982
10.636667,6,16.273257
11.17,6,16.320293
10.035,15,16.437698
10.9,11,16.526097
10.485,5,16.565047
9.99,2,16.58109
10.661667,1,16.589184
10.29,35,16.868934
10.77,6,16.916496
7.44,84,17.58629
9.818333,5,17.629647
9.705,32,17.886145
9.75,1,17.892935
10.24,14,18.006369
10.145,11,18.095917
11.323333,2,18.112623
11.035,24,18.307353
10.77,19,18.45701
11.323333,2,18.474336
11.58,4,18.505187
11.375,5,18.545102
10.405,21,18.712138
9.99,2,18.727835
8.325,45,19.091292
10.385,25,19.292822
7.79,45,19.652516
9.085,27,19.87248
10.465,9,19.944258
10.985,3,19.967682
8.54,60,20.459774
11.58,4,20.491551
9.84,45,20.853975
10.85,21,21.022667
7.12,68,21.559041
9.495,56,22.009151
10.75,10,27.571703
10.975,5,27.613884
10.661667,1,27.62195
10.475,7,27.680029
9.99,2,27.69643
9.99,2,27.713524
10.585,3,27.740804
10.195,1,27.750073
11.55,10,27.83857
11.56,8,27.908193
9.99,2,27.931523
10.77,6,27.985936
10.655,11,28.077436
11.365,7,28.136001
11.313333,4,28.170285
11.036667,6,28.21847
-5.42,100,29.020278
11.995,1,29.030113
9.015,45,29.398657
9.34,47,29.7863
9.725,50,30.183538
9.065,71,30.77208
9.385,56,31.234036
10.975,5,31.276205
10.77,6,31.324328
10.975,5,31.36393
10.686667,27,31.584758
9.653333,91,32.33121
11.026667,8,32.397716
10.848333,17,32.538281
10.861667,23,32.723022
10.091667,17,32.860705
9.596667,49,33.25483
10.77,6,33.306109
10.893333,39,33.627142
10.661667,1,33.637328
11.391667,6,33.686512
9.851667,78,34.320302
10.5,11,34.408691
11.313333,4,34.439552
10.666667,31,34.695492
11.735,4,34.728163
10.835,24,34.930429
9.903333,41,35.256919
9.99,2,35.274366
11.313333,4,35.306374
11.323333,2,35.32356
10.743333,20,35.484599
9.99,2,35.500182
9.75,1,35.506923
9.935,57,41.380193
10.578333,22,41.565457
11.033333,11,41.657384
10.641667,5,41.699896
10.256667,2,41.715399
9.99,2,41.733766
10.49,13,41.847436
10.385,3,41.87341
11.313333,4,41.908597
10.405,12,42.012559
9.88,37,42.319441
10.71,18,42.474912
10.78,4,42.510206
11.335,35,42.807683
10.77,6,42.858008
11.401667,13,42.967325
11.026667,8,43.0358
11.273333,12,43.137788
10.52,7,43.199641
11.273333,12,43.301079
10.77,6,43.351995
10.39,2,43.368712
11.293333,8,43.437413
10.545,33,43.720113
10.256667,2,43.737185
10.878333,11,43.829435
10.77,6,43.881097
9.99,2,43.899026
10.735,4,43.933364
11.313333,4,43.968798
10.641667,5,44.011642
11.323333,2,44.029411
10.656667,2,44.045769
10.77,6,44.095737
11.155,9,44.173562
10.75,10,44.259205
11.323333,2,44.275914
10.986667,16,44.416485
10.656667,2,44.434122
10.868333,13,44.544991
11.97,6,44.595495
10.071667,21,44.770025
10.656667,2,44.787619
11.995,1,44.79768
10.341667,16,44.935413
11.313333,4,44.970183
10.513333,4,45.005058
10.888333,9,45.080747
11.283333,10,45.164597
10.878333,11,45.254489
9.523571,87,46.002984
-3.269524,100,46.810419
11.985,3,46.838061
-2.820238,100,47.65978
10.72,16,47.796598
11.17,6,47.845752
10.541429,6,47.895647
9.162857,53,48.325904
-2.698095,100,49.145294
10.574048,62,49.64814
10.551905,42,55.423507
10.763095,46,55.805683
10.993571,38,56.11503
10.641667,5,56.154649
10.261667,32,56.415976
10.492857,32,56.683411
9.75,1,56.690316
10.141905,26,56.90754
10.985,3,56.930438
10.585,3,56.956649
10.513333,4,56.992919
9.78119,41,57.33026
11.026667,8,57.400923
10.913095,65,57.931173
10.78,4,57.966705
10.644048,48,58.35597
11.012857,26,58.567345
9.99,2,58.584826
-2.017619,100,59.409814
10.893095,69,59.979258
9.762619,61,60.482486
10.052143,14,60.595644
10.251667,34,60.882949
9.472143,32,61.157458
10.661905,20,61.323863
10.812143,9,61.398371
9.75,1,61.405797
9.99,2,61.425047
10.53,5,61.468271
10.328333,1,61.476529
10.902381,10,61.558547
10.180476,2,61.57488
10.501429,14,61.691514
10.593095,31,61.943499
9.99,2,61.960155
10.312143,11,62.053265
10.335,4,62.087241
10.721905,8,62.153981
10.541429,6,62.203591
9.512143,73,62.811426
10.681905,16,62.941266
9.89381,81,63.598489
11.183333,30,69.265454
11.641667,5,69.310578
10.972619,15,69.43341
10.20119,6,69.48695
10.898333,7,69.546938
10.360952,4,69.579757
10.975,5,69.623792
10.992619,11,69.716015
11.293333,8,69.786593
11.16381,23,69.981949
11.995,1,69.989697
10.328333,1,69.999136
10.431905,17,70.142286
11.052857,18,70.295448
10.735,4,70.329749
11.474286,48,70.747975
11.363571,13,70.85897
11.995,1,70.869316
10.45119,5,70.911925
10.992619,11,71.00944
11.253333,16,71.145036
10.862381,18,71.301082
10.992619,11,71.39247
10.641667,5,71.43291
11.243333,18,71.586131
10.562143,10,71.671391
10.822857,15,71.795773
10.985,3,71.822067
10.78,4,71.858042
11.113095,25,72.069652
11.17,6,72.121656
11.985,3,72.146809
10.992619,11,72.238872
10.902381,10,72.320359
11.273333,12,72.416621
10.902381,10,72.499964
10.812143,9,72.578957
10.992619,11,72.672989
11.082857,12,72.775124
10.652381,11,72.87265
10.952619,19,73.034472
11.32,7,73.090958
10.360952,4,73.123658
10.77,6,73.173877
10.631667,7,73.230613
11.19381,17,73.371689
11.313333,4,73.404933
10.898333,7,73.459921
10.631667,7,73.517946
10.912381,8,73.584234
10.131667,9,73.658758
10.641667,5,73.701541
10.39,2,73.719049
10.993333,19,73.878922
10.812143,9,73.954475
10.902381,10,74.038261
10.291429,7,74.097814
10.78,4,74.132833
10.661667,1,74.141976
10.721905,8,74.209584
9.75,1,74.216254
10.562143,10,74.3025
10.993333,19,74.468248
10.812143,9,74.541477
10.381667,8,74.606498
11.333571,19,74.77555
9.75,1,74.783485
9.75,1,74.791762
8.82,93,75.574415
10.865,9,75.650704
10.721905,8,75.715812
-3.235714,100,76.537115
10.262857,78,77.189699
10.665,20,77.350348
11.505,10,77.434251
10.480714,12,77.530389
10.146429,38,83.335384
10.317857,16,83.470235
10.297143,14,83.588681
11.006429,13,83.696931
10.42,18,83.844731
10.511429,12,83.94633
10.146429,38,84.258877
10.730714,11,84.350265
-3.664286,100,85.1799
10.17,19,85.339157
10.656667,2,85.35538
10.735,4,85.389288
10.793571,27,85.606273
9.75,1,85.614168
-3.143571,100,86.441111
9.124286,73,87.0505
10.710714,15,87.174652
9.671429,86,87.887358
10.450714,18,88.038124
11.149286,13,88.147466
11.365,7,88.203114
10.156429,36,88.502296
10.661667,1,88.510383
9.700714,21,88.686589
-3.602857,100,89.5087
11.641667,5,89.552507
10.777143,16,89.686267
11.995,1,89.694162
10.52,47,90.083812
9.99,2,90.101028
9.916429,35,90.391715
10.322857,17,90.531079
9.958571,49,90.930618
10.812143,9,91.003394
10.170714,25,91.20937
9.062143,67,97.171164
10.976429,19,97.328991
10.332143,5,97.371471
10.812143,9,97.446777
10.552857,20,97.615262
10.378571,10,97.698247
11.497857,29,97.943537
10.822143,7,98.001512
10.746429,16,98.137211
10.597857,9,98.212523
10.446429,27,98.441451
10.867857,57,98.91216
10.996429,15,99.042399
10.807143,10,99.125367
10.597857,9,99.200856
10.465,7,99.258626
11.17,6,99.308076
11.98,4,99.339316
10.996429,15,99.467518
11.052857,18,99.615516
10.797143,12,99.712475
10.664286,10,99.796011
10.554286,32,100.059445
10.93,14,100.172194
10.531429,8,100.23993
10.843571,17,100.380446
11.072857,14,100.497702
10.567857,15,100.623304
11.54,12,100.723279
11.995,1,100.733038
11.93,14,100.847652
10.664286,10,100.929071
11.385,23,101.121151
10.555714,48,101.51774
11.062857,16,101.652367
10.812143,9,101.731148
10.797143,12,101.827093
11.195714,18,101.980212
10.93,14,102.098195
11.175714,22,102.283129
10.465,7,102.341337
10.664286,10,102.422252
10.797143,12,102.522422
10.93,14,102.641104
9.75,1,102.648311
10.513333,4,102.684945
11.002143,22,102.868436
10.624286,18,103.018153
11.56,8,103.09025
11.129286,17,103.234661
10.88,24,103.43326
10.853571,15,103.559192
10.902381,10,103.64229
10.39,2,103.65888
11.052857,18,103.808297
10.721905,8,103.874751
11.129286,17,104.015589
10.577857,13,104.127545
10.996429,15,104.254349
10.465,7,104.310856
10.853571,15,104.438434
10.787143,14,104.553142
10.700714,17,104.692493
10.398571,6,104.744663
11.032857,22,104.934356
10.859286,22,105.120211
9.98,4,105.153703
10.776667,9,105.228474
11.135714,30,105.47497
11.042857,20,105.647352
10.597857,9,111.191106
11.165714,24,111.393762
10.730714,11,111.487798
11.129286,17,111.628636
11.195714,18,111.77757
10.797143,12,111.878089
11.527857,23,112.068655
10.656667,2,112.086248
11.995,1,112.094466
10.985,3,112.119106
11.17,6,112.169549
11.062857,16,112.304247
10.360952,4,112.335508
11.328571,20,112.506074
10.93,14,112.624786
11.323333,2,112.640427
11.232143,25,112.848259
10.996429,15,112.975642
10.720714,13,113.085731
11.062857,16,113.220189
10.39,2,113.236782
11.338571,18,113.386695
10.996429,15,113.514786
9.99,2,113.53148
10.843571,17,113.677617
10.797143,12,113.782511
10.265714,4,113.816697
11.308571,24,114.021641
10.797143,12,114.122379
11.313333,4,114.15671
10.93,14,114.275223
11.175714,22,114.461075
10.312143,9,114.54129
11.995,1,114.550116
11.062857,16,114.685099
11.262143,19,114.844656
10.992619,11,114.936471
10.597857,9,115.013657
11.985,3,115.039094
11.16381,23,115.225066
10.93,14,115.345263
-1.166667,100,116.265397
10.89,22,116.453124
-2.904444,100,117.272627
10.822143,7,117.330278
-2.002778,100,118.153589
9.99,2,118.17139
11.262143,19,118.33333
11.995,1,118.341966
8.831667,75,118.95426
-0.957222,100,125.263663
10.902381,10,125.348341
10.660556,79,126.003663
9.478333,75,126.617313
-3.205,100,127.450656
11.001667,33,127.730545
10.505556,10,127.812244
-0.689444,100,128.640849
11.323333,2,128.658415
-1.813333,100,129.486177
-0.722222,100,130.303954
11.253333,16,130.430406
10.517778,52,130.853859
-2.826111,100,131.671103
10.610556,40,132.003759
9.75,1,132.010284
-4.073889,100,132.820823
9.549444,83,133.51407
10.440556,25,139.223424
10.751667,34,139.507012
11.061667,21,139.678875
11.173095,13,139.790152
9.75,1,139.797061
9.421667,55,140.261169
10.039444,34,140.547046
11.155,9,140.623236
10.986429,17,140.76989
10.362222,25,140.985816
10.973889,34,141.269313
10.960556,19,141.428693
10.741111,25,141.632173
10.624286,18,141.779312
10.873571,11,141.872833
10.808889,16,142.008151
10.869444,15,142.1329
11.026667,8,142.202759
10.199286,3,142.227061
10.768333,13,142.336506
11.051667,23,142.528461
10.898333,7,142.585157
10.758333,15,142.712111
-2.591111,100,143.551668
10.641667,5,143.595766
10.812143,9,143.670299
11.263333,14,143.788414
10.951111,32,144.056435
10.859444,17,144.19795
9.99,2,144.214801
10.687778,18,144.359975
10.970556,17,144.497831
10.505556,10,144.582623
10.385,27,144.816797
11.313333,4,144.849413
10.531429,8,144.916606
10.541429,6,144.96925
10.758333,15,145.096725
10.970556,17,145.24436
10.87,26,145.46232
10.761667,32,145.733167
11.183333,30,145.984376
10.902381,10,146.068256
11.162778,23,146.262841
10.758333,15,146.387744
10.356667,13,146.49373
9.75,1,146.500945
11.995,1,146.50978
10.975,5,146.552292
11.142222,16,146.686073
11.132778,29,146.926808
11.031667,27,147.157256
10.93,14,147.274724
11.995,1,147.282638
10.931111,36,147.588935
11.072222,30,153.321312
11.534048,17,153.46766
10.707778,14,153.584755
10.940556,23,153.774526
11.234444,42,154.124227
11.173333,32,154.390796
10.985,3,154.416945
10.91,18,154.568124
10.92,16,154.701562
10.661667,1,154.709476
11.052222,34,154.99512
10.960556,19,155.154823
11.061667,21,155.332063
11.112222,22,155.514757
10.859444,17,155.651461
10.91,18,155.797541
10.859444,17,155.942769
10.721905,8,156.013053
10.39,2,156.031023
11.213333,24,156.232424
11.425556,26,156.452617
10.513333,4,156.486157
10.768333,13,156.59523
10.713333,26,156.814189
11.155,9,156.887872
10.920556,27,157.114383
11.022143,18,157.265574
11.323333,2,157.282274
11.122222,20,157.451056
10.91,18,157.600336
11.213333,24,157.803349
11.021667,29,158.043691
11.112778,33,158.322639
10.940556,23,158.51204
11.253889,27,158.740818
10.88,24,158.939909
9.75,1,158.946492
11.17,6,158.9982
11.17,6,159.047011
10.78,4,159.081361
10.91,18,159.232433
10.789444,31,159.492781
11.026667,8,159.560537
11.183333,30,159.814641
11.995,1,159.82272
10.556111,11,159.914181
10.707778,14,160.031003
10.195,1,160.03967
9.99,2,160.057076
10.912778,24,160.257859
10.9,20,160.429968
11.755,9,160.504225
10.996429,15,160.630813
11.021111,18,160.781642
11.243889,29,161.025409
10.657222,13,161.133714
10.859444,17,161.276032
11.283889,21,161.454642
9.99,2,161.471778
10.457778,15,161.598508
10.812143,9,161.674916
10.546111,13,167.193533
11.112222,22,167.377992
10.347857,10,167.463836
10.758333,15,167.591794
11.466111,29,167.833046
11.071667,19,167.994412
10.758333,15,168.114254
10.505556,10,168.19893
10.758333,15,168.322919
11.314444,26,168.539667
10.748333,17,168.676512
11.365,7,168.736511
11.264444,36,169.031071
10.606667,12,169.129762
10.808889,16,169.264572
10.9,20,169.431973
10.758333,15,169.558234
10.940556,23,169.744259
11.152778,25,169.95017
10.960556,19,170.103955
10.707778,14,170.220494
11.011111,20,170.384068
10.970556,17,170.530442
10.758333,15,170.655479
10.808889,16,170.791031
10.556111,11,170.881201
10.606667,12,170.982021
10.91,18,171.135271
11.061667,21,171.31063
10.606667,12,171.409029
10.859444,17,171.548518
11.112222,22,171.732682
10.657222,13,171.845932
11.323333,2,171.862447
11.323333,2,171.881445
10.77,6,171.932052
10.556111,11,172.019619
11.092222,26,172.240365
9.75,1,172.248039
10.812857,17,172.391629
10.808889,16,172.527954
10.960556,19,172.686726
10.950556,21,172.858628
10.511111,22,173.03762
11.132778,29,173.278176
10.758333,15,173.403445
10.902381,10,173.483943
10.607857,7,173.543931
10.657222,13,173.654714
-3.64,100,174.496479
11.195714,18,174.65321
-1.545556,100,175.479675
-2.568889,100,181.716446
-2.190556,100,182.551563
11.17,6,182.604807
-2.680556,100,183.427821
10.863571,13,183.532583
-4.305556,100,184.353833
-2.124444,100,185.198924
-1.857778,100,186.014964
11.995,1,186.024587
10.641667,5,186.06604
11.323333,2,186.081159
10.073889,47,186.481475
-2.347778,100,187.310561
-1.278889,100,188.151885
10.985,3,188.176382
10.541429,6,188.225487
-1.634444,100,189.064136
10.721905,8,189.132096
10.092222,70,195.207186
10.39,2,195.224556
10.377778,22,195.406482
10.218889,36,195.708198
11.17,6,195.758932
10.607778,25,195.972868
10.837222,37,196.27168
10.631111,16,196.405231
9.935,57,196.889867
10.620556,27,197.113773
10.867778,22,197.295956
9.75,1,197.304151
10.746111,24,197.505246
10.676111,38,197.819287
10.355,9,197.894578
10.43,25,198.096866
11.995,1,198.106243
11.668333,13,198.212775
10.975,5,198.253966
10.631111,16,198.38859
-1.411111,100,199.214392
10.334444,35,199.507033
10.946667,24,199.708599
9.75,1,199.717526
10.545,33,199.994358
10.37,37,200.303157
9.98,4,200.33756
10.946111,33,200.622164
10.666667,31,200.878908
10.680556,15,201.00473
10.617778,23,201.195578
11.54,12,201.295695
11.034444,42,201.647067
10.420556,18,201.797842
10.896667,34,202.077873
10.502778,15,202.201413
10.601111,22,202.3849
10.641667,5,202.427035
10.729444,23,202.620383
10.258333,37,202.938137
10.328333,1,202.946858
10.561667,21,203.121999
10.871111,79,209.198712
11.192778,37,209.510817
-2.368333,100,210.354271
10.72,16,210.490073
10.71,18,210.642061
10.749444,19,210.797966
10.798333,27,211.027511
10.657222,24,211.233166
10.606667,12,211.334669
10.798889,18,211.482006
11.015556,28,211.712473
10.808333,25,211.925051
10.926111,37,212.238154
10.972778,32,212.505886
10.749444,19,212.663271
10.936667,26,212.881908
-1.411111,100,213.716522
10.340556,34,214.00244
9.716111,34,214.286479
11.026667,8,214.357481
11.021111,49,214.774557
10.78,4,214.808081
10.696667,25,215.019875
11.006111,21,215.194545
11.995,1,215.204018
11.534048,17,215.346652
11.082857,12,215.448506
10.488889,31,215.70889
10.828333,21,215.881107
9.99,2,215.89869
10.578333,22,216.083444
10.867778,22,216.269458
10.661667,1,216.27773
11.025556,26,216.490974
11.005556,30,216.742262
10.502778,15,216.86731
11.043333,58,217.351764
10.601667,13,217.461311
10.480714,12,217.56049
10.896111,43,223.321595
10.867778,22,223.504901
10.996429,15,223.633593
10.749444,19,223.788958
10.863571,13,223.900563
11.183333,30,224.155207
11.56,8,224.222432
10.814444,37,224.530097
10.788889,20,224.695291
11.173095,13,224.805781
10.394444,10,224.887086
10.7,20,225.056811
9.75,1,225.063625
11.313333,4,225.100485
10.986111,25,225.309489
11.301667,33,225.591039
10.661667,1,225.599143
10.902381,10,225.685847
11.172778,21,225.863135
10.912381,8,225.931779
10.775556,27,226.159899
10.721905,8,226.227176
11.104444,28,226.466258
10.670556,17,226.609067
10.722778,33,226.894683
10.597857,9,226.969368
11.262222,32,227.24085
10.562222,12,227.345321
10.604444,30,227.603164
11.034444,42,227.955522
11.261667,41,228.29358
10.91,18,228.445063
11.995,1,228.453664
10.538889,21,228.627402
11.082857,12,228.730106
10.867778,22,228.915727
10.956667,22,229.102423
10.877222,29,229.343793
11.212778,33,229.612642
10.808333,25,229.820064
10.877222,29,230.060346
10.78,4,230.09484
10.992619,11,230.186427
10.729444,23,230.38044
10.902381,10,230.462921
10.661667,1,230.470683
10.907222,23,230.662403
11.129286,17,230.803002
10.985,3,230.828937
10.71,18,230.982664
10.687222,18,231.135703
10.936667,26,231.352412
11.045,31,231.614869
10.657222,24,237.29606
10.749444,19,237.458889
10.828333,21,237.640007
10.597857,9,237.717384
11.035556,24,237.918653
10.562143,10,238.00295
11.173333,32,238.274066
10.749444,19,238.432821
11.283333,10,238.519112
11.995,1,238.528536
11.353571,15,238.650858
11.104444,28,238.88992
10.531429,8,238.955353
11.073889,43,239.318046
10.986111,25,239.527101
10.641667,5,239.569379
10.46,19,239.726987
10.946667,24,239.929335
11.104444,28,240.163089
10.847778,26,240.382447
10.828333,21,240.562037
11.055,29,240.812067
10.854444,29,241.052153
11.065,27,241.28456
10.867778,22,241.467892
10.39,2,241.484204
11.114444,26,241.701231
11.015556,28,241.934957
11.025556,26,242.151738
10.065556,9,242.23213
11.222778,31,242.489812
10.828333,21,242.661186
11.173333,32,242.935724
10.367222,33,243.21175
11.425556,26,243.430683
10.621111,18,243.586612
10.956667,22,243.77421
10.946667,24,243.97117
10.631111,16,244.105622
9.98,4,244.140517
10.907222,23,244.333284
11.313333,4,244.368075
10.952778,36,244.671244
11.995,1,244.679422
10.78,4,244.712953
10.815,28,244.954073
10.976111,27,245.177821
10.641667,5,245.22256
10.966111,29,245.464298
10.710556,20,245.631363
11.025556,26,251.263596
11.323333,2,251.281876
10.708889,36,251.588897
10.986111,25,251.796055
10.986111,25,252.009034
11.065,27,252.23351
10.975,5,252.274633
10.78,4,252.308721
10.946667,24,252.510971
9.75,1,252.518816
10.89,22,252.706029
10.946667,24,252.912849
11.222778,31,253.173118
10.812143,9,253.247319
10.867778,22,253.431736
10.670556,17,253.57094
10.617778,23,253.763119
9.98,4,253.795598
10.93,14,253.913669
10.828333,21,254.091466
10.473333,12,254.189318
11.183333,30,254.436808
10.907222,23,254.623176
10.946667,24,254.821491
9.99,2,254.838535
10.907222,23,255.034536
11.065,27,255.257043
11.995,1,255.265458
11.143889,29,255.508669
11.104444,28,255.740309
10.986111,25,255.947589
11.995,1,255.955754
10.926667,28,256.192021
10.893889,30,256.44317
10.360952,4,256.475542
10.897222,25,256.686124
11.323333,2,256.703274
10.512778,13,256.813333
10.903889,28,257.048426
10.986111,25,257.260062
10.512778,13,257.367415
10.828333,21,257.547602
10.778889,22,257.739134
-3.029091,121,258.923893
-1.830909,121,265.423606
-2.131364,121,266.440503
-3.582273,121,267.446916
10.769545,57,267.930353
-1.884545,121,268.937314
10.661667,1,268.947158
-2.03,121,269.946229
11.995,1,269.95642
-1.476818,121,270.959564
-1.622273,121,271.972242
10.627273,20,272.143561
-1.966818,121,273.150631
9.118636,84,279.330033
9.75,1,279.338395
10.586818,30,279.589286
10.778182,48,279.996455
-2.611818,121,281.010552
10.18,26,281.227276
10.863571,13,281.334844
10.762727,22,281.518986
10.401364,38,281.829643
11.026667,8,281.894445
9.999545,64,282.423846
10.513333,4,282.456336
10.608182,33,282.734171
-1.423182,121,283.756443
10.284091,27,283.98438
10.515909,35,284.277511
10.721364,23,284.470664
10.983636,36,284.773001
11.082857,12,284.874782
10.037727,100,285.707414
10.554545,20,285.873503
10.262273,13,285.984196
-1.767727,121,287.000007
-3.063636,121,293.415726
10.564545,18,293.563813
11.006364,46,293.950797
11.119091,38,294.277282
10.444091,44,294.646657
10.642727,46,295.037276
10.669545,28,295.270657
10.784091,25,295.477476
10.617273,22,295.660418
10.656667,2,295.677668
9.99,2,295.694667
11.283333,10,295.781722
10.898182,24,295.97857
10.328333,1,295.986538
10.661667,1,295.994653
11.011111,20,296.165974
10.648636,23,296.357302
10.39,2,296.374566
10.306818,37,296.68095
10.121818,105,297.566821
10.641667,5,297.610475
11.365,7,297.666962
10.701364,27,297.889926
10.846818,27,298.114811
10.538889,21,298.292494
10.564545,18,298.441536
10.328333,1,298.450721
-1.413636,121,299.462656
11.995,1,299.4738
10.711364,25,299.682474
10.797143,12,299.778605
11.162778,23,299.975082
10.762727,22,300.16003
10.752727,24,300.364995
10.656667,2,300.381279
10.583182,69,300.958863
10.732727,28,301.195124
11.323333,2,301.212455
10.345909,20,301.380014
11.131818,50,301.801745
11.365,7,301.859371
10.68,24,307.554777
10.784091,25,307.761328
10.631667,7,307.81818
11.109091,40,308.149906
10.859545,39,308.47543
11.067727,41,308.820163
11.985,3,308.844752
10.483636,38,309.158279
11.233182,37,309.475574
10.846818,27,309.700844
10.909545,29,309.946325
9.75,1,309.952995
11.065,27,310.180551
10.815455,26,310.407254
10.712273,34,310.694092
11.323333,2,310.711192
10.628636,27,310.941223
11.201818,36,311.246481
10.627273,20,311.413471
10.721364,23,311.603883
10.513333,4,311.636308
10.77,6,311.687246
11.365,7,311.742843
9.75,1,311.752401
10.068889,17,311.89172
10.817727,42,312.248273
10.78,4,312.281242
10.242727,28,312.512687
10.868182,30,312.774101
10.533182,17,312.918708
10.730714,11,313.008568
10.270714,3,313.034338
10.533182,17,313.175982
10.909545,29,313.419757
10.501818,16,313.550659
10.940909,30,313.806832
10.77,6,313.857669
10.608182,33,314.138561
10.816364,35,314.432989
10.501818,16,314.566321
10.788889,20,314.736211
10.627273,20,314.90482
10.512727,23,315.101457
11.140455,41,315.442194
11.026667,8,315.508599
10.607273,24,315.716203
11.313333,4,315.749117
10.668636,19,315.909782
10.868182,30,321.645081
11.42,36,321.945924
10.985,3,321.971342
10.711364,25,322.180075
9.99,2,322.197094
11.323333,2,322.214714
10.795455,30,322.468379
10.963636,40,322.802877
10.879545,35,323.0943
10.69,22,323.280205
10.878182,28,323.515479
11.087727,37,323.824673
10.69,22,324.008603
11.173095,13,324.116961
10.547273,36,324.421925
10.910455,38,324.751089
10.701364,27,324.980633
10.453636,44,325.356347
10.534091,26,325.575825
10.815455,26,325.797254
10.680556,15,325.921014
11.015556,28,326.157357
9.75,1,326.164655
10.543182,15,326.292527
10.360455,50,326.714591
10.920909,34,327.002258
10.774091,27,327.228284
11.035,33,327.502713
11.995,1,327.511738
10.808889,16,327.647438
10.752727,24,327.853783
10.985,3,327.879663
10.471364,24,328.083661
10.701364,27,328.312083
10.564545,18,328.470053
10.721364,23,328.663295
11.641667,5,328.704289
10.639091,36,329.012536
10.752727,24,329.212049
10.950909,28,329.44858
10.952273,35,329.742216
10.544091,24,329.947815
10.808636,53,335.877356
11.17,6,335.926661
10.930909,32,336.200572
10.670556,17,336.343353
10.859444,17,336.487741
10.857727,34,336.774694
10.033182,19,336.935797
10.940909,30,337.189148
10.786364,41,337.531855
10.888182,26,337.746663
11.056364,36,338.047419
10.849545,41,338.392167
10.664286,10,338.47472
10.878182,28,338.70986
10.42,27,338.943865
10.661667,1,338.951721
10.574545,16,339.084276
10.996429,15,339.20934
11.17,6,339.258386
10.940909,30,339.509123
10.899545,31,339.768334
11.005909,48,340.168995
10.888182,26,340.389569
10.846818,27,340.619868
10.501818,16,340.758598
11.035,33,341.039997
11.323333,2,341.056496
10.972273,31,341.315659
10.544091,24,341.516108
10.505556,10,341.598802
10.398636,24,341.797914
11.066364,34,342.086967
10.963636,40,342.426426
11.003636,32,342.695019
10.533182,17,342.841328
10.597857,9,342.914673
10.784091,25,343.121226
10.397727,15,343.25016
10.742727,26,343.467764
10.313636,10,343.554755
10.195,1,343.562577
10.752727,24,343.76574
10.656667,2,343.781414
10.882273,49,344.199667
10.940909,30,349.932185
11.003636,32,350.202991
10.775455,34,350.490525
10.492727,27,350.714133
10.872222,21,350.892708
10.617273,22,351.078296
10.721364,23,351.267388
11.323333,2,351.284997
11.195714,18,351.433863
11.066364,34,351.720188
11.061667,21,351.901929
10.627273,20,352.074397
10.950909,28,352.311692
11.162778,23,352.506393
10.784091,25,352.711093
11.003636,32,352.984326
10.985,3,353.01003
10.940909,30,353.268557
10.595909,19,353.430529
10.627273,20,353.59817
10.940909,30,353.853638
10.595909,19,354.011447
10.513182,21,354.184656
11.066364,34,354.477021
10.732273,30,354.730999
10.919545,27,354.960546
11.641667,5,355.001966
10.721364,23,355.194881
10.940909,30,355.446593
10.962273,33,355.723636
11.985,3,355.74952
10.596667,14,355.866178
11.38,44,356.236827
10.846818,27,356.462054
11.117727,31,356.720669
10.993636,34,357.003872
10.762727,22,357.187998
11.995,1,357.195962
10.784091,25,357.407418
10.985,3,357.4315
10.91,18,357.585688
10.661667,1,357.594525
10.366818,25,357.806607
10.856818,25,358.015023
10.607273,24,358.213946
11.129091,36,364.000177
10.878182,28,364.236449
11.727143,26,364.457051
11.035,33,364.737753
10.67,26,364.958643
11.985,3,364.983395
10.846818,27,365.207308
10.658636,21,365.382749
10.628182,29,365.626817
10.721364,23,365.81787
11.995,1,365.825881
11.995,1,365.835066
10.513333,4,365.867761
10.69,22,366.051992
11.594286,24,366.252592
10.595909,19,366.406578
10.815455,26,366.622115
10.920909,34,366.902605
10.534545,24,367.102117
10.752727,24,367.303878
10.986111,25,367.511756
10.972273,31,367.775474
10.940909,30,368.027552
11.077727,39,368.354473
10.658636,21,368.529296
10.69,22,368.716227
10.661667,1,368.724923
10.69,22,368.908
10.721364,23,369.106798
11.003636,32,369.374769
10.784091,25,369.586767
10.888182,26,369.804227
10.878182,28,370.035822
11.097727,35,370.324145
10.533182,17,370.470008
11.985,3,370.497283
10.564545,18,370.650454
10.878182,28,370.882156
10.816818,33,371.162864
11.365,27,371.390071
10.794091,23,371.587635
11.985,3,371.613273
9.99,2,371.629911
11.025556,26,371.852312
10.815455,26,372.070795
9.99,2,372.088098
10.564545,18,372.23885
10.574545,16,372.369555
10.596667,14,377.887931
11.365,7,377.948132
10.638636,25,378.158211
10.812857,17,378.297524
10.742727,26,378.510446
-2.611667,144,379.823228
11.195714,18,379.985253
-1.174545,144,381.179265
-1.053333,144,382.400464
-3.041061,144,383.610171
10.631667,7,383.671711
-3.106818,144,384.889992
-1.328636,144,386.104027
-2.005606,144,392.740161
9.569091,121,393.749383
11.328571,20,393.918694
-2.578788,144,395.122626
-2.39697,144,396.330425
6.612121,136,397.45756
11.365,7,397.515954
10.809697,32,397.781828
-5.056515,144,398.984747
-1.752879,144,400.193647
10.780909,62,406.111684
10.632576,25,406.327342
-2.760606,144,407.534432
11.061667,21,407.712005
10.549697,35,407.999949
-1.455,144,409.198908
10.749444,19,409.360424
10.870303,32,409.642085
11.995,1,409.650404
10.541429,6,409.70007
-2.21,144,410.907001
10.941515,42,411.264127
10.574394,73,411.876024
10.880303,30,412.126068
10.774394,33,412.399457
11.995,1,412.408727
10.839444,21,412.581913
10.513333,4,412.618328
10.881515,54,413.062215
10.875606,37,413.370617
10.733788,29,413.615863
10.84803,91,414.37516
10.759091,30,420.040686
10.670909,35,420.329417
10.815,37,420.635502
10.569697,31,420.894322
11.985,3,420.917878
10.544394,30,421.165745
10.667879,24,421.366185
10.642576,23,421.560066
10.797143,12,421.656265
10.458485,29,421.895803
11.668333,13,422.004672
-1.934697,144,423.20636
11.641667,5,423.247312
10.642576,23,423.439582
10.572576,37,423.745587
11.07803,45,424.117933
10.563182,51,424.541617
10.596212,56,425.016438
10.585,34,425.298228
10.356818,67,425.854687
11.17,6,425.904315
11.275909,43,426.259178
10.956818,45,426.631038
10.869444,15,426.759308
10.795,41,427.105718
10.966818,43,427.464914
10.607273,24,427.665411
11.353571,15,427.793152
10.732727,28,428.027533
10.996429,15,428.150578
11.313333,4,428.183216
11.323333,2,428.201774
10.905606,31,433.923918
10.123333,144,435.124406
10.71,18,435.278884
10.739091,34,435.556729
10.456818,47,435.943236
10.808889,16,436.073286
10.774394,33,436.347867
11.026667,8,436.417521
10.693182,25,436.621598
10.813939,67,437.184046
10.696667,25,437.386983
10.875606,37,437.697785
10.536667,26,437.915378
10.664286,10,438.000445
11.159242,53,438.439007
10.888182,26,438.653165
10.754394,37,438.963088
10.416212,43,439.319258
10.480758,19,439.479799
10.671061,89,440.2346
10.808889,16,440.375782
9.75,1,440.382429
10.815,37,440.698721
10.552222,14,440.814631
10.395606,35,441.111464
10.885606,35,441.408086
10.885606,35,441.703032
10.911515,48,442.100331
10.610303,35,447.815497
10.946212,35,448.110531
10.698485,30,448.358997
10.860303,34,448.651402
10.606667,12,448.751486
10.898333,7,448.811629
10.951515,40,449.139168
10.759091,30,449.383714
10.714394,45,449.759124
10.656667,2,449.776142
10.58197,23,449.965563
10.541429,6,450.016318
10.812143,9,450.093123
10.600303,37,450.399642
10.512778,13,450.508469
10.759091,30,450.758692
10.895606,33,451.03701
10.430152,17,451.18077
9.75,1,451.188783
10.585,3,451.217038
11.283333,10,451.303972
11.012121,40,451.637335
11.323333,2,451.653837
10.663788,43,452.012964
10.819697,30,452.26004
10.632576,25,452.465333
10.57197,25,452.677546
10.606667,12,452.780363
11.155,9,452.855015
10.743788,27,453.079281
11.323333,2,453.095782
10.736818,40,453.429379
11.002121,42,453.784221
11.995,1,453.792639
10.985,3,453.818629
10.812143,9,453.891948
10.513333,4,453.925684
10.78,4,453.959332
10.706212,34,454.244882
10.708485,28,454.476444
10.491364,29,454.718775
10.906212,43,455.082296
10.748333,17,455.22617
9.75,1,455.234089
10.936212,37,455.541618
10.176818,54,455.983337
10.531429,8,456.05157
10.531429,8,456.11867
11.263889,25,461.744743
10.686212,38,462.062967
10.93,14,462.182186
10.885606,35,462.473264
11.985,3,462.499661
10.661667,1,462.508111
10.480758,19,462.662648
10.357273,25,462.876007
10.506061,20,463.048002
10.664286,10,463.128331
10.686212,38,463.450465
10.623182,39,463.78139
10.835,33,464.059382
11.129286,17,464.200336
10.480758,19,464.35696
10.718485,26,464.57759
11.995,1,464.58664
10.667879,24,464.788692
10.863571,13,464.898262
10.328333,1,464.907557
9.99,2,464.923972
10.850303,36,465.223131
10.870303,32,465.492385
10.656667,2,465.509529
10.597879,38,465.825238
10.642576,23,466.015955
10.450758,25,466.224052
11.037424,41,466.562068
10.77,6,466.610781
10.916212,41,466.951252
10.683182,27,467.17627
10.597879,38,467.487351
10.759091,30,467.739218
10.688485,32,467.999574
10.860303,34,468.282801
11.323333,2,468.297791
10.523182,19,468.45615
10.632576,25,468.663344
10.878182,28,468.890306
10.486061,24,469.088023
10.666212,42,469.440428
10.683182,27,469.664494
10.496061,22,469.848362
11.113333,44,470.222341
11.270455,55,476.10008
10.743788,27,476.324474
10.723788,31,476.586597
10.693182,25,476.79655
10.815,37,477.10669
10.865606,39,477.437253
10.744394,39,477.767314
10.660909,37,478.080872
10.759091,30,478.329174
10.617273,22,478.516252
10.976818,41,478.85557
10.749697,44,479.220001
11.995,1,479.22918
10.808636,62,479.748893
10.635606,36,480.0494
10.707778,14,480.167339
10.775606,57,480.651108
10.855606,41,480.995713
10.835,33,481.270359
10.632576,25,481.48021
11.017424,45,481.855778
10.555,40,482.186277
11.012121,40,482.518366
11.012121,40,482.856045
10.732121,47,483.250487
10.733788,29,483.489931
11.022121,38,483.811041
10.809697,32,484.074778
11.213333,24,484.274303
11.062727,42,490.05902
10.951515,40,490.385305
10.78,4,490.416708
11.072727,40,490.749669
10.898333,7,490.809398
10.875606,37,491.118693
10.794394,29,491.368944
10.480758,19,491.533481
10.822727,41,491.876104
10.975,5,491.918973
10.885606,35,492.208662
10.643788,47,492.597936
10.860303,34,492.879833
10.951515,40,493.216073
10.809697,32,493.483694
10.670909,35,493.780183
10.354242,14,493.898081
10.870303,32,494.155633
10.784394,31,494.415113
10.59197,21,494.588612
9.99,2,494.604177
10.708485,28,494.842906
11.012121,40,495.174872
10.430152,17,495.315398
10.708485,28,495.550859
10.906212,43,495.907845
10.885606,35,496.199737
10.975,5,496.241327
10.427879,23,496.435016
10.784394,31,496.695667
10.482778,19,496.854073
10.754545,42,497.202154
10.739444,21,497.375378
10.986818,39,497.704271
11.037424,41,498.046018
11.17,6,498.094804
10.996111,23,503.706427
10.784394,31,503.967541
10.657879,26,504.186409
10.809697,32,504.450129
10.708485,28,504.686348
10.506061,20,504.858279
10.815,37,505.168723
9.75,1,505.177322
11.012121,40,505.521787
10.360952,4,505.554454
10.128333,1,505.56277
10.708485,28,505.796026
11.199242,45,506.173006
10.39,2,506.19254
10.759091,30,506.446123
10.789697,36,506.745192
10.733788,29,506.992115
10.774394,33,507.274154
10.678485,34,507.556065
11.995,1,507.56479
10.860303,34,507.849896
10.809697,32,508.120922
10.870303,32,508.388817
10.820303,42,508.740864
11.037424,41,509.082705
11.395,21,509.263021
10.708485,28,509.495094
10.758333,15,509.621228
11.313333,4,509.655718
11.113333,44,510.03101
10.708485,28,510.270021
10.531364,21,510.444727
11.265152,50,510.859512
10.860303,34,511.156389
11.129286,17,511.298648
10.58803,45,511.683018
11.149242,55,512.148229
10.78,4,512.18315
10.906212,43,518.028688
11.082857,12,518.12937
10.900909,38,518.446526
10.733788,29,518.683674
10.825,35,518.972439
11.313333,4,519.004779
11.037424,41,519.349039
10.647879,28,519.579713
10.784394,31,519.840744
11.012121,40,520.175866
11.103333,46,520.566905
10.195,1,520.575446
11.026667,8,520.64629
10.531364,21,520.819978
10.885606,35,521.118472
10.835,33,521.383834
11.283333,10,521.46902
10.920909,34,521.753212
10.661667,1,521.761115
11.017424,45,522.142179
11.155,9,522.21593
10.809697,32,522.48594
10.812143,9,522.564841
10.541429,6,522.613069
11.411667,11,522.705966
10.660909,37,523.010499
10.683182,27,523.240385
10.613182,41,523.582372
10.787424,42,523.923438
10.860303,34,524.201203
10.996818,37,524.511704
11.08803,43,524.875271
10.863571,13,524.982189
10.975,5,525.022012
10.910909,36,525.320902
10.656667,2,525.337414
11.012121,40,525.67143
10.936212,37,525.984765
10.886212,47,531.853476
10.815,37,532.169166
10.784394,31,532.427945
11.169242,51,532.855817
10.430152,17,532.996126
10.936212,37,533.304497
10.58197,23,533.502072
10.607273,24,533.700689
11.103333,46,534.087894
10.632576,25,534.293817
10.490758,17,534.436087
10.78,4,534.470051
10.825,35,534.766227
10.809697,32,535.033343
10.784394,31,535.290165
11.189242,47,535.688666
10.809697,32,535.959721
10.910909,36,536.266605
10.698485,30,536.517518
10.513333,4,536.5515
10.683182,27,536.7751
10.661667,1,536.783836
10.445455,20,536.95454
11.08803,43,537.31844
10.733788,29,537.559383
10.661667,1,537.569251
10.885606,35,537.866529
11.239848,49,538.279551
10.895606,33,538.559875
11.97,6,538.608391
10.749091,32,538.883075
10.657222,13,538.994382
10.387273,19,539.155034
10.664286,10,539.23854
10.936212,37,539.541912
10.960556,19,539.701144
11.155,9,539.776058
10.733788,29,540.016712
10.910909,36,540.317396
11.155,9,540.393284
-6.192308,169,547.318438
-2.183974,169,548.734745
-1.628462,169,550.158715
10.536667,26,550.384686
-1.255256,169,551.823181
-3.873333,169,553.24624
-1.050128,169,560.152034
10.353889,7,560.209823
-1.614231,169,561.609448
10.730714,11,561.709517
-2.132692,169,563.118145
-1.386282,169,564.515641
-2.052949,169,565.932815
-1.614231,169,567.334014
11.011111,20,567.501939
9.653077,156,574.210436
10.597857,9,574.28696
9.34859,34,574.566067
10.540513,56,575.034833
-1.819359,169,576.428732
9.893718,64,576.965866
-2.038718,169,578.392833
10.816282,47,578.786158
9.919487,154,580.081436
9.865385,52,580.518798
10.631154,43,580.884601
-2.001667,169,582.295051
10.629487,61,588.288933
10.825641,40,588.624017
10.744359,46,589.006135
10.93141,65,589.554862
10.513333,4,589.588741
10.722436,35,589.883169
9.196923,131,590.971679
10.690769,59,591.45642
11.995,1,591.464736
9.54141,147,592.689565
10.825641,40,593.025782
10.661795,42,593.376497
10.641154,41,593.71105
10.753718,39,594.045316
10.858205,54,594.508542
10.16,21,594.685822
10.806282,49,595.099367
10.433462,21,595.277395
10.898205,46,595.66622
11.17,6,595.723398
10.610513,42,596.077193
11.015,37,596.386769
10.743077,36,602.167221
10.649872,29,602.412927
10.749444,19,602.571563
-2.038718,169,603.976047
10.485385,26,604.197856
10.353462,37,604.508001
10.457308,47,604.905045
10.846818,27,605.129731
11.995,1,605.138745
10.421154,36,605.44371
10.812143,9,605.52069
10.503718,40,605.854462
10.518846,78,606.505378
10.602436,59,607.000072
10.990769,48,607.402162
10.838846,63,607.930793
11.313333,4,607.96412
11.155,9,608.038417
10.585,3,608.063789
10.538205,69,608.641117
10.496026,29,608.882199
10.902381,10,608.967355
11.411667,11,609.057218
10.700769,106,609.949773
10.668205,43,610.315986
10.836282,43,616.110506
10.610513,42,616.461699
10.938846,43,616.824021
10.454103,22,617.005914
10.769091,28,617.243739
10.700909,29,617.493236
10.814359,32,617.761731
10.784091,25,617.97159
11.995,1,617.979506
10.639872,31,618.241782
10.805641,44,618.609304
11.380556,35,618.908032
10.460769,56,619.37589
11.995,1,619.383254
10.703077,44,619.751235
10.595909,19,619.912012
10.585,3,619.938301
10.188846,46,620.323833
10.630513,38,620.65008
10.77,6,620.702564
10.628205,51,621.124987
10.661667,1,621.134165
10.681154,33,621.414065
10.805,39,621.74462
-2.930385,169,623.152526
9.97,6,623.204005
10.992619,11,623.295355
11.985,3,623.320907
11.313333,4,623.353261
10.433462,21,623.52978
10.767564,67,624.083778
9.91141,73,630.109015
10.495385,24,630.30949
10.745,51,630.730433
10.589231,36,631.027909
10.856282,39,631.351431
10.917222,21,631.52613
10.350897,17,631.667142
9.776026,26,631.883971
10.639872,31,632.14174
10.775,45,632.517912
10.339872,42,632.871044
10.743077,36,633.162602
10.628205,51,633.589552
10.825641,40,633.921445
10.422436,46,634.308509
10.619231,30,634.559104
9.75,1,634.567081
10.743077,36,634.865315
10.557308,27,635.093142
11.323333,2,635.11115
11.323333,2,635.127883
10.825641,40,635.470555
11.56,8,635.540425
10.609872,37,635.852329
9.75,1,635.859785
11.042051,48,636.266957
10.815641,42,636.621729
10.619231,30,636.87204
10.59859,29,637.115463
11.365,7,637.173851
10.369231,31,637.431275
11.155,9,637.50684
10.860303,34,637.792183
10.58197,23,637.986361
10.483718,44,638.360977
10.805,39,644.097295
10.835641,38,644.418621
10.946212,35,644.711984
10.785,43,645.080101
10.878182,28,645.317452
10.639872,31,645.58382
11.103974,51,646.01143
10.846282,41,646.358528
10.836282,43,646.72049
10.863571,13,646.8299
11.641667,5,646.87291
10.577949,28,647.110399
11.263889,25,647.317952
10.631111,16,647.452427
10.73141,56,647.913
11.115897,64,648.441176
10.585,3,648.465467
10.733077,38,648.786532
10.35859,28,649.022154
10.701795,34,649.304111
10.825641,40,649.634121
10.722436,35,649.919771
10.660513,32,650.187457
10.439091,14,650.303229
10.585,3,650.326857
10.637564,44,650.689781
10.825641,40,651.026089
11.97,6,651.076508
10.58859,31,651.328773
10.721795,30,651.582402
10.258974,20,651.751151
11.093974,53,652.185313
11.411667,11,652.275118
10.943974,83,658.382291
10.888846,53,658.824232
11.995,1,658.833201
10.78,4,658.865492
10.808889,16,658.995587
10.887564,43,659.354777
10.712436,37,659.660151
11.097727,35,659.953101
10.670513,30,660.202592
10.856282,39,660.525605
10.658205,45,660.90282
10.288974,14,661.02304
10.660513,32,661.293088
10.722436,35,661.579895
10.639872,31,661.842554
11.44381,16,661.974475
10.516667,30,662.230614
10.909487,54,662.681571
10.740769,49,663.092275
11.073333,52,663.524722
10.758333,15,663.656555
10.939487,48,664.057317
10.825641,40,664.388047
11.365,7,664.446157
10.918846,47,664.848042
10.795,41,665.189243
10.39,2,665.205676
10.577949,28,665.439012
10.887564,43,665.799361
10.681154,33,666.072106
10.940909,30,666.327078
10.805,39,672.060286
10.908205,44,672.426897
10.928846,45,672.801728
10.866923,42,673.150466
10.784359,38,673.468257
10.919487,52,673.900347
10.805,39,674.232193
10.816282,47,674.635333
10.877564,45,675.019654
10.701795,34,675.306705
10.975,5,675.349331
11.313333,4,675.383022
10.701795,34,675.665542
10.516026,25,675.882068
11.143889,29,676.129874
10.649872,29,676.373124
10.656667,2,676.392231
10.773718,35,676.692245
10.656667,2,676.711156
10.607273,24,676.912021
10.843974,54,677.361322
10.990769,48,677.766507
11.143889,29,678.009416
10.949487,46,678.394718
9.75,1,678.402241
11.052051,46,678.789724
10.661667,1,678.798521
10.928846,45,679.17431
10.825641,40,679.51239
10.545641,47,679.905175
10.701795,34,680.193066
10.857564,49,686.074625
11.062692,49,686.483725
10.743077,36,686.796556
10.595909,19,686.955227
10.753718,39,687.283326
11.093974,53,687.729223
11.995,1,687.738607
10.856923,44,688.111683
10.887564,43,688.474267
11.112222,22,688.653961
10.670513,30,688.899691
10.774091,27,689.139565
10.990769,48,689.539886
10.640513,36,689.828651
10.640513,36,690.12006
10.763718,37,690.434515
10.920128,57,690.899308
10.629231,28,691.135066
10.678846,46,691.516078
11.032051,50,691.937147
11.313333,4,691.972614
10.567949,30,692.226572
10.629231,28,692.45995
11.105256,61,692.968138
11.173095,13,693.078499
10.454103,22,693.267247
10.784359,38,693.590174
10.867778,22,693.780466
10.451795,35,694.067427
10.763718,37,694.374934
10.827564,55,700.315053
10.928846,45,700.698385
10.628182,29,700.946432
10.722436,35,701.241337
10.763718,37,701.553348
11.155,9,701.625767
10.836923,48,702.03026
10.276026,24,702.230419
11.033974,65,702.778644
10.808889,16,702.915264
10.805,39,703.238225
10.797143,12,703.341194
10.435385,36,703.642064
10.77,6,703.690931
10.829697,28,703.924975
10.860303,34,704.215534
10.992692,63,704.738316
10.96141,59,705.232841
10.632576,25,705.44104
10.908205,44,705.809563
10.660513,32,706.07553
9.75,1,706.082849
10.691795,36,706.382612
10.947179,59,706.879898
10.836923,48,707.281053
10.897179,69,707.853565
10.918846,47,708.247419
10.670513,30,708.499617
11.032051,50,714.390076
10.868205,52,714.829101
10.720769,53,715.269123
10.887564,43,715.630049
11.093974,53,716.073584
10.629231,28,716.305969
11.026667,8,716.376156
11.073974,57,716.844299
10.980769,50,717.267063
10.908205,44,717.639013
10.859444,17,717.782096
10.39,2,717.79972
10.856923,44,718.173969
11.995,1,718.182542
10.887564,43,718.546344
10.701795,34,718.839182
10.58197,23,719.03153
10.743077,36,719.335607
10.887564,43,719.695668
10.606667,12,719.793196
10.596282,42,720.143353
11.062857,16,720.275544
10.928846,45,720.657379
10.816282,47,721.052013
9.99,2,721.067838
10.732436,33,721.344126
10.557308,27,721.568714
10.846282,41,721.909132
10.784359,38,722.223909
10.763718,37,722.534935
10.836923,48,728.352067
11.17,6,728.39993
10.908205,44,728.770269
10.599231,34,729.050804
10.660513,32,729.315054
10.699487,47,729.700689
10.660513,32,729.969983
10.928846,45,730.350715
11.323333,2,730.367475
10.949487,46,730.751793
11.063333,54,731.207405
10.784359,38,731.520401
11.093974,53,731.958714
10.928846,45,732.335553
10.490769,50,732.752046
10.629231,28,732.982451
11.985,3,733.008925
10.506026,27,733.236485
10.564545,18,733.389968
10.764359,42,733.743517
10.39,2,733.759212
10.808889,16,733.89525
10.763718,37,734.197737
11.54,12,734.297059
10.60859,27,734.521957
11.995,1,734.530892
10.743077,36,734.829112
10.784359,38,735.135389
10.660513,32,735.405406
10.928846,45,735.774182
10.701795,34,736.054777
11.995,1,736.062572
10.990769,48,736.450832
10.288974,14,736.566554
10.683718,53,742.431492
10.639872,31,742.689582
10.45119,5,742.728305
10.688846,44,743.087921
10.526026,23,743.275225
10.672436,45,743.651444
10.195,1,743.659194
10.701795,34,743.944426
10.805,39,744.269535
10.908205,44,744.641935
11.146538,63,745.169079
10.596282,42,745.513768
10.701795,34,745.79394
10.808889,16,745.924324
11.045,31,746.176232
11.755,9,746.254494
11.353571,15,746.37815
10.949487,46,746.762153
10.949487,46,747.152057
10.898205,46,747.576378
10.846282,41,747.921873
10.992619,11,748.015462
10.878182,28,748.254484
10.763718,37,748.568811
10.846282,41,748.921676
10.908205,44,749.283277
10.711795,32,749.554754
10.639872,31,749.814268
11.283333,10,749.898258
10.784394,31,750.155419
10.938846,43,750.515466
10.992051,58,756.412866
10.639872,31,756.67411
10.909545,29,756.917769
10.788889,20,757.086102
10.909545,29,757.335238
10.619231,30,757.594567
10.637564,44,757.975486
11.641667,5,758.017756
11.073333,52,758.455578
10.825641,40,758.796307
10.77,6,758.846323
10.639872,31,759.108739
11.052692,51,759.537335
10.743077,36,759.838882
11.193333,28,760.076519
10.898205,46,760.466126
10.866923,42,760.816811
10.657879,26,761.034873
10.59859,29,761.279234
10.866923,42,761.633643
10.763718,37,761.948548
10.809697,32,762.211706
10.743077,36,762.510843
10.743788,27,762.737076
-4.845055,196,764.601568
-1.763462,196,771.650152
-4.609066,196,773.28502
10.513333,4,773.325283
11.139242,57,773.808119
-1.76022,196,775.441017
-1.584396,196,777.090972
-4.034396,196,784.153526
-3.01044,196,785.782854
-3.358846,196,787.419296
10.401154,40,787.752968
-1.936044,196,789.398561
10.480714,12,789.494844
-4.477198,196,791.103737
10.591667,15,791.229751
-1.634835,196,798.260595
11.026667,8,798.326539
-1.672308,196,799.95236
-2.246978,196,801.5882
10.402143,42,801.939834
10.697033,54,802.392171
-2.023956,196,804.039619
10.896813,58,804.52623
10.048187,55,804.986043
11.641667,5,805.026681
10.241923,69,805.613549
10.609444,18,805.759281
10.587253,32,806.029318
10.626813,112,812.370307
11.985,3,812.397223
9.397033,118,813.38983
10.447253,60,813.892535
10.748333,17,814.03309
-2.294176,196,815.661866
10.615879,52,816.102612
10.656667,2,816.11971
10.577253,34,816.403489
10.452363,37,816.706432
10.631111,16,816.840848
10.749444,19,816.999229
11.985,3,817.025955
10.655165,36,817.323085
10.662143,39,817.646292
10.740989,54,818.094835
9.017033,194,819.73117
9.482143,128,826.271988
10.407473,24,826.473877
10.661667,1,826.483379
10.615165,44,826.854148
10.588901,53,827.3025
10.974725,60,827.80542
10.361209,37,828.112494
10.594231,35,828.40783
-1.98,196,830.039923
10.446099,42,830.394919
10.513718,38,830.707605
11.065,27,830.937208
10.700055,49,831.34597
10.818901,56,831.816276
9.75,1,831.822867
10.594231,35,832.108832
10.713077,42,832.45894
10.328333,1,832.466969
10.514945,59,832.960109
11.985,3,832.985737
10.555879,64,833.52726
10.564945,49,833.932253
9.833077,71,834.523434
10.658636,21,840.16315
10.273791,138,841.313505
10.516061,18,841.466459
10.395165,39,841.798477
10.568901,57,842.270984
10.902381,10,842.35288
10.784394,31,842.608701
10.797967,47,842.999595
10.91,18,843.150086
10.409121,45,843.520361
10.696099,41,843.861773
10.755879,73,844.473181
10.314231,42,844.823105
10.775556,27,845.04474
10.703077,44,845.413654
10.531154,63,845.938638
10.672637,138,847.083524
10.594231,35,847.371165
10.361209,37,847.680016
10.577253,34,847.965621
11.035659,61,848.484549
10.865879,51,854.331663
10.686099,43,854.705479
10.587253,32,854.977768
11.082857,12,855.077765
10.209615,88,855.82345
10.657879,26,856.043608
10.745879,75,856.671393
10.954725,64,857.216171
10.523297,36,857.517351
10.589121,58,857.999181
11.985,3,858.024227
10.534011,42,858.372261
10.615165,44,858.739824
10.193077,48,859.146035
10.975,5,859.188493
11.365,7,859.247194
10.604231,33,859.530262
10.749103,114,860.491212
10.493297,42,860.842601
10.812857,66,861.393969
10.656667,2,861.410031
9.427033,63,861.94153
10.933791,55,862.401591
10.842857,60,868.426499
10.821923,51,868.857894
10.629872,33,869.133668
11.123333,42,869.481867
10.415455,26,869.702024
10.760989,50,870.118765
10.865606,39,870.457964
9.75,1,870.46417
10.760989,50,870.879931
10.903791,61,871.381967
10.422143,38,871.698061
10.777967,51,872.130791
10.866813,64,872.66366
10.645165,38,872.977267
10.429121,41,873.323001
10.656099,49,873.733909
10.645165,38,874.056945
10.984725,58,874.5502
10.45119,5,874.591295
10.829615,62,875.107794
10.532637,117,876.078801
11.092222,26,876.292907
10.476813,93,882.483143
10.807967,45,882.85792
10.458407,27,883.082153
10.889835,55,883.539304
10.661667,1,883.54893
10.848901,50,883.963101
10.492363,29,884.207444
10.661667,1,884.216953
10.863791,69,884.786308
10.805659,58,885.259822
10.774945,56,885.716573
11.004725,54,886.17058
10.977747,55,886.632555
10.577253,34,886.918413
10.858901,48,887.321073
10.749091,32,887.58562
10.743077,36,887.879882
10.797967,47,888.274876
10.744725,57,888.760175
10.556111,11,888.85117
10.776667,9,888.924993
10.920769,62,889.44785
10.804945,50,889.860912
10.838901,52,890.30742
10.696099,41,890.646188
10.760989,50,896.56058
11.995,1,896.568349
10.815455,26,896.790005
10.831923,49,897.206618
10.662143,39,897.537821
10.537253,42,897.896171
10.585,3,897.921642
10.759091,30,898.170044
10.544945,53,898.617909
10.744011,49,899.030093
10.594231,35,899.334788
10.730055,43,899.699937
10.236667,6,899.750889
10.560275,33,900.028555
9.75,1,900.036618
10.706099,39,900.361181
10.985,3,900.386755
10.664286,10,900.470455
10.179121,42,900.821624
10.483297,44,901.199013
11.011703,57,901.682337
10.250055,41,902.021852
10.975,5,902.063613
10.967747,57,902.539907
10.760989,50,902.955924
10.916813,54,903.404297
10.924725,70,904.001826
10.797967,47,904.394182
10.747033,44,904.762033
10.882857,52,910.622779
10.668681,81,911.296853
11.995,1,911.30838
10.543297,32,911.576729
10.747033,44,911.945484
10.747033,44,912.314178
10.929835,47,912.704181
11.018681,60,913.206279
10.814945,48,913.606371
10.696099,41,913.953295
11.411667,11,914.044235
11.045659,59,914.544482
10.792857,70,915.13202
10.717033,50,915.549621
10.740769,49,915.963089
10.557967,46,916.339924
10.717033,50,916.765743
10.875879,49,917.173893
10.889835,55,917.629485
10.530989,47,918.019721
10.787967,49,918.431846
10.899835,53,924.286388
10.950769,56,924.762801
10.292637,116,925.736506
10.814945,48,926.145551
11.011111,20,926.317259
10.517967,54,926.769508
10.91,18,926.919528
10.679121,40,927.252861
10.77,6,927.301271
10.642637,95,928.078014
10.737033,46,928.453905
10.743077,36,928.756377
10.903791,61,929.251161
10.992619,11,929.345109
10.519341,28,929.574976
10.919835,49,929.972284
10.656667,2,929.987841
10.737033,46,930.370483
10.889835,55,930.821431
10.970128,47,931.210162
10.628187,37,931.51665
10.858901,48,931.916121
10.689121,38,932.225799
11.033571,79,938.346534
10.377967,82,939.025636
10.899835,53,939.475834
10.975659,73,940.085782
10.512778,13,940.195045
10.696099,41,940.534954
10.373516,22,940.715533
10.337527,80,941.38228
10.606667,12,941.48459
11.365,7,941.545732
10.797967,47,941.937217
10.756593,81,942.618506
10.865879,51,943.042205
10.858901,48,943.44381
10.848901,50,943.853508
10.764011,45,944.223248
10.990769,48,944.616012
10.461703,69,945.192017
11.641667,5,945.234315
10.669121,42,945.588336
10.797967,47,945.980708
10.722436,35,946.273725
10.899835,53,952.14331
10.564945,49,952.55525
10.683182,27,952.786573
10.926813,52,953.223269
9.75,1,953.230342
11.155,9,953.306304
10.814945,48,953.709232
10.754011,47,954.107646
11.213333,24,954.311593
10.916813,54,954.760206
10.611209,36,955.055663
10.662143,39,955.397607
10.797967,47,955.798968
10.764011,45,956.179209
11.026667,8,956.245473
10.594231,35,956.547237
10.760989,50,956.966917
10.628187,37,957.282406
10.744011,49,957.701189
11.122222,20,957.87259
10.507253,48,958.280877
10.797967,47,958.671
10.594231,35,958.963474
10.635165,40,959.299896
11.082857,12,959.399573
10.564945,49,959.804136
10.696099,41,960.152936
10.564231,41,960.499156
10.662143,39,966.237939
10.954725,64,966.765224
10.933791,55,967.222368
11.046364,38,967.546299
10.984725,58,968.037228
10.473077,41,968.380156
10.744011,49,968.793285
10.807967,45,969.178812
10.252778,5,969.222697
10.441429,26,969.446711
10.516319,33,969.720155
10.946667,24,969.925362
10.747033,44,970.289592
11.313333,4,970.323412
10.373516,22,970.5085
10.860303,34,970.788253
11.173095,13,970.899829
11.415556,28,971.140924
10.667778,22,971.325523
10.398407,39,971.649576
9.96,8,971.717462
10.310275,34,971.998662
10.655165,36,972.304554
11.129286,17,972.446699
10.764011,45,972.819135
11.064444,27,973.05199
11.995,1,973.061163
10.950769,56,973.532944
10.848901,50,973.951934
10.734011,51,974.382203
11.001703,59,980.295884
10.679121,40,980.623355
10.636099,53,981.078308
10.606667,12,981.177612
10.594231,35,981.468202
10.757033,42,981.825105
10.753077,34,982.106833
11.062857,16,982.238599
10.690055,51,982.66156
10.814945,48,983.059194
10.332143,5,983.100276
10.824945,46,983.483146
10.520989,49,983.889256
10.638187,35,984.175743
10.560275,33,984.449003
10.848901,50,984.868725
10.679121,40,985.201627
10.869835,59,985.69371
10.851923,45,986.071836
10.882857,52,986.501103
10.594231,35,986.790307
10.632143,45,987.157241
10.543297,32,987.423832
10.664286,10,987.509387
10.696099,41,987.857623
10.560275,33,988.126312
11.323333,2,988.142825
10.865879,51,988.5644
10.564545,18,988.717408
10.480055,44,994.51
10.757033,42,994.858509
10.846813,68,995.441432
10.848901,50,995.861253
10.581209,42,996.2127
11.323333,2,996.231475
10.747033,44,996.608279
11.985,3,996.635695
10.777967,51,997.065072
11.066364,34,997.348927
10.991703,61,997.862805
10.764011,45,998.239012
10.723077,40,998.575089
11.97,6,998.62569
10.848901,50,999.044945
10.696099,41,999.397377
10.509341,30,999.643956
10.541429,6,999.695142
10.662143,39,1000.024412
10.757967,55,1000.480265
10.679121,40,1000.82645
10.759091,30,1001.083745
10.730055,43,1001.441464
10.577253,34,1001.728079
10.589121,58,1002.211135
11.985,3,1002.237206
10.266319,34,1002.522154
10.811923,53,1008.442873
11.341111,34,1008.725286
10.916813,54,1009.172919
10.78,4,1009.205601
11.079615,61,1009.7176
11.001703,59,1010.216351
10.902381,10,1010.298528
10.916813,54,1010.742237
10.455385,32,1011.008366
10.645165,38,1011.32293
10.669121,42,1011.681113
10.662143,39,1012.012791
10.58859,31,1012.266969
10.740989,54,1012.727943
9.75,1,1012.736547
10.628187,37,1013.045441
10.777967,51,1013.481936
10.661667,1,1013.489684
10.757033,42,1013.839099
11.025556,26,1014.054391
10.696099,41,1014.400258
10.475385,28,1014.635926
10.896813,58,1015.123026
10.450055,50,1015.542971
10.655165,36,1015.845582
11.083571,69,1016.422493
10.780989,46,1016.805782
10.77,6,1022.319626
10.872857,54,1022.77422
10.960769,54,1023.22665
10.724011,53,1023.667524
10.628187,37,1023.97617
10.77,6,1024.027793
10.455,9,1024.104643
10.730055,43,1024.465925
10.865879,51,1024.883912
10.560275,33,1025.165993
10.721905,8,1025.229948
10.865879,51,1025.651702
11.323333,2,1025.668766
10.831923,49,1026.076759
10.799835,73,1026.677669
10.645165,38,1026.993585
10.662143,39,1027.320107
10.645165,38,1027.634478
11.089615,59,1028.123622
10.937747,63,1028.645206
10.730714,11,1028.734915
10.769091,28,1028.969829
10.638187,35,1029.259536
10.879091,37,1029.57334
10.916813,54,1030.022562
10.913791,59,1030.523621
10.672143,37,1036.332341
10.645165,38,1036.663705
10.974725,60,1037.156868
10.255604,28,1037.387234
10.984725,58,1037.868543
10.662143,39,1038.194958
10.708485,28,1038.436179
10.797967,47,1038.82944
10.645165,38,1039.146321
10.664286,10,1039.231559
10.706099,39,1039.555976
9.75,1,1039.562574
10.435385,36,1039.869274
11.995,1,1039.877125
10.926813,52,1040.306311
10.896813,58,1040.787868
10.645165,38,1041.102833
10.713077,42,1041.450705
11.035,33,1041.729992
10.696099,41,1042.073267
10.994725,56,1042.541085
10.628187,37,1042.8564
10.797967,47,1043.246635
11.018681,60,1043.746548
10.898333,7,1043.807874
11.755,9,1043.884683
10.764011,45,1044.25643
10.865879,51,1044.697675
10.601209,38,1050.493866
11.086593,64,1051.032478
10.645165,38,1051.357412
10.652143,41,1051.699574
10.797967,47,1052.087011
10.831923,49,1052.501149
10.594231,35,1052.793918
10.846818,27,1053.029096
10.764011,45,1053.418097
10.661667,1,1053.426205
10.475385,28,1053.660845
10.713077,42,1054.006806
10.723077,40,1054.335947
11.061667,21,1054.513598
10.797967,47,1054.910769
10.835,33,1055.190695
10.628187,37,1055.498583
11.066364,34,1055.781356
10.764011,45,1056.155752
10.458407,27,1056.382586
11.062637,60,1056.887451
9.99,2,1056.905037
10.560275,33,1057.188745
11.17,6,1057.240753
10.814945,48,1057.646668
10.679121,40,1057.990113
11.411667,11,1058.082263
10.661667,1,1058.091528
10.723077,40,1058.428825
10.723077,40,1058.758916
10.53,5,1066.013131
-1.846667,256,1068.149334
11.44381,16,1068.283369
-2.498333,256,1070.427744
-2.536667,256,1072.595109
-2.046667,256,1080.172412
-2.57,256,1082.357698
-2.408333,256,1084.529769
10.661667,1,1084.540385
-2.77,256,1086.680191
-2.313333,256,1094.20034
-3.026667,256,1096.341926
11.995,1,1096.352908
-3.35,256,1098.479577
9.789835,177,1099.979215
-2.47,256,1107.557627
10.902381,10,1107.640163
-3.221667,256,1109.788494
-2.375,256,1111.943234
11.223333,22,1112.127511
-1.423182,121,1113.142107
-2.275,256,1120.675124
-4.435,256,1122.825831
10.940909,30,1123.086485
-3.021667,256,1125.22669
-2.28,256,1127.388192
-3.078333,256,1134.988872
-2.926667,256,1137.131444
-2.246667,256,1139.275761
-2.793333,256,1141.423316
9.555,161,1142.773463
10.017949,42,1143.123448
9.69881,138,1149.657806
10.431667,57,1150.138551
-1.813333,256,1152.280665
9.205,142,1153.462877
9.75,1,1153.470648
-2.693333,256,1155.615311
9.698333,79,1156.278396
10.670238,45,1156.659601
9.833333,93,1162.926305
11.155,9,1163.00174
10.812143,9,1163.076178
9.968333,125,1164.12236
9.68,97,1164.946412
10.975,5,1164.989247
9.318333,137,1166.134851
10.91,18,1166.285023
10.678333,81,1166.95266
10.088333,70,1167.532661
-2.146667,256,1169.680925
9.985,96,1170.473419
11.313333,4,1170.50814
10.251667,44,1170.876523
9.586667,100,1177.187453
9.75,1,1177.194853
9.561667,55,1177.663883
10.085,95,1178.468912
9.69,75,1179.099115
10.308333,95,1179.893849
10.39,53,1180.34161
10.086667,78,1180.999732
-2.28,256,1183.170979
9.643333,180,1184.685502
10.185,104,1191.05682
10.298333,128,1192.130761
-2.636667,256,1194.292217
9.413333,119,1195.300945
10.32,87,1196.034202
-3.678333,256,1198.191173
10.972273,31,1198.452099
10.502857,79,1199.098642
10.441667,35,1199.398528
10.486667,107,1205.68383
-3.26,256,1207.822526
10.398333,137,1208.973215
11.155,9,1209.049215
10.415,87,1209.780326
-2.246667,256,1211.916414
11.641667,5,1211.959023
10.761667,51,1212.390427
10.361667,82,1213.091491
9.85,103,1219.429892
10.501667,74,1220.045194
10.341667,106,1220.932781
10.61,78,1221.584048
-2.008333,256,1223.736826
10.748333,67,1224.294518
10.592381,72,1224.900415
10.201667,85,1225.624497
10.546667,44,1225.984236
11.995,1,1225.993059
10.505,49,1226.403317
10.135,54,1226.859136
10.346667,55,1227.326967
10.568333,114,1233.73733
9.59,86,1234.4613
10.618333,53,1234.913912
10.368333,63,1235.449893
10.261667,62,1235.965899
10.918205,42,1236.311969
10.45,61,1236.825345
10.865897,65,1237.366562
11.173095,13,1237.472328
9.883333,123,1238.498671
10.771667,89,1239.236169
10.57,86,1239.956806
10.416667,70,1240.549239
10.523333,82,1241.239669
10.723333,62,1247.246094
10.601667,83,1247.937707
10.485,64,1248.469304
9.99,2,1248.485161
10.692436,41,1248.825877
10.343333,109,1249.738551
10.611667,92,1250.51468
10.648333,87,1251.253223
10.812143,9,1251.33222
10.541667,55,1251.783848
10.677033,58,1252.264315
10.78,4,1252.299015
-2.146667,256,1254.439184
9.866667,73,1255.055322
10.545,61,1260.970446
10.42,87,1261.698035
10.256667,64,1262.227009
9.846667,57,1262.699307
10.678333,81,1263.376049
10.695,71,1263.971092
10.7,60,1264.465338
10.02,58,1264.951918
10.451667,53,1265.391334
11.263333,14,1265.506426
10.455,70,1266.090096
10.323333,113,1267.033855
9.75,1,1267.040485
10.488333,79,1267.700371
10.403333,137,1268.843728
10.525,45,1269.218387
10.626667,68,1275.280388
11.995,1,1275.289318
11.995,1,1275.299052
-2.046667,256,1277.446224
10.366667,71,1278.039081
10.736667,86,1278.765563
10.53,85,1279.48302
11.262143,19,1279.643827
10.597857,9,1279.726144
11.195714,18,1279.878564
10.654286,52,1280.320909
10.761667,91,1281.075573
11.061667,21,1281.251151
10.571667,49,1281.665904
10.486667,107,1282.551306
10.91,18,1282.7047
10.181667,69,1283.279941
10.676667,58,1289.169289
-2.103333,256,1291.342549
10.318333,64,1291.88178
10.535,83,1292.567192
10.675,75,1293.198901
10.986111,25,1293.410878
10.618333,53,1293.858094
10.651667,73,1294.477326
10.759091,30,1294.731499
10.453333,56,1295.197398
10.97,86,1295.912848
10.675,75,1296.538709
10.316667,190,1303.54031
10.366667,80,1304.21494
10.425,65,1304.764051
10.561667,82,1305.444824
10.256667,2,1305.46078
10.368333,183,1306.995278
10.328333,62,1307.510148
10.781667,67,1308.066422
10.972273,31,1308.330266
10.745,81,1309.01115
10.628187,37,1309.320083
10.686667,56,1309.791265
10.415,67,1310.358783
10.77,66,1310.912636
10.598333,57,1311.385405
10.085,75,1317.434304
9.99,2,1317.451375
10.809697,32,1317.723847
10.633333,60,1318.221429
10.385,3,1318.245515
10.476667,78,1318.887486
9.706667,105,1319.759734
10.71,78,1320.394724
10.631667,57,1320.858096
10.828333,71,1321.449232
10.656667,2,1321.466945
11.714524,19,1321.623774
10.368333,54,1322.070054
10.663333,74,1322.68418
10.74,92,1323.460716
11.323333,2,1323.477499
10.552222,14,1323.593857
10.726667,68,1324.15923
10.909835,51,1324.579947
10.695,71,1325.177899
10.585,53,1331.051462
10.562222,12,1331.153216
10.940909,30,1331.407049
10.578333,61,1331.921439
10.525,45,1332.298476
10.611209,36,1332.595268
10.428333,51,1333.025887
10.24,94,1333.817881
10.66,68,1334.394277
11.97,6,1334.443626
10.57,126,1335.506214
10.676099,45,1335.88252
10.581667,67,1336.438951
10.749444,19,1336.600344
10.906667,92,1337.376041
11.323333,2,1337.392455
10.643333,58,1337.880059
10.252778,5,1337.919315
10.243333,149,1339.174303
10.426667,59,1345.133212
10.695,71,1345.720298
10.77,66,1346.270251
10.618333,53,1346.712832
10.675,55,1347.169331
10.648333,67,1347.726447
10.665,97,1348.54029
10.946667,24,1348.744002
10.803333,66,1349.299391
10.071667,71,1349.900319
10.745,61,1350.4118
10.617778,23,1350.607861
11.313333,4,1350.64339
10.516667,61,1351.164769
10.261667,62,1351.687377
10.136667,37,1351.99653
10.949487,46,1352.378633
10.69,102,1353.237426
10.346667,115,1359.599729
10.17,37,1359.903822
10.61,58,1360.384925
9.97,6,1360.436921
10.971515,36,1360.740559
10.698333,57,1361.212544
10.898333,7,1361.272202
10.621667,59,1361.768322
10.675,55,1362.232781
10.27,157,1363.561191
10.508333,66,1364.118393
10.87,106,1365.012246
10.588333,59,1365.511529
10.323333,42,1365.859406
10.415,47,1366.244107
10.656667,62,1366.758496
10.606667,52,1367.190966
10.043333,60,1373.090231
10.575,86,1373.812289
10.666667,60,1374.311863
10.638333,69,1374.880947
11.323333,2,1374.897695
10.605,69,1375.47763
10.72,76,1376.118887
10.953333,96,1376.927506
10.63,54,1377.390384
9.75,1,1377.398831
10.69,62,1377.920404
10.665,57,1378.398724
11.995,1,1378.407892
10.743333,98,1379.230418
10.531667,68,1379.804667
10.605,49,1380.213515
11.011111,20,1380.376885
11.129286,17,1380.517874
10.355,50,1380.93946
10.638333,69,1381.520732
10.681667,67,1387.515764
10.52,56,1387.97233
10.62619,50,1388.384832
10.641667,55,1388.841648
10.805,69,1389.419396
10.502727,25,1389.623316
10.578333,72,1390.229397
10.653333,56,1390.693094
10.511667,61,1391.207365
10.793333,68,1391.781621
10.733333,60,1392.285325
10.641667,55,1392.748025
10.471667,60,1393.255796
10.788333,79,1393.919298
9.641667,119,1394.918387
10.570275,31,1395.183324
10.748333,67,1401.1507
10.541667,75,1401.778055
10.501667,43,1402.13536
10.455,39,1402.461417
10.34,63,1402.994907
10.768333,63,1403.522402
10.698333,57,1404.002532
11.641667,5,1404.044409
10.581667,47,1404.44692
10.84,72,1405.048049
11.97,6,1405.100325
10.794394,29,1405.34587
10.985,3,1405.370574
10.846818,27,1405.601045
10.946667,104,1406.480448
10.713077,42,1406.835166
10.78,4,1406.867008
10.358333,56,1407.337563
10.992619,11,1407.434658
10.886667,76,1408.0813
10.55,81,1408.773155
11.283333,10,1408.861169
10.726429,49,1409.27992
11.995,1,1409.288356
10.77,66,1415.31826
10.66,68,1415.885693
10.645165,38,1416.201474
10.73,74,1416.8175
10.648333,78,1417.472128
10.766667,60,1417.988071
10.641667,55,1418.4498
11.323333,2,1418.468476
10.72,76,1419.103079
11.09803,41,1419.44307
10.656667,62,1419.95598
10.385,3,1419.981173
10.718333,73,1420.58556
10.641667,55,1421.045194
10.481667,47,1421.430343
10.715,67,1421.973683
10.51,58,1422.447053
10.805,69,1423.013486
10.621667,79,1429.068519
10.503333,46,1429.453804
10.583333,50,1429.882254
10.861667,71,1430.478212
10.758333,65,1431.028386
10.651667,53,1431.470976
10.69,22,1431.654489
10.721667,59,1432.141865
10.653333,56,1432.61464
11.066364,34,1432.905744
10.38,55,1433.367769
9.75,1,1433.375343
10.91,78,1434.031554
10.564545,18,1434.182557
10.335952,40,1434.518574
10.76,88,1435.245775
10.975,5,1435.290315
10.59,62,1435.809559
10.6,71,1436.397803
10.618333,93,1437.171088
11.97,6,1437.222267
10.701667,63,1443.141475
10.730714,11,1443.232523
10.62,56,1443.70175
10.721667,59,1444.199269
10.730714,11,1444.293114
10.62,56,1444.765848
10.763333,74,1445.381963
10.011667,63,1445.907877
10.656667,2,1445.926246
10.936212,37,1446.243855
10.743333,58,1446.729452
10.960556,19,1446.886842
10.546667,44,1447.248594
10.78,64,1447.787513
10.746667,84,1448.494028
10.476667,38,1448.811775
10.466667,40,1449.152758
10.561667,82,1449.83927
10.618333,53,1450.287745
11.155,9,1450.361655
11.534048,17,1450.504143
10.433333,40,1450.836104
10.886667,76,1451.459643
10.816667,70,1457.515411
10.465,7,1457.578139
10.69,62,1458.100238
10.331667,48,1458.504742
10.531429,8,1458.572291
10.528333,51,1459.000715
10.458333,45,1459.373862
10.618333,53,1459.81588
10.805,69,1460.400245
10.498333,57,1460.880473
11.062857,16,1461.018939
11.411667,11,1461.108703
10.786667,56,1461.57447
10.736667,146,1462.796577
10.323333,53,1463.245146
11.283333,10,1463.325251
10.793333,68,1463.898417
11.17,6,1463.948372
10.506061,20,1464.110554
10.961667,91,1464.876704
10.860303,34,1465.161998
10.986111,25,1465.376257
10.688333,59,1471.33845
10.27,57,1471.819215
10.563333,54,1472.267158
10.71,18,1472.419615
10.665,57,1472.895517
10.42,36,1473.197529
10.713077,42,1473.556451
10.711667,61,1474.064876
10.746667,64,1474.60626
10.525,45,1474.990438
10.604048,43,1475.358696
10.759091,30,1475.618283
10.665,57,1476.090776
10.77,66,1476.644512
10.619231,30,1476.90044
10.848901,50,1477.32405
11.313333,4,1477.356085
10.784394,31,1477.616565
10.595,51,1478.043445
10.653333,56,1478.518219
10.708333,55,1478.985742
10.656667,62,1479.500386
10.928846,45,1485.345505
10.931667,77,1485.991473
10.688333,59,1486.495501
10.566667,71,1487.096822
10.458333,45,1487.473744
10.525,45,1487.848514
11.328571,20,1488.017069
10.906667,92,1488.781708
10.835,33,1489.064945
10.865,77,1489.714572
10.765,77,1490.36209
10.985,3,1490.389193
11.097727,35,1490.681455
10.328333,1,1490.689894
10.735,63,1491.21141
10.784091,25,1491.41679
10.39,2,1491.432663
10.841667,95,1492.231433
11.995,1,1492.240572
10.491667,45,1492.612658
10.816667,70,1493.208609
10.536667,46,1493.594995
10.678333,61,1499.597733
10.513333,44,1499.963025
10.733333,60,1500.461664
10.711667,61,1500.978081
10.678333,61,1501.495224
11.195714,18,1501.648561
10.797967,47,1502.041921
10.985,3,1502.065748
10.74,72,1502.674344
10.63,54,1503.125727
10.058333,47,1503.514843
10.485,53,1503.950819
10.491667,45,1504.332984
11.263333,14,1504.449948
10.74,72,1505.055703
10.466667,40,1505.408146
10.48,64,1505.943271
10.63,54,1506.407648
10.722436,35,1506.701317
10.311667,52,1507.136245
10.7,60,1507.646665
10.946667,24,1507.841836
10.658333,65,1513.85744
10.548333,67,1514.430783
10.525,45,1514.8068
10.466667,40,1515.140051
10.863333,74,1515.77044
10.787967,49,1516.177158
10.865879,51,1516.605839
10.723333,62,1517.112091
10.741667,86,1517.816202
10.445,41,1518.150805
10.498333,77,1518.788058
11.323333,2,1518.805269
10.846818,27,1519.032986
10.751667,73,1519.641971
11.129286,17,1519.786005
10.813333,84,1520.47987
10.676667,98,1521.306986
10.674286,48,1521.717942
10.688333,59,1527.693511
10.360952,4,1527.726629
10.7,80,1528.390763
10.688333,59,1528.884324
10.428333,51,1529.31179
10.606667,52,1529.744692
10.666667,60,1530.246926
10.869048,70,1530.826297
10.71,18,1530.979207
10.56,48,1531.385792
10.985,3,1531.410406
10.723333,62,1531.923967
10.525,45,1532.304172
10.446099,42,1532.654068
10.683182,27,1532.872234
10.293333,59,1533.359844
10.57,46,1533.741706
10.64,52,1534.171987
10.536667,26,1534.387796
10.646667,75,1535.019916
10.76,68,1535.59195
10.746667,64,1541.549995
10.755,59,1542.039653
10.698333,57,1542.512521
10.39,2,1542.529023
10.85,90,1543.282391
10.985,3,1543.307034
10.35,30,1543.561457
10.985,3,1543.586947
10.916813,54,1544.039773
10.7,60,1544.544555
10.7,60,1545.050634
10.851667,93,1545.819669
10.675,55,1546.288713
10.756667,62,1546.811592
11.173095,13,1546.920087
10.455,39,1547.253559
10.47,46,1547.643387
10.541429,6,1547.695261
10.793333,68,1548.262302
10.583333,50,1548.685023
10.653333,56,1549.157634
10.816667,70,1549.747155
10.698333,57,1555.642508
10.730714,11,1555.733285
10.39,2,1555.751174
11.365,7,1555.812342
10.711667,61,1556.325217
10.746667,64,1556.857871
10.658333,65,1557.402179
10.828333,71,1557.993227
10.63,54,1558.447859
10.730714,11,1558.539075
10.758333,65,1559.082804
11.155,9,1559.154375
11.995,1,1559.163749
10.831667,77,1559.799933
10.723333,62,1560.312395
10.618333,53,1560.746349
10.525,65,1561.28951
10.898333,7,1561.348783
10.385,3,1561.373609
10.56,48,1561.768214
9.75,1,1561.775772
10.736667,66,1562.332143
10.949487,46,1562.705029
10.571667,19,1562.86263
10.7,60,1563.363508
10.706667,72,1569.377816
10.63,85,1570.080472
10.6,60,1570.578843
10.605909,17,1570.717582
10.655,59,1571.208501
10.706667,72,1571.803096
9.75,1,1571.809386
10.105,51,1572.237473
10.653333,56,1572.699113
11.985,3,1572.724529
11.263333,14,1572.842965
10.48,84,1573.536636
10.385,64,1574.081046
10.723333,62,1574.60945
10.593333,48,1575.003062
11.155,9,1575.078704
10.328333,1,1575.08656
10.63,54,1575.53858
10.63,54,1575.987208
10.722436,35,1576.279079
10.878182,28,1576.512948
10.511667,72,1577.113757
10.648333,78,1577.761136
10.816667,70,1583.826089
-1.613333,256,1585.985609
10.730055,43,1586.341365
10.809697,32,1586.608469
10.656667,62,1587.132919
10.851667,73,1587.73962
10.538333,49,1588.154672
10.796667,74,1588.773248
10.833333,80,1589.443563
10.758333,65,1589.982586
10.673333,72,1590.586835
10.658333,65,1591.128673
10.661667,1,1591.137313
10.76,68,1591.700914
10.56,48,1597.573922
10.618333,53,1598.005898
10.711667,61,1598.503296
10.781667,67,1599.066909
11.323333,2,1599.082488
10.985,3,1599.106424
10.921667,79,1599.765985
10.658333,65,1600.310815
10.665,57,1600.787131
10.795,71,1601.382383
10.455,9,1601.457342
10.385,3,1601.482476
10.759091,30,1601.724723
10.835,33,1602.001398
10.61,58,1602.498313
10.976667,98,1603.317224
10.632143,45,1603.693274
10.711667,61,1604.208365
10.758333,65,1604.746968
10.781667,67,1605.298418
11.995,1,1605.306273
10.781667,67,1605.885049
10.756667,62,1611.831286
10.77,66,1612.387376
10.728333,91,1613.146932
10.723333,62,1613.674333
10.805,69,1614.262523
10.851667,93,1615.035779
10.816667,70,1615.628851
10.56,48,1616.029591
10.523333,42,1616.39279
10.970128,47,1616.788261
10.87,86,1617.512428
10.49,42,1617.867367
10.725,65,1618.414836
10.666667,60,1618.923264
10.41,80,1619.597886
10.713333,64,1625.590055
10.735,63,1626.122773
10.731667,77,1626.764948
10.723333,62,1627.282498
10.805,69,1627.867205
10.65,70,1628.45333
10.711667,61,1628.963896
10.564545,18,1629.116947
10.758333,65,1629.658324
10.493333,48,1630.061063
10.871667,69,1630.649299
11.44381,16,1630.781219
10.676667,58,1631.269772
10.410238,48,1631.678628
10.688333,59,1632.165504
10.800714,57,1632.634409
10.5,40,1632.964538
10.258333,67,1633.528391
10.805,69,1639.580234
10.328333,1,1639.589317
-2.307647,289,1642.197371
-2.385882,289,1644.617729
10.814945,48,1645.027098
-2.361471,289,1647.450822
-3.027941,289,1655.299716
11.093333,48,1655.705357
-2.224412,289,1658.125925
10.975,5,1658.167102
-2.817059,289,1660.577237
11.235152,56,1661.038604
10.087353,60,1661.535848
10.480055,44,1661.907205
-3.121176,289,1669.79002
-5.688824,289,1672.214287
10.996429,15,1672.339969
-2.68,289,1674.751926
8.782941,218,1682.041121
9.403235,91,1682.809311
9.545,105,1683.69608
-2.802647,289,1686.124216
-2.430294,289,1688.55557
-2.993529,289,1696.400999
10.557941,109,1697.321141
10.506061,20,1697.492092
10.867778,22,1697.676211
9.799048,88,1698.413839
-2.307647,289,1700.843568
11.995,1,1700.854403
10.656667,2,1700.871557
-3.204412,289,1703.301668
6.886176,224,1710.64521
10.725294,102,1711.500518
10.231471,90,1712.263548
10.784091,25,1712.479634
10.649118,79,1713.13362
10.580588,78,1713.789525
10.422941,86,1714.502437
10.017647,122,1715.51848
11.97,6,1715.569063
10.199118,169,1716.987719
10.208529,75,1717.617744
10.227941,126,1724.14552
11.995,1,1724.155784
9.687647,237,1726.136071
10.721905,8,1726.203471
10.632576,25,1726.422076
-4.728235,289,1728.844674
8.275588,246,1730.903764
10.020294,95,1731.693151
11.173095,13,1731.8013
6.994118,272,1739.546615
10.550588,84,1740.260971
11.026667,8,1740.329412
10.796765,73,1740.935494
10.661667,1,1740.943563
11.641667,5,1740.983358
10.436765,45,1741.369132
10.775588,89,1742.111097
10.522619,56,1742.580486
10.734725,59,1743.065934
-4.517353,289,1745.486237
10.572059,65,1746.033048
11.313333,4,1746.065661
11.129091,36,1746.364321
10.39,73,1752.379226
10.708824,70,1752.967286
10.630882,65,1753.516464
9.75,1,1753.524287
11.995,1,1753.534014
10.050882,83,1754.225628
10.707941,79,1754.892563
10.67,66,1755.447487
10.495,51,1755.879486
10.253235,68,1756.436939
-3.983529,289,1758.867152
9.967059,87,1759.61235
10.237941,73,1760.225204
10.261471,84,1766.396106
9.966765,92,1767.163516
10.776471,80,1767.816414
9.419412,126,1768.849929
10.514706,50,1769.268034
10.784359,38,1769.58485
9.133824,239,1771.58034
11.17,6,1771.629581
11.313333,4,1771.660817
10.730714,11,1771.753051
10.571471,71,1772.352236
10.505,49,1772.757324
10.456471,95,1773.551696
10.417059,46,1773.936081
10.118235,45,1774.316243
10.730714,11,1779.8108
10.523529,60,1780.315162
10.774011,43,1780.666147
10.605588,123,1781.6822
10.747353,77,1782.320484
10.559412,94,1783.135628
10.106471,65,1783.685133
10.317647,111,1784.613533
10.380294,72,1785.235035
10.456471,44,1785.599216
-2.861471,289,1788.019037
10.140882,65,1793.962018
10.602059,59,1794.447678
10.390294,119,1795.450567
10.585,34,1795.741199
10.707941,79,1796.41136
11.36,48,1796.809366
10.657879,26,1797.026569
10.611471,63,1797.551423
10.730055,43,1797.915492
10.477353,82,1798.593192
10.169706,120,1799.60393
10.658636,21,1799.777907
10.678529,79,1800.431327
10.483333,61,1800.950376
10.721515,37,1801.254015
10.426765,47,1801.653271
10.184412,121,1808.13363
10.454118,68,1808.71558
10.985,3,1808.741018
10.572353,62,1809.262276
10.610294,75,1809.896749
10.569706,89,1810.644079
10.465882,48,1811.049657
10.646176,109,1811.970498
10.342353,59,1812.460213
10.649706,73,1813.064329
10.530882,85,1813.764827
10.311471,74,1814.391977
10.572941,56,1814.860162
9.733235,272,1822.589351
11.985,3,1822.6139
10.657222,13,1822.720613
10.475588,49,1823.132004
10.621176,64,1823.660238
9.75,1,1823.668128
10.582353,60,1824.172425
10.863824,89,1824.908596
11.213333,24,1825.11217
10.630882,65,1825.656572
10.659412,74,1826.265204
10.899835,53,1826.701872
10.669706,69,1827.279443
10.698333,57,1827.751464
10.867778,22,1827.940361
10.815,87,1828.665863
10.757353,75,1829.288849
10.660294,65,1829.844135
9.622941,99,1836.091326
10.361471,64,1836.634122
10.302353,67,1837.207066
11.011111,20,1837.372481
10.332353,61,1837.880548
10.786176,81,1838.558462
10.764011,45,1838.939239
-2.69,289,1841.327595
10.907222,23,1841.519779
10.641176,60,1842.019839
10.649706,73,1842.627753
10.66,68,1843.210162
10.708235,76,1843.850825
10.359706,82,1849.95234
10.630588,68,1850.523875
10.602647,104,1851.410552
10.338235,50,1851.835015
10.322647,60,1852.335555
10.742619,61,1852.840784
10.477941,76,1853.468055
10.395294,168,1854.865389
10.494412,57,1855.346572
10.873824,87,1856.080958
10.600588,74,1856.709184
10.747647,74,1857.333529
10.913095,65,1857.87837
10.562353,64,1863.878308
10.480588,98,1864.714607
10.553235,57,1865.178829
11.995,1,1865.187296
11.323333,2,1865.202743
9.946765,45,1865.57953
10.661667,1,1865.5874
10.514706,50,1866.003906
9.688529,81,1866.685306
11.995,1,1866.69337
10.658529,83,1867.386722
10.443529,76,1868.024535
11.062727,42,1868.37253
10.572353,62,1868.894948
10.400294,68,1869.470303
-2.371471,289,1871.898998
11.56,8,1871.965033
10.274118,104,1878.297837
10.670556,17,1878.445373
11.283333,10,1878.531188
10.790714,59,1879.024069
10.485588,47,1879.419996
10.698824,72,1880.024324
10.332059,164,1881.409193
10.195,62,1881.944093
10.580294,81,1882.617184
10.204706,212,1884.387249
11.173095,13,1884.497304
10.905,59,1884.999125
10.859444,17,1885.138949
10.505,49,1885.548645
10.531429,8,1885.616354
10.834412,89,1886.368127
10.650294,67,1892.399852
10.601765,62,1892.911809
10.341176,71,1893.502999
10.907222,23,1893.698066
10.590588,76,1894.327986
10.873824,87,1895.052556
11.353571,15,1895.180913
11.17,6,1895.230841
10.570588,80,1895.903781
10.619231,30,1896.150715
10.648529,85,1896.853695
10.766176,85,1897.565867
10.686667,56,1898.041195
10.572647,59,1898.535756
10.699487,47,1898.93335
10.766765,79,1899.591545
10.592059,61,1900.101277
10.414706,70,1906.094366
10.577949,28,1906.328488
10.757353,75,1906.955466
10.000588,96,1907.770147
10.723333,62,1908.297934
10.427059,44,1908.668228
10.649706,73,1909.280902
10.502941,70,1909.869024
10.592059,61,1910.38459
10.205294,57,1910.861714
10.757353,75,1911.496905
10.812143,9,1911.572887
9.964412,65,1912.113182
10.399412,77,1912.756454
10.795882,82,1913.429932
10.592059,61,1913.942939
10.658235,86,1920.06048
10.533529,58,1920.536046
10.601765,62,1921.050356
10.679706,67,1921.602255
10.563235,55,1922.061171
10.195588,56,1922.542352
10.417353,43,1922.903732
11.56,8,1922.970338
10.416471,52,1923.400648
10.504412,55,1923.864852
10.656667,2,1923.881394
10.909545,29,1924.124323
10.438235,81,1924.797856
9.944706,117,1925.784589
10.582353,60,1926.28591
10.933333,80,1926.945952
10.639872,31,1927.210716
10.504706,52,1927.642055
10.474706,58,1928.123805
10.601765,62,1934.105613
10.514412,53,1934.554032
10.71,18,1934.708844
10.504118,58,1935.185079
10.66,68,1935.753969
10.562059,67,1936.315018
10.335294,131,1937.418412
10.600588,74,1938.033921
10.647941,91,1938.793046
10.834706,86,1939.506485
10.408529,84,1940.211503
10.563235,55,1940.67654
10.867778,22,1940.859944
10.026765,80,1941.52462
10.453824,71,1942.117254
10.627941,95,1948.389107
10.726765,87,1949.123126
10.686099,43,1949.482756
10.563235,55,1949.944166
10.824444,26,1950.15996
10.513333,4,1950.194668
10.648529,85,1950.9172
11.995,1,1950.926142
10.707647,82,1951.61442
10.621176,64,1952.152885
10.233824,66,1952.709234
10.756471,84,1953.404847
10.53381,38,1953.724746
11.129286,17,1953.8663
10.592857,61,1954.377795
10.805,39,1954.704539
11.56,8,1954.772397
10.797143,12,1954.871581
10.784091,25,1955.072382
10.646471,106,1955.957049
10.385,3,1955.983113
10.630588,68,1956.545248
10.253824,62,1962.515974
11.461429,22,1962.702762
10.580882,75,1963.319702
10.630882,65,1963.866409
10.788889,20,1964.038194
10.669412,72,1964.651065
10.140882,65,1965.189533
10.657941,89,1965.925281
10.805588,83,1966.626819
10.619706,79,1967.285821
10.669706,69,1967.862164
10.669706,69,1968.442024
10.814706,90,1969.195142
10.251471,86,1969.909261
10.600294,77,1970.554406
10.632143,45,1976.390314
10.640882,63,1976.91911
10.438529,78,1977.58085
10.629706,77,1978.230247
10.328333,1,1978.23808
11.035,33,1978.517259
10.809697,32,1978.787767
10.78,4,1978.821228
10.176765,48,1979.224247
10.303529,55,1979.68579
10.699118,69,1980.269221
10.514706,50,1980.684206
10.764706,100,1981.514933
11.263889,25,1981.728504
10.767059,76,1982.369187
10.582059,63,1982.88503
10.640588,66,1983.433885
10.659706,71,1984.028054
10.697059,90,1990.252041
10.454412,65,1990.791257
10.553235,57,1991.269445
10.66,68,1991.842353
10.582353,60,1992.352368
10.428824,77,1992.997214
10.533529,58,1993.480411
11.624286,18,1993.626964
10.756667,62,1994.149777
10.571765,68,1994.726669
10.785882,84,1995.43278
10.865879,51,1995.858505
10.631176,62,1996.37792
10.661667,1,1996.385824
10.621471,61,1996.89981
11.088571,19,1997.057598
10.696099,41,1997.3979
10.591765,64,1997.934852
10.698824,72,1998.531121
10.898333,7,1998.591136
10.669706,69,2004.620656
10.66,68,2005.185094
10.6,80,2005.857046
10.495,51,2006.283801
11.995,1,2006.293036
11.112222,22,2006.474107
10.543824,53,2006.927668
11.183333,30,2007.181976
10.534118,52,2007.621215
10.465882,48,2008.021958
10.611471,63,2008.556421
10.747353,77,2009.201409
10.524118,54,2009.647082
10.542353,68,2010.206458
11.283333,10,2010.291438
10.766765,79,2010.945095
10.804706,92,2011.710259
10.661667,1,2011.719688
10.66,68,2012.292411
10.677647,88,2018.441895
10.534118,52,2018.871632
10.611176,66,2019.42626
10.543529,56,2019.891536
10.564545,18,2020.039772
10.727941,75,2020.666082
10.728235,72,2021.254195
10.206176,48,2021.646549
10.786176,81,2022.314719
10.66,68,2022.879833
10.970588,100,2023.716045
10.504118,58,2024.199381
10.640588,66,2024.748131
10.640882,63,2025.267805
10.601471,65,2025.821288
10.465882,48,2026.226744
10.794412,97,2032.4392
10.620882,67,2032.99806
10.698235,78,2033.65438
10.66,68,2034.230154
10.274118,55,2034.69568
10.592059,61,2035.197168
10.179118,75,2035.826622
10.975,5,2035.869787
11.323333,2,2035.885996
11.263333,14,2036.002208
10.621176,64,2036.542093
10.542353,68,2037.10422
10.707941,79,2037.756033
10.909545,29,2037.994381
10.640588,66,2038.532565
10.503824,61,2039.036446
10.659706,71,2039.63048
10.659706,71,2040.21509
11.195714,18,2040.368165
10.882059,103,2046.645074
10.611471,63,2047.184361
11.155,9,2047.25785
10.752647,123,2048.263543
10.485294,50,2048.676505
10.581765,66,2049.223406
10.727941,75,2049.849259
10.465882,48,2050.238406
10.718235,74,2050.851197
10.455588,53,2051.291407
10.262941,69,2051.862087
10.698824,72,2052.456646
10.581765,66,2053.009014
10.804118,98,2053.835945
10.64,52,2054.271168
10.427059,44,2060.055469
10.727647,78,2060.703552
10.708529,73,2061.305748
10.592059,61,2061.827855
10.475588,49,2062.243059
10.632576,25,2062.450436
10.698824,72,2063.06235
10.543529,56,2063.535752
10.572647,59,2064.024822
10.661667,1,2064.033874
10.885606,35,2064.327727
10.902381,10,2064.411343
11.062857,16,2064.545226
10.417353,43,2064.906043
10.64,72,2065.517155
10.669706,69,2066.102465
10.641111,14,2066.219834
10.93,14,2066.336644
10.698824,72,2066.942166
10.543529,56,2067.413313
10.552647,63,2067.936469
10.650294,67,2068.495745
10.419706,70,2074.489156
10.727647,78,2075.144958
10.785882,84,2075.845456
10.562941,58,2076.324292
10.504118,58,2076.806165
10.639706,75,2077.433527
10.614118,87,2078.1555
10.537857,41,2078.506491
10.689412,68,2079.081465
11.066364,34,2079.360232
10.707353,85,2080.068448
10.708824,70,2080.65222
10.669706,69,2081.229965
10.468529,72,2081.842401
11.995,1,2081.85093
10.721364,23,2082.04196
10.437059,42,2082.399482
10.657222,13,2082.506109
10.921667,79,2088.574144
10.93,14,2088.691757
10.784118,102,2089.541545
10.667353,93,2090.309541
10.669706,69,2090.880665
10.594412,88,2091.617244
10.504706,52,2092.050221
10.630882,65,2092.587118
10.63,74,2093.211444
10.824118,94,2093.995438
10.661667,1,2094.004302
10.416765,49,2094.413604
10.592059,61,2094.920425
10.585,3,2094.945444
10.747647,74,2095.558898
10.621471,61,2096.071192
10.727647,78,2102.131263
10.78,4,2102.165416
10.602059,59,2102.665225
10.611176,66,2103.22581
10.758333,15,2103.349212
11.995,1,2103.357358
10.625,125,2104.397103
9.714118,267,2106.646712
10.610882,69,2107.224319
11.143889,29,2107.465614
10.621176,64,2108.005865
10.640588,66,2108.563482
10.834706,86,2109.298821
10.485294,50,2109.714756
10.78,4,2109.746846
10.679706,67,2110.312089
10.658235,86,2116.507368
10.757059,78,2117.157937
10.786176,81,2117.831889
10.737647,76,2118.474299
10.621176,64,2119.008047
10.196471,47,2119.402966
10.514706,50,2119.821331
10.572647,59,2120.314565
10.543824,104,2121.172473
10.747353,77,2121.800849
11.995,1,2121.809231
10.65,70,2122.381779
10.985,3,2122.407004
10.669706,69,2122.980802
10.631667,7,2123.040384
10.747647,74,2123.662124
10.717941,77,2124.302628
11.155,9,2124.378445
10.825,85,2130.484558
10.708235,76,2131.119915
10.602647,104,2131.99788
10.611471,63,2132.52306
10.854118,88,2133.257386
10.377353,51,2133.695916
10.679412,70,2134.26659
10.572941,56,2134.73833
10.303235,58,2135.231397
10.39,2,2135.248038
11.183333,30,2135.497501
10.621176,64,2136.038643
10.607273,24,2136.241143
10.708824,70,2136.822598
10.445476,29,2137.064056
10.456176,47,2137.456824
10.650294,67,2138.011326
10.737941,73,2144.031241
10.795882,82,2144.708927
10.601471,65,2145.254858
10.235,54,2145.706717
10.499706,103,2146.558688
10.736765,85,2147.257374
10.689118,71,2147.847862
10.867778,22,2148.030023
11.995,1,2148.037896
10.669706,69,2148.615865
10.485294,50,2149.027761
10.524118,54,2149.475028
11.54,12,2149.575999
10.600294,77,2150.217361
10.752727,24,2150.419546
10.474706,58,2150.900279
10.805,39,2151.227143
10.71,18,2151.377756
10.572941,56,2151.84436
10.629412,80,2157.94559
10.727941,75,2158.57176
10.553235,57,2159.048564
10.582353,60,2159.557139
10.534118,52,2159.992733
10.592059,61,2160.511633
10.572941,56,2160.986842
10.656667,2,2161.006496
10.707941,79,2161.68164
11.272143,17,2161.818452
10.601765,62,2162.333367
10.708529,73,2162.952306
11.624286,18,2163.107596
10.475882,46,2163.490693
10.601765,62,2164.004204
10.621176,64,2164.539795
10.725294,102,2165.389795
10.737647,76,2166.025633
10.949487,46,2171.826188
10.698824,72,2172.437222
10.352059,60,2172.938478
10.747647,74,2173.556414
10.708824,70,2174.137762
10.78,4,2174.170538
10.638824,84,2174.878
10.485588,147,2176.099941
10.77,6,2176.147338
10.514412,53,2176.588248
10.284118,53,2177.035119
10.698824,72,2177.642802
10.996429,15,2177.7668
10.658636,21,2177.940523
10.785294,90,2178.690608
10.513529,62,2179.207424
10.776471,80,2179.880084
10.757059,78,2185.999753
10.873529,90,2186.747178
10.708824,70,2187.340469
10.371176,65,2187.885546
10.649706,73,2188.499955
10.975,5,2188.540909
11.026667,8,2188.604196
10.835,33,2188.877646
10.799697,34,2189.163273
10.660294,65,2189.717447
10.882647,97,2190.523015
10.531429,8,2190.590354
10.757059,78,2191.24165
10.808889,16,2191.377022
10.427059,44,2191.746262
10.757059,78,2192.408376
10.669706,69,2192.989658
11.411667,11,2193.083764
10.197353,89,2193.829022
11.995,1,2193.83851
10.853529,94,2200.046232
10.474706,58,2200.530588
10.825,85,2201.241165
10.737647,76,2201.871961
11.995,1,2201.880635
10.727941,75,2202.506101
10.475294,52,2202.939801
10.7,60,2203.442247
10.815882,78,2204.082364
10.892941,92,2204.858671
10.785882,84,2205.565268
10.66,68,2206.133517
10.77,6,2206.184874
10.543235,59,2206.687548
10.611471,63,2207.218257
10.531364,21,2207.396642
10.756765,81,2208.076305
10.66,68,2214.036138
10.805882,80,2214.701643
10.235294,51,2215.126035
10.660294,65,2215.672052
10.718235,74,2216.292382
10.456176,47,2216.677426
11.037424,41,2217.011746
10.912647,91,2217.773242
10.515,47,2218.1808
10.735588,97,2218.989728
10.825,85,2219.704358
10.679412,70,2220.289301
10.425882,56,2220.758712
10.650294,67,2221.314529
10.718235,74,2221.935601
11.142778,27,2222.161007
10.667647,90,2228.39066
10.716429,51,2228.814397
11.135256,55,2229.270875
10.776176,83,2229.970156
10.661667,1,2229.978127
10.531471,79,2230.633848
10.661667,1,2230.641225
10.632576,25,2230.849401
10.718235,74,2231.467998
10.733788,29,2231.708358
10.689118,71,2232.30803
10.698824,72,2232.907659
10.737647,76,2233.548031
10.784091,25,2233.757953
10.505,49,2234.165844
10.795882,82,2234.859308
10.862353,104,2235.723102
10.52,96,2241.988509
10.466176,45,2242.374747
10.698333,47,2242.771978
10.708529,73,2243.38054
10.406765,51,2243.811366
10.689118,71,2244.404558
10.66,68,2244.981628
10.698824,72,2245.585576
10.863571,13,2245.696333
10.765588,91,2246.464786
10.601765,62,2246.978085
10.484412,59,2247.471396
10.553235,57,2247.951938
10.805588,83,2248.643613
11.985,3,2248.669383
10.609231,32,2248.935367
10.640882,63,2249.455575
10.721364,23,2249.6456
10.347059,60,2250.146815
10.898205,46,2255.93692
10.941471,97,2256.75298
10.796176,79,2257.4132
10.640882,63,2257.932569
10.361765,61,2258.435361
10.815294,84,2259.138041
11.995,1,2259.146388
10.854118,88,2259.87269
10.397941,41,2260.210945
10.436765,45,2260.591384
10.950882,101,2261.446774
10.600588,74,2262.06913
10.728235,72,2262.681656
10.621176,64,2263.21926
10.707647,82,2263.905385
10.632143,45,2264.273171
10.532059,73,2270.298431
10.992619,11,2270.393907
10.446471,46,2270.767519
10.661667,1,2270.775319
11.995,1,2270.78334
10.542059,71,2271.376574
10.757353,75,2271.994936
11.003636,32,2272.262586
10.611765,60,2272.772381
10.715882,98,2273.593244
10.766765,79,2274.260806
10.360952,4,2274.295634
10.504706,52,2274.724341
10.747353,77,2275.366667
10.970128,47,2275.76286
10.708529,73,2276.373379
10.873529,90,2277.120359
10.571765,68,2277.688426
10.660294,65,2278.227407
10.708485,28,2283.882305
10.940909,30,2284.131923
10.533235,61,2284.638488
10.650882,61,2285.143739
10.58197,23,2285.338797
10.505556,10,2285.421538
10.245,52,2285.853987
10.601765,62,2286.372835
10.608529,93,2287.160386
10.815455,26,2287.3782
10.552941,60,2287.879682
9.75,1,2287.886574
10.562941,58,2288.367272
10.687941,83,2289.064954
10.601765,62,2289.584419
10.524412,51,2290.014103
10.492353,78,2290.662186
10.887564,43,2291.02509
10.148529,87,2291.753489
10.522353,72,2292.357846
9.75,1,2292.36446
10.747353,77,2298.480743
10.898333,7,2298.541168
10.322647,60,2299.033081
-2.436993,324,2301.989103
9.99,2,2302.011676
10.846818,27,2302.236893
-2.538203,324,2304.971163
10.752727,24,2305.171591
-5.01098,324,2313.353712
10.642143,43,2313.722637
-3.256765,324,2316.480097
10.195,1,2316.491073
10.29,153,2317.781284
10.428333,62,2318.297479
-3.305686,324,2326.438616
-2.62,324,2329.190342
-5.328072,324,2331.921386
-2.436993,324,2334.644924
-2.642778,324,2342.826421
10.661667,1,2342.835197
-2.538203,324,2345.587065
10.808889,16,2345.727197
-2.593856,324,2348.500985
10.730714,11,2348.596327
10.175033,148,2355.272041
11.129286,17,2355.412317
-2.646144,324,2358.132073
-2.463137,324,2360.892547
-2.874706,324,2369.062053
-2.979281,324,2371.79595
9.317451,164,2373.182556
8.605033,217,2375.02059
-3.028203,324,2383.175565
-3.132778,324,2385.8997
10.985,3,2385.924691
10.894615,98,2386.751091
10.587949,26,2386.973918
10.661667,1,2386.981904
11.411667,11,2387.075963
-3.185065,324,2389.808432
9.4,124,2390.852624
-2.168824,324,2398.934809
9.015033,135,2400.076329
9.172745,142,2401.27701
9.918889,96,2402.087561
-5.210033,324,2404.812074
9.378889,106,2411.151569
-2.436993,324,2413.889201
-3.158922,324,2416.621529
9.785752,154,2417.908962
10.985,3,2417.935354
9.974412,63,2418.458762
11.411667,11,2418.551849
10.425392,111,2424.931865
9.968399,190,2426.523288
8.248529,221,2428.390067
9.878529,91,2429.153193
9.979608,110,2430.081296
9.759379,73,2430.689162
-4.154967,324,2438.8791
10.225882,147,2440.112433
10.453464,108,2441.016864
10.025752,106,2441.912477
10.7,60,2442.421958
10.275392,92,2443.19988
9.99683,151,2444.472489
11.032051,50,2444.888851
10.812143,9,2444.963367
-2.538203,324,2453.09865
-3.364706,324,2455.783182
10.51732,90,2456.529835
10.210817,84,2457.230028
10.664286,10,2457.316772
-4.165065,324,2460.028952
8.758039,125,2461.074687
10.450098,59,2466.977183
10.936212,37,2467.278272
10.516601,64,2467.818548
10.629967,91,2468.586169
10.725238,65,2469.133109
11.995,1,2469.141007
10.328889,63,2469.669095
9.936242,69,2470.24592
10.608901,49,2470.660133
10.812143,9,2470.735619
10.14781,60,2471.239456
10.473333,12,2471.341326
10.419739,52,2471.780173
10.388399,106,2472.657338
10.299248,82,2473.351491
10.059248,81,2474.032063
10.369608,81,2474.715514
10.704542,97,2481.012395
10.293464,91,2481.773556
10.878182,28,2482.002489
10.538889,70,2482.58825
10.231667,87,2483.310226
11.173095,13,2483.418344
10.366471,113,2484.364149
11.026667,8,2484.43177
10.490327,132,2485.530145
10.375752,85,2486.245754
9.796176,181,2487.763271
-2.609902,324,2495.891588
10.669967,83,2496.586088
9.99,2,2496.602387
10.749444,19,2496.757486
10.419967,84,2497.455745
10.746667,64,2497.991633
9.798758,188,2499.569273
10.628039,94,2500.353158
10.610327,108,2501.247576
10.712974,111,2502.173578
9.796111,214,2509.464712
10.655752,78,2510.139596
10.615,47,2510.532024
10.653824,81,2511.217566
10.462255,135,2512.337449
11.021111,18,2512.484579
9.719608,113,2513.427144
10.218399,91,2514.192343
10.443954,55,2514.658942
9.466242,65,2515.202152
11.995,1,2515.210873
10.060817,65,2515.753748
-5.608922,324,2523.921752
10.221895,121,2524.938076
10.45119,5,2524.977653
10.003824,113,2525.920437
10.605752,88,2526.659207
10.520817,71,2527.26279
10.184673,84,2527.975682
9.985163,69,2528.56447
10.349248,72,2529.167173
10.780989,46,2529.55037
10.656667,2,2529.566851
10.701667,63,2530.102348
10.393824,84,2530.799808
10.318889,65,2536.814761
10.407451,44,2537.195984
10.812143,9,2537.271042
10.470458,68,2537.852588
10.486471,89,2538.59537
10.563464,86,2539.310941
10.300686,134,2540.429413
9.946961,93,2541.213323
10.28768,100,2542.064759
10.58732,76,2542.703651
-2.747353,324,2550.809331
10.360952,4,2550.843049
10.682255,91,2551.614024
10.532745,66,2552.179336
10.533105,79,2552.841657
10.46817,58,2553.330392
10.353824,92,2554.091962
10.59732,74,2554.707099
10.859444,17,2554.849868
10.446111,84,2555.565277
10.583105,69,2556.147684
9.761536,200,2557.829629
10.541176,80,2558.493737
10.240458,65,2559.034286
10.555033,72,2565.093128
10.809697,32,2565.361543
10.551176,78,2566.019374
10.718399,89,2566.765435
10.619231,30,2567.015423
10.508889,76,2567.657488
11.995,1,2567.665207
10.571895,100,2568.49248
10.395752,81,2569.181914
10.722255,83,2569.878627
10.624183,100,2570.715063
11.035,33,2570.986386
10.721905,8,2571.053388
10.360952,4,2571.087042
10.687353,89,2571.833296
10.568889,64,2572.370353
10.426471,101,2573.206385
10.706111,81,2579.34919
10.292745,65,2579.896031
9.972745,80,2580.569572
10.260817,74,2581.180136
10.563464,86,2581.908011
10.556111,111,2582.84228
10.448889,88,2583.582365
10.698399,93,2584.355637
10.672255,93,2585.150262
10.381536,76,2585.785257
10.283954,87,2586.522274
10.566961,67,2587.085912
10.421895,81,2593.179185
10.255752,109,2594.114619
10.268529,62,2594.641898
10.985,3,2594.667394
10.596111,103,2595.538095
10.752727,24,2595.741247
11.022121,38,2596.061164
11.082857,12,2596.165027
10.408758,115,2597.136321
10.188399,146,2598.36757
10.703333,77,2599.020018
10.661667,1,2599.028546
11.062727,42,2599.383903
10.589248,73,2600.003161
10.688758,108,2600.920777
11.026667,8,2600.988511
10.516601,64,2601.533665
10.661667,1,2601.541406
10.526961,75,2607.65266
10.494314,58,2608.141054
10.498529,65,2608.689783
10.985,3,2608.714999
9.792059,74,2609.341393
10.565033,70,2609.927033
10.526961,75,2610.555469
10.730686,97,2611.371544
10.515033,80,2612.029551
10.620327,106,2612.922083
10.304183,115,2613.904478
9.795392,90,2614.656864
10.722436,35,2614.955917
11.995,1,2614.963857
10.664542,105,2621.297529
9.868039,99,2622.131473
10.406111,92,2622.913432
11.173095,13,2623.023713
10.688333,49,2623.438952
10.450817,85,2624.158006
10.656667,2,2624.174726
10.805,39,2624.497107
10.536601,60,2625.001493
10.573105,71,2625.590249
10.032745,68,2626.161771
10.704183,84,2626.865938
10.678039,84,2627.565218
10.133464,74,2628.184852
10.205033,93,2628.960667
10.992619,11,2629.054335
10.490817,77,2629.698505
10.62768,81,2635.782468
10.465033,90,2636.537903
10.65768,75,2637.170849
10.591667,15,2637.29726
10.521176,84,2637.988281
10.641667,55,2638.443362
10.57768,91,2639.212088
10.06732,180,2640.716794
10.494314,58,2641.199142
10.681895,78,2641.856472
11.263889,25,2642.068348
11.323333,2,2642.084075
10.599608,84,2642.793268
10.498529,65,2643.339926
10.501536,101,2649.66574
10.950769,56,2650.134389
10.645165,38,2650.451781
10.676111,87,2651.178841
11.985,3,2651.204097
10.516601,64,2651.745854
11.323333,2,2651.761799
10.391429,36,2652.056239
10.986818,39,2652.378353
10.716471,92,2653.13944
10.964725,62,2653.650613
10.657879,26,2653.867054
10.42719,127,2654.920387
10.631667,7,2654.981606
10.524673,65,2655.523486
10.212386,68,2656.099241
10.361765,61,2656.608558
10.425033,98,2657.439527
10.744902,102,2663.792667
-2.926993,324,2666.527603
10.565033,70,2667.126316
11.411667,11,2667.218282
10.420098,65,2667.762545
10.880909,42,2668.115659
10.508529,63,2668.646077
10.486961,83,2669.343069
9.99,2,2669.358335
10.742974,105,2670.245244
10.732614,94,2671.034963
10.860303,34,2671.313919
10.742614,92,2677.486483
10.674286,48,2677.89436
10.460817,83,2678.59213
10.509608,102,2679.445548
10.746667,64,2679.977689
10.516601,64,2680.511074
9.879248,166,2681.891661
10.659118,127,2682.941702
10.213105,94,2683.729408
10.702255,87,2684.458648
10.531176,82,2685.158564
10.592255,109,2691.474981
9.849608,185,2693.041831
10.60768,85,2693.744896
10.940909,30,2693.995649
10.526601,62,2694.515019
10.519608,100,2695.352673
10.558333,45,2695.736128
10.643824,83,2696.437901
10.638039,92,2697.215863
10.526601,62,2697.734438
10.512778,13,2697.844342
11.995,1,2697.853666
11.995,1,2697.862187
10.544673,61,2698.376343
10.591536,83,2699.076361
10.669967,83,2699.772743
10.575752,94,2706.032171
10.744524,53,2706.470198
10.679967,81,2707.138263
10.532745,66,2707.70419
10.330948,41,2708.047857
10.671895,80,2708.723222
10.595909,19,2708.881403
11.995,1,2708.889297
11.135256,55,2709.355462
10.641667,5,2709.397039
10.543464,90,2710.153921
10.493464,100,2710.987171
11.239848,49,2711.392249
11.323333,2,2711.408712
10.591176,70,2711.999691
11.263333,14,2712.113259
10.613464,76,2712.748353
10.488758,148,2719.450931
10.696099,41,2719.797744
10.558889,66,2720.35342
10.701405,129,2721.431533
10.476242,59,2721.93039
10.496601,68,2722.498949
10.526601,62,2723.013822
10.478889,82,2723.707893
10.521176,84,2724.413183
10.556961,69,2724.994654
10.724542,93,2725.769812
-1.701601,324,2733.896713
10.686111,85,2734.615574
10.601176,68,2735.187103
10.682255,91,2735.950798
10.369608,81,2736.629293
10.534673,63,2737.152774
10.595,51,2737.583445
10.609608,82,2738.27331
10.859444,17,2738.416137
10.698399,93,2739.204887
11.985,3,2739.229142
10.208529,74,2739.849482
10.581405,104,2740.732689
10.565392,83,2741.418449
10.545033,74,2747.446534
10.797143,12,2747.550428
10.41683,116,2748.524995
11.301667,33,2748.800221
11.173095,13,2748.908895
10.710327,88,2749.631557
10.290327,123,2750.66015
11.411667,11,2750.750603
-2.593856,324,2753.480067
10.863571,13,2753.594099
10.194183,88,2754.335684
10.599608,84,2755.057318
10.661895,82,2755.746553
10.794394,29,2761.450933
11.56,8,2761.516972
10.675,55,2761.979016
10.593824,93,2762.76775
10.435882,54,2763.231447
10.589248,73,2763.850112
10.579608,88,2764.591542
10.663824,79,2765.253899
10.613464,76,2765.890575
10.985,3,2765.915482
10.680327,94,2766.71199
10.639967,89,2767.457244
10.720327,86,2768.168675
10.996429,15,2768.29526
10.720327,86,2769.017887
10.657222,13,2769.127654
10.47817,56,2769.593288
10.365163,42,2769.945083
10.726471,90,2776.174779
10.91,18,2776.324969
10.571176,74,2776.950832
10.532745,66,2777.510257
10.996429,15,2777.633404
10.758758,94,2778.424563
11.641667,5,2778.465314
10.158399,103,2779.325856
10.073693,167,2780.723305
10.453954,53,2781.17881
10.566667,60,2781.686326
10.601536,81,2782.357404
10.53732,86,2783.074887
10.605392,75,2783.701145
10.48817,54,2789.578232
10.468399,90,2790.339814
11.17,6,2790.389858
10.508529,63,2790.911567
10.704183,84,2791.632417
10.429967,82,2792.323278
10.658039,88,2793.067867
10.613464,76,2793.71342
10.431667,37,2794.032667
10.678333,72,2794.644248
10.631895,88,2795.385988
10.698758,106,2796.272854
10.371536,78,2796.933993
10.809118,97,2797.754119
10.548889,68,2803.790988
10.466242,61,2804.304063
10.225641,62,2804.831348
10.52732,88,2805.579251
10.483464,102,2806.433021
10.452026,56,2806.908918
10.613464,76,2807.554243
10.462386,67,2808.118961
10.902381,10,2808.201245
11.162778,23,2808.393929
10.345163,46,2808.78182
10.718399,89,2809.535424
10.460327,89,2810.282825
10.657879,26,2810.503036
10.985,3,2810.528518
10.848901,50,2810.951785
10.641667,5,2810.993392
10.339248,74,2811.615215
10.581176,72,2812.222531
10.754902,100,2818.465268
10.544673,61,2818.98833
10.371895,91,2819.753087
10.986111,25,2819.95943
10.985,3,2819.986995
10.661667,1,2819.997432
10.435476,31,2820.253994
10.69,22,2820.44027
10.756667,62,2820.9622
10.173954,60,2821.471811
10.328889,63,2822.005594
10.690327,92,2822.781739
10.615392,73,2823.398938
10.299248,131,2824.5263
10.26732,91,2825.307933
10.512386,57,2825.789409
10.454542,98,2832.076264
10.688333,49,2832.489533
10.791046,98,2833.29149
10.456471,95,2834.101505
10.71,18,2834.255796
10.910909,36,2834.56311
10.530817,69,2835.143065
10.845621,108,2836.049075
10.594706,85,2836.775008
10.605392,75,2837.404776
11.021111,18,2837.553462
11.214545,48,2837.959727
10.732614,94,2838.747662
10.621536,77,2839.39202
11.143889,29,2839.646488
10.591176,70,2840.235632
11.062857,16,2840.376055
10.589477,105,2846.725949
10.513333,4,2846.759809
10.571176,74,2847.38873
10.673824,77,2848.033533
10.619248,67,2848.603309
10.328333,1,2848.611831
10.623464,74,2849.233868
10.595392,77,2849.870327
10.653824,81,2850.531877
10.572647,59,2851.020198
10.411895,83,2851.713127
11.995,1,2851.720856
10.504902,101,2852.558942
10.545,41,2852.900402
10.621536,77,2853.558599
10.485033,86,2854.302446
10.542745,64,2860.311435
11.17,6,2860.361621
10.535033,76,2861.005105
10.059608,94,2861.787725
10.591667,15,2861.917075
10.992619,11,2862.010383
10.629608,78,2862.673316
10.772619,55,2863.132038
10.536961,73,2863.75173
10.520817,71,2864.346369
10.368095,45,2864.72365
10.438039,83,2865.426874
11.323333,2,2865.444483
10.784359,38,2865.76295
10.538889,70,2866.350028
10.779477,116,2867.325662
10.724542,93,2868.111985
10.629608,78,2874.238955
10.718399,89,2874.994044
10.545752,100,2875.842923
10.64768,77,2876.49007
10.757647,72,2877.110311
11.262222,32,2877.381485
10.805,39,2877.704055
10.561176,76,2878.341522
10.672614,106,2879.244955
10.678039,84,2879.957338
10.992619,11,2880.055234
10.691895,76,2880.707573
10.404314,76,2881.342693
10.440098,61,2881.857564
10.571536,87,2882.591417
10.726471,90,2888.763861
10.492745,74,2889.392815
10.629608,78,2890.055852
10.664183,92,2890.829053
10.360952,4,2890.867213
10.599248,71,2891.461738
10.78,4,2891.496507
10.575033,68,2892.059401
10.585752,92,2892.825392
10.47817,56,2893.289849
10.535033,76,2893.920967
10.585,3,2893.949053
10.540817,67,2894.517364
10.256667,2,2894.533215
9.599248,124,2895.564835
10.635752,82,2896.255394
10.516601,64,2902.250385
10.695261,125,2903.29708
10.460817,83,2903.99695
10.518529,61,2904.507198
10.654183,94,2905.292585
10.43817,64,2905.827019
10.605752,88,2906.573574
10.573105,71,2907.17386
10.63768,79,2907.848411
10.532745,66,2908.402926
10.553105,75,2909.033132
10.591536,83,2909.735458
10.758758,94,2910.52629
10.540817,67,2916.498767
10.688039,82,2917.191284
10.639608,76,2917.822151
10.461176,96,2918.61551
9.874902,276,2920.935316
10.401667,53,2921.379508
10.423595,46,2921.770472
10.867564,47,2922.169628
10.475,106,2923.07025
10.519248,87,2923.806936
10.52719,107,2924.711772
10.985,3,2924.736921
10.668039,86,2930.920493
10.758333,65,2931.471897
10.706111,81,2932.146833
10.631536,75,2932.779055
10.319608,91,2933.54495
10.603464,78,2934.197197
10.512745,70,2934.790207
10.500458,62,2935.306967
10.47817,56,2935.769824
10.50683,98,2936.591546
11.995,1,2936.600068
10.58732,76,2937.232219
10.55732,82,2937.935037
10.791046,98,2938.759635
10.465033,90,2944.928986
10.734542,91,2945.686916
10.516601,64,2946.230149
10.689706,65,2946.775876
10.661895,82,2947.450916
11.323333,2,2947.467139
10.878182,28,2947.704179
10.605392,75,2948.326004
9.903954,65,2948.876372
10.655752,78,2949.536625
10.825641,40,2949.872815
11.995,1,2949.881447
10.48817,54,2950.333027
10.59732,74,2950.949584
10.702255,87,2951.67467
10.635752,82,2952.367414
10.59732,74,2958.395284
10.214314,65,2958.934921
10.641405,141,2960.111656
10.741046,108,2961.019162
10.563105,73,2961.617872
9.882974,130,2962.720509
10.714183,82,2963.406512
10.542745,64,2963.947202
10.484314,60,2964.447666
10.519762,37,2964.75994
10.724542,93,2965.53493
10.784359,38,2965.849136
10.385752,83,2966.552004
10.443954,55,2972.497714
10.726471,90,2973.249427
10.636111,95,2974.051485
10.792974,95,2974.853114
10.465294,54,2975.302658
10.916667,90,2976.074143
10.691046,118,2977.073987
11.995,1,2977.082991
10.706471,94,2977.88823
10.56768,93,2978.67427
11.17,6,2978.723938
10.595392,77,2979.367499
10.6,40,2979.70772
10.960556,19,2979.869714
10.975,5,2979.913976
10.63768,79,2980.585079
10.93,14,2980.700983
10.863571,13,2980.805497
10.94,12,2980.908267
11.995,1,2980.917846
10.742614,92,2987.085982
10.328333,1,2987.094448
11.328571,20,2987.25805
10.78,4,2987.290933
11.097727,35,2987.583088
10.653824,81,2988.255441
10.613464,76,2988.882795
10.395752,81,2989.564977
11.283333,10,2989.652897
10.808889,16,2989.784066
11.097727,35,2990.076021
10.712255,85,2990.786963
10.645752,80,2991.467016
9.38732,316,2994.132734
10.76683,95,2994.937897
10.583105,69,3000.99884
11.001703,59,3001.500481
10.524673,65,3002.049987
10.482386,63,3002.581886
10.694183,86,3003.290265
10.506061,20,3003.452213
10.718399,89,3004.193298
11.025556,26,3004.41326
10.702381,50,3004.822624
10.61732,70,3005.403921
10.641667,5,3005.44725
10.712255,85,3006.150481
10.496601,68,3006.71573
10.721905,8,3006.783107
10.859444,17,3006.920191
10.474314,62,3007.432207
10.791046,98,3008.241265
10.494314,58,3008.72983
10.341765,65,3014.735946
11.641667,5,3014.777015
10.710327,88,3015.525275
10.668039,86,3016.248653
10.562941,58,3016.745101
10.429739,50,3017.165083
10.702255,87,3017.8988
10.678039,84,3018.600082
10.782974,97,3019.411607
10.523824,57,3019.887358
10.736471,88,3020.621627
10.566961,67,3021.184071
10.714542,95,3021.987026
11.012222,33,3022.270535
10.581176,72,3022.876376
10.681895,78,3028.94699
10.604048,43,3029.304924
10.629608,78,3029.970686
10.63768,79,3030.639254
10.62768,81,3031.312064
10.797143,12,3031.409949
10.603464,78,3032.065341
10.730714,11,3032.158507
10.456961,89,3032.899601
10.405882,60,3033.396302
10.379379,47,3033.790999
10.856813,66,3034.340562
10.57732,78,3034.996801
10.371307,46,3035.377926
10.744542,89,3036.118193
10.946667,24,3036.31881
10.538889,70,3036.914753
10.907222,23,3037.104969
10.805621,116,3043.485106
10.64768,77,3044.136652
10.980128,45,3044.510673
10.676111,87,3045.228799
10.593464,80,3045.899507
10.454314,66,3046.447254
11.313333,4,3046.47946
11.479444,33,3046.755843
10.558889,66,3047.304051
9.99,2,3047.321221
10.726471,90,3048.079866
10.669967,83,3048.788761
10.836905,65,3049.328306
10.814945,48,3049.732663
10.589248,73,3050.347416
10.492386,61,3050.852497
10.949487,46,3056.705153
10.589248,73,3057.315739
10.598039,100,3058.151737
9.75,1,3058.159611
10.774902,96,3058.961554
10.985,3,3058.98662
10.05732,84,3059.689847
10.851923,45,3060.072861
10.497353,78,3060.729388
10.815621,114,3061.69796
10.599608,84,3062.3966
10.478529,69,3062.97825
10.606111,101,3063.825946
10.518529,61,3064.34182
10.708485,28,3064.576537
10.694183,86,3070.701338
10.664286,10,3070.783488
10.718399,89,3071.53307
10.972273,31,3071.803778
10.605392,75,3072.442392
10.740055,41,3072.790663
10.575033,68,3073.363863
10.218529,72,3073.969331
10.604048,43,3074.336695
10.387451,48,3074.742623
10.684183,88,3075.476882
10.664183,92,3076.246181
10.510458,60,3076.751067
10.63768,79,3077.414554
11.17,6,3077.467633
10.419739,52,3077.905809
10.702255,87,3078.631269
10.573105,71,3079.219903
10.958681,72,3085.220327
10.350948,37,3085.526055
10.694183,86,3086.252859
10.261536,100,3087.084293
11.08803,43,3087.447381
9.99,2,3087.46368
10.651176,58,3087.953241
10.500686,94,3088.745603
10.975,5,3088.787433
11.995,1,3088.795752
10.486601,70,3089.38511
10.655752,78,3090.040216
10.691895,76,3090.670308
10.668399,99,3091.502807
10.561176,76,3092.131274
10.585392,79,3092.786758
10.513333,44,3093.154075
10.721905,8,3098.618694
10.366111,100,3099.456192
10.760686,91,3100.215718
10.562255,115,3101.175697
10.541536,93,3101.953794
10.629967,91,3102.710967
10.955238,68,3103.278467
10.656667,2,3103.296136
10.50732,92,3104.074756
10.720327,86,3104.790953
11.086593,64,3105.322997
10.743077,36,3105.615911
10.48817,54,3106.077631
11.641667,5,3106.11952
10.029248,87,3106.833776
10.661667,1,3106.842763
10.548889,68,3112.809588
11.183095,11,3112.898628
11.323333,2,3112.915101
10.621536,77,3113.558152
10.548889,68,3114.116927
10.882857,52,3114.547783
10.996429,15,3114.674797
10.656111,91,3115.435683
10.311536,90,3116.185066
10.571536,87,3116.902414
10.496242,55,3117.358031
10.186242,68,3117.922711
10.692255,89,3118.670607
10.77,6,3118.72179
10.631111,16,3118.855463
10.601176,68,3119.422421
10.339248,74,3120.036261
11.365,7,3120.096428
10.328333,1,3120.105808
10.797143,12,3120.209449
10.589248,73,3120.825169
10.59732,74,3126.927242
10.580327,114,3127.887885
10.540817,67,3128.450304
10.542745,64,3128.985244
10.696111,83,3129.677887
10.339739,68,3130.247922
10.631176,62,3130.767539
11.195714,18,3130.913989
10.975,5,3130.955002
10.649967,87,3131.688014
10.673077,50,3132.105627
10.752614,90,3132.86431
10.318039,156,3134.1851
10.726471,90,3134.951431
10.658039,88,3141.147275
10.641536,73,3141.759147
10.36732,71,3142.357871
10.585392,79,3143.018066
10.984725,58,3143.502033
10.975,5,3143.542168
10.601536,81,3144.211296
11.232778,29,3144.456275
10.708758,104,3145.323611
10.936212,37,3145.633466
10.56768,93,3146.404195
10.38768,80,3147.075676
10.763333,114,3148.023196
10.785261,107,3148.914162
10.801046,96,3155.109515
10.898333,7,3155.169398
-2.185117,361,3158.229954
-5.730848,361,3161.268445
10.815455,26,3161.492385
-3.678509,361,3169.944545
-2.676345,361,3173.018184
-4.075556,361,3176.086579
-3.281462,361,3184.635605
-3.772076,361,3187.695463
-2.558158,361,3190.73985
10.601471,65,3191.298372
-2.629561,361,3199.814504
-3.795468,361,3202.849763
-2.464591,361,3211.362359
-4.122953,361,3214.424282
-4.56617,361,3217.454143
10.555,90,3218.231172
10.567949,30,3218.485389
10.721905,8,3218.551388
-5.243304,361,3226.967152
11.142778,27,3227.200183
7.962018,226,3229.105884
-4.332865,361,3232.149995
-3.491374,361,3240.510183
-2.60617,361,3243.554806
-2.699737,361,3246.594819
10.276319,32,3246.862159
11.223333,22,3247.048661
10.666667,60,3247.546719
-4.75269,361,3255.960664
-2.932427,361,3259.035196
10.348039,101,3259.879226
9.442895,294,3267.739063
11.252143,21,3267.913187
-4.635731,361,3270.951726
10.648636,23,3271.147115
-3.003216,361,3274.224282
-3.072164,361,3282.627665
10.893889,30,3282.880085
10.629231,28,3283.118943
10.632576,25,3283.327518
9.98,4,3283.35928
-3.493216,361,3286.42166
10.505673,86,3287.147408
10.531364,21,3287.324621
-4.659737,361,3295.762869
10.779048,88,3296.493952
-2.977982,361,3299.508347
11.065,27,3299.740219
-4.356257,361,3302.776022
-3.048772,361,3311.193519
-2.886257,361,3314.263149
9.428626,75,3314.893431
9.652456,168,3316.300224
-3.142339,361,3324.808902
10.692719,79,3325.47848
9.895585,103,3326.344173
8.605848,333,3329.161853
10.670513,30,3329.413944
8.836023,203,3331.141689
6.245409,329,3339.360739
11.323333,2,3339.378162
10.694286,44,3339.750895
10.945714,19,3339.913618
-2.74652,361,3342.99019
-6.48,361,3351.490898
10.47193,60,3352.002058
10.627273,20,3352.175552
11.411667,11,3352.266946
9.99,2,3352.285731
10.488977,87,3353.025795
10.184314,71,3353.619845
-2.74652,361,3356.670955
8.692281,150,3357.943353
10.516023,112,3358.887809
10.432105,82,3359.583092
10.232368,94,3365.815406
10.01576,142,3367.014166
-2.699737,361,3370.090295
9.975673,94,3370.88381
11.023636,28,3371.117095
9.476023,173,3372.566707
10.275936,104,3373.448784
9.719415,178,3380.415596
9.025848,151,3381.689519
10.215322,67,3382.260444
10.095497,105,3383.135552
11.065,27,3383.362696
10.462018,69,3383.936047
10.135497,97,3384.739562
-2.465819,361,3387.797911
9.792544,98,3394.07792
9.913158,221,3395.92136
10.326023,150,3397.197433
8.169327,285,3399.609842
10.345392,78,3400.253823
9.99,2,3400.271226
10.378889,102,3401.12739
10.661667,1,3401.136168
10.648182,25,3401.346806
10.492368,91,3402.111393
9.716287,293,3410.061851
-2.862865,361,3413.116269
9.928889,94,3413.905299
10.292456,89,3414.648474
9.536462,196,3416.292479
10.69,22,3421.867404
9.825146,82,3422.547513
9.286199,225,3424.449466
-5.173129,361,3427.486423
10.352719,98,3428.30239
10.055936,148,3429.528635
10.683182,27,3429.757024
