#{"t_start": 1785449607.1886976, "env_id": "None"}
r,l,t
-2.0,1,0.775726
-2.0,1,0.778732
-2.0,1,0.781815
-2.0,1,0.784645
-2.0,1,0.78705
-2.0,1,0.789457
-2.0,1,0.791812
-2.0,1,0.794329
-2.0,1,0.796819
-2.0,1,0.799573
-2.0,1,0.802105
-2.0,1,0.804928
-2.0,1,0.807443
-2.0,1,0.809928
-2.0,1,0.812358
-2.0,1,0.814833
-2.0,1,0.817348
-2.0,1,0.819796
-2.0,1,0.822316
-2.0,1,0.824795
-2.0,1,0.827218
-2.0,1,0.829739
-2.0,1,0.832112
-2.0,1,0.834599
-2.0,1,0.837132
-2.0,1,0.83961
-2.0,1,0.842131
-2.0,1,0.844614
-2.0,1,0.847122
-2.0,1,0.849707
-2.0,1,0.852208
-2.0,1,0.854689
-2.0,1,0.857174
-2.0,1,0.859606
-2.0,1,0.862127
-2.0,1,0.864693
-2.0,1,0.867096
-2.0,1,0.869622
-2.0,1,0.871887
-2.0,1,0.8743
-2.0,1,0.876687
-2.0,1,0.879056
-2.0,1,0.881501
-2.0,1,0.883898
-2.0,1,0.886288
-2.0,1,0.888664
-2.0,1,0.891265
-2.0,1,0.893644
-2.0,1,0.896012
-2.0,1,0.898396
-2.0,1,0.900781
-2.0,1,0.903156
-2.0,1,0.905557
-2.0,1,0.907996
-2.0,1,0.910377
-2.0,1,0.912784
-2.0,1,0.91516
-2.0,1,0.917572
-2.0,1,0.919952
-2.0,1,0.922328
-2.0,1,0.924706
-2.0,1,0.927075
-2.0,1,0.929471
-2.0,1,0.931916
-2.0,1,0.934514
-2.0,1,0.937067
-2.0,1,0.93972
-2.0,1,0.942462
-2.0,1,0.945224
-2.0,1,0.947887
-2.0,1,0.950461
-2.0,1,0.953045
-2.0,1,0.955609
-2.0,1,0.958253
-2.0,1,0.960939
-2.0,1,0.963652
-2.0,1,0.96637
-2.0,1,0.969121
-2.0,1,0.971856
-2.0,1,0.974596
-2.0,1,0.977331
-2.0,1,0.980052
-2.0,1,0.982773
-2.0,1,0.985386
-2.0,1,0.987917
-2.0,1,0.990484
-2.0,1,0.993014
-2.0,1,0.995555
-2.0,1,0.998128
-2.0,1,1.000761
-2.0,1,1.003357
-2.0,1,1.005932
-2.0,1,1.0085
-2.0,1,1.011098
-2.0,1,1.013736
-2.0,1,1.016278
-2.0,1,1.018847
-2.0,1,1.021427
-2.0,1,1.023972
-2.0,1,1.026508
-2.0,1,1.029072
-2.0,1,1.031609
5.0,1,1.034239
-2.0,1,1.036593
-2.0,1,1.039174
-2.0,1,1.041699
-2.0,1,1.044256
-2.0,1,1.046796
-2.0,1,1.049352
-2.05,2,1.054503
-2.0,1,1.057055
-2.0,1,1.059584
-2.0,1,1.062153
-2.0,1,1.064706
-2.0,1,1.067245
-2.0,1,1.069798
-2.0,1,1.072344
-2.0,1,1.074886
-2.0,1,1.07744
-2.0,1,1.079984
-2.0,1,1.082528
-2.0,1,1.085143
-2.0,1,1.087679
-2.0,1,1.090236
-2.0,1,1.092799
-2.0,1,1.09535
-2.0,1,1.097928
-2.0,1,1.100543
-2.0,1,1.103056
-2.0,1,1.105622
-2.0,1,1.108155
-2.0,1,1.110714
-2.0,1,1.113328
-2.0,1,1.115856
-2.0,1,1.118406
-2.0,1,1.120961
-2.0,1,1.123507
-2.0,1,1.126079
-2.0,1,1.128619
-2.0,1,1.131195
-2.0,1,1.133746
-2.0,1,1.136271
-2.0,1,1.138851
-2.0,1,1.141452
-2.0,1,1.14399
-2.0,1,1.14659
-2.0,1,1.149153
-2.0,1,1.151749
-2.0,1,1.154302
-2.0,1,1.156854
-2.0,1,1.159375
-2.0,1,1.161939
-2.0,1,1.164495
-2.0,1,1.167086
-2.0,1,1.16973
-2.0,1,1.172351
-2.0,1,1.174928
-2.0,1,1.17749
-2.0,1,1.180074
-2.0,1,1.182657
-2.0,1,1.185261
-2.0,1,1.187812
-2.0,1,1.190395
-2.0,1,1.192949
-2.0,1,1.195546
-2.0,1,1.198149
-2.0,1,1.200691
-2.0,1,1.203238
-2.0,1,1.205794
-2.0,1,1.208339
-2.0,1,1.210929
-2.0,1,1.2136
-2.0,1,1.216155
-2.0,1,1.218728
-2.0,1,1.221295
-2.0,1,1.223836
-2.0,1,1.226383
-2.0,1,1.228935
-2.0,1,1.231474
-2.0,1,1.234027
-2.0,1,1.236567
-2.0,1,1.239106
-2.0,1,1.241653
-2.0,1,1.244197
-2.0,1,1.24679
-2.0,1,1.249342
-2.0,1,1.251884
-2.0,1,1.254471
-2.0,1,1.25708
-2.0,1,1.259621
-2.0,1,1.262172
-2.0,1,1.26472
-2.0,1,1.267221
-2.0,1,1.269775
-2.0,1,1.272311
-2.0,1,1.274858
-2.0,1,1.277419
-2.0,1,1.279957
-2.0,1,1.282514
-2.0,1,1.285058
-2.0,1,1.287604
-2.0,1,1.29017
-2.0,1,1.292712
-2.0,1,1.295255
-2.0,1,1.297817
-2.0,1,1.300355
-2.0,1,1.302934
-2.0,1,1.305521
-2.0,1,1.308056
-2.0,1,1.310603
-2.0,1,1.313176
-2.0,1,1.315746
-2.0,1,1.31833
-2.0,1,1.32092
-2.0,1,1.32344
-2.0,1,1.326006
-2.0,1,1.328643
-2.0,1,1.331171
-2.0,1,1.333759
-2.0,1,1.336273
-2.0,1,1.338815
-2.0,1,1.341411
-2.0,1,1.343977
-2.0,1,1.346578
-2.0,1,1.349144
-2.0,1,1.351724
-2.0,1,1.354289
-2.0,1,1.356908
-2.0,1,1.35945
-2.0,1,1.362005
-2.0,1,1.364537
-2.0,1,1.367088
-2.0,1,1.36966
-2.0,1,1.372257
-2.0,1,1.374812
-2.0,1,1.377387
-2.0,1,1.37996
-2.0,1,1.382569
-2.0,1,1.385175
-2.0,1,1.387759
-2.0,1,1.390342
-2.0,1,1.39294
-2.0,1,1.395526
-2.0,1,1.398109
-2.0,1,1.400697
-2.0,1,1.403236
-2.0,1,1.405792
-2.0,1,1.40833
-2.0,1,1.410892
-2.0,1,1.413454
-2.0,1,1.4161
-2.0,1,1.418655
-2.0,1,1.421261
-2.0,1,1.423761
-2.0,1,1.426352
-2.0,1,1.428923
-2.0,1,1.431462
-2.0,1,1.434067
-2.0,1,1.436609
-2.0,1,1.439209
-2.0,1,1.441795
-2.0,1,1.444367
-2.0,1,1.446978
-2.0,1,1.449555
-2.0,1,1.452111
-2.0,1,1.454716
-2.0,1,1.457316
-2.0,1,1.459862
-2.0,1,1.462421
-2.0,1,1.465037
-2.0,1,1.467633
-2.0,1,1.470178
-2.0,1,1.472798
-2.0,1,1.475325
-2.0,1,1.477888
-2.0,1,1.480439
-2.0,1,1.48302
-2.0,1,1.485593
-2.0,1,1.48815
-2.0,1,1.490771
-2.0,1,1.493322
-2.0,1,1.495852
-2.0,1,1.498418
-2.0,1,1.501094
-2.0,1,1.503681
-2.0,1,1.506241
-2.0,1,1.50898
-2.0,1,1.511705
-2.0,1,1.514414
-2.0,1,1.517131
-2.0,1,1.519891
-2.0,1,1.522612
-2.0,1,1.525371
-2.0,1,1.528117
-2.0,1,1.530869
-2.0,1,1.533634
-2.0,1,1.536367
-2.0,1,1.539145
-2.0,1,1.541859
-2.0,1,1.544624
-2.0,1,1.547353
-2.0,1,1.550095
-2.0,1,1.552898
-2.0,1,1.555624
-2.0,1,1.558342
-2.0,1,1.561136
-2.0,1,1.563887
-2.0,1,1.566616
-2.0,1,1.569336
-2.0,1,1.57204
-2.0,1,1.574804
-2.0,1,1.577557
-2.0,1,1.580302
-2.0,1,1.583008
-2.0,1,1.585786
-2.0,1,1.588482
-2.0,1,1.59126
-2.0,1,1.594074
-2.0,1,1.596793
-2.0,1,1.599535
-2.0,1,1.602309
-2.0,1,1.605021
-2.0,1,1.60774
-2.0,1,1.610447
-2.0,1,1.613186
-2.0,1,1.61592
-2.0,1,1.618668
-2.0,1,1.62138
-2.0,1,1.624097
-2.0,1,1.62681
-2.0,1,1.62955
-2.0,1,1.632242
-2.0,1,1.634985
-2.0,1,1.637749
-2.0,1,1.640486
-2.0,1,1.643234
-2.0,1,1.645961
-2.0,1,1.648711
-2.0,1,1.65149
-2.0,1,1.654202
-2.0,1,1.656939
-2.0,1,1.659631
-2.0,1,1.66228
-2.0,1,1.664857
-2.0,1,1.66741
-2.0,1,1.670017
-2.0,1,1.672591
-2.0,1,1.675204
-2.0,1,1.677793
-2.0,1,1.680344
-2.0,1,1.682945
-2.0,1,1.685694
-2.0,1,1.688457
-2.0,1,1.691182
-2.0,1,1.693916
-2.0,1,1.69664
-2.0,1,1.699372
-2.0,1,1.702094
-2.0,1,1.704843
-2.0,1,1.70753
-2.0,1,1.710269
-2.0,1,1.713037
-2.0,1,1.715693
-2.0,1,1.7183
-2.0,1,1.720865
-2.0,1,1.723491
-2.0,1,1.726179
-2.0,1,1.728764
-2.0,1,1.731321
-2.0,1,1.733872
-2.0,1,1.736564
-2.0,1,1.739146
-2.0,1,1.741863
-2.0,1,1.74456
-2.0,1,1.747304
-2.0,1,1.750042
-2.0,1,1.752788
-2.0,1,1.755818
-2.0,1,1.758667
-2.0,1,1.761409
-2.0,1,1.764123
-2.0,1,1.766894
-2.0,1,1.769621
-2.0,1,1.772403
-2.0,1,1.775158
-2.0,1,1.777906
-2.0,1,1.780632
-2.0,1,1.783369
-2.0,1,1.78611
-2.0,1,1.788872
-2.0,1,1.791563
-2.0,1,1.794278
-2.0,1,1.797002
-2.0,1,1.799717
-2.0,1,1.802432
-2.0,1,1.805145
-2.0,1,1.807899
-2.0,1,1.810663
-2.0,1,1.813428
-2.0,1,1.816128
-2.0,1,1.818858
-2.0,1,1.821581
-2.0,1,1.824296
-2.0,1,1.827047
-2.0,1,1.829851
-2.0,1,1.832577
-2.0,1,1.835306
-2.0,1,1.838048
-2.0,1,1.840788
-2.0,1,1.843539
-2.0,1,1.846298
-2.0,1,1.849018
-2.0,1,1.851723
-2.0,1,1.854456
-2.0,1,1.857176
-2.0,1,1.859924
-2.0,1,1.862667
-2.0,1,1.865397
-2.0,1,1.868093
-2.0,1,1.870822
-2.0,1,1.873544
-2.0,1,1.876307
-2.0,1,1.879054
-2.0,1,1.881734
-2.0,1,1.884516
-2.0,1,1.887077
-2.0,1,1.889703
-2.0,1,1.89234
-2.0,1,1.895076
-2.0,1,1.897821
-2.0,1,1.900566
-2.0,1,1.903306
-2.0,1,1.906074
-2.0,1,1.908848
-2.0,1,1.911585
-2.0,1,1.91437
-2.0,1,1.917142
-2.0,1,1.91988
-2.0,1,1.922643
-2.0,1,1.92538
-2.0,1,1.928129
-2.0,1,1.930918
-2.0,1,1.93369
-2.0,1,1.936414
-2.0,1,1.939165
-2.0,1,1.941764
-2.0,1,1.944446
-2.0,1,1.947176
-2.0,1,1.949931
-2.0,1,1.95264
-2.0,1,1.955398
-2.0,1,1.95813
-2.0,1,1.96086
-2.0,1,1.963577
-2.0,1,1.966306
-2.0,1,1.969098
-2.0,1,1.971823
-2.0,1,1.974593
-2.0,1,1.977334
-2.0,1,1.980036
-2.0,1,1.982783
-2.0,1,1.985517
-2.0,1,1.988272
-2.0,1,1.991009
-2.0,1,1.993781
-2.0,1,1.996541
-2.0,1,1.999265
-2.0,1,2.001991
-2.0,1,2.004755
-2.0,1,2.007472
-2.0,1,2.010199
-2.0,1,2.012964
-2.0,1,2.01567
-2.0,1,2.018386
-2.0,1,2.021176
-2.0,1,2.023902
-2.0,1,2.026724
-2.0,1,2.02947
-2.0,1,2.032193
-2.0,1,2.034972
-2.0,1,2.03773
-2.0,1,2.040475
-2.0,1,2.043223
-2.0,1,2.045995
-2.0,1,2.048737
-2.0,1,2.05145
-2.0,1,2.05421
-2.0,1,2.056958
-2.0,1,2.059666
-2.0,1,2.062426
-2.0,1,2.065151
-2.0,1,2.067875
-2.0,1,2.070588
-2.0,1,2.073317
-2.0,1,2.076035
-2.0,1,2.078753
-2.0,1,2.081481
-2.0,1,2.084183
-2.0,1,2.086916
-2.0,1,2.089626
-2.0,1,2.092336
-2.0,1,2.09513
-2.0,1,2.097893
-2.0,1,2.100589
-2.0,1,2.103304
-2.0,1,2.106049
-2.0,1,2.108788
-2.0,1,2.111564
-2.0,1,2.114281
-2.0,1,2.117016
-2.0,1,2.119766
-2.0,1,2.122517
-2.0,1,2.125312
-2.0,1,2.128016
-2.0,1,2.130746
-2.0,1,2.133489
-2.0,1,2.136216
-2.0,1,2.138945
-2.0,1,2.141676
-2.0,1,2.14437
-2.0,1,2.147101
-2.0,1,2.149988
-2.0,1,2.152819
-2.0,1,2.15552
-2.0,1,2.158244
-2.0,1,2.160993
-2.0,1,2.163719
-2.0,1,2.166434
-2.0,1,2.169166
-2.0,1,2.171862
-2.0,1,2.174585
-2.0,1,2.177156
-2.0,1,2.179711
-2.0,1,2.182373
-2.0,1,2.185051
-2.0,1,2.187739
-2.0,1,2.190382
-2.0,1,2.193032
-2.0,1,2.195555
-2.0,1,2.198223
-2.0,1,2.200934
-2.0,1,2.203614
-2.0,1,2.206348
-2.0,1,2.209076
-2.0,1,2.211774
-2.0,1,2.2145
-2.0,1,2.217222
-2.0,1,2.219918
-2.0,1,2.22262
-2.0,1,2.225378
-2.0,1,2.228088
-2.0,1,2.230853
-2.0,1,2.233575
-2.0,1,2.236276
-2.0,1,2.238992
-2.0,1,2.241724
-2.0,1,2.244464
-2.0,1,2.247179
-2.0,1,2.249904
-2.0,1,2.252724
-2.0,1,2.25543
-2.0,1,2.258156
-2.0,1,2.260914
-2.0,1,2.26361
-2.0,1,2.266327
-2.0,1,2.26907
-2.0,1,2.271826
-2.0,1,2.274541
-2.0,1,2.277263
-2.0,1,2.279967
-2.0,1,2.282715
-2.0,1,2.285461
-2.0,1,2.288179
-2.0,1,2.290887
-2.0,1,2.293611
-2.0,1,2.296297
-2.0,1,2.299016
-2.0,1,2.301731
-2.0,1,2.304456
-2.0,1,2.307172
-2.0,1,2.309955
-2.0,1,2.312677
-2.0,1,2.315406
-2.0,1,2.318152
-2.0,1,2.320869
-2.0,1,2.323565
-2.0,1,2.326274
-2.0,1,2.328993
-2.0,1,2.331701
-2.0,1,2.334425
-2.0,1,2.337188
-2.0,1,2.339863
-2.0,1,2.342484
-2.0,1,2.345192
-2.0,1,2.347796
-2.0,1,2.350365
-2.0,1,2.352931
-2.0,1,2.355481
-2.0,1,2.358061
-2.0,1,2.360618
-2.0,1,2.363193
-2.0,1,2.365931
-2.0,1,2.368567
-2.0,1,2.371277
-2.0,1,2.37395
-2.0,1,2.376637
-2.0,1,2.379253
-2.0,1,2.382001
-2.0,1,2.384605
-2.0,1,2.387305
-2.0,1,2.389927
-2.0,1,2.39247
-2.0,1,2.395043
-2.0,1,2.397659
-2.0,1,2.400219
-2.0,1,2.402822
-2.0,1,2.405496
-2.0,1,2.408048
-2.0,1,2.410611
-2.0,1,2.413164
-2.0,1,2.415754
-2.0,1,2.41831
-2.0,1,2.420884
-2.0,1,2.423435
-2.0,1,2.426031
-2.0,1,2.428594
-2.0,1,2.431155
-2.0,1,2.43375
-2.0,1,2.436307
-2.0,1,2.438886
-2.0,1,2.441441
-2.0,1,2.444003
-2.0,1,2.446586
-2.0,1,2.449137
-2.0,1,2.451677
-2.0,1,2.454233
-2.0,1,2.456806
-2.0,1,2.459349
-2.0,1,2.461936
-2.0,1,2.464514
-2.0,1,2.467083
-2.0,1,2.469639
-2.0,1,2.472215
-2.0,1,2.474833
-2.0,1,2.477435
-2.0,1,2.479988
-2.0,1,2.48255
-2.0,1,2.485114
-2.0,1,2.487665
-2.0,1,2.490224
-2.0,1,2.4928
-2.0,1,2.495348
-2.0,1,2.497981
-2.0,1,2.500535
-2.0,1,2.503102
-2.0,1,2.505667
-2.0,1,2.508213
-2.0,1,2.510852
-2.0,1,2.513437
-2.0,1,2.515989
-2.0,1,2.518549
-2.0,1,2.521157
-2.0,1,2.523705
-2.0,1,2.526282
-2.0,1,2.52886
-2.0,1,2.531657
-2.0,1,2.534435
-2.0,1,2.537184
-2.0,1,2.53993
-2.0,1,2.542675
-2.0,1,2.545421
-2.0,1,2.548146
-2.0,1,2.550905
-2.0,1,2.553676
-2.0,1,2.556401
-2.0,1,2.559168
-2.0,1,2.56193
-2.0,1,2.564678
-2.0,1,2.567424
-2.0,1,2.570183
-2.0,1,2.572922
-2.0,1,2.575671
-2.0,1,2.578415
-2.0,1,2.581169
-2.0,1,2.583904
-2.0,1,2.586666
-2.0,1,2.589413
-2.0,1,2.592158
-2.0,1,2.594913
-2.0,1,2.597682
-2.05,2,2.603166
-2.0,1,2.605928
-2.0,1,2.608701
-2.0,1,2.611446
-2.0,1,2.614219
-2.0,1,2.616978
-2.0,1,2.619735
-2.0,1,2.622495
-2.0,1,2.625271
-2.0,1,2.628006
-2.0,1,2.630756
-2.0,1,2.633511
-2.0,1,2.636245
-2.0,1,2.63899
-2.0,1,2.641769
-2.0,1,2.644523
-2.0,1,2.647267
-2.0,1,2.650025
-2.0,1,2.652797
-2.0,1,2.655535
-2.0,1,2.658294
-2.0,1,2.661064
-2.0,1,2.663833
-2.0,1,2.666603
-2.0,1,2.669362
-2.0,1,2.672098
-2.0,1,2.674874
-2.0,1,2.677636
-2.0,1,2.680366
-2.0,1,2.683144
-2.0,1,2.685916
-2.0,1,2.688681
-2.0,1,2.691454
-2.0,1,2.69422
-2.0,1,2.697017
-2.0,1,2.699908
-2.0,1,2.702716
-2.0,1,2.70556
-2.0,1,2.708365
-2.0,1,2.711277
-2.0,1,2.714195
-2.0,1,2.717107
-2.0,1,2.720006
-2.0,1,2.72292
-2.0,1,2.725832
-2.0,1,2.728727
-2.0,1,2.731626
-2.0,1,2.734544
-2.0,1,2.737449
-2.0,1,2.740345
-2.0,1,2.743266
-2.0,1,2.7462
-2.0,1,2.749105
-2.0,1,2.751996
-2.0,1,2.754896
-2.0,1,2.757823
-2.0,1,2.760733
-2.0,1,2.763624
-2.0,1,2.766538
-2.0,1,2.769462
-2.0,1,2.772358
-2.0,1,2.775324
-2.0,1,2.778203
-2.0,1,2.781032
-2.0,1,2.783873
-2.0,1,2.78669
-2.0,1,2.789549
-2.0,1,2.792343
-2.0,1,2.795094
-2.0,1,2.797835
-2.0,1,2.800551
-2.0,1,2.803312
-2.0,1,2.806075
-2.0,1,2.808814
-2.0,1,2.811541
-2.0,1,2.814305
-2.0,1,2.817051
-2.0,1,2.819773
-2.0,1,2.82253
-2.0,1,2.825274
-2.0,1,2.827997
-2.0,1,2.830743
-2.0,1,2.833469
-2.0,1,2.836216
-2.0,1,2.838956
-2.0,1,2.841811
-2.0,1,2.844594
-2.0,1,2.84733
-2.0,1,2.85008
-2.0,1,2.852834
-2.0,1,2.855563
-2.0,1,2.85827
-2.0,1,2.861021
-2.0,1,2.863738
-2.0,1,2.866489
-2.0,1,2.869235
-2.0,1,2.871945
-2.0,1,2.874695
5.0,1,2.877512
-2.0,1,2.880341
-2.0,1,2.88312
-2.0,1,2.885852
-2.0,1,2.888591
-2.0,1,2.891317
-2.0,1,2.894068
-2.0,1,2.896791
-2.0,1,2.899516
-2.0,1,2.90242
-2.0,1,2.905321
-2.0,1,2.908224
-2.0,1,2.911127
-2.0,1,2.91405
-2.0,1,2.916979
-2.0,1,2.919872
-2.0,1,2.922781
-2.0,1,2.925687
-2.0,1,2.92858
-2.0,1,2.931558
-2.0,1,2.934459
-2.0,1,2.937385
-2.0,1,2.940299
-2.0,1,2.94321
-2.0,1,2.946151
-2.0,1,2.949062
-2.0,1,2.951967
-2.0,1,2.954883
-2.0,1,2.957792
-2.0,1,2.960697
-2.0,1,2.963624
-2.0,1,2.966582
-2.0,1,2.969502
-2.0,1,2.972389
-2.0,1,2.975304
-2.0,1,2.978227
-2.0,1,2.981141
-2.0,1,2.984023
-2.0,1,2.986953
-2.0,1,2.989875
-2.0,1,2.992801
-2.0,1,2.995705
-2.0,1,2.998631
-2.0,1,3.00155
-2.0,1,3.004442
-2.0,1,3.007356
-2.0,1,3.010301
-2.0,1,3.013219
-2.0,1,3.016125
-2.0,1,3.019064
-2.0,1,3.022017
-2.0,1,3.02495
-2.0,1,3.027796
-2.0,1,3.030706
-2.0,1,3.03364
-2.0,1,3.036589
-2.0,1,3.039474
-2.0,1,3.042222
-2.0,1,3.044956
-2.0,1,3.04765
-2.0,1,3.050369
-2.0,1,3.053084
-2.0,1,3.055808
-2.0,1,3.058523
-2.0,1,3.061248
-2.0,1,3.063961
-2.0,1,3.066691
-2.0,1,3.069424
-2.0,1,3.072124
-2.0,1,3.074845
-2.0,1,3.077589
-2.0,1,3.080282
-2.0,1,3.082998
-2.0,1,3.085726
-2.0,1,3.088435
-2.0,1,3.091162
-2.0,1,3.093895
-2.0,1,3.096586
-2.0,1,3.099307
-2.0,1,3.102051
-2.0,1,3.104781
-2.0,1,3.107488
-2.0,1,3.110216
-2.0,1,3.112963
-2.0,1,3.115669
-2.0,1,3.118391
-2.0,1,3.121127
-2.0,1,3.123839
-2.0,1,3.126576
-2.0,1,3.129316
-2.0,1,3.132023
-2.0,1,3.134757
-2.0,1,3.137495
-2.0,1,3.140193
-2.0,1,3.142914
-2.0,1,3.145653
-2.0,1,3.148368
-2.0,1,3.151091
-2.0,1,3.153818
-2.0,1,3.156533
-2.0,1,3.159257
-2.0,1,3.161988
-2.0,1,3.164708
-2.0,1,3.167431
-2.0,1,3.170163
-2.0,1,3.173091
-2.0,1,3.175862
-2.0,1,3.178622
-2.0,1,3.18136
-2.0,1,3.184204
-2.0,1,3.187047
-2.0,1,3.189842
-2.0,1,3.192713
-2.0,1,3.195571
-2.0,1,3.198402
-2.0,1,3.201261
-2.0,1,3.204045
-2.0,1,3.206793
-2.0,1,3.20953
-2.0,1,3.21226
-2.0,1,3.215013
-2.0,1,3.217994
-2.0,1,3.22073
-2.0,1,3.223482
-2.0,1,3.226221
-2.0,1,3.228958
-2.0,1,3.231679
-2.0,1,3.234428
-2.0,1,3.23717
-2.0,1,3.239884
-2.0,1,3.242624
-2.0,1,3.245369
-2.0,1,3.248085
-2.0,1,3.250833
-2.0,1,3.253567
-2.0,1,3.256298
-2.0,1,3.259023
-2.0,1,3.26176
-2.0,1,3.264485
-2.0,1,3.26723
-2.0,1,3.269995
-2.0,1,3.272722
-2.0,1,3.275445
-2.0,1,3.278197
-2.0,1,3.280928
-2.0,1,3.283795
-2.0,1,3.286532
-2.0,1,3.289282
-2.0,1,3.292027
-2.0,1,3.294787
-2.0,1,3.297538
-2.0,1,3.300248
-2.0,1,3.303017
-2.0,1,3.305761
-2.0,1,3.308551
-2.0,1,3.311401
-2.0,1,3.314274
-2.0,1,3.317132
-2.0,1,3.319927
-2.0,1,3.322784
-2.0,1,3.325599
-2.0,1,3.328385
-2.0,1,3.331228
-2.0,1,3.334051
-2.0,1,3.336913
-2.0,1,3.33963
-2.0,1,3.342388
-2.0,1,3.345202
-2.0,1,3.348034
-2.0,1,3.350847
-2.0,1,3.353691
-2.0,1,3.356497
-2.0,1,3.359363
-2.0,1,3.362189
-2.0,1,3.365029
-2.0,1,3.367841
-2.0,1,3.37071
-2.0,1,3.37352
-2.0,1,3.376352
-2.0,1,3.379146
-2.0,1,3.381999
-2.0,1,3.38481
-2.0,1,3.387632
-2.0,1,3.390454
-2.0,1,3.393322
-2.0,1,3.396113
-2.0,1,3.398963
-2.0,1,3.401788
-2.0,1,3.404615
-2.0,1,3.407418
-2.0,1,3.410312
-2.0,1,3.413118
-2.0,1,3.415951
-2.0,1,3.418768
-2.0,1,3.421621
-2.0,1,3.42443
-2.0,1,3.427308
-2.0,1,3.430118
-2.0,1,3.432956
-2.0,1,3.43576
-2.0,1,3.438627
-2.0,1,3.441447
-2.0,1,3.444263
-2.0,1,3.447067
-2.0,1,3.449912
-2.0,1,3.45274
-2.0,1,3.455584
-2.0,1,3.45845
-2.0,1,3.461289
-2.0,1,3.464102
-2.0,1,3.466957
-2.0,1,3.469772
-2.0,1,3.472588
-2.0,1,3.47534
-2.0,1,3.478167
-2.0,1,3.481053
-2.0,1,3.483858
-2.0,1,3.486717
-2.0,1,3.489522
-2.0,1,3.492344
-2.0,1,3.495163
-2.0,1,3.498026
-2.0,1,3.500809
-2.0,1,3.503683
-2.0,1,3.506497
-2.0,1,3.509377
-2.0,1,3.512159
-2.0,1,3.515065
-2.0,1,3.517877
-2.0,1,3.520709
-2.0,1,3.523428
-2.0,1,3.526452
-2.0,1,3.530474
-2.0,1,3.534841
-2.0,1,8.271553
4.75,2,8.277054
5.0,1,8.279884
5.0,1,8.282321
4.75,2,8.287391
4.75,2,8.296048
6.0,1,8.298517
-5.25,18,8.34171
-5.25,18,8.382746
-5.25,18,8.42343
4.75,2,8.428
5.0,1,8.43035
-2.3,3,8.437314
-3.55,8,8.456108
-5.25,18,8.500534
4.75,2,8.505661
-2.05,2,8.51078
6.0,1,8.513367
-2.0,1,8.515819
-2.05,2,8.520954
-2.3,3,8.528733
-6.05,18,8.574589
6.0,1,8.577172
-3.05,6,8.592923
5.75,2,8.59806
-4.55,12,8.629206
-2.05,2,8.63427
-2.3,3,8.64237
6.0,1,8.645017
-4.8,13,8.679076
5.0,1,8.681774
-2.8,5,8.694247
5.75,2,8.699471
5.75,2,8.704635
5.0,1,8.707254
5.0,1,8.709888
-5.25,18,8.756371
6.0,1,8.758976
5.0,1,8.761621
4.75,2,8.766593
5.0,1,8.769132
-2.0,1,8.771601
-6.05,18,8.818781
4.75,2,8.823905
5.0,1,8.826523
-2.3,3,8.83436
5.0,1,8.836925
-4.8,13,8.869226
-2.0,1,8.871786
5.0,1,8.874318
-2.0,1,8.876808
4.75,2,8.882039
-2.55,4,8.89245
-2.0,1,8.89514
-5.25,18,8.94119
-3.05,6,8.956077
5.0,1,8.958644
-2.3,3,8.966052
-2.3,3,8.973461
6.0,1,8.975989
6.0,1,8.978492
-2.0,1,8.980965
-2.0,1,8.983407
5.0,1,8.985901
4.75,2,8.990821
-2.0,1,8.993241
-5.25,18,9.038389
5.75,2,9.043345
-5.3,15,9.080957
-2.55,4,9.090893
5.0,1,9.093584
5.75,2,9.098697
6.0,1,9.101199
-2.55,4,9.111265
-2.0,1,9.113738
-2.0,1,9.116261
-2.0,1,9.118712
4.75,2,9.123635
-2.0,1,9.12603
4.75,2,9.130984
6.0,1,9.133425
-5.05,14,9.168515
-2.0,1,9.17109
-2.55,4,9.181148
5.75,2,9.18617
6.0,1,9.188682
-5.25,18,9.234324
-2.0,1,9.236773
5.75,2,9.241867
4.75,2,9.246961
4.75,2,9.252045
-2.3,3,9.25957
-5.25,18,9.304625
-2.0,1,9.307115
-2.0,1,9.309562
5.75,2,9.314589
4.75,2,9.319688
6.0,1,9.322162
-4.8,13,9.354877
6.0,1,9.357568
-5.25,18,9.404258
5.75,2,9.409448
5.0,1,9.412031
-4.55,12,9.443117
4.75,2,9.44831
-5.05,14,9.484798
5.0,1,9.487303
-2.55,4,9.497401
-5.8,17,9.541182
-2.05,2,9.54623
5.75,2,9.551493
5.0,1,9.553989
-2.0,1,9.556588
-2.05,2,9.561643
-2.3,3,9.569285
5.75,2,9.574237
-5.25,18,9.619095
-2.0,1,9.621525
6.0,1,9.624059
5.0,1,9.626555
5.75,2,9.631436
6.0,1,9.633955
-5.25,18,9.679377
5.0,1,9.68186
-4.8,13,9.714771
-5.25,18,9.760486
-3.8,9,9.783851
5.0,1,9.786525
5.75,2,9.791834
6.0,1,9.794486
6.0,1,9.797119
-5.25,18,9.844174
-2.05,2,9.849581
4.75,2,9.854946
-2.05,2,9.860269
5.75,2,9.865715
4.75,2,9.871229
5.75,2,9.876422
-5.25,18,9.923674
4.75,2,9.929017
-3.3,7,9.947366
-2.0,1,9.949949
-5.25,18,9.997305
5.0,1,9.999859
-3.05,6,10.015177
-2.05,2,10.020416
5.75,2,10.026188
-5.25,18,10.075017
5.0,1,10.077749
-2.8,5,10.091536
-5.25,18,10.141395
4.75,2,10.147012
4.75,2,10.152527
-2.0,1,10.155254
6.0,1,10.158087
-5.25,18,10.208256
6.0,1,10.211048
5.75,2,10.216554
6.0,1,10.219373
-2.3,3,10.22768
-2.0,1,10.230313
4.75,2,10.236042
-2.3,3,10.244282
4.75,2,10.249741
6.0,1,10.252233
-2.0,1,10.254667
4.75,2,10.25988
6.0,1,10.262512
-2.0,1,10.265103
-5.25,18,10.311778
4.75,2,10.316883
-3.05,6,10.332297
5.75,2,10.337675
4.75,2,10.342957
5.75,2,10.348262
-5.05,14,10.384188
-3.05,6,10.399401
-2.85,6,10.414999
5.75,2,10.420182
-2.0,1,10.422726
4.75,2,10.427767
5.75,2,10.432913
-3.55,8,10.453284
-2.0,1,10.455771
5.0,1,10.458377
5.0,1,10.460949
-2.05,2,10.465874
5.0,1,10.468408
-2.8,5,10.481168
5.0,1,10.483732
-2.05,2,10.488696
5.75,2,10.493755
-5.05,14,10.528902
5.0,1,10.531591
-4.05,10,10.558313
-5.25,18,10.607965
-5.25,18,10.656573
-5.25,18,10.702795
5.0,1,10.705437
5.0,1,10.708014
-5.25,18,10.764187
-2.3,3,10.773709
6.0,1,10.777038
6.0,1,10.780293
-2.55,4,10.793319
5.0,1,10.796533
-2.0,1,10.798995
5.75,2,10.804043
6.0,1,10.806581
5.0,1,10.809074
-3.3,7,10.826511
-5.25,18,10.873379
5.0,1,10.876003
-5.05,18,15.951828
5.65,4,15.962278
5.0,1,15.965067
5.35,6,15.98101
-2.0,1,15.983591
5.95,2,15.988733
5.85,4,15.99922
5.7,3,16.00751
5.25,8,16.028804
5.9,3,16.036733
5.95,2,16.042173
5.45,4,16.052622
6.0,1,16.055173
5.0,1,16.057913
5.0,1,16.060611
6.0,1,16.063348
5.0,1,16.065962
5.95,2,16.071279
5.45,4,16.081307
-2.45,6,16.097916
-6.95,32,16.176489
-3.3,11,16.202653
-6.55,32,16.281297
-3.45,10,16.306352
-5.1,19,16.352477
7.75,2,16.357395
-2.0,1,16.359832
-2.0,1,16.362478
-2.05,2,16.367457
5.0,1,16.370032
-2.0,1,16.372485
-2.8,5,16.385152
4.45,12,16.415526
-4.65,22,16.471176
5.05,8,16.491899
4.75,2,16.497037
-4.25,18,16.54286
8.0,1,16.545418
8.0,1,16.547987
7.65,4,16.558071
7.95,2,16.563133
7.75,2,16.567857
-2.25,6,16.582238
8.0,1,16.584748
-6.55,32,16.660859
5.65,4,16.670329
-5.05,22,16.72226
5.0,1,16.724699
-3.85,10,16.748353
-5.75,32,16.82397
-2.6,5,16.835766
5.0,1,16.838182
7.7,3,16.84557
6.0,1,16.848099
6.0,1,16.850686
-5.75,32,16.929276
-2.05,2,16.934223
-6.0,29,17.005717
-5.25,18,17.049904
-5.75,32,17.128479
5.0,1,17.131041
-5.95,32,17.209669
4.75,2,17.214671
-2.0,1,17.217153
-7.35,28,17.285948
-3.95,16,17.326707
-6.95,32,17.408503
5.0,1,17.411151
-3.15,8,17.431946
-4.3,15,17.469213
7.75,2,17.474246
-2.35,4,17.48419
-2.0,1,17.486667
-2.6,5,17.499057
-2.55,4,17.50897
5.0,1,17.511468
-3.9,19,17.559914
5.75,2,17.564928
8.0,1,17.567363
-2.05,2,17.572393
7.75,2,17.57737
-2.0,1,17.579893
7.65,4,17.590185
7.75,2,17.595308
6.0,1,17.597808
4.75,2,17.602885
-4.35,32,17.685711
-2.0,1,17.689015
7.95,2,17.694998
-2.0,1,17.697715
6.0,1,17.700718
-2.0,1,17.703406
-2.0,1,17.706204
-6.15,32,17.794381
4.75,2,17.799677
7.7,3,17.807626
-8.15,32,17.896462
-4.9,15,17.937599
8.0,1,17.940379
-2.0,1,17.943111
7.65,4,17.954487
6.0,1,17.957212
-6.35,32,18.046397
-5.95,32,18.135143
7.6,5,18.149013
-6.55,32,18.237452
5.95,2,18.242878
5.85,4,18.253991
8.0,1,18.256776
-2.0,1,18.259507
-4.55,32,18.348236
5.75,2,18.353641
-2.6,5,18.366663
-2.35,4,18.377036
-2.8,5,18.390077
-5.75,32,18.473476
-5.75,32,18.556301
-3.3,7,23.426095
7.95,2,23.43149
7.9,3,23.439394
8.0,1,23.442038
8.0,1,23.444587
7.9,3,23.452353
7.85,4,23.462401
5.0,1,23.465096
6.0,1,23.467596
7.95,2,23.472762
7.85,4,23.483176
-2.0,1,23.485772
7.6,5,23.498652
-2.0,1,23.501248
7.95,2,23.506642
-2.7,7,23.524856
7.6,5,23.537736
7.9,3,23.545603
4.75,2,23.550656
-2.5,7,23.56855
7.55,6,23.58387
7.75,6,23.599056
7.85,4,23.609195
7.7,3,23.61692
-2.0,1,23.619393
7.95,2,23.624491
-2.05,2,23.629657
-2.0,1,23.632246
7.45,4,23.6427
7.8,5,23.655671
-7.25,50,23.782269
6.0,1,23.784683
-2.25,6,23.799602
5.0,1,23.802074
9.3,7,23.819769
-7.65,50,23.944768
-5.7,31,24.023043
-2.0,1,24.025571
-8.05,50,24.146521
5.0,1,24.149001
-2.6,9,24.170373
7.9,3,24.177585
-2.15,4,24.187056
-5.05,22,24.239563
9.45,4,24.249166
9.95,2,24.254047
7.6,5,24.266046
-6.85,50,24.389397
6.0,1,24.392032
-4.95,20,24.443026
-8.65,50,24.573287
-2.05,2,24.578396
-3.5,11,24.606478
9.9,3,24.614218
-4.1,19,24.662464
6.0,1,24.665137
-6.55,36,24.754323
-3.85,14,24.788717
-4.15,16,24.828051
-6.45,50,24.949925
-6.0,25,25.010355
7.95,2,25.01518
9.9,3,25.022451
9.6,5,25.034753
-5.2,29,25.107205
-7.25,50,25.228905
5.0,1,25.231387
-8.4,37,25.323363
-5.15,32,25.404737
-8.65,50,25.540986
-8.65,50,25.677814
-2.25,6,25.694283
-3.65,14,25.73197
-7.85,50,25.861204
5.95,2,25.866177
-8.6,41,25.968532
-3.35,12,25.998433
8.5,15,31.111893
5.0,1,31.114367
8.1,15,31.151914
10.0,1,31.154325
9.15,10,31.179506
9.15,10,31.204181
9.35,6,31.219086
9.85,4,31.229017
-2.0,1,31.231429
9.0,13,31.26422
-2.05,2,31.269243
-2.0,1,31.271713
-3.05,10,31.296843
9.1,11,31.32292
9.25,8,31.341707
8.75,18,31.38833
6.65,28,31.459579
-2.3,7,31.477315
-2.05,2,31.482532
6.0,1,31.485253
9.55,6,31.5009
9.25,8,31.521487
-2.0,1,31.524014
9.9,3,31.531631
-2.2,5,31.54421
9.95,2,31.5494
8.05,16,31.589655
9.4,9,31.61234
7.95,2,31.617366
-2.0,1,31.619838
-2.05,2,31.624868
9.3,11,31.652399
-2.0,1,31.654884
9.15,10,31.680177
-2.0,1,31.682663
9.8,5,31.695281
9.95,2,31.700211
4.9,43,31.808393
6.0,1,31.810944
7.05,28,31.881591
9.8,5,31.894765
8.4,17,31.939722
9.95,2,31.944714
10.0,1,31.947388
6.8,33,32.032321
8.0,1,32.035062
5.0,1,32.037686
8.8,13,32.072402
9.55,6,32.088091
9.35,10,32.114071
9.9,3,32.121562
9.2,9,32.14425
7.95,2,32.149364
-6.5,47,32.268832
9.65,4,32.279453
-2.1,3,32.287478
8.0,1,32.290183
9.85,4,32.300676
8.6,17,32.345696
9.95,2,32.350874
-2.05,2,32.35591
9.5,7,32.373832
5.25,32,32.45497
-2.0,1,32.457483
9.8,5,32.470107
9.4,9,32.492805
9.65,4,32.503032
9.9,3,32.510514
-6.7,31,32.591274
9.0,13,32.625194
-2.0,1,32.627795
6.0,1,32.630498
-2.0,1,32.633148
-4.8,25,32.698472
6.9,39,32.801263
9.85,4,32.811248
-2.0,1,32.813746
-2.0,1,32.816552
7.4,21,32.871927
5.0,1,32.87468
10.0,1,32.877322
8.0,1,32.879908
-2.0,1,32.882495
9.2,9,32.905396
9.8,5,32.918266
-2.0,1,32.920747
5.55,30,32.996487
-2.0,1,32.998955
8.3,19,33.047332
9.55,6,33.062728
9.55,6,33.077854
8.0,1,33.08051
8.55,18,33.126715
-2.0,1,33.1293
9.8,5,33.14217
-10.35,72,33.356922
-8.35,72,33.530956
11.4,5,33.543001
8.95,22,33.595879
9.9,3,33.603176
-9.75,72,38.848222
-2.0,1,38.85056
11.4,5,38.862562
-10.35,72,39.035147
-11.55,72,39.207428
7.4,5,39.219535
-3.15,12,39.248528
-2.0,1,39.250967
-10.35,72,39.41894
-2.1,3,39.426301
-2.0,1,39.42878
-10.15,72,39.601745
-4.85,22,39.657289
-9.95,72,39.840512
11.6,5,39.852762
-9.25,62,40.012497
-10.95,72,40.193175
-2.2,5,40.205953
-9.75,72,40.386146
-2.0,1,40.38864
5.0,1,40.391211
5.0,1,40.393804
-2.0,1,40.396279
-9.1,63,40.552485
-2.9,11,40.580498
-9.75,72,40.764216
-3.9,15,40.802473
-2.9,7,40.819474
-2.0,1,40.821951
11.85,4,40.832134
-4.6,21,40.884438
-2.0,1,40.887012
-3.35,8,40.907447
-10.1,59,41.056004
-9.35,72,41.234161
-2.05,2,41.239073
10.2,17,46.495676
11.9,3,46.503558
11.75,6,46.518607
11.55,6,46.53338
-2.0,1,46.535853
6.0,1,46.538399
11.75,6,46.553155
6.0,1,46.55571
9.9,19,46.602387
-2.0,1,46.604784
10.75,14,46.639632
10.35,22,46.693634
-2.1,3,46.700969
11.95,2,46.70589
-2.0,1,46.708257
-2.0,1,46.710685
-2.0,1,46.713127
-2.1,3,46.720378
11.85,4,46.730439
-2.0,1,46.732941
11.95,2,46.738088
-2.0,1,46.740552
5.95,2,46.745692
11.35,10,46.771576
10.95,10,46.797159
-2.0,1,46.799644
11.5,7,46.817435
9.8,17,46.860681
11.05,12,46.892705
11.35,10,46.918945
11.7,7,46.937383
10.75,14,46.974849
11.75,6,46.990691
-4.4,25,47.056016
11.8,5,47.069483
5.95,2,47.074675
-2.0,1,47.077272
11.9,3,47.085163
5.95,2,47.090465
8.85,24,47.152096
-2.9,7,47.170407
11.2,9,47.194206
6.0,1,47.196866
6.0,1,47.199517
10.4,25,47.265732
-2.05,2,47.270701
6.0,1,47.273491
11.45,8,47.294624
-2.05,2,47.299942
-2.0,1,47.302592
-2.1,3,47.310535
10.85,12,47.342529
10.9,11,47.371724
-2.05,2,47.37698
11.9,3,47.384907
11.3,11,47.413764
-2.0,1,47.416336
10.4,13,47.450772
11.85,4,47.461565
-2.0,1,47.464236
-2.0,1,47.466886
-2.05,2,47.472133
9.3,19,47.522293
11.65,4,47.532927
11.9,3,47.5408
-2.05,2,47.54611
5.0,1,47.548813
12.0,1,47.551455
-8.35,72,47.742025
11.75,6,47.757013
11.55,6,47.772041
-3.25,14,47.807606
11.3,7,47.825309
11.95,2,47.8305
-2.0,1,47.833009
-3.9,11,47.860617
10.9,11,47.889678
9.95,22,47.947228
11.5,7,47.965312
-2.0,1,47.967866
-4.45,26,48.033464
11.85,4,48.043695
10.7,15,48.081532
-2.0,1,48.084123
4.75,2,48.089331
11.9,3,48.097012
11.85,4,48.107155
-2.1,3,48.114771
-2.35,4,48.124889
6.0,1,48.12754
-2.7,15,48.165368
11.3,11,48.193268
-2.0,1,48.195806
-2.05,2,48.200938
11.65,4,48.211095
7.85,40,48.312156
11.5,7,48.3299
11.9,3,48.337556
-2.0,1,48.340068
-2.0,1,48.342648
9.7,27,48.410603
7.2,49,48.537555
10.35,14,48.574574
-2.0,1,48.577262
11.9,3,48.584992
7.95,2,48.590195
5.0,1,48.592781
-2.0,1,48.595314
11.6,5,48.608015
11.6,9,48.630927
10.7,15,48.669805
11.9,3,48.677644
8.0,1,48.680223
11.75,6,48.695512
-2.0,1,48.698038
11.2,9,48.721559
10.95,10,48.747139
7.9,3,48.754716
7.85,4,48.764812
6.0,1,48.76738
-2.0,1,48.769902
10.5,15,48.808076
11.95,2,48.813103
9.75,22,48.870579
-2.45,6,48.885974
9.85,24,48.9488
-2.05,2,48.954059
11.2,13,48.988569
11.2,9,49.012334
8.0,1,49.01499
11.9,3,49.022916
9.2,25,49.088418
-2.0,1,49.090996
8.75,46,54.498823
11.2,9,54.523833
11.8,5,54.537114
-2.05,2,54.542145
11.4,9,54.565741
11.45,12,54.596968
11.6,5,54.610105
5.0,1,54.612779
11.3,7,54.631379
11.7,7,54.64989
-2.0,1,54.652522
6.0,1,54.655212
8.0,1,54.657835
11.65,8,54.678751
10.65,16,54.720746
-2.1,3,54.728338
11.95,2,54.733519
11.9,3,54.741318
10.7,19,54.789432
8.0,1,54.791996
11.1,11,54.821309
11.85,4,54.831397
8.0,1,54.834021
11.65,8,54.855309
10.95,14,54.892424
6.0,1,54.895153
11.85,4,54.905799
11.75,6,54.921339
11.7,7,54.939496
-2.1,3,54.947463
7.85,4,54.958014
9.3,23,55.0182
11.75,6,55.033592
11.2,9,55.056757
11.25,16,55.098745
11.8,5,55.112015
11.2,9,55.135389
-5.7,43,55.250023
9.9,19,55.300201
6.0,1,55.302957
-3.45,18,55.350952
9.5,27,55.422091
-2.1,3,55.430041
-2.05,2,55.435337
5.95,2,55.440563
10.65,20,55.492434
-12.65,98,55.792694
-2.0,1,55.795199
-11.25,98,56.042977
10.25,20,56.093154
-12.45,98,56.332785
-2.1,3,56.340012
-13.65,98,56.587975
-2.1,3,56.595533
-2.0,1,56.598001
11.75,6,56.613481
13.8,5,56.626318
6.0,1,56.628873
-11.05,98,56.876405
-4.25,22,56.93237
6.9,71,62.29961
12.65,16,62.34003
-2.45,6,62.355392
-11.65,98,62.603319
-2.3,7,62.620467
7.95,2,62.625629
9.45,44,62.737628
-2.05,2,62.742707
13.05,12,62.773288
11.85,4,62.783402
11.55,6,62.798551
-2.0,1,62.800979
-3.3,15,62.839346
8.0,1,62.841983
11.35,34,62.928684
-2.0,1,62.931182
11.05,36,63.021284
-2.0,1,63.023744
9.15,58,63.170607
12.85,12,63.20108
12.3,27,63.267999
13.2,13,63.299301
-2.0,1,63.301672
10.55,46,63.412606
5.0,1,63.415067
8.6,53,63.542535
6.0,1,63.544955
7.9,3,63.552201
12.95,14,63.585717
-2.0,1,63.588139
-12.25,98,63.825133
10.0,57,63.963075
13.85,4,63.973162
12.65,16,64.013678
7.95,2,64.018757
8.9,59,64.165615
6.0,1,64.168185
6.0,1,64.170799
8.0,1,64.173312
9.85,4,64.183421
-2.05,2,64.188459
6.0,1,64.191026
-2.2,5,64.203617
-9.25,98,64.450859
12.35,18,64.495935
-2.05,2,64.500733
-9.25,98,64.737272
6.0,1,64.739801
10.5,35,70.005915
11.4,29,70.07574
-2.2,5,70.087672
-2.0,1,70.090029
-2.0,1,70.092428
9.25,52,70.21483
11.8,25,70.273528
7.95,2,70.278291
-13.65,98,70.513084
9.95,2,70.51815
12.1,27,70.586879
13.95,2,70.591938
3.25,92,70.822268
7.4,61,70.970233
10.95,26,71.032777
10.9,31,71.107714
6.0,1,71.110147
-2.0,1,71.112516
12.9,15,71.148863
13.65,8,71.168152
11.75,26,71.230675
11.85,24,71.289357
13.75,6,71.307639
-2.15,4,71.319988
12.75,14,71.364087
13.05,12,71.393092
13.55,10,71.417372
12.6,17,71.459306
11.3,43,71.567983
12.6,13,71.600777
13.6,9,71.623481
-2.0,1,71.625997
-11.05,98,71.874182
3.9,87,72.106709
12.8,13,72.142051
-9.45,98,72.406367
-2.05,2,72.412043
6.0,1,72.414957
11.55,22,72.476716
-2.1,3,72.485126
13.5,7,72.505086
13.85,4,72.516468
11.25,36,78.151527
13.5,7,78.170288
13.8,5,78.182768
9.5,39,78.279552
11.25,32,78.360824
7.5,71,78.54008
12.7,15,78.579054
11.6,25,78.641963
13.85,4,78.651985
5.0,1,78.654635
-2.05,2,78.659619
10.35,30,78.735129
13.8,5,78.748084
-2.05,2,78.753503
9.95,2,78.758899
-2.05,2,78.764254
11.65,16,78.80952
-2.05,2,78.815077
13.65,4,78.826384
13.4,9,78.850562
6.0,1,78.853456
12.55,18,78.904134
9.1,39,79.010213
4.75,2,79.015574
-3.3,15,79.056679
-2.05,2,79.062189
-2.8,9,79.087084
12.75,18,79.137683
-2.0,1,79.14042
9.85,4,79.151705
12.15,18,79.200613
13.45,8,79.221879
-2.0,1,79.224441
-2.1,3,79.232225
-2.1,3,79.240133
13.8,5,79.25335
5.0,1,79.255986
13.6,9,79.279651
-2.05,2,79.284886
13.45,12,79.316606
13.75,6,79.332176
12.0,1,79.334757
12.7,11,79.363727
12.15,18,79.411327
-2.05,2,79.416483
13.2,9,79.440327
13.55,6,79.45625
13.5,7,79.474757
13.45,8,79.495826
12.9,11,79.52486
-2.1,3,79.532615
13.55,10,79.559191
11.85,20,79.611809
-2.0,1,79.614513
-2.0,1,79.617254
10.35,38,79.717849
7.9,3,79.72577
13.8,5,79.738978
12.7,15,79.777732
12.95,18,79.827789
13.4,13,79.862718
13.15,14,79.90102
-2.05,2,79.906358
-2.1,3,79.914447
12.2,25,79.983008
6.65,80,80.199208
12.1,19,80.247372
-2.0,1,80.24985
13.4,9,80.272647
13.5,7,80.290909
13.75,6,80.307758
13.2,9,80.332527
11.2,33,80.421844
13.85,4,80.432952
13.95,2,80.438611
12.4,17,80.485553
-2.1,3,80.493526
10.4,33,80.582542
6.0,1,80.58525
13.4,9,80.610198
12.8,17,80.656286
13.4,9,80.680527
13.15,10,80.707672
12.55,14,80.74593
12.9,15,80.786449
6.0,1,80.78929
12.35,18,86.10421
13.65,8,86.125495
5.95,2,86.131063
13.55,6,86.146939
-2.4,5,86.159643
6.0,1,86.162274
-2.1,3,86.169901
12.45,20,86.22078
-2.0,1,86.223306
12.8,13,86.256336
5.95,2,86.261467
5.15,6,86.276633
13.45,12,86.307498
13.8,5,86.320103
-2.2,5,86.332817
13.4,9,86.355514
-2.0,1,86.358054
12.55,14,86.393633
12.35,14,86.431841
13.5,11,86.462046
-2.0,1,86.4647
-2.05,2,86.470067
5.95,2,86.475543
12.05,20,86.529744
13.7,7,86.54894
13.35,10,86.576024
5.95,2,86.581491
-2.0,1,86.584194
7.95,2,86.589668
12.7,11,86.619655
12.85,12,86.6523
13.3,11,86.682298
12.75,14,86.720819
-2.0,1,86.72351
13.1,11,86.75375
13.75,6,86.770246
13.35,10,86.797735
12.7,15,86.838772
13.2,9,86.863415
13.65,8,86.885324
-2.65,6,86.901667
10.6,33,86.991984
13.8,5,87.005683
13.75,6,87.022125
13.3,11,87.052515
10.5,43,87.170714
-2.55,8,87.193113
12.75,14,87.232888
13.4,9,87.258587
9.65,36,87.362373
3.75,66,87.549968
12.85,16,87.595709
-2.0,1,87.598419
-2.0,1,87.601162
-2.1,3,87.609591
13.45,12,87.644169
8.9,43,87.765655
13.55,6,87.782844
12.9,15,87.824848
13.75,6,87.841072
5.95,2,87.846486
12.25,20,87.900238
13.15,10,87.927612
13.85,4,87.938886
13.05,8,87.961289
13.3,11,87.992186
11.75,26,88.071715
9.9,3,88.082737
-2.05,2,88.090374
13.5,7,88.110367
13.6,9,88.134641
13.75,6,88.15078
-2.0,1,88.153483
13.85,4,88.164374
-2.05,2,88.169773
13.15,14,88.208916
-2.05,2,88.214517
-2.05,2,88.220317
-2.0,1,88.222992
13.75,6,88.239306
13.85,4,88.249273
13.6,9,88.271696
13.25,8,88.291956
-2.0,1,88.294406
13.15,6,88.309438
-2.0,1,88.311923
13.75,6,88.327029
5.0,1,88.32954
13.5,11,88.357392
13.75,6,88.372561
-2.0,1,88.375074
13.35,10,88.400901
-2.0,1,88.403502
-2.15,4,88.413864
13.2,13,88.448287
-2.0,1,88.450905
10.75,38,88.551706
13.75,6,88.56712
-2.05,2,88.572245
6.7,67,88.74519
13.0,13,88.779026
-2.0,1,88.781688
12.0,25,88.84756
11.8,17,94.151129
13.75,6,94.167089
12.4,21,94.221006
12.45,20,94.272405
5.0,1,94.275006
8.0,1,94.277778
11.45,8,94.298829
13.5,11,94.32747
5.0,1,94.330215
-2.0,1,94.332882
-2.0,1,94.33563
13.75,6,94.351315
13.8,5,94.364646
7.95,2,94.369904
13.7,7,94.387833
13.85,4,94.398284
-14.15,128,94.714228
-18.55,128,95.026939
-16.35,128,95.34462
-14.55,128,95.669682
11.55,22,95.726266
-12.35,128,96.040402
-17.55,128,96.347201
-18.55,128,102.103667
11.1,63,102.268587
6.0,1,102.271334
-2.0,1,102.273986
12.0,53,102.417825
-2.0,1,102.4205
9.4,89,102.661067
-16.95,128,102.985949
-13.35,128,103.301789
-11.35,128,103.623505
13.15,42,103.729232
-9.95,128,104.037891
13.45,32,104.119251
-2.0,1,104.121837
11.7,51,104.251164
-2.9,11,104.281437
11.75,62,104.449832
9.35,58,104.599339
-2.0,1,104.601929
-11.35,128,110.113109
14.6,21,110.162944
15.65,8,110.182032
9.95,2,110.186638
-2.0,1,110.18897
-2.1,3,110.195932
-2.05,2,110.200524
-2.0,1,110.202832
-2.0,1,110.205212
10.25,68,110.369483
-2.05,2,110.374315
12.1,39,110.469016
3.5,99,110.717314
9.15,78,110.915908
-2.0,1,110.918452
10.0,1,110.920964
11.55,30,110.994411
15.7,7,111.011404
-2.05,2,111.016239
-2.0,1,111.018668
12.25,40,111.118837
13.1,35,111.205528
-21.55,128,111.521495
9.4,61,111.669465
14.55,18,111.715674
-9.2,89,111.941075
13.75,26,112.007503
15.75,6,112.023505
5.0,1,112.026066
6.0,1,112.02864
9.1,75,112.217963
15.85,4,112.228049
-2.15,4,112.238194
8.25,92,117.802067
-2.2,5,117.813787
15.5,7,117.830711
-2.0,1,117.833077
13.75,30,117.901935
-2.0,1,117.90417
-2.15,4,117.913445
10.7,55,118.044546
15.2,13,118.076396
-2.15,4,118.086068
11.95,54,118.219395
-2.05,2,118.224135
14.35,18,118.268022
12.8,33,118.3479
-2.0,1,118.350383
15.1,15,118.388209
-2.05,2,118.393281
15.8,5,118.406078
15.3,7,118.424057
-2.05,2,118.429106
-13.15,128,118.753934
13.35,26,118.819663
14.45,16,118.858266
15.05,12,118.887389
15.45,8,118.906745
14.65,16,118.946601
14.6,17,118.989792
13.9,3,118.997505
-2.1,3,119.005158
-2.1,3,119.012585
-2.0,1,119.015218
10.5,55,119.157016
14.95,18,119.203674
15.7,7,119.224282
13.3,35,119.312768
15.65,8,119.333261
5.0,1,119.335636
11.65,8,119.354685
15.4,9,119.376206
15.35,10,119.400628
12.15,38,119.491912
-2.1,3,119.49912
-2.0,1,119.501517
-2.1,3,119.508612
13.9,27,119.575227
-13.35,128,119.892731
8.95,70,120.062796
13.15,30,120.135125
13.7,31,120.212082
-2.0,1,120.214587
-2.25,6,120.229193
-2.05,2,120.234307
15.75,6,120.250492
14.7,15,120.295357
15.6,9,120.324211
15.3,15,125.819205
-2.15,4,125.8295
13.5,27,125.900395
-2.05,2,125.905884
-2.0,1,125.908551
5.95,2,125.913942
13.05,28,125.985652
11.6,33,126.074648
14.3,15,126.115109
8.05,88,126.340966
9.9,55,126.487194
15.35,10,126.512939
8.0,1,126.515641
14.9,19,126.565764
7.95,2,126.571114
13.5,35,126.664711
6.05,96,126.921695
14.25,20,126.975107
5.0,1,126.977805
10.3,63,127.145834
11.75,62,127.310241
-2.05,2,127.315387
15.3,11,127.344056
15.0,9,127.368449
11.85,4,127.379185
12.35,46,127.498263
12.3,43,127.6135
13.6,29,127.69161
5.95,2,127.696806
-2.0,1,127.699337
7.95,2,127.704552
-2.1,3,127.712126
-2.2,5,127.724768
14.6,17,127.770376
14.65,16,127.813854
15.5,7,127.832796
13.35,26,127.902818
-2.0,1,127.905505
10.3,75,128.106829
13.35,34,128.20143
13.15,38,128.300145
14.5,19,128.349088
9.4,69,134.004764
-12.95,128,134.332998
14.4,21,134.389671
15.85,4,134.400691
12.95,46,134.523794
15.15,14,134.560311
-2.1,3,134.568319
8.0,1,134.57108
14.55,18,134.618908
-2.0,1,134.621589
12.65,40,134.728766
-2.0,1,134.73142
13.1,35,134.824065
15.3,11,134.853572
15.25,12,134.884634
14.45,20,134.937473
12.15,46,135.059422
14.45,12,135.091657
-12.0,109,135.375384
10.6,61,135.531865
15.2,17,135.575333
-2.0,1,135.577911
-2.0,1,135.580548
15.7,7,135.599174
-3.0,13,135.633134
14.25,20,135.685904
14.25,16,135.729164
9.95,2,135.734646
15.2,13,135.769715
5.0,1,135.7724
15.8,5,135.785128
13.0,33,135.868404
14.75,14,135.90383
13.25,28,135.975761
-2.35,8,135.996244
11.2,61,136.158
-2.05,2,136.163244
15.85,4,136.173949
15.4,13,136.217783
12.85,28,136.306911
12.65,36,136.401502
16.0,1,136.404251
9.55,10,136.431225
15.65,8,136.452764
-15.95,128,142.196347
13.75,22,142.255315
11.65,52,142.388763
7.9,3,142.396691
15.65,8,142.417941
-2.1,3,142.425532
-2.0,1,142.428198
-2.1,3,142.43618
15.45,12,142.468043
14.55,14,142.505752
9.85,4,142.51639
14.4,21,142.573819
12.85,28,142.648544
7.95,2,142.653973
-2.25,6,142.669104
13.85,20,142.721921
15.7,7,142.7407
-2.15,4,142.750848
-2.15,4,142.761435
15.85,4,142.772081
15.45,12,142.804734
-2.05,2,142.810093
15.25,12,142.842262
9.95,2,142.847586
14.9,11,142.877488
15.75,6,142.893701
12.95,30,142.973688
-2.0,1,142.976307
-2.05,2,142.98167
15.3,15,143.021221
15.45,8,143.042478
-2.2,5,143.055642
14.9,15,143.093785
9.9,3,143.10159
14.35,22,143.160169
15.65,8,143.180664
14.25,16,143.22482
-2.0,1,143.227734
14.2,17,143.276615
14.95,14,143.317032
15.25,12,143.351385
8.0,1,143.354317
14.65,16,143.401115
15.55,10,143.42971
15.25,8,143.452416
5.0,1,143.455269
15.25,8,143.478057
15.45,12,143.511921
-2.9,15,143.554352
14.8,13,143.592989
-2.0,1,143.937987
-2.0,1,143.940699
-2.1,3,143.948165
-16.85,162,144.349089
-2.4,5,144.361077
-19.05,162,144.769544
-12.45,162,150.576136
-2.0,1,150.578426
16.65,20,150.623897
-4.05,30,150.691483
-2.15,4,150.700746
-13.85,162,151.067299
-12.45,162,151.437832
-12.65,162,151.818502
-14.85,162,152.201996
-16.05,162,152.603252
-10.85,162,158.292035
14.3,47,158.406587
-16.05,162,158.794955
-13.65,162,159.203235
6.0,1,159.205733
7.4,137,159.525794
12.25,92,159.743572
-12.45,162,160.12259
13.95,2,160.127747
-14.05,162,165.930138
-15.45,162,166.30387
15.25,40,166.398314
-2.2,5,166.410846
17.7,7,166.42859
13.45,68,166.596911
-15.05,162,167.009061
7.5,95,167.26427
17.8,5,167.277469
5.0,1,167.28013
6.0,1,167.282857
8.6,105,167.55967
8.8,97,167.811761
16.4,17,167.856458
-14.45,162,168.295037
-17.05,162,174.043611
-2.0,1,174.046055
-13.65,162,174.44831
-2.3,7,174.464998
-2.0,1,174.467395
17.45,8,174.486935
8.0,1,174.489443
-14.25,162,174.894074
6.65,116,175.199094
4.35,150,175.565436
16.5,19,175.612238
10.0,1,175.614793
-2.0,1,175.617285
-2.85,10,175.642806
-2.0,1,175.645553
-16.45,162,176.056757
-2.0,1,176.059222
-2.4,9,176.082075
-2.0,1,176.084612
16.5,19,176.135242
-14.25,162,181.956669
-2.8,13,181.98702
-2.0,1,181.989324
17.45,8,182.008218
16.9,11,182.034535
11.25,84,182.238802
-2.1,3,182.245944
16.45,24,182.303591
-2.0,1,182.305979
-2.1,3,182.313174
-2.05,2,182.317967
14.8,41,182.416716
16.55,14,182.450477
10.85,76,182.651796
16.05,20,182.709408
5.0,149,183.123585
-2.15,4,183.134545
-2.2,5,183.148242
5.0,1,183.151078
-2.2,5,183.164744
16.6,17,183.211562
-2.05,2,183.217094
-2.7,7,183.235736
16.5,19,183.284307
17.4,9,183.307352
-18.85,162,183.731845
6.0,1,183.73462
8.0,1,183.737397
-2.1,3,183.745397
17.15,14,183.78302
16.55,22,183.846823
-18.85,162,184.254984
-18.45,162,190.364475
17.0,13,190.398049
16.85,16,190.441337
-15.25,162,190.878598
16.5,27,190.949073
6.0,1,190.951586
13.85,40,191.053121
16.7,19,191.101507
16.35,18,191.147
16.85,16,191.187717
-2.2,5,191.200329
-2.2,5,191.212944
17.45,12,191.243132
15.65,28,191.314294
13.85,44,191.421732
13.2,49,191.539317
14.0,41,191.643328
16.75,18,191.690269
16.65,16,191.731629
15.75,34,191.822441
13.7,51,191.972532
-2.0,1,191.97584
14.85,36,192.082617
17.0,17,192.132084
5.0,1,192.134838
16.8,13,192.170027
-2.0,1,192.172674
15.2,29,192.251322
12.8,61,192.414515
16.75,14,192.452366
13.25,44,192.571795
12.6,49,192.699707
-2.0,1,192.702569
-2.15,4,192.712971
17.4,13,192.745701
-6.05,38,198.391881
12.95,42,198.491372
12.05,52,198.615246
-2.15,4,198.624791
-2.1,3,198.631893
12.4,53,198.75802
-2.05,2,198.762722
16.15,26,198.824715
16.25,16,198.86295
16.5,23,198.91899
-2.05,2,198.92379
15.8,5,198.935778
-2.35,4,198.945434
17.15,18,198.989538
16.55,22,199.044823
15.15,26,199.108289
16.35,18,199.153923
-2.3,7,199.170668
8.0,1,199.173477
7.9,3,199.181508
14.6,37,199.278434
-2.0,1,199.281112
-2.0,1,199.283784
17.05,20,199.337426
16.75,14,199.375024
11.9,3,199.38307
11.5,59,199.540183
16.1,19,199.588618
16.0,29,199.663807
11.65,60,199.823504
17.35,10,199.850197
17.4,13,199.8848
-2.1,3,199.892916
14.45,28,199.969505
-2.0,1,199.972126
13.95,38,200.074027
-2.05,2,200.079323
17.5,11,200.108878
15.1,27,200.180734
16.7,15,200.222517
7.9,95,200.484469
-2.1,3,200.492483
-3.2,17,200.536953
6.0,1,200.539667
5.95,2,200.545016
-2.5,7,200.563784
16.85,16,200.606385
16.45,16,200.649528
-2.95,16,200.692255
14.9,35,200.786475
17.35,10,200.81326
-2.35,4,200.823754
15.8,29,200.897919
-2.05,2,200.903081
-2.0,1,200.90583
17.55,10,200.93371
15.7,35,206.644388
15.15,34,206.736419
17.25,12,206.768775
14.35,42,206.8833
17.7,7,206.902032
16.55,18,206.950458
17.55,6,206.966573
16.9,15,207.007243
16.45,24,207.071565
14.15,38,207.173598
9.5,91,207.427702
15.75,30,207.513699
17.85,4,207.525476
15.9,3,207.534257
17.1,19,207.588677
16.55,26,207.66236
16.7,19,207.71341
16.1,31,207.79629
-2.15,4,207.806657
-16.05,162,208.263386
-2.15,4,208.274878
16.95,18,208.326818
-2.05,2,208.332672
-2.15,4,208.344461
16.1,27,208.421948
16.45,28,208.501885
16.2,13,208.538936
16.95,14,208.578904
17.4,9,208.604456
-2.1,3,208.61298
9.95,2,208.618757
15.2,33,208.70755
14.6,45,208.825083
15.7,31,208.905156
16.9,19,208.956439
-2.0,1,208.959223
-2.0,1,208.961926
17.3,15,209.002576
17.55,10,209.030195
-2.0,1,209.032907
-2.15,4,209.043605
-2.75,8,209.064173
13.25,60,209.219593
-2.1,3,209.227102
15.6,25,209.290466
17.2,13,209.323185
-2.0,1,209.325672
-2.05,2,209.330722
4.2,153,215.022248
15.5,39,215.131501
-2.15,4,215.142316
15.9,27,215.215865
-2.05,2,215.221301
13.55,46,215.344542
15.0,25,215.41342
17.5,11,215.443722
17.25,8,215.465783
16.25,28,215.542382
16.95,14,215.58101
9.05,8,215.60268
17.75,6,215.619787
17.3,11,215.650951
17.3,11,215.68267
14.0,49,215.821649
-2.1,3,215.830126
14.8,41,215.940816
17.2,13,215.97472
17.35,10,216.001529
-2.1,3,216.009335
17.2,13,216.04388
15.8,29,216.120337
-2.0,1,216.122966
17.35,14,216.160298
-2.15,4,216.17293
-2.0,1,216.176106
16.7,15,216.219911
14.9,35,216.31283
-2.15,4,216.324502
-2.0,1,216.327366
17.25,12,216.359354
6.0,1,216.362031
17.4,13,216.39606
-2.65,6,216.412925
16.45,24,216.480288
17.8,5,216.494686
-2.1,3,216.502808
-2.2,5,216.516748
10.75,86,216.756422
16.6,17,216.802351
15.25,36,216.900109
8.0,1,216.902851
17.4,9,216.927405
17.55,6,216.94391
17.05,12,216.977345
15.6,9,217.003316
15.15,42,217.12118
-2.2,5,217.134562
8.8,97,217.39637
16.35,22,217.455678
16.95,18,222.979434
15.0,29,223.051883
11.2,69,223.22375
-2.0,1,223.226175
-2.0,1,223.228575
17.3,11,223.255265
17.65,8,223.275418
16.2,21,223.327095
16.55,26,223.392983
8.0,1,223.395475
8.0,1,223.397954
-2.1,3,223.405392
-2.0,1,223.407966
17.15,14,223.443603
-2.1,3,223.451159
17.25,12,223.480617
16.95,14,223.516088
-2.05,2,223.52084
11.9,67,223.686199
13.9,55,223.821487
16.35,18,223.867067
-2.45,6,223.882171
16.85,24,223.941433
17.55,10,223.967831
-2.0,1,223.970464
-2.0,1,223.973135
17.2,13,224.007335
-2.05,2,224.012636
9.95,2,224.018179
16.3,23,224.080062
16.6,13,224.114683
-2.15,4,224.125244
16.05,24,224.188169
17.2,13,224.223528
-2.25,6,224.239809
-19.35,200,224.762462
-19.35,200,225.282066
13.5,7,225.299956
6.0,1,225.302541
-17.15,200,231.247943
-18.35,200,231.747766
-17.75,200,232.291198
-14.95,200,232.802976
-16.75,200,233.314003
14.9,79,233.511533
13.35,98,239.04247
-16.35,200,239.542832
-20.55,200,240.045002
-19.55,200,240.543525
-15.95,200,241.02215
-2.1,3,241.029338
-16.95,200,247.132591
-2.4,5,247.144545
-27.95,200,247.649102
-2.0,1,247.65157
5.95,2,247.656636
11.35,82,247.856991
7.5,151,248.218824
14.5,55,248.349197
13.15,66,248.528455
-2.0,1,248.532361
-2.15,4,248.548187
-2.15,4,248.564123
18.8,17,248.631252
-2.2,5,248.650867
8.35,130,249.125134
11.9,75,249.322557
-16.75,200,255.329723
-2.0,1,255.332134
12.65,84,255.52728
17.45,32,255.603617
17.85,28,255.670228
18.9,15,255.705814
16.0,49,255.821796
-20.95,200,256.29356
5.0,1,256.295947
-2.2,5,256.307773
9.95,2,256.313063
12.95,94,256.54306
-18.55,200,257.033656
19.75,6,257.048038
14.65,44,257.1531
-2.05,2,257.157861
-2.1,3,257.164933
19.1,19,257.210248
-2.0,1,257.21267
-19.55,200,257.709485
9.9,3,257.717241
11.0,97,263.657063
-2.15,4,263.668108
17.65,24,263.728427
14.8,61,263.908499
-2.2,5,263.923548
-2.1,3,263.933072
19.4,13,263.970697
11.75,102,264.244177
14.6,73,264.433315
18.5,23,264.490342
7.9,3,264.497911
18.4,17,264.54071
13.35,70,264.71659
5.7,131,265.043995
6.0,1,265.046525
18.35,22,265.101328
18.55,22,265.155998
19.35,10,265.181269
-2.0,1,265.183681
18.0,25,265.246286
-21.55,200,265.734585
7.4,105,265.996625
15.2,57,271.517787
17.05,32,271.604308
19.05,12,271.636433
15.2,45,271.773771
17.45,40,271.901227
19.3,15,271.948204
6.0,1,271.951381
18.0,21,272.015653
16.9,35,272.121099
19.3,11,272.153741
-2.05,2,272.159559
18.6,17,272.208356
19.45,12,272.241472
-2.15,4,272.252389
17.9,27,272.32217
18.8,21,272.373098
5.0,1,272.375462
-25.55,200,272.856868
14.0,65,273.013766
18.05,28,273.076959
-2.15,4,273.085841
-2.0,1,273.088062
-2.1,3,273.094881
5.95,2,273.099451
11.45,84,273.293711
18.65,20,273.338902
-2.0,1,273.341227
12.9,91,273.552302
11.95,2,273.556931
17.25,40,273.651333
16.55,42,273.748074
-2.4,5,273.759718
15.6,53,273.882685
6.0,1,273.885232
18.0,29,273.957011
17.0,37,274.046156
19.4,13,279.692849
15.7,47,279.811114
14.45,44,279.923208
-2.1,3,279.930802
-2.0,1,279.933376
18.85,24,279.994621
17.95,26,280.060816
18.1,19,280.108603
5.95,2,280.113748
-2.1,3,280.121327
18.6,17,280.164048
16.5,39,280.262918
19.05,12,280.292581
5.0,1,280.295068
16.45,44,280.406278
17.95,22,280.462053
-2.0,1,280.464509
12.2,81,280.672552
-2.7,11,280.702009
19.4,13,280.737645
-19.35,200,281.262405
11.45,96,281.519935
-2.0,1,281.523029
-2.05,2,281.529316
19.5,11,281.556083
5.95,2,281.560909
19.05,12,281.590056
19.7,7,281.607131
18.45,16,281.646808
19.8,5,281.659527
18.9,15,281.698757
18.9,15,281.736961
18.7,15,281.774732
18.5,19,281.821165
18.55,22,281.876628
17.7,27,281.94156
-2.45,6,281.956198
17.4,33,282.038306
8.0,1,282.040821
12.6,73,282.221676
-2.15,4,282.231637
18.9,19,282.281444
-2.25,6,282.297076
8.4,137,288.233621
18.65,12,288.262659
19.0,13,288.292187
-2.05,2,288.296913
19.25,12,288.325226
-2.25,6,288.339698
18.6,21,288.389988
-2.25,6,288.404336
18.05,32,288.481098
19.45,8,288.499194
19.55,10,288.521919
17.65,24,288.577261
18.6,13,288.609247
17.6,29,288.681293
-2.1,3,288.68853
18.6,21,288.74169
18.9,15,288.778327
-2.0,1,288.780782
-2.9,183,289.250597
18.4,17,289.294067
-2.0,1,289.296559
-2.0,1,289.299093
19.05,12,289.329125
17.85,28,289.399914
19.4,13,289.432918
-2.05,2,289.437973
13.55,78,289.634095
19.3,15,289.671798
18.8,13,289.703492
19.7,7,289.720575
19.35,10,289.745894
-2.15,4,289.755991
-2.0,1,289.758555
-2.1,3,289.766143
19.5,11,289.79406
-2.3,7,289.811749
17.7,27,289.88086
18.85,20,289.931604
-2.05,2,289.936661
18.0,29,290.01082
-2.05,2,290.015908
18.15,30,290.092177
19.1,11,290.12013
-2.25,6,290.135398
15.95,42,290.242409
-2.2,5,290.255027
18.95,18,290.301034
-6.2,53,290.435828
19.65,8,290.456329
7.95,2,295.953406
-2.5,11,295.98313
-2.15,4,295.994106
18.6,25,296.059708
18.45,20,296.114697
18.8,17,296.158809
14.4,45,296.277651
18.35,22,296.337785
-2.15,4,296.34838
19.3,11,296.377849
13.45,48,296.505682
-25.25,242,297.131652
-29.05,242,297.739832
-37.45,242,298.349515
-22.85,242,304.504976
-19.85,242,305.121685
14.2,125,305.429525
-2.0,1,305.431845
-17.45,242,306.071525
-2.45,6,306.087886
-2.05,2,306.09338
-17.05,242,306.70126
-2.0,1,306.703802
-20.65,242,312.740523
-2.0,1,312.743211
-18.65,242,313.374088
-20.25,242,313.992528
-20.05,242,314.639216
-16.0,169,320.595347
4.8,177,321.054451
-20.85,242,321.664975
-2.2,5,321.677149
5.0,1,321.679682
-23.25,242,322.273498
21.35,14,322.307045
14.35,78,322.500621
-25.45,242,328.634246
9.5,127,328.970231
-2.3,7,328.989162
1.65,232,329.615342
9.95,138,329.964155
-23.85,242,330.577949
11.0,137,330.923785
18.8,37,331.017511
9.2,149,336.950035
7.95,174,337.380463
-25.05,242,337.974977
-25.85,242,338.575601
-25.45,242,344.896282
-2.0,1,344.898938
18.8,41,345.001232
3.65,188,345.471287
-2.05,2,345.476082
17.0,69,345.644603
-30.85,242,346.294576
20.55,26,346.365205
15.7,63,346.536719
19.3,35,346.629644
11.25,120,346.941024
0.6,201,347.449349
19.3,39,353.001244
16.15,70,353.171402
17.6,45,353.285643
0.8,237,353.879526
19.3,43,353.988559
8.35,130,354.307826
-2.0,1,354.310253
19.6,37,354.402195
19.25,28,354.472521
12.9,95,354.714846
16.15,62,354.87274
-2.55,8,354.892838
-2.0,1,354.895528
-3.5,15,354.933341
-2.8,9,354.956192
19.05,40,355.058191
-2.05,2,355.063246
20.45,24,355.124577
-2.05,2,355.12968
-2.55,8,355.150061
17.25,52,355.282891
20.15,26,355.349549
-35.65,242,361.620148
19.0,33,361.704436
21.5,11,361.732417
19.25,32,361.810797
-2.0,1,361.813232
-2.1,3,361.820525
20.0,25,361.881678
20.3,23,361.940413
5.0,1,361.943012
-2.1,3,361.950751
18.15,34,362.03903
-2.0,1,362.041574
18.75,46,362.15967
-2.05,2,362.164771
18.05,48,362.28576
15.8,65,362.451747
15.05,88,362.675751
14.5,79,362.876482
-2.1,3,362.883869
16.8,65,363.039787
-2.05,2,363.044851
19.4,29,363.119431
18.1,39,363.216509
18.65,44,363.328943
20.4,25,363.392277
21.1,11,363.420365
20.45,20,363.471654
21.05,20,363.52305
-0.25,202,369.797298
19.3,27,369.862245
19.35,26,369.925277
16.85,68,370.088445
-2.2,5,370.100328
19.9,23,370.15532
11.9,111,370.420836
18.95,38,370.511975
21.2,13,370.543265
20.5,23,370.59862
18.95,34,370.679525
-3.6,17,370.719785
20.3,31,370.793585
19.6,33,370.871943
-2.4,5,370.883802
1.0,161,371.267408
-2.0,1,371.269918
-2.0,1,371.272327
5.95,2,371.277181
11.8,5,371.289251
11.75,6,371.303663
18.45,40,371.399009
-2.1,3,371.406189
11.35,130,371.718441
19.8,5,371.730516
-22.05,242,377.957089
17.95,50,378.073218
19.95,22,378.124727
20.05,28,378.190469
19.65,32,378.263168
21.1,19,378.305972
-2.2,5,378.317134
-2.15,4,378.326104
5.0,1,378.328372
8.95,142,378.660389
20.0,33,378.745077
21.35,14,378.789321
5.0,1,378.792538
-2.05,2,378.798869
-2.1,3,378.808395
21.25,12,378.844785
21.35,10,378.874243
19.6,25,378.943931
-2.4,5,378.958294
-2.0,1,378.961251
19.7,27,379.040421
21.55,10,379.069915
18.8,37,379.173725
19.35,34,379.266919
-2.1,3,379.274709
-2.35,8,379.295305
9.25,124,379.620206
14.25,96,379.863751
16.7,67,380.038807
20.65,16,380.08272
15.75,42,380.193278
8.4,101,386.008409
16.2,65,386.16572
-2.1,3,386.173492
17.2,49,386.330626
21.15,14,386.383925
16.9,63,386.624203
-2.35,4,386.639037
-2.5,7,386.665509
15.3,87,386.948506
8.0,1,386.951239
20.95,18,386.999238
20.6,21,387.054178
21.15,18,387.099837
18.05,44,387.209939
21.0,17,387.251163
19.35,34,387.337296
-2.15,4,387.347431
17.1,59,387.493193
17.3,35,387.585473
19.1,43,387.700891
21.4,13,387.735798
19.7,23,387.795171
17.4,53,387.928001
20.3,23,387.986073
20.8,25,388.048529
-2.05,2,388.05341
-2.2,5,388.065911
21.55,10,388.091581
-2.05,2,388.096627
-2.3,7,388.114019
20.45,24,388.174681
5.0,1,388.177227
19.65,28,388.248318
21.6,9,388.271164
-2.1,3,388.278805
21.0,17,388.322126
16.0,69,388.497413
20.55,22,388.552131
21.6,9,388.574936
19.8,29,388.647843
21.2,13,394.353906
-2.05,2,394.358732
19.8,33,394.43529
-2.45,10,394.459057
-2.15,4,394.468603
20.6,17,394.509412
10.3,127,394.811318
20.25,24,394.872558
20.85,16,394.913802
19.25,40,395.017176
19.45,32,395.097647
19.3,35,395.184858
18.95,34,395.270642
20.4,21,395.324403
-2.2,5,395.337413
19.8,29,395.413294
-2.05,2,395.418693
20.25,28,395.494819
-2.25,6,395.510998
18.95,38,395.612869
21.35,14,395.650835
-2.05,2,395.65626
16.3,71,395.849519
-2.1,3,395.857617
18.85,40,395.964185
20.1,23,396.025481
20.2,25,396.093524
-2.1,3,396.101587
-2.1,3,396.109738
6.0,1,396.112505
19.6,29,396.191604
20.75,18,396.240681
13.1,83,396.465886
19.9,23,396.528623
21.05,12,396.561536
19.5,31,396.645847
21.55,10,396.673179
-2.2,5,396.686702
5.95,2,396.692299
-2.55,8,396.714283
7.9,3,396.722525
17.9,39,396.829777
21.1,15,396.87084
-2.1,3,396.878923
21.0,21,396.936622
19.55,26,402.606223
20.55,22,402.665509
21.15,10,402.691749
-2.1,3,402.699731
19.8,29,402.779025
-2.2,5,402.792668
20.95,18,402.841976
-2.25,6,402.85787
17.8,49,402.990738
-2.3,7,403.009604
21.15,14,403.046976
20.65,20,403.102879
-2.15,4,403.113576
20.7,19,403.163692
-3.7,11,403.192292
19.35,38,403.292919
19.7,27,403.365546
-4.05,18,403.414059
7.95,2,403.419324
-2.0,1,403.4219
12.3,75,403.624126
17.55,46,403.749017
20.3,23,403.8114
19.1,27,403.884688
21.5,11,403.914264
18.25,40,404.019115
-2.05,2,404.024312
-2.15,4,404.034749
20.45,20,404.086583
-2.15,4,404.096937
-2.05,2,404.102208
20.8,17,404.146256
-2.3,7,404.164434
8.0,1,404.167151
21.3,15,404.206013
-2.0,1,404.208625
20.05,28,404.282814
21.35,14,404.319392
21.4,13,404.353669
-2.5,7,404.373037
-2.3,7,404.392227
18.7,39,404.497862
21.4,13,404.53253
8.0,1,404.535261
-2.0,1,404.537864
17.75,42,404.6491
19.95,18,404.696052
-2.05,2,404.701448
7.95,2,404.706914
19.85,24,404.771709
20.35,22,404.828631
19.9,27,404.898342
-2.1,3,404.906126
17.7,7,404.924281
5.95,2,404.929527
19.4,37,405.02501
-2.85,10,405.0508
18.8,37,405.146551
20.65,16,405.188129
19.8,29,405.262879
17.85,40,411.005633
-2.1,3,411.013574
-2.0,1,411.016184
-2.0,1,411.018872
-2.0,1,411.021501
19.75,30,411.100751
21.75,6,411.117149
19.15,34,411.210133
-2.1,3,411.218258
-2.3,7,411.236317
19.7,23,411.295331
21.4,13,411.328679
20.95,14,411.364462
8.0,1,411.367112
-2.2,5,411.380088
-2.5,7,411.398199
21.6,9,411.421561
20.95,14,411.457939
15.25,88,411.697291
20.95,22,411.757731
20.4,21,411.815099
20.55,22,411.874854
20.35,26,411.945493
21.5,11,411.975606
18.65,36,412.073986
20.75,14,412.111864
-2.5,11,412.142173
20.6,25,412.210711
19.15,34,412.303046
20.35,18,412.352965
20.5,15,412.394083
20.75,22,412.454992
20.1,23,412.518415
-28.75,288,419.313527
-2.15,4,419.323657
-27.55,288,420.032333
13.6,25,420.092728
-30.95,288,420.819365
-26.55,288,421.560093
-2.1,3,421.568154
-23.95,288,427.663284
-28.35,288,428.352207
-23.15,288,429.053452
-27.35,288,435.081584
-2.2,5,435.093597
-23.35,288,435.825331
7.95,2,435.830136
-3.55,20,435.878303
-21.95,288,436.598172
-24.55,288,437.35638
-41.15,288,443.599457
-20.75,288,444.33479
-2.7,11,444.362736
-26.75,288,445.136318
-30.15,288,451.448546
-28.15,288,452.234261
-27.55,288,452.953877
-2.1,3,452.961371
-2.05,2,452.966398
13.0,117,453.262337
17.75,90,453.488978
-3.15,12,453.519488
-2.15,4,453.529562
-25.95,288,459.804144
11.85,96,460.057202
-28.55,288,460.825247
-2.15,4,460.835444
-28.95,288,461.603287
5.95,190,462.08251
12.65,124,467.936477
22.5,23,467.992974
-26.55,288,468.767241
23.4,13,468.801468
-2.15,4,468.811572
9.25,160,469.210908
-2.05,2,469.216373
-2.05,2,469.221801
-29.35,288,469.98296
-2.1,3,469.991091
-28.15,288,476.56596
17.05,72,476.756902
-2.05,2,476.76223
23.05,16,476.803075
17.65,80,477.001856
-2.05,2,477.006557
22.75,22,477.061881
-8.9,79,477.252715
17.25,76,477.436493
-0.75,260,478.088104
7.3,179,478.530274
23.0,21,478.583096
18.8,65,478.74538
22.8,25,484.503771
23.2,13,484.53398
2.2,249,485.138942
-2.15,4,485.149171
22.35,22,485.205107
18.1,67,485.369568
17.4,73,485.545187
12.9,135,485.86873
14.6,113,486.151272
-2.9,7,486.169448
-2.75,12,486.200037
22.6,25,486.264345
-28.55,288,486.977849
8.65,168,493.027207
23.2,17,493.072945
17.8,73,493.269598
19.4,65,493.437719
14.15,74,493.62349
18.65,48,493.740537
21.1,35,493.830147
14.6,97,494.08689
-49.95,288,494.841521
7.8,193,501.246197
21.9,27,501.310075
23.2,17,501.350359
12.85,112,501.618429
18.6,73,501.798862
5.75,186,502.236638
-27.55,288,502.939592
7.95,2,502.944606
22.75,18,502.987895
-2.1,3,502.995008
13.8,5,503.006984
10.0,1,503.009363
-19.45,226,503.572733
22.6,17,503.613247
-4.3,15,503.650122
19.05,52,509.588881
-2.1,3,509.596279
23.1,19,509.644465
19.6,45,509.757954
-2.15,4,509.768005
23.25,16,509.808293
-2.5,7,509.82603
5.0,1,509.828586
-2.05,2,509.833568
-3.0,9,509.856366
3.3,219,510.414148
11.7,7,510.432061
22.25,20,510.483016
16.85,72,510.662566
23.25,12,510.691602
-3.5,15,510.729754
22.2,21,510.783209
11.5,143,511.140496
13.1,135,511.482384
21.35,42,511.588783
20.6,49,511.72116
-2.4,9,511.752686
23.2,13,511.802066
21.5,31,511.908254
-2.05,2,511.913996
-3.05,10,511.942954
18.5,55,512.08862
-3.9,11,512.116724
12.3,127,518.037229
-2.25,6,518.051311
20.8,41,518.150025
21.7,27,518.214404
15.95,102,518.459205
-2.7,7,518.476028
-3.0,9,518.497742
-2.7,11,518.524184
22.45,16,518.564045
6.0,1,518.566655
-2.05,2,518.57175
22.65,20,518.623508
-2.15,4,518.633739
-2.1,3,518.641499
22.55,18,518.687906
21.15,34,518.775593
22.35,22,518.832344
19.6,41,518.938195
-2.1,3,518.945924
-2.6,5,518.958725
-2.1,3,518.966376
23.0,17,519.007157
20.9,35,519.091196
22.05,24,519.149267
-2.3,7,519.166224
-2.5,11,519.192601
22.45,24,519.251046
20.7,51,519.379568
-3.3,19,519.428688
-2.05,2,519.433907
17.8,65,519.608895
21.25,36,519.704191
-2.2,5,519.716908
12.35,146,520.108737
-2.1,3,520.116826
21.7,35,520.211266
22.75,22,520.270494
22.05,32,526.135955
23.15,18,526.181387
-2.0,1,526.183851
19.6,41,526.286683
15.55,98,526.529178
16.05,80,526.726557
9.9,3,526.7337
22.3,23,526.789005
19.45,44,526.894074
17.05,80,527.09166
-2.15,4,527.10184
-2.15,4,527.11201
15.3,95,527.351705
22.5,23,527.409414
21.9,23,527.467161
-2.05,2,527.472155
-2.2,5,527.484343
22.55,18,527.529364
-2.05,2,527.534418
21.8,25,527.597674
7.4,5,527.610532
22.55,18,527.655303
-2.3,7,527.672791
-2.0,1,527.675314
9.75,166,528.084215
-2.8,17,528.124979
22.2,29,528.198205
22.8,17,528.240996
-2.0,1,528.24348
22.25,24,528.302757
9.85,4,528.312786
22.45,20,528.36121
-2.0,1,528.363693
17.45,60,528.513052
-2.65,14,528.547284
-2.2,5,528.55995
23.2,17,528.603156
22.55,26,534.231689
23.55,10,534.25597
-33.95,288,534.935436
11.85,4,534.944987
-2.0,1,534.947298
-2.1,3,534.954395
12.25,116,535.234776
22.55,18,535.280609
22.55,22,535.337794
19.7,55,535.477139
21.2,41,535.58218
18.1,55,535.720427
22.6,17,535.761469
7.65,180,536.212566
5.0,1,536.215204
22.0,29,536.287542
-2.75,8,536.308001
20.15,42,536.415302
22.7,23,536.474196
21.6,29,536.548122
21.8,33,536.63761
23.35,14,536.675373
-2.05,2,536.680512
-2.75,8,536.700709
19.45,52,542.58386
-2.7,11,542.610812
19.5,51,542.73993
15.3,83,542.94982
22.85,20,543.00019
21.2,29,543.073082
-2.1,3,543.080844
19.6,61,543.231267
23.3,15,543.268456
6.0,1,543.270992
20.85,32,543.35166
15.8,77,543.545051
22.95,18,543.588903
-2.0,1,543.591387
-2.15,4,543.601447
21.95,26,543.666602
22.25,28,543.736594
14.8,97,544.000994
19.25,52,544.154182
-2.05,2,544.15978
21.55,34,544.255832
16.45,88,544.504463
9.9,3,544.512991
13.9,3,544.521419
-2.4,9,544.547106
23.5,11,544.577942
20.1,39,544.687471
9.1,127,545.027959
22.95,18,545.076078
-2.25,6,545.092369
-2.0,1,545.095122
22.7,23,545.158547
22.85,16,545.201369
-3.4,13,551.081131
-2.3,7,551.099364
22.15,26,551.170559
20.3,47,551.298254
22.8,21,551.356579
21.45,32,551.443461
22.2,25,551.510765
19.7,59,551.672804
22.45,20,551.72781
-2.2,5,551.741744
-2.05,2,551.747203
-2.05,2,551.752717
23.35,14,551.791633
23.3,15,551.833135
22.4,21,551.891078
-2.0,1,551.893806
7.95,2,551.899333
17.7,67,552.080908
17.0,13,552.116893
22.8,21,552.174471
-2.75,8,552.196423
7.95,2,552.202132
22.95,18,552.251311
6.0,1,552.254139
7.95,2,552.259541
22.75,22,552.31942
8.0,1,552.322272
-2.05,2,552.327621
-2.1,3,552.33592
-2.0,1,552.338698
-2.15,4,552.350039
23.25,12,552.385495
6.0,1,552.388538
-2.45,10,552.416686
22.75,18,552.466271
-2.35,8,552.488362
18.6,45,552.61287
21.95,22,552.674145
21.9,27,552.748571
-2.6,9,552.772904
-2.0,1,552.775805
-2.05,2,552.781434
19.9,55,552.95212
23.45,12,552.985018
19.9,43,553.10048
22.5,27,553.172179
23.15,18,553.219614
-4.7,31,553.301803
21.5,31,553.387104
-2.15,4,553.398044
22.8,21,553.45387
22.1,23,553.515532
23.05,16,553.558475
20.95,42,553.67241
14.85,120,559.63563
22.6,17,559.680239
9.15,6,559.696052
22.0,25,559.762043
11.05,140,560.127991
21.0,41,560.236585
22.1,23,560.300929
23.15,18,560.35394
18.75,54,560.51402
22.85,16,560.559248
-2.0,1,560.56208
-2.25,6,560.578931
-2.1,3,560.58736
23.45,12,560.623146
21.95,26,560.699548
22.25,32,560.793669
-2.1,3,560.80248
20.05,56,560.960389
23.05,16,561.005965
23.35,14,561.045546
23.05,16,561.090429
21.5,23,561.155216
21.8,25,561.225682
18.85,52,561.372678
-2.3,3,561.381041
20.5,47,561.513718
20.25,48,561.645566
21.5,35,561.737322
-2.0,1,561.739885
22.8,17,561.784266
-2.45,10,561.811985
22.45,20,561.865459
23.4,13,561.901695
22.25,28,561.977732
22.8,17,562.024866
-2.05,2,562.030399
23.1,19,562.083023
21.45,32,562.170233
-2.5,11,562.200835
-2.0,1,562.203596
21.8,25,562.272938
22.4,21,562.331431
22.35,26,568.099564
21.2,33,568.189811
-2.05,2,568.195191
-2.55,12,568.227626
21.7,23,568.290623
22.65,24,568.356958
22.3,19,568.408345
22.75,22,568.469054
23.2,13,568.503582
-2.05,2,568.508847
22.55,22,568.567728
23.15,18,568.61785
-2.25,6,568.634606
8.0,1,568.637433
21.45,32,568.726872
21.95,30,568.810925
21.0,37,568.91661
19.9,43,569.042592
17.15,54,569.206985
-2.1,3,569.21544
-2.3,7,569.235156
22.85,24,569.301347
23.45,12,569.333286
-41.85,338,570.398268
24.2,25,570.461761
-2.6,5,570.473735
-27.65,338,576.973273
-27.05,338,577.759772
-24.25,338,578.605785
-24.45,338,584.980792
-24.25,338,585.785628
-23.45,338,586.631733
-28.85,338,593.068725
-3.2,17,593.10901
5.0,1,593.111409
-31.05,338,593.907976
-2.75,16,593.944157
-2.6,9,593.96442
-29.25,338,594.806301
-35.25,338,601.600614
21.65,48,601.728959
-33.65,338,602.554136
-37.85,338,603.386549
-0.35,296,609.674069
-2.15,4,609.684728
6.0,1,609.687453
-30.85,338,610.559624
-0.75,300,611.296355
-34.05,338,617.879867
-2.3,7,617.896548
-7.4,289,618.605356
-2.55,12,618.634116
10.35,182,619.086607
-2.1,3,619.09406
-2.65,10,619.118766
-4.7,23,619.176491
9.7,199,619.672875
24.25,20,619.72032
2.6,241,626.073676
-48.65,338,626.940173
8.0,1,626.942915
-2.0,1,626.945539
12.2,145,627.332022
21.2,41,627.442113
24.85,16,627.484958
-6.6,33,627.573766
23.3,39,627.674401
5.25,228,628.24298
24.9,15,628.283513
16.85,108,634.347958
12.8,141,634.676974
-34.45,338,635.497368
24.7,23,635.551875
16.65,124,635.858539
13.05,140,636.215549
18.1,87,636.437519
-2.05,2,636.442549
11.85,4,636.452779
16.9,115,642.421715
-32.85,338,643.23024
5.95,2,643.235416
6.0,1,643.237996
-2.05,2,643.243037
-2.5,11,643.2709
-2.0,1,643.273431
-3.45,302,644.035941
24.5,19,644.081718
-2.05,2,644.086435
12.8,149,644.448133
23.85,32,644.527687
-2.55,8,644.549154
-1.75,304,651.138231
23.9,31,651.212873
18.3,79,651.400927
-2.05,2,651.405645
20.0,65,651.570071
19.55,74,651.755205
7.9,171,652.2061
-2.45,10,652.231285
22.8,45,652.345304
21.7,55,652.476177
23.7,39,652.571182
19.85,68,652.744029
-3.35,216,653.276576
-2.25,6,659.195781
24.2,25,659.258915
21.55,54,659.393745
24.55,22,659.447734
20.75,62,659.597668
20.65,64,659.751235
24.35,26,659.816714
20.1,51,659.940956
6.0,1,659.94353
25.65,8,659.96353
24.8,21,660.013525
24.6,25,660.073154
24.35,26,660.137023
8.9,171,660.56343
21.6,53,660.695945
22.65,44,660.805821
23.35,42,660.910851
18.5,87,661.124385
23.9,27,661.190099
25.35,14,661.223591
12.9,171,661.645407
22.6,45,667.535244
8.3,163,667.924525
-2.0,1,667.927037
24.8,21,667.980206
-2.1,3,667.987814
21.25,64,668.149735
23.75,30,668.223846
20.5,75,668.409844
14.6,149,668.777875
-33.45,338,669.638103
5.0,237,675.92444
24.2,21,675.977296
13.3,107,676.245341
22.6,41,676.348529
20.9,71,676.527467
-2.0,1,676.529963
21.8,49,676.654209
14.35,130,676.993738
-4.2,17,677.039346
17.4,77,677.262274
-2.25,6,677.279145
23.6,29,677.358363
24.45,24,677.422361
22.7,39,677.52073
22.4,41,677.623871
21.7,51,677.751041
-2.3,299,684.285659
-2.0,1,684.288103
23.4,37,684.381361
24.95,18,684.426547
25.0,17,684.469293
21.9,47,684.588285
22.8,49,684.711704
24.5,23,684.76972
23.7,27,684.837877
22.0,49,684.96219
-2.75,8,684.982442
-2.0,1,684.985028
22.15,58,685.128773
20.6,61,685.274668
24.15,26,685.336976
24.45,24,685.394262
24.85,24,685.451909
-2.1,3,685.459101
24.3,27,685.524147
10.3,159,685.925531
19.75,66,686.084312
-2.25,6,686.098555
23.15,38,686.189722
23.2,33,686.268546
20.0,69,686.434359
22.4,41,686.53667
24.05,28,686.607738
22.9,35,692.522249
-2.0,1,692.524728
23.15,34,692.60816
20.85,68,692.777339
-2.0,1,692.779804
23.6,29,692.851504
-2.2,5,692.863554
21.8,61,693.01441
23.55,34,693.099334
23.8,33,693.178614
16.45,100,693.445362
5.0,1,693.448036
-2.05,2,693.453338
25.2,17,693.498614
25.25,16,693.541543
22.5,43,693.658532
23.8,29,693.736612
-2.1,3,693.744768
-2.1,3,693.752861
22.6,37,693.852512
20.35,46,693.976557
-2.1,3,693.984554
-3.4,17,694.030034
24.25,20,694.083787
24.3,23,694.145168
24.1,27,694.214387
21.45,56,694.356374
17.3,99,694.607612
25.05,16,694.648736
-2.1,3,694.656345
23.6,37,694.754098
-2.45,10,694.781001
22.6,49,694.909799
24.35,22,694.968516
15.85,108,701.212537
-2.25,6,701.226793
24.75,22,701.282377
24.75,18,701.327967
24.8,17,701.371137
-2.85,10,701.394839
23.0,41,701.493115
25.05,16,701.533074
25.25,16,701.573229
20.8,57,701.717139
22.9,35,701.805552
24.65,24,701.862271
-2.1,3,701.869397
20.7,67,702.032775
23.5,31,702.111033
25.35,14,702.146776
18.6,93,702.376636
16.85,108,702.641059
-2.85,14,702.674489
-2.15,4,702.684146
24.8,21,702.734205
24.9,19,702.779602
-7.35,28,702.84624
21.75,62,702.997411
-2.15,4,703.007476
24.4,25,703.069734
25.6,9,703.090936
21.5,55,703.226231
25.05,16,703.266123
24.95,22,703.319588
17.8,89,703.534759
-2.15,4,703.544742
17.0,101,709.409684
19.65,80,709.604474
-2.0,1,709.606959
11.95,2,709.611903
-2.1,3,709.619143
23.95,30,709.69302
16.45,80,709.892953
21.05,48,710.012365
20.8,45,710.121479
24.15,22,710.171128
24.55,22,710.220898
22.75,34,710.297745
-2.0,1,710.300024
19.65,72,710.473117
24.1,23,710.532004
24.55,26,710.598301
-2.2,5,710.611022
8.0,1,710.613621
-2.15,4,710.623679
20.45,56,710.760408
22.1,35,710.847962
-2.1,3,710.855558
7.75,174,711.267125
22.8,49,711.385849
24.65,20,711.433485
-2.6,9,711.454919
25.0,21,711.507248
23.25,32,711.586742
23.7,35,711.675377
-2.0,1,711.677886
-2.3,7,711.695635
23.55,38,717.551134
24.7,19,717.596958
18.2,73,717.771221
-2.25,6,717.785434
24.85,20,717.837278
23.3,27,717.91081
-2.05,2,717.916119
-2.1,3,717.924155
23.3,27,717.99701
17.55,78,718.205757
-2.05,2,718.211076
-2.35,4,718.221806
23.15,34,718.31262
24.05,24,718.376961
23.6,33,718.465349
-2.4,9,718.489818
24.4,25,718.557421
20.3,47,718.680814
23.65,28,718.751049
25.2,17,718.792438
5.0,1,718.794823
-2.2,5,718.80655
25.35,14,718.839694
20.2,61,718.99296
-2.05,2,718.998085
21.1,51,719.127783
23.5,27,719.196962
23.5,31,719.280234
-2.05,2,719.285733
23.5,31,719.367027
-2.6,13,719.399333
22.05,60,719.545275
-2.15,4,719.555067
21.9,63,719.720564
-2.05,2,719.726126
25.3,15,719.767035
23.4,29,719.843633
24.7,19,719.893857
-2.05,2,719.899216
24.65,20,719.952996
-2.15,4,719.963406
24.9,19,720.01464
-2.05,2,720.020151
21.0,61,725.964953
22.3,55,726.114323
24.3,27,726.189293
25.25,16,726.233752
23.5,31,726.318018
23.5,35,726.413655
23.9,27,726.481367
25.1,19,726.528445
23.6,45,726.64022
24.5,23,726.697716
22.75,42,726.802692
24.55,22,726.857624
16.8,85,727.070429
-2.25,6,727.085323
24.35,22,727.141886
24.85,20,727.196173
23.4,33,727.283993
24.1,27,727.355852
15.9,95,727.614848
22.85,40,727.725706
5.0,1,727.728529
-2.05,2,727.734212
22.7,47,727.866182
-2.25,6,727.882984
22.6,45,728.007374
23.8,33,728.09624
-2.05,2,728.101549
17.95,66,728.280069
24.05,32,728.36574
24.7,19,728.419208
25.35,14,728.458255
11.95,2,728.463719
24.4,25,728.529794
22.55,38,728.630501
20.8,53,734.554545
24.7,19,734.604599
24.75,26,734.673596
22.9,35,734.769578
23.7,31,734.851329
-2.55,12,734.885273
21.4,53,735.034943
21.85,56,735.192342
-4.0,25,735.262505
-2.25,6,735.279403
22.75,34,735.374898
24.0,21,735.433827
6.0,1,735.437293
22.7,39,735.546952
-2.45,10,735.575121
-2.3,7,735.594794
23.85,32,735.686076
-2.5,7,735.706743
-2.0,1,735.709622
25.0,17,735.758977
5.0,1,735.761902
-2.05,2,735.76777
22.8,37,735.87871
24.25,28,735.957776
24.2,21,736.015503
-2.1,3,736.023502
-2.85,10,736.049809
21.3,63,736.227106
24.05,32,736.322347
22.65,52,736.475252
-2.2,5,736.48955
22.0,53,736.637331
23.3,43,736.753383
-2.0,1,736.757223
-36.95,392,743.426558
-34.55,392,744.41852
-59.75,392,745.421645
-34.15,392,751.837646
-28.55,392,752.785915
-31.15,392,759.243041
-31.35,392,760.113977
-31.75,392,761.03663
-34.35,392,767.555151
-2.0,1,767.557639
-37.15,392,768.526238
-2.0,1,768.528617
-41.35,392,775.029769
10.1,219,775.561671
-2.0,1,775.564115
-2.0,1,775.566648
-2.15,4,775.576607
-4.95,16,775.614697
10.95,206,776.098961
-33.15,392,777.069253
-2.1,3,777.076736
-2.35,8,777.096913
-43.15,392,783.782588
-2.5,7,783.800575
18.85,108,784.066998
-34.95,392,785.026957
-2.65,10,785.052344
-2.65,10,785.076231
-32.55,392,791.833235
-1.05,382,792.782014
21.4,73,792.96543
-2.15,4,792.974967
3.8,261,793.613436
-37.75,392,800.668254
17.1,151,801.02624
-36.55,392,801.958252
-2.6,9,801.980684
-2.0,1,801.983179
-34.95,392,808.913644
1.4,285,809.603604
-2.45,10,809.629073
-12.4,369,810.524264
-2.7,275,817.169538
8.0,1,817.172153
8.0,1,817.174727
12.1,207,817.69366
15.85,136,818.034599
-5.2,29,818.106192
24.45,56,818.247743
-2.1,3,818.255212
20.15,94,818.490012
-2.85,14,818.524831
-2.3,7,818.542326
23.05,56,818.682468
-8.05,326,819.506442
-2.8,9,819.528907
-42.75,392,826.603953
24.15,50,826.738739
14.3,163,827.162054
24.5,39,827.259497
-34.55,392,828.212729
-2.6,5,828.224732
18.1,119,834.592468
-2.05,2,834.597505
23.05,68,834.766476
25.9,27,834.83077
-2.1,3,834.837923
19.8,97,835.079896
21.35,74,835.263498
23.15,62,835.419341
-2.0,1,835.421817
24.3,51,835.549061
22.65,60,835.699126
-2.1,3,835.706526
-2.2,5,835.718992
-32.15,392,836.704948
15.95,130,842.968583
20.2,97,843.198109
20.45,96,843.439406
-2.45,6,843.45466
20.85,64,843.616403
-2.4,9,843.641487
-2.55,12,843.67264
-2.4,9,843.695612
25.9,27,843.767596
-2.6,9,843.791804
25.35,30,843.873074
24.95,42,843.983544
-2.0,1,843.986094
19.35,110,844.26693
19.7,7,844.285302
-4.05,18,844.333651
26.85,20,844.387445
23.75,54,844.528705
16.3,115,844.812268
-32.35,392,851.757998
26.35,30,851.831116
-2.1,3,851.838229
-2.05,2,851.843018
-2.2,5,851.854861
10.4,161,852.259231
20.5,95,852.482342
24.4,45,852.583046
-37.15,392,853.528832
26.35,26,853.594232
19.55,90,853.819088
25.15,42,859.825133
20.55,66,859.988122
5.7,3,859.99553
26.4,21,860.04905
26.25,32,860.13055
25.8,29,860.205005
13.25,156,860.597428
-2.0,1,860.59982
25.4,29,860.669884
11.45,200,861.167685
22.55,86,861.397886
26.65,20,861.449344
-2.15,4,861.459576
25.95,26,861.53005
26.55,18,861.578116
-2.15,4,861.588354
-2.35,8,861.608955
26.3,23,861.670048
21.9,75,861.867136
24.4,49,861.991095
24.05,44,862.103062
25.75,30,862.17902
15.8,133,868.564841
23.7,55,868.695932
9.9,3,868.703087
23.75,58,868.840845
-2.0,1,868.843167
17.25,104,869.090796
26.25,24,869.148578
-2.1,3,869.156019
23.95,46,869.270767
14.4,149,869.646095
-2.3,7,869.663597
-2.85,346,870.507274
26.0,29,870.576072
-32.95,392,877.379618
26.2,33,877.462226
23.0,61,877.615929
-3.45,14,877.651003
26.85,20,877.700217
0.15,322,878.505688
25.7,27,878.573512
-2.15,4,878.583492
-2.15,4,878.593554
21.2,53,878.726564
24.2,41,878.829766
25.6,33,878.9127
20.95,90,879.139384
22.1,71,879.317467
24.15,50,885.359417
26.05,32,885.43978
24.1,39,885.537935
19.7,91,885.767676
-2.1,3,885.775229
26.95,18,885.820556
24.2,41,885.923037
-2.65,6,885.938022
18.35,114,886.220867
24.05,48,886.342042
24.95,38,886.437759
-2.35,4,886.447826
23.55,50,886.573834
24.75,38,886.669421
24.85,36,886.760051
-37.15,392,887.709644
-2.05,2,887.714613
25.75,30,893.473724
19.7,87,893.682419
25.2,33,893.761274
24.85,36,893.85036
19.45,92,894.078491
25.55,34,894.160284
5.6,197,894.644676
23.7,51,894.766235
19.0,89,894.985748
-3.05,10,895.009654
27.05,20,895.05877
18.1,119,895.349927
22.0,81,895.547335
23.75,46,895.663752
-2.0,1,895.666281
18.5,83,895.877473
24.45,40,895.97968
18.05,112,902.40011
22.95,54,902.531533
-2.15,4,902.541346
21.45,84,902.749168
-2.1,3,902.756845
22.9,67,902.931204
-2.0,1,902.93375
25.45,36,903.026158
-2.05,2,903.031052
16.85,92,903.25721
-2.0,1,903.259631
18.2,101,903.506512
26.0,33,903.59123
24.95,38,903.688801
18.8,85,903.899462
14.85,100,904.156033
-2.05,2,904.161109
-2.1,3,904.168935
23.35,58,904.318813
24.8,33,904.405159
-2.0,1,904.407839
26.45,24,904.470052
23.55,54,904.603595
-2.25,6,904.61781
18.15,106,910.583277
-2.05,2,910.588064
23.75,50,910.708096
20.65,96,910.948617
-2.25,6,910.963672
26.85,24,911.02477
25.0,41,911.127397
25.35,46,911.240729
24.05,48,911.366206
26.5,23,911.424715
-2.2,5,911.437479
20.7,75,911.629271
25.65,32,911.714679
25.85,36,911.805717
24.25,36,911.902548
19.55,110,912.187644
26.7,23,912.244354
18.2,105,912.504525
26.25,28,912.573798
25.0,45,912.686374
-59.55,392,919.873566
25.85,32,919.962979
19.7,7,919.982019
25.25,36,920.072511
25.65,40,920.172349
-2.55,12,920.202059
24.35,46,920.323394
26.1,23,920.388309
-2.05,2,920.393967
26.15,22,920.454479
24.85,40,920.560311
-2.05,2,920.56558
-2.1,3,920.573327
25.0,41,920.681018
25.7,35,920.76767
9.95,2,920.772634
22.8,49,920.893945
1.9,267,921.591052
21.95,54,921.730296
26.55,22,921.784733
26.1,27,927.75927
-2.1,3,927.766295
25.9,27,927.828338
-2.25,6,927.842124
-2.4,9,927.8627
-2.15,4,927.87211
5.0,1,927.874538
5.0,1,927.876916
-2.15,4,927.8863
-2.5,7,927.902542
26.85,20,927.948635
-2.0,1,927.950953
23.5,39,928.043066
26.45,16,928.081016
-2.65,10,928.104581
23.1,55,928.233759
22.8,49,928.351716
-2.15,4,928.361624
25.65,32,928.442708
-2.05,2,928.447689
-2.2,5,928.460209
24.25,40,928.560801
26.1,27,928.628552
25.8,33,928.711107
-2.0,1,928.713608
25.05,36,928.803875
25.5,35,928.89072
-2.5,7,928.90854
24.4,41,929.017367
-2.1,3,929.025472
9.95,2,929.030884
-2.05,2,929.036258
-2.2,5,929.049701
17.75,106,929.320021
11.2,189,929.856917
-2.1,3,929.86539
26.2,29,929.945751
20.45,76,930.146851
27.2,17,930.192364
26.35,30,930.272785
6.0,1,930.275482
-2.35,8,930.296436
25.15,38,936.286628
24.65,40,936.388045
27.05,16,936.427708
-2.15,4,936.437979
-2.25,6,936.454192
25.9,27,936.523762
26.25,32,936.60983
25.65,36,936.702311
-2.1,3,936.709857
25.25,32,936.790552
24.05,52,936.920982
16.5,103,937.176242
23.0,57,937.312854
25.45,36,937.400221
25.05,36,937.485915
-2.4,5,937.498426
-2.95,16,937.536319
23.6,61,937.684348
25.9,23,937.742528
26.9,19,937.789945
26.7,23,937.847155
24.15,42,937.953502
-2.45,10,937.979275
17.7,99,938.228917
-3.95,32,938.309956
-2.0,1,938.312489
25.55,34,938.397051
-7.25,34,938.483138
2.0,157,944.477824
26.95,22,944.530645
7.95,2,944.535347
24.55,38,944.626321
21.55,78,944.821287
24.85,36,944.913086
-2.2,5,944.925667
19.3,83,945.136867
-2.15,4,945.146948
-2.7,7,945.164829
15.05,104,945.425649
25.0,37,945.524228
26.4,25,945.590782
20.65,76,945.791534
26.1,27,945.868268
23.45,60,946.054068
26.1,27,946.130844
22.75,58,946.296431
-2.25,6,946.31356
25.9,31,946.401873
-2.15,4,946.41314
26.25,28,946.492667
25.35,38,946.600116
24.65,44,946.725032
26.45,28,946.804407
21.1,75,947.022926
24.45,40,947.137809
26.45,28,952.893972
-2.1,3,952.902289
27.15,14,952.941507
21.9,67,953.129324
-2.25,6,953.14614
26.2,29,953.227562
26.0,21,953.287846
-2.4,5,953.301188
9.95,2,953.30657
26.95,18,953.355952
-4.75,32,953.445995
27.25,12,953.479504
-2.55,8,953.501933
25.15,30,953.585998
13.6,153,954.004927
24.5,35,954.098619
-2.3,7,954.117321
26.15,26,954.186899
-2.1,3,954.194958
22.75,70,954.3834
24.2,45,954.504905
-2.1,3,954.513359
26.7,23,954.577014
26.75,22,954.63863
24.1,47,954.76929
25.9,23,954.830726
25.55,38,954.937972
25.7,39,955.046547
25.9,23,955.108168
25.5,39,955.212766
-2.1,3,955.220871
-2.35,8,955.242516
24.9,31,955.32591
27.6,9,955.350182
25.7,27,955.422699
25.85,32,955.509007
26.5,27,955.587206
27.55,10,955.617529
20.6,97,961.740116
-2.1,3,961.748324
26.5,31,961.835097
26.7,23,961.896849
20.9,63,962.065292
24.5,43,962.187552
-2.15,4,962.199128
26.7,23,962.265646
27.15,18,962.318069
25.65,28,962.400855
-2.35,8,962.425058
20.4,73,962.643816
23.8,65,962.827022
-2.15,4,962.838065
25.95,30,962.921916
24.65,44,963.044267
19.8,101,963.335699
-2.8,13,963.373323
-4.6,25,963.444108
25.5,43,963.562016
25.7,35,963.659458
27.25,12,963.69313
-2.0,1,963.695897
-2.25,6,963.712794
-5.15,24,963.780443
-2.2,5,963.794442
26.55,26,963.865457
-2.45,6,963.881333
-2.35,8,963.902744
26.15,26,963.972082
-2.15,4,963.982759
22.25,60,964.143718
19.85,80,964.358111
26.75,22,970.250742
-2.0,1,970.253528
26.8,21,970.311932
24.25,56,970.465118
15.95,134,970.819106
25.75,34,970.90693
26.45,20,970.959209
24.85,40,971.063775
25.25,28,971.138932
-3.5,19,971.19079
-2.15,4,971.202031
23.1,47,971.332118
27.4,13,971.368318
24.85,32,971.457854
-2.25,6,971.474247
22.8,49,971.611329
7.9,3,971.619707
23.0,49,971.750903
22.25,52,971.892702
24.6,33,971.985321
-2.0,1,971.987978
27.0,21,972.044782
26.85,20,972.099773
-2.1,3,972.109229
25.25,40,972.221807
19.7,103,972.497763
23.95,46,972.621362
-2.05,2,972.626747
26.5,23,972.68894
-2.1,3,972.696986
26.65,24,972.761228
25.65,32,972.846816
26.9,23,972.907978
7.95,2,972.913464
26.55,26,972.983689
21.9,43,978.911402
25.35,38,979.016443
6.0,1,979.019239
-2.1,3,979.027632
-2.1,3,979.035967
25.1,43,979.157788
24.05,40,979.270432
25.3,31,979.356898
9.95,2,979.36234
19.15,66,979.545209
23.65,36,979.64704
26.05,32,979.735106
27.25,12,979.767426
-4.3,15,979.807781
25.3,39,979.914044
26.55,22,979.976713
26.6,21,980.036707
25.55,34,980.137938
26.05,28,980.222363
2.15,262,980.988309
27.3,15,981.030055
25.85,32,981.122685
-4.1,15,981.167236
23.6,49,981.310262
26.3,23,981.379092
22.1,51,981.53472
-5.2,25,981.612569
24.05,44,981.753696
25.35,34,987.71426
25.45,36,987.810787
24.3,51,987.94619
26.55,22,988.005053
26.7,27,988.077248
17.6,109,988.363202
26.3,23,988.424158
26.55,26,988.492725
-2.05,2,988.498067
-2.55,8,988.519129
25.8,37,988.61658
26.9,19,988.66699
27.15,18,988.714901
26.85,20,988.767675
26.95,18,988.81533
22.8,65,988.986817
20.75,82,989.210259
23.45,64,989.389249
25.8,25,989.470701
22.7,63,989.656952
-2.05,2,989.663021
25.95,34,989.765767
-3.35,12,989.802109
24.85,40,989.917634
27.15,18,989.965447
26.25,28,990.040531
27.05,20,990.097049
22.45,64,990.280796
-3.25,18,990.330233
-2.25,6,990.347137
25.4,29,990.427811
25.1,35,996.340135
26.8,17,996.386064
12.05,104,996.670991
25.6,29,996.749395
-6.25,22,996.808342
26.85,20,996.862122
25.95,34,996.953511
-2.1,3,996.961987
23.8,45,997.082812
23.85,36,997.179163
-2.05,2,997.1847
26.9,19,997.235832
-2.05,2,997.241217
26.85,20,997.295172
25.7,39,997.400361
9.9,3,997.408454
26.65,20,997.462499
6.0,1,997.465254
27.35,14,997.504061
26.3,27,997.580515
25.55,34,997.676773
-2.05,2,997.682379
26.4,25,997.75297
25.0,45,997.877476
26.15,26,997.949874
27.15,18,997.999252
-2.5,7,998.018181
27.15,18,998.066637
26.0,29,998.144733
25.55,30,998.22659
23.75,50,998.367002
22.95,62,998.540292
24.95,46,998.666204
26.8,21,998.722526
26.7,19,998.773792
26.35,26,998.843877
24.5,39,998.951163
24.55,50,1004.832588
-2.55,8,1004.854947
25.3,39,1004.962323
26.3,27,1005.0377
5.95,2,1005.043293
26.4,25,1005.11383
24.95,30,1005.197078
-2.15,4,1005.208429
21.05,76,1005.414811
24.45,44,1005.535799
25.8,29,1005.617218
-2.05,2,1005.622826
27.45,12,1005.656823
24.5,39,1005.765025
-2.5,7,1005.783785
26.95,22,1005.845016
24.8,37,1005.948126
-2.3,7,1005.967823
-2.35,8,1005.993665
26.05,20,1006.057208
-2.15,4,1006.068686
-2.0,1,1006.071601
22.4,57,1006.235739
23.7,47,1006.370719
26.3,23,1006.436144
25.55,34,1006.52776
-2.05,2,1006.533141
27.05,16,1006.577676
-2.05,2,1006.583334
-2.3,7,1006.603192
26.6,29,1006.685346
26.2,21,1006.744929
26.35,22,1006.807373
25.35,26,1006.877396
25.95,26,1006.950535
-2.1,3,1006.958919
20.2,65,1007.142898
-2.4,9,1007.168117
25.4,33,1007.260701
26.05,28,1007.339035
-2.0,1,1007.341872
-2.05,2,1007.347491
-2.05,2,1007.353127
26.7,23,1007.416357
26.75,22,1007.474782
26.8,17,1007.52272
-2.45,6,1007.539321
-2.45,10,1007.565883
-2.1,3,1007.574338
-2.75,8,1007.595746
25.0,45,1013.446413
25.8,29,1013.520127
-2.45,6,1013.535521
-2.1,3,1013.543128
14.85,104,1013.806341
23.05,56,1013.951963
27.3,15,1013.992105
-2.05,2,1013.997337
24.3,39,1014.100682
27.25,16,1014.142861
26.25,28,1014.215759
26.6,21,1014.271383
24.85,36,1014.366865
23.4,53,1014.507862
26.8,21,1014.567203
27.2,17,1014.614639
-2.0,1,1014.617425
6.0,1,1014.620342
25.85,32,1014.709053
-2.0,1,1014.711811
22.4,65,1014.886503
25.6,33,1014.97926
-4.0,17,1015.025185
26.0,29,1015.103075
22.5,59,1015.262748
-2.3,7,1015.282394
-3.2,13,1015.319036
-2.15,4,1015.330263
-2.0,1,1015.333103
24.65,44,1015.455856
25.7,31,1015.540708
-2.0,1,1015.543314
22.95,58,1015.696808
-2.15,4,1015.706823
22.9,63,1015.882783
-2.05,2,1015.88847
25.1,35,1015.987403
26.05,28,1016.070685
-2.25,6,1016.089072
-2.0,1,1016.092079
-2.05,2,1016.098038
27.15,18,1016.152137
24.5,35,1021.983589
13.1,171,1022.455048
27.15,18,1022.505353
-2.1,3,1022.513393
26.8,17,1022.558992
-2.25,6,1022.575186
26.9,15,1022.615429
24.6,49,1022.749959
21.65,80,1022.975019
-2.15,4,1022.986177
-2.2,5,1023.00018
24.1,47,1023.132086
-3.35,16,1023.17715
-4.65,18,1023.227672
13.35,142,1023.627015
-2.15,4,1023.638186
26.35,26,1023.711096
22.9,63,1023.887688
25.45,40,1023.999862
23.05,60,1024.166312
26.6,25,1024.236827
24.8,41,1024.351214
27.3,15,1024.393661
-2.0,1,1024.396423
25.65,40,1024.507644
25.4,37,1024.6085
24.7,51,1024.745134
23.65,44,1030.749859
24.5,35,1030.847448
-4.05,14,1030.887166
-2.2,5,1030.901729
24.8,41,1031.015865
-2.0,1,1031.018597
24.5,43,1031.137314
-2.2,5,1031.151201
26.9,23,1031.218038
27.15,18,1031.271414
-2.05,2,1031.277034
-2.5,7,1031.296995
25.4,33,1031.388721
21.0,85,1031.624086
26.45,20,1031.677751
24.9,51,1031.81569
24.8,33,1031.904938
25.65,28,1031.981865
24.4,49,1032.117352
26.55,26,1032.189882
25.55,38,1032.294808
26.8,21,1032.353482
26.35,26,1032.425987
-2.3,7,1032.445656
26.85,24,1032.513257
9.9,3,1032.521769
26.35,30,1032.604266
27.0,21,1032.66151
20.75,86,1032.892279
24.25,44,1033.012142
26.7,19,1033.065692
20.3,87,1033.307385
-2.05,2,1033.313092
7.95,2,1033.318612
25.25,36,1033.419971
-2.1,3,1033.428364
25.15,30,1039.280095
26.4,25,1039.351682
15.75,130,1039.713822
26.45,24,1039.780737
15.95,110,1040.092448
26.85,20,1040.169193
14.95,134,1040.686826
22.35,82,1040.928718
27.05,20,1040.986747
24.3,43,1041.11065
26.75,22,1041.174501
26.65,24,1041.245986
-2.3,7,1041.26681
-2.05,2,1041.272374
26.6,21,1041.330305
25.7,31,1041.416153
-5.15,24,1041.483449
26.75,22,1041.544436
26.7,23,1041.608998
20.05,68,1041.799026
26.65,20,1041.855327
23.9,47,1041.983701
-2.35,8,1042.00515
16.6,89,1042.254391
25.8,33,1048.076071
27.0,17,1048.123602
26.6,21,1048.179741
-2.8,13,1048.21465
24.85,40,1048.324881
11.8,5,1048.339067
26.9,23,1048.403963
27.0,21,1048.463279
26.75,18,1048.51297
20.15,70,1048.709711
25.6,29,1048.791632
23.35,42,1048.905322
25.0,45,1049.025198
25.95,30,1049.105025
-2.25,6,1049.121151
21.4,73,1049.320109
22.2,69,1049.510191
25.8,21,1049.56622
-2.0,1,1049.568931
27.3,15,1049.609056
24.95,34,1049.699725
9.9,3,1049.707744
25.8,29,1049.784879
20.35,70,1049.972414
26.6,21,1050.029686
-2.7,11,1050.060573
26.35,22,1050.122264
26.25,32,1050.209186
-2.5,11,1050.239913
22.7,59,1050.405151
-2.35,8,1050.426596
23.9,47,1050.554161
-2.85,18,1050.604321
-2.45,10,1050.632745
26.3,27,1050.708215
26.45,24,1050.775942
26.5,23,1056.633946
25.55,30,1056.712203
20.5,83,1056.929611
26.8,21,1056.98293
25.85,28,1057.05336
26.6,29,1057.130576
27.1,15,1057.169982
27.0,17,1057.214276
26.3,23,1057.27818
21.55,78,1057.494974
27.05,16,1057.540199
24.45,36,1057.640301
26.15,22,1057.70248
-2.55,8,1057.725048
27.1,15,1057.767519
24.2,49,1057.902732
27.2,17,1057.950325
23.8,45,1058.075134
26.95,18,1058.124056
-2.0,1,1058.126765
25.1,39,1058.234853
-2.15,4,1058.246104
24.35,46,1058.373733
26.7,23,1058.43839
25.0,37,1058.54029
27.3,15,1058.582197
24.25,48,1058.714304
24.25,48,1058.84473
5.95,2,1058.850362
26.75,18,1058.9013
19.75,82,1059.130006
-2.35,8,1059.15134
24.4,41,1059.262906
25.15,42,1059.376192
-2.05,2,1059.381539
24.95,30,1065.294356
-2.6,9,1065.318805
-2.05,2,1065.324195
24.35,30,1065.405172
-2.05,2,1065.410542
27.15,18,1065.459193
25.75,30,1065.543704
24.35,34,1065.639555
26.85,20,1065.695935
17.9,131,1066.063656
26.9,19,1066.116405
25.1,51,1066.260685
25.85,32,1066.351088
21.5,55,1066.506317
-2.1,3,1066.514718
-2.05,2,1066.520387
26.8,17,1066.567994
25.4,41,1066.683228
14.5,131,1067.046948
26.7,23,1067.109138
15.85,96,1067.368475
23.85,56,1067.525095
26.85,20,1067.584225
25.1,39,1067.702023
22.7,59,1067.869719
24.95,42,1067.987864
26.6,25,1068.055551
26.0,25,1073.831894
26.9,23,1073.894967
27.3,15,1073.936862
6.0,1,1073.939671
-2.55,12,1073.97251
-2.35,4,1073.983541
25.2,45,1074.107439
27.3,15,1074.148706
25.8,29,1074.22731
-2.0,1,1074.343752
-53.85,450,1075.47167
-47.65,450,1082.299842
-32.05,450,1083.395063
-30.85,450,1084.486633
-32.25,450,1091.150741
-34.85,450,1092.315635
-35.45,450,1098.828387
-36.45,450,1099.961219
-2.6,9,1099.984936
-33.25,450,1106.751623
-35.25,450,1107.829664
-3.8,13,1107.861153
-2.1,3,1107.868335
-38.65,450,1114.797886
-41.85,450,1115.897933
-10.8,113,1116.176833
-2.15,4,1116.186458
-2.0,1,1116.188866
-47.25,450,1123.079974
-45.25,450,1124.202856
-3.15,20,1124.25192
-39.45,450,1125.410358
-38.45,450,1132.465378
-43.05,450,1133.572757
-8.65,362,1140.525234
26.6,41,1140.628885
2.9,327,1141.399988
-35.25,450,1142.520742
-2.15,4,1142.530824
-52.65,450,1149.624553
15.85,4,1149.634624
-51.85,450,1150.755536
-36.05,450,1157.876677
20.8,109,1158.154477
-2.9,15,1158.192348
18.75,134,1158.535495
21.5,107,1158.824717
-2.1,3,1158.832905
8.0,1,1158.835686
-28.45,406,1166.253313
-2.1,3,1166.259946
3.95,274,1166.896775
2.4,317,1167.631183
16.2,161,1168.015037
-45.05,450,1175.340492
17.55,138,1175.669121
-2.1,3,1175.675812
-2.45,6,1175.689229
26.5,31,1175.760131
11.35,206,1176.269197
23.45,72,1176.450553
-2.5,7,1176.468171
19.55,126,1176.782775
7.95,222,1183.509998
0.6,329,1184.321355
-2.1,3,1184.328777
28.1,35,1184.417964
18.75,134,1184.746235
9.7,211,1185.26781
-2.2,5,1185.28041
25.55,58,1185.427678
26.65,48,1185.549055
21.75,102,1185.790246
22.65,68,1185.959243
4.0,237,1192.63782
-2.15,4,1192.647976
11.75,238,1193.239177
28.35,26,1193.300915
-2.05,2,1193.305623
27.9,39,1193.398137
-6.55,368,1194.284748
27.55,42,1194.385804
6.0,1,1194.388347
22.55,98,1200.593271
27.95,26,1200.65238
-2.3,7,1200.668086
-2.2,5,1200.679305
-2.05,2,1200.683912
28.7,19,1200.729548
28.45,24,1200.789057
-2.15,4,1200.799349
-2.0,1,1200.801941
25.7,63,1200.961841
26.0,41,1201.061259
-5.55,24,1201.120254
27.2,33,1201.199258
-2.1,3,1201.206415
26.05,44,1201.311894
19.75,130,1201.646299
17.95,130,1202.010687
23.2,65,1202.195853
14.6,121,1202.527087
11.95,178,1203.051471
-2.15,4,1203.062675
-2.1,3,1203.071237
26.15,50,1203.213241
26.7,43,1209.341783
-2.05,2,1209.346575
26.85,48,1209.460073
26.15,50,1209.57871
26.55,42,1209.678215
-2.25,6,1209.692062
26.15,38,1209.7819
25.6,45,1209.887958
26.45,36,1209.971663
13.9,3,1209.978838
21.05,92,1210.21035
17.6,153,1210.595287
26.45,36,1210.685702
19.85,116,1210.962818
22.6,85,1211.177419
25.95,54,1211.310692
-2.0,1,1211.313231
16.5,151,1211.693509
28.55,22,1211.749006
16.65,144,1218.12219
-2.05,2,1218.127208
-2.35,8,1218.14726
23.9,71,1218.320413
27.15,38,1218.414891
27.45,40,1218.517126
9.25,244,1219.126074
-2.0,1,1219.128537
18.1,135,1219.469338
26.25,44,1219.578234
-3.15,12,1219.607896
28.5,23,1219.666145
-4.35,20,1219.715407
16.95,146,1220.082915
-2.0,1,1220.085417
-2.95,16,1220.12572
-2.2,5,1220.138287
20.8,105,1220.395209
27.55,42,1226.646393
26.6,53,1226.780121
-2.25,6,1226.795194
28.15,26,1226.859282
-2.6,9,1226.880984
26.75,38,1226.980497
25.9,43,1227.092843
-2.0,1,1227.095309
26.9,43,1227.203388
16.1,119,1227.502424
26.4,41,1227.605698
27.5,35,1227.694008
28.1,27,1227.762014
18.1,155,1228.157705
22.25,80,1228.356331
13.85,196,1228.841187
26.6,41,1228.940787
28.55,26,1229.005646
23.7,79,1235.040227
-3.65,10,1235.063642
26.75,42,1235.161364
26.9,39,1235.253994
28.5,31,1235.324919
26.7,47,1235.439954
28.95,22,1235.495365
25.55,50,1235.621776
28.35,26,1235.687263
27.5,47,1235.80287
16.85,140,1236.156055
22.95,54,1236.291525
25.1,75,1236.474095
23.15,74,1236.654301
-2.0,1,1236.656794
-2.75,8,1236.676859
28.3,27,1236.744685
22.45,96,1236.986388
22.8,85,1237.214228
-2.15,4,1237.225143
10.65,196,1243.828161
19.15,94,1244.064448
-2.25,6,1244.079584
28.1,27,1244.146852
28.35,22,1244.202513
26.25,44,1244.313715
26.6,41,1244.423189
23.4,69,1244.60294
27.55,30,1244.682286
19.45,100,1244.941124
26.4,49,1245.065403
26.75,42,1245.171829
27.05,44,1245.27739
27.25,28,1245.349626
28.5,23,1245.409336
-2.05,2,1245.414716
26.2,45,1245.536678
26.25,44,1245.649657
20.55,86,1245.868827
-3.4,17,1245.909151
24.5,67,1246.06951
19.95,110,1251.955153
-4.05,18,1252.0
-2.2,5,1252.012275
-3.6,13,1252.043936
13.6,129,1252.357508
26.35,34,1252.440642
28.4,29,1252.510487
26.95,38,1252.601057
27.6,37,1252.692752
25.65,44,1252.804387
17.95,142,1253.145194
28.35,26,1253.210126
25.05,68,1253.391016
-3.75,28,1253.462284
27.75,38,1253.560345
-2.05,2,1253.565686
-2.05,2,1253.57102
-2.2,5,1253.584427
-2.05,2,1253.589722
27.05,36,1253.682286
18.25,120,1253.9867
7.95,2,1253.991621
-2.2,5,1254.003916
25.85,52,1254.13396
-2.1,3,1254.141186
-2.1,3,1254.148636
24.8,69,1254.323502
25.35,62,1260.53422
-2.05,2,1260.538658
26.65,40,1260.628294
26.35,50,1260.740726
6.0,1,1260.742961
-2.1,3,1260.749635
27.3,39,1260.840825
-2.05,2,1260.845474
28.0,33,1260.922819
21.85,76,1261.099245
28.75,22,1261.150101
26.85,36,1261.233926
27.95,30,1261.305962
28.8,21,1261.358599
28.95,22,1261.412601
25.5,51,1261.540319
27.7,35,1261.628623
28.35,30,1261.704128
26.75,58,1261.849614
29.1,19,1261.89719
6.0,1,1261.8997
28.45,28,1261.97383
23.25,88,1262.209408
28.85,24,1262.270806
23.8,69,1262.444403
0.05,272,1268.943609
-2.05,2,1268.948314
28.2,21,1268.998236
22.5,75,1269.176102
28.55,26,1269.238991
24.4,65,1269.385266
23.55,74,1269.556717
26.6,49,1269.674245
-2.05,2,1269.679096
28.5,23,1269.736773
-3.05,6,1269.751064
28.1,27,1269.818489
24.15,66,1269.983303
25.4,53,1270.116143
27.4,33,1270.196393
20.2,121,1270.493
23.15,66,1270.657608
27.65,28,1270.728083
25.35,50,1270.861974
-2.3,7,1270.879471
28.35,26,1270.946597
28.95,22,1271.002174
28.45,28,1271.070889
28.15,26,1271.135996
27.9,35,1271.223687
26.6,37,1277.160798
-2.6,9,1277.181075
28.45,24,1277.237978
26.5,43,1277.339929
27.95,38,1277.435615
14.25,180,1277.888344
27.1,31,1277.965884
25.9,67,1278.136345
26.0,49,1278.25382
28.75,18,1278.298583
24.45,80,1278.512688
26.15,58,1278.668446
-3.5,15,1278.709271
25.9,55,1278.855026
23.1,71,1279.044794
22.55,74,1279.228727
29.4,13,1279.261473
28.85,20,1279.311477
26.8,41,1279.411405
-2.6,13,1279.443126
24.05,68,1279.61266
-3.2,13,1279.645256
28.4,21,1279.698328
25.2,49,1285.88287
24.95,58,1286.021027
-2.1,3,1286.02858
-2.65,14,1286.063785
-2.1,3,1286.071405
25.95,62,1286.22779
28.8,21,1286.279932
25.15,58,1286.419365
28.9,23,1286.474796
19.1,131,1286.787452
27.15,38,1286.878694
27.7,31,1286.952673
22.85,104,1287.200135
25.5,59,1287.347205
27.6,33,1287.430356
27.45,44,1287.542511
27.75,38,1287.638974
28.1,27,1287.707239
28.1,31,1287.781877
7.95,2,1287.786949
-4.0,13,1287.819283
-4.0,25,1287.88247
25.5,47,1288.001644
28.3,27,1288.069789
20.8,97,1294.110935
28.25,28,1294.178957
-2.2,5,1294.191806
-2.1,3,1294.199376
28.75,22,1294.255102
28.9,19,1294.30355
11.85,4,1294.313707
-2.1,3,1294.32127
28.8,25,1294.388566
26.25,52,1294.528732
25.15,62,1294.685198
24.45,56,1294.82596
-2.2,5,1294.838983
28.35,30,1294.917752
27.3,31,1295.005691
-2.2,5,1295.019731
27.1,39,1295.126094
27.05,44,1295.239632
27.05,32,1295.325606
29.15,18,1295.3715
24.05,80,1295.580721
-2.2,5,1295.59413
26.8,49,1295.723673
25.6,53,1295.862231
15.75,154,1296.24852
28.6,29,1296.321621
26.95,46,1296.432679
23.6,69,1296.61842
28.2,25,1296.685315
26.45,44,1302.704554
26.5,39,1302.795705
25.0,69,1302.956417
26.95,34,1303.035469
-2.6,9,1303.056914
-2.05,2,1303.061781
-2.9,19,1303.107892
27.3,43,1303.211528
28.35,34,1303.293617
27.15,34,1303.375246
27.5,35,1303.459493
28.4,33,1303.538909
27.15,34,1303.620625
25.25,64,1303.774605
23.6,57,1303.918801
-2.05,2,1303.923861
-2.1,3,1303.931526
27.95,30,1304.008286
21.15,94,1304.255673
8.0,1,1304.258228
-2.15,4,1304.268268
28.9,23,1304.324544
29.0,21,1304.3748
-2.15,4,1304.384372
20.9,107,1304.660011
24.75,58,1304.81427
27.0,41,1304.912572
27.5,35,1304.999638
24.05,64,1305.161983
24.9,71,1311.000387
28.75,26,1311.06578
26.2,49,1311.18895
28.35,22,1311.244203
26.45,40,1311.344646
27.65,28,1311.412786
21.7,79,1311.609662
-2.0,1,1311.612156
26.45,44,1311.72667
-2.3,7,1311.745726
22.95,82,1311.968953
20.85,104,1312.247171
-2.2,5,1312.260702
27.5,35,1312.356191
29.2,13,1312.391642
24.3,55,1312.540787
26.7,47,1312.669417
29.25,16,1312.713205
24.95,62,1312.877888
6.0,1,1312.880399
11.9,3,1312.888056
16.95,138,1313.24395
28.0,29,1313.326141
-2.15,4,1313.338385
-2.25,6,1313.35693
-2.2,5,1313.371706
-2.2,5,1313.386543
-2.2,5,1313.401102
28.3,19,1313.45635
21.05,108,1319.582723
26.8,45,1319.707674
18.85,88,1319.951778
27.1,31,1320.039876
27.35,42,1320.154441
25.7,55,1320.313418
-2.5,7,1320.333572
26.8,33,1320.429445
28.0,33,1320.524842
26.6,45,1320.655556
27.35,34,1320.753945
28.95,18,1320.806016
28.75,18,1320.857987
-2.2,5,1320.872538
28.35,30,1320.959581
28.55,22,1321.023158
27.7,31,1321.112265
28.95,18,1321.160949
29.0,21,1321.217815
27.0,37,1321.317812
20.95,122,1321.651345
-2.3,7,1321.67163
28.0,25,1321.744136
18.55,106,1322.051178
-3.0,21,1322.112579
18.95,114,1328.316175
26.45,44,1328.434922
-2.25,6,1328.451124
26.35,42,1328.564868
24.1,71,1328.756816
26.55,34,1328.849292
28.35,26,1328.919688
26.7,43,1329.036781
26.9,39,1329.145249
25.35,58,1329.303577
21.0,93,1329.55566
5.0,1,1329.55838
-2.4,9,1329.582749
-2.4,5,1329.596294
27.7,31,1329.680096
-8.6,41,1329.794473
28.1,31,1329.880322
28.3,27,1329.957395
27.0,45,1330.083324
27.25,44,1330.208361
-2.05,2,1330.213995
-2.1,3,1330.222594
-2.2,5,1330.236719
28.9,23,1330.301648
22.45,76,1330.516433
25.7,43,1330.637569
27.6,37,1330.738217
28.65,20,1330.792968
6.0,1,1330.795837
9.95,2,1330.801337
-2.3,7,1330.820339
27.7,27,1330.894216
28.55,22,1330.956414
27.75,30,1336.754148
27.25,40,1336.865517
-2.0,1,1336.868297
27.45,32,1336.955771
26.2,41,1337.067513
25.9,35,1337.163518
-2.2,5,1337.177504
-2.1,3,1337.18569
24.5,55,1337.341889
28.2,29,1337.423705
22.85,72,1337.627616
25.45,40,1337.740804
25.45,60,1337.908636
28.6,25,1337.979513
23.55,90,1338.221589
-2.15,4,1338.231775
-2.0,1,1338.234401
6.0,1,1338.237082
28.5,23,1338.295444
-2.1,3,1338.303094
-2.0,1,1338.305674
26.35,50,1338.438011
28.65,24,1338.502878
28.15,38,1338.606399
-2.0,1,1338.609068
21.65,88,1338.850153
26.65,44,1338.97575
27.85,24,1339.043777
27.5,39,1339.151813
26.0,53,1339.300429
28.6,21,1339.357318
27.8,33,1339.446508
-2.55,12,1339.479146
24.45,60,1345.640316
27.7,43,1345.752109
21.25,104,1346.029597
24.7,75,1346.224122
20.5,83,1346.438061
25.65,52,1346.572928
25.85,60,1346.733685
27.4,37,1346.837786
17.95,94,1347.098711
26.8,41,1347.214777
-2.05,2,1347.220459
-3.65,22,1347.281135
-2.3,7,1347.300085
20.2,69,1347.492038
-3.0,13,1347.529087
-2.0,1,1347.531956
26.85,32,1347.623129
28.15,18,1347.673258
20.1,63,1347.846535
29.3,15,1347.888638
28.9,23,1347.952762
25.85,44,1348.074593
28.1,27,1348.150337
27.9,31,1348.23837
5.0,1,1348.241134
18.65,156,1354.630215
27.7,35,1354.727796
22.45,64,1354.916484
29.2,17,1354.964839
-2.45,6,1354.981049
28.75,26,1355.056216
26.45,40,1355.178716
28.0,33,1355.278948
27.15,38,1355.390128
28.25,24,1355.457101
29.05,16,1355.50228
27.9,27,1355.578881
-2.0,1,1355.581714
25.1,51,1355.725278
-3.5,19,1355.778172
11.9,3,1355.786853
28.95,18,1355.838046
29.35,14,1355.877802
27.3,35,1355.977553
22.15,94,1356.245249
5.0,1,1356.248091
-2.65,10,1356.276511
27.9,35,1356.38254
28.45,24,1356.453686
26.9,39,1356.571036
28.25,28,1356.656527
-2.0,1,1356.659608
-2.25,6,1356.678094
-2.95,16,1356.727002
26.65,44,1356.860808
26.8,41,1356.983492
27.3,31,1357.069102
27.25,36,1357.169687
19.6,117,1363.371917
-11.25,66,1363.558994
27.1,23,1363.624468
24.1,83,1363.873611
28.2,29,1363.952465
27.15,30,1364.033817
22.05,80,1364.250767
-2.1,3,1364.259373
-2.0,1,1364.262206
8.0,1,1364.265114
28.45,28,1364.342252
26.6,45,1364.468724
-2.5,7,1364.488504
9.95,2,1364.494257
27.05,36,1364.592822
22.15,74,1364.797884
6.0,1,1364.800593
27.75,34,1364.893467
26.75,46,1365.025742
29.0,21,1365.083643
26.9,43,1365.202747
-2.15,4,1365.213685
25.25,60,1365.386739
29.45,12,1365.419911
-2.05,2,1365.425332
-3.05,22,1365.490163
26.15,50,1365.640338
-2.55,12,1365.675809
11.55,182,1371.992305
11.9,179,1372.502603
27.35,38,1372.611181
28.3,27,1372.68777
28.2,25,1372.758961
28.05,28,1372.838484
-2.0,1,1372.841297
-2.25,6,1372.858482
-2.65,14,1372.898285
28.95,22,1372.961147
28.2,29,1373.043643
27.9,27,1373.120402
28.2,33,1373.214495
24.35,66,1373.402045
28.05,24,1373.4705
29.05,16,1373.515799
24.25,72,1373.719874
9.9,3,1373.728368
24.05,56,1373.885824
18.35,94,1374.149825
19.85,112,1374.466527
29.3,15,1374.509731
28.55,22,1374.572214
-2.0,1,1374.575038
24.3,55,1380.506916
-2.05,2,1380.511709
29.25,16,1380.550452
26.5,35,1380.639209
19.7,75,1380.83464
6.0,1,1380.837266
29.2,17,1380.882173
13.1,195,1381.401761
-2.25,6,1381.417712
27.45,48,1381.540447
24.25,56,1381.687331
28.9,19,1381.735991
-2.0,1,1381.738566
-4.0,25,1381.802545
18.95,98,1382.064033
24.75,66,1382.238285
28.3,23,1382.300515
28.45,20,1382.354778
27.4,37,1382.453211
-2.0,1,1382.455859
29.1,19,1382.506975
26.65,36,1382.607832
-2.1,3,1382.616476
21.25,88,1382.861222
28.75,18,1382.911953
28.9,19,1382.966362
-2.3,7,1382.985557
28.15,30,1383.071342
29.2,17,1383.118264
26.2,37,1389.055032
27.9,31,1389.13787
27.95,30,1389.217123
28.8,25,1389.283871
26.95,46,1389.407454
27.0,33,1389.495239
-2.35,8,1389.516417
23.95,58,1389.671548
-2.1,3,1389.6801
25.5,43,1389.803187
29.15,18,1389.852643
28.95,22,1389.913315
-2.0,1,1389.915949
28.45,24,1389.983581
-2.05,2,1389.988945
28.8,21,1390.045522
28.55,30,1390.126272
-4.9,15,1390.166391
27.4,37,1390.266236
-2.1,3,1390.274249
28.3,31,1390.357379
28.25,28,1390.432769
-2.05,2,1390.438103
22.25,72,1390.632159
27.55,30,1390.712759
17.95,114,1391.019856
27.85,36,1391.116865
28.75,22,1391.17652
-2.25,6,1391.192698
-2.7,11,1391.222749
28.15,26,1391.292928
28.7,19,1391.344927
-2.5,11,1391.375205
-30.95,160,1391.818548
26.55,42,1397.757077
-3.85,14,1397.796436
29.0,21,1397.856821
24.25,64,1398.040325
27.4,37,1398.146039
-2.15,4,1398.15695
19.65,88,1398.403732
27.9,31,1398.492143
24.7,55,1398.643744
21.8,101,1398.929208
18.2,113,1399.234388
29.1,15,1399.274861
28.05,32,1399.361324
-2.05,2,1399.366692
25.95,42,1399.482173
26.3,47,1399.616481
-2.0,1,1399.619331
27.15,34,1399.717061
9.95,2,1399.722758
25.7,55,1399.890014
-2.0,1,1399.893042
15.6,181,1400.423444
25.35,46,1400.552317
27.95,26,1406.492147
-3.7,11,1406.522048
-2.1,3,1406.530168
-2.2,5,1406.543922
17.85,88,1406.783416
-2.7,15,1406.822047
28.75,22,1406.879537
26.4,53,1407.023307
24.95,70,1407.213669
27.55,38,1407.31747
28.75,22,1407.37694
25.85,56,1407.531861
26.8,41,1407.646175
25.8,49,1407.779936
25.9,55,1407.923462
26.35,38,1408.029906
-2.0,1,1408.032564
28.15,26,1408.102639
-2.05,2,1408.107944
26.25,48,1408.238075
29.35,14,1408.276034
27.25,36,1408.374675
22.35,78,1408.587725
26.65,44,1408.710066
28.5,23,1408.774181
27.55,38,1408.882525
-2.25,6,1408.899632
23.45,80,1409.128494
-2.05,2,1409.134137
-2.7,11,1409.165632
29.45,12,1409.199813
-2.15,4,1409.211268
28.35,26,1415.101515
27.95,34,1415.193133
26.8,37,1415.293422
-2.0,1,1415.296149
7.95,2,1415.301753
28.65,24,1415.366704
7.95,2,1415.372175
24.1,63,1415.5426
29.0,17,1415.589456
-2.05,2,1415.594913
-2.35,8,1415.616712
-2.0,1,1415.619465
25.3,63,1415.796903
26.65,44,1415.916875
18.55,106,1416.209387
26.45,56,1416.366219
29.0,21,1416.423722
20.9,91,1416.676456
-2.25,6,1416.692933
27.8,29,1416.77173
26.2,41,1416.887995
28.35,26,1416.959195
27.65,32,1417.049663
28.75,22,1417.111135
-2.1,3,1417.119348
-2.05,2,1417.124842
-2.0,1,1417.12754
26.85,40,1417.236259
25.15,50,1417.371908
29.0,21,1417.429193
24.4,57,1417.607228
26.05,52,1417.762419
20.95,86,1423.822225
-2.9,15,1423.865028
27.3,39,1423.971355
27.75,26,1424.04606
29.1,19,1424.100235
21.7,83,1424.332211
-2.15,4,1424.343636
3.65,196,1424.892819
25.5,55,1425.04968
-2.15,4,1425.061146
27.6,41,1425.178096
27.6,29,1425.261363
29.15,18,1425.31225
28.3,23,1425.377892
27.4,45,1425.505345
27.3,35,1425.606082
28.95,22,1425.66819
28.3,27,1425.742544
29.25,16,1425.786546
27.35,38,1425.890656
28.5,23,1425.953412
24.75,46,1426.078882
28.2,29,1426.15792
27.95,30,1426.239871
27.5,31,1426.324601
27.65,32,1426.412168
-2.25,6,1426.428448
-2.5,11,1426.458653
28.6,21,1426.51617
28.2,21,1426.574676
-2.1,3,1426.583078
-2.1,3,1432.530372
26.1,47,1432.659343
28.8,21,1432.719754
22.55,78,1432.939234
-2.0,1,1432.941985
28.25,28,1433.022018
28.4,29,1433.10357
27.95,26,1433.176731
-2.05,2,1433.182268
27.65,28,1433.260782
27.1,43,1433.382241
28.4,25,1433.452223
27.9,31,1433.538308
14.1,147,1433.953103
8.0,1,1433.955904
28.15,26,1434.029596
26.55,50,1434.170039
-3.85,26,1434.243069
25.65,60,1434.40806
27.85,40,1434.52128
-2.0,1,1434.524064
26.65,40,1434.638047
-2.25,6,1434.655151
25.2,69,1434.851832
26.95,38,1434.954645
24.95,62,1435.118086
-3.2,17,1435.163707
21.0,65,1435.337468
28.15,26,1441.177205
22.45,88,1441.430753
25.8,37,1441.540131
28.35,30,1441.629358
28.6,25,1441.701817
25.85,48,1441.839117
28.15,34,1441.937168
12.8,157,1442.403758
28.5,23,1442.472322
-2.3,7,1442.493512
28.45,20,1442.554507
27.85,32,1442.651635
26.25,52,1442.809463
27.85,32,1442.906579
28.15,26,1442.983999
25.4,61,1443.15427
27.95,30,1443.239128
-2.05,2,1443.244783
7.25,168,1443.72092
28.45,24,1443.785969
28.4,25,1443.853908
-2.1,3,1443.861932
25.0,45,1443.986372
28.8,21,1444.046024
-2.1,3,1444.054147
28.8,21,1449.889095
26.75,42,1449.996664
-2.15,4,1450.006857
28.9,19,1450.055298
5.0,1,1450.057946
27.4,37,1450.152436
-2.25,6,1450.167781
27.0,41,1450.272479
26.95,42,1450.379842
-2.25,6,1450.395144
27.6,37,1450.494011
21.95,90,1450.738096
27.1,35,1450.838447
28.25,28,1450.918186
28.85,20,1450.975182
28.8,21,1451.035072
27.65,36,1451.137274
23.0,61,1451.310489
24.0,65,1451.503239
-2.95,12,1451.537715
27.65,40,1451.654663
27.85,36,1451.761481
13.9,3,1451.770582
24.9,71,1451.977697
-2.15,4,1451.989815
28.85,20,1452.0507
26.9,47,1452.197328
-2.05,2,1452.203463
29.1,19,1452.262397
25.85,56,1452.423846
23.1,83,1452.65991
25.8,57,1458.636601
27.5,27,1458.714361
26.85,44,1458.840063
25.9,55,1458.989734
23.6,69,1459.182244
28.9,19,1459.23475
24.65,64,1459.414361
26.55,46,1459.543645
-2.9,7,1459.563471
-2.15,4,1459.574791
-2.45,10,1459.60315
25.5,55,1459.759022
-2.0,1,1459.761824
23.1,79,1459.9836
25.85,40,1460.094928
25.2,61,1460.268428
27.1,43,1460.389558
27.7,35,1460.486856
25.0,57,1460.644424
-2.3,7,1460.664183
-2.5,7,1460.683981
7.95,2,1460.689728
27.15,34,1460.784224
24.75,50,1460.926363
-43.25,450,1468.160954
-2.05,2,1468.166628
27.25,32,1468.257489
-2.15,4,1468.268905
22.95,86,1468.515656
27.5,35,1468.614899
26.5,51,1468.755102
28.6,21,1468.811787
26.85,44,1468.931123
25.8,61,1469.106576
-2.05,2,1469.11221
29.4,13,1469.149413
26.9,39,1469.26169
25.6,69,1469.459833
27.95,30,1469.546041
26.55,42,1469.666922
27.5,35,1469.777558
-3.0,13,1469.813371
-2.4,9,1469.837935
-2.95,16,1469.881577
-2.8,9,1469.906186
9.9,3,1469.91448
-2.2,5,1469.928117
28.45,20,1469.98298
28.6,21,1470.040427
29.0,21,1470.097586
29.15,18,1470.147907
9.95,2,1470.153436
23.9,55,1470.306616
-2.5,11,1476.082218
28.4,21,1476.139348
28.7,23,1476.201973
13.8,5,1476.215836
24.1,87,1476.460611
28.95,22,1476.523994
25.55,42,1476.644741
27.25,32,1476.736127
27.9,31,1476.82713
28.05,28,1476.906489
28.6,21,1476.969406
28.65,24,1477.0435
28.4,29,1477.130852
26.5,31,1477.224944
-2.2,5,1477.240286
28.7,23,1477.310839
21.9,67,1477.512985
-2.15,4,1477.525353
27.4,33,1477.624525
25.65,60,1477.804692
27.4,37,1477.914646
27.65,24,1477.984462
26.15,54,1478.136631
28.7,27,1478.210106
21.7,59,1478.377666
-3.3,19,1478.433123
21.3,87,1478.680368
28.2,29,1478.768295
27.35,38,1478.88062
-2.15,4,1478.892997
28.15,30,1478.984734
-4.0,17,1479.037002
27.4,37,1484.927637
28.25,28,1485.007915
-2.0,1,1485.01077
25.85,44,1485.134235
27.35,38,1485.239849
29.3,15,1485.282408
27.7,31,1485.366491
26.7,43,1485.482528
27.05,40,1485.592737
-2.0,1,1485.595545
-2.8,9,1485.620346
28.5,27,1485.693246
29.1,15,1485.733623
22.25,68,1485.917169
6.0,1,1485.919932
26.0,49,1486.052718
27.35,38,1486.155803
-2.0,1,1486.158579
28.15,26,1486.22978
28.65,20,1486.286156
29.1,19,1486.340065
-2.1,3,1486.34857
28.9,19,1486.402801
-6.45,38,1486.510643
-2.35,8,1486.533427
19.7,63,1486.709574
25.8,53,1486.859061
26.3,39,1486.968739
-2.75,12,1487.002922
23.1,63,1487.18022
-3.5,11,1487.211575
27.8,25,1487.283208
29.15,18,1487.334424
28.55,26,1487.408993
5.0,1,1487.411825
-2.25,6,1487.428899
21.0,85,1487.66426
27.55,34,1493.557622
-2.0,1,1493.560387
29.45,12,1493.593351
-2.2,5,1493.606837
24.25,72,1493.807312
26.95,42,1493.921799
28.05,28,1493.997675
27.5,39,1494.104625
-2.0,1,1494.107448
23.75,82,1494.336057
28.5,31,1494.42479
26.8,45,1494.554833
-2.05,2,1494.560916
26.05,52,1494.71885
-2.0,1,1494.721941
9.85,4,1494.734296
-2.1,3,1494.743388
-2.2,5,1494.758157
27.85,28,1494.839485
24.2,77,1495.062753
8.0,1,1495.065783
20.4,105,1495.36079
26.65,44,1495.479811
-2.35,8,1495.501278
-2.5,11,1495.531517
-2.25,6,1495.548587
28.5,23,1495.611783
28.75,22,1495.674828
27.45,32,1495.765308
25.2,49,1495.899134
21.3,75,1496.114458
28.85,24,1496.180399
28.7,23,1496.245793
-2.2,5,1496.260066
27.55,30,1496.346129
27.0,33,1502.220164
27.1,43,1502.336748
26.7,47,1502.466554
-2.45,10,1502.495171
27.05,40,1502.610513
-2.55,8,1502.633305
28.3,23,1502.699137
28.35,30,1502.784476
26.35,46,1502.916936
26.55,42,1503.040957
28.65,24,1503.109634
-2.35,8,1503.131855
22.65,56,1503.290638
-2.3,7,1503.310159
28.45,28,1503.389686
25.6,37,1503.498383
23.25,68,1503.683913
29.1,19,1503.738467
27.65,32,1503.830275
14.3,91,1504.10852
26.9,35,1504.215481
28.15,30,1504.307155
7.65,4,1504.319365
26.8,41,1504.440683
5.0,1,1504.443678
-2.4,9,1504.469833
27.95,30,1504.561531
28.05,28,1504.644122
27.05,32,1504.739738
27.9,31,1504.832174
27.65,28,1504.910877
26.6,45,1505.032439
23.85,72,1510.95158
26.65,36,1511.050935
26.85,44,1511.17501
27.1,35,1511.27482
28.35,26,1511.348833
-3.2,9,1511.374448
-2.05,2,1511.380137
8.0,1,1511.383094
-18.45,246,1512.070861
-2.25,6,1512.087215
-18.4,373,1513.135595
25.45,60,1513.30583
27.9,31,1513.394307
26.9,43,1513.513314
-2.15,4,1513.524117
-2.2,5,1513.537837
28.5,27,1513.616502
28.65,24,1513.688493
21.35,82,1519.72927
28.15,26,1519.795619
29.1,15,1519.835853
27.85,32,1519.921935
26.1,43,1520.035389
26.7,39,1520.138216
-2.0,1,1520.140846
-2.0,1,1520.143505
29.35,14,1520.181034
-2.85,10,1520.207784
28.55,30,1520.292956
27.0,37,1520.394957
27.05,48,1520.528049
28.9,19,1520.582015
-2.0,1,1520.584829
-2.25,6,1520.601999
29.0,21,1520.662176
27.6,29,1520.744778
26.3,63,1520.924443
9.9,3,1520.933136
26.6,49,1521.072469
-4.75,32,1521.162001
28.15,22,1521.22458
-7.0,297,1522.073867
23.95,58,1522.252069
26.35,46,1522.391774
-10.3,51,1528.47975
23.3,63,1528.656234
23.95,62,1528.829036
29.1,19,1528.883188
-2.2,5,1528.897027
29.3,15,1528.937932
26.2,41,1529.051813
27.4,33,1529.143063
25.5,67,1529.334177
28.35,34,1529.431031
-67.15,512,1530.765931
-39.75,512,1537.869565
-33.35,512,1539.159149
-34.75,512,1545.971836
-40.75,512,1547.250546
-36.35,512,1554.188522
-2.4,9,1554.210366
-2.15,4,1554.220765
-29.05,130,1554.533275
-75.95,512,1561.254176
-38.15,512,1562.517636
-38.95,512,1569.40356
-39.55,512,1570.756687
-59.15,512,1577.852972
-39.95,512,1579.09859
-49.95,512,1586.155453
-43.75,512,1587.453417
-50.35,512,1594.886281
-42.75,512,1596.164927
-57.95,512,1603.800946
-46.75,512,1605.059444
-2.05,2,1605.064377
-2.0,1,1605.066898
-2.0,1,1605.069422
-45.35,512,1612.754014
-5.25,366,1613.625932
-53.15,512,1614.945135
-44.55,512,1622.636323
12.55,194,1623.14297
-8.35,396,1624.175703
-10.15,444,1631.712772
-2.1,3,1631.720225
29.1,43,1631.826226
-68.75,512,1633.119317
-2.95,16,1633.159675
-38.15,512,1641.046649
19.0,169,1641.490662
4.85,340,1642.380362
7.95,306,1649.769708
16.7,159,1650.18644
21.95,114,1650.4891
22.7,115,1650.792437
-13.1,467,1658.411934
-48.15,512,1659.684075
-2.2,5,1659.696567
-2.15,4,1659.706493
-2.15,4,1659.716344
26.15,78,1659.914832
-2.0,1,1659.917386
-2.5,7,1659.934582
21.65,112,1660.216037
20.05,144,1660.591238
11.85,4,1660.601762
20.25,124,1667.316689
6.6,261,1667.984742
29.45,36,1668.079153
28.9,43,1668.191923
14.9,191,1668.663749
11.85,212,1669.187534
-41.75,512,1676.92528
-2.35,8,1676.945874
-16.8,433,1678.01298
21.5,135,1678.351403
27.2,57,1678.491966
14.95,178,1685.354226
-2.35,8,1685.375287
-44.95,512,1686.68501
20.8,93,1686.926568
-2.8,13,1686.962998
12.0,1,1686.965916
4.5,271,1687.703451
25.7,55,1694.116594
31.0,17,1694.156865
16.0,201,1694.629285
15.8,5,1694.641073
-65.35,512,1695.957689
7.75,318,1703.234659
28.45,40,1703.33911
25.8,65,1703.502
22.75,94,1703.739863
30.05,24,1703.802273
30.1,27,1703.873677
30.55,22,1703.931061
-2.3,7,1703.949556
17.55,178,1704.414947
-13.0,305,1705.218173
24.5,87,1705.462583
26.55,66,1705.646921
21.05,112,1712.550748
8.45,236,1713.13079
30.25,28,1713.196467
-2.95,20,1713.242831
17.4,193,1713.712689
29.2,37,1713.80409
-2.1,3,1713.811492
-2.2,5,1713.824044
25.4,77,1714.01607
28.8,45,1714.128129
-7.3,39,1714.225585
27.75,50,1714.34957
9.95,2,1714.354515
-0.75,312,1721.400583
-2.0,1,1721.402931
28.45,36,1721.493865
-3.85,34,1721.582914
24.55,70,1721.763501
-2.05,2,1721.768609
-2.4,9,1721.791139
30.2,29,1721.861137
-2.0,1,1721.863592
25.3,83,1722.079354
26.65,76,1722.282381
9.1,251,1722.94449
1.15,382,1730.173227
23.85,88,1730.39157
8.9,219,1730.946051
29.55,26,1731.012145
28.45,56,1731.15378
19.5,127,1731.491175
28.65,56,1731.634243
24.75,94,1731.872262
25.7,71,1732.059326
7.9,3,1732.067284
27.5,63,1732.22773
28.85,44,1732.344464
28.45,40,1732.448662
29.9,35,1732.541401
24.95,74,1732.737291
25.9,71,1739.296609
-3.0,17,1739.339084
26.45,64,1739.496176
-2.15,4,1739.505484
7.35,214,1740.03143
17.85,164,1740.444957
-2.45,6,1740.461264
29.35,38,1740.5653
22.0,105,1740.850174
24.3,71,1741.042737
29.65,32,1741.12656
11.55,198,1741.647238
-6.0,21,1741.702345
29.2,41,1748.194476
30.0,33,1748.274931
27.9,51,1748.397364
20.7,115,1748.678382
22.85,100,1748.924253
29.75,42,1749.026809
29.3,43,1749.131838
24.15,86,1749.356573
29.8,33,1749.44166
6.0,1,1749.444282
27.95,46,1749.563086
29.9,27,1749.631728
-2.5,11,1749.660489
-3.05,14,1749.696941
-2.0,1,1749.699552
30.65,20,1749.75233
-3.35,20,1749.805056
30.55,22,1749.863062
26.15,82,1750.078514
-2.7,11,1750.106654
-2.85,14,1750.143086
30.0,29,1750.216678
-2.45,10,1750.242656
27.5,55,1750.38459
28.9,43,1750.497334
7.9,3,1750.505188
27.45,44,1750.620296
-2.15,4,1750.63079
23.6,101,1757.192145
-2.0,1,1757.194467
30.35,22,1757.245976
26.75,62,1757.395716
26.95,70,1757.561294
29.3,35,1757.647006
-2.35,8,1757.667274
27.0,49,1757.788221
25.7,75,1757.974453
21.5,95,1758.217878
27.1,63,1758.372476
22.05,124,1758.672992
16.65,188,1759.164743
26.3,63,1759.330749
27.7,51,1759.46563
-2.0,1,1759.468314
30.55,26,1759.536178
25.45,72,1766.129615
25.7,75,1766.319217
26.05,88,1766.538351
-2.25,6,1766.553177
-2.05,2,1766.55816
21.65,112,1766.835873
-2.0,1,1766.838468
23.4,93,1767.085755
30.8,21,1767.137691
-4.45,18,1767.18238
24.2,101,1767.459788
-2.25,6,1767.476623
30.25,32,1767.560541
-2.0,1,1767.563104
30.95,18,1767.610936
-2.0,1,1767.613603
-2.1,3,1767.621405
13.65,228,1768.216938
-2.95,16,1768.261672
27.65,56,1768.408245
11.9,3,1768.416321
-2.25,6,1768.43272
17.95,142,1775.065108
-3.05,10,1775.090186
24.15,82,1775.296928
30.1,27,1775.364717
22.65,132,1775.70103
30.4,29,1775.769139
-2.05,2,1775.773739
-2.65,14,1775.806544
-2.5,11,1775.832205
30.3,27,1775.895473
20.4,117,1776.181162
11.9,3,1776.188616
-24.55,400,1777.160892
27.65,52,1777.288903
-3.15,12,1777.319628
-3.5,11,1777.347856
-2.95,12,1777.377738
19.95,150,1783.980263
23.15,122,1784.30199
26.05,72,1784.49179
28.0,57,1784.643529
30.95,22,1784.705382
24.35,94,1784.954964
-2.25,6,1784.970474
21.2,145,1785.351326
26.25,80,1785.551215
30.0,29,1785.623473
29.8,29,1785.695996
28.65,48,1785.815245
29.35,34,1785.900501
31.25,16,1785.94034
27.35,58,1786.093119
29.45,28,1786.167955
29.05,40,1786.267342
26.4,69,1792.573806
29.65,36,1792.663271
-2.2,5,1792.675676
19.4,29,1792.747355
27.9,59,1792.885925
-11.85,62,1793.040642
26.85,60,1793.19726
10.3,211,1793.742409
9.85,4,1793.753008
24.5,75,1793.946332
28.2,45,1794.058974
-2.0,1,1794.061472
27.6,49,1794.185912
18.0,165,1794.613913
25.05,100,1794.892252
30.3,27,1794.963526
20.35,118,1801.422611
29.65,36,1801.513735
30.55,18,1801.561305
29.5,39,1801.662102
6.0,1,1801.664751
27.4,65,1801.833804
24.05,56,1801.980643
28.45,44,1802.091156
29.55,38,1802.190393
-2.5,11,1802.219457
-2.25,6,1802.235549
-2.2,5,1802.248901
-2.3,7,1802.267152
27.75,50,1802.392763
-2.4,9,1802.415059
31.05,20,1802.46428
23.15,82,1802.670375
28.55,50,1802.800008
27.45,56,1802.944082
28.1,39,1803.056541
28.7,55,1803.212894
30.15,26,1803.282757
27.75,50,1803.41595
28.3,47,1803.541812
26.35,58,1803.692344
27.4,57,1803.859473
29.5,39,1803.959954
-2.1,3,1803.967525
29.8,33,1809.998459
30.95,18,1810.040433
30.1,27,1810.10458
7.95,2,1810.1094
-3.65,10,1810.133091
28.05,44,1810.233294
28.2,49,1810.349546
5.0,1,1810.351949
30.2,33,1810.429455
28.55,58,1810.575326
27.2,49,1810.698419
24.25,76,1810.889145
30.9,23,1810.946802
-3.1,15,1810.984499
26.3,51,1811.112898
-2.05,2,1811.117948
7.95,2,1811.123057
29.9,31,1811.201385
-2.0,1,1811.203789
-2.0,1,1811.206264
23.7,99,1811.446362
29.85,36,1811.535478
29.2,41,1811.639341
30.15,30,1811.714126
28.6,49,1811.833432
27.8,53,1811.959999
-2.55,12,1811.988671
26.55,62,1812.136921
25.5,83,1812.343119
-2.0,1,1812.345477
29.0,37,1812.439603
28.95,42,1818.470737
-9.6,253,1819.088513
30.1,35,1819.17607
27.85,48,1819.296521
8.25,180,1819.724825
27.15,58,1819.863217
29.8,33,1819.941649
25.35,82,1820.137056
-2.45,10,1820.160839
28.6,37,1820.249014
-2.95,8,1820.268103
-2.15,4,1820.277656
28.55,50,1820.397269
15.95,138,1820.72676
26.45,72,1826.849463
6.0,1,1826.851967
20.2,113,1827.130904
-2.15,4,1827.140908
30.4,29,1827.213643
29.05,36,1827.301445
-2.35,8,1827.320516
27.0,53,1827.453178
25.0,65,1827.616788
27.4,49,1827.749745
26.5,55,1827.894407
30.75,22,1827.948556
-2.05,2,1827.953352
28.6,53,1828.090906
-2.15,4,1828.105573
30.35,30,1828.213584
29.7,43,1828.347245
29.05,36,1828.458497
28.15,62,1828.646478
28.7,31,1828.736018
29.25,44,1828.863732
23.8,93,1829.119835
25.95,82,1829.347329
30.0,29,1829.426561
29.95,30,1829.505002
19.8,81,1835.584287
6.0,1,1835.586847
28.95,46,1835.703141
27.4,45,1835.81455
24.8,81,1836.008447
23.65,72,1836.186032
28.35,42,1836.289861
26.6,61,1836.444638
-2.7,11,1836.473844
25.7,83,1836.67444
29.1,35,1836.758228
-2.45,10,1836.782088
-2.1,3,1836.789326
29.8,29,1836.862133
9.0,165,1837.268476
-2.1,3,1837.276049
-2.05,2,1837.281151
28.9,31,1837.356366
28.35,42,1837.457002
-2.0,1,1837.459352
28.15,54,1837.600315
-2.1,3,1837.608323
-2.1,3,1837.616347
27.8,53,1837.757058
30.0,29,1837.833502
-2.25,6,1837.849833
28.15,38,1837.953887
27.65,52,1844.174536
25.15,90,1844.390065
28.3,47,1844.505544
30.45,24,1844.566435
28.55,50,1844.693429
31.2,17,1844.736427
26.0,57,1844.880942
28.15,46,1844.996866
-2.25,6,1845.012118
28.05,52,1845.143435
27.65,48,1845.266011
28.2,53,1845.40116
-2.35,8,1845.42157
27.8,61,1845.574883
30.5,23,1845.632012
29.8,33,1845.711041
-2.0,1,1845.713446
27.55,54,1845.841434
25.45,68,1845.993368
-2.1,3,1846.000113
-2.05,2,1846.004725
22.4,117,1846.273931
-2.45,6,1846.287881
25.95,86,1846.496624
25.5,59,1852.552121
25.05,84,1852.761635
-2.05,2,1852.766427
29.15,42,1852.870958
28.1,43,1852.970417
22.0,129,1853.268615
25.8,53,1853.394059
-3.4,397,1854.375127
-2.9,11,1854.401656
28.0,41,1854.503611
-2.05,2,1854.508707
26.85,64,1854.664219
27.6,57,1854.806068
31.05,16,1854.848222
28.45,40,1854.957403
22.3,103,1861.225232
-2.65,6,1861.239461
14.6,189,1861.685082
12.2,173,1862.091798
-2.05,2,1862.096526
30.35,30,1862.168688
27.25,52,1862.300616
28.2,53,1862.435052
30.0,37,1862.528964
27.3,55,1862.667882
29.8,29,1862.74155
19.8,129,1863.067834
14.9,183,1863.543176
24.35,74,1869.625022
-2.3,7,1869.64157
-2.35,8,1869.65952
30.6,29,1869.727038
28.85,36,1869.813204
-2.95,12,1869.841676
-1.0,377,1870.884753
17.75,166,1871.356564
16.3,163,1871.841901
26.7,59,1872.014475
19.2,169,1878.52414
29.95,34,1878.623655
16.85,128,1878.994719
28.6,37,1879.121933
30.3,27,1879.196243
-2.05,2,1879.201758
-2.05,2,1879.20729
-2.1,3,1879.215572
-2.1,3,1879.223841
30.1,31,1879.309088
18.9,95,1879.578295
-3.2,21,1879.635808
28.25,52,1879.778162
-2.1,3,1879.786408
-2.0,1,1879.789226
29.05,44,1879.912981
29.8,37,1880.014088
29.8,33,1880.107322
13.65,8,1880.129336
30.5,27,1880.206758
27.75,42,1880.327962
30.35,30,1880.417499
-2.1,3,1880.426614
-2.3,7,1880.448052
28.35,46,1880.588938
29.2,41,1880.710719
30.6,25,1880.78477
24.8,77,1881.020829
26.2,65,1881.210939
30.85,20,1881.269305
-2.15,4,1881.28094
-2.0,1,1881.283834
17.8,125,1887.550421
11.5,191,1888.135416
21.55,98,1888.418672
-2.25,6,1888.436388
31.05,20,1888.500728
28.75,46,1888.631499
28.05,48,1888.76629
28.35,46,1888.896645
30.25,32,1888.988364
-2.0,1,1888.991204
29.95,34,1889.087383
30.0,37,1889.189592
30.1,31,1889.276152
5.0,1,1889.27899
23.95,106,1889.581811
26.5,71,1889.790993
-57.15,512,1897.27817
22.05,120,1897.620598
17.1,99,1897.89238
26.85,52,1898.034407
29.95,30,1898.114517
-6.05,26,1898.181871
28.95,62,1898.343166
5.4,317,1905.141875
-2.1,3,1905.149731
29.55,38,1905.249615
31.05,16,1905.291019
7.85,4,1905.30142
29.6,45,1905.423006
-2.25,6,1905.439244
30.6,21,1905.496061
-2.1,3,1905.504069
29.6,41,1905.616179
30.65,24,1905.685361
30.65,24,1905.75491
29.25,40,1905.869663
-2.2,5,1905.884062
28.15,50,1906.02713
16.05,152,1906.451105
-2.2,5,1906.465319
23.15,90,1906.726408
29.45,40,1906.841053
29.65,24,1906.910184
29.3,43,1907.034341
-2.2,5,1907.048632
29.05,40,1907.164511
29.15,38,1907.274801
22.25,100,1907.56326
30.55,26,1907.638045
15.0,165,1914.025393
13.25,228,1914.685008
-2.0,1,1914.687736
26.9,63,1914.863008
15.4,5,1914.877048
27.25,68,1915.065624
30.35,34,1915.16015
-2.2,5,1915.174459
-2.65,10,1915.203523
30.95,22,1915.266769
28.7,47,1915.40308
24.2,73,1915.613647
28.7,43,1915.736063
-3.5,27,1915.812347
30.1,27,1915.885972
-3.3,23,1915.951152
25.55,86,1916.20088
29.5,23,1916.26786
29.75,34,1916.365772
27.7,51,1916.508816
29.35,38,1916.617301
29.35,38,1916.727363
23.95,74,1922.795862
30.2,25,1922.862116
24.75,66,1923.039819
28.85,48,1923.170261
-2.05,2,1923.175453
29.4,45,1923.292439
27.9,47,1923.414341
30.8,21,1923.471246
30.55,22,1923.531396
30.25,32,1923.616688
-2.5,11,1923.648433
22.85,96,1923.919894
30.55,26,1923.995772
29.7,31,1924.085501
-3.15,12,1924.119793
30.15,34,1924.217976
30.9,19,1924.273132
29.65,32,1924.365393
27.35,46,1924.492975
-13.05,322,1925.406253
-2.85,18,1925.457043
9.95,2,1925.463004
26.5,59,1931.598992
-2.0,1,1931.60187
30.1,35,1931.703068
-2.05,2,1931.708863
27.45,48,1931.843407
-2.2,5,1931.856982
26.0,69,1932.044437
11.85,4,1932.05528
28.75,42,1932.167941
-2.25,6,1932.184275
21.95,122,1932.535549
29.85,28,1932.612638
25.45,72,1932.819613
24.25,72,1933.026497
-2.1,3,1933.035123
-3.75,28,1933.115655
28.45,56,1933.277232
25.95,74,1933.490668
-2.0,1,1933.493484
-2.7,11,1933.525118
28.35,54,1933.678429
-2.55,8,1933.700504
29.3,43,1933.824145
27.35,66,1934.011676
29.15,54,1934.1653
-2.4,9,1934.191019
29.1,51,1934.335645
9.95,2,1934.341266
31.2,17,1940.435676
-2.6,13,1940.471191
27.15,50,1940.612187
17.4,157,1941.066102
25.1,67,1941.251808
30.3,23,1941.315431
25.5,75,1941.53035
25.45,76,1941.765149
30.25,32,1941.85991
24.65,64,1942.050739
-2.2,5,1942.066072
26.35,70,1942.279408
-4.3,15,1942.325805
27.8,29,1942.412396
29.7,39,1942.523374
28.0,41,1942.642021
29.95,30,1942.728271
29.45,32,1942.820325
27.85,40,1942.934925
20.3,115,1943.267275
26.8,49,1949.431651
-2.1,3,1949.439852
20.5,71,1949.636005
30.4,25,1949.706737
29.25,40,1949.817531
24.7,63,1949.993335
17.05,164,1950.46864
-2.2,5,1950.483075
-2.1,3,1950.491755
-2.3,7,1950.511848
30.3,27,1950.589601
28.5,39,1950.702806
28.5,43,1950.826724
28.65,40,1950.941707
-2.15,4,1950.953075
28.25,40,1951.06515
28.35,46,1951.197557
29.15,34,1951.295184
-2.2,5,1951.309757
-2.55,8,1951.332782
-2.1,3,1951.341419
28.35,42,1951.457314
-2.0,1,1951.460029
-2.9,7,1951.479235
29.5,31,1951.564214
-2.35,8,1951.585999
13.0,173,1952.07955
17.8,153,1958.419163
30.05,24,1958.485279
27.05,60,1958.650896
-2.1,3,1958.659638
29.65,32,1958.748184
29.8,41,1958.861696
31.1,19,1958.91691
29.55,34,1959.01548
-2.45,6,1959.03267
8.75,210,1959.6378
15.75,94,1959.907635
-4.75,28,1959.988857
25.0,77,1960.221038
28.25,48,1960.362538
22.25,96,1960.654233
26.9,55,1960.820641
-2.95,8,1960.844297
28.0,53,1961.003966
29.15,38,1961.113286
28.9,51,1967.310189
29.55,30,1967.396387
-2.6,13,1967.433554
21.3,95,1967.700602
-2.2,5,1967.715034
-2.75,12,1967.749432
-2.9,7,1967.769496
-2.05,2,1967.775227
-2.15,4,1967.786671
22.85,112,1968.09661
24.3,79,1968.32352
17.3,127,1968.690954
-2.1,3,1968.699664
29.95,30,1968.785935
27.15,62,1968.963448
-2.75,16,1969.009219
-14.0,353,1970.009136
26.0,65,1976.129625
-2.9,15,1976.172613
29.15,46,1976.302183
30.85,20,1976.357471
30.0,29,1976.446909
-2.05,2,1976.452904
28.2,45,1976.590094
29.8,33,1976.687688
28.4,41,1976.808142
-45.1,243,1977.49304
26.05,68,1977.686125
28.75,42,1977.803169
-2.0,1,1977.805987
29.1,47,1977.93545
-2.05,2,1977.941021
-3.45,10,1977.968709
30.55,26,1978.042796
-3.0,13,1978.07845
30.2,33,1978.168922
25.1,83,1978.405317
-2.0,1,1978.408176
29.8,29,1978.491508
23.3,87,1978.739143
28.7,51,1978.887351
-2.3,7,1978.90764
27.5,59,1984.909039
10.6,225,1985.567782
24.45,84,1985.828916
30.2,29,1985.915476
24.6,85,1986.166334
-2.05,2,1986.17216
-2.3,7,1986.192626
26.8,61,1986.372365
28.9,39,1986.486267
-2.4,9,1986.512534
25.45,72,1986.722196
27.85,44,1986.84261
30.25,28,1986.919191
23.55,98,1987.188705
29.7,27,1987.262469
28.65,48,1987.394124
-2.15,4,1987.405107
30.65,24,1987.471584
28.8,49,1987.606258
29.95,34,1987.700088
30.55,26,1987.771862
28.8,45,1993.78806
27.2,65,1993.972687
30.8,25,1994.044143
29.45,28,1994.124956
28.95,42,1994.246568
27.75,50,1994.389135
28.9,43,1994.508948
29.3,39,1994.621896
30.1,27,1994.700307
30.45,32,1994.792066
28.2,49,1994.933821
28.75,46,1995.072567
30.65,24,1995.145717
30.65,24,1995.219194
-2.4,9,1995.2468
-2.9,11,1995.280571
14.55,186,1995.846553
-2.95,12,1995.881877
30.6,25,1995.957201
-6.2,41,1996.078757
29.25,40,1996.200071
23.2,93,1996.485964
24.05,96,2002.582174
29.8,33,2002.672555
25.65,64,2002.849001
30.6,29,2002.928755
-2.05,2,2002.934324
27.7,47,2003.063668
28.55,46,2003.19011
-2.1,3,2003.198838
-2.05,2,2003.204637
29.4,41,2003.319141
29.45,32,2003.408328
-2.05,2,2003.414102
25.75,66,2003.596147
16.4,177,2004.103892
28.9,35,2004.205679
-2.75,16,2004.251795
-2.05,2,2004.257658
-3.85,22,2004.321565
25.9,51,2004.468529
29.5,43,2004.592347
14.3,11,2004.624162
-0.3,343,2011.6741
28.55,46,2011.797909
25.25,84,2012.027416
-2.0,1,2012.030115
-3.55,20,2012.084221
30.8,25,2012.152521
29.1,39,2012.25923
5.95,2,2012.26477
-2.15,4,2012.275708
28.15,50,2012.412397
28.3,39,2012.518644
25.9,55,2012.668999
25.25,80,2012.914444
-5.4,21,2012.972335
-2.05,2,2012.977854
5.0,1,2012.980673
30.25,28,2013.05744
30.1,31,2013.142925
-2.05,2,2013.148353
27.5,55,2013.299729
22.7,83,2013.530544
-2.85,10,2013.559197
-3.15,16,2013.605366
28.4,41,2013.724045
27.15,74,2013.934325
27.9,59,2014.099003
30.65,24,2014.165279
27.6,49,2014.304501
28.0,49,2020.43476
29.4,37,2020.541137
5.0,1,2020.543901
30.0,33,2020.63799
30.9,19,2020.691309
27.6,61,2020.849739
-2.1,3,2020.857561
28.2,41,2020.967033
28.9,43,2021.077456
6.0,1,2021.08019
25.1,91,2021.334399
28.8,37,2021.437482
30.05,20,2021.492604
-2.05,2,2021.498395
20.55,118,2021.822283
5.0,1,2021.825037
26.45,68,2022.02054
26.4,57,2022.189288
-2.25,6,2022.206802
-3.85,26,2022.281693
29.5,39,2022.391942
-2.05,2,2022.39768
5.95,182,2022.906614
-2.0,1,2022.909316
30.2,29,2022.993757
31.3,15,2023.036206
-2.4,9,2023.06212
30.9,23,2023.128834
-2.05,2,2023.134588
-3.35,12,2023.169523
-4.25,18,2029.092223
-6.45,22,2029.155273
29.7,35,2029.255218
25.55,62,2029.43434
28.7,39,2029.546417
30.4,25,2029.615918
29.45,40,2029.730571
30.75,22,2029.793688
25.3,75,2030.009717
-48.95,512,2031.455565
-2.3,7,2031.475467
24.1,103,2031.777295
29.25,40,2031.89753
28.3,51,2038.032867
-2.0,1,2038.035545
28.8,41,2038.146954
30.0,29,2038.225652
26.5,63,2038.392752
22.6,97,2038.656217
29.55,38,2038.759826
21.8,85,2038.991449
-2.05,2,2038.996958
28.35,38,2039.100397
26.5,67,2039.280156
29.35,34,2039.372849
17.9,3,2039.381001
-2.4,9,2039.405521
30.85,24,2039.470359
30.5,23,2039.530355
29.5,35,2039.62539
-2.45,6,2039.64182
-3.25,10,2039.669065
-2.4,9,2039.693086
19.25,136,2040.071606
-2.0,1,2040.074425
-2.2,5,2040.088381
-2.15,4,2040.099581
27.0,49,2040.242285
28.8,41,2040.360043
28.55,38,2040.469935
22.9,75,2040.686254
25.25,80,2047.033845
28.55,30,2047.126789
-2.25,6,2047.144413
-2.0,1,2047.14739
-2.95,12,2047.182078
27.3,51,2047.323098
30.5,31,2047.411436
11.85,4,2047.422984
-2.0,1,2047.425822
31.15,18,2047.477602
-5.25,34,2047.575071
-2.3,7,2047.595476
-2.35,8,2047.618801
10.25,16,2047.665277
29.35,26,2047.739535
29.75,34,2047.837553
-3.3,15,2047.880319
29.2,33,2047.979353
29.1,35,2048.087172
-2.1,3,2048.096439
-2.25,6,2048.115103
22.1,99,2048.420352
31.15,18,2048.474656
28.8,45,2048.610493
5.0,1,2048.613431
28.15,42,2048.737944
28.1,39,2048.854405
29.85,32,2048.951253
29.9,35,2049.054278
30.1,35,2049.151903
28.65,36,2049.251045
28.3,51,2049.394397
19.45,156,2049.842237
29.65,36,2055.737325
-2.1,3,2055.745071
-4.4,21,2055.800979
28.5,51,2055.946188
29.0,37,2056.047482
25.45,64,2056.225445
-2.0,1,2056.228153
30.25,32,2056.316646
-2.2,5,2056.330742
29.1,39,2056.438622
-2.5,7,2056.457783
30.1,27,2056.532943
30.75,22,2056.594298
27.6,45,2056.718829
22.1,71,2056.916986
29.35,38,2057.024784
-2.2,5,2057.039287
17.65,164,2057.512628
24.2,77,2057.734686
29.6,33,2057.829418
-8.2,49,2057.970359
26.65,60,2058.141898
30.3,31,2058.230611
31.0,21,2058.291656
-2.05,2,2058.297413
28.25,44,2058.425127
28.45,44,2058.553144
27.8,61,2064.633529
30.45,24,2064.702955
29.2,53,2064.857036
30.9,23,2064.92448
29.95,30,2065.012199
29.4,29,2065.096733
25.75,78,2065.322878
27.5,47,2065.453453
7.95,2,2065.458998
30.2,21,2065.517241
5.95,2,2065.522823
27.75,50,2065.661126
29.8,33,2065.752477
28.35,46,2065.879866
29.3,35,2065.976681
27.5,59,2066.140477
-31.65,390,2067.247524
27.5,67,2073.737234
9.85,4,2073.748234
29.9,39,2073.858046
29.4,37,2073.963618
24.45,68,2074.15561
-2.0,1,2074.158442
-2.0,1,2074.16132
-2.0,1,2074.164175
-2.0,1,2074.167121
11.8,5,2074.181559
5.0,1,2074.18436
31.2,17,2074.233276
30.75,22,2074.29648
12.4,229,2074.914709
26.65,52,2075.055977
27.1,55,2075.214053
21.1,127,2075.561428
23.2,85,2075.806045
28.9,35,2075.901484
28.9,39,2076.012122
-2.1,3,2076.020763
-2.0,1,2076.023663
29.2,45,2076.151073
26.7,55,2076.308222
30.4,29,2076.390386
12.7,211,2082.867699
29.6,29,2082.951577
26.35,70,2083.147325
22.3,99,2083.427325
20.4,101,2083.71498
25.3,67,2083.906381
30.35,26,2083.981122
28.95,26,2084.054697
11.9,3,2084.063253
27.15,70,2084.256506
24.7,75,2084.470047
28.0,49,2084.604648
30.95,18,2084.654081
6.0,1,2084.656935
-2.85,14,2084.69606
26.8,49,2084.837704
-3.25,18,2084.886864
29.6,37,2084.99118
29.25,44,2085.116889
30.15,26,2085.189982
26.95,62,2091.275631
27.75,58,2091.428885
22.3,131,2091.782836
29.2,33,2091.872548
-5.25,22,2091.932457
29.3,35,2092.027554
21.05,104,2092.307455
11.95,2,2092.312895
-2.0,1,2092.315557
26.55,58,2092.471641
-2.05,2,2092.476802
-2.4,9,2092.501325
-2.55,8,2092.523016
28.35,46,2092.647639
30.05,36,2092.756067
28.75,30,2092.848959
-3.05,14,2092.890266
26.3,59,2093.063811
29.25,32,2093.160866
-2.4,9,2093.189487
28.95,46,2093.32774
-11.35,60,2093.505777
7.9,3,2093.515011
-2.9,11,2093.548696
27.75,54,2093.708094
29.65,32,2093.803539
26.4,61,2093.979052
21.7,79,2100.059918
25.95,70,2100.253939
-2.45,10,2100.282663
30.8,25,2100.354295
-2.0,1,2100.35706
29.9,27,2100.432664
25.45,60,2100.60286
-2.1,3,2100.611528
27.85,52,2100.760551
29.4,33,2100.853332
27.05,48,2100.991133
-2.0,1,2100.993998
7.95,2,2100.999806
29.15,54,2101.15995
-2.1,3,2101.169157
14.25,128,2101.561131
-2.05,2,2101.567257
28.45,48,2101.714945
29.65,40,2101.835444
24.3,95,2102.114462
30.8,25,2102.191697
29.6,33,2102.290323
29.7,23,2102.359071
26.4,65,2102.545651
23.9,75,2102.758765
15.75,6,2102.775564
27.85,48,2102.911243
-2.1,3,2102.919776
20.9,87,2109.007184
-3.8,13,2109.044736
29.85,32,2109.137383
-2.0,1,2109.140265
12.8,133,2109.519677
30.8,21,2109.579561
29.6,33,2109.674983
28.55,46,2109.807962
28.9,35,2109.904052
-2.25,6,2109.920542
-22.2,457,2111.197168
18.3,119,2111.534947
19.1,119,2117.785123
27.35,54,2117.936116
30.15,30,2118.018187
29.7,31,2118.103386
29.0,41,2118.217924
-2.8,13,2118.25747
28.05,60,2118.439914
6.0,1,2118.44299
28.3,59,2118.624318
-2.35,8,2118.648951
-2.55,8,2118.673444
-2.8,13,2118.713077
-2.95,16,2118.762149
27.85,44,2118.893699
28.4,41,2119.011678
28.7,35,2119.1122
31.05,20,2119.168921
24.7,71,2119.374841
-71.65,578,2126.842477
-57.65,578,2128.349191
-52.65,578,2135.713256
-55.85,578,2137.175945
-67.85,578,2144.123206
-2.95,16,2144.166472
-55.45,578,2151.278138
-48.85,578,2152.67935
-45.25,578,2159.846205
-43.45,578,2161.269653
-38.85,578,2168.365115
-56.05,578,2169.846164
-64.05,578,2176.988528
-2.0,1,2176.991133
-61.85,578,2178.510419
-2.0,1,2178.512876
-2.8,17,2178.555657
-2.3,7,2178.573479
-47.25,578,2186.040517
-109.45,578,2193.625873
-69.45,578,2195.064457
-57.05,578,2202.396782
-2.45,6,2202.410298
-2.05,2,2202.414827
18.65,200,2202.914622
-2.15,4,2202.924643
-2.5,7,2202.942311
-59.05,578,2210.506785
-2.35,8,2210.525998
-52.45,578,2212.039977
-50.05,578,2219.704931
-71.85,578,2221.168907
-48.85,578,2228.881638
-2.1,3,2228.889156
-2.45,10,2228.914301
7.3,267,2229.579989
-53.85,578,2237.359149
-2.1,3,2237.366351
-53.05,578,2238.759477
-47.85,578,2246.567959
-6.3,47,2246.688252
-54.85,578,2248.202201
-57.05,578,2256.047722
-2.1,3,2256.055322
-2.05,2,2256.060354
-2.15,4,2256.070184
18.3,187,2256.537483
21.2,133,2256.890767
-14.05,494,2264.354377
2.0,385,2265.238809
27.45,88,2265.442948
-3.75,16,2265.481168
27.65,80,2265.679052
19.5,171,2266.113134
26.25,88,2272.540948
23.3,127,2272.848594
-46.05,578,2274.310628
-9.5,571,2282.299746
-52.65,578,2283.763997
30.95,42,2283.870163
21.95,142,2290.539314
17.25,152,2290.895893
-2.0,1,2290.898265
-2.05,2,2290.903375
-59.65,578,2292.356424
29.5,59,2292.50952
30.25,44,2292.62966
-2.0,1,2292.632357
6.0,1,2292.635147
0.75,334,2300.168102
-2.3,7,2300.186487
-0.6,409,2301.270769
17.1,175,2301.719731
22.25,152,2302.107929
18.4,193,2309.152719
26.25,80,2309.362965
24.25,104,2309.6298
27.25,92,2309.863539
31.8,29,2309.94002
31.95,30,2310.019472
27.6,89,2310.252879
25.35,114,2310.539204
-5.7,23,2310.600322
15.6,225,2311.188108
-55.85,578,2319.527342
29.0,53,2319.668413
31.7,47,2319.793295
21.45,148,2320.176117
29.75,46,2320.294411
-2.1,3,2320.301852
27.65,68,2320.474103
21.9,131,2320.811966
6.85,284,2328.174927
-2.65,10,2328.20089
-9.5,427,2329.300902
25.8,85,2329.509714
32.15,34,2329.594303
30.05,56,2329.734629
29.7,51,2329.862262
-16.0,489,2337.414435
29.2,49,2337.535038
26.0,97,2337.769845
29.25,64,2337.928535
-2.2,5,2337.940928
4.0,197,2338.428506
17.7,179,2338.886582
25.75,102,2339.155164
27.0,77,2345.897933
-2.0,1,2345.900406
18.3,163,2346.30445
-2.05,2,2346.309407
26.1,75,2346.492461
28.9,63,2346.648932
26.45,88,2346.872135
11.8,5,2346.885119
29.25,56,2347.028414
24.95,114,2347.30935
29.65,56,2347.45371
22.35,126,2347.773536
18.3,167,2348.203827
29.1,55,2354.718374
8.2,341,2355.584152
-71.65,578,2357.054741
9.1,243,2364.153435
-2.1,3,2364.161031
30.2,53,2364.295565
25.65,96,2364.544405
-2.15,4,2364.555288
21.95,146,2364.938217
26.5,67,2365.115484
28.35,70,2365.299248
27.05,84,2365.519748
-2.1,3,2365.527545
25.95,102,2365.793447
26.35,74,2365.984779
25.9,99,2366.2426
18.45,136,2373.195856
15.3,139,2373.546115
31.95,30,2373.625701
-2.0,1,2373.628253
-2.35,4,2373.638885
-2.1,3,2373.646735
31.85,28,2373.721456
-60.85,578,2375.240946
30.75,46,2375.363122
23.35,114,2375.665973
30.55,46,2382.219266
26.15,90,2382.42727
8.85,252,2383.042465
25.0,101,2383.307972
-2.75,8,2383.32896
32.05,28,2383.402658
33.4,13,2383.434963
28.85,68,2383.608498
27.2,57,2383.751923
30.55,50,2383.880749
29.9,43,2383.992571
27.25,80,2384.192607
-2.0,1,2384.195012
24.9,87,2384.410796
29.4,61,2384.561276
-2.05,2,2384.566211
5.75,2,2384.571248
31.55,42,2384.675622
-2.15,4,2384.685501
30.35,50,2391.127127
-2.3,3,2391.135
22.7,147,2391.51426
-3.55,16,2391.555862
28.7,55,2391.699011
-48.05,578,2393.141238
28.45,60,2393.293783
-1.85,350,2400.591206
28.4,69,2400.776055
30.6,41,2400.885156
-2.05,2,2400.890813
-2.0,1,2400.893728
-2.15,4,2400.905084
-2.35,4,2400.916262
-2.05,2,2400.921931
30.85,40,2401.030608
-3.5,11,2401.060236
-3.4,21,2401.115076
-2.05,2,2401.120073
-3.1,11,2401.147604
-2.0,1,2401.150097
29.05,60,2401.298182
-2.2,5,2401.310373
26.8,73,2401.502724
-2.4,5,2401.515791
-2.1,3,2401.523555
-2.0,1,2401.526199
27.8,57,2401.674844
-2.5,11,2401.70352
24.4,97,2401.957314
32.15,34,2402.042447
-2.15,4,2402.052261
29.9,47,2402.170177
29.2,61,2402.32967
19.0,133,2408.949991
32.1,31,2409.028504
23.1,115,2409.296848
31.25,44,2409.403455
25.8,81,2409.592718
19.0,141,2409.925709
-2.05,2,2409.930655
-2.4,9,2409.953092
28.45,48,2410.070209
28.8,57,2410.207064
22.55,130,2410.535393
-49.05,578,2418.425872
-2.2,5,2418.437536
9.7,275,2419.117204
-2.0,1,2419.119778
27.85,84,2419.341538
8.0,1,2419.344213
-1.35,316,2420.127939
23.7,107,2420.390134
32.1,35,2426.85145
-2.05,2,2426.856261
29.05,52,2426.97778
29.35,66,2427.139136
29.05,60,2427.288136
-3.0,13,2427.320294
31.75,34,2427.404384
29.35,62,2427.558916
-2.8,9,2427.581165
30.15,62,2427.733606
5.95,2,2427.738517
28.55,78,2427.93296
27.25,64,2428.092264
-3.4,25,2428.158046
5.0,1,2428.160721
32.9,23,2428.221403
30.6,49,2428.348273
27.75,90,2428.563779
-2.1,3,2428.571328
30.65,44,2428.681695
-55.75,556,2436.354002
27.9,83,2436.569731
-3.25,22,2436.628262
-2.0,1,2436.630927
-2.0,1,2436.633586
-2.05,2,2436.6389
23.35,106,2436.913903
31.15,42,2437.02507
-2.1,3,2437.032931
27.3,87,2437.270057
28.55,66,2437.444281
29.05,52,2437.581154
-2.5,7,2437.599474
32.7,23,2437.659793
25.05,100,2437.920362
30.5,39,2438.022197
9.95,2,2438.027436
14.7,155,2444.696941
31.45,32,2444.77832
-10.8,253,2445.444762
21.4,117,2445.751232
32.95,18,2445.797699
-2.15,4,2445.808065
31.5,35,2445.899411
-3.35,16,2445.938873
29.4,49,2446.059608
18.9,151,2446.43198
-2.85,14,2446.466522
32.6,25,2446.527737
-2.0,1,2446.530138
6.0,1,2446.532605
-2.1,3,2446.539951
30.25,60,2446.680971
-2.1,3,2446.688103
18.95,118,2446.972873
29.45,56,2447.117506
30.5,51,2453.506195
12.25,204,2454.035875
31.05,48,2454.171135
-2.05,2,2454.176677
-2.2,5,2454.190226
29.95,54,2454.344858
7.95,2,2454.35054
26.0,101,2454.62208
31.3,39,2454.722469
-2.15,4,2454.733133
8.0,1,2454.735811
28.95,62,2454.89984
20.4,161,2455.314221
21.7,151,2455.713907
19.1,143,2456.091957
22.7,135,2462.806776
29.4,57,2462.948017
28.45,68,2463.126617
-2.2,5,2463.139135
-2.45,6,2463.154207
32.3,27,2463.221486
29.5,55,2463.358059
32.6,25,2463.420023
27.45,72,2463.598731
-2.0,1,2463.601173
-2.05,2,2463.606177
8.0,1,2463.608763
22.65,116,2463.899891
31.2,45,2464.017694
31.35,42,2464.127122
27.4,81,2464.339392
28.9,51,2464.472555
-3.2,9,2464.495862
22.35,126,2464.818183
-2.3,7,2464.836383
29.9,55,2464.975313
29.2,53,2471.424233
-4.3,19,2471.468569
33.1,19,2471.512935
-2.15,4,2471.522254
-3.15,8,2471.540833
25.9,83,2471.736341
26.1,91,2471.98805
29.6,65,2472.170384
22.25,120,2472.48138
31.45,44,2472.591354
31.8,37,2472.683376
26.35,78,2472.878357
-2.0,1,2472.881112
-2.25,6,2472.897262
27.6,65,2473.067454
31.75,38,2473.166037
-2.0,1,2473.168617
20.85,168,2473.618347
25.6,97,2473.869836
30.5,55,2474.014361
31.6,29,2480.342869
30.15,50,2480.471385
28.45,72,2480.657124
28.55,66,2480.828679
32.15,26,2480.909948
31.05,56,2481.083339
26.25,72,2481.286071
21.85,156,2481.704131
20.35,110,2481.980438
31.3,43,2482.093287
30.95,42,2482.203532
20.35,138,2482.562868
30.5,43,2482.674898
30.75,38,2482.772495
-2.45,10,2482.798412
-2.2,5,2482.811461
29.4,45,2482.930276
-2.0,1,2482.932912
7.4,201,2489.644856
21.55,130,2489.967291
32.3,27,2490.038934
-2.3,7,2490.056401
28.1,63,2490.22053
-2.0,1,2490.223183
29.3,59,2490.377947
31.55,34,2490.467609
27.95,62,2490.613863
-2.55,8,2490.633583
31.35,34,2490.716968
-4.6,21,2490.768115
29.3,55,2490.906798
25.25,104,2491.17906
32.2,25,2491.244026
-2.6,13,2491.278016
32.35,30,2491.356699
-2.25,6,2491.372383
-4.05,26,2491.439846
30.35,50,2491.569589
-3.85,26,2491.637596
-2.25,6,2491.653105
-2.15,4,2491.663643
18.5,147,2498.3903
-2.95,16,2498.429894
-4.7,15,2498.466656
31.8,37,2498.557516
-2.05,2,2498.562436
31.0,41,2498.663337
29.15,46,2498.780918
31.5,31,2498.862461
26.95,86,2499.086294
-2.85,6,2499.101819
-2.0,1,2499.104403
31.0,45,2499.219929
-2.15,4,2499.229867
-4.2,13,2499.262488
-2.05,2,2499.267508
-2.25,6,2499.283092
33.0,21,2499.337662
25.95,86,2499.562558
-2.1,3,2499.570421
-2.05,2,2499.575634
-3.05,10,2499.601743
27.45,88,2499.829134
29.85,48,2499.951376
30.75,46,2500.072934
31.1,31,2500.154248
28.85,72,2500.340769
31.8,33,2500.427271
26.25,80,2500.637144
9.9,3,2500.645074
-2.05,2,2500.650384
29.45,60,2500.80632
26.35,82,2507.120346
29.3,67,2507.285657
11.95,2,2507.290656
30.2,53,2507.422422
27.0,65,2507.594186
31.6,33,2507.679358
-2.15,4,2507.689659
26.4,81,2507.891041
30.55,46,2508.001266
30.5,47,2508.112811
-2.0,1,2508.115305
31.0,37,2508.205588
-2.0,1,2508.208387
-2.0,1,2508.210941
19.65,208,2508.727875
32.0,29,2508.800173
23.7,119,2509.095451
31.15,42,2509.20279
-2.05,2,2509.20804
30.7,43,2509.321403
21.15,126,2515.85224
-2.05,2,2515.85722
-2.35,8,2515.877169
-2.05,2,2515.882427
29.25,68,2516.05635
30.7,35,2516.148068
29.15,66,2516.315412
29.9,47,2516.437317
-2.0,1,2516.439953
19.5,155,2516.85312
30.45,40,2516.965843
31.2,37,2517.064415
-2.4,5,2517.078002
-2.0,1,2517.080631
28.25,80,2517.286946
32.35,34,2517.376236
-2.15,4,2517.386125
23.8,85,2517.59559
-2.1,3,2517.603015
31.65,32,2517.684986
30.15,54,2517.827388
31.35,42,2517.938541
31.85,32,2518.022693
29.1,59,2518.178311
-2.0,1,2518.1809
22.25,96,2524.58443
-2.15,4,2524.59403
33.0,21,2524.643123
30.05,48,2524.755398
27.2,69,2524.926436
-2.05,2,2524.931473
29.95,54,2525.074648
26.4,85,2525.297334
29.25,64,2525.462735
26.85,96,2525.715172
29.9,43,2525.82673
27.55,70,2526.007162
-2.1,3,2526.014979
29.5,67,2526.19094
32.3,35,2526.283158
29.9,51,2526.415116
31.05,48,2526.539583
30.4,49,2526.66791
-2.0,1,2526.670512
31.05,40,2526.775903
29.85,52,2526.913368
-2.35,8,2526.934284
27.2,77,2527.13632
30.5,51,2533.433721
18.25,168,2533.876024
-2.05,2,2533.881538
31.5,39,2533.984635
-2.1,3,2533.99213
-2.9,11,2534.019899
24.7,87,2534.247355
11.9,3,2534.25525
30.95,46,2534.375347
31.6,33,2534.462405
30.1,47,2534.585604
-2.9,15,2534.624676
27.75,62,2534.787587
31.5,31,2534.869079
-2.25,6,2534.88498
32.25,32,2534.969324
30.65,48,2535.096921
29.2,57,2535.246582
8.95,210,2535.795777
18.75,166,2542.478805
30.0,61,2542.622524
26.65,100,2542.867018
31.6,37,2542.961811
-2.05,2,2542.966733
31.8,41,2543.070564
32.75,26,2543.138406
32.1,31,2543.219083
28.25,60,2543.371988
-2.0,1,2543.37447
31.05,40,2543.47369
29.7,55,2543.608917
31.35,38,2543.702478
23.65,116,2544.002645
32.0,33,2544.087101
-2.0,1,2544.089691
27.3,103,2544.358848
20.15,178,2544.821851
-2.7,11,2544.850526
-2.25,6,2544.866137
31.8,33,2551.256233
-2.0,1,2551.258735
-2.75,16,2551.29843
30.8,49,2551.41992
26.6,81,2551.609663
32.7,27,2551.672196
25.6,105,2551.921319
31.6,33,2552.002802
30.75,50,2552.122676
31.25,40,2552.222299
25.0,81,2552.467072
-2.8,9,2552.494912
32.25,28,2552.578173
20.8,97,2552.869003
-2.15,4,2552.881106
21.05,144,2553.333214
21.45,136,2553.766169
-2.05,2,2553.772637
-2.8,13,2553.813458
22.45,116,2560.543661
30.4,41,2560.661702
7.9,3,2560.670546
29.95,46,2560.804212
32.5,27,2560.883186
32.4,29,2560.968416
-3.65,18,2561.020724
18.05,124,2561.391454
27.45,68,2561.594641
-2.15,4,2561.606189
29.1,63,2561.786396
24.9,83,2562.024256
30.45,44,2562.149702
18.6,133,2562.532965
-2.1,3,2562.541583
32.75,22,2562.60514
-2.3,7,2562.625175
28.9,55,2562.782938
24.9,91,2563.047668
23.75,102,2563.343047
31.05,32,2569.682571
-2.9,15,2569.726199
31.4,29,2569.810508
9.85,4,2569.82319
31.05,36,2569.931349
-2.05,2,2569.937476
32.55,26,2570.012851
29.25,56,2570.18264
31.5,43,2570.317493
32.2,29,2570.408144
31.75,26,2570.487732
31.35,42,2570.615494
-2.2,5,2570.630212
-2.8,9,2570.656271
26.15,86,2570.911294
29.5,55,2571.076986
-2.05,2,2571.082759
32.2,25,2571.15581
-2.2,5,2571.170297
-2.0,1,2571.173489
23.9,107,2571.483778
28.6,53,2571.637024
-2.1,3,2571.645663
-3.8,17,2571.695622
31.15,38,2571.806869
28.6,69,2572.00842
23.25,132,2572.395257
31.65,32,2572.492251
26.2,65,2572.685081
31.45,48,2579.013468
25.95,90,2579.265321
31.1,43,2579.388462
12.35,182,2579.926821
-2.15,4,2579.938425
25.15,90,2580.213449
-2.1,3,2580.22257
26.0,69,2580.434196
29.35,66,2580.635504
32.7,19,2580.691454
31.25,44,2580.820506
-2.25,6,2580.838016
31.4,41,2580.961235
-2.05,2,2580.967263
-6.55,48,2581.119159
32.0,33,2581.225806
32.7,23,2581.301297
-2.0,1,2581.304441
30.35,34,2581.414358
28.7,83,2581.671293
32.2,29,2581.759625
25.9,79,2588.195199
28.5,67,2588.395573
31.5,39,2588.511394
31.75,34,2588.608883
30.4,53,2588.760267
15.7,143,2589.181399
31.2,37,2589.292935
30.9,35,2589.400588
28.9,75,2589.62514
-2.45,6,2589.64333
29.75,46,2589.790325
-2.0,1,2589.793388
-2.15,4,2589.805644
30.7,43,2589.937792
-2.1,3,2589.946959
32.55,26,2590.02644
6.0,1,2590.029537
-2.1,3,2590.038611
8.0,1,2590.041735
30.55,46,2590.181063
30.15,66,2590.37749
30.95,42,2590.498028
32.75,26,2590.576941
-2.05,2,2590.582981
30.05,52,2590.740532
28.0,73,2590.954789
26.15,82,2591.204973
-2.15,4,2591.217273
31.65,36,2597.694259
27.9,59,2597.862452
-2.35,8,2597.885344
31.4,45,2598.014742
31.3,39,2598.126487
-2.05,2,2598.132117
30.2,53,2598.28017
-3.25,10,2598.308282
31.15,42,2598.424965
30.25,44,2598.556634
-2.2,5,2598.571875
31.2,41,2598.696247
-2.4,9,2598.723104
31.45,40,2598.838597
-2.05,2,2598.844361
29.95,54,2599.00201
20.2,89,2599.260063
28.5,71,2599.4661
-52.2,421,2606.976029
30.55,46,2607.111971
-2.1,3,2607.121024
33.15,18,2607.175189
-4.2,29,2607.262575
-2.9,11,2607.294299
28.4,73,2607.506182
-2.05,2,2607.512175
31.3,39,2607.626738
30.7,43,2607.751165
23.35,78,2607.976935
32.1,31,2608.07733
10.15,138,2608.518551
-2.05,2,2608.524678
25.7,91,2608.806065
31.95,26,2608.890677
-3.15,16,2608.937943
-2.0,1,2608.940881
9.9,3,2608.949733
11.85,208,2609.569522
29.95,58,2609.735113
-2.0,1,2609.73794
32.0,29,2609.818037
29.8,53,2616.169999
-2.3,7,2616.193887
-2.1,3,2616.203776
31.7,35,2616.318675
26.55,78,2616.577797
30.9,47,2616.726985
-2.1,3,2616.735945
5.95,2,2616.742068
32.25,32,2616.838075
31.2,33,2616.936741
32.55,26,2617.016304
-23.9,471,2618.426137
-2.15,4,2618.438158
30.55,38,2618.553
13.0,221,2619.239024
-2.0,1,2619.242001
-2.0,1,2619.244952
31.55,42,2625.569787
31.0,45,2625.705201
31.95,30,2625.796558
31.5,35,2625.900572
24.95,118,2626.234343
29.3,51,2626.379265
31.4,41,2626.501501
30.2,41,2626.625973
26.7,87,2626.879175
-2.35,8,2626.902363
30.9,43,2627.027853
31.3,51,2627.174511
-2.35,8,2627.197551
26.95,82,2627.445721
8.4,317,2628.395954
31.45,32,2628.493086
29.6,53,2634.97008
31.8,41,2635.09272
32.8,25,2635.16013
30.0,53,2635.310828
12.45,136,2635.718812
-2.3,7,2635.738636
31.7,31,2635.827223
30.6,45,2635.950596
30.25,52,2636.094463
30.15,54,2636.251655
32.25,24,2636.320808
30.8,41,2636.442036
-2.05,2,2636.448138
29.0,57,2636.619248
-3.7,19,2636.676396
7.95,2,2636.682578
-4.95,16,2636.730806
31.8,33,2636.830493
-2.05,2,2636.836538
29.85,56,2637.004516
-2.5,11,2637.038026
28.7,59,2637.213203
24.4,109,2637.542491
32.2,25,2637.617013
-2.55,12,2637.653381
-2.05,2,2637.65948
29.85,52,2637.81741
-86.05,578,2645.714331
-2.3,7,2645.735652
-2.1,3,2645.744838
28.05,72,2645.953929
27.45,72,2646.177336
32.05,28,2646.264208
25.6,93,2646.553916
33.0,21,2646.619443
28.9,59,2646.796177
24.1,123,2653.230572
29.5,51,2653.382432
29.2,53,2653.534708
26.7,71,2653.75714
8.0,1,2653.760189
8.55,182,2654.298013
-2.0,1,2654.30085
28.55,74,2654.517174
32.55,22,2654.584433
26.95,58,2654.758358
28.65,60,2654.936811
-2.3,7,2654.957918
33.05,16,2655.00508
20.8,149,2655.453337
33.15,18,2655.508337
31.8,33,2655.605097
10.0,1,2655.607997
30.2,61,2655.787661
32.85,24,2655.859968
27.45,80,2656.104057
32.1,31,2656.198476
29.95,42,2662.561195
32.45,28,2662.643443
28.5,59,2662.817375
31.55,34,2662.920504
-2.3,7,2662.941881
31.05,48,2663.084085
31.45,36,2663.192252
-2.4,5,2663.207124
10.0,1,2663.2101
31.75,34,2663.308187
31.2,41,2663.427282
-2.0,1,2663.430196
-4.55,16,2663.477021
30.4,45,2663.608107
-2.65,14,2663.650029
31.6,37,2663.76174
25.2,81,2664.007009
32.0,29,2664.094969
-2.55,4,2664.107048
30.55,34,2664.20752
24.75,118,2664.565972
31.9,35,2664.679978
25.05,84,2664.948253
-2.0,1,2664.951433
31.75,38,2665.073787
-2.15,4,2665.085561
29.1,63,2665.268222
-3.65,14,2665.310358
-2.7,15,2665.355954
29.2,57,2665.523669
-2.2,5,2671.698098
30.65,48,2671.838301
32.6,29,2671.922421
23.35,118,2672.266346
23.7,107,2672.574472
30.7,47,2672.710089
32.05,32,2672.802352
29.95,46,2672.937077
29.2,73,2673.14708
-2.4,9,2673.172898
30.35,50,2673.316412
-2.15,4,2673.327749
29.25,60,2673.49917
31.4,41,2673.616856
27.85,60,2673.789399
31.95,26,2673.864359
26.95,78,2674.093117
32.55,22,2674.159744
-2.2,5,2674.174787
22.2,145,2674.625184
32.3,31,2681.092097
-2.1,3,2681.100983
27.95,66,2681.294136
-14.55,72,2681.509559
29.4,61,2681.69065
29.5,47,2681.82891
30.65,44,2681.961621
-3.1,11,2681.995024
22.85,140,2682.412021
29.95,58,2682.579496
-2.1,3,2682.588014
30.8,45,2682.719206
32.4,21,2682.782851
9.95,2,2682.788912
-2.5,7,2682.809095
-2.0,1,2682.812105
-2.85,10,2682.84075
-3.05,18,2682.89268
28.15,70,2683.102344
-2.0,1,2683.105342
32.0,37,2683.216252
32.6,21,2683.280783
5.95,2,2683.286858
-2.95,12,2683.32351
32.45,24,2683.395554
-2.05,2,2683.401721
25.0,97,2683.693556
-2.0,1,2683.696408
31.55,30,2683.783668
-2.75,16,2683.829777
-2.05,2,2683.835618
-2.25,6,2683.853152
25.1,91,2690.345283
-2.2,5,2690.360334
28.95,74,2690.581211
27.8,85,2690.831615
-3.0,13,2690.870455
-2.15,4,2690.882535
32.65,24,2690.955039
32.0,29,2691.03867
-2.2,5,2691.053375
25.6,101,2691.347806
31.05,36,2691.452646
26.3,79,2691.682903
30.55,46,2691.816323
31.45,36,2691.921163
31.75,34,2692.020297
29.65,44,2692.147631
-2.6,13,2692.185475
-2.05,2,2692.191278
28.75,66,2692.384345
17.0,149,2692.851343
32.6,25,2692.933902
-3.15,16,2692.986967
31.35,38,2693.110923
30.35,58,2693.29088
-2.15,4,2693.302794
31.55,46,2699.741898
23.6,105,2700.051512
-2.05,2,2700.057484
28.15,86,2700.317249
31.9,39,2700.437061
31.1,43,2700.563409
31.6,33,2700.661392
28.6,61,2700.848238
30.65,48,2700.992917
30.1,51,2701.145684
-2.15,4,2701.157655
31.4,29,2701.245679
-2.25,6,2701.263913
26.75,70,2701.476005
33.15,18,2701.53045
29.05,48,2701.668364
32.2,33,2701.762732
-2.15,4,2701.774194
-4.05,30,2701.860034
26.9,91,2702.122041
29.1,63,2702.308786
24.95,98,2702.592019
30.25,48,2702.730686
-2.05,2,2709.056697
-2.15,4,2709.069036
31.25,36,2709.178496
31.0,37,2709.290949
26.2,77,2709.522566
32.1,27,2709.605205
30.5,47,2709.748047
33.25,16,2709.796741
20.35,134,2710.223549
-2.35,8,2710.249841
29.5,47,2710.398504
-2.0,1,2710.401491
29.1,51,2710.555737
-2.0,1,2710.558785
32.3,23,2710.628808
28.35,74,2710.859113
32.5,27,2710.942476
22.55,130,2711.335711
27.8,61,2711.520523
-2.0,1,2711.523414
30.05,48,2711.66933
32.3,31,2711.762675
-2.05,2,2711.768673
29.5,51,2711.923957
31.8,33,2712.019282
29.25,60,2718.31307
29.05,60,2718.487619
30.9,43,2718.613128
29.0,65,2718.805395
-2.6,5,2718.820769
31.5,43,2718.951869
32.4,25,2719.027238
31.75,34,2719.131309
28.65,84,2719.385446
29.7,55,2719.551478
-2.15,4,2719.563534
28.6,61,2719.748127
31.9,31,2719.841933
-2.7,7,2719.863026
27.0,57,2720.033734
26.4,81,2720.277341
-4.8,17,2720.325852
5.0,1,2720.328733
11.9,3,2720.337321
30.1,43,2720.466148
31.55,34,2720.56992
27.6,81,2720.817854
31.25,48,2720.963621
26.8,85,2721.225216
28.7,59,2727.519014
9.95,2,2727.524637
-2.0,1,2727.5274
31.25,44,2727.651689
-2.85,18,2727.704598
-2.05,2,2727.711087
-2.0,1,2727.714314
31.45,44,2727.857587
32.0,29,2727.951431
30.9,35,2728.063426
30.15,50,2728.217772
32.15,30,2728.305284
32.0,37,2728.413089
-2.0,1,2728.415927
-2.5,7,2728.436297
31.4,37,2728.544645
29.2,49,2728.687047
30.8,45,2728.817913
10.95,190,2729.377724
23.85,108,2729.70418
31.0,33,2729.803321
26.45,80,2730.044762
29.85,56,2730.215451
32.2,33,2730.31838
31.8,29,2730.407015
29.5,63,2736.842435
31.4,41,2736.963768
-2.15,4,2736.975862
19.2,185,2737.530247
-2.1,3,2737.539949
29.65,56,2737.777233
29.95,54,2738.021346
-2.0,1,2738.025938
-2.05,2,2738.035057
31.95,30,2738.157797
31.75,30,2738.251247
27.5,71,2738.47046
29.45,44,2738.606399
24.1,99,2738.894923
32.2,37,2739.003833
29.85,60,2739.184053
30.05,44,2739.304836
32.3,27,2739.378824
33.0,21,2739.437201
32.7,23,2739.498991
2.65,332,2746.634122
31.35,34,2746.73725
-2.1,3,2746.746235
29.75,54,2746.909551
32.65,24,2746.979722
-2.15,4,2746.991871
23.15,94,2747.275747
29.8,45,2747.410838
-2.2,5,2747.425707
29.25,60,2747.608558
-2.0,1,2747.611569
-2.05,2,2747.6177
-2.9,15,2747.662641
27.1,67,2747.867835
30.4,41,2747.989776
15.2,9,2748.017502
27.0,85,2748.280448
23.65,84,2748.53806
6.0,1,2748.541361
-5.6,21,2748.608052
15.75,134,2749.002006
-2.0,1,2749.004821
31.0,49,2749.145035
20.65,148,2755.779264
25.75,90,2756.039337
32.0,33,2756.139013
30.95,42,2756.264505
-2.25,6,2756.281852
6.0,1,2756.285035
32.4,29,2756.370833
-2.15,4,2756.382519
27.15,70,2756.594422
32.95,22,2756.66092
32.2,33,2756.761967
-2.05,2,2756.767842
30.9,39,2756.886688
29.25,56,2757.056325
31.8,37,2757.163356
29.55,54,2757.324118
29.4,49,2757.47222
-16.05,446,2764.993602
-3.1,15,2765.036894
30.25,56,2765.20206
11.95,2,2765.208095
23.75,106,2765.5249
-3.65,14,2765.567107
30.7,43,2765.696596
-2.2,5,2765.711677
32.55,26,2765.787575
24.45,112,2766.125854
33.05,16,2766.174634
32.0,33,2766.274653
32.1,27,2766.356113
28.1,59,2766.533613
28.9,63,2766.723631
29.95,54,2766.882668
25.9,95,2767.163149
26.5,87,2767.425513
32.0,33,2767.520333
30.35,42,2767.640087
28.0,69,2774.010442
32.1,31,2774.104849
-2.1,3,2774.113818
31.0,49,2774.263787
29.65,44,2774.398698
31.8,37,2774.511635
32.95,22,2774.57812
18.3,127,2774.967024
31.7,31,2775.063406
-2.25,6,2775.082862
25.95,90,2775.373442
30.5,55,2775.551889
-2.05,2,2775.558013
28.1,67,2775.766442
-2.05,2,2775.772671
-14.0,261,2776.56428
31.95,30,2776.660164
24.05,104,2776.98661
-2.1,3,2776.995732
7.9,3,2777.004903
2.5,207,2783.695393
29.2,61,2783.861296
31.6,37,2783.965966
30.55,42,2784.093287
31.3,35,2784.199236
31.85,32,2784.296127
-4.3,35,2784.402262
-3.3,19,2784.459882
31.0,33,2784.555827
24.5,115,2784.90571
27.8,77,2785.139391
32.3,27,2785.222073
27.45,72,2785.430995
-2.3,7,2785.451971
-2.1,3,2785.461066
29.6,45,2785.597103
32.0,33,2785.695757
26.4,61,2785.880969
7.95,2,2785.887059
-2.2,5,2785.902276
-2.45,6,2785.920473
31.2,41,2786.044607
-2.3,7,2786.065527
9.6,253,2793.04475
28.55,66,2793.245664
29.35,50,2793.400888
30.1,43,2793.531194
-2.05,2,2793.537072
27.65,56,2793.706458
32.35,30,2793.795345
31.95,30,2793.886022
31.0,41,2794.010032
31.7,31,2794.101304
2.7,359,2795.145837
5.0,1,2795.148821
-7.55,68,2795.346105
-63.65,578,2803.404059
-2.35,8,2803.42848
29.4,45,2803.56395
20.55,154,2804.016562
-3.3,11,2804.049626
12.0,1,2804.052683
17.35,162,2804.56554
30.5,43,2804.694746
30.6,49,2804.850559
-2.0,1,2804.853786
31.35,46,2811.231083
-2.05,2,2811.236479
30.8,45,2811.370809
-96.65,578,2813.066031
-2.05,2,2813.071793
28.65,60,2813.246758
30.6,41,2813.366448
30.05,48,2813.510146
30.7,35,2813.615612
30.15,42,2813.742257
25.5,111,2814.08323
28.65,72,2820.559144
-2.15,4,2820.571018
31.3,35,2820.674083
-2.4,9,2820.700451
6.0,1,2820.703521
30.75,42,2820.825405
-2.2,5,2820.83988
31.6,25,2820.912354
26.3,67,2821.111729
-2.25,6,2821.128982
5.95,2,2821.134749
20.95,146,2821.570806
-2.1,3,2821.579932
-3.25,10,2821.610444
31.15,46,2821.749525
30.75,38,2821.864614
22.3,131,2822.261907
-2.05,2,2822.267714
-2.1,3,2822.276779
31.8,25,2822.349327
32.1,35,2822.456353
11.1,275,2823.316791
24.6,81,2829.847061
20.1,91,2830.110485
31.0,41,2830.228364
6.0,1,2830.231326
18.6,189,2830.801685
32.25,24,2830.878744
29.3,43,2831.014038
31.1,31,2831.111291
-2.0,1,2831.114416
32.0,41,2831.244519
29.55,38,2831.367054
31.75,34,2831.4753
32.7,23,2831.547111
-2.05,2,2831.553284
22.85,120,2831.919752
30.9,43,2832.051876
-2.75,12,2832.090628
-5.8,29,2832.182927
25.9,75,2832.436291
32.05,32,2832.540095
27.2,85,2832.809824
31.4,45,2832.941518
-2.2,5,2832.95584
9.95,2,2832.961671
27.85,76,2839.216458
32.55,22,2839.280262
31.2,37,2839.384205
32.45,28,2839.461302
30.2,45,2839.584636
31.8,29,2839.666996
25.1,71,2839.869427
28.5,59,2840.035007
29.85,52,2840.182104
23.9,111,2840.511545
32.1,31,2840.601664
31.6,37,2840.712069
33.1,15,2840.75581
32.4,29,2840.843042
32.4,25,2840.915024
-2.0,1,2840.917872
-2.7,11,2840.949252
27.55,66,2841.139419
14.1,139,2841.542181
30.0,53,2841.699164
32.0,33,2841.798391
32.05,28,2841.883111
-3.55,16,2841.930534
30.8,57,2848.269109
-2.05,2,2848.274658
-2.85,18,2848.32557
-2.35,8,2848.348989
5.0,1,2848.352061
-3.55,404,2849.572966
32.1,31,2849.667017
28.9,59,2849.846088
-2.5,7,2849.868682
29.95,42,2850.034211
11.85,4,2850.052021
32.3,27,2850.177563
-2.05,2,2850.187752
7.95,2,2850.197893
-2.6,9,2850.227471
-2.25,6,2850.246642
30.65,40,2850.370959
31.05,36,2850.482311
32.05,32,2850.591181
29.05,60,2850.780912
32.85,20,2850.843077
28.05,52,2851.012642
-2.95,20,2851.078351
-2.2,5,2851.094735
31.5,39,2851.222126
31.35,30,2851.319699
-2.05,2,2851.326244
31.4,37,2857.646391
31.45,36,2857.76709
32.35,26,2857.848719
30.6,53,2858.01381
32.1,35,2858.117695
26.65,80,2858.346801
24.1,71,2858.552286
28.65,52,2858.703412
-2.15,4,2858.71488
-2.0,1,2858.717796
29.75,62,2858.904903
21.4,121,2859.26689
-2.0,1,2859.269757
32.8,21,2859.330529
32.35,26,2859.405819
-2.15,4,2859.417494
30.75,46,2859.552111
-2.1,3,2859.56084
-2.15,4,2859.572695
32.5,27,2859.652343
5.95,2,2859.658177
31.4,37,2859.766013
28.35,70,2859.961982
32.15,26,2860.029181
32.65,28,2860.10203
30.1,55,2860.248936
-2.55,12,2860.283846
28.25,60,2860.457582
32.3,23,2860.523708
30.7,47,2866.530347
28.0,73,2866.742931
31.75,34,2866.841526
-2.05,2,2866.847332
-2.35,8,2866.870673
31.25,40,2866.981776
31.05,48,2867.121765
17.95,134,2867.508497
-2.0,1,2867.511282
30.25,48,2867.645115
10.45,228,2868.296864
29.4,57,2868.460824
-2.15,4,2868.473359
-2.55,12,2868.511107
9.95,2,2868.517419
-2.55,12,2868.555052
-4.15,20,2868.614795
-2.0,1,2868.617734
31.1,39,2868.734275
6.0,1,2868.737432
-2.5,11,2868.771901
-2.05,2,2868.778237
29.5,47,2868.915363
22.45,108,2869.236364
-2.2,5,2869.251927
22.0,109,2875.488566
-3.5,15,2875.530633
-2.05,2,2875.536218
-9.2,321,2876.454783
27.15,82,2876.68714
30.8,53,2876.834583
-2.1,3,2876.842827
29.3,55,2876.995508
29.0,53,2877.142789
-3.55,20,2877.198164
29.15,58,2877.359743
19.2,157,2877.796312
-2.35,8,2877.818342
-2.25,6,2877.834923
22.5,139,2878.241867
31.8,33,2884.147587
29.65,60,2884.332623
27.15,70,2884.530202
-2.25,6,2884.547503
3.45,192,2885.102215
11.9,3,2885.110669
-3.05,18,2885.163965
-3.15,12,2885.197188
-2.2,5,2885.210948
-37.35,368,2886.276742
23.85,112,2886.590226
31.55,30,2886.676958
-2.15,4,2886.688516
33.0,21,2886.749487
32.15,30,2886.835957
-4.95,36,2886.940543
-2.05,2,2886.94638
32.1,31,2887.036865
-7.8,57,2893.03758
24.1,115,2893.370228
-2.25,6,2893.387957
32.35,26,2893.464134
29.6,49,2893.609179
-2.45,6,2893.626733
27.45,72,2893.837141
29.25,56,2893.999566
-2.45,6,2894.017395
30.85,44,2894.145477
22.4,117,2894.485809
2.15,238,2895.168377
32.25,28,2895.249227
-2.95,12,2895.283845
-3.85,26,2895.357942
-2.05,2,2895.363515
-2.25,6,2895.380342
31.7,35,2895.481191
28.55,62,2895.660293
-2.55,8,2895.683536
30.3,43,2895.807674
32.15,30,2902.080485
30.1,47,2902.208833
29.0,57,2902.374927
-2.45,6,2902.392251
31.6,41,2902.51059
32.05,28,2902.591563
-4.35,24,2902.660747
29.5,39,2902.773859
28.15,74,2902.980018
-2.4,9,2903.006364
30.65,52,2903.157734
32.7,23,2903.224533
30.45,44,2903.352331
32.15,34,2903.450997
32.35,30,2903.537646
14.35,198,2904.113201
-3.35,24,2904.183295
29.25,60,2904.357354
-2.0,1,2904.360202
-67.05,578,2911.855354
31.4,41,2911.968728
30.45,52,2912.115208
30.05,52,2912.2619
-2.25,6,2912.279347
27.0,77,2912.500129
30.75,38,2912.611198
31.05,36,2912.716255
27.1,91,2912.971479
-2.2,5,2912.985302
27.85,64,2913.17575
-2.3,7,2913.196505
30.9,43,2913.322517
-2.6,5,2913.336418
27.35,58,2913.497595
30.45,52,2913.667321
32.55,22,2913.731358
27.8,69,2919.875705
1.25,368,2920.895677
-3.1,19,2920.949537
-2.25,6,2920.966102
17.45,104,2921.270327
31.1,51,2921.420159
-2.3,7,2921.439587
-2.85,14,2921.477965
30.2,49,2921.61189
30.95,46,2921.745865
29.2,57,2921.901045
9.9,3,2921.909363
-2.7,7,2921.92881
-8.7,71,2922.119629
27.9,59,2922.293243
25.95,62,2922.470724
8.0,1,2922.473501
-2.3,7,2922.492637
-2.95,12,2922.525909
21.25,108,2928.750575
32.25,32,2928.84353
30.95,54,2928.992324
31.6,29,2929.068588
31.4,41,2929.180622
30.3,39,2929.294023
32.2,37,2929.397994
28.1,63,2929.581657
28.2,57,2929.749258
31.85,36,2929.852356
32.05,36,2929.958824
31.05,40,2930.076429
31.55,38,2930.187547
-2.15,4,2930.19922
31.25,40,2930.314775
30.2,57,2930.476753
23.3,91,2930.739815
9.25,8,2930.763089
32.0,33,2930.859585
32.05,24,2930.928291
-2.05,2,2930.934027
27.55,78,2931.156493
-2.65,10,2931.184511
29.8,61,2931.354324
-2.35,8,2931.376628
-4.35,20,2931.432428
31.1,39,2937.521755
-2.2,5,2937.535413
-2.0,1,2937.53817
-2.35,8,2937.560194
-3.95,16,2937.603981
-2.0,1,2937.606734
29.7,63,2937.784547
30.55,54,2937.936239
32.25,28,2938.013942
12.5,167,2938.482469
30.8,49,2938.615818
31.3,35,2938.710898
-2.5,11,2938.741297
-2.2,5,2938.755896
33.05,16,2938.803086
31.0,41,2938.91812
30.95,38,2939.025456
28.4,69,2939.222397
30.7,35,2939.320471
-2.3,7,2939.339804
29.9,59,2939.506544
-2.3,7,2939.527417
-2.55,8,2939.551378
-2.0,1,2939.554287
25.3,63,2939.738131
-2.1,3,2939.746655
-2.1,3,2939.75541
31.3,43,2939.87767
30.8,41,2939.991807
8.7,215,2946.651827
-2.2,5,2946.665769
27.55,62,2946.844058
-2.5,7,2946.864354
-2.35,4,2946.875971
29.8,45,2947.000572
29.05,64,2947.18373
32.95,18,2947.235213
23.2,89,2947.485796
12.3,15,2947.527222
29.05,40,2947.639578
32.55,22,2947.700841
30.15,46,2947.829917
32.1,27,2947.905352
27.9,55,2948.057662
31.2,37,2948.159502
2.5,339,2949.166247
-2.05,2,2949.17198
-2.1,3,2949.180754
9.95,2,2949.186615
29.3,55,2955.261641
-2.85,10,2955.287478
11.65,184,2955.769359
31.15,34,2955.859471
27.8,73,2956.050595
-2.55,12,2956.083292
-2.15,4,2956.094342
31.85,28,2956.172096
31.75,34,2956.266903
-2.1,3,2956.275371
32.65,24,2956.342032
28.3,75,2956.554966
22.0,173,2957.020718
7.95,2,2957.02593
-2.05,2,2957.031109
32.35,22,2957.090346
29.45,60,2957.258577
29.05,68,2957.447342
-2.35,8,2957.469461
32.15,22,2957.530597
28.6,57,2957.688567
29.45,44,2957.811706
30.35,50,2957.953955
26.85,72,2964.027041
-10.15,68,2964.20434
31.1,35,2964.30214
31.25,32,2964.390874
-2.35,8,2964.41307
29.05,60,2964.583762
30.25,52,2964.734637
-2.85,18,2964.787051
-2.05,2,2964.792861
-2.15,4,2964.804444
31.0,41,2964.923243
17.65,8,2964.945561
27.4,57,2965.104532
31.5,31,2965.191047
-15.15,116,2965.515252
32.05,32,2965.604357
32.5,27,2965.679248
6.0,1,2965.682048
27.0,69,2965.879586
6.55,226,2966.518909
26.1,79,2966.749807
31.85,36,2972.728223
29.4,57,2972.890674
-2.15,4,2972.902114
32.3,27,2972.978992
32.5,27,2973.056366
-5.2,33,2973.152272
32.25,32,2973.248138
31.95,38,2973.361808
30.5,47,2973.502184
32.35,26,2973.580381
31.65,40,2973.707304
-2.7,11,2973.742715
32.3,35,2973.848196
30.7,47,2973.986834
31.0,41,2974.110317
-2.45,6,2974.128451
29.6,41,2974.250638
31.0,29,2974.336521
30.95,34,2974.436045
29.05,48,2974.576802
26.7,83,2974.821793
-2.1,3,2974.830323
30.7,47,2974.978867
31.2,45,2975.109614
30.05,56,2975.270539
-2.35,8,2975.293611
-2.05,2,2975.299556
-2.1,3,2975.308222
-2.0,1,2975.311256
30.5,51,2975.463292
30.1,55,2975.626897
-2.6,13,2975.664165
32.7,23,2981.85676
17.1,159,2982.327051
31.6,37,2982.435641
29.05,72,2982.646952
19.5,131,2983.023193
31.85,32,2983.114839
31.9,27,2983.192477
5.0,1,2983.195361
32.55,30,2983.281235
26.6,109,2983.604737
8.0,1,2983.607779
31.2,37,2983.718175
-2.0,1,2983.721107
31.85,36,2983.823608
29.05,56,2983.982346
31.75,38,2984.090189
30.9,39,2984.200904
30.3,59,2984.369301
28.05,76,2984.599118
30.1,55,2984.761465
28.3,75,2990.971367
-2.1,3,2990.979409
-2.3,7,2990.998335
24.3,99,2991.264436
-3.2,17,2991.309667
-2.25,6,2991.325842
17.4,9,2991.350073
32.4,29,2991.429429
-3.95,24,2991.497535
-2.7,11,2991.528821
-2.15,4,2991.540253
-3.4,17,2991.588245
30.55,46,2991.718948
27.7,67,2991.915835
31.35,38,2992.028455
30.25,44,2992.158839
29.95,54,2992.312248
31.8,41,2992.428782
-2.0,1,2992.431865
30.85,44,2992.557896
-2.1,3,2992.5664
31.6,41,2992.683824
-2.3,7,2992.703955
28.2,61,2992.877944
-0.45,410,3000.154415
32.25,28,3000.242713
26.55,74,3000.476012
22.7,127,3000.865315
-2.15,4,3000.877989
27.75,70,3001.099502
29.35,58,3001.283066
32.65,28,3001.371998
25.25,112,3001.715165
30.65,52,3001.876789
25.05,96,3002.166266
32.05,28,3002.251734
32.55,26,3002.334044
31.55,34,3002.444531
-2.9,11,3002.479655
27.9,59,3002.66379
27.95,74,3002.884126
15.5,167,3009.484541
-6.45,30,3009.572593
-2.0,1,3009.575563
-5.2,29,3009.661963
28.75,62,3009.845122
31.95,30,3009.930947
28.0,69,3010.122307
25.9,63,3010.311728
-4.35,20,3010.371656
10.0,1,3010.37471
29.2,65,3010.569791
30.7,47,3010.709867
29.85,56,3010.873327
-4.5,31,3010.967419
30.15,46,3011.099874
31.35,38,3011.211793
31.5,43,3011.341628
26.9,87,3011.613743
29.9,47,3011.76412
32.25,28,3011.846767
27.45,88,3018.171597
31.55,38,3018.279012
30.75,42,3018.401913
-2.1,3,3018.410728
26.7,75,3018.634836
33.1,19,3018.689444
32.05,32,3018.781131
31.7,31,3018.870722
-2.2,5,3018.885439
31.6,33,3018.984925
29.9,43,3019.121832
31.8,37,3019.235426
29.25,44,3019.367756
-2.6,13,3019.406826
32.25,28,3019.490869
32.65,28,3019.574763
-3.4,17,3019.625971
32.95,18,3019.679272
30.65,36,3019.781892
-2.25,6,3019.799258
27.85,52,3019.947493
33.05,20,3020.004961
20.0,101,3020.30954
-2.15,4,3020.322103
30.9,47,3020.474338
30.05,52,3020.635717
21.3,107,3020.961888
29.4,61,3021.144625
30.0,45,3027.295323
23.85,112,3027.61968
32.7,27,3027.697955
32.0,29,3027.784039
-77.65,578,3029.484592
29.9,47,3029.621067
28.7,67,3029.815814
32.45,24,3029.88783
30.9,39,3030.004904
-2.75,12,3030.041025
31.5,31,3030.132201
31.25,44,3036.423801
-2.1,3,3036.431715
-2.05,2,3036.437217
-2.0,1,3036.43989
30.55,46,3036.563257
-2.15,4,3036.574034
28.4,49,3036.70654
32.05,32,3036.792095
-2.55,8,3036.813374
-2.95,16,3036.856158
31.95,30,3036.939872
-2.1,3,3036.948262
-2.0,1,3036.951107
29.9,47,3037.084591
-2.15,4,3037.096447
30.4,41,3037.218423
30.4,45,3037.351706
-2.2,5,3037.366691
30.6,41,3037.487468
31.85,32,3037.582204
32.9,23,3037.65021
-1.5,303,3038.530961
27.25,80,3038.758247
28.85,68,3038.980552
30.05,48,3039.216561
-4.45,22,3039.315247
27.4,61,3039.572789
-2.0,1,3039.575811
32.35,22,3045.667743
32.7,27,3045.743903
-2.4,9,3045.769254
33.3,15,3045.811527
31.0,37,3045.915777
32.4,33,3046.011479
-3.75,16,3046.059829
27.8,49,3046.206848
18.7,95,3046.475508
6.0,1,3046.478501
-2.25,6,3046.495502
32.7,23,3046.564329
32.25,32,3046.660798
-2.1,3,3046.669956
25.6,69,3046.879924
27.45,64,3047.080137
32.25,32,3047.180288
31.25,36,3047.289516
32.8,21,3047.350787
30.15,46,3047.48106
-2.0,1,3047.483908
-2.1,3,3047.49246
32.45,32,3047.5834
32.8,25,3047.655971
25.6,85,3047.906898
31.95,38,3048.019071
32.5,23,3048.087354
31.4,37,3048.19671
26.75,78,3048.436914
30.65,40,3048.555989
-2.1,3,3048.564971
31.35,26,3048.642285
-3.35,16,3054.668081
-2.15,4,3054.679358
-2.1,3,3054.687865
24.75,102,3054.975302
30.25,48,3055.110436
29.7,55,3055.265121
-3.1,11,3055.295946
29.65,48,3055.428722
22.55,102,3055.719009
29.1,59,3055.887408
24.6,73,3056.102949
32.1,35,3056.211644
-2.0,1,3056.21471
23.1,139,3056.637765
-2.85,14,3056.680011
32.15,34,3056.787566
-2.25,6,3056.806792
25.0,93,3057.077111
30.65,44,3057.205466
-2.15,4,3057.217407
32.0,33,3057.31342
25.95,78,3057.545572
28.45,72,3063.855224
31.35,30,3063.938753
27.85,80,3064.163353
25.75,94,3064.429515
-3.2,17,3064.477636
6.0,1,3064.48056
32.5,23,3064.546232
32.3,31,3064.634096
33.1,19,3064.684974
30.65,48,3064.820177
-3.85,30,3064.902948
8.0,1,3064.905813
31.15,42,3065.024001
32.1,31,3065.111607
6.0,1,3065.114652
9.9,3,3065.123721
30.8,37,3065.23498
32.65,24,3065.30881
-2.1,3,3065.317821
22.8,109,3065.643759
31.0,33,3065.743404
24.5,103,3066.05356
6.0,1,3066.056514
32.5,31,3066.149562
-2.5,11,3066.181623
-2.8,13,3066.218874
6.1,295,3073.346953
33.1,19,3073.403602
31.95,38,3073.516711
30.15,46,3073.653714
30.6,49,3073.80308
30.25,52,3073.964935
31.85,32,3074.064071
30.6,57,3074.234349
32.55,26,3074.316876
32.3,23,3074.389064
-2.1,3,3074.398145
-2.55,8,3074.422169
31.95,26,3074.500715
6.0,1,3074.503823
30.05,44,3074.639294
27.0,77,3074.873305
32.3,31,3074.966121
-2.05,2,3074.97199
30.1,51,3075.125479
28.35,70,3075.340402
31.35,30,3075.425792
28.2,57,3075.593503
32.9,19,3075.649791
29.15,54,3075.803376
-2.0,1,3075.80628
-2.45,10,3075.834581
-2.45,10,3075.862994
32.15,26,3075.936537
31.95,34,3081.954761
27.65,72,3082.153661
30.8,41,3082.269892
29.0,65,3082.454039
30.65,44,3082.573123
30.7,47,3082.706099
-2.4,9,3082.731686
27.5,83,3082.967793
18.8,117,3083.304511
31.6,41,3083.42192
29.6,69,3083.62245
24.85,88,3083.874583
29.7,51,3084.020601
-2.2,5,3084.035119
14.9,175,3084.552003
26.85,68,3084.759495
31.3,39,3084.880083
-2.25,6,3091.018915
-3.2,9,3091.044315
-2.15,4,3091.055538
20.75,118,3091.391081
32.3,27,3091.471055
31.2,45,3091.604264
30.6,45,3091.737411
32.35,34,3091.837165
30.15,46,3091.972085
32.6,29,3092.059063
30.95,34,3092.160681
-2.6,13,3092.199609
31.4,33,3092.29854
-2.0,1,3092.301531
-2.15,4,3092.313555
28.95,74,3092.531764
31.95,30,3092.617023
-3.3,15,3092.660063
29.2,57,3092.827141
28.8,73,3093.038456
-2.1,3,3093.046936
28.15,62,3093.224596
32.6,21,3093.284062
-2.3,7,3093.30381
29.8,41,3093.420407
-2.4,9,3093.445858
28.95,62,3093.641721
32.3,23,3093.717026
29.6,49,3093.87334
31.15,38,3093.983409
30.65,40,3100.236196
-2.0,1,3100.239002
-2.35,8,3100.261726
32.25,28,3100.340971
32.7,27,3100.41726
-2.15,4,3100.428505
-2.0,1,3100.43138
-2.75,8,3100.453874
27.1,87,3100.703932
25.95,82,3100.944691
31.5,35,3101.044617
32.45,20,3101.10486
31.4,33,3101.203687
33.05,20,3101.262105
32.4,25,3101.33312
13.7,3,3101.341848
32.2,29,3101.426849
-2.15,4,3101.438689
-2.25,6,3101.45651
31.8,33,3101.554342
-3.5,15,3101.599546
31.55,38,3101.712353
30.3,39,3101.827811
32.7,19,3101.883982
-3.45,22,3101.949401
29.8,53,3102.106733
32.85,20,3102.166454
-6.6,37,3102.276303
32.1,35,3102.382123
5.95,2,3102.388819
-2.05,2,3102.394567
-2.2,5,3102.408717
30.15,54,3102.56652
31.8,29,3102.652496
-2.25,6,3102.67026
29.8,41,3102.793128
32.2,33,3102.890427
-2.35,8,3102.914073
31.25,28,3102.997769
-2.0,1,3103.000733
32.25,28,3103.08377
32.95,22,3103.149242
25.8,101,3109.523387
30.7,39,3109.632015
-3.7,15,3109.673555
-2.1,3,3109.681839
29.15,58,3109.84156
31.3,35,3109.936601
31.15,46,3110.068429
-2.0,1,3110.071426
29.8,65,3110.256325
14.5,147,3110.671317
30.9,39,3110.781114
31.4,41,3110.897466
31.45,36,3111.004022
22.6,113,3111.340976
29.2,57,3111.509439
-3.2,13,3111.547761
-3.25,22,3111.613131
30.8,41,3111.730822
8.0,1,3111.733846
29.15,50,3111.883108
-2.05,2,3111.889048
31.75,42,3112.013841
31.35,38,3112.125273
-2.55,12,3112.160796
28.85,72,3118.474134
-2.1,3,3118.482604
32.6,29,3118.565379
29.8,45,3118.693831
31.55,38,3118.802455
21.45,108,3119.110668
-2.65,14,3119.150681
31.55,42,3119.271999
22.55,94,3119.549381
32.6,25,3119.621142
32.25,32,3119.712946
31.7,35,3119.817116
13.95,2,3119.823231
5.95,2,3119.829638
30.0,49,3119.979475
30.85,40,3120.098793
30.85,36,3120.201067
31.35,30,3120.289462
27.4,73,3120.516684
32.55,22,3120.581997
-2.3,7,3120.602653
31.5,39,3120.71854
-2.45,10,3120.748172
8.0,1,3120.751201
17.55,134,3121.15329
-2.3,7,3121.174422
20.5,131,3127.463026
31.1,35,3127.562249
-70.65,578,3129.217831
31.4,37,3129.326923
24.25,100,3129.619899
31.85,32,3129.71465
31.55,42,3129.829447
29.95,46,3129.96021
-2.55,12,3129.992413
32.5,23,3130.057591
-2.3,7,3130.076581
28.7,63,3136.252588
16.8,113,3136.592086
32.15,30,3136.682296
31.0,37,3136.793491
-4.15,28,3136.877105
-2.05,2,3136.882854
32.35,26,3136.958113
28.95,58,3137.12514
31.35,38,3137.23375
32.2,29,3137.316165
23.3,91,3137.578494
27.85,64,3137.764018
-3.0,17,3137.812791
-3.6,13,3137.849892
32.45,28,3137.930786
32.05,28,3138.012039
32.25,24,3138.08105
32.55,22,3138.145155
-102.85,578,3145.973826
-2.55,12,3146.007885
27.8,57,3146.175217
-2.05,2,3146.181089
-2.05,2,3146.186981
31.65,36,3146.293564
31.35,38,3146.401629
-2.2,5,3146.416154
-3.05,18,3146.467126
25.65,72,3146.67806
29.3,67,3146.874759
29.25,60,3147.045932
32.1,31,3147.137936
30.8,41,3147.259196
-2.2,5,3147.274086
-2.0,1,3147.277108
32.6,25,3147.349033
28.75,54,3147.505826
28.65,52,3147.655441
25.6,89,3147.905438
32.45,24,3147.976115
31.95,34,3148.07176
31.95,34,3148.167255
30.8,45,3154.368684
32.9,23,3154.434233
28.55,58,3154.600629
30.5,39,3154.712977
30.5,51,3154.867778
-2.05,2,3154.873748
31.6,33,3154.972681
31.5,35,3155.077152
30.3,43,3155.199817
23.65,88,3155.448829
-2.85,14,3155.490839
32.15,38,3155.604676
30.9,39,3155.720018
31.55,38,3155.830926
31.2,37,3155.940522
-3.25,14,3155.981919
31.5,31,3156.073022
27.2,73,3156.290986
29.75,46,3156.428111
32.15,34,3156.52876
16.15,42,3156.650635
31.45,44,3156.779224
26.15,74,3156.989882
-2.1,3,3156.998232
33.5,11,3157.028986
32.6,25,3157.098816
29.0,57,3157.258837
13.65,8,3157.2813
27.25,88,3163.680629
32.0,29,3163.76813
22.1,131,3164.161471
6.0,1,3164.164564
-2.1,3,3164.173491
5.0,1,3164.176492
31.95,38,3164.29698
-2.1,3,3164.305509
22.5,107,3164.623927
30.9,35,3164.72807
31.95,34,3164.829287
32.9,23,3164.898625
-2.3,7,3164.919749
26.55,94,3165.216942
27.95,66,3165.427041
26.2,69,3165.636209
29.75,50,3165.776902
30.5,43,3165.89878
5.0,1,3165.901708
0.8,221,3172.449866
33.3,15,3172.490287
28.55,62,3172.656289
29.05,64,3172.838935
-2.2,5,3172.853193
-2.05,2,3172.859067
30.75,38,3172.971863
32.6,25,3173.047413
32.7,23,3173.115705
32.1,31,3173.206012
30.3,51,3173.353092
0.25,324,3174.306691
31.75,34,3174.403911
30.75,46,3174.538495
30.85,48,3174.681595
31.75,34,3174.783073
30.15,50,3174.931108
-2.35,8,3174.954022
32.0,29,3175.03881
-2.0,1,3175.041859
29.45,52,3175.198285
32.45,24,3175.272138
29.9,47,3175.415846
30.05,56,3181.557898
26.65,60,3181.738315
29.45,56,3181.916741
31.85,32,3182.018601
32.65,24,3182.095091
32.4,25,3182.175096
31.85,32,3182.272855
26.05,76,3182.497995
-2.15,4,3182.509891
-2.45,10,3182.539756
-2.05,2,3182.545833
-2.0,1,3182.548896
8.0,1,3182.551939
31.8,33,3182.651009
30.1,47,3182.796073
30.3,39,3182.914812
-9.65,38,3183.031837
31.05,40,3183.153797
31.45,32,3183.252006
15.65,152,3183.716424
28.8,57,3183.894071
-2.0,1,3183.897168
31.05,36,3184.007429
32.05,32,3184.108686
5.0,1,3184.111847
32.4,29,3184.203438
27.6,57,3184.379042
-2.55,12,3184.415359
33.1,15,3184.462628
27.75,62,3190.66876
27.75,86,3190.916379
-2.15,4,3190.927725
-2.05,2,3190.933603
26.05,84,3191.17428
32.9,23,3191.240838
29.25,60,3191.421764
28.25,56,3191.591764
25.3,111,3191.938959
28.7,55,3192.11028
32.05,28,3192.19569
31.25,36,3192.310644
31.9,27,3192.394496
13.85,4,3192.407223
32.75,26,3192.489403
5.15,198,3193.090205
-3.7,23,3193.159764
27.45,60,3193.345202
30.2,45,3193.478648
-2.0,1,3193.481668
-4.8,33,3193.579973
-2.25,6,3193.597771
32.25,24,3199.577047
-2.0,1,3199.579766
32.7,23,3199.643849
26.2,81,3199.869689
-2.55,12,3199.903293
29.65,56,3200.059168
32.85,24,3200.126004
31.55,42,3200.251674
21.5,87,3200.515043
27.8,77,3200.751014
32.65,28,3200.830063
30.05,36,3200.931725
29.0,53,3201.083855
32.65,20,3201.144946
-2.0,1,3201.147915
30.2,45,3201.290419
32.05,24,3201.363159
27.7,59,3201.54172
33.15,18,3201.593535
32.25,28,3201.676293
30.65,48,3201.812195
3.7,227,3202.478092
27.95,78,3208.642229
25.95,70,3208.838717
30.1,43,3208.959713
-2.2,5,3208.973684
13.9,3,3208.982131
31.6,33,3209.075107
31.75,30,3209.159401
29.7,59,3209.325969
28.65,68,3209.529581
5.0,1,3209.532545
30.75,42,3209.658143
29.95,50,3209.810063
32.95,22,3209.879993
32.7,23,3209.953596
32.95,22,3210.022866
32.55,22,3210.089583
30.5,51,3210.244962
30.25,44,3210.378658
31.55,34,3210.482811
32.8,21,3210.549302
29.45,60,3210.731467
-2.05,2,3210.737763
-2.3,7,3210.758953
29.9,59,3210.939119
-2.65,14,3210.981199
31.45,40,3211.095454
30.95,34,3211.192877
29.45,44,3211.318995
32.35,22,3211.382936
32.8,21,3211.443696
29.65,68,3217.64776
24.15,70,3217.855773
30.65,40,3217.973291
-2.9,11,3218.005384
26.4,65,3218.195534
-2.25,6,3218.213372
32.45,28,3218.296684
32.95,22,3218.361904
32.75,26,3218.436993
23.5,107,3218.753914
32.25,36,3218.859524
-2.45,6,3218.877294
31.9,31,3218.969614
-2.65,10,3218.999374
28.35,54,3219.155978
-2.1,3,3219.164855
32.05,32,3219.260004
32.05,32,3219.363916
31.3,39,3219.495647
32.35,26,3219.583942
32.25,36,3219.699161
32.7,23,3219.772496
-3.75,16,3219.822124
29.9,59,3220.010731
31.45,32,3220.113126
24.45,72,3220.340374
-2.6,9,3220.369294
30.4,45,3220.510215
-2.6,9,3220.538754
-2.05,2,3220.544971
28.2,77,3226.739739
-4.05,22,3226.805219
32.2,25,3226.879805
32.6,21,3226.94247
-2.25,6,3226.960704
31.6,33,3227.059498
24.65,92,3227.33462
-2.95,20,3227.396705
30.55,50,3227.54802
28.7,75,3227.769881
-2.1,3,3227.778626
-2.25,6,3227.79603
30.8,33,3227.891672
30.95,38,3228.001285
30.55,46,3228.13958
31.0,49,3228.291824
32.55,26,3228.373179
33.1,19,3228.434213
-2.5,7,3228.456905
29.5,55,3228.631917
32.4,29,3228.725255
30.05,52,3228.893352
32.2,33,3228.987824
-4.15,24,3229.059834
-2.2,5,3229.075274
29.7,63,3229.267771
31.7,31,3229.356526
32.45,28,3229.436149
33.05,16,3229.482255
30.4,45,3229.614574
32.35,26,3229.69216
24.5,99,3236.027231
-2.25,6,3236.044675
32.4,29,3236.127694
29.65,56,3236.291368
28.6,69,3236.497393
24.8,85,3236.750279
33.0,21,3236.813107
-2.1,3,3236.822029
31.05,40,3236.940752
-2.3,7,3236.961541
29.95,54,3237.122067
-2.25,6,3237.140126
27.0,81,3237.384279
22.5,107,3237.706613
30.4,45,3237.835867
32.35,30,3237.921907
-3.25,18,3237.973517
29.5,55,3238.135417
32.2,33,3238.234842
31.2,29,3238.322848
-2.3,7,3238.343558
31.0,37,3238.45093
-3.1,15,3238.496061
29.95,54,3238.65857
-3.45,22,3238.724509
31.65,32,3244.792635
29.25,52,3244.939442
30.75,38,3245.048213
-2.8,13,3245.087693
31.1,39,3245.206012
30.85,40,3245.321392
11.9,3,3245.33004
-2.05,2,3245.335713
-2.9,11,3245.367763
25.95,94,3245.638908
27.0,69,3245.836784
10.0,1,3245.839743
28.3,71,3246.04344
26.85,84,3246.291174
30.9,43,3246.42071
-2.1,3,3246.429386
32.55,26,3246.504072
29.55,54,3246.665631
32.8,17,3246.716215
25.65,92,3246.983861
-2.1,3,3246.992931
-2.25,6,3247.011114
31.75,38,3247.123997
32.15,26,3247.20148
32.3,27,3247.280986
31.55,38,3247.394469
32.1,27,3247.475164
26.45,76,3247.701961
31.7,27,3253.720808
32.55,22,3253.782695
30.75,46,3253.905281
-2.05,2,3253.910722
28.65,80,3254.127385
32.05,40,3254.242596
29.85,52,3254.39278
32.7,27,3254.470943
21.95,86,3254.719723
-118.85,578,3256.417089
30.65,44,3256.548502
31.4,33,3256.643234
31.45,44,3262.814629
31.9,31,3262.907417
-2.9,7,3262.928447
33.15,18,3262.982257
13.85,16,3263.030159
-2.1,3,3263.039048
29.85,52,3263.195561
28.6,69,3263.410893
-2.05,2,3263.417196
-2.05,2,3263.423669
32.3,23,3263.497993
32.05,32,3263.600074
26.35,50,3263.760103
-2.0,1,3263.763238
-2.2,5,3263.781749
29.25,48,3263.934406
31.3,39,3264.056678
27.5,71,3264.276384
-7.15,28,3264.368213
28.05,80,3264.622264
24.85,92,3264.91339
32.7,27,3264.995918
-2.7,327,3271.865556
27.5,59,3272.037535
30.5,63,3272.218736
-2.95,16,3272.266108
-3.1,19,3272.3232
28.9,67,3272.518481
31.15,34,3272.615897
-2.45,10,3272.644663
32.7,19,3272.699424
29.7,51,3272.853215
27.45,76,3273.076141
-2.2,5,3273.090927
32.45,32,3273.183989
-2.95,16,3273.23044
-2.95,16,3273.276706
32.65,20,3273.334202
32.95,22,3273.397644
-2.45,10,3273.427266
-2.0,1,3273.430274
31.8,25,3273.503178
31.2,41,3273.626139
33.25,16,3273.673877
7.85,4,3273.685729
33.05,20,3273.745643
32.65,24,3273.817072
31.6,29,3273.903867
5.0,1,3273.906819
29.7,55,3274.068738
-2.35,8,3274.09262
32.15,34,3274.194436
32.4,25,3274.269009
32.8,25,3274.343883
-3.9,15,3274.388907
32.45,28,3274.468889
32.25,28,3274.552601
-2.0,1,3274.555569
32.75,26,3274.633352
28.75,54,3281.176039
31.45,32,3281.26995
31.0,41,3281.390136
32.35,30,3281.479416
32.3,27,3281.560005
30.1,39,3281.67582
31.15,38,3281.789012
-2.1,3,3281.798112
21.8,125,3282.171166
-3.05,14,3282.212704
-2.25,6,3282.230481
30.55,50,3282.380109
32.35,26,3282.456859
31.7,39,3282.571642
32.25,28,3282.647324
32.05,28,3282.72496
-1.75,224,3283.382466
29.1,55,3283.547666
31.25,44,3283.680119
32.05,28,3283.76296
-2.45,10,3283.792602
32.4,29,3283.878991
29.3,55,3284.042537
28.3,63,3290.151703
-2.1,3,3290.160368
-2.15,4,3290.172016
-2.1,3,3290.180598
28.85,56,3290.345884
30.55,50,3290.49164
-2.05,2,3290.497494
33.1,19,3290.552739
31.85,32,3290.645027
29.95,38,3290.754406
31.7,39,3290.86983
-2.4,9,3290.895143
26.9,91,3291.161446
-12.95,84,3291.407192
-6.3,47,3291.540961
-2.05,2,3291.546629
31.8,29,3291.628332
32.3,35,3291.728793
5.95,2,3291.734467
32.25,32,3291.827581
28.8,57,3291.996017
32.05,32,3292.090336
30.8,53,3292.247802
30.55,58,3292.414793
24.95,102,3292.705636
30.15,50,3292.851158
25.95,66,3293.044956
22.7,111,3299.358615
31.5,31,3299.446151
30.0,45,3299.572556
32.45,24,3299.640471
-2.3,7,3299.660151
23.6,125,3300.013435
-2.5,7,3300.034402
-2.5,7,3300.055405
26.75,94,3300.329157
9.95,2,3300.334947
-2.1,3,3300.343366
10.0,1,3300.346397
29.6,53,3300.502636
32.7,27,3300.582946
27.5,83,3300.832993
26.0,93,3301.113227
31.7,31,3301.206059
-2.45,10,3301.236236
-2.05,2,3301.24228
25.25,96,3301.52224
31.35,38,3301.630182
30.1,47,3301.764449
31.85,36,3301.868073
32.05,28,3301.948161
31.2,37,3308.018888
-2.0,1,3308.02194
29.3,51,3308.160804
30.9,43,3308.279039
30.25,52,3308.430281
-2.4,313,3309.332517
-2.2,5,3309.347025
29.9,51,3309.494343
32.25,28,3309.575334
-3.25,18,3309.627414
28.45,48,3309.769414
28.15,66,3309.981695
31.2,37,3310.099635
31.45,36,3310.214761
33.05,20,3310.278039
32.65,28,3310.366874
-2.4,9,3310.396056
29.95,54,3310.568923
32.45,32,3310.672014
-2.75,12,3310.71025
-2.15,4,3310.722601
28.85,52,3310.883813
9.9,3,3310.893364
27.5,79,3317.079952
-2.75,12,3317.116232
31.5,31,3317.208324
13.85,4,3317.220338
29.8,57,3317.390306
-2.3,7,3317.410125
31.65,36,3317.514068
31.5,31,3317.60273
31.9,35,3317.702743
29.85,56,3317.862274
-2.1,3,3317.870782
30.8,53,3318.022209
-2.05,2,3318.027883
31.65,32,3318.119415
32.35,26,3318.194121
28.05,68,3318.396043
8.0,1,3318.39896
25.0,81,3318.636951
32.25,28,3318.719949
6.0,1,3318.72284
12.0,1,3318.725783
-2.05,2,3318.731425
-2.0,1,3318.734303
30.6,53,3318.891445
-2.6,13,3318.93015
-2.05,2,3318.93595
-2.1,3,3318.944645
-2.2,5,3318.959795
33.3,15,3319.004678
31.8,33,3319.10386
30.3,47,3319.238507
-3.45,18,3319.289873
30.45,40,3319.405988
-7.45,34,3319.504156
-2.2,5,3319.518407
30.8,45,3319.647418
32.2,29,3319.730362
29.75,42,3319.862357
25.95,82,3326.127344
32.2,33,3326.218987
32.75,18,3326.270554
31.8,33,3326.364803
32.9,23,3326.430398
26.3,71,3326.633499
23.9,95,3326.919813
31.35,34,3327.019583
30.35,42,3327.14173
22.9,99,3327.439243
28.1,75,3327.672283
-3.0,13,3327.712988
25.9,83,3327.973938
31.4,33,3328.076411
32.1,27,3328.163798
29.65,48,3328.310994
32.45,24,3328.380191
32.1,27,3328.461394
8.0,1,3328.464425
6.0,1,3328.467458
27.85,68,3328.668635
32.55,26,3328.743274
32.55,30,3328.832077
31.9,35,3328.93278
32.85,24,3329.004687
-5.0,33,3335.216077
30.3,51,3335.3581
31.75,34,3335.454487
31.85,32,3335.548917
29.95,42,3335.673092
26.15,74,3335.888067
29.65,56,3336.046609
32.9,23,3336.112204
-3.5,19,3336.168775
31.2,33,3336.267221
21.75,78,3336.499403
32.0,29,3336.585548
32.7,27,3336.66564
-6.3,39,3336.780999
31.9,31,3336.873604
29.5,51,3337.026262
32.25,32,3337.119476
-2.6,9,3337.144932
6.0,1,3337.147914
31.9,31,3337.238276
-2.1,3,3337.247101
29.15,66,3337.444702
30.45,48,3337.58771
29.1,71,3337.80206
31.55,42,3337.925897
-2.95,12,3337.961176
29.0,61,3338.143805
32.15,30,3344.52338
31.45,36,3344.624482
30.65,44,3344.742268
29.7,55,3344.891068
-2.2,5,3344.904573
32.15,30,3344.986013
-2.0,1,3344.988659
-2.0,1,3344.991351
31.95,34,3345.083319
32.85,20,3345.137843
29.4,41,3345.255634
32.85,24,3345.327312
29.55,62,3345.506414
31.8,37,3345.614652
31.1,43,3345.740274
-2.0,1,3345.743238
31.95,26,3345.820036
31.2,37,3345.928787
-2.05,2,3345.93448
32.05,28,3346.015737
32.3,31,3346.106732
32.3,23,3346.175737
26.6,57,3346.343358
26.5,91,3346.611593
-2.1,3,3346.620463
32.65,24,3346.692266
30.45,36,3346.799139
30.2,49,3346.940046
32.1,35,3347.040611
-2.9,15,3347.085936
32.2,29,3347.172888
-2.1,3,3347.181856
-2.0,1,3347.1849
18.65,160,3353.670886
30.1,47,3353.803457
31.7,31,3353.891124
-58.65,578,3355.584543
-3.75,20,3355.641785
32.0,33,3355.736799
-2.35,8,3355.759551
29.5,59,3355.92909
30.1,47,3356.065106
-2.05,2,3356.070874
30.4,53,3356.230712
28.8,69,3356.437841
-3.75,20,3362.626798
31.2,41,3362.742026
24.3,95,3363.020055
19.95,98,3363.31633
32.05,28,3363.399616
-2.35,8,3363.423526
-3.1,11,3363.456704
32.5,27,3363.538615
32.55,26,3363.616595
-2.2,5,3363.631531
31.05,44,3363.76777
28.3,55,3363.940572
-2.4,9,3363.968843
31.3,43,3364.105075
31.0,41,3364.231896
32.15,26,3364.311036
-2.15,4,3364.323185
30.25,44,3364.459033
31.75,30,3364.55442
30.95,42,3364.686175
30.5,39,3364.809985
-2.15,4,3364.8226
-2.15,4,3364.83528
32.15,34,3364.942474
-2.6,5,3364.957697
28.85,60,3365.146343
-2.0,1,3365.149512
26.15,58,3365.322092
29.5,47,3365.462631
31.3,27,3365.542969
24.6,93,3371.791882
32.2,29,3371.875486
32.25,28,3371.956738
-2.2,5,3371.97107
29.3,63,3372.154155
-2.2,5,3372.169173
30.65,48,3372.318878
-4.05,14,3372.361825
32.9,23,3372.432926
11.25,212,3373.072934
27.7,83,3373.329927
-2.1,3,3373.33935
9.95,2,3373.345968
-2.1,3,3373.355367
22.2,117,3373.723238
32.85,24,3373.795473
32.65,24,3373.867026
-2.1,3,3373.875923
32.5,27,3373.954753
5.95,2,3373.960735
5.95,2,3373.966729
21.7,7,3373.987684
30.65,40,3374.104964
32.55,26,3374.182876
31.65,32,3374.278039
30.85,48,3374.422203
30.65,44,3374.554838
31.9,31,3374.648013
30.9,43,3374.777378
33.15,18,3380.83137
29.45,48,3380.973318
31.55,46,3381.104298
30.85,40,3381.219149
32.6,21,3381.27967
-2.45,10,3381.308634
-3.5,15,3381.353741
-2.95,16,3381.399848
32.3,31,3381.492083
31.3,35,3381.596425
32.7,27,3381.676524
31.25,32,3381.775084
33.0,21,3381.8378
31.8,33,3381.938123
32.5,27,3382.014854
31.75,34,3382.11148
-2.45,10,3382.139991
32.6,25,3382.211134
31.95,30,3382.297333
32.75,18,3382.348732
25.8,93,3382.61443
-2.2,5,3382.628718
31.15,34,3382.725966
26.4,77,3382.960043
31.3,35,3383.071593
32.1,27,3383.157437
25.65,88,3383.432062
31.15,42,3383.554247
32.6,25,3383.626477
8.0,1,3383.629454
15.8,5,3383.643806
32.35,30,3383.730378
21.8,145,3390.271362
32.15,30,3390.357267
24.05,80,3390.594454
-2.2,5,3390.609314
-2.05,2,3390.614955
-3.15,12,3390.649352
29.95,50,3390.792147
30.85,44,3390.918655
10.0,1,3390.92157
32.05,32,3391.01337
32.2,33,3391.107704
32.1,35,3391.221298
31.95,30,3391.30667
31.9,31,3391.395178
-2.8,13,3391.433924
30.2,45,3391.569661
31.65,36,3391.678276
-2.75,12,3391.714392
24.3,83,3391.961441
30.5,55,3392.122681
28.45,68,3392.317203
29.0,61,3392.494418
32.75,26,3392.569621
31.8,37,3392.677541
-2.2,5,3392.692631
31.1,47,3392.834377
31.85,32,3392.925805
-2.85,14,3399.108826
31.3,39,3399.219641
-3.15,12,3399.253736
32.1,31,3399.341778
-2.05,2,3399.34742
-2.05,2,3399.353107
31.0,49,3399.493498
-2.0,1,3399.496479
25.75,82,3399.736583
30.5,35,3399.84068
31.25,40,3399.959472
6.0,1,3399.962573
24.4,93,3400.240074
29.2,61,3400.418945
28.9,55,3400.595511
29.2,57,3400.770009
30.4,49,3400.920859
-2.75,16,3400.972221
28.4,77,3401.208146
31.2,41,3401.329299
-4.2,17,3401.379707
31.1,39,3401.496249
9.95,2,3401.502387
31.85,28,3401.612984
31.85,36,3401.747191
24.35,110,3402.079811
-2.75,16,3402.125061
31.4,37,3408.485137
30.25,48,3408.627431
30.9,39,3408.739547
27.7,63,3408.925665
-2.3,7,3408.94637
32.1,27,3409.029755
-2.15,4,3409.041554
-2.3,7,3409.062078
-2.35,8,3409.085531
8.0,1,3409.088535
32.25,28,3409.171345
-2.2,5,3409.186108
32.6,21,3409.247426
-5.1,39,3409.35875
9.85,4,3409.370125
31.6,41,3409.488672
33.0,21,3409.54775
5.95,2,3409.553846
26.95,74,3409.780645
-2.35,8,3409.804786
-2.05,2,3409.810865
32.35,30,3409.902743
32.1,27,3409.984771
32.3,27,3410.064825
29.2,65,3410.257633
33.0,21,3410.31732
26.65,64,3410.506968
24.65,116,3410.849285
29.2,49,3410.994734
28.85,64,3411.185393
-2.45,6,3411.203226
26.9,95,3417.43444
32.25,28,3417.512765
9.6,221,3418.139801
17.95,138,3418.538372
30.55,34,3418.635005
-2.75,8,3418.657726
6.0,1,3418.660725
-2.7,15,3418.704021
27.25,60,3418.873702
-2.15,4,3418.8844
30.3,55,3419.036744
28.7,55,3419.189519
32.6,29,3419.270633
-2.1,3,3419.278928
31.1,39,3419.384056
32.4,25,3419.454387
31.9,31,3419.541322
26.65,76,3419.769699
31.9,31,3419.868252
-2.9,19,3419.929192
31.4,41,3420.060373
31.55,30,3420.155388
31.4,37,3420.272487
29.05,44,3426.58406
32.7,19,3426.644447
32.2,33,3426.747514
-2.35,4,3426.760178
20.1,147,3427.21863
30.45,48,3427.361364
29.2,57,3427.526138
30.65,48,3427.662657
30.6,49,3427.804299
-2.0,1,3427.807109
30.1,43,3427.929048
28.4,61,3428.101894
-2.4,9,3428.127248
27.95,46,3428.257825
29.9,47,3428.391402
30.25,52,3428.541659
-3.75,24,3428.609593
28.0,61,3428.793646
32.35,26,3428.871386
20.9,139,3429.283701
-2.3,7,3429.304343
24.65,88,3429.564424
-2.2,5,3429.57861
30.9,43,3435.599964
31.8,33,3435.691442
31.05,36,3435.791931
9.9,3,3435.80044
24.95,82,3436.025728
-2.7,11,3436.056524
10.0,1,3436.059387
23.75,70,3436.252969
27.5,71,3436.451468
30.05,60,3436.623379
-2.25,6,3436.641459
-2.5,11,3436.674689
32.4,25,3436.749608
-2.15,4,3436.761399
31.7,35,3436.866942
33.0,21,3436.934807
28.5,63,3437.13683
8.0,1,3437.140046
30.15,46,3437.283961
-86.35,648,3444.959835
-2.15,4,3444.969149
-110.95,648,3446.651295
-2.05,2,3446.656218
-73.55,648,3453.924112
-49.95,648,3460.937535
-3.0,13,3460.97673
5.0,1,3460.979784
-53.15,648,3462.768933
-50.15,648,3469.900233
-79.55,648,3477.279747
-2.75,8,3477.299119
-56.35,648,3478.925445
-2.05,2,3478.930289
-69.95,648,3486.201416
-55.55,648,3487.928077
-53.95,648,3495.388454
-47.95,648,3502.910019
-2.2,5,3502.922059
-89.55,648,3504.518226
-3.45,14,3504.554079
-71.35,648,3512.157206
-63.95,648,3519.854301
-52.35,648,3521.493912
-73.15,648,3529.382813
-49.75,648,3537.070662
-2.3,7,3537.087476
-55.55,648,3538.690597
-58.35,648,3546.691812
-2.05,2,3546.696634
-2.2,5,3546.708776
-2.25,6,3546.72324
-54.35,648,3548.318469
-2.7,7,3554.61838
-2.8,17,3554.661079
-59.95,648,3556.278977
-57.15,648,3564.374612
-2.65,10,3564.399492
-105.95,648,3566.032261
-0.95,436,3573.445493
-54.95,648,3575.058668
-3.25,406,3582.711234
5.0,1,3582.71397
14.85,264,3583.37843
-8.25,526,3591.077663
-60.35,648,3592.697195
-2.25,6,3592.711756
-2.1,3,3592.719072
22.4,177,3593.147298
-69.15,648,3601.24735
-2.1,3,3601.254949
-2.1,3,3601.262625
-66.95,648,3609.591407
-2.6,9,3609.614377
-2.0,1,3609.616971
19.65,212,3610.146969
-17.55,616,3618.217015
1.3,307,3618.992105
-3.15,16,3619.030751
-55.95,648,3627.12516
11.45,276,3627.844244
21.25,172,3628.262205
-2.3,7,3628.279368
7.5,407,3629.290006
-66.75,648,3637.50519
26.7,71,3637.672905
-2.05,2,3637.677412
17.95,202,3638.177581
11.95,150,3638.557468
-2.15,4,3638.567636
-2.3,7,3638.585512
29.35,74,3638.773776
-2.2,5,3638.785798
-63.55,648,3646.922855
-3.1,11,3646.949924
29.1,95,3647.186652
29.7,75,3647.363794
32.95,50,3647.481937
9.2,217,3654.506335
-13.9,587,3655.942458
-0.8,305,3656.700505
31.55,58,3656.839981
7.35,266,3663.869084
-2.1,3,3663.875809
27.1,99,3664.117661
-3.85,22,3664.172541
30.85,56,3664.31216
25.75,138,3664.654876
-2.05,2,3664.659823
21.95,150,3665.031173
-73.75,648,3673.162735
-2.0,1,3673.165056
22.75,150,3673.524044
-2.65,6,3673.538596
15.35,226,3674.108801
20.15,178,3674.559225
21.45,164,3681.417439
-89.75,648,3683.021859
29.95,62,3683.17536
25.55,118,3683.471639
32.4,33,3683.556306
25.7,123,3690.433782
33.4,37,3690.521401
31.0,57,3690.661039
-2.1,3,3690.667815
-2.1,3,3690.674622
22.05,132,3690.969607
-2.7,11,3690.995521
-2.05,2,3691.000057
-13.6,425,3692.009633
15.2,197,3692.496632
34.15,30,3692.571925
23.9,147,3699.83423
-2.3,7,3699.852402
34.0,37,3699.949166
-3.35,12,3699.98053
31.8,53,3700.120226
-2.2,5,3700.133329
14.5,263,3700.830689
-2.1,3,3700.838974
-2.9,7,3700.858369
15.2,181,3701.345015
-56.35,648,3709.773356
-3.25,18,3709.820356
33.25,40,3709.921211
-2.05,2,3709.926382
19.65,184,3710.405705
30.6,77,3710.598259
-2.15,4,3710.608622
-3.95,24,3710.671144
31.05,60,3710.827051
22.25,136,3711.169653
20.15,178,3711.605463
-2.7,11,3711.632253
7.85,320,3718.936353
-2.05,2,3718.940925
27.6,93,3719.15764
14.45,248,3719.723927
25.6,125,3720.032693
25.05,148,3720.42002
29.2,73,3720.614422
24.7,143,3727.518533
2.6,341,3728.376221
21.85,152,3728.754743
20.25,164,3729.157526
30.2,81,3729.356472
5.0,1,3729.359138
22.15,122,3729.645147
32.0,41,3729.741725
-2.05,2,3729.746335
31.05,56,3729.882067
27.95,82,3736.389865
29.5,63,3736.552666
-2.35,8,3736.573294
19.25,192,3737.069309
29.05,80,3737.273229
24.8,141,3737.610496
22.45,140,3737.970527
34.85,24,3738.0299
32.4,53,3738.158794
23.4,109,3738.424568
29.6,65,3738.582529
29.95,66,3738.743413
-2.15,4,3738.753251
30.6,73,3745.538831
34.35,26,3745.605961
-2.05,2,3745.611069
24.0,101,3745.858763
-3.25,14,3745.892865
31.35,66,3746.06425
19.95,194,3746.567532
31.95,58,3746.71798
29.45,96,3746.968177
-2.0,1,3746.970791
32.9,47,3747.093189
26.55,118,3747.399573
30.15,74,3747.588091
30.9,47,3747.70962
-2.2,5,3747.722488
29.9,59,3747.874931
26.65,100,3754.553079
12.6,229,3755.141627
25.1,111,3755.427134
13.0,221,3755.999328
28.45,84,3756.215952
-2.8,13,3756.249605
21.95,174,3756.689466
34.25,32,3756.768418
30.5,83,3756.972412
-47.9,447,3764.494503
-2.1,3,3764.502077
-2.4,9,3764.525213
24.25,108,3764.802623
-2.35,8,3764.82307
19.45,208,3765.332952
34.25,28,3765.400736
28.5,99,3765.633331
31.15,70,3765.80398
29.95,70,3772.535552
-2.5,7,3772.55298
34.0,29,3772.621556
31.75,62,3772.766588
-2.2,5,3772.77871
-3.25,22,3772.830717
-2.05,2,3772.835583
34.45,24,3772.891968
28.9,75,3773.071778
-2.05,2,3773.07662
33.15,42,3773.180085
32.35,58,3773.3307
-2.1,3,3773.338526
29.95,66,3773.510452
-2.1,3,3773.518223
-2.1,3,3773.526022
25.35,130,3773.860869
-2.0,1,3773.863431
34.15,34,3773.952077
32.6,57,3774.101565
27.85,104,3774.371847
31.3,63,3774.527478
30.85,80,3774.727523
-2.05,2,3774.732375
20.45,208,3781.896202
33.55,34,3781.983552
34.2,29,3782.058417
32.6,53,3782.19546
32.75,46,3782.314799
29.95,66,3782.484346
32.35,58,3782.626736
-2.05,2,3782.631549
33.9,31,3782.70693
31.55,54,3782.840988
30.6,65,3783.003417
29.4,77,3783.20186
30.65,72,3783.388731
-2.25,6,3783.404187
32.35,54,3783.544293
-4.4,25,3783.607968
30.75,58,3783.74859
29.6,65,3783.89667
-3.15,16,3783.933297
30.2,73,3784.10143
18.9,191,3791.209622
31.85,40,3791.312116
28.05,88,3791.536771
22.05,144,3791.893677
-2.1,3,3791.900901
33.4,41,3791.998416
-2.15,4,3792.008258
-2.2,5,3792.020387
-2.05,2,3792.025256
-2.35,8,3792.044682
27.9,91,3792.268144
33.1,43,3792.372315
34.15,34,3792.456445
32.65,44,3792.569009
19.65,204,3793.092124
30.7,71,3793.275427
-2.55,12,3793.306448
31.1,75,3793.491587
-2.0,1,3793.493997
-2.1,3,3793.501354
32.4,45,3799.890688
31.25,48,3799.999907
34.35,34,3800.077398
25.2,145,3800.427179
31.55,62,3800.576481
-2.25,6,3800.591003
30.85,56,3800.726722
11.25,256,3801.369534
31.95,46,3801.486392
-2.0,1,3801.488937
-2.05,2,3801.494111
-2.25,6,3801.509148
32.35,46,3801.625231
-2.65,14,3801.661442
-2.0,1,3801.664021
34.45,28,3801.736197
31.1,55,3801.872489
-2.45,6,3801.886958
-2.0,1,3801.88941
32.55,46,3802.001866
29.9,67,3802.166463
34.7,23,3802.223666
20.55,102,3808.912535
25.55,122,3809.191457
-2.1,3,3809.198349
29.2,77,3809.379889
18.4,217,3809.846115
30.5,63,3810.001752
23.75,154,3810.379114
-2.1,3,3810.386461
-2.0,1,3810.388923
29.0,89,3810.607282
33.4,33,3810.688231
31.45,52,3810.816962
-3.4,21,3810.871718
-2.25,6,3810.888412
27.3,75,3811.095846
34.65,24,3811.161404
32.8,45,3817.709005
31.7,55,3817.848814
33.8,29,3817.925707
-2.1,3,3817.934038
-2.25,6,3817.949858
25.85,100,3818.213748
29.85,80,3818.425102
-3.4,17,3818.469014
33.45,32,3818.550317
30.3,55,3818.686877
29.1,79,3818.887521
32.15,66,3819.049038
-2.05,2,3819.053898
-2.65,10,3819.078326
-2.4,5,3819.090551
-2.2,5,3819.102736
32.3,55,3819.236553
32.45,52,3819.368764
34.1,31,3819.44943
24.6,105,3819.728034
-2.0,1,3819.730591
31.45,56,3819.878858
-2.85,14,3819.915035
31.55,54,3820.056172
33.5,43,3820.161276
29.05,60,3827.075566
34.0,29,3827.14636
-2.4,5,3827.158864
-4.55,28,3827.227224
-2.15,4,3827.23713
31.0,61,3827.386703
29.25,52,3827.51437
28.75,78,3827.712532
-2.05,2,3827.717679
28.65,72,3827.891406
23.1,147,3828.256237
-2.15,4,3828.266525
-2.3,7,3828.284564
31.3,75,3828.474282
-2.2,5,3828.486483
-2.95,12,3828.515912
-2.1,3,3828.523278
12.65,248,3829.137565
-2.1,3,3829.145136
33.45,36,3829.233108
-2.2,5,3829.24613
-2.35,8,3829.266978
-2.05,2,3829.272173
27.5,107,3829.537009
32.3,51,3836.142214
33.35,42,3836.242074
-2.0,1,3836.244452
-5.4,33,3836.324247
34.05,40,3836.418636
29.9,63,3836.569691
25.6,133,3836.886089
33.4,45,3836.98936
21.3,159,3837.376408
34.65,28,3837.444873
18.95,182,3837.909172
32.65,40,3838.012522
33.6,37,3838.108018
30.7,55,3838.249927
-77.55,648,3846.194624
27.55,90,3846.415169
5.0,1,3846.417647
-2.05,2,3846.42248
-2.1,3,3846.429808
33.1,47,3846.544366
17.4,177,3846.981104
-2.1,3,3846.988917
-2.3,7,3847.007036
34.95,22,3847.062648
-2.1,3,3847.070202
25.15,86,3847.29614
-2.65,14,3847.333539
34.55,30,3847.411864
-3.55,16,3853.887315
33.45,44,3854.003051
-2.1,3,3854.011148
33.75,38,3854.106956
30.35,82,3854.31852
16.3,167,3854.739416
31.45,64,3854.991985
34.4,25,3855.071409
-3.3,15,3855.112614
32.9,39,3855.213709
27.5,91,3855.444557
-2.1,3,3855.451907
-2.2,5,3855.46445
29.55,74,3855.646707
29.85,72,3855.828375
-2.35,4,3855.83883
33.85,40,3855.948221
31.15,66,3856.118985
23.65,100,3856.388404
32.4,49,3856.519162
34.3,31,3856.598828
26.15,110,3863.175162
34.15,34,3863.258115
-2.9,15,3863.294712
35.05,20,3863.343421
28.1,87,3863.554444
-2.15,4,3863.564101
24.05,116,3863.840463
31.1,51,3863.959544
-4.8,25,3864.018808
34.1,27,3864.083933
29.05,92,3864.30537
29.65,92,3864.53016
23.45,124,3864.836005
34.05,32,3864.918946
-2.05,2,3864.924106
-2.4,5,3864.93716
25.3,91,3865.171829
30.85,64,3865.333356
-2.0,1,3865.335819
27.9,99,3871.940461
22.35,150,3872.309193
31.45,52,3872.443223
27.1,95,3872.676815
32.35,46,3872.788608
33.25,40,3872.886362
-2.9,11,3872.913385
29.9,67,3873.076938
30.85,72,3873.252647
6.0,1,3873.255201
21.25,160,3873.66502
32.7,47,3873.781576
-2.3,7,3873.798696
33.45,40,3873.900689
32.9,35,3873.988172
22.2,193,3880.752785
34.5,27,3880.819977
32.55,46,3880.939592
20.4,125,3881.253707
-7.25,298,3881.983921
33.7,39,3882.075857
30.55,54,3882.21213
-2.05,2,3882.217022
34.6,25,3882.279035
30.75,58,3882.423611
31.75,38,3882.518504
-2.0,1,3882.521078
31.85,56,3882.70526
-2.85,14,3882.749089
24.65,124,3883.065439
-2.15,4,3883.075163
-2.1,3,3883.082534
27.15,82,3889.670525
-2.5,7,3889.687884
1.15,306,3890.448739
33.15,38,3890.546578
35.15,18,3890.590708
-2.75,12,3890.621827
28.4,81,3890.832187
28.75,78,3891.030789
31.0,65,3891.194002
5.0,1,3891.196585
33.35,38,3891.300681
-2.05,2,3891.306196
32.65,48,3891.438662
34.15,30,3891.5217
-2.0,1,3891.524432
32.05,52,3891.664672
33.15,34,3891.749667
32.2,53,3891.885383
32.6,45,3892.001188
34.1,31,3892.081668
-2.05,2,3892.086835
-2.0,1,3892.089445
32.9,47,3892.20953
27.2,69,3898.600351
25.05,92,3898.826215
34.45,28,3898.894816
30.5,63,3899.049525
33.25,48,3899.172319
31.55,50,3899.300999
34.7,27,3899.370437
25.3,111,3899.653977
33.9,31,3899.733929
27.85,64,3899.901186
33.8,37,3899.994333
21.55,178,3900.435369
-4.65,26,3900.498048
-2.2,5,3900.509567
30.2,65,3900.659774
-3.05,10,3900.684557
29.2,77,3900.886065
23.3,103,3907.507289
29.4,81,3907.706028
34.05,28,3907.778702
32.5,39,3907.880181
33.85,36,3907.9772
33.8,33,3908.063266
32.95,42,3908.173468
29.45,72,3908.361595
32.1,51,3908.487985
15.3,223,3909.048831
-2.2,5,3909.061086
32.35,50,3909.183723
34.1,31,3909.259419
-2.05,2,3909.264267
5.0,1,3909.266783
-3.15,12,3909.295987
1.7,359,3916.480485
33.35,50,3916.601724
32.75,50,3916.71996
33.05,44,3916.821449
-2.0,1,3916.82372
22.75,106,3917.06809
34.8,25,3917.132525
32.6,49,3917.257281
24.05,84,3917.460594
-12.5,51,3917.579135
32.4,45,3917.683094
29.2,69,3917.848175
-2.15,4,3917.857907
26.2,113,3918.148674
29.75,58,3918.3009
32.0,65,3918.468551
32.8,53,3918.603631
-2.65,6,3918.618333
27.85,76,3925.223518
-2.8,13,3925.255908
32.1,43,3925.364053
31.95,50,3925.489335
34.4,25,3925.55242
-2.05,2,3925.557573
32.3,47,3925.678779
28.3,87,3925.897573
-2.05,2,3925.902382
27.15,102,3926.154191
32.8,45,3926.268951
31.9,59,3926.414467
28.6,81,3926.613622
31.6,69,3926.784513
20.35,154,3927.180108
31.7,47,3927.298593
-2.45,10,3927.32289
32.75,42,3927.42573
-2.2,5,3927.43867
-2.1,3,3927.446831
32.45,44,3927.560452
17.55,170,3934.31846
-0.75,208,3934.85374
34.4,29,3934.925393
8.0,1,3934.927976
32.75,50,3935.057128
34.4,33,3935.141126
18.45,180,3935.593105
-63.35,648,3943.404587
33.7,39,3943.505514
25.3,119,3943.787932
23.65,132,3944.089396
33.8,41,3944.183463
26.25,108,3944.437741
34.35,26,3944.497316
33.85,32,3944.570884
29.45,72,3944.737639
31.6,45,3944.84788
28.05,92,3945.065526
-4.45,30,3945.133849
30.65,68,3945.288635
32.35,50,3951.589417
33.85,40,3951.684957
33.9,39,3951.779975
23.5,115,3952.055876
27.4,85,3952.260839
-2.05,2,3952.265683
34.15,26,3952.329691
-4.6,17,3952.371388
32.85,48,3952.492716
-4.4,21,3952.547043
-2.15,4,3952.557526
-2.0,1,3952.560143
24.75,90,3952.791114
-2.1,3,3952.798877
31.25,60,3952.959905
32.2,49,3953.106838
33.25,40,3953.226187
33.7,31,3953.3202
32.3,51,3953.482419
33.25,36,3953.5992
30.5,75,3953.836144
30.65,48,3953.979886
-2.45,6,3953.997914
14.45,288,3961.014624
32.5,47,3961.150722
34.55,26,3961.226003
33.85,36,3961.331077
32.75,38,3961.441999
34.75,22,3961.506114
28.8,89,3961.778902
-2.25,6,3961.797989
-2.75,8,3961.823944
30.75,54,3961.981327
5.0,1,3961.984234
32.5,47,3962.127781
-2.1,3,3962.137123
-2.15,4,3962.149921
33.3,39,3962.267413
-5.35,40,3962.383207
29.75,74,3962.601638
-2.2,5,3962.616917
27.55,98,3962.931121
32.75,42,3963.060712
26.65,116,3963.404363
32.35,34,3963.502299
30.2,77,3969.964725
-2.1,3,3969.973424
21.6,157,3970.432386
33.5,39,3970.545292
32.6,45,3970.685102
-2.05,2,3970.691259
-2.2,5,3970.706791
34.05,32,3970.807864
33.25,40,3970.933109
-2.15,4,3970.945516
32.2,57,3971.123255
35.1,19,3971.182996
33.45,32,3971.27701
28.6,69,3971.477127
33.25,44,3971.60498
34.1,31,3971.695324
-2.0,1,3971.698206
30.55,58,3971.865194
33.15,34,3971.964621
33.75,38,3972.077932
30.25,72,3972.293233
-2.1,3,3972.302093
27.2,85,3972.560436
33.95,30,3972.646682
-1.65,254,3979.555395
35.2,17,3979.604611
32.3,43,3979.734382
29.9,63,3979.92508
30.15,78,3980.15582
31.2,69,3980.34858
24.15,98,3980.631752
20.65,164,3981.126957
25.5,95,3981.413641
31.75,58,3981.594528
-2.05,2,3981.601782
-2.0,1,3981.605214
27.35,78,3981.839152
33.55,30,3981.927071
29.25,84,3988.365918
-2.7,7,3988.387093
31.7,39,3988.501482
-2.1,3,3988.510181
-2.0,1,3988.513081
-2.1,3,3988.522133
32.8,49,3988.668724
-2.7,11,3988.700554
32.25,60,3988.879826
32.25,44,3989.006285
33.0,53,3989.16433
-2.6,13,3989.201573
27.7,87,3989.458737
-2.3,7,3989.478756
28.3,83,3989.729238
34.2,29,3989.816578
11.8,217,3990.472109
34.5,19,3990.529628
-2.0,1,3990.532685
-2.8,13,3990.571979
-2.0,1,3990.575027
34.2,29,3990.662767
-2.3,7,3990.683878
32.75,50,3990.835413
-2.05,2,3990.841332
33.85,32,3990.936346
27.45,84,3991.189943
-2.0,1,3991.192943
30.1,71,3997.52592
-2.0,1,3997.528927
-2.2,5,3997.543824
34.25,32,3997.636616
28.8,77,3997.858551
13.65,180,3998.361032
9.0,205,3998.957932
-2.05,2,3998.963652
-2.1,3,3998.972332
27.75,102,3999.271761
31.25,64,3999.467146
30.55,78,3999.703541
34.5,31,3999.796491
28.55,78,4000.028312
33.2,45,4000.164613
-2.2,5,4000.17971
-2.0,1,4000.18277
-3.1,15,4000.228366
31.8,61,4006.604852
-2.75,12,4006.637535
30.55,86,4006.871721
32.5,55,4007.021405
19.85,104,4007.309179
33.6,33,4007.403366
-2.3,7,4007.422588
-2.15,4,4007.434009
-4.4,37,4007.537446
29.0,69,4007.738439
34.15,30,4007.824967
31.9,59,4007.996316
5.0,1,4007.999271
-16.85,110,4008.32092
-4.1,27,4008.40355
34.25,36,4008.512587
32.85,36,4008.618948
-2.4,9,4008.64611
-2.15,4,4008.658195
13.8,5,4008.673379
-2.35,8,4008.697575
26.6,77,4008.929168
-2.0,1,4008.932157
28.4,69,4009.141386
29.5,55,4009.306824
34.1,31,4009.397565
5.95,2,4009.403606
-5.7,43,4015.827516
34.2,29,4015.911836
-2.3,7,4015.931674
33.1,43,4016.059963
6.0,1,4016.063131
30.3,43,4016.190904
20.55,150,4016.626771
-2.05,2,4016.632898
33.0,41,4016.75424
29.45,56,4016.917711
29.95,78,4017.144097
10.05,312,4018.05691
-2.05,2,4018.062968
32.7,51,4018.217331
-2.2,5,4018.232397
6.0,1,4018.235476
28.4,85,4018.505218
32.2,45,4018.64227
30.5,55,4018.806458
27.95,74,4025.271385
31.65,56,4025.440492
-2.0,1,4025.443488
-2.35,8,4025.467695
28.9,79,4025.695432
33.9,35,4025.801507
-5.85,34,4025.902623
-2.1,3,4025.911336
33.6,33,4026.006733
34.05,32,4026.098559
31.4,53,4026.252012
29.6,65,4026.428825
9.9,3,4026.437008
31.65,60,4026.606147
33.8,37,4026.712731
29.5,67,4026.906764
-2.55,8,4026.929948
32.15,50,4027.071949
-2.0,1,4027.074841
30.05,80,4027.297031
34.3,31,4027.381473
29.7,71,4027.586672
34.05,36,4027.69075
-2.15,4,4027.702264
33.65,36,4027.806278
7.95,2,4027.812071
-3.25,18,4027.864003
-2.85,10,4027.893077
-2.5,11,4027.925004
-2.0,1,4027.927997
28.65,88,4034.513707
26.5,123,4034.881454
25.05,124,4035.2516
24.6,113,4035.585339
31.4,61,4035.764488
33.4,37,4035.873715
34.45,28,4035.955065
-2.2,5,4035.970315
33.0,45,4036.107416
26.3,99,4036.394567
21.55,106,4036.704436
-4.4,25,4036.778031
-8.9,51,4036.931506
29.65,88,4037.187312
32.55,62,4037.375198
-2.4,9,4037.403139
34.1,35,4043.715873
-2.0,1,4043.718977
-2.0,1,4043.721917
-2.15,4,4043.733732
-2.05,2,4043.739526
32.6,45,4043.870251
33.15,34,4043.969434
-2.35,8,4043.993292
33.1,39,4044.107711
32.2,53,4044.262604
-2.1,3,4044.271376
34.8,25,4044.344834
-2.05,2,4044.350764
9.85,4,4044.362813
30.9,51,4044.517326
33.65,40,4044.638301
34.15,30,4044.729287
32.45,36,4044.838593
29.95,78,4045.07531
-2.25,6,4045.093563
29.2,73,4045.310784
12.55,234,4046.01887
32.3,51,4046.185571
32.15,54,4046.357733
31.45,72,4046.581881
34.7,27,4046.66367
33.45,44,4053.109011
33.15,50,4053.245707
31.85,48,4053.380406
-2.2,5,4053.394271
33.75,38,4053.500877
-2.1,3,4053.509799
33.5,31,4053.599971
32.55,50,4053.744247
34.2,33,4053.837728
34.35,30,4053.9283
30.5,71,4054.133415
31.2,69,4054.327408
5.0,1,4054.330209
33.4,49,4054.466189
-2.45,10,4054.494902
30.45,68,4054.693828
33.6,37,4054.801273
1.2,433,4062.092816
34.9,23,4062.162968
6.0,1,4062.166124
33.7,35,4062.27459
-2.25,6,4062.293309
29.45,64,4062.485556
34.1,27,4062.563777
-3.75,20,4062.622051
28.45,84,4062.884012
28.3,75,4063.10878
-2.1,3,4063.117784
31.25,56,4063.286512
30.15,66,4063.486775
33.4,37,4063.605412
8.0,1,4063.608632
-2.0,1,4063.611752
29.9,55,4063.77624
34.1,27,4063.856477
33.95,34,4063.954679
-2.2,5,4063.969438
29.6,73,4064.183993
31.9,51,4064.347343
-2.1,3,4064.357092
34.0,41,4064.487099
31.3,67,4064.696035
-2.0,1,4064.699274
-3.15,16,4064.749738
35.25,16,4064.798602
9.25,244,4071.858878
31.5,63,4072.04376
23.5,115,4072.383274
27.8,61,4072.562201
12.0,1,4072.565231
5.0,1,4072.56824
17.5,207,4073.212555
28.75,70,4073.432435
34.35,22,4073.503409
34.1,27,4073.590828
33.5,35,4073.699954
27.25,80,4073.94206
30.8,57,4074.114694
-2.0,1,4074.117704
-2.0,1,4074.120749
-2.05,2,4074.1268
30.6,61,4074.311281
-2.75,8,4074.335373
30.9,51,4074.484312
-2.1,3,4074.493425
-2.05,2,4074.499515
-2.0,1,4074.502635
30.35,50,4080.973994
31.55,54,4081.139206
25.75,122,4081.507224
8.0,1,4081.510893
-2.45,6,4081.530764
32.3,55,4081.699397
6.0,1,4081.702303
33.4,37,4081.815795
15.7,183,4082.37814
32.2,53,4082.5386
34.1,27,4082.620502
-2.25,6,4082.638564
34.35,30,4082.73005
34.4,29,4082.821806
32.8,37,4082.932934
30.35,66,4083.132965
-2.85,14,4083.175476
31.85,60,4083.355179
-2.15,4,4083.366507
31.95,54,4083.519628
31.35,62,4083.696997
26.8,113,4090.112582
33.1,39,4090.225964
33.85,36,4090.333659
30.0,73,4090.554784
-2.1,3,4090.563952
33.35,38,4090.675766
28.55,70,4090.877862
32.45,48,4091.016937
34.55,22,4091.080787
34.0,25,4091.153189
-2.75,16,4091.199461
24.8,109,4091.515452
28.55,86,4091.765276
30.6,61,4091.942333
32.6,49,4092.091136
33.1,39,4092.215327
32.75,46,4092.36024
30.35,62,4092.558558
32.45,52,4092.725301
33.4,41,4092.858335
29.75,66,4093.066432
-2.6,9,4093.09555
34.0,33,4099.320215
33.6,37,4099.424695
31.6,45,4099.549659
28.1,103,4099.852343
34.05,32,4099.946153
32.65,44,4100.077759
-2.4,9,4100.104468
8.0,1,4100.107552
32.65,32,4100.202266
28.5,91,4100.477432
-2.5,7,4100.498583
-2.05,2,4100.504631
30.9,55,4100.669921
31.1,63,4100.85954
32.5,47,4101.001275
-2.1,3,4101.010275
-2.2,5,4101.024976
-8.05,58,4101.202844
25.65,124,4101.573516
26.2,145,4101.99489
32.9,47,4102.134885
30.5,51,4102.288384
32.25,44,4108.522121
34.3,23,4108.58735
34.4,29,4108.671874
34.2,33,4108.770924
30.55,58,4108.946583
27.85,100,4109.23466
-2.3,7,4109.254723
20.2,117,4109.594186
24.3,119,4109.939117
34.2,29,4110.023417
34.1,27,4110.101197
9.25,192,4110.684149
33.95,34,4110.787662
32.65,40,4110.909278
33.85,32,4111.005217
8.0,1,4111.008244
29.35,62,4111.195555
33.25,44,4111.323204
-2.2,5,4111.337676
28.65,68,4117.629534
22.1,167,4118.094844
26.7,123,4118.434754
30.1,79,4118.673609
33.5,35,4118.779632
32.9,43,4118.910639
34.85,24,4118.981976
-2.15,4,4118.993561
-2.15,4,4119.004762
33.4,37,4119.110442
33.15,38,4119.220145
-9.9,327,4120.195589
33.8,29,4120.283607
-2.0,1,4120.286608
-2.5,11,4120.319931
32.8,37,4120.431812
30.6,69,4127.029141
-2.35,8,4127.047379
33.5,31,4127.120012
30.05,72,4127.284725
-2.95,20,4127.330336
11.9,3,4127.337447
34.6,29,4127.403824
28.6,65,4127.551442
-94.15,648,4129.118477
33.8,33,4129.204677
33.65,36,4129.296296
33.15,50,4135.385334
29.65,68,4135.574045
21.8,117,4135.891552
30.8,65,4136.064459
28.8,97,4136.329903
33.9,35,4136.429002
-4.25,18,4136.479848
-2.45,10,4136.508209
34.6,29,4136.590307
-5.9,39,4136.701378
33.35,34,4136.798466
-10.45,66,4136.99402
28.55,98,4137.282444
33.15,42,4137.405789
30.7,63,4137.585241
34.15,38,4137.69493
-2.05,2,4137.700728
6.0,1,4137.70371
34.9,19,4137.757896
26.45,88,4138.017303
33.65,36,4138.123646
27.65,88,4144.368025
-2.15,4,4144.379825
33.05,44,4144.509977
33.9,31,4144.601451
33.35,34,4144.70217
30.05,76,4144.923517
31.05,60,4145.100811
-2.0,1,4145.103771
23.45,96,4145.379075
7.9,3,4145.387659
33.3,43,4145.512573
-2.7,11,4145.54563
30.2,61,4145.728083
-2.0,1,4145.731113
32.85,48,4145.872409
-2.05,2,4145.878071
-2.05,2,4145.883741
29.85,72,4146.092227
33.45,36,4146.198276
-2.05,2,4146.20415
32.7,51,4146.354787
34.5,23,4146.423395
30.55,58,4146.594976
33.95,34,4146.695465
33.85,28,4146.776903
34.0,37,4146.88542
19.9,131,4153.347503
-2.2,5,4153.361897
15.75,250,4154.088508
30.1,71,4154.298694
26.2,89,4154.56151
26.1,91,4154.830066
34.0,33,4154.927697
-2.15,4,4154.939656
24.4,101,4155.238143
31.95,54,4155.395448
-2.35,8,4155.41892
34.55,26,4155.495538
-3.0,17,4155.545342
34.55,26,4155.621482
30.95,70,4155.826255
33.15,46,4155.96184
-81.15,648,4163.928557
29.3,79,4164.163069
33.05,40,4164.282753
30.7,71,4164.495826
-3.9,23,4164.564945
-2.15,4,4164.576965
28.3,79,4164.818324
20.45,152,4165.251251
33.95,26,4165.330069
30.95,58,4171.473356
20.25,152,4171.937508
32.65,48,4172.079565
27.95,98,4172.36165
-2.4,5,4172.376227
32.9,55,4172.539394
-2.15,4,4172.550798
29.65,76,4172.771425
30.0,69,4172.972942
-2.2,5,4172.987669
34.75,26,4173.064559
33.0,41,4173.185669
-2.2,5,4173.200429
-2.3,7,4173.221198
25.6,93,4173.498096
29.7,71,4173.707476
31.75,50,4173.862692
33.75,34,4173.964417
5.0,1,4173.967393
33.5,31,4174.063536
31.95,50,4174.209617
30.85,64,4174.399914
32.15,54,4180.657539
-2.15,4,4180.669475
-2.05,2,4180.675469
32.45,48,4180.819731
32.65,48,4180.959919
30.4,53,4181.11636
29.0,61,4181.290435
22.55,162,4181.772034
30.4,57,4181.943094
32.25,48,4182.088907
28.3,99,4182.398367
-2.1,3,4182.407307
30.4,77,4182.641905
26.95,98,4182.931818
-2.0,1,4182.934747
32.85,40,4183.053691
34.9,23,4183.121913
31.5,55,4183.285186
33.6,41,4183.406327
-2.0,1,4183.409434
26.8,85,4189.921563
21.85,164,4190.378181
-2.3,7,4190.397499
31.45,56,4190.557053
-2.05,2,4190.562567
31.05,64,4190.740381
-2.65,10,4190.767873
34.3,27,4190.846811
32.35,42,4190.963795
-3.45,18,4191.01714
25.55,102,4191.308259
-2.5,11,4191.3409
31.0,49,4191.480178
18.95,102,4191.77604
-2.1,3,4191.784955
32.9,47,4191.927038
32.85,48,4192.072325
14.0,1,4192.075584
32.25,56,4192.243453
-2.1,3,4192.252759
33.7,35,4192.359103
32.45,36,4192.465879
-2.95,12,4192.500196
32.7,43,4192.628117
31.5,59,4192.798264
-3.4,17,4198.836645
34.0,29,4198.918728
-3.0,13,4198.95577
-2.05,2,4198.961604
34.05,36,4199.067966
31.2,69,4199.268384
29.25,72,4199.484252
-2.25,6,4199.502025
31.95,46,4199.6425
-2.25,6,4199.66136
34.0,29,4199.750524
24.65,120,4200.108107
32.45,40,4200.22297
-2.05,2,4200.228643
32.8,37,4200.33999
-2.05,2,4200.345598
23.6,157,4200.794181
-2.15,4,4200.805989
33.0,37,4200.913251
30.5,63,4201.095052
32.75,42,4201.214308
6.0,1,4201.21717
17.2,169,4201.703095
-2.35,8,4201.725509
31.3,59,4207.935155
5.0,1,4207.938119
-3.45,22,4208.000732
32.35,50,4208.143089
-2.0,1,4208.145913
-2.7,15,4208.188519
-2.1,3,4208.197051
-2.75,12,4208.230786
30.9,83,4208.466233
34.2,37,4208.570099
28.85,64,4208.755202
34.05,32,4208.854697
32.1,59,4209.071295
24.3,127,4209.468773
15.95,206,4210.204966
-15.85,274,4216.834367
-2.0,1,4216.8371
33.7,31,4216.923929
31.45,52,4217.069249
33.9,39,4217.17766
15.2,185,4217.6988
34.2,33,4217.804362
33.65,28,4217.889788
6.0,1,4217.892877
6.0,1,4217.895897
21.95,126,4218.27485
33.7,35,4218.380424
32.95,50,4218.531382
34.05,28,4218.6147
31.0,53,4218.772681
34.7,27,4218.853616
31.45,44,4218.984151
28.4,93,4219.260143
23.6,105,4219.566404
-3.8,25,4219.635947
-3.0,17,4219.684583
32.45,52,4226.096566
33.1,43,4226.226883
-2.05,2,4226.232943
-2.0,1,4226.235958
32.95,42,4226.363774
32.5,55,4226.529347
32.95,34,4226.627742
28.7,83,4226.882398
34.4,29,4226.971519
-2.65,14,4227.017291
31.55,66,4227.227636
34.95,22,4227.294532
33.2,41,4227.41826
31.85,48,4227.562958
29.45,80,4227.80586
32.45,48,4227.954951
31.9,51,4228.117046
32.05,52,4228.273836
-2.15,4,4228.285846
27.85,64,4228.480045
0.4,281,4235.424232
-4.3,27,4235.499615
34.55,26,4235.575018
-2.05,2,4235.580879
34.0,33,4235.676666
-2.6,9,4235.702808
34.35,30,4235.790035
33.1,39,4235.908563
32.45,44,4236.038578
25.1,99,4236.339306
30.3,63,4236.530391
-2.3,7,4236.551584
-2.15,4,4236.563757
31.2,65,4236.760732
33.0,37,4236.872133
32.4,57,4237.043655
-2.05,2,4237.049351
33.15,38,4237.157904
33.8,29,4237.240759
27.25,100,4237.540878
32.25,44,4237.671902
-2.1,3,4237.680974
6.0,1,4237.684059
30.3,71,4237.897383
32.7,55,4238.063074
34.35,30,4238.150412
34.5,27,4238.228873
-2.0,1,4238.231771
14.4,253,4245.118681
34.4,25,4245.192426
29.45,88,4245.46494
32.75,58,4245.669144
30.95,54,4245.859645
33.55,30,4245.956615
-2.35,8,4245.981731
9.95,2,4245.987947
32.3,43,4246.112554
24.95,114,4246.460357
-2.45,6,4246.478494
30.7,67,4246.683793
29.55,70,4246.894446
17.8,137,4247.308518
33.45,32,4247.405761
18.85,88,4253.651711
-3.75,16,4253.701389
34.3,31,4253.797832
-3.15,16,4253.849008
-2.0,1,4253.852272
-2.05,2,4253.858942
31.8,69,4254.073517
34.8,21,4254.137624
33.95,26,4254.217093
30.65,48,4254.359642
-2.2,5,4254.37422
31.45,56,4254.537047
34.45,24,4254.606731
31.45,52,4254.758543
33.3,31,4254.855091
32.7,43,4254.987806
34.25,28,4255.074384
26.0,105,4255.378786
-2.15,4,4255.390422
31.7,55,4255.550202
25.85,96,4255.828078
33.9,35,4255.929503
-2.25,6,4255.946817
33.95,38,4256.057232
30.15,82,4256.295468
34.55,22,4256.359692
-2.0,1,4256.36262
33.8,33,4256.458558
-2.1,3,4256.467458
-2.6,13,4256.506922
31.85,56,4262.79926
33.2,37,4262.911221
-2.1,3,4262.920228
31.45,64,4263.112032
-2.65,10,4263.141995
34.15,30,4263.231889
34.7,23,4263.301627
-2.05,2,4263.307497
-2.25,6,4263.326019
31.6,57,4263.501214
29.05,60,4263.685156
26.65,116,4264.040214
-2.35,8,4264.064432
33.7,35,4264.172314
32.4,49,4264.320023
-66.85,722,4272.430746
8.0,1,4272.433268
-62.65,722,4274.342796
-56.85,722,4281.932018
-2.1,3,4281.939321
-46.05,722,4289.57059
-2.1,3,4289.578399
-75.05,722,4297.187571
-2.7,7,4297.20499
-58.85,722,4298.964512
-54.85,722,4306.537417
-52.05,722,4314.179726
-61.85,722,4316.027889
-54.25,722,4323.727465
-58.45,722,4331.424687
-2.2,5,4331.437542
-55.85,722,4333.31722
-2.65,10,4333.34307
-62.25,722,4341.074486
-59.65,722,4348.939597
-64.05,722,4356.843843
-51.05,722,4358.794989
-51.05,722,4366.892042
-56.65,722,4375.031524
-2.05,2,4375.036486
-64.05,722,4376.96841
-62.85,722,4384.987879
-61.45,722,4392.960581
-59.85,722,4401.087278
-2.05,2,4401.092415
-2.0,1,4401.094965
-60.45,722,4402.920477
-62.65,722,4411.265945
-56.05,722,4419.656782
-2.15,4,4419.666059
-14.3,535,4420.988019
-64.45,722,4429.618947
-71.45,722,4438.111663
-58.85,722,4440.038241
-64.05,722,4448.412328
-72.25,722,4456.859889
-8.05,578,4458.347213
-2.95,16,4458.389719
-74.25,722,4467.081773
8.6,305,4467.872324
-72.25,722,4476.391398
-67.45,722,4484.917064
-2.75,12,4484.946674
-84.05,722,4486.801264
-27.65,614,4494.954029
-67.45,722,4503.501892
-2.55,8,4503.52254
-2.4,5,4503.535519
18.6,209,4504.078882
-15.3,603,4512.399694
32.8,65,4512.570267
31.3,71,4512.754602
34.2,45,4512.872664
-6.2,533,4514.221831
24.45,132,4514.576342
7.6,345,4522.247086
-2.55,12,4522.274462
-2.65,10,4522.298512
28.3,135,4522.620315
-10.35,632,4524.267646
-56.45,722,4533.131583
-2.5,7,4533.149434
-13.45,574,4541.24433
-2.7,11,4541.272543
33.85,56,4541.416756
25.9,163,4541.836647
-10.3,507,4543.172862
29.5,99,4550.135111
29.25,108,4550.384391
35.4,33,4550.464338
15.0,245,4551.068679
-3.0,489,4552.331488
13.15,270,4559.72545
30.35,78,4559.920871
-60.65,722,4561.742974
-2.0,1,4561.745512
-68.25,722,4570.054842
-19.75,652,4578.430022
26.3,155,4578.824888
34.65,52,4578.958257
10.85,288,4579.679901
-4.05,10,4579.705936
30.9,91,4579.937265
1.65,440,4587.421764
33.75,66,4587.580314
28.3,115,4587.864985
-2.1,3,4587.872319
-2.7,11,4587.899282
35.9,39,4587.994375
33.25,48,4588.11069
15.3,283,4588.801553
11.85,264,4596.233187
-2.45,6,4596.247732
29.3,103,4596.497216
36.25,28,4596.565398
-13.15,552,4597.992728
19.5,211,4605.078608
-2.0,1,4605.080993
-2.85,18,4605.126384
28.65,72,4605.300365
-52.25,722,4607.131342
12.15,330,4614.808347
23.05,156,4615.201686
-2.05,2,4615.206793
35.05,52,4615.337887
-2.5,7,4615.355643
32.25,76,4615.549825
-2.95,12,4615.580496
35.5,43,4615.690557
-2.1,3,4615.698193
35.1,47,4615.814551
36.45,28,4615.883275
17.25,216,4616.413797
-3.55,16,4616.455304
18.2,209,4617.000304
28.25,104,4623.770664
34.0,57,4623.910113
30.9,87,4624.123223
35.35,38,4624.216397
-9.9,511,4625.515824
10.35,338,4633.029682
20.45,236,4633.713241
30.95,98,4634.026274
-2.8,5,4634.041592
-4.0,453,4635.435419
-2.1,3,4635.444425
34.7,43,4635.573714
-2.15,4,4635.585807
-2.0,1,4635.588809
-2.8,17,4635.639624
-2.1,3,4635.648685
-2.05,2,4635.654698
35.45,36,4635.762521
22.8,169,4643.07002
23.7,179,4643.522907
29.3,123,4643.818614
12.5,363,4644.706897
32.85,68,4644.882282
-2.05,2,4644.887423
-3.75,16,4644.928898
8.9,231,4652.151099
-11.6,401,4653.149251
33.3,59,4653.29357
34.4,45,4653.403526
-2.2,5,4653.415768
33.65,56,4653.553492
32.85,60,4653.700064
3.0,345,4661.294461
-2.0,1,4661.297025
-2.1,3,4661.304636
27.4,141,4661.680254
32.9,79,4661.844478
33.3,71,4661.977263
-2.05,2,4661.981725
23.25,144,4662.347098
34.5,47,4662.466477
24.1,167,4662.89797
-2.1,3,4662.90577
-2.1,3,4662.91354
15.45,236,4663.524146
31.6,73,4663.714392
31.35,82,4670.634957
9.65,268,4671.297078
30.4,93,4671.51824
4.9,243,4672.11322
34.2,65,4672.27133
-7.35,548,4680.181036
-5.75,28,4680.249069
-2.0,1,4680.251482
-2.1,3,4680.258798
-97.65,722,4682.085454
17.05,192,4688.976709
31.25,100,4689.229435
27.05,144,4689.596636
33.95,66,4689.76796
-2.05,2,4689.773208
-2.05,2,4689.778472
-2.1,3,4689.786345
-2.2,5,4689.799403
-73.05,646,4697.756152
22.15,162,4698.154263
-3.25,18,4698.198342
25.5,127,4698.492953
32.8,69,4698.661753
35.95,30,4698.731439
-2.0,1,4698.733851
-4.6,25,4698.794518
18.1,219,4699.346088
-20.75,300,4706.538663
29.1,123,4706.835967
-2.0,1,4706.83837
35.8,37,4706.931134
-2.25,6,4706.946847
-4.05,366,4707.837339
23.45,144,4708.176414
12.6,285,4708.903731
27.35,110,4715.688287
-66.45,722,4717.501728
-3.75,20,4717.550744
-2.2,5,4717.562883
-3.55,20,4717.611511
37.05,20,4717.661838
30.1,111,4717.945569
34.45,44,4724.60859
34.15,50,4724.72991
30.15,110,4724.985938
34.1,55,4725.111465
32.75,66,4725.263661
34.5,51,4725.39676
33.35,58,4725.544539
33.7,55,4725.674686
29.5,91,4725.909503
32.0,89,4726.127892
34.3,51,4726.245841
-2.2,5,4726.25773
30.85,100,4726.494979
-2.1,3,4726.502325
35.75,30,4726.575951
-2.35,8,4726.595752
-2.05,2,4726.6007
-2.7,11,4726.627753
32.3,83,4726.825252
-2.05,2,4726.830062
31.65,76,4727.008363
33.25,68,4733.752778
-2.1,3,4733.75968
6.4,381,4734.638051
33.75,54,4734.769779
10.6,333,4735.578079
-2.2,5,4735.590271
27.05,132,4735.911797
28.5,79,4742.645807
-2.0,1,4742.648074
13.3,203,4743.124087
31.3,87,4743.332984
36.7,27,4743.400537
29.4,89,4743.620787
34.3,47,4743.742737
32.75,66,4743.913349
35.3,55,4744.053902
-2.0,1,4744.056472
34.5,47,4744.179616
29.6,105,4744.452749
34.2,45,4744.567933
-2.0,1,4744.570525
28.45,104,4744.835727
33.85,60,4744.986457
13.85,4,4744.996914
-2.2,5,4745.0099
-2.45,10,4745.035964
18.5,167,4751.825952
-2.05,2,4751.830888
34.05,44,4751.941175
35.9,35,4752.027292
6.0,1,4752.029773
34.15,58,4752.172269
23.25,172,4752.604331
-2.05,2,4752.609523
-2.05,2,4752.614722
24.1,155,4753.010958
-3.15,16,4753.05217
-73.65,722,4761.204793
-2.55,8,4761.225911
33.35,58,4761.369437
-7.0,433,4762.420583
-2.05,2,4762.42517
19.05,152,4762.788925
34.0,45,4762.893907
-2.2,5,4762.904333
32.65,64,4769.514844
10.6,157,4769.890526
32.7,79,4770.071413
-2.5,7,4770.08724
20.15,166,4770.493796
-2.6,13,4770.526603
33.3,59,4770.67379
14.9,283,4771.370891
32.65,64,4771.528374
34.25,56,4771.666248
29.3,115,4778.595337
-2.9,15,4778.629879
34.3,51,4778.751887
29.85,96,4778.984369
32.45,72,4779.161709
-2.7,15,4779.200173
31.8,69,4779.371707
31.95,82,4779.570491
33.6,65,4779.73836
28.0,113,4780.027271
-2.1,3,4780.034066
34.9,47,4780.14147
36.25,24,4780.196479
35.45,36,4780.2791
35.95,38,4780.366157
26.4,113,4780.625567
28.7,103,4780.880814
32.7,63,4781.039651
-2.1,3,4781.04797
33.45,60,4787.75396
30.05,80,4787.954997
33.55,58,4788.100039
33.3,55,4788.241757
34.85,48,4788.365801
-2.05,2,4788.370933
32.35,70,4788.551619
10.0,1,4788.554134
31.85,84,4788.770606
36.8,25,4788.835049
21.85,164,4789.240865
-2.5,7,4789.258784
-2.6,13,4789.292438
-2.05,2,4789.297618
34.6,53,4789.435122
31.75,78,4789.638421
31.2,73,4789.827636
34.6,49,4789.954626
33.4,65,4790.119065
31.6,77,4796.939625
29.15,98,4797.18692
33.6,65,4797.348971
19.9,143,4797.711894
32.15,74,4797.897656
33.45,68,4798.063699
35.0,45,4798.178852
33.2,77,4798.372265
-2.05,2,4798.377165
32.25,60,4798.528663
31.35,66,4798.700633
24.7,155,4799.083555
32.55,66,4799.245799
31.5,67,4805.781596
28.0,101,4806.014878
33.05,68,4806.171699
32.4,65,4806.314526
33.5,47,4806.419069
33.3,51,4806.537026
33.75,66,4806.693096
-2.3,7,4806.709363
32.15,86,4806.913349
-2.1,3,4806.92063
-2.3,7,4806.937748
31.55,94,4807.156996
-2.1,3,4807.164132
35.3,39,4807.257028
-2.0,1,4807.259423
35.45,36,4807.342878
27.3,127,4807.652722
26.7,119,4807.960469
32.6,69,4808.139364
25.5,147,4815.170133
-2.05,2,4815.175267
-2.45,10,4815.201112
37.15,18,4815.24771
35.05,52,4815.377565
-2.4,9,4815.399702
35.2,41,4815.500935
32.45,72,4815.679832
35.45,40,4815.77728
23.2,129,4816.091503
-2.1,3,4816.098873
14.75,250,4816.702307
-4.0,29,4816.774862
28.8,105,4817.04441
29.4,77,4817.231913
-2.65,10,4817.256394
-3.0,9,4817.278425
-2.15,4,4817.288224
34.4,53,4823.935965
17.85,196,4824.436285
33.5,63,4824.595382
-2.05,2,4824.600546
35.75,38,4824.689599
32.95,74,4824.874889
33.3,55,4825.009754
-2.1,3,4825.017078
-2.45,6,4825.032743
24.0,125,4825.3457
32.55,66,4825.507813
34.05,52,4825.64356
-2.05,2,4825.648775
30.85,84,4825.860663
25.15,126,4826.187389
-2.2,5,4826.200251
34.8,45,4826.311378
30.2,97,4833.012951
34.0,53,4833.142565
10.5,295,4833.89135
34.3,59,4834.0346
5.65,360,4834.951002
6.9,335,4842.257748
32.8,69,4842.434555
32.5,91,4842.658297
32.25,60,4842.797708
-2.25,6,4842.812311
35.1,47,4842.924763
-4.45,26,4842.98892
-2.1,3,4842.995844
34.2,61,4843.139629
30.75,70,4843.309678
36.3,31,4843.381312
34.95,46,4843.487857
-2.4,5,4843.499474
33.75,54,4843.62921
34.45,56,4843.767741
34.5,47,4843.887718
28.85,108,4844.161332
26.45,160,4851.037069
19.8,193,4851.530837
-2.2,5,4851.543895
-2.5,7,4851.562116
-2.25,6,4851.577259
32.5,71,4851.754743
32.95,50,4851.883819
33.05,56,4852.020545
32.25,80,4852.227133
35.7,31,4852.307536
18.05,172,4852.743236
28.65,96,4852.990129
36.65,28,4853.063578
-2.0,1,4853.066189
33.15,50,4853.191058
11.9,3,4853.198365
35.0,45,4853.307672
36.05,36,4853.39579
36.65,28,4853.46406
-2.8,13,4853.497684
35.0,37,4853.588982
3.8,201,4859.827426
34.6,45,4859.931996
-2.5,7,4859.948827
22.5,151,4860.303421
34.4,49,4860.415895
30.2,89,4860.624789
7.95,2,4860.629477
-2.2,5,4860.64106
-2.6,13,4860.671357
-2.25,6,4860.686631
34.85,40,4860.787501
33.8,49,4860.912561
-2.8,9,4860.935718
30.95,98,4861.181255
10.0,1,4861.183867
-2.05,2,4861.188808
34.5,51,4861.317821
23.2,149,4861.696138
-2.55,8,4861.716595
26.6,109,4868.401935
32.9,63,4868.550393
32.95,50,4868.666256
33.45,56,4868.796721
34.1,55,4868.924574
36.05,36,4869.016037
30.0,77,4869.208479
30.85,80,4869.408445
35.4,45,4869.524372
-5.75,28,4869.597743
35.45,40,4869.701941
-2.6,13,4869.735708
31.85,72,4869.91901
32.4,49,4870.051844
34.3,59,4870.2133
8.0,1,4870.216029
-2.1,3,4870.224161
-2.7,11,4870.254438
32.9,67,4870.438227
-2.1,3,4870.446489
-2.7,7,4870.465944
30.4,97,4870.73579
-2.85,10,4870.763681
-23.5,567,4878.332157
35.15,46,4878.451459
31.45,100,4878.735717
-2.05,2,4878.741279
-2.0,1,4878.744085
35.3,47,4878.873094
-2.1,3,4878.880899
35.9,35,4878.970555
33.8,61,4879.125449
28.95,106,4879.390918
31.4,93,4879.631389
24.9,119,4886.242126
23.6,185,4886.68245
32.0,89,4886.904351
-2.0,1,4886.906923
34.9,47,4887.025205
23.9,151,4887.416757
30.45,96,4887.66843
32.75,58,4887.821209
33.0,73,4888.022211
21.55,154,4888.445997
-2.95,12,4888.477989
-2.1,3,4888.485982
34.75,42,4888.599326
35.5,39,4895.06614
30.5,103,4895.32741
29.7,87,4895.545594
35.75,34,4895.632789
30.05,84,4895.846287
29.65,88,4896.060788
31.0,73,4896.238587
-2.05,2,4896.243516
-4.1,35,4896.328084
5.65,216,4896.878311
31.75,66,4897.044384
35.65,32,4897.129118
-2.0,1,4897.131617
29.6,93,4897.367706
33.3,67,4897.53705
26.05,156,4904.2149
25.2,149,4904.595735
36.25,28,4904.665113
-2.05,2,4904.670317
-2.0,1,4904.672963
-2.1,3,4904.680977
31.45,80,4904.887793
-28.8,445,4906.075857
34.35,54,4906.215934
-2.0,1,4906.218532
-5.45,34,4906.305848
11.8,5,4906.318906
-2.1,3,4906.326567
29.85,92,4913.063496
-16.4,605,4914.574105
34.6,45,4914.683871
35.05,48,4914.799075
36.0,37,4914.889098
33.5,67,4915.051864
33.8,45,4915.167476
34.0,61,4915.326405
36.05,36,4915.41501
14.85,228,4922.259843
25.45,136,4922.611474
-2.0,1,4922.613958
-2.2,5,4922.626325
-2.0,1,4922.628836
33.75,58,4922.774285
-2.05,2,4922.779179
-3.9,19,4922.826771
15.15,254,4923.485824
33.05,48,4923.609445
26.0,113,4923.900585
27.2,129,4924.226744
-2.0,1,4924.229424
35.45,40,4924.33877
-4.0,13,4924.375077
34.35,50,4930.890885
-4.15,28,4930.959347
32.95,74,4931.142406
34.7,51,4931.275843
36.75,26,4931.341744
36.3,27,4931.411577
23.65,156,4931.79682
-3.15,20,4931.84695
35.1,51,4931.976025
31.4,77,4932.179342
29.25,104,4932.459738
35.25,48,4932.582129
34.85,44,4932.696325
31.05,80,4932.91213
34.2,49,4933.046623
-2.3,7,4933.065911
36.35,30,4933.144611
35.9,31,4933.224459
34.55,46,4933.342956
7.95,2,4933.347939
35.75,34,4933.435724
31.55,66,4939.776334
31.75,58,4939.918112
32.0,61,4940.067621
34.35,58,4940.209811
-2.35,8,4940.229376
-2.05,2,4940.23434
32.5,59,4940.379156
35.6,41,4940.479863
-3.4,13,4940.511575
36.2,25,4940.572967
29.6,113,4940.85302
34.65,48,4940.978213
33.25,72,4941.1641
34.15,46,4941.284971
27.55,130,4941.619411
36.3,35,4941.708672
-4.55,28,4941.781693
-2.45,10,4941.807751
30.85,104,4942.071855
-58.45,722,4950.244122
31.55,82,4950.46808
-2.2,5,4950.481537
31.5,71,4950.673107
36.35,34,4950.757041
35.25,44,4950.868173
8.0,1,4950.870782
34.25,56,4951.017313
35.6,41,4951.125242
35.85,44,4957.674528
33.5,55,4957.816177
36.85,24,4957.878131
-2.05,2,4957.883369
-2.85,14,4957.919733
22.6,133,4958.261817
31.45,84,4958.47887
34.35,54,4958.619147
35.95,38,4958.716981
35.5,35,4958.80671
36.95,22,4958.870406
35.3,43,4958.999266
35.7,35,4959.103575
-2.1,3,4959.112736
36.25,32,4959.210967
18.75,246,4959.95249
33.25,68,4960.15431
34.9,47,4960.303967
-2.5,11,4960.339818
29.4,77,4966.806013
35.9,35,4966.911952
30.45,100,4967.21437
28.15,94,4967.494934
33.25,64,4967.686927
31.05,64,4967.883301
5.0,1,4967.886388
35.7,39,4968.005826
36.0,33,4968.106246
32.95,70,4968.318015
35.0,45,4968.45687
-2.6,9,4968.483358
30.15,94,4968.763002
-2.1,3,4968.771775
28.6,89,4969.03705
-2.55,8,4969.061413
23.2,141,4969.495201
-2.1,3,4969.504462
5.0,1,4969.507581
35.35,54,4969.674281
-3.25,14,4969.717203
36.2,33,4969.818277
9.95,2,4969.824232
34.65,40,4976.190971
29.65,96,4976.481058
-2.2,5,4976.496511
-2.05,2,4976.502685
30.8,73,4976.726963
32.2,73,4976.950524
-2.55,12,4976.986758
26.4,157,4977.454095
32.15,78,4977.68992
-2.35,8,4977.714345
-4.6,17,4977.765572
36.05,28,4977.851619
-4.4,41,4977.976428
-2.1,3,4977.985567
34.7,43,4978.112683
35.1,47,4978.254861
-2.15,4,4978.267063
37.05,20,4978.328853
31.35,78,4978.564869
29.9,111,4978.907959
33.35,62,4979.101467
-2.2,5,4979.117051
20.3,147,4985.998313
29.5,59,4986.169937
31.15,70,4986.372412
-2.05,2,4986.378166
34.45,48,4986.517658
19.8,165,4987.017562
35.25,44,4987.152014
34.25,56,4987.321723
26.15,126,4987.691084
9.95,2,4987.697012
35.45,40,4987.814523
-2.45,10,4987.844054
32.6,81,4988.081815
36.3,27,4988.161077
-2.05,2,4988.166896
35.85,40,4988.284192
-2.65,14,4988.325083
32.15,78,4988.555343
-2.2,5,4988.569955
-2.1,3,4988.578735
6.0,1,4988.581706
-4.95,40,4988.70371
34.5,51,4995.115102
8.65,320,4996.077484
-3.15,8,4996.100951
-2.1,3,4996.109826
22.75,146,4996.537257
34.7,39,4996.647924
7.95,2,4996.653517
35.05,56,4996.813542
32.1,67,4996.99979
-2.1,3,4997.008046
-5.85,34,4997.108006
33.75,54,4997.268112
-2.9,11,4997.300244
19.3,223,4997.977635
33.15,54,5004.418464
32.7,51,5004.575309
-2.0,1,5004.578542
-2.2,5,5004.594884
35.65,36,5004.710415
31.45,64,5004.913454
30.7,91,5005.209583
32.4,77,5005.453129
-3.45,10,5005.483028
31.85,72,5005.699183
-3.95,20,5005.757542
35.5,35,5005.859944
32.3,79,5006.099116
35.0,37,5006.213012
35.25,40,5006.333145
-3.0,13,5006.37292
30.9,71,5006.59044
5.95,2,5006.596587
28.5,99,5006.895463
35.55,42,5007.021714
-2.4,5,5007.037241
-2.1,3,5007.04652
-2.0,1,5007.049615
36.7,23,5007.120378
33.1,75,5007.34497
-2.1,3,5007.354293
-2.2,5,5007.369735
35.4,37,5013.824026
-4.2,21,5013.886402
9.15,354,5014.952722
36.15,34,5015.055564
36.25,32,5015.149728
34.75,38,5015.259716
-2.05,2,5015.26546
34.6,49,5015.407595
-2.45,6,5015.425033
36.35,26,5015.500699
29.45,100,5015.797394
32.85,64,5015.994596
-2.4,5,5016.009669
32.0,65,5016.210477
33.85,52,5016.370757
35.0,37,5016.483213
34.4,49,5016.633518
35.85,32,5016.730346
35.9,35,5016.837451
31.35,86,5023.108498
-2.35,8,5023.131652
33.05,64,5023.316505
14.2,137,5023.750223
35.0,37,5023.876935
32.25,72,5024.124058
-2.0,1,5024.127333
-2.05,2,5024.133963
-2.15,4,5024.147239
-2.0,1,5024.150599
34.15,42,5024.283514
32.25,80,5024.525131
30.9,75,5024.765712
-2.5,11,5024.801244
35.9,31,5024.90658
-2.15,4,5024.919917
35.7,43,5025.054633
31.45,68,5025.254174
32.4,69,5025.458859
29.65,120,5025.845097
-2.75,12,5025.885236
21.45,128,5032.96879
35.65,32,5033.096637
-2.15,4,5033.113467
6.0,1,5033.117789
-2.2,5,5033.138303
-2.05,2,5033.146049
-2.5,7,5033.173181
36.4,29,5033.281948
-2.0,1,5033.285567
34.0,57,5033.492358
31.45,76,5033.779577
34.5,43,5033.945329
-2.15,4,5033.960608
33.7,51,5034.144454
35.5,43,5034.292462
-2.1,3,5034.30309
30.85,88,5034.615089
34.65,52,5034.793316
28.3,119,5035.179824
25.35,126,5035.584575
-2.5,7,5035.606518
-2.0,1,5035.609737
28.6,113,5035.97111
-2.05,2,5035.977661
34.05,60,5036.181878
34.95,46,5042.833702
-2.0,1,5042.836794
33.6,49,5042.987185
33.15,54,5043.152912
-2.35,8,5043.177449
-2.6,9,5043.20515
27.5,107,5043.538173
35.9,39,5043.667378
-2.1,3,5043.6773
-5.35,320,5044.642409
35.6,41,5044.764892
-2.05,2,5044.771116
33.6,65,5044.979842
-2.95,12,5045.01736
34.15,58,5045.193255
31.2,81,5045.438143
33.25,60,5045.624508
20.7,123,5052.481055
33.35,50,5052.639036
35.5,39,5052.766135
-2.15,4,5052.779246
-68.05,722,5055.041559
-2.75,12,5055.078232
32.4,57,5055.246588
34.5,51,5055.403862
31.9,75,5061.74972
30.85,92,5062.010866
33.0,69,5062.213897
19.45,164,5062.706473
30.05,116,5063.061853
33.8,49,5063.206016
36.0,29,5063.291337
24.2,137,5063.70702
-2.9,15,5063.754603
-2.05,2,5063.760999
6.0,1,5063.764185
-2.05,2,5063.770542
32.15,62,5063.956286
-2.7,11,5063.991091
35.35,38,5064.111246
-2.1,3,5064.120787
28.45,96,5064.423694
-2.0,1,5064.42683
-2.05,2,5064.433136
35.65,44,5064.572338
-2.0,1,5064.575462
5.95,2,5064.581945
-2.1,3,5064.591358
35.85,44,5064.72985
35.95,30,5064.826485
-2.35,8,5064.852274
31.3,91,5071.476057
35.9,35,5071.581518
35.55,38,5071.693327
33.65,64,5071.887279
12.6,245,5072.652551
-2.25,6,5072.67016
34.2,57,5072.840831
36.05,40,5072.962048
25.45,104,5073.266893
35.65,32,5073.360585
33.4,57,5073.527569
32.25,72,5073.738443
-7.75,56,5073.904115
36.85,24,5073.977442
-2.15,4,5073.989616
-2.15,4,5074.001844
36.45,32,5074.104544
-2.1,3,5074.114031
33.95,50,5074.277537
27.85,108,5080.887901
35.7,39,5080.995568
11.85,4,5081.006454
32.95,62,5081.180457
32.45,68,5081.378615
36.4,21,5081.442998
34.9,51,5081.59857
16.55,146,5082.046391
25.95,138,5082.469718
28.15,94,5082.751245
36.1,35,5082.85498
33.95,58,5083.03511
35.35,38,5083.156479
2.8,341,5090.583383
-2.0,1,5090.586426
21.2,141,5091.017525
29.85,92,5091.302017
35.6,41,5091.430712
-2.35,8,5091.456183
35.6,37,5091.57734
33.4,69,5091.804934
35.7,31,5091.902439
34.9,39,5092.021609
35.5,43,5092.154151
29.0,97,5092.470225
-2.35,8,5092.495074
31.3,63,5092.697752
34.3,43,5092.838599
36.55,26,5092.923661
-8.5,531,5100.940348
32.7,59,5101.118745
-2.1,3,5101.1279
35.65,44,5101.259797
36.05,40,5101.382412
-3.15,16,5101.433131
31.8,69,5101.635854
30.7,51,5101.785269
1.9,331,5108.94873
36.4,29,5109.02872
27.95,78,5109.244012
-2.05,2,5109.249572
33.85,52,5109.392455
32.4,69,5109.597933
34.7,55,5109.766574
36.15,34,5109.869773
34.45,44,5110.005034
31.15,86,5110.26938
31.05,72,5110.479263
-2.2,5,5110.494628
28.55,94,5110.773675
-2.05,2,5110.77958
31.6,77,5111.015829
34.6,53,5111.179683
34.7,47,5111.327634
35.8,41,5111.461694
28.0,113,5111.83459
34.9,43,5111.97408
33.65,48,5118.620645
-2.6,9,5118.647871
-2.1,3,5118.657521
35.15,42,5118.795099
36.4,33,5118.895795
5.95,2,5118.902014
28.6,105,5119.233094
35.35,38,5119.344444
-3.1,15,5119.38819
33.95,58,5119.557204
33.5,47,5119.6946
5.0,313,5120.607373
34.4,49,5120.753198
35.35,42,5120.876097
33.55,62,5121.058315
-2.0,1,5121.06124
31.1,75,5121.281039
36.95,22,5121.345507
35.25,36,5121.450799
34.35,50,5127.541736
-2.5,11,5127.576209
-2.1,3,5127.585457
35.9,35,5127.694158
35.6,45,5127.832625
30.55,82,5128.075242
30.8,73,5128.297791
33.85,56,5128.462897
32.5,75,5128.694659
30.25,100,5128.995459
35.8,33,5129.091642
35.25,40,5129.207676
-2.0,1,5129.21058
33.9,63,5129.395114
34.85,56,5129.562092
35.75,42,5129.690857
-2.5,11,5129.724606
36.15,34,5129.826501
35.05,44,5129.956641
36.1,31,5130.046937
33.6,57,5130.21297
36.6,29,5130.297585
36.6,29,5130.382633
34.15,54,5130.54029
29.65,100,5137.345152
35.9,35,5137.455294
31.6,73,5137.675419
-2.15,4,5137.687737
21.3,159,5138.194867
35.4,41,5138.327838
30.9,103,5138.648775
-2.4,9,5138.677076
-2.15,4,5138.689643
35.75,42,5138.822569
-2.0,1,5138.825706
31.35,78,5139.064669
32.6,73,5139.288831
-2.05,2,5139.294955
-2.1,3,5139.304168
-2.15,4,5139.316483
-2.05,2,5139.322661
5.95,2,5139.328859
31.75,70,5139.539617
-2.2,5,5139.554977
-2.05,2,5139.561009
33.7,59,5139.741494
36.45,24,5139.815264
35.0,49,5139.970686
28.0,117,5146.41661
23.8,129,5146.727349
-2.6,9,5146.749328
30.05,76,5146.93503
32.15,66,5147.095272
36.5,27,5147.161309
-2.15,4,5147.171055
34.5,55,5147.306171
-2.45,6,5147.321772
35.35,38,5147.423306
34.5,39,5147.525746
-2.55,8,5147.547002
36.7,27,5147.619153
-2.0,1,5147.621799
33.4,61,5147.78495
20.5,235,5148.464718
34.85,52,5148.617336
35.6,41,5148.742244
32.9,71,5148.953818
26.9,103,5155.542217
-2.3,7,5155.561457
-2.25,6,5155.57863
36.45,24,5155.647354
25.0,149,5156.064991
-2.15,4,5156.075899
35.15,38,5156.18516
6.0,1,5156.188036
36.25,32,5156.280686
-2.05,2,5156.286434
35.05,44,5156.414129
-2.55,8,5156.437691
30.7,83,5156.688309
-2.2,5,5156.703371
-4.4,21,5156.765121
34.05,52,5156.9153
35.9,31,5157.008087
34.45,40,5157.129429
34.1,47,5157.2724
-2.1,3,5157.281367
8.0,1,5157.284394
-3.6,33,5157.383609
-2.1,3,5157.392763
-2.25,6,5157.410897
33.9,51,5157.565665
34.7,51,5157.720824
32.95,58,5157.895238
31.7,63,5158.087977
-4.95,20,5158.148715
33.7,51,5158.304434
34.05,48,5158.443314
28.95,102,5164.817639
-2.4,9,5164.845045
-2.15,4,5164.857426
34.6,45,5164.993746
32.8,77,5165.224637
35.15,46,5165.366922
35.3,47,5165.503051
34.05,56,5165.673391
34.8,45,5165.816568
31.45,76,5166.04752
30.4,77,5166.286525
36.0,29,5166.374811
-4.15,16,5166.423607
-2.9,11,5166.457226
35.95,38,5166.572939
34.4,57,5166.742935
34.75,42,5166.867209
31.6,77,5167.096635
35.0,49,5167.241832
36.1,27,5167.324268
33.4,61,5167.509242
33.1,75,5173.897001
-2.65,10,5173.926272
34.4,49,5174.070218
33.8,49,5174.207473
-2.1,3,5174.215628
33.85,60,5174.380193
30.5,87,5174.636811
31.7,75,5174.863136
29.95,78,5175.090562
-2.9,15,5175.133843
-7.2,45,5175.264599
-2.2,5,5175.279523
32.95,62,5175.460252
-2.05,2,5175.466037
24.65,108,5175.776469
-2.15,4,5175.787807
36.55,26,5175.861322
33.2,57,5176.021402
26.4,121,5176.374642
30.7,91,5176.639919
-2.15,4,5176.65159
35.1,47,5182.95109
6.6,349,5184.122908
34.5,43,5184.267921
31.3,47,5184.428667
33.8,65,5184.648852
-2.0,1,5184.652244
33.85,56,5184.841472
33.65,64,5185.058646
35.05,48,5185.221194
36.1,35,5185.335027
35.85,36,5185.447801
36.4,29,5185.538729
27.85,124,5185.933831
-2.15,4,5185.948234
35.85,36,5186.073667
31.6,81,5192.886972
36.2,37,5193.007383
-2.15,4,5193.020002
26.45,96,5193.307887
35.55,42,5193.439911
34.25,48,5193.586874
37.0,21,5193.652812
32.1,71,5193.88535
33.45,60,5194.073886
34.5,47,5194.215881
36.15,38,5194.341105
32.4,57,5194.51774
31.9,67,5194.738212
-2.05,2,5194.744725
33.5,51,5194.913252
33.15,66,5195.131813
32.35,58,5195.318342
-2.3,7,5195.341459
23.9,143,5195.784929
17.85,256,5202.847175
28.35,114,5203.211067
-2.4,9,5203.23874
29.65,100,5203.541648
31.6,97,5203.836996
-2.15,4,5203.849583
32.4,49,5204.003255
32.75,66,5204.208259
-2.0,1,5204.211229
30.25,108,5204.538725
36.4,25,5204.617117
36.8,25,5204.691163
32.9,59,5204.865956
36.45,28,5204.952894
-2.05,2,5204.959053
-2.9,15,5205.00458
36.3,31,5205.100619
-2.1,3,5205.110011
-67.25,722,5213.773062
-2.3,7,5213.794845
-2.1,3,5213.804106
-3.7,19,5213.862851
32.85,68,5214.080462
35.9,39,5214.208302
34.4,45,5214.354172
34.2,53,5214.517898
-2.5,11,5214.550537
22.05,148,5215.010417
29.15,90,5221.557098
35.5,39,5221.664873
23.9,135,5222.055494
32.25,76,5222.279092
35.2,49,5222.42303
34.25,44,5222.552917
26.55,126,5222.924871
-23.55,504,5224.399861
-2.05,2,5230.749848
30.85,64,5230.933498
33.65,56,5231.08787
6.0,1,5231.090644
33.15,62,5231.273911
31.75,78,5231.503789
-4.85,38,5231.620556
35.15,38,5231.735271
34.7,43,5231.868382
35.55,38,5231.985446
35.35,34,5232.08925
-15.35,396,5233.258461
-2.2,5,5233.273107
-2.15,4,5233.284846
35.55,38,5233.396854
32.05,84,5233.644343
35.9,27,5233.723922
-2.1,3,5233.732691
22.5,91,5240.124149
33.8,49,5240.27372
-2.05,2,5240.279758
34.45,48,5240.427072
30.3,91,5240.705041
10.15,270,5241.507744
-2.0,1,5241.510727
10.0,1,5241.513786
-4.0,13,5241.551728
34.7,43,5241.679572
6.0,1,5241.682615
-4.55,24,5241.754735
33.15,54,5241.914846
36.05,36,5242.020331
34.85,36,5242.125034
36.1,35,5242.228049
-2.05,2,5242.234153
-2.2,5,5242.249474
35.6,41,5242.374825
31.3,71,5242.586615
-2.1,3,5242.595508
-2.35,8,5242.6194
-12.4,57,5242.793833
29.9,91,5249.442156
22.8,117,5249.820552
8.5,327,5250.842546
-2.35,8,5250.867017
16.75,182,5251.405966
34.9,51,5251.564364
31.3,79,5251.804287
34.4,53,5251.961254
34.95,34,5252.060571
34.25,44,5252.189054
32.5,71,5252.399099
-2.0,1,5252.401934
33.85,52,5258.642815
36.0,41,5258.763623
36.75,26,5258.843866
-2.25,6,5258.862751
33.75,66,5259.069428
32.0,61,5259.264633
34.85,48,5259.419626
13.0,193,5260.047571
27.65,120,5260.418432
-2.5,7,5260.439008
34.0,61,5260.626297
34.9,51,5260.779078
35.0,41,5260.909158
-2.7,11,5260.945444
33.25,60,5261.124642
24.75,166,5261.617925
-2.65,10,5261.648571
32.65,68,5268.14222
-2.5,11,5268.175484
6.0,1,5268.178688
32.4,69,5268.3848
35.65,40,5268.502338
34.25,52,5268.655433
-2.1,3,5268.664261
-2.7,7,5268.684782
-2.2,5,5268.699605
34.65,44,5268.830197
-23.15,112,5269.167607
35.55,38,5269.282725
-2.15,4,5269.294935
-2.45,10,5269.325617
6.0,1,5269.328739
36.3,31,5269.422748
-2.1,3,5269.431883
-2.75,12,5269.468759
34.55,50,5269.617831
-2.15,4,5269.630022
-2.0,1,5269.633109
-2.0,1,5269.636179
36.1,31,5269.731106
31.55,82,5269.975324
27.5,91,5270.243599
-2.0,1,5270.2465
34.25,56,5270.410541
35.05,44,5270.540134
33.95,54,5270.706656
35.15,42,5270.835857
15.4,205,5277.878412
31.9,83,5278.133576
-3.65,14,5278.175027
-2.05,2,5278.18114
-2.45,10,5278.211958
20.2,189,5278.758042
-2.5,11,5278.788241
26.7,107,5279.09918
34.75,42,5279.224577
-2.4,9,5279.250592
-2.15,4,5279.26218
27.25,104,5279.572318
29.95,90,5279.845653
35.3,35,5279.953859
35.2,37,5280.066758
-2.35,8,5280.091261
5.65,4,5280.103626
-2.6,5,5280.118767
35.65,44,5280.253977
36.15,38,5280.370587
-2.1,3,5280.379906
34.2,49,5280.53087
35.35,38,5286.990455
33.95,54,5287.149027
36.75,26,5287.225472
32.5,59,5287.398664
29.4,117,5287.741808
-2.0,1,5287.744801
35.45,44,5287.873757
36.05,28,5287.955821
18.75,126,5288.338147
-2.3,7,5288.361395
34.75,38,5288.479628
32.95,58,5288.654252
34.25,48,5288.80421
33.35,58,5288.986215
34.05,56,5289.155913
34.1,47,5289.29703
34.75,54,5289.464135
35.2,33,5289.561117
-2.4,5,5289.575786
-2.05,2,5289.581732
36.55,30,5289.673012
11.9,3,5289.681911
34.25,60,5289.864166
-2.1,3,5289.873564
33.25,68,5296.377024
33.8,61,5296.546275
-3.05,14,5296.584843
-2.1,3,5296.593111
-2.15,4,5296.604127
-2.4,9,5296.628986
36.35,34,5296.726817
25.75,110,5297.051438
-2.3,7,5297.072012
-2.15,4,5297.083795
35.8,37,5297.192829
35.1,47,5297.336744
-2.45,6,5297.355235
26.7,103,5297.673839
32.85,60,5297.859861
-103.25,722,5305.773126
-3.1,15,5305.815675
35.0,45,5305.943789
-2.1,3,5305.95228
-2.0,1,5305.955157
-2.05,2,5305.960885
-2.65,10,5305.991413
33.6,65,5306.190044
33.3,67,5306.393653
27.4,93,5306.675791
-6.65,38,5306.790582
31.15,66,5306.98931
25.05,128,5307.376781
35.05,44,5307.504984
36.05,32,5307.598328
31.55,74,5307.81403
35.0,49,5307.957357
32.3,79,5314.348497
35.95,34,5314.456221
35.05,44,5314.589726
14.3,203,5315.206668
11.85,4,5315.218899
34.65,44,5315.346075
-2.1,3,5315.354792
30.25,76,5315.575826
30.9,63,5315.760648
34.7,39,5315.873933
34.9,43,5316.000308
35.8,41,5316.119935
32.95,70,5316.324185
-2.55,8,5316.347432
36.8,25,5316.420356
33.6,49,5316.562867
-2.0,1,5316.565752
-2.0,1,5316.568646
33.15,66,5316.762511
35.2,45,5316.897351
7.95,2,5316.903402
-4.35,20,5316.963233
8.0,1,5316.966213
35.6,33,5317.066358
34.1,51,5317.216569
33.5,43,5317.342353
-2.75,12,5323.421463
34.7,43,5323.551053
-2.1,3,5323.560011
-2.0,1,5323.563133
-2.3,7,5323.583767
34.4,53,5323.740539
34.8,49,5323.877972
29.35,82,5324.11167
35.0,33,5324.203565
26.65,140,5324.622516
33.55,58,5324.798945
34.8,49,5324.946781
35.05,44,5325.081068
-3.75,16,5325.129746
33.65,60,5325.306966
35.05,48,5325.448128
-4.85,34,5325.551696
33.35,46,5325.689245
33.65,52,5325.847192
35.85,36,5325.956987
33.65,68,5326.164217
34.45,44,5326.299002
-2.05,2,5326.305194
34.55,42,5326.433657
-2.3,7,5326.454997
30.05,72,5332.860327
33.4,65,5333.058225
36.4,29,5333.147315
31.35,82,5333.397578
35.95,38,5333.512911
34.45,56,5333.683182
-2.0,1,5333.686195
-2.05,2,5333.692259
-2.5,7,5333.713531
-23.05,158,5334.217527
34.0,57,5334.441019
-2.1,3,5334.452956
35.8,33,5334.581669
34.2,53,5334.763794
34.7,47,5334.91247
35.55,42,5335.044422
-2.15,4,5335.056966
32.1,71,5335.272505
23.55,146,5335.6968
31.7,99,5342.083193
-2.0,1,5342.086129
32.15,58,5342.25407
25.15,114,5342.586617
-2.0,1,5342.589486
34.75,34,5342.688476
-2.6,13,5342.72725
-4.15,24,5342.800543
33.2,53,5342.959095
32.95,70,5343.170327
34.7,55,5343.337691
35.7,39,5343.456219
36.1,35,5343.561112
35.35,30,5343.647875
34.65,40,5343.770306
27.55,126,5344.144794
-2.15,4,5344.156931
34.4,49,5344.304224
34.4,49,5344.449402
33.45,64,5344.641582
27.4,69,5344.850671
-5.35,28,5344.935564
34.9,51,5351.280422
33.7,59,5351.450128
-3.65,22,5351.51303
-2.6,13,5351.550761
33.4,69,5351.760936
-5.7,27,5351.843058
22.1,199,5352.438159
-2.45,10,5352.467163
-2.05,2,5352.473132
35.65,40,5352.589774
34.2,45,5352.72073
37.0,21,5352.782018
36.65,28,5352.863451
-4.0,13,5352.901544
-2.15,4,5352.913261
-55.05,722,5361.368229
-2.3,7,5361.387605
-2.2,5,5361.401546
35.35,42,5361.51843
-4.15,28,5361.598303
-2.0,1,5361.601215
35.5,39,5361.712541
34.5,51,5361.856191
31.85,60,5362.029041
32.25,56,5362.189878
-2.0,1,5362.1927
34.5,47,5362.327703
-4.55,340,5363.304872
-67.25,722,5371.615269
35.45,36,5371.721907
-2.4,5,5371.73671
36.55,30,5371.82571
-2.85,14,5371.866958
31.65,84,5372.136195
-4.05,22,5372.208955
35.1,35,5372.320471
-2.1,3,5372.329694
35.05,48,5372.478106
33.0,53,5372.642127
-2.1,3,5372.65132
36.45,28,5372.737978
32.85,52,5379.155708
-4.05,22,5379.223483
34.9,47,5379.370803
34.35,42,5379.50203
36.3,31,5379.601147
-2.05,2,5379.607774
35.8,37,5379.725915
19.75,150,5380.174444
30.05,80,5380.407714
35.85,36,5380.510645
35.85,32,5380.602244
35.8,29,5380.688018
31.8,73,5380.903749
32.15,86,5381.151933
-2.05,2,5381.157627
35.75,38,5381.266037
-2.05,2,5381.271723
35.4,41,5381.388401
34.45,48,5381.52495
33.9,59,5381.693099
-2.05,2,5381.698763
36.1,31,5381.787508
9.95,2,5381.793246
35.95,34,5381.89079
15.85,4,5381.902242
36.05,32,5381.994028
36.1,31,5388.14133
34.75,42,5388.26211
33.2,53,5388.414025
34.45,48,5388.555903
36.7,27,5388.636811
36.05,32,5388.732223
30.1,79,5388.963978
34.35,50,5389.11331
-2.15,4,5389.124887
35.6,37,5389.231297
-4.65,18,5389.284956
25.9,139,5389.70058
29.85,80,5389.940882
35.65,40,5390.056528
-2.35,8,5390.07977
-2.35,8,5390.102866
34.8,45,5390.233085
33.75,54,5390.393015
-2.2,5,5390.407502
-2.05,2,5390.413489
36.65,24,5390.483951
-3.35,20,5390.544522
-2.45,10,5390.57456
36.65,28,5390.658418
-2.1,3,5390.667345
35.2,45,5390.804376
35.55,42,5390.943665
-2.15,4,5390.956612
-2.45,10,5390.988811
34.85,44,5391.129428
-2.15,4,5391.142082
-2.3,7,5391.164105
-2.05,2,5391.170477
27.1,103,5397.785492
35.25,44,5397.913194
-2.4,9,5397.938963
36.5,27,5398.015597
-10.05,62,5398.191641
6.0,1,5398.195386
34.2,57,5398.356923
-2.35,8,5398.379702
-2.1,3,5398.388304
32.35,62,5398.566314
36.1,31,5398.658417
20.6,165,5399.147026
35.05,48,5399.287121
-2.0,1,5399.289917
-2.0,1,5399.292742
36.25,28,5399.371579
34.0,53,5399.5178
35.45,44,5399.638773
34.45,48,5399.768743
36.9,23,5399.831666
36.7,27,5399.907048
35.75,34,5400.001148
32.55,54,5400.151221
34.8,49,5400.284607
30.35,70,5406.358808
29.9,91,5406.608614
28.0,93,5406.874936
34.7,51,5407.069396
-2.95,20,5407.142247
28.95,86,5407.429603
-2.2,5,5407.445521
25.75,86,5407.712276
-2.0,1,5407.715287
30.25,80,5407.955868
35.0,37,5408.063111
-2.0,1,5408.065979
30.95,74,5408.287115
-2.05,2,5408.293194
35.4,41,5408.418202
32.9,67,5408.611441
35.55,34,5408.709693
33.1,71,5408.922432
35.85,44,5409.050662
24.55,134,5415.666383
35.95,34,5415.759006
30.7,71,5415.965305
-2.2,5,5415.980126
34.4,53,5416.133125
36.25,32,5416.226838
-2.1,3,5416.235424
30.1,103,5416.542747
33.2,61,5416.725984
34.55,46,5416.863803
27.5,103,5417.172961
34.05,60,5417.36036
32.25,72,5417.580557
-2.1,3,5417.58932
25.5,135,5418.003005
36.5,27,5418.080099
33.2,61,5418.259666
34.25,60,5418.433988
-3.1,11,5418.466771
35.4,41,5418.592272
21.25,188,5425.193789
36.55,30,5425.2818
32.55,74,5425.500561
-2.65,14,5425.541936
31.2,65,5425.734569
35.1,39,5425.848767
-2.1,3,5425.85734
35.7,31,5425.94519
35.65,40,5426.059448
34.5,47,5426.194414
-2.15,4,5426.205896
22.95,90,5426.464865
35.5,35,5426.567667
-2.6,9,5426.594759
26.8,125,5426.968805
-2.3,7,5426.988961
35.1,35,5427.089435
34.4,45,5427.218816
8.55,202,5433.899122
-2.0,1,5433.902043
35.6,33,5433.999405
36.65,28,5434.081027
35.65,40,5434.194967
22.7,115,5434.516844
34.9,51,5434.661236
36.05,32,5434.749697
34.8,49,5434.89038
32.4,69,5435.096604
34.45,48,5435.240014
34.75,46,5435.372525
34.85,52,5435.521403
26.15,102,5435.819957
-2.1,3,5435.828665
33.25,56,5435.996695
-2.15,4,5436.00849
34.2,57,5436.178169
35.0,41,5436.299273
-2.0,1,5436.302205
12.0,1,5436.305276
34.9,47,5436.444494
25.6,141,5442.886039
34.55,42,5443.000724
26.5,111,5443.302633
16.2,245,5444.031122
21.9,163,5444.506663
-2.05,2,5444.512523
23.6,145,5444.942325
36.15,26,5445.021233
-2.15,4,5445.033342
35.8,37,5445.145917
34.7,43,5445.27448
30.45,88,5445.536465
26.9,91,5451.813818
-2.15,4,5451.82681
34.6,49,5451.981073
29.05,84,5452.265241
-2.1,3,5452.274956
-2.35,8,5452.300822
35.35,38,5452.423517
-2.0,1,5452.426777
34.7,43,5452.564433
-9.3,63,5452.751423
-3.35,20,5452.811668
34.8,49,5452.960491
33.4,53,5453.121195
34.65,52,5453.277318
34.9,47,5453.424591
31.85,72,5453.641087
35.45,40,5453.76097
27.8,89,5454.039106
36.8,25,5454.119116
-3.05,14,5454.163828
35.1,43,5454.302244
-2.05,2,5454.308643
34.8,45,5454.45327
34.45,40,5454.581933
-2.7,11,5454.615928
-2.3,7,5454.638649
35.2,41,5454.770185
31.75,82,5461.288055
30.15,74,5461.490044
35.75,34,5461.58528
24.6,141,5461.982026
36.35,30,5462.066424
30.05,84,5462.30396
36.9,23,5462.372601
-5.45,258,5463.144359
36.2,29,5463.231031
-2.0,1,5463.233992
35.8,37,5463.340951
31.35,94,5463.596484
34.85,44,5463.715261
34.75,46,5463.844723
19.55,138,5470.101553
29.6,73,5470.316844
-2.25,6,5470.33491
31.35,70,5470.54563
-2.45,10,5470.574875
-3.65,18,5470.627397
9.8,5,5470.642485
34.3,55,5470.813349
29.75,70,5471.039295
35.9,35,5471.151403
35.1,39,5471.267966
36.65,24,5471.339846
5.0,1,5471.342925
36.35,34,5471.444955
-2.2,5,5471.459808
35.25,52,5471.62217
-3.0,17,5471.673956
33.95,50,5471.825228
36.35,30,5471.916603
31.5,75,5472.142848
35.35,38,5472.25758
-2.25,6,5472.27577
31.2,97,5472.571784
36.3,31,5472.665755
32.75,66,5472.864962
36.1,27,5472.94652
35.55,38,5473.058999
35.3,35,5473.159543
-2.1,3,5473.168433
-2.15,4,5479.342254
18.4,181,5479.863396
36.05,36,5479.971636
34.25,52,5480.121468
35.2,41,5480.244251
8.0,1,5480.247333
-2.15,4,5480.259387
-2.05,2,5480.265478
-2.05,2,5480.271533
36.0,29,5480.359138
30.85,88,5480.621452
-2.05,2,5480.627392
30.35,82,5480.870907
35.9,35,5480.97368
32.75,50,5481.122675
33.85,48,5481.265928
-2.3,7,5481.286953
32.8,65,5481.475128
35.55,34,5481.572629
-2.1,3,5481.581158
-3.15,16,5481.626909
35.0,41,5481.742213
-2.25,6,5481.758276
-2.0,1,5481.760965
-3.7,23,5481.823421
29.85,76,5482.033736
-2.0,1,5482.036859
-2.25,6,5482.055237
29.35,78,5482.264028
35.3,43,5488.402501
-2.45,6,5488.420812
35.05,44,5488.552446
29.4,117,5488.89636
36.15,30,5488.987116
8.0,1,5488.990326
-2.2,5,5489.00648
-2.65,10,5489.038208
33.65,68,5489.257709
-9.3,571,5491.009433
-2.5,7,5491.03176
-2.05,2,5491.038117
22.75,146,5497.742804
36.55,30,5497.827824
34.55,46,5497.958158
33.15,58,5498.122408
33.85,52,5498.27045
30.45,96,5498.548808
36.5,27,5498.630756
33.7,55,5498.792911
33.3,79,5499.031659
32.85,64,5499.227049
36.3,27,5499.312792
36.7,27,5499.404294
36.3,31,5499.501023
-2.4,5,5499.516708
26.4,129,5499.921523
-2.35,8,5499.946117
35.9,39,5500.065789
-2.2,5,5500.081233
-2.0,1,5500.084372
-2.25,6,5500.103048
34.85,44,5500.238973
18.45,192,5507.231961
30.8,113,5507.563053
-2.3,7,5507.583416
32.2,61,5507.763329
36.05,36,5507.867912
32.25,68,5508.065973
-2.15,4,5508.07756
35.4,41,5508.196497
36.75,26,5508.271952
-6.8,25,5508.344579
23.95,186,5508.884701
-2.3,7,5508.904866
25.2,137,5509.299345
-2.0,1,5509.302203
29.9,95,5509.577703
33.9,51,5509.725702
-2.95,16,5509.772333
34.8,49,5509.915787
-2.35,8,5509.939057
34.45,56,5510.101789
36.05,36,5516.606682
-2.05,2,5516.612811
35.8,37,5516.7267
30.8,89,5516.998822
35.15,50,5517.150969
30.85,68,5517.359771
35.0,37,5517.471565
35.8,37,5517.591419
25.9,111,5517.951782
-8.75,60,5518.134037
35.55,38,5518.247478
36.55,26,5518.325108
29.45,92,5518.602165
-2.35,8,5518.627259
33.8,53,5518.799221
34.75,42,5518.935127
34.85,56,5519.109718
-2.05,2,5519.116229
-2.9,15,5519.164968
35.85,36,5519.277006
-2.4,5,5519.292239
34.8,45,5519.428266
24.9,135,5525.933524
34.2,49,5526.07779
30.7,91,5526.345381
34.95,50,5526.492096
36.8,25,5526.567976
36.95,22,5526.634802
35.9,35,5526.74239
26.6,93,5527.019743
35.35,42,5527.141443
30.7,95,5527.412853
34.05,48,5527.557117
-2.15,4,5527.569326
32.75,74,5527.792452
27.4,77,5528.029304
34.15,42,5528.155136
-2.3,7,5528.17642
-2.05,2,5528.182566
32.0,53,5528.344368
32.6,77,5528.568989
29.55,86,5528.823107
35.8,41,5535.043396
28.15,86,5535.300632
-2.55,12,5535.336409
35.55,46,5535.477274
34.1,59,5535.657308
35.05,40,5535.777675
34.0,45,5535.909015
32.2,81,5536.146994
34.9,43,5536.273537
34.75,38,5536.387018
36.6,25,5536.462936
26.85,120,5536.815164
9.9,3,5536.823933
34.7,51,5536.97255
34.3,51,5537.120955
35.5,39,5537.234429
35.35,38,5537.346387
35.05,44,5537.484084
30.3,83,5537.750313
-2.0,1,5537.753325
32.35,58,5537.930508
30.25,96,5544.31619
36.45,28,5544.398658
32.6,69,5544.60286
19.75,142,5545.023735
36.95,18,5545.07884
34.45,56,5545.24627
33.45,56,5545.426045
35.2,49,5545.57572
-2.4,9,5545.603055
35.0,41,5545.728546
-4.5,15,5545.775221
35.1,43,5545.902692
32.25,64,5546.089783
-4.1,23,5546.15664
36.15,30,5546.243944
33.45,52,5546.410555
29.7,79,5546.675195
34.3,55,5546.853502
35.7,47,5547.001697
36.2,37,5547.112013
34.1,63,5553.623139
36.4,33,5553.723651
-4.0,17,5553.776096
33.55,50,5553.931386
32.0,69,5554.134606
36.9,19,5554.189581
35.0,41,5554.310382
4.35,218,5554.968188
-2.4,9,5554.995872
35.85,36,5555.106211
-2.0,1,5555.109238
36.3,31,5555.202897
-2.0,1,5555.205885
-2.85,10,5555.235982
13.5,7,5555.257745
32.3,79,5555.49587
-5.75,36,5555.606144
-3.3,15,5555.652011
-2.0,1,5555.655096
35.95,30,5555.750921
34.9,43,5555.888083
-2.05,2,5555.894551
-2.05,2,5555.90105
35.85,40,5556.02665
35.7,35,5556.1337
28.8,89,5556.404668
33.2,53,5556.565616
-2.2,5,5556.580782
-2.4,5,5556.595997
32.7,59,5562.963359
35.3,31,5563.054892
27.4,85,5563.305106
33.55,54,5563.463177
33.45,52,5563.616226
-2.1,3,5563.625018
-5.3,43,5563.750422
5.95,2,5563.756299
35.65,40,5563.876831
-2.05,2,5563.882988
31.7,83,5564.134111
-3.0,17,5564.183935
36.8,25,5564.257075
31.5,91,5564.530848
-3.0,17,5564.583523
31.15,62,5564.770113
17.1,243,5565.493553
33.1,51,5565.642896
36.3,31,5565.733518
-3.65,18,5565.788909
35.7,43,5565.920807
-2.85,14,5565.963454
31.65,56,5572.254039
-2.15,4,5572.26567
36.2,37,5572.374234
35.65,40,5572.499452
31.0,85,5572.768561
29.05,108,5573.146374
32.05,80,5573.413029
-83.25,722,5581.737835
-4.25,30,5581.827346
30.0,85,5582.085692
-2.2,5,5582.10083
36.4,29,5582.18891
35.65,36,5582.298311
-3.25,14,5582.340734
29.75,90,5582.614664
32.25,64,5582.808783
36.5,27,5582.890888
36.15,30,5582.981816
32.2,73,5583.196329
-2.25,6,5583.214453
36.4,25,5583.289924
36.45,28,5583.372774
35.6,41,5583.492785
32.95,62,5583.674907
34.95,50,5583.820424
34.75,50,5583.966471
-2.2,5,5583.981414
36.6,29,5584.070197
35.7,35,5584.176477
-2.75,8,5584.200895
6.0,1,5584.203984
33.1,71,5584.413629
36.05,32,5590.604614
17.65,172,5591.11425
30.15,86,5591.370944
31.9,83,5591.621688
-2.0,1,5591.624693
-2.1,3,5591.633795
35.75,38,5591.745345
33.35,54,5591.906461
-2.0,1,5591.909492
-2.05,2,5591.91569
32.45,68,5592.122049
35.55,38,5592.238972
35.5,35,5592.353437
35.9,43,5592.482076
-2.7,11,5592.518258
-2.55,8,5592.542687
35.8,37,5592.652472
35.5,39,5592.768538
36.05,36,5592.875108
35.55,38,5592.986708
-2.1,3,5592.995389
35.75,34,5593.099017
35.6,37,5593.215674
35.4,33,5593.31782
35.75,26,5593.394024
35.0,41,5593.513805
36.45,28,5593.596179
30.9,79,5599.893377
-2.1,3,5599.902516
36.4,29,5599.987979
30.15,66,5600.184806
31.7,67,5600.39121
19.0,189,5600.969418
-3.0,9,5600.996736
-2.05,2,5601.002861
36.0,33,5601.104528
35.95,34,5601.208327
35.25,44,5601.334406
32.95,62,5601.509856
-2.45,10,5601.537143
36.75,26,5601.611366
-2.0,1,5601.614218
29.1,99,5601.896771
34.8,65,5602.082344
32.6,61,5602.25253
-2.05,2,5602.258215
36.2,33,5602.355008
33.65,52,5602.514372
-2.1,3,5602.523625
-3.15,20,5602.584813
35.8,33,5602.685682
35.05,40,5608.964548
36.0,37,5609.078808
35.8,33,5609.180197
-2.45,10,5609.211172
29.4,97,5609.507674
-2.1,3,5609.516401
29.75,102,5609.808962
34.2,49,5609.956606
-2.05,2,5609.962802
35.95,30,5610.055933
-2.1,3,5610.065226
7.35,270,5610.928689
30.45,80,5611.173831
34.3,55,5611.346047
-33.4,649,5619.490336
31.5,59,5619.653644
34.9,39,5619.764192
-2.15,4,5619.775063
-2.05,2,5619.780521
34.95,38,5619.890802
35.35,42,5620.018463
-3.05,14,5620.061511
-2.05,2,5620.067602
20.85,220,5620.712435
16.95,162,5621.186686
-2.3,7,5621.207951
33.6,53,5627.647624
-2.2,5,5627.663397
36.45,28,5627.751509
33.9,59,5627.945085
-2.15,4,5627.957672
33.9,63,5628.148716
30.2,93,5628.419697
34.75,38,5628.533852
-2.35,8,5628.557534
34.05,56,5628.720286
-2.1,3,5628.728979
34.0,57,5628.903306
11.3,7,5628.926903
28.4,89,5629.202775
30.25,108,5629.546342
34.8,33,5629.651801
-2.15,4,5629.664969
34.5,39,5629.792124
29.75,62,5629.98524
-2.95,16,5630.034089
36.05,36,5630.142209
36.3,31,5630.235585
30.15,78,5630.469152
32.85,56,5630.634542
-2.0,1,5630.637491
30.75,86,5637.169072
34.35,58,5637.345642
-2.35,8,5637.370138
-2.3,7,5637.391683
-2.1,3,5637.400764
36.3,31,5637.4958
33.35,54,5637.659434
24.95,118,5638.026701
-2.1,3,5638.035426
-3.8,13,5638.072879
33.65,64,5638.258555
36.2,29,5638.343067
-2.2,5,5638.357526
-2.15,4,5638.369438
-2.0,1,5638.37237
35.3,39,5638.486456
35.9,27,5638.565645
29.3,95,5638.859015
33.0,65,5639.050531
34.7,47,5639.196497
34.9,59,5639.381104
30.95,66,5639.573777
-3.35,20,5639.631731
35.2,45,5639.769612
-2.05,2,5639.775974
34.5,51,5639.936462
26.5,111,5646.54646
31.0,97,5646.851529
34.55,50,5647.00233
35.75,38,5647.114349
-2.1,3,5647.123462
-2.0,1,5647.126506
-2.05,2,5647.132312
-2.6,13,5647.170151
8.9,7,5647.191644
35.45,44,5647.320282
-2.0,1,5647.323326
35.0,45,5647.46104
24.65,108,5647.780729
33.55,54,5647.945174
36.75,26,5648.022496
33.95,50,5648.167677
19.25,116,5648.502823
34.45,48,5648.643457
34.6,41,5648.765501
-2.6,13,5648.805243
-2.1,3,5648.814404
35.45,44,5648.945019
35.3,39,5649.064058
32.45,56,5649.231502
-2.0,1,5649.234549
31.5,67,5655.407466
-4.4,13,5655.446844
32.6,65,5655.64404
31.05,80,5655.887447
32.15,66,5656.088295
-2.55,12,5656.125241
32.85,68,5656.33462
11.8,5,5656.34996
-2.2,5,5656.365179
34.75,54,5656.527303
-6.15,40,5656.646458
35.9,39,5656.765329
34.95,42,5656.892564
32.7,75,5657.120109
-2.65,10,5657.150648
35.3,43,5657.281487
7.95,2,5657.287592
33.35,54,5657.449779
-2.6,9,5657.475882
35.2,45,5657.606172
34.2,57,5657.771743
34.3,43,5657.899166
32.95,74,5658.123001
34.4,57,5658.297389
27.45,76,5664.740167
35.85,32,5664.833228
-2.0,1,5664.836121
-2.15,4,5664.847757
36.0,33,5664.944863
-3.3,27,5665.024197
30.8,73,5665.237163
34.7,43,5665.362725
8.4,405,5666.565761
-61.65,722,5674.639997
-4.2,29,5674.738384
35.6,37,5674.855936
34.75,42,5674.989438
-2.05,2,5674.995708
20.5,187,5675.599165
29.95,90,5675.869032
33.75,46,5676.001589
35.15,42,5676.123381
36.85,24,5676.194982
32.85,60,5676.384997
-2.1,3,5676.394582
27.8,129,5682.920114
36.05,28,5683.000577
36.65,28,5683.079883
-2.0,1,5683.082784
-2.15,4,5683.094285
-2.2,5,5683.108664
36.55,26,5683.182851
-5.85,514,5684.652381
34.0,37,5684.762738
35.9,35,5684.867269
-2.4,9,5684.89399
36.2,33,5684.99386
34.5,47,5685.134264
-2.2,5,5685.149129
35.8,33,5685.24513
35.4,41,5685.369346
-2.1,3,5685.378271
-3.25,18,5685.432548
35.3,43,5685.559829
-2.1,3,5685.568698
-2.0,1,5685.571768
30.1,67,5685.771065
34.85,48,5691.952306
33.7,55,5692.114597
-2.0,1,5692.117593
25.4,125,5692.486252
34.05,40,5692.605549
-2.0,1,5692.608496
33.55,58,5692.782006
35.55,46,5692.915565
36.1,27,5692.992734
31.15,78,5693.216908
-2.1,3,5693.225998
31.05,76,5693.45104
36.45,28,5693.542884
-14.1,475,5695.041767
-2.25,6,5701.298934
-2.5,7,5701.318588
36.6,29,5701.401213
33.1,71,5701.598184
36.4,29,5701.677826
35.6,33,5701.770608
35.95,30,5701.860671
7.95,2,5701.866539
36.4,29,5701.95242
35.8,33,5702.050028
34.45,52,5702.20592
36.4,29,5702.292426
-2.3,3,5702.301326
34.05,52,5702.448284
35.35,34,5702.54352
31.45,68,5702.733902
25.15,110,5703.04311
35.5,39,5703.157752
34.3,51,5703.303938
33.4,57,5703.467588
36.35,30,5703.554778
35.65,32,5703.64696
33.3,63,5703.833127
31.85,76,5704.058599
34.95,34,5704.159805
36.4,33,5710.380241
33.65,48,5710.521443
-10.25,434,5711.752095
35.1,51,5711.901636
27.95,122,5712.26643
32.1,71,5712.478695
33.95,50,5712.629602
32.05,68,5712.833399
-2.1,3,5712.842233
-2.0,1,5712.845256
-2.0,1,5712.848214
34.9,43,5712.97616
33.25,68,5713.179661
-2.75,12,5713.214065
27.3,95,5719.443684
22.35,138,5719.835667
-2.15,4,5719.846466
34.35,50,5719.984579
27.75,106,5720.270701
36.95,22,5720.330114
35.35,42,5720.443341
-2.7,11,5720.473146
33.35,58,5720.650618
10.0,1,5720.653699
35.5,35,5720.758791
-2.35,8,5720.781639
30.55,82,5721.025381
-2.0,1,5721.028386
9.95,2,5721.034536
-3.95,16,5721.081783
32.7,63,5721.263712
35.8,45,5721.39361
-2.2,5,5721.408586
33.9,55,5721.57433
36.5,23,5721.641324
33.9,39,5721.756605
35.8,37,5721.868117
26.25,148,5728.247277
36.0,33,5728.346101
36.4,33,5728.441288
32.5,63,5728.624592
-2.15,4,5728.636642
35.1,47,5728.778434
35.75,30,5728.869288
34.7,47,5729.009706
-3.1,15,5729.054739
35.45,32,5729.149171
36.45,28,5729.232633
30.05,84,5729.48271
-2.35,8,5729.506532
26.1,135,5729.905412
36.4,29,5729.992351
36.25,32,5730.088501
5.95,2,5730.094484
-2.15,4,5730.106377
-3.6,17,5730.155512
35.45,40,5730.275578
36.6,25,5730.350477
35.9,31,5730.443832
-3.6,17,5730.49834
36.3,31,5730.597346
31.2,77,5730.842211
31.8,69,5731.060177
33.8,49,5731.212537
35.5,35,5737.482117
-3.9,15,5737.526612
26.15,110,5737.842272
35.65,32,5737.938092
-2.35,8,5737.962219
35.5,43,5738.099403
5.0,1,5738.102622
34.1,55,5738.268522
-2.05,2,5738.274867
6.0,1,5738.278141
28.2,129,5738.663009
35.8,37,5738.773025
33.25,60,5738.948464
31.8,73,5739.168725
34.45,56,5739.338459
-2.55,12,5739.376483
34.15,54,5739.54551
31.45,64,5739.736597
-2.2,5,5739.751575
33.9,55,5739.917945
32.2,65,5740.112186
-2.0,1,5740.11513
-2.05,2,5740.121159
35.85,36,5740.227133
-2.25,6,5740.245162
34.3,47,5740.38575
29.35,78,5746.549743
-2.25,6,5746.567654
-2.7,11,5746.600763
32.2,81,5746.838961
-3.9,23,5746.905945
22.0,161,5747.382089
-2.3,7,5747.403187
-5.45,38,5747.517881
32.2,61,5747.709771
-2.15,4,5747.723094
-2.0,1,5747.72641
33.05,56,5747.901448
30.7,79,5748.135198
-2.25,6,5748.153808
35.7,39,5748.278739
35.45,36,5748.393083
27.7,115,5748.740801
11.95,2,5748.746835
36.05,36,5748.854717
-2.5,11,5748.888525
35.4,29,5748.975323
33.75,70,5749.180566
34.15,58,5749.347287
34.85,44,5749.474679
35.3,47,5755.686621
34.55,50,5755.829445
32.6,61,5756.003917
-2.15,4,5756.015474
36.55,26,5756.090247
35.95,34,5756.187829
33.85,44,5756.314079
33.6,57,5756.477175
35.95,34,5756.585415
33.05,64,5756.787791
33.7,55,5756.957942
36.85,20,5757.019557
36.0,33,5757.121207
34.8,45,5757.250827
36.2,33,5757.34582
35.8,41,5757.466478
32.05,76,5757.695451
29.75,90,5757.957276
35.9,35,5758.058726
32.85,64,5758.243098
-2.4,5,5758.257438
33.9,51,5758.404865
34.8,53,5758.558512
34.8,41,5764.78276
31.4,77,5765.011527
31.85,72,5765.227042
35.45,40,5765.346102
-4.15,28,5765.429366
35.4,33,5765.528266
34.1,59,5765.702833
26.9,147,5766.130957
-2.25,6,5766.148112
-2.35,8,5766.171031
34.8,49,5766.311091
33.1,59,5766.479398
29.65,100,5766.776779
35.4,49,5766.918155
-2.75,16,5766.964031
35.3,39,5767.07531
-2.25,6,5767.09256
33.4,61,5767.268333
36.0,33,5767.365383
33.05,76,5767.585567
36.6,25,5767.659854
-2.2,5,5767.674899
-2.75,8,5767.698687
35.3,39,5773.807597
35.0,41,5773.925118
5.0,1,5773.928055
35.05,40,5774.043356
5.0,1,5774.046365
24.0,145,5774.474334
29.55,86,5774.729432
-2.2,5,5774.74412
35.7,31,5774.836447
24.05,160,5775.295802
-2.2,5,5775.310167
35.8,37,5775.423192
35.05,48,5775.570146
34.45,44,5775.70462
-4.4,25,5775.780475
33.85,64,5775.967316
35.5,47,5776.103054
36.6,29,5776.191524
35.6,29,5776.280235
35.7,39,5776.393294
36.6,29,5776.476201
35.9,35,5776.576674
-2.55,12,5776.611363
34.55,50,5783.079864
32.9,75,5783.295233
-2.0,1,5783.298213
-2.65,10,5783.327839
35.4,41,5783.450273
35.4,37,5783.559888
28.4,65,5783.754313
36.05,36,5783.861537
23.55,102,5784.162734
35.5,39,5784.27424
32.0,69,5784.479712
36.65,28,5784.569368
34.95,42,5784.700016
5.0,1,5784.702957
-2.2,5,5784.717913
13.8,5,5784.732952
28.9,95,5785.015732
35.75,42,5785.140675
29.8,89,5785.405742
5.0,1,5785.40872
34.7,39,5785.524466
26.3,103,5785.82896
35.4,41,5785.949472
29.8,85,5792.183513
-2.2,5,5792.197874
-2.65,14,5792.23801
33.05,64,5792.423409
23.0,197,5792.97112
-3.95,20,5793.027252
31.3,75,5793.250378
-3.2,13,5793.288439
34.15,54,5793.443053
30.6,73,5793.654164
-2.3,7,5793.674256
13.9,3,5793.682861
-3.7,11,5793.714199
31.45,68,5793.909491
35.3,31,5794.0009
-2.3,7,5794.021975
-2.35,8,5794.045962
35.8,33,5794.144362
10.9,187,5794.806989
31.3,71,5795.033352
-2.2,5,5795.048859
35.05,44,5801.170028
-2.2,5,5801.184294
37.05,20,5801.243505
35.95,38,5801.359343
36.05,32,5801.454321
37.05,20,5801.511561
35.6,33,5801.606444
30.85,88,5801.858557
35.1,39,5801.972876
36.85,24,5802.043522
31.2,65,5802.235773
-2.1,3,5802.244778
-2.15,4,5802.256822
36.75,22,5802.322674
22.6,145,5802.759175
30.4,97,5803.038863
24.8,85,5803.268167
7.0,249,5803.968821
-2.5,11,5804.001628
35.7,39,5810.190195
37.0,21,5810.250652
6.0,1,5810.253615
36.75,22,5810.318312
36.4,33,5810.416411
32.25,68,5810.607861
34.95,42,5810.726038
34.05,56,5810.888841
25.9,103,5811.18331
-2.0,1,5811.18624
-4.05,22,5811.251848
36.1,31,5811.34401
32.35,62,5811.530956
19.75,138,5811.947102
-2.3,7,5811.968064
36.1,35,5812.073188
36.45,28,5812.156823
34.0,65,5812.351441
-2.1,3,5812.360065
36.4,29,5812.443446
36.15,34,5812.544424
32.05,52,5812.694112
-2.3,7,5812.715022
33.7,63,5812.896625
36.75,22,5812.962591
35.6,45,5813.096031
-2.1,3,5813.104726
35.75,34,5819.314794
37.15,18,5819.367742
36.25,32,5819.463149
35.5,35,5819.567927
35.75,38,5819.680612
30.6,81,5819.923326
35.1,35,5820.028027
-2.1,3,5820.036954
35.15,38,5820.150393
33.2,61,5820.332671
35.95,34,5820.434481
33.5,67,5820.635496
-6.8,33,5820.734475
34.6,53,5820.893225
36.85,24,5820.965258
36.25,36,5821.07293
34.4,61,5821.25508
-2.1,3,5821.264074
35.6,41,5821.38717
33.9,43,5821.516032
17.35,218,5822.153694
36.85,24,5822.222787
32.8,53,5828.423278
-2.25,6,5828.441158
-2.45,10,5828.47085
35.25,48,5828.612296
36.25,32,5828.70756
-2.45,6,5828.725597
30.7,71,5828.942056
-2.0,1,5828.945248
35.95,38,5829.064335
34.8,41,5829.189938
35.1,47,5829.33835
35.5,35,5829.44903
-2.0,1,5829.452169
36.0,41,5829.57765
34.5,51,5829.724453
-2.1,3,5829.733487
-3.25,18,5829.787582
36.7,23,5829.854166
36.4,25,5829.929348
36.05,40,5830.047502
34.9,43,5830.174137
34.9,43,5830.304245
34.65,44,5830.436892
-2.15,4,5830.448897
28.75,106,5830.759688
-2.15,4,5830.771874
-2.05,2,5830.777923
34.6,49,5830.925698
35.35,42,5831.050688
33.9,63,5831.235227
35.0,41,5831.359217
32.75,62,5837.608521
36.35,26,5837.6798
-2.55,12,5837.712076
34.15,50,5837.851567
36.05,36,5837.958799
34.3,47,5838.099429
32.75,66,5838.296407
32.4,57,5838.466867
33.6,53,5838.617283
-3.05,18,5838.667784
-2.15,4,5838.679049
33.05,48,5838.815569
35.25,40,5838.935402
36.55,30,5839.020623
-2.2,5,5839.034091
5.0,1,5839.036829
35.45,44,5839.1571
34.8,37,5839.258323
35.65,40,5839.369327
31.7,75,5839.579931
35.85,40,5839.687521
-2.25,6,5839.704491
-3.05,18,5839.755923
36.35,34,5839.852666
33.35,66,5840.042803
-3.55,16,5840.091167
-2.15,4,5840.103138
-2.6,13,5840.142123
36.5,31,5840.233066
7.95,2,5840.239441
31.0,69,5840.454258
-2.05,2,5840.460546
34.15,38,5846.657621
34.7,55,5846.814153
35.2,41,5846.931742
34.85,44,5847.05723
-2.3,7,5847.077187
33.5,63,5847.260808
35.65,36,5847.37026
35.4,41,5847.495056
34.0,65,5847.689457
33.9,47,5847.828183
29.3,111,5848.152209
35.35,42,5848.278325
30.1,83,5848.525357
36.3,31,5848.617979
32.45,48,5848.76396
30.8,77,5849.006782
34.05,48,5849.159153
36.25,32,5849.256644
-2.55,8,5849.280452
36.85,24,5849.352112
11.95,2,5849.358171
36.3,31,5849.451128
34.2,53,5849.609788
20.3,119,5855.832901
-2.1,3,5855.841366
35.95,30,5855.924984
-2.75,16,5855.969056
-2.15,4,5855.979923
26.7,107,5856.284135
35.85,36,5856.392311
33.6,57,5856.563055
36.5,27,5856.644349
36.85,24,5856.716138
33.8,65,5856.911168
34.35,42,5857.037487
25.65,132,5857.429837
33.0,57,5857.593739
-2.0,1,5857.596581
36.15,30,5857.685836
34.5,51,5857.842262
36.4,29,5857.93105
-2.55,12,5857.967355
36.5,27,5858.048342
34.3,47,5858.188979
-2.15,4,5858.201085
29.6,89,5858.470166
36.45,32,5864.596007
35.0,37,5864.706328
33.75,50,5864.855095
36.45,28,5864.935881
32.05,72,5865.13984
-3.95,16,5865.185353
-2.05,2,5865.191054
35.9,35,5865.290643
3.5,407,5866.485974
34.35,42,5866.609123
26.35,126,5866.980691
34.8,57,5867.146932
-5.15,32,5867.238258
33.3,71,5867.441696
29.95,98,5873.7318
33.45,56,5873.894844
35.5,39,5874.019232
36.2,29,5874.111559
-2.15,4,5874.124297
34.4,49,5874.26899
-2.15,4,5874.280913
36.85,24,5874.353079
-3.25,10,5874.384578
32.25,64,5874.588916
-2.15,4,5874.601612
-2.45,10,5874.633729
35.35,46,5874.778746
34.3,55,5874.953026
27.9,95,5875.249018
-11.0,53,5875.410634
36.75,26,5875.488598
35.9,31,5875.584391
34.25,48,5875.735741
-3.0,13,5875.776486
-2.0,1,5875.779408
36.6,25,5875.854147
31.1,79,5876.089241
-2.5,11,5876.122066
-2.3,7,5876.142103
33.45,48,5876.285324
-2.3,7,5876.30757
13.95,226,5883.255416
31.75,82,5883.501255
36.35,34,5883.608823
34.95,38,5883.722177
36.45,28,5883.803583
36.5,31,5883.896451
36.0,33,5883.995111
34.15,54,5884.154093
-2.15,4,5884.165885
-2.0,1,5884.168898
34.8,45,5884.298145
35.8,33,5884.392742
36.0,29,5884.475969
34.65,36,5884.583987
31.25,76,5884.809158
33.9,55,5884.97974
35.65,44,5885.109792
-2.05,2,5885.116113
6.0,1,5885.119315
35.8,41,5885.244165
34.7,55,5885.404295
-2.4,9,5885.429834
36.45,28,5885.509622
36.55,30,5885.597178
36.15,26,5885.675297
34.65,44,5885.807636
33.9,47,5885.946615
36.4,29,5891.845696
34.1,47,5891.982452
-2.4,9,5892.009161
17.95,258,5892.768806
6.0,1,5892.771793
-2.9,19,5892.826752
35.8,33,5892.925707
35.65,40,5893.04261
35.85,36,5893.152043
-2.25,6,5893.171328
-2.6,13,5893.2128
31.75,82,5893.465931
33.5,59,5893.637706
-2.25,6,5893.654818
36.0,33,5893.749747
32.95,50,5893.898799
35.75,42,5894.031458
-3.35,12,5894.069682
35.9,31,5894.165354
33.55,54,5894.321758
34.6,41,5894.439608
35.6,45,5894.568594
-2.15,4,5894.580031
34.45,44,5894.705915
32.85,80,5901.132708
36.6,25,5901.207521
35.15,46,5901.345087
-2.1,3,5901.354146
36.55,30,5901.444053
-5.25,54,5901.601794
34.7,51,5901.744312
33.4,57,5901.900173
35.5,47,5902.032769
11.9,3,5902.041786
5.0,1,5902.044821
36.45,28,5902.12882
32.55,62,5902.310763
-2.15,4,5902.322165
32.6,53,5902.473237
34.3,47,5902.608138
-2.2,5,5902.623071
33.9,63,5902.812787
-2.2,5,5902.827739
31.4,69,5903.036186
35.9,39,5903.160959
-2.25,6,5903.180198
35.85,32,5903.281533
30.2,57,5903.461514
7.95,2,5903.46788
33.4,61,5903.66308
35.0,41,5903.792978
27.6,125,5909.992979
35.45,44,5910.123948
35.0,37,5910.234455
35.5,47,5910.383069
35.9,35,5910.495098
36.0,33,5910.59993
34.05,64,5910.80399
6.0,1,5910.807219
27.15,78,5911.054925
20.1,183,5911.625235
34.35,50,5911.778924
-2.0,1,5911.78196
34.95,50,5911.935248
-2.0,1,5911.938299
33.95,46,5912.079544
36.1,35,5912.186867
33.5,59,5912.369801
-7.45,38,5912.485889
-2.95,12,5912.521219
9.9,3,5912.530191
35.4,37,5912.639828
35.8,41,5912.761528
-3.1,23,5912.828117
36.05,28,5912.910536
35.0,41,5913.033023
35.1,43,5919.341412
33.7,51,5919.494525
-2.55,8,5919.518493
34.3,55,5919.682997
27.55,106,5919.997711
17.1,151,5920.446094
-2.0,1,5920.448988
36.0,41,5920.570405
-23.05,602,5928.360984
35.1,47,5928.498989
36.05,40,5928.618635
34.7,47,5928.764509
35.9,39,5928.881684
-2.15,4,5928.893629
36.45,28,5928.97757
11.95,2,5928.983558
-2.55,8,5929.007428
-2.05,2,5929.013254
32.6,69,5929.219141
36.3,35,5929.323742
-2.35,8,5929.347627
34.75,46,5929.482323
36.45,32,5929.578681
30.3,75,5929.795482
34.7,43,5929.921647
12.7,219,5930.559845
34.9,51,5930.707208
35.0,41,5930.82183
34.7,51,5930.960427
-2.1,3,5930.968905
35.35,42,5931.087822
-2.55,12,5931.121807
-2.35,8,5931.143377
23.65,120,5937.473396
35.35,38,5937.594167
33.65,48,5937.747416
35.7,39,5937.874258
35.05,44,5938.010523
29.3,91,5938.282964
-2.25,6,5938.300822
32.65,60,5938.477783
29.75,78,5938.71262
5.0,1,5938.715656
4.85,192,5939.309125
34.85,52,5939.465372
24.95,134,5939.851051
-2.25,6,5939.868093
-2.0,1,5939.87101
-2.8,9,5939.89671
34.45,44,5940.025342
33.5,59,5940.200152
30.4,73,5946.336898
-2.3,7,5946.355778
-3.05,10,5946.382636
-2.1,3,5946.390717
-2.25,6,5946.406946
34.3,59,5946.567137
34.2,53,5946.718122
-3.15,16,5946.763852
-2.0,1,5946.766759
32.4,89,5947.018237
-2.5,7,5947.038072
35.75,34,5947.135579
6.0,1,5947.138509
35.95,34,5947.240199
36.4,29,5947.32747
36.1,31,5947.421069
-2.95,16,5947.469494
35.45,32,5947.566718
11.9,3,5947.575865
36.0,37,5947.694701
31.8,81,5947.955096
35.25,40,5948.084146
26.3,131,5948.494295
29.75,70,5948.70198
36.4,29,5948.788384
34.95,50,5948.939802
36.95,22,5949.00963
32.65,60,5949.181257
-3.2,21,5949.242576
30.85,68,5955.780982
35.55,42,5955.925108
33.1,63,5956.139258
-2.25,6,5956.159705
28.85,104,5956.522128
-2.9,11,5956.55918
-2.1,3,5956.569798
36.05,40,5956.712006
-2.15,4,5956.726201
15.6,213,5957.460986
33.3,67,5957.695936
36.0,33,5957.811331
34.85,40,5957.943738
10.0,1,5957.947093
35.25,36,5958.066549
36.15,38,5958.192099
-2.1,3,5958.201947
32.0,73,5958.449054
35.25,48,5958.603081
-3.2,13,5958.642929
34.25,44,5958.785853
35.7,31,5958.884146
32.4,53,5959.051373
36.05,32,5965.564954
36.5,31,5965.66059
32.25,68,5965.876047
35.8,33,5965.973641
34.65,48,5966.117464
36.3,35,5966.230668
-2.35,8,5966.256129
35.1,43,5966.398828
35.3,39,5966.523949
36.3,31,5966.619111
36.85,20,5966.679955
34.3,47,5966.824905
-2.0,1,5966.827946
-3.1,19,5966.886552
34.65,44,5967.022913
32.2,69,5967.235767
35.5,39,5967.355397
-2.25,6,5967.373846
-2.6,13,5967.414024
36.4,29,5967.50364
30.45,72,5967.718513
36.2,29,5967.804082
33.45,56,5967.969567
-2.3,7,5967.991174
-2.15,4,5968.003494
35.35,38,5968.121517
-2.4,9,5968.149712
33.6,53,5968.30674
35.9,35,5968.409685
35.3,39,5968.531673
-2.05,2,5968.538235
36.35,30,5968.628041
32.7,63,5975.189854
29.75,98,5975.482948
-2.3,7,5975.504612
36.6,29,5975.594944
35.35,38,5975.711265
35.75,42,5975.839261
-2.1,3,5975.848362
19.75,6,5975.866803
-2.1,3,5975.875965
35.0,37,5975.989377
28.5,87,5976.267908
30.4,73,5976.509959
35.05,48,5976.666421
35.35,42,5976.792004
35.05,40,5976.912012
27.8,97,5977.184118
21.5,115,5977.527211
35.15,46,5977.672417
27.75,106,5977.987796
27.45,116,5984.547894
20.45,128,5984.942412
33.15,58,5985.115756
34.45,48,5985.260741
34.3,51,5985.423889
-2.7,11,5985.460033
33.75,58,5985.642142
35.4,41,5985.765245
34.3,47,5985.909002
36.65,24,5985.981944
-5.8,29,5986.069696
35.4,41,5986.196068
34.0,45,5986.334772
35.7,39,5986.454589
26.65,160,5986.955147
34.35,42,5987.090325
35.5,39,5987.213579
34.0,49,5987.375032
10.0,253,5993.606715
36.5,31,5993.694349
-2.05,2,5993.700069
-2.0,1,5993.703091
-2.35,8,5993.724504
35.55,38,5993.831707
11.75,226,5994.49452
34.55,46,5994.631938
34.35,38,5994.745638
35.1,43,5994.874264
-3.7,27,5994.955364
35.5,35,5995.086912
31.3,87,5995.337651
35.75,38,5995.446176
30.85,84,5995.690209
-3.85,22,5995.760261
36.75,22,5995.830166
34.75,42,5995.965517
-2.6,9,5995.994405
-2.05,2,5996.000856
36.15,38,6002.118946
-2.05,2,6002.12492
-2.25,6,6002.142838
34.8,57,6002.311963
-3.0,13,6002.350913
35.35,42,6002.473281
35.55,38,6002.579589
-2.1,3,6002.587945
35.25,44,6002.716468
32.05,60,6002.884526
36.45,32,6002.971225
34.55,46,6003.099426
29.8,89,6003.351292
36.05,32,6003.44196
9.95,2,6003.44764
33.0,61,6003.622695
-2.05,2,6003.628691
35.7,31,6003.722052
33.2,69,6003.931404
36.3,31,6004.024996
-2.05,2,6004.030957
23.5,143,6004.463882
36.0,33,6004.561096
9.85,4,6004.573035
34.6,53,6004.731111
34.35,54,6004.890503
13.9,3,6004.899459
35.4,41,6005.01932
-2.1,3,6005.027925
33.45,52,6011.365092
35.6,41,6011.480737
36.3,31,6011.569071
11.9,3,6011.578034
-3.3,15,6011.621896
-3.2,17,6011.672889
36.9,23,6011.740603
35.5,35,6011.845051
-12.35,64,6012.031135
-2.1,3,6012.039602
35.8,37,6012.144102
36.25,32,6012.234315
36.25,32,6012.328028
35.6,37,6012.431964
35.0,49,6012.566907
31.25,80,6012.790755
35.75,38,6012.898529
35.9,39,6013.013947
-2.15,4,6013.025897
35.75,34,6013.127984
34.15,54,6013.299607
37.0,21,6013.367569
-3.45,18,6013.423716
36.25,28,6013.509004
-2.05,2,6013.515129
-2.3,7,6013.536597
-2.4,9,6013.563203
34.3,51,6013.716864
-57.25,722,6021.865602
-4.6,33,6021.960915
-2.0,1,6021.963797
-2.1,3,6021.97238
35.55,46,6022.104358
36.1,31,6022.193369
35.2,41,6022.311867
-3.2,17,6022.36104
-2.05,2,6022.366763
17.1,207,6022.98838
14.1,243,6029.883953
9.35,6,6029.900525
35.95,34,6029.995421
37.45,12,6030.029018
-2.75,16,6030.073596
33.8,49,6030.212708
36.7,27,6030.29355
-2.3,7,6030.313795
36.4,29,6030.396381
36.75,26,6030.474204
11.95,2,6030.47999
36.7,23,6030.548887
-2.3,7,6030.56892
-2.1,3,6030.578104
32.45,72,6030.78773
36.1,35,6030.890292
35.4,37,6030.99974
-2.1,3,6031.008616
33.0,61,6031.180985
36.8,21,6031.23948
35.35,34,6031.335021
-2.5,11,6031.36588
34.95,42,6031.487929
32.85,68,6031.691548
32.35,78,6031.911428
35.75,34,6032.010599
-2.3,7,6032.031388
34.7,59,6032.207335
31.85,68,6032.406681
-2.15,4,6032.418559
30.65,88,6039.286698
-2.4,9,6039.316464
32.65,56,6039.493846
33.9,55,6039.665966
34.6,45,6039.813025
35.4,41,6039.949003
-2.65,6,6039.968986
-2.1,3,6039.979012
-2.15,4,6039.992204
35.35,46,6040.144488
34.2,53,6040.319561
-2.55,12,6040.356566
36.6,29,6040.446256
36.0,41,6040.568611
34.1,43,6040.707595
35.75,38,6040.827261
-2.15,4,6040.839744
36.4,25,6040.91874
5.95,2,6040.925051
-2.35,8,6040.94893
36.7,27,6041.033074
36.7,23,6041.105749
13.7,7,6041.128203
36.05,28,6041.216731
33.55,58,6041.399591
34.45,52,6041.561063
36.25,32,6041.662271
-2.0,1,6041.665395
-2.35,8,6041.690645
-2.25,6,6041.70976
-2.1,3,6041.719276
34.05,56,6041.892593
25.85,96,6042.194543
-2.75,8,6042.219628
34.15,34,6048.689875
32.8,69,6048.899161
36.8,21,6048.966786
29.0,101,6049.287705
34.25,56,6049.465975
33.9,59,6049.656047
-2.1,3,6049.665615
-2.5,11,6049.701718
-2.05,2,6049.708145
35.45,44,6049.85287
12.35,210,6050.49505
35.0,45,6050.629448
24.35,90,6050.904942
34.75,42,6051.032772
32.4,53,6051.193394
9.9,3,6051.202231
31.7,67,6051.404592
35.3,39,6051.51966
-2.25,6,6051.537312
33.0,61,6051.716269
33.65,52,6058.036129
35.75,42,6058.165063
-2.05,2,6058.171173
-2.35,8,6058.195953
8.2,277,6059.03736
36.3,35,6059.140197
-2.45,10,6059.169635
-2.35,8,6059.193265
-2.05,2,6059.199214
35.8,33,6059.299149
34.35,54,6059.525609
34.75,46,6059.681525
36.4,33,6059.778638
35.45,40,6059.899087
35.2,37,6060.010168
35.05,48,6060.158241
36.6,29,6060.247489
-2.3,7,6060.269032
35.65,40,6060.392269
34.1,55,6060.560853
-4.3,23,6060.631568
35.65,36,6060.742513
-2.35,8,6060.766492
-2.05,2,6060.772516
35.8,33,6060.873214
-2.0,1,6060.876169
-4.1,23,6060.944809
-2.2,5,6060.960086
-2.3,7,6060.981744
36.15,34,6061.086035
30.4,89,6067.627242
19.1,179,6068.17327
35.2,41,6068.301364
-8.55,312,6069.243474
35.95,34,6069.345348
33.7,47,6069.484034
27.85,120,6069.837557
35.5,43,6069.970117
35.45,48,6070.11184
-2.2,5,6070.126529
35.0,41,6070.25159
33.35,62,6070.435171
34.35,42,6076.782532
28.8,89,6077.070173
31.25,80,6077.33345
30.55,70,6077.561235
11.9,3,6077.570755
35.45,40,6077.702768
33.15,42,6077.841268
-2.3,7,6077.862811
-2.2,5,6077.878292
25.7,123,6078.25063
34.25,52,6078.410882
19.65,124,6078.785597
7.95,2,6078.791794
-2.15,4,6078.804105
-2.85,10,6078.835011
36.1,35,6078.94335
26.35,138,6079.387343
34.3,43,6079.524092
28.95,86,6079.785897
34.3,47,6079.924334
34.6,41,6086.257542
36.95,22,6086.321814
34.25,48,6086.463288
25.95,138,6086.874673
18.2,157,6087.356833
36.25,32,6087.45536
9.95,2,6087.461313
32.35,74,6087.684882
9.9,3,6087.694196
34.75,46,6087.839907
36.3,31,6087.94037
32.65,52,6088.096752
34.05,64,6088.295316
-12.75,76,6088.520504
35.05,44,6088.656138
30.2,77,6088.894776
36.65,24,6088.968638
35.55,34,6089.072293
35.35,38,6089.185764
32.8,69,6095.588859
34.1,47,6095.730047
-2.15,4,6095.741844
35.9,31,6095.833565
34.6,41,6095.957682
30.05,84,6096.213788
13.1,215,6096.864325
36.65,24,6096.934319
33.15,58,6097.104485
-2.8,13,6097.142726
-3.1,15,6097.186893
-2.2,5,6097.201837
35.0,37,6097.312772
29.85,96,6097.598828
-2.4,9,6097.625378
35.75,30,6097.716715
-2.3,7,6097.738413
34.7,55,6097.907521
34.5,35,6098.015713
10.7,275,6105.031748
35.55,42,6105.158376
9.95,2,6105.164355
35.4,45,6105.297832
35.85,40,6105.421844
36.8,21,6105.483833
9.55,6,6105.502227
-2.35,8,6105.526839
35.9,35,6105.64158
34.9,43,6105.760675
36.05,40,6105.860003
-2.7,11,6105.887231
33.25,68,6106.05729
-2.1,3,6106.065021
36.6,25,6106.130348
35.35,42,6106.242798
36.45,28,6106.320059
36.85,24,6106.382702
-2.15,4,6106.393599
28.65,92,6106.646111
33.4,61,6106.816333
-2.1,3,6106.825032
-2.05,2,6106.831213
13.9,3,6106.83992
32.15,78,6107.061249
35.2,53,6107.209909
-3.2,13,6107.246349
-2.15,4,6107.258099
35.2,45,6107.390384
-2.2,5,6107.40502
36.15,30,6107.491809
-3.45,18,6107.541229
35.3,47,6113.620906
-2.0,1,6113.62381
30.9,59,6113.80454
36.3,31,6113.898547
7.95,2,6113.904645
-3.45,18,6113.959514
36.8,25,6114.034581
-2.45,10,6114.064425
36.8,25,6114.138612
-2.05,2,6114.144492
36.9,23,6114.213205
23.45,124,6114.593818
-2.25,6,6114.611768
35.95,34,6114.711131
35.3,31,6114.79776
35.65,36,6114.904782
32.25,68,6115.113801
31.9,71,6115.329924
30.8,77,6115.559571
34.25,56,6115.727229
-2.35,8,6115.751011
35.1,39,6115.868427
33.4,49,6116.027808
32.95,78,6116.26723
35.0,49,6116.413295
36.1,31,6116.504545
-2.15,4,6116.51628
36.8,25,6116.590305
-2.45,10,6116.620301
27.55,102,6123.191042
-2.25,6,6123.208475
35.0,33,6123.305418
-3.25,26,6123.380512
-3.75,36,6123.485461
33.45,68,6123.696672
-2.45,10,6123.728015
-2.0,1,6123.731124
36.6,25,6123.809367
33.5,59,6123.991762
-2.65,10,6124.021509
-2.45,10,6124.051281
-2.25,6,6124.069752
35.3,35,6124.176058
33.4,61,6124.362252
-2.15,4,6124.374285
36.15,34,6124.476465
35.45,44,6124.612008
-2.25,6,6124.630704
35.7,35,6124.738846
33.6,49,6124.893548
35.0,37,6125.007415
35.1,47,6125.153434
7.95,2,6125.159921
28.85,104,6125.497541
27.25,136,6125.930604
29.85,88,6132.493536
36.55,26,6132.571747
-2.4,9,6132.598804
-2.15,4,6132.610785
34.6,49,6132.756076
34.9,51,6132.908055
34.25,52,6133.069012
-3.8,21,6133.132321
36.35,30,6133.222412
-2.1,3,6133.231492
33.75,50,6133.383791
36.5,27,6133.466064
30.75,82,6133.704337
8.0,1,6133.70731
35.8,37,6133.813829
-3.0,9,6133.839859
36.25,32,6133.931483
32.15,78,6134.162781
-2.25,6,6134.180589
-2.15,4,6134.192492
19.6,9,6134.220671
34.8,45,6134.360482
35.1,39,6134.47813
32.15,82,6134.728726
35.7,35,6134.836976
34.65,44,6134.973461
34.7,47,6135.113304
36.15,34,6135.215066
35.95,34,6135.316613
36.5,31,6135.408503
-2.15,4,6135.420523
-2.15,4,6135.432545
-2.05,2,6135.43851
36.35,26,6141.818332
36.9,23,6141.89079
-2.25,6,6141.909515
36.3,31,6142.007116
30.9,71,6142.226335
36.0,33,6142.328879
34.7,63,6142.523414
37.05,20,6142.582002
36.15,30,6142.666201
34.1,47,6142.805128
-2.05,2,6142.811299
-2.25,6,6142.829847
32.85,72,6143.052796
-3.1,15,6143.09988
33.45,52,6143.260176
36.5,31,6143.354861
-2.5,7,6143.375871
32.8,61,6143.562876
-2.15,4,6143.575494
30.55,94,6143.867945
30.8,97,6144.164198
34.25,56,6144.330511
-2.45,10,6144.360256
36.45,32,6144.45573
36.0,33,6144.558337
9.9,3,6144.567647
35.4,37,6144.682976
35.95,30,6144.775858
-2.2,5,6144.791237
33.7,55,6151.275797
35.55,38,6151.388267
34.95,46,6151.525892
35.85,28,6151.609817
9.9,3,6151.618873
36.15,38,6151.732337
-2.3,7,6151.754541
33.85,60,6151.937529
34.9,43,6152.066289
-2.0,1,6152.069244
34.65,40,6152.189706
29.45,84,6152.445479
23.9,175,6152.98687
36.25,28,6153.07357
36.9,19,6153.130855
33.65,60,6153.312183
36.35,30,6153.405955
28.7,83,6153.653883
36.9,23,6153.718981
35.6,41,6153.833931
36.1,27,6153.909919
-2.35,8,6153.935013
36.4,29,6154.025994
36.4,33,6154.125607
36.0,29,6154.21019
36.9,23,6154.278324
35.95,34,6160.466775
35.55,34,6160.572929
-2.9,7,6160.594788
35.4,41,6160.720185
-2.1,3,6160.729157
36.5,27,6160.80977
32.4,73,6161.02761
10.0,1,6161.030629
9.9,3,6161.039449
34.65,52,6161.194163
35.9,39,6161.3106
28.35,110,6161.638809
-2.0,1,6161.641773
-2.3,7,6161.662629
24.0,157,6162.138913
36.0,33,6162.243974
36.05,36,6162.358315
36.05,28,6162.445658
36.0,37,6162.556056
36.1,27,6162.637472
35.65,36,6162.744759
36.45,28,6162.828101
-2.2,5,6162.842938
35.85,28,6162.926162
-2.4,9,6162.954082
36.0,41,6163.080166
7.9,3,6163.089561
36.2,29,6163.180328
35.05,40,6163.303509
21.65,172,6170.12398
30.1,67,6170.346104
-2.65,6,6170.365353
34.75,50,6170.526447
35.0,41,6170.655269
35.95,30,6170.745228
-2.25,6,6170.763172
30.4,93,6171.049424
-2.7,15,6171.096517
-2.35,8,6171.12132
34.8,53,6171.292784
34.9,47,6171.475405
35.5,35,6171.607511
34.6,45,6171.78242
36.6,25,6171.887548
-2.15,4,6171.904358
11.95,2,6171.912822
36.45,28,6172.02838
-2.05,2,6172.036535
33.7,55,6172.239527
34.5,55,6172.440888
35.4,37,6172.576887
36.25,36,6172.7053
-2.05,2,6172.712038
5.0,1,6172.715513
28.95,74,6172.967859
31.1,71,6173.209049
-126.05,722,6181.655809
-2.05,2,6181.661839
-2.25,6,6181.679181
35.25,40,6181.795402
36.0,37,6181.902858
33.75,58,6182.061702
35.15,42,6182.176939
5.0,1,6182.179672
32.1,67,6182.362611
34.3,43,6182.48633
32.5,71,6188.503093
36.35,30,6188.58557
6.0,1,6188.588525
32.65,68,6188.781705
32.0,73,6189.001445
26.6,85,6189.253918
-2.05,2,6189.260046
32.3,51,6189.411093
37.1,19,6189.468055
31.25,92,6189.743423
35.15,42,6189.873053
35.65,32,6189.970989
-2.0,1,6189.974055
30.55,66,6190.171036
34.8,37,6190.28408
31.45,92,6190.562497
35.35,38,6190.681503
-8.75,48,6190.827701
33.55,50,6190.978595
34.6,45,6191.11354
36.85,24,6191.184131
-2.0,1,6191.187075
-2.15,4,6191.198781
-2.65,6,6191.216347
6.0,1,6191.219422
36.55,30,6191.308338
-3.25,14,6191.349886
5.0,1,6191.353325
36.6,29,6191.444615
36.2,29,6197.525679
-2.55,8,6197.549272
-2.15,4,6197.561036
7.95,2,6197.567026
36.6,25,6197.641321
-4.3,27,6197.721136
30.2,69,6197.923816
35.85,36,6198.0297
36.9,23,6198.097399
-2.0,1,6198.100312
33.7,55,6198.261484
33.3,59,6198.434838
-3.2,21,6198.496259
19.1,187,6199.052013
36.45,28,6199.136583
33.3,63,6199.319477
-2.0,1,6199.322347
36.3,27,6199.401511
-3.1,15,6199.445225
-2.0,1,6199.448169
-3.4,25,6199.521548
36.35,26,6199.597974
-2.0,1,6199.600858
35.35,38,6199.712476
31.95,58,6199.88221
36.5,31,6199.976142
36.8,25,6200.050999
-2.4,9,6200.077455
33.95,54,6200.242482
33.7,51,6200.39122
35.35,42,6206.601226
36.05,36,6206.702679
-2.0,1,6206.705579
33.05,64,6206.893437
31.85,72,6207.097357
33.65,56,6207.256487
35.5,35,6207.356973
34.3,43,6207.485981
25.8,89,6207.753025
33.25,48,6207.900281
-2.1,3,6207.909597
-2.1,3,6207.918878
-2.15,4,6207.931585
36.7,27,6208.014856
34.4,45,6208.153442
37.1,19,6208.211781
34.8,45,6208.346565
36.8,25,6208.420241
35.9,39,6208.535187
35.25,44,6208.665468
10.0,1,6208.668463
-2.15,4,6208.680348
31.95,86,6208.935383
35.1,39,6209.051017
-2.2,5,6209.065725
34.95,34,6209.166241
34.85,44,6209.303221
36.2,37,6209.419884
30.95,58,6209.602421
32.6,77,6215.987409
33.5,71,6216.206254
35.35,38,6216.318801
32.85,76,6216.552046
34.85,56,6216.717052
-2.15,4,6216.728793
-2.05,2,6216.73475
35.55,30,6216.823478
-4.75,48,6216.967928
34.4,53,6217.136277
-4.85,34,6217.244456
17.45,184,6217.811124
35.5,39,6217.926019
-2.2,5,6217.940675
35.6,33,6218.042108
-2.1,3,6218.051323
36.15,34,6218.155504
-2.15,4,6218.167822
-2.2,5,6218.183218
-2.1,3,6218.192476
-2.5,11,6218.226525
35.95,38,6218.342423
34.2,49,6218.492289
35.45,40,6218.615945
-3.0,17,6218.668437
-2.75,16,6218.718323
34.75,46,6218.860315
36.35,30,6225.201902
34.1,51,6225.367904
33.65,68,6225.58901
36.0,37,6225.708304
35.65,36,6225.826366
34.3,51,6226.003036
-3.55,12,6226.044485
33.2,57,6226.223079
34.75,38,6226.34796
32.8,57,6226.522799
35.3,43,6226.652078
36.5,27,6226.734693
14.75,230,6227.443753
22.65,140,6227.860161
34.8,45,6227.993793
25.85,108,6228.318637
7.95,2,6228.325204
35.75,38,6234.547693
35.6,41,6234.664856
31.6,77,6234.888732
35.2,45,6235.021005
36.55,22,6235.085342
35.95,30,6235.172721
36.15,30,6235.260204
35.5,31,6235.350903
36.15,34,6235.450401
36.55,30,6235.538125
36.4,29,6235.624532
-2.2,5,6235.639866
36.9,23,6235.705712
-2.25,6,6235.722394
33.65,56,6235.876488
35.8,37,6235.982929
-4.7,23,6236.052336
35.2,41,6236.175091
33.25,52,6236.328032
35.35,38,6236.439335
29.95,94,6236.73003
5.0,1,6236.732956
-3.5,19,6236.788558
35.0,41,6236.909534
33.1,67,6237.10659
-4.5,35,6237.209322
28.65,92,6243.835218
-2.3,7,6243.856787
-2.55,8,6243.881581
5.0,1,6243.884672
36.25,32,6243.984007
24.85,136,6244.387834
-2.55,4,6244.400058
20.35,178,6244.957771
35.5,43,6245.084686
34.7,51,6245.236427
33.7,55,6245.403769
21.45,164,6245.916178
-2.1,3,6245.926052
36.75,26,6246.012144
-1.8,345,6253.036957
-2.1,3,6253.045568
36.3,35,6253.143049
36.05,32,6253.23045
36.4,25,6253.300935
34.1,47,6253.433535
36.15,30,6253.523061
36.5,27,6253.601946
36.8,25,6253.675126
34.15,54,6253.833029
34.65,48,6253.974963
35.75,30,6254.063044
-2.0,1,6254.065936
35.5,39,6254.180856
32.9,79,6254.414918
35.2,45,6254.549931
30.05,76,6254.786502
36.1,35,6254.892988
33.7,55,6255.071321
36.75,26,6255.156948
35.75,38,6255.282271
34.2,49,6255.439447
27.9,103,6255.754132
-2.0,1,6255.756974
15.8,5,6255.771561
-2.25,6,6255.789959
36.05,32,6255.887885
-2.0,1,6255.890942
30.85,68,6262.287575
35.4,41,6262.409756
-2.1,3,6262.418667
33.7,55,6262.583396
34.35,46,6262.718152
36.35,30,6262.807566
-2.7,15,6262.854204
33.25,64,6263.050936
-2.1,3,6263.059979
-5.55,28,6263.140773
29.05,84,6263.384784
35.05,48,6263.525173
34.45,48,6263.668106
-2.0,1,6263.671242
-2.0,1,6263.674342
32.1,83,6263.92905
9.5,7,6263.950371
-2.05,2,6263.956422
30.3,103,6264.25983
34.55,42,6264.381873
35.65,36,6264.48667
35.8,41,6264.610639
35.45,32,6264.704808
36.15,30,6264.795941
-2.7,11,6264.829212
33.55,50,6264.985327
-3.7,19,6265.04561
-2.65,10,6265.077976
36.85,24,6265.155615
35.3,39,6265.274215
34.95,42,6271.629016
34.6,45,6271.767146
-2.75,12,6271.804264
22.75,170,6272.323734
34.3,55,6272.491378
36.2,29,6272.579464
7.95,2,6272.585465
36.1,35,6272.692593
36.7,27,6272.774691
34.05,48,6272.923636
36.5,23,6272.991053
35.85,36,6273.098297
34.3,43,6273.228876
32.45,64,6273.423579
9.95,2,6273.429689
34.05,44,6273.563418
36.15,30,6273.654017
36.05,36,6273.764121
34.25,44,6273.898747
17.7,7,6273.919712
31.95,70,6274.130067
-2.05,2,6274.13613
31.15,86,6274.393958
36.4,29,6274.48243
36.3,35,6274.584306
-2.35,8,6274.607652
-2.45,10,6280.780613
33.9,55,6280.946271
36.85,24,6281.019462
36.35,30,6281.111799
5.95,2,6281.117977
35.75,42,6281.241862
-2.05,2,6281.247679
34.4,57,6281.414637
35.4,37,6281.519113
34.0,45,6281.654309
-2.3,7,6281.674751
36.6,25,6281.747927
-3.1,15,6281.792909
-2.0,1,6281.795951
32.4,81,6282.028049
32.85,60,6282.192269
-2.05,2,6282.197681
-2.3,7,6282.216767
-2.4,9,6282.241395
37.0,21,6282.300025
25.55,102,6282.598129
11.85,4,6282.609761
7.95,2,6282.615537
36.15,34,6282.714473
-2.45,10,6282.743468
34.4,41,6282.859396
30.15,78,6283.082279
34.1,55,6283.250148
36.3,31,6283.339582
-2.0,1,6283.342535
-2.25,6,6283.359893
-2.15,4,6283.371686
34.05,56,6283.534321
34.9,47,6283.666298
-2.0,1,6283.669225
32.25,72,6290.09218
35.95,34,6290.196182
30.2,81,6290.440619
5.0,1,6290.443537
36.5,23,6290.510794
33.7,55,6290.666573
-4.85,18,6290.716473
30.35,102,6291.020263
-2.5,11,6291.054199
33.3,59,6291.232515
33.1,67,6291.432093
34.7,43,6291.563794
35.0,37,6291.677386
36.25,32,6291.775622
36.1,31,6291.87154
32.7,67,6292.078187
35.9,39,6292.191459
-2.5,11,6292.223632
35.85,32,6292.315754
22.7,99,6292.590715
35.85,36,6292.696377
30.55,86,6292.958737
36.2,33,6299.21933
35.95,30,6299.31076
35.1,43,6299.442191
34.45,56,6299.611629
27.5,139,6300.032979
34.95,50,6300.204062
33.1,63,6300.414913
33.45,56,6300.592997
36.75,22,6300.657102
35.4,41,6300.777455
32.65,72,6300.989011
34.75,50,6301.139246
-3.25,22,6301.205282
-2.05,2,6301.21129
5.95,2,6301.217498
35.2,37,6301.332696
-2.15,4,6301.345093
34.75,58,6301.533003
-2.1,3,6301.542803
32.45,64,6301.754131
31.15,74,6301.988133
-3.1,11,6302.024381
34.15,54,6302.196709
-3.4,21,6302.265353
34.1,47,6308.499352
36.5,31,6308.590309
30.0,69,6308.792203
36.7,23,6308.861556
-5.7,27,6308.940981
37.1,19,6308.996946
-2.65,6,6309.014675
34.25,56,6309.186437
36.65,24,6309.257368
32.1,63,6309.443169
34.0,53,6309.603272
36.35,34,6309.708878
-2.35,8,6309.734764
36.55,26,6309.819676
34.05,56,6310.00243
-2.0,1,6310.005683
35.7,35,6310.121154
-2.2,5,6310.136768
-2.1,3,6310.146234
-2.0,1,6310.149415
13.9,3,6310.158833
36.8,21,6310.224164
29.9,71,6310.439385
36.4,25,6310.515917
35.45,40,6310.638985
9.9,3,6310.647959
29.55,66,6310.851027
30.8,85,6311.112823
28.6,93,6311.39571
8.0,1,6311.398726
31.25,60,6317.594649
36.85,24,6317.668872
-2.1,3,6317.678157
35.2,45,6317.814729
35.45,36,6317.921063
36.1,35,6318.028475
33.4,57,6318.205818
30.7,67,6318.424877
34.8,45,6318.569327
-2.95,12,6318.607216
35.5,43,6318.744502
-2.1,3,6318.75409
7.9,3,6318.763566
35.9,31,6318.858685
-2.05,2,6318.864457
-2.1,3,6318.873322
-2.7,15,6318.918133
36.1,31,6319.011925
-2.3,7,6319.032744
9.95,2,6319.038638
5.0,1,6319.041654
23.0,113,6319.382916
34.5,51,6319.535933
34.3,43,6319.666266
-2.3,7,6319.687884
35.65,44,6319.820333
27.25,116,6320.174294
36.5,23,6320.242339
-2.85,14,6320.28368
35.2,49,6320.436129
34.95,38,6320.552647
-2.0,1,6320.555635
-2.05,2,6320.561548
33.65,56,6320.730707
36.35,30,6326.957251
31.5,55,6327.120761
34.3,63,6327.315014
29.55,58,6327.493622
-2.25,6,6327.512209
35.15,42,6327.642004
30.3,83,6327.890018
32.6,49,6328.044125
36.65,24,6328.121581
35.55,42,6328.249413
28.55,102,6328.564261
-2.35,8,6328.58891
30.75,70,6328.812483
33.9,51,6328.961586
36.35,30,6329.049944
35.85,40,6329.168151
35.75,42,6329.291375
32.5,83,6329.536295
34.05,40,6329.660929
35.85,36,6329.777545
30.0,81,6336.225109
36.2,29,6336.308893
30.2,93,6336.579123
35.65,32,6336.670854
35.85,36,6336.774899
36.1,35,6336.874534
-2.05,2,6336.880237
35.4,41,6336.998568
36.55,30,6337.081994
36.9,23,6337.148117
36.35,30,6337.234571
36.35,34,6337.333668
36.7,27,6337.416433
-2.0,1,6337.419616
31.25,60,6337.599807
35.6,41,6337.715567
35.8,37,6337.821727
35.35,34,6337.919635
-2.05,2,6337.925622
-2.7,15,6337.969766
33.4,57,6338.160011
32.35,78,6338.390143
25.65,140,6338.798277
33.45,64,6338.987704
-3.35,24,6339.061817
35.95,30,6339.153383
33.5,51,6345.42442
35.25,36,6345.537198
34.65,56,6345.712981
34.7,51,6345.873372
-2.0,1,6345.876507
36.55,30,6345.973295
34.15,54,6346.150516
34.0,57,6346.336455
36.2,33,6346.444589
-2.35,8,6346.470711
31.65,88,6346.753414
30.4,61,6346.953382
36.75,26,6347.038871
36.7,23,6347.113137
35.05,44,6347.250392
36.15,30,6347.3392
36.2,29,6347.425931
6.0,1,6347.428849
-2.2,5,6347.443495
34.85,52,6347.596068
36.6,25,6347.669264
-2.05,2,6347.675028
36.45,32,6347.769091
34.15,62,6347.950848
36.95,22,6348.016168
35.5,35,6348.122304
-2.5,11,6348.156254
-2.0,1,6348.159324
20.5,187,6354.904721
-3.65,14,6354.946548
36.8,25,6355.024477
-2.2,5,6355.039985
36.7,27,6355.123593
32.55,58,6355.300501
-2.15,4,6355.312633
-2.9,19,6355.370736
36.8,25,6355.447379
36.9,23,6355.517348
36.45,28,6355.599404
31.45,88,6355.857572
33.75,54,6356.017183
-2.95,16,6356.064147
36.05,32,6356.15879
36.8,25,6356.233005
-2.1,3,6356.24171
-4.35,16,6356.288466
33.45,48,6356.431469
35.0,49,6356.574993
-3.8,29,6356.6602
34.15,58,6356.830732
36.35,30,6356.918417
34.9,39,6357.033782
23.7,139,6357.456089
-2.45,10,6357.486624
34.3,55,6357.679675
-2.1,3,6357.688366
24.1,131,6364.30262
32.6,53,6364.46456
-2.0,1,6364.467612
36.65,24,6364.541427
35.9,35,6364.64869
36.55,26,6364.727653
35.45,40,6364.847698
-2.1,3,6364.856427
-2.0,1,6364.859364
36.65,28,6364.943192
-2.25,6,6364.961197
37.0,17,6365.010999
31.45,92,6365.286565
36.35,30,6365.377448
36.75,22,6365.442879
35.55,46,6365.579883
-2.05,2,6365.585747
34.85,36,6365.692625
-3.35,20,6365.753717
32.9,55,6365.922132
32.35,54,6366.087515
35.7,35,6366.194733
35.6,29,6366.282992
-2.2,5,6366.298151
32.95,66,6366.499877
-2.95,20,6366.56073
35.9,39,6366.68416
7.95,2,6366.690781
-2.0,1,6366.694014
34.85,40,6366.824928
35.95,34,6366.936448
31.75,54,6367.111371
36.2,29,6373.383463
-2.1,3,6373.391943
-2.3,3,6373.400464
36.4,29,6373.483478
32.1,67,6373.675381
34.35,46,6373.804918
34.95,46,6373.939675
-2.0,1,6373.94257
-2.25,6,6373.960733
-2.2,5,6373.976073
34.1,51,6374.130687
-2.2,5,6374.145548
35.8,41,6374.268046
34.7,43,6374.399007
36.95,22,6374.465203
26.75,90,6374.735208
35.1,43,6374.862239
36.25,28,6374.947553
32.4,53,6375.106535
36.55,30,6375.196933
33.15,70,6375.409801
36.4,29,6375.497695
36.9,23,6375.567756
31.45,88,6375.829522
36.1,31,6375.921242
35.6,37,6376.030799
36.35,30,6376.12131
34.4,41,6376.245663
36.05,36,6376.355071
36.65,24,6382.587768
-2.2,5,6382.602133
6.0,1,6382.605056
36.0,29,6382.688096
35.4,45,6382.816625
35.8,37,6382.928591
34.75,50,6383.081571
35.7,39,6383.199891
35.05,40,6383.317405
32.7,63,6383.502786
-3.3,19,6383.558352
34.45,52,6383.71136
36.0,29,6383.799892
36.3,31,6383.891944
-2.0,1,6383.894985
35.25,44,6384.031456
36.0,37,6384.146727
34.4,49,6384.292925
36.6,29,6384.379377
37.3,15,6384.425358
35.55,38,6384.540175
34.35,42,6384.667294
11.9,3,6384.676008
36.4,33,6384.776918
18.95,166,6385.28224
-2.0,1,6385.285245
-2.15,4,6385.297796
-4.4,357,6392.508425
36.15,30,6392.599936
33.3,47,6392.743435
28.9,95,6393.03215
37.25,16,6393.079927
35.35,38,6393.194102
-2.45,10,6393.224351
36.1,35,6393.329784
33.6,65,6393.527704
32.85,56,6393.697643
36.65,24,6393.770192
-2.2,5,6393.784836
-2.45,6,6393.802429
35.95,34,6393.904598
-2.15,4,6393.916702
33.55,62,6394.105583
-2.05,2,6394.111605
9.9,3,6394.120808
35.7,35,6394.226272
36.8,25,6394.301049
36.2,29,6394.386652
32.45,72,6394.59794
29.3,115,6401.149977
36.65,24,6401.218704
-2.15,4,6401.229667
30.3,87,6401.477449
-2.0,1,6401.480254
32.9,71,6401.675356
32.55,62,6401.846652
-2.15,4,6401.857832
-3.0,17,6401.905834
33.3,59,6402.088105
-3.8,17,6402.138085
35.95,30,6402.230875
-2.1,3,6402.239999
33.6,57,6402.413919
33.25,76,6402.639261
-2.5,11,6402.671367
34.5,47,6402.813422
-2.2,5,6402.828273
30.8,81,6403.071414
-2.15,4,6403.083244
-2.95,12,6403.118503
-2.05,2,6403.124434
-2.2,5,6403.139182
-2.35,8,6403.162657
36.05,32,6403.257158
35.8,45,6403.389565
32.5,59,6403.564471
34.15,54,6403.730291
-2.35,8,6403.754788
34.05,56,6403.924998
29.4,85,6410.402497
35.45,36,6410.507964
-2.35,8,6410.531423
36.55,30,6410.620563
34.0,61,6410.806994
36.7,27,6410.889487
-3.4,13,6410.928902
36.35,26,6411.006121
32.25,72,6411.217247
35.65,32,6411.313403
35.85,28,6411.398718
36.0,33,6411.499701
-2.6,9,6411.529044
29.2,81,6411.792619
36.6,29,6411.887306
34.7,47,6412.031098
34.1,55,6412.196898
35.8,33,6412.300092
33.95,54,6412.470402
-2.25,6,6412.487959
31.95,74,6412.715655
-2.35,8,6412.741876
-2.05,2,6412.748147
15.2,245,6419.555941
33.6,45,6419.693637
8.0,1,6419.696685
33.9,59,6419.874695
11.75,6,6419.892971
34.95,46,6420.029916
30.25,96,6420.323648
35.8,33,6420.424341
-3.1,15,6420.4721
29.55,106,6420.803895
28.6,109,6421.138405
30.95,78,6421.369296
33.7,55,6421.53063
34.95,38,6421.641707
36.5,27,6421.721343
36.95,22,6421.786071
36.4,25,6421.862899
34.0,65,6422.065953
33.7,75,6422.295089
35.8,33,6422.398697
36.35,30,6422.492692
36.15,30,6422.586808
36.45,28,6428.858288
-2.7,11,6428.89046
-2.5,7,6428.911717
36.65,20,6428.971978
-2.15,4,6428.984083
34.05,44,6429.118455
-2.4,9,6429.14631
35.55,30,6429.238181
27.9,63,6429.43121
35.15,50,6429.577181
-2.15,4,6429.588705
36.7,27,6429.66755
35.35,46,6429.803045
35.75,34,6429.905146
36.0,29,6429.992086
35.5,39,6430.111707
35.75,38,6430.226734
-2.65,14,6430.269296
5.0,1,6430.272387
-2.95,12,6430.309083
-2.25,6,6430.327358
-2.25,6,6430.34558
17.9,211,6430.991138
35.45,36,6431.100767
-2.15,4,6431.1129
-2.4,9,6431.140276
33.05,68,6431.347817
29.75,86,6431.610676
34.6,53,6431.767549
-2.0,1,6431.770419
-2.0,1,6431.773421
25.95,130,6438.459083
36.35,34,6438.563425
36.55,26,6438.643115
-3.2,17,6438.694787
31.65,60,6438.881294
36.15,34,6438.985371
32.2,77,6439.220647
31.1,79,6439.45709
-2.3,7,6439.47807
-2.25,6,6439.495817
34.3,43,6439.621848
34.85,40,6439.742135
32.95,62,6439.929759
33.8,49,6440.076891
35.7,39,6440.194936
-2.7,11,6440.228348
36.0,29,6440.316158
-2.1,3,6440.325239
37.0,21,6440.389086
35.65,36,6440.498396
34.2,49,6440.647188
-2.0,1,6440.650302
35.1,39,6440.772146
-2.5,11,6440.806562
25.7,139,6441.245238
-2.05,2,6441.251714
36.2,25,6447.512413
35.15,50,6447.662321
32.65,72,6447.879183
34.35,38,6447.995276
36.7,27,6448.077211
36.4,25,6448.151646
34.55,54,6448.313923
36.6,25,6448.389891
34.0,57,6448.562103
-2.05,2,6448.567864
11.9,3,6448.57674
36.5,31,6448.667965
36.05,36,6448.777798
-3.0,9,6448.805444
35.2,37,6448.91726
35.05,40,6449.037435
11.85,4,6449.049189
-2.25,6,6449.066815
-3.1,15,6449.111745
33.8,49,6449.25702
-2.25,6,6449.275027
-2.8,13,6449.313086
35.65,40,6449.428962
36.8,25,6449.501784
5.0,1,6449.504746
11.85,4,6449.516425
34.2,49,6449.658828
-2.75,8,6449.682
-2.25,6,6449.699448
36.5,27,6449.778314
-2.3,7,6449.798846
35.95,38,6449.912988
35.25,32,6450.008688
-2.5,11,6450.040906
-2.45,6,6450.058432
34.2,45,6450.189384
-2.3,7,6450.20975
36.25,32,6450.304753
36.05,36,6450.414026
-3.95,24,6450.487315
31.95,50,6456.754851
34.95,46,6456.895297
35.65,36,6457.006528
32.65,52,6457.166898
37.05,20,6457.228382
36.3,31,6457.324032
36.9,23,6457.395241
-2.1,3,6457.404517
36.0,37,6457.518431
36.3,31,6457.613493
36.15,34,6457.717295
-4.05,18,6457.772118
35.95,38,6457.888251
31.45,72,6458.108435
35.4,41,6458.234479
30.4,89,6458.531618
33.6,61,6458.719663
35.45,32,6458.818561
-2.3,7,6458.840217
7.9,3,6458.849712
36.3,27,6458.933504
9.9,3,6458.942661
-2.4,9,6458.970051
36.35,30,6459.063943
-2.2,5,6459.081779
33.6,57,6459.284984
36.85,20,6459.353362
34.3,55,6459.531219
-2.3,7,6459.552721
-2.2,5,6459.567974
36.6,29,6459.656977
36.85,24,6459.730421
36.5,27,6459.8131
30.5,79,6466.145793
-2.15,4,6466.158019
-2.2,5,6466.173422
36.65,28,6466.258723
-2.15,4,6466.270921
35.65,48,6466.418106
34.3,51,6466.574288
36.55,30,6466.665369
35.8,33,6466.762264
34.1,47,6466.898844
34.45,48,6467.040931
35.8,41,6467.163066
36.8,25,6467.239796
35.15,38,6467.352236
30.3,71,6467.580407
34.6,49,6467.734833
-3.1,11,6467.768458
20.8,165,6468.273823
35.25,40,6468.395897
36.5,27,6468.477259
-2.25,6,6468.495677
35.7,39,6468.615349
34.8,41,6468.739281
35.65,40,6468.857051
16.2,217,6475.609277
36.1,31,6475.694894
32.6,61,6475.863102
32.7,67,6476.057069
26.7,103,6476.358765
6.0,1,6476.361726
34.85,44,6476.491023
36.9,23,6476.558795
33.7,59,6476.737802
35.25,40,6476.859992
34.95,46,6477.000373
35.65,40,6477.122501
28.55,106,6477.429943
24.55,130,6477.817237
36.9,23,6477.886636
35.8,33,6477.987679
33.05,56,6478.155463
34.55,46,6484.536873
-2.15,4,6484.548522
-3.45,22,6484.61353
35.95,42,6484.74284
35.9,35,6484.849727
36.25,36,6484.95862
35.8,33,6485.059109
33.7,47,6485.201508
35.35,38,6485.318038
36.45,32,6485.41422
34.75,42,6485.543037
36.45,28,6485.628508
-3.2,13,6485.668313
36.9,23,6485.736108
-2.2,5,6485.751047
32.9,67,6485.955056
36.2,29,6486.044452
35.7,31,6486.138947
31.2,69,6486.349108
35.9,31,6486.443367
34.3,51,6486.606429
10.0,1,6486.60972
35.5,35,6486.724037
36.5,27,6486.812398
36.0,33,6486.913554
34.85,40,6487.043196
34.75,46,6487.194421
36.05,36,6487.312718
36.3,31,6487.414274
-2.1,3,6487.424017
23.45,152,6493.939954
-2.25,6,6493.956575
35.15,42,6494.082196
-2.2,5,6494.096905
5.0,1,6494.099848
36.0,29,6494.184628
31.6,73,6494.407023
35.9,39,6494.525571
36.45,32,6494.618846
12.7,247,6495.346763
35.55,34,6495.45056
36.0,25,6495.526426
36.2,29,6495.612531
36.9,23,6495.680916
35.4,45,6495.815561
-2.1,3,6495.82434
34.35,54,6495.983111
36.05,36,6496.0916
26.7,111,6496.423497
34.7,43,6496.55395
35.55,38,6496.667014
32.95,54,6502.909175
36.3,31,6503.00119
24.5,143,6503.434997
-2.05,2,6503.440857
31.4,69,6503.648561
35.75,34,6503.750606
36.4,33,6503.851206
-2.0,1,6503.854227
13.8,5,6503.869612
-2.05,2,6503.875684
-3.2,13,6503.915376
36.6,29,6504.004113
-2.85,18,6504.058866
36.1,27,6504.141403
33.95,62,6504.332051
30.15,86,6504.595831
35.85,36,6504.705478
36.0,25,6504.781531
35.95,34,6504.884741
-2.45,10,6504.915015
30.85,68,6505.121552
-2.3,7,6505.142766
36.55,30,6505.233886
29.55,110,6505.559421
33.15,62,6505.762692
36.3,27,6505.851343
21.0,137,6512.536126
26.4,121,6512.885372
36.45,28,6512.96886
35.7,35,6513.075074
-2.1,3,6513.084098
36.35,30,6513.175725
6.0,1,6513.178786
35.6,37,6513.290443
33.4,45,6513.423069
36.2,33,6513.523502
-2.15,4,6513.535728
36.7,27,6513.616405
36.05,40,6513.733174
36.85,24,6513.805733
35.35,46,6513.943693
36.8,25,6514.020166
-2.15,4,6514.032705
32.85,64,6514.226804
34.35,62,6514.421605
36.95,18,6514.474036
-2.5,11,6514.505981
34.65,48,6514.645338
-2.0,1,6514.648199
35.85,36,6514.753258
35.25,48,6514.89228
36.0,37,6514.99983
31.05,80,6515.239773
36.1,35,6521.28381
33.5,75,6521.504312
35.65,32,6521.599614
36.25,36,6521.706697
-4.5,23,6521.77474
35.45,44,6521.905011
35.75,42,6522.033666
-2.0,1,6522.03674
36.9,23,6522.109074
35.3,31,6522.209295
35.8,37,6522.329927
35.55,38,6522.449946
-2.4,9,6522.47688
33.9,47,6522.620324
36.2,33,6522.727468
36.9,23,6522.80304
20.2,189,6523.398689
27.6,109,6523.727891
35.2,37,6523.843214
-2.05,2,6523.8493
36.8,25,6523.926492
26.05,108,6524.245803
22.4,173,6530.773701
32.7,63,6530.952005
35.45,40,6531.067065
36.1,35,6531.163687
35.8,37,6531.276207
35.5,35,6531.383316
34.0,57,6531.546901
27.2,117,6531.889383
32.5,55,6532.06106
36.55,26,6532.141573
-2.05,2,6532.147765
35.55,42,6532.279045
35.55,42,6532.409365
35.8,33,6532.511468
34.75,38,6532.633678
30.1,75,6532.871469
-2.5,11,6532.905033
9.95,2,6532.911018
35.4,33,6533.011322
-2.0,1,6533.014401
-2.35,8,6533.038913
35.6,41,6533.16362
36.0,37,6533.274745
35.3,39,6533.392492
-5.3,23,6539.65906
-2.05,2,6539.665344
35.8,33,6539.77041
-3.8,25,6539.85307
36.65,24,6539.929855
32.7,75,6540.173599
-2.0,1,6540.176909
36.9,23,6540.254852
35.1,39,6540.38605
15.45,8,6540.413707
33.55,46,6540.569803
-2.5,11,6540.606088
13.85,4,6540.61934
36.25,32,6540.725481
-2.4,9,6540.756147
-2.05,2,6540.762759
33.9,59,6540.954628
36.6,25,6541.036774
-2.55,12,6541.073855
-2.45,10,6541.104589
35.7,35,6541.212186
36.15,38,6541.335855
36.3,31,6541.437707
-2.9,7,6541.460302
35.1,47,6541.604229
36.2,29,6541.693429
26.85,96,6541.99095
35.5,39,6542.118866
34.15,58,6542.304699
29.6,73,6542.528449
35.2,33,6542.626448
34.35,38,6542.747813
31.45,76,6548.973118
35.8,33,6549.073638
35.8,37,6549.188326
33.35,58,6549.36776
-2.15,4,6549.380165
6.0,1,6549.383383
5.0,1,6549.386566
36.6,25,6549.464915
-2.0,1,6549.468023
35.1,35,6549.577446
35.35,34,6549.683829
-2.1,3,6549.693199
5.0,1,6549.696393
-2.55,12,6549.733342
-2.05,2,6549.739475
36.0,33,6549.841563
34.9,39,6549.959556
6.0,1,6549.962538
36.4,25,6550.039498
-2.05,2,6550.045358
-2.25,6,6550.063144
36.25,32,6550.159796
35.2,41,6550.286828
34.95,42,6550.420215
36.25,36,6550.535014
-5.75,296,6551.464631
35.85,32,6551.570609
36.7,23,6551.646858
36.3,31,6551.746042
35.3,39,6551.870867
36.55,26,6551.953526
37.1,19,6552.013859
-2.2,5,6552.029749
35.2,37,6558.318782
33.95,46,6558.458632
35.1,43,6558.591933
-2.25,6,6558.610466
36.85,24,6558.683898
36.4,25,6558.760966
-2.75,12,6558.797955
36.1,31,6558.893149
34.9,39,6559.011466
36.05,36,6559.115943
29.75,74,6559.333213
35.05,40,6559.452461
35.45,44,6559.586262
36.75,22,6559.651413
-2.0,1,6559.654328
35.15,42,6559.77898
-2.0,1,6559.78196
-2.5,11,6559.815741
27.25,116,6560.166624
35.35,42,6560.291772
13.9,215,6560.948368
31.75,86,6561.211608
33.75,74,6567.524871
33.35,50,6567.676233
6.65,232,6568.373155
35.75,38,6568.486075
34.9,43,6568.613439
28.05,112,6568.94541
34.25,44,6569.076369
35.7,35,6569.180193
36.85,24,6569.2525
36.4,29,6569.33868
-4.9,31,6569.430599
7.95,2,6569.436667
-2.3,7,6569.457665
6.0,1,6569.460714
32.3,87,6569.720208
35.4,41,6569.841666
-2.95,12,6569.87743
35.9,39,6569.995437
32.1,79,6570.235559
35.2,41,6570.36144
31.35,78,6576.889083
-2.4,9,6576.916982
-2.5,11,6576.951038
33.9,51,6577.107418
35.4,41,6577.229701
35.1,35,6577.337841
-5.9,23,6577.410249
-3.2,21,6577.479043
34.55,46,6577.62624
36.2,37,6577.739799
-5.4,357,6578.844988
36.55,26,6578.925503
34.85,52,6579.087843
-2.6,9,6579.117872
35.0,45,6579.267591
35.85,36,6579.385945
36.2,33,6579.488006
-2.25,6,6579.506095
-2.15,4,6579.51791
35.7,39,6579.634279
34.8,45,6579.769863
36.05,36,6579.876436
36.05,28,6579.959045
33.3,51,6586.31952
36.55,26,6586.403014
33.55,62,6586.616161
35.65,36,6586.743899
-2.0,1,6586.747321
-2.35,8,6586.775878
-2.75,12,6586.818672
9.85,4,6586.832504
-3.95,32,6586.945538
32.05,64,6587.170745
-2.15,4,6587.185113
36.25,32,6587.300476
36.8,25,6587.391261
-3.3,27,6587.48637
36.75,26,6587.577742
-2.6,9,6587.609346
34.35,46,6587.76309
-2.5,11,6587.798774
-2.95,16,6587.854376
-3.35,20,6587.925551
36.2,29,6588.026916
35.4,45,6588.175512
-2.25,6,6588.195303
-2.2,5,6588.211804
35.15,42,6588.350694
32.4,73,6588.606337
34.0,57,6588.811096
30.05,84,6589.095942
-2.2,5,6589.113026
-2.25,6,6589.133453
35.8,29,6589.233627
-2.1,3,6589.243745
36.6,25,6589.329121
-2.4,9,6589.359674
-4.15,20,6589.429312
36.9,23,6589.510144
36.9,23,6589.592624
34.2,45,6589.746722
-2.1,3,6596.084271
-2.1,3,6596.093693
-2.0,1,6596.096784
35.25,48,6596.240198
31.25,64,6596.429429
35.5,35,6596.532985
34.0,37,6596.642421
33.65,52,6596.809639
34.3,47,6596.957613
35.15,42,6597.095476
35.85,36,6597.214146
-2.15,4,6597.227323
35.4,37,6597.347687
36.15,26,6597.42847
36.45,28,6597.514782
35.25,44,6597.651154
36.35,30,6597.746148
35.65,36,6597.85853
36.0,37,6597.97128
36.6,25,6598.0455
36.45,24,6598.116679
35.25,48,6598.266208
-28.9,383,6605.893728
21.7,7,6605.913122
-2.2,5,6605.927126
35.35,46,6606.065296
-3.15,16,6606.11369
35.35,42,6606.241632
36.8,25,6606.318554
34.3,51,6606.475873
36.5,31,6606.56854
36.25,32,6606.667164
37.25,16,6606.717593
35.75,34,6606.822086
-2.35,8,6606.846845
32.1,79,6607.090992
35.25,48,6607.239
36.55,26,6607.31898
35.15,38,6607.435068
32.55,58,6607.614221
35.9,31,6607.710088
35.45,44,6607.839942
-2.15,4,6607.851707
36.3,31,6607.945436
-2.6,13,6607.985008
35.95,34,6608.089693
29.6,85,6608.344934
32.85,64,6608.540529
-2.3,7,6608.561175
36.0,33,6608.660774
35.8,41,6608.782302
36.5,31,6615.175233
36.0,29,6615.262396
-2.55,12,6615.297838
36.2,29,6615.387383
36.15,38,6615.510246
35.3,35,6615.629701
36.65,28,6615.717261
33.75,62,6615.92251
34.8,41,6616.052487
36.9,23,6616.12364
34.8,45,6616.262003
35.7,35,6616.372526
35.5,39,6616.499884
36.85,24,6616.574499
33.8,45,6616.713379
1.6,353,6617.809137
35.3,47,6617.952625
34.7,39,6618.072773
-2.0,1,6618.075812
35.9,39,6618.197391
36.75,26,6618.274187
-2.2,5,6618.289614
35.55,38,6624.851853
36.5,31,6624.93902
7.9,3,6624.947992
36.4,33,6625.04812
34.55,46,6625.191099
-2.25,6,6625.208344
35.15,42,6625.330253
35.7,39,6625.438051
-2.75,12,6625.472264
36.6,25,6625.546085
36.0,33,6625.643302
36.8,25,6625.717613
-3.0,17,6625.769132
33.6,65,6625.968459
36.85,20,6626.027191
-3.3,11,6626.059434
34.75,50,6626.206499
-2.0,1,6626.209599
19.8,5,6626.224291
-2.05,2,6626.230141
34.6,37,6626.338859
32.0,77,6626.566615
32.6,69,6626.777259
16.3,171,6627.301545
-3.45,22,6627.367113
36.15,30,6627.457038
36.15,26,6627.533865
34.3,51,6627.688478
29.4,69,6633.620192
35.4,37,6633.729133
29.55,98,6634.025013
13.8,5,6634.04042
36.3,27,6634.123714
-2.15,4,6634.135822
36.1,35,6634.239959
35.0,37,6634.35468
-2.35,8,6634.379647
35.6,37,6634.488838
34.55,42,6634.610515
35.0,45,6634.739548
33.15,62,6634.915246
-2.05,2,6634.921097
36.0,33,6635.018063
-2.5,11,6635.052008
36.0,33,6635.154149
36.55,30,6635.247688
31.0,73,6635.470579
35.9,31,6635.561734
34.4,45,6635.693753
33.85,52,6635.84643
36.85,24,6635.917028
-2.1,3,6635.92591
30.85,100,6636.223115
-2.1,3,6636.231898
36.7,27,6636.312346
35.85,28,6636.396604
30.75,78,6642.818255
-2.05,2,6642.824492
-2.65,10,6642.855382
36.45,28,6642.937666
6.0,1,6642.940748
33.95,50,6643.089773
35.35,38,6643.201266
36.0,37,6643.311912
-4.45,26,6643.391627
-4.1,23,6643.458755
-2.1,3,6643.467485
35.7,31,6643.558392
36.3,23,6643.625601
31.6,77,6643.853694
34.65,40,6643.974699
33.9,51,6644.130242
35.4,41,6644.252728
-2.55,12,6644.289861
8.0,1,6644.292997
32.3,47,6644.437417
36.4,29,6644.527493
36.85,24,6644.602064
36.05,32,6644.700702
32.7,59,6644.883657
35.8,33,6644.987789
32.75,66,6645.196457
36.1,27,6645.2815
-2.45,10,6645.31279
35.75,38,6645.431885
36.45,32,6645.528856
34.1,47,6645.666825
-2.2,5,6645.681695
35.0,37,6645.79105
5.95,2,6645.796941
35.7,39,6651.913592
-2.55,12,6651.94912
7.95,2,6651.955069
-2.1,3,6651.964267
35.15,50,6652.119152
-2.55,8,6652.143913
-2.1,3,6652.153152
35.6,41,6652.277112
-2.15,4,6652.288778
35.6,41,6652.417074
35.6,33,6652.525456
-2.0,1,6652.528596
36.75,26,6652.612708
36.0,37,6652.735667
36.15,30,6652.83032
29.8,73,6653.059638
32.7,75,6653.295212
24.2,129,6653.700208
33.35,54,6653.869602
33.3,59,6654.054707
35.2,37,6654.171059
35.2,41,6654.299629
35.55,42,6654.431416
35.5,31,6654.528774
34.65,48,6654.678854
36.55,30,6654.772739
-2.4,5,6654.78854
36.45,28,6654.876828
33.05,64,6655.07939
35.8,33,6661.357234
36.6,25,6661.455587
36.4,29,6661.555903
36.05,28,6661.645447
-2.2,5,6661.660886
35.4,45,6661.792248
36.5,31,6661.883813
35.45,40,6661.99844
36.05,28,6662.078835
34.95,38,6662.18799
34.65,48,6662.325447
-2.7,11,6662.357937
29.25,76,6662.583005
35.25,44,6662.713484
-2.6,13,6662.75248
-2.15,4,6662.764385
34.3,47,6662.90314
35.85,40,6663.021668
-2.15,4,6663.033532
36.7,23,6663.101994
35.65,36,6663.227947
36.75,26,6663.304679
-2.65,14,6663.346312
-2.05,2,6663.352258
11.9,3,6663.361237
36.9,23,6663.429571
36.75,26,6663.506718
35.7,39,6663.618705
-2.2,5,6663.633551
35.7,43,6663.756639
35.9,27,6663.837007
-2.0,1,6663.839949
33.35,58,6664.011162
5.95,2,6664.017138
-2.25,6,6664.034992
35.5,35,6664.13933
-2.25,6,6664.157241
32.55,58,6664.328564
-2.2,5,6664.343629
-2.3,7,6664.365947
34.6,49,6670.460371
29.2,89,6670.723283
8.0,1,6670.726306
34.25,48,6670.868987
32.95,54,6671.023837
-2.15,4,6671.03516
36.55,26,6671.109833
34.55,46,6671.24179
31.8,73,6671.458206
36.15,26,6671.533416
-2.2,5,6671.547853
36.0,37,6671.654096
33.75,54,6671.813583
34.2,49,6671.960555
34.8,37,6672.070639
32.8,61,6672.250412
35.55,38,6672.364567
35.5,35,6672.469743
-2.25,6,6672.487829
-2.75,16,6672.534474
32.9,47,6672.667653
36.05,32,6672.763616
35.65,44,6672.894552
-2.3,7,6672.9154
36.7,23,6672.984674
-2.15,4,6672.996755
36.05,32,6673.094064
35.95,38,6673.206969
-2.0,1,6673.209823
36.7,23,6673.27536
-2.25,6,6673.292452
34.45,48,6679.326447
35.6,41,6679.45013
36.9,23,6679.518905
-2.2,5,6679.533699
35.95,34,6679.635838
31.95,86,6679.894974
-2.45,6,6679.912984
-2.15,4,6679.925039
-2.45,10,6679.955093
8.0,1,6679.95813
36.95,22,6680.024457
28.65,104,6680.337929
-3.05,18,6680.391897
35.25,40,6680.512167
36.65,24,6680.585925
-2.9,15,6680.630917
27.9,103,6680.959697
31.95,58,6681.144407
34.65,36,6681.259782
31.3,95,6681.558368
-3.05,14,6681.600332
35.3,39,6681.716559
10.0,1,6681.719595
35.95,34,6681.821896
6.0,1,6681.824928
-2.1,3,6681.833881
36.45,28,6681.921618
30.6,97,6682.213679
-2.1,3,6682.222293
-2.1,3,6682.231339
32.3,59,6688.413719
13.95,2,6688.419708
35.4,37,6688.527605
34.4,49,6688.675173
-2.15,4,6688.687231
-2.15,4,6688.699279
-2.0,1,6688.702386
35.65,32,6688.798505
35.55,46,6688.936193
29.65,100,6689.220989
36.15,34,6689.317227
36.05,36,6689.421631
35.6,33,6689.519459
-2.1,3,6689.528202
26.5,95,6689.803176
36.65,24,6689.873849
-2.8,13,6689.912406
-2.1,3,6689.921134
36.35,30,6690.010333
-2.0,1,6690.013347
36.1,35,6690.115774
35.45,40,6690.232558
35.1,43,6690.357441
36.9,23,6690.424232
36.05,32,6690.517578
35.4,45,6690.660151
5.0,1,6690.663056
35.35,42,6690.784546
36.65,28,6690.865912
36.05,32,6690.958345
-2.85,18,6691.010302
25.7,131,6697.483554
35.5,39,6697.597441
35.6,41,6697.718262
36.0,37,6697.833381
36.9,23,6697.904359
35.25,40,6698.028425
37.1,19,6698.087215
35.6,37,6698.201423
32.55,70,6698.422164
-3.2,13,6698.461793
36.5,27,6698.548372
30.95,66,6698.756046
35.3,39,6698.879189
35.95,30,6698.975409
35.65,40,6699.103439
-2.35,8,6699.129038
37.1,19,6699.188082
35.95,34,6699.293568
32.75,62,6699.488116
35.35,46,6699.638839
-2.1,3,6699.651014
-4.05,26,6699.759578
35.9,35,6699.887973
5.0,1,6699.891632
34.85,52,6700.062717
32.4,73,6700.299708
-2.15,4,6700.311908
35.35,42,6700.437304
31.3,75,6700.650666
-4.3,19,6706.603285
35.95,42,6706.729992
30.4,77,6706.960469
34.0,61,6707.14347
31.7,91,6707.418384
-2.35,8,6707.442539
33.85,52,6707.598779
36.35,34,6707.700352
34.75,38,6707.81508
32.65,60,6707.995727
-2.8,9,6708.023128
-2.3,7,6708.044159
36.65,28,6708.128252
36.6,25,6708.202912
-4.5,23,6708.272233
-2.3,7,6708.293448
-2.05,2,6708.29953
35.75,34,6708.401867
33.7,63,6708.59206
-2.4,9,6708.619337
36.4,33,6708.71913
35.45,32,6708.815572
5.95,2,6708.821431
33.3,59,6708.990717
36.05,28,6709.071901
-2.05,2,6709.077736
33.8,49,6709.221499
-2.55,8,6709.244464
-2.7,11,6709.275989
34.95,46,6709.413989
36.1,27,6709.495127
11.4,5,6709.510109
34.0,53,6715.611498
34.65,48,6715.751582
-2.05,2,6715.757277
34.95,38,6715.866272
30.15,90,6716.138126
-2.15,4,6716.14979
32.45,72,6716.358308
33.75,50,6716.507269
35.0,49,6716.651147
-2.25,6,6716.668226
36.7,27,6716.752395
35.55,26,6716.832437
36.3,31,6716.929271
35.65,40,6717.064345
33.7,59,6717.256507
36.55,30,6717.348409
36.1,31,6717.443062
-2.0,1,6717.446141
35.2,33,6717.546994
36.45,24,6717.615764
34.9,51,6717.769534
18.3,159,6718.265292
-2.0,1,6718.268313
-2.05,2,6718.274642
-2.15,4,6718.286341
-2.0,1,6718.289224
35.7,43,6718.412291
34.3,43,6718.536422
-2.3,7,6718.556699
34.95,54,6724.853377
36.65,28,6724.937217
-2.15,4,6724.94911
-4.85,30,6725.036373
35.45,32,6725.128584
35.2,33,6725.224226
-2.8,9,6725.251603
33.05,80,6725.491002
34.2,53,6725.651454
34.5,47,6725.793793
-2.1,3,6725.802764
36.1,31,6725.89617
33.9,59,6726.072614
33.95,50,6726.218973
-2.2,5,6726.233408
35.4,37,6726.340057
32.55,74,6726.552936
-2.2,5,6726.567304
36.05,36,6726.671406
-2.2,5,6726.685811
35.15,38,6726.799551
25.5,139,6727.229832
34.2,49,6727.378048
36.8,25,6727.454765
36.4,29,6727.544945
35.9,31,6727.645687
5.95,2,6727.652277
35.6,37,6727.771868
32.65,72,6734.011607
-2.35,8,6734.035583
-2.5,7,6734.056531
34.45,48,6734.198511
-2.3,7,6734.219183
36.7,27,6734.297643
36.2,33,6734.396003
37.3,15,6734.440739
36.85,24,6734.511869
-2.7,15,6734.556703
29.15,70,6734.760275
34.9,39,6734.872373
16.6,169,6735.382538
36.9,23,6735.452086
-33.25,658,6743.347368
-2.15,4,6743.359098
-2.1,3,6743.36779
33.95,54,6743.525765
24.55,158,6744.029512
36.5,31,6744.127107
-3.0,9,6744.155776
31.6,93,6744.442736
35.15,34,6744.547448
-3.25,18,6744.602543
36.6,29,6744.691687
-2.1,3,6744.701272
-2.4,9,6744.730172
36.3,31,6744.828765
35.55,38,6744.949225
-2.0,1,6744.952349
35.9,35,6745.062364
26.15,110,6745.396847
36.2,33,6745.495972
35.65,36,6745.604288
36.05,36,6745.708803
34.0,53,6745.86425
35.95,30,6745.954154
37.2,17,6746.007109
35.95,34,6752.233855
36.15,34,6752.334162
34.0,45,6752.480759
31.85,84,6752.741196
7.9,3,6752.750122
-2.6,9,6752.776755
-2.95,20,6752.836411
23.1,135,6753.258911
36.15,34,6753.369293
-2.0,1,6753.37243
33.85,64,6753.577097
35.8,37,6753.691228
9.9,3,6753.700702
36.3,27,6753.789496
36.45,28,6753.880741
34.85,32,6753.985346
-2.7,11,6754.021164
-2.25,6,6754.040916
35.8,37,6754.161139
35.9,35,6754.268493
34.4,41,6754.388258
-2.85,10,6754.417383
36.7,27,6754.496335
36.2,37,6754.604302
34.15,58,6754.775229
37.05,20,6754.834002
-2.25,6,6754.851606
32.15,66,6755.045714
36.55,30,6755.134448
26.25,80,6761.476549
-2.05,2,6761.482222
36.35,30,6761.566093
36.5,31,6761.653432
6.95,370,6762.751471
28.65,76,6762.992603
-9.2,65,6763.206328
36.5,27,6763.294895
-2.05,2,6763.301429
36.25,28,6763.391539
36.3,27,6763.476264
36.25,32,6763.57679
35.7,39,6763.699417
36.95,22,6763.768407
-4.4,21,6763.834186
33.75,62,6764.028745
-2.0,1,6764.031641
36.3,31,6764.122985
30.4,73,6764.340746
34.65,40,6764.460684
-2.15,4,6764.472326
36.2,29,6770.753109
33.75,54,6770.911604
-2.4,5,6770.926465
15.75,6,6770.944664
-2.4,9,6770.972242
34.3,39,6771.091903
-2.0,1,6771.094775
-2.05,2,6771.100601
35.4,45,6771.233141
36.6,29,6771.318255
33.65,56,6771.486432
35.25,40,6771.6052
36.55,26,6771.688683
11.85,4,6771.701238
36.2,33,6771.809314
32.15,86,6772.08382
-2.15,4,6772.096255
36.55,30,6772.188548
36.4,33,6772.290359
36.95,18,6772.345488
34.55,38,6772.464114
35.65,40,6772.591235
35.5,31,6772.6899
36.85,24,6772.765285
35.9,31,6772.859718
-2.45,10,6772.890427
-2.4,9,6772.917901
-3.1,11,6772.951546
35.8,33,6773.058672
37.0,21,6773.126712
35.85,32,6773.231574
35.55,38,6773.356735
36.0,33,6773.463952
-2.65,10,6773.49552
-2.3,7,6773.517431
36.8,25,6773.597813
33.8,53,6773.767189
-2.05,2,6773.773671
35.9,35,6773.883374
32.8,69,6780.120521
34.15,54,6780.277492
34.25,52,6780.428942
36.05,36,6780.53373
35.25,44,6780.661789
35.15,38,6780.781328
-2.7,11,6780.814685
-2.45,10,6780.845283
36.5,31,6780.940998
-4.6,573,6782.834923
9.9,3,6782.844294
33.7,55,6783.015991
35.25,48,6783.167294
7.95,2,6783.173625
36.4,33,6789.527136
-2.0,1,6789.530265
35.75,38,6789.64952
-3.85,14,6789.693122
-12.4,69,6789.910337
35.35,34,6790.017122
36.85,24,6790.092357
-2.65,14,6790.136418
-2.45,10,6790.169511
35.85,28,6790.260776
33.8,45,6790.407552
-2.5,11,6790.445134
-2.1,3,6790.455158
-2.1,3,6790.465385
36.45,24,6790.544209
-3.4,17,6790.600826
35.55,34,6790.710382
36.7,27,6790.795692
35.1,39,6790.917917
36.5,31,6791.014139
34.9,47,6791.156045
35.6,37,6791.267557
34.55,46,6791.405912
36.4,29,6791.492461
36.5,31,6791.585406
35.8,37,6791.700865
-2.9,7,6791.724514
35.1,47,6791.872066
36.55,30,6791.962035
-2.25,6,6791.979978
-2.0,1,6791.983014
34.7,47,6792.124091
34.65,40,6792.244454
35.05,44,6792.382771
36.8,25,6792.462981
36.95,22,6792.533636
34.95,46,6798.845293
36.8,25,6798.917733
35.75,30,6799.005856
-2.1,3,6799.014908
33.85,60,6799.202852
34.7,43,6799.33537
36.3,35,6799.437914
33.35,58,6799.609065
36.2,37,6799.725021
36.6,29,6799.815851
31.2,69,6800.021587
36.6,29,6800.107927
35.1,51,6800.260541
36.15,34,6800.36509
36.75,26,6800.446147
-2.9,11,6800.480608
36.55,26,6800.562229
-2.1,3,6800.571664
35.15,38,6800.690585
-2.8,13,6800.732988
36.35,26,6800.814465
35.6,33,6800.918275
-3.25,14,6800.962234
-2.2,5,6800.978067
-2.35,8,6801.003535
35.1,43,6801.141433
37.1,19,6801.201348
35.8,37,6801.317236
-2.55,8,6801.342037
36.4,33,6801.444508
35.25,44,6801.582355
36.2,33,6801.685723
33.6,65,6801.889921
36.2,33,6808.172076
34.6,41,6808.293722
36.5,31,6808.385349
-2.6,13,6808.424004
-3.1,11,6808.455217
36.9,23,6808.520809
31.25,88,6808.793237
-2.15,4,6808.80592
32.45,68,6809.01892
34.95,34,6809.124674
36.0,37,6809.237442
9.85,4,6809.249423
-2.2,5,6809.264211
36.05,36,6809.372527
36.6,29,6809.463573
-2.15,4,6809.475824
-2.65,10,6809.506703
5.0,1,6809.509896
36.35,30,6809.602344
29.2,97,6809.912964
36.05,36,6810.03457
35.85,36,6810.149155
-2.45,10,6810.180246
35.9,31,6810.274445
32.95,58,6810.456476
36.55,30,6810.546824
-2.15,4,6810.558821
-2.3,7,6810.580904
29.6,73,6810.807882
36.4,33,6810.906089
36.6,25,6810.981463
32.3,71,6811.202072
35.85,32,6811.302182
-2.4,9,6811.330673
36.45,24,6817.710136
-2.45,10,6817.741178
-2.45,10,6817.77277
35.8,37,6817.889788
28.6,85,6818.150077
-2.4,9,6818.178187
-2.0,1,6818.181359
36.15,34,6818.28704
-2.15,4,6818.299792
35.05,40,6818.423995
34.6,37,6818.535831
36.55,30,6818.627841
34.9,47,6818.78009
34.7,47,6818.935674
35.2,41,6819.066082
-2.0,1,6819.069201
34.7,47,6819.222087
36.7,23,6819.295843
36.4,33,6819.40115
-2.1,3,6819.410614
36.55,30,6819.505964
36.5,31,6819.604729
34.85,32,6819.706749
33.6,69,6819.927367
36.35,30,6820.025187
35.15,38,6820.151683
13.9,3,6820.161714
-2.45,10,6820.195261
-2.05,2,6820.201944
34.9,51,6820.358197
-7.15,32,6820.454705
-56.6,629,6828.609011
31.2,61,6828.79404
35.6,33,6828.893729
-2.1,3,6828.902887
-2.55,12,6828.939021
35.7,39,6829.060182
35.3,35,6829.169619
36.6,25,6829.246482
-2.15,4,6829.258511
5.0,1,6829.261487
31.3,71,6829.482324
31.7,91,6829.760528
-4.05,18,6829.816905
-94.85,722,6838.418806
9.95,2,6838.425201
35.45,44,6838.570417
36.0,37,6838.69161
36.1,31,6838.792321
36.8,25,6838.874242
36.5,23,6838.9498
-2.05,2,6838.956308
36.2,33,6839.06389
36.25,32,6839.170155
37.05,20,6839.233549
36.5,27,6839.317677
30.0,105,6839.661162
-2.15,4,6839.674376
36.45,24,6839.754309
23.15,134,6846.469408
27.75,134,6846.868936
-2.45,10,6846.899167
35.7,31,6846.997126
9.95,2,6847.003423
36.6,29,6847.094375
36.05,36,6847.207183
34.1,43,6847.341883
-2.2,5,6847.3577
36.7,27,6847.442566
36.25,28,6847.531043
11.6,5,6847.546905
-3.55,16,6847.596721
-2.25,6,6847.615585
30.8,65,6847.821655
35.1,47,6847.965534
37.0,21,6848.029121
-3.5,27,6848.113481
33.05,68,6848.327385
36.8,21,6848.393076
-2.2,5,6848.408745
-2.1,3,6848.41819
-2.15,4,6848.430514
37.1,19,6848.487901
-2.5,11,6848.521097
-6.55,24,6848.593801
-2.1,3,6848.602975
35.35,38,6848.71782
35.5,35,6848.82531
-2.05,2,6848.831414
36.85,24,6848.904785
-2.05,2,6848.910711
36.5,31,6849.004224
-2.35,8,6849.028441
27.6,101,6855.649681
19.2,157,6856.132148
36.65,28,6856.214767
-3.05,10,6856.244157
36.25,28,6856.32697
37.05,20,6856.385803
-2.4,9,6856.412398
35.25,48,6856.554269
36.85,24,6856.625292
-2.3,7,6856.646269
9.95,2,6856.652173
37.1,19,6856.70846
-2.0,1,6856.711388
35.8,33,6856.809819
36.45,24,6856.881098
34.6,49,6857.025877
36.45,28,6857.109798
-2.5,11,6857.142935
35.35,46,6857.283398
-2.0,1,6857.286825
-5.4,29,6857.384053
5.95,2,6857.390744
-2.35,8,6857.416749
35.65,44,6857.555952
6.0,1,6857.559106
34.3,47,6857.705958
37.1,19,6857.764808
-3.1,11,6857.79902
-2.5,11,6857.833501
23.85,116,6858.19389
32.85,56,6858.368225
-2.15,4,6858.380754
-2.0,1,6858.383911
5.0,1,6858.387115
28.45,88,6858.652226
-2.65,14,6858.695713
-2.15,4,6858.708157
35.25,44,6864.980294
34.6,45,6865.118008
36.5,31,6865.214231
34.05,44,6865.346245
36.15,34,6865.447299
-2.4,9,6865.474466
35.6,41,6865.608463
33.45,52,6865.778977
11.9,3,6865.788732
34.25,52,6865.960249
36.0,33,6866.069796
25.35,138,6866.525808
34.75,54,6866.703435
35.7,31,6866.801368
-2.5,7,6866.823469
-2.05,2,6866.829834
36.7,23,6866.904579
36.2,29,6866.999652
35.1,43,6867.14107
36.35,30,6867.238619
-2.3,7,6867.262167
34.5,47,6867.419363
35.45,44,6867.566005
6.0,1,6867.569392
-2.35,8,6867.595944
13.5,7,6867.619449
34.55,38,6867.743547
34.05,56,6867.917716
-3.4,13,6867.957852
-2.95,12,6867.995185
36.05,36,6868.10576
32.8,65,6874.390444
36.9,23,6874.457768
34.65,44,6874.592966
33.4,57,6874.769067
36.3,31,6874.861601
32.1,55,6875.026823
32.95,54,6875.19141
36.85,24,6875.263467
36.05,36,6875.377019
-2.15,4,6875.389638
36.4,25,6875.468857
-2.1,3,6875.478262
34.2,49,6875.628131
-2.25,6,6875.646742
9.9,3,6875.656198
27.95,110,6876.000121
11.0,237,6876.747746
36.7,27,6876.831394
-2.2,5,6876.846833
33.65,40,6876.972716
35.95,34,6877.080219
33.9,63,6877.279952
32.45,56,6883.721155
36.55,30,6883.814754
35.95,38,6883.929005
-2.45,10,6883.959105
-2.3,7,6883.980063
-2.3,7,6884.001149
36.15,34,6884.102916
20.0,165,6884.603498
36.1,39,6884.724252
-2.1,3,6884.733498
31.95,82,6884.985859
34.6,37,6885.100814
36.7,27,6885.184898
34.05,64,6885.382657
35.25,40,6885.50632
22.55,98,6885.813113
34.55,38,6885.925815
32.6,81,6886.167992
33.25,64,6886.358729
34.2,53,6886.516725
36.3,27,6886.5973
36.65,28,6886.678567
36.1,35,6886.778246
-2.1,3,6886.787271
29.65,96,6893.245604
36.0,33,6893.338685
36.1,27,6893.418156
-2.25,6,6893.436169
35.4,37,6893.547695
36.8,25,6893.623734
-2.15,4,6893.63638
34.15,50,6893.794035
35.6,33,6893.897883
35.0,41,6894.027239
-2.35,8,6894.051485
-2.65,14,6894.093352
35.75,38,6894.206525
36.85,24,6894.278688
-2.25,6,6894.296513
-2.2,5,6894.312617
34.95,38,6894.434271
36.5,27,6894.523368
-2.5,11,6894.560059
-2.0,1,6894.563458
36.55,30,6894.662959
35.9,35,6894.776869
35.9,35,6894.886355
17.75,6,6894.906404
-2.4,9,6894.935462
36.1,35,6895.048272
35.6,45,6895.194826
34.8,45,6895.339157
33.75,54,6895.509739
34.9,39,6895.633102
35.25,36,6895.750988
-2.15,4,6895.76371
36.8,25,6895.843126
35.85,32,6895.944628
33.1,43,6896.082844
-2.25,6,6896.102057
36.7,23,6896.175318
35.4,41,6902.571067
36.5,27,6902.655378
10.05,308,6903.607527
36.8,25,6903.684473
7.95,2,6903.690527
36.15,38,6903.809237
-2.0,1,6903.812372
35.9,39,6903.933131
36.9,23,6904.01687
-2.05,2,6904.027056
-2.3,7,6904.053488
34.8,41,6904.184224
-2.35,8,6904.20918
34.3,51,6904.368966
-2.3,7,6904.389722
-2.2,5,6904.404634
36.5,31,6904.499261
36.6,25,6904.577698
29.6,81,6904.829629
36.0,33,6904.932821
8.1,223,6905.625775
-2.0,1,6905.628722
-10.6,389,6913.023008
-2.05,2,6913.029008
36.8,25,6913.101723
6.35,314,6914.04052
31.65,92,6914.326869
9.85,4,6914.339724
36.4,29,6914.431464
36.25,36,6914.546209
-2.15,4,6914.558843
6.0,1,6914.562093
14.25,200,6921.403017
36.9,23,6921.472144
36.8,25,6921.550394
-2.25,6,6921.569496
-2.1,3,6921.578986
36.55,26,6921.657217
36.25,28,6921.741141
-2.6,9,6921.767865
-2.1,3,6921.776826
37.1,19,6921.833174
33.95,46,6921.971302
35.25,40,6922.099066
-2.25,6,6922.118178
36.3,23,6922.19528
34.05,52,6922.35342
36.8,25,6922.427844
31.0,81,6922.67483
31.7,67,6922.876107
36.0,37,6922.987381
36.9,23,6923.057705
36.45,28,6923.144729
34.25,60,6923.33214
36.65,24,6923.405812
-2.85,14,6923.447393
-2.35,8,6923.471635
32.3,67,6923.67455
35.55,34,6923.777086
36.4,29,6923.866048
-3.15,20,6923.928815
-2.4,9,6923.95704
36.8,25,6924.032737
-2.2,5,6924.047712
35.05,44,6924.182265
36.9,23,6924.252667
-2.0,1,6924.255639
36.0,33,6930.49454
-2.25,6,6930.512443
35.1,43,6930.633618
-2.85,14,6930.672527
-2.3,7,6930.692241
-2.5,11,6930.722922
35.5,43,6930.848857
35.1,43,6930.98201
36.0,33,6931.079141
-2.35,8,6931.102714
35.75,42,6931.226682
34.15,54,6931.396363
-2.45,6,6931.415137
9.95,2,6931.421552
36.05,36,6931.534568
-2.3,7,6931.556267
30.4,113,6931.911224
-2.1,3,6931.920501
36.3,35,6932.030332
34.65,40,6932.152951
9.95,2,6932.159219
-2.1,3,6932.168538
36.65,28,6932.255476
35.25,36,6932.36156
-2.25,6,6932.378927
-2.05,2,6932.384722
36.75,26,6932.464503
9.95,2,6932.470553
-2.1,3,6932.479486
35.6,37,6932.593038
-2.05,2,6932.599055
-2.1,3,6932.608197
-2.05,2,6932.614243
36.4,29,6932.701482
34.05,60,6932.8844
34.25,44,6933.020292
34.9,51,6933.176578
36.6,29,6933.265734
36.2,33,6933.366944
-2.2,5,6933.381827
35.65,36,6933.488382
35.1,55,6939.93229
34.85,44,6940.068855
36.8,21,6940.13111
36.2,37,6940.245801
36.0,29,6940.336428
35.65,40,6940.459934
24.95,134,6940.864821
-2.0,1,6940.868011
-2.15,4,6940.879879
35.75,38,6940.996884
37.1,19,6941.054966
35.15,38,6941.171107
36.3,35,6941.276523
33.6,61,6941.467436
36.7,27,6941.552458
-3.2,13,6941.59342
36.1,39,6941.710742
36.7,23,6941.77909
33.1,67,6941.977969
-2.4,9,6942.004753
-3.65,18,6942.058466
36.9,23,6942.126973
-3.0,13,6942.166085
36.2,37,6942.276805
34.9,43,6942.405664
36.05,32,6942.500869
31.1,83,6942.749039
33.25,52,6942.906145
-2.05,2,6942.912303
36.7,27,6949.249575
36.15,34,6949.346923
28.55,106,6949.653706
36.25,32,6949.744365
-2.7,11,6949.775334
36.55,26,6949.849174
36.45,28,6949.930366
36.55,26,6950.007343
32.9,63,6950.196485
5.95,2,6950.202666
-2.1,3,6950.212062
36.35,30,6950.302978
35.4,37,6950.415647
36.3,31,6950.508733
11.8,5,6950.523488
32.0,89,6950.788903
8.0,1,6950.791949
36.25,36,6950.902756
-2.0,1,6950.905886
35.05,48,6951.055542
34.7,43,6951.186056
-2.4,9,6951.213418
-3.45,14,6951.256977
36.1,31,6951.353902
-2.1,3,6951.363255
33.25,72,6951.591421
36.85,20,6951.65793
35.1,43,6951.801671
36.85,24,6951.881562
9.9,3,6951.891567
36.0,33,6952.001338
35.45,36,6952.121285
36.8,25,6952.205066
33.75,54,6952.384514
35.8,37,6958.769372
-2.2,5,6958.785595
-2.25,6,6958.806092
-3.0,21,6958.877093
7.95,2,6958.883884
36.55,26,6958.962757
36.5,27,6959.046309
35.6,37,6959.15628
36.8,25,6959.234432
36.85,24,6959.315667
23.6,137,6959.767342
36.35,26,6959.848512
37.05,20,6959.914148
36.45,32,6960.017056
36.05,32,6960.117853
-2.4,9,6960.146636
35.55,46,6960.297835
35.95,38,6960.421162
35.65,36,6960.534398
34.65,44,6960.665931
-2.0,1,6960.668975
9.95,2,6960.675147
36.95,22,6960.740957
34.85,56,6960.912485
36.8,25,6960.992419
35.95,34,6961.109683
34.75,50,6961.27777
-2.15,4,6961.291233
9.95,2,6961.297864
35.75,34,6961.419179
36.75,26,6961.506263
36.45,32,6961.614012
35.35,50,6961.782562
36.5,31,6961.886464
35.3,31,6968.220057
-2.8,17,6968.270072
34.9,39,6968.388783
31.8,65,6968.57988
35.9,31,6968.672562
36.6,29,6968.757378
36.85,24,6968.826692
34.9,47,6968.961934
35.35,46,6969.097912
36.4,29,6969.188105
32.15,66,6969.393824
36.5,31,6969.48898
35.0,41,6969.611631
-2.25,6,6969.630273
-2.3,7,6969.652281
37.2,17,6969.703106
36.2,29,6969.791878
36.4,25,6969.867736
36.15,30,6969.958774
-2.3,7,6969.98063
34.15,54,6970.144414
35.4,37,6970.254283
-2.1,3,6970.263103
34.15,58,6970.442847
-2.05,2,6970.4489
34.75,50,6970.607043
34.7,39,6970.725767
36.8,25,6970.80378
35.15,46,6970.948706
36.8,25,6971.023458
36.3,31,6971.121761
-2.15,4,6971.134384
-2.15,4,6971.147145
-2.55,8,6971.17247
35.95,30,6971.267641
-2.0,1,6971.27095
35.45,40,6977.736268
36.1,31,6977.829004
36.7,23,6977.901015
19.2,201,6978.520604
36.5,27,6978.601991
35.5,39,6978.722131
-2.05,2,6978.728094
34.25,44,6978.858949
36.15,34,6978.959487
34.45,40,6979.077884
-2.4,9,6979.106067
-2.0,1,6979.109099
-2.0,1,6979.112219
36.65,24,6979.186862
-2.25,6,6979.205463
35.95,30,6979.304742
35.85,36,6979.41798
36.7,19,6979.47711
-2.1,3,6979.48641
34.5,43,6979.620591
35.75,34,6979.725301
36.8,25,6979.803393
-2.55,12,6979.8409
36.5,27,6979.925108
23.6,105,6980.239618
34.4,49,6980.385971
36.05,32,6980.484205
36.45,28,6980.569357
36.25,32,6980.673654
31.45,76,6986.975409
33.7,63,6987.155819
35.45,44,6987.282949
34.75,42,6987.412451
36.5,27,6987.49493
34.85,40,6987.618048
-2.15,4,6987.630241
36.1,35,6987.738598
34.7,39,6987.855647
36.7,23,6987.927279
35.75,34,6988.030151
36.15,38,6988.148177
35.8,33,6988.250466
35.4,37,6988.362403
-2.1,3,6988.371241
35.1,39,6988.491408
31.95,62,6988.684268
37.0,21,6988.748066
36.65,28,6988.832028
35.8,33,6988.933753
-2.0,1,6988.937113
-2.35,8,6988.963835
35.3,39,6989.092243
35.15,38,6989.21816
33.45,52,6989.387054
32.9,59,6989.582204
35.05,40,6989.712394
36.25,32,6989.810784
36.0,41,6989.938793
36.25,32,6990.035525
36.15,34,6996.303984
36.7,27,6996.384764
33.75,50,6996.534186
5.0,1,6996.537195
35.95,34,6996.638325
36.65,28,6996.722449
-2.6,13,6996.761513
35.2,41,6996.884995
37.15,18,6996.93841
36.9,23,6997.007723
-2.0,1,6997.010713
-2.2,5,6997.025775
36.3,35,6997.130719
35.95,34,6997.232229
35.4,37,6997.343656
6.0,1,6997.346719
-2.6,9,6997.373516
-2.2,5,6997.388706
36.65,28,6997.472784
36.8,25,6997.547579
36.8,25,6997.622635
33.5,71,6997.837775
36.1,27,6997.921041
36.35,26,6998.00209
30.7,87,6998.269603
36.15,38,6998.387558
36.6,25,6998.464199
36.75,26,6998.558719
33.3,47,6998.708494
37.0,21,6998.775617
-2.65,10,6998.807578
34.3,47,6998.958444
36.05,32,6999.061651
-2.3,7,6999.089436
-2.05,2,6999.098235
-2.15,4,6999.116168
-2.3,7,6999.148035
-2.2,5,6999.172096
35.35,38,6999.309427
-2.35,8,6999.337755
35.85,36,7005.738084
36.75,26,7005.815377
36.65,24,7005.883754
36.25,32,7005.976569
34.65,40,7006.089628
36.5,27,7006.168845
36.75,26,7006.243592
-2.1,3,7006.252577
35.65,36,7006.364038
30.5,91,7006.646348
9.9,3,7006.655631
28.95,102,7006.966934
36.7,27,7007.046672
-2.0,1,7007.049679
35.5,39,7007.170439
36.0,33,7007.272921
33.3,59,7007.452856
35.45,40,7007.573395
29.55,90,7007.843816
36.95,22,7007.909587
35.4,41,7008.034598
36.7,27,7008.117726
36.1,31,7008.211331
-2.2,5,7008.226928
34.35,46,7008.369765
-3.6,17,7008.420351
33.1,67,7008.620505
35.15,34,7008.72494
5.0,1,7008.727992
33.05,60,7015.052097
32.35,70,7015.247987
36.15,34,7015.34435
9.95,2,7015.350338
29.55,102,7015.658637
13.8,5,7015.675297
35.1,39,7015.804774
35.55,42,7015.943552
34.85,40,7016.073036
36.8,25,7016.156217
36.55,30,7016.251426
36.75,22,7016.317681
27.75,98,7016.610087
11.95,2,7016.616136
6.0,1,7016.619269
31.4,81,7016.875267
-2.2,5,7016.890035
-2.1,3,7016.89898
36.05,32,7016.99638
35.8,29,7017.08558
36.4,29,7017.175817
35.5,39,7017.295168
-2.05,2,7017.301332
-2.2,5,7017.316798
36.05,36,7017.427551
30.8,77,7017.664057
29.7,55,7017.834398
5.0,1,7017.8376
36.4,33,7017.940578
35.7,35,7018.053463
37.15,18,7024.31891
-2.85,14,7024.360617
36.25,32,7024.456279
12.0,1,7024.459249
-2.6,9,7024.485686
18.1,187,7025.07961
33.4,57,7025.264345
13.9,3,7025.274076
36.65,28,7025.365754
11.25,8,7025.390083
36.25,36,7025.505919
36.75,26,7025.587335
-2.05,2,7025.5936
-2.5,7,7025.615319
-2.45,10,7025.644808
35.2,41,7025.774459
36.1,35,7025.888062
36.2,33,7025.997415
34.9,43,7026.13066
35.95,30,7026.219917
36.5,23,7026.290259
36.75,26,7026.367697
36.5,27,7026.453686
36.65,28,7026.540068
36.7,27,7026.622539
7.9,3,7026.631912
35.0,49,7026.784645
35.75,30,7026.878236
-2.6,9,7026.90626
35.5,39,7027.027145
-3.5,19,7027.085793
35.2,49,7027.237489
36.05,28,7027.32226
36.2,37,7027.437513
-2.7,11,7027.471768
34.85,48,7033.782055
36.9,23,7033.852213
-2.9,11,7033.885438
-2.05,2,7033.891595
-2.1,3,7033.900698
36.05,32,7033.997056
36.65,28,7034.082787
-2.4,9,7034.110702
36.55,26,7034.191477
36.5,23,7034.26253
35.55,42,7034.393735
25.9,139,7034.826118
-2.05,2,7034.832228
34.55,62,7035.031147
33.95,54,7035.195096
-2.0,1,7035.198063
34.65,44,7035.330474
-2.7,15,7035.375663
-2.15,4,7035.387941
35.6,37,7035.498043
36.7,23,7035.566998
36.95,22,7035.63263
37.0,21,7035.699566
35.85,32,7035.803484
36.85,24,7035.880595
35.85,40,7036.014168
36.6,29,7036.108603
35.65,36,7036.230062
36.35,30,7036.330397
36.55,30,7036.430213
36.1,39,7036.559599
36.3,27,7036.644077
35.65,36,7036.752131
35.2,49,7042.973289
35.85,36,7043.085972
36.15,34,7043.191314
32.15,66,7043.398884
34.55,50,7043.555452
36.7,23,7043.627494
33.45,64,7043.819602
31.25,76,7044.046597
35.9,27,7044.127319
33.6,61,7044.312048
35.05,40,7044.434154
35.2,49,7044.583657
32.85,60,7044.77102
-2.25,6,7044.79006
35.15,38,7044.908894
-2.0,1,7044.911965
36.4,33,7045.014785
32.25,68,7045.226571
36.35,34,7045.333292
27.75,94,7045.625169
33.75,54,7045.793309
-2.55,8,7045.818103
36.15,30,7045.910538
-2.45,10,7045.94077
34.6,49,7046.087441
36.5,31,7052.42045
36.05,28,7052.499548
36.65,28,7052.579352
-2.7,15,7052.62318
-2.0,1,7052.626181
-2.15,4,7052.637933
36.45,28,7052.724591
-2.0,1,7052.727729
36.4,29,7052.818295
36.1,35,7052.928047
-2.2,5,7052.943693
37.1,19,7053.00322
-2.0,1,7053.006271
-2.4,9,7053.034538
36.65,28,7053.122278
12.75,10,7053.155665
5.0,1,7053.159075
33.15,54,7053.339561
35.15,46,7053.493888
-2.1,3,7053.503753
35.95,26,7053.59039
37.25,16,7053.643726
-2.1,3,7053.653716
35.0,37,7053.770202
37.15,18,7053.825388
33.85,52,7053.993026
17.6,209,7054.635755
35.6,37,7054.748714
35.75,38,7054.86178
-2.9,15,7054.906408
36.8,25,7054.986737
35.3,43,7055.120837
36.05,36,7055.231608
36.5,27,7055.316299
5.0,1,7055.319454
-93.35,800,7063.406041
-110.55,800,7071.581213
-110.55,800,7079.980357
-85.75,800,7088.174925
-77.55,800,7090.36007
-69.55,800,7098.682514
-2.0,1,7098.685269
-63.75,800,7107.109267
-2.0,1,7107.111904
-87.75,800,7115.388873
-2.25,6,7115.40415
-68.75,800,7117.535921
-2.1,3,7117.543996
-120.95,800,7125.96851
-3.45,14,7126.007145
-66.75,800,7134.708262
-53.35,800,7143.022765
-3.45,18,7143.067755
-55.35,800,7151.474993
-48.75,800,7153.524306
-65.35,800,7161.513048
-51.35,800,7169.816576
-55.75,800,7178.120192
-4.1,23,7178.176348
-50.35,800,7186.238163
-50.95,800,7188.226933
-3.6,21,7188.281181
-50.35,800,7196.49973
-51.35,800,7204.766297
-49.35,800,7212.767011
-46.95,800,7214.482579
-48.55,800,7222.114508
-2.1,3,7222.12234
-57.55,800,7230.124968
-4.25,22,7230.17984
-47.95,800,7238.095683
-46.55,800,7245.860717
-48.35,800,7247.916603
