#{"t_start": 1785871358.213937, "env_id": "None"}
r,l,t
9.99,2,2.608403
11.995,1,2.618309
11.995,1,2.62684
11.995,1,2.637482
9.99,2,2.657635
11.995,1,2.665616
11.745,2,2.681484
11.745,2,2.699679
11.995,1,2.708919
9.75,1,2.716388
11.995,1,2.726193
9.74,3,2.751746
9.99,2,2.767791
9.75,1,2.788364
10.445,17,2.937605
11.745,2,2.954251
11.495,3,2.980973
10.401667,4,3.021713
10.111667,13,3.136473
11.995,1,3.144827
10.661667,1,3.154959
10.523333,15,3.277828
9.72,7,3.339089
8.881667,14,3.454535
11.495,3,3.480679
9.75,1,3.488091
11.985,3,3.517057
11.995,1,3.52669
9.75,1,3.533594
9.75,1,3.545885
11.995,1,3.555418
11.725,6,3.609404
9.543333,15,3.734246
9.75,1,3.741109
11.995,1,3.750329
11.313333,4,3.78458
9.74,3,3.809193
10.131667,9,3.879822
6.638333,53,4.307335
7.263333,79,4.937394
10.081667,23,5.123532
9.296667,29,5.34669
11.995,1,5.354659
10.975,5,5.394537
9.733333,26,5.602083
10.793333,10,5.682385
8.635,32,5.937216
6.126667,75,6.545948
10.601667,17,6.674294
8.066667,30,6.91441
9.831667,24,7.101466
7.406667,64,7.598417
5.691667,68,8.144014
7.756667,43,8.493179
9.826667,21,8.653772
9.99,2,8.670876
10.146667,6,8.720495
10.975,5,8.761453
11.495,3,8.784199
9.645,26,8.994203
-5.331667,100,9.786275
6.255,67,10.317347
11.053333,7,10.374008
9.788333,11,10.460224
10.975,5,10.501915
8.236667,45,16.426848
10.661667,1,16.436276
11.283333,10,16.526851
10.985,3,16.551746
10.823333,4,16.626943
11.995,1,16.637325
11.995,1,16.646398
10.87,17,16.789454
10.068333,4,16.824709
10.37,19,16.97789
8.08,54,17.424986
11.115,8,17.488303
10.23,16,17.622596
10.975,5,17.664852
10.2,22,17.842378
10.295,12,17.941347
10.195,1,17.95048
11.995,1,17.959399
8.63,73,18.548369
9.505,41,18.8873
10.665,18,19.037685
9.735,39,19.346673
4.79,93,20.108557
11.641667,5,20.150596
11.985,3,20.177329
8.11,17,20.317842
10.325,6,20.370703
9.75,1,20.377329
10.406667,3,20.402521
9.97,19,20.571228
10.195,1,20.580407
8.235,63,21.175156
9.69,26,21.410125
10.65,12,21.517749
10.195,1,21.527116
9.785,60,22.084605
9.75,1,22.093209
11.17,19,22.270437
11.995,1,22.284697
9.795,27,22.540112
9.85,25,22.777448
9.98,4,22.810988
9.39,37,23.116836
9.46,54,23.568267
10.685,14,23.684676
11.325,15,23.818098
10.465,9,23.891278
10.86,19,24.051809
-5.2,100,24.914529
10.095,34,30.805609
10.195,1,30.816182
10.74,12,30.919924
11.641667,5,30.962991
10.53,5,31.007071
11.313333,4,31.042525
10.328333,1,31.051691
11.995,1,31.060633
11.755,9,31.139961
10.865,9,31.223862
10.78,4,31.260692
11.365,7,31.320938
9.75,1,31.328464
10.335,4,31.360682
9.75,1,31.368394
10.328333,1,31.380543
11.985,3,31.407474
10.585,3,31.432571
10.965,7,31.499795
10.735,4,31.532212
9.75,1,31.539828
11.345,11,31.641653
10.77,6,31.84774
10.585,3,31.873004
10.47,17,32.015513
11.135,13,32.123981
10.385,3,32.150091
10.601667,13,32.261457
10.23,16,32.394277
9.898333,11,32.486205
10.663333,36,32.785193
10.985,3,32.813046
11.735,4,32.844085
10.585,3,32.870019
11.22,9,32.944817
10.756667,13,33.051877
11.995,1,33.060836
9.91,44,33.422917
9.935,4,33.455948
9.75,1,33.463622
10.101667,15,33.591098
11.995,1,33.599694
10.77,6,33.65115
10.715,8,33.719848
10.77,6,33.772763
9.928333,54,34.221498
10.898333,7,34.279835
-3.906667,100,35.104881
10.986667,16,35.448654
10.75,10,35.81711
9.368333,68,37.038454
10.406667,34,37.31865
10.571667,19,37.481484
11.165,7,37.540287
10.736667,17,37.683166
10.393333,41,38.033067
9.608333,69,38.595997
-4.663333,100,39.427857
10.651667,3,39.456836
11.135,13,39.570216
10.246667,4,39.602901
10.45,34,39.878925
9.696667,29,40.12708
9.901667,19,40.286642
10.78,4,40.319827
8.976667,75,46.565104
11.995,1,46.574285
10.76,8,46.644444
10.243333,9,46.722447
10.78,4,46.756585
11.995,1,46.765415
10.77,6,46.817541
10.331667,18,46.973909
10.131667,9,47.049043
10.513333,4,47.085974
10.683333,32,47.36594
10.661667,1,47.375452
11.338333,30,47.632938
10.483333,10,47.720029
11.17,6,47.772288
10.101667,15,47.899293
11.985,3,47.926682
10.726667,19,48.088475
10.78,4,48.122187
11.72,7,48.181111
10.641667,5,48.224442
11.323333,2,48.241953
10.898333,7,48.298852
10.77,6,48.351083
10.39,2,48.369842
10.656667,2,48.386884
9.99,2,48.40582
11.026667,8,48.474653
10.523333,2,48.491487
10.513333,4,48.525357
11.081667,28,48.763347
11.365,7,48.824073
10.77,6,48.875351
10.993333,19,49.040908
9.99,2,49.057523
10.661667,1,49.066376
10.641667,5,49.110366
10.648333,8,49.18333
11.026667,8,49.252599
11.026667,8,49.322545
10.656667,2,49.339823
9.99,2,49.35751
10.466667,22,49.549124
10.621667,9,49.62694
11.016667,10,49.715223
10.896667,34,50.00037
11.365,7,50.059524
10.26,10,50.141025
10.328333,1,50.150146
10.523333,2,50.166669
10.526667,10,50.252359
11.323333,2,50.270188
10.385,3,50.296024
10.661667,1,50.304847
11.155,9,50.382518
10.503333,6,50.431906
9.713333,17,50.577747
11.995,1,50.588222
10.648333,8,50.658319
10.385,3,50.684911
9.75,1,50.692776
11.026667,8,50.764665
10.102143,53,51.292199
10.661667,1,51.301368
10.985,3,51.326699
-3.569048,100,52.155905
11.002619,9,52.23231
10.92,7,52.289518
8.753571,94,53.087293
11.995,1,53.096342
9.712857,41,53.437344
11.323333,2,53.456962
11.995,1,53.465675
-2.616667,100,54.28847
8.732143,82,60.582595
10.222381,48,60.988853
-3.69119,100,61.831526
11.014048,23,62.022503
11.323333,2,62.039488
11.985,3,62.065886
10.742619,12,62.166065
10.852857,9,62.241798
11.283333,10,62.321576
10.73381,60,62.824197
10.732857,33,63.104402
10.521667,29,63.351977
10.902381,10,63.437442
11.505,10,63.525095
9.523333,68,64.09696
9.924048,94,64.891346
10.631667,7,64.951586
10.812381,28,65.187107
10.641667,5,65.23003
10.11381,37,65.532111
10.585,3,65.560803
10.180476,2,65.57864
11.173095,13,65.683933
10.631667,7,65.743762
10.902381,10,65.827088
10.78,4,65.859079
10.642619,32,66.128187
9.75,1,66.135802
11.303571,25,66.346307
10.332381,26,66.569249
10.552143,12,66.669638
11.151667,14,66.784151
-3.759524,100,67.621764
-2.139762,100,68.446417
10.898333,7,68.508717
10.952619,19,68.666865
10.77,6,68.71681
11.323333,2,68.734572
9.99,2,68.752065
10.552381,31,69.012631
10.772143,17,74.74318
11.353571,15,74.872839
10.882381,14,74.991483
11.263333,14,75.108691
10.45119,5,75.153288
10.721905,8,75.223459
11.484048,27,75.459747
11.082857,12,75.562988
10.631667,7,75.62399
11.17,6,75.674898
11.365,7,75.736773
10.722619,16,75.874987
10.641667,5,75.919224
11.365,7,75.980728
10.721905,8,76.051972
11.002619,9,76.128121
10.522143,18,76.278513
10.721905,8,76.347199
10.898333,7,76.411161
11.995,1,76.419536
10.631667,7,76.4819
10.923095,14,76.59566
9.75,1,76.604398
10.611667,11,76.698035
11.133095,21,76.874313
10.77,6,76.925242
10.611667,11,77.018211
10.673095,15,77.150878
10.270714,3,77.176561
10.902381,10,77.260335
10.892381,12,77.358906
10.611667,11,77.453196
10.833095,32,77.72784
10.802143,11,77.825762
10.972619,15,77.950388
11.313333,4,77.98506
9.98,4,78.017821
11.273333,12,78.120306
11.173095,13,78.231031
10.270714,3,78.255059
10.631667,7,78.315576
10.672619,26,78.534998
11.253333,16,78.668337
10.731905,6,78.719754
10.873095,24,78.922366
10.872381,16,79.0601
10.772857,25,79.277666
11.093571,18,79.433934
10.655,11,79.526309
11.764762,28,79.765474
10.643095,21,79.948588
10.552143,12,80.052218
11.161667,12,80.153904
11.173095,13,80.264216
10.44119,7,80.326379
10.651905,22,80.511478
10.572857,16,80.648665
10.812143,9,80.725543
10.45119,5,80.768771
10.101667,15,80.896051
10.982619,13,81.005735
11.16381,23,81.205978
11.323333,2,81.223443
11.363571,13,81.335585
10.53,5,81.557858
9.75,1,81.566
10.873571,11,81.662521
10.656667,2,81.679995
-2.002778,100,83.023683
-1.558333,100,89.462659
-3.571111,100,90.307684
-2.146667,100,91.163545
10.742619,12,91.268723
-3.048333,100,92.110124
11.293333,8,92.184274
-2.401667,100,93.022636
11.985,3,93.052551
-1.656667,100,93.887243
10.659286,62,94.402431
-1.924444,100,95.244706
-4.028333,100,96.078495
-2.113889,100,96.918878
9.99,2,96.936694
10.975,5,96.97725
10.992619,11,97.071507
-2.192222,100,103.53592
9.939444,54,103.988025
10.495556,12,104.09411
-3.95,100,104.923688
9.988333,71,105.516268
10.540556,54,105.955304
9.192778,70,106.531206
10.66,19,106.692539
9.99,2,106.709656
11.995,1,106.718455
10.781111,17,106.864778
-0.767778,100,107.695926
10.738333,19,107.859358
10.742619,12,107.956755
9.396111,47,108.347212
10.985,3,108.371133
9.873889,58,108.861296
10.016667,81,109.534874
10.548889,19,109.69397
10.059444,30,109.945978
-2.525556,100,110.778047
10.488889,31,111.039887
10.975,5,111.08146
10.383095,24,111.286134
10.839444,21,111.462723
9.788889,24,111.662874
10.340556,45,117.652828
10.798889,18,117.804779
10.7,11,117.901243
10.371667,61,118.423607
10.748333,17,118.57043
11.002619,9,118.645915
11.365,7,118.705326
11.284048,18,118.859393
10.726429,20,119.035325
10.597857,9,119.112015
10.415,17,119.258598
11.313333,4,119.292708
11.244444,40,119.631188
11.082857,12,119.732614
10.541667,27,119.955529
11.755,9,120.029155
11.005,50,120.448153
10.789444,31,120.710619
10.981111,26,120.931248
10.663333,36,121.239996
10.599444,20,121.407868
10.656667,2,121.425359
10.505556,10,121.506852
10.751111,23,121.704956
9.99,2,121.721985
10.647222,15,121.848918
10.39,24,122.05162
10.943889,40,122.398346
10.839444,21,122.573517
10.677778,20,122.741287
10.619444,16,122.876522
10.508333,16,123.013435
11.304444,28,123.250664
10.498333,18,123.40046
10.627222,19,123.558044
10.707778,14,123.673406
10.758889,26,123.890083
11.323333,2,123.906757
10.656667,2,123.924661
11.995,1,123.933598
10.506111,74,124.568949
10.352778,38,124.89465
11.112222,22,125.080712
11.112778,33,125.361416
10.89,22,125.55536
10.622222,22,125.735044
11.011111,20,125.904498
10.809444,27,131.740677
10.404444,8,131.813713
11.041667,25,132.02182
11.119286,19,132.186692
10.599444,20,132.353884
10.457778,15,132.479314
11.001111,22,132.664268
10.819444,25,132.880593
10.286111,16,133.016521
11.122222,20,133.182623
11.172778,21,133.360242
10.390556,35,133.653958
10.407778,25,133.869403
10.438889,41,134.210606
11.082222,28,134.441674
10.758333,15,134.57177
10.768333,13,134.681963
11.44381,16,134.815789
10.91,18,134.967294
10.445,11,135.060854
11.026667,8,135.130158
10.632778,31,135.388065
10.536111,15,135.512938
11.051667,23,135.712074
11.193333,28,135.949167
10.839444,21,136.133045
11.995,1,136.141999
11.446111,33,136.429528
10.616667,10,136.513451
10.678333,31,136.777426
11.112222,22,136.964514
10.707778,14,137.084764
10.585,3,137.108223
9.75,1,137.116564
11.061667,21,137.295526
10.637222,17,137.437753
10.717778,12,137.543234
10.582778,41,137.893109
10.782778,50,138.319739
11.995,1,138.330152
10.455,9,138.410768
10.353889,7,138.469709
10.975,5,138.512785
10.359444,19,138.676679
10.839444,21,138.855699
10.707778,14,138.973909
10.985,3,139.000502
9.75,1,139.009216
11.55,10,139.094326
10.758333,15,139.221315
10.819444,25,139.436377
11.162778,23,139.629308
10.879444,13,139.738247
10.91,18,139.88734
10.89,22,140.072045
10.758333,15,140.200177
10.631667,7,140.260428
10.353889,7,140.317811
10.641667,5,140.35956
10.701905,12,146.076198
11.54,12,146.177793
10.787143,14,146.300752
11.323333,2,146.317087
10.657222,13,146.429636
10.707778,14,146.55312
10.556111,11,146.647006
11.425556,26,146.867526
11.041667,25,147.084818
10.606667,12,147.187943
11.273889,23,147.379267
10.91,18,147.530017
11.112222,22,147.719672
10.384444,12,147.824312
10.808889,16,147.961803
11.995,1,147.971027
11.365,7,148.036357
10.91,18,148.188957
11.061667,21,148.373069
10.91,18,148.526565
10.748333,17,148.673016
10.162778,27,148.900594
10.78,4,148.935965
11.071667,19,149.101973
11.353571,15,149.229666
10.758333,15,149.357475
10.758333,15,149.489047
11.995,1,149.498087
10.656667,2,149.516892
11.995,1,149.525488
11.328571,20,149.691994
11.142778,27,149.923848
11.155,9,149.999718
9.75,1,150.007993
10.612222,24,150.213066
10.546111,13,150.328854
11.051667,23,150.52208
10.981111,26,150.744287
10.661667,1,150.752991
11.213333,24,150.95544
10.657222,13,151.06872
10.970556,17,151.212775
11.061667,21,151.395792
10.612222,24,151.601195
10.9,20,151.772626
10.687778,18,151.926461
9.75,1,151.934438
11.162778,23,152.136497
10.818889,14,152.257945
11.323333,2,152.27652
10.606667,12,152.376196
11.112222,22,152.565482
10.893333,39,152.897791
10.657222,13,153.009235
11.995,1,153.01846
11.755,9,153.096814
10.91,18,153.251586
11.051667,23,153.449753
11.365,7,153.510881
10.661667,1,153.532727
10.315556,70,154.122426
10.443889,9,154.198473
11.119286,19,154.353045
-1.545556,100,160.751525
-1.545556,100,161.587467
-2.056111,100,162.428898
11.155,9,162.507544
11.045556,22,162.689322
10.274444,47,163.084273
10.585,3,163.109241
10.718333,43,163.463977
11.155,9,163.542473
10.556111,11,163.632235
-1.835,100,164.470259
-2.236111,100,165.321211
-1.700556,100,166.165926
-2.703333,100,167.01624
10.641667,5,167.059818
-2.769444,100,167.891475
10.721905,8,167.958918
-3.592222,100,168.813617
10.709444,27,174.580754
10.528333,32,174.853584
9.75,1,174.861293
10.680556,15,174.986502
10.78,4,175.01931
10.656667,2,175.036079
11.44381,16,175.171155
10.486111,76,175.813114
10.610556,29,176.057271
10.748333,37,176.368801
11.124444,24,176.574531
10.670556,17,176.71431
-1.944444,100,177.569927
-2.769444,100,178.422688
11.021111,18,178.572844
10.817778,32,178.843176
11.064444,36,179.145608
10.897222,25,179.359751
10.7,20,179.532083
10.946667,24,179.735705
10.387222,29,179.978498
10.178333,53,180.420342
10.532222,18,180.572036
10.541429,6,180.624554
10.581667,17,180.764685
-2.325,100,181.602368
10.576667,49,182.01229
10.647222,15,182.142601
11.045,31,182.40894
9.981667,39,182.730201
10.346111,55,188.791205
10.853333,47,189.198052
10.295,34,189.485147
10.483889,63,190.027148
10.834444,33,190.307227
11.995,1,190.31594
10.946111,33,190.594366
10.837222,37,190.911823
10.616111,50,191.33752
9.97,6,191.3881
10.975,5,191.431372
10.531667,29,191.678792
11.133889,31,191.949201
10.847778,26,192.1733
11.985,3,192.198217
10.798889,18,192.360403
10.936667,26,192.578929
10.913333,35,192.881932
10.552222,14,193.003787
10.489444,22,193.189884
10.788333,29,193.434516
10.758333,15,193.560281
10.661667,1,193.569182
11.262222,32,193.842146
10.92,16,193.980064
10.903889,28,194.216389
10.818333,23,194.414142
10.596111,54,194.873436
10.867222,31,195.137892
11.065,27,195.365131
10.656667,33,195.655599
10.21,20,195.825536
10.312778,66,196.385607
10.922778,22,196.571559
9.98,4,196.607746
10.976111,27,196.832865
10.639444,41,197.180176
10.306111,12,197.284095
11.995,1,197.292933
10.758889,26,203.060911
11.094444,30,203.315758
10.749444,19,203.482911
11.641667,5,203.525525
11.420556,27,203.754519
11.155,9,203.830487
10.985,3,203.857748
11.341111,34,204.14565
10.946667,24,204.346296
10.788889,20,204.51489
11.283333,10,204.598844
11.155,9,204.672884
11.212778,33,204.954884
10.986111,25,205.165192
10.472778,21,205.341114
11.104444,28,205.584664
10.765556,29,205.827922
10.986111,25,206.038248
10.946667,24,206.239417
10.996111,23,206.435053
10.473333,12,206.537576
10.7,20,206.709289
10.195,1,206.71893
11.055,29,206.966906
11.283333,10,207.051942
10.525556,28,207.293514
9.98,4,207.327299
11.173095,13,207.44084
11.641667,5,207.4835
10.394444,10,207.568837
10.739444,21,207.743228
10.867778,22,207.930717
11.025,35,208.227472
10.479444,24,208.427644
10.933333,31,208.688298
10.867778,22,208.88352
10.479444,24,209.088579
10.985,3,209.114579
10.907222,23,209.309724
11.153889,27,209.544804
11.103889,37,209.857098
10.71,18,210.012871
10.670556,17,210.156524
10.818333,23,210.350696
10.591667,15,210.48066
10.976111,27,210.707355
10.538889,21,210.884953
10.827778,30,211.143638
10.985,3,211.171807
10.330556,36,211.475846
11.123889,33,217.297474
11.995,1,217.308727
10.641667,5,217.355119
10.660556,19,217.514948
11.232778,29,217.762885
11.311667,31,218.032736
10.828333,21,218.211994
10.946667,24,218.422988
10.390556,24,218.627963
10.433333,20,218.793576
10.976111,27,219.028851
10.898333,7,219.090292
9.75,1,219.098616
10.657222,24,219.297932
11.143889,29,219.538319
10.45119,5,219.580321
10.71,18,219.733239
11.163333,34,220.0195
10.867778,22,220.201916
11.075,25,220.41885
11.065,27,220.645856
10.828333,21,220.821431
10.541429,6,220.870022
11.104444,28,221.106877
11.313333,4,221.14136
10.995556,32,221.415315
10.808333,25,221.628673
10.778889,22,221.812819
10.812143,9,221.888362
10.916667,30,222.138619
10.67,26,222.360104
10.818333,23,222.554581
11.112222,22,222.742721
10.877222,29,222.985293
10.867778,22,223.174493
10.992619,11,223.266297
10.585,3,223.290889
11.985,3,223.316216
10.867778,22,223.502441
10.828333,21,223.679047
10.568333,24,223.879987
10.788889,20,224.047573
10.627222,30,224.296575
10.562222,12,224.39705
10.992619,11,224.490309
11.54,12,224.590225
10.986111,25,224.808663
11.365,7,224.868678
10.847778,26,225.088533
10.77,6,225.139034
10.716111,30,225.398205
11.123889,33,225.676096
10.917222,21,225.855999
11.222778,31,231.659875
10.946667,24,231.863418
11.534048,17,232.006778
10.276111,7,232.066265
11.025,35,232.370694
10.857778,24,232.578039
10.877778,20,232.746825
11.065,27,232.976683
11.122778,51,233.421343
10.542222,16,233.554233
10.71,18,233.708252
11.104444,28,233.952512
10.976111,27,234.187959
10.893889,30,234.444194
11.995,1,234.452968
10.641111,14,234.56902
11.114444,26,234.789339
10.69,22,234.980476
10.591667,15,235.105844
10.680556,15,235.233001
10.607778,25,235.449264
11.025556,26,235.66451
11.133889,31,235.926142
11.065,27,236.156519
11.025556,26,236.380566
10.917222,21,236.559943
10.788889,20,236.733088
11.182778,39,237.060964
9.99,2,237.078515
10.828333,21,237.259085
10.996429,15,237.392105
9.75,1,237.400259
10.71,18,237.553065
10.897222,25,237.760075
10.838333,19,237.921849
11.005556,30,238.1805
11.094444,30,238.439355
11.222778,31,238.709178
11.313333,4,238.743954
10.502222,24,238.948221
11.005556,30,239.206755
10.777778,40,239.552709
10.661667,1,239.56131
11.065,27,239.794374
10.946667,24,240.000897
10.91,18,240.156312
11.995,1,240.165381
10.420556,18,245.852376
10.907222,23,246.048144
11.025556,26,246.27155
11.155,9,246.349003
10.985,3,246.373214
11.193333,28,246.60803
-1.132273,121,247.723455
-2.330455,121,248.751695
-4.770909,121,249.77262
-3.300909,121,250.80338
-2.185,121,251.824001
-1.195455,121,252.846556
-2.301818,121,253.853617
11.283333,10,253.943259
-2.248182,121,260.49826
10.506818,95,261.288223
-1.476818,121,262.329613
-1.811818,121,263.35342
11.411667,11,263.444645
-2.403182,121,264.479779
10.342727,57,264.966625
11.323333,2,264.983286
-3.174545,121,266.010883
8.882727,104,266.892038
-0.986818,121,267.919427
9.881364,93,274.318258
11.985,3,274.344568
10.554545,20,274.508518
9.75,1,274.517096
10.512273,74,275.15142
10.815455,26,275.372277
10.657222,13,275.483639
11.172778,21,275.659057
11.314444,26,275.88102
10.098182,37,276.189034
10.349545,43,276.550884
10.816364,35,276.851581
10.836818,29,277.098019
10.785455,32,277.367699
10.818182,40,277.708311
10.572857,16,277.844483
10.78,4,277.879142
10.565909,25,278.093944
10.661667,1,278.103097
10.797143,12,278.207902
10.780909,62,278.729392
10.68,15,278.859025
10.504545,30,279.113068
10.663636,51,279.555509
10.534091,26,279.77734
9.75,1,279.78487
10.892273,47,280.184881
10.878182,28,280.418917
10.597857,9,280.494869
10.340909,52,280.939808
10.672727,40,281.280591
10.825455,24,281.482619
10.946667,24,281.687336
10.812143,9,281.762256
10.441818,28,282.007154
11.026667,8,282.075589
11.668333,13,282.194379
10.376364,12,282.299049
11.002619,9,282.376023
10.367727,21,282.552956
10.578182,39,282.890367
10.554545,20,288.602389
10.638636,25,288.817651
10.716818,53,289.274646
10.668636,19,289.434333
10.846818,27,289.663047
10.730714,11,289.759747
10.465,7,289.820026
10.669545,28,290.05736
10.993636,34,290.343586
11.087727,37,290.658562
10.869545,37,290.968063
10.595909,19,291.125662
10.966111,29,291.377746
10.909545,29,291.622926
10.867778,22,291.806861
10.784091,25,292.017766
10.940909,30,292.278399
10.444091,44,292.647463
10.860455,48,293.053096
10.993636,34,293.339748
10.732727,28,293.582585
10.598182,35,293.88375
10.808889,16,294.015839
11.995,1,294.024299
10.885909,72,294.6427
11.17,6,294.69462
10.985,3,294.720115
10.732727,28,294.96016
10.940909,30,295.218521
10.722273,32,295.495857
10.762727,22,295.686493
10.595909,19,295.844923
10.328333,1,295.85441
10.456364,58,296.352742
10.474545,36,296.655914
10.184545,107,303.093036
10.69,22,303.282475
10.628182,29,303.528061
10.66,19,303.690405
10.795455,30,303.946587
10.863571,13,304.055241
10.899545,31,304.312306
10.92,7,304.371086
10.631667,7,304.431138
11.082857,12,304.532599
10.881818,51,304.963387
10.902381,10,305.051512
10.603571,16,305.186815
10.390455,31,305.44322
10.586818,30,305.693236
11.17,6,305.743394
10.722727,30,306.000882
10.45,21,306.179211
11.222778,31,306.443395
10.303636,12,306.545009
10.752727,24,306.745198
10.544545,22,306.926618
11.065,27,307.157761
10.721364,23,307.343942
10.595909,19,307.506053
11.995,1,307.514773
10.93,14,307.633192
10.388636,26,307.853727
10.448182,65,308.4009
10.982273,29,308.646662
10.65,30,308.900759
10.972273,31,309.164132
10.986111,25,309.380365
11.195714,18,309.531801
10.627273,20,309.698021
10.765,38,310.025572
11.129286,17,310.170609
11.011111,20,310.345323
10.940909,30,310.603262
10.668636,19,310.772342
10.972273,31,311.034034
10.702273,36,311.333534
10.972273,31,317.218934
10.909545,29,317.46725
10.798182,44,317.845469
10.920909,34,318.135069
10.628182,29,318.383411
10.513333,4,318.418506
10.754091,31,318.682106
10.63,34,318.974189
10.940909,30,319.224821
10.328333,1,319.233494
10.940909,30,319.494795
10.812143,9,319.571464
10.617273,22,319.76436
10.631667,7,319.824097
10.391667,6,319.878466
10.596818,28,320.115553
11.037273,49,320.538299
10.812143,9,320.61613
10.69,22,320.80147
10.533182,17,320.944144
10.564545,18,321.10195
10.815455,26,321.329965
11.56,8,321.398661
10.818333,23,321.597764
11.066364,34,321.889792
11.076364,32,322.161406
10.741364,19,322.323142
10.962273,33,322.600604
10.668636,19,322.760561
11.112222,22,322.949745
11.003636,32,323.223279
10.691364,29,323.467755
11.045,31,323.726922
10.797143,12,323.826222
10.909545,29,324.071229
10.565455,27,324.299037
10.794091,23,324.489714
10.846818,27,324.719501
11.061667,21,324.900823
10.982273,29,325.147042
10.721364,23,325.342468
10.868182,30,325.599451
10.7,20,325.770905
11.046364,38,331.69204
10.754091,31,331.956831
10.556111,11,332.049281
10.993636,34,332.344685
10.764091,29,332.594499
10.762727,22,332.785185
10.878182,28,333.024117
10.575909,23,333.218984
11.026667,8,333.288173
10.986111,25,333.501511
10.892273,47,333.908021
10.982273,29,334.155495
10.470455,15,334.28423
11.283333,10,334.367394
10.836818,29,334.618404
10.585,3,334.64405
10.723182,41,334.988941
10.846818,27,335.21196
11.087727,37,335.525685
11.365,7,335.58375
10.784091,25,335.797753
11.995,1,335.806958
10.39,2,335.825097
10.637273,18,335.971284
11.160455,37,336.285086
11.097727,35,336.582043
10.975,5,336.623178
10.545455,31,336.881114
10.815455,26,337.10132
11.019091,58,337.605956
9.99,2,337.624777
10.658636,21,337.805011
10.585,3,337.831475
11.365,7,337.893022
11.328571,20,338.061326
10.648636,23,338.26286
10.878182,28,338.500034
10.314545,19,338.666485
10.762727,22,338.855489
10.762727,22,339.039442
10.627273,20,339.207931
10.835455,22,339.394472
10.730714,11,339.486449
10.889545,33,339.772244
11.162778,23,339.970246
10.846818,27,345.800828
11.17,6,345.857334
10.638636,25,346.072881
10.661667,1,346.082848
10.846818,27,346.307924
9.99,2,346.325475
11.985,3,346.352226
10.397727,15,346.479158
10.7,20,346.652208
10.838182,36,346.966186
10.449091,12,347.067426
10.784091,25,347.280727
10.952273,35,347.574708
10.972273,31,347.835443
10.825455,24,348.036517
10.627273,20,348.210614
10.701364,27,348.432797
10.752727,24,348.640297
10.972273,31,348.902526
10.856818,25,349.116077
11.155,9,349.190768
10.909545,29,349.437579
10.627273,20,349.609996
10.878182,28,349.849775
10.846818,27,350.08444
10.721905,8,350.153928
10.818182,40,350.4944
10.878182,28,350.729056
10.69,22,350.921124
10.920909,34,351.211562
11.036364,40,351.558299
11.031667,38,351.887128
11.54,12,351.991226
10.721364,23,352.192136
10.39,2,352.210057
10.585909,21,352.390775
10.376364,12,352.492764
10.656667,2,352.510988
-0.477727,121,353.555258
11.54,12,353.661322
10.658636,21,353.839472
10.940909,30,354.09893
10.859444,17,354.244675
11.160455,37,354.556987
11.995,1,354.565608
10.788889,20,360.283931
11.066364,34,360.581899
10.878182,28,360.822287
10.972273,31,361.085406
10.597273,26,361.308272
10.996364,48,361.715788
10.262273,13,361.826614
10.950909,28,362.058213
11.624286,18,362.21
10.264091,31,362.467724
10.545455,31,362.735082
10.722273,32,363.012083
10.752727,24,363.215155
10.741364,19,363.382222
10.312273,65,363.92595
10.846818,27,364.156334
10.790455,62,364.680389
10.889545,33,364.959827
10.825455,24,365.158077
11.066364,34,365.446102
11.160455,37,365.756275
11.119091,38,366.086968
11.082857,12,366.190857
11.641667,5,366.234996
10.909545,29,366.483362
11.995,1,366.49289
11.527857,23,366.691883
11.076364,32,366.959022
-1.025606,144,368.303656
-1.207424,144,375.057462
10.759091,30,375.314493
-1.75803,144,376.531883
-2.028182,144,377.74469
-1.449848,144,378.962509
11.313333,4,378.999046
11.328571,20,379.164192
-1.086212,144,380.378141
-1.664545,144,381.59828
-2.028182,144,382.8188
-1.72,144,389.648952
10.531364,21,389.829252
9.98,4,389.863508
10.640909,41,390.209391
10.840909,50,390.634199
10.759091,30,390.886863
10.559697,33,391.164621
11.995,1,391.173355
10.565,38,391.493353
10.327273,31,391.760224
10.636212,48,392.178133
10.657879,26,392.401877
10.657879,26,392.62241
10.617879,34,392.906774
10.661667,1,392.914807
10.509091,31,393.181922
11.411667,11,393.273147
10.985,3,393.297492
10.721905,8,393.366574
10.385,3,393.39278
10.78,4,393.428395
-2.116515,144,394.667184
-2.028182,144,395.898937
10.382121,68,396.477732
10.516061,18,396.631135
-2.21,144,403.455703
11.012121,40,403.79846
10.900909,38,404.123394
10.323333,55,404.586939
10.794394,29,404.825188
10.483788,30,405.075728
9.75,1,405.083348
10.536818,80,405.754448
10.812143,9,405.831538
10.406212,45,406.214783
10.890909,40,406.550128
11.044444,31,406.813047
10.433182,28,407.049681
11.155,9,407.125223
10.819697,30,407.382862
10.769697,40,407.72264
10.941515,42,408.074456
11.263333,14,408.192974
9.99,2,408.21001
10.784394,31,408.477071
10.668485,36,408.780937
10.337273,29,409.026897
10.756818,36,409.332551
10.734394,41,409.685816
10.830303,40,410.030205
9.972121,52,410.471967
10.603333,48,410.886127
10.699091,42,411.239166
10.828333,21,411.415165
10.698485,30,417.214207
11.56,8,417.283015
11.17,6,417.335634
10.542727,97,418.16441
10.975,5,418.206063
10.657879,26,418.421307
10.956818,45,418.806004
10.564545,18,418.96055
10.875606,37,419.283265
10.936212,37,419.591145
10.585,3,419.618734
10.683182,27,419.845566
10.664545,109,420.768561
10.784394,31,421.032997
10.556667,22,421.220496
10.864545,118,422.211246
11.093333,48,422.619793
10.808889,16,422.754379
10.789697,36,423.064433
10.749091,32,423.3402
10.78,4,423.374332
10.657879,26,423.596999
10.964545,49,424.023072
10.825,35,424.318419
10.815606,49,424.739598
10.683182,27,424.976912
10.328333,1,424.98628
10.195,1,424.995796
10.835,33,425.274745
11.013333,64,425.81374
10.961515,38,431.756253
10.78,4,431.791574
10.460455,17,431.932986
11.055,29,432.183699
10.757424,48,432.592646
10.721515,37,432.909104
9.99,2,432.926879
10.407879,27,433.156875
11.624286,18,433.314032
10.733788,29,433.557095
10.906212,43,433.915996
10.986818,39,434.253992
10.661667,1,434.263453
10.412121,62,434.778915
10.256667,2,434.796502
10.734394,41,435.142516
10.556667,22,435.328648
10.673182,29,435.572929
11.129091,36,435.884149
10.749091,32,436.158634
10.966818,43,436.527916
10.733788,29,436.779283
10.511364,25,436.989446
10.809697,32,437.266762
11.985,3,437.293365
10.835,33,437.581237
10.405455,28,437.819853
10.617879,34,438.113537
11.365,27,438.34336
10.699091,42,438.708265
10.661667,1,438.719329
11.103939,58,439.213743
10.777424,44,439.588976
10.828333,21,439.765519
10.744394,39,440.094133
10.610303,35,445.998509
10.335606,47,446.395677
10.547273,36,446.700104
10.632576,25,446.911925
11.259848,45,447.29179
10.986818,39,447.616825
10.986111,25,447.824389
10.885606,35,448.124897
10.58197,23,448.31859
10.743788,27,448.54542
10.319697,32,448.817626
10.860303,34,449.104844
10.787424,42,449.460637
10.670556,17,449.601996
11.098636,53,450.050327
10.900909,38,450.374529
10.730714,11,450.465159
10.458485,29,450.711362
10.825,35,451.006988
10.865606,39,451.340642
10.985,3,451.366319
10.512121,42,451.716469
10.870909,44,452.09062
10.926818,51,452.518867
10.840303,38,452.838599
10.985,3,452.862933
10.972273,31,453.121731
11.062857,16,453.255468
10.809697,32,453.529624
10.556111,11,453.62482
10.971515,36,453.932821
10.660909,37,454.253208
10.627879,32,460.055043
9.75,1,460.06467
10.597879,38,460.396333
10.779697,38,460.715767
10.775,36,461.02105
9.99,2,461.039776
10.59197,21,461.21608
11.995,1,461.225515
11.262143,19,461.390809
11.796667,14,461.507084
11.152778,25,461.71384
10.635606,36,462.023841
10.910909,36,462.325744
9.98,4,462.359009
10.58197,23,462.557321
10.850303,36,462.860209
9.99,2,462.877436
10.328333,1,462.887234
10.509091,31,463.155405
10.566667,20,463.32703
11.323333,2,463.343432
10.809697,32,463.612322
10.708485,28,463.847942
10.537273,38,464.170658
10.69,22,464.351804
10.940909,30,464.603559
10.541429,6,464.654969
10.819697,30,464.90729
10.382576,26,465.137942
10.128333,1,465.146678
10.647879,28,465.38995
10.622576,27,465.619109
10.607273,24,465.818756
11.047424,39,466.153498
11.011111,20,466.321498
10.657879,26,466.544109
11.011111,20,466.718704
11.129286,17,466.862708
11.179242,49,467.285057
10.289697,38,467.605708
10.546667,24,467.807542
10.670909,35,468.117612
10.870303,32,468.397569
10.865606,39,468.727528
10.774394,33,474.607645
10.986818,39,474.943418
10.622576,27,475.171611
10.961515,38,475.494623
11.032121,36,475.798743
10.328939,13,475.907138
10.667879,24,476.114875
9.75,1,476.122767
10.835,33,476.404426
11.285758,58,476.90184
11.026667,8,476.97107
10.986818,39,477.296179
10.950909,28,477.537022
11.013636,30,477.786886
10.809697,32,478.053297
11.012143,20,478.225475
10.996429,15,478.357263
10.784394,31,478.622944
10.592576,33,478.900611
11.365,7,478.961713
11.113333,44,479.33915
9.75,1,479.347688
10.433788,40,479.696345
10.828333,21,479.877761
11.365,7,479.939548
10.587273,28,480.18123
10.656667,2,480.198539
10.656667,2,480.215682
10.774394,33,480.495197
9.99,2,480.511816
10.794394,29,480.759365
10.656667,2,480.776699
11.995,1,480.785758
10.505556,10,480.872214
10.812727,43,481.234962
10.703788,35,481.530043
10.936212,37,481.841868
11.012121,40,482.180251
10.790303,48,482.58193
10.693182,25,482.795442
9.75,1,482.803041
11.082857,12,482.900931
10.951515,40,488.778465
10.45119,5,488.821763
10.860303,34,489.105256
11.062727,42,489.459804
10.985,3,489.486566
11.012121,40,489.823149
11.138636,45,490.209886
10.78,4,490.245281
10.823333,53,490.692442
10.936212,37,491.00907
10.575,36,491.315299
10.759091,30,491.563142
10.57197,25,491.775397
10.328333,1,491.784733
11.54,12,491.884702
10.556667,22,492.068259
11.173095,13,492.18289
10.870303,32,492.454284
10.936212,37,492.772144
11.995,1,492.781496
10.910909,36,493.090802
10.996818,37,493.39843
10.602576,31,493.661459
10.663182,31,493.931929
10.916212,41,494.278054
11.032727,48,494.691175
10.910909,36,495.002981
10.737424,52,495.438553
10.458485,29,495.68774
10.708485,28,495.922814
11.985,3,495.949638
10.910909,36,496.251229
10.910909,36,496.565671
10.713788,33,496.844039
10.961515,38,497.165434
10.769091,28,502.941406
10.951515,40,503.284264
10.759091,30,503.542982
10.910909,36,503.85124
10.641667,5,503.893387
10.57197,25,504.109198
11.026667,8,504.182261
10.895606,33,504.462549
10.870303,32,504.735435
10.981515,34,505.029803
10.809697,32,505.300597
10.531364,21,505.479267
10.940909,30,505.734426
11.995,1,505.743416
10.585,3,505.76954
10.93,14,505.88995
10.794394,29,506.134863
10.759091,30,506.390172
11.195714,18,506.543945
11.062727,42,506.898012
10.708485,28,507.132595
10.45119,5,507.173512
10.602576,31,507.43084
11.323333,2,507.447716
10.480758,19,507.606961
10.656667,2,507.625062
10.921515,46,508.014506
10.506061,20,508.181812
10.397424,71,508.782176
10.291364,20,508.952918
10.794394,29,509.195831
10.657879,26,509.414081
10.661667,1,509.423986
11.56,8,509.492898
11.56,8,509.563702
10.585,3,509.58951
10.911515,48,510.008301
10.328333,1,510.01702
10.657879,26,510.237333
10.921515,46,510.638282
10.860303,34,510.920702
10.855,29,511.174335
10.335909,22,511.359325
10.985,3,511.383226
10.880909,42,517.284578
10.986818,39,517.612849
10.946667,24,517.816883
10.668485,36,518.120671
10.708485,28,518.36651
10.902381,10,518.448164
10.992121,44,518.824237
10.809697,32,519.095622
10.916212,41,519.448565
10.809697,32,519.723901
11.353571,15,519.851457
10.863333,45,520.22817
10.910909,36,520.534713
10.961515,38,520.855855
10.633182,37,521.174184
11.195714,18,521.323357
10.877778,20,521.491175
-1.659394,144,522.718565
10.556111,11,522.810199
10.719091,38,523.131377
10.382576,26,523.34661
11.035,33,523.628157
10.865606,39,523.961971
10.910909,36,524.271202
11.138636,45,524.656935
10.759091,30,524.916267
10.860303,34,525.20382
11.323333,2,525.221846
10.865606,39,525.555341
10.328333,1,525.564734
10.828333,21,525.742811
10.895606,33,531.55946
10.733788,29,531.798476
10.784394,31,532.064296
11.062727,42,532.414038
11.096364,59,532.90909
10.885606,35,533.210921
10.809697,32,533.480063
10.631667,7,533.540927
10.989848,50,533.967904
-1.115641,169,535.471689
-2.557179,169,536.907897
-1.129872,169,538.330508
-1.987436,169,539.751001
-2.805,169,546.781438
-2.052949,169,548.217164
10.468846,88,548.981399
-1.936154,169,550.414006
-5.249359,169,551.854554
-2.389103,169,553.3089
9.359231,135,560.05056
10.547949,34,560.346191
-2.206795,169,561.789242
10.794359,36,562.099879
11.026667,8,562.167834
11.323333,2,562.184874
10.581795,58,562.67164
-1.614231,169,564.110175
10.495641,57,564.59755
10.902381,10,564.684366
10.477308,43,565.041795
-6.294872,169,566.478936
10.699487,47,566.880094
10.642436,51,567.318286
10.121538,19,567.478062
11.328571,20,567.646292
10.661667,1,567.657192
-0.998846,169,574.679208
10.601795,54,575.135849
10.639872,31,575.399968
11.295909,39,575.731628
10.712436,37,576.050091
-1.665513,169,577.498144
11.97,6,577.551309
11.171818,42,577.907408
8.858846,116,578.898029
10.836923,48,579.304989
10.403462,27,579.531781
10.265,49,579.935513
10.278205,72,580.537588
10.640513,36,580.841255
10.525,46,581.232375
10.799487,76,581.875743
10.656667,2,581.894839
10.681795,38,582.223179
10.691795,36,582.535561
10.956667,22,582.723654
10.641667,5,582.765961
10.918205,42,588.724876
11.995,1,588.734242
10.441795,37,589.051131
10.985,3,589.077244
10.815641,42,589.443786
10.825641,40,589.784023
9.971538,49,590.20445
11.03803,53,590.650333
10.754359,44,591.02621
10.326282,47,591.431041
11.323333,2,591.448275
11.641667,5,591.492322
10.970128,47,591.889081
10.970556,17,592.033378
10.711795,32,592.308218
11.105256,61,592.834709
10.088846,66,593.399571
10.201154,31,593.662523
10.732436,33,593.940211
10.77,6,593.992985
10.878846,55,594.46279
10.670513,30,594.71659
10.681154,33,594.991945
10.635,73,595.620791
10.694359,56,596.087725
11.155,9,596.16093
10.641154,41,596.508605
10.78,4,596.541577
10.629872,33,596.818642
11.323333,2,596.835914
10.607273,24,597.036654
10.970769,52,603.015394
10.422821,18,603.167771
10.733077,38,603.489033
10.743077,36,603.790194
10.990128,43,604.150565
10.626923,41,604.502893
10.938846,43,604.867924
10.803974,62,605.387061
10.730128,46,605.784868
10.774359,40,606.118916
10.289231,47,606.523761
10.74141,54,606.979453
10.835641,38,607.302061
10.828846,65,607.851966
11.02141,47,608.249156
10.730714,11,608.342265
10.557308,27,608.565524
10.731795,28,608.801302
11.073333,52,609.23912
10.713718,47,609.646358
10.678846,46,610.041907
11.012051,54,610.496909
10.93,14,610.613597
10.202051,69,611.203791
10.465,7,611.263952
10.190128,56,617.275045
10.960128,49,617.695527
10.701795,34,617.975918
9.75,1,617.98363
11.052692,51,618.413983
10.766282,57,618.886863
10.566923,53,619.337268
10.670769,63,619.861247
10.908205,44,620.227247
10.825641,40,620.567842
10.526667,28,620.800697
11.313333,4,620.834877
11.263333,14,620.954603
11.211429,23,621.146076
10.570513,50,621.575744
10.722436,35,621.876486
10.743077,36,622.188189
11.011111,20,622.360591
11.129286,17,622.502967
10.693077,46,622.897174
10.693077,46,623.298357
10.402436,50,623.717272
10.907564,39,624.047598
10.828333,21,624.227706
10.794359,36,624.530353
10.668846,48,624.939193
10.661154,37,625.255524
10.878205,50,625.678918
10.775641,50,631.713526
10.266026,26,631.931196
11.249103,63,632.473547
11.201818,36,632.772442
11.105256,61,633.29542
10.640513,36,633.598254
10.908205,44,633.972423
10.986818,39,634.308574
-1.665513,169,635.750983
10.846282,41,636.092845
10.806923,54,636.56572
10.517308,35,636.86492
11.313333,4,636.898424
10.980769,50,637.31992
10.749444,19,637.484115
11.032692,55,637.948965
10.629872,33,638.230485
10.77,6,638.284534
11.012051,54,638.742023
10.805,39,639.071972
10.713077,42,639.431422
10.856282,39,639.772563
10.429091,16,639.913709
11.17,6,639.963024
10.930769,60,646.012413
10.585,3,646.039459
10.996818,37,646.354122
10.376364,12,646.461897
10.826282,45,646.839084
10.720769,102,647.701124
10.310897,25,647.913645
10.681154,33,648.19042
10.294359,87,648.934753
11.055,29,649.184229
11.365,7,649.246363
10.387564,45,649.620426
10.846282,41,649.970149
11.114615,54,650.419368
11.313333,4,650.454012
10.433462,21,650.631162
10.45119,5,650.673191
10.484744,21,650.849744
11.052692,51,651.284374
10.815,37,651.59329
11.313333,4,651.628235
10.752436,29,651.875884
11.985,3,651.902162
10.784359,38,652.227807
10.722436,35,652.519407
10.940128,53,652.976129
10.69,22,653.162729
10.707778,14,653.284053
9.98,4,653.318599
10.516026,25,653.531397
10.876923,40,653.872806
10.470455,15,653.999438
10.641667,5,654.041149
10.908205,44,659.94328
9.961795,35,660.239133
10.691154,31,660.503796
10.650513,34,660.784182
10.722436,35,661.084424
10.451154,30,661.340321
10.284359,40,661.684417
10.985,3,661.71143
10.975,5,661.754993
10.797143,12,661.856499
10.037308,33,662.145349
10.433889,11,662.238898
10.788889,20,662.411002
10.720128,48,662.822856
10.681154,33,663.107419
10.846282,41,663.459675
10.846282,41,663.810628
10.805,39,664.138285
10.939487,48,664.548164
10.932051,70,665.143337
10.722436,35,665.436306
10.577949,28,665.674696
10.361538,20,665.844271
10.846923,46,666.235355
10.763718,37,666.55507
10.639872,31,666.822687
10.495385,24,667.023766
10.773718,35,667.326072
10.95141,61,667.834457
10.701795,34,668.128047
11.129286,17,668.270169
11.97,6,668.322976
11.082857,12,668.422886
11.071667,19,674.196247
10.835641,38,674.528833
10.547308,29,674.773102
10.908846,49,675.185808
10.753974,72,675.808396
10.545641,47,676.214823
11.000769,46,676.611537
9.97,6,676.662676
10.898205,46,677.062855
10.848205,56,677.534603
10.34859,30,677.783599
10.825,35,678.084697
10.784359,38,678.404249
10.825641,40,678.749077
11.176538,57,679.222377
10.639872,31,679.484748
10.866923,42,679.849847
10.632576,25,680.060676
10.985,3,680.086788
10.461795,33,680.372246
10.928846,45,680.745787
10.985,3,680.772047
9.75,1,680.780255
10.744359,46,681.167313
10.585641,39,681.500367
11.011111,20,681.66646
10.813333,55,682.134629
10.959487,44,682.504914
11.052692,51,688.49183
10.656667,2,688.508908
10.534359,39,688.846687
11.073974,57,689.336433
10.398846,53,689.796026
10.701795,34,690.08628
10.887564,43,690.455886
10.722436,35,690.754817
10.516026,25,690.971028
10.483718,44,691.350379
11.129286,17,691.498519
10.866923,42,691.850472
11.01141,49,692.262625
11.323333,2,692.279511
10.670556,17,692.428147
11.155897,56,692.907658
10.682436,43,693.283113
10.576282,46,693.669382
10.702436,39,694.006656
11.145256,53,694.45649
10.828205,60,694.968019
10.596282,42,695.326569
10.461795,33,695.614854
10.661667,1,695.623519
10.59859,29,695.870765
10.805,39,696.20715
10.701795,34,696.497571
10.743077,36,696.809379
11.104444,28,697.048664
11.313333,4,697.08162
10.206026,38,702.945892
10.919487,52,703.3874
10.564545,18,703.542011
10.805,39,703.875717
10.691154,31,704.135876
10.795,41,704.481245
10.287308,32,704.748272
10.701795,34,705.037034
10.482436,34,705.324942
10.60859,27,705.551697
10.826923,50,705.967341
10.660513,32,706.242747
11.411667,11,706.337292
11.985,3,706.362329
10.887564,43,706.729823
10.617564,48,707.141737
10.619231,30,707.396893
10.856923,44,707.767111
10.547949,34,708.060219
10.59859,29,708.302496
11.197179,58,708.798913
10.555641,45,709.185321
11.01141,49,709.610857
10.959487,44,709.991262
10.816282,47,710.389474
10.609231,32,710.661203
10.524394,34,710.950582
10.743077,36,711.257523
10.732436,33,717.149161
11.082857,12,717.250838
10.639872,31,717.522491
10.660513,32,717.794524
11.313333,4,717.830988
10.722436,35,718.12964
10.917564,37,718.449155
10.827564,55,718.921929
10.59859,29,719.170179
11.353571,15,719.302886
10.433462,21,719.477715
10.567308,25,719.690825
11.173095,13,719.807357
10.691795,36,720.112434
11.183333,30,720.374304
10.794359,36,720.679742
11.155,9,720.75368
10.681154,33,721.028685
11.062857,16,721.16022
10.795,41,721.517767
10.750769,47,721.9065
10.441154,32,722.185463
11.995,1,722.194183
10.970128,47,722.597318
10.495385,24,722.797903
11.213333,24,723.010162
11.313333,4,723.044567
9.892179,21,723.22521
10.743077,36,723.530694
10.743718,41,723.88045
10.825641,40,724.217812
10.661154,37,724.536262
11.262143,19,724.69561
11.052692,51,725.144192
10.961515,38,725.463633
10.877564,45,725.848525
10.77,6,731.43509
10.660513,32,731.706506
10.864615,55,732.18181
10.887564,43,732.550327
9.75,1,732.559895
10.866923,42,732.920935
10.774359,40,733.261472
10.565,29,733.511768
10.985,3,733.537735
10.658205,45,733.921385
10.784091,25,734.132584
10.959487,44,734.506149
10.846282,41,734.853469
10.784359,38,735.182265
10.661154,37,735.496065
11.033333,60,736.001892
10.763718,37,736.321789
10.812143,9,736.397895
10.732436,33,736.673797
10.825641,40,737.014037
10.805,39,737.357924
10.39,2,737.37725
11.01141,49,737.794239
10.795,41,738.139339
10.960556,19,738.308562
10.805641,44,738.682072
10.722436,35,738.983963
10.660513,32,739.260224
11.113333,44,739.636202
11.155,9,739.720428
11.323333,2,739.737981
11.995,1,739.746606
10.723077,40,740.081881
11.187821,65,746.187999
10.511818,14,746.304439
10.753636,33,746.584772
10.640513,36,746.890687
10.866923,42,747.24399
10.433462,21,747.425928
11.162778,23,747.622646
10.722436,35,747.916241
10.372179,23,748.117326
10.58859,31,748.379516
10.774359,40,748.724438
10.93,14,748.84606
10.506026,27,749.077675
10.639872,31,749.335322
10.722436,35,749.626948
10.557308,27,749.855702
10.990769,48,750.268339
10.866923,42,750.630098
10.588205,108,751.541137
10.443462,19,751.699218
10.78,4,751.731938
10.928846,45,752.115973
10.641667,5,752.158352
10.990769,48,752.566752
10.82803,46,752.957953
10.815641,42,753.309716
10.722436,35,753.605716
10.775,45,753.99406
10.565,38,754.317299
11.025556,26,760.1449
10.691154,31,760.409055
10.681154,33,760.696035
10.763718,37,761.016627
10.631667,7,761.076456
10.536667,26,761.294964
10.877564,45,761.68066
11.56,8,761.746729
11.00141,51,762.173565
11.01141,49,762.579491
10.639872,31,762.841165
10.866923,42,763.201036
10.696099,41,763.559059
10.77,6,763.607547
10.797143,12,763.709241
-3.270934,196,765.416163
10.928846,45,765.803179
-1.983242,196,767.48652
-2.388571,196,774.703968
-1.983242,196,776.372275
11.755,9,776.454386
-1.98,196,778.124984
-1.851374,196,779.795203
11.155897,56,780.267568
-1.892088,196,781.919803
-1.936044,196,789.129622
10.256667,2,789.148095
-1.892088,196,790.82069
-2.027198,196,792.491844
-2.693022,196,794.142947
10.469341,38,794.469645
11.44381,16,794.605653
9.675879,142,795.822735
-2.297418,196,803.013751
-1.986484,196,804.703801
10.729444,23,804.902945
10.670989,68,805.486218
10.195,1,805.493984
10.661667,1,805.503604
9.850275,126,806.591366
10.825455,24,806.796496
10.385,3,806.822247
-3.94,196,808.494725
10.898333,7,808.558511
10.595165,48,808.961562
11.56,8,809.027146
10.366813,66,809.577936
10.177033,158,810.939867
10.471923,72,811.554626
10.561209,46,817.535425
10.666099,47,817.936546
10.805,39,818.263612
10.687033,56,818.7389
10.898333,7,818.797443
10.868901,46,819.190354
10.150495,22,819.376909
11.283333,10,819.462962
10.050495,42,819.824226
10.713077,42,820.184879
10.870303,32,820.462737
10.77,6,820.515678
10.831923,49,820.935441
10.333077,69,821.527164
10.385,3,821.555994
10.737033,46,821.948519
10.757033,42,822.316648
10.703077,44,822.697833
-3.047912,196,824.368673
10.543297,32,824.640404
10.797967,47,825.03629
-2.023956,196,832.229323
10.669835,50,832.657143
10.683182,27,832.890447
10.835879,57,833.373103
10.806813,76,834.024695
10.530989,47,834.423988
10.733788,29,834.673612
10.906212,43,835.044229
-7.50511,196,836.736311
9.99,2,836.755304
10.814945,48,837.166
10.581923,50,837.598742
10.930769,60,838.111546
-1.98,196,839.772612
10.710989,60,845.81645
10.653077,54,846.282112
10.540275,37,846.596823
10.342143,54,847.057405
10.530989,47,847.455369
10.737033,46,847.848433
10.628187,37,848.165041
10.598187,43,848.529291
10.686099,43,848.892162
10.902381,10,848.981419
10.975,5,849.022827
10.794945,52,849.464208
10.491703,161,850.836462
10.814945,48,851.24813
10.537747,94,852.051739
10.570769,83,852.763254
10.780989,46,853.15024
10.841923,47,853.554625
10.615165,44,853.934833
10.145385,45,854.313223
10.869835,59,860.364718
10.93,14,860.480895
10.009341,32,860.756336
10.638187,35,861.056148
10.771703,56,861.527433
9.940769,111,862.4761
10.280055,84,863.196233
11.162778,23,863.393118
10.804945,50,863.81549
10.859444,17,863.963001
10.631667,7,864.024245
11.641667,5,864.067049
10.628187,37,864.381605
10.482363,31,864.640492
10.45119,5,864.684787
10.450055,50,865.113847
10.659242,55,865.592077
10.950769,56,866.069123
11.018681,60,866.584607
10.654945,80,867.274495
10.618901,47,867.666873
10.721703,66,868.236728
10.764011,45,868.63141
10.582857,63,874.714095
10.724011,53,875.17271
10.898333,7,875.236991
10.500275,45,875.623443
10.869835,59,876.125778
10.645165,38,876.451362
11.323333,2,876.469211
10.899835,53,876.91947
10.686813,51,877.351511
10.320055,76,878.002725
11.018681,60,878.515357
10.720055,45,878.891593
10.492363,29,879.14039
10.713077,42,879.498739
11.155,9,879.574873
10.814945,48,879.985337
10.585165,50,880.415483
10.770989,48,880.822583
10.913791,59,881.325601
10.355909,18,881.479956
10.78,4,881.515916
10.598187,43,881.874253
10.686099,43,882.24152
10.598187,43,882.60386
10.992619,11,882.694928
10.656099,49,888.730297
10.704725,65,889.282713
10.863571,13,889.397576
10.790989,44,889.774433
10.815455,26,889.992242
10.910769,64,890.536273
10.679121,40,890.876362
11.755,9,890.954686
11.173095,13,891.062397
10.679121,40,891.408965
10.723077,40,891.750603
10.859835,61,892.273856
10.821923,51,892.714504
11.018681,60,893.219124
10.677033,58,893.721841
10.543297,32,894.003141
10.585,3,894.030342
10.872857,54,894.496749
11.193333,28,894.733915
10.860769,74,895.365972
10.564545,18,895.522486
10.909835,51,895.950204
10.946667,24,896.153943
10.764011,45,896.537565
10.664286,10,896.626111
10.577253,34,896.915478
10.930769,60,897.428244
10.608187,41,903.381835
10.858901,48,903.793393
10.408187,32,904.066851
10.482363,31,904.326855
10.683077,48,904.728513
10.649835,54,905.186319
10.892857,50,905.607868
10.659121,44,905.982156
11.313333,4,906.015996
10.679121,40,906.353838
11.365,7,906.414786
10.526319,31,906.680164
10.662143,39,907.007306
10.831923,49,907.417396
10.791923,57,907.904647
10.706099,39,908.235325
11.995,1,908.244144
10.628187,37,908.556859
9.75,1,908.564688
11.323333,2,908.582727
10.564945,49,908.992516
10.950769,56,909.474049
10.476319,41,909.819167
11.641667,5,909.862704
10.659835,52,910.305817
11.026667,8,910.371958
9.75,1,910.380319
10.584231,37,910.693667
10.751923,65,911.250426
9.75,1,911.258291
10.509341,30,911.514212
10.797143,12,911.616702
10.885606,35,917.526964
10.757033,42,917.87867
9.75,1,917.888014
10.453077,45,918.265566
10.409835,53,918.717125
10.730055,43,919.083498
10.385165,41,919.432562
11.313333,4,919.466581
10.662143,39,919.80056
10.899835,53,920.257421
10.720055,45,920.646093
10.747033,44,921.022191
11.668333,13,921.133748
10.933791,55,921.600567
10.473077,41,921.955366
11.323333,2,921.972621
10.926813,52,922.418103
10.967747,57,922.919996
10.679121,40,923.269632
10.334231,38,923.592897
10.902381,10,923.677065
11.995,1,923.685995
10.711923,73,924.300294
10.672143,37,924.617547
10.265714,4,924.652009
10.604231,33,924.93052
10.730055,43,925.295649
10.838901,52,925.740266
10.814945,48,931.690249
10.594231,35,931.99241
10.828901,54,932.453145
10.760989,50,932.877504
10.984725,58,933.369073
10.222363,34,933.661624
10.797967,47,934.061962
10.195,1,934.071156
11.183333,30,934.319896
11.162778,23,934.511591
11.995,1,934.520372
10.652143,41,934.860902
10.853571,66,935.424049
10.784359,38,935.756347
10.713077,42,936.118395
10.661703,78,936.80209
10.533297,34,937.090581
11.065,27,937.315282
10.541429,6,937.367266
10.737033,46,937.762936
10.696099,41,938.114757
11.049615,67,938.68714
11.025556,26,938.915027
10.730055,43,939.277565
11.143889,29,939.525062
10.541429,6,939.575979
10.879286,18,939.730901
10.721905,8,939.798419
10.703077,44,940.176475
9.75,1,940.184771
10.552857,69,946.391128
11.365,7,946.452903
10.780989,46,946.845967
10.807967,45,947.233092
11.035659,61,947.754056
10.730055,43,948.120531
10.899835,53,948.573759
10.964725,62,949.105023
10.328333,1,949.11392
10.824945,46,949.500234
10.923791,57,949.991642
10.961703,67,950.561603
10.878182,28,950.795727
10.730055,43,951.163532
10.554945,51,951.597018
10.450055,50,952.025202
10.717033,50,952.452703
10.679121,40,952.796099
10.526319,31,953.058189
10.797967,47,953.457714
10.513333,4,953.4911
10.879835,57,953.974485
10.936212,37,954.296051
10.836593,65,960.382488
10.492363,29,960.625787
10.679121,40,960.964265
10.512778,13,961.077356
10.679121,40,961.418295
10.764011,45,961.797866
10.730055,43,962.167136
11.120549,66,962.733145
10.757033,42,963.094534
10.632143,45,963.47224
10.985,3,963.497078
10.652143,41,963.839697
10.439121,39,964.164457
10.649835,54,964.61979
10.678846,46,965.011321
10.398571,6,965.065913
10.916813,54,965.52501
10.387473,28,965.766746
10.585,3,965.79488
10.757033,42,966.147727
11.995,1,966.157415
10.577949,28,966.397645
10.899835,53,966.853709
10.947747,61,967.380893
10.775659,64,967.924369
9.75,1,967.933172
10.814945,48,968.338854
10.825879,59,968.854885
10.716099,37,974.792797
10.848901,50,975.223533
10.679121,40,975.565955
10.625879,50,975.995487
11.062637,60,976.502106
10.814945,48,976.91361
10.759091,30,977.173483
10.747033,44,977.549806
10.259341,31,977.816943
10.875879,49,978.239048
10.994725,56,978.716344
10.824945,46,979.109772
10.706099,39,979.437316
10.815,37,979.752244
10.594231,35,980.051404
10.611209,36,980.360923
10.575165,52,980.795555
11.025556,26,981.012245
10.909545,29,981.25968
10.764011,45,981.640237
10.916813,54,982.104492
10.865879,51,982.537041
10.696099,41,982.888441
10.931703,73,989.062207
10.896813,58,989.557173
10.690055,51,989.982813
10.984725,58,990.472579
10.689121,38,990.797404
11.213333,24,991.000427
10.797967,47,991.394599
10.797967,47,991.796163
10.520275,41,992.150839
10.734011,51,992.591969
10.628187,37,992.90256
10.585,3,992.928925
10.480055,44,993.30625
10.514011,46,993.69805
10.585,3,993.724204
10.984725,58,994.21745
10.990769,48,994.632255
10.985,3,994.658869
10.767967,53,995.105748
10.747033,44,995.474326
10.625165,42,995.832376
11.052692,51,996.260823
10.585,3,996.287827
10.737033,46,996.6764
10.757033,42,997.038302
10.740769,49,997.456277
10.743077,36,1003.381521
10.526319,31,1003.64871
10.675165,32,1003.918357
10.780989,46,1004.310609
10.645165,38,1004.640898
10.760989,50,1005.067084
10.584231,37,1005.389832
10.679121,40,1005.73528
10.899835,53,1006.192485
10.378187,38,1006.512324
10.645165,38,1006.845627
10.886923,38,1007.168881
10.916813,54,1007.62802
10.896813,58,1008.1282
10.662143,39,1008.457122
10.495385,24,1008.665611
10.713077,42,1009.028996
10.780989,46,1009.424028
10.933791,55,1009.89632
10.560275,33,1010.176705
10.818901,56,1010.659358
10.541429,6,1010.709597
10.858901,48,1011.116662
10.662143,39,1011.454153
10.933791,55,1011.92373
10.975,5,1011.968028
10.543297,32,1017.85396
10.645165,38,1018.180922
10.910909,36,1018.494735
10.628187,37,1018.818754
10.661667,1,1018.827535
10.568187,49,1019.24422
10.681154,33,1019.524654
10.577253,34,1019.815623
10.458407,27,1020.043044
10.790989,44,1020.42933
10.564945,49,1020.854469
10.560275,33,1021.137114
11.995,1,1021.145964
10.780989,46,1021.545934
10.328333,1,1021.554968
10.577253,34,1021.84816
10.800989,42,1022.21142
10.933791,55,1022.685525
10.846282,41,1023.034408
10.560275,33,1023.31476
10.986111,25,1023.529293
10.519341,28,1023.768202
10.838901,52,1024.207879
10.841923,47,1024.611125
10.703077,44,1024.984149
10.848901,50,1025.417035
10.587253,32,1025.688713
10.855879,53,1026.144772
10.764011,45,1032.067401
10.646099,51,1032.495611
10.645165,38,1032.817133
10.594231,35,1033.113523
10.730714,11,1033.206444
10.985,3,1033.231389
9.98,4,1033.268074
10.848901,50,1033.693589
10.645165,38,1034.014002
11.323333,2,1034.031673
10.662143,39,1034.365442
10.740055,41,1034.721721
10.774011,43,1035.088174
10.887564,43,1035.455683
11.283333,10,1035.538415
10.760989,50,1035.962193
10.730055,43,1036.333646
10.672143,37,1036.641878
10.865879,51,1037.067537
10.696099,41,1037.411157
10.656667,2,1037.428388
10.831923,49,1037.84237
10.984725,58,1038.325475
10.906813,56,1038.792298
10.656667,2,1038.808463
10.842857,60,1039.314982
10.825879,59,1039.810351
11.313333,4,1039.844646
10.59859,29,1040.088235
10.641667,5,1040.131999
10.683791,56,1040.606144
11.129286,17,1046.305295
10.899835,53,1046.760034
10.276319,32,1047.030445
10.852857,58,1047.515934
10.394444,10,1047.59981
10.679121,40,1047.946785
11.216111,30,1048.202535
10.848901,50,1048.631923
10.910909,36,1048.942429
10.645165,38,1049.272833
10.818901,56,1049.746538
11.195714,18,1049.902056
10.960556,19,1050.063205
10.424451,25,1050.27669
10.407473,24,1050.478306
10.814945,48,1050.888715
10.398571,6,1050.941312
10.585,3,1050.966862
10.863571,13,1051.078995
11.995,1,1051.087722
10.693791,54,1051.54387
9.75,1,1051.551875
10.577253,34,1051.841804
10.645165,38,1052.166516
10.839835,65,1052.711389
10.93,14,1052.828053
10.530989,47,1053.232179
10.916813,54,1053.687069
10.577253,34,1053.973239
10.899835,53,1054.426812
10.808901,58,1060.467253
10.814945,48,1060.876046
10.598901,51,1061.305801
10.39,2,1061.323028
11.001703,59,1061.821752
10.550275,35,1062.123612
10.230758,20,1062.288251
10.686099,43,1062.655909
10.645165,38,1062.982644
11.411667,11,1063.076197
10.882857,52,1063.520703
10.887564,43,1063.888503
10.717747,58,1064.383904
11.001703,59,1064.891989
10.621209,34,1065.179291
10.645165,38,1065.501788
10.848901,50,1065.931994
-1.945714,225,1068.338839
10.985,3,1068.368778
-2.057381,225,1075.935591
-2.898095,225,1077.85422
-2.661667,225,1079.786121
10.702381,50,1080.21669
-2.29381,225,1082.134269
-1.989048,225,1089.66359
-2.141429,225,1091.575567
10.564048,51,1092.00797
10.859444,17,1092.151056
-2.862619,225,1094.103012
10.358095,96,1094.928567
-2.852143,225,1096.867376
9.104524,185,1103.986836
10.707778,14,1104.113676
10.535952,49,1104.529733
-2.179524,225,1106.463444
-1.877381,225,1108.402078
-4.779286,225,1110.332766
10.542857,71,1110.9605
9.960952,97,1111.79683
10.656667,2,1111.813731
10.15881,144,1118.649658
11.995,1,1118.658287
10.585,3,1118.684264
-1.991667,225,1120.606571
10.542143,63,1121.160739
10.436429,58,1121.652912
-4.175,225,1123.585351
10.656667,2,1123.604292
-2.067857,225,1125.531595
10.746905,83,1126.248595
10.759444,17,1126.395018
10.31619,63,1132.54046
10.56881,111,1133.486132
11.065,27,1133.713189
-2.593333,225,1135.629539
7.798571,205,1137.389834
10.653333,87,1138.144587
10.262857,127,1139.237152
10.65619,44,1139.612476
10.736429,47,1140.016832
10.674286,48,1140.428636
-2.743095,225,1147.880718
10.244048,66,1148.450601
10.628095,42,1148.807343
10.584048,47,1149.196684
10.340476,81,1149.877285
10.53381,38,1150.201068
10.848901,50,1150.631054
10.82881,59,1151.145741
10.836905,65,1151.698662
10.814762,58,1152.202897
10.946667,24,1152.410727
9.28119,154,1153.73424
10.830714,51,1154.171435
10.40619,45,1154.562327
10.437857,61,1155.090447
10.759091,30,1155.341852
10.638333,59,1161.434715
10.51619,72,1162.05361
10.578095,52,1162.509669
10.660238,47,1162.918403
10.466667,71,1163.529777
10.485476,83,1164.242543
10.358571,85,1164.973982
10.64619,46,1165.36124
-2.402857,225,1167.277466
10.59,42,1167.640021
10.661667,1,1167.650801
10.628333,61,1168.178793
10.674286,48,1168.598191
10.467619,36,1168.91601
10.649048,65,1169.475162
11.466111,29,1169.722444
10.790714,59,1175.813113
10.900952,56,1176.299924
10.846282,41,1176.640435
10.335,75,1177.273461
10.524011,44,1177.649787
10.644286,54,1178.117936
10.588095,50,1178.543938
10.786667,56,1179.024991
10.574231,39,1179.356691
10.52381,40,1179.705122
10.706429,53,1180.159555
11.104444,28,1180.39571
10.730714,11,1180.488909
10.41881,92,1181.282342
10.545952,47,1181.675924
10.208333,96,1182.49632
10.688333,49,1182.917669
11.173095,13,1183.027307
10.985,3,1183.052445
10.424286,49,1183.470179
10.441429,137,1190.177894
10.703791,52,1190.633078
10.812857,66,1191.194928
10.568095,54,1191.654403
10.784091,25,1191.872428
10.919048,60,1192.379069
10.406905,102,1193.247566
10.622143,47,1193.648129
10.628095,42,1194.007605
10.61881,101,1194.85827
10.686429,57,1195.345436
10.542143,63,1195.879305
10.664524,69,1196.48121
10.376905,59,1196.985394
9.140476,76,1197.643389
10.477381,77,1198.303588
10.716429,51,1204.351836
10.697381,82,1205.058368
10.878182,28,1205.299968
10.403571,45,1205.691502
10.668333,53,1206.147894
10.832857,13,1206.259959
10.810714,55,1206.736207
10.93,14,1206.856744
10.745,51,1207.286339
10.555,80,1207.978241
10.880952,60,1208.485891
10.937143,64,1209.038296
10.664286,50,1209.469033
11.995,1,1209.478114
10.569048,130,1210.598106
10.536667,57,1211.087846
10.480714,12,1211.186466
10.424286,49,1211.60844
10.400476,69,1212.201078
10.561905,40,1212.5461
10.825455,24,1212.746987
10.733788,29,1218.590341
11.995,1,1218.599276
10.597857,9,1218.676207
10.407381,29,1218.927942
11.20381,15,1219.057273
10.782857,72,1219.671254
10.782619,53,1220.132043
11.003636,32,1220.401037
10.744524,53,1220.841968
10.710476,56,1221.323466
10.661429,93,1222.125643
10.754011,47,1222.529597
10.660238,47,1222.934267
11.062857,16,1223.066756
10.740476,50,1223.492378
10.340238,62,1224.023991
10.839286,95,1224.83749
10.784091,25,1225.049131
10.485714,40,1225.394499
11.063333,5,1225.436982
10.899048,64,1225.982848
10.544286,74,1226.628227
11.006429,13,1226.742714
10.546429,85,1233.016841
11.96,8,1233.083644
10.814762,58,1233.572163
11.183095,11,1233.663039
10.688333,49,1234.085803
10.878182,28,1234.326323
10.40619,45,1234.712104
10.895606,33,1235.000127
10.740476,50,1235.432202
10.646429,65,1235.989774
10.94119,67,1236.558422
10.975,5,1236.602705
11.323333,2,1236.619635
10.82881,59,1237.121761
10.822857,64,1237.670379
10.835641,38,1237.994629
10.707778,14,1238.111806
10.677143,67,1238.667526
9.653571,48,1239.067238
10.955238,68,1239.642654
10.814762,58,1240.13457
10.695238,71,1240.731813
10.638095,40,1241.072896
10.650238,49,1247.019914
10.736429,47,1247.417048
10.726429,49,1247.830796
10.656667,2,1247.848307
10.536319,29,1248.095029
-1.991667,225,1250.004456
10.804762,60,1250.511628
10.830714,51,1250.946791
9.99,2,1250.964063
10.640476,70,1251.550704
10.622143,47,1251.95594
10.437619,42,1252.316147
10.716429,51,1252.762431
10.856905,61,1253.279449
10.6,40,1253.622935
11.995,1,1253.631829
10.735476,82,1254.330538
10.631667,7,1254.39086
10.664524,69,1254.979296
10.604048,43,1255.353968
10.768571,52,1261.319087
10.758571,54,1261.78284
10.749048,94,1262.584284
10.674286,48,1262.991643
10.895,61,1263.512148
10.875,65,1264.0673
10.867143,78,1264.728699
10.730476,52,1265.171186
10.870952,62,1265.706542
11.995,1,1265.716069
10.63619,48,1266.128062
10.814762,58,1266.620635
10.784394,31,1266.884292
10.700476,58,1267.391565
10.863571,13,1267.501881
10.76881,71,1268.096582
10.560714,56,1268.571984
10.812143,9,1268.649117
10.730476,52,1269.092188
10.619048,71,1269.698779
9.75,1,1269.707094
10.592857,61,1275.776433
10.632143,45,1276.16085
10.540714,60,1276.688484
10.394286,55,1277.16224
11.037424,41,1277.521015
10.744524,53,1277.970778
10.670238,45,1278.361798
11.985,3,1278.388839
10.616429,71,1278.9959
10.724762,76,1279.653219
11.107727,33,1279.935438
10.505714,36,1280.244283
11.103571,16,1280.380138
10.455,9,1280.459382
10.710055,47,1280.862197
10.634286,56,1281.34496
10.556111,11,1281.438978
10.325952,42,1281.800754
10.734524,55,1282.271616
10.889048,66,1282.834698
10.772619,55,1283.314257
10.907143,70,1283.914852
10.602381,70,1290.13107
11.641667,5,1290.174253
10.51381,42,1290.534958
10.75881,73,1291.156534
10.57,46,1291.545356
10.992619,11,1291.639209
10.234524,57,1292.123619
10.950769,56,1292.600272
10.62619,50,1293.024081
11.026667,8,1293.092499
10.561905,40,1293.432333
10.081923,52,1293.880736
11.97,6,1293.932838
10.438333,50,1294.358656
10.762619,57,1294.845422
10.903095,67,1295.412183
10.360952,4,1295.445968
10.707778,14,1295.566554
11.323333,2,1295.583385
11.56,8,1295.653225
10.38381,68,1296.227717
10.782619,53,1296.675394
10.83881,57,1297.164198
10.756905,81,1297.855189
10.660238,47,1298.259645
10.754524,51,1304.318705
9.99,2,1304.336713
10.814762,58,1304.835068
10.796667,54,1305.296568
11.365,7,1305.361837
10.716429,51,1305.79998
10.885,63,1306.346568
10.674286,48,1306.753584
10.892857,50,1307.174879
10.91,18,1307.328333
11.395,21,1307.505948
10.311905,41,1307.853147
11.032121,36,1308.151661
10.547857,39,1308.475996
10.790714,59,1308.967376
10.662619,77,1309.629751
10.55,50,1310.047763
10.63119,80,1310.728408
10.827619,75,1311.369602
10.307857,38,1311.703374
10.256667,2,1311.720509
10.641667,5,1311.762894
10.555952,45,1312.151095
11.155,9,1312.227078
10.842857,60,1312.738368
10.893095,69,1318.95581
10.529762,35,1319.252345
11.985,3,1319.278064
10.635,64,1319.822684
10.927143,66,1320.381148
10.660238,47,1320.782687
11.323333,2,1320.799718
11.313333,4,1320.832654
10.328333,1,1320.840182
10.674286,48,1321.245157
10.856905,61,1321.762672
10.632143,45,1322.14889
10.265714,35,1322.451748
10.449524,32,1322.728589
10.490476,51,1323.163367
10.983333,70,1323.75887
10.88,24,1323.961249
10.702381,50,1324.385352
11.155,9,1324.4634
10.494524,54,1324.915185
11.112222,22,1325.102671
10.877143,76,1325.764735
11.323333,2,1325.783396
10.654011,67,1326.350097
10.575952,41,1326.699823
10.94119,67,1327.264889
11.328571,20,1333.037785
10.649048,65,1333.59149
10.696429,55,1334.059635
10.880952,60,1334.562294
10.768571,52,1335.004914
10.661667,1,1335.013731
-2.067857,225,1336.970358
10.860303,34,1337.264699
10.856905,61,1337.789167
10.52381,40,1338.139076
11.985,3,1338.164954
10.132143,47,1338.570689
10.774524,47,1338.974875
10.638333,59,1339.47697
10.660238,47,1339.881549
9.977619,36,1340.195338
10.99141,53,1340.65546
10.782619,53,1341.109949
10.634286,56,1341.590944
10.678333,51,1347.562186
10.885,63,1348.100683
10.562857,67,1348.676507
10.631111,16,1348.813586
10.547857,39,1349.143452
10.592857,61,1349.660318
10.561905,40,1349.99857
10.403333,26,1350.215343
11.143889,29,1350.460146
10.744524,53,1350.914363
10.618095,44,1351.291666
10.642143,43,1351.660254
10.674286,48,1352.070255
10.740055,41,1352.426657
10.95119,65,1352.989157
10.93119,69,1353.573092
10.574048,49,1353.991447
11.183333,30,1354.243618
11.262143,19,1354.408683
10.585,3,1354.434059
10.354048,44,1354.81101
10.463571,33,1355.092784
10.688333,49,1355.515564
11.073333,52,1355.957349
10.435476,31,1361.83176
11.011111,20,1361.999713
10.688333,49,1362.425802
10.688571,68,1363.0091
10.501667,33,1363.285297
10.730476,52,1363.730294
10.379545,15,1363.855066
10.758571,54,1364.324369
10.487619,32,1364.599353
11.365,27,1364.827025
10.522619,56,1365.309552
10.657222,13,1365.424238
11.051667,83,1366.132806
10.466429,52,1366.572987
10.701795,34,1366.872155
10.688333,49,1367.292265
10.678333,51,1367.728987
10.716429,51,1368.169822
10.750476,48,1368.57601
10.730952,90,1369.339754
10.702381,50,1369.768313
11.082857,12,1369.872383
10.985,3,1369.896859
10.970128,47,1370.305893
10.467619,36,1376.219601
10.846905,63,1376.760408
10.592857,61,1377.288987
10.94119,67,1377.868947
10.996429,15,1377.995914
10.969286,69,1378.596364
10.661667,1,1378.605482
10.621429,101,1379.467411
10.985,3,1379.493796
10.674286,48,1379.907802
11.065,27,1380.132555
10.555952,45,1380.51635
10.792619,51,1380.959785
10.796667,54,1381.419763
10.80881,63,1381.957478
10.860455,48,1382.369174
10.551905,42,1382.731082
10.674286,48,1383.140572
10.985,3,1383.164943
10.484945,65,1383.729523
11.411667,11,1383.826976
10.678333,51,1384.265033
10.550714,58,1384.757887
11.191818,38,1390.622153
10.668333,53,1391.077853
10.415476,35,1391.374647
11.161484,71,1391.978526
10.800714,57,1392.453502
10.758571,54,1392.917808
10.549762,31,1393.186464
11.323333,2,1393.205392
10.780989,46,1393.5941
10.656667,2,1393.611949
10.491667,35,1393.914237
10.688333,49,1394.338094
10.744524,53,1394.7852
10.644286,54,1395.242783
10.575952,41,1395.593005
10.822857,64,1396.138894
10.84881,55,1396.608039
10.547857,39,1396.942579
10.50381,44,1397.313624
10.800714,57,1397.802833
10.899048,64,1398.345955
11.104444,28,1398.584536
10.614286,60,1399.084928
10.631667,7,1404.686918
10.996429,15,1404.812645
10.561905,40,1405.145125
10.800714,57,1405.626794
10.452381,51,1406.055587
10.93119,69,1406.63262
10.976111,27,1406.862733
10.814762,58,1407.360024
10.80881,63,1407.892492
10.768571,52,1408.334198
10.815455,26,1408.554343
10.73881,77,1409.218879
10.838333,19,1409.381077
10.710476,56,1409.848289
10.650238,49,1410.274288
11.163333,34,1410.561265
10.585,3,1410.587148
10.64619,46,1410.976166
10.899048,64,1411.520726
10.846282,41,1411.869028
10.585952,39,1412.207497
9.75,1,1412.216565
10.842857,60,1412.72566
11.995,1,1412.734098
10.555952,45,1413.118839
10.632143,45,1419.12021
10.716429,51,1419.560477
10.642143,43,1419.936191
10.57619,60,1420.444866
10.744524,53,1420.890374
10.744524,53,1421.348452
10.960556,19,1421.512539
10.449524,32,1421.789528
11.253333,16,1421.929538
10.642143,43,1422.296044
10.702381,50,1422.72252
10.94119,67,1423.302558
10.907143,70,1423.898983
10.53381,38,1424.226679
10.82881,59,1424.735378
10.828333,21,1424.912996
10.716429,51,1425.351037
10.762619,57,1425.842278
10.65619,44,1426.222589
10.82881,59,1426.726873
10.923333,82,1427.451584
10.797143,12,1427.552944
11.011111,20,1427.72638
10.870952,62,1433.775864
10.875,65,1434.334136
10.996429,15,1434.462898
10.983333,70,1435.0606
10.975,5,1435.103854
11.323333,2,1435.122573
10.800714,57,1435.607916
10.961515,38,1435.928766
10.716429,51,1436.372065
11.995,1,1436.382374
10.674286,48,1436.795678
10.744524,53,1437.245654
10.955238,68,1437.834
10.680476,62,1438.363093
10.880952,60,1438.883397
11.155,9,1438.963193
10.721905,8,1439.031399
10.489762,43,1439.394625
9.75,1,1439.402462
10.760476,46,1439.787875
10.913095,65,1440.334887
9.75,1,1440.342632
10.662143,39,1440.681074
10.885,63,1441.220375
10.937143,64,1441.764084
10.863571,13,1441.874173
11.17,6,1441.925418
10.810714,55,1448.011833
10.800714,57,1448.496543
11.995,1,1448.505979
10.660238,47,1448.907393
10.59,42,1449.27087
10.632143,45,1449.662057
10.712381,48,1450.076452
10.585,3,1450.103005
10.730476,52,1450.544939
10.39,2,1450.563048
10.489762,43,1450.927899
10.895,61,1451.454734
10.660238,47,1451.855051
11.026667,8,1451.923433
10.923095,63,1452.472538
10.578333,22,1452.65846
10.730476,52,1453.111573
10.64619,46,1453.509033
10.730476,52,1453.956991
10.627273,20,1454.12429
10.80881,63,1454.664736
10.425476,33,1454.952739
10.842857,60,1455.462406
11.323333,2,1455.480907
11.323333,2,1455.499259
10.804762,60,1456.014359
10.800714,57,1462.132961
10.702381,50,1462.574599
11.17,6,1462.62339
11.195714,18,1462.775378
10.53381,38,1463.102348
11.081667,77,1463.761817
11.323333,2,1463.780405
10.541429,6,1463.834091
10.660238,47,1464.234843
10.508571,55,1464.702978
10.628095,42,1465.059921
10.82881,59,1465.554823
11.138636,45,1465.941181
10.702381,50,1466.378022
10.618095,44,1466.749935
10.594048,45,1467.132271
10.768571,52,1467.579095
11.17,6,1467.628453
10.754524,51,1468.064292
10.298095,59,1468.563141
10.381905,76,1469.217065
10.800714,57,1469.710327
11.995,1,1469.719177
10.688333,49,1470.140651
10.391667,6,1470.703339
-2.241667,256,1478.438776
-2.465,256,1480.628403
-1.713333,256,1482.837967
-2.046667,256,1485.040271
-3.278333,256,1492.831646
-2.08,256,1495.01054
10.480758,19,1495.180525
-2.375,256,1497.39394
10.373516,22,1497.584673
10.859835,61,1498.110577
-2.213333,256,1505.899939
-2.08,256,1508.089575
-2.603333,256,1510.301056
-2.003333,256,1512.520174
10.664286,10,1512.609169
8.933333,224,1520.043293
-2.241667,256,1522.22402
9.506667,116,1523.229559
10.77,6,1523.283538
10.323333,42,1523.645899
10.606667,12,1523.748882
-3.963333,256,1525.945901
10.403333,66,1526.510684
-2.013333,256,1534.222866
10.083333,92,1534.999718
11.026667,8,1535.072434
9.54,194,1536.726445
10.415,47,1537.127507
10.69,22,1537.314279
-1.913333,256,1539.509098
10.571667,49,1539.926767
10.423333,82,1540.619994
9.381667,209,1542.402866
10.118333,213,1549.732504
10.744394,39,1550.06025
11.003636,32,1550.331161
10.615,67,1550.902599
7.221667,249,1553.025123
10.528333,91,1553.802626
-3.65,256,1555.982776
10.563333,54,1556.447977
10.866923,42,1562.334919
10.815,37,1562.647182
10.051667,86,1563.375491
10.511667,41,1563.725864
10.318333,64,1564.266598
-3.616667,256,1566.455025
10.44,63,1567.009631
10.32,47,1567.41641
10.506667,52,1567.866657
10.77,66,1568.430424
10.601667,103,1569.316087
-1.48,256,1577.112101
10.853571,17,1577.260451
10.985,3,1577.286051
9.75,1,1577.293995
10.648333,47,1577.705456
10.465,68,1578.292158
10.401667,54,1578.759325
10.623333,62,1579.278732
10.33,105,1580.185977
10.707778,14,1580.308603
10.753718,39,1580.639461
10.385606,37,1580.960923
10.536667,46,1581.364128
10.426667,79,1582.042599
11.313333,4,1582.077397
10.418333,93,1582.885583
10.525,45,1583.274426
10.416667,61,1583.799491
10.752727,24,1584.002968
10.583333,50,1584.431458
10.5,40,1584.776332
10.101667,34,1585.070337
10.128333,53,1591.072811
10.863571,13,1591.187401
9.675,68,1591.767154
10.625,85,1592.492948
10.713333,64,1593.039081
11.195714,18,1593.194406
-2.341667,256,1595.381588
9.75,1,1595.389714
10.675,55,1595.860061
10.661667,1,1595.868627
10.946667,24,1596.072232
10.812143,9,1596.150429
10.331667,68,1596.727619
10.423333,73,1597.356886
11.263333,14,1597.476906
10.576667,69,1598.072419
10.41,98,1598.918038
10.71,78,1599.578356
11.035,33,1605.466045
10.363333,65,1606.027223
11.283333,10,1606.111494
10.433333,71,1606.730634
10.21,60,1607.244892
10.831667,77,1607.917633
10.465,7,1607.979216
10.013333,97,1608.813832
10.946667,24,1609.019865
10.198333,68,1609.610612
10.348333,58,1610.115337
10.418333,53,1610.574709
10.573333,92,1611.362604
10.781667,67,1611.945666
10.518333,53,1612.403033
10.633333,60,1612.91871
10.521667,59,1613.436432
10.971515,36,1613.743117
10.543333,69,1619.935673
10.688333,79,1620.630118
10.716667,70,1621.233049
10.703333,66,1621.807538
10.725,65,1622.367341
-2.798333,256,1624.595562
10.758333,15,1624.726442
10.241667,106,1625.632012
10.78,4,1625.666578
10.385,65,1626.21994
10.768333,63,1626.760505
10.473571,31,1627.025779
10.203333,57,1627.517225
10.791667,65,1628.083738
9.638333,73,1628.702138
10.966111,31,1634.562577
10.68,64,1635.101874
10.546667,44,1635.47559
11.262143,19,1635.636345
10.985,3,1635.662074
10.56,48,1636.070539
10.731667,57,1636.561385
10.511667,121,1637.591412
10.76,68,1638.181398
10.196667,96,1639.005807
11.082857,12,1639.108536
10.671154,35,1639.403978
-2.346667,256,1641.595577
10.795,71,1642.209409
10.76,68,1642.787892
10.535,43,1648.697628
10.688333,59,1649.202622
10.598333,57,1649.690503
10.256667,2,1649.707219
10.625,65,1650.266989
10.701667,63,1650.802847
10.106667,54,1651.261792
-2.241667,256,1653.456671
10.725,105,1654.350416
10.975,5,1654.395261
10.656667,2,1654.412961
10.780989,46,1654.805602
10.485,64,1655.357185
10.635,123,1656.396115
11.061667,21,1656.575704
10.407727,13,1656.685349
11.995,1,1656.69415
10.398333,68,1657.278756
10.876667,78,1663.555479
10.626667,68,1664.128256
10.975,5,1664.171312
9.99,2,1664.188222
10.858901,48,1664.607345
10.825,65,1665.167914
10.536667,46,1665.563384
10.793333,68,1666.155794
10.656667,2,1666.173484
10.188333,81,1666.870766
10.909835,51,1667.307536
10.745,81,1667.998471
10.57,66,1668.56765
11.343571,17,1668.709176
10.548333,47,1669.116234
10.836667,66,1669.674946
10.48,44,1670.049598
10.318889,16,1670.187522
10.275,77,1670.860654
10.77,66,1671.411273
10.188333,50,1677.376884
10.675,55,1677.838931
10.747033,44,1678.222138
10.586667,56,1678.691026
10.635,63,1679.22337
10.360952,4,1679.258039
10.621667,59,1679.756183
11.17,6,1679.810398
10.815,67,1680.381367
10.431667,37,1680.70012
10.77,66,1681.258824
10.676667,58,1681.755397
-1.18,256,1683.970444
10.348333,58,1684.486482
10.758333,85,1685.213327
10.665,57,1685.716441
-2.636667,256,1693.505612
10.511667,61,1694.030498
10.366667,51,1694.467368
10.986111,25,1694.68218
10.988333,79,1695.357749
10.57,46,1695.749608
10.656667,2,1695.767153
10.815,67,1696.347642
10.235,105,1697.251952
10.791667,65,1697.811133
10.523333,73,1698.436853
10.969286,69,1699.02896
10.678333,81,1699.732242
11.995,1,1699.741051
10.531667,68,1700.3245
10.795,71,1706.480253
10.87,66,1707.048298
10.985,3,1707.074662
9.99,2,1707.093128
10.38,75,1707.728128
10.848333,67,1708.308899
11.143889,29,1708.553936
10.728571,60,1709.059878
10.935,103,1709.943285
-2.28,256,1712.140076
11.323333,2,1712.159334
10.541429,6,1712.215258
11.263889,25,1712.435008
10.583333,50,1712.867068
10.393333,59,1713.378457
11.173095,13,1713.48734
10.933333,80,1714.174733
10.723333,82,1720.416379
10.785,73,1721.052276
10.996429,15,1721.183907
10.793333,68,1721.768609
10.606667,52,1722.222861
10.091667,67,1722.805285
10.536667,46,1723.191642
11.17,6,1723.242753
10.572143,57,1723.734924
10.235,54,1724.198976
11.313333,4,1724.232551
10.716667,70,1724.839756
10.693333,128,1725.917321
10.778333,61,1726.440052
10.863333,74,1727.061992
10.585,3,1727.088437
10.749444,19,1727.251316
10.793333,68,1727.844304
10.84,72,1728.459393
10.736667,66,1729.020421
10.465,68,1735.148279
10.445,41,1735.503053
10.896813,58,1736.003642
10.733333,60,1736.522713
10.781667,67,1737.097101
11.995,1,1737.106058
10.791667,65,1737.655814
10.711667,61,1738.193326
10.66,68,1738.774409
10.62,56,1739.251047
10.466667,60,1739.768752
10.728333,91,1740.537884
10.601667,74,1741.171585
10.62,56,1741.647537
10.756667,62,1742.175528
11.985,3,1742.201016
11.283333,10,1742.281559
10.733333,60,1742.795266
10.573333,52,1743.229316
11.025556,26,1748.975911
11.641667,5,1749.018697
10.388333,119,1750.035792
10.445,72,1750.644264
10.861667,71,1751.241673
10.992619,11,1751.333021
10.7,60,1751.844807
10.595,51,1752.278154
11.313333,4,1752.312743
10.181667,58,1752.806556
10.735,63,1753.346994
10.52,67,1753.91537
10.588333,59,1754.419403
10.797143,12,1754.526274
10.812143,9,1754.60356
10.665,57,1755.090827
10.805,69,1755.683594
10.811667,81,1756.376413
10.826667,68,1756.955034
9.663333,78,1757.628828
10.784091,25,1763.442655
10.878333,81,1764.134614
10.758333,65,1764.690725
10.716429,51,1765.121871
10.793333,68,1765.701274
10.471667,49,1766.118748
10.696667,74,1766.748049
10.66,68,1767.328991
10.278333,63,1767.877516
10.476667,69,1768.477684
10.863333,74,1769.105206
10.601667,63,1769.64161
10.626667,68,1770.22195
10.541429,6,1770.274875
10.591667,65,1770.828701
11.143889,29,1771.073115
10.61,58,1771.567387
10.735,63,1777.694227
11.365,7,1777.754697
10.738333,69,1778.339913
10.665,57,1778.83284
10.705,69,1779.428273
10.401667,74,1780.05954
10.621667,59,1780.559456
10.323333,53,1781.008718
10.78,4,1781.043962
10.828333,71,1781.658554
10.345,52,1782.100854
10.733333,60,1782.620397
10.972273,31,1782.883343
10.78,4,1782.919482
10.595,51,1783.354391
10.816667,70,1783.956644
10.921667,79,1784.633046
10.51,58,1785.122602
9.75,1,1785.130179
10.328333,1,1785.139654
10.501667,43,1785.500793
10.639872,31,1785.761101
10.76,68,1786.335602
10.62,56,1792.418562
10.71,58,1792.919976
10.343333,38,1793.247577
10.735,63,1793.78755
10.391667,56,1794.273726
10.623333,62,1794.808024
-2.067857,225,1796.715979
10.985,3,1796.743588
10.565,57,1797.234629
10.816667,70,1797.835482
10.433462,21,1798.015592
10.466667,40,1798.35829
10.771667,69,1798.939928
10.586667,56,1799.423891
10.61,58,1799.913362
10.62,76,1800.565672
11.17,6,1800.614528
10.816667,70,1806.738428
10.943333,78,1807.408647
10.905,89,1808.171048
10.606667,72,1808.798242
10.702381,50,1809.222548
10.715,67,1809.790272
11.069615,63,1810.327254
11.239848,49,1810.74338
11.129091,36,1811.055342
10.946667,24,1811.263522
10.663333,54,1811.719112
10.665,57,1812.208707
10.796667,74,1812.835057
10.381667,58,1813.329601
10.851667,73,1813.955057
11.073333,92,1814.741848
10.68,64,1820.849829
10.929487,50,1821.286074
11.022692,57,1821.768332
10.46,48,1822.184416
10.606667,52,1822.637621
10.797143,12,1822.738156
10.558333,45,1823.130891
10.581667,47,1823.535586
10.693333,68,1824.119181
10.583333,50,1824.552862
10.663333,54,1825.014725
10.755,79,1825.691879
10.676667,58,1826.193597
10.597857,9,1826.273679
10.812143,9,1826.355227
10.956667,82,1827.064584
11.995,1,1827.073783
10.926667,88,1827.83162
10.791667,65,1828.391688
10.686667,56,1828.870663
11.143889,29,1829.127667
10.723333,62,1835.274913
10.828333,71,1835.884499
-2.246667,256,1838.095477
11.071667,19,1838.261219
10.805,69,1838.855924
10.743333,58,1839.343671
10.49,42,1839.704998
11.323333,2,1839.723378
10.618333,53,1840.178182
10.946667,24,1840.386339
10.985,3,1840.412552
10.548333,47,1840.815601
10.907222,23,1841.016623
10.653333,56,1841.498144
10.49,42,1841.862391
10.763718,37,1842.178007
10.508333,66,1842.743009
10.573333,52,1843.190946
10.735,63,1843.730353
10.735,63,1849.871773
11.021111,18,1850.020367
10.471667,49,1850.437383
10.878182,28,1850.679766
10.531667,68,1851.263861
10.606667,52,1851.709262
10.63,54,1852.178559
10.72,56,1852.675523
11.035,33,1852.958616
10.975,5,1853.000674
10.696099,41,1853.350695
10.606667,52,1853.804188
10.99,82,1854.512368
10.656667,2,1854.529244
11.173095,13,1854.638941
10.606667,52,1855.091057
10.809697,32,1855.357273
10.735,63,1855.902611
10.705,69,1856.497033
10.793333,68,1857.075965
10.748333,67,1857.651701
10.7,60,1858.166048
10.538333,80,1864.385638
11.323333,2,1864.40344
10.866923,42,1864.764306
10.86,68,1865.340215
10.84,72,1865.955875
10.758333,65,1866.519744
10.661667,1,1866.529007
10.438333,60,1867.052381
9.75,1,1867.060608
10.711667,61,1867.584374
10.695,71,1868.196562
-2.146667,256,1870.402406
10.658636,21,1870.576051
10.63,54,1871.034639
10.711667,61,1871.567108
11.323333,2,1871.584663
10.653333,56,1872.063875
10.735,63,1878.207389
10.797143,12,1878.319031
10.651667,53,1878.776276
10.851667,73,1879.413295
10.676667,58,1879.91263
10.828333,71,1880.522626
10.756667,62,1881.056905
10.525,86,1881.794214
11.026667,8,1881.864546
11.995,1,1881.87333
10.57,46,1882.261764
10.431667,37,1882.580871
10.528333,51,1883.008135
11.313333,4,1883.043814
10.77,66,1883.623132
10.984725,58,1884.120287
10.863571,13,1884.231489
11.155,9,1884.311285
10.463571,33,1884.59324
10.623333,62,1885.115927
10.641667,55,1885.591949
10.815,67,1886.160003
10.615,67,1886.741174
10.77,66,1892.901186
9.75,1,1892.909432
10.285,44,1893.295665
10.606667,52,1893.747519
10.886667,76,1894.406819
10.845,81,1895.116659
10.746667,64,1895.662583
10.35,30,1895.922232
10.898333,77,1896.57974
10.328333,1,1896.588811
10.68,84,1897.314734
10.812143,9,1897.390815
10.59,73,1898.016686
10.316667,50,1898.441848
10.336667,26,1898.665404
11.365,7,1898.725145
10.665,57,1899.213177
10.7,60,1899.730039
10.68,64,1900.281762
10.985,3,1900.308711
10.723333,62,1900.834773
10.661667,1,1900.843876
10.64,52,1901.293155
10.996429,15,1901.418881
10.896667,74,1907.662008
10.733333,60,1908.177525
10.07,68,1908.773423
10.525,45,1909.167784
10.32,36,1909.481576
10.841667,75,1910.128104
10.91,78,1910.807577
10.665,57,1911.289403
10.64,52,1911.741296
9.75,1,1911.749258
10.276111,7,1911.810051
10.851667,73,1912.446883
10.728333,71,1913.056083
10.593333,48,1913.470184
10.558333,45,1913.853488
10.618333,53,1914.312198
10.618333,53,1914.766709
10.882857,52,1915.219267
10.828333,71,1915.824281
10.781667,67,1922.01258
10.902381,10,1922.099882
10.63,54,1922.559504
10.946667,24,1922.768904
10.641667,55,1923.243255
10.828333,71,1923.857092
10.618333,53,1924.315896
10.873333,72,1924.938395
10.859444,17,1925.085867
10.64,52,1925.531395
10.816667,70,1926.124087
10.523333,42,1926.483251
10.723333,62,1927.011282
10.476667,38,1927.343854
10.972273,31,1927.605795
10.757033,42,1927.969755
10.656667,62,1928.504258
10.856667,82,1929.202221
10.910909,36,1929.51162
10.79,62,1930.041825
10.591667,45,1935.96438
10.902381,10,1936.04825
10.525,45,1936.436815
10.69,22,1936.623142
10.797143,12,1936.726773
10.730714,11,1936.825822
10.771667,69,1937.41514
10.513333,44,1937.797946
10.812143,9,1937.876136
10.721364,23,1938.067158
10.723333,62,1938.580724
10.564545,18,1938.733486
11.026667,8,1938.805134
10.541667,55,1939.277572
10.69,62,1939.799131
10.725,65,1940.349612
10.735,63,1940.896003
10.581667,47,1941.304555
10.385,33,1941.5875
11.026667,8,1941.656621
10.481667,47,1942.05573
10.647879,28,1942.293577
10.831923,49,1942.705343
10.695,82,1943.398578
10.708485,28,1943.632168
10.92,76,1944.281403
10.661667,1,1944.290038
10.91,18,1944.441324
10.828333,71,1950.600214
10.756667,62,1951.123057
9.75,1,1951.13154
10.865,77,1951.791888
10.386667,78,1952.457139
10.846818,27,1952.690726
9.75,1,1952.699749
10.783333,70,1953.308198
11.395,21,1953.489547
11.065,27,1953.716704
10.525,45,1954.104173
11.143889,29,1954.359484
10.443333,38,1954.681277
10.716667,70,1955.282854
10.553333,67,1955.855983
10.568333,63,1956.392895
10.828333,71,1957.000628
10.513333,44,1957.373493
10.701667,63,1957.908765
10.910909,36,1958.222316
10.7,60,1958.736722
10.77,66,1964.83386
10.618333,53,1965.283254
10.665,57,1965.77248
10.641667,55,1966.233988
10.657879,26,1966.456166
10.306667,43,1966.829777
10.768333,63,1967.375361
10.603333,66,1967.94027
10.676667,58,1968.45087
11.263333,14,1968.567312
10.641667,5,1968.611576
10.63,54,1969.076493
10.656667,2,1969.095755
10.92,76,1969.752798
10.657222,13,1969.866241
11.155,9,1969.944605
10.63,54,1970.408671
10.443333,38,1970.740257
11.353571,15,1970.870314
10.665,57,1971.360967
10.563333,85,1972.091705
10.723333,62,1972.617652
10.783333,110,1979.165264
10.595,51,1979.608762
10.676667,58,1980.111737
10.513333,44,1980.495527
10.898333,77,1981.143003
11.755,9,1981.218888
10.55,70,1981.805811
10.711667,61,1982.330652
10.968333,103,1983.215943
10.595909,19,1983.381157
11.195714,18,1983.536651
10.688333,59,1984.034835
10.826667,68,1984.604645
11.411667,11,1984.704163
10.598333,57,1985.189525
10.898333,77,1985.85281
10.77,66,1986.424782
10.571667,49,1986.849919
10.676667,58,1987.346787
10.665,57,1993.379535
10.505556,10,1993.463253
10.328333,1,1993.47203
10.746667,64,1994.01216
10.7,60,1994.519943
10.851667,73,1995.156421
10.606667,52,1995.598597
10.77,66,1996.176087
10.506667,63,1996.716094
10.745,61,1997.240648
11.44381,16,1997.374129
10.805,69,1997.965407
9.99,2,1997.98244
10.635,63,1998.527803
10.63,54,1998.998017
10.641667,5,1999.041145
10.445,41,1999.391258
10.781667,67,1999.966841
10.735,63,2000.500182
10.816667,70,2001.111785
10.676429,59,2007.707358
-2.631176,289,2010.195909
-1.930294,289,2012.638407
10.661667,1,2012.649605
-4.899706,289,2015.117434
10.834706,86,2015.851406
9.440882,156,2022.736124
-3.248235,289,2025.216105
-2.890882,289,2027.714148
10.876923,40,2028.07025
10.902381,10,2028.158348
-2.513529,289,2030.660352
10.621209,34,2036.563922
10.137727,80,2037.25446
9.75,1,2037.26225
10.585,3,2037.287531
-4.561765,289,2039.779345
10.661667,1,2039.789931
-3.625588,289,2042.279284
-3.287647,289,2044.757026
-6.551176,289,2052.828122
-2.312647,289,2055.305399
9.094706,187,2056.919231
10.970385,80,2057.609606
-2.018529,289,2065.683205
10.028235,63,2066.228625
10.504412,55,2066.705002
8.516471,238,2068.777375
8.540882,189,2070.418463
10.670556,17,2070.568008
10.288235,160,2071.952627
10.222353,83,2072.682361
9.433235,85,2073.410171
-4.904706,289,2081.476318
10.514706,50,2081.901072
11.363571,13,2082.013939
10.618824,88,2082.77244
11.985,3,2082.798075
11.323333,2,2082.815138
9.715,109,2083.751417
10.387941,43,2084.119187
9.06,94,2084.934879
-6.203235,289,2087.416414
9.48,206,2094.792856
9.688529,130,2095.911026
10.780989,46,2096.30335
-3.552353,289,2098.780074
9.201765,97,2099.616611
11.189242,47,2100.023293
9.99,104,2100.923323
11.323333,2,2100.942957
11.17,6,2100.995238
10.645,61,2101.524869
10.595909,19,2101.688869
10.859444,17,2101.835273
10.54,92,2102.624486
10.698235,78,2108.864236
10.45119,5,2108.913713
11.995,1,2108.922296
10.026765,80,2109.604275
10.197941,83,2110.32682
10.385,73,2110.953124
10.493235,69,2111.551317
10.898333,7,2111.611311
10.774091,27,2111.841646
10.407647,93,2112.63798
10.887564,43,2113.009967
10.368235,95,2113.822566
10.429118,74,2114.461084
10.627273,20,2114.634735
10.125294,73,2115.252625
10.227647,80,2115.943665
10.940909,30,2116.204685
10.502353,76,2116.853631
10.985,3,2116.880763
10.471176,94,2123.275208
-2.371471,289,2125.74187
9.220882,151,2127.022204
10.572941,56,2127.49911
10.664286,10,2127.585878
-2.366471,289,2130.048389
10.757941,69,2130.64477
11.283333,10,2130.734989
10.249706,104,2137.146262
-4.037353,289,2139.603433
10.639872,31,2139.870541
10.737353,79,2140.540732
10.66,68,2141.125007
-2.660588,289,2143.622339
10.436471,48,2144.038857
10.780989,46,2144.432468
9.681176,105,2145.328586
10.744524,53,2151.330009
10.601667,83,2152.033409
10.619706,79,2152.715531
10.867778,22,2152.905135
10.878182,28,2153.140756
10.631667,7,2153.201571
10.657222,13,2153.312968
10.975,5,2153.355562
11.537857,21,2153.534333
10.688529,77,2154.193184
10.985,3,2154.220474
-2.949706,289,2156.68271
10.747941,71,2157.2965
10.437059,42,2157.655287
10.41,69,2158.254954
10.596176,119,2159.280223
10.738235,70,2159.891142
11.323333,2,2159.908369
10.665882,108,2166.398419
11.95,10,2166.487817
10.605882,120,2167.513325
-2.69,289,2169.980978
10.679412,70,2170.58814
10.475882,46,2170.990359
10.408824,81,2171.683102
10.339412,89,2172.443555
10.638235,90,2173.217523
10.759091,30,2173.474239
10.556111,11,2173.568719
10.446471,46,2173.959134
10.975,5,2174.000186
9.868529,94,2180.306073
10.243235,70,2180.904577
10.290882,84,2181.625919
11.323333,2,2181.64421
10.975,5,2181.685524
10.868901,46,2182.079887
10.312941,110,2183.030564
10.590588,76,2183.684522
10.145882,114,2184.664429
10.595294,79,2185.346235
10.446471,46,2185.746095
10.777353,71,2186.35413
10.430882,105,2187.252856
10.501176,88,2188.004169
10.360588,73,2188.616033
10.660588,62,2194.648884
10.600588,74,2195.264678
10.397647,44,2195.638545
10.71,18,2195.786628
9.596471,120,2196.807573
10.661667,1,2196.816146
10.698235,78,2197.47936
10.985,3,2197.50751
10.439118,72,2198.128421
10.708824,70,2198.730504
11.155,9,2198.806288
10.543529,56,2199.277057
10.399118,80,2199.952076
10.520882,87,2200.686516
11.313333,4,2200.719275
10.562647,61,2201.234096
10.763718,37,2201.548257
10.227059,86,2202.27392
10.627273,20,2202.444697
10.828333,21,2202.622849
10.650294,67,2208.67358
-2.371471,289,2211.132578
10.552941,60,2211.649923
10.585,3,2211.676396
10.470455,15,2211.804064
-2.337059,289,2214.252878
10.541471,77,2214.899961
10.417059,46,2215.290831
10.543824,53,2215.740461
10.602059,59,2216.242238
10.533824,55,2216.716054
10.293824,54,2222.655249
10.805588,83,2223.356092
10.498235,69,2223.938805
10.78,4,2223.971246
10.718529,71,2224.571016
10.630882,65,2225.12161
10.689412,68,2225.688002
10.523529,60,2226.194996
10.590588,76,2226.842208
10.487647,77,2227.493848
10.648824,82,2228.191169
10.846282,41,2228.545197
11.985,3,2228.573011
11.56,8,2228.641947
10.651154,39,2228.973672
10.533235,61,2229.499228
10.708824,70,2230.10389
10.659118,77,2230.762296
10.397059,101,2237.118888
10.101765,115,2238.08633
10.689118,71,2238.691014
10.785,93,2239.468017
10.747941,71,2240.089767
11.283333,10,2240.175323
10.524412,51,2240.605548
10.468529,72,2241.210122
10.524412,51,2241.650016
10.572647,59,2242.157862
10.052353,68,2242.744451
10.743788,27,2242.971255
10.805882,80,2243.647997
10.073235,155,2244.951448
11.293333,8,2245.020611
11.129286,17,2245.164114
10.474118,64,2251.187419
10.695,71,2251.786941
10.619412,82,2252.479197
10.426176,53,2252.935386
10.716471,92,2253.718035
10.234118,63,2254.246238
10.581471,69,2254.831584
10.870952,62,2255.355245
10.235385,27,2255.580952
-2.224412,289,2258.0464
10.902353,96,2258.850928
10.898333,7,2258.910995
10.592059,61,2259.428661
10.637941,93,2265.707264
10.592059,61,2266.227774
10.639412,78,2266.886176
10.606667,12,2266.986407
10.456176,47,2267.383282
10.349706,84,2268.088192
10.687059,92,2268.870254
10.437353,39,2269.189842
10.612059,57,2269.671158
10.621176,64,2270.217713
10.992619,11,2270.321052
10.620882,67,2270.909636
10.534118,52,2271.346605
10.467647,81,2272.029479
10.572647,59,2272.53371
9.98,4,2272.571145
10.823235,103,2273.470885
10.293529,57,2279.438237
11.328571,20,2279.61543
10.601765,62,2280.160093
10.423824,77,2280.816013
10.667059,96,2281.631928
11.411667,11,2281.725452
10.631667,7,2281.786785
10.365238,26,2282.014158
10.639118,81,2282.705758
10.551765,72,2283.310229
10.557308,27,2283.544237
10.833529,98,2284.374912
10.796176,79,2285.04592
10.835,33,2285.330802
11.17,6,2285.385944
10.686765,95,2286.207799
10.503824,61,2286.734564
10.602059,59,2287.236571
10.582353,60,2287.743837
10.747059,80,2293.92517
10.349118,90,2294.695179
10.846818,27,2294.928987
10.689412,68,2295.507335
10.465882,48,2295.91905
11.323333,2,2295.936563
10.568824,98,2296.769007
11.025556,26,2296.991506
10.552059,69,2297.576725
10.91,18,2297.729705
10.483788,30,2297.99087
10.543824,53,2298.44769
10.717059,86,2299.180674
10.628824,86,2299.912212
10.514706,50,2300.326381
11.160455,37,2300.642917
10.735,4,2300.678345
10.689412,68,2301.257416
10.670556,17,2301.403595
10.658636,21,2301.586151
10.815641,42,2301.944125
10.587253,32,2302.214605
10.805588,83,2308.33069
10.386765,55,2308.783719
10.465,7,2308.84525
10.660294,65,2309.390989
10.437647,87,2310.138059
10.752727,24,2310.33564
10.630294,71,2310.94236
10.737059,82,2311.643795
10.878182,28,2311.876689
10.975,5,2311.91948
11.025556,26,2312.137044
10.591176,70,2312.720896
10.630294,71,2313.31782
10.621471,61,2313.828412
10.592059,61,2314.344237
10.453529,74,2314.970309
10.516176,86,2315.692496
10.713077,42,2316.045654
10.495,51,2321.959844
10.679412,70,2322.562306
10.348824,42,2322.919094
10.444118,70,2323.510222
10.718485,26,2323.725179
11.026667,8,2323.793251
10.511471,83,2324.501755
10.746667,64,2325.048965
10.593824,94,2325.846292
10.387941,43,2326.214563
10.524412,51,2326.64309
10.263824,60,2327.148781
10.796176,79,2327.812946
10.48,104,2328.677544
10.540588,86,2329.403451
10.524118,54,2329.867751
10.766765,79,2336.011861
10.91,18,2336.169913
11.985,3,2336.195257
10.985,3,2336.222033
10.757059,78,2336.88109
10.359118,37,2337.194725
9.98,4,2337.228885
10.634412,129,2338.320996
10.663333,54,2338.776474
10.610882,69,2339.357681
10.727941,75,2340.005965
10.331471,70,2340.596352
10.631176,62,2341.120753
10.844118,90,2341.8703
10.597857,9,2341.943774
10.610588,72,2342.560769
10.524118,54,2343.025738
10.772619,55,2343.49146
10.470882,97,2344.305098
10.513824,59,2350.212611
9.620882,71,2350.81602
10.766765,79,2351.48194
10.372059,56,2351.958062
10.58859,31,2352.225303
10.542647,65,2352.786227
10.443824,73,2353.418819
10.590588,76,2354.070377
10.814706,90,2354.836402
10.472059,136,2355.999436
10.631176,62,2356.518359
10.553235,57,2356.99947
10.094706,85,2357.728834
9.99,2,2357.74682
9.847941,202,2364.88334
10.816176,75,2365.526653
10.824615,63,2366.057884
10.6,80,2366.728827
11.313333,4,2366.76363
10.658824,80,2367.445895
10.494706,54,2367.908897
10.531471,79,2368.569279
11.995,1,2368.578873
10.572941,56,2369.059203
10.563235,55,2369.526451
10.786471,78,2370.194239
10.264706,51,2370.618199
10.582647,57,2371.099736
10.595,51,2371.530558
10.776471,80,2372.203072
10.370588,71,2372.795621
10.581471,69,2378.789239
10.590882,73,2379.407386
10.679706,67,2379.974219
10.611176,66,2380.543011
10.77,6,2380.596223
10.381176,63,2381.119038
10.476765,88,2381.866662
10.601471,65,2382.41864
10.699412,66,2382.974103
11.213333,24,2383.176114
10.775882,86,2383.913383
10.679412,70,2384.508942
10.353889,7,2384.568439
10.582059,63,2385.100535
10.727941,75,2385.739078
10.476471,91,2386.509681
10.610294,75,2392.62216
10.863571,13,2392.730123
10.328333,1,2392.738915
10.992619,11,2392.832595
11.025476,73,2393.45754
10.621471,61,2393.971297
10.455294,56,2394.444126
10.633824,86,2395.174609
10.581471,69,2395.760983
11.995,1,2395.770772
10.543529,56,2396.247207
10.737059,82,2396.927706
10.737353,79,2397.591115
10.63,74,2398.220829
10.708824,70,2398.811908
10.572941,56,2399.290184
10.66,68,2399.867151
10.582353,60,2400.3781
10.631176,62,2400.911276
10.747941,71,2406.927112
10.521765,78,2407.595451
10.407647,42,2407.953305
10.458529,74,2408.57552
10.718235,74,2409.20374
10.45119,5,2409.247488
10.758333,15,2409.37235
10.640588,66,2409.927101
10.641667,5,2409.969552
10.844412,87,2410.70496
11.365,7,2410.765252
10.67,66,2411.3149
10.766765,79,2411.968405
10.784359,38,2412.289243
10.863571,13,2412.402593
10.571765,68,2412.981483
10.659118,77,2413.64101
10.492059,81,2414.324167
10.573235,53,2414.767598
10.653333,56,2420.643984
10.766765,79,2421.321131
10.661667,1,2421.329732
11.56,8,2421.395955
10.580882,75,2422.030855
10.925,85,2422.754319
11.155,9,2422.830534
10.863571,13,2422.936837
11.995,1,2422.945485
9.907941,41,2423.30012
10.349118,39,2423.633476
10.582059,63,2424.164871
10.514412,53,2424.621099
10.656667,2,2424.638125
10.727941,75,2425.286983
11.395,21,2425.465285
10.476471,91,2426.236939
10.497647,75,2426.879766
10.747059,80,2427.552791
10.313235,56,2428.026743
10.737647,76,2428.670658
9.515588,145,2435.371573
10.552647,63,2435.916321
10.524412,51,2436.347993
10.502363,27,2436.579256
10.767059,76,2437.225857
10.585,3,2437.250537
10.727353,81,2437.936394
10.436176,51,2438.362494
10.631176,62,2438.894128
10.640882,63,2439.416087
10.749444,19,2439.57786
10.467059,87,2440.309068
10.591471,67,2440.880178
10.645165,38,2441.200205
10.544412,98,2442.028926
10.611209,36,2442.340282
10.514118,56,2442.81566
10.727059,84,2448.933983
10.591471,67,2449.515552
10.650294,67,2450.08413
10.679412,70,2450.683749
10.584706,87,2451.421734
10.695294,108,2452.328377
10.659118,77,2452.978909
11.037424,41,2453.327249
10.553235,57,2453.812902
10.494706,54,2454.263787
10.810882,129,2455.357765
10.651667,53,2455.802165
10.728235,72,2456.402392
10.601765,62,2456.929526
10.721364,23,2457.124732
9.75,1,2457.13355
10.601765,62,2463.066041
10.497353,78,2463.726805
10.522941,66,2464.281671
10.718529,71,2464.874865
10.581765,66,2465.428032
10.601765,62,2465.951011
10.730714,11,2466.044938
10.004118,60,2466.557453
10.543529,56,2467.030419
10.669706,69,2467.597174
10.996818,37,2467.915638
10.429412,71,2468.518135
10.274706,100,2469.36785
10.591471,67,2469.94612
10.795588,85,2470.661479
10.670294,63,2471.190952
10.747059,80,2477.261665
10.380882,66,2477.814804
10.766765,79,2478.485043
10.772619,55,2478.953331
10.524118,54,2479.407726
10.592059,61,2479.931551
10.996429,15,2480.058664
10.985,3,2480.084058
10.601471,65,2480.633716
11.025556,26,2480.850478
10.475,55,2481.330469
10.280882,86,2482.061646
10.689118,71,2482.662215
10.637647,96,2483.469749
10.885606,35,2483.755085
10.636471,108,2484.659111
10.618636,29,2484.906596
10.476176,43,2485.273888
10.536471,79,2491.347757
10.398571,6,2491.39731
11.411667,11,2491.490865
10.632576,25,2491.699572
10.878182,28,2491.94077
11.17,6,2491.991096
10.670294,63,2492.528049
10.632576,25,2492.737113
10.626176,113,2493.69998
10.270714,3,2493.724576
10.757353,75,2494.356899
10.737647,76,2494.993545
10.416176,55,2495.454283
10.815455,26,2495.679414
10.746667,64,2496.236099
10.967747,57,2496.737476
10.67,66,2497.294335
10.922059,95,2498.105328
10.543824,53,2498.554873
10.846818,27,2498.788784
10.656667,2,2498.806931
10.448824,73,2499.424337
10.475882,46,2505.217186
10.678235,82,2505.916511
10.718235,74,2506.536893
10.841923,47,2506.934837
10.745,101,2507.788201
10.650294,67,2508.345337
10.775,95,2509.134868
10.972273,31,2509.394917
10.309412,44,2509.765047
10.777059,74,2510.386707
10.548824,102,2511.248703
10.805588,83,2511.953401
11.037424,41,2512.294064
10.346471,66,2512.850672
10.649118,79,2513.526278
10.640294,69,2519.520199
10.555588,84,2520.237514
10.532941,64,2520.789325
10.640882,63,2521.323246
10.812143,9,2521.394748
10.235,54,2521.847413
10.562353,64,2522.38623
10.698529,75,2523.015326
10.555588,84,2523.72455
10.561765,70,2524.310686
10.942647,85,2525.019435
10.523529,60,2525.524848
9.716176,99,2526.364936
10.612059,57,2526.843818
10.524412,51,2527.27236
10.66,68,2527.838279
10.477059,85,2533.94204
10.874118,84,2534.650276
-2.371471,289,2537.071023
10.844412,87,2537.81601
11.17,6,2537.86724
10.902647,93,2538.664494
10.737647,76,2539.315876
10.630882,65,2539.870993
10.845,31,2540.141844
10.385,3,2540.167897
10.724412,111,2541.108656
10.273824,58,2541.606355
10.64,72,2547.661165
11.011111,20,2547.830102
10.514412,53,2548.283011
10.825294,82,2548.98606
10.784394,31,2549.253836
11.062857,16,2549.391231
10.57,86,2550.117476
10.796471,76,2550.769588
10.590882,73,2551.392944
10.661667,1,2551.401639
10.717941,77,2552.055802
10.717941,77,2552.718703
10.728529,69,2553.310724
10.812143,9,2553.386528
10.368235,95,2554.191701
10.746765,83,2554.894374
10.503824,61,2555.414624
10.757353,75,2556.049141
10.523824,57,2561.931393
10.805588,83,2562.627629
10.641471,57,2563.10078
10.812727,43,2563.466682
10.756471,84,2564.17361
10.592059,61,2564.686067
10.468529,72,2565.297997
10.863571,13,2565.408144
10.582353,60,2565.912079
11.17,6,2565.96539
10.513235,65,2566.50826
11.239848,49,2566.920052
10.562941,58,2567.410246
10.553297,30,2567.656061
10.690294,59,2568.137778
10.67,66,2568.680682
11.323333,2,2568.697212
10.767059,76,2569.322906
10.41,69,2569.895434
10.996429,15,2570.023811
10.844706,84,2576.152233
10.736765,85,2576.861045
10.933333,80,2577.540762
10.553235,57,2578.020134
10.485588,47,2578.422695
10.406176,57,2578.911829
10.764011,45,2579.284318
10.533824,55,2579.760418
10.465294,54,2580.219672
10.553235,57,2580.696759
10.727941,75,2581.329394
10.640588,66,2581.900254
10.985,3,2581.925517
10.553235,57,2582.410382
11.323333,2,2582.428071
10.689412,68,2583.005542
10.669118,75,2583.642806
10.698529,75,2589.68684
10.59,82,2590.386406
11.755,9,2590.464693
10.78,4,2590.499247
10.91,18,2590.654163
11.112222,22,2590.846004
10.797143,12,2590.950364
10.766765,79,2591.612181
10.276176,85,2592.330715
10.468529,72,2592.929047
11.365,7,2592.98851
10.776765,77,2593.643238
10.477941,76,2594.282571
11.995,1,2594.29124
10.661667,1,2594.301633
10.630294,71,2594.899004
10.767059,76,2595.539866
10.504412,55,2596.008018
10.594231,35,2596.30662
10.736765,85,2597.019409
10.67,66,2597.585425
10.66,68,2598.165962
10.592059,61,2604.150483
10.805882,80,2604.840373
10.736471,88,2605.590443
10.621176,64,2606.13733
10.815588,81,2606.815914
10.757059,78,2607.47173
10.530882,85,2608.193008
10.660513,32,2608.460751
10.756176,87,2609.202706
10.596471,116,2610.176833
10.826667,68,2610.765471
10.730055,43,2611.129707
10.582353,60,2611.643488
10.660294,65,2612.200948
10.661667,1,2612.210606
10.717941,77,2618.26658
10.514412,53,2618.717296
10.563235,55,2619.179338
10.640882,63,2619.706519
10.660294,65,2620.250027
10.776471,80,2620.929174
10.513824,59,2621.429816
10.519762,37,2621.733323
10.385,3,2621.758951
10.718235,74,2622.381982
10.453529,74,2623.00641
11.641667,5,2623.048337
10.590294,79,2623.69902
10.571765,68,2624.269168
10.870303,32,2624.539792
10.474706,58,2625.036911
10.531429,8,2625.10277
10.495,51,2625.533991
10.543824,53,2625.980933
10.460588,102,2632.262614
10.445882,52,2632.703108
10.592059,61,2633.222658
10.698529,75,2633.85685
10.351765,63,2634.401515
9.99,2,2634.418404
10.514412,53,2634.871905
10.589412,139,2636.056703
10.631176,62,2636.578686
10.253235,68,2637.15073
11.411667,11,2637.247196
10.776471,80,2637.933475
10.716765,89,2638.682499
10.513824,59,2639.189298
10.457353,86,2639.915115
10.872941,96,2646.1303
11.283333,10,2646.213953
11.56,8,2646.282834
10.708529,73,2646.893963
10.721795,30,2647.144522
10.640882,63,2647.673192
10.985,3,2647.698049
10.640882,63,2648.227267
10.815294,84,2648.936758
11.035,33,2649.217826
10.524118,54,2649.668517
10.746765,83,2650.367859
10.902353,96,2651.186296
10.514118,56,2651.660406
10.669412,72,2652.26473
10.628235,92,2653.043183
11.104444,28,2653.276545
10.689118,71,2653.876992
10.597857,9,2653.951593
10.455588,53,2654.397906
10.582353,60,2660.308575
10.640588,66,2660.871609
10.553824,51,2661.297828
10.961515,38,2661.613946
10.342647,56,2662.088609
10.609412,84,2662.79519
10.466471,42,2663.146465
10.572059,65,2663.691904
10.901765,102,2664.551601
10.556667,22,2664.738752
10.699118,69,2665.325043
10.514412,53,2665.77642
10.408824,81,2666.458714
10.621176,64,2666.993365
10.784394,31,2667.259457
10.177059,45,2667.639964
10.708824,70,2668.214632
10.755882,90,2674.353874
11.066364,34,2674.640941
-1.704967,324,2677.773023
-2.463137,324,2680.501172
10.846282,41,2680.857031
-2.355196,324,2688.991546
10.733788,29,2689.242565
-2.123268,324,2692.008236
11.17,6,2692.060314
-2.489281,324,2694.837789
10.758333,15,2694.965749
10.835641,38,2695.289479
-3.237353,324,2703.486243
-1.966405,324,2706.219045
-2.515425,324,2708.992597
-3.537614,324,2717.200677
-3.416993,324,2719.940355
-1.858464,324,2722.697732
9.273235,217,2724.550762
-3.547712,324,2732.693894
-2.097124,324,2735.454358
8.913105,207,2737.223344
8.706601,279,2745.045949
8.969608,312,2747.699402
10.657222,13,2747.813829
-3.906993,324,2750.575762
-2.740621,324,2753.321324
9.192386,76,2759.403008
9.082255,264,2761.662974
10.183105,100,2762.516961
10.475033,88,2763.270566
9.463954,202,2764.986281
10.519967,113,2765.948874
9.613824,191,2773.028947
10.538889,70,2773.629161
9.949248,103,2774.506493
11.153939,48,2774.91647
10.392386,81,2775.603643
10.410098,67,2776.177775
-4.269641,324,2778.936785
9.552386,249,2781.050509
11.066364,34,2781.33765
11.527857,23,2781.533226
-2.646144,324,2789.705851
9.866242,83,2790.41496
10.632576,25,2790.624696
10.519248,87,2791.370109
9.949967,129,2792.457536
10.192745,85,2793.168311
10.849091,43,2793.530448
10.545033,74,2794.157497
10.264673,68,2794.725835
10.240458,65,2795.293469
11.082857,12,2795.395858
10.923791,57,2801.320015
9.994183,128,2802.405679
9.909967,88,2803.149387
8.819608,244,2805.228447
10.371536,78,2805.893461
-4.292418,324,2808.651717
10.155882,61,2809.172511
-3.185065,324,2817.310707
10.405033,102,2818.168988
10.135882,65,2818.722065
11.263333,14,2818.839778
-7.49049,324,2821.609044
11.641667,5,2821.651668
-2.377974,324,2829.81649
10.198333,49,2830.233881
10.328333,1,2830.243833
10.642857,51,2830.678368
10.529248,85,2831.398757
-9.813137,324,2834.134456
10.474673,75,2834.774809
10.333333,151,2836.072343
9.514902,152,2837.368156
10.542745,64,2837.911882
10.519248,87,2844.107662
10.59859,29,2844.35588
-10.613497,324,2847.103109
10.553464,88,2847.850484
10.432614,105,2848.745404
10.618095,44,2849.119413
10.611209,36,2849.425582
5.619608,296,2851.933815
10.514314,54,2857.850847
10.450098,59,2858.353256
-2.773497,324,2861.103489
10.546961,71,2861.697642
10.753077,34,2861.9841
10.489248,93,2862.765302
10.518529,61,2863.284955
10.521895,110,2864.204849
10.619248,67,2864.769662
10.542745,64,2865.307189
10.039967,111,2866.240917
10.414542,106,2872.551845
10.635752,82,2873.256399
10.626111,97,2874.076071
10.583464,82,2874.768542
10.716667,21,2874.94338
10.514542,135,2876.082463
10.391667,55,2876.543576
10.883824,85,2877.269637
9.99,2,2877.287359
10.109739,65,2877.846853
10.252386,109,2878.765159
10.664286,10,2878.853801
11.313333,4,2878.889984
10.566111,109,2879.82271
10.415523,45,2880.211277
10.135752,84,2886.350881
10.579248,75,2886.991306
10.78,4,2887.025231
10.557308,27,2887.24924
9.634542,164,2888.641891
10.371895,91,2889.406562
10.528529,59,2889.89462
10.391667,145,2891.113622
-3.057712,324,2893.844522
10.172745,89,2894.593756
10.161176,58,2900.540694
10.225033,89,2901.282824
11.17,6,2901.334404
10.636111,95,2902.14712
10.436601,80,2902.82433
10.192255,91,2903.600942
10.641176,60,2904.111366
-2.930359,324,2906.855196
9.835752,95,2907.654144
10.386111,96,2908.467546
11.353571,15,2908.594385
10.686667,56,2914.52457
10.411176,106,2915.418636
10.713077,42,2915.769202
11.985,3,2915.796322
10.996818,37,2916.107077
10.211895,123,2917.157212
9.620686,221,2919.024249
10.990769,48,2919.433553
10.505033,82,2920.130509
10.408039,89,2920.889214
10.37683,124,2921.949179
10.363464,77,2922.601058
10.696667,25,2922.812921
11.755,9,2928.301424
11.365,7,2928.365349
10.878182,28,2928.599403
10.239967,120,2929.61744
10.329608,89,2930.3635
10.603824,91,2931.14244
10.581046,91,2931.920204
10.393595,52,2932.35284
10.313464,87,2933.094203
10.218529,72,2933.69747
10.431667,47,2934.089512
10.530458,56,2934.571337
10.328333,1,2934.579997
10.136601,91,2935.349576
10.589248,73,2935.970335
10.061895,104,2936.86274
9.945261,226,2944.273988
10.996429,15,2944.400374
10.406111,92,2945.171538
10.014804,50,2945.584164
10.484673,73,2946.208018
10.545752,100,2947.043572
10.445882,52,2947.48053
11.995,1,2947.490043
10.494314,58,2947.98025
10.536961,73,2948.5946
10.35732,73,2949.208877
10.618333,53,2949.648401
10.975,5,2949.691062
9.829608,91,2950.456028
10.815261,101,2956.693258
10.477033,49,2957.102428
10.67,66,2957.665827
10.615392,73,2958.282081
10.730686,97,2959.109436
10.462381,49,2959.526733
10.585392,79,2960.191414
10.811046,94,2960.983962
10.798889,18,2961.135567
10.556961,69,2961.722732
10.544673,61,2962.242778
10.492614,93,2963.029463
11.995,1,2963.039052
9.961046,264,2970.725201
11.112222,22,2970.913455
11.995,1,2970.922861
10.589248,73,2971.552984
10.591923,48,2971.966649
10.449608,114,2972.933717
10.513464,96,2973.743693
10.318889,65,2974.293354
10.588901,53,2974.738901
10.887564,43,2975.099628
10.718529,71,2975.694218
10.578889,62,2976.214748
9.460458,270,2978.48541
10.645752,80,2979.157534
10.170098,66,2985.170011
10.623464,74,2985.783981
10.575392,81,2986.458436
10.232386,64,2987.009169
10.230458,67,2987.566315
10.413954,61,2988.080353
10.573105,71,2988.668608
10.421895,81,2989.360219
10.835641,38,2989.679401
10.428758,111,2990.604417
10.46817,58,2991.098408
11.995,1,2991.107211
10.672255,93,2991.886729
9.75,1,2991.894998
10.491536,103,2992.758919
10.65768,75,2998.85417
10.556961,69,2999.436357
10.228889,83,3000.147028
10.382255,102,3000.999228
10.540817,67,3001.564219
10.836818,29,3001.807415
10.867778,22,3001.993143
10.376601,92,3002.778888
10.298889,69,3003.354856
10.180458,77,3003.998461
10.49768,107,3004.916287
10.734902,104,3005.790438
10.77,6,3005.842115
9.99,2,3005.859491
10.696111,83,3006.567971
10.634902,124,3013.083309
10.658039,88,3013.815739
10.585,3,3013.841538
10.721905,8,3013.909478
10.825588,79,3014.566395
10.768333,13,3014.673098
10.80719,100,3015.508622
10.556961,69,3016.091325
10.882857,52,3016.53144
10.044542,180,3018.054915
10.700327,90,3018.815667
10.388529,87,3019.556894
10.722436,35,3019.85943
10.495033,84,3020.573248
10.411667,51,3020.997822
10.39,2,3021.014432
10.185882,55,3021.466732
10.384314,80,3027.537231
10.359248,70,3028.11605
10.27732,89,3028.859116
10.184706,118,3029.853859
10.578039,104,3030.735387
10.418889,94,3031.531308
11.000769,46,3031.918644
10.718399,89,3032.687568
10.555392,85,3033.405145
10.222386,66,3033.965819
10.294902,143,3035.171818
10.646471,106,3041.533344
10.222386,66,3042.099931
9.99,2,3042.116835
10.448889,88,3042.86568
9.904314,78,3043.531331
10.648399,103,3044.420117
10.615879,52,3044.84782
10.764542,85,3045.572149
10.746471,86,3046.302141
10.661667,1,3046.310818
10.395752,81,3046.998495
10.503333,117,3047.993032
10.689967,79,3048.656282
10.559967,105,3049.551454
11.205714,16,3049.688303
11.313333,4,3049.723647
10.78,4,3055.152374
10.486961,83,3055.859677
10.650238,49,3056.283173
10.535392,89,3057.029394
10.623464,74,3057.655401
11.323333,2,3057.672386
10.673824,77,3058.322695
10.502745,72,3058.932359
10.63768,79,3059.591645
10.582647,57,3060.076148
10.318039,107,3060.975404
10.985,3,3061.000425
10.31719,100,3061.847842
10.808889,16,3061.982033
11.641667,5,3062.026778
10.510817,73,3062.648145
10.311176,77,3063.296442
10.78,4,3063.330495
10.425752,75,3069.438427
10.466242,61,3069.963977
10.940909,30,3070.21469
10.859444,17,3070.35533
10.734524,55,3070.815142
10.975,5,3070.859361
10.023105,83,3071.565537
10.516601,64,3072.105794
10.187092,75,3072.744005
10.58732,76,3073.393493
10.762614,88,3074.149651
10.472386,65,3074.710396
10.536601,60,3075.217469
10.670556,17,3075.359372
10.555392,85,3076.08114
11.026667,8,3076.147081
10.752974,103,3077.007352
10.466471,93,3077.796123
10.631536,75,3083.843302
10.605392,75,3084.485033
10.526601,62,3085.01017
10.573105,71,3085.61658
10.721905,8,3085.684647
10.609967,95,3086.490477
9.98,4,3086.522494
10.702614,100,3087.372754
10.532745,66,3087.92723
10.346111,104,3088.804516
10.155882,61,3089.323051
10.665392,63,3089.861132
9.99,2,3089.879665
11.112222,22,3090.066823
10.990769,48,3090.469523
10.542745,64,3091.016028
10.688039,82,3091.707575
10.385,33,3091.980524
11.995,1,3091.989087
10.182026,61,3097.9734
10.302745,63,3098.500022
10.552614,130,3099.612337
10.684183,88,3100.355738
11.073571,71,3100.95208
10.214183,84,3101.674368
10.634052,117,3102.65519
10.621536,77,3103.305167
10.51732,90,3104.088532
11.155,9,3104.164322
10.731046,110,3105.100117
10.46817,58,3105.589037
11.323333,2,3105.608884
10.631536,75,3111.63284
10.568889,64,3112.17044
9.99,2,3112.187313
10.471536,107,3113.105961
10.530817,69,3113.684795
10.585,3,3113.713346
10.37768,82,3114.414249
10.633464,72,3115.022429
10.673824,77,3115.678459
10.749444,19,3115.838224
10.452026,56,3116.32001
10.996429,15,3116.444175
10.816364,35,3116.742323
10.189837,149,3118.006867
10.208529,74,3118.632331
10.825641,40,3118.973171
10.78,4,3119.009505
10.520458,58,3119.500291
10.992619,11,3119.59304
9.98,4,3119.62531
10.435882,54,3120.091909
10.946667,24,3120.291975
10.462026,54,3126.145016
10.609608,82,3126.835384
10.310817,64,3127.376389
10.569608,90,3128.129028
10.355392,76,3128.771056
10.727941,75,3129.401941
9.97,6,3129.451995
10.740327,82,3130.13853
10.541765,74,3130.757134
10.339248,74,3131.394155
10.615392,73,3132.018992
10.008889,78,3132.689965
10.951818,37,3133.007674
11.985,3,3133.035089
10.470098,55,3133.495276
10.024052,239,3140.90831
10.613464,76,3141.546212
10.660327,98,3142.3886
11.985,3,3142.413797
11.323333,2,3142.432341
10.774902,96,3143.252812
10.494673,71,3143.860852
10.40768,76,3144.517568
10.348039,101,3145.380703
10.439967,129,3146.482682
10.683182,27,3146.714882
10.462026,54,3147.175303
10.82881,59,3147.669853
10.611176,66,3148.225577
10.822143,7,3148.286185
10.590882,73,3154.395477
10.565392,83,3155.103677
10.546601,58,3155.5963
10.662614,108,3156.498401
10.706111,81,3157.181057
10.702255,87,3157.912152
10.961703,67,3158.475708
11.293333,8,3158.543845
10.960769,54,3159.001534
10.391667,55,3159.467652
10.561895,102,3160.338654
10.452026,56,3160.80978
10.81881,61,3161.317507
10.555752,98,3162.152099
10.683182,27,3162.37782
10.985,3,3162.402769
9.99,2,3162.420103
10.688039,82,3168.575294
10.722974,109,3169.501079
10.494673,71,3170.097062
10.828333,21,3170.275167
9.75,1,3170.282677
10.615392,73,3170.893779
10.672255,93,3171.680066
10.675752,74,3172.307239
10.516601,64,3172.854384
10.411667,51,3173.282004
10.39,2,3173.299335
10.749118,109,3174.213964
10.579248,75,3174.852278
10.661536,69,3175.43196
10.669477,138,3176.58414
10.59732,74,3182.667758
10.569248,77,3183.315116
10.480458,66,3183.864723
10.946667,24,3184.068188
10.591176,70,3184.670474
10.757647,72,3185.279473
11.026667,8,3185.347554
10.553297,30,3185.596534
10.761046,104,3186.475035
10.611176,66,3187.030178
10.330948,41,3187.371252
10.676111,87,3188.105561
10.389967,90,3188.86495
10.576961,65,3189.416889
10.632255,101,3190.278367
10.960556,19,3190.440378
10.78719,104,3196.739053
11.323333,2,3196.756791
10.805,39,3197.081206
10.591536,83,3197.780684
11.755,9,3197.857605
10.721364,23,3198.057022
10.61732,70,3198.65684
-1.731111,324,3201.395241
11.323333,2,3201.414372
10.719967,73,3202.015826
10.591536,83,3202.724143
10.639608,76,3203.360349
10.404848,16,3203.491459
10.684542,101,3204.332174
10.835261,97,3210.541381
10.975,5,3210.582079
10.47817,56,3211.053477
10.420686,110,3211.964333
10.575392,81,3212.646453
10.985,3,3212.670837
10.775261,109,3213.582348
10.679967,81,3214.266401
10.429739,50,3214.705817
10.77,6,3214.77514
10.063105,75,3215.424855
10.421895,81,3216.110637
10.510817,73,3216.724947
-1.731111,324,3224.918025
11.01141,49,3225.334448
10.671895,80,3226.014169
11.995,1,3226.022848
10.709967,75,3226.65472
10.703333,126,3227.725943
10.656667,2,3227.743384
10.472026,52,3228.184986
10.490458,64,3228.720399
10.456111,82,3229.422986
11.115256,59,3229.933721
10.649967,87,3230.669339
10.575033,68,3231.242465
10.579608,88,3231.989353
10.691895,76,3232.622234
10.855879,53,3238.475056
10.91,18,3238.631881
10.182381,56,3239.100398
9.869379,100,3239.953807
9.924542,106,3240.854016
10.635752,82,3241.544393
10.340098,81,3242.224344
10.574673,55,3242.687307
10.589967,99,3243.534128
10.305752,99,3244.374709
10.355752,89,3245.123523
10.422255,94,3245.926565
10.578889,62,3246.452165
10.599967,97,3252.733762
10.478399,88,3253.481668
-4.423137,324,3256.194133
10.722614,96,3257.021763
10.603824,91,3257.798656
11.995,1,3257.807341
11.022121,38,3258.130603
10.621895,90,3258.878742
10.448039,81,3259.576916
10.231667,59,3260.08194
10.670513,30,3260.339418
10.684542,101,3261.182222
10.668205,43,3267.013778
11.01141,49,3267.43093
10.704183,84,3268.148432
10.599608,84,3268.852179
10.685752,72,3269.458085
10.508039,118,3270.455616
10.541895,106,3271.344479
10.434314,70,3271.91902
10.465,7,3271.979282
10.525392,91,3272.736619
10.391307,42,3273.084445
10.823333,102,3273.932674
11.353571,15,3274.058656
10.730327,84,3274.780102
10.661405,137,3281.345497
11.334444,22,3281.534516
10.136601,91,3282.301427
10.625392,71,3282.91088
10.568889,64,3283.460051
10.81719,98,3284.277853
11.995,1,3284.286985
10.77,6,3284.337743
10.712614,98,3285.173674
11.365,27,3285.407464
10.898333,7,3285.465806
10.590817,57,3285.94843
10.64732,64,3286.48914
11.17,6,3286.542975
10.506961,79,3287.212862
10.426961,95,3288.011353
10.635752,82,3288.698578
10.355882,70,3289.283027
10.519248,87,3295.407329
10.726471,90,3296.163288
10.674286,8,3296.231107
10.643464,70,3296.820717
11.985,3,3296.845632
11.534048,17,3296.985304
10.545033,74,3297.603744
10.463954,51,3298.033847
10.330817,60,3298.534027
10.25817,51,3298.96379
10.730714,11,3299.058858
11.365,7,3299.118608
10.449608,114,3300.082052
10.609248,69,3300.666077
10.639872,31,3300.924397
10.193595,43,3301.282133
10.737941,73,3301.895533
10.570817,61,3302.415377
10.613464,76,3303.042787
10.593464,80,3309.179353
10.536961,73,3309.793269
10.560817,63,3310.313944
11.082857,12,3310.413345
10.718039,76,3311.05667
9.75,1,3311.064294
10.714183,82,3311.748158
10.57732,78,3312.398352
10.450327,91,3313.166046
9.99,2,3313.182548
9.98,4,3313.216794
10.63768,79,3313.88694
10.556961,69,3314.471088
10.395523,49,3314.883728
10.654183,94,3315.678022
10.641667,5,3315.718975
11.124615,52,3316.151325
10.730055,43,3316.51446
10.373464,75,3317.149618
11.097727,35,3317.438705
9.97,6,3322.956593
10.863571,13,3323.069792
10.278889,73,3323.67964
10.512614,89,3324.430569
10.562941,58,3324.918391
11.165,7,3324.980358
10.804394,27,3325.207332
10.349248,72,3325.807258
11.641667,5,3325.849297
10.643464,70,3326.435451
10.405752,79,3327.105883
10.515752,106,3328.00545
11.56,8,3328.073624
10.866923,42,3328.421237
10.753333,56,3328.891413
10.550817,65,3329.42713
10.540817,67,3329.995031
10.585,3,3330.021782
10.20781,48,3330.415147
11.01141,49,3330.829005
10.422745,88,3336.961791
10.127092,38,3337.294703
10.543105,77,3337.948431
11.641667,5,3337.98862
10.45817,60,3338.48622
10.791046,98,3339.331924
10.328939,13,3339.44468
10.558889,66,3340.006534
11.170455,35,3340.308731
11.148636,43,3340.682795
10.591176,70,3341.286421
10.515752,106,3342.189785
10.815455,26,3342.413991
10.701364,27,3342.640123
10.52732,88,3343.384748
10.462026,54,3343.839005
10.615261,141,3345.024027
10.878182,28,3345.259909
11.162778,23,3345.452573
10.405165,37,3351.175612
10.414314,74,3351.793635
10.770686,89,3352.543885
10.533824,55,3353.006047
10.663824,79,3353.690081
11.995,1,3353.698759
10.637273,18,3353.846938
10.728758,100,3354.704309
11.323333,2,3354.722162
11.44381,16,3354.859442
10.534673,63,3355.403036
10.658039,88,3356.155487
10.635392,69,3356.74161
10.726111,77,3357.403886
10.661667,1,3357.413477
10.37768,82,3358.112658
10.743077,36,3358.410175
10.673824,77,3359.065794
10.516961,77,3359.726377
10.530817,69,3365.71957
10.666111,89,3366.468754
10.992619,11,3366.564546
10.78,4,3366.598552
10.58768,89,3367.361562
10.218889,85,3368.086759
10.553105,75,3368.729424
10.441176,100,3369.568316
10.848333,67,3370.115686
10.784394,31,3370.375191
10.605392,75,3371.004629
10.812143,9,3371.076259
10.679967,81,3371.754452
10.429248,105,3372.639068
10.131667,58,3373.130413
10.613464,76,3373.777979
10.494314,58,3379.720147
10.684183,88,3380.461617
10.603824,91,3381.234929
10.643824,83,3381.944155
10.661536,69,3382.523287
10.403824,82,3383.212352
10.511905,50,3383.630985
10.805,69,3384.20988
10.469118,66,3384.759589
10.486242,57,3385.250197
10.666471,102,3386.131156
10.545033,74,3386.759513
9.983824,215,3393.98536
10.575392,81,3394.675566
10.78,4,3394.710156
10.701895,74,3395.338886
10.603105,65,3395.882525
10.662143,39,3396.205114
10.532745,66,3396.763342
10.686111,85,3397.494311
10.633824,85,3398.211074
10.591176,70,3398.802161
10.418039,87,3399.542989
11.55,10,3399.626826
10.718529,71,3400.238302
10.381307,44,3400.610002
10.642255,99,3401.445915
10.655392,65,3402.001004
10.135523,52,3407.8943
10.718529,71,3408.49779
10.302745,63,3409.031497
10.500098,49,3409.447214
10.4,71,3410.040709
10.389608,77,3410.690925
10.47768,111,3411.632143
10.352026,76,3412.275854
10.710686,101,3413.131937
11.313333,4,3413.164875
10.346111,104,3414.039336
10.666471,102,3414.883549
10.701795,34,3415.172995
10.518529,61,3415.69314
10.648039,90,3421.916663
10.975,5,3421.958369
10.446471,46,3422.350645
10.63768,79,3423.01711
10.656667,2,3423.033652
10.490458,64,3423.56323
10.581176,72,3424.170236
9.692026,110,3425.106721
10.661667,1,3425.116362
10.975,5,3425.160997
10.691154,31,3425.421818
10.558889,66,3425.988708
10.516601,64,3426.531687
10.601536,81,3427.207197
10.567949,30,3427.461936
10.629608,78,3428.124232
10.768758,92,3428.906442
10.621176,64,3429.449606
10.666471,102,3435.700069
11.985,3,3435.727962
10.583105,69,3436.301858
10.53732,86,3437.016209
10.985,3,3437.042807
10.656667,2,3437.060061
11.313333,4,3437.094749
10.758333,15,3437.220177
10.593105,67,3437.782334
10.443954,55,3438.244757
10.702255,87,3438.975743
10.073595,67,3439.530671
10.619967,93,3440.311008
10.553464,88,3441.050645
10.940909,30,3441.304264
10.573464,84,3442.021805
11.995,1,3442.030473
9.600458,242,3444.091837
10.630686,117,3450.494419
10.54732,84,3451.215579
10.64768,77,3451.869581
10.498889,78,3452.538924
10.691154,31,3452.798088
10.50732,92,3453.575531
10.643824,83,3454.278756
11.461429,22,3454.464655
10.715,67,3455.035218
10.651536,71,3455.636683
10.706471,94,3456.425329
10.462026,54,3456.883903
10.685752,72,3457.496717
11.313333,4,3457.529002
10.634183,98,3458.352666
11.17,6,3463.801493
9.99,2,3463.81995
10.665392,63,3464.347292
10.66683,115,3465.341004
10.651895,84,3466.05083
10.475294,52,3466.488622
10.39,2,3466.505394
10.807353,65,3467.06449
10.905606,31,3467.32347
10.661536,69,3467.899866
10.688039,82,3468.588119
10.869118,85,3469.305992
11.995,1,3469.31531
11.283889,21,3469.495731
10.24768,108,3470.423154
10.672255,93,3471.213125
10.524011,44,3471.576229
10.458889,86,3472.294532
10.671536,67,3478.263884
10.732436,33,3478.540816
10.338039,103,3479.41043
10.546961,71,3479.998238
10.828333,21,3480.182426
10.143824,183,3481.735315
10.294673,111,3482.660874
9.75,1,3482.668915
10.585752,92,3483.454087
9.99,2,3483.471614
10.443333,178,3484.982887
11.365,7,3485.042415
10.558889,66,3485.606873
10.556111,11,3485.697583
10.482026,50,3486.122475
