#{"t_start": 1785313229.9159682, "env_id": "None"}
r,l,t
-2.0,1,1.737388
-2.0,1,1.740432
-2.0,1,1.743313
-2.0,1,1.746143
-2.0,1,1.748959
-2.0,1,1.751842
-2.0,1,1.75473
-2.0,1,1.75766
-2.0,1,1.760496
-2.0,1,1.763324
-2.0,1,1.766143
-2.0,1,1.768897
-2.0,1,1.771558
-2.0,1,1.774215
-2.0,1,1.776834
-2.0,1,1.77945
-2.0,1,1.782291
-2.0,1,1.784911
-2.0,1,1.787554
-2.0,1,1.790174
-2.0,1,1.792821
-2.0,1,1.79546
4.0,1,1.798196
-2.0,1,1.800757
-2.0,1,1.803382
-2.0,1,1.805976
-2.0,1,1.808666
-2.0,1,1.811326
-2.0,1,1.813911
-2.0,1,1.816516
-2.0,1,1.81916
-2.0,1,1.821775
-2.0,1,1.824523
-2.0,1,1.827209
-2.0,1,1.82983
-2.0,1,1.83246
-2.0,1,1.835127
-2.0,1,1.837725
-2.0,1,1.840345
-2.0,1,1.842991
-2.0,1,1.84558
-2.0,1,1.848197
-2.0,1,1.850892
-2.0,1,1.853491
-2.0,1,1.856105
-2.0,1,1.858713
-2.0,1,1.861347
-2.0,1,1.863961
-2.0,1,1.866622
-2.0,1,1.869276
-2.0,1,1.871894
-2.0,1,1.874506
-2.0,1,1.877091
-2.0,1,1.879691
-2.0,1,1.882302
-2.0,1,1.884918
-2.0,1,1.88753
-2.0,1,1.890158
-2.0,1,1.892819
-2.0,1,1.895441
-2.0,1,1.898056
-2.0,1,1.900665
-2.0,1,1.903286
-2.0,1,1.905913
-2.0,1,1.90854
-2.0,1,1.911227
-2.0,1,1.913824
-2.0,1,1.916448
-2.0,1,1.91908
-2.0,1,1.921686
-2.0,1,1.924308
-2.0,1,1.926947
-2.0,1,1.929538
-2.0,1,1.932156
-2.0,1,1.934987
-2.0,1,1.937592
-2.0,1,1.940217
-2.0,1,1.942821
-2.0,1,1.945413
-2.0,1,1.948025
-2.0,1,1.950621
-2.0,1,1.953213
-2.0,1,1.955832
-2.0,1,1.958434
-2.0,1,1.961036
-2.0,1,1.963651
-2.0,1,1.966256
-2.0,1,1.968843
-2.0,1,1.971446
-2.0,1,1.974068
-2.0,1,1.976637
-2.0,1,1.979326
-2.0,1,1.981838
-2.0,1,1.984446
-2.0,1,1.987055
4.0,1,1.989701
-2.0,1,1.992327
-2.0,1,1.994987
-2.0,1,1.997533
-2.0,1,2.000136
-2.0,1,2.00275
-2.0,1,2.005339
-2.0,1,2.007936
-2.0,1,2.010546
-2.0,1,2.013132
-2.0,1,2.015834
-2.0,1,2.018398
-2.0,1,2.020975
-2.0,1,2.023582
-2.0,1,2.0262
-2.0,1,2.028774
-2.0,1,2.031381
-2.0,1,2.033973
-2.0,1,2.036583
-2.0,1,2.039274
-2.0,1,2.041875
-2.0,1,2.04448
-2.0,1,2.047079
-2.0,1,2.049668
-2.0,1,2.052267
-2.0,1,2.05489
-2.0,1,2.057492
-2.0,1,2.060179
-2.0,1,2.062747
-2.0,1,2.06534
-2.0,1,2.067937
-2.0,1,2.070678
-2.0,1,2.073457
4.0,1,2.076265
-2.0,1,2.078998
-2.0,1,2.081982
-2.0,1,2.084736
-2.0,1,2.087507
-2.0,1,2.090272
-2.0,1,2.09302
-2.0,1,2.095773
-2.0,1,2.098534
-2.0,1,2.101314
-2.0,1,2.104066
-2.0,1,2.106818
-2.0,1,2.109558
-2.0,1,2.112322
-2.0,1,2.115082
-2.0,1,2.117811
-2.0,1,2.120568
-2.0,1,2.123411
-2.0,1,2.126172
-2.0,1,2.128917
-2.0,1,2.131682
-2.0,1,2.134461
-2.0,1,2.137195
-2.0,1,2.139944
-2.0,1,2.142763
-2.0,1,2.145507
-2.0,1,2.14843
-2.0,1,2.151171
-2.0,1,2.15393
-2.0,1,2.156682
-2.0,1,2.159423
-2.0,1,2.162206
-2.0,1,2.164971
-2.0,1,2.167726
-2.0,1,2.170485
-2.0,1,2.173221
-2.0,1,2.175963
-2.0,1,2.178728
-2.0,1,2.181471
-2.0,1,2.18426
-2.0,1,2.187037
-2.0,1,2.189845
-2.0,1,2.192643
-2.0,1,2.195406
-2.0,1,2.198185
-2.0,1,2.200949
-2.0,1,2.203721
-2.0,1,2.206499
-2.0,1,2.209255
-2.0,1,2.212018
-2.0,1,2.214784
-2.0,1,2.21753
-2.0,1,2.220302
-2.0,1,2.223064
-2.0,1,2.225858
-2.0,1,2.228622
-2.0,1,2.23139
-2.0,1,2.234169
-2.0,1,2.236899
-2.0,1,2.239766
-2.0,1,2.242541
-2.0,1,2.245289
-2.0,1,2.248048
-2.0,1,2.250907
-2.0,1,2.253688
-2.0,1,2.25651
-2.0,1,2.259263
-2.0,1,2.262014
-2.0,1,2.264786
-2.0,1,2.267586
-2.0,1,2.270345
-2.0,1,2.273108
-2.0,1,2.275862
-2.0,1,2.278647
-2.0,1,2.281392
-2.0,1,2.284153
-2.0,1,2.286922
-2.0,1,2.289651
-2.0,1,2.292423
-2.0,1,2.29521
-2.0,1,2.297954
-2.0,1,2.30072
-2.0,1,2.303474
-2.0,1,2.306252
-2.0,1,2.309047
-2.0,1,2.311813
-2.0,1,2.314604
-2.0,1,2.31735
-2.0,1,2.3201
-2.0,1,2.32288
-2.0,1,2.325623
-2.0,1,2.328405
-2.0,1,2.331176
-2.0,1,2.333964
-2.0,1,2.336737
-2.0,1,2.339509
-2.0,1,2.342381
-2.0,1,2.345131
-2.0,1,2.347891
-2.0,1,2.350708
-2.0,1,2.353463
-2.0,1,2.356226
-2.0,1,2.35898
-2.0,1,2.361713
-2.05,2,2.367276
-2.0,1,2.370049
-2.0,1,2.372808
-2.0,1,2.375569
-2.0,1,2.378328
-2.0,1,2.38122
-2.0,1,2.383983
-2.0,1,2.38673
-2.0,1,2.389496
-2.0,1,2.39234
-2.0,1,2.395106
-2.0,1,2.397835
-2.0,1,2.400591
-2.0,1,2.403354
-2.0,1,2.405989
-2.0,1,2.408604
-2.0,1,2.411214
-2.0,1,2.41392
-2.0,1,2.416727
-2.0,1,2.419503
-2.0,1,2.422404
-2.0,1,2.425191
-2.0,1,2.427894
-2.0,1,2.430696
-2.0,1,2.433523
-2.0,1,2.436305
-2.0,1,2.4391
-2.0,1,2.441896
-2.0,1,2.444656
-2.0,1,2.447407
-2.0,1,2.450169
-2.0,1,2.452907
-2.0,1,2.455674
-2.0,1,2.45842
-2.0,1,2.461177
-2.0,1,2.463994
-2.0,1,2.466838
-2.0,1,2.469593
-2.0,1,2.472354
-2.0,1,2.475199
-2.0,1,2.477988
-2.0,1,2.480744
-2.0,1,2.483513
-2.0,1,2.486272
-2.0,1,2.489018
-2.0,1,2.491815
-2.0,1,2.494608
-2.0,1,2.497375
-2.0,1,2.500192
-2.0,1,2.503018
-2.0,1,2.505765
-2.0,1,2.508609
-2.0,1,2.511387
-2.0,1,2.514135
-2.0,1,2.516945
-2.0,1,2.519711
-2.0,1,2.522471
-2.0,1,2.525217
-2.0,1,2.527987
-2.0,1,2.530778
-2.0,1,2.533534
-2.0,1,2.536279
-2.0,1,2.539135
-2.0,1,2.541881
-2.0,1,2.54464
-2.0,1,2.547487
-2.0,1,2.550338
-2.0,1,2.553109
-2.0,1,2.555873
-2.0,1,2.558697
-2.0,1,2.561451
-2.0,1,2.56422
-2.0,1,2.566978
-2.0,1,2.569735
-2.0,1,2.572502
-2.0,1,2.575253
-2.0,1,2.577987
-2.0,1,2.58076
-2.0,1,2.583522
-2.0,1,2.586295
-2.0,1,2.589042
-2.0,1,2.591821
-2.0,1,2.594661
-2.0,1,2.597419
-2.0,1,2.600198
-2.0,1,2.60297
-2.0,1,2.605742
-2.0,1,2.608514
-2.0,1,2.611278
-2.0,1,2.614008
-2.0,1,2.616774
-2.0,1,2.619541
-2.0,1,2.6223
-2.0,1,2.625031
-2.0,1,2.627817
-2.0,1,2.630603
-2.0,1,2.633351
-2.0,1,2.636165
-2.0,1,2.638932
-2.0,1,2.641671
-2.0,1,2.644537
-2.0,1,2.647305
-2.0,1,2.650617
-2.0,1,2.653388
-2.0,1,2.656215
-2.0,1,2.659029
-2.0,1,2.661881
-2.0,1,2.664732
-2.0,1,2.667504
-2.0,1,2.670316
-2.0,1,2.673077
-2.0,1,2.675879
-2.0,1,2.678744
-2.0,1,2.681597
-2.0,1,2.68442
-2.0,1,2.687234
-2.0,1,2.690002
-2.0,1,2.692829
-2.0,1,2.695616
-2.0,1,2.698409
-2.0,1,2.701176
-2.0,1,2.703963
-2.0,1,2.706747
-2.0,1,2.709501
-2.0,1,2.712297
-2.0,1,2.715088
-2.0,1,2.71787
-2.0,1,2.720701
-2.0,1,2.723532
-2.0,1,2.726318
-2.0,1,2.72906
-2.0,1,2.731819
-2.0,1,2.734581
-2.0,1,2.737316
-2.0,1,2.74008
-2.0,1,2.742836
-2.0,1,2.745584
-2.0,1,2.748337
-2.0,1,2.751091
-2.0,1,2.753846
-2.0,1,2.756601
-2.0,1,2.759357
-2.0,1,2.762153
-2.0,1,2.765043
-2.0,1,2.767798
-2.0,1,2.770572
-2.0,1,2.773378
-2.0,1,2.776149
-2.0,1,2.77892
-2.0,1,2.781673
-2.0,1,2.784441
-2.0,1,2.787213
-2.0,1,2.789982
-2.0,1,2.79275
-2.0,1,2.795529
-2.0,1,2.798317
-2.0,1,2.801059
-2.0,1,2.80383
-2.0,1,2.806719
-2.0,1,2.809482
-2.0,1,2.81227
-2.0,1,2.815068
-2.0,1,2.817905
-2.0,1,2.820803
-2.0,1,2.823727
-2.0,1,2.826607
-2.0,1,2.829352
-2.0,1,2.832111
-2.0,1,2.834926
-2.0,1,2.83774
-2.0,1,2.840506
-2.0,1,2.843282
-2.0,1,2.846129
-2.0,1,2.84919
-2.0,1,2.851922
-2.0,1,2.854581
-2.0,1,2.857196
-2.0,1,2.859813
-2.0,1,2.862469
-2.0,1,2.865098
-2.0,1,2.867719
-2.0,1,2.870358
-2.0,1,2.872954
-2.0,1,2.875572
-2.0,1,2.878216
-2.0,1,2.881043
-2.0,1,2.883784
-2.0,1,2.886605
-2.0,1,2.889362
-2.0,1,2.892415
-2.0,1,2.89541
-2.0,1,2.898253
-2.0,1,2.901004
-2.0,1,2.90382
-2.0,1,2.906633
-2.0,1,2.909389
-2.0,1,2.91215
-2.0,1,2.914936
-2.0,1,2.917684
-2.0,1,2.920473
-2.0,1,2.923252
-2.0,1,2.926051
-2.0,1,2.928859
-2.0,1,2.931637
-2.0,1,2.93463
-2.0,1,2.937426
-2.0,1,2.940223
-2.0,1,2.943008
-2.0,1,2.945769
-2.0,1,2.948547
-2.0,1,2.951313
-2.0,1,2.954071
-2.0,1,2.956848
-2.0,1,2.959655
-2.0,1,2.962439
-2.0,1,2.965207
-2.0,1,2.967994
-2.0,1,2.970791
-2.0,1,2.973546
-2.0,1,2.976506
-2.0,1,2.979469
-2.0,1,2.982395
-2.0,1,2.985307
-2.0,1,2.988241
-2.0,1,2.991183
-2.0,1,2.994164
-2.0,1,2.997062
-2.0,1,3.000003
-2.0,1,3.002921
-2.0,1,3.005836
-2.0,1,3.008746
-2.0,1,3.011691
-2.0,1,3.014605
-2.0,1,3.01757
-2.0,1,3.020608
-2.0,1,3.023566
-2.0,1,3.026487
-2.0,1,3.029384
-2.0,1,3.032307
-2.0,1,3.035238
-2.0,1,3.038142
-2.0,1,3.041117
-2.0,1,3.04404
-2.0,1,3.046972
-2.0,1,3.049891
-2.0,1,3.052822
-2.0,1,3.055754
-2.0,1,3.05869
4.0,1,3.061892
-2.0,1,3.064685
-2.0,1,3.067668
-2.0,1,3.070626
-2.0,1,3.073583
-2.0,1,3.07659
-2.0,1,3.079525
-2.0,1,3.082455
-2.0,1,3.085364
-2.0,1,3.088295
-2.0,1,3.091221
-2.0,1,3.094139
-2.0,1,3.097079
-2.0,1,3.100063
-2.0,1,3.103025
-2.0,1,3.106016
-2.0,1,3.108938
-2.0,1,3.111861
-2.0,1,3.114818
-2.0,1,3.117769
-2.0,1,3.120729
-2.0,1,3.123741
-2.0,1,3.12675
-2.0,1,3.129656
-2.0,1,3.132617
-2.0,1,3.13555
-2.0,1,3.13849
-2.0,1,3.141403
-2.0,1,3.144371
-2.0,1,3.147406
-2.0,1,3.150342
-2.0,1,25.066251
4.0,1,25.069256
3.75,2,25.075057
-2.0,1,25.078152
3.75,2,25.083855
3.75,2,25.089327
4.0,1,25.092102
-2.0,1,25.094928
-2.0,1,25.097843
4.0,1,25.100788
4.0,1,25.103748
3.75,2,25.109468
4.0,1,25.112333
4.0,1,25.115204
4.0,1,25.118119
-2.0,1,25.121164
4.0,1,25.124021
3.75,2,25.129917
3.75,2,25.135728
3.75,2,25.141409
-2.0,1,25.144109
3.75,2,25.149991
-2.0,1,25.152879
-2.0,1,25.15582
4.0,1,25.158648
-2.05,2,25.164475
3.75,2,25.170272
-2.0,1,25.173132
3.75,2,25.178924
4.0,1,25.181947
4.0,1,25.184769
-2.05,2,25.190475
3.75,2,25.196275
3.75,2,25.201988
-2.0,1,25.20494
4.0,1,25.208007
4.0,1,25.210868
3.75,2,25.216572
4.0,1,25.2195
4.0,1,25.222319
3.75,2,25.228138
4.0,1,25.231015
-2.0,1,25.233896
-2.05,2,25.239543
-2.0,1,25.242489
-2.0,1,25.245373
-2.0,1,25.248444
-2.0,1,25.251332
-2.0,1,25.254198
-2.0,1,25.256901
-2.0,1,25.259768
4.0,1,25.262699
3.75,2,25.268444
4.0,1,25.271341
3.75,2,25.27703
4.0,1,25.279989
4.0,1,25.282892
3.75,2,25.288673
3.75,2,25.294519
-2.05,2,25.300242
-2.0,1,25.303146
4.0,1,25.305986
-2.0,1,25.308802
3.75,2,25.314627
-2.0,1,25.317454
4.0,1,25.320358
3.75,2,25.326115
-2.05,2,25.33178
-2.0,1,25.335062
-2.05,2,25.341182
-2.0,1,25.344423
4.0,1,25.34761
4.0,1,25.350692
3.75,2,25.356869
4.0,1,25.359992
3.75,2,25.366095
-2.0,1,25.369074
-2.0,1,25.372231
-2.05,2,25.378516
4.0,1,25.381623
-2.0,1,25.384732
-2.05,2,25.391013
4.0,1,25.394214
-2.0,1,25.397491
-2.05,2,25.403593
-2.0,1,25.406725
-2.0,1,25.409685
-2.05,2,25.415756
-2.0,1,25.419013
-2.0,1,25.422041
4.0,1,25.425105
4.0,1,25.428123
-2.05,2,25.434074
-2.0,1,25.437193
-2.05,2,25.443329
-2.05,2,25.449497
4.0,1,25.452704
3.75,2,25.458828
3.75,2,25.465176
4.0,1,25.468285
-2.0,1,25.471388
3.75,2,25.477553
4.0,1,25.480644
3.75,2,25.486948
3.75,2,25.493055
3.75,2,25.499104
-2.0,1,25.502182
-2.05,2,25.50838
-2.0,1,25.511414
4.0,1,25.514489
-2.0,1,25.517554
4.0,1,25.520629
4.0,1,25.523711
4.0,1,25.526662
3.75,2,25.532765
3.75,2,25.538958
-2.05,2,25.545039
3.75,2,25.551448
3.75,2,25.557582
-2.0,1,25.560623
-2.05,2,25.566584
-2.0,1,25.569729
4.0,1,25.573024
-2.0,1,25.575903
-2.05,2,25.582062
-2.0,1,25.585124
3.75,2,25.591323
-2.05,2,25.597471
3.75,2,25.6036
-2.0,1,25.606625
4.0,1,25.609785
4.0,1,25.612834
-2.0,1,25.615832
3.75,2,25.622116
3.75,2,25.628158
4.0,1,25.631225
-2.0,1,25.634295
4.0,1,25.637561
3.75,2,25.643703
4.0,1,25.646774
-2.0,1,25.649912
-2.05,2,25.656238
-2.0,1,25.659386
4.0,1,25.662555
-2.0,1,25.665562
-2.0,1,25.668756
4.0,1,25.671908
-2.0,1,25.675264
4.0,1,25.678436
4.0,1,25.681602
4.0,1,25.684743
-2.05,2,25.690938
-2.05,2,25.697004
4.0,1,25.700253
4.0,1,25.703425
4.0,1,25.706542
3.75,2,25.712806
4.0,1,25.71605
-2.0,1,25.719172
-2.0,1,25.722251
4.0,1,25.725471
3.75,2,25.731805
-2.0,1,25.734906
-2.0,1,25.738006
-2.0,1,25.74111
-2.0,1,25.74422
-2.0,1,25.747411
-2.0,1,25.750527
4.0,1,25.753635
-2.05,2,25.759818
4.0,1,25.763062
-2.0,1,25.766166
4.0,1,25.769264
3.75,2,25.7755
-2.0,1,25.778514
-2.05,2,25.784628
4.0,1,25.787696
4.0,1,25.790739
4.0,1,25.793638
3.75,2,25.799869
-2.0,1,25.80304
3.75,2,25.809489
-2.0,1,25.812764
4.0,1,25.815785
-2.0,1,25.819007
-2.0,1,25.822062
-2.0,1,25.825183
-2.0,1,25.82827
4.0,1,25.831418
4.0,1,25.834574
3.75,2,25.840734
3.75,2,25.847275
-2.05,2,25.853279
4.0,1,25.856374
3.75,2,25.862689
-2.0,1,25.865678
-2.0,1,25.868779
-2.0,1,25.871939
4.0,1,25.87514
-2.0,1,25.878274
3.75,2,25.884444
-2.0,1,25.887547
-2.0,1,25.89068
4.0,1,25.893848
-2.0,1,25.896872
3.75,2,25.903174
-2.0,1,25.906219
4.0,1,25.90937
3.75,2,25.915633
-2.0,1,25.918625
3.75,2,25.924893
-2.0,1,25.927922
4.0,1,25.931235
3.75,2,25.937679
3.75,2,25.943948
-2.0,1,25.94711
4.0,1,25.950252
3.75,2,25.956395
4.0,1,25.959508
3.75,2,25.965553
4.0,1,25.968559
-2.05,2,25.974726
3.75,2,25.980945
3.75,2,25.987126
-2.0,1,25.990147
4.0,1,25.993337
4.0,1,25.996383
3.75,2,26.002856
-2.0,1,26.00612
-2.05,2,26.012665
-2.0,1,26.016074
-2.0,1,26.019581
4.0,1,26.022792
4.0,1,26.025921
3.75,2,26.032607
-2.0,1,26.035919
4.0,1,26.039303
-2.05,2,26.045798
-2.0,1,26.049014
-2.05,2,26.055652
3.75,2,26.062488
4.0,1,26.065734
-2.05,2,26.072328
3.75,2,26.078933
-2.0,1,26.082246
-2.0,1,26.085562
4.0,1,26.088959
-2.0,1,26.092224
3.75,2,26.098972
4.0,1,26.102206
-2.0,1,26.105608
-2.05,2,26.112221
-2.05,2,26.118915
4.0,1,26.122274
4.0,1,26.125544
-2.05,2,26.132163
4.0,1,26.135509
4.0,1,26.138821
-2.0,1,26.142234
4.0,1,26.14587
4.0,1,26.149123
-2.05,2,26.155768
4.0,1,26.159101
-2.05,2,26.165436
4.0,1,26.168685
4.0,1,26.171983
4.0,1,26.175327
4.0,1,26.178679
-2.05,2,26.185185
3.75,2,26.192074
4.0,1,26.1954
3.75,2,26.201965
4.0,1,26.2053
4.0,1,26.208584
-2.0,1,26.211751
-2.0,1,26.214988
4.0,1,26.218343
-2.0,1,26.221582
4.0,1,26.224946
3.75,2,26.231754
-2.0,1,26.234895
-2.0,1,26.238251
3.75,2,26.244866
3.75,2,26.251394
3.75,2,26.257885
4.0,1,26.261173
4.0,1,26.264458
3.75,2,26.271033
3.75,2,26.277614
3.75,2,26.284317
4.0,1,26.287484
3.75,2,26.293854
4.0,1,26.297134
-2.0,1,26.300348
3.75,2,26.306931
4.0,1,26.310256
3.75,2,26.316987
3.75,2,26.323663
4.0,1,26.327205
-2.0,1,26.330835
3.75,2,26.337699
-2.0,1,26.341101
4.0,1,26.34448
4.0,1,26.348007
-2.0,1,26.351503
4.0,1,26.354974
-2.0,1,26.358612
3.75,2,26.365251
-2.0,1,26.3685
3.75,2,26.375145
4.0,1,26.37848
4.0,1,26.38175
3.75,2,26.388273
4.0,1,26.391572
-2.0,1,26.39478
-2.05,2,26.401369
-2.0,1,26.404575
3.75,2,26.411188
-2.05,2,26.417757
-2.0,1,26.421017
-2.0,1,26.424243
-2.0,1,26.427475
3.75,2,26.433962
-2.0,1,26.437161
-2.05,2,26.443784
-2.05,2,26.450385
4.0,1,26.453872
3.75,2,26.460444
-2.0,1,26.463674
4.0,1,26.467018
-2.0,1,26.470316
-2.0,1,26.473538
-2.0,1,26.476867
4.0,1,26.480207
4.0,1,26.483435
-2.05,2,26.490119
4.0,1,26.493463
4.0,1,26.496817
4.0,1,26.500165
3.75,2,26.506655
3.75,2,26.513131
3.75,2,26.519671
4.0,1,26.523004
3.75,2,26.529533
4.0,1,26.532906
4.0,1,26.53619
3.75,2,26.542622
-2.05,2,26.54904
-2.05,2,26.555605
-2.0,1,26.558855
3.75,2,26.565426
4.0,1,26.568689
4.0,1,26.572122
-2.05,2,26.578609
3.75,2,26.585261
-2.0,1,26.588485
4.0,1,26.591799
-2.05,2,26.59827
3.75,2,26.604797
4.0,1,26.608114
3.75,2,26.614773
-2.0,1,26.617902
-2.0,1,26.621227
-2.0,1,26.624498
-2.0,1,26.627807
-2.0,1,26.63109
3.75,2,26.637681
-2.05,2,26.643942
4.0,1,26.647296
4.0,1,26.650462
3.75,2,26.65717
-2.0,1,26.660422
3.75,2,26.666759
4.0,1,26.669997
3.75,2,48.857544
4.0,1,48.860865
3.75,2,48.867211
4.0,1,48.870324
4.0,1,48.873431
-4.583333,18,48.926784
-2.0,1,48.929723
-4.583333,18,48.981367
4.0,1,48.984382
-4.583333,18,49.040284
-2.55,4,49.052404
-4.583333,18,49.106462
6.0,1,49.109511
3.75,2,49.115771
-2.8,5,49.135174
-3.8,9,49.171111
4.0,1,49.175665
-4.583333,18,49.232171
-4.583333,18,49.286799
3.75,2,49.292931
-4.583333,18,49.348318
-4.583333,18,49.404921
-4.583333,18,49.460834
-3.05,6,49.479393
-4.583333,18,49.536207
3.75,2,49.543065
6.0,1,49.546484
-5.8,17,49.601277
5.75,2,49.607988
-2.3,3,49.619718
3.75,2,49.627549
5.75,2,49.634578
6.0,1,49.637944
5.75,2,49.644711
-4.583333,18,49.706117
4.0,1,49.709462
-3.05,6,49.729462
-5.55,16,49.78396
-4.583333,18,49.842036
-4.583333,18,49.898628
3.75,2,49.904894
3.75,2,49.91152
4.0,1,49.914643
-4.583333,18,49.971382
5.75,2,49.977595
5.75,2,49.983879
-4.583333,18,50.040237
6.0,1,50.04351
-4.583333,18,50.10258
-4.583333,18,50.159096
3.75,2,50.165715
-4.583333,18,50.221254
3.75,2,50.22738
-4.583333,18,50.284433
-3.55,8,50.308504
-5.05,14,50.349271
-3.3,7,50.368741
4.0,1,50.371778
-3.8,9,50.397564
-4.583333,18,50.448938
4.0,1,50.451789
4.0,1,50.45473
3.45,12,73.177762
5.05,8,73.197673
3.75,2,73.20271
6.0,1,73.205267
4.75,10,73.230458
6.0,1,73.232909
6.0,1,73.235468
5.9,3,73.243123
-2.0,1,73.24569
4.0,1,73.24828
5.75,2,73.253437
3.75,2,73.25859
5.95,2,73.263771
5.05,8,73.284029
-3.383333,18,73.329642
5.65,4,73.34052
4.9,7,73.35916
5.75,2,73.364634
4.0,1,73.367308
6.0,1,73.370027
5.9,3,73.377994
5.2,5,73.391423
3.75,2,73.396613
6.0,1,73.39927
5.75,2,73.404523
4.05,12,73.437063
-2.05,2,73.442386
5.9,3,73.450469
5.95,2,73.45572
4.0,1,73.458428
3.75,2,73.463753
4.9,7,73.482316
5.75,2,73.487449
4.0,1,73.490246
5.7,3,73.498295
-2.05,2,73.503599
5.95,2,73.50893
5.65,4,73.51945
5.75,2,73.524643
5.7,3,73.532506
5.05,8,73.553902
-2.05,2,73.5595
5.95,2,73.565004
3.75,2,73.570732
6.0,1,73.573687
3.75,2,73.579449
5.95,2,73.585414
6.0,1,73.588161
6.0,1,73.590922
4.0,1,73.59382
-2.05,2,73.599707
5.75,2,73.605474
4.0,1,73.608331
6.0,1,73.611107
5.6,5,73.625098
4.7,7,73.644521
3.6,13,73.681465
6.0,1,73.684347
5.95,2,73.690026
5.9,3,73.698489
5.95,2,73.704152
5.75,2,73.70992
6.0,1,73.712713
6.0,1,73.715494
4.0,1,73.718335
5.75,2,73.74216
-7.4,32,73.828029
5.65,4,73.83884
6.1,15,73.879645
-6.0,32,73.96731
-6.8,25,74.034391
4.75,18,74.082602
-2.3,3,74.090651
5.4,5,74.104163
-6.0,21,74.160372
-4.0,32,74.250991
-6.9,27,74.329701
-5.6,32,74.428768
4.0,1,74.432064
-5.0,32,74.542892
-5.6,32,97.821015
7.15,6,97.833305
7.95,2,97.837327
6.0,1,97.839433
3.75,2,97.843569
-2.05,2,97.847928
4.75,22,97.894592
-2.0,1,97.896948
5.05,8,97.915362
7.85,4,97.924662
-2.0,1,97.926963
5.85,4,97.936239
6.0,1,97.938523
5.65,16,97.976646
-3.4,9,97.99857
-2.35,4,98.008093
7.65,4,98.017928
-2.0,1,98.020461
7.2,9,98.04254
7.85,4,98.052275
7.25,8,98.071624
7.9,3,98.078773
7.45,8,98.098144
5.85,20,98.143794
-6.2,32,98.221912
6.8,13,98.253669
6.55,14,98.287997
5.8,17,98.329957
-4.15,12,98.361042
7.65,4,98.370952
-3.45,10,98.395548
4.85,20,98.447188
-2.0,1,98.44954
-2.0,1,98.451846
-2.3,3,98.458768
-2.35,4,98.468388
8.0,1,98.470797
6.65,8,98.490501
-4.25,14,98.52564
4.6,25,98.588493
7.1,11,98.61554
-3.25,10,98.640104
7.9,3,98.647537
5.6,21,98.700663
4.1,27,98.769282
-2.0,1,98.771832
-2.0,1,98.774369
7.25,8,98.794391
3.75,2,98.799411
-2.05,2,98.804385
5.05,8,98.824517
-2.3,7,98.84176
7.45,4,98.851913
-2.0,1,98.854396
8.0,1,98.856887
7.75,2,98.86191
-2.0,1,98.864372
7.75,2,98.869483
7.7,3,98.877286
7.4,5,98.890484
5.3,19,98.940604
-2.0,1,98.943546
7.25,12,98.976706
6.0,1,98.979685
-2.1,3,98.987668
5.95,2,98.993091
4.0,1,98.995747
7.75,2,99.001222
5.2,17,121.937065
6.25,12,121.969213
-2.15,4,121.980158
7.4,5,121.994017
5.95,2,121.999524
3.4,29,122.07814
5.9,3,122.086285
4.9,19,122.137472
7.85,4,122.148512
7.6,5,122.161992
7.7,3,122.170161
7.75,2,122.175852
8.0,1,122.178631
7.2,9,122.202288
7.55,6,122.218735
7.6,5,122.232859
7.9,3,122.2414
-2.05,2,122.247186
7.95,2,122.252978
-2.35,4,122.264542
7.9,3,122.273176
-2.0,1,122.276031
-2.3,3,122.284771
-2.0,1,122.287871
7.95,2,122.29396
7.5,7,122.314741
-2.0,1,122.318156
7.85,4,122.330829
7.75,6,122.348438
4.0,1,122.351401
7.95,2,122.35754
7.9,3,122.367311
6.9,7,122.389713
-2.0,1,122.392623
7.2,9,122.419984
4.0,1,122.423011
7.9,3,122.432679
8.0,1,122.435776
7.95,2,122.441873
-2.3,3,122.451006
3.75,2,122.457038
5.6,17,122.509295
7.8,5,122.524652
7.9,3,122.533901
7.9,3,122.543273
5.95,2,122.549596
7.4,5,122.565047
6.35,10,122.59619
3.75,2,122.602593
7.95,2,122.608714
7.95,2,122.614822
-2.0,1,122.617806
8.0,1,122.620897
7.8,5,122.636025
5.75,2,122.642188
7.6,5,122.65729
7.75,2,122.663318
4.0,1,122.666309
7.9,3,122.675656
6.9,11,122.708856
6.75,10,122.739408
7.95,2,122.745474
6.3,11,122.779047
7.8,5,122.794317
5.9,3,122.803368
7.95,2,122.809388
7.8,5,122.824755
7.85,4,122.837101
8.0,1,122.840108
7.05,8,122.866423
6.85,8,122.895266
8.0,1,122.898704
6.55,10,122.933303
6.0,1,122.937449
5.95,2,122.945058
7.65,4,122.958961
4.9,27,123.052639
7.75,2,123.05941
8.0,1,123.062773
-2.0,1,123.065955
8.0,1,123.069249
7.9,3,123.079523
6.0,1,123.082811
7.95,2,123.089458
8.0,1,123.092826
-4.4,32,123.209758
7.05,8,123.241661
4.0,1,123.247362
6.0,1,123.253638
-5.6,25,123.393867
6.0,1,123.39877
-2.1,3,123.411423
-5.4,32,123.536529
7.85,4,123.552077
7.95,2,123.559727
4.2,21,147.007833
7.95,2,147.014988
7.95,2,147.022432
7.8,5,147.040825
7.45,4,147.059925
7.35,6,147.084961
5.9,3,147.096179
-2.0,1,147.09981
4.0,1,147.103339
-2.0,1,147.107119
7.75,2,147.114782
-4.6,32,147.228832
4.0,1,147.232108
4.0,1,147.235471
8.0,1,147.238627
6.05,12,147.277822
7.95,2,147.284573
7.5,7,147.307735
7.95,2,147.314381
7.85,4,147.328221
7.9,3,147.338256
7.9,3,147.348476
7.95,2,147.355075
7.85,4,147.368249
5.95,2,147.374902
7.2,9,147.403721
-2.1,3,147.413514
7.05,8,147.439456
6.95,10,147.47215
3.75,2,147.478613
7.95,2,147.485082
7.6,5,147.501609
7.85,4,147.514704
5.95,2,147.521168
7.75,2,147.527736
7.85,4,147.540974
4.0,1,147.544279
6.6,13,147.587413
6.0,1,147.590797
7.8,5,147.607543
6.0,1,147.610934
-4.65,14,147.657318
8.0,1,147.660697
7.95,2,147.667363
7.1,7,147.690587
5.95,2,147.69706
6.55,10,147.730967
-2.0,1,147.734359
7.9,3,147.744447
4.0,1,147.747911
5.75,2,147.754451
-3.6,13,147.797432
5.3,15,147.846689
7.9,3,147.85659
7.95,2,147.863085
5.95,2,147.86965
7.8,5,147.885579
-2.0,1,147.888931
7.8,5,147.905362
-2.1,3,147.914948
4.0,1,147.918232
7.95,2,147.924582
8.0,1,147.927678
7.9,3,147.936945
6.2,13,147.976422
-2.0,1,147.979408
7.95,2,147.985449
6.35,10,148.016096
8.0,1,148.019166
6.0,1,148.022286
7.8,5,148.03756
-2.0,1,148.040617
7.35,6,148.059087
7.15,10,148.08967
7.95,2,148.096091
6.85,8,148.120696
6.0,1,148.123753
-2.0,1,148.126881
7.85,4,148.139441
4.0,1,148.142579
7.9,3,148.152021
6.6,9,148.180072
7.25,8,148.204449
4.0,1,148.20758
7.65,4,148.219944
4.0,1,148.223085
7.9,3,148.232364
7.95,2,148.238773
-2.05,2,148.244966
-2.0,1,148.248077
6.2,13,148.288652
4.0,1,148.291734
5.75,2,148.297873
-2.0,1,148.301004
7.7,3,148.310561
7.25,8,148.334876
-2.0,1,148.337954
7.2,9,148.365885
7.0,9,148.393806
7.8,5,148.409204
7.9,3,148.418309
-3.1,7,148.4396
4.0,1,148.442683
7.35,6,148.461337
7.95,2,148.467543
3.75,2,148.4736
4.0,1,148.476585
4.0,1,148.479476
7.75,2,148.485402
7.45,8,148.509827
7.55,6,148.528442
7.5,7,148.550165
7.05,8,148.575193
7.9,3,148.584328
4.0,1,148.587439
7.95,2,148.593544
7.1,7,148.615597
7.4,5,148.630893
7.85,4,148.643097
-2.0,1,148.646166
7.9,3,148.655568
8.0,1,148.658633
7.85,4,170.636972
7.4,5,170.652301
7.6,5,170.667748
5.9,3,170.67698
7.85,4,170.689071
4.4,25,170.765425
-2.1,3,170.774787
4.0,1,170.778016
7.85,4,170.790253
7.75,6,170.808126
6.9,7,170.82874
8.0,1,170.831964
-2.05,2,170.837982
3.75,2,170.844179
5.9,3,170.853338
7.8,5,170.86874
6.9,7,170.890324
6.0,1,170.893278
7.9,3,170.90231
5.9,3,170.911338
7.7,3,170.920732
6.4,13,170.961288
7.55,6,170.979672
-2.0,1,170.982919
7.85,4,170.994804
7.9,3,171.003611
7.65,4,171.015165
7.95,2,171.020965
7.85,4,171.032878
7.9,3,171.042053
7.85,4,171.053853
7.75,2,171.059583
4.0,1,171.062689
5.95,2,171.06858
-2.0,1,171.071501
7.95,2,171.077311
7.2,9,171.103941
7.95,2,171.10953
7.9,3,171.118425
7.75,2,171.124428
4.0,1,171.127276
8.0,1,171.130637
7.6,5,171.145348
4.0,1,171.148402
5.9,3,171.157073
6.85,8,171.180482
7.4,9,171.206464
5.95,2,171.212409
5.95,2,171.218181
7.75,2,171.22395
7.55,6,171.241179
8.0,1,171.244174
7.95,2,171.250117
-2.0,1,171.252909
8.0,1,171.256102
7.95,2,171.262266
3.75,2,171.268014
7.9,3,171.276607
-2.0,1,171.279562
-2.05,2,171.285448
7.95,2,171.291452
7.95,2,171.297355
7.85,4,171.309458
8.0,1,171.312423
5.95,2,171.318563
7.4,5,171.333121
7.85,4,171.345053
-2.05,2,171.350961
7.85,4,171.362853
7.95,2,171.368953
3.75,2,171.374879
7.8,5,171.389847
7.8,5,171.404179
7.9,3,171.412615
7.9,3,171.421101
7.15,6,171.437792
8.0,1,171.440823
7.75,2,171.446629
7.85,4,171.457761
-2.0,1,171.460593
-2.0,1,171.463328
8.0,1,171.466315
7.95,2,171.471799
7.85,4,171.48295
7.85,4,171.494161
7.95,2,171.499515
-2.0,1,171.5022
7.9,3,171.510468
-2.0,1,171.513087
7.9,3,171.522058
8.0,1,171.524717
7.85,4,171.535574
7.95,2,171.54113
7.7,3,171.549397
-2.1,3,171.557744
-2.0,1,171.560464
7.95,2,171.565881
7.75,6,171.582795
7.9,3,171.591409
5.95,2,171.597325
7.9,3,171.606043
7.05,8,171.628143
-2.0,1,171.630787
-2.0,1,171.633503
7.8,5,171.647076
5.9,3,171.655123
6.5,11,171.684989
7.95,2,171.690484
-2.0,1,171.693076
7.7,3,171.701688
7.9,3,171.709718
7.85,4,171.720726
8.0,1,171.723321
4.0,1,171.726233
7.9,3,171.734339
-2.0,1,171.736998
7.45,4,171.74816
-2.0,1,171.750673
-2.0,1,171.753494
6.85,8,171.776038
-2.1,3,171.784365
-2.0,1,171.787041
4.0,1,171.789608
5.5,15,171.83012
7.85,4,171.840863
-2.0,1,171.843547
-2.0,1,171.846333
4.0,1,171.849166
7.55,6,171.865476
7.9,3,171.873418
7.95,2,171.878774
4.0,1,171.881575
7.1,7,171.901078
7.85,4,171.912373
8.0,1,171.915283
6.0,1,171.918174
-2.0,1,171.920818
7.5,7,171.94097
7.85,4,171.952577
-2.0,1,171.955484
7.85,4,171.966884
7.55,6,171.984003
7.8,5,171.998141
7.7,7,172.018918
7.85,4,172.030769
7.65,4,172.042583
7.9,3,172.051568
7.9,3,172.060246
4.0,1,172.0632
7.95,2,172.068909
7.9,3,172.077587
-2.1,3,172.086386
-2.0,1,172.089219
7.8,5,172.103622
7.75,2,172.109567
6.85,8,195.067796
4.0,1,195.070733
7.95,2,195.076506
4.2,25,195.147576
7.9,3,195.156025
-8.25,50,195.296289
-8.45,50,195.43555
-2.45,6,195.45287
5.95,2,195.458762
7.85,4,195.470254
-8.05,50,195.612525
-10.65,50,195.757442
-10.65,50,195.902108
7.75,2,195.908005
-11.25,50,196.063
7.35,6,196.081842
-8.05,50,196.237733
-8.65,50,196.387539
7.85,4,196.399049
-7.25,50,196.540983
-2.25,6,220.381993
9.5,7,220.406792
8.0,13,220.45249
6.0,1,220.455983
9.8,5,220.473244
9.65,4,220.487463
9.65,8,220.514557
4.0,1,220.517724
9.0,13,220.559246
4.0,1,220.562396
-2.0,1,220.565486
9.95,2,220.57208
9.7,7,220.594264
8.75,10,220.62662
6.0,1,220.629869
8.5,15,220.678984
-2.0,1,220.682197
9.3,7,220.705691
5.9,3,220.715868
8.45,16,220.767957
9.85,4,220.781096
6.0,1,220.784328
9.45,8,220.81049
9.85,4,220.82349
-2.1,3,220.83312
-2.0,1,220.836562
6.45,28,220.929737
7.5,7,220.952774
-2.1,3,220.962993
9.95,2,220.969446
9.95,2,220.975986
9.75,6,220.995386
10.0,1,220.998811
3.75,2,221.00536
8.55,14,221.050994
-2.1,3,221.060692
9.4,9,221.09029
6.0,1,221.093605
4.0,1,221.096936
9.85,4,221.110043
9.35,6,221.129762
9.7,7,221.152822
-2.0,1,221.156065
9.65,4,221.169348
5.9,3,221.179323
9.25,12,221.218804
5.95,2,221.225349
9.15,10,221.259079
9.7,7,221.281851
5.95,2,221.288345
9.45,8,221.314339
-2.0,1,221.317454
9.95,2,221.324043
6.2,29,221.418437
-2.0,1,221.421626
9.9,3,221.43143
9.45,4,221.44465
5.95,2,221.451525
5.7,3,221.461481
9.95,2,221.468439
9.05,8,221.495708
9.55,10,221.528919
9.45,8,221.555367
-2.0,1,221.558658
9.3,7,221.581639
-3.55,12,221.620927
-2.05,2,221.627554
-2.0,1,221.630876
9.55,10,221.662799
10.0,1,221.666012
9.7,7,221.68751
4.0,1,221.690579
9.75,6,221.70919
9.45,8,221.733966
9.2,9,221.761657
7.85,4,221.773789
9.25,8,221.798332
-2.0,1,221.801372
4.0,1,221.804428
9.3,7,221.82605
9.35,6,221.844314
7.95,2,221.850343
-3.9,19,221.907231
9.8,5,221.92236
5.95,2,221.928392
9.4,9,221.957625
9.45,8,221.984019
9.55,6,222.003467
9.9,3,222.013621
4.0,1,222.016888
9.55,6,244.268394
9.8,5,244.282213
9.95,2,244.287736
10.0,1,244.29074
9.85,4,244.301945
9.45,8,244.324267
7.85,4,244.335332
9.9,3,244.343573
-5.35,16,244.387361
9.95,2,244.393043
7.7,3,244.401455
8.7,11,244.432045
9.75,6,244.44873
9.4,9,244.473811
8.45,16,244.517983
9.8,5,244.5322
9.3,7,244.552518
-2.85,6,244.570319
3.75,38,244.683335
9.35,10,244.712679
9.7,7,244.733672
8.5,11,244.76601
4.0,1,244.768953
9.7,7,244.789984
4.0,1,244.793017
9.75,6,244.811004
9.8,5,244.826071
8.8,17,244.876416
9.9,3,244.885216
9.45,8,244.909009
9.75,6,244.926808
8.95,10,244.957223
5.9,3,244.966272
8.0,1,244.9693
9.75,6,244.987002
6.0,1,244.990063
9.75,6,245.008369
10.0,1,245.011423
9.65,8,245.035238
9.85,4,245.047234
8.5,15,245.092648
-2.1,3,245.101276
7.9,3,245.110333
9.75,2,245.116548
7.8,5,245.131799
9.6,9,245.158145
-2.1,3,245.166977
9.8,5,245.181754
9.75,6,245.199819
9.7,7,245.220443
9.9,3,245.229384
9.75,6,245.247075
-2.05,2,245.252973
-2.0,1,245.255985
7.9,3,245.264744
10.0,1,245.267774
5.9,3,245.276685
8.0,1,245.279624
-3.4,17,245.330055
-2.05,2,245.335911
9.6,9,245.362502
6.0,1,245.36541
-2.7,7,245.386297
-2.0,1,245.389246
9.5,7,245.409981
-2.2,5,245.424775
9.9,3,245.433666
9.7,7,245.454136
9.9,3,245.463225
7.95,2,245.469225
9.95,2,245.475092
9.95,2,245.481425
9.75,6,245.500228
9.95,2,245.506714
9.7,7,245.528691
-2.0,1,245.531928
-2.05,2,245.5383
9.45,8,245.563635
9.5,11,245.598525
4.0,1,245.601797
5.95,2,245.608021
9.8,5,245.623488
8.0,21,245.689615
9.75,6,245.708049
-2.05,2,245.714458
8.6,9,245.742881
-2.0,1,245.746031
9.3,11,245.781054
9.85,4,268.390711
9.65,8,268.412584
8.4,13,268.447914
7.55,14,268.48739
9.35,6,268.504367
9.75,6,268.521308
5.95,2,268.526821
9.45,8,268.549876
9.75,6,268.567374
-2.05,2,268.574531
9.6,9,268.604765
-2.05,2,268.610255
9.8,5,268.624623
9.9,3,268.633147
10.0,1,268.635975
8.75,14,268.677446
4.0,1,268.680226
9.3,7,268.700255
-2.2,5,268.714826
-2.05,2,268.72053
9.6,5,268.734451
9.9,3,268.742872
8.8,13,268.779737
9.75,6,268.796557
-2.0,1,268.799344
5.95,2,268.804943
9.85,4,268.81604
9.85,4,268.82732
9.2,13,268.864114
-2.0,1,268.867025
9.65,8,268.889729
9.8,5,268.904072
4.0,1,268.906897
5.95,2,268.912443
10.0,1,268.915213
9.95,2,268.920889
9.9,3,268.929797
6.0,1,268.932842
5.95,2,268.93846
9.6,9,268.964549
7.85,4,268.976156
9.85,4,268.987672
9.35,10,269.016862
9.2,9,269.042682
-2.35,4,269.054156
9.9,3,269.062504
-2.25,6,269.079338
9.75,6,269.09621
6.0,1,269.099074
9.9,3,269.107579
7.9,3,269.115913
9.85,4,269.127158
7.8,5,269.141441
-2.05,2,269.147164
7.95,2,269.152878
4.0,1,269.155615
9.75,6,269.172728
9.45,8,269.197262
9.65,8,269.221247
9.8,5,269.236223
9.7,7,269.257245
9.8,5,269.272513
8.0,1,269.275589
9.85,4,269.287531
6.0,1,269.290513
9.6,9,269.317632
9.8,5,269.332582
5.95,2,269.338672
9.45,8,269.36269
8.75,14,269.404375
-2.05,2,269.410158
9.9,3,269.419163
5.9,3,269.428103
6.0,1,269.431204
9.7,7,269.452593
5.95,2,269.458497
4.0,1,269.461531
8.9,11,269.49487
9.75,6,269.512882
9.7,7,269.533992
8.0,1,269.537132
8.3,19,269.594838
9.95,2,269.600896
-2.0,1,269.603975
9.75,6,269.623044
9.85,4,269.635271
9.8,5,269.651107
8.8,13,269.691195
9.65,8,269.715156
7.95,2,269.721278
-2.0,1,269.724415
9.9,3,269.733603
9.9,3,269.742719
9.2,9,269.770045
8.55,14,269.812348
9.7,7,269.833388
9.15,10,269.864071
9.75,6,269.882003
8.95,10,293.390692
-2.0,1,293.393669
9.5,7,293.413395
7.9,3,293.422168
9.75,6,293.439573
9.8,5,293.453953
7.75,6,293.471283
9.45,8,293.495309
9.85,4,293.507021
9.6,9,293.533193
4.0,1,293.536231
9.85,4,293.548405
9.8,5,293.563058
9.75,6,293.580548
9.75,6,293.598798
8.7,15,293.643366
9.45,8,293.666397
7.5,19,293.720639
7.8,5,293.734985
-11.716667,72,293.934931
-11.55,56,294.089307
-13.316667,72,294.287135
-3.6,13,294.322655
-2.0,1,294.325314
-10.316667,72,294.532177
-4.4,21,294.600546
-12.716667,72,294.935503
9.85,16,318.32586
5.9,3,318.334265
10.05,20,318.38968
-2.0,1,318.392478
6.0,1,318.395255
10.05,24,318.461153
11.75,6,318.477762
11.1,7,318.496645
11.05,16,318.540637
11.75,6,318.55743
11.0,13,318.592693
9.9,19,318.645097
10.3,19,318.696601
6.0,1,318.699254
10.65,12,318.73244
11.75,6,318.749036
-2.05,2,318.754367
-2.0,1,318.757289
6.0,1,318.760057
-2.15,4,318.770725
11.0,13,318.805881
11.95,2,318.811253
10.45,20,318.865079
7.9,3,318.873039
11.55,10,318.901223
11.25,8,318.924182
11.4,9,318.950559
11.1,7,318.971421
-2.55,8,318.995284
9.65,20,319.054672
10.9,15,319.097901
4.0,1,319.10066
10.5,19,319.155415
11.65,8,319.178341
9.1,23,319.244438
-2.05,2,319.250112
11.7,7,319.27067
11.95,2,319.276396
-6.4,37,319.382633
11.9,3,319.39139
4.0,1,319.394387
11.75,6,319.41246
9.55,6,319.430089
11.8,5,319.445051
9.2,21,319.50839
11.9,3,319.51738
7.9,3,319.526375
11.7,7,319.547012
-3.5,19,319.603416
5.95,2,319.609295
-2.45,10,319.638913
-2.0,1,319.641947
11.9,3,319.651211
9.65,4,319.663593
9.55,22,319.729606
10.35,14,342.481606
11.85,4,342.495264
11.4,9,342.525987
10.75,14,342.573798
-2.1,3,342.584076
9.65,16,342.636397
-2.0,1,342.639724
9.85,4,342.652918
11.25,12,342.690811
10.9,11,342.726626
11.0,13,342.769062
11.25,8,342.794549
10.4,17,342.848833
-10.916667,72,343.076842
11.75,6,343.09473
-2.05,2,343.100539
11.25,8,343.124616
11.7,7,343.145183
11.85,4,343.15729
9.7,19,343.21439
5.95,2,343.220384
11.3,7,343.241349
9.6,21,343.305267
11.05,16,343.354033
11.3,7,343.375866
11.9,3,343.385273
11.5,7,343.406767
11.2,9,343.434445
-2.0,1,343.437491
-2.7,11,343.471592
11.2,13,343.511543
6.0,1,343.514554
10.8,13,343.555512
9.35,10,343.586931
7.85,36,343.701754
11.55,10,343.733867
11.85,4,343.746544
11.1,15,343.794114
11.9,3,343.80367
-2.0,1,343.806734
11.6,9,343.835355
-2.65,6,343.854569
11.65,8,343.880399
-2.0,1,343.883555
-2.0,1,343.887007
4.0,1,343.890713
11.45,8,343.917414
11.6,9,343.947792
11.55,10,343.987864
7.9,3,343.997874
11.65,4,344.010634
11.65,8,344.036517
6.0,1,344.039774
11.9,3,344.049418
-2.0,1,344.052521
11.3,11,344.087474
-2.0,1,344.090692
11.65,8,367.007074
10.85,12,367.04416
11.25,12,367.082585
11.6,9,367.111263
11.3,11,367.145865
11.25,12,367.184709
-2.25,6,367.205195
9.8,17,367.258698
11.45,12,367.296731
11.8,5,367.312562
11.25,12,367.35159
10.15,18,367.426329
7.85,4,367.444878
5.95,2,367.453706
11.85,4,367.471272
11.7,7,367.503276
9.75,6,367.529537
11.75,6,367.554635
11.65,8,367.588997
4.0,1,367.593003
11.5,11,367.636839
10.7,15,367.700094
11.65,8,367.732297
12.0,1,367.736495
6.0,1,367.740744
9.9,3,367.75294
9.75,22,367.838683
4.0,1,367.842582
11.65,8,367.872056
11.25,12,367.916262
5.95,2,367.923364
11.85,4,367.937392
4.0,1,367.940898
9.75,6,367.961884
11.8,5,367.979137
11.65,8,368.007122
-2.0,1,368.010511
11.2,13,368.058044
7.9,3,368.070762
11.8,5,368.091639
11.5,11,368.127405
11.75,6,368.147088
11.6,5,368.163566
11.7,7,368.186798
4.0,1,368.190105
11.85,4,368.204183
10.8,13,368.250317
9.75,6,368.272326
-2.65,10,368.310704
-2.3,7,368.336725
11.85,4,368.351313
9.95,2,368.358596
11.8,5,368.376585
-2.2,5,368.394773
11.4,9,368.427123
7.95,2,368.433846
11.75,6,368.454722
11.45,8,368.481797
11.8,5,368.498989
11.7,7,368.52311
10.75,14,368.569419
11.15,10,368.602396
-2.1,3,368.611815
-2.1,3,368.62133
11.3,11,368.657585
11.8,5,368.673603
-2.3,7,368.696584
9.0,9,368.72627
-2.0,1,368.729432
9.3,11,368.765054
11.15,10,368.796863
11.9,3,368.80641
11.8,5,368.822201
-2.0,1,391.011973
7.9,3,391.02122
11.85,4,391.033138
11.15,14,391.076357
10.65,12,391.113655
11.1,15,391.159727
11.55,10,391.190224
11.75,6,391.208927
7.8,5,391.224685
11.4,13,391.26472
11.95,2,391.270886
11.5,11,391.305152
8.0,1,391.308149
11.25,8,391.332736
-2.0,1,391.335876
9.8,5,391.35147
11.7,7,391.373557
11.6,9,391.402803
11.65,8,391.428278
11.7,7,391.450696
10.85,12,391.488098
11.25,8,391.513278
11.1,11,391.547653
-2.15,4,391.560167
-2.0,1,391.563262
11.5,11,391.597458
9.75,6,391.615675
9.3,11,391.649514
11.65,8,391.673844
11.3,11,391.708611
11.35,10,391.739069
11.75,6,391.757215
-2.0,1,391.76035
9.15,22,391.827423
11.85,4,391.839693
11.75,6,391.85762
9.9,3,391.866879
11.6,9,391.894355
4.0,1,391.89726
10.7,15,391.944053
5.95,2,391.950149
11.45,12,391.986475
5.9,3,391.995812
11.6,9,392.025294
9.75,6,392.04486
11.5,11,392.080947
-2.9,11,392.117028
-2.15,4,392.129871
11.85,4,392.144587
-2.4,9,392.174288
11.8,5,392.192162
11.0,9,392.227535
11.6,9,392.259737
9.85,4,392.273202
-14.15,68,392.491074
11.75,6,392.51089
9.7,7,392.533776
9.9,39,414.924406
9.9,3,414.933208
12.4,17,414.983506
11.2,29,415.068045
12.35,18,415.120265
13.3,11,415.151758
11.7,7,415.171932
-4.55,24,415.240821
-2.2,5,415.254388
10.8,29,415.337809
12.6,17,415.386278
13.55,10,415.41482
-2.0,1,415.417613
7.8,5,415.431841
13.05,16,415.477674
11.0,29,415.561368
11.55,26,415.637353
13.55,10,415.666965
-2.05,2,415.672803
13.55,10,415.701561
-0.05,86,415.949307
11.55,26,416.023497
13.6,9,416.049415
-3.4,13,416.086985
7.75,54,416.239099
13.65,8,416.261974
12.5,19,416.314967
7.5,59,439.57501
-2.0,1,439.578114
13.75,6,439.597245
13.0,13,439.638656
11.0,9,439.668004
9.45,44,439.80483
-3.8,17,439.855287
12.55,22,439.924176
10.5,31,440.023353
-11.192857,98,440.334623
13.6,9,440.361223
-2.45,6,440.37908
6.4,73,440.599267
13.35,14,440.641128
9.1,51,440.792332
13.1,15,440.836768
11.9,27,440.916665
12.1,19,440.972496
13.2,13,441.013204
7.8,5,441.029487
12.1,23,463.932749
12.3,19,463.988532
13.35,14,464.029251
13.35,10,464.058197
8.55,42,464.183352
13.9,3,464.192104
13.7,7,464.212802
-2.0,1,464.215781
11.8,25,464.289829
9.4,5,464.304945
13.3,15,464.351134
12.8,17,464.403659
-2.0,1,464.406672
6.0,1,464.409761
13.25,16,464.459186
12.4,17,464.511854
13.5,11,464.545542
7.9,3,464.554806
10.6,29,464.644709
7.9,3,464.654089
10.0,33,464.757211
12.95,18,464.812391
-2.0,1,464.815424
13.6,9,464.843276
13.0,17,464.89682
12.85,16,464.944949
13.75,6,464.962142
13.45,12,464.996896
13.45,12,465.031379
11.3,27,465.10909
13.35,14,465.149464
12.55,22,465.214457
7.9,3,465.22302
9.65,8,465.246652
12.7,19,465.304833
13.3,15,465.352907
-2.75,12,465.390151
-2.0,1,465.393306
5.95,2,465.399552
11.45,8,488.316169
-2.25,6,488.334208
13.2,13,488.372157
-2.15,4,488.384296
13.5,11,488.417752
9.9,3,488.426783
13.55,10,488.456828
12.95,14,488.496687
6.0,1,488.499507
13.0,17,488.547128
5.95,2,488.552754
11.9,23,488.620636
-2.2,5,488.63558
13.9,3,488.6446
9.7,7,488.665663
12.9,15,488.710247
13.25,16,488.757342
10.6,29,488.841853
11.25,24,488.912542
13.25,12,488.948534
-2.9,7,488.969651
13.05,16,489.017491
12.8,17,489.068375
13.35,14,489.111611
9.75,6,489.130182
10.25,28,489.21657
-2.35,8,489.241207
13.7,7,489.262958
13.75,6,489.28137
13.35,6,489.299824
13.05,16,489.349514
4.0,1,489.352576
13.35,10,489.382634
13.3,15,489.428922
11.75,6,489.446841
12.95,18,489.500591
7.9,3,489.509631
12.9,11,489.542173
13.55,10,489.572096
12.9,19,489.631001
4.0,1,489.633959
12.95,10,489.663969
13.5,11,489.696805
-2.0,1,489.699861
12.95,18,489.753102
13.5,11,489.785653
13.0,13,489.825742
6.0,1,489.828823
13.7,7,512.442638
13.0,13,512.479261
5.75,2,512.484882
13.75,6,512.502348
13.45,12,512.537764
13.7,7,512.558928
13.1,11,512.591764
13.25,12,512.629069
12.5,19,512.691839
7.9,3,512.701295
13.4,13,512.743582
12.7,19,512.804241
13.3,11,512.839763
12.2,17,512.893761
-2.3,7,512.915869
13.0,17,512.968727
13.7,7,512.990802
11.7,7,513.012805
12.35,22,513.082646
12.9,15,513.130534
13.45,12,513.168449
13.9,3,513.177958
13.35,10,513.20928
13.8,5,513.225119
12.95,14,513.270607
13.7,7,513.293737
13.25,8,513.320103
7.85,4,513.333141
4.0,1,513.336337
13.35,14,513.380349
13.8,5,513.395613
9.7,7,513.416568
13.85,4,513.428308
-2.0,1,513.431276
13.4,13,513.469499
13.2,17,513.521909
8.0,1,513.525218
7.9,3,513.534837
13.5,11,513.570563
12.85,16,513.62051
11.75,18,513.678239
11.65,8,513.701319
-15.8,113,537.588998
7.9,3,537.598529
9.9,3,537.608011
-2.45,10,537.637553
5.9,3,537.64732
11.6,45,537.781469
-7.45,46,537.934944
14.8,21,538.003336
8.6,73,538.240497
14.0,25,538.322261
11.4,45,538.468772
-2.9,11,538.504958
-5.05,34,538.618945
14.4,25,538.697082
-8.7,59,538.886864
-6.45,42,539.021097
14.95,18,539.079752
-2.65,6,539.099015
12.8,29,539.192173
13.6,9,561.905617
14.3,23,561.968446
14.75,18,562.01792
15.0,13,562.056069
15.5,11,562.088391
13.3,31,562.179619
14.75,18,562.231207
-2.0,1,562.233976
-2.2,5,562.248082
14.95,14,562.287734
15.65,8,562.310377
-2.0,1,562.313188
4.0,1,562.316147
-2.15,4,562.327643
14.0,25,562.399114
-2.0,1,562.401876
14.85,24,562.469557
13.0,29,562.552204
11.75,6,562.569365
8.05,76,562.793714
-2.2,5,562.808969
14.3,27,562.891888
13.0,17,562.943787
12.6,41,563.074828
15.45,12,563.114112
-2.0,1,563.117315
13.95,30,563.212028
10.95,62,563.395411
13.65,28,586.509135
14.4,25,586.575842
15.5,11,586.606657
15.5,11,586.637944
11.8,5,586.651907
-2.4,9,586.677274
14.15,26,586.748455
11.3,43,586.876612
11.75,6,586.894555
5.95,2,586.900195
15.2,13,586.93843
-5.8,41,587.062751
14.9,15,587.10878
-2.0,1,587.111871
13.2,29,587.200304
6.0,1,587.203339
14.5,15,587.249251
15.05,16,587.298105
10.4,41,587.423992
11.9,3,587.433154
13.25,12,587.470632
12.1,35,587.577209
-2.1,3,587.586316
15.15,14,587.628753
14.55,22,587.695551
14.45,20,587.756234
14.3,27,587.838544
15.05,20,587.897476
-2.0,1,587.900272
-2.0,1,587.903117
12.2,37,611.055693
13.5,7,611.076937
15.15,18,611.130577
11.65,8,611.153967
9.8,5,611.168371
11.85,4,611.180082
-2.65,10,611.207968
15.2,17,611.255784
5.9,3,611.264395
-2.45,10,611.292776
14.2,21,611.351282
14.6,21,611.409877
7.95,2,611.415661
14.1,23,611.480844
14.75,22,611.542052
-2.05,2,611.54751
14.7,19,611.600291
13.75,6,611.616869
14.0,21,611.677041
13.3,31,611.767788
15.0,17,611.817579
12.75,34,611.915415
-2.0,1,611.918281
13.25,32,612.011162
11.85,40,612.134594
14.1,19,612.193882
14.9,23,612.263917
10.3,47,612.399968
-2.4,9,612.425884
15.6,9,612.451922
5.95,2,612.457493
14.95,18,635.066543
15.0,21,635.130911
11.7,7,635.152189
-2.25,6,635.170349
14.3,19,635.227994
15.3,11,635.261944
15.05,16,635.311208
12.7,31,635.406376
-2.7,11,635.440553
15.2,17,635.490986
15.3,15,635.536915
14.75,18,635.592111
9.7,7,635.614004
15.45,12,635.652505
14.7,19,635.712576
13.95,26,635.794963
15.25,12,635.831867
9.85,4,635.843892
14.8,21,635.907882
13.55,34,636.015996
14.0,17,636.07132
15.0,17,636.132889
15.35,14,636.18412
13.8,25,636.267964
14.85,16,636.320548
11.95,2,636.327194
15.3,15,636.375962
12.95,34,636.493363
15.0,21,636.562521
15.0,13,636.604667
13.95,26,636.688829
6.0,1,659.995074
-2.0,1,659.998304
15.2,17,660.050514
5.95,2,660.056754
15.4,9,660.084817
15.2,13,660.124954
12.15,26,660.206429
9.95,2,660.212587
14.25,20,660.274134
12.0,37,660.391394
11.95,2,660.397554
14.85,24,660.471581
7.85,4,660.484088
14.5,23,660.555079
-2.15,4,660.567201
4.0,1,660.570142
9.8,5,660.585576
14.35,22,660.65207
13.55,10,660.681251
-2.25,6,660.699638
12.5,31,660.794702
-2.0,1,660.79767
11.95,2,660.80376
3.75,2,660.809821
11.65,8,660.834179
15.4,13,660.87375
15.45,12,660.910201
14.1,27,660.992047
15.5,11,661.026921
14.75,26,661.110053
15.3,15,661.158856
11.6,9,661.188228
13.9,23,661.263471
13.6,33,661.371262
-2.0,1,661.374587
15.4,13,661.417955
12.85,28,661.509802
15.2,17,661.567024
14.4,13,684.621546
-3.1,19,684.677074
7.9,3,684.685923
9.55,66,684.878265
15.0,21,684.944396
5.95,2,684.950708
15.25,16,684.99843
14.95,18,685.055054
15.2,17,685.108306
15.25,16,685.15757
15.1,19,685.216136
12.35,42,685.349281
11.7,7,685.371189
7.75,6,685.389804
8.0,1,685.393002
15.4,13,685.433284
13.8,25,685.511378
15.7,7,685.53298
15.3,15,685.57932
14.4,21,685.643916
15.0,17,685.695954
6.95,74,685.924068
15.45,12,685.962555
-2.3,7,685.984968
15.2,17,686.038718
15.35,14,686.082914
15.65,8,686.108282
11.5,11,686.142781
15.35,14,686.185604
15.5,11,709.319217
4.0,1,709.322173
14.15,26,709.399566
12.35,34,709.501446
14.8,21,709.566751
15.35,14,709.609015
-21.961111,162,710.133312
-21.961111,162,710.601357
16.15,26,710.68145
11.45,64,733.420955
14.45,36,733.532062
15.65,32,733.634414
14.1,43,733.772073
11.65,8,733.797221
14.4,41,733.931007
5.95,2,733.937367
4.0,1,733.940415
13.5,55,734.112288
7.85,4,734.124032
-2.0,1,734.126812
11.55,66,734.323711
15.4,13,734.362942
7.95,2,734.369048
15.4,13,734.407287
8.55,94,734.691478
14.3,43,734.827765
-2.4,9,734.855997
12.6,77,758.184768
9.7,7,758.202546
16.25,28,758.27441
16.5,23,758.334441
16.95,18,758.380543
17.15,18,758.427654
17.15,18,758.473624
17.5,11,758.501807
-4.4,33,758.587463
15.85,28,758.659214
16.85,24,758.724917
13.6,49,758.860059
15.25,32,758.947093
-2.0,1,758.949891
15.8,29,759.028682
17.1,19,759.08104
17.0,17,759.128497
15.8,29,759.208004
-2.85,18,759.257466
16.25,24,759.324416
16.25,28,759.401785
9.9,3,759.410183
-2.25,6,782.194052
15.6,9,782.221098
9.15,86,782.473387
17.5,11,782.504289
15.7,27,782.58077
16.85,24,782.649656
15.4,29,782.733068
15.7,35,782.830979
6.0,1,782.833804
15.75,22,782.896403
5.9,3,782.904891
14.25,48,783.075956
16.1,27,783.177616
17.0,21,783.249246
14.6,41,783.385513
7.95,2,783.391868
-3.2,21,783.459775
-5.75,40,783.579153
6.0,1,783.58201
-6.95,52,783.73024
11.5,11,806.355169
14.05,48,806.551029
14.25,40,806.713949
15.85,32,806.842018
-2.0,1,806.845672
17.2,17,806.907844
15.9,23,806.99393
16.8,21,807.073094
16.1,27,807.172497
-2.85,18,807.237937
15.85,32,807.356465
17.2,17,807.418833
14.9,19,807.488408
8.4,81,807.790587
5.95,2,807.798012
15.35,34,807.924278
5.95,2,807.931715
16.1,27,808.033781
14.1,43,808.195404
17.25,16,808.254539
13.9,43,831.244259
13.3,47,831.370189
-2.8,17,831.413774
16.7,23,831.475416
12.35,58,831.631281
16.45,24,831.695653
13.85,52,831.845008
15.65,28,831.924385
17.05,20,831.981849
16.55,26,832.057988
16.15,26,832.133081
17.2,17,832.181487
13.95,50,832.332167
13.05,16,832.380279
11.85,4,832.392404
14.05,40,832.51359
16.5,19,832.571301
16.25,24,855.432765
11.75,6,855.45011
-2.35,8,855.473325
-2.6,13,855.510411
15.85,36,855.613457
-2.5,11,855.646526
-2.3,7,855.667592
13.4,13,855.707532
-2.65,14,855.750196
17.35,14,855.792003
16.5,23,855.862067
-2.05,2,855.868302
15.1,19,855.929974
14.8,41,856.063464
-2.2,5,856.079854
-2.55,12,856.118924
17.15,18,856.17771
16.75,22,856.249892
4.0,1,856.253135
15.85,32,856.357002
16.55,26,856.44235
5.9,3,856.452271
16.85,20,856.513563
16.8,21,856.577629
11.15,62,856.772677
15.2,29,856.868302
14.55,42,880.416252
15.4,29,880.5067
15.25,12,880.544096
16.65,28,880.631421
16.55,18,880.688303
15.8,29,880.779373
12.15,58,880.971212
-2.0,1,880.97427
16.8,21,881.040468
11.7,7,881.062063
17.55,10,881.093489
15.8,37,881.219666
15.4,37,881.335007
16.55,22,881.403266
15.4,29,881.498815
5.95,2,881.505585
15.15,30,881.609352
15.35,42,881.748621
14.1,47,881.905038
16.9,19,881.967707
9.6,9,881.998189
16.3,27,905.001374
5.95,2,905.007034
17.05,20,905.064477
16.9,19,905.118556
16.85,24,905.186935
17.15,18,905.240115
16.5,23,905.315049
17.1,19,905.372097
10.2,69,905.580445
16.55,22,905.645793
17.15,18,905.699805
17.1,19,905.756788
16.8,21,905.81931
15.8,33,905.918403
11.85,4,905.930453
17.15,14,905.972261
16.15,22,906.038202
17.35,10,906.068122
14.55,38,906.182745
4.0,1,906.18572
16.5,27,906.267205
9.75,6,906.285846
-2.85,14,906.328614
17.35,14,906.372191
15.0,33,906.474417
16.85,24,930.261178
7.9,3,930.270094
17.3,15,930.314553
-2.5,11,930.347111
16.05,28,930.430742
16.45,24,930.500643
12.15,54,930.66212
16.6,21,930.725528
15.95,30,930.814998
12.25,56,930.984398
17.2,17,931.035541
16.7,15,931.080546
15.45,32,931.176668
13.65,8,931.200443
16.95,22,931.265259
17.45,12,931.300567
16.1,27,931.379881
16.95,18,931.432713
16.9,23,931.50024
-2.0,1,931.50297
16.9,19,931.558052
15.45,32,931.65175
9.95,2,931.657481
17.15,18,931.711899
15.3,39,954.990818
17.4,13,955.036146
9.75,6,955.056444
6.0,1,955.059902
16.65,28,955.16083
9.75,6,955.182645
13.6,9,955.21459
8.0,1,955.217796
9.75,6,955.237838
16.15,26,955.321737
9.85,4,955.334517
16.6,25,955.414928
16.75,18,955.473558
16.25,28,955.564417
-5.75,52,955.731473
17.45,12,955.769958
16.45,24,955.846588
16.3,19,955.908355
11.6,9,955.937715
15.65,40,956.067505
16.55,30,956.163856
-2.55,12,956.203284
17.2,17,956.258113
7.85,4,956.271055
-3.15,12,956.309741
17.15,18,956.367559
15.25,28,956.457524
-2.2,5,956.473669
14.85,40,980.488904
17.0,17,980.542847
16.95,22,980.613142
16.9,23,980.6876
16.8,25,980.767217
16.65,28,980.853693
15.45,40,980.973902
16.75,22,981.041778
16.7,23,981.11489
13.55,10,981.146797
17.6,9,981.17493
15.65,32,981.274765
17.4,13,981.31518
16.5,27,981.400462
16.95,18,981.458543
17.05,20,981.521539
16.65,24,981.596493
16.75,22,981.664958
17.3,15,981.710865
-2.0,1,981.713949
7.95,2,981.720117
16.5,23,981.791664
16.55,26,981.871656
16.25,24,981.944765
16.5,27,982.027653
16.85,20,1004.664134
16.0,29,1004.757442
17.6,9,1004.784519
16.9,23,1004.851065
15.05,12,1004.886441
16.95,22,1004.956279
16.6,21,1005.026411
17.15,18,1005.086527
16.8,21,1005.156519
17.65,8,1005.183152
4.0,1,1005.186561
11.75,6,1005.2073
7.9,3,1005.217659
16.8,21,1005.290041
17.5,11,1005.327799
14.9,27,1005.416183
7.9,3,1005.426035
-2.4,9,1005.455928
15.35,14,1005.503512
15.65,8,1005.531058
16.7,19,1005.591842
17.2,17,1005.648496
17.3,15,1005.699945
16.75,22,1005.772232
17.5,11,1005.806064
16.05,24,1005.880512
17.25,16,1005.932302
17.4,13,1005.975604
16.55,26,1006.062106
-2.0,1,1006.065359
14.35,30,1006.164086
16.9,23,1006.239985
16.45,24,1006.319188
17.3,15,1029.195764
17.0,21,1029.261697
17.8,5,1029.277266
16.35,26,1029.358763
7.85,4,1029.371288
5.95,2,1029.377535
17.0,17,1029.430804
9.25,8,1029.455636
17.4,13,1029.49683
9.85,4,1029.509245
16.6,25,1029.588253
16.9,19,1029.648434
16.4,25,1029.727207
17.3,15,1029.774641
-3.25,22,1029.844127
11.8,5,1029.860072
-2.85,18,1029.918608
17.2,13,1029.95911
16.7,27,1030.049124
16.15,22,1030.122263
11.85,4,1030.134601
8.35,90,1030.414631
11.6,9,1030.442579
15.85,28,1030.52952
-3.35,28,1030.616802
-23.05,200,1054.245405
-27.25,200,1054.836354
11.85,4,1054.851758
0.5,139,1077.865267
16.65,40,1077.972826
15.2,61,1078.134718
16.25,36,1078.230167
18.3,27,1078.306603
-8.05,62,1078.480077
13.45,44,1078.603476
16.55,46,1078.730135
11.75,6,1078.74639
-4.2,33,1078.838322
15.45,52,1078.983599
7.95,2,1078.989249
9.7,7,1079.009294
17.0,37,1079.113786
17.8,33,1079.205953
16.1,51,1102.095648
17.4,33,1102.191009
14.8,57,1102.354983
-2.85,18,1102.40759
18.0,29,1102.491278
17.7,35,1102.592697
14.8,57,1102.757657
-4.7,187,1103.299053
5.95,2,1103.304936
17.9,35,1103.405331
14.95,58,1127.226794
18.5,27,1127.29377
15.85,56,1127.434313
18.5,19,1127.482676
17.3,35,1127.573372
19.25,16,1127.615446
-2.05,2,1127.620469
-2.0,1,1127.622986
16.35,46,1127.740735
18.55,26,1127.806675
-3.85,30,1127.883222
19.25,16,1127.92411
-2.0,1,1127.926581
11.1,79,1128.127131
11.5,11,1128.154927
18.4,25,1128.218236
3.2,165,1151.653654
16.1,43,1151.787496
17.3,39,1151.908367
14.2,61,1152.097404
18.0,29,1152.188859
15.7,7,1152.210772
17.8,33,1152.314327
4.0,1,1152.317429
16.55,38,1152.435227
16.05,40,1152.552007
11.9,71,1152.763574
17.4,41,1152.890587
18.45,32,1175.196409
14.7,55,1175.342655
15.45,52,1175.490868
9.85,4,1175.503234
13.4,77,1175.719667
6.35,126,1176.076852
18.75,22,1176.140986
17.3,39,1176.25894
17.45,32,1176.354983
18.75,26,1176.433219
17.8,29,1176.524348
18.7,23,1176.605949
18.15,34,1198.925252
-2.0,1,1198.928019
18.8,25,1198.997787
15.25,48,1199.131751
4.15,138,1199.515126
9.9,3,1199.523637
18.45,28,1199.601779
9.85,4,1199.613032
17.4,33,1199.70504
17.7,31,1199.791934
9.75,6,1199.808721
7.8,5,1199.822801
-2.95,20,1199.879061
-2.25,6,1199.896001
16.6,41,1200.011111
18.25,28,1200.090432
16.45,48,1200.226374
17.2,37,1222.826616
10.0,1,1222.82928
15.3,15,1222.869039
7.95,2,1222.874547
18.2,29,1222.951408
17.8,33,1223.039612
18.7,23,1223.100831
18.2,29,1223.179773
16.85,44,1223.297674
16.95,42,1223.40985
9.95,2,1223.415256
17.7,35,1223.508548
-2.0,1,1223.511201
17.2,17,1223.556993
17.75,30,1223.642262
16.45,48,1223.777678
4.0,1,1223.780421
18.8,25,1223.850157
19.05,20,1223.906981
8.0,1,1223.909811
18.1,35,1224.00901
15.4,49,1224.150181
17.0,33,1246.852348
19.3,11,1246.879758
17.5,35,1246.970362
19.05,20,1247.025666
14.15,66,1247.209256
9.7,7,1247.228698
16.85,40,1247.345853
17.55,30,1247.434534
-2.25,6,1247.452379
17.8,33,1247.549996
15.6,53,1247.706689
-2.4,9,1247.733174
-2.75,16,1247.780341
17.8,33,1247.877737
17.7,35,1247.980535
15.5,47,1248.11942
14.05,56,1248.285347
17.2,33,1269.983751
7.95,2,1269.989698
18.65,24,1270.065103
13.65,8,1270.090426
16.95,38,1270.210697
17.85,36,1270.329392
18.7,27,1270.417108
18.2,33,1270.521773
18.6,25,1270.601245
19.15,18,1270.6585
9.85,4,1270.6714
17.75,38,1270.794265
18.4,33,1270.898427
18.4,21,1270.965024
17.4,37,1271.081851
19.2,17,1271.135617
11.8,5,1271.15134
9.65,8,1271.176594
19.1,19,1271.236416
9.7,7,1271.258382
18.25,32,1271.35993
16.7,43,1271.494814
18.7,23,1293.463307
18.4,29,1293.55016
17.6,37,1293.663493
-5.0,25,1293.742167
19.3,11,1293.777407
-2.6,13,1293.818804
18.15,34,1293.927661
9.8,5,1293.943806
19.15,18,1294.001421
18.9,23,1294.077926
15.45,56,1294.26365
18.95,18,1294.324554
11.8,5,1294.340553
7.95,2,1294.347062
19.25,16,1294.398521
17.65,24,1294.475602
18.4,29,1294.572221
17.65,36,1294.698444
9.65,8,1294.729315
19.35,14,1294.781064
11.5,11,1294.821867
10.75,78,1295.078669
7.9,3,1295.088105
13.9,3,1295.097582
19.1,19,1316.85853
17.35,38,1316.964855
15.0,49,1317.103106
18.8,25,1317.177926
18.65,24,1317.249719
19.3,15,1317.29443
17.15,42,1317.418799
18.0,33,1317.516289
14.9,55,1317.67958
18.85,24,1317.751331
7.95,2,1317.757215
4.0,1,1317.760206
7.9,3,1317.769249
18.65,28,1317.852518
11.75,6,1317.870373
-2.6,13,1317.908748
15.7,43,1318.036129
17.95,30,1318.124733
18.45,28,1318.207462
16.95,38,1340.322439
18.7,23,1340.387598
19.15,18,1340.440625
15.65,52,1340.594375
19.1,19,1340.651631
17.35,14,1340.694182
-2.45,10,1340.724425
13.75,6,1340.742317
18.65,28,1340.824813
18.6,29,1340.910445
-2.7,15,1340.954555
11.6,9,1340.98033
-3.6,21,1341.0461
19.1,15,1341.093382
-2.45,6,1341.112249
18.6,29,1341.203374
18.5,27,1341.288158
18.5,31,1341.385846
11.6,9,1341.414336
13.25,60,1341.600432
13.6,9,1341.627338
19.0,21,1341.689756
15.75,46,1341.823182
-2.7,11,1341.855368
16.4,49,1364.482057
17.4,25,1364.561991
17.25,44,1364.702965
16.85,36,1364.8182
18.6,25,1364.89834
18.1,31,1364.996572
18.85,24,1365.069797
9.85,4,1365.08129
18.65,28,1365.16515
17.95,34,1365.267001
17.65,36,1365.374871
14.45,48,1365.5193
13.6,9,1365.545892
19.2,17,1365.597013
17.9,27,1365.678718
18.65,28,1365.763168
18.65,24,1365.835043
18.9,19,1365.892023
18.4,29,1388.566167
17.05,40,1388.685018
8.0,1,1388.687995
18.85,20,1388.745688
19.45,12,1388.779526
17.55,34,1388.880011
18.5,27,1388.959407
19.2,17,1389.009251
17.9,35,1389.111662
18.75,22,1389.176054
-4.75,36,1389.281671
18.4,33,1389.378121
13.45,12,1389.413186
18.6,25,1389.48653
17.25,16,1389.533465
16.6,45,1389.665918
17.25,40,1389.782522
16.95,38,1389.893664
16.45,44,1412.163698
18.1,31,1412.258667
17.35,38,1412.371927
19.25,16,1412.419947
18.7,23,1412.488726
15.1,19,1412.54509
7.75,6,1412.56307
13.8,5,1412.577956
17.3,39,1412.688329
18.9,23,1412.752014
18.95,22,1412.81258
18.15,26,1412.884695
18.85,24,1412.952738
18.85,20,1413.011157
11.6,85,1413.262638
19.55,10,1413.29226
13.55,10,1413.321835
19.35,14,1413.363374
-2.0,1,1413.366279
13.55,10,1413.395725
18.45,20,1413.454482
18.75,26,1413.532453
16.6,37,1413.636783
18.2,29,1435.898658
13.9,3,1435.907012
16.45,44,1436.029215
13.65,8,1436.051339
-2.55,12,1436.086151
17.9,27,1436.166072
7.85,4,1436.17811
6.2,117,1436.522394
17.9,31,1436.613129
16.45,48,1436.763058
4.0,1,1436.766457
18.65,24,1436.847237
18.6,25,1436.932024
18.75,22,1437.006534
19.05,20,1437.072649
18.45,28,1437.160551
19.05,16,1437.210626
4.0,1,1437.213753
19.2,17,1437.266986
18.35,34,1437.373593
18.3,27,1459.674175
13.8,5,1459.686908
19.05,16,1459.727445
-2.15,4,1459.737715
18.7,23,1459.798356
19.15,18,1459.847662
19.25,16,1459.896424
18.85,24,1459.975226
15.8,45,1460.124242
16.8,21,1460.192538
8.0,1,1460.195821
9.65,8,1460.221853
9.7,7,1460.244659
18.45,32,1460.350354
17.7,35,1460.465985
17.55,34,1460.575865
19.05,20,1460.640615
5.9,3,1460.6504
18.05,36,1460.770803
18.35,30,1460.875612
16.85,28,1460.972845
18.15,30,1461.07735
7.8,5,1461.094864
-2.0,1,1461.098309
17.15,18,1461.161125
18.9,19,1461.227426
17.3,35,1483.314411
17.95,38,1483.43118
18.15,30,1483.522642
18.95,18,1483.578369
19.2,17,1483.630816
19.25,16,1483.681927
19.25,16,1483.73278
16.7,47,1483.879277
18.9,19,1483.937816
18.75,26,1484.017573
13.65,8,1484.041944
18.5,27,1484.126718
16.05,48,1484.282323
-2.25,6,1484.302145
17.45,32,1484.407186
18.7,23,1484.482656
17.3,35,1484.597478
19.15,14,1484.643332
-2.2,5,1484.659878
4.0,1,1484.663198
16.15,38,1484.787365
14.0,57,1507.25361
17.95,42,1507.36893
15.1,19,1507.421675
19.2,17,1507.468373
16.75,42,1507.583974
18.25,28,1507.666934
9.6,9,1507.693379
18.15,30,1507.781178
14.0,53,1507.939066
19.45,12,1507.974312
18.8,17,1508.024851
-2.0,1,1508.027755
-2.15,4,1508.039381
19.0,21,1508.101251
19.1,19,1508.158017
7.9,3,1508.166791
15.25,44,1508.295618
4.9,155,1531.180921
19.55,38,1531.288311
20.25,24,1531.355605
19.05,40,1531.467997
15.8,73,1531.674935
10.5,91,1531.931255
18.0,45,1532.058071
20.0,33,1532.150727
-2.8,17,1532.198401
7.8,5,1532.212399
3.5,119,1554.901687
17.85,56,1555.045316
14.05,84,1555.273326
18.4,45,1555.396927
-11.8,81,1555.615385
18.5,39,1555.721431
19.2,49,1555.858924
19.45,40,1555.965191
19.8,29,1556.040469
7.25,140,1578.715251
20.05,24,1578.782089
19.0,37,1578.884336
7.75,6,1578.900915
14.95,22,1578.960875
12.4,77,1579.170996
18.8,33,1579.261275
-2.75,8,1579.283051
7.75,6,1579.299434
16.65,48,1579.430633
17.45,60,1579.595112
-2.6,13,1579.633216
19.35,34,1579.733409
13.65,8,1579.75694
13.9,83,1602.565181
17.45,48,1602.734843
20.85,24,1602.81
20.4,33,1602.917381
-3.15,20,1602.983116
13.55,10,1603.015872
20.55,26,1603.100741
9.75,6,1603.120474
-2.05,2,1603.127074
20.05,28,1603.218674
16.35,62,1603.421233
16.6,53,1603.594371
13.5,11,1603.630454
20.0,37,1603.752799
-2.0,1,1603.756204
19.15,18,1603.816395
20.45,28,1603.908138
15.15,70,1604.136969
19.2,49,1626.55202
19.15,38,1626.653927
17.55,50,1626.791357
20.65,28,1626.868081
18.9,43,1626.988533
20.6,29,1627.072227
19.6,45,1627.191183
20.5,27,1627.265666
18.05,52,1627.410595
19.2,45,1627.537037
20.45,28,1627.633435
17.15,18,1627.683274
11.85,4,1627.694362
17.4,65,1627.875654
18.75,42,1650.592357
20.45,32,1650.67898
19.9,35,1650.773575
20.05,32,1650.860995
20.6,25,1650.927592
19.65,36,1651.022209
-2.0,1,1651.02486
20.5,31,1651.110787
14.0,89,1651.355554
6.0,1,1651.358431
-2.45,10,1651.389838
18.4,25,1651.463005
19.85,36,1651.567523
11.75,6,1651.586001
-2.0,1,1651.589005
20.25,24,1651.660077
15.05,68,1651.856377
-2.8,17,1651.9052
13.55,10,1674.074106
-3.1,23,1674.136489
19.9,35,1674.234672
17.95,46,1674.358066
19.65,40,1674.468403
17.85,56,1674.62938
18.6,25,1674.700837
-2.0,1,1674.703701
9.95,2,1674.709422
19.3,43,1674.833325
13.75,78,1675.053472
19.55,42,1675.170061
16.9,47,1675.294812
15.35,50,1675.428751
13.05,96,1697.814277
-2.0,1,1697.816942
7.85,4,1697.827849
-5.35,52,1697.971227
20.75,22,1698.032872
7.85,4,1698.044108
20.25,28,1698.123424
19.35,42,1698.241058
14.8,53,1698.387189
4.0,1,1698.39001
20.05,40,1698.5003
5.9,3,1698.508549
13.55,86,1698.746813
17.05,20,1698.802141
19.9,35,1698.898911
-2.6,13,1698.934944
8.0,1,1698.937893
18.55,22,1699.000119
19.7,39,1721.285456
20.5,23,1721.345792
9.8,5,1721.358911
20.15,30,1721.43801
19.4,41,1721.548307
8.0,1,1721.551112
-2.65,14,1721.589979
19.3,39,1721.697942
20.35,34,1721.791818
17.3,51,1721.933018
19.85,40,1722.045471
19.85,36,1722.14464
15.65,60,1722.310389
18.4,45,1722.437417
20.5,23,1722.500819
7.8,5,1722.514692
4.0,1,1722.517431
20.35,26,1722.588875
20.35,30,1745.067051
20.55,30,1745.159282
20.05,36,1745.269557
20.1,31,1745.364183
15.15,66,1745.56372
18.9,51,1745.719383
-2.95,16,1745.76765
19.05,44,1745.893372
13.1,19,1745.947487
20.9,23,1746.012837
19.75,30,1746.098096
18.8,53,1746.248795
20.8,25,1746.32401
-2.05,2,1746.330235
16.85,52,1746.489164
20.7,27,1768.002249
20.65,28,1768.093765
7.8,5,1768.110149
20.1,39,1768.238772
19.4,49,1768.395097
20.55,26,1768.474069
20.1,31,1768.571542
7.85,4,1768.583636
18.3,55,1768.751504
9.9,3,1768.760693
21.45,12,1768.797069
18.65,52,1768.964907
9.7,7,1768.987674
16.7,75,1769.230163
11.85,4,1769.243108
19.15,18,1769.301314
20.45,28,1769.391904
19.6,33,1769.498839
7.75,6,1769.518298
19.8,33,1791.303963
4.0,1,1791.306998
16.4,69,1791.513484
20.3,27,1791.596122
21.45,12,1791.631911
18.6,25,1791.708216
18.75,46,1791.845152
19.65,28,1791.92787
14.85,84,1792.186269
13.35,14,1792.230402
16.5,67,1792.443022
-2.0,1,1792.446157
20.15,38,1792.564361
17.35,54,1792.725345
-2.95,20,1792.785539
20.3,31,1815.16181
18.95,38,1815.276977
-3.4,25,1815.357467
-0.3,159,1815.874856
21.15,18,1815.933238
17.95,54,1816.10843
19.75,42,1816.244553
1.15,178,1839.169563
20.8,45,1839.305806
18.05,80,1839.558542
-39.233333,288,1840.508865
-3.9,23,1840.583813
4.0,1,1840.587127
13.95,106,1863.470023
20.2,61,1863.608963
4.0,1,1863.611274
15.4,13,1863.640498
-3.6,29,1863.707047
20.05,56,1863.845969
20.9,23,1863.903728
20.7,55,1864.042974
18.95,66,1864.212682
20.1,51,1864.349875
18.4,65,1864.532951
21.85,32,1886.575332
21.55,34,1886.663765
22.65,28,1886.737634
14.45,96,1886.990004
9.8,5,1887.003089
20.45,40,1887.107348
11.4,137,1887.47674
15.75,26,1887.54731
16.6,69,1887.736048
21.4,41,1887.850619
21.8,45,1910.183434
7.95,2,1910.189475
22.05,36,1910.30128
0.45,208,1910.926433
21.55,50,1911.071634
22.7,27,1911.152676
18.2,73,1911.366404
19.15,74,1911.572288
-2.85,18,1911.622207
-2.9,19,1933.637342
4.0,1,1933.639969
16.8,77,1933.842603
15.5,87,1934.070271
10.7,143,1934.451169
8.0,1,1934.453951
22.05,32,1934.542679
21.8,29,1934.622577
21.2,49,1934.757554
14.7,99,1956.961116
13.65,8,1956.984923
19.45,60,1957.162122
10.75,146,1957.590173
6.0,1,1957.593198
20.3,55,1957.754833
19.1,63,1957.940865
22.3,27,1958.021234
9.75,98,1958.30083
20.1,55,1980.929905
-3.35,28,1980.991131
9.6,9,1981.010929
22.9,19,1981.052731
22.5,27,1981.111965
20.6,41,1981.206845
11.45,12,1981.234611
-7.8,61,1981.385416
-39.233333,288,1982.205163
13.6,9,2004.638534
22.4,33,2004.745023
20.15,62,2004.946113
21.3,47,2005.09912
14.95,82,2005.369188
7.8,5,2005.38635
21.45,40,2005.521441
-3.55,28,2005.614225
22.2,33,2005.716685
7.9,3,2005.724273
15.15,18,2005.766975
21.1,39,2005.853752
21.45,40,2005.964713
18.7,27,2006.045917
22.8,25,2006.120991
14.65,72,2028.433657
-12.85,78,2028.628937
4.0,1,2028.631491
21.45,32,2028.711265
23.1,19,2028.758595
21.35,42,2028.866936
19.95,38,2028.966431
19.05,76,2029.166531
6.0,1,2029.169187
20.85,52,2029.30812
20.65,44,2029.427981
21.95,34,2029.522582
21.3,39,2029.631379
21.15,42,2051.602661
-3.95,36,2051.692589
22.15,38,2051.787576
22.45,32,2051.867315
19.0,57,2052.017201
20.45,56,2052.165104
17.45,68,2052.345897
-5.7,275,2075.769972
19.05,68,2075.936206
20.8,49,2076.0594
-2.6,13,2076.091617
20.35,58,2076.232578
13.35,14,2076.26671
20.05,52,2076.393266
22.3,35,2076.475133
22.65,24,2076.533927
15.45,12,2076.563303
21.05,52,2076.690431
22.45,28,2076.758355
22.55,30,2098.831433
21.45,44,2098.96104
22.65,28,2099.038548
11.65,8,2099.060435
21.8,41,2099.174266
0.2,205,2099.734381
22.05,36,2099.833241
22.25,36,2099.931879
20.25,44,2100.054385
14.1,107,2121.931822
22.3,31,2122.014152
22.4,33,2122.101893
21.45,36,2122.197396
21.5,39,2122.301285
-14.95,256,2122.989868
22.35,30,2123.07443
21.1,47,2123.211217
21.5,39,2145.639169
22.7,27,2145.709438
17.65,72,2145.8937
21.7,47,2146.017089
19.85,48,2146.149344
18.85,56,2146.303724
14.05,92,2146.577006
10.25,116,2146.92593
21.95,38,2170.276745
19.7,55,2170.432728
21.85,32,2170.523166
20.65,24,2170.590774
21.6,45,2170.718
-3.45,26,2170.791366
20.65,44,2170.915956
17.7,79,2171.140031
21.6,45,2171.267564
22.1,35,2171.367401
22.4,29,2171.449682
21.7,35,2171.553084
-8.85,66,2192.811859
21.6,37,2192.909202
20.3,59,2193.062635
8.0,1,2193.065226
9.75,6,2193.081161
19.5,63,2193.258649
18.55,30,2193.342637
20.8,53,2193.49111
20.2,57,2193.653191
19.2,17,2193.701834
21.25,44,2193.827691
21.6,45,2193.958181
21.85,44,2194.09028
21.85,40,2216.434286
20.7,55,2216.599612
22.4,33,2216.699177
-3.75,36,2216.807483
21.75,38,2216.920306
18.4,77,2217.149291
22.55,30,2217.238347
19.95,58,2217.41974
11.8,5,2217.43525
22.6,25,2217.515239
-2.25,6,2217.534249
13.6,9,2217.563312
-2.35,8,2217.588597
22.95,22,2217.656856
-2.1,3,2217.666546
21.95,34,2217.772536
21.85,44,2217.912116
6.0,1,2217.915401
20.15,58,2240.355212
11.65,8,2240.376851
18.6,61,2240.547037
21.25,48,2240.6836
20.3,51,2240.830919
-2.75,16,2240.875962
11.75,6,2240.89283
19.95,50,2241.032759
20.05,48,2241.167205
22.4,33,2241.259999
13.25,16,2241.305168
-2.95,20,2241.361399
21.35,42,2241.479583
17.05,16,2241.524812
22.25,32,2241.615484
-2.55,12,2241.649984
16.8,69,2264.360096
4.0,1,2264.362954
22.25,32,2264.452155
21.2,41,2264.566463
20.9,43,2264.686538
21.65,36,2264.786283
-3.3,23,2264.854181
20.65,52,2265.006669
22.1,39,2265.122213
21.55,42,2265.246288
20.25,44,2265.376608
16.55,82,2265.619837
-6.25,62,2288.884954
-2.0,1,2288.887344
22.0,37,2288.976199
22.2,33,2289.055034
19.2,61,2289.198258
20.9,43,2289.302646
22.35,30,2289.375478
-3.85,22,2289.427338
21.6,41,2289.52549
17.7,79,2289.724018
21.7,39,2289.821573
-2.0,1,2289.824048
21.65,44,2289.933906
21.9,39,2290.030788
11.45,104,2312.366519
22.2,29,2312.453042
19.35,54,2312.615424
22.45,24,2312.686829
17.55,66,2312.881079
21.85,40,2312.998444
20.1,59,2313.173056
11.55,10,2313.202323
-3.25,22,2313.267333
22.85,24,2313.338291
6.0,1,2313.341206
21.4,49,2313.486348
21.65,44,2335.422092
22.6,29,2335.509081
20.95,42,2335.634302
4.0,1,2335.637249
22.65,28,2335.721717
13.15,102,2336.021354
11.95,2,2336.027249
20.95,42,2336.154985
21.4,49,2336.310036
20.2,49,2336.464489
20.5,55,2336.630549
22.5,31,2336.723155
9.85,4,2336.735112
-2.85,18,2336.78876
22.25,32,2336.883833
21.2,45,2358.408564
15.1,15,2358.450293
15.35,14,2358.488735
17.0,81,2358.725211
17.2,17,2358.776128
22.3,35,2358.881383
22.55,26,2358.959794
17.2,17,2359.011043
21.7,43,2359.140366
7.8,5,2359.155356
17.1,19,2359.214255
20.65,48,2359.36526
20.0,49,2359.516874
18.25,72,2359.740119
-3.1,23,2359.811908
23.1,19,2382.020676
17.7,71,2382.220544
21.15,46,2382.352258
20.95,46,2382.487857
17.45,12,2382.521815
21.9,43,2382.641025
7.95,2,2382.646663
15.75,30,2382.731349
20.05,56,2382.888352
7.95,2,2382.894222
20.25,44,2383.024766
18.6,65,2383.22922
13.55,10,2383.26123
16.65,76,2383.503199
-2.0,1,2383.506387
20.8,45,2406.167021
9.9,3,2406.176954
20.0,57,2406.366568
21.9,39,2406.494448
22.1,39,2406.621903
22.35,30,2406.720387
21.65,44,2406.865351
21.65,32,2406.970613
-3.5,27,2407.059112
21.0,41,2407.193928
20.9,43,2407.336263
5.95,2,2407.343018
4.0,1,2407.346349
15.5,11,2407.382532
21.8,41,2407.516874
23.1,19,2407.577704
17.4,69,2429.556636
22.45,32,2429.65239
22.7,27,2429.732806
22.15,38,2429.845919
21.7,39,2429.961986
21.75,38,2430.075814
-2.35,8,2430.102179
17.05,20,2430.161747
5.9,3,2430.17025
21.8,41,2430.28906
17.75,66,2430.495868
-2.0,1,2430.499128
21.65,44,2430.638962
22.15,38,2430.759757
-3.15,16,2430.81092
23.4,13,2430.852283
19.1,59,2431.031228
22.25,32,2453.058928
20.35,46,2453.204284
21.55,34,2453.307379
20.85,56,2453.483992
9.85,4,2453.496029
5.95,2,2453.501959
20.55,46,2453.638805
-2.95,20,2453.698067
22.25,36,2453.805765
21.95,34,2453.916236
21.7,43,2454.045786
22.8,25,2454.120059
22.1,35,2454.224697
23.2,17,2454.275227
22.55,30,2454.365299
4.0,1,2454.368295
22.7,23,2454.436795
15.95,90,2476.82072
21.65,40,2476.942858
21.35,50,2477.095387
21.1,47,2477.237483
22.5,31,2477.331011
9.75,6,2477.349395
7.9,3,2477.358297
19.0,53,2477.530874
17.4,73,2477.767267
22.35,34,2477.874673
15.65,8,2477.900711
18.75,26,2477.985308
21.05,40,2478.105834
19.45,68,2499.986028
21.6,41,2500.100778
-2.1,3,2500.109127
12.6,113,2500.424579
22.45,28,2500.502107
21.7,47,2500.640494
22.4,25,2500.714631
-2.25,6,2500.73225
19.8,57,2500.900764
21.15,42,2501.024797
15.35,14,2501.066768
21.85,44,2501.196607
7.95,2,2501.202493
-2.2,5,2501.21722
22.2,33,2501.314634
20.05,48,2523.599778
7.85,4,2523.611806
-3.05,22,2523.678654
21.35,46,2523.821648
6.0,1,2523.824762
20.95,34,2523.931055
21.15,50,2524.083353
17.0,77,2524.309415
19.15,54,2524.473023
20.4,49,2524.620836
21.0,45,2524.760617
21.35,46,2524.902382
17.3,15,2524.948418
-42.926923,338,2548.065077
-3.6,217,2570.964771
17.9,95,2571.369176
20.85,64,2571.569993
-34.9,327,2572.490195
3.45,188,2595.002819
22.9,51,2595.126729
-3.7,35,2595.211873
22.85,56,2595.354326
22.2,57,2595.501804
11.95,2,2595.506994
21.9,55,2595.649
19.5,83,2617.835648
18.45,72,2618.034976
21.3,59,2618.1966
4.0,1,2618.199331
21.95,54,2618.346771
23.35,46,2618.472997
-2.0,1,2618.475831
24.4,33,2618.567752
22.8,57,2618.755379
13.5,11,2618.788044
20.5,67,2618.984935
-2.95,20,2619.043796
23.8,33,2619.140943
20.65,56,2641.64046
22.95,50,2641.777882
22.85,44,2641.90537
23.95,42,2642.028389
21.9,55,2642.189613
24.9,23,2642.257107
21.0,69,2642.45957
5.95,2,2642.465389
-2.9,19,2642.520908
23.8,45,2642.652863
22.45,60,2642.821314
22.3,55,2642.972356
18.3,91,2665.45893
-2.85,18,2665.507046
23.25,44,2665.622485
20.1,79,2665.846212
23.05,52,2665.983802
24.15,38,2666.084951
11.75,6,2666.099931
13.45,12,2666.130372
19.95,82,2666.339948
20.6,57,2666.490468
21.85,56,2666.640299
-3.9,15,2666.683558
22.9,51,2688.977053
24.2,37,2689.089699
20.45,64,2689.29177
21.55,66,2689.494332
23.15,50,2689.647189
22.8,53,2689.807935
21.65,40,2689.929256
-12.05,74,2690.153098
22.2,61,2690.342685
5.95,2,2690.349239
23.85,36,2712.495593
23.8,41,2712.603614
22.7,59,2712.756034
18.05,92,2712.998726
16.5,107,2713.291294
17.3,79,2713.507376
23.05,52,2713.646845
17.15,18,2713.696343
16.9,99,2736.908396
21.15,62,2737.099225
-33.726923,338,2738.097245
17.15,114,2760.007588
9.9,3,2760.015941
22.9,47,2760.146692
20.05,32,2760.23544
9.8,5,2760.249372
19.7,71,2760.447026
20.85,60,2760.605563
22.25,60,2760.760458
20.1,71,2760.941992
24.2,29,2761.017188
13.75,6,2761.033854
23.55,42,2761.150419
17.5,99,2782.987227
24.35,30,2783.076118
-19.5,259,2783.849684
11.05,148,2784.286953
20.3,59,2807.677905
23.3,43,2807.801463
5.95,2,2807.80717
-2.45,10,2807.835798
21.25,68,2808.034112
23.4,41,2808.157133
5.95,2,2808.16338
-3.4,17,2808.216376
11.75,6,2808.233531
20.6,65,2808.419544
22.7,47,2808.553176
20.45,32,2808.646348
23.6,45,2808.781252
22.85,48,2808.921014
22.45,52,2831.183256
24.3,35,2831.275359
23.0,45,2831.39508
9.75,6,2831.411166
19.7,87,2831.655139
17.3,119,2832.001767
24.05,40,2832.121706
8.65,156,2832.588669
2.5,195,2855.571139
23.1,55,2855.714585
23.9,39,2855.817059
24.0,37,2855.920345
21.0,69,2856.144532
11.6,9,2856.173558
19.35,70,2856.382736
-3.05,22,2856.448776
22.85,52,2878.741101
10.85,152,2879.178172
24.5,31,2879.267427
23.2,53,2879.422423
7.8,5,2879.437073
5.95,2,2879.443102
22.05,56,2879.601504
-2.95,16,2879.643047
18.6,29,2879.718721
13.85,4,2879.729134
23.35,50,2879.85936
10.0,1,2879.861966
19.1,87,2902.317192
17.4,13,2902.353576
-2.0,1,2902.356251
20.2,61,2902.52197
9.7,7,2902.541075
23.75,46,2902.668705
-7.15,52,2902.814201
22.8,49,2902.959471
20.15,74,2903.173117
11.55,10,2903.203791
23.55,46,2903.342431
23.25,40,2903.456893
16.3,95,2903.729182
7.9,3,2903.737822
22.8,57,2926.018151
22.85,52,2926.150693
4.0,1,2926.153245
4.0,1,2926.155854
22.55,50,2926.28418
16.45,80,2926.499872
23.1,47,2926.629877
19.7,71,2926.827035
22.9,55,2926.982254
21.0,73,2927.182827
-3.9,35,2949.07812
21.5,67,2949.262606
23.2,53,2949.406801
18.85,24,2949.472264
21.9,51,2949.615205
22.2,65,2949.793423
19.55,82,2950.019497
18.7,87,2950.259287
21.8,69,2950.448477
22.65,48,2973.488761
11.5,11,2973.516846
-3.2,17,2973.559047
11.65,8,2973.578665
20.9,79,2973.781523
25.3,15,2973.820244
19.9,75,2974.019558
4.0,1,2974.022133
7.95,2,2974.027371
24.35,30,2974.10281
-2.5,11,2974.129853
23.35,42,2974.2342
24.6,29,2974.305987
21.15,62,2974.458531
24.05,36,2974.547185
21.3,59,2974.701453
9.75,6,2997.107269
-2.35,8,2997.131107
21.8,53,2997.282495
-18.1,151,2997.713193
-3.4,25,2997.784295
-2.0,1,2997.787199
13.15,94,2998.055086
16.7,119,2998.395741
22.05,60,3020.697901
23.5,43,3020.821918
20.5,31,3020.909242
23.6,37,3021.015946
17.35,14,3021.056307
11.65,8,3021.078856
23.75,46,3021.213002
23.75,42,3021.328302
-3.1,19,3021.378987
21.35,58,3021.540786
21.45,56,3021.69687
-2.0,1,3021.699624
23.4,45,3021.82588
25.0,21,3021.885036
21.65,56,3022.041096
22.95,54,3043.774373
6.0,1,3043.776952
7.95,2,3043.782262
23.2,49,3043.909805
12.7,131,3044.284842
23.05,52,3044.429939
22.6,49,3044.569232
22.65,56,3044.732373
9.85,4,3044.744733
11.75,6,3044.763693
15.45,12,3044.800262
-3.15,24,3044.873507
-3.0,21,3044.937503
24.25,36,3045.048627
24.2,37,3045.161277
18.6,73,3067.569736
22.95,54,3067.73495
-3.25,26,3067.812909
8.0,1,3067.816051
20.0,77,3068.053926
21.9,63,3068.24626
19.7,79,3068.488213
18.4,101,3068.801257
15.15,126,3091.733275
23.0,49,3091.864447
23.0,45,3091.984973
19.65,64,3092.156236
24.2,33,3092.244509
19.8,73,3092.441665
9.9,3,3092.449741
23.6,41,3092.558535
22.1,51,3092.69284
9.75,6,3092.708091
24.2,37,3092.810208
23.05,44,3115.277662
-2.0,1,3115.280505
16.5,111,3115.601206
11.7,7,3115.621621
21.7,67,3115.830531
-3.05,22,3115.900123
6.3,187,3116.471024
-2.9,15,3116.519176
23.75,42,3116.649843
23.65,44,3116.785929
7.9,3,3138.914999
-2.35,8,3138.939699
25.0,21,3139.008781
22.55,54,3139.173358
23.5,43,3139.296728
9.95,2,3139.302485
23.0,53,3139.46019
24.1,39,3139.576985
7.85,4,3139.589056
-2.65,14,3139.63096
21.4,69,3139.850331
21.45,72,3140.067538
23.7,35,3140.172283
23.85,40,3140.29195
-4.55,36,3140.401244
24.0,33,3162.312092
11.65,8,3162.337089
20.65,76,3162.585708
23.0,53,3162.755572
22.7,55,3162.926544
-48.926923,338,3186.486964
22.95,50,3186.627389
9.8,5,3186.641446
19.0,21,3186.700929
22.8,57,3186.862024
15.3,15,3186.904396
23.7,43,3187.026944
24.45,32,3187.123372
4.0,1,3187.126433
20.2,29,3187.208488
22.9,55,3187.363327
23.1,47,3187.488883
20.85,68,3187.667372
13.4,13,3187.702024
23.55,42,3187.814707
22.4,61,3210.221742
17.85,88,3210.507521
-2.65,14,3210.551
22.9,55,3210.721421
19.15,82,3210.973394
21.7,59,3211.154329
22.0,61,3211.342068
23.75,38,3211.466677
6.0,1,3211.469918
23.7,47,3211.624361
23.7,47,3234.094788
20.65,68,3234.300169
11.55,10,3234.329622
24.5,31,3234.420247
23.9,39,3234.533572
7.9,3,3234.542131
23.85,36,3234.646209
23.0,45,3234.772762
21.4,65,3234.955247
23.25,48,3235.090225
22.25,56,3235.248924
22.1,47,3235.378902
23.1,43,3257.840441
9.95,2,3257.845526
21.8,61,3258.00548
21.95,46,3258.128564
-3.25,22,3258.187647
20.6,81,3258.41003
23.2,57,3258.571483
23.45,44,3258.696546
22.8,45,3258.824908
23.2,49,3258.964818
23.35,50,3259.107956
-9.0,65,3280.898297
22.9,39,3281.015947
-30.1,159,3281.494195
22.1,59,3281.673983
14.55,114,3282.089856
20.6,77,3282.341635
20.4,61,3304.969824
23.0,45,3305.126055
23.45,44,3305.266008
17.4,13,3305.308973
19.6,65,3305.511989
23.55,42,3305.644916
7.35,162,3306.154886
23.3,55,3306.330917
21.8,61,3306.528214
-2.0,1,3306.531302
-12.05,326,3329.400172
24.15,38,3329.507617
22.75,46,3329.637346
21.6,41,3329.753499
24.3,35,3329.852426
23.7,47,3351.48843
22.0,53,3351.642861
18.95,22,3351.707824
24.6,29,3351.795211
11.7,7,3351.816546
23.3,47,3351.957237
11.85,4,3351.969287
23.8,45,3352.10484
21.3,67,3352.306936
23.65,36,3352.415405
23.45,52,3352.571974
23.1,39,3352.69111
23.7,47,3352.838393
-2.3,7,3352.861248
22.15,54,3375.108232
23.95,42,3375.235509
23.5,47,3375.376946
22.5,59,3375.553728
24.1,35,3375.665071
5.95,2,3375.6716
22.6,61,3375.856684
24.2,37,3375.968355
21.95,54,3376.133752
23.05,60,3376.321473
22.8,53,3376.481686
21.85,68,3398.500309
15.1,19,3398.550685
22.5,51,3398.690412
5.9,3,3398.698795
16.25,20,3398.758132
24.65,28,3398.841811
9.9,3,3398.850951
20.2,81,3399.095324
12.45,96,3399.382013
11.7,7,3399.402903
22.15,54,3399.56271
17.3,95,3399.846597
23.0,53,3422.621364
6.0,1,3422.624067
21.2,57,3422.780196
17.25,36,3422.881375
13.45,12,3422.915184
23.6,49,3423.052992
9.65,8,3423.07542
-3.3,27,3423.151377
22.6,49,3423.28897
22.55,54,3423.441906
20.55,70,3423.639511
23.7,43,3423.761066
23.7,43,3423.881853
23.45,44,3446.098412
23.35,50,3446.242114
22.1,51,3446.391601
11.5,11,3446.423763
20.85,64,3446.609362
22.65,52,3446.763522
4.0,1,3446.766666
23.7,47,3446.936063
-2.0,1,3446.939178
22.9,59,3447.121319
9.9,3,3447.130617
13.5,11,3447.164557
17.3,83,3447.420244
20.6,29,3447.509732
22.8,45,3447.647705
24.05,32,3470.147885
11.65,8,3470.171941
22.8,49,3470.319692
23.3,51,3470.473651
22.6,49,3470.618998
-3.35,24,3470.686402
24.05,40,3470.799303
15.75,122,3471.168302
7.95,2,3471.174273
14.5,111,3471.511192
24.15,38,3493.637622
23.45,40,3493.758114
22.8,53,3493.917491
4.0,1,3493.920606
11.9,3,3493.92975
16.65,112,3494.270835
15.15,18,3494.325442
24.45,32,3494.422104
18.75,70,3494.633013
-4.4,41,3494.756818
22.55,50,3494.907288
19.45,68,3495.113418
19.1,19,3517.67651
23.1,43,3517.801821
22.4,61,3517.988977
23.95,38,3518.098704
22.95,46,3518.232448
19.1,19,3518.286161
-2.0,1,3518.289033
23.9,43,3518.411061
23.15,46,3518.542666
22.15,58,3518.71856
23.75,46,3518.858892
6.0,1,3518.861932
14.9,79,3519.104228
23.15,46,3541.590156
23.25,44,3541.74751
23.6,37,3541.879897
23.45,40,3542.022117
21.55,58,3542.228349
-10.2,293,3564.842603
21.4,85,3565.108267
19.95,94,3565.406848
22.2,37,3565.524218
11.6,9,3565.553428
21.2,73,3565.789343
5.6,245,3588.900926
18.35,118,3589.229932
24.25,60,3589.388515
-3.45,30,3589.468294
13.9,3,3589.476417
20.35,98,3589.747513
9.95,2,3589.753312
-2.25,6,3589.770651
13.6,9,3589.796352
24.45,64,3589.971117
15.95,34,3590.064389
17.85,104,3612.664371
24.45,52,3612.794483
-2.25,6,3612.809344
25.3,51,3612.942234
25.1,51,3613.072303
18.2,33,3613.155521
17.05,20,3613.207946
19.15,18,3613.254998
11.65,8,3613.276083
23.0,73,3613.477187
25.3,47,3613.608031
21.0,77,3613.823043
11.55,46,3635.877289
24.0,65,3636.053
5.9,3,3636.061629
-4.25,42,3636.181726
15.7,7,3636.20167
19.9,95,3636.479869
13.25,144,3636.878995
24.9,55,3637.048
23.85,60,3637.219936
23.35,70,3659.675304
24.15,70,3659.88278
25.0,45,3660.011674
23.55,74,3660.23518
16.2,141,3660.637461
24.0,61,3660.810962
-4.35,44,3660.937194
17.2,105,3682.979731
9.8,5,3682.992902
23.35,62,3683.156277
16.15,126,3683.502978
22.2,69,3683.693025
25.15,46,3683.820439
24.55,58,3683.979701
19.8,113,3706.335074
26.15,34,3706.412886
24.95,50,3706.53455
24.8,57,3706.676868
22.6,81,3706.888848
-2.65,14,3706.927217
23.7,71,3707.132552
25.15,58,3707.30458
11.65,8,3707.328124
16.3,115,3729.558065
13.8,5,3729.571879
-3.6,33,3729.662481
19.55,118,3729.987815
24.6,57,3730.14293
25.45,52,3730.286393
23.75,70,3730.479439
23.65,60,3730.650457
17.9,127,3753.459229
18.95,98,3753.766504
25.5,43,3753.896444
25.2,57,3754.068411
15.1,19,3754.125638
-3.1,23,3754.195562
22.4,69,3754.405961
26.25,28,3754.489913
-2.85,18,3754.540873
23.7,67,3754.730122
24.55,58,3754.893642
24.55,50,3777.236181
17.35,102,3777.485402
23.35,70,3777.661107
24.9,51,3777.793936
25.8,45,3777.911565
20.85,84,3778.129828
-2.5,11,3778.158446
24.25,68,3778.336081
21.85,80,3800.978591
23.95,62,3801.135109
17.5,91,3801.36849
24.65,60,3801.523726
24.45,64,3801.688409
25.0,49,3801.814535
-2.0,1,3801.817111
25.85,44,3801.931628
24.1,67,3802.10489
23.7,75,3824.843136
5.9,3,3824.850677
13.75,150,3825.241902
24.65,68,3825.441028
24.9,55,3825.599767
23.35,62,3825.775202
12.0,153,3848.196035
25.9,43,3848.313547
26.2,37,3848.427251
20.95,78,3848.671371
16.6,21,3848.733772
20.85,84,3848.978089
25.15,58,3849.137845
21.05,88,3849.380646
-3.3,27,3849.457491
24.9,55,3872.023988
20.65,96,3872.269815
20.75,26,3872.336553
7.9,3,3872.344266
24.8,61,3872.498375
21.9,79,3872.688911
19.2,17,3872.731765
23.0,69,3872.909901
18.9,103,3873.175862
9.75,6,3873.191378
25.45,48,3895.320075
23.8,69,3895.513564
6.0,1,3895.516208
25.2,49,3895.648803
23.75,58,3895.812169
9.65,8,3895.834718
21.0,85,3896.072611
25.85,44,3896.192978
-2.55,12,3896.225922
-3.8,29,3896.304403
13.6,9,3896.329383
14.95,18,3896.378407
25.75,42,3896.492671
21.95,78,3896.70776
11.6,9,3919.061105
15.6,9,3919.085404
26.35,34,3919.176331
25.9,43,3919.291868
25.6,45,3919.408341
23.95,62,3919.571969
5.95,2,3919.577261
25.65,48,3919.708719
22.4,73,3919.905377
24.55,54,3920.048057
25.35,46,3920.166793
4.0,1,3920.169603
23.35,62,3920.339991
13.6,9,3920.364598
21.75,70,3942.384447
15.25,108,3942.672242
15.4,13,3942.712042
24.4,49,3942.868309
20.5,83,3943.118284
24.7,55,3943.286593
4.0,1,3943.289796
15.3,15,3943.338189
-2.0,1,3943.341377
23.25,64,3943.547143
25.2,49,3943.701541
25.95,42,3966.129989
-7.45,86,3966.366809
20.55,66,3966.548276
20.85,60,3966.713182
24.0,57,3966.869707
25.2,53,3967.016028
24.9,55,3967.165895
18.0,101,3967.447432
15.55,10,3967.475076
11.65,144,3990.122285
26.0,41,3990.231801
15.45,12,3990.26352
9.9,3,3990.271241
25.8,45,3990.387852
-8.7,71,3990.572574
24.2,61,3990.731031
-2.25,6,3990.747553
-2.0,1,3990.750366
24.75,58,3990.908626
22.3,75,3991.117198
23.6,57,4013.342268
24.45,64,4013.507149
16.3,119,4013.815196
16.8,25,4013.880022
24.95,58,4014.035563
25.5,43,4014.154113
22.95,62,4014.324779
11.8,145,4036.767714
21.5,71,4036.959948
25.5,51,4037.096477
22.0,81,4037.315065
25.45,40,4037.425214
22.15,78,4037.632433
26.05,36,4037.728416
23.35,70,4037.917369
20.85,92,4060.815797
18.4,105,4061.104521
25.1,43,4061.215323
5.9,3,4061.223125
25.5,47,4061.347782
24.7,67,4061.526604
21.4,85,4061.753543
24.95,22,4061.813105
25.4,41,4061.921945
18.7,27,4061.995527
24.5,47,4083.918278
24.8,57,4084.072911
24.9,55,4084.22527
25.5,43,4084.350392
24.0,61,4084.520276
-2.9,19,4084.572664
21.25,92,4084.828819
26.15,38,4084.939393
17.6,117,4108.089301
24.3,55,4108.249962
26.15,34,4108.348121
-17.85,242,4109.006626
22.15,82,4109.227813
24.05,60,4109.397088
24.8,61,4131.294408
22.1,71,4131.497018
9.7,7,4131.517652
-3.2,25,4131.59111
20.25,36,4131.696652
9.85,4,4131.708421
5.9,3,4131.717178
18.7,99,4131.998557
25.85,44,4132.118948
11.65,8,4132.141097
24.85,52,4132.285383
22.4,69,4132.474099
24.8,57,4132.628808
26.45,32,4154.712101
23.55,66,4154.894123
11.65,8,4154.915279
21.85,68,4155.099647
20.05,100,4155.387843
25.5,43,4155.513477
23.95,70,4155.717986
21.95,70,4155.922465
-11.3,91,4177.845707
4.0,1,4177.848611
24.6,57,4178.012541
20.9,71,4178.21687
13.6,9,4178.241951
4.7,191,4178.815385
24.7,55,4178.999868
24.65,64,4179.207028
25.3,51,4201.980439
-5.45,54,4202.130177
-2.35,8,4202.155069
23.95,38,4202.286672
24.35,50,4202.46067
26.5,31,4202.569361
24.6,57,4202.761342
24.8,53,4202.927205
25.85,44,4203.059284
25.9,43,4203.183859
21.35,82,4203.415329
25.8,45,4225.535574
-0.4,241,4226.252004
-2.0,1,4226.255049
24.1,63,4226.492021
9.8,5,4226.510559
6.0,1,4226.514139
25.15,46,4226.673769
19.2,17,4226.728395
20.1,51,4226.888293
23.5,67,4227.100826
25.2,45,4248.964965
11.9,3,4248.974111
18.3,131,4249.3737
-8.85,78,4249.614306
7.9,3,4249.623067
13.4,161,4250.121805
25.75,38,4250.238018
13.55,10,4250.268671
11.7,7,4250.290067
-3.5,31,4250.384999
25.05,44,4272.841572
23.9,59,4272.99401
-4.15,44,4273.107737
26.6,29,4273.185958
24.25,56,4273.337215
22.4,77,4273.544824
7.8,5,4273.558562
25.4,53,4273.709872
25.95,42,4273.829875
23.7,63,4274.010036
16.75,126,4296.902073
13.8,181,4297.44886
18.2,117,4297.800556
25.5,47,4297.942432
10.95,146,4320.398054
23.9,63,4320.580798
22.65,64,4320.78044
23.1,63,4320.973363
21.65,68,4321.188036
23.45,52,4321.348072
25.2,57,4321.523372
23.0,77,4321.759395
23.55,70,4344.353936
23.55,70,4344.584931
-2.7,15,4344.631137
-2.0,1,4344.634266
24.7,51,4344.79158
25.95,34,4344.903605
22.85,76,4345.146403
18.3,91,4345.447172
22.85,72,4345.669044
16.7,27,4345.755417
9.95,2,4345.761566
22.25,64,4368.187529
-4.4,45,4368.327545
4.0,1,4368.330904
23.75,66,4368.599028
22.2,85,4368.884657
-2.75,16,4368.93533
16.7,23,4369.009875
23.3,83,4369.27183
-3.2,25,4369.349967
-2.75,16,4369.400336
23.15,86,4369.669526
-3.0,21,4369.73261
23.65,60,4391.623418
25.45,52,4391.792664
25.65,44,4391.936628
9.75,6,4391.9561
24.6,49,4392.116741
11.65,8,4392.14285
-3.05,22,4392.214722
23.85,60,4392.403069
15.55,10,4392.433667
22.9,47,4392.576468
24.9,51,4392.730686
11.05,168,4415.296906
-2.8,17,4415.353729
25.15,54,4415.531821
18.65,28,4415.624242
24.7,55,4415.806724
24.05,56,4415.999923
22.6,69,4416.261833
25.75,46,4416.426366
25.1,51,4416.602323
26.2,37,4416.724848
25.35,54,4439.96683
17.35,122,4440.341473
11.85,4,4440.354106
21.95,70,4440.575169
23.45,64,4440.774152
24.35,54,4440.939252
20.75,26,4441.018684
18.95,38,4441.136367
11.75,6,4441.155036
23.65,64,4441.352297
24.7,59,4463.268498
25.35,42,4463.387807
21.1,83,4463.624084
24.1,59,4463.79158
25.95,42,4463.916407
20.45,52,4464.074504
22.5,63,4464.266881
24.75,58,4464.443503
22.35,82,4464.696124
24.75,62,4487.242672
24.85,56,4487.409995
25.55,46,4487.545029
25.2,49,4487.698842
25.7,43,4487.834216
5.95,2,4487.84023
-4.75,44,4487.973073
7.9,3,4487.982568
-3.1,23,4488.055234
25.45,52,4488.223511
26.45,32,4488.32016
24.05,60,4488.506585
25.85,44,4488.645675
24.4,69,4510.568179
23.75,50,4510.722648
23.05,68,4510.928607
24.15,62,4511.117885
-2.0,1,4511.120899
-2.0,1,4511.123927
-3.85,30,4511.215017
24.45,60,4511.397151
20.65,28,4511.48211
25.45,48,4511.62877
11.7,7,4511.649873
5.9,3,4511.658906
26.4,33,4511.759239
24.6,29,4511.849463
24.75,54,4534.852443
7.8,5,4534.867146
25.7,47,4535.010733
-5.8,53,4535.173382
5.95,2,4535.179798
25.65,40,4535.305631
11.7,7,4535.327938
25.05,52,4535.495518
22.55,74,4535.733587
24.85,60,4535.925583
24.65,52,4536.090396
21.9,83,4536.368842
13.6,9,4536.397012
21.9,83,4558.508585
13.4,13,4558.546474
22.65,76,4558.777634
25.1,47,4558.921795
22.15,34,4559.031462
25.15,42,4559.168826
24.25,56,4559.355583
25.2,45,4559.505727
24.2,65,4559.716353
20.9,87,4582.071857
24.95,58,4582.229839
7.75,6,4582.246201
24.75,66,4582.426849
26.0,41,4582.538687
25.05,60,4582.71212
25.8,41,4582.833393
26.15,38,4582.944927
17.7,99,4583.236948
-2.65,14,4583.278658
24.95,54,4583.438711
24.35,58,4605.304939
19.05,100,4605.636027
22.55,30,4605.736423
25.6,45,4605.887884
23.15,70,4606.120657
21.35,74,4606.356217
25.2,53,4606.519901
-2.0,1,4606.522953
-7.65,66,4606.72603
-2.4,9,4606.753829
23.55,82,4629.684036
24.4,61,4629.846343
24.35,54,4629.994824
24.3,71,4630.189566
25.15,58,4630.349428
15.7,7,4630.368811
25.25,48,4630.500384
20.95,78,4630.723397
13.45,12,4630.758739
21.95,78,4652.5646
24.6,61,4652.741502
26.0,41,4652.865565
15.0,21,4652.932409
23.85,56,4653.109691
26.65,28,4653.197895
-5.35,48,4653.351384
24.95,62,4653.548446
24.7,67,4653.756305
19.25,88,4654.028591
23.3,59,4676.271809
25.2,45,4676.4098
21.95,78,4676.654633
7.95,2,4676.661163
26.15,38,4676.785957
25.5,51,4676.9458
9.65,8,4676.970297
25.85,44,4677.104245
25.4,53,4677.265396
19.55,90,4677.548088
19.05,20,4677.612646
24.75,62,4700.138738
23.8,61,4700.314617
24.3,59,4700.485561
12.85,20,4700.550542
4.0,1,4700.553098
-12.9,375,4723.744961
1.1,199,4724.277162
25.35,62,4724.441357
17.75,134,4724.792573
25.6,69,4724.97675
-3.0,21,4725.035694
25.5,75,4747.550891
-3.9,39,4747.662568
14.85,20,4747.720296
-14.45,278,4748.542449
11.3,147,4771.295067
22.55,102,4771.576379
12.3,131,4771.939577
19.15,122,4772.275451
20.15,106,4772.567286
21.55,102,4794.729912
24.05,72,4794.934437
8.2,189,4795.506152
12.05,180,4818.321939
27.5,47,4818.442832
25.5,71,4818.625519
-2.0,1,4818.628024
19.9,55,4818.769622
25.1,63,4818.930854
22.15,94,4819.172226
24.6,81,4819.387006
22.3,87,4841.91803
16.9,135,4842.232644
9.65,8,4842.251741
24.25,36,4842.339389
24.2,37,4842.431416
17.5,131,4842.756474
10.5,163,4864.865964
24.55,86,4865.123397
9.65,8,4865.149146
25.4,57,4865.339663
25.85,68,4865.557728
20.75,26,4865.639312
9.95,2,4865.645536
25.95,62,4865.839808
23.95,78,4866.094991
13.95,162,4888.384699
24.2,81,4888.60685
26.45,56,4888.761825
13.8,185,4889.283834
26.4,65,4889.467889
-2.75,16,4889.515111
26.35,50,4889.663456
24.35,74,4911.91659
-2.0,1,4911.919172
17.3,15,4911.958837
20.25,120,4912.28003
24.65,80,4912.499255
27.3,55,4912.650387
26.2,73,4912.850588
14.75,154,4935.212335
9.75,6,4935.229272
25.65,56,4935.386631
25.3,71,4935.587081
22.1,91,4935.844915
23.7,75,4936.060313
26.05,72,4936.278603
26.85,52,4936.428766
-3.1,19,4936.482365
26.6,69,4959.25114
25.3,71,4959.45376
6.9,155,4959.905991
19.15,122,4960.261982
-2.45,10,4960.291029
-4.6,49,4960.434203
25.7,71,4982.909745
10.6,189,4983.431437
11.85,4,4983.442097
24.25,84,4983.678838
26.0,53,4983.833869
10.2,209,5006.662771
26.0,65,5006.847617
13.35,14,5006.886799
21.2,89,5007.137624
24.15,74,5007.352699
26.95,58,5007.515644
25.1,75,5007.727005
15.85,112,5030.699274
26.55,62,5030.870622
26.55,62,5031.051204
28.35,30,5031.136933
-4.25,38,5031.246949
25.55,74,5031.460196
-5.55,60,5031.638714
-3.35,28,5031.71971
24.65,68,5031.915497
24.85,72,5032.124909
18.45,140,5054.906337
27.5,43,5055.014354
26.1,63,5055.177578
26.25,68,5055.352827
23.4,77,5055.547335
11.65,8,5055.568674
21.7,107,5055.840555
16.0,145,5078.600372
26.05,72,5078.797943
-5.4,65,5078.978959
27.25,44,5079.106858
23.9,39,5079.219654
24.3,87,5079.481352
26.95,54,5079.635956
27.4,53,5101.239476
-9.6,97,5101.508934
26.45,64,5101.688235
26.75,58,5101.852995
22.3,79,5102.081449
15.1,159,5102.533392
25.25,64,5125.122861
27.15,54,5125.277991
26.65,52,5125.428037
19.7,127,5125.783357
24.5,75,5125.993268
20.4,129,5126.353755
27.4,53,5148.584148
20.35,110,5148.892211
25.5,63,5149.066496
7.9,3,5149.074713
26.3,67,5149.268649
26.7,63,5149.453438
-5.55,68,5149.653265
23.35,90,5149.917389
25.05,80,5172.288139
24.5,71,5172.463095
24.9,79,5172.667741
-3.25,22,5172.724677
28.15,38,5172.819837
27.15,54,5172.960984
-4.05,30,5173.043656
-2.4,9,5173.068373
5.9,3,5173.076644
24.05,88,5173.332284
11.65,8,5173.355843
24.75,66,5195.533921
26.75,54,5195.673904
14.75,166,5196.124629
24.85,84,5196.361915
20.55,114,5196.690809
9.65,8,5196.713032
-3.45,30,5196.799999
24.65,80,5219.223229
27.4,53,5219.369621
4.0,1,5219.372415
27.2,57,5219.530398
25.3,79,5219.750517
26.6,57,5219.909878
25.05,84,5220.146829
27.45,52,5220.291336
24.7,71,5220.488875
24.9,91,5243.05631
27.3,51,5243.187146
-3.75,36,5243.279251
21.0,97,5243.529513
24.9,87,5243.752531
18.85,24,5243.818186
21.1,95,5244.07817
17.25,144,5266.688611
24.25,84,5266.879219
5.9,3,5266.886142
15.65,8,5266.905218
11.4,13,5266.937392
25.55,82,5267.136319
26.3,55,5267.26956
23.6,85,5267.469517
23.85,68,5267.635966
-4.3,35,5289.454156
26.15,66,5289.647922
25.5,67,5289.843318
26.8,61,5290.010416
27.1,55,5290.161719
24.5,71,5290.359372
15.2,17,5290.409554
16.85,140,5290.818407
24.1,75,5312.978117
27.25,52,5313.120315
-0.4,253,5313.813655
17.85,144,5314.208929
26.2,73,5336.634568
23.45,88,5336.86945
-2.05,2,5336.874821
18.9,23,5336.936961
23.3,91,5337.184745
25.25,68,5337.36834
-2.0,1,5337.370963
11.85,192,5360.0478
26.0,69,5360.246002
22.8,77,5360.467951
23.4,81,5360.702058
20.3,31,5360.790442
22.2,97,5361.068033
28.35,34,5361.165884
-3.2,25,5361.237951
-6.25,50,5361.380371
13.7,7,5361.400555
6.0,1,5361.403455
-3.05,22,5361.466314
22.6,85,5383.403457
26.45,56,5383.548276
27.65,48,5383.673739
24.9,83,5383.947205
11.95,2,5383.954675
-4.8,41,5384.105072
27.0,61,5384.314297
18.75,26,5384.402892
22.3,95,5384.698038
25.9,71,5406.762861
26.05,72,5406.948831
26.25,64,5407.124395
25.85,60,5407.290607
6.0,1,5407.293562
26.6,65,5407.473358
19.55,102,5407.789671
21.85,88,5408.068779
24.8,69,5429.79594
5.95,2,5429.801113
26.65,56,5429.947111
24.05,76,5430.145684
27.8,45,5430.262961
24.15,38,5430.361739
-2.75,16,5430.403284
21.6,97,5430.654814
15.45,12,5430.685902
-7.7,47,5430.807842
25.9,75,5453.526099
-2.0,1,5453.52873
-4.3,47,5453.650944
25.95,74,5453.848403
-3.35,28,5453.92309
23.6,85,5454.149885
27.1,59,5454.30771
26.75,58,5454.463657
20.75,26,5454.532976
-4.9,55,5454.681823
21.2,101,5477.190053
24.55,86,5477.422843
27.75,46,5477.551475
25.0,77,5477.763233
11.5,11,5477.793945
13.6,9,5477.819407
-3.0,21,5477.875818
26.9,55,5478.018496
22.35,98,5478.286995
25.0,77,5500.206397
25.65,76,5500.425335
8.0,1,5500.4282
13.7,7,5500.44791
17.35,14,5500.487834
13.9,3,5500.496146
24.6,77,5500.712198
27.0,49,5500.852772
24.75,74,5501.066094
28.15,34,5501.163941
-2.0,1,5501.166821
17.45,12,5501.201522
25.45,80,5501.431081
24.95,74,5501.637889
27.2,45,5524.120448
24.6,85,5524.347019
24.75,66,5524.524886
27.0,53,5524.673122
-4.0,33,5524.764939
24.0,81,5524.990978
-4.25,38,5525.097404
-3.75,28,5525.176959
27.6,49,5525.315416
20.9,23,5525.382641
9.85,4,5525.393926
25.7,71,5547.820528
25.75,62,5547.984307
-3.2,21,5548.039504
-3.1,23,5548.100613
26.8,53,5548.240465
26.0,37,5548.33775
15.65,8,5548.358859
26.35,62,5548.521701
20.85,120,5548.858357
-2.1,3,5548.867066
26.15,62,5549.048018
11.6,9,5570.704629
22.3,79,5570.960648
25.6,61,5571.145402
27.8,41,5571.270586
27.45,52,5571.429568
18.65,28,5571.514364
21.8,41,5571.639641
26.95,58,5571.817916
24.95,82,5572.085007
26.85,60,5572.271326
27.85,40,5594.333216
11.85,4,5594.347433
25.5,51,5594.527875
-6.25,218,5595.237346
23.85,44,5595.373285
26.35,58,5595.550672
26.2,65,5595.744912
23.05,92,5617.943988
25.4,81,5618.242739
15.05,20,5618.318352
11.85,4,5618.333476
24.6,77,5618.614008
22.65,92,5618.937034
22.35,110,5619.305795
25.0,77,5641.71361
13.75,6,5641.731755
25.6,61,5641.908431
25.65,80,5642.139832
25.2,65,5642.327965
17.85,112,5642.656051
27.55,46,5642.792366
25.5,87,5643.051079
-44.316667,450,5666.607166
27.7,47,5666.753303
-4.7,51,5666.91112
28.15,38,5689.071992
18.55,130,5689.480594
18.9,23,5689.549835
-2.0,1,5689.552999
25.35,78,5689.800473
5.95,2,5689.806778
9.8,5,5689.822627
24.2,85,5690.089907
26.9,43,5690.220541
10.8,13,5690.259301
26.8,57,5690.429255
-3.45,26,5690.506478
27.05,48,5712.539899
25.95,70,5712.760648
-7.5,63,5712.961294
26.95,54,5713.138792
27.35,50,5713.301654
-47.116667,450,5736.939687
26.8,65,5737.138125
26.35,66,5737.35354
19.6,117,5737.728662
24.6,85,5760.189453
11.2,9,5760.22065
27.1,43,5760.36783
5.95,2,5760.374597
27.55,50,5760.542974
26.5,59,5760.741614
26.95,50,5760.905922
22.4,89,5761.194856
-2.0,1,5761.198193
25.6,69,5761.417613
26.7,59,5761.604581
21.45,116,5783.554715
-3.45,30,5783.64271
24.0,89,5783.915672
13.3,15,5783.961854
15.9,159,5784.449724
25.55,50,5784.603315
20.15,110,5784.942625
24.8,81,5807.835837
25.95,62,5808.046319
-4.7,27,5808.139182
25.95,78,5808.395337
27.05,56,5808.584271
7.95,2,5808.590975
18.95,22,5808.664711
11.4,137,5809.131664
23.2,89,5831.616141
5.95,2,5831.622924
26.85,60,5831.822027
19.85,104,5832.158681
26.05,64,5832.359495
-3.85,34,5832.466675
25.0,77,5832.723079
-3.75,36,5832.846476
9.75,6,5832.867235
24.9,91,5854.699533
20.15,94,5854.982239
23.7,83,5855.231228
-2.3,7,5855.251963
27.65,44,5855.38366
22.25,100,5855.6917
27.25,56,5855.865373
23.25,84,5856.11814
25.85,72,5878.217137
26.85,60,5878.404364
27.45,52,5878.567683
8.0,1,5878.57093
-2.2,5,5878.586968
22.8,93,5878.9671
7.95,2,5878.975621
24.35,70,5879.239785
-2.9,19,5879.301869
25.0,73,5879.544436
14.55,18,5879.604693
-2.2,5,5879.621502
25.9,63,5879.826932
-2.15,4,5879.840278
24.2,77,5901.645102
27.25,52,5901.804213
25.65,68,5902.012435
27.4,49,5902.163504
17.25,16,5902.212402
9.8,5,5902.227765
25.3,75,5902.445127
23.15,94,5902.714573
26.2,65,5902.901515
26.7,59,5925.215192
20.35,34,5925.323463
7.95,2,5925.329799
27.5,51,5925.491762
-4.4,45,5925.634841
27.0,53,5925.80508
-2.8,17,5925.85946
25.75,74,5926.094318
27.4,53,5926.261501
20.85,24,5926.337329
27.45,52,5926.50599
-3.75,28,5926.594707
25.5,71,5948.968196
-4.3,39,5949.08975
13.7,7,5949.111531
-2.0,1,5949.114648
26.4,65,5949.31656
9.75,6,5949.336121
-3.5,31,5949.434244
-2.1,3,5949.443582
15.35,14,5949.487567
11.75,6,5949.506313
25.1,63,5949.702891
26.35,70,5949.937599
23.35,78,5950.20773
27.85,44,5950.359643
15.0,165,5972.425323
26.4,57,5972.61661
24.25,32,5972.72612
5.9,3,5972.737122
24.35,74,5973.000274
26.7,47,5973.15909
27.4,53,5973.352653
26.2,69,5973.605478
24.2,101,5995.589524
26.15,70,5995.813518
27.2,57,5996.002926
12.05,168,5996.61211
-3.55,32,5996.716076
10.9,147,5997.179787
25.0,77,6019.278689
27.0,57,6019.460305
9.8,5,6019.47573
26.1,71,6019.695302
15.3,15,6019.741845
21.25,16,6019.79129
26.35,66,6019.995198
26.8,49,6020.145358
11.55,10,6020.175702
6.0,1,6020.178778
24.25,84,6020.436781
9.9,3,6020.446062
-2.0,1,6020.449115
24.6,69,6042.404007
25.7,67,6042.61328
9.85,4,6042.625625
26.1,67,6042.8441
-3.75,32,6042.9478
25.1,75,6043.178307
26.6,65,6043.383816
26.25,64,6043.586212
25.2,85,6043.869343
26.7,55,6066.227213
5.95,2,6066.232847
-3.2,25,6066.30211
26.7,59,6066.466721
28.15,38,6066.573015
26.0,61,6066.739924
-2.0,1,6066.742713
26.7,43,6066.861379
25.55,66,6067.051629
17.7,7,6067.072088
27.3,55,6067.233028
27.1,59,6067.405895
9.85,4,6067.417587
26.35,62,6067.599313
-4.55,44,6089.641739
9.95,2,6089.648167
26.35,54,6089.818277
25.05,80,6090.057463
9.8,5,6090.07239
-2.0,1,6090.07539
25.8,65,6090.271678
26.05,52,6090.420108
25.8,69,6090.616266
27.75,46,6090.746875
24.4,81,6090.979013
26.75,58,6113.205492
27.7,47,6113.33358
26.6,53,6113.477669
26.1,59,6113.643025
8.0,237,6114.329906
18.0,33,6114.423089
20.85,132,6136.605623
25.1,71,6136.824601
22.85,100,6137.135098
23.15,90,6137.415409
26.75,62,6137.651093
15.4,13,6137.707568
11.65,8,6137.741309
26.6,65,6137.977361
27.55,46,6159.999402
25.15,74,6160.213185
27.2,57,6160.376202
26.85,56,6160.536292
26.9,59,6160.712306
9.75,6,6160.730232
9.7,7,6160.751755
-15.2,73,6160.975669
27.3,51,6161.133168
27.6,49,6161.287271
25.05,72,6183.164069
23.35,94,6183.436193
5.9,3,6183.444839
9.95,2,6183.450622
23.85,88,6183.711706
21.1,19,6183.769996
26.9,63,6183.964917
26.9,63,6184.161096
20.4,121,6184.544088
26.7,67,6206.211344
20.55,30,6206.302498
25.15,82,6206.552322
25.2,81,6206.798967
26.2,61,6206.984433
22.85,24,6207.057617
7.95,2,6207.063785
22.45,104,6207.380229
28.05,36,6207.489612
26.1,63,6207.681346
26.55,58,6229.911303
22.1,35,6230.016005
24.3,87,6230.276674
25.4,69,6230.488693
25.7,63,6230.692898
27.5,47,6230.847053
-2.15,4,6230.860084
15.4,13,6230.902415
-2.7,15,6230.951225
25.15,70,6231.179437
27.15,58,6231.368084
27.3,47,6253.013775
7.9,3,6253.023434
-2.55,12,6253.060901
26.55,66,6253.265195
26.1,71,6253.478522
-2.0,1,6253.481609
26.55,62,6253.671112
-2.4,9,6253.699714
26.7,63,6253.902531
-6.05,46,6254.045364
21.6,109,6254.378888
27.85,44,6276.231414
23.85,84,6276.481907
27.95,42,6276.608536
-3.15,24,6276.675359
7.8,5,6276.689226
21.15,18,6276.740922
7.95,2,6276.746654
26.7,63,6276.928572
27.55,50,6277.066146
28.25,36,6277.170459
28.05,36,6277.273607
27.15,42,6277.393517
20.55,94,6277.667387
27.9,43,6299.563641
26.95,62,6299.767576
21.8,117,6300.15168
25.3,75,6300.399053
25.85,72,6300.627314
24.5,83,6300.880282
26.9,55,6301.048469
27.45,48,6323.196701
-4.4,41,6323.331143
26.7,59,6323.522742
26.8,61,6323.72168
25.4,77,6323.969
11.55,10,6324.000781
26.7,63,6324.198994
27.3,55,6324.372474
23.3,87,6324.647413
27.55,42,6346.665243
25.7,67,6346.846633
27.6,49,6346.979714
6.0,1,6346.982524
22.3,79,6347.204337
27.6,45,6347.337826
27.15,58,6347.502942
23.85,76,6347.731335
27.5,51,6347.884463
4.0,1,6347.887566
22.8,89,6369.809006
21.35,98,6370.09803
-4.75,56,6370.263629
26.95,58,6370.432226
-7.45,66,6370.637194
26.85,60,6370.824644
-2.2,5,6370.840334
27.5,47,6370.988094
23.55,78,6371.232743
13.6,9,6371.260896
7.85,164,6393.417968
-5.4,49,6393.573402
17.45,12,6393.611568
6.0,1,6393.614723
9.95,2,6393.621164
-2.3,7,6393.643504
17.9,107,6393.980279
23.0,85,6394.261976
22.1,103,6417.603531
7.8,5,6417.619368
-4.85,58,6417.801831
27.3,47,6417.94953
22.6,101,6418.265009
17.1,19,6418.3247
26.0,61,6418.516571
24.75,74,6418.754823
-2.75,16,6418.805257
17.75,6,6418.830562
15.15,138,6440.803757
26.6,45,6440.965306
25.35,70,6441.227085
26.35,62,6441.421463
-3.75,28,6441.508094
24.75,78,6441.751532
19.9,111,6442.106559
24.4,73,6442.34548
27.2,45,6464.314519
23.25,100,6464.626661
27.85,40,6464.752629
6.0,1,6464.755788
26.4,57,6464.935941
27.25,52,6465.099546
23.6,69,6465.339282
26.0,73,6465.586867
19.2,17,6465.644517
23.85,96,6488.014681
-2.0,1,6488.017607
24.45,80,6488.249363
27.1,51,6488.402898
25.45,76,6488.642401
22.55,94,6488.938969
25.6,69,6489.151566
24.4,85,6489.411278
22.75,94,6511.924552
19.5,11,6511.959623
26.95,62,6512.157414
24.2,77,6512.392154
25.25,80,6512.642999
20.9,23,6512.714846
7.8,5,6512.730478
-4.65,54,6512.897354
7.85,4,6512.910063
15.5,11,6512.942574
25.85,64,6513.144449
24.25,88,6535.537002
17.25,12,6535.574099
26.7,59,6535.756558
4.0,1,6535.75965
26.25,60,6535.946766
23.6,45,6536.090573
-2.25,6,6536.109287
25.4,69,6536.324317
22.45,28,6536.411371
26.9,55,6536.580546
15.3,15,6536.627082
27.35,50,6536.782635
23.8,81,6537.032323
25.25,56,6559.094489
26.8,65,6559.294917
11.55,10,6559.326899
15.1,19,6559.387712
27.45,48,6559.536915
26.9,55,6559.707324
27.25,44,6559.842278
27.0,61,6560.029754
25.8,73,6560.254262
9.85,4,6560.266764
11.45,12,6560.304357
26.1,63,6560.501715
11.45,12,6560.539628
27.4,49,6583.511722
20.1,95,6583.800162
8.0,1,6583.803135
27.15,54,6583.962094
-3.4,29,6584.047188
26.0,77,6584.273866
25.95,66,6584.469405
26.9,59,6584.647706
25.6,73,6584.877597
11.75,6,6584.896533
-2.4,9,6606.396987
21.05,104,6606.703758
5.9,3,6606.713125
25.45,68,6606.927851
4.0,1,6606.930999
27.45,44,6607.068446
28.1,39,6607.195549
27.25,52,6607.370984
24.45,76,6607.617289
27.3,55,6607.790068
27.35,46,6607.939421
-4.6,49,6629.821769
26.2,61,6630.032674
25.75,70,6630.260563
23.45,88,6630.533285
27.35,50,6630.688918
26.5,71,6630.90855
28.35,34,6631.013209
7.7,199,6653.924098
27.2,49,6654.085423
26.35,66,6654.296806
5.95,2,6654.303125
14.05,156,6654.814505
25.35,66,6655.032068
-2.0,1,6655.035463
9.85,4,6655.049121
24.5,79,6655.304023
9.75,6,6677.246008
27.7,43,6677.38258
26.9,55,6677.560113
26.45,68,6677.76817
23.7,99,6678.05536
21.3,111,6678.390641
27.0,57,6678.565649
24.95,78,6700.80835
26.6,61,6700.970801
24.0,81,6701.186789
27.1,59,6701.350926
-5.2,49,6701.488248
-3.1,23,6701.551893
-3.6,21,6701.612134
19.15,18,6701.664423
23.9,43,6701.793548
26.35,66,6701.988884
9.85,4,6702.00103
25.45,76,6702.249166
25.15,70,6724.151248
26.4,73,6724.354192
-2.0,1,6724.356942
23.55,94,6724.623792
26.5,59,6724.796071
26.35,70,6725.00262
27.05,60,6725.183597
4.0,1,6725.186672
27.7,47,6725.329356
27.65,48,6748.071894
26.15,66,6748.280722
11.55,202,6748.883708
26.35,62,6749.066417
18.9,23,6749.133556
20.95,106,6749.450404
11.6,9,6749.476703
7.8,5,6749.491482
27.05,56,6770.871075
6.0,1,6770.874176
26.75,58,6771.054012
-2.65,14,6771.097195
23.95,82,6771.351617
25.7,47,6771.496906
26.25,72,6771.719747
25.5,67,6771.926512
28.1,31,6772.022217
25.55,70,6772.256881
11.45,12,6772.296587
27.15,50,6794.39496
27.05,56,6794.575389
7.95,2,6794.581727
-5.4,45,6794.720783
5.9,3,6794.730898
26.6,61,6794.923655
27.75,42,6795.059591
27.8,45,6795.203485
-4.0,41,6795.332576
25.8,69,6795.56321
-2.85,18,6795.623511
21.45,120,6818.172837
28.5,31,6818.272653
27.05,56,6818.449656
22.2,109,6818.786423
27.4,49,6818.943166
13.75,6,6818.962096
25.35,74,6819.194471
27.3,55,6819.369381
-3.05,22,6819.439152
25.9,67,6819.641014
25.8,65,6841.568917
7.8,5,6841.58448
24.7,75,6841.817231
20.35,34,6841.922505
23.65,84,6842.184877
6.0,1,6842.187928
26.1,63,6842.381034
25.8,69,6842.591787
23.4,85,6842.854164
13.65,8,6842.878717
-8.65,98,6865.17267
26.4,65,6865.395778
26.2,57,6865.591258
25.0,77,6865.8529
4.0,1,6865.856279
7.8,5,6865.873328
6.0,1,6865.87676
27.0,53,6866.058178
24.9,75,6866.302429
26.65,64,6866.508112
25.4,57,6866.69505
27.3,55,6888.489196
25.75,78,6888.716979
25.95,62,6888.896645
-3.1,19,6888.951442
21.55,98,6889.235331
24.75,86,6889.484054
25.05,68,6889.693219
-2.05,2,6889.699452
4.0,1,6889.702638
26.25,64,6889.903498
28.0,37,6911.797057
9.95,2,6911.803278
9.85,4,6911.81581
24.55,74,6912.045133
27.35,54,6912.232677
27.5,51,6912.402629
4.0,1,6912.405935
27.75,46,6912.55746
9.6,9,6912.587085
26.7,63,6912.792531
-4.2,45,6912.93917
-3.7,35,6913.053794
26.65,64,6913.262832
20.35,34,6935.213928
18.3,31,6935.306418
26.1,67,6935.51284
7.85,4,6935.525331
27.25,56,6935.697792
26.15,70,6935.916291
-2.95,20,6935.97758
25.25,80,6936.223947
-2.75,16,6936.273279
26.45,52,6936.433343
25.2,73,6936.656709
9.9,3,6936.665906
19.9,119,6959.157872
27.45,52,6959.30677
18.45,120,6959.641631
24.65,60,6959.808579
26.3,63,6959.994378
25.45,52,6960.154977
6.0,1,6960.158056
26.25,72,6960.379598
25.95,62,6982.320801
-2.35,8,6982.34544
6.0,1,6982.348649
27.35,54,6982.51518
27.95,42,6982.645709
26.05,64,6982.845968
27.25,44,6982.981911
22.25,100,6983.292944
-2.7,15,6983.338925
-3.55,32,6983.436934
9.75,6,6983.45517
17.7,135,7005.95513
4.0,1,7005.958041
25.7,63,7006.141754
15.35,14,7006.182634
26.8,49,7006.328604
18.9,55,7006.499688
28.15,34,7006.610503
27.5,51,7006.774594
9.85,4,7006.787144
26.75,62,7006.981231
26.2,73,7007.208298
28.5,31,7007.304273
-3.45,30,7007.397317
27.6,49,7029.198965
26.55,66,7029.390574
26.45,72,7029.599903
23.85,88,7029.85361
26.2,69,7030.053558
11.6,9,7030.079877
24.85,60,7030.254144
13.5,11,7030.286276
26.0,69,7030.488053
25.3,79,7052.695806
27.1,51,7052.851262
28.2,37,7052.96421
26.3,59,7053.144221
26.0,73,7053.367066
-4.0,37,7053.479891
-0.05,206,7076.148538
25.05,72,7076.360822
24.15,74,7076.578504
5.95,2,7076.584588
25.85,68,7076.783591
-2.0,1,7076.786408
11.6,9,7076.812347
14.6,21,7076.872538
6.0,1,7076.875453
26.2,73,7077.100398
26.7,59,7077.300282
27.9,43,7077.444548
22.95,78,7077.68785
27.15,54,7100.001422
27.4,53,7100.147738
26.85,64,7100.323753
24.75,86,7100.559879
27.1,59,7100.733309
5.9,3,7100.742038
26.3,67,7100.935036
26.2,65,7101.123251
9.65,8,7101.146282
26.7,59,7123.575302
18.9,119,7123.93296
25.5,79,7124.162468
25.65,76,7124.385702
-3.35,28,7124.468999
27.1,51,7124.620209
5.95,2,7124.626183
27.55,46,7124.762905
27.75,34,7124.863711
27.2,57,7125.03258
-3.2,25,7146.96244
27.5,47,7147.095005
27.1,59,7147.265452
27.25,56,7147.426954
-2.9,19,7147.481933
25.65,68,7147.679423
22.15,82,7147.91766
24.35,74,7148.132612
15.2,17,7148.181507
27.75,46,7148.314498
23.6,81,7170.720942
25.15,62,7170.91216
15.15,18,7170.969799
26.3,67,7171.181943
23.2,93,7171.468977
27.55,50,7171.622103
25.8,81,7171.871458
18.1,155,7194.631673
26.4,69,7194.834624
27.05,52,7194.998489
27.45,48,7195.142636
-2.0,1,7195.145375
27.1,55,7195.308015
-3.65,34,7195.406783
27.5,51,7195.556959
7.7,139,7195.960987
-2.75,16,7217.378946
-2.45,10,7217.407041
27.55,50,7217.55588
7.95,2,7217.561733
27.15,58,7217.734161
11.85,4,7217.746123
26.55,62,7217.930619
-2.0,1,7217.933402
26.6,69,7218.138098
24.35,90,7218.404992
9.9,3,7218.413956
26.55,62,7218.610045
26.3,71,7218.853053
27.55,50,7244.047281
27.9,43,7244.177244
27.85,40,7244.304895
25.1,83,7244.594647
26.6,61,7244.813922
26.85,56,7245.005788
