#{"t_start": 1785845552.5186248, "env_id": "None"}
r,l,t
11.495,3,0.502849
9.75,1,0.509164
9.74,3,0.53536
11.995,1,0.542488
11.995,1,0.5504
9.75,1,0.557933
9.75,1,0.566474
11.995,1,0.574124
9.75,1,0.580437
9.99,2,0.601075
9.99,2,0.618619
9.75,1,0.625738
11.995,1,0.63635
11.995,1,0.643873
9.49,4,0.673668
11.745,2,0.688066
11.995,1,0.695862
9.75,1,0.701648
11.995,1,0.709659
11.995,1,0.716547
11.995,1,0.723561
11.995,1,0.730714
9.75,1,0.737271
9.99,2,0.755641
9.641667,9,0.822802
10.313333,8,0.879426
9.131667,13,0.965978
11.995,1,0.975951
8.95,14,1.066707
10.293333,12,1.146439
10.661667,1,1.153825
11.995,1,1.160858
9.49,4,1.188532
9.601667,17,1.307471
9.74,3,1.327403
11.745,2,1.339851
8.331667,26,1.515201
9.75,1,1.520926
11.995,1,1.529831
11.225,8,1.586591
9.75,1,1.593045
10.661667,1,1.601443
10.553333,9,1.66356
9.74,3,1.684514
11.323333,2,1.698819
11.323333,2,1.719225
9.99,2,1.734681
11.725,6,1.779197
10.763333,16,1.883059
8.24,9,1.944929
10.661667,1,1.954142
10.803333,8,2.004385
11.995,1,2.012464
11.995,1,2.019252
10.293333,12,2.099486
11.985,3,2.120557
10.661667,1,2.130158
8.581667,25,2.292279
10.661667,1,2.302026
9.75,1,2.30793
9.99,2,2.335308
11.245,4,2.365515
9.99,2,2.381557
10.803333,8,2.437618
8.085,44,2.72568
10.313333,8,2.780426
10.705,10,2.845757
10.735,4,2.873441
10.038333,10,2.942393
8.885,31,3.153358
9.99,2,3.167387
9.99,2,3.179929
10.995,1,3.186719
8.081667,27,3.360341
9.49,4,3.386545
9.028333,16,3.489584
8.526667,36,3.735223
10.321667,24,3.89202
10.661667,1,3.899001
9.403333,43,4.185133
6.3,54,4.542663
9.75,1,4.550203
11.995,1,4.55762
10.401667,4,4.588703
11.073333,3,4.609095
9.99,2,4.623298
7.903333,49,4.943927
5.768333,80,5.483205
11.995,1,5.491163
9.405,25,5.664449
8.2,74,6.158477
9.945,15,6.254359
7.163333,50,6.634476
9.75,1,6.640755
5.515,68,7.09547
9.106667,18,7.214906
7.816667,31,7.420261
10.861667,14,10.991874
9.538333,12,11.073286
10.41,24,11.231223
10.793333,10,11.297265
10.058333,6,11.336996
10.735,4,11.364987
11.745,2,11.378279
9.866667,13,11.471806
11.073333,3,11.492799
11.7,11,11.572844
10.328333,1,11.579849
10.661667,1,11.588542
10.656667,2,11.602951
10.975,5,11.64014
11.303333,6,11.682269
10.328333,1,11.689514
11.071667,21,11.838263
9.75,1,11.844018
10.641667,9,11.90014
11.033333,11,11.97438
10.328333,1,11.981797
10.091667,21,12.13125
10.803333,8,12.185642
10.891667,8,12.235805
11.995,1,12.242788
9.685,18,12.365213
11.073333,3,12.387081
10.626667,8,12.439155
10.715,8,12.497167
9.99,2,12.511503
10.465,9,12.575216
11.303333,6,12.620057
11.72,7,12.669867
9.99,2,12.684116
10.328333,1,12.691026
11.371667,10,12.758608
10.656667,2,12.77428
9.75,1,12.838176
7.925,76,13.368913
9.89,17,13.482116
9.99,2,13.496159
-6.445,100,14.167437
11.485,5,14.202864
11.995,1,14.210262
11.995,1,14.220571
11.323333,2,14.235584
9.75,1,14.241784
8.615,36,14.488093
8.3,59,14.925894
7.77,67,15.388025
-5.42,100,16.064347
7.565,81,16.611236
9.75,1,16.617141
9.47,34,16.857153
11.975,5,16.895776
10.065,22,17.041068
7.875,50,17.373103
8.74,82,17.925713
10.455,42,21.693286
10.035,28,21.888705
11.313333,4,21.916572
11.02,18,22.040638
10.985,3,22.062946
10.661667,1,22.070535
10.98,26,22.339304
10.661667,1,22.368466
9.315,30,22.696243
7.595,62,23.121895
10.27,39,23.397468
9.275,51,23.819459
10.485,36,24.083299
11.985,3,24.104933
8.595,71,24.599193
8.35,49,24.933367
10.975,5,24.969172
10.05,34,25.206559
8.9,37,25.464506
11.65,21,25.602768
9.99,2,25.619306
10.985,3,25.641275
10.53,5,25.679258
10.36,8,25.734428
10.885,36,25.989416
-3.37,100,26.693751
10.41,11,26.772611
10.651667,3,26.793112
10.86,19,26.931303
10.835,15,27.038394
10.16,30,27.246097
11.063333,5,27.281871
10.89,13,27.374148
9.995,36,27.632452
10.78,17,27.751163
10.405,21,27.9142
10.9,11,28.020066
9.925,19,28.163745
10.79,2,28.17811
10.24,14,28.277292
10.665,18,28.401086
10.335,17,28.516923
10.195,1,28.524635
9.99,2,28.539174
9.99,2,28.552796
8.76,65,32.495596
10.975,5,32.533171
11.323333,2,32.547954
11.31,9,32.612469
10.585,3,32.636444
10.975,5,32.674246
10.575,5,32.710177
10.656667,2,32.726582
10.661667,1,32.734901
9.99,2,32.749032
10.39,2,32.764233
10.865,9,32.828734
10.661667,1,32.836607
10.225,8,32.890788
10.39,2,32.90691
10.975,5,32.943171
11.995,1,32.951971
10.661667,1,32.960314
10.975,5,32.99654
10.39,2,33.010995
9.99,2,33.027044
9.99,2,33.042912
10.725,6,33.09008
11.115,8,33.147169
10.695,12,33.235528
10.585,3,33.258571
9.99,2,33.273621
10.14,3,33.297471
11.57,6,33.34321
10.328333,1,33.350518
10.595,1,33.358148
11.365,7,33.408511
10.39,2,33.423149
10.406667,3,33.44313
10.723333,24,33.659082
10.38,48,33.992044
10.996667,14,34.090983
10.641667,5,34.131189
11.16,8,34.18718
11.365,7,34.239053
11.03,16,34.352016
9.98,17,34.472965
10.656667,2,34.490315
10.641667,5,34.523376
9.75,1,34.52935
-4.328333,100,35.228279
10.541667,38,35.498375
8.94,29,35.691677
10.766667,11,35.774365
9.495,47,36.110907
-1.525,100,36.819161
9.978333,44,37.133038
8.483333,80,37.688986
8.965,55,38.076057
9.791667,28,38.27328
11.043333,9,38.335117
7.865,79,38.933994
8.425,52,39.306238
11.013333,15,39.410589
11.003333,17,39.532894
10.23,16,39.645353
9.75,1,39.651829
10.288333,31,43.314907
10.898333,7,43.366823
10.236667,6,43.409476
9.583333,43,43.717042
10.608333,16,43.829709
10.581667,17,43.957309
10.735,4,43.984114
-2.17,100,44.688963
11.323333,2,44.704412
10.725,6,44.746668
10.921667,11,44.822963
10.888333,9,44.884952
11.995,1,44.892388
9.61,42,45.189658
11.046667,4,45.219176
9.788333,33,45.450117
11.06,10,45.52185
10.141667,7,45.570654
9.62,40,45.850499
11.995,1,45.857798
10.726667,19,45.984916
10.153333,40,46.259942
10.716667,21,46.407046
10.641667,18,46.531152
11.995,1,46.539182
10.436667,28,46.740186
11.155,9,46.80434
11.073333,3,46.82745
9.81,51,47.183121
9.945,55,47.566777
11.391667,6,47.60922
10.39,46,47.940322
10.013333,6,47.981444
11.103333,46,48.302473
10.476667,20,48.444735
10.78,4,48.473711
11.55,10,48.543856
9.99,2,48.557335
11.313333,4,48.585543
10.776667,9,48.648549
9.768333,37,48.905545
8.55,58,49.30554
10.135,4,49.334679
10.878333,11,49.410372
10.585,3,49.431165
9.395,67,49.890922
10.585,3,49.911392
8.53,62,50.555018
10.905,10,54.046912
10.76,8,54.105896
11.155,9,54.173464
10.905,10,54.2434
11.026667,8,54.302274
10.523333,2,54.319161
10.513333,4,54.348084
10.641667,5,54.38678
11.995,1,54.395156
11.155,9,54.461451
10.665,9,54.529452
10.661667,1,54.537364
11.131667,18,54.663848
11.108333,27,54.858001
10.648333,8,54.91883
11.026667,8,54.978328
9.99,2,54.993661
9.99,2,55.009126
11.796667,14,55.112597
11.505,10,55.183172
11.323333,2,55.198875
11.688333,9,55.265417
10.985,3,55.287152
11.121667,20,55.435035
10.895,12,55.524333
9.75,1,55.531841
11.995,1,55.539523
10.898333,7,55.590337
10.73,14,55.703322
9.75,1,55.709517
10.53,5,55.746686
11.233333,20,55.910645
10.661667,1,55.917954
10.985,3,55.940595
11.033333,11,56.020813
9.945,2,56.034505
11.026667,8,56.095133
10.513333,4,56.12569
11.155,9,56.191522
10.77,6,56.237213
10.78,4,56.265491
10.365,7,56.315333
11.995,1,56.322637
11.125,15,56.433085
11.293333,8,56.489317
11.995,1,56.49691
10.888333,9,56.565968
10.77,6,56.609622
11.006667,12,56.697929
11.016667,10,56.772044
11.145,11,56.853007
11.155,9,56.923703
10.641667,5,56.962473
10.921667,11,57.047398
11.155,9,57.117471
9.641429,39,57.467612
-3.868571,100,58.164821
11.313333,4,58.198911
9.99,2,58.213644
-4.099762,100,58.909253
11.631667,7,58.963408
8.082143,65,59.437256
10.77,6,59.48052
-3.71881,100,60.177526
8.832381,81,60.741688
10.985,3,60.761157
9.653333,42,61.064569
9.230952,34,61.301456
10.656667,2,61.317391
11.293333,8,61.372471
-4.330952,100,65.678901
11.755,9,65.744275
10.513333,4,65.772565
10.541429,6,65.819388
10.503571,38,66.090944
10.39,2,66.105098
-2.017619,100,66.872154
11.123095,23,67.040919
10.513095,47,67.374792
-2.167381,100,68.136899
10.732857,33,68.376782
11.57,6,68.416958
10.360952,4,68.445182
10.992857,30,68.666236
10.07119,32,68.900037
10.532857,24,69.074986
10.731905,6,69.118326
-2.507619,100,69.817336
10.45119,5,69.855128
8.842857,68,70.330044
10.782143,15,70.434242
10.784524,58,70.848492
10.12381,35,71.093662
10.52,7,71.144984
10.483571,42,71.444622
10.601667,13,71.681899
10.872381,16,71.859999
10.942857,40,72.137079
10.652857,49,72.477626
11.641667,5,72.513749
9.99,2,72.532416
10.59381,39,76.320797
10.585,3,76.343498
9.75,1,76.350172
11.995,1,76.35873
11.323333,2,76.373547
10.170476,4,76.404805
11.995,1,76.41332
9.99,2,76.4302
10.541429,6,76.474498
11.323333,2,76.489687
10.92,7,76.538381
10.763333,16,76.654392
10.712619,18,76.790349
10.721905,8,76.851188
11.161667,12,76.943204
10.902381,10,77.015541
11.082857,12,77.102647
10.541429,6,77.146934
10.812857,17,77.266356
10.962619,17,77.392478
10.632381,15,77.500502
10.721905,8,77.559273
11.183095,11,77.6382
10.912381,8,77.693585
10.541429,6,77.737224
10.91381,24,77.91775
11.293333,8,77.974643
10.992619,11,78.057684
10.882619,33,78.299169
11.323333,2,78.313859
10.772857,25,78.493306
11.985,3,78.514535
10.908333,5,78.550581
10.812143,9,78.618437
11.082857,12,78.707266
10.992857,30,78.924809
10.381667,8,78.983049
11.082857,12,79.070265
11.293333,8,79.126705
10.631667,7,79.177222
10.898333,7,79.225526
10.721905,8,79.284463
11.083571,20,79.429135
10.892381,12,79.515424
10.641667,5,79.550706
10.360952,4,79.580506
11.113095,25,79.756937
10.802143,11,79.83928
10.912381,8,79.897524
11.995,1,79.905246
11.995,1,79.912705
11.313571,23,80.077226
11.44381,16,80.191042
10.39381,30,80.405936
10.985,3,80.426921
9.98,4,80.456336
10.742143,23,80.625369
10.902381,10,80.695055
10.882381,14,80.792899
10.992619,11,80.870296
10.222143,29,81.077295
10.652381,11,81.157417
11.293333,8,81.213894
9.99,2,81.228836
10.933095,12,81.311064
10.822857,15,81.421238
10.898333,7,81.471302
11.263333,14,81.572973
10.731905,6,81.615344
10.661667,1,81.623164
10.812857,17,81.745071
11.273333,12,81.834257
10.902381,10,81.908228
11.273333,12,81.991996
11.384286,17,82.120557
11.124286,20,82.267184
9.572857,20,82.413378
10.661667,1,82.421884
10.67381,23,82.58844
11.163095,15,82.696718
11.183095,11,82.776814
10.982619,13,82.87466
10.45119,5,82.911222
10.832857,13,83.008887
11.97,6,83.051133
11.102857,8,83.111493
10.721905,8,83.167407
11.514048,21,83.318597
9.99,2,83.3324
10.982619,13,83.427252
10.721905,8,83.482673
11.163095,15,83.59065
10.992619,11,87.154961
10.892381,12,87.244048
10.721905,8,87.303186
9.75,1,87.31019
10.652381,11,87.39094
11.353571,15,87.499035
10.601667,13,87.594626
10.360952,4,87.623626
10.812143,9,87.690064
10.39,2,87.705319
10.328333,1,87.714045
10.912381,8,87.77266
10.328333,1,87.780708
11.17381,21,87.933317
11.002619,9,87.999187
11.323571,21,88.165
10.361667,12,88.285326
10.812143,9,88.364358
11.13381,29,88.575943
10.328333,1,88.583454
11.173095,13,88.674526
11.124286,20,88.822454
10.992619,11,88.904147
11.153095,17,89.027196
11.365,7,89.079859
10.905,10,89.153778
11.082857,12,89.241046
10.812143,9,89.305773
10.832857,13,89.402161
10.631667,7,89.454109
10.631667,7,89.504414
10.78,4,89.53337
10.541429,6,89.578713
10.898333,7,89.631227
11.082857,12,89.717331
11.072857,14,89.81925
10.992619,11,89.90072
10.291429,7,89.953328
11.995,1,89.961831
10.812143,9,90.028296
10.898333,7,90.079906
11.153095,17,90.199079
10.39,2,90.213244
10.902381,10,90.286598
11.534048,17,90.410219
10.763333,16,90.523945
9.99,2,90.538801
11.032857,22,90.707144
11.365,7,90.756175
11.274048,20,90.900601
10.572143,8,90.959214
10.985,3,90.986654
-3.552143,100,91.691433
-1.796429,100,92.411076
10.01,51,92.840605
-1.622857,100,93.547361
-1.418571,100,94.259048
-3.000714,100,98.435632
10.597857,9,98.500667
-3.000714,100,99.271272
11.995,1,99.280787
-1.020714,100,99.995409
11.995,1,100.004892
10.371429,40,100.289608
9.75,1,100.297446
10.746429,16,100.413273
-2.337143,100,101.128809
9.75,1,101.13858
9.99,2,101.153866
-2.97,100,101.865209
9.75,1,101.874109
10.350714,38,102.141257
11.641667,5,102.177742
-4.44,100,102.889764
-1.449286,100,103.596734
10.740714,9,103.663162
10.39,2,103.677846
10.388571,8,103.732865
11.985,3,103.754438
10.742619,12,103.840523
10.597857,9,103.904503
9.907143,92,104.565538
10.873571,11,104.645118
-4.092857,100,105.349767
10.710714,15,108.939896
11.242143,23,109.107468
10.992857,30,109.322292
10.564286,30,109.543209
10.777143,16,109.662852
10.664286,10,109.737102
9.93,18,109.918796
10.625714,34,110.297019
10.656667,2,110.313344
10.94,12,110.402118
10.398571,6,110.445364
10.604286,22,110.604672
10.833571,19,110.747606
11.185714,20,110.897869
10.863571,13,110.993361
11.995,1,111.001053
10.911429,34,111.252867
10.347857,10,111.325757
10.985,3,111.348944
10.231429,19,111.48493
11.56,8,111.546853
10.985,3,111.569252
10.797143,12,111.654388
10.905,21,111.809317
10.730714,11,111.886951
11.365,27,112.079204
10.849286,24,112.249524
10.909286,12,112.336665
10.976429,19,112.474778
10.481429,18,112.603202
10.553571,26,112.793539
11.262143,19,112.928425
10.44,14,113.033227
11.109286,21,113.184404
10.664286,10,113.256532
10.843571,17,113.379413
10.63,25,113.558631
10.828571,22,113.724377
11.313333,4,113.752103
10.511429,12,113.841469
10.664286,10,113.91416
11.735,4,113.94576
10.833571,19,114.085713
9.75,1,114.092149
10.504286,42,114.393555
10.996429,15,114.503918
11.298571,26,114.69426
10.600714,37,114.961983
10.405,19,115.09495
10.985,3,115.118926
11.062857,16,115.232807
10.952857,38,115.508566
10.661667,1,115.516143
11.222143,27,115.713256
11.323333,2,115.727197
11.109286,21,115.877002
10.966429,21,116.029594
10.574286,28,116.234657
11.141667,16,116.350555
11.56,8,116.409311
10.631667,7,116.458488
10.552857,20,120.045908
10.797143,12,120.13353
11.313333,4,120.161624
11.995,1,120.170497
11.072857,14,120.271574
11.56,8,120.330205
10.807143,10,120.404766
10.797143,12,120.491183
10.531429,8,120.551183
10.537143,15,120.65852
10.92,16,120.771955
10.597857,9,120.839174
10.736429,18,120.968614
10.730714,11,121.047344
10.37,28,121.247372
10.720714,13,121.344002
10.511429,12,121.431464
10.440714,20,121.577694
10.128333,1,121.585077
11.185714,20,121.734905
10.946429,25,121.915183
9.75,1,121.922197
10.975,5,121.957155
10.097857,11,122.041342
10.597857,9,122.107043
10.20119,6,122.148649
11.062857,16,122.262213
11.129286,17,122.38697
10.682143,37,122.653395
10.664286,10,122.727256
10.873571,11,122.811888
10.64,23,122.980774
10.301429,5,123.017696
10.985,3,123.040134
10.863571,13,123.133714
10.873571,11,123.214834
11.115,28,123.417874
10.873571,11,123.494744
10.94,12,123.579266
10.661667,1,123.587209
10.797143,12,123.672943
10.986429,17,123.798454
10.802857,19,123.937053
10.631667,7,123.989269
10.656667,2,124.003389
11.082857,12,124.088425
11.119286,19,124.230964
11.985,3,124.253205
11.323333,2,124.268437
10.328333,1,124.276651
9.75,1,124.283461
10.823571,21,124.436863
11.042857,20,124.582943
10.252143,25,124.759963
9.75,1,124.766836
11.252143,21,124.921578
10.603571,16,125.037772
10.747143,22,125.198268
11.323333,2,125.214089
10.853571,15,125.322113
11.082857,12,125.413189
10.082143,6,125.458092
11.119286,19,125.59353
10.398571,6,125.638159
10.863571,13,125.734904
10.91,18,125.868782
10.730714,11,125.947196
11.313333,4,125.977775
10.94,12,126.067185
10.398571,6,126.111272
10.656667,2,126.125533
10.547857,19,126.263057
11.313333,4,126.290782
11.338571,18,126.427395
10.797143,12,126.543147
10.94,12,126.636819
10.597857,9,126.703757
10.587857,11,126.786657
11.012857,26,126.977465
10.792857,21,127.130541
10.869286,20,127.27466
10.842857,11,127.354724
11.17,6,127.398141
10.746429,16,127.517331
11.032143,16,131.587641
10.78,4,131.619769
10.898333,7,131.671095
10.898333,7,131.723106
10.20119,6,131.769429
10.902381,10,131.844744
10.68,15,131.960091
10.93,14,132.063445
10.996429,15,132.195073
11.062857,16,132.311916
10.597857,9,132.38063
10.664286,10,132.452312
10.92,16,132.57029
11.328571,20,132.72233
11.17,6,132.765545
10.863571,13,132.865834
10.93,14,132.9672
10.863571,13,133.063246
11.985,3,133.086911
10.680714,21,133.242824
11.323333,2,133.258313
10.265714,4,133.287489
10.863571,13,133.382451
10.863571,13,133.479058
10.9,20,133.626401
10.721905,8,133.68392
9.75,1,133.691297
10.656667,2,133.707012
10.92,16,133.824523
10.863571,13,133.915857
11.072857,14,134.017653
11.328571,20,134.164455
10.332143,5,134.203188
11.082857,12,134.29117
10.195,1,134.299574
11.777143,16,134.41949
10.318333,3,134.443244
10.531429,8,134.508747
11.003333,17,134.679862
10.797143,12,134.774795
11.298571,26,134.962682
10.710714,15,135.073025
10.531429,8,135.132153
11.175714,22,135.293237
10.956429,23,135.469507
11.17,6,135.512271
10.802857,19,135.65235
10.661667,1,135.660103
10.332143,5,135.700034
11.052857,18,135.829698
9.75,1,135.835993
11.072857,14,135.937503
10.849286,24,136.1173
10.91,18,136.246267
10.762857,27,136.447284
10.287143,16,136.56448
10.664286,10,136.63669
11.995,1,136.646089
10.996429,15,136.757305
10.541429,6,136.803102
11.641667,5,136.838778
11.242143,23,137.005275
10.94,12,137.092849
9.75,1,137.098964
10.664286,10,137.174593
10.585,3,137.196023
11.252143,21,137.350753
10.531429,8,137.410667
10.613571,14,137.51215
10.93,14,137.613326
10.61,29,137.831671
11.365,27,138.030294
11.985,3,138.053929
10.996429,15,138.166372
10.78,4,138.194616
10.597857,9,138.260798
11.985,3,138.281244
11.062857,16,138.398771
10.720714,13,138.493317
10.797143,12,138.582396
10.863571,13,138.675401
10.659286,13,138.765372
10.664286,10,138.838639
10.93,14,138.939027
10.93,14,139.042808
10.985,3,139.065827
-2.747778,100,143.250058
-0.911667,100,143.966621
10.256111,22,144.125757
-2.558333,100,144.839128
10.985,3,144.863073
9.905,21,145.012552
10.985,3,145.034592
10.457778,15,145.141361
-1.623889,100,145.866124
9.100556,48,146.208533
9.173333,89,146.841544
-1.512778,100,147.569887
-1.891667,100,148.299657
-6.145,100,149.004153
11.995,1,149.011908
-1.245,100,149.74241
10.778333,11,149.823742
10.707778,14,149.926702
9.810556,53,153.737651
9.99,2,153.753925
10.328889,63,154.412769
10.455,9,154.475006
10.985,3,154.496671
11.063333,5,154.53117
11.365,7,154.584975
10.606667,12,154.67518
-1.891667,100,155.398255
-0.957222,100,156.108248
10.290556,55,156.504955
9.666667,53,156.883416
-1.257778,100,157.657639
10.342778,89,158.294176
9.75,1,158.301726
10.888333,9,158.367174
-2.146667,100,159.114694
10.437778,19,159.251204
10.328333,1,159.259068
-1.290556,100,159.975343
10.86,28,160.17492
-1.512778,100,160.9145
11.223333,22,164.528749
10.585,3,164.550896
10.788889,20,164.695187
11.735,4,164.725379
9.906111,96,165.419183
10.63,25,165.597767
11.193333,28,165.802626
10.586667,16,165.916975
10.328333,1,165.924883
10.455,9,165.989031
11.155,9,166.05414
10.960556,19,166.191336
10.505556,10,166.264812
10.779444,33,166.507357
10.812143,9,166.572101
10.92,16,166.687181
10.930556,25,166.870584
10.488333,20,167.011841
10.818889,14,167.116939
10.39,2,167.131174
10.839444,21,167.285155
10.788889,20,167.42688
11.323333,2,167.44123
10.536111,15,167.550781
10.923889,44,167.873212
11.313333,4,167.902618
10.879444,13,167.997213
11.123333,42,168.301365
10.77,6,168.348747
10.67,17,168.473134
10.407222,14,168.575054
10.637222,17,168.697894
9.75,1,168.704667
11.324444,24,168.885976
-0.356111,100,169.612813
-2.401667,100,170.338848
10.852222,25,170.522305
10.981111,26,170.71294
11.213333,24,170.886309
-1.800556,100,171.60656
10.656667,2,171.622362
9.99,2,171.635428
10.791667,26,171.820566
10.415,17,175.385119
10.859444,17,175.50931
10.195,1,175.517028
10.541429,6,175.558902
11.001111,22,175.726123
10.92,16,175.838271
10.205,10,175.913719
10.546111,13,176.008639
10.77,6,176.053764
10.859444,17,176.178239
10.436667,46,176.51257
11.155,9,176.577788
10.637222,17,176.701876
10.92,16,176.823172
10.748333,17,176.94798
10.970556,17,177.074172
11.285556,54,177.471341
10.852222,25,177.659194
11.255,49,178.214352
11.995,1,178.221982
10.778889,22,178.383169
10.9,20,178.529861
10.898333,7,178.582302
11.061667,21,178.730113
11.323333,2,178.744947
10.812143,9,178.805887
11.995,1,178.813046
10.859444,17,178.940089
11.364444,16,179.05672
11.011111,20,179.201668
9.99,2,179.217443
11.641667,5,179.254133
9.98,4,179.284695
10.85,30,179.501083
10.505556,10,179.571325
10.647222,15,179.679195
10.707778,14,179.787129
10.808889,16,179.907444
10.859444,17,180.034714
11.323333,2,180.049623
10.656667,2,180.065392
10.709444,47,180.405781
10.778333,11,180.489336
10.515556,8,180.546178
11.995,1,180.554781
10.508889,27,180.755327
10.657222,13,180.851164
11.324444,24,181.034863
10.39,2,181.0498
11.042222,36,181.311166
9.99,2,181.326236
10.849444,19,181.463197
10.253333,16,181.581969
11.031667,27,181.781341
10.788889,20,181.926539
10.859444,17,182.047391
11.315,37,182.318104
10.859444,17,182.443157
10.818889,14,182.545278
11.323333,2,182.559196
10.792778,48,182.904698
11.213333,24,186.519566
11.082857,12,186.619006
11.253889,27,186.82057
11.293889,19,186.959344
11.031667,27,187.158683
10.66,19,187.294647
10.859444,17,187.417552
10.996429,15,187.528362
10.808889,16,187.666459
10.407222,14,187.799186
10.455,9,187.877506
10.586667,16,187.995428
11.365,7,188.047106
9.98,4,188.077239
10.808889,16,188.197085
11.54,12,188.281084
10.609444,18,188.417516
11.001111,22,188.575573
10.656667,2,188.589975
11.243889,29,188.80743
11.263889,25,188.992973
10.930556,25,189.177217
11.112222,22,189.334944
11.56,8,189.394078
10.627222,19,189.533676
10.798889,18,189.667174
10.728333,21,189.823185
10.778889,22,189.985518
10.993889,30,190.199284
10.930556,25,190.380164
10.812143,9,190.44735
10.862778,34,190.689263
11.203333,26,190.878601
10.859444,17,191.003312
10.761111,21,191.154001
11.082778,39,191.438449
10.515556,8,191.498373
10.656667,2,191.51472
11.323333,2,191.530255
11.031667,27,191.730795
10.808889,16,191.8466
11.272143,17,191.966125
10.818889,14,192.066441
11.17,6,192.112914
10.661667,1,192.120398
10.457778,15,192.227302
10.66,19,192.363776
10.707778,14,192.469208
11.021667,29,192.677112
11.132778,29,192.879418
11.273889,23,193.048815
10.940556,23,193.214303
10.546111,13,193.307066
10.599444,20,193.454236
10.859444,17,193.580852
10.508333,16,193.70289
11.061667,21,193.861021
10.970556,17,193.981425
10.465,7,194.031415
10.235556,15,197.566122
10.975,5,197.60273
10.849444,19,197.74503
11.435556,24,197.928874
11.272143,17,198.051164
10.606667,12,198.143023
10.808889,16,198.25846
10.531429,8,198.317578
11.132778,29,198.551186
10.661667,1,198.559041
11.061667,21,198.741322
11.284444,32,199.008989
11.011111,20,199.168962
11.011111,20,199.342245
10.859444,17,199.481797
11.122222,20,199.651163
10.457778,15,199.773859
10.849444,19,199.931156
10.609444,18,200.077487
10.798889,18,200.236896
10.104444,19,200.406046
10.508333,16,200.561481
10.496111,23,200.747176
11.072857,14,200.848946
11.323333,2,200.865083
11.995,1,200.873159
10.797143,12,200.961158
10.910556,29,201.178227
10.556111,11,201.260613
10.839444,21,201.41289
11.995,1,201.42027
10.661667,1,201.429111
10.667222,11,201.509939
10.661667,1,201.518538
10.667222,11,201.597472
10.758333,15,201.713399
10.808889,16,201.831229
10.205,10,201.906991
10.589444,22,202.112109
10.808889,16,202.377523
10.801667,24,202.549565
11.172778,21,202.699193
10.992619,11,202.777261
10.556111,11,202.856673
10.606667,12,202.942317
10.950556,21,203.093921
10.758333,15,203.20635
10.455,9,203.275182
10.518333,14,203.375094
10.556111,11,203.455184
10.508333,16,203.566516
10.91,18,203.700584
11.223333,22,203.859583
10.898333,7,203.91117
11.365,7,203.962795
10.657222,13,204.058506
11.013889,26,204.242226
10.730714,11,204.321604
11.011111,20,204.468131
10.256667,2,204.483178
10.556111,11,204.569982
10.596667,14,204.664987
11.203333,26,204.851161
10.637222,17,204.97689
10.822222,31,205.196136
11.054444,29,205.400377
11.152778,25,209.052776
10.902381,10,209.127564
10.758333,15,209.237314
10.667222,11,209.316153
10.902381,10,209.386537
11.995,1,209.393845
10.768333,13,209.489405
10.859444,17,209.617161
10.353889,7,209.668883
10.92,16,209.78662
11.273889,23,209.955194
10.505556,10,210.029128
10.667222,11,210.106203
10.353889,7,210.158141
9.99,2,210.173808
10.91,18,210.301028
11.026667,8,210.361126
11.163333,34,210.609601
10.585,3,210.63422
10.556111,11,210.713116
10.657222,13,210.811216
10.91,18,210.944915
10.710556,20,211.087737
11.061667,21,211.241482
10.566111,9,211.308147
11.193333,28,211.508564
10.950556,21,211.659166
10.758333,15,211.774193
10.758333,15,211.889149
11.122222,20,212.035623
11.082857,12,212.124768
11.112222,22,212.288943
10.328333,1,212.297875
10.859444,17,212.422618
10.992619,11,212.503159
10.492619,13,212.597804
10.505556,10,212.66962
10.77,6,212.715374
10.667222,11,212.796289
11.082857,12,212.884768
10.205,10,212.955886
10.841667,16,213.07271
11.011111,20,213.219172
9.942778,18,213.349425
11.985,3,213.372336
11.995,1,213.38089
10.859444,17,213.501316
10.808889,16,213.617005
10.808889,16,213.732474
11.011111,20,213.878025
10.657222,13,213.973759
10.985,3,213.994531
10.707778,14,214.098286
11.112222,22,214.259182
10.673333,34,214.509871
10.505556,10,214.581732
10.021667,31,214.810565
9.98,4,214.839474
10.39,2,214.854172
-2.949444,100,215.565818
-2.459444,100,216.273145
-1.522778,100,220.563524
-1.433889,100,221.288776
11.56,8,221.347175
10.688889,40,221.658206
10.139444,43,221.994697
10.455,9,222.061766
-1.256111,100,222.793711
-1.19,100,223.514242
-1.479444,100,224.236927
11.093333,48,224.589161
-1.345,100,225.318483
-1.812222,100,226.04732
-1.923889,100,226.770092
11.323333,2,226.78534
10.670556,17,226.90693
10.902381,10,226.982304
-1.278889,100,231.161061
10.611111,20,231.310241
-2.012778,100,232.233072
10.77,6,232.280066
10.149444,41,232.582559
10.012222,24,232.755213
-1.789444,100,233.483252
11.129286,17,233.607076
10.149444,41,233.908865
10.437222,68,234.395168
10.228333,92,235.050231
10.718889,34,235.295175
9.75,1,235.302184
10.664444,67,235.789545
10.549444,59,236.224249
11.17,6,236.267008
10.257222,55,236.678306
10.996111,23,236.878622
10.542222,16,236.995353
10.250556,52,237.370472
10.373889,23,237.53725
9.930556,67,238.025368
11.995,1,238.032397
10.71,18,238.161828
9.981111,48,238.504524
11.995,1,238.516027
10.898333,7,238.568562
10.661667,1,238.576072
10.869444,15,242.161148
10.863571,13,242.258808
10.797143,12,242.3456
11.323333,2,242.360646
10.684444,63,242.817423
10.147222,28,243.022656
10.607778,25,243.205324
10.709444,27,243.401069
10.581111,26,243.597053
9.99,2,243.612171
9.75,1,243.619086
10.688889,40,243.912056
10.897222,25,244.095041
10.906111,41,244.395288
10.399444,40,244.688575
10.292222,17,244.807202
10.213333,77,245.372762
10.128333,1,245.38145
11.223333,22,245.542391
11.350556,41,245.841733
10.731905,6,245.887193
10.726111,28,246.088405
11.323333,2,246.104579
11.035556,24,246.278632
11.082222,28,246.501093
10.398333,58,246.943946
10.746111,24,247.12488
10.778889,22,247.283638
10.738889,30,247.50262
10.778889,22,247.684821
10.43,25,247.914649
10.661667,1,247.923203
11.045556,22,248.088405
10.844444,31,248.313289
10.657222,24,248.490664
10.182222,52,248.863304
11.411111,20,249.009525
10.463333,14,249.112144
10.872222,21,249.264618
10.643889,31,249.489146
10.976667,18,249.620985
10.170556,19,253.261899
11.17,6,253.305
10.902381,10,253.378543
11.015556,28,253.583772
10.842857,11,253.661507
10.788889,20,253.807657
10.736111,26,253.99784
11.995,1,254.004847
10.46,19,254.145559
11.026111,17,254.271116
11.281667,37,254.563299
11.273333,12,254.691935
10.512778,13,254.79024
11.995,1,254.798822
10.907222,23,254.972623
10.705,50,255.573029
10.531111,36,255.833972
10.729444,23,256.003271
10.631667,7,256.055061
10.518333,34,256.303228
10.609444,18,256.437421
10.341111,25,256.617895
10.512222,22,256.776375
10.414444,6,256.822205
11.213333,24,257.003312
10.867778,22,257.164806
11.143889,29,257.377172
11.143889,29,257.587199
10.515556,30,257.806197
11.313333,4,257.836402
10.591667,15,257.947105
10.986111,25,258.127997
10.333889,44,258.451182
11.995,1,258.459167
10.749444,19,258.596443
10.239444,23,258.76676
11.17,6,258.809665
11.985,3,258.831245
11.263333,14,258.932226
10.627222,30,259.156953
10.631111,16,259.276532
9.99,2,259.291183
11.050556,52,259.672367
11.17,6,259.719365
10.591667,15,259.830256
10.77,6,259.876138
11.341667,25,260.059058
10.788889,20,260.205034
9.75,1,260.212723
10.196111,36,260.480039
10.936667,26,260.669299
10.996111,23,260.839161
10.391111,15,260.949449
10.71,18,264.54695
10.656667,2,264.562899
10.246111,26,264.751056
10.038333,32,264.985089
9.75,1,264.992691
9.75,1,265.000436
10.483333,10,265.072505
10.887222,27,265.277262
10.552222,14,265.377205
10.848333,17,265.500977
10.749444,19,265.639035
10.992619,11,265.719189
10.946667,24,265.89905
10.768889,24,266.0741
10.926667,28,266.276356
10.69,22,266.441191
10.515556,30,266.660652
10.813889,46,266.998686
10.729444,23,267.169842
10.403889,17,267.294865
9.98,4,267.322794
10.913889,26,267.513881
10.565,29,267.728006
10.725,46,268.065515
10.581667,17,268.188684
10.913333,35,268.445523
10.940556,23,268.615434
10.706667,23,268.782173
11.182778,39,269.072111
11.995,1,269.079846
10.69,22,269.244433
10.926111,37,269.52037
10.778333,31,269.753322
10.709444,27,269.949382
11.074444,34,270.200443
10.92,16,270.314268
11.114444,26,270.504521
10.797143,12,270.596013
11.094444,30,270.812737
10.670556,17,270.937358
10.69,13,271.031174
11.104444,28,271.235532
10.804444,39,271.5195
-0.166667,100,275.658537
10.631111,16,275.775612
10.917222,21,275.932575
10.39,2,275.947191
10.433889,11,276.029358
11.104444,28,276.456753
10.63,34,276.705118
10.838333,19,276.843152
10.996111,23,277.012691
10.898333,7,277.065125
10.996429,15,277.17354
10.759444,17,277.296493
11.112222,62,277.75299
10.936111,35,278.010952
10.863571,13,278.106389
10.898333,7,278.157165
10.661667,1,278.165851
10.847778,26,278.353078
11.075,25,278.533998
10.315,17,278.659187
10.976111,27,278.888691
10.266111,9,278.96827
10.936667,26,279.154679
10.640556,23,279.323784
10.788889,20,279.473518
10.975,5,279.509082
10.936667,26,279.701782
10.630556,38,279.982742
10.936111,35,280.239273
10.617778,23,280.408617
10.276111,7,280.460708
10.522778,11,280.544386
11.015556,28,280.747185
10.78,4,280.7771
10.907222,23,280.945167
10.749444,19,281.08318
10.627222,30,281.298343
11.015,37,281.574251
10.696667,25,281.759155
10.818333,23,281.967739
10.585,3,281.997318
10.976111,27,282.210584
11.026667,8,282.269252
10.946667,24,282.445996
10.812143,9,282.51101
10.565,29,282.717291
11.065,27,282.930693
10.946667,24,283.106459
11.796667,14,283.208962
11.082857,12,286.797818
10.812143,9,286.869737
10.607222,34,287.122239
11.005556,30,287.343224
11.291667,35,287.598534
11.163333,34,287.85061
11.323333,2,287.866703
11.283333,10,287.940646
10.66,28,288.143411
10.71,18,288.275026
10.657222,13,288.36841
10.627778,21,288.522286
10.850556,43,288.83481
10.716111,30,289.05315
10.857778,24,289.228776
11.075,25,289.409455
10.93,14,289.512033
11.995,1,289.519507
11.313333,4,289.549602
10.77,6,289.593717
10.867222,31,289.819191
10.946667,24,289.996445
10.775556,27,290.193314
11.183333,30,290.41161
10.992619,11,290.491622
10.512778,13,290.588274
10.804444,39,290.874823
11.035556,24,291.049968
11.97,6,291.096765
10.597857,9,291.162263
9.98,4,291.193156
10.985,3,291.214874
10.660556,19,291.351782
11.995,1,291.360806
10.946667,24,291.53396
11.995,1,291.542889
10.854444,29,291.7533
10.747778,46,292.090396
10.985,3,292.113016
10.992619,11,292.197944
9.75,1,292.205547
10.775,36,292.46728
10.591111,24,292.645019
10.877778,20,292.792618
10.571667,19,292.934193
9.75,1,292.941236
10.522778,11,293.022342
11.995,1,293.029918
10.897222,25,293.214803
10.71,18,293.344942
-0.255556,100,294.085184
10.956667,22,297.739897
10.788889,20,297.888855
10.877778,20,298.034404
11.192778,37,298.299749
11.173333,32,298.536268
11.17,6,298.582201
10.985,3,298.603457
10.661667,1,298.610774
10.917222,21,298.769407
10.370556,28,298.967127
10.907222,23,299.143157
10.696667,25,299.320583
10.749444,19,299.458868
11.005556,30,299.679174
10.433889,11,299.761138
10.470714,14,299.915812
10.558889,17,300.189045
10.730714,11,300.26869
10.749444,19,300.409588
10.887222,27,300.61413
11.232778,29,300.825978
10.670556,17,300.950489
10.91,18,301.082085
11.114444,26,301.269925
10.495556,12,301.358259
10.926111,37,301.626038
10.873889,34,301.877833
10.873571,11,301.959562
9.99,2,301.974051
10.749444,19,302.115678
9.99,2,302.131188
10.907222,23,302.298105
11.624286,18,302.426683
10.660556,19,302.568131
10.838333,19,302.705966
10.512778,13,302.798778
10.768889,24,302.974108
11.56,8,303.031964
10.93,14,303.135274
10.77,6,303.181608
11.055,29,303.390695
11.313333,4,303.420702
10.591667,15,303.528397
11.353571,15,303.638988
10.847778,26,303.828071
10.985,3,303.851324
11.153889,27,304.05365
10.907222,23,304.223194
9.99,2,304.238551
10.366667,11,304.31892
10.828333,21,304.475226
10.597778,27,304.673443
10.328333,1,304.681008
11.985,3,304.705256
10.946667,24,304.88114
10.966111,29,305.088355
10.601667,13,305.183181
10.812143,9,305.249038
10.667222,22,305.408917
9.75,1,305.415714
10.591667,15,309.105625
11.065,27,309.304884
10.157778,4,309.333575
10.943889,69,309.838249
10.631111,16,309.955439
11.104444,28,310.166754
10.452778,25,310.353426
10.808889,16,310.473346
11.180556,75,311.029821
10.788889,20,311.179248
11.31,9,311.247008
10.759444,17,311.372703
10.847778,26,311.56432
10.385,3,311.588797
10.976111,27,311.789207
10.410556,20,311.931612
11.365,7,311.98396
10.863889,36,312.249103
10.571667,19,312.384775
10.571667,19,312.526139
11.074444,25,312.70686
10.661667,1,312.714285
10.670556,17,312.841595
10.723333,24,313.01478
10.542222,16,313.136182
10.604444,30,313.355022
10.433889,11,313.438273
11.064444,36,313.70149
11.17,6,313.744962
10.611111,20,313.894521
11.094444,30,314.111306
11.083333,50,314.477516
10.996429,15,314.617539
11.17,6,314.679747
11.025556,26,314.882098
10.195,1,314.890097
10.360952,4,314.919217
11.025556,26,315.103474
10.956667,22,315.267064
11.065,27,315.464872
11.130556,36,315.733851
10.657222,13,315.828702
11.055,29,316.046661
10.592222,68,316.547077
10.986111,25,320.179255
11.273333,12,320.266478
10.917222,21,320.421984
11.091667,75,320.969615
10.877778,20,321.118817
11.323333,2,321.132513
10.966111,29,321.349063
11.015556,28,321.559605
10.897222,25,321.742963
10.867778,22,321.906141
11.735,4,321.944798
10.721364,23,322.110683
-3.591667,144,323.36338
-2.369242,144,324.394216
-3.586515,144,325.428571
-2.7,144,326.472768
11.466111,29,326.687042
-3.101667,144,331.38338
-2.518182,144,332.435732
11.995,1,332.445349
-1.785758,144,333.484867
10.661667,1,333.492889
10.77,6,333.536039
10.360952,4,333.56652
10.92,16,333.682751
10.39,2,333.697046
-1.785758,144,334.729957
11.995,1,334.739215
-1.813485,144,335.782091
-3.437576,144,336.827514
-2.364091,144,337.891579
-2.159697,144,342.371194
9.99,2,342.3884
-3.22803,144,343.436345
-2.391818,144,344.500594
-1.26803,144,345.554129
-4.422727,144,346.659367
-1.967576,144,347.719171
-2.518182,144,348.771009
10.995556,32,349.012665
-2.495606,144,353.536666
-3.255758,144,354.587347
10.765556,29,354.791862
-3.013333,144,355.860227
-2.583939,144,356.905626
11.995,1,356.914284
-1.515606,144,358.184869
10.661667,1,358.194803
-1.884394,144,359.22731
-2.341515,144,360.270162
9.99,2,360.285263
9.795,94,364.53924
11.323333,2,364.555132
10.647222,15,364.666802
-3.750909,144,365.717378
10.059091,72,366.239188
11.026667,8,366.294906
-2.985606,144,367.388628
-2.099091,144,368.522695
-2.374394,144,369.567998
9.75,1,369.577051
9.069091,123,370.462694
10.21,69,370.954712
9.305,143,375.494168
-2.280909,144,376.52578
11.313333,4,376.55829
10.583182,47,376.898563
10.941515,42,377.206003
10.77,6,377.249182
10.185,65,377.723183
10.45803,71,378.232044
10.382576,26,378.418681
9.662727,77,378.971126
10.848182,34,379.227282
10.265455,56,379.639253
11.411667,11,379.724479
10.661667,1,379.731708
10.723788,31,379.957
11.002619,9,380.01902
9.532576,49,380.362797
10.62803,37,380.631172
10.830909,52,381.007082
10.744394,39,381.295289
10.683788,39,381.576774
10.301515,72,382.128605
-2.462727,144,386.635362
-2.457576,144,387.90344
10.140152,26,388.093793
9.946061,34,388.344751
9.984394,44,388.665235
10.690909,31,388.895806
10.059697,35,389.156848
10.047273,38,389.426916
10.729697,48,389.782899
10.239091,36,390.038772
10.536667,26,390.229861
11.193182,45,390.557997
10.985,3,390.579701
10.719091,38,390.857529
10.912727,72,391.376689
10.222121,100,392.100956
10.886818,59,392.53358
10.020909,67,393.011194
11.405,19,393.151078
10.514394,36,393.411176
10.570303,43,393.716287
10.489444,22,393.87938
10.673182,29,397.511171
10.845606,43,397.827395
10.516667,30,398.046132
11.995,1,398.054521
10.784394,31,398.2832
10.902381,10,398.357674
10.721905,8,398.417223
9.75,1,398.424641
10.445455,20,398.572918
9.703333,81,399.212821
10.729091,36,399.481081
10.683788,39,399.766825
10.458485,29,399.978183
11.995,1,399.986902
10.244394,41,400.282914
10.725,46,400.620428
10.483788,30,400.839019
10.679697,58,401.261778
9.810303,48,401.615135
10.57803,47,401.950926
10.39,2,401.967187
10.268333,13,402.059499
10.627424,74,402.595351
11.995,1,402.603317
10.534394,32,402.831828
10.870303,32,403.074502
10.975,5,403.11083
10.774394,33,403.355245
10.975,5,403.390326
10.52803,57,403.796766
10.599091,62,404.251261
10.521364,23,404.415183
10.646818,58,404.843234
10.251364,28,408.454359
-1.972727,144,409.510342
10.779697,38,409.794503
10.871515,56,410.20306
10.355455,38,410.479051
10.66803,78,411.328773
10.612576,29,411.537365
10.895606,33,411.786815
10.474394,44,412.112617
9.833939,116,412.969547
10.410455,27,413.16511
10.051515,73,413.692075
10.579242,120,414.562648
10.472727,62,415.022746
10.723788,31,415.245717
10.195,1,415.254682
10.632576,25,415.481325
10.241364,30,415.710756
10.39,2,415.726082
10.350303,38,416.006195
10.77,6,416.051188
10.673182,29,419.738667
10.607879,36,419.999392
10.798889,18,420.13241
10.403182,34,420.383641
10.784394,31,420.609975
10.559697,33,420.847188
10.898333,7,420.901026
10.656667,2,420.915179
10.525606,58,421.334099
11.995,1,421.34138
10.890909,40,421.62957
9.960909,79,422.214076
10.811667,22,422.374756
10.765,47,422.713487
10.820909,54,423.107167
10.429697,59,423.533618
10.765,47,423.875332
10.846212,55,424.276997
10.545606,103,425.031211
10.842222,27,425.226924
10.608485,48,425.573847
10.327273,31,425.803201
10.703788,35,426.052792
10.698485,30,426.274964
10.820909,54,426.707003
10.094848,29,426.917746
10.541364,19,427.062195
10.233788,31,431.214528
10.455,9,431.303295
9.99,2,431.335637
10.602121,73,431.880428
10.397879,29,432.102109
10.632576,25,432.295457
10.784394,31,432.519168
10.900909,38,432.788331
10.744394,39,433.071263
10.210758,24,433.245662
10.263788,74,433.792819
11.323333,2,433.807944
10.585,34,434.057232
10.850303,36,434.323411
10.657879,26,434.524835
9.774848,44,434.895124
11.641667,5,434.93452
10.749697,44,435.260394
10.801515,70,435.785589
10.898333,7,435.837788
9.732727,63,436.297906
11.56,8,436.35775
10.752121,43,436.675173
9.941364,41,436.985284
-1.361515,144,438.038985
10.328333,1,438.048873
10.961515,38,438.321947
10.337879,41,438.618888
10.807143,10,438.694355
10.920909,34,442.415148
10.489091,35,442.671607
10.881515,54,443.067181
10.641667,5,443.105717
10.637879,30,443.324797
10.759697,42,443.631188
10.961515,38,443.907082
10.906212,43,444.223562
10.398485,41,444.520875
10.576667,18,444.654766
10.693788,37,444.925829
11.04803,51,445.296663
11.063333,54,445.696357
10.865606,39,445.981132
10.656667,2,445.996683
10.408485,39,446.278549
11.323333,2,446.293588
10.714394,45,446.625592
11.371061,47,446.974274
10.466061,28,447.183185
11.022121,38,447.452867
10.522727,52,447.831347
10.388485,43,448.149729
10.683182,27,448.346917
10.661667,1,448.354281
11.129286,17,448.481772
10.206212,36,448.740612
11.002121,42,449.252985
10.678485,34,449.502665
10.759091,30,449.726161
11.173095,13,449.825454
10.102576,33,453.513464
10.898333,7,453.563365
11.003333,66,454.041584
10.682121,57,454.467912
10.688485,32,454.711071
11.115,28,454.915182
10.746212,75,455.46721
10.951515,40,455.771827
10.413182,32,456.033662
10.730714,11,456.11146
10.698485,30,456.329441
10.859444,17,456.457466
10.230758,20,456.604669
10.545606,54,456.999317
10.347273,27,457.198331
10.743788,27,457.399184
11.13803,33,457.63917
10.566667,20,457.782212
10.641667,5,457.823032
10.577879,42,458.126345
11.283333,10,458.200785
10.885606,35,458.456401
10.632576,25,458.643182
10.887222,27,458.87011
10.835606,45,459.219274
11.323333,2,459.233711
10.476061,26,459.426372
10.749091,32,459.664218
9.97,6,459.705651
10.733788,29,459.915288
10.443182,26,460.100525
11.234545,44,460.433338
10.640556,23,460.601202
11.313333,4,460.630802
11.230455,63,464.583189
9.99,2,464.599422
10.789697,36,464.863366
11.252143,21,465.015837
10.423182,30,465.239281
10.583333,52,465.618624
11.323333,2,465.634985
11.411667,11,465.713612
-3.619394,144,466.757386
11.08803,43,467.075368
10.661667,1,467.083431
10.775606,57,467.499182
10.910909,36,467.765455
10.251364,28,467.970215
10.942121,54,468.366927
10.226667,39,468.649646
10.610303,35,468.901407
11.985,3,468.924873
10.661667,1,468.933897
10.708485,28,469.136545
10.632576,25,469.319186
10.379545,15,469.430257
10.73,14,469.532437
9.961515,42,469.832288
10.985,3,469.854499
10.458485,29,470.06893
10.708485,28,470.272521
10.622727,130,471.219846
10.632576,25,471.405272
10.825606,47,471.967242
10.797143,12,472.054734
10.658485,38,475.866545
11.411667,11,475.945688
10.590303,39,476.234321
10.830303,40,476.52493
10.319697,32,476.758027
11.262143,19,476.905749
10.898333,7,476.955186
10.333939,65,477.437199
10.572576,37,477.70898
10.890909,40,478.002537
10.622576,27,478.205541
10.875606,37,478.473107
10.708485,28,478.682888
10.661667,1,478.691459
11.995,1,478.69877
10.640909,41,479.002444
10.631111,16,479.120924
10.992619,11,479.199905
10.456061,30,479.421154
11.072727,40,479.723169
10.174394,55,480.184351
10.661667,1,480.191894
10.992619,11,480.270721
10.703333,77,480.838375
10.590303,39,481.124359
10.739091,34,481.372835
10.718485,26,481.563371
11.07803,45,481.89622
9.75,1,481.903992
10.355909,18,482.037959
10.57197,25,482.220569
11.093333,48,482.570586
10.531364,21,482.723181
11.026667,8,482.781913
10.663182,31,483.009616
10.795,41,486.849483
10.9,20,486.996057
11.225152,58,487.413287
10.719697,50,487.844108
10.625606,38,488.121876
10.559697,33,488.363023
10.802727,45,488.70411
10.992727,56,489.120731
10.975,5,489.159268
10.986818,39,489.446185
10.723333,73,489.987255
11.055,29,490.20506
11.209242,43,490.516026
10.724394,43,490.832936
11.324444,24,491.009893
10.976818,41,491.312758
10.458485,29,491.518858
10.996818,37,491.795186
10.961515,38,492.073511
10.668485,36,492.338077
10.835,33,492.783165
10.688485,32,493.01811
10.855606,41,493.323117
10.895606,33,493.565949
11.283333,10,493.640865
10.708485,28,493.841555
10.71,18,493.975174
10.657222,13,494.069185
10.568485,56,494.477033
11.283333,10,494.567091
10.663182,31,498.313139
11.026667,8,498.37117
10.733788,29,498.581803
11.995,1,498.590561
10.910909,36,498.854214
10.940909,30,499.073088
10.258333,15,499.185088
9.99,2,499.199956
10.632576,25,499.382174
10.885606,35,499.640941
10.77,6,499.687177
10.829697,28,499.887185
10.696212,36,500.153603
10.845606,43,500.467176
10.845,31,500.695201
10.585909,21,500.850788
10.910909,36,501.119567
10.258636,123,502.017504
10.607273,24,502.194475
10.668485,36,502.458102
10.389545,13,502.554965
10.784394,31,502.782268
10.666212,42,503.095149
10.521364,23,503.268342
11.012121,40,503.556225
10.628485,44,503.878082
10.809697,32,504.110543
11.173939,44,504.429864
10.946818,47,504.777389
11.365,7,504.826474
10.920909,34,505.074368
11.133939,52,505.452382
10.986429,17,505.57828
11.985,3,505.600972
10.661667,1,505.6096
10.78,4,505.640726
10.33197,24,509.274635
11.03803,53,509.668879
10.661667,1,509.676864
11.755,9,509.741848
10.915606,29,509.955176
10.860303,34,510.201758
11.061667,21,510.35116
10.926212,39,510.638326
11.323333,2,510.652168
10.585,3,510.675196
11.011111,20,510.823182
10.513333,4,510.855
10.895606,33,511.095395
10.891515,52,511.477997
10.910909,36,511.749805
10.910909,36,512.015415
10.541429,6,512.061862
10.745,51,512.431193
10.784091,25,512.613531
11.159242,53,513.00134
10.885606,35,513.259334
10.860303,34,513.50822
10.835,33,513.750598
10.418485,37,514.022791
10.976818,41,514.325441
10.526667,28,514.532625
10.975,5,514.57011
10.776212,69,515.074488
9.99,2,515.089639
11.013889,26,515.409663
10.661667,1,515.435936
10.641667,5,515.492945
10.926212,39,515.803185
10.240758,18,515.939989
10.920909,34,516.18759
10.759091,30,516.409927
10.653182,33,516.653367
10.863571,13,516.747179
10.709697,52,520.619454
10.460758,23,520.786681
10.805,39,521.069415
11.323333,2,521.085005
10.985,3,521.110909
11.323333,2,521.124417
10.638485,42,521.438751
10.828333,21,521.592761
10.698485,30,521.81848
11.092727,36,522.084138
10.549697,35,522.343173
10.972273,31,522.570884
9.99,2,522.585794
10.606667,12,522.677003
10.775,45,523.008235
10.819242,72,523.535476
10.746429,16,523.651169
10.860303,34,523.902102
10.787424,42,524.209365
-0.326061,144,525.277899
11.313333,4,525.310933
10.595,32,525.540313
11.062727,42,525.849112
10.850303,36,526.111985
11.209848,55,526.513059
10.57197,25,526.699772
10.416212,43,527.012557
10.531364,21,527.172616
10.941515,42,527.50101
11.173939,44,527.827183
10.661667,1,527.835178
10.585,3,527.856902
10.759091,30,531.511191
10.774394,33,531.755429
10.733788,29,531.971663
10.259697,44,532.293728
10.860303,34,532.539143
11.027424,43,532.856016
10.986818,39,533.140958
11.037424,41,533.438822
10.809697,32,533.67093
11.032727,48,534.023186
10.656667,2,534.038617
11.037424,41,534.333222
11.093333,48,534.687187
10.723788,31,534.909462
10.506061,20,535.056694
10.430152,17,535.181792
10.926212,39,535.470884
10.975,5,535.509485
10.961515,38,535.783092
10.789697,36,536.045405
11.323333,2,536.059893
11.415556,28,536.263178
11.022121,38,536.545397
11.06803,47,536.893094
10.590303,39,537.184522
10.642778,49,537.548931
10.809697,32,537.83962
10.458485,29,538.182156
10.198485,32,538.414391
10.569697,31,538.637806
10.647879,28,538.8427
10.809697,32,542.609275
10.637879,30,542.83111
11.213333,24,543.007728
10.430152,17,543.134804
10.779091,26,543.327263
10.733788,29,543.53917
11.021111,18,543.672035
10.860303,34,543.922419
10.782121,86,544.626361
10.784394,31,544.859392
10.39,2,544.874087
11.995,1,544.882565
10.875606,37,545.154839
10.656667,2,545.171131
11.067424,35,545.423439
10.985,3,545.445457
10.693182,25,545.628258
10.683182,27,545.823965
10.71,18,545.953552
10.835,33,546.19868
10.56197,27,546.395593
10.772121,39,546.720217
11.173095,13,546.818831
10.910909,36,547.087916
10.996429,15,547.194911
10.595909,19,547.339236
9.75,1,547.34779
10.985,3,547.372989
10.945714,19,547.516755
11.104444,28,547.762123
10.972121,48,548.130442
10.749444,19,548.269988
10.673182,29,548.481037
10.673182,29,548.692074
10.976818,41,548.992243
10.595606,44,549.313498
11.08803,43,549.627378
10.430758,29,549.835662
11.037424,41,550.136027
11.061667,21,553.682801
11.155,9,553.746977
10.807424,38,554.023744
10.58197,23,554.19447
10.784394,31,554.421154
10.602576,31,554.707639
11.17,6,554.753678
11.012121,40,555.049192
10.192273,40,555.337482
10.531364,21,555.492982
10.784394,31,555.716892
10.728485,24,555.89517
11.995,1,555.903865
10.713788,33,556.143373
10.733788,29,556.359158
10.856212,53,556.749439
10.708485,28,556.967214
10.895606,33,557.208363
10.996429,15,557.314951
11.255152,52,557.695195
10.785,43,558.010645
10.693182,25,558.201578
11.253889,27,558.402356
9.75,1,558.409985
10.779697,38,558.688275
11.062857,16,558.804885
11.124444,24,558.978304
11.323333,2,558.993152
10.660909,37,559.265411
10.850303,36,559.529219
10.410152,21,559.681311
10.633182,37,559.950217
11.323333,2,560.186806
-2.57141,169,564.813706
11.313333,4,564.84434
-2.81359,169,566.285008
10.863571,13,566.381675
-2.286538,169,567.623245
-1.628462,169,568.859599
10.658636,21,569.018397
-2.827821,169,570.239975
10.863571,13,570.335503
-1.782308,169,571.551367
-3.30359,169,576.266498
-3.733718,169,577.480156
-1.936154,169,578.702257
11.411667,11,578.794058
-1.936154,169,580.074614
-2.403333,169,581.291129
-2.286538,169,582.526025
-3.457436,169,587.201685
11.011111,20,587.349192
-1.152692,169,588.565324
10.721905,8,588.626534
10.585,3,588.649188
10.436282,74,589.187242
9.316282,151,590.28689
-1.716795,169,591.519874
11.328571,20,591.669238
10.649231,24,591.847221
9.570513,103,592.597526
10.808889,16,592.709833
10.580303,41,593.016821
10.681154,33,593.257504
9.243077,91,593.91696
-2.221026,169,598.619453
-1.839231,169,599.864903
10.798889,18,600.002843
10.454359,55,600.413432
-1.839231,169,601.851041
10.878205,50,602.216968
11.019848,93,602.907067
10.613718,67,603.395446
10.077564,58,603.812754
10.985,3,603.834508
10.524359,41,604.134262
-1.628462,169,609.081351
10.586923,49,609.487218
10.651154,39,609.771385
10.703718,49,610.126872
10.721905,8,610.182782
10.568205,63,610.640939
10.985,3,610.664723
10.856282,39,610.95189
10.749091,32,611.186943
10.556282,50,611.546046
10.591795,56,611.963356
10.997821,103,612.716386
-3.121282,169,613.99983
9.997949,46,614.340885
10.294359,38,614.617764
-1.460385,169,615.860515
10.656667,2,615.877352
10.317949,31,616.098552
10.713718,47,616.443177
10.595909,19,616.583102
11.365,7,616.632974
10.796923,56,620.50534
11.304444,28,620.710061
10.193974,86,621.330731
10.898333,7,621.38274
10.340513,47,621.723179
10.858846,59,622.158304
10.616282,38,622.437165
-2.221026,169,623.682891
10.619231,30,623.901126
11.026667,8,623.961769
10.956667,22,624.120627
10.815641,42,624.423191
10.699487,47,624.7646
10.400769,68,625.260602
11.053333,56,625.661274
10.422436,46,625.999183
10.58859,31,626.437174
10.599231,34,626.687204
10.722436,35,626.94265
9.889487,62,627.400966
10.439487,50,627.767168
10.444359,57,631.633015
10.856818,25,631.819177
10.804359,34,632.067896
11.328571,20,632.216919
10.403077,55,632.612854
10.825641,40,632.9096
10.474744,23,633.078642
10.529872,53,633.470891
10.634359,68,633.963012
10.742436,31,634.190709
10.976111,27,634.386116
10.795,41,634.685466
10.815641,42,634.995245
10.940909,30,635.21952
10.897564,41,635.518775
11.021111,18,635.647541
10.314744,55,636.046237
11.084444,32,636.282412
10.60859,27,636.47665
10.433462,21,636.630599
10.535641,49,636.988684
9.75,1,636.994872
10.660556,19,637.133109
10.650513,34,637.384668
10.732436,33,637.626953
10.684359,58,638.049383
10.764359,42,638.359189
10.661667,1,638.366494
10.714359,52,638.749833
10.77,6,642.240516
10.128333,1,642.249083
10.335641,40,642.544894
10.328846,67,643.047191
-1.83359,169,644.293664
10.763718,37,644.566521
10.671154,35,644.831188
-3.494487,169,646.061289
-1.716795,169,647.300819
10.638205,49,647.663646
10.309615,15,647.776927
10.681154,33,648.023432
10.690769,59,648.653546
11.129286,17,648.776429
10.461795,33,649.020694
10.559231,42,649.339206
10.836923,48,649.699168
10.514359,43,653.43593
10.350897,17,653.565768
10.656667,2,653.582031
10.854615,57,654.000702
10.743077,36,654.266111
10.795,41,654.567564
10.749444,19,654.707159
10.985,3,654.729916
10.721905,8,654.793246
11.54,12,654.88046
10.534359,39,655.163052
11.020769,42,655.479089
11.00141,51,655.869672
10.388205,50,656.243207
10.835641,38,656.529438
10.869444,15,656.65112
10.526282,56,657.083186
10.693077,46,657.419356
11.003333,66,657.906769
10.860303,34,658.152946
10.815,37,658.421752
10.637564,44,658.754478
10.378205,52,659.140706
10.703077,44,659.467704
10.621111,18,659.602962
10.746282,61,660.046159
10.868205,52,660.430696
10.722436,35,660.686329
9.99,2,660.701988
10.711795,32,660.936937
10.065,40,664.922514
10.517949,40,665.21489
10.619231,30,665.445882
10.336923,50,665.810511
10.939487,48,666.159642
10.815641,42,666.483133
10.996429,15,666.622071
10.864615,55,667.029261
10.948846,41,667.331159
10.513333,4,667.361012
10.537308,31,667.588602
11.213333,24,667.829776
10.495,52,668.221705
10.46141,61,668.683662
11.995,1,668.691489
10.910769,64,669.175195
10.693718,51,669.547216
10.516667,30,669.770957
10.369231,31,669.99461
11.323333,2,670.008444
10.842051,88,670.646276
10.773718,35,670.902639
10.793974,64,671.371206
10.869444,15,671.481899
9.99,2,671.498546
10.730714,11,671.583353
10.585,34,671.84074
10.606667,12,671.92985
10.578846,66,675.919814
10.962051,64,676.391172
10.668636,19,676.532477
9.75,1,676.538388
10.857564,49,676.904948
10.9,20,677.050045
10.774359,40,677.348818
10.586282,44,677.671789
9.98,4,677.703152
10.970128,47,678.047419
10.764359,42,678.35288
10.990769,48,678.705616
10.721905,8,678.763185
10.975,5,678.812334
10.515,48,679.217283
11.995,1,679.225851
10.908205,44,679.54863
11.323333,2,679.563172
10.557308,27,679.758893
10.960769,54,680.157581
10.681154,33,680.39375
10.596282,42,680.691203
10.722121,49,681.047002
10.929487,50,681.409583
10.727564,75,681.970652
10.826923,50,682.339355
10.671154,35,682.591959
10.870303,32,682.824311
10.897222,25,683.008297
10.825641,40,683.488115
10.682436,43,687.486873
10.587564,54,687.883311
10.899487,56,688.293581
11.263333,14,688.397371
10.887564,43,688.716721
10.825641,40,689.013804
10.846282,41,689.31901
11.129286,17,689.44271
10.495641,57,689.859858
10.695,61,690.301445
10.517424,47,690.644732
10.45119,5,690.682789
10.713077,42,690.99073
10.959487,44,691.324716
10.836282,43,691.641848
11.085256,65,692.125841
10.982273,29,692.341465
9.99,2,692.355271
10.776282,55,692.763569
10.509872,57,693.183499
10.805641,44,693.508192
10.639872,31,693.733202
10.857564,49,694.093557
10.805641,44,694.41443
10.328333,1,694.422901
10.493718,42,694.735582
10.812143,9,694.802938
10.732436,33,698.498484
10.401154,40,698.799541
11.011111,20,698.978804
11.56,8,699.040137
11.263889,25,699.22838
10.713788,33,699.467601
10.898333,7,699.518748
10.587949,26,699.713637
10.742436,31,699.94523
10.401154,40,700.234164
10.545,42,700.543166
10.586282,44,700.862921
11.186538,55,701.268845
10.360897,15,701.380531
10.649872,29,701.595211
10.774359,40,701.892786
10.650513,34,702.144941
10.216818,46,702.485118
10.806923,54,702.894937
10.983333,70,703.40922
10.629872,33,703.655938
10.725,55,704.062297
10.819103,100,704.797953
10.566923,53,705.343506
10.753077,34,705.634791
11.641667,5,705.672424
10.928846,45,706.004804
10.413462,25,709.605576
10.805641,44,709.934785
10.805641,44,710.256639
10.763718,37,710.526772
10.516026,25,710.709673
10.195,1,710.717203
10.463077,43,711.039215
10.918846,47,711.384123
9.34859,34,711.624322
10.681154,33,711.861387
11.995,1,711.86997
10.846282,41,712.175196
11.173095,13,712.266901
10.495385,24,712.443189
9.85859,30,712.66017
10.909545,29,712.873775
10.720128,48,713.228992
-0.961795,169,714.462988
10.722051,63,714.939099
11.262143,19,715.076834
10.853571,15,715.189239
10.722436,35,715.448823
10.651795,44,715.774624
10.626923,41,716.076715
10.418205,44,716.397524
10.887222,27,716.598825
11.268462,54,716.988242
10.60859,27,720.646044
9.99,2,720.661028
11.365,7,720.712466
10.743077,36,720.977225
10.856923,44,721.304732
10.763718,37,721.584514
10.619231,30,721.805689
10.585,3,721.830106
10.805,39,722.121007
10.795641,46,722.457383
10.255,51,722.839195
11.00141,51,723.218941
10.692436,41,723.523191
10.936818,49,723.887408
10.797143,12,723.984527
10.501818,16,724.108829
11.022692,57,724.527138
10.671154,35,724.785564
10.844615,59,725.224368
10.685641,68,725.730182
10.536282,54,726.136477
10.472436,36,726.396706
10.513333,4,726.427288
10.517308,35,726.727029
10.681154,33,726.969572
10.721364,23,727.359808
10.398571,6,727.405288
10.172821,19,727.543198
10.780909,62,728.07115
10.701795,34,728.321083
11.995,1,728.329214
10.975,5,728.367285
11.17,6,728.412947
10.755,49,732.599091
10.749444,19,732.736322
11.353571,15,732.846893
11.093974,53,733.240619
10.585,3,733.264572
10.775641,50,733.632655
10.804359,34,733.879561
10.526667,28,734.085712
10.795,41,734.385899
10.970769,52,734.822287
11.073333,52,735.207434
10.876923,40,735.507173
11.54,12,735.594938
10.765641,52,735.970451
10.928846,45,736.302823
10.627273,20,736.450392
10.495385,24,736.629816
10.784091,25,736.817408
10.784359,38,737.105158
10.823333,102,737.854408
10.91,18,737.987932
11.003636,32,738.226914
11.195714,18,738.356805
10.609231,32,738.594916
10.809697,32,738.827239
10.992619,11,738.909693
10.887564,43,739.291048
10.908846,49,739.657433
10.722436,35,739.919313
11.793571,27,743.634227
10.887564,43,743.94692
10.753718,39,744.238886
10.454103,22,744.398418
10.846282,41,744.700528
11.022051,52,745.083095
9.97,6,745.126192
11.022051,52,745.511034
11.155256,51,745.882129
10.815641,42,746.187028
10.859444,17,746.310034
10.722436,35,746.571804
10.630303,31,746.796681
10.670513,30,747.017368
10.970128,47,747.360813
10.985,3,747.383185
9.75,1,747.389211
10.387564,45,747.719435
10.140513,38,747.999486
11.995,1,748.007153
10.743077,36,748.271321
10.657222,13,748.364403
10.627879,32,748.603883
10.723077,40,748.895389
10.664286,10,749.151061
10.794359,36,749.454759
10.939487,48,749.80514
10.990769,48,750.157606
10.641154,41,750.463623
10.464744,25,750.653634
10.433462,21,750.810059
11.641667,5,750.845622
10.691795,36,751.11021
11.032051,50,754.943173
10.670513,30,755.182992
11.124615,52,755.563856
11.063333,54,755.956982
10.949487,46,756.293856
10.547308,29,756.508329
10.628205,51,756.904959
10.567308,25,757.089988
11.01141,49,757.450265
10.557308,27,757.646322
10.639872,31,757.873787
11.143889,29,758.080836
11.042051,48,758.438001
10.898333,7,758.487616
10.707778,14,758.594043
11.129286,17,758.720812
10.329231,39,759.061347
10.825641,40,759.350834
11.026667,8,759.410985
10.626923,41,759.712458
10.641154,41,760.011452
10.815641,42,760.321457
11.995,1,760.330117
10.78,4,760.360571
10.856818,25,760.543191
10.701795,34,760.785477
10.802692,52,761.171573
10.784359,38,761.445845
10.815641,42,761.75654
11.073333,52,762.136569
10.722436,35,765.855512
11.003974,71,766.379178
10.631667,7,766.431193
10.657222,13,766.525802
10.743077,36,766.792548
11.082857,12,766.883021
11.01141,49,767.240534
11.074615,62,767.702416
10.805,39,767.995186
10.587949,26,768.187765
10.722436,35,768.448334
10.846282,41,768.746754
11.026667,8,768.804901
10.722436,35,769.065617
10.825641,40,769.358964
10.812143,9,769.421305
10.516026,25,769.604603
10.815641,42,769.908236
10.908205,44,770.453479
10.857564,49,770.821178
10.952051,66,771.299181
10.61859,25,771.484964
10.589231,36,771.748346
10.970128,47,772.090832
10.670513,30,772.311075
10.856923,44,772.638826
10.660513,32,772.879167
10.980128,45,773.210138
10.846818,27,773.407573
10.825641,40,777.142903
10.926212,39,777.426357
10.743077,36,777.693485
10.797143,12,777.784139
11.17,6,777.827184
10.712436,37,778.096353
10.980769,50,778.463237
11.093974,53,778.859026
10.784359,38,779.146344
10.784359,38,779.429361
10.656667,2,779.445265
10.641667,5,779.483177
10.732436,33,779.729196
10.398571,6,779.772915
10.980769,50,780.142574
10.71,18,780.273386
10.835641,38,780.555965
10.797143,12,780.64327
10.950128,51,781.017236
10.949487,46,781.351179
10.846282,41,781.652164
10.464744,25,781.840994
10.701795,34,782.089478
10.689487,49,782.452881
10.701795,34,782.705326
10.350897,17,782.835075
10.527308,33,783.073018
10.464744,25,783.258325
10.919487,52,783.642571
11.56,8,783.703332
11.323333,2,783.719052
10.404444,8,783.775379
10.908205,44,784.097609
11.54,12,784.184351
10.815,37,784.454442
10.805641,44,788.310836
10.907222,23,788.477737
10.805,39,788.770736
9.75,1,788.777966
10.863571,13,788.871189
10.585,3,788.89396
10.938846,43,789.214261
10.843974,54,789.619177
10.960128,49,789.983117
10.785641,48,790.332562
10.732436,33,790.576527
10.671795,40,790.874819
10.774359,40,791.17777
10.661667,1,791.184848
10.702436,39,791.474366
10.457308,47,791.8256
10.794359,36,792.100538
10.949487,46,792.443507
11.641667,5,792.47913
10.389872,32,792.719059
10.441154,32,793.256548
10.78,4,793.287226
10.763718,37,793.623047
10.660513,32,793.86208
10.846923,46,794.202216
10.656667,2,794.219347
10.392576,24,794.388525
10.985,3,794.409194
10.908846,49,794.849173
10.919487,52,795.240533
10.691154,31,795.471076
11.155,9,795.538755
10.631667,7,795.592643
10.878182,28,795.803181
10.386923,40,799.551823
10.763718,37,799.823078
10.878205,50,800.185403
11.173095,13,800.281734
10.749444,19,800.420562
11.604286,22,800.577912
10.773718,35,800.834184
11.995,1,800.843108
10.743077,36,801.108407
10.859444,17,801.232968
10.938846,43,801.541821
10.407564,41,801.842617
10.815,37,802.119515
10.877564,45,802.451022
11.042051,48,802.80503
10.619231,30,803.033949
10.858205,54,803.427123
10.648205,47,803.817449
11.010769,44,804.143015
10.733718,43,804.46566
11.995,1,804.472998
11.155,9,804.541659
10.805,39,804.829787
10.579872,43,805.149377
10.908205,44,805.478319
10.514359,43,805.795538
10.621111,18,805.927667
10.866923,42,806.239995
10.846282,41,806.538527
10.878205,50,806.907495
10.902381,10,806.983196
10.720128,48,810.833343
11.17,6,810.879
10.908205,44,811.20297
10.743077,36,811.472255
10.910128,59,811.909532
10.856282,39,812.203149
10.887564,43,812.529624
10.743077,36,812.794647
10.887564,43,813.118335
10.701795,34,813.37613
10.664359,62,813.834272
10.454103,22,813.994905
10.516026,25,814.177197
11.01141,49,814.536619
10.856282,39,814.82638
10.723077,40,815.121512
10.805,39,815.403559
10.805641,44,815.72531
10.805,39,816.221016
10.526667,28,816.423684
10.59859,29,816.63872
11.17,6,816.683054
10.876923,40,816.976778
10.599231,34,817.23273
10.379231,29,817.447537
10.722436,35,817.702846
10.631154,43,818.021768
10.78,4,818.051057
11.328571,20,818.197013
10.722436,35,821.957339
10.887564,43,822.279524
10.763718,37,822.559419
10.805,39,822.85233
10.805,39,823.150295
10.691795,36,823.414289
10.897564,41,823.719172
10.795,41,824.023196
10.986818,39,824.312947
10.670513,30,824.530708
11.227821,57,824.951697
10.836923,48,825.30235
10.681154,33,825.543187
10.536667,26,825.73389
10.359231,33,825.97163
10.887564,43,826.280772
10.859444,17,826.406121
10.898333,7,826.458066
10.59859,29,826.677147
10.815,37,826.952847
10.701795,34,827.20045
10.798889,18,827.337646
10.701795,34,827.58802
10.629231,28,827.79688
10.619231,30,828.018759
10.928846,45,828.347194
10.613718,67,828.835434
10.691154,31,829.065066
11.995,1,829.073612
10.825641,40,829.369409
10.816818,33,833.08591
10.743077,36,833.357257
10.975,5,833.396733
11.073974,57,833.813755
11.01141,49,834.171388
10.876282,35,834.432522
10.732436,33,834.674504
10.908205,44,834.995014
10.619231,30,835.212508
10.722436,35,835.467807
11.544048,15,835.578031
11.052692,51,835.954667
10.835641,38,836.23852
10.782692,56,836.661255
10.949487,46,837.0032
10.975,5,837.041044
11.023974,67,837.550786
10.660513,32,837.784213
10.567308,25,837.968402
10.681154,33,838.209845
10.907222,23,838.376675
11.082857,12,838.465224
10.825641,40,838.76506
10.328333,1,838.772312
10.784359,38,839.05241
10.918205,42,839.574149
10.669487,53,839.968924
11.365,7,840.018163
10.784359,38,840.303192
9.99,2,840.318498
10.441795,37,840.59551
10.328333,1,840.603167
10.825641,40,844.369845
11.01141,49,844.737617
10.928846,45,845.073876
10.898333,7,845.12561
10.985,3,845.147054
10.835641,38,845.433305
10.815455,26,845.626553
10.431154,34,845.875172
11.308333,36,846.141638
10.775,45,846.491629
10.431795,39,846.810924
11.073333,52,847.19443
10.916538,60,847.645467
10.513718,38,847.967589
10.577949,28,848.172821
10.52141,49,848.529864
10.748333,17,848.74345
10.664286,10,848.814804
9.99,2,848.829016
-2.787418,196,850.251163
-2.966484,196,851.702168
10.59197,21,851.857676
10.93,14,855.462112
-1.584396,196,856.906948
11.17,6,856.953428
-2.338132,196,858.39251
-2.743462,196,859.848833
-2.426044,196,861.295939
-2.479725,196,862.743188
-2.523681,196,867.631216
10.946667,24,867.806944
11.365,7,867.857469
9.525165,115,868.762463
-2.557912,196,870.20212
-1.76022,196,871.634382
10.314231,91,872.311205
10.985,3,872.333674
-2.294176,196,874.031393
7.731923,179,878.765062
11.755,9,878.858507
-1.810659,196,880.309419
11.039615,69,880.806496
10.797143,12,880.896473
10.863571,13,880.994341
10.270989,50,881.35917
10.875256,58,881.777707
11.323333,2,881.794142
9.340989,89,882.449647
-2.033681,196,883.902387
11.17,6,883.94718
10.222857,86,884.581614
-2.473242,196,889.50347
10.489341,34,889.754287
11.223333,22,889.914337
11.641667,5,889.949211
10.985,3,889.971179
10.860303,34,890.214556
11.082857,12,890.306845
10.217967,114,891.132569
10.343077,67,891.620162
10.560275,33,891.865297
10.808901,58,892.284457
9.98,4,892.313624
9.031923,115,893.152964
10.609121,54,893.551161
-2.159066,196,894.989335
11.313333,4,895.019055
11.191818,38,895.294461
10.797967,47,895.643101
8.844725,192,900.533185
10.693077,46,900.869346
-1.76022,196,902.313379
10.787967,49,902.674886
10.468407,25,902.858062
10.767033,40,903.155335
10.95141,61,903.600422
10.774945,56,904.016488
10.621209,34,904.266408
10.284231,48,904.613076
10.634725,79,905.413395
11.263333,14,905.513602
11.17,6,905.558516
10.252637,124,906.480192
10.378187,38,906.788949
11.995,1,906.797775
10.261923,114,911.111763
10.057033,84,911.738712
9.97,6,911.783183
10.360769,125,912.700826
10.825641,40,912.992797
11.17,6,913.037527
10.526319,31,913.256841
10.631667,7,913.306734
10.202363,38,913.588866
10.863571,13,913.684081
10.145165,40,913.981042
10.499341,32,914.216459
10.710989,60,914.713397
-2.881813,196,916.149954
10.876813,62,916.611179
10.645165,38,916.892618
10.556111,11,916.97771
10.400055,60,917.413547
9.965165,76,917.964338
11.035556,24,918.140954
9.775165,65,922.070555
10.057967,48,922.424687
10.446319,47,922.764376
10.256667,2,922.781877
11.323333,2,922.79699
10.553077,74,923.337416
10.77,6,923.383115
9.981923,72,923.91342
10.403791,63,924.370773
10.379121,51,924.743212
10.429121,41,925.05272
11.283333,10,925.126212
11.17,6,925.171369
11.162778,23,925.339314
9.773297,39,925.627144
10.609121,54,926.020882
10.193791,56,926.432388
10.564231,41,926.734868
11.461429,22,926.89421
10.641667,5,926.931576
10.594231,35,927.187079
10.801923,55,927.587203
10.563077,72,928.119255
10.514945,59,928.558031
10.946667,24,928.734139
10.095879,107,933.192927
10.317253,37,933.460622
10.670556,17,933.583177
10.531429,8,933.642036
10.730055,43,933.957395
10.632637,97,934.6728
10.242857,82,935.26979
9.99,2,935.285628
11.008681,62,935.732092
10.608187,41,936.03119
10.391429,36,936.297658
10.46,19,936.437532
10.505165,66,936.923814
10.842857,60,937.421958
10.659835,52,937.799297
10.328333,1,937.806571
10.78,4,937.837275
10.446099,42,938.147686
10.543297,32,938.387176
10.483297,44,938.717732
10.446099,42,939.065717
10.209341,41,939.371162
10.735879,77,939.941518
10.906813,56,940.354644
10.784945,54,940.743426
10.996429,15,944.261664
11.476111,27,944.460923
10.653077,54,944.853809
10.524945,57,945.267183
10.856813,66,945.755171
10.648187,33,946.002156
10.602857,59,946.429899
11.415556,28,946.62992
10.628187,37,946.90116
11.44381,16,947.018174
10.661667,1,947.02651
10.948681,74,947.577993
10.808901,58,948.012039
10.661667,1,948.020547
10.714945,68,948.511465
10.790989,44,948.838257
10.878182,28,949.048336
10.790989,44,949.37681
10.78,4,949.407291
10.946667,24,949.58496
10.774011,43,949.901547
10.564945,49,950.251457
10.737967,59,950.682246
10.733788,29,950.895477
10.616923,43,951.21632
11.17,6,951.26157
10.706099,39,951.554322
11.283333,10,951.625896
10.641667,5,951.663452
10.845,31,955.346811
9.932637,139,956.617939
10.839835,65,957.103137
10.010275,45,957.454845
10.807747,89,958.11446
10.757033,42,958.429069
10.829835,67,958.922767
10.696111,34,959.17917
10.070275,33,959.418491
11.527857,23,959.590794
10.92,16,959.707177
10.754011,47,960.054447
10.767967,53,960.453789
10.797143,12,960.545121
10.322857,66,961.037743
9.567747,92,961.729099
10.699121,36,962.001513
10.556111,11,962.091194
10.747033,44,962.429988
10.639872,31,962.667163
10.549231,44,963.015188
10.656667,2,963.031162
10.223077,42,966.909708
10.992619,11,966.989992
10.561209,46,967.334848
10.639121,48,967.733672
10.916813,54,968.42992
10.93,14,968.528378
10.279341,27,968.731202
10.807967,45,969.070555
10.814945,48,969.421119
10.714011,55,969.840121
11.323333,2,969.855455
10.188901,84,970.474213
9.75,1,970.480615
10.733788,29,970.695121
10.814945,48,971.047573
10.78,4,971.07631
10.71,18,971.212643
10.407967,76,971.781504
10.666099,47,972.1296
10.669121,42,972.441141
11.095256,63,972.902564
10.560275,33,973.146552
10.790989,44,973.470529
10.509341,30,973.689627
10.533182,17,973.821995
9.921703,128,978.251388
10.760989,50,978.620018
10.635165,40,978.916991
10.750055,39,979.204679
11.062857,16,979.319174
10.696099,41,979.623191
10.606212,54,980.021024
11.026667,8,980.079176
10.538889,21,980.231289
10.431703,75,980.775393
10.237967,61,981.23266
10.635165,40,981.531431
10.707033,52,981.917398
10.892857,50,982.28821
10.862857,56,982.699188
10.696099,41,982.998386
10.823571,72,983.54193
10.643077,56,983.955764
10.662143,39,984.239177
10.463077,43,984.553515
10.639121,48,984.906963
10.39,2,984.924675
10.679121,40,985.213769
10.641667,5,985.25094
11.066364,34,985.501713
10.845,31,989.192859
11.985,3,989.214728
10.407222,14,989.317276
10.744725,57,989.737114
10.821923,51,990.111538
10.957747,59,990.546032
10.625165,42,990.849334
11.025556,26,991.244991
11.079615,61,991.692313
10.689121,38,991.982383
-1.54044,196,993.450851
10.470055,46,993.797052
10.865879,51,994.178695
10.760055,37,994.453543
10.368187,40,994.743305
10.767967,53,995.131187
10.645606,34,995.382126
10.712857,86,996.009243
10.710055,47,996.351112
10.767747,97,1000.661379
10.679121,40,1000.958701
9.775659,68,1001.463432
10.429121,41,1001.761235
11.197179,58,1002.219269
11.011111,20,1002.381143
10.815879,61,1002.834369
10.574231,39,1003.120362
10.796364,39,1003.420784
10.594945,92,1004.10251
10.727033,48,1004.460918
10.916813,54,1004.858674
11.995,1,1004.867301
10.996429,15,1004.980103
11.129286,17,1005.105362
10.788889,20,1005.25407
10.710055,47,1005.596077
10.912857,46,1005.931183
10.780989,46,1006.274334
10.513297,38,1006.550852
11.327273,40,1006.841
10.327967,43,1007.162936
10.78,4,1007.19275
10.601209,38,1007.471595
10.669121,42,1007.780474
10.909835,51,1011.568918
10.812143,9,1011.637015
10.582857,63,1012.109028
10.499341,32,1012.339211
11.068462,94,1013.243185
10.581209,42,1013.546799
10.815879,61,1013.993218
10.714945,68,1014.499171
10.897747,71,1015.026688
10.882857,52,1015.411472
10.951515,40,1015.713217
10.800549,81,1016.311174
10.862857,56,1016.727179
10.656667,2,1016.743507
10.838901,52,1017.122535
10.988681,66,1017.615555
10.615165,44,1017.942156
10.933791,55,1018.341105
10.814945,48,1018.697595
10.962418,75,1019.260574
10.743077,36,1022.99723
10.862857,56,1023.40801
10.479341,36,1023.675184
10.907222,23,1023.845867
10.591209,40,1024.149534
10.557253,38,1024.419884
11.714524,19,1024.561337
-1.685275,196,1025.999399
10.770989,48,1026.352197
10.536319,29,1026.596738
10.230055,45,1026.927536
11.323333,2,1026.94289
10.812143,9,1027.00559
10.382857,54,1027.403455
10.338901,54,1027.862524
11.042637,64,1028.336354
11.052637,62,1028.833497
10.815606,49,1029.196749
10.733077,38,1029.472322
10.706099,39,1029.78317
10.631667,7,1029.837615
10.764011,45,1030.172551
10.797967,47,1034.527704
11.129091,36,1034.850855
10.513333,4,1034.883665
10.998681,64,1035.351199
10.807967,45,1035.688576
10.730055,43,1036.009645
10.662143,39,1036.297169
11.97,6,1036.342454
10.703791,52,1036.72924
10.472363,33,1036.977982
10.838901,52,1037.367123
10.960556,19,1037.503444
10.667033,60,1037.949557
10.821923,51,1038.327468
10.375165,43,1038.640693
10.909835,51,1039.017177
10.645165,38,1039.29215
10.747033,44,1039.615193
10.530989,47,1039.968247
10.280275,40,1040.262185
10.831923,49,1040.614937
10.558901,59,1041.049874
10.899835,53,1041.438066
10.519341,28,1041.644655
11.461429,22,1041.805542
10.848901,50,1045.639401
10.296813,80,1046.225919
9.75,1,1046.232237
10.831923,49,1046.584979
10.530275,39,1046.874875
10.608187,41,1047.181086
11.534048,17,1047.308819
11.051667,23,1047.474118
11.049615,67,1047.972002
10.044231,47,1048.315333
11.013571,83,1048.934303
10.463077,43,1049.249089
10.737033,46,1049.589857
11.025659,63,1050.052055
10.814945,48,1050.404398
10.848901,50,1050.767437
11.323333,2,1050.781191
10.858901,48,1051.13616
10.757967,55,1051.535309
10.723077,40,1051.847124
10.78,4,1051.876289
10.269615,125,1053.019186
10.727747,56,1056.833609
10.750989,52,1057.222349
11.212778,33,1057.464989
10.452363,37,1057.737099
10.821923,51,1058.118076
10.744011,49,1058.473681
10.812857,66,1059.026979
11.188462,70,1059.551284
10.656667,2,1059.565692
10.740769,49,1059.936834
10.332857,64,1060.399179
10.713077,42,1060.707153
10.256667,2,1060.72319
10.865879,51,1061.095145
10.923791,57,1061.516259
10.466319,43,1061.831182
10.78,4,1061.859696
10.940769,58,1062.295739
10.577253,34,1062.551285
10.619231,30,1062.818614
10.611209,36,1063.223335
10.968681,70,1063.791141
10.812143,9,1063.857085
10.724011,53,1064.249924
11.365,7,1064.301848
10.797967,47,1068.112618
10.784945,54,1068.515925
10.831923,49,1068.871306
10.863571,13,1068.970234
10.679121,40,1069.269833
10.990769,48,1069.619396
10.543297,32,1069.851324
10.405165,37,1070.119761
10.665165,34,1070.36696
10.218407,26,1070.555114
10.984725,58,1070.974372
9.75,1,1070.980627
10.937747,63,1071.449166
9.99,2,1071.466804
10.689121,38,1071.752369
10.607273,24,1071.926715
10.696099,41,1072.225528
10.621209,34,1072.477656
10.614231,31,1072.707423
10.664286,10,1072.779163
10.419341,48,1073.135151
10.577253,34,1073.387192
11.049615,67,1073.88349
10.669121,42,1074.197815
10.605879,54,1074.598449
10.824945,46,1074.934757
10.564231,41,1075.307874
10.787967,49,1079.302089
10.832857,62,1079.754832
10.71,18,1079.890403
10.458407,27,1080.089942
10.670556,17,1080.21506
10.764011,45,1080.548568
10.764011,45,1080.885527
10.664725,73,1081.431182
9.75,1,1081.437521
11.065,27,1081.635805
10.561923,54,1082.045288
10.943791,53,1082.430444
10.541429,6,1082.475018
9.957253,60,1082.913547
11.102222,24,1083.088372
10.825879,59,1083.526039
10.280989,48,1083.885969
10.492363,29,1084.098896
10.855879,53,1084.526088
10.696099,41,1084.826683
11.283333,10,1084.900603
10.811923,53,1085.300627
11.995,1,1085.309332
10.691154,31,1085.539195
10.831923,49,1085.906337
10.577253,34,1086.155217
10.754011,47,1086.525009
10.594231,35,1086.809019
10.828333,21,1086.961344
9.75,1,1090.485064
10.747033,44,1090.819757
10.587253,32,1091.058954
10.713077,42,1091.370854
10.862857,56,1091.792899
10.896813,58,1092.210436
10.862857,56,1092.627173
10.553297,30,1092.852736
10.190055,53,1093.243998
10.252363,28,1093.454315
10.635165,40,1093.753763
10.750989,52,1094.137295
11.122222,20,1094.285018
11.018681,60,1094.793676
10.992619,11,1094.875788
11.338571,18,1095.006836
10.860303,34,1095.253538
11.17,6,1095.297713
10.740989,54,1095.701179
10.913791,59,1096.136827
10.360952,4,1096.165837
10.848901,50,1096.538779
10.553297,30,1096.760676
10.567253,36,1097.033599
11.17,6,1097.077264
10.780989,46,1097.420837
10.662143,39,1097.941667
10.463077,43,1098.258907
10.814945,48,1102.043741
10.591209,40,1102.334236
10.125879,52,1102.713758
10.92,16,1102.833472
10.984725,58,1103.263185
10.797967,47,1103.605237
10.967747,57,1104.024198
10.679121,40,1104.319425
10.431429,28,1104.525537
10.902381,10,1104.597903
10.866923,42,1104.906562
11.114615,54,1105.300671
9.75,1,1105.3069
10.846818,27,1105.50259
10.797967,47,1105.844873
10.780989,46,1106.18485
10.611209,36,1106.453651
10.215879,83,1107.074222
11.003636,32,1107.31397
10.848901,50,1107.689486
10.652143,41,1107.998444
10.457253,58,1108.418805
11.162778,23,1108.582668
10.662143,39,1108.866691
10.981703,63,1109.333341
10.690055,51,1113.13355
10.545659,61,1113.581649
10.661667,1,1113.591275
11.018681,60,1114.035182
10.492363,29,1114.247131
10.996429,15,1114.359209
10.865879,51,1114.735427
10.838901,52,1115.115185
10.615879,52,1115.494161
10.655165,36,1115.75602
10.533297,34,1116.00341
10.611209,36,1116.27006
10.577253,34,1116.518755
10.354231,34,1116.772546
10.805,39,1117.063927
10.802857,68,1117.575434
10.93,14,1117.677572
10.899835,53,1118.084759
10.713077,42,1118.398399
10.633077,58,1119.076855
10.59859,29,1119.297204
10.975,5,1119.335194
10.686099,43,1119.648378
10.902381,10,1119.722905
10.399835,55,1120.127254
10.621209,34,1120.377043
10.662143,39,1124.097277
10.358187,42,1124.408735
11.103571,65,1124.884473
10.855879,53,1125.277376
11.285909,41,1125.579367
10.679121,40,1125.876395
10.276319,32,1126.110219
10.797967,47,1126.45799
9.99,2,1126.473611
10.848901,50,1126.84108
10.831923,49,1127.207177
10.696099,41,1127.582563
10.863791,69,1128.094941
10.656667,2,1128.110267
10.454103,22,1128.271458
10.707778,14,1128.377073
10.764011,45,1128.706644
10.848901,50,1129.076121
10.928205,40,1129.367188
10.831923,49,1129.726792
10.758333,15,1129.834828
10.899835,53,1130.236391
10.580275,29,1130.44891
10.557253,38,1130.73119
10.977747,55,1131.139162
10.808889,16,1131.252848
10.533182,17,1131.37733
10.807967,45,1135.247175
10.611209,36,1135.510667
10.978681,68,1136.007906
11.155,9,1136.071629
10.645165,38,1136.351493
10.808889,16,1136.472917
10.516319,33,1136.712529
10.733788,29,1136.926131
10.722273,32,1137.160793
10.507033,43,1137.481973
10.398571,6,1137.525607
10.331923,51,1137.901595
10.734725,59,1138.325582
11.995,1,1138.333624
11.155,9,1138.399187
11.037424,41,1138.698899
10.728333,21,1138.854746
10.606667,12,1138.943446
10.902381,10,1139.019071
10.797143,12,1139.107474
10.722436,35,1139.364104
11.021111,18,1139.495304
10.825641,40,1139.789086
10.591209,40,1140.086926
10.865879,51,1140.46719
10.516319,33,1140.918885
11.985,3,1140.941275
10.608187,41,1141.23942
11.082857,12,1141.326772
10.759091,30,1141.55287
10.468407,25,1141.743156
11.026667,8,1141.801555
10.770989,48,1142.159182
10.909835,51,1142.537155
10.662143,39,1142.825247
10.826813,72,1146.859189
10.664286,10,1146.93518
11.995,1,1146.942564
10.373516,22,1147.107004
10.690055,51,1147.485616
10.723077,40,1147.847531
10.509341,30,1148.082062
10.480989,57,1148.526841
10.696099,41,1148.827564
10.985,3,1148.85014
10.774011,43,1149.169927
11.030549,84,1149.791245
10.971703,65,1150.297487
10.696099,41,1150.605037
10.747033,44,1150.943235
10.934725,68,1151.502365
10.848901,50,1151.952912
11.025659,63,1152.450541
10.848901,50,1152.830089
10.984725,58,1153.269548
10.892857,50,1153.660353
10.656099,49,1154.049594
10.701795,34,1154.307187
10.513333,4,1154.339326
10.743718,41,1158.283121
10.713077,42,1158.62066
10.679121,40,1158.955301
10.764011,45,1159.310219
10.628187,37,1159.61239
10.902381,10,1159.691274
10.581923,50,1160.089578
11.097727,35,1160.389364
10.526319,31,1160.639599
10.899835,53,1161.095588
10.916813,54,1161.539905
11.155,9,1161.611164
10.662143,39,1161.903397
11.018681,60,1162.350627
10.948681,74,1162.895138
10.656667,2,1162.91013
11.070549,76,1163.470981
10.787967,49,1163.830893
10.878182,28,1164.263216
11.323333,2,1164.279395
10.747967,57,1164.704687
10.453077,45,1165.037621
10.926813,52,1165.420164
10.557253,38,1165.697151
10.914725,72,1169.902948
11.198462,68,1170.394233
10.970128,47,1170.748606
10.730055,43,1171.085726
10.859835,61,1171.550084
10.807967,45,1171.890477
10.661667,1,1171.900446
10.882857,52,1172.290476
10.577253,34,1172.537477
10.723077,40,1172.827356
10.926813,52,1173.214176
9.75,1,1173.220397
10.658636,21,1173.375184
10.480989,57,1173.790832
10.639872,31,1174.013854
10.696099,41,1174.317498
10.713077,42,1174.626596
10.887564,43,1174.948004
10.714011,55,1175.349586
10.748681,65,1175.818736
10.492363,29,1176.025717
10.611209,36,1176.293404
11.161667,12,1176.377319
10.747033,44,1176.701893
10.797967,47,1177.038628
10.960556,19,1177.182232
9.99,2,1177.196703
10.662143,39,1181.006071
11.011703,57,1181.426909
10.679121,40,1181.717548
10.691154,31,1181.943451
10.645165,38,1182.222574
10.914725,72,1182.755059
11.011111,20,1182.900336
11.129091,36,1183.163334
10.940909,30,1183.388684
10.790989,44,1183.708573
11.328571,20,1183.855531
10.424451,25,1184.044993
10.496319,37,1184.320628
11.323333,2,1184.335274
11.56,8,1184.392004
10.780989,46,1184.729263
10.812727,43,1185.050712
10.713077,42,1185.362603
10.774011,43,1185.677768
10.706099,39,1186.182257
10.916813,54,1186.580196
10.814945,48,1186.938184
10.706099,39,1187.227881
10.531429,8,1187.285465
10.902381,10,1187.359984
10.534231,47,1187.700544
10.985,3,1187.72239
10.902381,10,1187.797371
10.750989,52,1188.188993
10.713077,42,1188.50085
10.831923,49,1192.4433
10.71,18,1192.580911
10.780989,46,1192.912761
10.594231,35,1193.171856
10.611209,36,1193.471751
10.767967,53,1193.878383
10.611209,36,1194.149108
10.892857,50,1194.556405
10.664286,10,1194.637976
10.848901,50,1195.00482
10.633791,66,1195.489396
10.679121,40,1195.801367
10.737033,46,1196.145766
10.892857,50,1196.570717
10.974725,60,1197.146318
10.458407,27,1197.390787
11.272143,17,1197.582221
10.764011,45,1197.939232
10.645165,38,1198.233407
10.944725,66,1198.749577
10.724011,53,1199.151501
10.706099,39,1199.4407
10.787967,49,1199.804655
10.717033,50,1200.184305
10.758333,15,1200.304964
10.875879,49,1204.17922
11.086593,64,1204.665679
11.183333,30,1204.891216
10.780989,46,1205.228115
10.864725,82,1205.844363
10.752727,24,1206.018824
10.597857,9,1206.085457
10.804945,50,1206.468599
10.69,22,1206.660748
10.917222,21,1206.82048
10.650055,59,1207.260344
10.773718,35,1207.517519
10.953791,51,1207.95869
10.747033,44,1208.28229
10.516319,33,1208.522961
10.846818,27,1208.930739
10.916212,41,1209.276797
10.876593,57,1209.742718
10.819697,30,1209.972896
10.825641,40,1210.276318
10.713077,42,1210.595459
10.615879,52,1210.990819
10.950769,56,1211.518778
10.544945,53,1212.020171
10.662143,39,1216.671687
10.936212,37,1216.967457
10.804945,50,1217.356831
10.730055,43,1217.688815
10.757033,42,1218.009645
10.615879,52,1218.417186
10.645165,38,1218.705898
11.144505,70,1219.233978
10.849615,58,1219.677601
10.787967,49,1220.058863
10.754945,60,1220.503134
10.661667,1,1220.512864
10.656099,49,1220.881504
10.655165,36,1221.158954
10.889835,55,1221.574907
10.679121,40,1221.891478
10.714011,55,1222.307294
10.744011,49,1222.670642
10.780989,46,1223.010715
10.673077,50,1223.378859
10.814945,48,1223.734058
10.893791,63,1224.191511
10.78,4,1224.221193
10.666813,55,1228.04046
10.846282,41,1228.343186
10.39,2,1228.35754
10.458485,29,1228.569582
10.662143,39,1228.863245
10.834945,44,1229.19101
10.525165,62,1229.64234
10.628187,37,1229.919315
10.689121,38,1230.2112
11.755,9,1230.278442
10.609121,54,1230.680646
10.517253,46,1231.017431
10.933791,55,1231.429742
10.683182,27,1231.628671
-1.986429,225,1233.277849
-3.380238,225,1235.152493
10.270714,3,1235.182106
-2.479048,225,1240.746217
10.512778,13,1240.847682
10.863571,13,1240.950075
-3.611429,225,1242.799977
-2.326667,225,1245.103068
-2.171667,225,1248.019132
10.758333,15,1248.195241
11.634286,16,1248.404035
-1.757857,225,1255.882582
-1.915476,225,1258.827058
-2.816667,225,1260.969792
10.071905,40,1261.464177
-2.588095,225,1264.361654
9.570238,216,1270.360669
-2.854762,225,1272.185784
10.534524,95,1272.940574
9.944048,77,1273.507171
-2.105952,225,1275.309575
10.902381,10,1275.386779
-2.105952,225,1277.178885
8.178571,178,1283.073305
11.262143,19,1283.225516
11.313333,4,1283.254942
10.802857,68,1283.779487
10.797967,47,1284.161307
9.864524,82,1284.772883
10.749444,19,1284.927223
10.754524,51,1285.300567
10.155952,76,1285.880838
10.986818,39,1286.406225
11.53,14,1286.542965
10.797143,12,1286.652828
10.257033,44,1287.013922
11.313333,4,1287.049062
11.641667,5,1287.087258
10.554286,72,1287.646693
-2.105952,225,1289.383088
10.710476,56,1289.806199
9.910476,69,1290.336272
10.445714,48,1290.715081
10.618095,44,1294.615001
10.761111,21,1294.766597
10.074524,89,1295.422762
11.143889,29,1295.63503
10.112619,89,1296.325526
10.519762,37,1296.607423
10.585,74,1297.148144
-3.614048,225,1298.791084
11.155,9,1298.861448
-4.781905,225,1300.473588
10.784091,25,1300.65518
10.752857,78,1301.243531
-3.235714,225,1306.303443
10.815455,26,1306.500837
10.330256,16,1306.610911
10.154762,92,1307.299428
-2.623571,225,1308.958138
10.684524,65,1309.434791
9.40619,147,1310.504013
10.328333,1,1310.512905
9.286429,141,1311.5406
10.975,5,1311.579034
10.428571,71,1312.097667
10.706667,72,1312.623286
10.874762,46,1312.952864
10.592143,53,1316.809995
10.79881,65,1317.283184
10.288095,61,1317.718399
9.77381,43,1318.03015
11.155,9,1318.093426
10.506061,20,1318.29009
10.372857,56,1318.708619
10.634524,75,1319.251666
-3.121429,225,1320.870728
10.513333,4,1320.900552
10.505714,36,1321.161467
10.806667,52,1321.549777
10.805,79,1322.123187
10.39,2,1322.136983
10.39619,47,1322.482928
10.410238,48,1322.830086
10.460714,76,1323.391724
10.859444,17,1323.50857
11.052727,44,1323.831681
10.222857,86,1327.884835
10.150476,70,1328.38906
10.437619,42,1328.690659
10.669545,28,1328.891385
10.517381,118,1329.750368
10.702436,39,1330.034139
10.910909,36,1330.29246
-3.037381,225,1331.980352
10.374286,59,1332.408131
10.692619,71,1332.928087
10.732619,63,1333.388876
11.313333,4,1333.417986
9.357381,203,1338.295193
10.74881,75,1338.843116
11.17,6,1338.886785
10.391667,55,1339.290878
11.323333,2,1339.307007
-3.156905,225,1340.950988
10.702381,50,1341.319182
11.026667,8,1341.37585
10.61619,52,1341.75335
10.29,53,1342.134394
10.642143,43,1342.446886
10.777033,38,1342.728381
10.499762,41,1343.028246
10.561905,40,1343.317153
10.846818,27,1343.513605
10.471429,82,1344.104093
10.07881,62,1344.552733
9.75,1,1344.559952
10.92,16,1344.676717
10.622381,66,1345.161973
10.41619,43,1345.479188
10.470476,55,1349.243641
10.674524,67,1349.736768
9.75,1,1349.74373
10.782619,53,1350.126772
10.90119,75,1350.680764
11.031429,68,1351.172999
9.186905,101,1351.904788
10.421515,48,1352.25855
11.365,7,1352.30991
10.640238,51,1352.675854
11.263333,14,1352.778136
10.897222,25,1352.956908
10.734762,74,1353.501601
11.641667,5,1353.538316
10.688333,49,1353.899198
10.656667,2,1353.914667
10.681154,33,1354.155284
10.592857,61,1354.597546
10.940909,30,1354.814487
10.361209,37,1355.102608
10.592143,53,1355.488026
11.283333,10,1355.563179
10.656667,2,1355.577976
10.412381,59,1356.015186
10.297143,94,1360.097822
10.315952,44,1360.414358
10.698333,47,1360.7592
10.436429,58,1361.184768
10.985,3,1361.206712
10.661667,1,1361.21517
10.626429,69,1361.712512
10.746667,64,1362.181013
10.769762,147,1363.248832
10.76881,71,1364.005396
11.026667,8,1364.065715
10.696429,55,1364.459366
11.323333,2,1364.474806
10.455952,65,1364.949787
10.705238,69,1365.450748
10.308333,76,1366.10215
11.026667,8,1366.161106
10.542143,63,1366.617654
10.636429,67,1367.129456
10.789286,105,1371.308748
10.453333,127,1372.230751
10.52381,40,1372.527169
10.584048,47,1372.875142
10.890952,58,1373.297841
10.610238,57,1373.719441
10.814762,58,1374.193111
10.452381,51,1374.562719
10.518571,53,1374.950077
10.655606,32,1375.182927
10.710476,56,1375.59258
10.802857,68,1376.08741
10.54381,36,1376.354405
10.595909,19,1376.492066
10.992619,11,1376.570608
10.351429,44,1376.896999
10.656667,2,1376.910985
10.48881,78,1377.484683
10.565,78,1378.051108
10.793095,89,1378.697573
10.521905,48,1382.447187
10.65619,44,1382.769685
10.564762,59,1383.201115
10.946667,24,1383.373728
11.015556,28,1383.578867
10.814762,58,1384.011099
10.536667,26,1384.200826
10.515714,34,1384.450427
10.182381,56,1384.859619
10.692381,52,1385.238788
-2.105952,225,1386.86561
10.852857,58,1387.291172
10.654286,52,1387.67736
-3.499762,225,1389.312713
10.660238,47,1393.118304
10.399048,66,1393.597174
10.354286,63,1394.05622
10.878182,28,1394.259441
10.51881,72,1394.787177
9.75,1,1394.793415
10.564545,18,1394.928633
10.522619,56,1395.392481
10.582143,55,1395.793077
10.972273,31,1396.018582
10.378095,43,1396.328046
10.726429,49,1396.690884
11.173939,44,1397.021915
10.501667,33,1397.267182
10.674286,48,1397.619121
10.56,48,1397.96876
10.644286,54,1398.358432
11.411667,11,1398.436324
10.495714,38,1398.717099
10.381429,38,1398.991626
10.57881,60,1399.430038
10.863333,94,1400.121307
9.99,2,1400.135374
10.992619,11,1400.215174
10.733788,29,1400.424748
10.506667,63,1404.250916
10.702381,50,1404.611217
10.702381,50,1404.978079
10.658333,55,1405.381419
10.728571,60,1405.816745
10.782619,53,1406.201188
10.996818,37,1406.471267
11.011111,20,1406.615365
10.907143,70,1407.124254
11.155,9,1407.189579
10.807967,45,1407.521838
10.766905,79,1408.094769
10.527143,97,1408.798802
10.652381,60,1409.235449
10.286667,58,1409.658734
10.700476,58,1410.085717
10.721905,8,1410.142755
10.402143,42,1410.454534
10.54381,36,1410.720655
10.638095,40,1411.005439
10.824762,56,1411.416321
10.628095,42,1415.190225
10.766667,60,1415.630878
10.225714,105,1416.398512
10.526319,31,1416.624891
10.60619,54,1417.021229
11.026667,8,1417.077196
11.082857,12,1417.163162
10.486429,48,1417.51993
10.534286,76,1418.073578
10.618095,44,1418.403511
10.842857,60,1418.854238
10.267857,46,1419.18667
10.902381,10,1419.258816
10.467143,109,1420.058402
11.985,3,1420.081091
10.562857,67,1420.570836
10.400476,69,1421.071956
10.887222,27,1421.269133
10.52381,40,1421.561287
10.985,3,1421.583614
10.870952,62,1422.03143
10.917222,21,1422.181536
10.585,3,1422.203063
11.160455,37,1425.891366
10.985,3,1425.920948
10.570275,31,1426.181566
10.732619,63,1426.641664
11.995,1,1426.649969
10.56881,62,1427.118949
10.394286,55,1427.522888
10.598095,48,1427.878395
10.748571,56,1428.281484
10.475385,28,1428.490981
11.56,8,1428.549044
10.448333,48,1428.889521
10.835,73,1429.422031
10.985,3,1429.442713
10.812143,9,1429.509109
10.644286,54,1429.900563
10.424286,49,1430.258133
10.885,63,1430.718965
10.537857,41,1431.022641
10.368095,45,1431.347396
10.561905,40,1431.644071
9.414762,93,1432.313748
10.315952,44,1432.844651
10.667143,69,1433.343076
10.752727,24,1433.515294
10.946667,24,1437.19297
10.736667,66,1437.676565
10.859048,72,1438.197984
-2.105952,225,1439.831523
10.985,3,1439.854992
10.402381,61,1440.299433
10.83881,57,1440.710623
10.674286,48,1441.058617
11.013333,15,1441.169705
11.411667,11,1441.248338
10.742619,61,1441.694754
10.730476,52,1442.072788
10.372619,86,1442.695251
10.561905,40,1442.987182
10.766667,60,1443.42125
10.555952,45,1443.749491
10.64619,46,1444.09095
10.936212,37,1444.3712
10.40619,45,1448.161422
10.475714,42,1448.470781
10.826282,45,1448.796913
10.784091,25,1448.977868
10.661667,1,1448.985235
10.706429,53,1449.367251
10.808889,16,1449.485384
10.370952,64,1449.952074
10.393333,28,1450.157532
10.774762,66,1450.64119
10.585,3,1450.663181
11.995,1,1450.671844
10.919048,60,1451.110083
10.885,63,1451.574319
10.575952,41,1451.873353
10.702381,50,1452.236984
9.834286,167,1453.432608
10.694286,44,1453.749401
11.985,3,1453.772935
10.722381,46,1454.103229
10.813571,74,1454.644774
11.026667,8,1454.702382
10.716429,51,1455.071479
10.989524,84,1459.150717
10.835641,38,1459.425535
10.764762,68,1459.963065
10.46881,131,1460.9217
-3.009762,225,1462.566448
10.630952,61,1463.010665
10.94119,67,1463.493761
10.462381,49,1463.854476
10.650238,49,1464.205746
10.568333,73,1464.744831
10.728571,60,1465.185625
11.995,1,1465.194277
10.440238,91,1465.852253
10.300476,89,1469.933429
10.786667,56,1470.334375
10.734524,55,1470.731898
10.480476,53,1471.111199
10.83881,57,1471.52151
10.664286,50,1471.880804
10.857727,34,1472.12928
10.796667,54,1472.521288
10.83881,57,1472.939168
10.59,42,1473.237454
10.754524,51,1473.610588
11.155,9,1473.679178
10.782619,53,1474.067214
10.670556,17,1474.185829
10.758571,54,1474.576498
10.654286,52,1474.955346
10.77,6,1474.997182
10.475714,42,1475.301848
11.031667,87,1475.934201
10.760714,65,1476.409662
11.17,6,1476.451556
10.45119,5,1476.487153
10.846905,63,1476.946339
10.992619,11,1477.026303
10.500476,49,1480.792513
11.075714,82,1481.39433
10.967381,77,1481.965976
10.702381,50,1482.329419
10.678333,51,1482.710297
10.744524,53,1483.094047
11.017424,45,1483.424572
10.715238,67,1483.922709
9.98,4,1483.951525
11.062857,16,1484.068318
11.026667,8,1484.128685
10.702381,50,1484.489313
10.744524,53,1484.879243
10.47,66,1485.359159
10.410238,48,1485.70574
10.642143,43,1486.101756
10.637273,18,1486.232031
11.365,7,1486.283028
11.17,6,1486.32997
10.78,4,1486.361339
10.768571,52,1486.739247
10.885,63,1487.212833
10.886813,60,1487.649316
10.465,7,1487.702065
10.632143,45,1488.029192
10.786667,56,1491.835558
11.155,9,1491.90171
10.7,20,1492.054458
10.762619,57,1492.470932
11.133333,40,1492.764408
10.784359,38,1493.044066
10.394286,55,1493.443157
10.487619,32,1493.677813
10.408333,56,1494.139004
10.505952,55,1494.537841
10.941429,86,1495.165637
10.830952,70,1495.662545
10.899048,64,1496.126859
11.995,1,1496.135195
10.701795,34,1496.38013
10.57619,60,1496.814984
10.631667,7,1496.868639
10.856905,61,1497.310175
10.955238,68,1497.80322
10.800714,57,1498.215044
10.866923,42,1498.517474
10.960556,19,1498.65747
10.927143,66,1499.204974
10.712381,48,1503.581127
10.770714,63,1504.053773
11.143889,29,1504.275987
11.17,6,1504.321419
10.82881,59,1505.133169
10.638333,59,1505.842988
10.790714,59,1506.552699
10.740476,50,1507.124561
10.578095,52,1507.698036
9.75,1,1507.709075
10.64619,46,1508.34431
10.712381,48,1508.96534
10.513333,4,1509.020364
10.856905,61,1509.807134
10.328333,1,1509.820588
10.78,4,1509.885982
10.768571,52,1510.717618
10.744524,53,1511.353392
10.434286,47,1512.043628
10.898333,7,1512.199427
10.418333,54,1512.921297
11.995,1,1512.935622
10.407143,72,1513.690881
10.455714,46,1514.092393
10.65619,44,1514.439422
10.985,3,1514.465579
10.765476,76,1518.823178
10.579048,79,1519.415092
10.481667,37,1519.691149
10.624048,39,1520.004495
10.957381,79,1520.622229
11.162778,23,1520.797733
10.762727,22,1520.959193
10.380238,54,1521.361135
11.283333,10,1521.435388
10.536667,57,1521.85207
10.716429,51,1522.230068
10.875879,49,1522.597352
11.062857,16,1522.718165
10.557308,27,1522.923454
10.742619,61,1523.375382
10.660238,47,1523.715989
10.433571,39,1524.008729
10.618095,44,1524.379737
10.281905,47,1524.732473
10.661667,1,1524.740577
10.698333,47,1525.08663
10.707778,14,1525.190907
10.716429,51,1525.572808
10.542857,71,1526.095628
10.688333,49,1529.890177
10.800714,57,1530.309954
10.628095,42,1530.611051
10.547857,39,1530.903404
10.710476,56,1531.324075
11.327273,40,1531.621112
9.99,2,1531.637746
11.062857,16,1531.753802
10.774524,47,1532.099431
10.632143,45,1532.435102
10.814762,58,1532.865976
10.706429,53,1533.257521
10.758571,54,1533.661342
10.800714,57,1534.083081
10.768571,52,1534.462344
10.700952,96,1535.167666
10.786667,56,1535.5872
10.632143,45,1535.921046
10.834762,54,1536.322895
10.702381,50,1536.694214
10.134048,88,1537.562977
10.54381,36,1541.321975
11.092222,26,1541.515009
11.026667,8,1541.577828
10.917143,68,1542.099415
10.826667,48,1542.461343
10.721905,8,1542.522623
10.79881,65,1543.01414
10.650238,49,1543.420428
10.744524,53,1543.815233
11.071667,19,1543.95168
10.897564,41,1544.268808
9.75,1,1544.276309
10.780714,61,1544.721627
10.726429,49,1545.085181
10.927381,85,1545.712376
10.768571,52,1546.16455
10.782857,72,1546.693377
10.328333,1,1546.702533
10.551905,42,1547.032932
10.794762,62,1547.488888
10.859444,17,1547.615698
10.702381,50,1547.979467
10.303333,6,1548.027259
10.654286,52,1548.408041
10.698333,47,1548.751281
10.423571,41,1552.57122
10.740476,50,1552.935349
10.698333,47,1553.286853
10.66619,42,1553.593366
10.477619,34,1553.840011
11.191818,38,1554.174536
10.816905,69,1554.686287
10.620952,63,1555.158748
11.025556,26,1555.345852
10.870952,62,1555.839228
10.660238,47,1556.393476
10.971515,36,1556.669332
10.863571,13,1556.76468
10.706667,72,1557.304519
10.780714,61,1557.755197
10.648333,57,1558.182698
10.754524,51,1558.562626
11.353571,15,1558.669419
10.766905,79,1559.243666
10.909545,29,1559.453378
10.862857,56,1559.864658
10.702381,50,1560.231147
11.985,3,1563.781694
11.17,6,1563.826028
10.83881,57,1564.256508
11.183333,30,1564.475092
10.495714,38,1564.75574
10.401429,34,1565.006604
10.491667,35,1565.275465
10.674286,48,1565.662888
10.575952,41,1565.969878
10.352143,52,1566.352373
10.660238,47,1566.702767
10.83881,57,1567.129596
11.162778,23,1567.305602
10.174286,50,1567.670131
10.856905,61,1568.1176
10.561905,40,1568.412861
11.283333,10,1568.483166
10.414286,11,1568.563231
10.662143,39,1568.867722
10.428333,52,1569.243891
10.786667,56,1569.891272
10.654286,52,1570.278701
10.880952,60,1570.723193
11.213333,24,1570.90049
10.664286,50,1571.270795
10.394286,55,1575.174712
10.362143,50,1575.534766
10.899048,64,1576.000225
10.434286,47,1576.355107
10.328333,1,1576.363049
10.754524,51,1576.738744
10.537308,31,1576.970751
10.462381,49,1577.343181
10.608333,65,1577.828549
11.668333,13,1577.922732
11.173095,13,1578.016954
10.617143,128,1578.962878
10.754524,51,1579.337281
10.885238,82,1579.943439
10.758571,54,1580.338505
10.449524,32,1580.575044
10.716429,51,1580.949625
10.800714,57,1581.36873
10.780714,61,1581.809384
10.385,3,1581.830438
10.680238,43,1582.148171
10.615,68,1582.648994
11.262143,19,1586.241854
10.628187,37,1586.515425
10.360952,4,1586.545514
10.477619,34,1586.798818
10.758571,54,1587.198608
10.641667,5,1587.233541
11.365,7,1587.28699
10.59,42,1587.598748
10.752857,78,1588.174176
10.856818,25,1588.354669
10.676667,78,1588.956282
10.458333,46,1589.347681
10.328333,1,1589.357065
10.842857,60,1589.798301
11.263333,14,1589.903174
11.162778,23,1590.066946
10.826905,67,1590.608056
11.995,1,1590.623888
10.768571,52,1591.148396
10.969286,69,1591.655198
10.674286,48,1592.005363
10.786667,56,1592.411037
10.758333,15,1592.52318
10.670238,45,1592.857562
10.686429,57,1593.278639
10.710055,47,1593.62266
10.748571,56,1597.451745
10.507857,47,1597.799729
11.072727,40,1598.09482
10.766667,60,1598.533953
10.539762,33,1598.783172
10.674286,48,1599.141616
10.983333,70,1599.655219
10.474524,58,1600.079582
10.820714,53,1600.47727
10.670238,45,1600.806368
11.313333,4,1600.837347
10.800714,57,1601.255366
10.414762,89,1601.920922
10.856905,61,1602.365011
10.584231,37,1602.638725
10.744762,72,1603.168492
11.104444,28,1603.366934
10.688333,49,1603.718981
10.195714,49,1604.083204
10.814762,58,1604.514174
10.33,45,1604.866403
10.62619,50,1608.776793
10.618095,44,1609.101017
10.704286,42,1609.41371
10.708333,45,1609.750526
11.995,1,1609.75876
10.797967,47,1610.105237
10.764762,68,1610.599178
10.983333,70,1611.122831
10.39619,47,1611.46392
10.824762,56,1611.881029
10.618901,47,1612.224011
10.796667,54,1612.618832
10.636429,67,1613.120087
10.69,22,1613.283174
11.019762,97,1614.04878
10.880952,60,1614.490295
10.702381,50,1614.859344
10.814762,58,1615.497661
10.604048,43,1615.848273
10.390238,52,1616.240487
10.816905,69,1620.357351
10.48381,48,1620.707235
10.683182,27,1620.905314
10.484524,56,1621.328882
10.328333,1,1621.337525
10.800714,57,1621.762696
10.850952,66,1622.244804
11.063571,73,1622.786565
11.641667,5,1622.822245
10.594286,64,1623.295234
10.815238,96,1624.003375
10.674286,48,1624.360938
10.870952,62,1624.817612
10.895,61,1625.271564
10.638095,40,1625.581528
10.891429,96,1626.288841
10.947747,61,1626.747823
11.104444,28,1626.954877
11.17,6,1627.001229
10.82881,59,1627.441025
10.792857,70,1631.452662
10.716429,51,1631.833739
10.477619,34,1632.096408
10.730476,52,1632.475172
10.883095,71,1632.995484
10.716429,51,1633.37054
10.875,65,1633.853727
10.656667,2,1633.86927
10.688333,49,1634.451156
10.720476,54,1634.851287
10.642143,43,1635.169845
10.59,42,1635.478604
10.943095,59,1635.911201
10.94119,67,1636.42235
10.657143,71,1636.944879
10.557857,37,1637.220892
10.709286,72,1637.830835
10.716429,51,1638.219164
10.558889,17,1638.337773
11.985,3,1638.35868
10.702381,50,1638.729995
10.748571,56,1642.566759
10.79881,65,1643.060637
10.772619,55,1643.462988
10.632143,45,1643.792345
10.604048,43,1644.110413
10.575952,41,1644.411051
9.98,4,1644.439656
10.672619,75,1644.997288
10.382143,46,1645.335185
10.848901,50,1645.705093
10.565952,43,1646.025256
10.360952,4,1646.055176
11.062727,42,1646.360518
10.53381,38,1646.643194
10.810714,55,1647.049123
10.400238,50,1647.421686
11.075476,63,1647.882723
10.855,69,1648.383223
10.873333,92,1649.06174
10.463571,33,1649.321104
10.835,33,1649.596408
10.996429,15,1649.704631
10.670238,45,1653.493221
10.80881,63,1654.213258
10.898333,7,1654.263142
10.772619,55,1654.665951
10.550714,58,1655.096412
10.575952,41,1655.394704
10.463571,33,1655.633872
10.722436,35,1655.887695
10.661667,1,1655.896202
10.58881,58,1656.319178
10.546667,55,1656.725004
10.688333,49,1657.081884
10.730476,52,1657.458952
10.58,44,1657.785386
10.726429,49,1658.142927
10.656429,63,1658.623248
10.688333,49,1658.989455
10.39,2,1659.004344
10.606667,12,1659.090511
10.814762,58,1659.515171
10.53381,38,1659.791133
10.893095,69,1660.300494
10.979286,67,1660.793765
10.449524,32,1661.031412
10.578095,52,1664.861847
10.702381,50,1665.239552
10.660238,47,1665.590845
10.856905,61,1666.062902
11.085714,80,1666.648032
10.805,39,1666.973082
11.052692,51,1667.375198
10.561905,40,1667.673996
10.63619,48,1668.029841
10.674524,67,1668.514713
10.716429,51,1668.893158
10.660238,47,1669.236499
11.323333,2,1669.253706
10.664286,10,1669.327202
10.332143,56,1669.733694
10.68,24,1669.909314
10.662381,58,1670.556777
10.642143,43,1670.873857
10.734524,55,1671.275179
10.516667,61,1671.729427
10.555952,45,1672.062997
10.748571,56,1672.489474
10.53381,38,1676.237348
10.800714,57,1676.663197
10.782619,53,1677.055806
10.744524,53,1677.455306
10.661667,1,1677.463156
10.625879,50,1677.83381
10.899048,64,1678.308426
10.754524,51,1678.689011
10.832857,62,1679.149837
10.750476,48,1679.511445
10.562857,67,1680.010452
10.669048,61,1680.460433
11.985,3,1680.48098
10.538095,60,1680.921067
10.64619,46,1681.262427
11.283333,10,1681.333696
10.726429,49,1681.693356
10.910909,36,1681.955047
10.590952,69,1682.463143
10.744524,53,1682.855473
10.842857,60,1683.299194
10.696429,55,1687.182733
10.782619,53,1687.60125
10.74881,75,1688.145123
10.328333,1,1688.153783
10.828333,21,1688.307192
10.547857,39,1688.59391
11.995,1,1688.602747
10.632143,45,1689.151193
10.459524,30,1689.37721
10.879286,87,1690.021791
10.721905,8,1690.080489
10.54381,36,1690.343185
10.575952,41,1690.640713
10.985,3,1690.664913
10.959286,71,1691.19326
10.758571,54,1691.592918
10.867778,22,1691.755082
10.674286,48,1692.120688
10.630476,72,1692.64414
11.985,3,1692.66769
11.283333,10,1692.741556
10.969286,69,1693.242441
10.859444,17,1693.364391
10.585,3,1693.387913
10.660952,104,1694.161768
10.814762,58,1694.588883
10.256667,2,1694.603158
10.776667,58,1698.452241
10.726429,49,1698.809745
10.721905,8,1698.870033
10.604048,43,1699.184484
10.654286,52,1699.565388
10.796667,54,1699.960351
10.772619,55,1700.364054
10.678846,46,1700.698089
10.641667,5,1700.733756
10.561905,40,1701.025379
10.536667,26,1701.21605
10.910909,36,1701.475389
10.758571,54,1701.874872
10.902381,10,1701.951164
10.812143,9,1702.017551
10.763718,37,1702.289258
10.91,18,1702.426476
10.898333,7,1702.479399
10.656429,63,1702.940512
10.996429,15,1703.050563
11.668333,13,1703.143179
10.824762,56,1703.555956
10.863571,13,1703.652679
10.734524,55,1704.061739
10.618095,44,1704.38618
10.640238,51,1704.760815
10.560714,56,1705.191249
10.622143,47,1705.534629
10.782857,72,1709.487062
10.728571,60,1710.13342
10.71,18,1710.264833
11.365,7,1710.315082
10.57,46,1710.651076
11.129762,75,1711.194722
10.649048,65,1711.672876
10.749444,19,1711.81519
10.81881,61,1712.271192
11.323333,2,1712.286824
10.688333,49,1712.645114
10.721905,8,1712.700593
10.895,61,1713.147117
10.786667,56,1713.561981
10.716429,51,1713.955414
10.480476,53,1714.380307
10.842857,60,1714.81265
10.702381,50,1715.18791
10.965238,66,1715.673339
10.875879,49,1716.036379
10.672381,56,1716.44717
10.702381,50,1716.822381
10.78,4,1716.853783
10.733788,29,1720.565072
10.889048,66,1721.050261
10.969286,69,1721.561711
10.64619,46,1721.902436
10.688333,49,1722.260643
10.688333,49,1722.627181
10.909048,62,1723.204554
10.885,63,1723.697986
10.836905,65,1724.185347
10.53381,38,1724.460859
10.825641,40,1724.751174
10.547857,39,1725.038126
10.78881,67,1725.525811
9.99,2,1725.541197
10.328333,1,1725.551244
10.684286,46,1725.929413
10.555952,45,1726.264698
11.323333,2,1726.279613
10.740476,50,1726.649364
10.575952,41,1726.989237
10.65619,44,1727.35067
10.658846,50,1727.711327
10.92119,71,1728.229565
10.819697,30,1731.902375
10.78,4,1731.931031
11.129091,36,1732.192267
10.660238,47,1732.539338
10.710556,20,1732.687191
10.505714,36,1732.955176
10.744524,53,1733.569849
10.34,43,1733.899814
11.97,6,1733.951572
10.684286,46,1734.316832
10.726429,49,1734.677067
11.985,3,1734.699593
10.475385,28,1734.912452
11.253889,27,1735.112898
10.895,61,1735.554734
11.365,7,1735.607064
11.31,9,1735.674995
10.867778,22,1735.836235
10.852857,58,1736.264623
10.578095,52,1736.648801
10.730714,11,1736.727893
10.716429,51,1737.106168
10.597857,9,1737.173578
10.772619,55,1737.576432
10.525714,32,1737.825348
10.561905,40,1738.122231
10.768571,52,1738.514591
10.824762,56,1738.920399
10.898333,7,1738.973335
9.892143,46,1739.310688
10.248571,58,1743.192346
10.805,39,1743.475181
10.680238,43,1743.793511
10.824762,56,1744.21197
10.919048,60,1744.65695
10.513333,4,1744.68668
10.632576,25,1744.872961
-1.936667,256,1746.996979
-1.441667,256,1748.877838
10.585,3,1748.905187
10.534011,42,1749.219731
-1.908333,256,1754.518916
-3.311667,256,1756.391356
10.963333,74,1756.937794
11.213333,24,1757.111121
-2.465,256,1758.979064
11.233182,37,1759.247109
-2.275,256,1761.113696
-3.026667,256,1766.382128
-4.135,256,1768.526915
9.698333,61,1768.983616
-2.898333,256,1770.901935
-2.603333,256,1776.200896
-2.398333,256,1778.08242
-3.098333,256,1780.005548
-2.07,256,1781.892667
9.895,53,1782.284913
10.31,38,1782.568459
10.486667,76,1783.184331
10.812143,9,1783.248867
-2.965,256,1788.647195
-2.28,256,1790.537506
11.283333,10,1790.61117
-3.945,256,1792.488783
-3.255,256,1794.415012
-3.945,256,1799.687284
10.511667,81,1800.283167
10.859444,17,1800.407975
10.675,95,1801.100522
10.185,104,1801.849637
10.17,88,1802.501833
9.983333,92,1803.177008
-4.201667,256,1805.035833
11.252222,34,1805.288278
10.202857,90,1809.621075
10.183333,121,1810.519222
9.96,110,1811.324259
10.166667,91,1811.993981
10.258333,56,1812.39934
10.385,3,1812.420825
-2.441667,256,1814.290994
10.721905,8,1814.352882
11.313333,4,1814.381254
10.223333,122,1815.279963
10.598333,57,1815.693594
10.035,65,1816.171193
11.183333,30,1816.389914
10.001667,134,1820.786587
10.721905,8,1820.847185
10.693077,46,1821.18263
9.99,2,1821.1982
10.02,98,1821.916805
8.748333,144,1822.951168
10.61,58,1823.380038
10.525,45,1823.697369
10.71,78,1824.275378
9.443333,142,1825.312036
10.486667,76,1825.882295
-10.9,256,1827.734213
10.496667,74,1831.769605
8.43,162,1832.953018
10.003333,68,1833.446343
9.99,2,1833.461211
10.656667,2,1833.476067
10.754725,55,1833.869677
10.638333,89,1834.534357
9.851667,95,1835.233806
10.728333,91,1835.89786
10.535,63,1836.372091
10.271667,60,1836.833999
9.99,2,1836.848842
10.985,3,1836.870297
-6.333333,256,1838.938503
10.183333,41,1842.700844
10.7,60,1843.192816
10.573333,92,1843.881297
10.173333,94,1844.57871
10.75,90,1845.239147
10.391667,6,1845.280812
9.896667,67,1845.776554
11.062857,16,1845.943676
10.293333,79,1846.580454
-2.703333,256,1848.60615
11.026667,8,1848.666701
10.72,76,1849.223867
10.335,63,1849.685961
10.618333,53,1850.070901
10.588333,59,1854.037153
10.631667,97,1854.753973
10.788889,20,1854.902503
10.668333,63,1855.369097
10.985,3,1855.391458
10.525,45,1855.730833
10.513333,104,1856.525396
10.221667,50,1856.887202
10.730714,11,1856.968666
10.721364,23,1857.142307
10.29,82,1857.76177
10.77,66,1858.246064
8.978333,167,1859.473267
11.262143,19,1859.611181
10.985,3,1859.63398
10.488333,59,1860.062027
10.038333,51,1860.433816
10.243333,69,1860.944546
10.986111,25,1861.128927
10.825641,40,1861.423443
10.795,71,1865.397449
10.721905,8,1865.598174
10.461795,33,1865.911996
10.023333,95,1866.641324
10.486667,67,1867.146299
10.856905,61,1867.588947
10.77,66,1868.065823
11.323333,2,1868.081135
10.45,50,1868.449665
9.805,142,1869.536678
10.418333,33,1869.77783
10.385,95,1870.474984
10.528333,62,1870.92497
10.71,58,1871.358127
10.655,59,1871.79496
10.571667,49,1872.161827
10.115,38,1872.439132
10.531429,8,1872.499338
10.07,79,1876.546159
10.568333,74,1877.094698
10.245,72,1877.626628
10.596667,54,1878.017066
10.453333,56,1878.430968
10.561667,51,1878.806406
10.445,72,1879.337502
9.98,126,1880.26308
10.376364,12,1880.35064
10.708333,75,1880.896268
10.243333,60,1881.334347
10.513333,4,1881.363164
10.691429,87,1881.996713
10.678333,81,1882.585975
10.783333,70,1883.098588
10.643333,58,1883.523695
10.518333,53,1887.358171
10.715,87,1888.010579
10.196667,65,1888.491308
10.403333,77,1889.055223
10.828333,21,1889.215193
10.628333,51,1889.59517
10.726667,68,1890.269679
10.56,88,1890.912215
10.683333,70,1891.429886
10.595909,19,1891.573153
10.78,84,1892.190915
10.823333,82,1892.78418
10.715,67,1893.28411
11.195714,18,1893.413923
10.533333,80,1894.004149
11.56,8,1894.062779
11.062857,16,1894.179346
10.518333,73,1894.719182
10.781667,67,1898.660342
9.781667,71,1899.170755
10.62,56,1899.57843
10.87,86,1900.220689
10.4,51,1900.591236
-2.28,256,1902.499263
11.323333,2,1902.516602
10.651667,3,1902.538625
10.575,55,1902.94321
10.345,52,1903.325444
10.45,81,1903.917248
10.416667,110,1904.723173
11.026667,8,1904.781656
10.591923,48,1905.136504
10.423333,42,1905.446624
9.973333,125,1909.864635
10.735,103,1910.624135
10.288333,101,1911.362972
11.985,3,1911.386319
10.52881,70,1911.903167
10.54,52,1912.276671
11.003636,32,1912.516673
10.661667,1,1912.524059
10.601667,63,1912.989435
10.384444,12,1913.076941
10.491667,45,1913.405471
10.276667,49,1913.765128
10.718333,73,1914.365087
11.104444,28,1914.797327
10.656667,2,1914.813635
10.731905,6,1914.85731
10.513333,75,1915.406449
10.883333,90,1916.135189
11.173095,13,1916.230349
10.873333,72,1916.760407
9.76,41,1917.061109
10.391667,76,1921.174336
10.836667,66,1921.65362
10.523333,62,1922.106
10.795,71,1922.618484
10.643333,58,1923.049826
10.376667,80,1923.634655
10.421667,90,1924.298511
10.54,52,1924.685511
11.075,25,1924.869348
-2.308333,256,1926.790828
10.613333,64,1927.260752
10.715,67,1927.75696
10.683333,90,1931.86554
10.619048,71,1932.409991
11.143889,29,1932.623239
10.781667,67,1933.119632
10.436667,77,1933.696373
10.681667,67,1934.186611
11.995,1,1934.194361
10.856667,62,1934.673784
10.818333,73,1935.212577
10.436429,58,1935.634166
10.585,3,1935.657814
10.566667,71,1936.179182
10.576667,89,1936.830557
10.519524,80,1937.417161
10.78,4,1937.448157
10.51,69,1938.160134
10.685,53,1938.540142
10.6,71,1939.06316
10.478333,92,1943.161897
10.282619,55,1943.565435
10.631667,57,1943.980216
10.278681,61,1944.422925
10.64,52,1944.806741
10.54,52,1945.186285
11.995,1,1945.193683
10.511667,72,1945.719791
10.396667,34,1945.965393
10.7,60,1946.412778
10.819697,30,1946.632676
10.738333,89,1947.292695
10.3,51,1947.666537
10.739286,66,1948.156135
10.648636,23,1948.325023
10.33,85,1948.948778
9.938333,113,1949.798728
10.57,46,1950.135185
10.733788,29,1950.3427
11.222778,31,1950.568953
10.313333,204,1955.535185
10.515556,8,1955.593934
10.195,1,1955.601504
10.531667,68,1956.107171
10.660909,37,1956.375024
10.783333,70,1956.887239
10.33,116,1957.740779
10.898333,7,1957.789577
10.653333,56,1958.201431
10.458333,96,1958.908916
10.578333,61,1959.352882
10.588333,59,1959.794428
10.745,101,1960.537157
10.45119,5,1960.574483
10.608333,55,1960.980538
10.902381,10,1961.058114
10.39,53,1961.449264
10.57,77,1965.44902
10.627273,20,1965.595314
10.181667,69,1966.127181
10.656667,2,1966.142216
10.661667,91,1967.048383
10.656667,62,1967.549967
10.777967,51,1967.933471
11.466111,29,1968.143353
10.666667,60,1968.583169
10.635,74,1969.12681
9.616667,74,1969.666538
10.676667,58,1970.089755
10.45,50,1970.45472
10.828333,71,1970.971186
10.516667,121,1971.85919
10.546667,44,1972.179167
10.595,51,1972.556758
10.338333,29,1972.768544
10.758333,65,1976.772809
10.797143,12,1976.858833
10.441667,55,1977.265709
10.47,46,1977.608578
10.341667,106,1978.398444
10.615,47,1978.813462
10.571667,49,1979.183176
10.651667,73,1979.721807
10.2,62,1980.175448
10.801667,63,1980.639171
10.048333,189,1982.0299
9.75,1,1982.036695
11.995,1,1982.043843
10.448333,98,1982.78053
10.651667,53,1983.205181
10.802692,52,1983.574824
10.985,3,1983.597574
10.455,39,1983.884108
10.781667,87,1988.17244
11.323333,2,1988.187169
10.266667,171,1989.468566
9.338333,64,1989.93247
10.58,64,1990.396145
10.805,69,1990.906573
11.195714,18,1991.038253
10.383333,50,1991.403177
10.639872,31,1991.633003
10.597857,9,1991.699165
10.395,62,1992.159629
10.731667,77,1992.727355
10.786667,76,1993.28596
10.575,55,1993.693483
10.76,68,1994.187157
11.160455,37,1994.462752
10.544091,24,1994.635107
10.598333,57,1995.054331
10.47,57,1998.915175
10.328333,93,1999.598133
9.766667,53,2000.007244
10.790714,59,2000.442027
10.991667,85,2001.068949
10.615,67,2001.559772
10.566667,71,2002.085493
11.066364,34,2002.334678
10.707778,14,2002.439216
10.565,68,2002.943
10.670513,30,2003.16148
11.995,1,2003.169223
10.461667,51,2003.542714
10.828333,71,2004.073263
10.826667,108,2004.859433
10.595,51,2005.237498
10.825,85,2005.863401
10.698333,57,2009.765421
11.123333,42,2010.073848
10.675,55,2010.470881
10.565,57,2010.890557
10.809697,32,2011.134066
10.666667,60,2011.562617
10.665,57,2011.984348
10.646667,64,2012.458964
10.907222,23,2012.627171
10.733788,29,2012.840965
10.8,80,2013.635279
10.555,70,2014.140524
10.655,59,2014.569075
10.818333,73,2015.114742
10.736667,66,2015.605321
11.995,1,2015.613122
10.386667,76,2016.167227
11.54,12,2016.254309
10.867778,22,2016.412318
10.828333,71,2016.937231
10.866667,80,2020.980849
11.011667,81,2021.582494
10.825641,40,2021.886534
10.735,63,2022.349484
10.68,84,2022.964522
10.793333,68,2023.466654
10.608333,106,2024.241461
10.559615,67,2024.732903
10.746667,64,2025.202148
11.066364,34,2025.451363
10.52,56,2025.890985
10.528333,82,2026.504036
10.556111,11,2026.58542
10.098333,59,2027.033051
11.365,27,2027.229366
10.791667,65,2027.710912
10.797143,12,2027.797453
10.435476,31,2028.028763
10.632576,25,2028.218771
10.721364,23,2028.392534
10.725,85,2032.456892
10.473333,12,2032.546239
10.585,53,2032.950153
10.77,66,2033.445763
10.606667,52,2033.828766
10.812143,9,2033.911453
10.972273,31,2034.181064
11.195714,18,2034.313452
10.93,14,2034.415033
10.653333,56,2034.83376
10.686667,56,2035.250149
10.876667,78,2035.865099
10.55,70,2036.644136
11.093333,48,2037.007179
10.62,56,2037.416821
10.726667,48,2037.77248
10.27,68,2038.278967
11.395,21,2038.428217
10.793333,68,2038.933731
10.69,62,2039.386388
10.41,69,2043.383027
10.26,28,2043.586325
10.655,90,2044.259466
10.639872,31,2044.489894
10.513333,44,2044.819196
10.628333,51,2045.189111
10.401667,54,2045.589031
10.546667,44,2045.939755
10.715,67,2046.430713
10.505,49,2046.789317
10.433333,40,2047.085123
11.189103,75,2047.713474
10.54,63,2048.186059
10.596667,54,2048.584347
10.83,74,2049.133453
10.443333,38,2049.41116
10.992619,11,2049.493532
10.653333,56,2049.913091
10.366667,51,2050.284632
10.631667,57,2050.697354
10.797143,12,2050.783396
11.082857,12,2050.87482
10.51,38,2054.618948
10.476667,98,2055.335794
10.65,50,2055.70352
10.77,66,2056.19138
10.58,44,2056.516909
10.86,108,2057.317507
10.516667,50,2057.68799
10.771667,69,2058.19351
10.224744,24,2058.367214
10.548333,47,2058.713752
10.655,99,2059.671489
10.84,72,2060.200384
10.645165,38,2060.480909
10.768333,63,2060.945987
10.581667,47,2061.293381
10.703077,44,2061.617177
10.47,88,2065.714168
10.898333,7,2065.765233
10.675,55,2066.165998
10.343333,149,2067.259172
10.805,69,2067.763151
10.703333,66,2068.249894
10.334762,56,2068.661963
10.651667,53,2069.052997
10.665,57,2069.469926
11.313333,4,2069.499378
10.828333,71,2070.021964
10.852857,58,2070.454938
10.541429,6,2070.498694
10.484744,21,2070.64717
9.99,2,2070.661175
10.911667,81,2071.255184
11.035,33,2071.506079
10.488333,70,2072.024784
10.985,3,2072.047175
10.358333,76,2072.5991
10.686667,56,2073.009097
10.37,66,2076.956934
10.7,60,2077.40106
10.663333,54,2077.798219
10.985,3,2077.821543
10.451667,64,2078.293133
10.641667,55,2078.697748
10.871667,69,2079.20609
10.548333,47,2079.548683
10.583333,50,2079.919781
10.681667,67,2080.415256
10.491667,56,2080.825895
10.748333,67,2081.321586
10.8,80,2081.92614
10.603333,66,2082.413272
10.345,52,2082.795107
10.496667,65,2083.437829
10.863333,74,2084.013669
10.713333,64,2088.012522
10.396667,34,2088.262235
10.711667,61,2088.709758
11.155,9,2088.775383
10.641667,55,2089.178835
10.883333,70,2089.695571
10.475,55,2090.107183
10.521667,70,2090.620304
10.89,82,2091.21263
10.665,57,2091.624977
10.676667,58,2092.052728
11.323333,2,2092.067286
10.768333,63,2092.533678
10.8,100,2093.263339
10.448333,78,2093.838231
10.465,37,2094.165623
10.800714,57,2094.579174
10.641667,5,2094.613592
10.8,80,2095.194281
10.816667,70,2099.235074
10.531905,46,2099.573809
10.593333,48,2099.93108
10.541429,6,2099.9752
10.587949,26,2100.170721
10.613333,75,2100.732614
10.79,62,2101.184072
10.676667,58,2101.610434
10.49,42,2101.916942
10.658333,65,2102.406243
10.758333,65,2102.886469
10.615,67,2103.380617
10.678333,61,2103.838562
11.323333,2,2103.854925
10.463333,85,2104.469116
10.56,48,2104.823922
10.0,42,2105.131889
10.657879,26,2105.322335
10.784359,38,2105.765587
10.651667,53,2106.221823
10.360952,4,2106.253569
10.7,60,2106.695215
10.740476,50,2110.571387
10.528333,102,2111.3271
11.995,1,2111.335174
10.771667,89,2112.065068
11.995,1,2112.073375
9.75,1,2112.080928
10.688333,59,2112.516761
11.323333,2,2112.532329
11.061667,21,2112.686994
10.698333,57,2113.105891
10.57,46,2113.434895
10.816667,70,2113.954416
10.766667,60,2114.395534
10.627273,20,2114.542989
10.456667,42,2114.850799
10.488333,39,2115.135259
10.866923,42,2115.44254
10.682143,35,2115.699293
10.97,86,2116.331444
10.771667,69,2116.844558
10.77,66,2117.329883
10.648333,78,2117.900563
10.548333,47,2121.725605
10.78,4,2121.756054
10.828333,71,2122.279204
9.995,84,2122.897745
10.83,74,2123.4394
10.605,49,2123.80306
10.686667,56,2124.222629
10.992619,11,2124.302279
10.525,45,2124.631198
10.685,53,2125.020466
10.793333,68,2125.524611
10.686667,56,2125.940302
10.311667,41,2126.237812
10.828333,21,2126.394691
10.895256,54,2126.792043
10.698333,57,2127.209749
10.518333,64,2127.683194
10.743077,36,2127.952995
10.841667,75,2128.708802
10.676667,58,2129.141825
11.995,1,2129.150187
10.656667,62,2133.017285
10.873333,72,2133.550277
10.965,97,2134.270906
10.806667,72,2134.798461
10.191667,87,2135.434757
10.391667,45,2135.77272
10.481667,47,2136.118185
10.501667,43,2136.431041
10.368333,54,2136.828603
10.835,103,2137.581167
10.395,31,2137.812494
10.67,66,2138.293638
10.723333,62,2138.745892
10.793333,68,2139.253419
10.56,48,2139.607453
10.83,74,2140.147362
10.67,66,2144.055435
11.087727,37,2144.32174
10.6,71,2144.842866
10.661667,1,2144.850266
10.508333,66,2145.343176
10.945,81,2145.957435
10.908333,75,2146.503132
10.493333,48,2146.863779
10.730714,11,2146.954298
10.992619,11,2147.039262
10.711667,61,2147.486946
10.861667,71,2148.005081
10.403333,57,2148.422211
10.65,70,2148.94618
10.633333,71,2149.466269
10.745,61,2149.916913
10.768333,63,2150.379219
10.453333,67,2150.87113
10.651667,53,2154.75628
10.78,64,2155.227276
11.112222,22,2155.389552
10.448333,58,2156.118585
10.986111,25,2156.314232
10.860303,34,2156.563638
10.72,56,2156.973857
10.735,63,2157.442253
10.83,74,2157.988721
10.698333,57,2158.409431
10.686667,56,2158.822503
10.556667,73,2159.356906
10.513333,4,2159.387177
10.67,66,2159.87721
10.536667,46,2160.222172
11.062857,16,2160.339084
10.523333,42,2160.655042
10.598333,57,2161.077624
10.63,54,2161.477997
10.852857,58,2161.895349
10.585,53,2162.291271
10.408333,35,2166.059827
10.738333,69,2166.571005
11.026667,8,2166.63006
10.63,74,2167.176563
10.701795,34,2167.425987
11.313333,4,2167.45404
10.793333,68,2167.951993
10.71,58,2168.382795
10.676667,58,2168.820602
10.506061,20,2168.969802
10.758333,65,2169.451448
10.89,82,2170.050242
10.625,65,2170.523593
10.618333,53,2170.911488
10.666667,60,2171.349628
10.741667,75,2171.913995
10.795,71,2172.492241
10.673333,52,2172.872739
10.735,63,2173.333098
10.331667,48,2177.430161
9.75,1,2177.437597
10.583333,50,2177.803192
10.6,71,2178.330245
10.738333,69,2178.836917
10.503333,46,2179.17364
10.755,59,2179.609423
10.631111,16,2179.722579
10.78,4,2179.754244
10.816667,70,2180.26964
10.713333,64,2180.731169
11.155,9,2180.799158
10.747033,44,2181.134699
10.616667,50,2181.508803
10.513333,4,2181.538766
10.735,83,2182.158651
10.793333,68,2182.661904
10.641667,55,2183.058773
10.835,83,2183.662881
10.623333,73,2184.203476
10.565,88,2184.850535
10.735,63,2188.784061
10.585,53,2189.167152
10.92,16,2189.285291
10.58881,58,2189.730587
10.672143,37,2190.005201
10.616667,90,2190.669546
10.711667,61,2191.114776
10.453333,36,2191.381925
9.75,1,2191.388272
10.78,124,2192.300999
10.523333,42,2192.611197
9.75,1,2192.619344
-2.046667,256,2194.506632
10.581667,47,2194.852614
10.453333,36,2195.122495
10.91,18,2195.259198
10.628333,51,2195.635543
10.545,41,2196.163974
10.645,81,2200.198174
10.641667,55,2200.60605
10.988333,79,2201.189339
10.700476,58,2201.61763
10.701667,63,2202.08718
10.346667,55,2202.497391
10.885606,35,2202.751213
10.38,44,2203.074188
10.501667,43,2203.387963
10.664286,50,2203.755182
10.711667,61,2204.202205
10.746667,64,2204.675182
11.995,1,2204.683086
10.453333,36,2204.950728
10.81,78,2205.52142
10.758333,65,2206.032341
10.571667,49,2206.389964
10.305,71,2206.909478
10.63,54,2210.725442
10.933333,80,2211.31376
10.69,82,2211.928513
9.75,1,2211.936702
10.676667,58,2212.368817
10.433889,11,2212.452653
10.665,57,2212.865538
10.79,62,2213.318818
10.985,3,2213.343199
10.63,54,2213.743462
10.748333,67,2214.291556
10.813333,84,2214.917295
10.506061,20,2215.065159
10.661667,51,2215.441847
10.46,48,2215.8049
10.431667,37,2216.142901
10.845,81,2216.735068
10.583333,50,2217.097658
10.408333,35,2217.354097
10.705,69,2217.872809
10.626667,79,2221.900838
10.84,92,2222.578074
10.791667,65,2223.233176
10.538333,49,2223.625668
10.351667,53,2224.021298
10.49,42,2224.322506
10.57,46,2224.663181
10.688333,49,2225.023221
10.893333,68,2225.531971
10.916667,90,2226.211185
10.728333,71,2226.734135
11.995,1,2226.741532
10.816667,70,2227.25507
10.63,74,2227.829831
10.858333,85,2228.453812
10.711667,61,2228.909953
10.573333,52,2229.311326
10.685,73,2233.311323
10.46,68,2233.822626
10.391667,56,2234.232655
10.541667,66,2234.715594
10.385,33,2234.95411
10.603333,66,2235.435187
10.722436,35,2235.687869
10.361667,62,2236.141473
10.641667,55,2236.542989
10.545,41,2236.903881
11.641667,5,2236.943158
10.748333,67,2237.434975
10.643333,58,2237.861867
10.748333,67,2238.348747
10.206667,43,2238.666667
10.970128,47,2239.018091
11.001667,103,2239.782251
10.53,54,2240.183165
11.155,9,2240.250991
10.863333,74,2244.280788
10.771667,69,2244.791192
10.551667,64,2245.454741
10.551667,53,2245.846879
10.725,65,2246.334188
10.513333,44,2246.666296
10.63,54,2247.066504
10.788889,20,2247.215666
10.812143,9,2247.280607
10.29,93,2247.968691
10.873333,72,2248.498546
10.668333,63,2248.957702
10.72,56,2249.374497
10.943791,53,2249.762792
10.711667,61,2250.215427
10.296667,45,2250.545847
10.631667,7,2250.598752
10.780989,46,2250.934972
10.656667,2,2250.950417
10.728333,71,2251.471176
10.403333,57,2255.318777
10.733333,60,2255.75235
10.826667,88,2256.404015
10.76,68,2256.907956
10.585,3,2256.931339
10.606667,52,2257.313871
10.548333,47,2257.65743
10.801667,63,2258.130875
10.985,3,2258.153431
11.755,9,2258.220294
11.191818,38,2258.500943
11.08803,43,2258.821217
10.773333,92,2259.495147
10.783333,70,2260.014888
10.797143,12,2260.104772
10.498333,108,2260.899479
10.91,78,2261.473905
10.596667,54,2261.877995
10.495,51,2262.265601
10.567308,25,2262.446929
10.9,80,2266.470252
10.898333,7,2266.522393
10.805,39,2266.810587
11.195714,18,2266.952819
10.545,41,2267.257256
11.985,3,2267.279169
10.561667,51,2267.650371
10.785,73,2268.189927
10.756667,62,2268.643898
10.538333,49,2269.007176
11.003636,32,2269.247148
10.992619,11,2269.326645
10.496667,54,2269.946132
9.836667,79,2270.530994
10.597857,9,2270.595157
10.881667,87,2271.229639
10.49,42,2271.540721
10.476667,38,2271.82014
10.525,45,2272.149781
10.478333,41,2272.448968
10.398571,6,2272.493988
10.523333,42,2272.805599
10.82,96,2273.514035
11.17,6,2273.558409
10.605,49,2273.93586
10.613333,64,2277.938674
10.805,89,2278.593782
10.995659,69,2279.10247
10.655,59,2279.541706
11.17,6,2279.586942
10.606667,52,2279.970375
11.104444,28,2280.175426
10.885606,35,2280.434721
11.026667,8,2280.495164
11.365,7,2280.545658
10.941667,75,2281.097441
11.985,3,2281.118868
11.323333,2,2281.134702
11.995,1,2281.143171
10.604048,43,2281.458228
10.61,58,2281.891401
10.73,74,2282.442561
10.666667,60,2282.878753
10.781667,67,2283.37021
10.688333,59,2283.800774
10.591667,65,2284.273769
10.653333,56,2284.690696
10.598333,77,2288.71054
10.748333,67,2289.209361
10.961515,38,2289.49231
10.448333,58,2289.923176
10.39,2,2289.939099
10.511667,41,2290.248681
10.791667,65,2290.723195
10.706667,72,2291.253671
10.859444,17,2291.375201
10.7,60,2292.033591
10.735,63,2292.497496
10.593333,48,2292.847831
10.393333,99,2293.58036
10.77,66,2294.074399
10.975,5,2294.113752
10.631667,7,2294.16408
10.871667,69,2294.673175
10.75,70,2295.199175
10.316667,141,2296.24496
10.78,64,2300.135654
10.263333,45,2300.463205
10.77,66,2300.945021
10.121667,30,2301.168905
10.812857,17,2301.337915
11.365,7,2301.403586
10.758333,65,2301.895406
10.826667,68,2302.397656
10.488333,39,2302.683002
10.71,58,2303.110774
10.688333,59,2303.543476
10.858333,85,2304.177808
10.618333,53,2304.563916
10.618095,44,2304.885764
10.758333,65,2305.363341
10.828333,71,2305.938311
11.323333,2,2305.954266
10.77,6,2305.997108
10.76,68,2306.494424
10.605,49,2306.859178
10.675,75,2307.409577
10.785,73,2311.423149
10.791667,65,2311.907168
10.456667,42,2312.222565
10.603333,46,2312.562862
10.867778,22,2312.725353
10.585,3,2312.750097
10.898333,77,2313.313142
10.808889,16,2313.432789
10.618333,73,2313.967337
10.711667,61,2314.419832
10.746667,64,2314.890074
11.17,6,2314.932533
10.51,38,2315.216208
10.651667,53,2315.59919
10.523333,42,2315.908928
10.665,57,2316.539595
10.743333,58,2316.962229
10.83,74,2317.509127
10.902381,10,2317.583168
10.816667,70,2318.106996
10.823333,62,2318.565874
10.805,69,2322.516076
10.775,75,2323.120245
10.546667,44,2323.447867
10.606667,12,2323.536566
10.686667,56,2323.953545
10.688333,59,2324.390747
10.661667,51,2324.765409
10.78,4,2324.79302
11.323333,2,2324.808022
10.745,61,2325.252027
11.641667,5,2325.290443
10.826667,68,2325.792998
10.68,64,2326.286908
10.588333,59,2326.720653
10.606667,72,2327.266898
10.701667,63,2327.742714
10.38,55,2328.145448
10.675,75,2328.700003
10.746667,64,2329.165089
10.42,36,2329.426325
11.353571,15,2329.535163
10.141667,57,2333.443614
10.838333,69,2333.970864
10.985,3,2333.998743
10.660513,32,2334.251464
10.678333,61,2334.695178
10.746667,64,2335.162729
10.77,66,2335.65408
10.735,63,2336.133552
10.778333,61,2336.575169
10.551667,53,2336.968969
10.653333,56,2337.390066
10.713077,42,2337.694998
10.818333,73,2338.228258
10.536667,46,2338.56568
10.715,87,2339.219071
10.77,66,2339.699688
10.608333,55,2340.172109
10.756667,62,2340.833155
10.69,62,2344.712429
10.646667,64,2345.183472
11.755,9,2345.249338
10.408333,35,2345.510185
10.836667,86,2346.165292
10.663333,54,2346.557263
10.797143,12,2346.645383
10.658333,65,2347.127574
10.39,2,2347.143162
10.791667,65,2347.622386
10.7,60,2348.070612
11.006667,92,2348.74718
10.486667,56,2349.161184
10.46,59,2349.589422
10.54,52,2349.971566
10.663333,54,2350.367175
10.93,14,2350.470489
10.768333,63,2350.936442
10.533333,60,2351.378364
10.631667,7,2351.428381
11.183333,30,2351.652433
11.995,1,2351.661837
10.761667,71,2355.645684
10.805,69,2356.154409
10.391667,56,2356.564663
10.385,33,2356.809347
10.656667,62,2357.27116
11.323333,2,2357.286609
11.365,7,2357.338428
10.673333,83,2357.958174
10.686667,56,2358.370656
10.735,63,2358.829084
10.886667,76,2359.383828
10.538333,49,2359.747919
11.995,1,2359.756696
10.793333,68,2360.255491
10.707778,14,2360.375756
10.656667,2,2360.394567
10.66,68,2360.891257
10.815455,26,2361.080371
10.755,79,2361.667591
10.678333,61,2362.337333
10.916667,90,2363.005266
10.606667,52,2363.393313
10.875,75,2367.441568
10.536667,46,2367.786943
10.831667,77,2368.370495
11.995,1,2368.379289
10.826667,68,2368.884564
10.516667,50,2369.264998
10.781667,67,2369.753691
10.678333,61,2370.251175
10.581667,47,2370.599172
10.541667,55,2371.013341
11.283333,10,2371.087163
10.808889,16,2371.203192
10.533333,60,2371.641772
10.656667,2,2371.657911
10.458407,27,2371.859314
10.564545,18,2371.993933
10.535,43,2372.311043
10.898333,7,2372.365829
10.898333,7,2372.414874
10.825,85,2373.035968
11.56,8,2373.094327
11.44381,16,2373.207446
10.698333,57,2373.631368
10.902381,10,2373.703457
10.605,49,2374.067612
10.653333,56,2374.483275
10.71,18,2378.109136
10.763333,74,2378.654763
10.735,63,2379.117116
10.861667,71,2379.641218
10.656667,62,2380.104321
10.571667,49,2380.470654
10.478333,41,2380.787173
10.418333,124,2381.69117
11.411667,11,2381.770103
10.573333,112,2382.623187
10.716667,70,2383.145153
-2.799641,324,2390.685733
-2.541569,324,2393.311547
-2.41085,324,2395.782318
-2.044837,324,2401.57927
-2.668922,324,2404.030285
-2.668922,324,2406.4852
-2.979281,324,2412.370868
-3.959281,324,2414.79115
10.711795,32,2415.033725
-2.799641,324,2417.424364
-3.828562,324,2423.230115
10.190055,53,2423.626642
-2.773497,324,2426.058725
-2.515425,324,2428.479505
-3.233987,324,2434.344765
-3.211209,324,2436.816025
-5.458791,324,2439.242122
-2.246667,256,2441.145422
-2.326667,256,2446.476984
-2.721209,324,2449.163465
-5.710131,324,2451.547435
-3.286275,324,2457.4663
-4.965425,324,2459.876088
8.945952,122,2460.77936
-4.449281,324,2463.18462
-4.184477,324,2469.087304
11.985,3,2469.112912
10.982619,13,2469.207676
-4.191209,324,2471.622063
11.313333,4,2471.653904
-2.904216,324,2474.0502
-3.443137,324,2479.838832
10.465,7,2479.894134
-3.518203,324,2482.293049
-3.237353,324,2484.691372
-2.62,324,2490.513988
-2.616634,324,2492.928487
-3.413627,324,2495.61897
-3.002059,324,2501.42349
9.99,2,2501.439429
10.812143,9,2501.507631
-2.675,289,2503.629988
-3.877484,324,2506.031689
-5.354216,324,2511.808222
-3.929771,324,2514.256995
-5.066634,324,2516.698724
10.513333,4,2516.730712
-3.619412,324,2519.133343
-3.132778,324,2525.006621
-2.436993,324,2527.621722
10.472273,33,2527.862983
11.011111,20,2528.006424
-6.125065,324,2530.425688
-4.344706,324,2536.258826
10.902381,10,2536.330803
-3.136144,324,2538.714508
-5.190621,324,2541.107682
9.728187,70,2545.039453
-3.077124,324,2547.418467
-3.05098,324,2549.850263
10.312857,68,2550.353579
-5.635065,324,2556.339845
-5.791928,324,2558.730903
-2.508529,289,2560.907171
-2.616634,324,2563.318456
-2.923627,324,2569.209987
-4.58,324,2571.593153
-2.358562,324,2574.035168
-2.949771,324,2579.84893
-2.665556,324,2582.251867
11.052857,18,2582.389977
10.985,3,2582.413789
-3.181699,324,2584.821142
-3.616046,324,2590.701549
9.65,192,2592.136184
-4.569902,324,2594.518405
-5.164477,324,2600.34607
-2.875882,289,2602.475277
10.458485,29,2602.691442
-2.792908,324,2605.059377
10.631795,48,2605.411463
-2.489281,324,2607.997489
-3.959281,324,2613.972784
-4.390261,324,2616.718433
-4.730131,324,2619.423499
-4.386895,324,2625.846264
-4.027614,324,2628.271492
10.940909,30,2628.534471
-3.903627,324,2630.939768
-3.713889,324,2636.814225
10.878182,28,2637.015169
10.164286,52,2637.390065
-3.537614,324,2639.799408
9.122745,103,2640.566696
7.623824,295,2646.158046
10.815,37,2646.421463
9.469608,163,2647.635527
8.124542,270,2649.613299
-3.671699,324,2652.049812
9.229608,211,2657.012987
10.328333,1,2657.021816
10.341667,16,2657.134956
11.97,6,2657.181907
9.898529,136,2658.208078
10.902381,10,2658.280831
9.275392,194,2659.911173
8.931895,183,2661.248727
9.66768,175,2662.552017
9.279248,139,2663.567465
10.057451,65,2664.044731
7.870327,264,2669.451167
10.730714,11,2669.532658
8.519248,193,2670.943083
-3.158922,324,2673.335302
-3.743399,324,2675.73054
9.976111,178,2680.528548
8.50768,309,2682.816706
10.138187,37,2683.091185
10.910909,36,2683.351828
11.365,7,2683.403056
-3.884216,324,2685.797277
9.996471,187,2690.631171
10.128529,90,2691.286551
-4.177745,324,2693.657175
10.607273,24,2693.829112
9.161895,137,2694.902267
-6.739052,324,2697.294978
9.656111,144,2701.845345
10.902381,10,2701.918279
-2.280131,324,2704.539382
10.808889,16,2704.6563
10.159608,74,2705.209143
10.251176,89,2705.870788
9.971895,122,2706.781007
10.178529,80,2707.36779
10.204673,80,2707.963183
10.78,4,2707.992905
-2.377974,324,2713.83449
10.321895,101,2714.577159
-3.312418,324,2716.993856
10.465392,103,2717.750542
7.498529,273,2719.747186
10.166601,85,2723.777716
10.044542,131,2724.734039
11.294444,30,2724.954266
9.988889,82,2725.557705
10.236242,58,2725.988183
10.146242,76,2726.544147
10.362386,87,2727.194221
10.115033,111,2728.006457
10.108889,107,2728.793581
11.162778,23,2728.968721
-2.949771,324,2734.76921
9.631405,196,2736.221595
11.995,1,2736.230566
9.850098,81,2737.027128
7.212745,289,2739.165695
11.18,4,2739.195852
10.358039,99,2739.915195
9.99,2,2739.929397
10.574183,110,2740.725663
10.556961,69,2741.233582
9.899739,58,2741.657961
10.02817,97,2745.850243
9.950817,87,2746.503509
10.269091,30,2746.722553
-2.479183,324,2749.12649
10.808889,16,2749.244923
10.566961,67,2749.738694
11.021111,18,2749.86773
11.56,8,2749.927042
9.749379,75,2750.487269
9.975752,165,2751.702462
11.995,1,2751.709783
10.428529,79,2752.29916
10.553333,56,2752.714924
10.75881,73,2753.255163
9.913105,105,2757.600968
10.975,5,2757.637149
10.261667,82,2758.239401
11.272222,30,2758.473295
9.031536,150,2759.631114
10.379967,141,2760.679178
9.111536,134,2761.674081
9.693595,143,2762.757607
10.77,6,2762.812798
9.271895,213,2764.418191
11.011111,20,2764.564709
9.575033,170,2769.515194
-5.272418,324,2771.914687
11.104444,28,2772.123212
10.591667,15,2772.231738
10.656667,2,2772.246927
10.024183,122,2773.141052
9.742255,132,2774.1385
10.805455,28,2774.363045
9.553464,190,2775.783185
9.833105,72,2779.728804
9.415752,179,2781.049126
9.932614,156,2782.19118
9.034542,186,2783.573119
10.27,68,2784.075384
10.234314,61,2784.520008
10.424183,140,2785.556147
9.515392,146,2786.630881
10.03902,53,2790.429361
11.995,1,2790.438264
10.656111,91,2791.112168
9.999608,106,2791.874575
7.915752,283,2793.96653
9.481895,122,2794.865808
10.128529,90,2795.52552
10.334542,122,2796.424421
9.194542,252,2801.785012
10.33781,71,2802.309396
10.419248,107,2803.309463
10.599248,71,2803.833571
9.511176,139,2804.851043
11.375,5,2804.888817
8.973824,221,2806.532213
10.93,14,2806.638755
10.083824,97,2807.368395
10.366961,107,2808.158872
10.503105,85,2808.780258
11.026667,8,2808.836674
10.300327,121,2813.148201
10.553464,88,2813.794441
-3.057712,324,2816.283498
10.478889,82,2816.889075
11.011111,20,2817.03709
10.229608,109,2817.837006
10.436961,93,2818.534812
9.564183,116,2819.389617
10.442026,58,2819.826182
10.476242,59,2823.753691
9.886242,79,2824.336376
10.799697,34,2824.589141
10.218399,140,2825.63395
10.440817,87,2826.52774
10.420327,97,2827.25521
11.112222,22,2827.459212
9.783824,108,2828.261397
10.641667,5,2828.297546
10.664286,10,2828.369703
10.023824,158,2829.548725
10.65768,75,2830.108207
10.280817,70,2830.621171
10.471176,94,2831.321263
10.415392,113,2835.610074
9.052745,166,2836.840725
10.033105,81,2837.498939
10.813974,60,2837.935185
10.905,10,2838.007177
10.519762,37,2838.283172
9.91683,118,2839.154619
9.99,2,2839.170471
11.173095,13,2839.265784
10.323235,53,2839.657763
10.540714,60,2840.103551
9.864673,148,2841.194784
11.323333,2,2841.209297
9.835033,167,2842.432066
10.158039,90,2846.550772
10.357451,54,2846.950125
10.080817,110,2847.774333
9.912974,173,2849.063475
10.419248,107,2849.854705
11.262143,19,2849.994379
10.386471,109,2850.803178
9.995261,167,2852.037434
11.001703,59,2852.470598
10.630686,117,2853.332441
10.454542,98,2857.457172
9.599477,254,2859.563222
10.122386,86,2860.196943
10.070817,63,2860.66009
10.581046,140,2861.707032
10.236961,84,2862.335155
9.727353,134,2863.326567
10.503824,61,2863.782088
10.17,37,2864.051021
11.026667,8,2864.109109
10.485392,99,2864.8379
-2.695065,324,2870.676631
11.995,1,2870.68655
10.096242,86,2871.319169
-3.6,324,2873.719381
10.639608,76,2874.345176
10.273333,43,2874.660929
10.205392,106,2875.44977
10.788889,20,2875.594716
10.202745,83,2879.663181
10.19768,118,2880.537614
10.784091,25,2880.722875
10.867778,22,2880.884572
10.573464,84,2881.501284
10.36768,84,2882.123376
9.463824,172,2883.387162
11.232778,29,2883.599173
10.866923,42,2883.916841
10.099608,86,2884.545901
10.449248,101,2885.288462
10.897143,72,2886.077104
9.879118,283,2891.675535
10.575033,68,2892.229769
10.438039,83,2892.844166
10.170458,79,2893.421023
10.58768,89,2894.086041
10.661667,1,2894.093459
11.006429,13,2894.189271
10.361176,67,2894.682734
10.083105,120,2895.566385
10.268529,111,2896.381477
10.344673,101,2897.169444
10.542745,64,2897.640921
10.518529,61,2898.087258
10.359608,83,2902.104095
10.494673,71,2902.63442
10.603105,65,2903.115231
10.10683,129,2904.066411
10.535033,76,2904.625375
9.75,1,2904.63188
10.634183,98,2905.355167
10.775,85,2905.979746
9.679379,89,2906.64232
10.536111,115,2907.507699
10.60732,72,2908.046824
10.78,4,2908.074733
9.400327,203,2912.999479
10.157451,45,2913.334758
10.503105,85,2914.175329
10.589967,99,2914.9061
10.611536,79,2915.496873
10.992619,11,2915.574613
10.081176,74,2916.119177
9.819739,74,2916.679266
10.585,3,2916.701989
10.429608,118,2917.590726
10.330256,16,2917.708909
10.582059,63,2918.182448
9.993824,115,2919.036575
10.306961,70,2919.550587
10.975,5,2919.587185
11.155,9,2919.655182
10.358333,56,2920.073782
10.356242,83,2924.161757
9.894542,161,2925.343176
9.835523,63,2925.809618
11.011111,20,2925.972383
10.453105,95,2926.69329
11.112222,22,2926.856731
10.102614,122,2927.777645
10.37732,69,2928.289303
10.36817,78,2928.862378
10.040458,56,2929.274112
10.702255,87,2929.914351
9.889379,47,2930.261326
10.549248,81,2930.862181
9.75,1,2930.868475
11.995,1,2930.877995
10.735,63,2931.341627
10.819697,30,2931.561944
10.223464,105,2935.788925
11.995,1,2935.797628
11.365,7,2935.847041
10.266242,52,2936.242753
10.346667,55,2936.647948
10.77,6,2936.691172
11.995,1,2936.699847
10.794394,29,2936.919227
10.936813,50,2937.285012
10.576667,118,2938.168225
10.26732,91,2938.8383
10.78,4,2938.867184
10.605392,75,2939.42647
10.638399,105,2940.208706
10.153824,83,2940.826792
10.382386,83,2941.430496
10.525752,104,2942.402914
9.982745,78,2946.445573
10.603824,91,2947.112848
10.513333,4,2947.144287
10.270714,3,2947.166801
10.376364,12,2947.257342
9.649248,114,2948.130572
10.93,14,2948.234708
10.646471,106,2949.029581
10.498529,65,2949.503293
10.611895,92,2950.180824
10.242614,192,2951.597973
10.626471,110,2952.533156
10.601536,81,2953.132901
10.258399,181,2958.077778
10.510817,73,2958.619188
10.298399,124,2959.541088
10.438039,83,2960.15688
10.603824,91,2960.825359
10.218529,72,2961.355169
10.654286,12,2961.442874
-2.436993,324,2963.848847
10.590686,125,2964.97353
10.283235,61,2965.425141
11.263333,14,2965.526216
10.300098,89,2969.649187
10.545455,31,2969.873985
10.555752,98,2970.606058
10.383824,86,2971.237391
10.78,4,2971.265574
10.42719,176,2972.58147
10.606111,101,2973.331043
9.792614,135,2974.332343
10.239248,94,2975.030311
10.21817,59,2975.469834
10.593464,80,2976.066134
11.129286,17,2976.190474
10.260458,61,2980.095183
10.699608,64,2980.56893
8.541176,235,2982.312774
10.545392,87,2982.952818
10.986111,25,2983.137819
11.995,1,2983.146002
11.263333,14,2983.247385
10.506601,66,2983.7345
10.414542,155,2984.873851
10.589967,99,2985.612907
11.97,6,2985.658055
10.248039,121,2986.59494
10.454314,66,2987.099118
10.620588,70,2987.614968
10.504542,137,2992.069529
10.579967,101,2992.830099
11.95,10,2992.902174
10.624902,126,2993.827451
11.995,1,2993.836564
11.54,12,2993.940656
10.33781,71,2994.497826
10.174183,92,2995.16972
11.071667,19,2995.311052
10.908205,44,2995.632855
-2.515425,324,2998.244493
10.589608,86,2998.88825
10.636111,95,3003.025303
10.353954,73,3003.560598
10.253105,86,3004.191464
11.066364,34,3004.447171
9.641176,113,3005.282502
10.523464,94,3005.994531
10.694183,86,3006.653659
9.75,1,3006.660681
10.471667,60,3007.107182
10.351307,50,3007.470292
10.301307,60,3007.914886
10.097549,157,3009.065041
10.65,70,3009.591976
10.645752,80,3013.660213
10.838333,19,3013.79736
10.422255,143,3014.862329
10.591667,15,3014.973084
10.975,5,3015.013763
10.595,1,3015.021023
11.56,8,3015.081558
10.490817,77,3015.652988
10.543105,77,3016.229614
10.842857,60,3016.677323
10.600686,123,3017.684158
10.740686,95,3018.394196
10.56719,148,3019.490116
10.643889,31,3019.719156
10.273105,82,3020.329077
9.854183,107,3021.172011
10.861667,71,3025.131969
10.540817,67,3025.62275
10.63732,66,3026.301354
10.940909,30,3026.515525
11.323333,2,3026.530557
10.985,3,3026.552569
10.402745,92,3027.222751
10.323464,85,3027.855975
10.409967,86,3028.486845
9.75,1,3028.494219
10.273464,95,3029.184366
10.571176,74,3029.730627
10.808889,16,3029.846565
10.492386,61,3030.294918
10.721364,23,3030.459009
9.942614,105,3031.229051
10.902381,10,3031.298857
10.59768,87,3031.952396
10.595909,19,3032.092747
9.963105,95,3036.277673
10.78683,91,3036.959257
10.611405,147,3038.056397
10.398399,104,3038.825227
10.386601,90,3039.49145
10.428529,79,3040.080267
10.553464,88,3040.731461
10.556961,69,3041.244762
10.652255,97,3041.974703
10.398571,6,3042.019156
10.718758,102,3042.773909
10.614542,115,3047.104142
10.224673,125,3048.036452
10.797143,12,3048.12564
10.392386,81,3048.730837
10.444673,81,3049.332559
10.681895,78,3049.90733
10.623464,74,3050.459179
10.618636,51,3050.838174
10.425033,98,3051.560341
10.576667,89,3052.214642
10.613464,76,3052.995566
10.516242,51,3053.37845
10.49732,94,3054.128713
10.131536,77,3054.700566
10.480817,79,3058.763176
9.731895,219,3060.387964
10.489248,93,3061.073818
10.555752,98,3061.804446
10.486242,57,3062.231173
10.592353,58,3062.665753
10.733788,29,3062.881863
10.409967,86,3063.520052
10.525033,78,3064.113197
10.689121,38,3064.396976
10.400098,69,3064.91115
10.379967,92,3065.588783
10.563105,73,3069.595194
10.772619,55,3070.007172
10.345882,72,3070.544484
10.204542,197,3072.018718
10.519248,87,3072.663169
10.519967,113,3073.498612
11.025556,26,3073.693729
10.133464,172,3075.177683
10.482386,63,3075.637728
10.101667,64,3076.111173
10.418399,100,3076.853844
10.657222,13,3076.985212
10.264804,49,3080.821617
10.122026,73,3081.408037
10.876905,57,3081.830269
10.44732,104,3082.605606
9.75,1,3082.613256
10.885606,35,3082.875197
10.662255,95,3083.576617
10.788889,20,3083.724188
10.353824,92,3084.411179
10.051895,155,3085.564395
10.248758,98,3086.320464
10.154314,77,3086.894881
11.313333,4,3086.925695
10.141895,186,3088.313092
10.898333,7,3088.363367
9.788399,128,3092.791879
10.450458,72,3093.328505
10.316111,159,3094.500605
10.688333,49,3094.854713
10.573464,84,3095.482798
9.730817,82,3096.086859
10.548889,68,3096.584591
10.797143,12,3096.675144
10.660327,98,3097.409755
10.288889,71,3097.949272
11.155,9,3098.015321
10.66683,115,3098.871877
10.682614,104,3103.114667
10.499118,159,3104.297262
10.571895,100,3105.033734
10.514091,30,3105.252687
11.641667,5,3105.291125
10.577253,34,3105.539222
10.602255,107,3106.36188
11.173095,13,3106.452783
10.656667,2,3106.469298
10.205261,125,3107.423248
10.448039,81,3108.223268
10.259967,116,3109.074078
-2.564346,324,3114.945746
10.419967,84,3115.567182
10.582974,137,3116.62275
11.129286,17,3116.747187
10.468889,84,3117.374559
11.011111,20,3117.526301
10.328333,1,3117.535093
10.221176,95,3118.239124
10.28768,100,3118.977201
9.816471,174,3120.253578
10.731905,6,3120.298596
10.898333,7,3120.347403
10.59732,74,3120.901529
10.684902,114,3121.740946
10.433105,99,3125.927316
10.860303,34,3126.191002
10.042255,121,3127.084548
10.582255,111,3127.927954
10.553824,101,3128.685229
10.838333,19,3128.825794
10.442026,58,3129.253207
10.803333,86,3129.887084
10.406111,92,3130.558811
10.428333,51,3130.932537
10.656111,91,3131.613183
10.259967,116,3132.694236
11.065,27,3132.896666
10.325033,69,3136.808595
10.131895,90,3137.52653
10.455033,92,3138.21118
10.541405,161,3139.406157
10.593333,148,3140.501709
10.614183,102,3141.257234
11.082857,12,3141.345315
10.462026,54,3141.746986
10.252778,5,3141.78486
9.75,1,3141.791831
10.730327,84,3142.417965
10.523105,81,3143.018861
10.549608,94,3143.721537
10.115163,43,3144.037898
10.679967,81,3148.105151
10.288889,71,3148.629661
10.619608,80,3149.236472
10.692255,89,3149.89771
10.724542,93,3150.630281
10.59732,74,3151.180803
10.758399,81,3151.777989
10.565033,70,3152.306515
10.357092,41,3152.605649
10.663824,79,3153.198065
10.315033,71,3153.722837
10.47683,104,3154.492498
10.769091,28,3154.70121
10.446111,84,3155.342699
10.741405,121,3159.718849
10.609608,82,3160.330495
11.641667,5,3160.365574
11.313333,4,3160.397802
11.025556,26,3160.589619
10.284183,119,3161.477238
10.400098,69,3162.126319
10.910909,36,3162.463159
10.588095,50,3162.829925
10.589608,86,3163.464682
11.026667,8,3163.524673
10.655752,78,3164.102563
9.946242,116,3164.955176
10.123464,125,3165.917217
10.540817,67,3166.416013
10.310817,64,3170.380678
11.313333,4,3170.409747
9.90768,78,3170.986386
10.269248,88,3171.629465
9.971536,109,3172.440267
11.253889,27,3172.638075
10.466961,87,3173.27686
10.365752,87,3173.936738
10.902381,10,3174.044595
10.664902,118,3174.919444
11.341111,34,3175.175678
10.676111,87,3175.81582
10.571176,74,3176.372923
10.615752,86,3176.999326
9.340327,166,3181.638666
10.432386,73,3182.176386
11.061667,21,3182.330751
10.513105,83,3182.943168
10.494314,58,3183.370486
10.524902,97,3184.083179
10.339248,74,3184.632717
10.927143,66,3185.117857
10.430458,76,3185.67574
10.631536,75,3186.434901
10.535392,89,3187.092926
10.589248,73,3187.636467
9.984183,179,3192.364612
9.990327,134,3193.362744
10.548889,68,3193.86685
10.405882,60,3194.315045
10.365752,87,3194.953898
10.985,3,3194.978424
10.613464,76,3195.539227
10.62732,68,3196.048818
11.036667,6,3196.093882
11.026667,8,3196.153761
10.128758,122,3197.077461
10.563464,86,3197.719238
10.552974,143,3198.83828
11.066364,34,3199.087168
10.625752,84,3199.709707
9.906111,143,3204.226186
10.51768,103,3204.997997
10.740686,95,3205.704773
11.056364,36,3205.972413
10.640327,102,3206.732475
10.553297,30,3206.959102
10.224183,82,3207.573161
10.482614,95,3208.276904
10.398039,91,3208.957795
10.531176,82,3209.56824
10.659967,85,3210.192838
10.730327,84,3210.861547
10.468758,103,3215.077841
10.655752,78,3215.657476
10.663824,79,3216.458467
10.779091,26,3216.650511
10.744524,53,3217.04049
10.720327,86,3217.675995
10.638039,92,3218.364519
10.379231,29,3218.579648
10.263105,133,3219.558487
10.815455,26,3219.753477
10.834945,44,3220.077765
10.483105,89,3220.730872
10.679967,81,3221.327188
10.571405,106,3222.133742
10.478889,82,3226.226385
10.208529,74,3226.787194
10.474524,58,3227.224464
10.836176,71,3227.741402
10.065033,72,3228.271201
9.564804,42,3228.586163
10.115033,111,3229.411444
10.748399,83,3230.029169
10.694542,99,3230.759589
10.917222,21,3230.918706
10.479118,114,3231.767188
10.67768,71,3232.295192
10.288889,71,3232.820654
10.645165,38,3233.09595
11.024444,44,3233.423384
10.902381,10,3233.496078
10.573105,71,3237.474057
10.730714,11,3237.561517
10.452026,56,3237.96961
10.704183,84,3238.602954
10.528889,72,3239.136997
9.504183,128,3240.07716
10.76683,95,3240.783206
10.686471,98,3241.515356
10.333954,77,3242.311188
10.642143,43,3242.631311
10.475033,88,3243.293108
10.606667,52,3243.674953
10.286961,123,3244.575336
10.77,66,3248.563326
10.288333,81,3249.166053
10.292059,172,3250.43759
10.644183,96,3251.134638
10.556961,69,3251.645495
10.641536,73,3252.191612
10.545752,100,3252.92526
10.101667,64,3253.389615
10.500458,62,3253.846155
10.413954,61,3254.298383
10.510458,60,3254.74427
10.702255,87,3255.38935
10.936212,37,3255.661682
10.561176,76,3259.775929
11.313333,4,3259.805051
10.424314,72,3260.342393
10.656667,2,3260.357339
10.429118,74,3260.906587
10.720055,45,3261.237191
10.651536,71,3261.770806
10.708758,104,3262.547161
10.399739,56,3262.965547
10.589248,73,3263.497812
10.721905,8,3263.555335
11.313333,4,3263.583438
10.215392,104,3264.348184
10.645752,80,3264.943511
10.656667,2,3264.959023
10.529118,104,3265.902518
10.620686,119,3266.788936
10.670556,17,3266.910743
10.533824,55,3270.775182
10.78,4,3270.807194
10.548758,136,3271.821549
10.30902,48,3272.184736
10.523105,81,3272.790343
10.508529,63,3273.258228
10.335641,40,3273.545159
10.992619,11,3273.623577
10.429967,82,3274.23256
10.525392,91,3274.916049
10.474673,75,3275.502957
10.797143,12,3275.589477
10.997381,71,3276.112238
10.414183,93,3276.796695
11.985,3,3276.823322
10.402255,98,3277.552835
10.266601,65,3278.039172
10.659967,85,3282.23941
10.599248,71,3282.759442
10.363464,77,3283.329939
10.492386,61,3283.7871
10.681154,33,3284.030749
11.323333,2,3284.046786
10.462745,80,3284.637844
10.631111,16,3284.756866
10.699967,77,3285.325445
10.975,5,3285.361974
11.17,6,3285.405209
10.296601,59,3285.854737
10.400327,101,3286.613001
10.898333,7,3286.665029
10.523529,60,3287.120957
10.688399,95,3287.830857
10.508529,63,3288.299854
10.549248,81,3288.909235
10.565033,70,3289.425117
10.282745,67,3293.321132
10.762727,22,3293.482337
11.026667,8,3293.545451
10.498529,65,3294.07919
10.585909,21,3294.237033
10.611895,92,3294.916641
10.686111,85,3295.550893
9.99,2,3295.566616
11.323333,2,3295.580354
10.828333,21,3295.731667
10.512745,70,3296.460787
10.680686,107,3297.25788
10.62768,81,3297.859188
10.889048,66,3298.349726
10.419739,52,3298.733359
10.39768,78,3299.312798
10.464673,77,3299.876189
10.975,5,3299.914025
10.393954,65,3300.397758
10.255261,115,3304.700684
10.548889,68,3305.20149
10.77598,135,3306.210193
10.326471,170,3307.471215
11.995,1,3307.478365
10.21866,53,3307.892974
10.940909,30,3308.115586
11.061667,21,3308.270622
10.605752,88,3308.916869
10.658039,88,3309.56888
10.083595,65,3310.051297
10.573105,71,3310.581221
11.143889,29,3310.798073
10.55732,82,3311.412804
10.618095,44,3311.741811
10.603824,91,3315.883002
10.549248,81,3316.478668
10.563824,99,3317.216776
10.464183,83,3317.838076
10.660513,32,3318.076545
11.263333,14,3318.180883
10.660686,111,3319.063107
10.512386,57,3319.47771
10.530458,56,3319.89117
10.140686,215,3321.68078
10.977381,75,3322.246343
10.676111,87,3322.883679
10.867778,22,3323.047173
10.576961,65,3326.971527
10.323105,72,3327.507485
10.480458,66,3328.005277
10.764524,49,3328.364874
11.129286,17,3328.488651
10.508529,63,3328.965189
10.532745,66,3329.457754
9.408758,315,3331.800805
10.422026,62,3332.258792
10.633464,72,3332.791249
10.451176,98,3333.523191
10.975,5,3333.55945
10.444183,136,3337.987861
10.611765,60,3338.433555
10.548889,68,3338.937464
10.613464,76,3339.523274
11.668333,13,3339.642826
10.49,42,3339.954922
10.898333,7,3340.00725
10.333824,96,3340.717662
10.591176,70,3341.236344
10.565392,83,3341.846707
11.411667,11,3341.937182
10.425392,111,3342.744727
10.616111,99,3343.479174
10.562255,115,3344.386417
10.558889,66,3344.879308
10.888182,26,3345.067321
10.666667,60,3349.037506
10.161667,52,3349.425175
10.645165,38,3349.71027
11.17,6,3349.753871
10.376601,92,3350.434563
10.195,1,3350.443182
10.660909,37,3350.714473
10.701895,74,3351.469968
10.583105,69,3351.993858
10.561536,89,3352.650818
10.706111,81,3353.250933
10.354183,105,3354.067487
10.895621,98,3354.809458
10.530817,69,3355.322406
10.530327,124,3356.28872
10.991703,61,3360.186388
10.684542,101,3360.943703
10.395523,49,3361.3133
10.453954,53,3361.703448
10.383464,73,3362.256644
10.286601,110,3363.071179
9.75,1,3363.079021
10.739118,61,3363.529835
10.536471,128,3364.509521
10.668039,86,3365.147152
10.548889,68,3365.655374
10.927143,66,3366.152306
11.641667,5,3366.191396
10.58768,89,3367.04062
10.178889,93,3367.737318
10.633824,85,3371.805561
10.634183,98,3372.536671
10.52683,143,3373.600575
10.960556,19,3373.741373
10.175882,57,3374.165057
10.63683,121,3375.059167
10.503693,130,3376.019797
10.466471,142,3377.076009
10.482974,108,3377.876582
10.478399,137,3378.940017
10.724183,80,3382.967826
10.575033,68,3383.465086
10.58768,89,3384.131172
10.403595,50,3384.50309
10.585033,66,3384.991843
10.575033,68,3385.500011
9.311046,247,3387.321443
10.420817,91,3388.006199
10.58859,31,3388.231137
10.45119,5,3388.268654
10.773333,112,3389.099922
10.265714,4,3389.132802
10.923693,95,3389.840395
10.54768,97,3393.962288
10.548889,68,3394.461014
10.624183,100,3395.201104
10.473105,91,3395.877923
10.569248,77,3396.662853
10.275033,79,3397.254675
10.867778,22,3397.417927
10.603464,78,3398.004849
10.661667,1,3398.012174
10.661667,1,3398.020115
10.550817,65,3398.505397
10.381536,76,3399.067187
10.78,4,3399.097189
10.296961,72,3399.617589
10.573824,97,3400.341652
10.508529,63,3400.813371
10.721905,8,3400.87119
11.283333,10,3400.945525
10.42781,53,3404.794775
10.421429,30,3405.015179
10.859444,17,3405.141887
9.47768,115,3406.031087
11.026667,8,3406.089261
11.995,1,3406.097934
10.563464,86,3406.733124
10.694286,44,3407.075454
11.995,1,3407.083156
10.508529,63,3407.553646
10.284945,56,3407.971243
9.99,2,3407.987013
10.508529,63,3408.500737
10.508529,63,3408.96577
10.589248,73,3409.505942
10.686111,85,3410.130361
10.554673,59,3410.563172
11.323333,2,3410.578464
10.518889,74,3411.137609
10.678399,97,3411.853892
10.603464,78,3412.428801
10.940909,30,3416.186211
10.566961,67,3416.686134
10.525033,78,3417.274242
10.528889,72,3417.80661
11.232778,29,3418.014807
10.571905,38,3418.302725
10.603464,78,3418.87682
11.365,7,3418.928884
10.274412,52,3419.31359
10.764542,85,3419.931074
10.488889,80,3420.524488
10.656667,2,3420.53933
-2.62,324,3423.16951
10.286601,61,3423.62424
10.445033,94,3427.765376
10.53732,86,3428.405594
10.503105,85,3429.051404
10.216242,62,3429.507447
10.476242,59,3429.94725
10.653824,81,3430.547203
10.505033,82,3431.156121
10.478529,69,3431.672708
10.583105,69,3432.186173
11.995,1,3432.193954
10.376471,111,3433.017343
9.99,2,3433.033335
11.353571,15,3433.14012
10.778758,90,3433.804527
10.46817,58,3434.225351
10.629967,91,3438.387688
10.782974,97,3439.117431
10.688399,95,3439.814895
10.461176,96,3440.515429
10.385882,64,3440.989526
10.597857,9,3441.057044
10.659608,72,3441.594493
10.422745,88,3442.243708
10.391536,74,3442.789288
11.985,3,3442.812441
10.220327,88,3443.45722
10.51732,90,3444.122997
10.234314,61,3444.574132
10.982051,60,3445.012377
10.812143,9,3445.076188
10.898333,7,3445.311613
10.760686,91,3446.025887
10.536961,73,3450.022879
10.856282,39,3450.317173
10.648039,90,3450.981831
10.723333,62,3451.434944
10.565033,70,3451.9669
10.985,3,3451.987875
10.495033,84,3452.613547
10.651895,84,3453.238316
10.089248,124,3454.163364
10.283235,61,3454.605353
10.492745,74,3455.157008
10.509341,30,3455.375121
10.194314,69,3455.875442
10.42781,53,3456.262698
10.327451,60,3456.705844
10.389967,90,3460.810047
10.375752,85,3461.432515
10.501176,88,3462.09103
10.703077,44,3462.414923
11.395,21,3462.567568
10.519608,100,3463.310329
10.300098,89,3463.974385
10.492363,29,3464.18484
10.708485,28,3464.388355
10.288399,126,3465.327877
10.690327,92,3466.037071
10.732255,81,3466.6292
10.71683,105,3467.412777
10.435882,54,3467.815213
10.996429,15,3467.925015
10.258889,77,3471.981386
10.464183,83,3472.601729
10.519248,87,3473.2495
10.289739,78,3473.835171
10.540817,67,3474.39114
10.902381,10,3474.466471
10.703824,71,3475.20658
10.633824,85,3475.832631
10.684183,88,3476.517869
10.101307,51,3476.896957
10.728399,87,3477.532336
10.509608,102,3478.339911
10.64768,77,3478.919169
10.480098,53,3479.318916
10.679967,81,3483.311204
10.595392,77,3483.876949
10.605392,75,3484.432588
10.923095,63,3484.902428
10.616923,43,3485.221186
11.641667,5,3485.258732
10.752727,24,3485.436655
10.323105,72,3485.979484
10.482614,95,3486.704464
10.631895,88,3487.359215
10.663464,66,3487.876829
10.588889,60,3488.321488
10.693824,73,3488.86065
10.501818,16,3488.979167
10.661667,1,3488.987788
10.812143,9,3489.053707
10.603464,78,3489.636685
10.633464,72,3490.173328
10.237619,33,3490.422625
10.996429,15,3490.531189
10.721364,23,3490.698873
10.49817,52,3494.517326
10.516961,77,3495.090429
10.436471,99,3495.820745
10.61768,83,3496.430522
10.508399,82,3497.036971
10.805,39,3497.324565
10.514673,67,3497.816103
10.649608,74,3498.40605
10.57732,78,3499.205188
10.311667,72,3499.731195
10.788758,88,3500.383213
10.518889,74,3500.935173
10.416111,90,3501.59522
11.314444,26,3501.783166
10.651895,84,3505.84536
10.225392,102,3506.590237
10.771046,102,3507.351453
10.52732,88,3507.990027
10.708039,78,3508.56342
10.799118,99,3509.308761
10.248529,66,3509.803182
10.552745,62,3510.266761
10.649608,74,3510.819181
10.704542,97,3511.531473
9.859608,85,3512.157681
11.995,1,3512.164999
10.566961,67,3512.660157
10.656667,2,3512.675167
10.759118,107,3516.948125
10.634902,124,3517.881798
10.593824,93,3518.570842
10.639967,89,3519.240911
10.558889,66,3519.733586
10.707778,14,3519.83854
10.526601,62,3520.302346
10.661667,1,3520.310372
10.573105,71,3520.833496
10.689608,66,3521.320722
10.660686,111,3522.148752
10.323235,53,3522.536666
10.631536,75,3523.091676
10.563105,73,3523.6312
10.683824,75,3527.667201
10.316111,110,3528.483168
10.419739,52,3529.081653
10.488758,99,3529.81706
10.605392,75,3530.370911
10.425523,43,3530.686816
10.514673,67,3531.190176
11.985,3,3531.214003
10.599608,84,3531.846918
10.634183,98,3532.572911
10.558399,121,3533.46151
10.565392,83,3534.126549
10.38817,74,3534.667061
10.470455,15,3534.78101
10.39768,78,3535.360807
10.580327,114,3539.794652
10.621536,77,3540.364903
10.544673,61,3540.81487
10.746471,86,3541.449235
10.24768,157,3542.639781
10.829118,93,3543.395169
10.549967,107,3544.26357
10.553105,75,3544.889746
10.512745,70,3545.498051
10.534183,118,3546.419697
10.718039,76,3551.597351
10.422386,75,3552.160571
10.581176,72,3552.702951
10.515033,80,3553.305784
10.583105,69,3553.826105
10.451667,64,3554.295476
10.59732,74,3554.841338
10.494314,58,3555.271866
10.553105,75,3555.826859
10.429739,50,3556.194638
10.633824,85,3556.825227
10.615392,73,3557.364376
10.61732,70,3557.89012
10.601405,100,3558.665773
10.63768,79,3562.68718
10.572255,113,3563.52529
11.104444,28,3563.729447
10.563105,73,3564.313323
10.58732,76,3564.92636
10.696667,25,3565.105299
10.658039,88,3565.761662
10.728399,87,3566.465631
11.985,3,3566.490771
10.591667,15,3566.609722
10.778758,90,3567.300787
10.646471,106,3568.169564
10.636111,95,3569.101617
10.738399,85,3569.770205
10.619608,80,3570.38486
11.129091,36,3570.673245
10.808889,16,3570.792459
10.512386,57,3574.901864
10.618758,122,3575.889032
11.160455,37,3576.164848
10.797967,47,3576.505971
10.676111,87,3577.163181
10.185752,74,3577.751229
10.556961,69,3578.329936
10.728399,87,3579.023877
11.995,1,3579.032174
10.283464,93,3579.773409
10.641895,86,3580.451172
10.664183,92,3581.202601
11.114615,54,3581.638186
10.514706,50,3582.050689
10.716111,79,3586.152815
10.428039,85,3586.794839
10.520817,71,3587.346868
10.543824,103,3588.128921
10.464314,64,3588.603145
10.505033,82,3589.219008
10.623824,87,3589.863202
10.475392,101,3590.609216
10.558889,66,3591.09359
10.711667,61,3591.54509
10.650327,100,3592.279448
11.985,3,3592.303129
10.77,6,3592.346679
10.694902,112,3593.174472
10.506601,66,3593.876002
10.846818,27,3597.607167
10.407879,27,3597.810795
10.714542,95,3598.508187
10.732255,81,3600.099014
10.722614,96,3600.92572
10.770686,89,3601.591197
10.393595,52,3601.984967
10.518529,61,3602.433378
10.634542,111,3603.330496
10.270714,3,3603.353781
10.583105,69,3603.866676
10.424673,85,3604.501361
10.47732,98,3605.229635
10.895606,33,3605.471653
10.530817,69,3605.974546
10.708758,104,3610.280993
10.615392,73,3610.81524
10.651895,84,3611.446228
10.675752,74,3612.00192
10.518758,93,3612.690964
10.680327,94,3613.392652
10.525033,78,3613.963385
10.764902,98,3614.686974
10.746111,73,3615.220521
10.543464,90,3615.884294
11.195714,18,3616.018887
10.466601,74,3616.565153
10.732614,94,3617.256923
10.7,20,3620.887184
10.536961,73,3621.429069
10.311895,103,3622.195617
10.625392,71,3622.951218
10.681895,78,3623.533331
10.692614,102,3624.284786
10.586111,105,3625.070899
10.374052,218,3626.6895
10.828758,80,3627.287001
10.798333,77,3627.853077
10.585752,92,3628.528864
10.52768,101,3632.866141
10.773718,35,3633.123163
10.002386,61,3633.568782
10.729967,71,3634.09553
10.609248,69,3634.608269
10.899835,53,3635.004953
10.380817,99,3635.736365
10.551536,91,3636.414459
10.476242,59,3636.850507
10.711895,72,3637.3857
11.17,6,3637.428743
10.326471,121,3638.319182
11.985,3,3638.340427
10.611765,111,3639.155187
10.571905,38,3639.434087
10.633464,72,3643.437756
10.643464,70,3643.955178
10.519248,87,3644.595379
10.78,4,3644.624337
10.391895,87,3645.343852
10.430458,76,3646.037717
11.323333,2,3646.053526
10.573464,84,3646.673521
10.508529,63,3647.155174
10.226242,60,3647.593861
10.853333,96,3648.305849
10.58732,76,3648.851062
10.49817,52,3649.244904
10.78,4,3649.275251
10.526961,75,3649.825293
10.319739,72,3650.352356
10.538889,70,3651.077128
11.995,1,3651.085706
10.426242,69,3655.146051
10.365163,42,3655.461828
10.556961,69,3656.021682
11.323333,2,3656.036553
11.995,1,3656.044703
10.591667,15,3656.15916
11.365,7,3656.211657
10.534673,63,3656.676369
10.641667,5,3656.714028
10.443954,55,3657.124325
10.575165,52,3657.871357
-3.351023,361,3660.494432
10.910909,36,3660.759265
-3.912427,361,3666.971148
-3.701901,361,3669.693581
-4.167895,361,3672.424711
-2.114942,361,3678.59015
-3.912427,361,3681.258945
10.59,73,3681.802118
-2.908421,361,3684.501652
10.656667,2,3684.518987
10.095322,91,3688.596785
10.338889,110,3689.416603
10.57,66,3689.899558
-2.652953,361,3692.583904
-2.114327,361,3695.269749
-5.102339,361,3701.362419
-3.258684,361,3704.29693
10.310256,20,3704.445592
-2.885643,361,3710.621948
-2.465819,361,3713.290251
-2.278684,361,3716.05227
-2.676345,361,3722.207286
-6.129737,361,3724.876763
10.544359,37,3725.155182
10.730714,11,3725.238508
-4.56617,361,3727.938679
-4.426433,361,3734.043324
10.92,16,3734.163078
-2.978596,361,3736.884438
-2.534766,361,3739.637615
8.419064,263,3745.017893
11.995,1,3745.026245
-2.862865,361,3747.70457
-3.818246,361,3750.36937
10.45768,115,3751.231179
-3.212515,361,3757.306176
-2.791462,361,3759.995904
-2.675731,361,3766.287738
-4.636345,361,3769.03311
-4.79886,361,3771.698221
-2.721287,361,3777.842786
8.20924,221,3779.463442
9.015234,153,3780.595275
9.435585,146,3781.673818
10.681154,33,3781.918341
10.856923,44,3782.243295
11.755,9,3782.307426
8.842456,232,3784.013175
10.503333,77,3784.584261
-2.862251,361,3790.697983
9.978889,133,3791.675415
9.539152,242,3793.493107
11.114444,26,3793.694036
-2.698509,361,3799.926967
9.436111,188,3801.367991
-4.893041,361,3804.045895
11.806667,12,3804.134162
9.852193,107,3804.93515
10.225673,142,3805.977971
9.769766,196,3810.890333
10.236023,119,3811.760987
11.155,9,3811.825663
9.59924,188,3813.439351
9.132807,202,3814.920958
-2.652953,361,3817.596443
11.006429,13,3817.692548
7.989678,202,3822.575485
9.469415,130,3823.531417
10.035234,145,3824.615416
11.411667,11,3824.69881
-4.379649,361,3827.421889
10.205497,83,3828.047414
10.578333,72,3828.573357
-5.96538,361,3834.68049
9.469327,270,3836.695191
-3.469825,361,3839.384343
-2.301462,361,3845.484801
-3.119561,361,3848.407837
-2.979825,361,3851.079257
9.658889,148,3855.572438
8.949503,339,3858.117089
10.78,4,3858.148558
10.382456,120,3859.070466
10.309152,137,3860.101311
9.352105,102,3860.842087
10.28,86,3861.521031
9.622614,120,3862.422623
10.052719,109,3866.695405
-3.118947,361,3869.36573
9.991754,93,3870.05999
10.198801,82,3870.67055
-2.511988,361,3873.34347
-4.400585,361,3879.466873
10.571667,60,3879.915159
10.7,20,3880.06135
10.202982,149,3881.16135
10.122719,95,3881.864356
11.18,4,3881.895168
9.979415,126,3882.833646
10.336111,155,3883.972948
10.235848,105,3884.748619
9.942193,89,3888.861285
9.75,1,3888.86754
10.236429,49,3889.227177
11.534048,17,3889.348917
10.079415,155,3890.504901
9.828626,93,3891.187524
9.249064,146,3892.289859
10.352544,84,3893.138139
9.395673,112,3893.967931
9.75,1,3893.976871
8.733333,226,3895.669074
9.979064,147,3900.179196
9.75,1,3900.185566
11.205714,16,3900.302663
9.715585,139,3901.345964
11.97,6,3901.391456
10.286287,130,3902.347858
9.942544,117,3903.221855
-2.79269,361,3905.882951
8.146199,306,3911.6195
10.348977,115,3912.48083
10.438713,76,3913.044347
10.936212,37,3913.318591
11.262143,19,3913.457348
11.263333,14,3913.562438
10.723333,62,3914.014195
10.971515,36,3914.272633
10.996429,15,3914.382879
10.31845,79,3914.970401
10.11193,83,3915.580389
9.189415,235,3917.322819
10.762727,22,3917.487164
10.93,14,3917.591057
11.323333,2,3917.607171
10.272719,114,3921.91818
10.386023,89,3922.564743
9.362719,149,3923.661222
10.415409,83,3924.477379
9.856199,160,3925.665543
10.552895,121,3926.621907
10.28576,88,3927.271419
10.545936,99,3928.016504
11.072857,14,3928.120854
10.402018,81,3928.726033
10.580714,52,3929.11003
10.469503,133,3933.565794
9.035585,177,3934.882303
-3.936433,361,3937.585816
10.435585,93,3938.282475
9.99576,97,3939.009625
8.692719,234,3944.196109
8.552193,269,3946.228662
10.632544,77,3946.811834
10.328333,1,3946.820823
10.119152,126,3947.783165
10.472105,74,3948.333153
10.722982,94,3949.017663
10.488801,73,3949.56286
10.006111,172,3950.833722
10.482368,93,3951.53214
11.263889,25,3955.167061
10.392368,111,3956.032206
10.498977,85,3956.65748
-4.776696,361,3959.581798
10.956212,33,3959.827173
10.282982,133,3960.815269
9.982895,137,3961.830848
10.661667,51,3962.219125
9.303158,343,3968.255115
10.917222,21,3968.411333
10.402281,102,3969.159207
10.592544,85,3969.791169
10.495673,88,3970.458497
10.49576,95,3971.147496
10.712895,89,3971.803924
10.513333,4,3971.835
10.585,3,3971.856363
9.913509,249,3973.697142
10.382105,92,3977.83829
10.469152,105,3978.661094
10.203077,46,3978.9969
-9.91,361,3981.669252
10.431429,28,3981.879092
10.601209,38,3982.159436
10.92,16,3982.275413
10.593246,141,3983.326066
10.388275,51,3983.710142
10.151842,68,3984.206537
10.322544,90,3984.879176
9.448626,71,3988.962364
10.602719,97,3989.672689
10.686667,56,3990.093882
10.015848,100,3990.890642
10.428801,85,3991.519459
9.811491,59,3991.957906
10.218626,113,3992.794991
10.018538,97,3993.515186
10.632632,84,3994.139167
10.195588,107,3994.975161
10.28619,69,3995.489416
10.322368,76,3996.048573
11.061667,21,3996.203265
10.486023,118,4000.541682
10.442105,80,4001.139192
10.78,4,4001.16928
11.035,33,4001.411409
10.172719,183,4002.784901
10.036023,110,4003.590658
10.225585,86,4004.224572
11.323333,2,4004.239262
9.726374,151,4005.343189
10.036111,166,4006.591185
10.482456,100,4007.35056
10.468977,91,4011.442844
10.382895,106,4012.231244
10.109503,107,4013.011169
10.888182,26,4013.197706
10.539327,105,4014.011297
10.875897,63,4014.491138
9.752105,120,4015.366566
10.888182,26,4015.557267
10.589591,116,4016.44262
9.579766,234,4018.377769
10.486462,153,4022.975841
10.394444,10,4023.048479
10.532456,90,4023.712874
10.328099,49,4024.07338
10.669503,93,4024.755177
9.489415,175,4026.050051
10.676199,94,4026.762146
11.17,6,4026.805304
10.362456,124,4027.709827
10.262544,102,4028.469476
10.819766,84,4029.090931
10.540817,67,4029.584959
11.44381,16,4029.701587
10.866818,23,4033.353829
10.468713,70,4033.868282
10.503596,187,4035.257301
10.213246,168,4036.510159
11.18,4,4036.539147
10.835,63,4037.012451
9.12307,225,4038.728527
10.592456,78,4039.310106
10.482281,86,4039.944093
10.328333,1,4039.952881
10.43576,107,4040.753711
10.326637,150,4045.297662
10.498801,71,4045.820399
10.242193,127,4046.76674
11.047424,39,4047.060638
10.417647,40,4047.359545
10.495673,88,4048.025908
9.75,1,4048.032174
11.313333,4,4048.063159
10.436199,93,4048.96607
10.01576,93,4049.661801
9.75,1,4049.668145
9.866199,207,4051.215554
9.869854,232,4056.422815
9.249415,174,4057.724591
10.392018,83,4058.34494
9.75,1,4058.351356
9.662544,222,4060.039758
10.435585,93,4060.727707
10.322544,90,4061.39697
10.235673,91,4062.084625
9.809503,118,4062.958275
10.718333,113,4067.23198
9.728977,92,4067.919446
10.432544,117,4068.789733
9.456111,184,4070.167926
10.301667,73,4070.701371
11.082857,12,4070.789629
9.639327,285,4072.899589
10.651667,3,4072.922152
10.055146,85,4073.537483
10.098889,109,4074.375076
10.42193,70,4078.366599
10.596111,103,4079.122743
10.452105,78,4079.699165
10.661667,1,4079.707719
10.065322,97,4080.423377
10.975,5,4080.460831
10.228801,76,4081.02663
10.825455,24,4081.20304
10.687353,89,4081.851276
10.975,5,4081.886386
10.532193,69,4082.403167
10.962273,33,4082.645
9.589678,176,4084.157485
10.572544,89,4084.826352
10.805,39,4085.116769
10.566287,123,4089.447159
9.995497,125,4090.379181
10.329503,112,4091.214578
10.743077,36,4091.479197
9.859854,136,4092.488066
10.985,3,4092.512208
10.315848,89,4093.170413
10.259064,91,4093.854049
10.985,3,4093.876523
10.322368,76,4094.443162
10.445234,63,4094.909007
11.026667,8,4094.968341
10.609152,77,4095.53516
10.812051,45,4095.865537
10.165058,56,4096.283164
10.558977,73,4100.38371
10.536176,82,4100.992851
9.935146,60,4101.440546
10.24924,107,4102.239189
10.012895,180,4103.578104
10.601667,13,4103.669519
10.38193,78,4104.255928
10.368977,111,4105.081844
11.042692,53,4105.476585
10.836818,29,4105.689512
10.552544,93,4106.397517
11.293333,8,4106.459191
10.647222,15,4106.570946
10.468889,84,4107.194369
10.364971,58,4107.629514
10.519327,109,4111.890232
10.199524,33,4112.126771
10.302456,87,4112.768577
10.168889,95,4113.702994
10.518889,74,4114.251172
10.802692,52,4114.638148
10.535848,94,4115.336544
11.995,1,4115.345173
11.995,1,4115.35375
10.77,6,4115.401425
10.616462,127,4116.344643
9.402281,204,4117.871759
10.975,5,4117.909332
10.373509,108,4118.724708
10.382018,85,4122.81186
10.486023,118,4123.741237
10.438538,62,4124.221622
9.822895,120,4125.114028
10.412105,86,4125.750612
10.452018,71,4126.308659
9.888801,95,4127.021832
10.508889,76,4127.593506
10.52576,89,4128.261516
10.407381,29,4128.480157
10.79,2,4128.49529
10.666111,89,4129.156988
10.676429,59,4129.593341
10.661667,1,4129.601411
10.680513,28,4129.810736
10.346374,125,4134.196986
10.416023,83,4134.809261
10.05924,145,4135.880646
10.468889,84,4136.527164
10.498977,85,4137.160754
10.462632,118,4138.027799
10.538977,77,4138.603569
9.99,2,4138.619189
9.878713,90,4139.283993
10.629327,87,4139.931891
11.425556,26,4140.1226
10.482193,79,4140.710687
10.402719,88,4141.364818
10.058977,124,4145.744439
11.071667,19,4145.889711
10.395673,108,4146.927192
10.528977,79,4147.517662
10.329152,133,4148.525504
10.589412,88,4149.181152
10.63924,78,4149.763202
10.666287,103,4150.527941
10.545848,92,4151.217064
11.021703,55,4151.627332
10.518977,81,4152.247669
10.515673,84,4156.255169
10.509064,90,4156.929414
11.001111,22,4157.091424
10.225585,86,4157.729514
10.455,9,4157.795791
11.995,1,4157.803621
10.512193,73,4158.402924
10.515497,70,4158.915465
10.562544,91,4159.582252
10.578977,69,4160.091567
10.707778,14,4160.193491
10.159064,111,4161.016717
10.163333,136,4162.02995
10.469152,105,4162.801646
10.856282,39,4163.096289
10.599415,100,4163.833778
10.552982,128,4168.205434
10.558889,66,4168.681342
10.578889,62,4169.150513
10.292281,75,4169.706222
10.555673,76,4170.261762
10.198801,82,4170.875173
10.572544,89,4171.545446
10.592719,99,4172.291206
10.475322,64,4172.767055
10.597857,9,4172.833219
10.498977,85,4173.474029
10.268889,124,4174.403193
10.272193,72,4178.400938
9.919064,110,4179.429194
10.55576,83,4180.055542
10.099064,74,4180.606225
10.165234,70,4181.130095
10.598977,65,4181.627655
11.313333,4,4181.656246
9.875936,184,4183.019081
10.013158,201,4184.55713
10.485322,62,4185.015071
10.442368,101,4185.76081
10.777059,74,4189.805336
10.444103,24,4189.984386
10.386905,57,4190.397708
10.626374,118,4191.273879
10.508889,76,4191.839324
9.988889,82,4192.447246
10.352281,63,4192.962203
10.436111,86,4193.597846
10.486023,118,4194.470062
10.239064,95,4195.171228
11.323333,2,4195.186649
10.188801,133,4196.184859
10.61924,82,4196.791044
9.995234,55,4197.207184
10.466287,143,4201.743128
10.506023,114,4202.582181
10.552895,121,4203.482728
11.995,1,4203.491128
10.856818,25,4203.673814
10.542807,116,4204.533744
10.354883,53,4204.926182
10.429678,155,4206.260997
10.492368,91,4206.97503
-3.817632,361,4213.100477
10.325497,108,4213.91117
10.258363,84,4214.525497
10.438538,62,4214.988182
10.635848,74,4215.543432
11.025556,26,4215.73319
10.551667,53,4216.120269
10.605585,59,4216.566167
10.579064,76,4217.128918
10.605585,59,4217.569491
11.641667,5,4217.60597
10.771795,20,4217.75334
10.543529,56,4218.166944
10.431842,61,4218.664637
10.482456,100,4219.409312
10.325585,66,4223.304958
9.98,4,4223.334261
10.53576,87,4223.976299
10.875879,49,4224.325899
9.99,2,4224.341977
10.212018,70,4224.865176
10.985,3,4224.88717
10.502632,110,4225.6977
10.819854,91,4226.383972
10.069415,206,4227.929201
11.081667,17,4228.054975
10.78,64,4228.529248
10.960909,26,4228.7174
10.623158,128,4229.674112
10.432353,90,4230.334734
10.358275,57,4230.973511
10.20924,164,4235.605582
10.149064,113,4236.445548
10.249064,93,4237.122728
10.31307,183,4238.496288
10.371667,59,4238.933392
10.182105,83,4239.534171
10.716023,72,4240.059175
10.199942,173,4241.366518
10.42845,57,4241.787044
10.262456,95,4245.996178
10.385673,110,4246.807802
10.659415,88,4247.465892
10.422105,84,4248.097074
10.482436,34,4248.349094
10.724011,53,4248.734354
10.298977,125,4249.670636
9.495936,260,4251.597417
10.757647,72,4252.128869
10.522368,85,4252.755512
11.651667,3,4252.776278
10.326023,150,4257.435171
10.876923,40,4257.726892
10.516374,140,4258.814996
10.986818,39,4259.100002
10.729503,81,4259.917111
10.272895,128,4260.874826
10.529591,128,4261.838913
9.99,2,4261.85325
10.746287,87,4262.513626
10.022895,129,4263.470767
10.136023,90,4264.135176
10.39655,129,4268.527839
10.625392,71,4269.062662
10.409064,110,4269.88271
10.485409,69,4270.39918
10.465409,73,4270.94552
10.299152,90,4271.616743
11.18,4,4271.647188
10.012281,82,4272.311706
10.985,3,4272.333823
10.538713,56,4272.748926
10.612368,67,4273.242507
10.192807,137,4274.258219
10.472281,88,4274.904658
11.002619,9,4274.969198
10.179415,135,4279.438558
10.71,18,4279.57501
10.569327,99,4280.304792
10.572544,89,4280.973712
10.975,5,4281.009985
10.985,3,4281.032031
10.546199,120,4281.922358
10.529503,121,4282.811195
10.495322,60,4283.255217
10.722381,46,4283.794549
10.049327,154,4284.93118
10.372456,73,4285.473423
10.926667,28,4285.680944
10.441754,52,4286.070103
8.892719,341,4291.98217
9.979152,105,4292.767174
10.700327,90,4293.434751
10.572368,75,4293.989419
10.57655,93,4294.680872
10.731364,21,4294.83583
10.509064,90,4295.507189
10.672719,83,4296.124557
10.71,58,4296.55385
10.229854,209,4301.58895
10.853333,47,4301.936675
10.565497,60,4302.376825
10.539591,126,4303.305352
10.489967,119,4304.194617
10.412982,156,4305.364188
10.898333,7,4305.415682
10.659327,81,4306.045351
10.592719,99,4306.781565
10.449327,123,4307.732871
10.362719,96,4308.448904
11.021111,18,4308.578785
9.665848,219,4313.628771
10.455585,89,4314.346678
10.649152,69,4314.863043
10.425497,88,4315.734482
10.552281,72,4316.296121
10.572544,89,4316.959703
11.18,4,4316.990515
11.375,5,4317.024573
10.703158,112,4317.85074
10.482193,79,4318.450746
10.372143,48,4318.849912
11.365,7,4318.903184
10.645936,79,4319.486713
10.479064,96,4320.195005
10.349415,150,4324.814407
10.311316,43,4325.134138
10.682456,60,4325.577267
10.158977,104,4326.331161
10.038713,58,4326.769247
9.542719,162,4327.995446
10.731905,6,4328.039164
9.905936,129,4328.99297
10.575673,72,4329.526356
10.576111,107,4330.326403
10.591667,15,4330.436342
11.323333,2,4330.4553
10.43193,68,4330.949787
10.66576,61,4331.401868
10.996429,15,4331.51358
10.395409,87,4335.608999
10.842857,11,4335.689454
10.985,3,4335.712831
10.525673,82,4336.322084
10.468977,91,4337.000582
10.515848,98,4337.726158
10.773636,29,4337.94213
10.74881,75,4338.527162
10.129503,103,4339.286199
10.572456,82,4339.897904
10.646023,86,4340.533211
10.746199,80,4341.314541
10.569591,120,4342.239112
10.192281,144,4346.748687
9.99,2,4346.763569
10.567253,36,4347.031754
10.586023,98,4347.77014
10.266111,120,4348.657637
10.421754,56,4349.074788
10.062193,114,4349.918136
11.092857,10,4349.990788
11.047424,39,4350.283078
11.149286,13,4350.381333
11.013636,30,4350.601643
10.368977,111,4351.435176
10.225234,58,4351.865917
11.272143,17,4351.99106
10.744945,62,4352.445722
10.405058,57,4352.864821
10.162632,80,4353.455198
11.995,1,4353.462191
10.355409,95,4357.57921
10.729415,74,4358.139174
10.562632,98,4358.879337
10.255497,73,4359.421088
10.425585,95,4360.127242
10.549152,89,4360.792891
10.208626,66,4361.285052
10.279064,87,4361.94343
10.498889,78,4362.524569
10.138363,108,4363.328099
10.375409,91,4364.001761
10.492363,29,4364.214665
10.515322,56,4364.636198
10.536287,129,4369.210593
10.078977,120,4370.115815
10.996429,15,4370.227206
10.749854,105,4371.005408
10.562895,119,4372.116486
10.689152,61,4372.574603
10.365058,65,4373.057584
10.426199,144,4374.191127
10.41845,59,4374.624196
11.005556,30,4374.842445
10.525409,61,4375.297543
10.502632,110,4376.12255
