#{"t_start": 1785877245.9485645, "env_id": "None"}
r,l,t
9.74,3,0.042995
9.75,1,0.05032
10.745,6,0.099881
11.995,1,0.108188
11.745,2,0.126608
9.75,1,0.133702
11.745,2,0.152309
11.745,2,0.171669
9.99,2,0.189902
11.485,5,0.237212
9.49,4,0.267616
11.495,3,0.288901
9.75,1,0.296349
11.745,2,0.313945
11.995,1,0.321053
9.75,1,0.328794
10.391667,6,0.376043
11.995,1,0.384739
10.965,11,0.472222
10.543333,11,0.563782
10.823333,4,0.597795
11.995,1,0.607738
11.323333,2,0.624519
11.495,3,0.647149
11.073333,3,0.672147
9.881667,10,0.753624
11.495,3,0.775932
9.773333,18,0.917289
9.003333,25,1.115756
11.313333,4,1.147486
10.543333,11,1.240145
11.995,1,1.247827
9.366667,15,1.454082
4.993333,92,2.175329
10.086667,18,2.31708
10.146667,6,2.364311
10.003333,21,2.530137
8.185,24,2.715505
5.295,63,3.202667
9.123333,50,3.600108
10.601667,17,3.73569
10.543333,11,3.817911
9.99,2,3.834258
9.99,2,3.849861
11.323333,2,3.865658
11.2,13,3.966668
10.411667,2,3.982912
9.881667,10,4.062153
8.143333,50,4.444665
8.566667,28,4.665124
6.318333,68,5.189934
11.323333,2,5.205832
10.661667,1,5.21403
6.565,54,5.637944
9.798333,9,5.712517
11.995,1,5.721423
9.695,16,5.843956
8.843333,57,6.291946
10.533333,13,6.392558
10.293333,12,6.488128
10.591667,19,6.638848
9.381667,12,6.730548
8.826667,25,6.93504
7.785,55,7.370259
9.75,1,7.376787
11.323333,2,7.394635
10.411667,2,7.411385
5.098333,67,7.930228
11.013333,15,8.04727
10.445,13,13.562231
11.985,3,13.590364
10.76,21,13.769063
11.995,1,13.77766
11.283333,10,13.859681
11.995,1,13.868052
10.295,12,13.963234
11.16,8,14.029872
7.44,84,14.718727
11.995,1,14.727937
9.13,71,15.314937
9.62,9,15.389153
11.303333,6,15.436503
10.078333,2,15.453406
10.555,9,15.525561
10.78,4,15.558445
9.245,57,16.02566
11.023333,13,16.129457
8.5,50,16.525913
11.02,18,16.669
11.995,1,16.679203
10.07,17,16.8155
9.435,68,17.356447
11.323333,2,17.372201
11.995,1,17.38226
11.995,1,17.391165
10.98,26,17.600618
10.185,29,17.832777
10.04,36,18.125973
9.22,40,18.439517
10.61,20,18.605352
10.07,30,18.843742
10.661667,1,18.852313
7.445,92,19.594455
10.656667,2,19.610056
9.265,35,19.889321
10.995,1,19.898291
10.39,2,19.915842
11.995,1,19.925128
10.715,8,19.991728
9.295,16,20.121022
9.75,1,20.129274
9.75,1,20.137079
9.99,2,20.155313
10.656667,2,20.172599
11.053333,7,20.227584
8.995,40,20.54815
11.985,3,20.574146
10.91,9,20.646962
11.15,10,20.729
10.69,35,21.002649
11.055,20,21.162758
10.125,28,21.386198
11.97,6,21.435382
10.03,38,21.736921
11.965,7,27.266572
9.99,2,27.285784
11.995,1,27.296359
10.76,8,27.366255
11.53,14,27.483717
11.365,7,27.545169
10.78,4,27.580299
11.16,8,27.652323
8.891667,61,28.175684
9.195,45,28.538349
10.585,3,28.563838
10.661667,1,28.571609
10.381667,8,28.63574
10.328333,23,28.823048
10.656667,2,28.83927
9.75,1,28.846133
10.256667,2,28.863718
9.976667,9,28.936803
10.503333,6,28.986649
10.231667,38,29.299792
10.835,24,29.496528
9.023333,57,29.954314
10.49,13,30.05886
11.17,6,30.112115
10.661667,1,30.121293
11.985,3,30.146198
11.323333,2,30.163018
10.585,3,30.191472
11.273333,12,30.288629
10.398333,9,30.359204
10.925,6,30.410464
10.25,12,30.508148
11.323333,2,30.524621
10.416667,32,30.78823
9.225,52,31.21578
11.995,1,31.22444
10.161667,3,31.248132
10.37,6,31.297242
-3.15,100,32.115048
10.79,2,32.134486
10.77,6,32.184344
11.283333,10,32.267219
10.365,7,32.322436
11.641667,5,32.362639
10.975,5,32.403891
10.125,19,32.555883
-2.66,100,33.370182
10.53,54,33.812242
9.326667,54,34.25177
10.661667,1,34.260839
11.313333,4,34.295009
10.55,63,34.80953
9.031667,95,35.578361
10.503333,19,41.141511
10.725,6,41.193047
10.638333,10,41.275848
10.656667,2,41.292891
10.585,3,41.317847
11.985,3,41.343885
10.328333,1,41.352419
10.746667,15,41.477956
11.151667,14,41.599974
10.776667,9,41.678321
10.375,5,41.721479
10.52,7,41.781732
11.745,11,41.872371
11.151667,5,41.911714
10.975,5,41.953565
10.578333,22,42.14021
10.783333,12,42.244858
11.155,9,42.322396
10.526667,10,42.403863
10.898333,7,42.463876
10.585,3,42.490302
11.985,3,42.515938
10.385,3,42.542236
10.195,1,42.551724
10.868333,13,42.659264
11.026667,8,42.72864
10.513333,4,42.763474
10.77,6,42.813907
11.985,3,42.840219
11.155,9,42.916067
10.661667,1,42.925305
10.875,16,43.061997
10.641667,5,43.103981
11.023333,13,43.217144
10.661667,1,43.226997
11.283333,10,43.312876
9.99,2,43.330016
10.135,4,43.364235
10.345,24,43.565412
10.945,11,43.660311
10.391667,6,43.711721
10.641667,5,43.755434
11.141667,16,43.890054
10.39,2,43.908692
9.858333,19,44.074732
11.155,9,44.152468
10.776667,9,44.22777
10.491667,48,44.638026
10.373333,45,45.015114
11.995,1,45.024812
10.385,3,45.050671
11.313333,4,45.089497
10.783571,31,45.345153
10.703571,47,45.725485
11.083571,20,45.890888
-2.439286,100,46.696792
10.898333,7,46.760385
10.552143,12,46.856041
10.631667,7,46.91509
-3.22881,100,47.736253
10.975,5,47.779689
11.063333,5,47.820825
9.763333,69,48.380754
10.582143,6,48.434579
-3.990714,100,49.243459
11.003571,36,49.543153
9.99,2,49.560794
10.943095,10,55.066876
10.782857,23,55.261052
11.985,3,55.286562
10.363571,66,55.826271
11.323333,2,55.843284
10.411905,21,56.013032
10.812143,9,56.086393
10.52,7,56.142609
11.17,6,56.191462
10.45119,5,56.235803
10.360952,4,56.269561
11.381667,17,56.409274
10.812143,9,56.486269
-1.840238,100,57.317403
11.155,9,57.391944
10.975,5,57.433113
9.922857,97,58.222363
10.360952,4,58.256042
11.033333,11,58.345468
11.133095,21,58.51755
9.043571,85,59.222912
10.291429,7,59.277465
10.562143,10,59.360115
10.411905,21,59.534599
11.313333,4,59.568002
-1.840238,100,60.390506
11.072857,14,60.511905
11.013333,15,60.635297
10.612381,19,60.795496
11.183095,11,60.891341
10.812143,9,60.96791
-3.609762,100,61.796717
11.373571,11,61.889459
11.092857,10,61.973218
11.072857,14,62.091288
10.985,3,62.116177
11.323333,2,62.133978
-2.439286,100,62.953936
9.99,2,62.973209
9.99,2,62.989238
9.792857,74,69.009786
11.082857,12,69.112017
10.902381,10,69.19442
10.78,4,69.229879
10.822857,15,69.359671
10.641667,5,69.40152
11.002619,9,69.476348
11.163095,15,69.605947
11.102857,8,69.675704
10.360952,4,69.709184
10.581667,17,69.85355
10.832857,13,69.965101
10.312143,11,70.056569
10.902381,10,70.141579
11.995,1,70.151614
10.270714,3,70.177135
10.992619,11,70.271769
11.401667,4,70.309497
10.656667,2,70.327347
10.985,3,70.355715
11.062857,16,70.492505
11.353571,15,70.620557
10.572143,8,70.691443
11.56,8,70.761526
10.992619,11,70.855845
10.661667,1,70.864861
11.44381,16,71.0013
9.99,2,71.018079
11.985,3,71.045053
10.992619,11,71.136811
10.992619,11,71.230551
9.983571,44,71.601408
11.995,1,71.610389
10.982619,13,71.721264
9.75,1,71.729023
11.263333,14,71.848081
10.992619,11,71.941414
10.541429,6,71.992033
11.193333,28,72.220033
11.353571,15,72.347759
11.995,1,72.356749
11.062857,16,72.4926
10.513333,4,72.525044
10.721905,8,72.598
9.99,2,72.615895
11.985,3,72.643452
10.641667,5,72.684901
10.360952,4,72.719044
10.721905,8,72.786365
11.641667,5,72.828046
10.642381,13,72.934896
10.45119,5,72.975294
10.992619,11,73.066257
10.992619,11,73.157753
10.631667,7,73.212204
10.405,12,73.312064
11.213333,24,73.512867
10.382619,35,73.809291
11.052857,18,73.961918
10.180476,2,73.978484
10.46119,3,74.003279
11.995,1,74.012014
10.661905,20,74.18658
10.721905,8,74.253752
11.133095,21,74.427992
10.661667,1,74.437641
10.721905,8,74.507775
10.631667,7,74.569723
9.834286,29,74.815557
10.075,89,75.543582
-3.347857,100,76.367351
10.474286,48,76.760411
-3.490714,100,83.078763
11.97,6,83.129752
10.360952,4,83.162948
10.664286,10,83.24842
10.462857,38,83.56457
10.87,26,83.780088
11.072857,14,83.894979
9.84,85,84.602891
-3.633571,100,85.424238
10.203571,47,85.807268
10.985,3,85.831752
10.63,25,86.042711
10.303571,27,86.268979
11.17,6,86.321854
10.281429,9,86.395989
10.005714,7,86.453905
10.656667,2,86.471135
10.363571,15,86.596803
-3.317143,100,87.422398
10.873571,11,87.516764
10.68,64,88.046444
8.507143,78,88.693014
10.832857,13,88.799795
10.873571,11,88.888567
11.262143,19,89.045646
10.369286,22,89.229384
8.654286,69,89.801606
10.055714,50,90.217108
10.420714,24,90.414049
11.055714,46,90.791594
10.9,20,90.953261
10.406429,35,91.237576
11.272143,17,91.377341
10.541429,6,91.428857
9.99,2,91.446844
11.995,1,91.455394
11.546667,15,96.993947
11.173095,13,97.099475
10.89,22,97.283742
11.089286,25,97.492508
10.992619,11,97.588341
10.91,18,97.737438
11.267857,26,97.956033
10.777143,16,98.090648
10.895,23,98.285969
10.465,7,98.340674
11.139286,15,98.462979
10.865714,35,98.758897
11.985,3,98.786516
11.042857,20,98.953127
11.624286,18,99.101291
10.797143,12,99.2036
10.661667,1,99.212048
10.863571,13,99.31709
10.656667,2,99.333653
9.75,1,99.341147
11.099286,23,99.53255
10.200714,19,99.691261
10.398571,6,99.739569
10.863571,13,99.847414
11.183095,11,99.934577
11.195714,18,100.08364
10.982619,13,100.193034
10.134286,18,100.343633
11.165714,24,100.540805
10.797143,12,100.641792
10.496429,17,100.781982
10.757143,20,100.948307
10.730714,11,101.039035
10.93,14,101.155926
10.585,3,101.180426
10.976429,19,101.337736
11.173095,13,101.449489
10.879286,18,101.596611
10.562143,10,101.683254
10.543571,28,101.919198
11.272143,17,102.061612
10.797143,12,102.159087
11.283333,10,102.24063
11.641667,5,102.282658
11.062857,16,102.418711
11.062857,16,102.553387
11.302143,11,102.646044
10.674286,8,102.713104
10.93,14,102.831605
10.797143,12,102.935578
10.700714,17,103.077228
11.022857,24,103.276254
10.67,17,103.419955
10.863571,13,103.528526
10.690714,19,103.685847
10.148571,7,103.742216
10.863571,13,103.854597
10.265714,4,103.88855
11.119286,19,104.04718
11.072857,14,104.167126
10.945714,19,104.323253
10.465,7,104.379763
11.295,41,104.73263
11.129286,17,104.871448
10.746429,16,105.005306
10.797143,12,105.103497
11.129286,17,105.246098
10.661667,1,105.25549
11.192143,33,111.001193
11.985,3,111.029534
10.378571,10,111.111913
11.062857,16,111.248795
11.262143,19,111.405212
10.828571,22,111.587992
10.89,22,111.771969
11.062857,16,111.904823
11.17,6,111.955542
11.641667,5,111.998554
10.853571,15,112.12341
10.531429,8,112.191229
9.99,2,112.209243
10.91,18,112.359584
10.661667,1,112.368211
10.777143,16,112.498795
10.664286,10,112.582215
10.39,2,112.600471
11.195714,18,112.753916
10.39,2,112.770027
10.996429,15,112.896846
10.265714,4,112.931558
11.56,8,112.997939
11.109286,21,113.174613
11.129286,17,113.317272
11.995,1,113.327324
10.863571,13,113.437633
10.985,3,113.463549
10.78,4,113.498496
11.032857,22,113.688233
11.323333,2,113.706714
10.985,3,113.733359
10.93,14,113.849782
11.54,12,113.951373
10.996429,15,114.078394
10.398571,6,114.128684
11.109286,21,114.31231
11.195714,18,114.462275
10.730714,11,114.553141
10.531429,8,114.622285
10.807143,10,114.707507
11.129286,17,114.849148
10.992619,11,114.937629
10.746429,16,115.071822
10.996429,15,115.19754
-2.035556,100,116.026406
-3.316111,100,116.852403
9.963889,89,117.579709
10.585,3,117.606239
-1.277778,100,118.437807
11.313333,4,118.473041
-2.525556,100,119.298976
9.748333,70,125.360298
10.582222,30,125.604147
11.313333,4,125.638205
10.011111,73,126.239206
10.501429,14,126.353277
10.009444,40,126.686585
10.328333,1,126.695392
11.313333,4,126.729442
10.702222,55,127.18602
10.804444,30,127.440542
10.656667,2,127.457915
10.353889,7,127.515313
8.930556,82,128.191512
11.323333,2,128.209122
9.997222,47,128.601316
9.75,1,128.609791
-3.806111,100,129.436756
-1.891667,100,130.246481
10.891111,44,130.605461
10.002778,59,131.079555
10.940556,23,131.274743
10.168333,35,131.56526
10.328333,1,131.57599
9.703333,81,132.231035
10.417778,23,132.422616
-2.257778,100,133.248997
10.788889,20,138.916155
10.315,8,138.983875
10.707778,14,139.102125
-2.101111,100,139.936023
10.733889,33,140.214071
11.325,35,140.51409
11.051667,23,140.70933
10.661667,1,140.718796
10.505556,10,140.805065
10.812143,9,140.878627
10.738333,19,141.039184
10.869444,15,141.164556
10.586667,16,141.296992
10.576667,18,141.444707
10.975,5,141.485175
10.740714,9,141.558382
10.91,18,141.7092
10.63,25,141.919907
10.808889,16,142.057225
11.313333,4,142.088919
11.547778,46,142.473182
10.541429,6,142.521524
11.031111,16,142.659284
10.873571,11,142.754834
11.97,6,142.804523
10.687778,18,142.953896
-2.512778,100,143.788526
10.975,5,143.833807
11.995,1,143.842193
11.97,6,143.893218
11.313333,4,143.926082
11.17,6,143.976156
10.596667,14,144.088921
11.193889,39,144.413872
10.455,9,144.492497
9.518333,67,145.063351
10.627778,30,145.317251
10.255556,11,145.408854
10.656667,2,145.425389
10.589444,22,145.611685
10.587222,27,145.838459
10.687778,18,145.989951
10.711111,31,146.245866
10.950556,21,146.423333
10.558889,17,146.564762
10.661667,1,146.573396
11.193333,28,146.806979
10.859444,17,146.951726
10.992619,11,147.043675
11.172778,21,147.223014
10.829444,23,147.418032
11.323333,2,147.435614
11.213333,24,153.117114
11.995,1,153.126242
10.758333,15,153.252857
10.455,9,153.328452
10.839444,21,153.501479
10.335,4,153.536258
10.612222,24,153.736928
9.75,1,153.745871
10.960556,19,153.900995
11.641667,5,153.942697
11.365,7,154.002216
10.505556,10,154.086615
11.021111,18,154.235868
10.808889,16,154.3695
10.898333,7,154.427855
11.061667,21,154.603653
11.011667,31,154.863914
11.313333,4,154.89838
10.898333,7,154.959418
10.808889,16,155.093096
10.647222,15,155.218279
11.985,3,155.243101
11.17,6,155.292076
10.930556,25,155.494752
10.771667,30,155.746044
11.152778,25,155.959249
10.548889,19,156.122173
10.975,5,156.164658
10.89,22,156.346787
11.243333,18,156.500694
11.365,7,156.557361
10.657778,24,156.758931
10.91,18,156.909075
11.272143,17,157.052322
10.717778,12,157.153642
11.213333,24,157.352918
9.99,2,157.37018
10.596667,14,157.489054
10.960556,19,157.64562
10.822143,7,157.705443
11.534048,17,157.848396
10.397222,16,157.98257
10.667222,11,158.074792
11.263889,25,158.281627
11.223889,33,158.560027
11.415556,28,158.790647
10.771111,19,158.952219
10.93,14,159.06669
11.313333,4,159.101538
10.758333,15,159.228547
10.991111,24,159.432881
10.839444,21,159.607761
11.375556,36,159.911251
10.414286,11,160.001215
10.808889,16,160.139296
11.082222,28,160.373517
10.859444,17,160.51845
10.991111,24,160.717927
11.995,1,160.728166
10.859444,17,160.870181
11.223333,22,161.054297
10.394444,10,161.140435
10.306111,12,161.241071
10.91,18,161.394207
10.798889,18,166.952784
11.162778,23,167.146933
11.486667,36,167.450967
10.960556,19,167.613178
10.758333,15,167.739299
11.112222,22,167.919959
10.91,18,168.067215
10.859444,17,168.206755
10.910556,29,168.447088
11.313333,4,168.480375
10.556111,11,168.567981
10.758333,15,168.6964
10.863571,13,168.801609
10.505556,10,168.882181
11.323333,2,168.90047
10.556111,11,168.990576
10.758333,15,169.11544
10.455,9,169.193973
10.902381,10,169.276442
11.082857,12,169.375084
10.585,3,169.40019
10.721905,8,169.464168
11.263333,14,169.578423
10.992619,11,169.669059
11.213333,24,169.865321
10.910556,29,170.101957
10.808889,16,170.236483
11.061667,21,170.416495
9.75,1,170.424694
11.17,6,170.476027
10.960556,19,170.633459
10.606667,12,170.734396
10.656667,2,170.752596
10.92,16,170.887771
10.39,2,170.906025
10.606667,12,171.007598
10.922778,22,171.186204
11.224444,44,171.556207
10.657222,13,171.667823
11.112222,22,171.84808
11.033333,11,171.94096
11.082857,12,172.045145
10.808889,16,172.17863
11.112222,22,172.365197
10.515556,8,172.430393
10.758333,15,172.552743
10.606667,12,172.655684
11.112222,22,172.833155
10.859444,17,172.974573
9.75,1,172.982159
10.758889,26,173.196301
11.466111,29,173.439473
-0.877778,100,174.258413
-1.591111,100,175.084822
-2.591667,100,181.322132
-3.348333,100,182.15981
10.631667,7,182.222065
-2.413889,100,183.044281
-2.078889,100,183.856746
-1.078333,100,184.70291
10.552222,14,184.828451
11.026667,8,184.893674
-2.837778,100,185.709629
11.223333,22,185.89189
-2.124444,100,186.72746
-2.101667,100,187.568369
10.328333,1,187.578587
-1.456667,100,188.410111
-1.5,100,189.249597
9.826667,52,195.175923
10.877222,29,195.419864
10.946667,24,195.622053
10.138889,52,196.050262
10.877222,29,196.292915
10.601667,13,196.406114
10.535,35,196.701046
11.313333,4,196.73539
11.044444,40,197.066533
10.726111,28,197.299035
10.956667,22,197.482071
10.71,18,197.63112
10.788333,29,197.866388
11.025556,26,198.082753
10.071667,21,198.259957
10.817778,32,198.517853
10.321111,29,198.757257
10.176667,31,199.017281
11.411667,11,199.109668
10.641667,5,199.151333
10.223333,13,199.259459
11.323333,2,199.277953
10.927222,19,199.435236
11.293333,8,199.503554
9.183333,87,200.231532
11.015556,28,200.474644
10.825,26,200.689454
-3.726667,100,201.524175
10.976429,19,201.681977
10.857778,24,201.881185
10.473333,12,201.979144
10.656667,2,201.99638
10.659444,37,202.304989
10.068333,26,202.526083
11.995,1,202.535603
10.975,5,202.582613
10.808889,16,202.716537
10.912778,44,203.083703
9.75,1,203.091777
10.788889,20,203.256893
11.072857,14,203.37786
11.995,1,203.387544
11.98,4,203.421078
11.365,7,208.892991
11.094444,30,209.144112
10.473333,12,209.244168
11.035556,24,209.451433
10.631111,16,209.583523
10.670556,17,209.725405
10.936667,26,209.94457
11.222778,31,210.209632
10.995556,32,210.477871
11.173095,13,210.585159
10.680556,15,210.713482
10.867778,22,210.897309
11.995,1,210.907389
11.222222,40,211.243177
10.898333,7,211.30018
11.112222,62,211.819015
10.828333,21,211.999626
9.75,1,212.007156
10.975,5,212.047802
10.916667,30,212.29952
11.143889,29,212.544778
10.499444,20,212.710502
10.876667,38,213.024131
10.781667,39,213.351078
10.756429,14,213.469273
10.696667,25,213.675426
10.670556,17,213.819595
10.585,3,213.844285
10.647222,26,214.066372
10.77,6,214.118526
10.71,18,214.272225
10.632222,60,214.781366
10.946667,24,214.983052
10.867778,22,215.16785
10.797143,12,215.267008
11.283333,10,215.351704
11.353571,15,215.477968
10.985,3,215.50218
10.877222,29,215.745519
10.561667,21,215.919851
10.818333,23,216.113685
-1.568333,100,216.946645
10.962222,43,217.303545
11.995,1,217.312927
10.71,18,222.864223
10.847778,26,223.082618
10.768889,24,223.282001
11.142778,47,223.678694
11.075,25,223.890153
10.581667,17,224.032966
10.609444,18,224.183598
11.035556,24,224.383808
10.749444,19,224.542139
10.985,3,224.566888
11.262222,32,224.835649
10.46,19,224.994814
10.749444,19,225.160129
10.859444,17,225.299929
10.798889,18,225.455164
10.956667,22,225.640363
10.907222,23,225.834677
11.222778,31,226.099878
10.788889,20,226.269808
10.986111,25,226.484486
10.7,20,226.655624
11.065,27,226.879524
11.094444,30,227.142254
11.17,6,227.19311
11.17,6,227.246759
10.808889,16,227.380255
10.898333,7,227.437427
10.828333,21,227.616042
11.796667,14,227.732345
11.055,29,227.971696
10.631111,16,228.105343
10.77,6,228.155445
10.601111,22,228.338796
10.992619,11,228.431679
10.394444,10,228.516307
10.505556,10,228.600713
11.995,1,228.609888
11.035556,24,228.810527
10.863571,13,228.921826
10.933333,31,229.176253
10.815,28,229.407684
10.788889,20,229.572677
10.975,5,229.615445
11.192778,37,229.922855
11.035556,24,230.124541
10.995556,32,230.389076
9.75,1,230.398513
10.936667,26,230.618208
10.617778,23,230.812076
11.065,27,231.037588
10.827778,30,231.291596
10.617778,23,236.961143
10.857778,24,237.168504
10.902381,10,237.257387
10.828333,21,237.435932
10.867778,22,237.621546
10.867778,22,237.803709
11.122222,20,237.973597
10.907222,23,238.168819
10.71,18,238.321544
10.591667,15,238.446687
10.276111,7,238.505165
11.313333,4,238.538985
10.552222,14,238.65876
10.591667,15,238.786707
11.641667,5,238.82731
10.71,18,238.975815
10.985,3,239.000957
10.824444,35,239.296031
10.552222,14,239.414342
11.222778,31,239.671335
10.797143,12,239.773727
11.262143,19,239.933241
11.323333,2,239.950678
10.867778,22,240.135603
10.670556,17,240.278262
11.193333,28,240.520478
10.473333,12,240.624021
10.531429,8,240.689723
10.828333,21,240.860517
10.631111,16,241.000996
10.778889,22,241.188092
10.325,15,241.314341
11.331111,36,241.611938
11.222222,40,241.949465
10.867778,22,242.133212
11.995,1,242.141859
10.749444,19,242.300878
10.749444,19,242.45446
11.065,27,242.687977
10.749444,19,242.846569
10.897222,25,243.054873
11.025556,26,243.27727
10.631667,7,243.338842
10.77,6,243.389826
9.99,2,243.405646
10.71,18,243.559212
10.985,3,243.585999
10.631111,16,243.715229
10.788889,20,243.884306
10.659444,37,244.199442
10.335,13,244.310261
11.082857,12,244.407701
11.025,35,244.703298
10.72,16,244.841365
10.93,14,244.956064
10.828333,21,245.134319
10.975,5,245.176516
11.143889,29,245.417768
10.758333,15,245.547461
10.670556,17,251.105575
10.78,4,251.141177
10.71,18,251.292036
11.351111,32,251.556751
10.758333,15,251.685518
10.788889,20,251.850549
10.986111,25,252.061002
10.91,18,252.21258
11.183333,30,252.467441
11.995,1,252.476276
11.985,3,252.501451
10.670556,17,252.649297
10.670556,17,252.79772
10.986111,25,252.99962
10.394444,10,253.083203
11.242222,36,253.380153
10.670556,17,253.523826
10.818333,23,253.717789
11.075,25,253.925199
10.976111,27,254.148988
10.72,16,254.280303
10.847778,26,254.49182
11.985,3,254.517384
10.749444,19,254.676088
10.812143,9,254.75108
11.995,1,254.759537
10.641111,14,254.877409
11.222778,31,255.139239
11.985,3,255.164603
10.897222,25,255.36764
10.897222,25,255.572507
10.71,18,255.725415
10.788889,20,255.893411
10.631111,16,256.028827
10.956111,31,256.286067
10.512778,13,256.394671
11.365,7,256.455741
10.502778,15,256.58337
10.898333,7,256.64277
11.084444,32,256.910826
10.394444,10,256.995159
10.867778,22,257.180918
11.183333,30,257.440154
10.729444,23,257.637522
-1.622273,121,258.686018
-1.249091,121,265.184584
10.859444,17,265.333901
-2.330455,121,266.346659
-2.393636,121,267.352772
-2.185,121,268.357155
9.609545,93,269.133975
10.341818,48,269.52638
10.975,5,269.572266
11.183333,30,269.829739
-1.675909,121,270.830093
-1.568636,121,271.843149
11.173095,13,271.954944
10.597857,9,272.030127
-2.03,121,273.039809
9.751818,68,279.082564
11.466111,29,279.32533
11.013889,26,279.547352
10.752727,24,279.748731
10.606818,75,280.383809
10.181364,33,280.653193
11.995,1,280.662259
11.195714,18,280.815962
10.826818,31,281.071626
9.75,1,281.079414
10.470909,26,281.297436
10.524545,26,281.505742
11.313333,4,281.539899
10.393636,56,281.99845
10.513333,4,282.032804
10.985,3,282.058495
10.515909,35,282.351711
-2.131364,121,283.376883
11.046364,38,283.696634
10.827727,40,284.029902
11.078571,21,284.207026
11.54,12,284.304996
10.658636,21,284.483484
10.658636,21,284.662921
10.970556,17,284.804281
10.78,4,284.83626
10.752727,24,285.034022
10.846818,27,285.262716
11.062857,16,285.395303
10.564545,18,285.545611
10.503182,23,285.736289
11.112222,22,285.923373
10.808182,42,286.277771
10.764091,29,286.522953
10.93,14,286.637263
-2.267273,121,293.05074
10.975,5,293.093882
10.909545,29,293.333081
10.752727,24,293.535901
10.796818,37,293.848091
10.868182,30,294.10428
11.995,1,294.113024
10.283182,18,294.262288
10.836818,29,294.511782
10.622273,52,294.948326
11.624286,18,295.100086
11.18381,19,295.254686
11.003636,32,295.525707
11.076364,32,295.78962
10.992619,11,295.883082
10.78,4,295.916719
10.952273,35,296.211539
10.902381,10,296.292555
11.066364,34,296.578889
10.595909,19,296.740719
10.846818,27,296.961756
10.638636,25,297.17337
10.858182,32,297.445843
10.526364,44,297.807692
10.283182,18,297.96031
-2.165909,121,298.970638
10.868182,30,299.225109
11.023889,24,299.424774
10.848182,34,299.708745
10.992619,11,299.802292
10.766818,43,300.168622
10.762727,22,300.352778
10.641667,5,300.393885
10.690909,31,300.651279
10.71,18,300.804209
10.788182,46,301.190608
10.912273,43,301.553957
10.627273,20,307.213898
10.902381,10,307.298553
10.920909,34,307.579331
10.513333,4,307.613381
10.955,49,308.016486
10.534091,26,308.23692
10.585,3,308.262349
11.313333,4,308.295708
10.722273,32,308.564089
10.859545,39,308.88481
10.555909,27,309.112067
10.808182,42,309.471307
10.784091,25,309.681118
10.846818,27,309.908716
10.534091,26,310.13096
11.141818,48,310.542649
11.17,6,310.593359
11.014444,37,310.909643
10.69,22,311.091645
10.815455,26,311.305329
11.641667,5,311.348252
10.867778,22,311.530786
10.543182,15,311.653226
10.345909,20,311.825073
10.972273,31,312.084641
11.003636,32,312.351901
11.099286,23,312.553125
10.919545,27,312.778198
10.784091,25,312.987773
10.753636,33,313.261466
11.067727,41,313.60995
11.140455,41,313.958494
10.597857,9,314.034272
10.514545,28,314.268544
11.099091,42,314.625615
10.417222,12,314.726811
10.504091,32,314.99479
10.658636,21,315.169803
10.492727,27,315.399482
10.972273,31,315.662124
10.656667,2,315.680105
10.923636,48,321.56326
11.078571,21,321.741488
10.752727,24,321.941387
10.846818,27,322.170921
10.992273,27,322.395378
10.815455,26,322.618084
10.940909,30,322.865359
10.907222,23,323.058353
11.082857,12,323.158102
10.890909,40,323.495519
10.983636,36,323.792889
9.75,1,323.800741
11.195714,18,323.955312
10.909545,29,324.200722
10.533182,17,324.346614
10.752727,24,324.55543
10.784091,25,324.768215
10.970455,75,325.40462
11.181818,40,325.741238
10.67,26,325.96134
10.721364,23,326.153513
10.597857,9,326.233262
11.17,6,326.283247
11.170455,35,326.576948
10.940909,30,326.830364
10.345,11,326.923173
10.768182,50,327.340677
10.794091,23,327.539923
10.878182,28,327.778225
11.035,33,328.056242
10.595909,19,328.220206
10.940909,30,328.474932
10.950909,28,328.714371
10.707778,14,328.83243
10.78,4,328.867137
10.068182,43,329.226493
10.501818,16,329.362492
11.195714,18,329.513703
10.946667,24,329.718456
10.806364,37,335.514234
10.752727,24,335.712781
10.628182,29,335.961597
10.972273,31,336.222822
10.685,54,336.680209
10.650909,39,337.008774
10.702273,36,337.311108
10.93,14,337.424665
10.878182,28,337.657543
11.283333,10,337.742661
10.940909,30,337.992172
11.323333,2,338.008755
10.722727,30,338.261882
10.983636,36,338.565343
10.985,3,338.593495
9.99,2,338.611758
10.812143,9,338.688544
10.595909,19,338.846466
10.762727,22,339.027755
10.541429,6,339.079277
11.170455,35,339.372386
10.748333,17,339.512912
11.348636,43,339.872828
10.69,22,340.055039
10.721364,23,340.251692
10.986111,25,340.465785
10.376364,12,340.569196
10.879545,35,340.867427
10.878182,28,341.103355
10.69,22,341.285434
11.025556,26,341.501626
10.889545,33,341.77704
11.365,7,341.837859
11.076364,32,342.111851
10.721364,23,342.30616
10.972273,31,342.568379
10.846818,27,342.791257
10.878182,28,343.028116
11.071667,19,343.185952
10.595909,19,343.350385
11.003636,32,343.620445
10.846818,27,343.853585
10.69,22,349.516876
10.731364,21,349.693135
10.836818,29,349.939697
10.470455,15,350.062951
10.597778,27,350.296446
11.191818,38,350.611502
10.605909,17,350.75439
10.878182,28,350.987725
11.44381,16,351.118213
10.962273,33,351.398572
10.69,22,351.584577
10.797143,12,351.688975
11.323333,2,351.706563
10.815455,26,351.931188
10.585,3,351.955381
10.627273,20,352.126723
10.878182,28,352.358458
10.491818,18,352.507654
10.554545,20,352.677992
11.082857,12,352.779771
11.026667,8,352.846769
10.658636,21,353.030683
11.112222,22,353.215944
10.985,3,353.240358
10.656667,2,353.257002
10.533182,17,353.405209
11.035,33,353.679884
10.670909,35,353.974426
10.658636,21,354.153795
10.753636,33,354.428415
10.628182,29,354.678246
11.066364,34,354.965284
11.066364,34,355.250629
10.805455,28,355.485878
11.213333,24,355.688004
10.795,32,355.955814
10.878182,28,356.190199
11.191818,38,356.506026
10.595909,19,356.661582
10.752727,24,356.866354
10.940909,30,357.118261
10.856818,25,357.327752
10.889545,33,357.610529
10.501818,16,357.742779
10.962273,33,358.015951
11.003636,32,363.770262
11.17,6,363.820086
11.026667,8,363.887804
10.78,4,363.922719
11.107727,33,364.201425
11.089091,44,364.574489
10.878182,28,364.81048
11.066364,34,365.094434
10.996429,15,365.219924
10.784091,25,365.429058
11.353571,15,365.551596
10.909545,29,365.795745
10.752727,24,365.997058
10.754091,31,366.250286
10.784091,25,366.460307
10.815455,26,366.671648
10.975,5,366.71439
10.605909,17,366.854547
11.323333,2,366.87208
10.878182,28,367.10761
10.963636,40,367.444399
10.284091,27,367.672741
10.784091,25,367.883626
10.752727,24,368.082119
10.565455,27,368.308091
10.982273,29,368.552823
11.066364,34,368.842599
11.119091,38,369.16144
10.44,23,369.356546
10.721364,23,369.546763
11.107727,33,369.822031
11.099091,42,370.169227
10.752727,24,370.376224
11.995,1,370.385221
10.902381,10,370.470059
10.888182,26,370.686468
10.815455,26,370.906953
10.846818,27,371.133515
11.035,33,371.416534
10.501818,16,371.553081
10.909545,29,371.796884
11.025,35,372.089094
10.721364,23,377.681247
10.658636,21,377.860988
10.752727,24,378.058862
10.541429,6,378.106421
-2.710303,144,379.585725
-2.765758,144,380.784363
-3.657424,144,382.009122
10.657222,13,382.120051
-1.664545,144,383.325305
-2.308636,144,384.543861
-3.652273,144,385.761357
-1.394394,144,392.397798
-2.182273,144,393.603044
-1.967576,144,394.807887
-1.598788,144,396.017156
-1.576212,144,397.208544
-2.182273,144,398.405421
10.153333,138,399.570913
10.160303,76,405.606069
10.719091,38,405.927774
10.587273,28,406.167511
10.354848,26,406.392288
10.733788,29,406.628424
10.522222,20,406.796533
-1.72,144,407.988803
10.698485,30,408.236364
11.313333,4,408.270524
10.559697,33,408.546527
10.996111,23,408.735967
11.985,3,408.761275
10.805,39,409.094675
10.900909,38,409.427918
10.347879,39,409.758317
10.193788,39,410.083472
11.17,6,410.133286
10.481364,31,410.391736
10.992121,44,410.764904
10.59197,21,410.940326
10.774394,33,411.216579
10.202121,55,411.677421
10.663182,31,411.936552
10.683182,27,412.160942
10.58197,23,412.352303
10.339091,65,412.889734
10.870303,32,413.158572
10.417424,67,413.710737
11.124444,24,413.912659
10.882121,66,419.886436
11.148636,43,420.240332
10.656667,2,420.257177
10.236111,28,420.487436
10.231364,23,420.680057
10.950556,21,420.853188
10.747424,50,421.271802
11.353571,15,421.392742
11.411667,11,421.484215
10.808889,16,421.615402
10.693182,25,421.824374
11.641667,5,421.866041
10.539697,37,422.176524
11.323333,2,422.193416
10.357273,25,422.395753
10.936212,37,422.710587
10.996429,15,422.836383
10.809697,32,423.099956
10.880909,42,423.449304
10.253333,118,424.428435
10.661667,1,424.43827
10.688485,32,424.711533
10.916212,41,425.05047
11.023939,74,425.665907
10.860303,34,425.944288
10.981515,34,426.227968
10.58197,23,426.418062
10.455455,18,426.571872
10.836818,29,426.813425
10.698485,30,427.065763
10.024394,36,427.366918
10.56197,27,427.595392
10.607879,36,427.895256
10.466061,28,433.592913
10.986818,39,433.916192
11.064444,27,434.143291
10.667879,24,434.34365
10.896212,45,434.722158
11.313333,4,434.754085
10.718485,26,434.973318
10.996818,37,435.276115
10.815,37,435.57982
10.425,66,436.126485
10.794091,23,436.312188
11.323333,2,436.331082
11.995,1,436.33984
10.933333,31,436.59483
10.721905,8,436.660657
10.825,35,436.961064
10.673182,29,437.198791
11.323333,2,437.21653
10.661667,1,437.225199
10.617273,22,437.406956
10.403182,34,437.693823
10.29197,32,437.959043
10.746818,38,438.276031
10.926212,39,438.59995
10.667879,24,438.799949
11.10803,39,439.122017
10.575,36,439.428666
10.623182,39,439.760406
11.263333,14,439.880224
10.936212,37,440.19423
10.926212,39,440.526343
10.667879,24,440.730086
10.992727,56,441.20345
10.916212,41,441.545536
10.603333,48,441.946124
10.605606,42,447.719407
10.363939,59,448.215295
10.898333,7,448.276619
10.799697,34,448.562975
10.836212,57,449.032709
11.061667,21,449.202566
11.05803,49,449.610615
10.975,5,449.650442
10.606667,12,449.751928
10.758333,15,449.879831
11.323333,2,449.896374
10.845606,43,450.250241
11.05803,49,450.660018
10.729091,36,450.968787
10.657879,26,451.18722
10.730714,11,451.280286
10.985,3,451.306861
11.097727,35,451.597734
10.850303,36,451.899297
11.08803,43,452.25155
10.56197,27,452.482468
10.985,3,452.508305
10.541429,6,452.558355
10.878182,28,452.791214
10.784394,31,453.048093
10.683182,27,453.275836
10.496061,22,453.462382
10.896212,45,453.837763
10.55197,29,454.080534
10.656667,2,454.097127
11.54,12,454.196795
11.037424,41,454.537553
10.585606,46,454.927695
10.708485,28,455.161061
10.195,1,455.16979
9.99,2,455.186781
10.394848,18,455.335303
10.577273,30,455.58384
10.506061,20,455.744445
11.995,1,455.752963
10.84803,42,461.524928
10.759091,30,461.774782
10.656667,2,461.790869
10.557273,34,462.075691
10.765,47,462.464934
10.703788,35,462.76659
10.632576,25,462.971685
10.764394,35,463.272363
11.17,6,463.323822
11.323333,2,463.340741
10.956818,45,463.720963
10.905152,73,464.328257
10.961515,38,464.650512
10.946667,24,464.850811
10.986818,39,465.176506
10.840303,38,465.494796
10.719091,38,465.81194
10.632576,25,466.017501
11.053333,56,466.483883
11.755,9,466.555929
10.985,3,466.581769
10.784394,31,466.83888
10.936212,37,467.14104
10.483788,30,467.38901
10.870303,32,467.655872
10.556111,11,467.743946
10.733788,29,467.984761
10.661667,1,467.994857
10.556667,22,468.175477
10.578636,37,468.480747
10.920909,34,468.757911
10.828333,21,468.934155
10.413182,32,469.201846
11.283333,10,469.284553
10.661667,1,469.293332
10.835,33,469.568546
10.631111,16,469.70573
10.309697,34,469.992441
10.534394,32,475.670899
11.323333,2,475.688091
11.995,1,475.699617
10.787424,42,476.051615
11.985,3,476.076751
11.285909,41,476.421945
10.360303,36,476.721585
10.898333,7,476.77955
10.985,3,476.804644
10.493788,28,477.044975
10.94,12,477.147489
10.708485,28,477.380015
10.809697,32,477.655225
10.936212,37,477.964174
11.314444,26,478.181983
10.607273,24,478.381276
10.910909,36,478.680068
10.825,35,478.972777
10.58197,23,479.165454
10.805455,28,479.401719
10.632576,25,479.60814
10.809697,32,479.879244
11.995,1,479.887927
10.860303,34,480.172011
10.742121,45,480.556583
10.976818,41,480.894351
10.693182,25,481.106653
11.995,1,481.115439
10.449091,43,481.475015
11.138636,45,481.849371
10.985,3,481.874355
10.531364,21,482.048075
11.995,1,482.057087
10.812143,9,482.132803
11.113333,44,482.501608
11.283333,10,482.584363
11.129286,17,482.725167
11.063333,54,483.17668
11.323333,2,483.193258
10.708485,28,483.426727
11.995,1,483.436417
11.162778,23,483.633295
11.072727,40,483.96156
10.480758,19,489.547123
10.723788,31,489.811054
10.689697,56,490.269354
10.440152,15,490.390616
10.759091,30,490.65008
10.961515,38,490.966792
10.91,18,491.119986
10.985,3,491.147754
10.749091,32,491.417359
11.323333,2,491.433943
10.78,4,491.468911
10.45119,5,491.510938
10.784394,31,491.775136
10.676212,40,492.100447
10.840303,38,492.416795
10.693182,25,492.624316
10.876212,49,493.033882
10.910909,36,493.334406
11.17,6,493.382867
10.556111,11,493.479237
10.876212,49,493.884285
11.007424,47,494.276962
10.661667,1,494.285545
10.468485,27,494.51363
10.657879,26,494.729003
10.936212,37,495.034134
10.885606,35,495.328971
10.789697,36,495.625136
10.733788,29,495.869786
10.602576,31,496.127921
9.75,1,496.135511
10.859444,17,496.280465
10.642576,23,496.472831
10.673182,29,496.715125
10.996429,15,496.841182
11.022121,38,497.152988
9.99,2,497.170127
10.870303,32,497.439657
10.835,33,497.713326
10.855606,41,503.47835
10.58197,23,503.669475
11.017424,45,504.048059
10.870909,44,504.411508
11.073333,52,504.853426
10.986818,39,505.187672
10.845,31,505.448541
10.683182,27,505.675503
10.917222,21,505.850582
10.506061,20,506.019236
11.214545,48,506.42369
10.835,33,506.702823
10.759091,30,506.959367
11.087727,37,507.266873
10.657879,26,507.484206
11.173095,13,507.594314
11.313333,4,507.627955
10.946667,24,507.82978
10.524394,34,508.116474
11.143939,50,508.535932
10.724394,43,508.892936
10.693182,25,509.10236
10.860303,34,509.391212
10.693182,25,509.605296
11.016818,33,509.885048
10.631667,7,509.945493
10.585,34,510.232258
11.44381,16,510.365474
11.061667,21,510.536384
10.58197,23,510.733571
10.433889,11,510.831721
11.113333,44,511.203872
10.956818,45,511.58601
11.08803,43,511.952254
10.556667,22,517.624396
10.863571,13,517.731816
11.323333,2,517.748811
9.75,1,517.756363
11.037424,41,518.103411
10.632576,25,518.304811
11.173095,13,518.411927
10.860303,34,518.692417
10.480758,19,518.848512
10.885606,35,519.143375
10.759091,30,519.389417
10.840909,50,519.808741
10.986818,39,520.141396
10.784394,31,520.407353
10.736818,40,520.744383
10.347857,10,520.829843
10.835,33,521.093417
10.784394,31,521.358052
10.863571,13,521.464307
10.404848,16,521.600602
10.641667,5,521.642602
10.784394,31,521.899808
10.69,22,522.089455
10.835,33,522.365514
10.898333,7,522.426319
11.995,1,522.43499
10.835,33,522.704382
10.809697,32,522.976331
9.99,2,522.99275
10.835,33,523.267988
10.721905,8,523.334611
10.779697,38,523.644911
10.635606,36,523.937668
10.885606,35,524.228287
10.830303,40,524.569896
10.784394,31,524.826527
11.163939,46,525.208124
10.835,33,525.482968
10.556667,22,525.670513
10.661667,1,525.679905
10.812727,43,526.037741
11.082857,12,531.615615
10.666212,42,531.972715
10.961515,38,532.285944
10.721905,8,532.354293
10.664286,10,532.438133
10.379545,15,532.565272
11.263333,14,532.683564
10.797143,12,532.78131
10.860303,34,533.066506
10.923939,45,533.445253
10.870909,44,533.813308
10.960556,19,533.969371
10.936212,37,534.282926
10.59197,21,534.460591
10.58197,23,534.65225
10.774394,33,534.928239
10.394848,18,535.076447
10.632576,25,535.291175
10.835,33,535.571901
11.323333,2,535.589105
11.062727,42,535.939719
10.906212,43,536.302534
10.749091,32,536.568548
10.859444,17,536.715748
10.784394,31,536.977472
10.985,3,537.003602
11.113333,44,537.372968
10.708485,28,537.609471
10.81803,48,538.015683
10.595,32,538.288058
11.173095,13,538.396007
10.799697,34,538.686374
11.204545,50,539.104941
10.759091,30,539.353019
10.57197,25,539.561499
10.743788,27,539.788484
10.975,5,539.829438
10.657879,26,540.044224
11.062857,16,540.178713
-1.562949,169,547.081434
9.807949,84,547.787785
-2.024487,169,549.204058
-1.203974,169,550.640763
11.313333,4,550.676756
10.701795,34,550.965226
-3.018718,169,552.391033
10.815455,26,552.606645
10.898333,7,552.668256
10.433462,21,552.850165
10.128333,1,552.858876
-1.554359,169,559.762281
10.661667,1,559.77209
10.77,6,559.822387
11.323333,2,559.839576
-2.09,169,561.240954
10.900769,66,561.800664
11.411667,11,561.892124
10.78,4,561.925889
-2.967436,169,563.33264
10.30859,38,563.643084
10.589872,41,563.979727
-1.884872,169,565.395933
-1.642692,169,566.796161
-1.847821,169,568.209098
10.519231,50,574.029904
10.281795,69,574.604847
9.922436,48,574.999309
10.459231,62,575.514308
-1.870641,169,576.917853
-2.09,169,578.346753
-2.360641,169,579.766315
10.463077,43,580.124323
10.394103,34,580.412982
10.656667,2,580.429447
10.223333,124,581.473742
10.619231,30,581.723962
10.863571,13,581.829991
10.535641,49,587.72668
9.735641,62,588.239868
11.272143,17,588.38564
10.307564,61,588.894707
10.692436,41,589.240155
10.630769,71,589.838696
10.776282,55,590.288989
10.431154,34,590.571419
10.216667,41,590.914515
10.805641,44,591.27563
11.995,1,591.284275
10.371154,46,591.6638
10.660513,32,591.925893
10.661667,1,591.934471
10.656667,2,591.951836
10.749444,19,592.114432
10.547308,29,592.357638
11.97,6,592.408775
10.519231,50,592.828937
10.774359,40,593.162138
-3.471667,169,594.588554
10.593077,66,595.149777
10.394103,34,595.43589
10.890128,63,595.971658
10.39,2,595.988209
10.796923,56,601.936396
10.661154,37,602.250779
10.656667,2,602.268262
10.982692,65,602.798928
-1.409103,169,604.217675
10.846923,46,604.604641
11.995,1,604.614698
10.650556,21,604.788632
10.867778,22,604.976754
10.632576,25,605.187683
10.78,4,605.221497
10.762692,60,605.724629
10.951515,40,606.060687
10.315641,44,606.427505
10.806282,49,606.8346
10.639872,31,607.096237
10.868205,52,607.539049
10.838333,19,607.691802
10.743077,36,607.987991
10.485385,26,608.207171
10.663077,52,608.643791
10.722436,35,608.938226
10.541429,6,608.989736
10.723788,31,609.249082
10.324744,53,609.694079
10.863571,13,609.801107
10.317949,31,610.068221
11.013333,64,616.039912
10.536667,26,616.255272
10.496026,29,616.500013
10.722436,35,616.792261
10.524359,41,617.138435
10.660513,32,617.411361
10.650513,34,617.699161
10.389872,32,617.968239
11.323333,2,617.985397
10.586282,44,618.354364
10.567949,30,618.607872
10.752692,62,619.128462
10.836923,48,619.529751
10.639872,31,619.793043
11.995,1,619.802002
10.812692,50,620.223429
10.536667,26,620.447218
11.01141,49,620.853781
10.647564,42,621.208367
10.907222,23,621.407326
10.77,6,621.45678
10.702436,39,621.781629
10.96141,59,622.274201
10.701795,34,622.559365
10.949487,46,622.939322
10.856282,39,623.263382
10.440152,15,623.392813
10.908205,44,623.756939
10.774359,40,624.08825
10.585,3,624.115877
10.928846,45,629.902845
10.505,50,630.317199
10.537308,31,630.572196
10.743077,36,630.871479
11.03141,45,631.244718
10.985,3,631.269384
10.671154,35,631.560015
10.756923,64,632.095627
10.535,44,632.465114
10.880385,98,633.27714
10.497949,44,633.642155
10.617564,48,634.043865
10.640513,36,634.344899
10.648846,52,634.775598
10.330256,16,634.914387
10.601667,13,635.025943
10.725,55,635.49817
10.795641,46,635.880597
10.483636,38,636.204518
10.454359,55,636.668795
10.402179,17,636.810531
10.577949,28,637.041903
10.825641,40,637.378463
10.783718,33,637.655721
10.825,35,637.954561
10.812143,9,638.031652
10.795,41,643.779383
10.557308,27,644.013492
11.641667,5,644.054626
10.629231,28,644.289544
10.567308,25,644.497845
10.707778,14,644.617678
10.077308,25,644.830765
10.514359,43,645.199215
10.641667,5,645.242594
11.096538,73,645.858383
10.877564,45,646.239083
10.754359,44,646.609042
10.712436,37,646.920538
11.995,1,646.929609
10.629872,33,647.204574
10.585,3,647.230376
11.995,1,647.239211
10.788889,20,647.406136
10.718485,26,647.617302
11.365,7,647.674448
10.753718,39,647.995664
10.537949,36,648.295044
10.808889,16,648.43021
10.908205,44,648.802732
10.846282,41,649.139099
10.722436,35,649.42663
10.825641,40,649.756149
10.91,18,649.907184
10.526667,28,650.137422
10.513718,38,650.452672
10.846818,27,650.678954
10.683718,53,651.114579
11.985,3,651.140173
10.681154,33,651.420214
10.938846,43,651.774779
10.797143,12,651.870795
11.995,1,651.880341
10.928846,45,652.25332
10.454103,22,657.851877
10.949487,46,658.234579
10.701795,34,658.519347
9.75,1,658.527822
10.743788,27,658.747782
10.846282,41,659.089925
10.990769,48,659.488131
10.587564,54,659.937808
10.701795,34,660.220132
10.753077,34,660.504883
11.135256,55,660.968848
10.587949,26,661.186789
11.985,3,661.211849
10.392179,19,661.366025
10.805641,44,661.736226
10.743077,36,662.041266
10.940909,30,662.293576
10.745641,56,662.762494
10.888205,48,663.160793
10.898846,51,663.592885
10.877564,45,663.965203
11.17,6,664.016028
10.902381,10,664.098922
10.743718,41,664.451572
10.628846,56,664.915486
9.99,2,664.932065
10.876923,40,665.26732
10.804359,34,665.551529
10.972051,62,666.071421
10.78,4,666.103729
11.365,7,666.161988
10.78,4,666.195405
10.835641,38,671.918995
10.78,4,671.952023
10.754359,44,672.320933
10.93,14,672.434217
10.928846,45,672.810026
9.99,2,672.826865
9.98,4,672.860945
11.313333,4,672.894654
10.928846,45,673.272143
10.795641,46,673.652322
10.78,4,673.685297
11.026667,8,673.754179
10.975,5,673.797171
10.495385,24,674.003487
10.825641,40,674.345044
10.856923,44,674.721556
10.723718,45,675.101528
10.596282,42,675.453071
10.835641,38,675.777914
10.085641,41,676.125183
10.794359,36,676.435968
11.01141,49,676.847635
10.709487,45,677.220622
10.788889,20,677.391291
10.591667,15,677.518775
11.353571,15,677.644445
10.928846,45,678.022126
10.515,48,678.425405
10.948846,41,678.768177
10.555,40,679.106017
10.722436,35,679.398996
10.93,14,679.513807
10.970128,47,679.911688
10.59859,29,680.153221
11.173095,13,680.260309
10.985,3,680.285115
10.701795,34,686.045658
10.949487,46,686.438908
11.283333,10,686.523292
10.720128,48,686.928662
10.433462,21,687.102732
11.073333,52,687.544084
10.527308,33,687.818326
10.783718,33,688.102371
10.908205,44,688.465191
11.755,9,688.538498
10.960556,19,688.692673
10.256667,2,688.713658
11.56,8,688.780502
10.661667,1,688.789094
10.743077,36,689.098966
11.052692,51,689.51758
10.577949,28,689.74371
11.755,9,689.817469
10.928846,45,690.195581
10.661667,1,690.204122
10.949487,46,690.575619
10.577949,28,690.812692
10.661667,1,690.822335
11.025556,26,691.033648
10.630513,38,691.352825
10.650513,34,691.637851
10.485385,26,691.859824
10.856923,44,692.231608
10.743974,74,692.849785
10.846282,41,693.199388
11.97,6,693.250012
10.224744,24,693.455821
10.718485,26,693.672785
10.990769,48,694.06912
10.743077,36,699.849689
10.784359,38,700.170336
10.60859,27,700.400889
10.887564,43,700.768978
10.774359,40,701.101604
10.928205,40,701.436952
11.985,3,701.461306
11.063333,54,701.915969
10.412821,20,702.084422
10.661667,1,702.09562
10.664286,10,702.178245
11.173095,13,702.289074
11.985,3,702.31459
10.866923,42,702.667391
10.866923,42,703.016738
10.575455,25,703.226081
10.878205,50,703.644617
11.641667,5,703.686378
10.619231,30,703.942734
11.995,1,703.951809
10.77,6,704.002266
9.99,2,704.019904
10.557308,27,704.243784
11.54,12,704.341792
11.073333,52,704.772591
10.369872,36,705.078221
10.656667,2,705.095691
10.826282,45,705.471443
11.073333,52,705.904477
10.499231,54,706.354109
10.686212,38,706.674135
10.609231,32,706.944285
10.577949,28,707.1758
10.794359,36,707.475805
10.949487,46,707.855435
10.660513,32,708.126339
10.656667,2,708.142934
11.01141,49,714.025122
10.78,4,714.059886
10.908205,44,714.429685
10.763718,37,714.74061
10.960128,49,715.145447
10.846282,41,715.493905
10.846282,41,715.834668
10.908205,44,716.203929
10.808889,16,716.335078
11.073333,52,716.765193
10.805,39,717.097662
9.75,1,717.105314
10.887564,43,717.466996
10.587949,26,717.688797
10.774359,40,718.029631
10.763974,70,718.626244
10.722436,35,718.916159
10.399872,30,719.170032
10.619231,30,719.421361
10.805,39,719.745944
10.658205,45,720.11602
10.681154,33,720.401536
10.784359,38,720.721218
11.370556,37,721.02946
11.995,1,721.038244
10.985,3,721.062933
11.995,1,721.071469
10.918846,47,721.462104
10.990769,48,721.860321
10.825641,40,722.194246
10.671154,35,727.896642
10.627273,20,728.070555
11.061667,21,728.244362
9.75,1,728.251758
10.887564,43,728.61427
9.75,1,728.622736
11.222778,31,728.878923
11.032051,50,729.285142
10.784359,38,729.605657
10.39,2,729.623981
10.557308,27,729.849935
10.868846,57,730.328504
9.75,1,730.336888
10.805,39,730.669038
10.846282,41,731.008346
10.596282,42,731.35522
10.493077,37,731.662987
10.730128,46,732.0448
11.313333,4,732.079417
10.888205,48,732.480343
11.263333,14,732.597045
10.722436,35,732.885889
10.930128,55,733.35251
10.536667,26,733.569174
10.812143,9,733.647393
10.784359,38,733.958865
10.681154,33,734.235316
10.639872,31,734.490113
10.735,53,734.920536
11.195714,18,735.068909
11.022692,57,735.543502
10.533182,17,735.682557
10.866923,42,736.024643
10.516026,25,736.22927
11.323333,2,736.247106
10.971515,36,741.966574
11.365,7,742.028621
10.619231,30,742.279305
11.365,7,742.334642
10.661667,1,742.343649
9.75,1,742.351158
11.052692,51,742.76622
11.011111,20,742.929621
10.908205,44,743.297104
10.575641,41,743.639213
10.722436,35,743.929845
11.01141,49,744.339108
10.825641,40,744.680179
11.160455,37,744.987838
10.805,39,745.308311
10.949487,46,745.685408
10.773718,35,745.971829
10.866923,42,746.319454
10.433889,11,746.411577
10.587949,26,746.632005
10.567308,25,746.842265
10.93,14,746.972416
10.960556,19,747.154529
10.846282,41,747.503941
11.011111,20,747.674113
10.918205,42,748.032253
11.114615,54,748.491764
10.640513,36,748.798795
10.619231,30,749.04361
10.763718,37,749.357134
10.701795,34,749.641708
10.827564,55,750.100091
10.887564,43,755.876939
11.012121,40,756.207501
10.835641,38,756.527712
10.722436,35,756.823435
10.78,4,756.857979
10.195,1,756.867535
10.661667,1,756.876175
10.722436,35,757.174106
10.733077,38,757.507048
11.135897,60,758.019104
11.020769,42,758.369371
11.157179,66,758.926493
11.093974,53,759.3778
10.681154,33,759.652362
10.180476,2,759.670067
10.619231,30,759.918355
10.878205,50,760.341732
10.39,2,760.359034
10.823333,53,760.803841
10.557308,27,761.031673
10.797143,12,761.132864
10.788889,20,761.299947
9.96,8,761.367891
10.639872,31,761.636207
10.928846,45,762.003852
10.330256,16,762.139619
11.263889,25,762.348108
-1.367857,196,764.364575
-2.517198,196,771.411207
10.328333,1,771.424018
-3.682747,196,773.059585
-1.672308,196,774.699141
-2.52044,196,776.343164
11.995,1,776.352944
10.552222,14,776.474124
10.907222,23,776.667827
10.595909,19,776.825809
11.17,6,776.879764
-1.100879,196,783.939981
11.112222,22,784.12383
10.247033,46,784.510143
-2.614835,196,786.14262
-2.209505,196,787.784265
-1.804176,196,789.411249
10.667222,11,789.504756
-2.027198,196,791.116235
10.426099,46,791.494286
-2.60511,196,798.531352
10.566813,124,799.558448
10.479121,80,800.221158
9.994231,106,801.111451
10.601209,38,801.424741
11.291667,35,801.717869
10.526319,31,801.980315
9.053791,88,802.713904
9.824011,86,803.434189
11.082857,12,803.539022
11.95,10,803.621401
10.739835,85,804.336549
10.444945,73,804.950037
9.99,2,804.96641
10.509341,30,805.220235
10.812143,9,805.294565
10.176813,104,806.165331
10.208626,33,811.843417
10.681154,33,812.122579
10.867778,22,812.310976
10.452363,37,812.619841
10.446813,148,813.860033
10.406813,107,814.758108
10.416099,48,815.154405
10.956667,22,815.331492
10.276319,32,815.601175
11.025,46,815.990728
10.858901,48,816.386168
10.547967,48,816.786998
10.788901,62,817.301497
10.649121,46,817.682924
9.75,1,817.690788
10.661795,42,818.041877
10.777967,51,818.477778
11.263333,14,818.598248
10.553297,30,818.848113
10.560275,33,819.128098
10.758333,15,819.250607
9.75,1,819.258327
10.759091,30,819.508456
10.576923,51,819.937569
10.598901,51,825.831916
10.033297,36,826.133497
10.473333,12,826.235416
10.649121,46,826.624758
10.679121,40,826.960381
10.585,3,826.98542
10.551209,48,827.388972
10.638681,87,828.118807
10.438187,75,828.744028
10.707778,14,828.861402
10.385165,41,829.199522
11.026667,8,829.267779
9.960769,107,830.163939
11.025556,26,830.379768
10.628187,37,830.689399
10.526319,31,830.946392
-1.851374,196,832.577515
10.749444,19,832.737976
10.485385,26,832.960541
10.846818,27,833.189703
10.371923,92,833.946585
10.985,3,833.972345
10.645165,38,834.295218
10.986111,25,839.968009
11.641667,5,840.009091
10.899835,53,840.454874
10.784091,25,840.663454
10.865879,51,841.083566
10.821923,51,841.517201
11.129091,36,841.817683
10.724011,53,842.252828
10.838901,52,842.683188
10.839835,65,843.22488
10.855879,53,843.667512
10.975,5,843.708083
10.274945,58,844.191179
10.628187,37,844.499684
10.707778,14,844.617008
9.75,1,844.6246
10.676813,53,845.066929
10.587967,89,845.807348
10.598187,43,846.15976
10.696099,41,846.499491
10.334231,38,846.815485
11.323333,2,846.83584
10.836813,70,847.415771
10.661667,1,847.424248
10.777967,51,847.854232
10.960769,54,848.312258
10.863571,13,853.833995
10.780989,46,854.231242
10.599835,64,854.781086
10.220055,47,855.175465
10.295879,67,855.743392
10.741703,62,856.260409
10.689121,38,856.587085
10.777967,51,857.01942
10.848901,50,857.441025
10.722436,35,857.726844
10.855879,53,858.165509
10.787967,49,858.577363
10.479341,36,858.882169
10.838901,52,859.324416
10.878182,28,859.562528
10.530989,47,859.960419
10.595165,48,860.360066
10.629121,50,860.782484
10.567253,36,861.080388
10.352857,60,861.584423
10.78,4,861.619297
10.815455,26,861.837464
10.846818,27,862.062319
10.227033,50,868.004606
10.856813,66,868.561902
10.631667,7,868.619776
9.99,2,868.636559
10.327253,35,868.928748
10.781923,59,869.423436
10.635165,40,869.756586
10.907222,23,869.952283
10.683791,56,870.423633
10.777967,51,870.847513
10.366538,19,871.003972
10.547253,40,871.333866
10.996818,37,871.644114
10.474231,59,872.139863
10.949487,46,872.522159
11.018681,60,873.025027
10.671703,76,873.667403
11.173095,13,873.775671
10.584945,45,874.153715
10.770989,48,874.563156
10.662143,39,874.885339
10.706099,39,875.208463
10.811923,53,875.648957
10.662143,39,875.972426
10.615879,52,876.400347
10.651703,80,882.481646
10.465385,30,882.735811
10.656813,57,883.210411
10.730055,43,883.562923
11.995,1,883.572409
10.892857,50,883.994462
10.801923,55,884.448039
10.533182,17,884.587083
10.494011,50,884.995265
10.657879,26,885.211432
10.899835,53,885.647174
10.752727,24,885.848439
10.567253,36,886.149291
10.858901,48,886.552563
11.17,6,886.6028
11.035,33,886.880052
11.313333,4,886.915701
10.605165,46,887.294726
10.276319,32,887.55892
10.780989,46,887.943179
10.991703,61,888.460698
10.93,14,888.578954
10.022143,69,889.159953
10.713077,42,889.505354
10.492363,29,889.753141
10.567253,36,890.059735
10.536813,81,896.221199
10.588187,45,896.612886
11.022692,57,897.09518
10.585,3,897.119637
10.907222,23,897.31665
10.475385,28,897.556313
10.863791,69,898.13327
10.950128,51,898.562331
10.598187,43,898.933936
10.789835,75,899.572037
10.550275,35,899.863168
10.720055,45,900.239706
10.730055,43,900.600454
10.984725,58,901.094913
9.75,1,901.102527
11.283333,10,901.187989
11.001703,59,901.682668
10.723077,40,902.017775
10.937747,63,902.542846
10.802637,63,903.065818
10.717747,58,903.556852
10.996429,15,903.686508
11.313333,4,903.721836
11.995,1,903.730349
10.787967,49,904.13752
10.797967,47,904.531737
10.909545,29,910.20453
10.750989,52,910.629464
11.035659,61,911.146825
10.992619,11,911.235501
10.916813,54,911.688969
10.873791,67,912.247157
10.804945,50,912.666112
10.882857,52,913.09866
10.561209,46,913.487167
10.390495,23,913.681608
10.585,3,913.705562
10.594231,35,913.999843
10.814945,48,914.406846
10.581923,50,914.826648
10.134103,37,915.133826
10.764011,45,915.510345
10.838901,52,915.942139
10.730055,43,916.307766
9.75,1,916.315969
10.737033,46,916.700659
10.652143,41,917.047658
10.598901,51,917.465432
10.808901,58,917.950026
10.737967,59,918.439966
10.865879,51,924.285591
10.764011,45,924.664856
10.865879,51,925.082268
10.509341,30,925.346801
10.842857,60,925.855316
10.679121,40,926.195191
11.191818,38,926.513022
10.817747,87,927.230139
10.645165,38,927.544642
10.594231,35,927.830193
10.288626,17,927.969194
10.611209,36,928.26476
10.561923,54,928.711277
10.86033,113,929.634721
10.730989,56,930.096669
10.846818,27,930.319171
10.752727,24,930.516751
10.847727,36,930.81096
10.672143,37,931.121123
10.428407,33,931.392715
10.577253,34,931.678018
10.814945,48,932.070423
10.77,6,932.119817
10.822857,64,938.115917
10.794945,52,938.543621
10.677967,71,939.140773
10.831923,49,939.55171
11.026667,8,939.621675
10.645165,38,939.938168
10.618187,39,940.260315
10.683077,48,940.659518
10.831923,49,941.06794
10.754011,47,941.465489
10.672143,37,941.77418
10.662143,39,942.104872
10.747033,44,942.469409
10.723077,40,942.804039
10.797967,47,943.196505
10.882857,52,943.622645
10.964725,62,944.135964
10.940909,30,944.377474
10.656099,49,944.784816
10.628187,37,945.099371
10.389835,57,945.572477
11.223182,39,945.901808
10.996429,15,946.026131
10.552222,14,946.149437
10.878182,28,946.385463
10.700055,49,952.213513
10.526319,31,952.476789
10.577253,34,952.765007
11.995,1,952.773691
10.790989,44,953.144495
10.567253,36,953.443606
10.882857,52,953.885327
10.703077,44,954.253905
10.882857,52,954.690547
10.594231,35,954.986112
10.486319,39,955.322219
10.781923,59,955.821721
10.750055,39,956.155263
10.628187,37,956.471001
10.39,2,956.488465
10.964725,62,957.009569
10.797967,47,957.41298
10.639121,48,957.826039
11.323333,2,957.843167
10.933791,55,958.300128
11.341111,34,958.582387
10.510275,43,958.941878
10.760989,50,959.356801
10.984725,58,959.845824
10.892857,50,960.269111
11.173095,13,960.379824
9.75,1,960.38739
10.628187,37,966.107168
10.916813,54,966.552
10.577253,34,966.83365
10.788889,20,966.999606
11.283333,10,967.089076
10.526319,31,967.350559
10.797967,47,967.74513
10.645879,46,968.132542
10.543297,32,968.404812
11.129286,17,968.54551
10.611209,36,968.853564
10.269341,29,969.102354
10.742637,75,969.733748
10.850769,76,970.368506
10.557033,82,971.062158
10.611209,36,971.358927
10.696099,41,971.702639
10.848901,50,972.125449
10.725659,74,972.746163
10.526319,31,973.004095
10.679121,40,973.345669
10.412143,40,973.679614
10.492363,29,973.920267
10.946667,24,974.125371
10.737033,46,974.513615
10.809697,32,980.192754
11.143889,29,980.433804
9.75,1,980.443359
9.99,2,980.460685
10.543297,32,980.736337
10.780989,46,981.120756
10.577253,34,981.406456
10.829835,67,981.965956
10.730714,11,982.055522
10.950769,56,982.520326
10.934725,68,983.083908
11.323333,2,983.100967
11.323333,2,983.117926
10.611209,36,983.418917
10.577253,34,983.698829
10.967747,57,984.168252
10.933791,55,984.630265
10.764011,45,985.005555
10.451429,24,985.204878
10.621703,86,985.924161
10.865879,51,986.34209
10.679121,40,986.671213
10.622143,47,987.060033
10.797967,47,987.45503
10.764011,45,987.831197
10.713077,42,988.176739
10.797967,47,993.995388
10.848901,50,994.411609
10.407473,24,994.610751
11.527857,23,994.804915
10.940769,58,995.306191
10.865879,51,995.732063
10.781923,59,996.2326
10.950769,56,996.708465
10.747033,44,997.077301
10.747033,44,997.451002
10.923791,57,997.925519
10.628187,37,998.23463
10.821923,51,998.661123
10.967747,57,999.149466
10.967747,57,999.627844
10.764011,45,1000.000657
10.662143,39,1000.329978
10.591667,15,1000.456112
10.950769,56,1000.939638
10.45119,5,1000.980982
10.872857,54,1001.429272
10.276026,24,1001.630437
10.865879,51,1002.055452
10.679121,40,1002.397425
10.950769,56,1008.341115
10.764011,45,1008.710443
10.645165,38,1009.026459
10.585,3,1009.052576
10.797967,47,1009.44591
10.670556,17,1009.587851
10.841923,47,1009.985958
10.693077,46,1010.366925
11.395,21,1010.537891
11.411667,11,1010.63013
10.625165,42,1010.975751
10.882857,52,1011.41618
10.661667,1,1011.425419
10.831923,49,1011.838847
11.062727,42,1012.192831
9.75,1,1012.200368
10.848901,50,1012.623422
10.691795,36,1012.923374
10.631667,7,1012.984158
10.765,47,1013.386196
10.797967,47,1013.772267
10.996429,15,1013.899008
10.744011,49,1014.309431
10.577253,34,1014.594353
10.424451,25,1014.803873
10.730055,43,1015.168228
10.33956,20,1015.336447
10.985,3,1015.360406
10.659121,44,1015.730087
10.78,4,1015.763306
10.553297,30,1016.013477
11.103571,65,1016.557793
10.611209,36,1022.32503
10.645165,38,1022.643668
11.97,6,1022.691582
10.713077,42,1023.043494
10.790989,44,1023.409484
9.99,2,1023.428737
11.995,1,1023.437534
10.707778,14,1023.5562
10.908681,82,1024.244476
10.628187,37,1024.546334
10.78,4,1024.580245
10.660556,19,1024.739016
10.865879,51,1025.163989
10.641667,5,1025.205977
11.313333,4,1025.240577
10.594231,35,1025.5281
10.860303,34,1025.811918
11.995,1,1025.821228
9.99,2,1025.838207
11.037424,41,1026.177541
10.547967,48,1026.573141
10.946212,35,1026.862423
10.713077,42,1027.214803
10.723077,40,1027.547356
10.808462,97,1028.347961
10.679121,40,1028.678809
10.872857,54,1029.136034
10.577253,34,1029.41867
10.916813,54,1029.869586
10.797967,47,1030.267291
10.780989,46,1036.156234
10.543297,32,1036.432855
10.672143,37,1036.736083
10.385,3,1036.760146
10.780989,46,1037.139327
10.984725,58,1037.619718
10.390495,23,1037.812046
10.611209,36,1038.119864
10.655165,36,1038.422293
10.797967,47,1038.815578
10.794945,52,1039.25118
10.656099,49,1039.663615
10.594231,35,1039.951613
10.849835,63,1040.473537
10.382857,54,1040.921033
11.995,1,1040.929445
10.780989,46,1041.316589
10.807967,45,1041.692253
10.916813,54,1042.145429
11.097727,35,1042.436287
10.679121,40,1042.775339
10.902381,10,1042.85844
10.721905,8,1042.925517
10.577253,34,1043.205094
10.696099,41,1043.550154
10.662143,39,1043.875713
11.026667,8,1043.941096
10.324231,40,1044.284357
10.632576,25,1044.502687
11.44381,16,1044.635078
10.890769,68,1050.684761
10.480758,19,1050.845348
11.094505,80,1051.516538
10.473077,41,1051.856614
10.933791,55,1052.321681
10.530275,39,1052.650625
10.899835,53,1053.110652
11.17,6,1053.161626
10.814945,48,1053.561467
10.441429,26,1053.776834
10.757967,55,1054.230856
10.509341,30,1054.485666
10.730714,11,1054.578603
10.679121,40,1054.916481
11.313333,4,1054.95169
10.71,18,1055.101888
10.554231,43,1055.456393
10.747033,44,1055.827726
10.475385,28,1056.058142
10.950769,56,1056.530037
10.985,3,1056.556143
10.797143,12,1056.65746
10.882857,52,1057.105921
10.662143,39,1057.431423
10.597253,30,1057.690002
10.767967,53,1058.138871
10.760989,50,1058.55511
10.664286,10,1058.681503
11.995,1,1058.6902
-2.241667,256,1067.862808
11.995,1,1067.876934
10.676099,45,1068.251383
-2.536667,256,1070.400124
-2.398333,256,1072.57353
11.353571,15,1072.706135
-1.875,256,1080.277313
11.313333,4,1080.312865
10.341667,16,1080.448824
-1.813333,256,1082.628939
-3.316667,256,1084.796754
11.323333,2,1084.816105
11.062727,42,1085.166525
-2.18,256,1092.690858
-4.62,256,1094.820689
-2.731667,256,1096.961167
10.544359,37,1097.267777
-6.128333,256,1099.419214
-3.016667,256,1106.99912
-5.870952,225,1108.881567
-3.816667,256,1111.034445
-2.508333,256,1113.189103
10.328333,1,1113.199013
11.995,1,1113.208068
-4.101667,256,1120.732022
11.247857,30,1120.985268
-4.73,256,1123.151151
-4.681667,256,1125.295995
-2.246667,256,1127.453248
11.025556,26,1127.669711
-2.888333,256,1135.277612
-3.083333,256,1137.422141
-4.496667,256,1139.559027
-2.703333,256,1141.708413
10.585,3,1141.734066
-3.06,256,1149.247612
-3.288333,256,1151.397898
-2.865,256,1153.528394
9.486667,100,1154.374605
10.098333,28,1154.609324
10.797143,12,1154.713181
9.833333,142,1155.898945
10.109487,67,1156.463239
8.648333,242,1163.976299
-3.455,256,1166.130815
8.628333,177,1167.600317
8.693333,243,1169.63101
-3.716667,256,1177.244388
10.985,3,1177.272573
-1.88,256,1179.428971
10.568333,63,1179.961312
10.815,37,1180.27036
10.16,99,1181.111118
10.243333,69,1181.68124
-1.913333,256,1183.861706
10.496667,54,1184.315821
10.743718,41,1184.650317
9.75,1,1184.658031
-3.45,256,1192.315103
10.318333,64,1192.859513
10.326667,148,1194.105657
10.328333,62,1194.626881
9.983333,72,1195.24045
8.428333,159,1196.57912
10.691154,31,1196.840506
9.953333,89,1197.583521
9.846667,97,1198.40367
9.416667,203,1205.486801
10.38,75,1206.11189
10.26,39,1206.434898
10.982273,29,1206.675856
11.985,3,1206.699705
-2.308333,256,1208.856584
11.272143,17,1209.000532
10.78,4,1209.035044
10.450476,59,1209.524638
10.735,83,1210.22632
11.668333,13,1210.334654
10.411667,72,1210.934099
10.277424,46,1211.316205
10.366667,40,1211.643872
10.278333,72,1212.251755
10.902381,10,1212.336655
11.155,9,1212.414024
10.245,81,1213.101667
10.416667,81,1219.256818
9.835,65,1219.797352
10.628333,51,1220.226546
10.721905,8,1220.29473
-1.665,256,1222.436508
-3.155,256,1224.580746
10.372143,48,1224.992207
10.656667,2,1225.009712
10.812143,9,1225.088204
10.595,71,1225.68138
-1.546667,256,1233.288899
10.745,61,1233.800111
10.303333,57,1234.281733
10.411667,72,1234.898985
10.4,40,1235.236966
10.115,98,1236.048682
10.878182,28,1236.283949
10.715,67,1236.843745
10.573333,52,1237.280143
-2.27,256,1239.404939
10.023333,44,1239.775721
10.525,45,1240.16412
10.298333,57,1240.638853
10.812143,9,1240.714936
10.8,80,1246.875514
10.335,74,1247.487671
11.195714,18,1247.640484
10.582857,14,1247.758198
10.621667,79,1248.4087
10.505,49,1248.825899
10.661667,1,1248.836435
11.062857,16,1248.96869
10.146667,95,1249.760955
10.73,94,1250.554031
10.652381,60,1251.067221
11.995,1,1251.07676
9.99,2,1251.093347
10.23,65,1251.627762
10.301667,94,1252.413974
10.681667,107,1253.307976
10.451667,73,1253.918238
-1.965,256,1261.469449
10.165,99,1262.285795
10.361667,31,1262.543925
10.758333,105,1263.421911
10.928846,45,1263.798955
9.98,4,1263.833415
10.707778,14,1263.947185
10.939487,48,1264.340218
11.985,3,1264.365069
11.112222,22,1264.551156
10.703333,86,1265.267519
10.591667,85,1265.980038
10.375,66,1266.526731
10.4,120,1267.532228
10.860303,34,1267.823704
10.708333,75,1268.438068
10.536667,46,1268.820833
10.283333,72,1274.912793
10.373333,94,1275.705568
10.902381,10,1275.786292
10.425,56,1276.262962
10.631667,57,1276.742735
10.35,81,1277.416397
10.006667,43,1277.775132
10.49,62,1278.301759
10.323333,53,1278.74876
11.195714,18,1278.896568
10.06,50,1279.318735
9.75,1,1279.328429
10.518333,53,1279.789576
10.141667,77,1280.433121
10.661795,42,1280.77932
10.503333,66,1281.333705
10.688333,59,1281.822827
10.031667,68,1282.389374
10.23,65,1282.934247
9.745,134,1289.467596
10.74,72,1290.081226
10.646667,84,1290.79467
10.455,39,1291.120604
11.173095,13,1291.229383
10.653333,56,1291.700071
10.899835,53,1292.13828
9.838333,191,1293.746602
10.711667,61,1294.263137
10.528333,51,1294.689338
10.734524,55,1295.149306
10.313333,24,1295.347945
-3.25,256,1302.896454
10.348333,58,1303.388071
10.730714,11,1303.484164
10.656667,2,1303.501524
10.473333,52,1303.931829
10.328333,1,1303.941233
10.701795,34,1304.227578
10.875879,49,1304.639289
10.568333,63,1305.163408
10.803333,66,1305.713873
10.975,5,1305.755855
10.35,150,1307.012675
10.05,72,1307.61473
10.358571,134,1308.739668
11.002051,56,1309.207712
9.75,1,1309.215371
11.641667,5,1309.25774
10.641667,5,1309.300238
10.243333,49,1309.713939
10.783333,70,1310.299583
10.413333,95,1311.098086
10.557308,27,1311.321173
10.565455,27,1316.967838
10.745,61,1317.484874
10.697778,16,1317.615216
10.668333,63,1318.137821
10.746667,64,1318.665132
10.433889,11,1318.754483
10.985,3,1318.778622
10.538333,49,1319.187479
11.56,8,1319.256778
10.664286,10,1319.338697
10.558333,85,1320.035616
11.223182,39,1320.350682
10.388333,70,1320.930106
10.583333,70,1321.510094
9.75,1,1321.518216
10.16,39,1321.840002
10.121667,81,1322.512086
10.546667,44,1322.888571
10.985,3,1322.912943
11.56,8,1322.983763
10.525,76,1323.613081
11.461429,22,1323.795144
10.651667,73,1324.398458
10.506667,52,1324.836382
10.72,56,1330.73472
11.082857,12,1330.836452
10.708333,55,1331.304643
10.678333,61,1331.817605
10.967747,57,1332.290757
10.6,60,1332.796175
10.408333,66,1333.350233
10.64,52,1333.792035
10.436667,57,1334.271837
10.42,36,1334.579051
10.643333,58,1335.062267
9.886667,69,1335.643538
10.538333,60,1336.1408
10.495,91,1336.904318
10.536667,86,1337.632217
10.581667,67,1338.19254
10.628333,71,1338.789614
11.995,1,1338.798307
10.318333,33,1339.079014
10.661667,1,1339.087697
10.735,63,1345.076881
10.851667,93,1345.847821
10.585,73,1346.455514
10.461667,62,1346.96992
10.646667,84,1347.668678
10.723333,62,1348.191293
10.643333,58,1348.683316
10.828333,71,1349.279164
10.656667,2,1349.295667
10.576667,58,1349.787195
10.641667,55,1350.250206
10.656667,2,1350.266479
10.463333,54,1350.725315
10.784091,25,1350.944159
9.983333,92,1351.715652
10.83,74,1352.331338
10.748333,67,1352.898905
10.565,57,1358.780129
10.355,50,1359.193082
10.391667,56,1359.656021
10.666667,80,1360.321285
10.735,63,1360.849157
10.46,79,1361.512679
10.735,63,1362.047262
10.666667,60,1362.556755
10.56,48,1362.960645
10.595,51,1363.38967
10.52,67,1363.95359
10.593333,48,1364.358158
11.44381,16,1364.489662
10.992619,11,1364.585486
10.846282,41,1364.934587
10.596667,54,1365.39198
11.052637,62,1365.896419
10.921667,79,1366.551149
10.406667,52,1366.98614
10.581667,67,1372.944269
11.082857,12,1373.04331
10.809697,32,1373.307719
10.902381,10,1373.394904
10.5,60,1373.903142
10.77,6,1373.952719
11.183333,30,1374.198991
10.926212,39,1374.517567
10.455,79,1375.177919
10.805,69,1375.763109
10.657879,26,1375.980779
10.523333,42,1376.334754
10.283333,61,1376.85205
10.862857,56,1377.32831
10.808889,16,1377.46679
10.445,41,1377.810253
10.738333,69,1378.385288
10.71,58,1378.876348
10.38,55,1379.340539
10.543333,78,1379.992395
10.623333,62,1380.506101
10.986111,25,1380.718156
10.81,78,1386.803694
10.698333,77,1387.452949
10.676667,58,1387.922075
10.27,26,1388.137117
10.141667,57,1388.611682
10.496667,174,1390.065444
10.668333,63,1390.592722
11.17,6,1390.6417
10.748571,56,1391.113432
10.859444,17,1391.25786
10.813333,84,1391.960311
10.501667,43,1392.32275
11.066364,34,1392.61519
10.812143,9,1392.689442
10.428333,62,1393.209303
10.68,64,1393.745499
10.901667,83,1394.441799
10.655,59,1394.94438
10.695,71,1400.944865
9.75,1,1400.95277
11.995,1,1400.964153
10.641667,55,1401.423592
10.675,55,1401.88006
10.7,60,1402.381975
10.711667,61,1402.897666
10.743077,36,1403.200632
9.75,1,1403.208941
10.655,59,1403.705397
10.72,96,1404.521669
10.56,48,1404.918231
10.345,52,1405.362833
10.558333,45,1405.746639
10.813333,64,1406.282229
10.784394,31,1406.544913
10.721667,59,1407.038821
10.713333,64,1407.586948
10.886667,76,1408.236691
10.333333,51,1408.674301
10.581667,78,1409.339005
10.663333,54,1415.262858
10.577949,28,1415.495504
10.683182,27,1415.721772
10.41,80,1416.385857
10.285,44,1416.757705
10.65,81,1417.439373
10.253333,47,1417.841571
10.556667,102,1418.700735
10.346667,75,1419.318306
10.385,104,1420.179214
10.59,82,1420.86368
10.853333,76,1421.481161
10.616667,90,1422.216263
10.551667,53,1422.652213
11.035,33,1422.924742
10.486667,67,1428.877724
10.898333,7,1428.939967
10.662143,39,1429.265197
10.621667,59,1429.769033
10.758571,54,1430.220827
11.399444,49,1430.638163
10.886667,76,1431.27387
10.811667,61,1431.777042
10.546667,75,1432.409107
10.473333,72,1433.019014
10.368333,54,1433.475865
10.77,66,1434.027508
10.465,68,1434.595786
10.408333,66,1435.142945
10.594231,35,1435.442243
10.866667,80,1436.101763
10.723333,62,1436.615626
10.803333,66,1437.166819
10.72,56,1443.026955
10.621667,59,1443.522028
10.641667,55,1443.986327
10.873333,72,1444.595688
10.676667,58,1445.077445
10.631667,57,1445.556614
10.476667,38,1445.873628
10.811667,101,1446.722342
-2.146667,256,1448.86967
10.835,33,1449.151271
10.784359,38,1449.466589
10.695,71,1450.065642
10.863571,13,1450.172972
10.641667,55,1450.630525
10.780989,46,1451.008257
10.711795,32,1451.272529
10.511667,61,1457.251176
10.698333,57,1457.733687
10.618333,53,1458.180241
10.766667,60,1458.68574
10.473333,52,1459.117763
10.657879,26,1459.333279
10.505,49,1459.75567
10.266667,51,1460.177231
10.91,78,1460.836857
10.611667,61,1461.344662
10.733333,60,1461.846732
11.314444,26,1462.059874
10.568333,74,1462.686629
10.665,57,1463.164405
10.616667,50,1463.585956
10.355,50,1463.996573
10.571667,49,1464.416225
10.713333,64,1464.947256
10.996429,15,1465.079568
10.885,73,1471.159421
11.035,33,1471.438184
10.668333,63,1471.959439
10.721667,59,1472.453336
10.85,70,1473.043787
10.761667,71,1473.642377
10.665,57,1474.124727
11.995,1,1474.133337
10.751667,113,1475.094076
10.63,54,1475.5519
10.745,61,1476.060728
10.511667,41,1476.406503
10.611667,72,1477.017806
10.721905,8,1477.085153
10.711667,101,1477.929414
10.61,58,1478.425542
10.628333,51,1478.854031
10.255,61,1479.361651
10.431667,37,1485.143601
10.826667,68,1485.710053
10.521667,59,1486.211944
10.78,4,1486.248045
10.518333,53,1486.697522
10.826282,45,1487.072198
10.875,75,1487.702065
10.686667,56,1488.164258
11.263889,25,1488.374281
10.721667,59,1488.876952
10.76,68,1489.448327
10.77,66,1490.007296
10.801667,83,1490.702275
10.701667,63,1491.219521
10.711667,61,1491.734561
10.641667,5,1491.776339
10.595,51,1492.206026
10.663077,52,1492.640039
10.641667,5,1492.682858
10.641667,55,1493.144419
10.735,63,1499.162047
10.663333,54,1499.617364
10.698333,57,1500.087464
10.46,48,1500.494956
11.314444,26,1500.713974
10.835,33,1500.995237
11.065,27,1501.223209
10.698333,57,1501.703018
10.758571,54,1502.162141
10.726667,79,1502.819215
10.698333,77,1503.453213
11.113333,44,1503.824296
10.733333,60,1504.330364
10.653333,56,1504.799219
10.721667,59,1505.313474
10.726429,49,1505.724173
10.703718,49,1506.141973
10.985,3,1506.168875
10.91,18,1506.321656
11.062857,16,1506.453567
10.545,72,1507.062002
10.581667,67,1507.621782
10.553297,30,1513.33885
10.711667,61,1513.856069
10.791667,65,1514.40942
10.648333,67,1514.967972
10.665,57,1515.453821
10.656667,2,1515.471744
10.571667,49,1515.878903
10.826667,68,1516.448929
10.493333,79,1517.091452
11.195714,18,1517.239423
10.788333,79,1517.887364
10.461667,51,1518.308504
10.436667,57,1518.784217
10.403333,57,1519.26101
10.56,48,1519.663343
11.323333,2,1519.679951
10.441667,55,1520.131708
9.75,1,1520.139737
10.608333,55,1520.599672
10.653333,56,1521.076711
11.546667,15,1521.207152
10.661667,1,1521.215899
10.917222,21,1521.395349
11.162778,23,1521.588591
10.63,54,1527.522138
10.495,51,1527.944499
10.648333,67,1528.500312
10.63,54,1528.950907
10.735,63,1529.477308
10.611667,61,1529.992152
10.721667,79,1530.64586
11.283333,10,1530.7314
10.618333,53,1531.180253
10.311667,41,1531.518466
10.966667,80,1532.191413
10.040714,62,1532.699184
11.001703,59,1533.187095
10.366667,71,1533.779412
10.548333,47,1534.165274
10.74,72,1534.772175
10.555,70,1535.36123
10.588333,59,1541.276573
10.663333,54,1541.725412
10.545,61,1542.231694
10.721905,8,1542.299292
10.729286,68,1542.870678
10.825641,40,1543.201229
10.438333,60,1543.711475
11.461429,22,1543.893849
11.155,9,1543.969291
11.001667,83,1544.667292
10.643333,58,1545.155537
10.975,5,1545.197131
10.606667,52,1545.621643
10.723333,62,1546.148001
10.49,42,1546.505341
11.17,6,1546.555507
10.523333,62,1547.08552
10.721667,59,1547.581836
10.93,74,1548.196481
10.863571,13,1548.310672
10.555,59,1548.812238
10.757033,42,1549.162546
11.995,1,1549.171249
10.788889,20,1549.342675
10.676667,58,1555.246437
9.75,1,1555.254377
10.593333,48,1555.656173
10.730714,11,1555.748271
10.271667,60,1556.256651
10.585,53,1556.696117
10.785,113,1557.641172
10.443333,38,1557.954049
10.808889,16,1558.0914
10.656667,2,1558.109014
10.507033,43,1558.466069
10.748333,67,1559.02262
11.135256,55,1559.477011
10.583333,50,1559.888977
10.746667,64,1560.418262
10.952727,46,1560.799374
10.583333,50,1561.214731
11.287273,48,1561.615923
10.758333,15,1561.743737
11.54,12,1561.846658
11.995,1,1561.855782
10.556111,11,1561.945266
11.353571,15,1562.068937
10.571667,49,1562.46733
11.173095,13,1562.574201
10.808901,58,1563.056697
10.665,57,1563.536397
10.558333,65,1569.480829
11.17,6,1569.532619
11.323333,2,1569.549301
10.728571,60,1570.047036
10.826667,68,1570.607732
11.995,1,1570.616206
9.75,1,1570.623805
11.061667,91,1571.384626
10.683333,81,1572.055902
10.701667,63,1572.577621
11.011111,20,1572.74536
10.8,80,1573.40474
10.59,73,1574.029855
10.328333,1,1574.038741
11.018333,93,1574.814615
10.907222,23,1575.008474
10.745,61,1575.50833
10.581667,47,1575.906211
10.711667,61,1576.416948
10.57,46,1576.800908
10.57,46,1577.180513
10.809697,32,1577.444133
10.826667,68,1583.490668
10.663333,54,1583.954353
10.863333,74,1584.583979
-2.146667,256,1586.723247
10.7,60,1587.224835
10.88,84,1587.932195
10.805,69,1588.509958
10.660476,66,1589.062757
10.735,63,1589.585738
10.34,32,1589.84924
11.071667,19,1590.009444
11.263333,14,1590.127875
10.553333,56,1590.598251
10.658636,21,1590.773053
10.784359,38,1591.088511
10.815,67,1591.643353
10.63,54,1597.563288
10.653333,56,1598.019008
10.58,64,1598.547918
10.713333,64,1599.085546
10.826667,68,1599.652635
10.57,46,1600.037194
10.406667,32,1600.305983
10.655,59,1600.794908
10.581667,67,1601.355995
10.676667,58,1601.840203
11.56,8,1601.906684
11.066364,34,1602.197133
10.828333,71,1602.795138
10.641667,55,1603.253803
10.865,77,1603.902301
10.71,18,1604.052189
10.77,66,1604.60089
10.606667,52,1605.026803
10.721905,8,1605.096349
10.723333,62,1605.627856
10.665,57,1611.534098
10.711667,81,1612.217863
10.846818,27,1612.439951
11.54,12,1612.544373
10.605,49,1612.950559
10.660238,47,1613.349545
10.886667,76,1613.998048
10.618333,53,1614.446337
10.781667,67,1615.002982
10.571667,49,1615.415566
10.090238,1,1615.424618
10.548333,47,1615.81523
10.886667,76,1616.463383
10.483333,130,1617.559209
11.97,6,1617.609529
10.825641,40,1617.944945
10.867778,22,1618.131696
10.3,51,1618.56815
10.538333,69,1619.15217
10.781667,67,1619.707031
11.155,9,1625.241116
11.129286,17,1625.385306
10.846818,27,1625.610984
10.35,30,1625.865036
10.836667,106,1626.753055
10.618333,53,1627.192747
10.375,66,1627.749942
10.496667,65,1628.297966
10.725,65,1628.843251
10.583333,50,1629.25843
10.759091,30,1629.511757
10.531429,8,1629.581861
10.616667,50,1629.998393
10.738333,69,1630.584604
10.595,51,1631.013578
10.896667,74,1631.635614
11.17,6,1631.686601
10.773333,72,1632.280304
10.756667,62,1632.796189
10.765,77,1633.437867
10.797143,12,1633.53944
11.995,1,1633.547839
10.466667,60,1639.521225
10.186765,46,1639.925691
-2.268235,289,1642.350124
-2.685,289,1644.770725
-2.136176,289,1647.192004
11.129091,36,1647.494818
-4.272647,289,1655.348464
-4.292059,289,1657.769039
-2.047941,289,1660.175931
9.731765,236,1667.625237
-2.822059,289,1670.02578
10.985,3,1670.052668
-2.283235,289,1672.474743
-3.322059,289,1674.888375
11.022051,52,1675.331582
9.365294,127,1681.854407
10.270294,43,1682.214303
-3.380882,289,1684.639883
9.791176,132,1685.756911
10.56,48,1686.163905
9.859412,136,1687.306255
-2.518529,289,1689.754497
10.454118,68,1695.7224
-3.831471,289,1698.154958
10.656667,2,1698.174937
10.156176,58,1698.669836
10.308824,101,1699.511092
-2.283235,289,1701.940502
10.552941,60,1702.447906
10.078235,53,1702.897821
10.224412,62,1703.416243
10.661667,1,1703.424971
-3.963529,289,1711.312816
10.730714,71,1711.917179
-3.689412,289,1714.329952
10.355588,73,1714.936416
10.193529,77,1715.579852
10.194706,65,1716.127107
10.360952,4,1716.160652
10.846818,27,1716.387492
10.656667,2,1716.405388
9.384118,135,1717.542113
9.502941,74,1723.627717
-3.635588,289,1726.05164
7.010294,207,1727.780726
10.229706,108,1728.698575
9.755882,192,1730.30462
-2.096765,289,1738.178631
9.507941,172,1739.631454
10.388235,40,1739.968196
10.807143,10,1740.057546
10.508824,110,1740.978595
10.388235,91,1741.740243
9.652941,93,1742.513467
10.552222,14,1742.628031
10.639872,31,1742.884054
10.611765,60,1743.395136
10.443824,73,1744.005336
10.707059,88,1744.736622
10.137059,104,1745.609147
10.408529,133,1752.122781
10.082059,65,1752.6692
11.172778,41,1753.012001
10.497353,127,1754.080421
10.717647,80,1754.754868
10.758333,15,1754.884044
10.621176,64,1755.418025
10.386364,10,1755.50354
10.78,4,1755.538393
10.371471,62,1756.049919
11.995,1,1756.059319
10.504118,58,1756.537481
10.718235,74,1757.160169
10.571765,68,1757.727558
10.796176,79,1758.399076
9.828824,148,1759.658191
10.776176,83,1765.822514
10.377647,99,1766.649413
10.985,3,1766.676816
10.661667,1,1766.68519
10.27,97,1767.480667
10.686429,57,1767.948683
10.272353,73,1768.546382
11.173095,13,1768.654154
10.548824,102,1769.500456
10.659706,71,1770.084341
10.255588,95,1770.884763
10.371176,65,1771.430351
10.342059,62,1771.952192
10.598529,95,1772.742712
9.75,1,1772.751041
10.878182,28,1772.989001
10.669412,72,1773.59093
10.986111,25,1773.800547
10.146471,57,1779.679456
10.513333,4,1779.711962
11.353571,15,1779.83778
11.323333,2,1779.855551
-3.175,289,1782.249739
10.561176,76,1782.914473
10.188235,131,1784.01504
10.475588,49,1784.427275
10.426471,50,1784.861258
10.287941,63,1785.38629
10.515882,89,1786.13377
10.722436,35,1786.428215
10.41,69,1787.004199
10.585,3,1787.029719
10.39,2,1787.046867
11.103571,16,1787.184397
10.130588,70,1787.761117
10.632143,45,1793.535777
10.251667,44,1793.902839
9.968529,172,1795.346737
11.112222,22,1795.533771
10.737353,79,1796.205268
10.338824,95,1796.995881
11.323333,2,1797.012944
10.653095,68,1797.57981
9.97,6,1797.634177
10.056471,175,1799.094874
10.610882,69,1799.673596
10.648235,88,1800.405993
10.735882,94,1801.194721
10.159091,21,1801.373378
10.572647,59,1801.859929
10.253235,68,1807.903643
10.661667,1,1807.9145
11.026667,8,1807.984313
10.302647,64,1808.528478
10.072941,107,1809.426481
10.525882,87,1810.161926
10.611765,60,1810.668007
10.656667,2,1810.687291
9.871176,67,1811.246129
10.474412,61,1811.763994
10.621176,64,1812.297585
10.804412,95,1813.076679
11.17,6,1813.12661
10.661667,1,1813.136166
10.534118,52,1813.56863
10.580294,81,1814.253689
10.302941,61,1814.76239
10.101176,121,1815.767173
10.572941,56,1821.690697
10.688824,74,1822.31599
10.435882,54,1822.763718
10.575882,126,1823.818687
10.524118,54,1824.258534
10.737941,73,1824.872941
10.592353,58,1825.35734
10.78,4,1825.39243
10.661667,1,1825.401753
9.75,1,1825.409406
10.678824,76,1826.035615
10.777059,74,1826.646254
9.99,2,1826.664469
10.680556,15,1826.789051
9.75,1,1826.795452
10.611209,36,1827.098663
10.582647,57,1827.574012
11.129091,36,1827.87948
10.909545,29,1828.115585
10.522941,66,1828.662115
11.173095,13,1828.768966
10.611471,63,1829.308884
10.679118,73,1829.923653
10.907222,23,1830.114367
9.851765,214,1837.336905
11.694524,23,1837.531374
10.772619,55,1837.994385
10.514118,56,1838.462736
10.446471,46,1838.844635
10.245294,49,1839.256433
10.467647,81,1839.926097
10.708529,73,1840.524981
10.585,3,1840.550427
10.476176,94,1841.329637
10.187059,43,1841.689562
11.995,1,1841.698136
10.562941,58,1842.180645
10.551765,72,1842.790783
10.736471,88,1843.536676
10.572647,59,1844.031987
10.196471,47,1849.841304
9.973824,69,1850.419157
10.599118,89,1851.180551
10.516765,80,1851.854718
10.592059,61,1852.363659
10.696099,41,1852.699853
10.592059,61,1853.203398
10.322941,57,1853.676572
10.77,6,1853.727729
10.689412,68,1854.296575
10.425294,113,1855.24037
10.975,5,1855.285027
10.407941,139,1856.461598
10.902381,10,1856.545543
10.846818,27,1856.774137
11.995,1,1856.783285
10.533235,61,1857.295454
10.621176,64,1857.826687
10.542941,62,1863.816727
10.543529,56,1864.295166
10.428235,83,1864.979751
10.93,14,1865.097843
10.990769,48,1865.501531
10.531429,8,1865.568524
10.650294,67,1866.12622
10.533824,55,1866.585728
10.815294,84,1867.289848
10.372353,102,1868.143086
10.844412,87,1868.877066
10.766176,85,1869.589332
10.435,63,1870.12971
11.323333,2,1870.146898
10.545,92,1870.906631
10.312941,59,1871.404337
10.640588,66,1871.957584
10.610882,69,1878.000694
11.273333,12,1878.102746
10.859444,17,1878.249937
10.736176,91,1879.012946
10.552647,63,1879.539282
10.646765,103,1880.403497
10.708235,76,1881.051936
10.582353,60,1881.563424
10.667059,96,1882.369662
10.64,72,1882.975024
10.380588,69,1883.554033
10.640882,63,1884.076456
10.631111,16,1884.207655
10.640588,66,1884.769147
10.808889,16,1884.901833
10.611471,63,1885.428161
10.564545,18,1885.580207
10.416471,52,1886.018665
11.365,7,1886.077615
10.475882,46,1891.934235
10.521471,81,1892.605664
11.026667,8,1892.673623
10.640588,66,1893.222056
10.524118,54,1893.673295
10.635606,36,1893.973885
10.845,81,1894.647622
10.68,64,1895.183758
10.523824,57,1895.66494
10.601765,62,1896.173926
10.749444,19,1896.328888
10.859444,17,1896.470583
10.328333,1,1896.479768
10.408235,87,1897.205986
10.960556,19,1897.370434
10.71,18,1897.528445
10.606667,12,1897.627773
10.91,18,1897.7769
10.533235,61,1898.288012
10.533235,61,1898.803744
9.75,1,1898.811196
10.776765,77,1899.450181
10.41,69,1900.034146
10.611471,63,1905.959456
10.572647,59,1906.458568
10.41,69,1907.04138
-1.606765,289,1909.479006
10.407647,42,1909.829622
10.785588,87,1910.561347
10.512647,71,1911.162509
11.323333,2,1911.179644
10.707647,82,1911.865393
10.504706,52,1912.300135
11.061667,21,1912.475412
10.513333,44,1912.842227
10.675588,109,1913.744759
10.65,70,1919.727577
10.561765,70,1920.305407
10.689118,71,1920.895194
10.679706,67,1921.447142
10.640588,66,1922.002243
10.640588,66,1922.567806
10.660294,65,1923.102864
10.39,2,1923.120308
10.130882,67,1923.68317
10.407941,39,1924.012142
10.496471,87,1924.736549
9.892059,203,1926.43617
10.662143,39,1926.75733
10.746765,83,1927.453602
10.543824,53,1927.893826
9.75,1,1927.901433
10.795,91,1934.133482
-2.018529,289,1936.550565
10.137941,44,1936.918143
-3.145588,289,1939.328523
10.553235,57,1939.803525
10.640882,63,1940.336608
11.183095,11,1940.428834
10.727941,75,1941.051988
10.592059,61,1941.560778
10.376765,108,1947.940462
10.471176,94,1948.734221
10.604118,89,1949.479502
10.23,154,1950.78141
10.657879,26,1950.994606
10.534118,52,1951.433464
10.976818,41,1951.776943
10.65,70,1952.368085
11.17,6,1952.418925
11.995,1,1952.427543
10.445882,52,1952.859656
10.697353,87,1953.585229
10.514412,53,1954.026634
10.490294,99,1954.851854
10.744011,49,1955.262987
10.78,4,1955.296643
10.902381,10,1955.380628
10.582647,57,1955.845621
10.658824,80,1961.972534
10.708529,73,1962.576692
10.853235,97,1963.382612
10.339412,89,1964.135716
10.661667,1,1964.14485
10.271176,234,1966.100978
10.592647,55,1966.561349
10.66,68,1967.132969
10.485294,50,1967.550593
10.689118,71,1968.144429
10.699118,69,1968.725699
10.483235,71,1969.316785
10.195,1,1969.326039
10.807967,45,1969.697497
10.600882,71,1970.289147
10.524118,54,1976.200853
10.775588,89,1976.954736
10.407353,45,1977.333146
10.596905,64,1977.870962
10.650294,67,1978.438971
10.601765,62,1978.958895
11.323333,2,1978.976727
10.601765,62,1979.496317
10.721905,8,1979.562848
10.659412,74,1980.18789
10.597857,9,1980.261343
10.679118,73,1980.863116
10.612059,57,1981.345809
10.632143,45,1981.729016
10.679412,70,1982.309684
10.679706,67,1982.866377
10.602353,56,1983.33374
10.63,74,1983.951016
10.468235,75,1990.045574
10.544412,98,1990.86466
9.995294,101,1991.714773
10.553235,57,1992.196132
10.795882,82,1992.88325
-2.077353,289,1995.310584
10.565294,85,1996.022943
10.815588,81,1996.701603
10.661667,1,1996.709933
10.866923,42,1997.059804
10.532647,67,1997.619524
10.985,3,1997.646315
10.882353,100,2003.929124
10.235294,51,2004.353705
10.419706,70,2004.937496
10.960556,19,2005.095319
10.708529,73,2005.713352
10.937143,64,2006.245136
10.381471,60,2006.756739
10.465882,48,2007.164946
10.466176,45,2007.54087
10.533824,55,2008.002113
10.69,22,2008.189173
10.66,68,2008.758074
10.660294,65,2009.30091
10.668529,81,2009.967599
10.572647,59,2010.459551
10.407647,42,2010.807771
10.582353,60,2011.308219
11.283333,10,2011.389161
10.495,51,2011.815779
10.898333,7,2011.876627
10.572353,62,2012.406257
10.996429,15,2017.935014
10.650294,67,2018.493506
9.75,1,2018.50122
11.011111,20,2018.666187
10.642941,93,2019.445512
10.357941,49,2019.851514
10.601471,65,2020.394183
11.985,3,2020.418392
11.143889,29,2020.655925
10.582647,57,2021.119965
10.477941,76,2021.748603
10.533824,55,2022.201257
10.862647,101,2023.040275
10.630882,65,2023.583259
10.426765,47,2023.977734
10.767059,76,2024.607871
10.620588,70,2025.190685
10.514412,53,2025.641947
10.492941,72,2026.253078
10.611765,60,2032.150359
10.543235,59,2032.639551
11.323333,2,2032.65673
10.737647,76,2033.291668
10.718824,68,2033.875107
10.583824,96,2034.680025
10.610588,72,2035.271622
9.75,1,2035.278531
10.679412,70,2035.872986
11.155,9,2035.948391
10.649706,73,2036.55802
10.698529,75,2037.178921
10.708529,73,2037.77914
10.630882,65,2038.310842
10.492353,78,2038.958544
10.747647,74,2039.572052
10.465588,51,2039.99344
10.572647,59,2045.906986
11.323333,2,2045.924407
10.592059,61,2046.433467
10.381111,17,2046.581117
10.844706,84,2047.281217
10.727941,75,2047.89631
10.63,74,2048.503522
10.179412,72,2049.099652
10.814412,93,2049.870318
10.688235,80,2050.530269
10.828333,21,2050.703251
11.985,3,2050.727989
10.737941,73,2051.335947
10.445294,58,2051.812819
11.129091,36,2052.10775
10.555294,87,2052.836962
10.960556,19,2052.991939
10.581176,72,2053.605808
10.345,11,2053.697804
10.775588,89,2059.858092
10.582353,60,2060.351861
10.727353,81,2061.024801
10.631154,43,2061.388421
10.543235,59,2061.896051
10.522941,66,2062.447968
9.75,1,2062.456097
10.698824,72,2063.069166
10.650588,64,2063.605458
10.659118,77,2064.247991
10.805,39,2064.575599
10.552647,63,2065.111598
10.351471,66,2065.672877
10.504412,55,2066.131601
10.658824,80,2066.804332
10.591176,70,2067.390694
10.370294,74,2068.008335
10.751703,60,2073.920059
10.385,3,2073.945333
10.436471,48,2074.342805
10.604118,89,2075.084596
10.806176,77,2075.729728
10.893235,89,2076.465708
10.795588,85,2077.178055
10.766765,79,2077.836172
10.730055,43,2078.199852
10.805294,86,2078.924094
10.698824,72,2079.523184
10.592059,61,2080.032439
10.365588,71,2080.624756
10.657941,89,2081.368123
10.631176,62,2081.896195
10.504118,58,2087.794284
10.514118,56,2088.259864
10.810714,55,2088.719679
10.591667,15,2088.843906
11.003636,32,2089.110143
10.465882,48,2089.507921
10.681154,33,2089.782212
10.854118,88,2090.50437
10.221765,89,2091.251477
10.561471,73,2091.860253
11.97,6,2091.907594
10.166765,50,2092.321158
9.75,1,2092.329315
10.591471,67,2092.898317
10.562353,64,2093.431747
10.495294,48,2093.831235
10.591765,64,2094.364394
10.737941,73,2094.96748
10.727647,78,2095.624336
10.491667,35,2095.916997
10.580882,75,2101.952837
10.815455,26,2102.175634
10.766765,79,2102.841952
10.996429,15,2102.970271
10.569706,89,2103.709363
10.514412,53,2104.149304
10.581765,66,2104.707796
10.551471,75,2105.337423
10.592353,58,2105.826037
10.878182,28,2106.059237
10.718235,74,2106.687331
10.640588,66,2107.235651
10.737647,76,2107.874337
10.689118,71,2108.478146
10.504706,52,2108.924888
10.718235,74,2109.539455
10.686667,56,2110.014635
10.580294,81,2116.168431
10.66,68,2116.733849
10.465,57,2117.211009
10.611176,66,2117.763604
10.465882,48,2118.168174
11.995,1,2118.177018
10.727941,75,2118.802086
10.687059,92,2119.572972
11.155,9,2119.648715
11.026667,8,2119.715765
10.825641,40,2120.050816
10.524412,51,2120.471524
10.590882,73,2121.073226
10.552353,66,2121.611533
10.658235,86,2122.316221
10.611765,60,2122.817719
10.582353,60,2123.323025
10.747353,77,2123.964356
10.574706,89,2130.108165
10.571176,74,2130.722156
9.576176,127,2131.79582
10.630882,65,2132.337317
10.893333,68,2132.900038
10.638235,90,2133.662426
10.650588,64,2134.187268
10.465882,48,2134.592181
10.582353,60,2135.099297
11.129286,17,2135.241628
10.805588,83,2135.942061
10.409118,78,2136.593348
10.809697,32,2136.859118
10.747647,74,2137.475689
10.642143,43,2137.831311
10.854118,88,2143.973022
10.629412,80,2144.639925
10.359118,37,2144.949017
10.797143,12,2145.048195
10.504706,52,2145.485673
10.446471,46,2145.866382
10.757353,75,2146.484784
10.533529,58,2146.960309
10.708824,70,2147.542144
10.485294,50,2147.957394
11.313333,4,2147.990559
10.660294,65,2148.532621
10.689706,65,2149.064536
10.524118,54,2149.522787
10.592059,61,2150.029452
11.995,1,2150.038371
10.721905,8,2150.105221
10.630882,65,2150.642147
10.698235,78,2151.297349
10.631176,62,2151.816769
10.727941,75,2157.874945
10.805588,83,2158.565013
10.805882,80,2159.24294
10.47,106,2160.137745
10.572941,56,2160.612037
10.718235,74,2161.24774
10.668235,84,2161.942295
10.786176,81,2162.629972
10.699118,69,2163.21057
11.061667,21,2163.380824
10.580294,81,2164.052771
10.275588,91,2164.824368
10.815294,84,2165.514815
10.590294,79,2171.597728
10.650588,64,2172.140004
10.649835,54,2172.587801
10.805,39,2172.912075
9.99,2,2172.928417
10.689118,71,2173.526606
11.313333,4,2173.55964
10.545588,86,2174.274182
10.854118,88,2175.017491
10.701795,34,2175.295446
10.854118,88,2176.02584
11.082857,12,2176.125649
10.757059,78,2176.778714
10.477941,76,2177.422217
11.641667,5,2177.46192
10.816667,70,2178.047759
10.621176,64,2178.575737
10.577647,108,2179.481218
10.796471,76,2180.127017
10.737647,76,2186.217554
11.313333,4,2186.252044
10.844412,87,2186.985145
10.353529,194,2188.604776
10.446765,43,2188.969327
10.776471,80,2189.640165
10.698235,78,2190.293298
10.621176,64,2190.824023
10.795882,82,2191.516913
10.400588,65,2192.065099
10.766765,79,2192.733824
10.825641,40,2193.074999
10.859444,17,2193.214298
10.600882,71,2193.813802
10.536176,82,2199.913238
10.996429,15,2200.03908
10.650294,67,2200.59944
10.640882,63,2201.124068
10.524412,51,2201.550179
10.630294,71,2202.141415
10.597857,9,2202.217533
11.072857,14,2202.331905
10.718235,74,2202.952775
10.640882,63,2203.47015
10.921176,104,2204.341194
11.641667,5,2204.386549
10.541429,6,2204.43691
10.698824,72,2205.043987
10.553235,57,2205.519935
10.562059,67,2206.075377
10.862059,107,2206.988351
10.795882,82,2207.677732
10.846818,27,2207.904897
10.688235,80,2213.964573
10.752727,24,2214.162009
10.776176,83,2214.851615
10.885606,35,2215.148191
10.562941,58,2215.639082
10.592353,58,2216.118541
10.505,49,2216.521851
10.359118,37,2216.820403
11.263333,14,2216.933869
10.473333,12,2217.034824
10.707941,79,2217.707584
10.560882,79,2218.371907
10.640882,63,2218.902776
10.727059,84,2219.610774
10.436765,45,2219.982375
10.66,68,2220.554166
10.291765,75,2221.179209
10.572353,62,2221.697341
10.495,51,2222.12428
10.507059,79,2228.259866
10.708529,73,2228.863472
10.776471,80,2229.536351
10.592059,61,2230.042715
10.656667,2,2230.059912
10.722436,35,2230.351672
10.908205,44,2230.721057
10.996429,15,2230.845454
10.757059,78,2231.495216
10.455294,56,2231.96963
10.727941,75,2232.593983
10.730714,11,2232.686174
10.328333,1,2232.696175
10.59,82,2233.383727
10.679706,67,2233.944977
10.767059,76,2234.586685
10.621176,64,2235.1212
10.669706,69,2235.68899
11.025476,73,2241.76764
10.140882,65,2242.322925
10.786471,78,2242.973597
10.766765,79,2243.640617
10.562647,61,2244.149153
10.650294,67,2244.716948
10.812143,9,2244.794456
10.786176,81,2245.47456
10.634286,56,2245.946809
10.661667,1,2245.955421
10.737647,76,2246.592064
10.766176,85,2247.297709
10.610882,69,2247.879235
10.766176,85,2248.588825
10.631667,7,2248.646626
10.467941,78,2249.290578
10.708529,73,2249.899012
10.562647,61,2255.814697
10.485294,50,2256.235931
10.66,68,2256.807656
10.747353,77,2257.445771
11.254545,40,2257.776231
10.361471,64,2258.306103
10.835,83,2258.998254
10.301471,76,2259.625211
10.245294,49,2260.03124
10.485,53,2260.477187
10.506061,20,2260.645738
11.082857,12,2260.748882
10.592059,61,2261.266862
10.718235,74,2261.891567
10.601765,62,2262.417369
10.562941,58,2262.902973
11.995,1,2262.912177
10.776471,80,2263.581606
10.708485,28,2263.813319
10.495294,48,2269.622241
10.776765,77,2270.270109
10.66,68,2270.828783
11.313333,4,2270.861948
11.323333,2,2270.878917
10.698824,72,2271.473126
10.554118,99,2272.308619
10.873235,93,2273.085872
10.688333,49,2273.49876
10.543529,56,2273.972935
10.788889,20,2274.13813
10.564545,18,2274.289113
10.718235,74,2274.89728
10.718529,71,2275.497777
10.882941,94,2276.280844
10.59859,29,2276.519581
10.708529,73,2277.132036
10.718235,74,2277.748075
10.824412,91,2283.925456
11.013636,30,2284.174189
10.608235,96,2284.971963
9.75,1,2284.980774
10.804412,95,2285.773573
10.862647,101,2286.626573
10.669706,69,2287.205312
10.795882,82,2287.888431
10.727941,75,2288.515245
10.543529,56,2288.983654
10.854118,88,2289.724458
10.618529,91,2290.482548
10.835,33,2290.761059
10.689118,71,2291.356189
10.679412,70,2291.940865
10.507059,79,2298.073764
10.621471,61,2298.5813
-3.410261,324,2301.750711
-2.332418,324,2304.4777
-3.002059,324,2312.680796
-3.054346,324,2315.413377
-2.567712,324,2318.160501
10.747059,80,2318.834476
10.752727,24,2319.033492
10.815455,26,2319.254709
11.323333,2,2319.272221
11.995,1,2319.281379
-3.185065,324,2327.416073
-2.515425,324,2330.17557
-3.305686,324,2332.888198
10.700128,52,2333.330535
-4.011569,324,2341.52239
-2.515425,324,2344.245685
-2.62,324,2347.034788
10.82,76,2347.681525
6.831176,283,2355.498453
-3.083856,324,2358.229762
10.15781,58,2358.728059
-4.142288,324,2361.472094
10.902381,10,2361.557256
9.703105,196,2368.642102
-3.054346,324,2371.374401
-2.672288,324,2374.114371
-2.567712,324,2382.250115
10.656667,2,2382.267671
-2.62,324,2385.019511
9.645033,107,2385.91654
11.243889,29,2386.161386
10.516961,77,2386.819855
10.305392,86,2387.543569
-2.280131,324,2390.27481
-3.828562,324,2398.361026
-3.057712,324,2401.098589
10.645165,38,2401.418503
-3.982059,324,2404.139887
11.062857,16,2404.277328
10.455033,92,2410.502286
10.797967,47,2410.895409
10.470458,68,2411.471389
8.418399,206,2413.210193
10.544359,37,2413.525337
10.846818,27,2413.756178
10.426242,69,2414.335339
-2.740621,324,2417.061221
9.776667,91,2417.819884
11.129286,17,2417.960547
9.469248,101,2418.808511
10.885606,35,2424.551151
10.556111,11,2424.643775
10.543105,77,2425.281029
10.186601,81,2425.962869
-3.028203,324,2428.702914
-3.678431,324,2431.422448
10.325392,82,2432.110313
9.729739,92,2432.887033
10.534091,26,2438.562347
9.949608,214,2440.354971
10.504673,69,2440.939344
9.911536,121,2441.963381
9.785392,92,2442.734683
9.278529,309,2445.343857
9.898039,142,2446.542314
10.77,6,2446.592777
10.460817,83,2452.693241
10.315882,78,2453.339568
10.964725,62,2453.86431
-4.165065,324,2456.546224
10.661895,82,2457.224882
9.75,1,2457.232454
9.135033,160,2458.571846
10.376471,111,2459.502706
10.396601,88,2460.235925
10.606111,101,2466.493932
10.878182,28,2466.729835
10.474314,62,2467.243499
-4.034346,324,2469.964193
10.121307,47,2470.360988
10.323464,85,2471.076616
9.99,2,2471.0935
10.53732,86,2471.815465
10.528529,59,2472.300714
10.490458,64,2472.842884
10.106242,84,2473.551686
10.533105,79,2474.213575
10.518889,74,2474.835758
11.985,3,2474.861544
10.504314,56,2480.815693
10.661667,1,2480.82471
10.252745,73,2481.436302
10.414183,93,2482.20516
10.585,3,2482.230732
9.960098,59,2482.722083
10.502614,91,2483.478393
10.46817,58,2483.966989
10.812143,9,2484.043883
10.318039,156,2485.340233
10.54732,84,2486.049259
10.543105,77,2486.696224
10.661667,1,2486.705232
10.403595,50,2487.11899
10.728333,71,2487.71915
11.985,3,2487.745754
10.898333,7,2487.803707
10.222974,160,2494.551259
10.44768,117,2495.530139
-2.825784,324,2498.246607
10.029608,100,2499.085639
10.870952,62,2499.592223
10.440817,87,2500.319572
10.499444,20,2500.484842
10.30732,83,2501.168183
10.54732,84,2501.875473
10.21732,101,2502.734336
10.492255,129,2509.302776
10.605,30,2509.559837
10.523105,81,2510.251162
11.313333,4,2510.284241
9.839477,157,2511.602655
10.841923,47,2511.98979
10.186242,68,2512.554478
10.472026,52,2512.984592
10.396601,88,2513.727103
10.536961,73,2514.345569
10.540817,67,2514.904402
10.530817,69,2515.48181
10.625392,71,2516.073806
10.296111,114,2522.47518
10.525238,105,2523.362261
10.648039,90,2524.112524
10.446601,78,2524.772228
10.594048,45,2525.148096
10.573105,71,2525.742445
10.552745,62,2526.26199
11.365,7,2526.319901
10.156601,87,2527.05775
10.366111,100,2527.910303
10.808889,16,2528.048518
10.677647,88,2528.786778
11.195714,18,2528.937419
10.594183,106,2529.82767
9.628399,111,2530.750498
10.603464,78,2536.889047
10.184542,103,2537.762311
10.946667,24,2537.964008
10.422974,120,2538.965765
10.032255,123,2539.993498
9.540327,322,2542.707548
11.323333,2,2542.724856
9.596471,169,2544.132794
10.484673,73,2544.749389
10.514673,67,2550.708151
10.196242,66,2551.263768
10.105392,77,2551.92047
10.456471,95,2552.721358
10.241895,117,2553.695326
10.570817,61,2554.196072
10.678039,84,2554.905075
10.629608,78,2555.576453
10.767564,67,2556.136203
10.78,4,2556.170692
10.631895,88,2556.906699
10.663824,79,2557.573702
10.111667,62,2558.090545
10.740476,50,2558.500911
10.670556,17,2558.64735
10.432745,86,2564.821435
10.508889,76,2565.460889
10.750686,93,2566.244293
10.651895,84,2566.947343
10.635752,82,2567.632685
10.548889,68,2568.195583
10.649872,29,2568.443792
10.975,5,2568.485748
10.298889,69,2569.069538
10.712614,98,2569.890071
10.173954,60,2570.39144
9.629608,131,2571.485896
10.413824,80,2572.156974
11.313333,4,2572.189492
10.479118,114,2573.138944
10.311176,77,2579.241541
10.480458,66,2579.801576
10.475033,88,2580.535956
10.481667,78,2581.190121
10.258529,64,2581.728645
10.500817,75,2582.362669
10.744902,102,2583.219082
10.358399,161,2584.570782
10.737941,73,2585.190953
10.539608,96,2585.998263
10.392745,94,2586.789246
10.648039,90,2592.958085
10.71683,105,2593.857664
10.975,5,2593.90053
10.358039,99,2594.742454
10.585,3,2594.768729
9.75,1,2594.776635
10.608333,55,2595.238088
10.565033,70,2595.832254
10.428529,79,2596.500561
10.835621,110,2597.430718
11.155,9,2597.505553
10.513333,4,2597.53891
10.706111,81,2598.222226
10.343464,81,2598.90825
10.583105,69,2599.494144
11.263333,14,2599.611791
10.299248,82,2600.310518
10.419739,52,2600.750883
10.710327,88,2606.980106
10.985,3,2607.005334
10.310817,64,2607.53765
10.718758,102,2608.400168
10.718399,89,2609.155392
10.25732,93,2609.932071
10.684286,46,2610.317766
9.900327,103,2611.181403
10.58732,76,2611.806709
10.618399,109,2612.726896
10.552222,14,2612.848394
10.298333,48,2613.257035
10.422386,75,2613.890451
10.516601,64,2614.426858
10.597857,9,2614.504603
10.885,63,2615.039713
10.656667,2,2615.056902
10.615752,86,2621.227753
10.986818,39,2621.558651
10.522745,68,2622.129922
10.985,3,2622.156163
10.559248,79,2622.827707
10.639608,76,2623.470257
10.679121,40,2623.809666
10.661895,82,2624.495722
10.732614,94,2625.276144
10.563105,73,2625.889368
11.026667,8,2625.956207
10.648039,90,2626.711919
10.490327,132,2627.812838
10.43683,112,2628.748677
10.784091,25,2628.954491
11.191818,38,2629.276804
10.518529,61,2635.196939
10.726471,90,2635.952872
10.369379,49,2636.358305
10.672255,93,2637.139284
10.588039,102,2637.98036
10.84881,55,2638.439708
10.661667,1,2638.448352
10.540817,67,2639.01229
10.479608,108,2639.917686
10.846905,63,2640.44431
10.679967,81,2641.12003
9.161536,173,2642.580139
10.652974,123,2649.08513
9.75,1,2649.093234
10.435882,54,2649.555021
10.389379,45,2649.928963
10.53732,86,2650.646319
10.542745,64,2651.186328
11.411667,11,2651.281299
10.823333,102,2652.120854
10.436111,86,2652.833651
10.484314,60,2653.330607
11.283333,10,2653.412969
11.534048,17,2653.553349
10.681046,120,2654.549246
10.794902,92,2655.317403
10.438529,77,2655.96643
11.162778,23,2656.164059
9.75,1,2656.171566
10.536601,60,2656.677195
10.928846,45,2657.059037
10.532745,66,2663.104385
10.63768,79,2663.774092
10.733693,133,2664.896705
10.769091,28,2665.135287
10.328333,1,2665.143882
11.97,6,2665.193731
10.694183,86,2665.918925
10.332143,5,2665.960458
10.782974,97,2666.783532
10.805261,103,2667.650905
10.73,114,2668.611104
10.225392,102,2669.466666
10.969286,69,2670.050732
10.605392,75,2670.679491
10.573105,71,2671.267725
10.629608,78,2677.325277
10.501818,16,2677.459554
10.470327,87,2678.193847
10.466242,61,2678.701217
11.082857,12,2678.801054
10.573105,71,2679.402109
10.403954,63,2679.924704
10.555392,85,2680.630327
10.605752,88,2681.360648
10.639967,89,2682.096512
10.718485,26,2682.311314
10.591536,83,2683.014256
10.722436,35,2683.300566
10.615392,73,2683.901316
9.75,1,2683.909889
10.502386,59,2684.413188
10.593464,80,2685.094704
10.69719,122,2691.530957
10.435882,54,2691.98909
10.641895,86,2692.710548
10.78,4,2692.743685
10.577253,34,2693.031748
10.311176,77,2693.66748
10.730327,84,2694.36713
10.552745,62,2694.886267
10.846818,27,2695.114191
10.77683,93,2695.904467
10.64768,77,2696.559888
10.635392,69,2697.133265
10.50768,105,2698.020514
10.657879,26,2698.239182
10.520817,71,2698.837378
10.758758,94,2705.09071
10.721905,8,2705.160959
10.270714,3,2705.185517
10.548889,68,2705.757641
10.679967,81,2706.430615
10.812143,9,2706.505508
10.69,22,2706.686756
10.363824,91,2707.456668
10.14683,121,2708.475468
10.210098,58,2708.96375
10.554902,91,2709.731785
10.105392,77,2710.369531
10.63768,79,2711.0266
10.426471,150,2712.280486
10.599248,71,2712.872472
10.640686,115,2719.305271
10.310948,45,2719.685109
10.628333,51,2720.114545
10.609967,95,2720.907808
10.763718,37,2721.219597
10.56768,93,2721.996563
-6.54,324,2724.720498
10.274673,66,2725.275143
9.982386,65,2725.811118
10.488529,67,2726.37838
10.565033,70,2726.957826
10.986111,25,2727.169879
10.581667,47,2727.561451
10.629608,78,2733.632415
10.408039,89,2734.385483
10.64768,77,2735.032786
10.109379,52,2735.470167
11.534048,17,2735.61086
10.604048,43,2735.972302
11.985,3,2735.998591
11.118636,49,2736.406735
10.373235,43,2736.7647
10.532745,66,2737.319689
10.863333,74,2737.944
10.523464,94,2738.741644
10.282745,67,2739.303468
10.61768,83,2740.003557
10.720327,86,2740.72522
10.646111,93,2741.496609
11.323333,2,2741.514729
10.723333,62,2747.443876
10.79683,89,2748.193118
10.339248,74,2748.809807
10.573105,71,2749.393204
10.613824,89,2750.14071
10.518529,61,2750.645531
10.385,3,2750.672246
10.541176,80,2751.338504
10.646111,93,2752.124747
10.645752,80,2752.799731
10.415882,58,2753.294625
10.408039,89,2754.043747
9.75,1,2754.051638
10.249248,92,2754.844005
10.792974,95,2755.642803
10.645752,80,2761.773471
11.197179,58,2762.266386
10.684542,101,2763.12973
10.423954,59,2763.627466
10.815261,101,2764.48029
10.668039,86,2765.199552
11.066364,34,2765.485595
10.669967,83,2766.181224
11.995,1,2766.190138
10.290817,68,2766.763536
10.508529,63,2767.292535
10.589248,73,2767.897459
10.576111,107,2768.795922
10.623824,87,2769.523001
10.589248,73,2775.608004
10.575033,68,2776.179668
10.759118,107,2777.085392
10.32732,79,2777.742885
11.323333,2,2777.759505
10.605392,75,2778.39354
10.69,22,2778.57675
10.992619,11,2778.672235
10.510458,60,2779.173164
10.359379,51,2779.602599
11.155,9,2779.677225
10.702255,87,2780.40089
11.154505,68,2780.981088
10.679967,81,2781.666431
10.436601,80,2782.328022
10.859444,17,2782.469701
10.670556,17,2782.61365
10.589248,73,2783.215262
10.246111,124,2789.689263
-2.825784,324,2792.418861
10.226242,60,2792.929658
10.258529,64,2793.475616
10.599248,71,2794.080253
9.75,1,2794.088153
9.75,1,2794.096344
10.32781,73,2794.720683
10.580294,81,2795.396454
10.573105,71,2795.987857
10.653824,81,2796.678068
10.47817,56,2797.152853
10.601536,81,2797.825547
10.639608,76,2803.940476
10.754902,100,2804.786229
10.740686,95,2805.593465
10.431667,47,2805.986341
10.464542,96,2806.797574
10.48817,54,2807.25219
10.684183,88,2807.99649
10.592255,109,2808.9146
10.195,1,2808.923358
9.99,2,2808.941635
10.964725,62,2809.460542
10.500458,62,2809.984055
10.36732,120,2810.999381
10.631895,88,2811.742189
10.58732,76,2817.785175
10.446471,97,2818.598326
9.99,2,2818.616858
10.631536,75,2819.255258
10.040327,124,2820.294557
10.579248,75,2820.927501
11.985,3,2820.952496
10.54683,90,2821.715707
10.791046,98,2822.543447
10.113464,78,2823.203473
10.11768,85,2823.93689
10.818889,14,2824.05848
10.645752,80,2824.745212
10.579248,75,2825.383551
10.835,83,2826.076277
9.959608,114,2832.49828
10.532745,66,2833.035889
10.836593,65,2833.592615
10.581176,72,2834.20155
10.511176,86,2834.929309
10.476242,59,2835.419852
10.631536,75,2836.053094
10.718399,89,2836.821459
10.710686,101,2837.661384
10.653824,81,2838.341882
10.415523,45,2838.713661
9.75,1,2838.722422
10.865621,104,2839.609829
10.573464,84,2845.786219
10.470817,81,2846.470852
10.581176,72,2847.081313
10.60732,72,2847.683127
10.559248,79,2848.355525
10.626111,97,2849.171726
10.513464,96,2849.959193
10.654183,94,2850.733322
10.620882,67,2851.291893
10.589248,73,2851.897155
10.623464,74,2852.512686
10.446667,55,2852.97497
10.774902,96,2853.806633
10.524673,65,2859.821826
10.475261,120,2860.840494
10.52732,88,2861.575213
10.32768,92,2862.359588
10.573105,71,2862.954109
10.643333,138,2864.115648
10.74683,99,2864.956107
11.155,9,2865.030198
10.523105,81,2865.707495
10.972273,31,2865.968243
10.902381,10,2866.052734
10.670556,17,2866.194476
10.649967,87,2866.925827
10.613464,76,2867.569078
11.172778,21,2867.747486
10.466242,61,2868.256858
10.764011,45,2874.110485
10.339248,74,2874.738247
10.634183,98,2875.569045
10.625752,84,2876.277571
10.78683,91,2877.056668
10.528529,59,2877.545609
10.589248,73,2878.160515
10.611536,79,2878.837807
10.815455,26,2879.059953
10.540817,67,2879.623959
10.610588,72,2880.24116
10.811405,107,2881.146998
10.792614,82,2881.837851
10.690327,92,2888.016652
10.515033,80,2888.701478
10.651895,84,2889.418024
10.684542,101,2890.271046
10.61732,70,2890.861315
10.603824,91,2891.623114
10.522619,56,2892.087793
10.696111,83,2892.777633
10.436242,67,2893.330766
10.283824,106,2894.227834
10.493105,87,2894.952821
10.585752,92,2895.721597
11.082857,12,2895.821399
10.641895,86,2896.546737
10.230458,67,2902.56422
10.542745,64,2903.100835
10.605621,107,2904.000321
10.877908,112,2904.939185
10.611209,36,2905.239418
10.636111,95,2906.040146
10.671895,80,2906.709267
10.648039,90,2907.482847
10.762614,88,2908.224971
10.524412,51,2908.6545
10.513333,4,2908.687377
10.345752,91,2909.452375
10.131405,243,2916.910901
10.712614,98,2917.72422
10.403824,82,2918.402627
10.550817,65,2918.953072
10.321536,88,2919.693375
10.556961,69,2920.272197
10.411667,51,2920.696765
10.520686,139,2921.869759
9.99,2,2921.886881
10.669967,83,2922.591964
9.99,2,2922.608553
10.609248,69,2923.195761
10.744542,89,2923.951328
10.432386,73,2924.566447
10.19817,63,2930.555084
10.629608,78,2931.215405
10.708758,104,2932.084252
10.555882,81,2932.764324
10.671895,80,2933.443351
10.568889,64,2933.975552
10.546961,71,2934.577564
11.065,27,2934.801389
10.816364,35,2935.092782
11.153889,27,2935.315056
11.411667,11,2935.403657
10.710327,88,2936.140196
-2.665556,324,2944.283987
10.542745,64,2944.825515
10.488529,67,2945.380044
10.928846,45,2945.764875
10.706099,39,2946.092754
10.419739,52,2946.527952
10.464673,77,2947.163397
10.722255,83,2947.855362
10.605392,75,2948.486651
10.390588,67,2949.046025
10.638039,92,2949.829254
10.655752,78,2950.476443
10.238758,100,2951.309943
10.750686,93,2952.096013
10.720686,99,2958.328639
11.003636,32,2958.593193
10.710327,88,2959.33009
10.461176,96,2960.129266
10.589248,73,2960.746227
10.605392,75,2961.361925
10.64768,77,2962.008033
10.16732,160,2963.362067
10.299248,82,2964.04402
10.573105,71,2964.642663
10.631536,75,2965.270602
10.77,6,2965.319865
11.082857,12,2965.418494
10.593105,67,2965.982139
10.528889,72,2966.586576
10.575033,68,2972.643608
10.760686,91,2973.411741
9.99,2,2973.429519
10.566961,67,2973.988553
10.788889,20,2974.159435
10.540817,67,2974.722119
10.534673,63,2975.252676
10.662614,108,2976.172709
10.621536,77,2976.825045
10.664286,10,2976.913152
10.575033,68,2977.49823
10.621536,77,2978.140705
10.656667,2,2978.157164
10.734542,91,2978.929827
10.576961,65,2979.477893
10.498529,65,2980.036433
10.419739,52,2980.47088
10.573105,71,2986.465466
10.575033,68,2987.027198
10.603333,146,2988.236572
10.540817,67,2988.793052
10.608039,98,2989.619171
10.525033,78,2990.269309
9.75,1,2990.27902
10.581176,72,2990.883867
10.721364,23,2991.084441
10.668758,112,2992.032342
10.754542,87,2992.762831
10.502386,59,2993.25264
10.65768,75,2993.894726
10.371895,91,2994.665354
10.985,3,2994.690449
10.91,78,3000.829342
10.645752,80,3001.509267
10.61732,70,3002.095632
10.661667,1,3002.105087
10.094673,102,3002.94931
10.732255,81,3003.621614
10.831923,49,3004.032111
10.27683,193,3005.632688
11.54,12,3005.728655
10.258889,77,3006.369299
10.555033,72,3006.960114
10.629608,78,3007.60792
10.42817,66,3008.155214
10.979286,67,3008.718068
10.534673,63,3014.708977
10.746667,64,3015.25395
10.101307,51,3015.680474
11.223333,22,3015.863858
11.162778,23,3016.05985
10.760686,91,3016.83304
10.589248,73,3017.451393
10.641667,5,3017.494154
10.573105,71,3018.089128
10.792974,95,3018.884259
10.645752,80,3019.549625
10.736471,88,3020.283683
10.328333,1,3020.292502
11.013636,30,3020.545037
10.53732,86,3021.270469
10.624183,100,3022.116327
10.75683,97,3028.347653
10.589248,73,3028.957636
10.744524,53,3029.412756
10.694183,86,3030.135951
10.681154,33,3030.418122
10.712255,85,3031.12157
11.155,9,3031.197089
10.670882,57,3031.675927
10.875606,37,3031.987716
10.401667,53,3032.431219
9.75,1,3032.438689
10.623824,87,3033.157389
10.661895,82,3033.844433
10.59732,74,3034.463493
10.15781,58,3034.948332
10.754542,87,3035.66829
10.590196,131,3036.775736
10.331176,73,3042.794285
10.778758,90,3043.550452
10.589248,73,3044.162195
10.678333,61,3044.665612
10.556961,69,3045.242377
10.774902,96,3046.042056
10.422026,62,3046.560072
10.698399,93,3047.332486
11.995,1,3047.342696
10.571176,74,3047.972359
10.661895,82,3048.66408
10.553105,75,3049.290185
11.053571,75,3049.924316
10.686111,85,3050.632452
11.56,8,3050.701662
10.533235,61,3056.673277
10.902381,10,3056.758103
10.582857,63,3057.287999
10.244673,72,3057.88823
10.641667,5,3057.930153
10.596667,54,3058.380772
10.673824,77,3059.020441
10.732255,81,3059.708022
10.63768,79,3060.372254
10.791046,98,3061.207388
10.595,51,3061.634283
10.631536,75,3062.259629
-2.593856,324,3070.382808
10.585752,92,3071.163234
10.446111,84,3071.874692
10.47817,56,3072.35875
11.995,1,3072.367573
10.641046,128,3073.446508
10.679121,40,3073.78019
11.052692,51,3074.217584
10.536961,73,3074.824533
10.545392,87,3075.557774
10.880952,60,3076.054884
10.737647,76,3076.695122
10.09732,76,3077.339745
10.474673,75,3077.966934
11.411667,11,3078.060991
10.63768,79,3078.714425
10.621536,77,3084.756637
10.825455,24,3084.955759
10.156765,52,3085.387661
10.679967,81,3086.071281
10.581176,72,3086.669309
10.573464,84,3087.379153
10.41781,55,3087.841009
10.540817,67,3088.407784
10.798889,18,3088.55755
10.688039,82,3089.248755
10.500458,62,3089.766894
10.641667,5,3089.809374
10.728399,87,3090.534277
10.671895,80,3091.204297
10.48817,54,3091.652418
10.555392,85,3092.353207
10.866923,42,3092.706053
11.985,3,3092.73159
10.524673,65,3098.680925
10.526601,62,3099.191221
11.263333,14,3099.307688
11.173095,13,3099.417458
10.235385,27,3099.644135
10.595392,77,3100.286165
10.585033,66,3100.837139
10.623824,87,3101.564442
10.581536,85,3102.265405
10.45817,60,3102.772183
10.985,3,3102.797213
10.546961,71,3103.393407
10.642614,112,3104.333557
10.93,14,3104.452294
10.430458,76,3105.08476
9.75,1,3105.093186
10.601765,62,3105.605083
10.413824,80,3106.273778
11.262222,32,3106.535165
10.482386,63,3112.462633
10.566961,67,3113.019759
10.414542,106,3113.895823
10.737353,79,3114.549432
10.572941,56,3115.018168
10.63768,79,3115.679615
10.524673,65,3116.21753
10.333333,200,3117.872372
10.722255,83,3118.575004
10.767908,134,3119.687443
10.673824,77,3120.344064
10.518529,61,3126.324522
10.758758,94,3127.12663
10.744902,102,3127.983668
10.639608,76,3128.621234
10.692255,89,3129.364269
10.452386,69,3129.940358
10.460098,57,3130.418756
10.164902,120,3131.420275
10.656667,2,3131.440135
10.432386,73,3132.048051
10.595392,77,3132.704687
10.706429,53,3133.148668
10.985,3,3133.173026
10.538039,112,3134.128764
10.430098,63,3134.661696
10.623824,87,3140.846783
10.975,5,3140.891218
10.815455,26,3141.112196
9.802974,146,3142.341422
10.356667,42,3142.688672
10.658636,21,3142.861268
11.155,9,3142.936045
11.86,28,3143.168681
10.712614,98,3143.980264
10.578399,117,3144.956814
10.690327,92,3145.721502
10.699706,63,3146.244249
10.541429,6,3146.294165
10.714542,95,3147.093657
10.613464,76,3147.726047
10.39,2,3147.742993
10.658399,101,3148.584729
10.768758,92,3154.745669
10.279152,94,3155.732503
10.812143,9,3155.808669
-3.05,361,3158.872091
-3.701901,361,3161.893523
10.482193,79,3162.557037
10.236601,71,3168.578976
-3.818246,361,3171.623925
10.869048,70,3172.227083
10.701667,63,3172.770609
-2.582778,361,3175.837363
-3.281462,361,3184.386332
-2.79269,361,3187.446426
10.628333,51,3187.88401
-2.372251,361,3190.930228
-2.955819,361,3199.447479
-2.441813,361,3202.484429
-2.979825,361,3210.996392
-3.796082,361,3214.056595
-3.213129,361,3217.089897
-3.560936,361,3225.516881
-2.74652,361,3228.563825
11.641667,5,3228.609064
-4.75269,361,3231.653482
10.552059,69,3232.241569
10.764011,45,3232.61795
7.92924,277,3240.271392
-2.676345,361,3243.316425
8.092456,284,3245.705417
-3.820088,361,3254.1159
-2.629561,361,3257.175571
9.805234,142,3258.377195
9.151579,198,3260.047357
10.64619,46,3260.438831
8.945936,223,3267.691262
-5.453216,361,3270.731503
-6.106345,361,3273.805953
11.323333,2,3273.824208
10.758333,15,3273.948267
9.794795,60,3274.45156
-3.72652,361,3282.860281
11.025556,26,3283.080097
9.75,1,3283.087631
10.128889,152,3284.364902
10.195322,71,3284.977311
10.142018,84,3285.693382
10.406111,141,3286.882732
10.541429,6,3286.93347
-5.009386,361,3295.368949
8.922895,251,3297.475127
-3.213129,361,3300.489411
10.673182,29,3300.732183
10.328333,1,3300.740776
-3.913041,361,3309.166114
10.045673,80,3309.836662
10.034708,54,3310.288943
-4.122953,361,3313.353186
10.32924,91,3314.129668
10.77,6,3314.180114
10.405673,106,3315.069203
8.436023,332,3323.32759
10.152632,131,3324.42695
-2.769912,361,3327.48358
10.005322,109,3328.396679
10.055234,92,3329.175516
9.515848,151,3330.457644
-3.235292,361,3338.953142
10.232614,145,3340.182878
9.779152,194,3341.843432
9.939327,127,3342.925275
10.239327,116,3343.903304
10.784091,25,3344.116424
9.615585,208,3351.31866
10.322281,118,3352.321872
9.87576,121,3353.34754
9.872018,89,3354.101378
9.979064,98,3354.924187
10.34924,136,3356.071503
10.412456,114,3357.044889
-3.072164,361,3365.532709
10.599248,71,3366.130016
-3.936433,361,3369.199746
10.594945,43,3369.564071
10.805641,44,3369.947677
-7.50617,361,3372.976953
10.40193,74,3373.610368
10.541536,93,3379.849535
10.309064,130,3380.950918
10.585033,66,3381.509103
10.376111,98,3382.342634
10.299152,90,3383.088491
10.565848,88,3383.823291
10.208626,66,3384.368317
10.185409,80,3385.03893
10.452807,134,3386.175893
10.784945,54,3386.633534
9.668977,153,3387.934589
9.881667,129,3394.465814
9.958977,144,3395.664981
10.225936,114,3396.633615
10.156287,107,3397.539127
9.852018,93,3398.321573
10.059152,138,3399.494908
-4.027544,361,3407.989872
10.492941,72,3408.596837
9.886462,224,3410.505399
11.129286,17,3410.651334
10.836282,43,3411.016553
10.569415,106,3411.907558
10.759091,30,3412.157456
9.666462,170,3413.591478
10.089415,104,3414.460353
-2.372251,361,3422.879149
-2.933041,361,3425.921191
10.64,72,3426.525409
10.888182,26,3426.743657
10.69,22,3426.927701
10.39,2,3426.947055
9.625936,283,3429.298436
10.452105,78,3429.961965
10.975,5,3430.003305
10.661667,1,3430.012828
