#{"t_start": 1785395591.1289277, "env_id": "None"}
r,l,t
-2.0,1,1.637865
-2.0,1,1.63985
-2.0,1,1.641559
-2.0,1,1.643337
-2.0,1,1.644989
-2.0,1,1.646709
-2.0,1,1.64832
-2.0,1,1.649988
-2.0,1,1.651593
-2.0,1,1.653172
-2.0,1,1.654802
-2.0,1,1.656488
-2.0,1,1.658061
-2.0,1,1.659661
-2.0,1,1.66125
-2.0,1,1.662861
-2.0,1,1.664498
-2.0,1,1.666339
-2.0,1,1.667941
-2.0,1,1.669647
-2.0,1,1.671203
-2.0,1,1.672753
-2.0,1,1.674461
-2.0,1,1.676116
-2.0,1,1.677782
-2.0,1,1.679413
-2.0,1,1.681057
-2.0,1,1.682668
-2.0,1,1.684334
-2.0,1,1.685954
-2.0,1,1.687576
-2.0,1,1.689193
-2.0,1,1.690871
-2.0,1,1.692521
-2.0,1,1.694148
-2.0,1,1.695763
-2.0,1,1.697453
-2.0,1,1.699065
-2.0,1,1.700717
-2.0,1,1.702343
-2.0,1,1.703997
-2.0,1,1.705675
-2.0,1,1.707326
-2.0,1,1.709019
-2.0,1,1.710625
-2.0,1,1.712262
-2.0,1,1.713906
-2.0,1,1.715522
-2.0,1,1.717176
-2.0,1,1.718903
-2.0,1,1.720678
-2.0,1,1.722378
-2.0,1,1.724091
-2.0,1,1.725794
-2.0,1,1.727491
-2.0,1,1.72922
-2.0,1,1.730977
-2.0,1,1.732822
-2.0,1,1.734637
-2.0,1,1.736442
-2.0,1,1.738177
-2.0,1,1.740021
-2.0,1,1.741914
-2.0,1,1.743722
-2.0,1,1.745593
-2.0,1,1.747438
-2.0,1,1.749388
-2.0,1,1.751288
-2.0,1,1.753125
-2.0,1,1.754935
-2.0,1,1.756739
-2.0,1,1.758506
-2.0,1,1.760291
-2.0,1,1.76218
-2.0,1,1.764024
-2.0,1,1.765824
-2.0,1,1.767555
-2.0,1,1.769322
-2.0,1,1.771132
-2.0,1,1.772849
-2.0,1,1.774605
-2.0,1,1.776347
-2.0,1,1.778184
-2.0,1,1.779971
-2.0,1,1.781836
-2.0,1,1.783833
-2.0,1,1.785661
-2.0,1,1.787447
-2.0,1,1.789243
-2.0,1,1.791042
-2.0,1,1.792843
-2.0,1,1.79483
-2.0,1,1.7967
-2.0,1,1.798444
-2.0,1,1.800197
-2.0,1,1.801969
-2.0,1,1.80379
-2.0,1,1.805547
-2.0,1,1.807327
-2.0,1,1.809128
-2.0,1,1.810843
-2.0,1,1.812639
-2.0,1,1.814528
-2.0,1,1.81632
-2.0,1,1.81814
-2.0,1,1.819834
-2.0,1,1.821585
-2.0,1,1.823315
-2.0,1,1.82507
-2.0,1,1.826924
-2.0,1,1.828719
-2.0,1,1.830463
-2.0,1,1.832211
-2.0,1,1.833944
-2.0,1,1.835808
-2.0,1,1.837492
-2.0,1,1.839189
-2.0,1,1.840904
-2.0,1,1.842669
-2.0,1,1.84446
-2.0,1,1.846214
-2.0,1,1.847878
-2.0,1,1.849553
-2.0,1,1.851209
-2.0,1,1.852933
-2.0,1,1.854597
-2.0,1,1.85625
-2.0,1,1.85793
-2.0,1,1.859604
-2.0,1,1.861283
-2.0,1,1.86296
-2.0,1,1.864618
-2.0,1,1.866277
-2.0,1,1.867945
-2.0,1,1.869635
-2.0,1,1.871299
-2.0,1,1.87295
-2.0,1,1.874608
-2.0,1,1.876257
-2.0,1,1.878069
-2.0,1,1.879761
-2.0,1,1.881438
-2.0,1,1.883084
-2.0,1,1.884752
-2.0,1,1.886431
-2.0,1,1.888071
-2.0,1,1.889732
-2.0,1,1.891383
-2.0,1,1.893043
-2.0,1,1.894688
-2.0,1,1.896333
-2.0,1,1.898031
-2.0,1,1.89971
-2.0,1,1.901361
-2.0,1,1.903022
-2.0,1,1.904721
-2.0,1,1.906369
-2.0,1,1.908014
-2.0,1,1.909759
-2.0,1,1.911432
-2.0,1,1.913126
-2.0,1,1.91485
-2.0,1,1.916515
-2.0,1,1.918168
-2.0,1,1.919835
-2.0,1,1.921574
-2.0,1,1.923323
-2.0,1,1.925032
-2.0,1,1.926765
-2.0,1,1.928412
-2.0,1,1.930137
-2.0,1,1.931798
-2.0,1,1.933486
-2.0,1,1.93515
-2.0,1,1.936874
-2.0,1,1.938558
-2.0,1,1.940168
-2.0,1,1.941903
-2.0,1,1.943539
-2.0,1,1.945188
-2.0,1,1.946819
-2.0,1,1.948461
-2.0,1,1.950083
-2.0,1,1.951695
-2.0,1,1.953356
-2.0,1,1.954979
-2.0,1,1.956635
-2.0,1,1.958265
-2.0,1,1.959932
-2.0,1,1.96161
-2.0,1,1.963335
-2.0,1,1.965033
-2.0,1,1.966673
-2.0,1,1.968308
-2.0,1,1.969933
-2.0,1,1.971498
-2.0,1,1.973102
-2.0,1,1.974768
-2.0,1,1.976497
-2.0,1,1.978217
-2.0,1,1.980052
-2.0,1,1.981811
-2.0,1,1.983917
-2.0,1,1.985582
-2.0,1,1.987234
-2.0,1,1.988901
-2.0,1,1.990602
-2.0,1,1.992193
-2.0,1,1.994263
-2.0,1,1.996076
-2.0,1,1.997928
-2.0,1,1.999625
-2.0,1,2.001328
-2.0,1,2.002991
-2.0,1,2.00463
-2.0,1,2.006381
-2.0,1,2.008009
-2.0,1,2.009614
-2.0,1,2.011293
-2.0,1,2.012981
-2.0,1,2.014613
-2.0,1,2.016202
-2.0,1,2.017883
-2.0,1,2.019636
-2.0,1,2.021311
-2.0,1,2.022923
-2.0,1,2.024558
-2.0,1,2.026212
-2.0,1,2.027818
-2.0,1,2.029479
-2.0,1,2.031152
-2.0,1,2.032859
-2.0,1,2.03451
-2.0,1,2.036152
-2.0,1,2.037822
-2.0,1,2.03944
-2.0,1,2.041123
-2.0,1,2.042828
-2.0,1,2.044495
-2.0,1,2.046165
-2.0,1,2.047839
-2.0,1,2.049598
-2.0,1,2.051279
-2.0,1,2.05296
-2.0,1,2.054624
-2.0,1,2.056279
-2.0,1,2.057978
-2.0,1,2.059669
-2.0,1,2.061379
-2.0,1,2.063087
-2.0,1,2.064727
-2.0,1,2.066352
-2.0,1,2.067998
-2.0,1,2.069654
-2.0,1,2.071322
-2.0,1,2.073004
-2.0,1,2.074678
-2.0,1,2.076388
-2.0,1,2.078463
-2.0,1,2.080315
-2.0,1,2.082129
-2.0,1,2.083879
-2.0,1,2.08554
-2.0,1,2.087154
-2.0,1,2.088825
-2.0,1,2.090468
-2.0,1,2.092283
-2.0,1,2.094125
-2.0,1,2.095777
-2.0,1,2.097479
-2.0,1,2.099124
-2.0,1,2.100779
-2.0,1,2.102405
-2.0,1,2.104009
-2.0,1,2.105753
-2.0,1,2.107403
-2.0,1,2.109056
-2.0,1,2.110686
-2.0,1,2.112295
-2.0,1,2.113949
-2.0,1,2.115597
-2.0,1,2.117307
-2.0,1,2.11902
-2.0,1,2.12068
-2.0,1,2.122332
-2.0,1,2.123974
-2.0,1,2.125623
-2.0,1,2.127258
-2.0,1,2.128896
-2.0,1,2.130549
-2.0,1,2.132196
-2.0,1,2.13395
-2.0,1,2.135745
-2.0,1,2.137414
-2.0,1,2.139033
-2.0,1,2.140677
-2.0,1,2.142359
-2.0,1,2.144412
-2.0,1,2.146213
-2.0,1,2.14788
-2.0,1,2.149541
-2.0,1,2.151193
-2.0,1,2.152803
-2.0,1,2.154527
-2.0,1,2.156207
-2.0,1,2.157851
-2.0,1,2.159793
-2.0,1,2.161492
-2.0,1,2.163308
-2.0,1,2.1651
-2.0,1,2.166756
-2.0,1,2.168397
-2.0,1,2.170088
-2.0,1,2.171827
-2.0,1,2.173467
-2.0,1,2.175078
-2.0,1,2.176961
-2.0,1,2.178969
-2.0,1,2.18069
-2.0,1,2.182327
-2.0,1,2.183959
-2.0,1,2.185586
-2.0,1,2.187206
-2.0,1,2.188839
-2.0,1,2.190471
-2.0,1,2.192106
-2.0,1,2.193736
-2.0,1,2.19537
-2.0,1,2.19701
-2.0,1,2.198631
-2.0,1,2.200247
-2.0,1,2.201878
-2.0,1,2.203488
-2.0,1,2.205118
-2.0,1,2.206725
-2.0,1,2.208329
-2.0,1,2.209944
-2.0,1,2.211566
-2.0,1,2.213245
-2.0,1,2.214916
-2.0,1,2.216581
-2.0,1,2.218224
-2.0,1,2.219908
-2.0,1,2.221553
-2.0,1,2.223181
5.0,1,2.22488
-2.0,1,2.226459
-2.0,1,2.228095
-2.0,1,2.229755
-2.0,1,2.231475
-2.0,1,2.233244
-2.0,1,2.234959
-2.0,1,2.236685
-2.0,1,2.238407
-2.0,1,2.240327
-2.0,1,2.242082
-2.0,1,2.243844
-2.0,1,2.245579
-2.0,1,2.247472
-2.0,1,2.249382
-2.0,1,2.251216
-2.0,1,2.253028
-2.0,1,2.254797
-2.0,1,2.256567
-2.0,1,2.258305
-2.0,1,2.260115
-2.0,1,2.262007
-2.0,1,2.263687
-2.0,1,2.265479
-2.0,1,2.267212
-2.0,1,2.268963
-2.0,1,2.270695
-2.0,1,2.272483
-2.0,1,2.274197
-2.0,1,2.275927
-2.0,1,2.277669
-2.0,1,2.279401
-2.0,1,2.281155
-2.0,1,2.282882
-2.0,1,2.284556
-2.0,1,2.286318
-2.0,1,2.288036
-2.0,1,2.289712
-2.0,1,2.291413
-2.0,1,2.293194
-2.0,1,2.294915
-2.0,1,2.296581
-2.0,1,2.298315
-2.0,1,2.300047
-2.0,1,2.301802
-2.0,1,2.303631
-2.05,2,2.30713
-2.0,1,2.308867
-2.0,1,2.310609
-2.0,1,2.312334
-2.0,1,2.314081
-2.0,1,2.31581
-2.0,1,2.31757
-2.0,1,2.319294
-2.0,1,2.321098
-2.0,1,2.322846
-2.0,1,2.324606
-2.0,1,2.326338
-2.0,1,2.328059
-2.0,1,2.329803
-2.0,1,2.331548
-2.0,1,2.333299
-2.0,1,2.335017
-2.0,1,2.336779
-2.0,1,2.338505
-2.0,1,2.340276
-2.0,1,2.34201
-2.0,1,2.343831
-2.0,1,2.345576
-2.0,1,2.347435
-2.0,1,2.349302
-2.0,1,2.351088
-2.0,1,2.352881
-2.0,1,2.354576
-2.0,1,2.356307
-2.0,1,2.358036
-2.0,1,2.35982
-2.0,1,2.361734
-2.0,1,2.36369
-2.0,1,2.36548
-2.0,1,2.367246
-2.0,1,2.369002
-2.0,1,2.370806
-2.0,1,2.372538
-2.0,1,2.374262
-2.0,1,2.376051
-2.0,1,2.377851
-2.0,1,2.379707
-2.0,1,2.381431
-2.0,1,2.383167
-2.0,1,2.384946
-2.0,1,2.386668
-2.0,1,2.388389
-2.0,1,2.390163
-2.0,1,2.391859
-2.0,1,2.393638
-2.0,1,2.395341
-2.0,1,2.397066
-2.0,1,2.398777
-2.0,1,2.400491
-2.0,1,2.402243
-2.0,1,2.403945
-2.0,1,2.405659
-2.0,1,2.407394
-2.0,1,2.409207
-2.0,1,2.410913
-2.0,1,2.412634
-2.0,1,2.414334
-2.0,1,2.416042
-2.0,1,2.417848
-2.0,1,2.419554
-2.0,1,2.42128
-2.0,1,2.422999
-2.0,1,2.424753
-2.0,1,2.426451
-2.0,1,2.42818
-2.0,1,2.429894
-2.0,1,2.43159
-2.0,1,2.433481
-2.0,1,2.435163
-2.0,1,2.436885
-2.0,1,2.438578
-2.0,1,2.440321
-2.0,1,2.442046
-2.0,1,2.443761
-2.0,1,2.445484
-2.0,1,2.447175
-2.0,1,2.448888
-2.0,1,2.450591
-2.0,1,2.452289
-2.0,1,2.454005
-2.0,1,2.455695
-2.0,1,2.457454
-2.0,1,2.45924
-2.0,1,2.460947
-2.0,1,2.462635
-2.0,1,2.464335
-2.0,1,2.466067
-2.0,1,2.467835
-2.0,1,2.469561
-2.0,1,2.471265
-2.0,1,2.472986
-2.0,1,2.474742
-2.0,1,2.476468
-2.0,1,2.478163
-2.0,1,2.479852
-2.0,1,2.481562
-2.0,1,2.483264
-2.0,1,2.485065
-2.0,1,2.486776
-2.0,1,2.488486
-2.0,1,2.490192
-2.0,1,2.491885
-2.0,1,2.493617
-2.0,1,2.495306
-2.0,1,2.497017
-2.0,1,2.49874
-2.0,1,2.500453
-2.0,1,2.502223
-2.0,1,2.503911
-2.0,1,2.50564
-2.0,1,2.507344
-2.0,1,2.509067
-2.0,1,2.510805
-2.0,1,2.512533
-2.0,1,2.514231
-2.0,1,3.764265
-2.0,1,3.766607
-2.0,1,3.768575
-2.0,1,3.770465
-2.0,1,3.772367
-2.0,1,3.774272
-2.0,1,3.776176
-2.0,1,3.778124
-2.0,1,3.780016
-2.0,1,3.781956
-2.0,1,3.783854
-2.0,1,3.785762
-2.0,1,3.787835
-2.0,1,3.789824
-2.0,1,3.791738
-2.0,1,3.793655
-2.0,1,3.795561
-2.0,1,3.797542
-2.0,1,3.799622
-2.0,1,3.801556
-2.0,1,3.803504
-2.0,1,3.805405
-2.0,1,3.807298
-2.0,1,3.809211
-2.0,1,3.811119
-2.0,1,3.813045
-2.0,1,3.814942
-2.0,1,3.81688
-2.0,1,3.818772
-2.0,1,3.820694
-2.0,1,3.822572
-2.0,1,3.824474
-2.0,1,3.826569
-2.0,1,3.82852
-2.0,1,3.830416
-2.0,1,3.832397
-2.0,1,3.834509
-2.0,1,3.836528
-2.0,1,3.838501
-2.0,1,3.840535
-2.0,1,3.842567
-2.0,1,3.844618
-2.0,1,3.846574
-2.0,1,3.848477
-2.0,1,3.850376
-2.0,1,3.852272
-2.0,1,3.854175
-2.0,1,3.856062
-2.0,1,3.857988
-2.0,1,3.859862
-2.0,1,3.861804
-2.0,1,3.863858
-2.0,1,3.865829
-2.0,1,3.8678
-2.0,1,3.869767
-2.0,1,3.871657
-2.0,1,3.873587
-2.0,1,3.875502
-2.0,1,3.877434
-2.0,1,3.879329
-2.0,1,3.881248
-2.0,1,3.883289
-2.0,1,3.88531
-2.0,1,3.887224
-2.0,1,3.889142
-2.0,1,3.891043
-2.0,1,3.892955
-2.0,1,3.894856
-2.0,1,3.896796
-2.0,1,3.898701
-2.0,1,3.900767
-2.0,1,3.902746
-2.0,1,3.904679
-2.0,1,3.906601
-2.0,1,3.908502
-2.0,1,3.910394
-2.0,1,3.912292
-2.0,1,3.914233
-2.0,1,3.916186
-2.0,1,3.918119
-2.0,1,3.920055
-2.0,1,3.922188
-2.0,1,3.924093
-2.0,1,3.926176
-2.0,1,3.928096
-2.0,1,3.930048
-2.0,1,3.93199
-2.0,1,3.933907
-2.0,1,3.935844
-2.0,1,3.937783
-2.0,1,3.939687
-2.0,1,3.941601
-2.0,1,3.94352
-2.0,1,3.945461
-2.0,1,3.947391
-2.0,1,3.949324
-2.0,1,3.951209
-2.0,1,3.953124
-2.0,1,3.955031
-2.0,1,3.956982
-2.0,1,3.95887
-2.0,1,3.960798
-2.0,1,3.962719
-2.0,1,3.964651
-2.0,1,3.966593
-2.0,1,3.96859
-2.0,1,3.970536
-2.0,1,3.972465
-2.0,1,3.97433
-2.0,1,3.976174
-2.0,1,3.978216
-2.0,1,3.980238
-2.0,1,3.982182
-2.0,1,3.984172
-2.0,1,3.986189
-2.0,1,3.988155
-2.0,1,3.990113
-2.0,1,3.992042
-2.0,1,3.993999
-2.0,1,3.996021
-2.0,1,3.997977
-2.0,1,3.999914
-2.0,1,4.001884
-2.0,1,4.004209
-2.0,1,4.006116
-2.0,1,4.008048
-2.0,1,4.010018
-2.0,1,4.011988
-2.0,1,4.0139
-2.0,1,4.015785
-2.0,1,4.017748
-2.0,1,4.019692
-2.0,1,4.021626
-2.0,1,4.023532
-2.0,1,4.025501
-2.0,1,4.02739
-2.0,1,4.029315
-2.0,1,4.031225
-2.0,1,4.03316
-2.0,1,4.035041
-2.0,1,4.036956
-2.0,1,4.038853
-2.0,1,4.040725
-2.0,1,4.042568
-2.0,1,4.044399
-2.0,1,4.046231
-2.0,1,4.04807
-2.0,1,4.049922
-2.0,1,4.051705
-2.0,1,4.053552
-2.0,1,4.055412
-2.0,1,4.057226
-2.0,1,4.059044
-2.05,2,4.062619
-2.0,1,4.064427
-2.0,1,4.066259
-2.0,1,4.068061
-2.0,1,4.069876
-2.0,1,4.071692
-2.0,1,4.073541
-2.0,1,4.075354
-2.0,1,4.07716
-2.0,1,4.078953
-2.0,1,4.080784
-2.0,1,4.082566
-2.0,1,4.084471
-2.0,1,4.086267
-2.0,1,4.08808
-2.0,1,4.08993
-2.0,1,4.091781
-2.0,1,4.093624
-2.0,1,4.095413
-2.0,1,4.097286
-2.0,1,4.09911
-2.0,1,4.100959
-2.0,1,4.102794
-2.0,1,4.104612
-2.0,1,4.106423
-2.0,1,4.108274
-2.0,1,4.11017
-2.0,1,4.111957
-2.0,1,4.113787
-2.0,1,4.115608
-2.0,1,4.117422
-2.0,1,4.119255
-2.0,1,4.121087
-2.0,1,4.122877
-2.0,1,4.124714
-2.0,1,4.126519
-2.0,1,4.128314
-2.0,1,4.130128
-2.0,1,4.131918
-2.0,1,4.133768
-2.0,1,4.135556
-2.0,1,4.137361
-2.0,1,4.13921
-2.0,1,4.141024
-2.0,1,4.142781
-2.0,1,4.144596
-2.0,1,4.146414
-2.0,1,4.148201
-2.0,1,4.150037
-2.0,1,4.15185
-2.0,1,4.153656
-2.0,1,4.155453
-2.0,1,4.157265
-2.0,1,4.159054
-2.0,1,4.160869
-2.0,1,4.162688
-2.0,1,4.164537
-2.0,1,4.166358
-2.0,1,4.168182
-2.0,1,4.170008
-2.0,1,4.171811
-2.0,1,4.173637
-2.0,1,4.175436
-2.0,1,4.177245
-2.0,1,4.179039
-2.0,1,4.180958
-2.0,1,4.183363
-2.0,1,4.185382
-2.0,1,4.187496
-2.0,1,4.189509
-2.0,1,4.191515
-2.0,1,4.193658
-2.0,1,4.195855
-2.0,1,4.19806
-2.0,1,4.200215
-2.0,1,4.20232
-2.0,1,4.204387
-2.0,1,4.206581
-2.0,1,4.208716
-2.0,1,4.210849
-2.0,1,4.213025
-2.0,1,4.215171
-2.0,1,4.217429
-2.0,1,4.219665
-2.0,1,4.221881
-2.0,1,4.224237
-2.0,1,4.226561
-2.0,1,4.228766
-2.0,1,4.23094
-2.0,1,4.233105
-2.0,1,4.235258
-2.0,1,4.237425
-2.0,1,4.239573
-2.0,1,4.241745
-2.0,1,4.2439
-2.0,1,4.246118
-2.0,1,4.248299
-2.0,1,4.250399
-2.0,1,4.252466
-2.0,1,4.254536
-2.0,1,4.25661
-2.0,1,4.25865
-2.0,1,4.260746
-2.0,1,4.262798
-2.0,1,4.26475
-2.0,1,4.266898
-2.0,1,4.268945
-2.0,1,4.270945
-2.0,1,4.272956
-2.0,1,4.274992
-2.0,1,4.277011
-2.0,1,4.279007
-2.0,1,4.281106
-2.0,1,4.283111
-2.0,1,4.285122
-2.0,1,4.287132
-2.0,1,4.28914
-2.0,1,4.291149
-2.0,1,4.293166
-2.0,1,4.295215
-2.0,1,4.297247
-2.0,1,4.299589
-2.0,1,4.301857
-2.0,1,4.303869
-2.0,1,4.305955
-2.0,1,4.308041
-2.0,1,4.310137
-2.0,1,4.312197
-2.0,1,4.314253
-2.0,1,4.31629
-2.0,1,4.318387
-2.0,1,4.32044
-2.0,1,4.322463
-2.0,1,4.324501
-2.0,1,4.326548
-2.0,1,4.328602
-2.0,1,4.330594
-2.0,1,4.332629
-2.0,1,4.334639
-2.0,1,4.336672
-2.0,1,4.338665
-2.0,1,4.340714
-2.0,1,4.342729
5.0,1,4.344821
-2.0,1,4.346811
-2.0,1,4.348824
-2.0,1,4.350835
-2.0,1,4.353052
-2.0,1,4.355051
-2.0,1,4.3571
-2.0,1,4.359185
-2.0,1,4.36122
-2.0,1,4.363225
-2.0,1,4.365247
-2.0,1,4.367264
-2.0,1,4.3693
-2.0,1,4.371361
-2.0,1,4.373426
-2.0,1,4.375498
-2.0,1,4.377545
-2.0,1,4.379558
-2.0,1,4.381599
-2.0,1,4.383613
-2.0,1,4.385666
-2.0,1,4.387692
-2.0,1,4.389733
-2.0,1,4.391798
-2.0,1,4.393808
-2.0,1,4.396023
-2.0,1,4.398064
-2.0,1,4.400104
-2.0,1,4.402119
-2.0,1,4.404112
-2.0,1,4.40613
-2.0,1,4.408183
-2.0,1,4.410195
-2.0,1,4.41223
-2.0,1,4.414255
-2.0,1,4.416258
-2.0,1,4.418263
-2.0,1,4.420254
-2.0,1,4.422287
-2.0,1,4.42428
-2.0,1,4.426322
-2.0,1,4.428356
-2.0,1,4.430372
-2.0,1,4.432373
-2.0,1,4.43439
-2.0,1,4.436388
-2.0,1,4.438491
-2.0,1,4.440509
-2.0,1,4.442502
-2.0,1,4.444528
-2.0,1,4.446529
-2.0,1,4.448549
-2.0,1,4.450603
-2.0,1,4.452602
-2.0,1,4.454605
-2.0,1,4.45663
-2.0,1,4.458627
-2.0,1,4.460641
-2.0,1,4.462647
-2.0,1,4.464698
-2.0,1,4.466701
-2.0,1,4.468753
-2.0,1,4.470766
-2.0,1,4.472786
-2.0,1,4.474823
-2.0,1,4.476819
-2.0,1,4.478837
-2.0,1,4.480862
-2.0,1,4.482882
-2.0,1,4.484937
-2.0,1,4.48695
-2.0,1,4.488997
-2.0,1,4.491
-2.0,1,4.493046
-2.0,1,4.495091
-2.0,1,4.497157
-2.0,1,4.499163
-2.0,1,4.501199
-2.0,1,4.503193
-2.0,1,4.505245
-2.0,1,4.507297
-2.0,1,4.509393
-2.0,1,4.51138
-2.0,1,4.513405
-2.0,1,4.515408
-2.0,1,4.517557
-2.0,1,4.51955
-2.0,1,4.521611
-2.0,1,4.523652
-2.0,1,4.525704
-2.0,1,4.527739
-2.0,1,4.529758
-2.0,1,4.531762
-2.0,1,4.53379
-2.0,1,4.535792
-2.0,1,4.537845
-2.0,1,4.53987
-2.0,1,4.541946
-2.0,1,4.543939
-2.0,1,4.546008
-2.0,1,4.548011
-2.0,1,4.550035
-2.0,1,4.552041
-2.0,1,4.554198
-2.0,1,4.556206
-2.05,2,4.560277
-2.0,1,4.56229
-2.0,1,4.564258
-2.0,1,4.566288
-2.0,1,4.568311
-2.0,1,4.570362
-2.0,1,4.5724
-2.0,1,4.574423
-2.0,1,4.576459
-2.0,1,4.578515
-2.0,1,4.580547
-2.0,1,4.582536
-2.0,1,4.584616
-2.0,1,4.586625
-2.0,1,4.588693
-2.0,1,4.590686
-2.0,1,4.592731
-2.0,1,4.59476
-2.0,1,4.596833
-2.0,1,4.598881
-2.0,1,4.600977
-2.0,1,4.602957
-2.0,1,4.605005
-2.0,1,4.606994
-2.0,1,4.609199
-2.0,1,4.611251
-2.0,1,4.613319
-2.0,1,4.615339
-2.0,1,4.61736
-2.0,1,4.619373
-2.0,1,4.621439
-2.0,1,4.623461
-2.0,1,4.625529
-2.0,1,4.627574
-2.0,1,4.629625
-2.0,1,4.63167
-2.0,1,4.633733
-2.0,1,4.635753
-2.0,1,4.637834
-2.0,1,4.639853
-2.0,1,4.642031
-2.0,1,4.645028
-2.0,1,4.647421
-2.0,1,4.65011
-2.0,1,4.652802
-2.0,1,4.655069
-2.0,1,4.657204
-2.0,1,4.659567
-2.0,1,4.661823
-2.0,1,4.66407
-2.0,1,4.666271
-2.0,1,4.668463
-2.0,1,4.670626
-2.0,1,4.672778
-2.0,1,4.675152
-2.0,1,4.677337
-2.0,1,4.679489
-2.0,1,4.68181
-2.0,1,4.683952
-2.0,1,4.68613
-2.0,1,4.68829
-2.0,1,4.690461
-2.0,1,4.692648
-2.0,1,4.694927
-2.0,1,4.697085
-2.0,1,4.69924
-2.0,1,4.701389
-2.0,1,4.703524
-2.0,1,4.705698
-2.0,1,4.707838
-2.0,1,4.710028
-2.0,1,4.712157
-2.0,1,4.714317
-2.0,1,4.716463
-2.0,1,4.718608
-2.0,1,4.72078
-2.0,1,4.72291
-2.0,1,4.725064
-2.0,1,4.727193
-2.0,1,4.729377
-2.0,1,4.731514
-2.0,1,4.733686
-2.0,1,4.735973
-2.0,1,4.73834
-2.0,1,4.740548
-2.0,1,4.742675
-2.0,1,4.744847
-2.0,1,4.74702
-2.0,1,4.749352
-2.0,1,4.751546
-2.0,1,4.753753
-2.0,1,4.755927
-2.0,1,4.758149
-2.0,1,4.760348
-2.0,1,4.762522
-2.0,1,4.764729
-2.0,1,4.766924
-2.0,1,4.769151
-2.0,1,4.771331
-2.0,1,4.773549
-2.0,1,4.775752
-2.0,1,4.778032
-2.0,1,4.780274
-2.0,1,4.782438
-2.0,1,4.784683
-2.0,1,4.786852
-2.0,1,4.78908
-2.0,1,4.791241
-2.0,1,4.793384
-2.0,1,6.136877
-2.0,1,6.139019
-2.0,1,6.141086
-2.0,1,6.14312
-2.0,1,6.145431
-2.0,1,6.1475
-2.0,1,6.149599
-2.0,1,6.151615
-2.0,1,6.15362
-2.0,1,6.155687
-2.0,1,6.157709
-2.0,1,6.159685
-2.0,1,6.161739
-2.0,1,6.163695
-2.0,1,6.165707
-2.0,1,6.167687
-2.0,1,6.169766
-2.0,1,6.171776
-2.0,1,6.173699
-2.0,1,6.175707
-2.0,1,6.17772
-2.0,1,6.17964
-2.0,1,6.18168
-2.0,1,6.183709
-2.0,1,6.185752
-2.0,1,6.188032
-2.0,1,6.190072
-2.0,1,6.192106
-2.0,1,6.194143
-2.0,1,6.196167
-2.0,1,6.198257
-2.0,1,6.200443
-2.0,1,6.20241
-2.0,1,6.204417
-2.0,1,6.206477
-2.0,1,6.208542
-2.0,1,6.210626
-2.0,1,6.21261
-2.0,1,6.214602
-2.0,1,6.216657
-2.0,1,6.218684
-2.0,1,6.220735
-2.0,1,6.222764
-2.0,1,6.22481
-2.0,1,6.226819
-2.0,1,6.228848
-2.0,1,6.231189
-2.0,1,6.233224
-2.0,1,6.235255
-2.0,1,6.237315
-2.0,1,6.239382
-2.0,1,6.241457
-2.0,1,6.243526
-2.0,1,6.245525
-2.0,1,6.247498
-2.0,1,6.249521
-2.0,1,6.251476
-2.0,1,6.253476
-2.0,1,6.25543
-2.0,1,6.257461
-2.0,1,6.259482
-2.0,1,6.261547
-2.0,1,6.263566
-2.0,1,6.265739
-2.0,1,6.267856
-2.0,1,6.269964
-2.0,1,6.271933
-2.0,1,6.274134
-2.0,1,6.276149
-2.0,1,6.278271
-2.0,1,6.280255
-2.0,1,6.282303
-2.0,1,6.284288
-2.0,1,6.286318
-2.0,1,6.288297
-2.0,1,6.290306
-2.0,1,6.292277
-2.0,1,6.294307
-2.0,1,6.296299
-2.0,1,6.298317
-2.0,1,6.300332
-2.0,1,6.302418
-2.0,1,6.304482
-2.0,1,6.306386
-2.0,1,6.308264
-2.0,1,6.310274
-2.0,1,6.312349
-2.0,1,6.314523
-2.0,1,6.316719
-2.0,1,6.31893
-2.0,1,6.320988
-2.0,1,6.323063
-2.0,1,6.325253
-2.0,1,6.327269
-2.0,1,6.32934
-2.0,1,6.331355
-2.0,1,6.333391
-2.0,1,6.335409
-2.0,1,6.33746
-2.0,1,6.339517
-2.0,1,6.341598
-2.0,1,6.343606
-2.0,1,6.345664
-2.0,1,6.347696
-2.0,1,6.349768
-2.0,1,6.351884
-2.0,1,6.353926
-2.0,1,6.355928
-2.0,1,6.35813
-2.0,1,6.360145
-2.0,1,6.362201
-2.0,1,6.364199
-2.0,1,6.366296
-2.0,1,6.368361
-2.0,1,6.370381
-2.0,1,6.372413
-2.0,1,6.374492
-2.0,1,6.376534
-2.0,1,6.37853
-2.0,1,6.380544
-2.0,1,6.382557
-2.0,1,6.384626
-2.0,1,6.386639
-2.0,1,6.388687
5.0,1,6.390773
-2.0,1,6.392763
-2.0,1,6.394804
-2.0,1,6.396858
-2.0,1,6.398862
-2.0,1,6.401061
-2.0,1,6.403058
-2.0,1,6.40511
-2.0,1,6.40711
-2.0,1,6.409166
-2.0,1,6.411162
-2.0,1,6.413206
-2.0,1,6.415219
-2.0,1,6.417241
-2.0,1,6.419238
-2.0,1,6.421258
-2.0,1,6.423264
-2.0,1,6.425334
-2.0,1,6.427357
-2.0,1,6.429395
-2.0,1,6.431405
-2.0,1,6.433441
-2.0,1,6.435449
-2.0,1,6.437556
-2.0,1,6.439575
-2.0,1,6.441691
-2.0,1,6.44372
-2.0,1,6.445768
-2.0,1,6.447792
-2.0,1,6.44978
-2.0,1,6.451747
-2.0,1,6.45377
-2.0,1,6.455793
-2.0,1,6.457781
-2.0,1,6.459788
-2.0,1,6.461898
-2.0,1,6.463917
-2.0,1,6.465972
-2.0,1,6.467966
-2.0,1,6.469959
-2.0,1,6.471976
-2.0,1,6.473972
-2.0,1,6.475942
-2.0,1,6.47801
-2.0,1,6.479978
-2.0,1,6.481981
-2.0,1,6.483992
-2.0,1,6.486106
-2.0,1,6.488143
-2.0,1,6.490162
-2.0,1,6.492138
-2.0,1,6.494137
-2.0,1,6.496175
-2.0,1,6.498202
-2.0,1,6.500179
-2.0,1,6.502171
-2.0,1,6.504146
-2.0,1,6.506132
-2.0,1,6.508115
-2.0,1,6.510137
-2.0,1,6.512128
-2.0,1,6.514125
-2.0,1,6.516103
-2.0,1,6.51816
-2.0,1,6.520145
-2.0,1,6.522159
-2.0,1,6.524133
-2.0,1,6.526164
-2.0,1,6.528208
-2.0,1,6.530342
-2.0,1,6.532334
-2.0,1,6.534329
-2.0,1,6.536311
-2.0,1,6.538289
-2.0,1,6.54026
-2.0,1,6.542247
-2.0,1,6.544224
-2.0,1,6.546212
-2.0,1,6.548184
-2.0,1,6.55016
-2.0,1,6.552128
-2.0,1,6.554105
-2.0,1,6.55613
-2.0,1,6.558213
-2.0,1,6.56019
-2.0,1,6.562173
-2.0,1,6.56414
-2.0,1,6.56612
-2.0,1,6.568084
-2.0,1,6.570072
-2.0,1,6.5722
-2.0,1,6.574208
-2.0,1,6.576121
-2.0,1,6.578136
-2.0,1,6.580139
-2.0,1,6.582153
-2.0,1,6.584198
-2.0,1,6.586197
-2.0,1,6.588161
-2.0,1,6.590141
-2.0,1,6.592131
-2.0,1,6.5944
-2.0,1,6.596858
-2.0,1,6.598994
-2.0,1,6.601132
-2.0,1,6.603273
-2.0,1,6.605531
-2.0,1,6.607793
-2.0,1,6.609909
-2.0,1,6.612013
-2.0,1,6.614127
-2.0,1,6.616289
-2.0,1,6.618396
-2.0,1,6.620504
-2.0,1,6.622594
-2.0,1,6.62473
-2.0,1,6.626842
-2.0,1,6.628951
-2.0,1,6.631048
-2.0,1,6.633188
-2.0,1,6.635305
-2.0,1,6.637421
-2.0,1,6.639505
-2.0,1,6.641651
-2.0,1,6.643775
-2.0,1,6.645961
-2.0,1,6.648045
-2.0,1,6.650143
-2.0,1,6.652241
-2.0,1,6.65435
-2.0,1,6.656516
-2.0,1,6.658695
-2.0,1,6.66079
-2.0,1,6.662879
-2.0,1,6.664976
-2.0,1,6.667095
-2.0,1,6.669176
-2.0,1,6.671269
-2.0,1,6.673375
-2.0,1,6.675499
-2.0,1,6.677612
-2.0,1,6.679702
-2.0,1,6.681813
-2.0,1,6.683901
-2.0,1,6.686007
-2.0,1,6.688096
-2.0,1,6.690214
-2.0,1,6.692321
-2.0,1,6.694425
-2.0,1,6.696539
-2.0,1,6.698667
-2.0,1,6.700773
-2.0,1,6.702853
-2.0,1,6.704965
-2.0,1,6.707053
-2.0,1,6.709171
-2.0,1,6.711257
-2.0,1,6.713372
-2.0,1,6.715469
-2.0,1,6.717607
-2.0,1,6.719691
-2.0,1,6.721804
-2.0,1,6.723893
-2.0,1,6.726012
-2.0,1,6.728109
-2.0,1,6.730229
-2.0,1,6.732332
-2.0,1,6.734441
-2.0,1,6.736554
-2.0,1,6.738643
-2.0,1,6.740759
-2.0,1,6.742943
-2.0,1,6.745064
-2.0,1,6.747164
-2.0,1,6.749296
-2.0,1,6.751412
-2.0,1,6.753528
-2.0,1,6.755633
-2.0,1,6.757755
-2.0,1,6.759855
-2.0,1,6.761972
-2.0,1,6.764065
-2.0,1,6.766174
-2.0,1,6.768268
-2.0,1,6.770387
-2.0,1,6.772538
-2.0,1,6.774631
-2.0,1,6.776751
-2.0,1,6.778841
-2.0,1,6.781023
-2.0,1,6.783115
-2.0,1,6.785341
-2.0,1,6.78743
-2.0,1,6.789545
-2.0,1,6.791635
-2.0,1,6.793807
-2.0,1,6.795904
-2.0,1,6.798072
-2.0,1,6.800218
-2.0,1,6.802331
-2.0,1,6.804434
-2.0,1,6.80654
-2.0,1,6.808668
-2.0,1,6.810763
-2.0,1,6.812901
-2.0,1,6.814989
-2.0,1,6.817111
-2.0,1,6.819203
-2.0,1,6.821307
-2.0,1,6.823392
-2.0,1,6.82551
-2.0,1,6.827712
-2.0,1,6.829814
-2.0,1,6.831942
-2.0,1,6.83411
-2.0,1,6.836198
-2.0,1,6.838308
-2.0,1,6.840467
-2.0,1,6.842591
-2.0,1,6.844732
-2.0,1,6.846849
-2.0,1,6.848967
-2.0,1,6.85109
-2.0,1,6.853223
-2.0,1,6.85542
-2.0,1,6.85761
-2.0,1,6.859724
-2.0,1,6.861853
-2.0,1,6.863988
-2.0,1,6.866126
-2.0,1,6.86827
-2.0,1,6.870492
-2.0,1,6.872797
-2.0,1,6.875005
-2.0,1,6.877173
-2.0,1,6.879267
-2.0,1,6.881495
-2.0,1,6.88363
-2.0,1,6.885777
-2.0,1,6.887872
-2.0,1,6.890018
-2.0,1,6.892155
-2.0,1,6.894301
-2.0,1,6.896414
-2.0,1,6.898559
-2.0,1,6.900691
-2.0,1,6.902839
-2.0,1,6.904987
-2.0,1,6.907118
-2.0,1,6.909289
-2.0,1,6.911381
-2.0,1,6.913617
-2.0,1,6.915732
-2.0,1,6.917866
-2.0,1,6.919951
-2.0,1,6.92212
-2.0,1,6.924273
-2.0,1,6.926408
-2.0,1,6.928553
-2.0,1,6.93076
-2.0,1,6.932932
-2.0,1,6.934965
-2.0,1,6.937012
-2.0,1,6.939108
-2.0,1,6.941168
-2.0,1,6.943188
-2.0,1,6.945225
-2.0,1,6.947253
-2.0,1,6.94934
-2.0,1,6.951365
-2.0,1,6.953398
-2.0,1,6.955495
-2.0,1,6.957556
-2.0,1,6.959569
-2.0,1,6.961598
-2.0,1,6.963583
-2.0,1,6.96563
-2.0,1,6.967633
-2.0,1,6.969668
-2.0,1,6.971675
-2.0,1,6.973707
-2.0,1,6.975707
-2.0,1,6.977726
-2.0,1,6.979755
-2.0,1,6.981828
-2.0,1,6.983858
-2.0,1,6.985893
-2.0,1,6.987917
-2.0,1,6.989965
-2.0,1,6.991991
-2.0,1,6.994034
-2.0,1,6.996057
-2.0,1,6.998146
-2.0,1,7.000147
-2.0,1,7.002117
-2.0,1,7.004077
-2.0,1,7.006058
-2.0,1,7.00806
-2.0,1,7.010092
-2.0,1,7.012084
-2.0,1,7.014106
-2.0,1,7.01618
-2.0,1,7.018234
-2.0,1,7.02028
-2.0,1,7.022346
-2.0,1,7.024498
-2.0,1,7.026625
-2.0,1,7.028683
-2.0,1,7.030973
-2.0,1,7.033044
-2.0,1,7.035078
-2.0,1,7.037158
-2.0,1,7.03926
-2.0,1,7.041423
-2.0,1,7.043455
-2.0,1,7.045503
-2.0,1,7.047546
-2.0,1,7.049579
-2.0,1,7.051654
-2.0,1,7.05372
-2.0,1,7.055764
-2.0,1,7.057866
-2.0,1,7.059891
-2.0,1,7.061963
-2.0,1,7.064041
-2.0,1,7.066188
-2.0,1,7.068233
-2.0,1,7.070307
-2.0,1,7.072324
-2.0,1,7.074359
-2.0,1,7.076356
-2.0,1,7.078401
-2.0,1,7.080412
-2.0,1,7.082477
-2.0,1,7.084609
-2.0,1,7.086601
-2.0,1,7.088632
-2.0,1,7.090647
-2.0,1,7.092659
-2.0,1,7.094625
-2.0,1,7.096609
-2.0,1,7.098586
-2.0,1,7.100587
-2.0,1,7.102569
-2.0,1,7.104572
-2.0,1,7.106528
-2.0,1,7.10851
-2.0,1,7.110479
-2.0,1,7.112462
-2.0,1,7.114433
-2.0,1,7.116409
-2.0,1,7.118489
-2.0,1,7.120456
-2.0,1,7.122442
-2.0,1,7.124447
-2.0,1,7.126584
-2.0,1,7.128582
-2.0,1,7.130543
-2.0,1,7.132568
-2.0,1,7.134566
-2.0,1,7.136554
-2.0,1,7.138613
-2.0,1,7.140673
-2.0,1,7.142705
-2.0,1,7.144739
-2.0,1,7.146765
-2.0,1,7.148808
-2.0,1,7.150836
-2.0,1,7.152887
-2.0,1,7.154924
-2.0,1,7.156974
-2.0,1,7.159049
-2.0,1,7.161108
-2.0,1,7.163135
-2.0,1,7.165233
-2.0,1,7.167273
-2.0,1,7.169438
-2.0,1,7.171468
-2.0,1,7.173532
-2.0,1,7.175555
-2.0,1,7.177598
-2.0,1,7.17967
-2.0,1,7.181788
-2.0,1,7.183881
-2.0,1,7.185923
-2.0,1,7.187943
-2.0,1,7.189991
-2.0,1,7.191993
-2.0,1,8.911898
-2.0,1,8.914614
-2.0,1,8.917249
-2.0,1,8.919548
-2.0,1,8.921841
-2.0,1,8.924142
-2.0,1,8.926429
-2.0,1,8.928778
-2.0,1,8.931056
-2.0,1,8.933362
-2.0,1,8.935675
-2.0,1,8.93797
-2.0,1,8.940238
-2.0,1,8.942521
-2.0,1,8.944838
-2.0,1,8.947104
-2.0,1,8.949409
-2.0,1,8.951672
-2.0,1,8.954001
-2.0,1,8.9564
-2.0,1,8.958783
-2.0,1,8.961235
-2.0,1,8.963791
-2.0,1,8.966147
-2.0,1,8.968496
-2.0,1,8.970959
-2.0,1,8.973336
-2.0,1,8.975647
-2.0,1,8.978003
-2.0,1,8.980318
-2.0,1,8.98266
-2.0,1,8.985002
-2.0,1,8.987545
-2.0,1,8.989779
-2.0,1,8.992043
-2.0,1,8.994448
-2.0,1,8.996926
-2.0,1,8.999224
-2.0,1,9.001521
-2.0,1,9.004226
-2.0,1,9.006551
-2.0,1,9.008862
-2.0,1,9.011536
-2.0,1,9.013935
-2.0,1,9.016168
5.0,1,9.018571
-2.0,1,9.020803
-2.0,1,9.023051
-2.0,1,9.025341
-2.0,1,9.027644
-2.0,1,9.029942
-2.0,1,9.032258
-2.0,1,9.034576
-2.0,1,9.036999
-2.0,1,9.039279
-2.0,1,9.04157
-2.0,1,9.043876
-2.0,1,9.046254
-2.0,1,9.048686
-2.0,1,9.051067
-2.0,1,9.053401
-2.0,1,9.055748
-2.0,1,9.058105
-2.0,1,9.060519
-2.0,1,9.06309
-2.0,1,9.065503
5.0,1,9.067941
-2.0,1,9.070265
-2.0,1,9.072603
-2.0,1,9.075089
-2.0,1,9.077443
-2.0,1,9.079971
-2.0,1,9.082369
-2.0,1,9.084676
-2.0,1,9.086913
-2.0,1,9.089464
-2.0,1,9.091729
-2.0,1,9.094062
-2.0,1,9.096699
-2.0,1,9.098941
-2.0,1,9.101296
-2.0,1,9.103565
-2.0,1,9.10586
-2.0,1,9.108176
-2.0,1,9.110486
-2.0,1,9.112888
-2.0,1,9.115209
-2.0,1,9.118332
-2.0,1,9.120643
-2.0,1,9.123017
-2.0,1,9.125315
-2.0,1,9.127895
-2.0,1,9.130596
-2.0,1,9.133552
-2.0,1,9.136125
-2.0,1,9.138592
-2.0,1,9.140972
-2.0,1,9.143327
-2.0,1,9.145724
-2.0,1,9.148313
-2.0,1,9.150695
-2.0,1,9.153067
-2.0,1,9.155561
-2.0,1,9.157911
-2.0,1,9.160228
-2.0,1,9.162673
5.0,1,9.16525
-2.0,1,9.167562
-2.0,1,9.170088
-2.0,1,9.172477
-2.0,1,9.175032
-2.0,1,9.177283
-2.0,1,9.179947
-2.0,1,9.18243
-2.0,1,9.18478
-2.0,1,9.187087
-2.0,1,9.189384
-2.0,1,9.191658
-2.0,1,9.193946
-2.0,1,9.196299
-2.0,1,9.198582
-2.0,1,9.200918
-2.0,1,9.203224
-2.0,1,9.205507
-2.0,1,9.207781
-2.0,1,9.210098
-2.0,1,9.212495
-2.0,1,9.214787
-2.0,1,9.217308
-2.0,1,9.219636
-2.0,1,9.22192
-2.0,1,9.224178
-2.0,1,9.226457
-2.0,1,9.228944
-2.0,1,9.231131
-2.0,1,9.233443
-2.0,1,9.235708
-2.0,1,9.237985
-2.0,1,9.240241
-2.0,1,9.242529
-2.0,1,9.24483
-2.0,1,9.247076
-2.0,1,9.249388
-2.0,1,9.251669
-2.0,1,9.253947
-2.0,1,9.256203
-2.0,1,9.258632
-2.0,1,9.261084
-2.0,1,9.263406
-2.0,1,9.265707
-2.0,1,9.268076
-2.0,1,9.270544
-2.0,1,9.27291
-2.0,1,9.275254
-2.0,1,9.27767
-2.0,1,9.280013
-2.0,1,9.283207
-2.0,1,9.285687
-2.0,1,9.288028
-2.0,1,9.290383
-2.0,1,9.292763
-2.0,1,9.295061
-2.0,1,9.297681
-2.0,1,9.301172
-2.0,1,9.303714
-2.0,1,9.306043
-2.0,1,9.308405
-2.0,1,9.310718
-2.0,1,9.313506
-2.0,1,9.315914
-2.0,1,9.318315
-2.0,1,9.320804
-2.0,1,9.323169
-2.0,1,9.325639
-2.0,1,9.327993
-2.0,1,9.330443
-2.0,1,9.332933
-2.0,1,9.335265
-2.0,1,9.337613
-2.0,1,9.340091
-2.0,1,9.342431
-2.0,1,9.344951
-2.0,1,9.347413
-2.0,1,9.349785
-2.0,1,9.352121
-2.0,1,9.354508
-2.0,1,9.356832
-2.0,1,9.359097
-2.0,1,9.361415
-2.0,1,9.363924
-2.0,1,9.366579
-2.0,1,9.368994
-2.0,1,9.371305
-2.0,1,9.373625
-2.0,1,9.376109
-2.0,1,9.379076
-2.0,1,9.382448
-2.0,1,9.384824
-2.0,1,9.387558
-2.0,1,9.389896
-2.0,1,9.392173
-2.0,1,9.394591
-2.0,1,9.397198
-2.0,1,9.399551
-2.0,1,9.401888
-2.0,1,9.404587
-2.0,1,9.406864
-2.0,1,9.409264
-2.0,1,9.411912
-2.0,1,9.414275
-2.0,1,9.416574
-2.0,1,9.419273
-2.0,1,9.421586
-2.0,1,9.423855
-2.0,1,9.426251
-2.0,1,9.428584
-2.0,1,9.431252
-2.0,1,9.433625
-2.0,1,9.435935
-2.0,1,9.43826
-2.0,1,9.440545
-2.0,1,9.442807
-2.0,1,9.445101
-2.0,1,9.447551
-2.0,1,9.449964
-2.0,1,9.452244
-2.0,1,9.454647
-2.0,1,9.456925
-2.0,1,9.459317
-2.0,1,9.461709
-2.0,1,9.464321
-2.0,1,9.466713
-2.0,1,9.469134
-2.0,1,9.471404
-2.0,1,9.474183
-2.0,1,9.476903
-2.0,1,9.479217
-2.0,1,9.48183
-2.0,1,9.484172
-2.0,1,9.486412
-2.0,1,9.488564
-2.0,1,9.490855
-2.0,1,9.493002
-2.0,1,9.495116
-2.0,1,9.49721
-2.0,1,9.499248
-2.0,1,9.50127
-2.0,1,9.503266
-2.0,1,9.505289
-2.0,1,9.507267
-2.0,1,9.509172
-2.0,1,9.511086
-2.0,1,9.513093
-2.0,1,9.515413
-2.0,1,9.517658
-2.0,1,9.519676
-2.0,1,9.521637
-2.0,1,9.52364
-2.0,1,9.525616
-2.0,1,9.527457
-2.0,1,9.529312
-2.0,1,9.531522
-2.0,1,9.533346
-2.0,1,9.53522
-2.0,1,9.537079
-2.0,1,9.538931
-2.0,1,9.540766
-2.0,1,9.542517
-2.0,1,9.544297
-2.0,1,9.546342
-2.0,1,9.548249
-2.0,1,9.550086
-2.0,1,9.551843
-2.0,1,9.553567
-2.0,1,9.555274
-2.0,1,9.557046
-2.0,1,9.558883
-2.0,1,9.560629
-2.0,1,9.562337
-2.0,1,9.564119
-2.0,1,9.566056
-2.0,1,9.567857
-2.0,1,9.56968
-2.0,1,9.571565
-2.0,1,9.573341
-2.0,1,9.57513
-2.0,1,9.57693
-2.0,1,9.578708
-2.0,1,9.580451
-2.0,1,9.582245
-2.0,1,9.584032
-2.0,1,9.58584
-2.0,1,9.587674
-2.0,1,9.58953
5.0,1,9.591362
-2.0,1,9.593129
-2.0,1,9.595027
-2.0,1,9.596902
-2.0,1,9.599146
-2.0,1,9.600987
-2.0,1,9.60286
-2.0,1,9.604726
-2.0,1,9.606571
-2.0,1,9.608464
-2.0,1,9.61032
-2.0,1,9.612163
-2.0,1,9.614046
-2.0,1,9.615945
-2.0,1,9.617838
-2.0,1,9.61977
-2.0,1,9.62169
-2.0,1,9.62357
-2.0,1,9.625488
-2.0,1,9.627383
-2.0,1,9.629359
-2.0,1,9.631217
-2.0,1,9.633226
-2.0,1,9.635107
-2.0,1,9.63705
-2.0,1,9.638901
-2.0,1,9.640829
-2.0,1,9.642785
-2.0,1,9.644824
-2.0,1,9.646692
-2.0,1,9.64854
-2.0,1,9.65036
-2.0,1,9.652229
-2.0,1,9.654147
-2.0,1,9.656037
-2.0,1,9.657989
-2.0,1,9.659942
-2.0,1,9.661833
-2.0,1,9.66374
-2.0,1,9.665661
-2.0,1,9.667527
-2.0,1,9.669486
-2.0,1,9.671394
-2.0,1,9.673267
-2.0,1,9.675198
-2.0,1,9.677569
-2.0,1,9.679602
-2.0,1,9.681579
-2.0,1,9.68351
-2.0,1,9.685824
-2.0,1,9.687856
-2.0,1,9.689762
-2.0,1,9.691626
-2.0,1,9.693518
-2.0,1,9.695403
-2.0,1,9.697341
-2.0,1,9.699211
-2.0,1,9.701078
-2.0,1,9.702897
-2.0,1,9.704755
-2.0,1,9.706607
-2.0,1,9.708433
-2.0,1,9.710234
-2.0,1,9.712024
-2.0,1,9.71382
-2.0,1,9.715806
-2.0,1,9.717682
-2.0,1,9.719567
-2.0,1,9.721412
-2.0,1,9.7233
-2.0,1,9.72528
-2.0,1,9.72719
-2.0,1,9.729058
-2.0,1,9.731335
-2.0,1,9.733527
-2.0,1,9.735493
-2.0,1,9.737485
-2.0,1,9.739385
-2.0,1,9.741465
-2.0,1,9.743443
-2.0,1,9.74577
-2.0,1,9.747869
-2.0,1,9.750206
-2.0,1,9.752255
-2.0,1,9.754273
-2.0,1,9.756753
-2.0,1,9.758827
-2.0,1,9.76074
-2.0,1,9.762682
-2.0,1,9.764723
-2.0,1,9.767005
-2.0,1,9.768959
-2.0,1,9.770906
-2.0,1,9.773057
-2.0,1,9.774969
-2.0,1,9.776964
-2.0,1,9.778942
-2.0,1,9.78096
-2.0,1,9.782896
-2.0,1,9.784888
-2.0,1,9.786869
-2.0,1,9.788788
-2.0,1,9.790724
-2.0,1,9.792718
-2.0,1,9.794634
-2.0,1,9.796579
-2.0,1,9.798487
-2.0,1,9.800689
-2.0,1,9.802718
-2.0,1,9.804642
-2.0,1,9.806561
-2.0,1,9.808731
-2.0,1,9.810742
-2.0,1,9.813259
-2.0,1,9.815493
-2.0,1,9.817613
-2.0,1,9.820015
-2.0,1,9.822533
-2.0,1,9.825035
-2.0,1,9.827138
-2.0,1,9.82916
-2.0,1,9.831348
-2.0,1,9.834049
-2.0,1,9.836406
-2.0,1,9.838609
-2.0,1,9.840763
-2.0,1,9.842883
-2.0,1,9.84493
-2.0,1,9.846869
-2.0,1,9.848948
-2.0,1,9.850968
-2.0,1,9.852937
-2.0,1,9.855035
-2.0,1,9.85708
-2.0,1,9.859091
-2.0,1,9.861248
-2.0,1,9.864589
-2.0,1,9.866857
-2.0,1,9.869041
-2.0,1,9.871184
-2.0,1,9.873221
-2.0,1,9.875237
-2.0,1,9.87725
-2.0,1,9.879226
-2.0,1,9.881245
-2.0,1,9.883253
-2.0,1,9.885246
-2.0,1,9.887257
-2.0,1,9.889346
-2.0,1,9.891384
-2.0,1,9.893409
-2.0,1,9.895414
-2.0,1,9.897633
-2.0,1,9.899746
-2.0,1,9.901845
-2.0,1,9.903988
-2.0,1,9.906101
-2.0,1,9.90816
-2.0,1,9.910135
-2.0,1,9.912269
-2.0,1,9.914339
-2.0,1,9.916332
-2.0,1,9.918598
-2.0,1,9.920703
-2.0,1,9.922892
-2.0,1,9.925004
-2.0,1,9.927084
-2.0,1,9.929201
-2.0,1,9.931281
-2.0,1,9.933431
-2.0,1,9.935516
-2.0,1,9.93762
-2.0,1,9.939765
-2.0,1,9.941873
-2.0,1,9.944027
-2.0,1,9.946113
-2.0,1,9.9482
-2.0,1,9.950427
-2.0,1,9.952541
-2.0,1,9.95466
-2.0,1,9.956824
-2.0,1,9.959003
-2.0,1,9.961115
-2.0,1,9.963398
-2.0,1,9.965509
-2.0,1,9.967547
-2.0,1,9.969572
-2.0,1,9.971569
-2.0,1,9.973574
-2.0,1,9.975512
-2.0,1,9.977551
-2.0,1,9.979874
-2.0,1,9.982051
-2.0,1,9.984362
-2.0,1,9.986303
-2.0,1,9.988313
-2.0,1,9.990275
-2.0,1,9.992343
-2.0,1,9.994353
-2.0,1,9.996467
-2.0,1,9.998618
-2.0,1,10.000641
-2.0,1,10.00261
-2.0,1,10.004638
5.0,1,10.00665
-2.0,1,10.008617
-2.0,1,10.010626
-2.0,1,10.012635
-2.0,1,10.014606
-2.0,1,10.016617
-2.0,1,10.018648
-2.0,1,10.020765
-2.0,1,10.022755
-2.0,1,10.024779
-2.0,1,10.027076
-2.0,1,10.029044
-2.0,1,10.031079
-2.0,1,10.03315
-2.0,1,11.488653
-2.0,1,11.490923
-2.0,1,11.493049
-2.0,1,11.495113
5.0,1,11.497319
-2.0,1,11.49945
-2.0,1,11.501516
-2.0,1,11.503537
-2.0,1,11.505585
-2.0,1,11.507629
-2.0,1,11.50972
-2.0,1,11.511812
-2.0,1,11.513939
-2.0,1,11.515986
-2.0,1,11.518083
5.0,1,11.52017
-2.0,1,11.522379
-2.0,1,11.524497
-2.0,1,11.526551
-2.0,1,11.528683
-2.0,1,11.530773
-2.0,1,11.532712
-2.0,1,11.53476
-2.0,1,11.53684
-2.0,1,11.538882
-2.0,1,11.541006
-2.0,1,11.543053
-2.0,1,11.545561
-2.0,1,11.547698
-2.0,1,11.549919
-2.0,1,11.551985
-2.0,1,11.554146
-2.0,1,11.556145
-2.0,1,11.558163
-2.0,1,11.560119
-2.0,1,11.562268
-2.0,1,11.564673
-2.0,1,11.566716
-2.0,1,11.568735
-2.0,1,11.570788
-2.0,1,11.572818
5.0,1,11.574903
-2.0,1,11.57687
-2.0,1,11.579456
-2.0,1,11.581762
-2.0,1,11.583888
-2.0,1,11.586028
5.0,1,11.588235
-2.0,1,11.590578
5.0,1,11.592897
-2.0,1,11.595161
-2.0,1,11.59746
-2.0,1,11.599778
-2.0,1,11.601963
-2.0,1,11.604261
-2.0,1,11.606432
-2.0,1,11.608759
-2.0,1,11.611014
-2.0,1,11.613153
-2.0,1,11.615336
-2.0,1,11.617545
-2.0,1,11.619733
-2.0,1,11.621927
-2.05,2,11.626223
-2.0,1,11.628415
-2.0,1,11.630582
-2.0,1,11.632897
-2.0,1,11.63508
-2.0,1,11.637206
-2.0,1,11.639373
-2.0,1,11.641517
-2.0,1,11.643679
-2.0,1,11.645807
-2.0,1,11.647983
-2.0,1,11.650377
-2.0,1,11.652758
-2.0,1,11.655079
-2.0,1,11.657349
-2.0,1,11.659503
-2.0,1,11.662072
-2.0,1,11.664283
-2.0,1,11.666544
5.0,1,11.668899
-2.0,1,11.671143
-2.0,1,11.67336
-2.0,1,11.675644
-2.0,1,11.677837
-2.05,2,11.682254
-2.0,1,11.684381
-2.0,1,11.686528
-2.0,1,11.688656
-2.0,1,11.691251
-2.0,1,11.693328
-2.0,1,11.695425
-2.0,1,11.697649
-2.0,1,11.699926
-2.0,1,11.702169
-2.0,1,11.704263
5.0,1,11.706493
-2.0,1,11.708698
-2.0,1,11.710856
-2.0,1,11.713027
-2.0,1,11.715329
-2.0,1,11.717469
-2.0,1,11.719707
-2.0,1,11.721885
-2.0,1,11.724075
-2.0,1,11.726347
-2.0,1,11.728561
5.0,1,11.730892
-2.0,1,11.733764
-2.0,1,11.736102
-2.0,1,11.738369
-2.0,1,11.7405
-2.0,1,11.742991
-2.0,1,11.745159
-2.0,1,11.747601
5.0,1,11.749849
-2.0,1,11.752033
5.0,1,11.754243
5.0,1,11.756313
-2.0,1,11.758686
-2.0,1,11.760845
-2.0,1,11.763045
-2.0,1,11.765249
-2.0,1,11.767411
-2.0,1,11.769518
-2.0,1,11.771661
-2.0,1,11.77386
-2.0,1,11.775997
-2.0,1,11.778214
-2.0,1,11.780376
-2.0,1,11.782737
-2.0,1,11.784866
-2.0,1,11.786999
-2.0,1,11.789185
-2.0,1,11.791281
-2.0,1,11.793437
-2.0,1,11.795585
-2.0,1,11.798006
-2.0,1,11.800186
-2.0,1,11.80234
-2.0,1,11.804507
-2.0,1,11.806666
-2.0,1,11.809021
-2.0,1,11.811189
-2.0,1,11.813325
-2.0,1,11.815675
-2.0,1,11.817837
-2.0,1,11.820125
-2.0,1,11.822375
-2.0,1,11.824625
-2.0,1,11.826893
-2.0,1,11.8291
-2.0,1,11.831421
-2.0,1,11.833551
-2.0,1,11.835666
-2.0,1,11.837786
5.0,1,11.839956
-2.0,1,11.842219
-2.0,1,11.84433
-2.0,1,11.846445
-2.0,1,11.848549
-2.0,1,11.850659
-2.0,1,11.852821
-2.0,1,11.854936
-2.0,1,11.857055
5.0,1,11.85923
-2.0,1,11.861394
-2.0,1,11.863748
5.0,1,11.86596
-2.0,1,11.868067
-2.0,1,11.870169
5.0,1,11.872337
-2.0,1,11.874461
-2.0,1,11.876593
-2.0,1,11.878724
-2.0,1,11.880875
-2.0,1,11.882951
-2.0,1,11.885211
-2.0,1,11.887328
-2.0,1,11.889441
-2.0,1,11.891538
-2.0,1,11.893662
-2.0,1,11.895767
-2.0,1,11.897965
-2.0,1,11.90017
-2.0,1,11.902399
-2.0,1,11.904659
-2.0,1,11.907116
-2.0,1,11.909302
-2.0,1,11.911466
-2.0,1,11.913602
-2.0,1,11.915811
-2.0,1,11.918098
-2.0,1,11.920327
-2.0,1,11.922534
-2.0,1,11.924834
-2.0,1,11.926986
-2.0,1,11.929206
-2.0,1,11.93141
-2.0,1,11.933684
-2.0,1,11.935809
-2.0,1,11.937983
-2.0,1,11.940188
-2.0,1,11.942431
-2.0,1,11.944631
-2.0,1,11.946818
5.0,1,11.949523
-2.0,1,11.951828
-2.0,1,11.954265
-2.0,1,11.956616
-2.0,1,11.959017
-2.0,1,11.961318
-2.0,1,11.96359
-2.0,1,11.96592
-2.0,1,11.968517
-2.0,1,11.970794
-2.0,1,11.97328
-2.0,1,11.975583
5.0,1,11.978007
-2.0,1,11.980392
-2.0,1,11.982804
-2.0,1,11.985196
-2.0,1,11.987663
-2.0,1,11.989984
-2.0,1,11.992567
-2.0,1,11.994919
-2.0,1,11.997243
-2.0,1,11.999511
-2.0,1,12.001883
-2.0,1,12.004195
-2.0,1,12.006757
-2.0,1,12.009136
-2.0,1,12.011436
5.0,1,12.01381
-2.0,1,12.01619
-2.0,1,12.018478
-2.0,1,12.020774
-2.0,1,12.023102
-2.0,1,12.025424
-2.0,1,12.027699
-2.0,1,12.030039
-2.0,1,12.032456
-2.0,1,12.034998
-2.0,1,12.037273
-2.0,1,12.039514
-2.0,1,12.041769
-2.0,1,12.044013
-2.0,1,12.046265
-2.0,1,12.048819
-2.0,1,12.051165
-2.0,1,12.053508
-2.0,1,12.055785
-2.0,1,12.058079
-2.0,1,12.060487
-2.0,1,12.062971
-2.0,1,12.065311
-2.0,1,12.067651
-2.0,1,12.070169
-2.0,1,12.072404
-2.0,1,12.075712
-2.0,1,12.078008
-2.0,1,12.080194
-2.0,1,12.082428
-2.0,1,12.084641
-2.0,1,12.086896
-2.0,1,12.089198
-2.0,1,12.091413
-2.0,1,12.093668
-2.0,1,12.095894
-2.0,1,12.098124
-2.0,1,12.100445
-2.0,1,12.102794
5.0,1,12.105157
-2.0,1,12.107392
-2.0,1,12.109704
-2.0,1,12.111977
-2.0,1,12.114292
-2.0,1,12.116635
-2.0,1,12.118914
-2.0,1,12.121279
-2.0,1,12.123491
-2.0,1,12.125698
-2.0,1,12.1278
-2.0,1,12.129951
-2.0,1,12.132052
-2.0,1,12.134255
-2.0,1,12.136406
-2.0,1,12.138599
-2.0,1,12.140741
-2.0,1,12.142835
-2.0,1,12.145005
-2.0,1,12.147259
-2.0,1,12.149476
-2.0,1,12.15172
-2.0,1,12.153859
-2.0,1,12.156236
-2.0,1,12.158733
-2.0,1,12.161097
-2.0,1,12.163337
-2.0,1,12.165552
-2.0,1,12.167753
-2.0,1,12.169902
-2.0,1,12.172076
-2.0,1,12.174239
-2.0,1,12.176388
-2.0,1,12.178589
-2.0,1,12.180851
-2.0,1,12.183183
-2.0,1,12.185361
-2.0,1,12.187603
-2.0,1,12.189778
-2.0,1,12.191923
-2.0,1,12.194111
-2.0,1,12.196256
-2.0,1,12.198482
-2.0,1,12.200792
5.0,1,12.203066
-2.0,1,12.205332
-2.0,1,12.207442
-2.0,1,12.209593
-2.0,1,12.211693
-2.0,1,12.213856
-2.0,1,12.215986
-2.0,1,12.218103
-2.0,1,12.220247
-2.0,1,12.222374
-2.0,1,12.224592
-2.0,1,12.226785
-2.0,1,12.228955
-2.0,1,12.231086
-2.0,1,12.233248
-2.0,1,12.235419
-2.0,1,12.237616
-2.0,1,12.239744
-2.0,1,12.241916
-2.0,1,12.244114
-2.0,1,12.2464
-2.0,1,12.248557
-2.0,1,12.2507
-2.0,1,12.252928
-2.0,1,12.255207
-2.0,1,12.257393
-2.0,1,12.259526
-2.0,1,12.261664
-2.0,1,12.263761
-2.0,1,12.266075
-2.0,1,12.268417
5.0,1,12.270636
-2.0,1,12.272708
-2.0,1,12.274821
-2.0,1,12.276948
-2.0,1,12.279052
-2.0,1,12.281222
-2.0,1,12.283495
-2.0,1,12.285693
-2.0,1,12.287844
-2.0,1,12.2902
-2.0,1,12.292344
-2.0,1,12.294452
-2.0,1,12.296632
-2.0,1,12.298875
-2.0,1,12.301134
-2.0,1,12.303475
-2.0,1,12.305682
-2.0,1,12.307803
-2.0,1,12.309934
-2.0,1,12.312047
-2.0,1,12.314203
-2.0,1,12.316332
-2.0,1,12.318509
-2.0,1,12.320733
5.0,1,12.322955
-2.0,1,12.32521
-2.0,1,12.327354
-2.0,1,12.32953
-2.0,1,12.331825
-2.0,1,12.334112
-2.0,1,12.336358
-2.0,1,12.338562
-2.0,1,12.340835
-2.0,1,12.342945
-2.0,1,12.345156
-2.0,1,12.347291
-2.0,1,12.349398
-2.0,1,12.351546
-2.0,1,12.353606
-2.0,1,12.355829
-2.0,1,12.357985
-2.0,1,12.36012
-2.0,1,12.362328
-2.0,1,12.364597
-2.0,1,12.366868
-2.0,1,12.369088
-2.0,1,12.37128
-2.0,1,12.373542
-2.0,1,12.375669
-2.0,1,12.377859
-2.0,1,12.380103
-2.0,1,12.382276
-2.0,1,12.384471
-2.0,1,12.386589
-2.0,1,12.388793
-2.0,1,12.39095
-2.0,1,12.393115
-2.0,1,12.395228
-2.0,1,12.397467
-2.0,1,12.399619
-2.0,1,12.401781
-2.0,1,12.403958
-2.0,1,12.406112
-2.0,1,12.40847
-2.0,1,12.410618
-2.0,1,12.412781
-2.0,1,12.414879
-2.0,1,12.417053
-2.0,1,12.419255
-2.0,1,12.421438
-2.0,1,12.423571
-2.0,1,12.425706
-2.0,1,12.427818
-2.0,1,12.430003
-2.0,1,12.43217
-2.0,1,12.434308
-2.0,1,12.436407
-2.0,1,12.438567
-2.0,1,12.440691
-2.0,1,12.442809
-2.0,1,12.444958
-2.0,1,12.447059
-2.0,1,12.449242
-2.0,1,12.451335
-2.0,1,12.453469
5.0,1,12.455621
-2.0,1,12.457681
-2.0,1,12.459879
-2.0,1,12.462128
-2.0,1,12.464277
-2.0,1,12.466503
-2.0,1,12.468619
-2.0,1,12.470718
-2.0,1,12.472805
-2.0,1,12.474908
-2.0,1,12.477034
-2.0,1,12.479158
-2.0,1,12.48127
5.0,1,12.48344
-2.0,1,12.485565
-2.0,1,12.487665
-2.0,1,12.489775
-2.0,1,12.491863
-2.0,1,12.493986
-2.0,1,12.496094
-2.0,1,12.498208
-2.0,1,12.500304
5.0,1,12.502562
-2.0,1,12.504679
-2.0,1,12.506772
-2.0,1,12.508871
-2.0,1,12.51097
-2.0,1,12.513078
-2.0,1,12.515172
-2.0,1,12.517281
-2.0,1,12.519382
-2.0,1,12.521512
-2.0,1,12.523643
-2.0,1,12.52577
-2.0,1,12.527873
-2.0,1,12.52999
-2.0,1,12.532095
-2.0,1,12.534232
-2.0,1,12.536331
-2.0,1,12.53849
-2.0,1,12.540608
-2.0,1,12.542767
-2.0,1,12.544909
-2.0,1,12.547046
-2.0,1,12.549136
-2.0,1,12.551255
-2.0,1,12.553369
-2.0,1,12.555471
-2.0,1,12.557575
-2.0,1,12.559677
-2.0,1,12.561785
-2.0,1,12.563879
-2.0,1,12.565985
-2.0,1,12.568081
-2.0,1,12.570182
-2.0,1,12.572268
-2.0,1,12.574388
-2.0,1,12.576495
-2.0,1,12.578565
-2.0,1,12.580745
-2.0,1,12.582917
5.0,1,12.585044
-2.0,1,12.587156
-2.0,1,12.589395
-2.0,1,12.591509
-2.0,1,12.593637
-2.0,1,12.595759
-2.0,1,12.597915
-2.0,1,12.600023
-2.0,1,12.602242
-2.0,1,12.604435
-2.0,1,12.606549
-2.0,1,12.608711
-2.0,1,12.610795
-2.0,1,12.612896
-2.0,1,12.615019
5.0,1,14.154651
-2.0,1,14.157008
-2.0,1,14.159219
-2.0,1,14.161474
-2.0,1,14.163613
-2.0,1,14.165874
5.0,1,14.168561
5.0,1,14.17072
-2.0,1,14.172967
-2.0,1,14.175122
5.0,1,14.17739
-2.0,1,14.179517
-2.0,1,14.18169
-2.0,1,14.184009
-2.0,1,14.186261
-2.0,1,14.188708
-2.0,1,14.190854
-2.0,1,14.193383
-2.0,1,14.195614
-2.0,1,14.197784
-2.0,1,14.199995
5.0,1,14.202353
5.0,1,14.204554
-2.0,1,14.206786
-2.0,1,14.208985
-2.0,1,14.211159
-2.0,1,14.213337
5.0,1,14.215515
-2.0,1,14.21767
-2.0,1,14.220229
-2.0,1,14.222398
-2.0,1,14.22458
-2.0,1,14.22695
-2.0,1,14.229158
-2.0,1,14.231293
-2.0,1,14.233431
-2.0,1,14.235574
-2.0,1,14.237731
-2.0,1,14.239897
-2.0,1,14.242166
-2.0,1,14.244411
-2.0,1,14.246597
-2.0,1,14.248836
-2.0,1,14.251065
5.0,1,14.2534
-2.0,1,14.255551
-2.0,1,14.257752
5.0,1,14.259973
5.0,1,14.262179
-2.0,1,14.26429
-2.0,1,14.266706
-2.0,1,14.269062
-2.0,1,14.271374
-2.0,1,14.273832
-2.0,1,14.276208
5.0,1,14.278757
-2.0,1,14.281061
5.0,1,14.283442
-2.0,1,14.285804
4.75,2,14.290573
-2.0,1,14.292884
-2.0,1,14.295408
-2.0,1,14.29773
-2.0,1,14.299993
-2.0,1,14.302334
-2.0,1,14.304825
-2.0,1,14.307194
-2.0,1,14.309558
-2.0,1,14.311878
-2.0,1,14.31434
-2.0,1,14.31679
-2.0,1,14.319188
-2.0,1,14.321582
-2.0,1,14.323903
-2.0,1,14.326233
-2.0,1,14.328566
-2.0,1,14.3309
-2.0,1,14.33322
-2.0,1,14.335674
-2.0,1,14.338054
-2.0,1,14.340308
-2.0,1,14.34258
-2.0,1,14.344862
-2.0,1,14.347168
-2.0,1,14.349503
-2.0,1,14.35177
5.0,1,14.354102
-2.0,1,14.356351
5.0,1,14.358755
-2.0,1,14.361015
-2.0,1,14.363392
-2.0,1,14.365681
-2.0,1,14.367957
-2.0,1,14.370389
-2.0,1,14.372627
-2.0,1,14.374861
-2.0,1,14.3771
-2.0,1,14.379442
-2.0,1,14.381878
-2.0,1,14.384197
-2.0,1,14.386447
-2.0,1,14.388708
5.0,1,14.390979
-2.0,1,14.393176
-2.0,1,14.395423
-2.0,1,14.397719
-2.0,1,14.39995
-2.0,1,14.402213
-2.0,1,14.404622
-2.0,1,14.406883
-2.0,1,14.409141
-2.0,1,14.411402
-2.0,1,14.41396
-2.0,1,14.416668
-2.0,1,14.418968
-2.0,1,14.421381
-2.0,1,14.423697
-2.0,1,14.426006
5.0,1,14.428377
-2.0,1,14.43059
-2.0,1,14.432842
-2.0,1,14.435073
-2.0,1,14.437342
-2.0,1,14.439716
-2.0,1,14.442025
-2.0,1,14.444343
5.0,1,14.446685
-2.0,1,14.448884
5.0,1,14.451239
-2.0,1,14.453452
-2.0,1,14.455822
-2.0,1,14.458206
-2.0,1,14.460618
-2.0,1,14.462875
-2.0,1,14.465336
5.0,1,14.467893
-2.0,1,14.470134
-2.0,1,14.472395
-2.0,1,14.474716
-2.0,1,14.476935
-2.0,1,14.479451
-2.0,1,14.481845
-2.0,1,14.484162
5.0,1,14.486597
-2.0,1,14.488943
-2.0,1,14.491287
-2.0,1,14.493591
-2.0,1,14.495972
5.0,1,14.498384
5.0,1,14.500766
5.0,1,14.503163
5.0,1,14.505528
-2.0,1,14.507799
-2.0,1,14.50996
-2.0,1,14.512289
-2.0,1,14.514513
5.0,1,14.516876
-2.0,1,14.519085
-2.0,1,14.521299
-2.0,1,14.523519
-2.0,1,14.525766
-2.0,1,14.528013
-2.0,1,14.530242
-2.0,1,14.532428
-2.0,1,14.534843
-2.0,1,14.537063
-2.0,1,14.539252
-2.0,1,14.541503
-2.0,1,14.543689
-2.0,1,14.545928
-2.0,1,14.548163
-2.0,1,14.550415
-2.0,1,14.552623
5.0,1,14.554846
-2.0,1,14.557031
-2.0,1,14.559199
5.0,1,14.561429
5.0,1,14.563579
-2.0,1,14.565833
-2.0,1,14.567929
-2.0,1,14.570082
-2.0,1,14.572257
-2.0,1,14.574393
-2.0,1,14.576451
5.0,1,14.578658
-2.0,1,14.580812
-2.0,1,14.58294
-2.0,1,14.585101
5.0,1,14.587364
-2.0,1,14.589511
-2.0,1,14.59164
-2.0,1,14.593809
-2.0,1,14.595991
-2.0,1,14.598166
-2.0,1,14.600311
-2.0,1,14.602532
-2.0,1,14.604718
-2.0,1,14.606914
-2.0,1,14.609118
5.0,1,14.611342
-2.0,1,14.613541
-2.0,1,14.615722
-2.0,1,14.617926
-2.0,1,14.620089
-2.0,1,14.622406
-2.0,1,14.624669
-2.0,1,14.626843
-2.0,1,14.629007
-2.0,1,14.631195
-2.0,1,14.63335
5.0,1,14.635615
-2.0,1,14.637803
-2.0,1,14.639967
-2.0,1,14.642184
-2.0,1,14.64434
-2.0,1,14.6465
-2.0,1,14.648684
-2.0,1,14.650879
-2.0,1,14.653065
-2.0,1,14.655224
-2.0,1,14.657401
-2.0,1,14.659602
-2.0,1,14.661837
-2.0,1,14.663996
-2.0,1,14.666231
-2.0,1,14.668363
-2.0,1,14.670615
5.0,1,14.672834
-2.0,1,14.674965
-2.0,1,14.67725
-2.0,1,14.679332
-2.0,1,14.681703
-2.0,1,14.683848
-2.0,1,14.686052
-2.0,1,14.688213
-2.0,1,14.690364
-2.0,1,14.692531
-2.0,1,14.694702
-2.0,1,14.696846
-2.0,1,14.698977
-2.0,1,14.70113
5.0,1,14.703314
-2.0,1,14.705467
-2.0,1,14.707632
-2.0,1,14.709843
-2.0,1,14.712046
-2.0,1,14.714222
-2.0,1,14.716411
-2.0,1,14.718664
-2.0,1,14.720918
5.0,1,14.723113
-2.0,1,14.725328
-2.0,1,14.727537
-2.0,1,14.729743
-2.0,1,14.73194
-2.0,1,14.734275
-2.0,1,14.736523
-2.0,1,14.738729
-2.0,1,14.740947
-2.0,1,14.74314
-2.0,1,14.745366
-2.0,1,14.747625
5.0,1,14.749956
-2.0,1,14.752118
-2.0,1,14.754327
-2.0,1,14.756584
5.0,1,14.758766
-2.0,1,14.760903
-2.0,1,14.763301
-2.0,1,14.765435
-2.0,1,14.7676
-2.0,1,14.769796
-2.0,1,14.771933
-2.0,1,14.774119
-2.0,1,14.77626
5.0,1,14.778477
-2.0,1,14.78063
-2.0,1,14.782763
-2.0,1,14.784962
-2.0,1,14.787103
5.0,1,14.789312
-2.0,1,14.79144
-2.0,1,14.793599
-2.0,1,14.795752
-2.0,1,14.797976
-2.0,1,14.800108
-2.0,1,14.802261
-2.0,1,14.804392
-2.0,1,14.806568
-2.0,1,14.809057
-2.0,1,14.811829
-2.0,1,14.814558
-2.0,1,14.817249
5.0,1,14.819984
-2.0,1,14.82264
5.0,1,14.825365
-2.0,1,14.827944
-2.0,1,14.830884
-2.0,1,14.83362
-2.0,1,14.836315
-2.0,1,14.839048
-2.0,1,14.841857
-2.0,1,14.844116
-2.0,1,14.846182
-2.0,1,14.848396
-2.0,1,14.850583
5.0,1,14.852847
-2.0,1,14.854925
-2.0,1,14.857181
-2.0,1,14.859318
-2.0,1,14.861553
-2.0,1,14.863809
-2.0,1,14.866032
-2.0,1,14.868171
-2.0,1,14.870364
-2.0,1,14.87253
-2.0,1,14.874654
5.0,1,14.876913
5.0,1,14.879131
5.0,1,14.88134
-2.0,1,14.883549
-2.0,1,14.885751
-2.0,1,14.887883
-2.0,1,14.890058
-2.0,1,14.89225
-2.0,1,14.894407
-2.0,1,14.896655
-2.0,1,14.898789
-2.0,1,14.900932
-2.0,1,14.903058
-2.0,1,14.905211
5.0,1,14.907414
-2.0,1,14.909565
-2.0,1,14.911759
-2.0,1,14.913939
-2.0,1,14.916132
-2.0,1,14.918455
-2.0,1,14.920696
-2.0,1,14.922928
-2.0,1,14.92519
-2.0,1,14.92743
-2.0,1,14.929665
5.0,1,14.931898
-2.0,1,14.934192
-2.0,1,14.936479
-2.0,1,14.938735
-2.0,1,14.941
-2.0,1,14.943144
-2.0,1,14.945529
-2.0,1,14.947761
-2.0,1,14.950003
-2.0,1,14.952217
-2.0,1,14.954428
-2.0,1,14.956674
-2.0,1,14.958935
-2.0,1,14.961181
-2.0,1,14.963383
-2.0,1,14.965702
-2.0,1,14.967957
-2.0,1,14.97026
-2.0,1,14.972522
-2.0,1,14.974778
-2.0,1,14.977115
-2.0,1,14.979388
-2.0,1,14.981605
-2.0,1,14.983948
5.0,1,14.986269
-2.0,1,14.988416
-2.0,1,14.990686
-2.0,1,14.994675
-2.0,1,14.99687
-2.0,1,14.999085
-2.0,1,15.001283
-2.0,1,15.003559
-2.0,1,15.006046
-2.0,1,15.008282
5.0,1,15.01056
-2.0,1,15.012685
-2.0,1,15.014937
5.0,1,15.017112
-2.0,1,15.019444
-2.0,1,15.021616
-2.0,1,15.023774
-2.0,1,15.026055
-2.0,1,15.028363
-2.0,1,15.030569
-2.0,1,15.032841
-2.0,1,15.035082
-2.0,1,15.037356
-2.0,1,15.039546
-2.0,1,15.041775
-2.0,1,15.043999
-2.0,1,15.046348
-2.0,1,15.048625
-2.0,1,15.050747
-2.0,1,15.052956
-2.0,1,15.055249
-2.0,1,15.057582
-2.0,1,15.059735
-2.0,1,15.062016
-2.0,1,15.064277
-2.0,1,15.066709
-2.0,1,15.068898
-2.0,1,15.071066
-2.0,1,15.073268
-2.0,1,15.075415
-2.0,1,15.077594
-2.0,1,15.079842
-2.0,1,15.08211
-2.0,1,15.084341
5.0,1,15.086569
5.0,1,15.088741
5.0,1,15.090949
-2.0,1,15.093085
-2.0,1,15.095293
-2.0,1,15.097454
-2.0,1,15.099633
-2.0,1,15.101767
-2.0,1,15.104047
5.0,1,15.106843
-2.0,1,15.108954
5.0,1,15.111424
5.0,1,15.113616
-2.0,1,15.115795
-2.0,1,15.117997
5.0,1,15.120285
-2.0,1,15.122453
-2.0,1,15.12467
-2.0,1,15.126806
-2.0,1,15.128959
-2.0,1,15.131151
-2.0,1,15.133329
-2.0,1,15.135628
-2.0,1,15.137824
-2.0,1,15.13996
-2.0,1,15.142112
-2.0,1,15.144282
-2.0,1,15.146466
-2.0,1,15.148725
-2.0,1,15.150934
-2.0,1,15.153128
-2.0,1,15.15538
-2.0,1,15.157543
-2.0,1,15.159738
-2.0,1,15.162022
-2.0,1,15.164159
-2.0,1,15.166432
-2.0,1,15.168592
-2.0,1,15.170779
5.0,1,15.173003
-2.0,1,15.175212
-2.05,2,15.179658
-2.0,1,15.181901
-2.0,1,15.184102
-2.0,1,15.186296
-2.0,1,15.188475
-2.0,1,15.19096
-2.0,1,15.193164
-2.0,1,15.195474
-2.0,1,15.197645
-2.0,1,15.199956
-2.0,1,15.202255
-2.0,1,15.204661
5.0,1,15.207009
-2.0,1,15.209759
-2.0,1,15.213061
5.0,1,15.215694
-2.0,1,15.21841
-2.0,1,15.22139
-2.0,1,15.223729
-2.0,1,15.22621
-2.0,1,15.228472
-2.0,1,15.230759
-2.0,1,15.233311
-2.0,1,15.235639
5.0,1,15.238451
-2.0,1,15.241297
5.0,1,15.243946
-2.0,1,15.246443
-2.0,1,15.249409
-2.0,1,15.252393
5.0,1,15.255485
-2.0,1,15.257938
-2.0,1,15.260617
-2.0,1,15.263693
-2.0,1,15.266214
-2.0,1,15.268752
-2.0,1,15.271728
5.0,1,15.27429
-2.0,1,15.276668
5.0,1,15.279185
-2.0,1,15.281593
-2.0,1,15.284051
-2.0,1,15.286591
-2.0,1,15.289664
-2.0,1,15.292232
5.0,1,15.295388
-2.0,1,15.298016
5.0,1,15.300747
-2.0,1,15.303683
-2.0,1,15.306121
-2.0,1,15.308986
-2.0,1,15.311438
5.0,1,15.314521
-2.0,1,15.317198
-2.0,1,15.319884
-2.0,1,15.32245
-2.0,1,15.325001
-2.0,1,15.32753
-2.0,1,15.330228
5.0,1,16.83219
-2.0,1,16.834569
5.0,1,16.836905
5.0,1,16.839193
5.0,1,16.841449
-2.0,1,16.843654
5.0,1,16.845945
-2.0,1,16.84816
-2.0,1,16.85039
-2.0,1,16.85266
-2.0,1,16.85492
-2.0,1,16.857197
-2.0,1,16.859494
-2.0,1,16.861747
-2.0,1,16.863938
-2.0,1,16.866168
5.0,1,16.868584
5.0,1,16.870818
5.0,1,16.873075
-2.0,1,16.875281
5.0,1,16.877599
-2.0,1,16.87976
-2.0,1,16.881977
-2.0,1,16.884264
-2.0,1,16.886481
5.0,1,16.888725
-2.0,1,16.890877
5.0,1,16.893223
-2.0,1,16.89541
5.0,1,16.897752
-2.0,1,16.899919
-2.0,1,16.902159
-2.0,1,16.904361
5.0,1,16.906706
-2.0,1,16.908923
5.0,1,16.911168
-2.0,1,16.913346
-2.0,1,16.915587
-2.0,1,16.917819
-2.0,1,16.920018
-2.0,1,16.922318
-2.0,1,16.924524
5.0,1,16.926794
5.0,1,16.929022
5.0,1,16.93121
5.0,1,16.933486
5.0,1,16.935739
-2.0,1,16.937955
-2.0,1,16.940196
-2.0,1,16.942499
5.0,1,16.944793
-2.0,1,16.946977
-2.0,1,16.949284
-2.0,1,16.951507
5.0,1,16.953837
-2.0,1,16.956033
-2.0,1,16.958305
5.0,1,16.960594
5.0,1,16.962846
-2.0,1,16.965056
5.0,1,16.967405
-2.0,1,16.96963
-2.0,1,16.971905
-2.0,1,16.974193
-2.0,1,16.976483
5.0,1,16.978775
-2.0,1,16.980976
5.0,1,16.983314
-2.0,1,16.985503
-2.0,1,16.98769
-2.0,1,16.989992
-2.0,1,16.99227
5.0,1,16.994618
-2.0,1,16.996818
-2.0,1,16.999114
-2.0,1,17.001437
5.0,1,17.00374
-2.0,1,17.005972
-2.0,1,17.008216
-2.0,1,17.010487
-2.0,1,17.012753
-2.0,1,17.015067
-2.0,1,17.017341
-2.0,1,17.019631
5.0,1,17.021962
-2.0,1,17.024206
-2.0,1,17.026482
-2.0,1,17.02877
5.0,1,17.03108
5.0,1,17.033399
5.0,1,17.035671
5.0,1,17.037851
-2.0,1,17.039953
-2.0,1,17.042083
5.0,1,17.044329
-2.0,1,17.046408
-2.0,1,17.048585
-2.0,1,17.05081
-2.0,1,17.052969
5.0,1,17.055134
-2.0,1,17.057231
-2.0,1,17.059334
-2.0,1,17.061449
-2.0,1,17.063627
5.0,1,17.065842
-2.0,1,17.068185
-2.0,1,17.070387
5.0,1,17.072721
5.0,1,17.07484
-2.0,1,17.076926
5.0,1,17.079119
-2.0,1,17.081249
-2.0,1,17.083378
-2.0,1,17.085499
-2.0,1,17.087596
-2.0,1,17.089689
5.0,1,17.091774
-2.0,1,17.093858
-2.0,1,17.095951
-2.05,2,17.100183
-2.0,1,17.102247
5.0,1,17.104352
-2.0,1,17.10638
-2.0,1,17.108468
5.0,1,17.110931
5.0,1,17.113061
-2.0,1,17.115072
-2.0,1,17.117154
-2.0,1,17.119262
-2.0,1,17.121359
5.0,1,17.123652
5.0,1,17.125723
-2.0,1,17.127734
-2.0,1,17.129836
5.0,1,17.13192
-2.0,1,17.133953
5.0,1,17.136069
-2.0,1,17.138145
5.0,1,17.140247
-2.0,1,17.142308
-2.0,1,17.144438
5.0,1,17.146562
-2.0,1,17.148603
-2.0,1,17.150685
-2.0,1,17.153055
-2.0,1,17.15517
-2.0,1,17.157334
5.0,1,17.159481
-2.05,2,17.163743
-2.0,1,17.165867
-2.0,1,17.167955
-2.0,1,17.170054
5.0,1,17.172183
5.0,1,17.174316
-2.0,1,17.176379
-2.0,1,17.178534
-2.0,1,17.180659
-2.0,1,17.182762
-2.0,1,17.184914
5.0,1,17.187093
5.0,1,17.189194
-2.0,1,17.191262
-2.0,1,17.193387
-2.0,1,17.195798
5.0,1,17.198028
-2.0,1,17.200118
5.0,1,17.202282
-2.0,1,17.204381
5.0,1,17.206491
-2.0,1,17.208648
-2.0,1,17.210697
5.0,1,17.212827
-2.0,1,17.214882
-2.0,1,17.216959
-2.0,1,17.219053
-2.0,1,17.221138
-2.0,1,17.223189
5.0,1,17.225327
5.0,1,17.227437
-2.0,1,17.22948
-2.0,1,17.231555
-2.0,1,17.23368
5.0,1,17.23581
-2.0,1,17.238031
-2.0,1,17.240295
5.0,1,17.242526
-2.0,1,17.24454
-2.0,1,17.24662
-2.0,1,17.248749
-2.0,1,17.25088
-2.0,1,17.253129
-2.0,1,17.25516
-2.0,1,17.257284
-2.0,1,17.259355
-2.0,1,17.26146
-2.0,1,17.263539
-2.0,1,17.265646
-2.0,1,17.267699
-2.0,1,17.269852
5.0,1,17.272108
-2.0,1,17.274228
5.0,1,17.276483
-2.0,1,17.278531
-2.0,1,17.280941
-2.0,1,17.283525
-2.0,1,17.286033
-2.0,1,17.288594
-2.0,1,17.291378
-2.0,1,17.294008
-2.0,1,17.296542
5.0,1,17.298929
-2.0,1,17.30152
-2.0,1,17.303773
-2.0,1,17.306077
5.0,1,17.308415
5.0,1,17.310597
-2.0,1,17.312663
-2.0,1,17.314812
-2.0,1,17.317086
-2.0,1,17.319164
-2.0,1,17.321272
-2.0,1,17.323797
-2.0,1,17.32617
-2.0,1,17.328266
5.0,1,17.330615
-2.0,1,17.332694
-2.0,1,17.334816
5.0,1,17.336978
-2.0,1,17.339017
-2.0,1,17.34143
-2.0,1,17.343546
-2.0,1,17.345698
-2.0,1,17.347912
-2.0,1,17.350043
-2.0,1,17.352166
-2.05,2,17.356342
5.0,1,17.358562
-2.0,1,17.360782
5.0,1,17.363052
-2.0,1,17.365374
-2.0,1,17.367645
5.0,1,17.369846
-2.0,1,17.371958
5.0,1,17.374147
5.0,1,17.376261
-2.0,1,17.378404
5.0,1,17.380688
-2.0,1,17.382755
-2.0,1,17.384928
-2.0,1,17.387115
-2.0,1,17.389258
-2.0,1,17.391353
-2.0,1,17.393649
-2.0,1,17.395791
-2.0,1,17.397994
-2.0,1,17.400129
-2.0,1,17.402342
-2.0,1,17.404479
-2.05,2,17.408897
-2.0,1,17.411146
-2.0,1,17.41328
5.0,1,17.415419
-2.0,1,17.417474
5.0,1,17.419657
-2.0,1,17.421771
-2.0,1,17.424031
-2.0,1,17.426155
5.0,1,17.428308
4.75,2,17.432523
5.0,1,17.43461
-2.0,1,17.436694
-2.0,1,17.438841
-2.0,1,17.441013
-2.0,1,17.44312
-2.0,1,17.445235
-2.0,1,17.447333
4.75,2,17.451713
5.0,1,17.453827
5.0,1,17.455924
-2.0,1,17.457983
-2.0,1,17.460078
-2.0,1,17.46218
-2.0,1,17.464325
5.0,1,17.466551
-2.0,1,17.468655
-2.0,1,17.470777
-2.0,1,17.472928
5.0,1,17.475115
-2.0,1,17.477115
5.0,1,17.479208
-2.0,1,17.481232
-2.0,1,17.483287
5.0,1,17.485416
-2.0,1,17.487458
-2.0,1,17.489533
5.0,1,17.491623
-2.0,1,17.4938
5.0,1,17.495971
-2.0,1,17.498018
-2.0,1,17.500088
5.0,1,17.502228
5.0,1,17.504311
-2.0,1,17.506338
-2.0,1,17.508399
-2.05,2,17.51262
-2.0,1,17.514706
-2.0,1,17.516879
5.0,1,17.519006
-2.0,1,17.521047
-2.0,1,17.523145
5.0,1,17.525251
-2.0,1,17.527243
-2.0,1,17.529323
-2.0,1,17.531488
-2.0,1,17.533559
-2.0,1,17.535597
-2.05,2,17.539849
5.0,1,17.542007
5.0,1,17.544064
5.0,1,17.546152
5.0,1,17.548238
-2.0,1,17.550317
-2.0,1,17.552381
-2.0,1,17.554514
-2.0,1,17.556696
5.0,1,17.558792
5.0,1,17.560951
-2.0,1,17.563002
-2.0,1,17.565145
-2.0,1,17.567219
-2.0,1,17.569289
-2.0,1,17.571375
-2.0,1,17.573537
-2.0,1,17.575655
-2.0,1,17.577775
-2.0,1,17.580085
-2.0,1,17.582088
-2.0,1,17.584136
-2.0,1,17.586264
-2.0,1,17.588361
4.75,2,17.592781
5.0,1,17.594897
-2.0,1,17.597043
-2.0,1,17.59909
-2.0,1,17.601602
5.0,1,17.603814
5.0,1,17.605963
-2.0,1,17.607953
-2.0,1,17.610056
-2.0,1,17.612107
-2.0,1,17.61425
-2.0,1,17.616459
-2.05,2,17.62089
-2.0,1,17.623204
-2.0,1,17.625355
-2.0,1,17.627481
-2.05,2,17.631659
5.0,1,17.63412
-2.0,1,17.636439
-2.0,1,17.638549
-2.0,1,17.640619
-2.0,1,17.642714
-2.0,1,17.64482
-2.0,1,17.646938
-2.0,1,17.64906
-2.0,1,17.651565
-2.0,1,17.65377
-2.0,1,17.655865
-2.0,1,17.65796
5.0,1,17.660104
-2.0,1,17.662139
4.75,2,17.666729
-2.0,1,17.668923
-2.0,1,17.671057
-2.0,1,17.673156
-2.0,1,17.675246
5.0,1,17.677399
-2.0,1,17.679444
-2.0,1,17.681548
5.0,1,17.684013
-2.0,1,17.686131
-2.0,1,17.688201
-2.0,1,17.690265
-2.0,1,17.69237
-2.05,2,17.696527
5.0,1,17.698686
5.0,1,17.700833
-2.0,1,17.702974
-2.0,1,17.705076
-2.0,1,17.707326
-2.0,1,17.709433
-2.0,1,17.711524
-2.0,1,17.713617
-2.0,1,17.715811
-2.0,1,17.718059
5.0,1,17.720241
5.0,1,17.722337
-2.0,1,17.724443
-2.0,1,17.726496
-2.0,1,17.728662
-2.0,1,17.730829
-2.0,1,17.732949
-2.0,1,17.73509
-2.0,1,17.737233
5.0,1,17.739361
-2.0,1,17.741416
-2.0,1,17.743508
-2.0,1,17.74563
-2.0,1,17.7477
-2.0,1,17.749978
-2.0,1,17.752281
-2.0,1,17.754379
-2.0,1,17.756463
-2.0,1,17.758533
-2.0,1,17.76052
-2.0,1,17.762586
-2.0,1,17.764712
-2.0,1,17.766879
5.0,1,17.769187
5.0,1,17.771358
-2.0,1,17.773434
-2.0,1,17.775577
-2.0,1,17.777756
-2.0,1,17.779873
-2.05,2,17.784161
-2.0,1,17.786295
-2.0,1,17.788445
-2.0,1,17.790553
-2.0,1,17.792992
5.0,1,17.795207
-2.0,1,17.797315
-2.0,1,17.799467
5.0,1,17.80177
5.0,1,17.803966
5.0,1,17.806078
-2.0,1,17.808099
-2.0,1,17.810193
-2.0,1,17.812332
-2.0,1,17.814436
-2.0,1,17.816575
5.0,1,17.818908
-2.0,1,17.8211
-2.0,1,17.823238
-2.0,1,17.825332
5.0,1,17.827425
-2.0,1,17.82946
-2.0,1,17.831577
-2.0,1,17.833721
-2.0,1,17.836177
-2.0,1,17.83828
-2.0,1,17.840358
-2.0,1,17.842456
5.0,1,17.844586
-2.0,1,17.846705
5.0,1,17.848835
-2.0,1,17.85103
5.0,1,17.853267
-2.0,1,17.855286
-2.0,1,17.857415
-2.0,1,17.859521
-2.0,1,17.861703
5.0,1,17.863822
5.0,1,17.865903
-2.0,1,17.867995
-2.0,1,17.870166
-2.0,1,17.872278
-2.0,1,17.874354
-2.0,1,17.876445
5.0,1,17.879053
5.0,1,17.881123
-2.0,1,17.883254
-2.0,1,17.885438
5.0,1,17.887629
-2.0,1,17.889748
5.0,1,17.891828
-2.0,1,17.893899
-2.0,1,17.895996
-2.0,1,17.898112
-2.0,1,17.900159
-2.0,1,17.902287
-2.05,2,17.906415
5.0,1,17.908522
-2.0,1,17.910687
5.0,1,17.912841
5.0,1,17.914954
-2.0,1,17.917007
-2.0,1,17.919183
5.0,1,17.921423
-2.0,1,17.923558
-2.0,1,17.925677
-2.0,1,17.92775
-2.0,1,17.929814
-2.0,1,17.931966
-2.0,1,17.934118
-2.0,1,17.93626
5.0,1,17.938419
5.0,1,17.940572
-2.0,1,19.474082
5.0,1,19.476787
-2.05,2,19.481635
-2.0,1,19.484353
5.0,1,19.486921
-2.0,1,19.48926
5.0,1,19.491665
5.0,1,19.493959
-2.0,1,19.496161
-2.0,1,19.498553
5.0,1,19.501214
-2.0,1,19.503561
-2.0,1,19.505907
5.0,1,19.508335
5.0,1,19.510745
-2.0,1,19.513098
-2.0,1,19.51538
-2.0,1,19.517954
5.0,1,19.520436
-2.0,1,19.522668
-2.0,1,19.524941
-2.0,1,19.527209
-2.0,1,19.529508
-2.0,1,19.531869
5.0,1,19.53444
5.0,1,19.536886
-2.0,1,19.539078
-2.0,1,19.541548
5.0,1,19.543846
-2.0,1,19.546063
5.0,1,19.548579
5.0,1,19.551582
-2.0,1,19.553825
-2.0,1,19.556131
-2.0,1,19.558455
-2.0,1,19.56069
-2.0,1,19.562978
-2.0,1,19.565325
5.0,1,19.56765
5.0,1,19.57051
5.0,1,19.572857
-2.0,1,19.575074
5.0,1,19.577436
-2.0,1,19.579721
-2.0,1,19.58201
-2.0,1,19.584417
-2.0,1,19.586771
5.0,1,19.589146
5.0,1,19.591428
-2.0,1,19.593729
-2.0,1,19.595991
5.0,1,19.598354
-2.0,1,19.600617
-2.0,1,19.602858
-2.0,1,19.605117
-2.0,1,19.607349
-2.0,1,19.6096
-2.0,1,19.611828
-2.0,1,19.614134
5.0,1,19.616452
-2.0,1,19.618656
-2.0,1,19.620909
-2.0,1,19.623205
5.0,1,19.625513
-2.0,1,19.627796
-2.0,1,19.630052
5.0,1,19.632331
-2.0,1,19.634578
5.0,1,19.637206
-2.0,1,19.639398
-2.0,1,19.641665
-2.0,1,19.643925
-2.0,1,19.64637
-2.0,1,19.64884
-2.0,1,19.651196
-2.0,1,19.653684
5.0,1,19.656306
-2.0,1,19.658628
-2.0,1,19.661194
-2.0,1,19.663495
5.0,1,19.665854
5.0,1,19.668134
5.0,1,19.670565
-2.0,1,19.672825
5.0,1,19.675308
4.75,2,19.680277
-2.0,1,19.682754
-2.0,1,19.685358
-2.0,1,19.687771
-2.0,1,19.690179
-2.0,1,19.692586
5.0,1,19.694935
5.0,1,19.69733
-2.0,1,19.699617
-2.0,1,19.701937
5.0,1,19.704355
5.0,1,19.706856
-2.0,1,19.709034
5.0,1,19.711225
5.0,1,19.713733
-2.0,1,19.715854
-2.0,1,19.718191
5.0,1,19.720729
-2.0,1,19.723021
-2.0,1,19.725343
-2.0,1,19.727664
5.0,1,19.730019
5.0,1,19.732365
-2.0,1,19.734774
5.0,1,19.737295
5.0,1,19.740041
-2.0,1,19.742788
5.0,1,19.745406
-2.0,1,19.747764
5.0,1,19.750213
-2.0,1,19.752836
-2.0,1,19.755662
-2.0,1,19.75806
-2.05,2,19.762826
-2.0,1,19.765265
5.0,1,19.767785
5.0,1,19.770262
5.0,1,19.77281
-2.0,1,19.775328
-2.0,1,19.778045
-2.0,1,19.780737
5.0,1,19.783281
-2.0,1,19.785963
-2.0,1,19.788599
-2.0,1,19.791093
-2.0,1,19.793803
-2.0,1,19.796602
5.0,1,19.799293
5.0,1,19.802332
-2.0,1,19.804907
-2.0,1,19.807545
-2.0,1,19.810191
5.0,1,19.812912
-2.0,1,19.815499
-2.0,1,19.818089
-2.0,1,19.820699
-2.0,1,19.8237
-2.0,1,19.826332
-2.0,1,19.829048
5.0,1,19.831781
5.0,1,19.8345
5.0,1,19.837209
-2.0,1,19.839876
-2.0,1,19.842769
-2.0,1,19.84549
-2.0,1,19.848069
-2.0,1,19.850658
5.0,1,19.853338
5.0,1,19.856064
-2.05,2,19.861201
-2.0,1,19.863757
-2.0,1,19.866685
-2.0,1,19.869407
-2.0,1,19.872558
-2.0,1,19.875561
-2.0,1,19.878351
-2.0,1,19.880989
5.0,1,19.883804
5.0,1,19.886479
-2.0,1,19.889261
-2.0,1,19.892396
-2.0,1,19.895316
-2.0,1,19.897947
5.0,1,19.901009
5.0,1,19.903435
-2.0,1,19.906205
-2.0,1,19.909168
-2.0,1,19.912124
5.0,1,19.914582
-2.0,1,19.916989
-2.0,1,19.919866
-2.0,1,19.922372
-2.0,1,19.924706
-2.0,1,19.927728
-2.0,1,19.930647
-2.0,1,19.933538
-2.0,1,19.936155
5.0,1,19.938771
5.0,1,19.941444
-2.0,1,19.944252
-2.0,1,19.94692
-2.0,1,19.94961
5.0,1,19.952731
-2.0,1,19.9555
-2.05,2,19.96126
-2.0,1,19.964042
-2.0,1,19.966739
-2.0,1,19.969565
-2.0,1,19.972258
-2.0,1,19.975716
5.0,1,19.97876
5.0,1,19.981778
5.0,1,19.98475
-2.0,1,19.987623
-2.0,1,19.990485
-2.0,1,19.993476
-2.0,1,19.996516
-2.0,1,19.999108
-2.0,1,20.001796
-2.0,1,20.004653
5.0,1,20.007499
-2.0,1,20.010237
-2.0,1,20.013374
5.0,1,20.016328
-2.0,1,20.019231
5.0,1,20.02228
-2.0,1,20.025016
-2.0,1,20.027745
-2.0,1,20.030508
5.0,1,20.033437
-2.0,1,20.036106
-2.0,1,20.038912
5.0,1,20.041681
-2.0,1,20.044363
-2.0,1,20.047026
-2.0,1,20.049682
-2.0,1,20.052611
-2.0,1,20.055401
-2.0,1,20.0581
-2.0,1,20.061217
-2.0,1,20.06387
-2.0,1,20.0666
-2.0,1,20.069348
-2.0,1,20.072049
-2.0,1,20.074965
-2.0,1,20.077654
-2.0,1,20.080276
-2.0,1,20.082821
5.0,1,20.085723
-2.0,1,20.088147
-2.0,1,20.091775
-2.0,1,20.094242
-2.0,1,20.096804
-2.0,1,20.099312
-2.05,2,20.104146
5.0,1,20.10664
5.0,1,20.109155
5.0,1,20.111684
-2.0,1,20.114097
-2.0,1,20.116541
-2.0,1,20.118969
5.0,1,20.121459
5.0,1,20.123986
-2.0,1,20.126421
-2.0,1,20.128922
5.0,1,20.13145
-2.0,1,20.133844
-2.0,1,20.136295
5.0,1,20.138944
-2.0,1,20.141322
-2.0,1,20.143702
-2.0,1,20.146124
-2.0,1,20.148558
-2.0,1,20.150943
-2.0,1,20.153356
5.0,1,20.155848
5.0,1,20.158299
5.0,1,20.160754
-2.0,1,20.163138
5.0,1,20.165668
-2.0,1,20.168041
-2.0,1,20.170506
-2.0,1,20.172986
-2.0,1,20.175391
-2.0,1,20.177859
5.0,1,20.18034
-2.0,1,20.182799
-2.0,1,20.185239
5.0,1,20.187693
-2.0,1,20.190078
5.0,1,20.192531
5.0,1,20.194929
-2.0,1,20.197368
-2.0,1,20.201101
-2.0,1,20.203522
-2.0,1,20.20597
-2.0,1,20.208392
5.0,1,20.21127
-2.0,1,20.213658
5.0,1,20.21611
5.0,1,20.218366
-2.0,1,20.220556
5.0,1,20.222833
5.0,1,20.225321
-2.0,1,20.227624
5.0,1,20.230415
-2.0,1,20.232651
5.0,1,20.2349
5.0,1,20.237175
-2.0,1,20.239416
5.0,1,20.241703
5.0,1,20.24404
5.0,1,20.246305
-2.0,1,20.24849
-2.0,1,20.250681
-2.0,1,20.25288
-2.0,1,20.255073
-2.0,1,20.25728
-2.0,1,20.26004
-2.0,1,20.262981
-2.0,1,20.265482
-2.0,1,20.26792
5.0,1,20.270476
-2.0,1,20.272825
5.0,1,20.275239
-2.0,1,20.277622
-2.0,1,20.28003
5.0,1,20.282516
-2.0,1,20.284903
-2.0,1,20.287313
5.0,1,20.289743
-2.0,1,20.292104
-2.0,1,20.294479
-2.0,1,20.296916
-2.0,1,20.299267
5.0,1,20.301682
-2.0,1,20.304043
5.0,1,20.306497
5.0,1,20.308878
-2.0,1,20.311199
5.0,1,20.313551
5.0,1,20.315806
-2.0,1,20.318023
5.0,1,20.320266
5.0,1,20.322911
-2.0,1,20.325196
5.0,1,20.32745
5.0,1,20.329667
-2.0,1,20.331851
-2.0,1,20.334197
-2.0,1,20.336655
-2.0,1,20.338863
5.0,1,20.341176
-2.0,1,20.343307
-2.0,1,20.345576
5.0,1,20.347848
4.75,2,20.352354
-2.0,1,20.354569
-2.0,1,20.356812
-2.0,1,20.359036
-2.0,1,20.361242
5.0,1,20.363504
-2.0,1,20.365697
-2.0,1,20.367886
5.0,1,20.370179
5.0,1,20.372408
5.0,1,20.374655
-2.0,1,20.376835
5.0,1,20.379124
4.75,2,20.383545
5.0,1,20.385759
5.0,1,20.387983
5.0,1,20.390239
-2.05,2,20.394622
-2.0,1,20.396931
-2.05,2,20.401515
5.0,1,20.403764
5.0,1,20.406003
-2.0,1,20.408177
5.0,1,20.410461
-2.0,1,20.412658
-2.0,1,20.414902
-2.0,1,20.417107
-2.0,1,20.41934
5.0,1,20.42161
-2.0,1,20.423823
-2.0,1,20.426025
-2.0,1,20.428253
-2.0,1,20.430516
-2.0,1,20.432737
5.0,1,20.434995
-2.0,1,20.437159
5.0,1,20.439475
5.0,1,20.441767
-2.0,1,20.443937
5.0,1,20.446193
-2.0,1,20.448343
-2.0,1,20.450593
5.0,1,20.45286
-2.0,1,20.454981
-2.0,1,20.457232
-2.0,1,20.459492
5.0,1,20.461895
5.0,1,20.464117
-2.0,1,20.466328
-2.0,1,20.468601
-2.0,1,20.470872
-2.0,1,20.473123
5.0,1,20.475369
5.0,1,20.477601
5.0,1,20.479817
5.0,1,20.482219
-2.0,1,20.484379
-2.0,1,20.486618
5.0,1,20.48892
5.0,1,20.491103
-2.0,1,20.493352
4.75,2,20.497822
5.0,1,20.500083
-2.0,1,20.502245
-2.0,1,20.50446
5.0,1,20.506703
-2.05,2,20.511143
-2.0,1,20.513381
-2.0,1,20.51556
-2.0,1,20.517801
5.0,1,20.520034
-2.0,1,20.522217
5.0,1,20.524549
5.0,1,20.526737
5.0,1,20.528937
-2.0,1,20.531105
5.0,1,20.533384
-2.0,1,20.535569
-2.0,1,20.537792
5.0,1,20.540056
-2.0,1,20.542283
-2.0,1,20.544525
-2.0,1,20.546775
-2.0,1,20.549017
-2.0,1,20.551366
-2.0,1,20.553622
-2.0,1,20.555807
-2.0,1,20.558019
-2.0,1,20.560207
-2.0,1,20.562454
-2.0,1,20.564667
5.0,1,20.566969
5.0,1,20.569159
-2.0,1,20.571304
-2.0,1,20.57351
-2.0,1,20.575735
-2.0,1,20.577969
-2.0,1,20.580338
-2.0,1,20.582739
-2.0,1,20.584964
-2.0,1,20.587186
5.0,1,20.589485
-2.0,1,20.591696
-2.0,1,20.594074
-2.0,1,20.596571
-2.0,1,20.598905
5.0,1,20.601353
5.0,1,20.603651
-2.0,1,20.605908
-2.0,1,20.608137
5.0,1,20.610495
-2.0,1,20.612747
-2.0,1,20.615062
-2.0,1,20.617393
5.0,1,20.619723
-2.0,1,20.621915
-2.0,1,20.624131
5.0,1,20.626474
-2.0,1,20.628705
5.0,1,20.63101
-2.0,1,20.63327
5.0,1,20.635898
5.0,1,20.638191
-2.0,1,20.640358
4.75,2,20.644881
-2.0,1,20.647051
-2.05,2,20.651731
5.0,1,20.654113
-2.0,1,20.656533
-2.0,1,20.658808
-2.0,1,20.661098
-2.0,1,20.663327
5.0,1,20.665636
-2.0,1,20.66783
-2.0,1,20.67021
-2.0,1,20.672947
-2.0,1,20.675494
5.0,1,20.678105
-2.0,1,20.680524
-2.0,1,20.683062
-2.0,1,20.686247
-2.0,1,20.688856
-2.0,1,20.691344
-2.0,1,20.694099
-2.0,1,20.696958
-2.0,1,20.69962
-2.0,1,20.702387
5.0,1,20.705253
5.0,1,20.708139
-2.0,1,20.710858
-2.0,1,20.713415
-2.0,1,20.715847
-2.0,1,20.718529
5.0,1,20.721368
5.0,1,20.723738
-2.0,1,20.726324
-2.0,1,20.728789
-2.0,1,22.230403
-2.0,1,22.232863
-2.0,1,22.234981
-2.05,2,22.239126
5.0,1,22.241277
-2.0,1,22.243388
-2.0,1,22.245541
5.0,1,22.247659
5.0,1,22.249813
-2.0,1,22.251867
-2.0,1,22.25397
-2.0,1,22.256046
-2.0,1,22.258149
-2.0,1,22.260211
-2.0,1,22.262308
-2.0,1,22.264391
-2.0,1,22.266654
-2.0,1,22.268818
-2.0,1,22.27093
-2.0,1,22.273195
-2.0,1,22.275647
-2.0,1,22.27775
-2.0,1,22.279777
5.0,1,22.281999
5.0,1,22.284262
-2.0,1,22.286362
-2.0,1,22.288476
-2.0,1,22.290622
5.0,1,22.292808
-2.0,1,22.294844
-2.0,1,22.297045
5.0,1,22.299155
-2.0,1,22.301186
-2.0,1,22.303256
-2.0,1,22.3054
-2.0,1,22.307554
5.0,1,22.309745
5.0,1,22.311846
-2.0,1,22.313926
5.0,1,22.316181
-2.0,1,22.318291
5.0,1,22.320449
5.0,1,22.322534
5.0,1,22.324669
-2.05,2,22.32888
5.0,1,22.331021
5.0,1,22.333103
-2.0,1,22.335127
-2.0,1,22.337265
-2.0,1,22.339322
5.0,1,22.341436
5.0,1,22.343533
-2.0,1,22.345559
5.0,1,22.347652
4.75,2,22.351824
5.0,1,22.353955
-2.0,1,22.35601
5.0,1,22.358193
-2.0,1,22.360281
5.0,1,22.362416
-2.0,1,22.36445
-2.0,1,22.366545
-2.0,1,22.36866
-2.0,1,22.370757
-2.0,1,22.372881
5.0,1,22.374992
-2.0,1,22.377036
5.0,1,22.379127
-2.0,1,22.381157
5.0,1,22.383346
-2.0,1,22.385421
5.0,1,22.387506
-2.0,1,22.389596
-2.0,1,22.391712
-2.0,1,22.393981
-2.0,1,22.396128
-2.0,1,22.398263
-2.0,1,22.400499
5.0,1,22.402653
5.0,1,22.404761
5.0,1,22.406859
-2.0,1,22.408927
5.0,1,22.411026
-2.0,1,22.413835
5.0,1,22.416533
-2.0,1,22.41906
5.0,1,22.421851
5.0,1,22.424852
-2.0,1,22.42789
-2.0,1,22.430889
5.0,1,22.433995
-2.0,1,22.437012
-2.0,1,22.439909
5.0,1,22.442897
-2.0,1,22.445833
5.0,1,22.448832
-2.0,1,22.451691
-2.0,1,22.454571
-2.0,1,22.457747
5.0,1,22.460798
5.0,1,22.463956
-2.0,1,22.46678
-2.0,1,22.46968
-2.0,1,22.472568
5.0,1,22.474826
-2.0,1,22.477107
5.0,1,22.479466
-2.0,1,22.48171
5.0,1,22.483964
5.0,1,22.486418
5.0,1,22.488732
5.0,1,22.49099
-2.0,1,22.493227
-2.0,1,22.495498
-2.0,1,22.497725
5.0,1,22.500084
5.0,1,22.502336
-2.0,1,22.504565
-2.0,1,22.506764
-2.0,1,22.509086
-2.0,1,22.511349
-2.0,1,22.513662
5.0,1,22.515972
-2.0,1,22.518199
5.0,1,22.520536
5.0,1,22.522819
5.0,1,22.525053
4.75,2,22.5296
-2.0,1,22.531805
-2.0,1,22.53402
5.0,1,22.536294
5.0,1,22.538571
-2.0,1,22.54079
-2.0,1,22.543045
5.0,1,22.545321
5.0,1,22.54753
-2.0,1,22.549755
5.0,1,22.552051
4.75,2,22.556527
-2.0,1,22.558754
5.0,1,22.561067
-2.0,1,22.563317
5.0,1,22.565584
5.0,1,22.567842
-2.0,1,22.570063
5.0,1,22.572392
4.75,2,22.576931
-2.0,1,22.579134
5.0,1,22.581419
-2.0,1,22.583629
-2.0,1,22.585913
-2.0,1,22.588143
-2.0,1,22.590384
-2.0,1,22.592652
-2.0,1,22.594878
-2.0,1,22.597151
5.0,1,22.599409
5.0,1,22.601668
-2.0,1,22.603867
4.75,2,22.608385
-2.0,1,22.610564
5.0,1,22.612868
5.0,1,22.615147
5.0,1,22.617428
-2.0,1,22.6196
-2.05,2,22.624074
5.0,1,22.626375
-2.0,1,22.628539
-2.0,1,22.630839
-2.0,1,22.633057
5.0,1,22.635306
-2.0,1,22.637535
5.0,1,22.639921
-2.0,1,22.642126
5.0,1,22.644525
-2.0,1,22.646748
5.0,1,22.649033
5.0,1,22.651282
5.0,1,22.653566
5.0,1,22.655813
5.0,1,22.658243
5.0,1,22.660551
5.0,1,22.662828
-2.0,1,22.665227
-2.0,1,22.667537
5.0,1,22.669925
-2.0,1,22.672242
5.0,1,22.674582
-2.0,1,22.676769
-2.0,1,22.679075
-2.0,1,22.681341
5.0,1,22.683579
4.75,2,22.688054
5.0,1,22.69039
-2.0,1,22.692546
-2.0,1,22.694734
-2.0,1,22.696908
-2.0,1,22.69925
-2.0,1,22.701722
-2.0,1,22.704002
-2.0,1,22.706286
4.75,2,22.710796
-2.0,1,22.712931
-2.0,1,22.715174
-2.0,1,22.717425
-2.0,1,22.719753
5.0,1,22.722057
-2.0,1,22.724215
4.75,2,22.728792
5.0,1,22.731001
-2.0,1,22.733179
5.0,1,22.73548
5.0,1,22.737704
4.75,2,22.742401
-2.0,1,22.744624
5.0,1,22.746863
5.0,1,22.749132
5.0,1,22.751346
5.0,1,22.753668
-2.0,1,22.755782
-2.0,1,22.758019
-2.0,1,22.760225
-2.0,1,22.762435
5.0,1,22.764698
-2.0,1,22.766884
5.0,1,22.769158
5.0,1,22.771392
-2.0,1,22.773615
5.0,1,22.775913
-2.0,1,22.778134
5.0,1,22.780439
5.0,1,22.782638
-2.0,1,22.78496
-2.0,1,22.78718
5.0,1,22.789475
-2.0,1,22.79165
-2.0,1,22.793859
-2.0,1,22.796037
-2.0,1,22.798286
5.0,1,22.800552
-2.0,1,22.802738
-2.0,1,22.804938
-2.0,1,22.80713
-2.0,1,22.809328
5.0,1,22.811617
-2.0,1,22.813865
5.0,1,22.816125
-2.0,1,22.81832
-2.0,1,22.820525
-2.0,1,22.822722
5.0,1,22.824992
5.0,1,22.827299
-2.0,1,22.829518
-2.0,1,22.831724
-2.0,1,22.833965
5.0,1,22.83621
5.0,1,22.838473
5.0,1,22.840738
5.0,1,22.842987
-2.0,1,22.845198
-2.0,1,22.84739
5.0,1,22.849653
5.0,1,22.851895
5.0,1,22.854154
5.0,1,22.8564
5.0,1,22.858654
-2.0,1,22.860839
5.0,1,22.863095
5.0,1,22.865352
5.0,1,22.867604
5.0,1,22.86992
5.0,1,22.872656
-2.0,1,22.875017
-2.0,1,22.877406
-2.0,1,22.879862
-2.0,1,22.882318
5.0,1,22.884845
5.0,1,22.887247
5.0,1,22.889656
-2.0,1,22.892052
-2.0,1,22.894505
5.0,1,22.896989
-2.0,1,22.899339
5.0,1,22.901858
-2.0,1,22.904235
-2.0,1,22.906596
-2.0,1,22.909046
-2.0,1,22.911437
-2.0,1,22.913951
5.0,1,22.916478
5.0,1,22.918937
-2.0,1,22.921386
-2.0,1,22.923758
5.0,1,22.926294
5.0,1,22.928792
5.0,1,22.931247
-2.0,1,22.933619
5.0,1,22.936062
-2.0,1,22.938426
-2.0,1,22.940947
5.0,1,22.943427
5.0,1,22.945882
-2.0,1,22.94826
-2.0,1,22.950661
-2.0,1,22.953063
-2.0,1,22.95561
-2.0,1,22.958205
5.0,1,22.960755
5.0,1,22.963173
5.0,1,22.965667
5.0,1,22.968092
4.75,2,22.973002
-2.0,1,22.975267
-2.05,2,22.979836
5.0,1,22.982225
-2.0,1,22.984406
5.0,1,22.986768
5.0,1,22.989061
-2.0,1,22.991257
-2.0,1,22.993559
5.0,1,22.995862
-2.0,1,22.998298
5.0,1,23.000821
-2.0,1,23.003131
-2.0,1,23.005519
-2.0,1,23.00779
5.0,1,23.010021
5.0,1,23.012246
-2.0,1,23.014468
5.0,1,23.016674
5.0,1,23.018769
-2.0,1,23.020912
-2.0,1,23.023014
-2.0,1,23.025177
-2.0,1,23.027278
5.0,1,23.029499
5.0,1,23.031611
5.0,1,23.033784
-2.0,1,23.035853
-2.0,1,23.038127
4.75,2,23.042477
5.0,1,23.044523
5.0,1,23.046621
5.0,1,23.04875
-2.0,1,23.050745
-2.0,1,23.052772
5.0,1,23.054925
5.0,1,23.057078
-2.0,1,23.059112
-2.0,1,23.061245
5.0,1,23.063402
-2.0,1,23.065438
-2.0,1,23.067483
-2.0,1,23.069616
-2.0,1,23.071621
-2.0,1,23.073683
-2.0,1,23.07579
-2.0,1,23.077864
5.0,1,23.079986
5.0,1,23.082077
5.0,1,23.084172
5.0,1,23.086288
-2.0,1,23.088313
5.0,1,23.090481
5.0,1,23.092627
-2.0,1,23.094704
-2.0,1,23.096836
5.0,1,23.098977
-2.0,1,23.101045
-2.0,1,23.103201
-2.0,1,23.106011
-2.0,1,23.108247
5.0,1,23.110487
-2.0,1,23.112596
5.0,1,23.114866
-2.0,1,23.116988
-2.0,1,23.119197
-2.0,1,23.121438
-2.0,1,23.123575
-2.0,1,23.125768
-2.0,1,23.128028
-2.0,1,23.130192
5.0,1,23.132404
-2.0,1,23.13445
5.0,1,23.13668
-2.0,1,23.138765
-2.0,1,23.140928
5.0,1,23.143126
-2.0,1,23.145287
-2.0,1,23.1474
5.0,1,23.149526
-2.0,1,23.151618
-2.0,1,23.153738
-2.0,1,23.155854
-2.0,1,23.158041
5.0,1,23.160229
-2.0,1,23.162374
4.75,2,23.166672
-2.0,1,23.168984
5.0,1,23.171141
5.0,1,23.173285
5.0,1,23.175415
5.0,1,23.177573
5.0,1,23.179686
-2.05,2,23.183831
5.0,1,23.186017
5.0,1,23.188132
-2.0,1,23.190197
4.75,2,23.19435
5.0,1,23.196527
5.0,1,23.198707
5.0,1,23.20083
5.0,1,23.202932
-2.0,1,23.204999
-2.0,1,23.207067
5.0,1,23.209239
-2.0,1,23.211345
5.0,1,23.21356
5.0,1,23.215665
-2.0,1,23.217735
-2.0,1,23.219792
-2.0,1,23.221873
5.0,1,23.224014
-2.0,1,23.226086
-2.0,1,23.228157
-2.0,1,23.230219
-2.0,1,23.232275
-2.0,1,23.234344
-2.0,1,23.236392
-2.05,2,23.240544
-2.0,1,23.242597
-2.0,1,23.244679
5.0,1,23.246819
-2.0,1,23.248916
-2.0,1,23.250961
-2.0,1,23.253046
-2.0,1,23.255371
5.0,1,23.257516
-2.0,1,23.259568
-2.0,1,23.261656
5.0,1,23.263762
-2.0,1,23.265837
-2.0,1,23.267943
-2.0,1,23.27001
-2.0,1,23.27207
5.0,1,23.274207
5.0,1,23.276314
5.0,1,23.278434
5.0,1,23.280677
-2.0,1,23.282737
5.0,1,23.284873
-2.0,1,23.286939
5.0,1,23.28907
-2.0,1,23.291123
-2.0,1,23.293202
-2.0,1,23.295264
-2.0,1,23.297628
-2.0,1,23.299723
5.0,1,23.301862
-2.0,1,23.303902
5.0,1,23.306024
5.0,1,23.308134
-2.0,1,23.31021
5.0,1,23.312322
5.0,1,23.314444
-2.0,1,23.316508
-2.0,1,23.318567
5.0,1,23.320884
-2.0,1,23.322965
5.0,1,23.325104
-2.0,1,23.327214
-2.0,1,23.329285
-2.0,1,23.331337
5.0,1,23.333466
-2.0,1,23.335506
5.0,1,23.337646
-2.0,1,23.339928
5.0,1,23.342067
5.0,1,23.344156
5.0,1,23.346278
-2.0,1,23.348325
5.0,1,23.350445
-2.0,1,23.352482
-2.0,1,23.354726
5.0,1,23.356992
-2.0,1,23.359127
5.0,1,23.361435
-2.0,1,23.36363
-2.0,1,23.365967
-2.0,1,23.368146
-2.0,1,23.370395
-2.0,1,23.372665
5.0,1,23.374952
-2.0,1,24.809223
-2.0,1,24.811603
5.0,1,24.813913
5.0,1,24.816074
-2.0,1,24.818118
5.0,1,24.820449
-2.0,1,24.822646
5.0,1,24.824796
5.0,1,24.82685
5.0,1,24.828984
5.0,1,24.831111
5.0,1,24.83343
-2.0,1,24.835538
-2.0,1,24.837699
5.0,1,24.839894
5.0,1,24.842067
-2.0,1,24.84417
-2.0,1,24.846343
4.75,2,24.850789
-2.0,1,24.853009
5.0,1,24.855196
4.75,2,24.859504
-2.05,2,24.863861
5.0,1,24.866057
5.0,1,24.868226
-2.0,1,24.870358
5.0,1,24.87253
4.75,2,24.877106
5.0,1,24.879281
-2.0,1,24.881326
-2.0,1,24.883435
5.0,1,24.885548
-2.0,1,24.887567
5.0,1,24.890364
-2.0,1,24.892605
-2.0,1,24.89495
5.0,1,24.897294
5.0,1,24.899583
-2.0,1,24.901834
4.75,2,24.90651
-2.0,1,24.908813
-2.0,1,24.911137
-2.0,1,24.913491
5.0,1,24.9158
-2.0,1,24.918207
-2.0,1,24.920503
-2.0,1,24.922799
5.0,1,24.925118
5.0,1,24.927366
5.0,1,24.929708
5.0,1,24.932013
-2.0,1,24.934299
5.0,1,24.936687
5.0,1,24.938973
5.0,1,24.941351
-2.0,1,24.943642
5.0,1,24.945937
-2.0,1,24.948276
5.0,1,24.950638
5.0,1,24.953017
5.0,1,24.95536
-2.0,1,24.95768
4.75,2,24.962431
5.0,1,24.964716
-2.0,1,24.966916
5.0,1,24.969249
5.0,1,24.971515
5.0,1,24.973804
5.0,1,24.976121
-2.0,1,24.978371
5.0,1,24.980728
-2.0,1,24.98297
-2.0,1,24.98531
-2.0,1,24.987627
5.0,1,24.989974
5.0,1,24.99224
5.0,1,24.994538
-2.0,1,24.996844
5.0,1,24.999617
-2.0,1,25.002254
5.0,1,25.004951
5.0,1,25.008158
5.0,1,25.010581
-2.0,1,25.01292
5.0,1,25.015463
-2.0,1,25.017889
5.0,1,25.020326
-2.0,1,25.022659
-2.0,1,25.025053
-2.0,1,25.027386
-2.0,1,25.029744
-2.0,1,25.032118
-2.0,1,25.034532
4.75,2,25.039252
-2.0,1,25.041585
5.0,1,25.04394
5.0,1,25.046449
5.0,1,25.04881
-2.0,1,25.051181
5.0,1,25.053783
-2.05,2,25.05854
5.0,1,25.060958
-2.0,1,25.063241
-2.0,1,25.065606
-2.0,1,25.067866
5.0,1,25.070222
4.75,2,25.074894
5.0,1,25.07719
-2.0,1,25.079401
-2.0,1,25.081556
-2.0,1,25.083856
5.0,1,25.086009
5.0,1,25.088404
-2.0,1,25.0907
-2.0,1,25.09285
-2.0,1,25.094965
5.0,1,25.097113
5.0,1,25.099216
5.0,1,25.101283
5.0,1,25.103405
-2.0,1,25.105447
5.0,1,25.107566
-2.0,1,25.10965
-2.0,1,25.111757
4.75,2,25.116034
-2.0,1,25.118195
5.0,1,25.120445
-2.0,1,25.12252
-2.0,1,25.124656
4.75,2,25.128901
-2.0,1,25.131002
-2.0,1,25.133251
-2.0,1,25.135309
5.0,1,25.137504
5.0,1,25.139641
-2.0,1,25.14168
5.0,1,25.143833
4.75,2,25.148196
-2.0,1,25.150259
5.0,1,25.152406
5.0,1,25.15453
-2.0,1,25.156624
5.0,1,25.158794
5.0,1,25.160895
-2.0,1,25.162977
5.0,1,25.165098
5.0,1,25.16719
5.0,1,25.16934
5.0,1,25.171468
-2.0,1,25.173625
-2.0,1,25.175808
-2.0,1,25.178033
4.75,2,25.182395
4.75,2,25.186785
5.0,1,25.188981
4.75,2,25.19334
-2.0,1,25.195438
5.0,1,25.19765
-2.0,1,25.199778
5.0,1,25.201947
-2.0,1,25.204076
5.0,1,25.20631
-2.0,1,25.208413
5.0,1,25.210935
-2.05,2,25.21527
-2.0,1,25.217499
-2.0,1,25.219728
-2.0,1,25.221921
5.0,1,25.224135
5.0,1,25.226285
5.0,1,25.229106
-2.0,1,25.232085
5.0,1,25.234701
4.75,2,25.239583
-2.0,1,25.241864
5.0,1,25.244095
-2.0,1,25.246304
4.75,2,25.250727
-2.0,1,25.252873
5.0,1,25.255203
5.0,1,25.25736
-2.0,1,25.259506
5.0,1,25.262167
-2.0,1,25.264235
-2.0,1,25.266441
5.0,1,25.268661
-2.0,1,25.270772
4.75,2,25.275139
5.0,1,25.277385
5.0,1,25.279552
5.0,1,25.281692
5.0,1,25.283864
-2.0,1,25.286016
-2.0,1,25.288159
-2.0,1,25.290384
5.0,1,25.292666
4.75,2,25.297076
5.0,1,25.299299
-2.0,1,25.301508
5.0,1,25.303817
5.0,1,25.305984
5.0,1,25.307991
-2.0,1,25.310108
5.0,1,25.312233
-2.0,1,25.314368
-2.0,1,25.316536
5.0,1,25.318815
5.0,1,25.320968
5.0,1,25.323285
4.75,2,25.327605
5.0,1,25.329772
5.0,1,25.331951
5.0,1,25.334111
-2.0,1,25.336192
5.0,1,25.338412
5.0,1,25.340595
4.75,2,25.344805
5.0,1,25.347219
4.75,2,25.351624
-2.0,1,25.353825
-2.0,1,25.356435
5.0,1,25.358737
5.0,1,25.360915
-2.0,1,25.363237
5.0,1,25.365487
-2.0,1,25.367625
-2.0,1,25.369843
5.0,1,25.372047
4.75,2,25.37641
-2.0,1,25.378459
5.0,1,25.380768
-2.0,1,25.382794
-2.0,1,25.385008
5.0,1,25.387163
-2.0,1,25.389462
-2.0,1,25.391564
4.75,2,25.395826
5.0,1,25.397925
-2.0,1,25.39995
5.0,1,25.401991
5.0,1,25.404121
5.0,1,25.406538
5.0,1,25.408807
-2.0,1,25.411029
-2.0,1,25.413359
5.0,1,25.415642
-2.0,1,25.417917
4.75,2,25.422848
-2.0,1,25.42507
-2.0,1,25.427305
5.0,1,25.429777
5.0,1,25.432189
5.0,1,25.434415
-2.0,1,25.437061
5.0,1,25.439248
4.75,2,25.443549
-2.0,1,25.445648
5.0,1,25.447788
-2.0,1,25.449863
5.0,1,25.452276
-2.0,1,25.455163
-2.0,1,25.458148
5.0,1,25.461198
-2.0,1,25.464163
5.0,1,25.467291
5.0,1,25.469849
5.0,1,25.472124
5.0,1,25.474505
5.0,1,25.476816
5.0,1,25.479172
-2.0,1,25.481492
-2.0,1,25.484033
4.75,2,25.489344
5.0,1,25.491913
5.0,1,25.494677
5.0,1,25.497271
-2.0,1,25.49993
5.0,1,25.502481
-2.0,1,25.505185
-2.0,1,25.508319
-2.0,1,25.511244
-2.0,1,25.51392
5.0,1,25.516936
4.75,2,25.522244
5.0,1,25.524966
-2.0,1,25.527683
-2.0,1,25.530231
5.0,1,25.533011
-2.0,1,25.535428
5.0,1,25.538371
5.0,1,25.541141
5.0,1,25.543887
5.0,1,25.546444
-2.0,1,25.549209
-2.0,1,25.551682
5.0,1,25.554518
5.0,1,25.557595
5.0,1,25.560296
5.0,1,25.562869
4.75,2,25.567827
-2.0,1,25.570395
5.0,1,25.573087
4.75,2,25.577843
5.0,1,25.58023
-2.0,1,25.582495
5.0,1,25.584869
-2.0,1,25.587632
5.0,1,25.590072
-2.0,1,25.592381
5.0,1,25.594645
-2.0,1,25.597008
-2.0,1,25.599166
5.0,1,25.601705
5.0,1,25.604853
5.0,1,25.60752
-2.0,1,25.610129
-2.0,1,25.61296
4.75,2,25.618152
5.0,1,25.620713
5.0,1,25.623467
5.0,1,25.626073
-2.0,1,25.628639
-2.0,1,25.631471
-2.0,1,25.634051
5.0,1,25.636776
5.0,1,25.639564
-2.0,1,25.642479
-2.0,1,25.645224
-2.0,1,25.647543
5.0,1,25.649974
5.0,1,25.652527
5.0,1,25.655505
-2.0,1,25.65799
-2.0,1,25.660225
5.0,1,25.662717
-2.0,1,25.664958
5.0,1,25.667198
5.0,1,25.670263
5.0,1,25.672625
5.0,1,25.674901
-2.0,1,25.677173
4.75,2,25.681737
-2.0,1,25.684544
-2.0,1,25.687739
-2.0,1,25.690627
-2.0,1,25.69376
5.0,1,25.696726
5.0,1,25.699545
4.75,2,25.705754
5.0,1,25.709013
5.0,1,25.7124
5.0,1,25.715809
-2.0,1,25.718763
-2.0,1,25.722213
-2.0,1,25.725921
5.0,1,25.729218
-2.0,1,25.731945
5.0,1,25.73507
-2.05,2,25.743584
-2.0,1,25.746911
5.0,1,25.749928
-2.0,1,25.753835
5.0,1,25.759036
-2.0,1,25.762769
5.0,1,25.765995
5.0,1,25.771055
-2.0,1,25.774306
-2.0,1,25.777666
-2.0,1,25.780588
-2.0,1,25.784587
-2.0,1,25.788191
5.0,1,25.792593
5.0,1,25.795878
4.75,2,25.803841
5.0,1,25.808912
-2.0,1,25.812742
5.0,1,25.816493
-2.0,1,25.81988
5.0,1,25.823072
5.0,1,25.825993
5.0,1,25.828776
4.75,2,25.834198
4.75,2,25.843289
5.0,1,25.846747
-2.0,1,25.849773
4.75,2,25.857749
5.0,1,25.861949
-2.0,1,25.864953
-2.0,1,25.868336
-2.0,1,25.872177
4.75,2,25.879433
-2.0,1,25.88206
-2.05,2,25.889889
-2.0,1,25.893718
5.0,1,25.896969
-2.0,1,25.899712
5.0,1,25.903995
-2.0,1,25.907815
5.0,1,25.911588
5.0,1,25.914662
5.0,1,25.918375
5.0,1,25.922111
-2.0,1,25.925099
-2.05,2,25.9301
-2.0,1,25.932551
-2.0,1,25.93557
5.0,1,25.938358
5.0,1,25.941293
5.0,1,25.944132
5.0,1,25.946831
4.75,2,25.952591
5.0,1,25.95516
-2.05,2,25.959884
5.0,1,25.962461
4.75,2,25.96744
5.0,1,25.969976
-2.0,1,25.972317
-2.0,1,25.974836
5.0,1,25.977352
-2.0,1,25.97983
5.0,1,25.982402
5.0,1,25.985284
4.75,2,25.990266
5.0,1,25.992629
4.75,2,25.997427
5.0,1,25.999819
5.0,1,26.002514
-2.0,1,26.00475
5.0,1,26.007036
-2.0,1,26.009297
5.0,1,26.011632
5.0,1,26.013875
5.0,1,26.01604
-2.0,1,26.018286
-2.0,1,26.020502
-2.0,1,26.022717
5.0,1,26.025024
4.75,2,26.029749
4.75,2,26.034509
5.0,1,26.036817
5.0,1,26.039077
5.0,1,26.041392
-2.0,1,26.043671
-2.0,1,26.045979
5.0,1,26.048306
4.75,2,26.052845
-2.0,1,26.055129
-2.0,1,26.057314
5.0,1,26.059602
5.0,1,26.061828
5.0,1,26.064066
-2.0,1,26.066333
-2.0,1,26.068664
5.0,1,26.071418
-2.0,1,26.073776
4.75,2,26.078507
-2.0,1,26.080743
-2.0,1,26.083157
-2.0,1,26.085449
5.0,1,26.087839
-2.0,1,26.090094
4.75,2,27.672433
5.0,1,27.674835
-2.0,1,27.677217
-2.0,1,27.679835
5.0,1,27.682476
-2.0,1,27.684894
5.0,1,27.687359
4.75,2,27.692906
5.0,1,27.69546
4.75,2,27.699996
5.0,1,27.702863
4.75,2,27.707738
4.75,2,27.713072
5.0,1,27.715434
5.0,1,27.718262
4.75,2,27.72407
4.75,2,27.729386
-2.0,1,27.731943
5.0,1,27.734748
5.0,1,27.737493
-2.0,1,27.740077
5.0,1,27.742712
4.75,2,27.747358
5.0,1,27.749793
5.0,1,27.752795
5.0,1,27.755107
5.0,1,27.757416
-2.0,1,27.759739
5.0,1,27.762101
5.0,1,27.764332
-2.0,1,27.766651
4.75,2,27.77214
5.0,1,27.774452
5.0,1,27.776883
4.75,2,27.781608
-2.0,1,27.784228
5.0,1,27.787736
4.75,2,27.794134
-2.0,1,27.797091
-2.0,1,27.799413
4.75,2,27.80514
-2.0,1,27.807331
-2.0,1,27.810359
5.0,1,27.812502
-2.0,1,27.814714
-2.0,1,27.817299
-2.0,1,27.819786
5.0,1,27.822527
5.0,1,27.824862
4.75,2,27.829685
5.0,1,27.831896
-2.0,1,27.834258
-2.0,1,27.836782
5.0,1,27.83936
5.0,1,27.841813
4.75,2,27.846503
5.0,1,27.84879
5.0,1,27.851259
-2.0,1,27.853644
5.0,1,27.856064
4.75,2,27.860844
5.0,1,27.863206
4.75,2,27.867933
-2.0,1,27.870298
5.0,1,27.872636
5.0,1,27.874977
5.0,1,27.877398
5.0,1,27.879783
-2.0,1,27.882019
-2.0,1,27.884392
-2.0,1,27.886834
5.0,1,27.889245
-2.0,1,27.891598
4.75,2,27.896275
-2.0,1,27.898639
-2.0,1,27.90104
5.0,1,27.903536
4.75,2,27.908483
-2.0,1,27.910726
-2.0,1,27.91297
4.75,2,27.917757
4.75,2,27.923197
5.0,1,27.925725
5.0,1,27.928236
4.75,2,27.933221
5.0,1,27.935854
5.0,1,27.938407
5.0,1,27.940938
5.0,1,27.943509
-2.0,1,27.945969
4.75,2,27.951102
-2.0,1,27.953581
5.0,1,27.95625
-2.0,1,27.958646
-2.0,1,27.961365
-2.0,1,27.964223
5.0,1,27.966787
-2.0,1,27.969256
5.0,1,27.972185
-2.0,1,27.974957
4.75,2,27.980448
4.75,2,27.985461
5.0,1,27.988046
-2.0,1,27.990796
5.0,1,27.993588
-2.0,1,27.996462
5.0,1,27.999311
5.0,1,28.002019
4.75,2,28.007639
-2.0,1,28.010303
4.75,2,28.016386
5.0,1,28.019026
5.0,1,28.021902
5.0,1,28.024435
4.75,2,28.029512
4.75,2,28.034636
-2.0,1,28.037104
-2.0,1,28.040241
-2.0,1,28.042909
-2.0,1,28.045691
5.0,1,28.048307
-2.0,1,28.051075
-2.0,1,28.053492
-2.0,1,28.056098
5.0,1,28.05886
5.0,1,28.06131
-2.0,1,28.063795
5.0,1,28.066868
-2.0,1,28.069228
-2.0,1,28.072023
5.0,1,28.075035
-2.0,1,28.077916
5.0,1,28.080898
4.75,2,28.086517
4.75,2,28.09212
5.0,1,28.094747
5.0,1,28.097333
5.0,1,28.099825
5.0,1,28.10208
-2.05,2,28.106616
5.0,1,28.108965
-2.0,1,28.111149
4.75,2,28.115786
5.0,1,28.118052
-2.0,1,28.120536
-2.0,1,28.122951
5.0,1,28.125255
4.75,2,28.129956
5.0,1,28.132218
4.75,2,28.136939
5.0,1,28.139227
-2.0,1,28.141456
-2.0,1,28.143815
4.75,2,28.1484
-2.0,1,28.150635
5.0,1,28.152975
5.0,1,28.155268
5.0,1,28.157556
5.0,1,28.159749
-2.0,1,28.162274
5.0,1,28.164613
5.0,1,28.166923
4.75,2,28.171617
5.0,1,28.173965
5.0,1,28.176287
-2.0,1,28.178592
5.0,1,28.180847
-2.0,1,28.183094
-2.0,1,28.185379
5.0,1,28.187709
4.75,2,28.192262
5.0,1,28.194558
-2.0,1,28.196817
-2.0,1,28.199063
4.75,2,28.203765
-2.0,1,28.206111
-2.0,1,28.208406
-2.0,1,28.210673
5.0,1,28.213048
4.75,2,28.21751
5.0,1,28.219767
5.0,1,28.222053
-2.0,1,28.224184
5.0,1,28.226491
-2.0,1,28.228686
4.75,2,28.233199
-2.0,1,28.235357
5.0,1,28.237704
5.0,1,28.240149
4.75,2,28.244793
5.0,1,28.247317
5.0,1,28.249671
-2.0,1,28.251939
-2.0,1,28.254256
-2.0,1,28.256676
5.0,1,28.259034
4.75,2,28.263674
5.0,1,28.265948
-2.0,1,28.268205
-2.0,1,28.270486
-2.0,1,28.272887
-2.0,1,28.275184
5.0,1,28.277486
4.75,2,28.282384
5.0,1,28.285219
-2.0,1,28.287596
5.0,1,28.291059
4.75,2,28.297483
5.0,1,28.300293
5.0,1,28.303152
5.0,1,28.306283
5.0,1,28.309217
5.0,1,28.312083
5.0,1,28.315295
-2.0,1,28.318346
5.0,1,28.320969
4.75,2,28.325923
5.0,1,28.328345
5.0,1,28.33095
-2.0,1,28.333645
-2.0,1,28.336369
5.0,1,28.340272
5.0,1,28.343285
4.75,2,28.348828
5.0,1,28.35189
5.0,1,28.355056
-2.0,1,28.358981
5.0,1,28.361982
5.0,1,28.365147
5.0,1,28.370105
-2.0,1,28.374008
4.75,2,28.379625
-2.0,1,28.382077
5.0,1,28.384586
-2.0,1,28.387445
4.75,2,28.395304
5.0,1,28.398223
4.75,2,28.404781
5.0,1,28.408355
5.0,1,28.411253
5.0,1,28.414252
-2.0,1,28.417404
5.0,1,28.42051
-2.0,1,28.423124
5.0,1,28.425896
5.0,1,28.428603
5.0,1,28.43122
5.0,1,28.433915
5.0,1,28.437799
5.0,1,28.441497
4.75,2,28.448585
4.75,2,28.456637
5.0,1,28.460455
4.75,2,28.467054
5.0,1,28.471534
5.0,1,28.475574
-2.0,1,28.478692
-2.0,1,28.481746
-2.0,1,28.484725
5.0,1,28.488337
5.0,1,28.492241
5.0,1,28.49542
-2.0,1,28.498408
5.0,1,28.50237
4.75,2,28.510405
5.0,1,28.513406
-2.0,1,28.51613
5.0,1,28.519818
5.0,1,28.523139
5.0,1,28.526197
4.75,2,28.53149
-2.0,1,28.534461
4.75,2,28.540606
5.0,1,28.543226
4.75,2,28.548407
4.75,2,28.554105
-2.0,1,28.556591
5.0,1,28.55911
5.0,1,28.561666
-2.0,1,28.56416
-2.0,1,28.56661
5.0,1,28.569454
-2.0,1,28.571934
-2.0,1,28.574288
-2.0,1,28.576736
-2.0,1,28.579227
-2.0,1,28.581603
-2.0,1,28.584036
-2.0,1,28.586288
5.0,1,28.588681
5.0,1,28.590914
5.0,1,28.59318
5.0,1,28.595431
5.0,1,28.597692
4.75,2,28.602334
5.0,1,28.6048
5.0,1,28.607002
-2.0,1,28.609218
5.0,1,28.611468
5.0,1,28.613735
-2.0,1,28.615873
-2.0,1,28.618234
-2.0,1,28.620443
-2.0,1,28.622843
-2.0,1,28.625089
4.75,2,28.629995
-2.0,1,28.632231
-2.0,1,28.634583
4.75,2,28.639245
-2.0,1,28.641641
-2.0,1,28.644039
5.0,1,28.646322
4.75,2,28.650903
-2.0,1,28.653082
4.75,2,28.657669
-2.0,1,28.659937
-2.0,1,28.662196
-2.0,1,28.664439
5.0,1,28.666795
-2.0,1,28.668982
4.75,2,28.67366
5.0,1,28.675905
4.75,2,28.680397
-2.0,1,28.682742
4.75,2,28.687264
-2.0,1,28.689393
-2.0,1,28.691671
5.0,1,28.693997
4.75,2,28.698529
5.0,1,28.700767
5.0,1,28.703188
-2.0,1,28.705381
4.75,2,28.709922
5.0,1,28.712185
5.0,1,28.714591
-2.0,1,28.717061
5.0,1,28.719414
5.0,1,28.721654
5.0,1,28.723836
-2.0,1,28.726085
-2.0,1,28.728299
5.0,1,28.730624
5.0,1,28.732851
4.75,2,28.7374
-2.0,1,28.739636
-2.0,1,28.741905
-2.0,1,28.744121
5.0,1,28.746403
4.75,2,28.751001
-2.0,1,28.753182
5.0,1,28.755396
-2.0,1,28.757643
5.0,1,28.759914
-2.0,1,28.76215
5.0,1,28.764467
-2.0,1,28.766627
5.0,1,28.768975
4.75,2,28.773476
5.0,1,28.775685
-2.05,2,28.780161
5.0,1,28.782465
-2.0,1,28.784665
-2.0,1,28.786925
5.0,1,28.789204
-2.0,1,28.791415
-2.0,1,28.793684
-2.0,1,28.795929
5.0,1,28.798238
4.75,2,28.802913
5.0,1,28.805177
5.0,1,28.807418
-2.0,1,28.809577
5.0,1,28.811861
5.0,1,28.814078
5.0,1,28.816324
4.75,2,28.820987
5.0,1,28.823193
5.0,1,28.825443
-2.0,1,28.827658
-2.0,1,28.829875
5.0,1,28.832161
5.0,1,28.834362
5.0,1,28.836669
-2.0,1,28.838879
4.75,2,28.84379
5.0,1,28.84608
5.0,1,28.848461
4.75,2,28.853004
5.0,1,28.855282
5.0,1,28.857773
5.0,1,28.860266
5.0,1,28.862846
-2.0,1,28.86536
-2.0,1,28.867797
4.75,2,28.872813
5.0,1,28.875326
-2.0,1,28.877599
5.0,1,28.88007
-2.0,1,28.882504
5.0,1,28.885087
4.75,2,28.889968
-2.0,1,28.892485
5.0,1,28.894967
-2.0,1,28.897308
5.0,1,28.899841
5.0,1,28.902294
5.0,1,28.904895
-2.0,1,28.907558
-2.0,1,28.910033
4.75,2,28.915105
5.0,1,28.917773
-2.0,1,28.920292
4.75,2,28.925375
-2.0,1,28.927757
5.0,1,28.930458
4.75,2,28.935749
5.0,1,28.938296
4.75,2,28.943434
4.75,2,28.94829
5.0,1,28.950746
4.75,2,28.955632
4.75,2,28.96058
5.0,1,28.96323
4.75,2,28.968094
5.0,1,28.970515
5.0,1,28.973531
-2.0,1,28.975819
5.0,1,30.538908
5.0,1,30.541358
4.75,2,30.545804
4.75,2,30.550424
5.0,1,30.55366
-2.0,1,30.555804
4.75,2,30.560193
-2.05,2,30.564494
4.75,2,30.56911
-2.0,1,30.571355
-2.0,1,30.573453
-2.0,1,30.575527
-2.0,1,30.577774
-4.3,11,30.602123
-5.55,16,30.637172
6.0,1,30.639636
-2.05,2,30.644352
-2.3,3,30.651352
5.0,1,30.653842
6.0,1,30.656199
-2.05,2,30.660973
6.0,1,30.663383
-2.05,2,30.668155
-5.25,18,30.710571
5.0,1,30.712939
-5.25,18,30.754022
-2.05,2,30.758357
4.75,2,30.762765
5.0,1,30.765363
-5.25,18,30.80635
-2.0,1,30.808605
-2.05,2,30.81292
6.0,1,30.815128
-2.0,1,30.817359
-2.0,1,30.819513
-5.25,18,30.85924
4.75,2,30.863477
5.0,1,30.865598
6.0,1,30.86767
-5.25,18,30.905661
-2.05,2,30.909693
-2.0,1,30.911728
4.75,2,30.915999
5.0,1,30.918025
4.75,2,30.922381
5.0,1,30.924513
5.0,1,30.926641
5.0,1,30.928663
-5.05,14,30.957747
-2.3,3,30.963966
4.75,2,30.968005
5.0,1,30.970029
-2.8,5,30.980159
-5.55,16,31.012403
-2.8,5,31.022699
6.0,1,31.024837
5.0,1,31.026927
5.75,2,31.030938
-2.0,1,31.032907
-2.8,5,31.042948
5.75,2,31.047065
-2.05,2,31.051224
-5.25,18,31.087838
-2.0,1,31.089843
5.0,1,31.091924
-4.3,11,31.114309
5.0,1,31.116395
-2.0,1,31.118361
5.0,1,31.120401
-2.0,1,31.122371
-2.0,1,31.124388
5.0,1,31.126434
5.0,1,31.128461
-3.8,9,31.147607
5.0,1,31.149757
-4.3,11,31.172481
-2.0,1,31.174544
-2.05,2,31.178857
6.0,1,31.181062
6.0,1,31.183144
-2.0,1,31.185155
6.0,1,31.187355
-2.3,3,31.193898
-5.25,18,31.2314
-2.0,1,31.233705
-2.0,1,31.235806
-5.25,18,31.274252
-2.05,2,31.278422
5.75,2,31.282821
-2.05,2,31.28727
-2.0,1,31.289579
-2.05,2,31.293965
5.0,1,31.29617
-2.05,2,31.300453
-2.0,1,31.302593
-2.05,2,31.306881
-2.05,2,31.311189
5.0,1,31.313395
5.0,1,31.315572
-2.0,1,31.317713
-2.3,3,31.324353
5.75,2,31.328985
-2.05,2,31.333688
4.65,8,31.351076
6.0,1,31.35333
-2.0,1,31.355407
-2.0,1,31.357554
4.75,2,31.361921
5.0,1,31.364111
-5.25,18,31.40407
6.0,1,31.406255
6.0,1,31.408459
6.0,1,31.410596
-5.25,18,31.449984
5.75,2,31.454352
-2.05,2,31.458829
-2.05,2,31.46332
5.75,2,31.467746
-5.25,18,31.506373
4.75,2,31.510777
-2.0,1,31.512949
6.0,1,31.515112
-2.0,1,31.517304
6.0,1,31.519522
5.0,1,31.521706
-2.0,1,31.523834
-2.0,1,31.52596
4.75,2,31.530231
-2.0,1,31.53237
-4.05,10,31.554331
-3.4,9,31.573901
4.75,2,31.578369
-2.0,1,31.580644
5.0,1,31.582818
6.0,1,31.584953
4.75,2,31.58933
5.0,1,31.591532
-4.05,10,31.613262
4.75,2,31.617764
4.75,2,31.622111
5.75,2,31.626423
-2.0,1,31.62858
5.0,1,31.630791
-2.0,1,31.632968
-5.25,18,33.185757
6.0,1,33.187906
-2.0,1,33.189967
6.0,1,33.192072
-2.0,1,33.19412
-2.0,1,33.196698
-2.0,1,33.199004
-2.05,2,33.203568
-2.05,2,33.208136
-5.25,18,33.25127
6.0,1,33.253664
-5.25,18,33.296301
5.0,1,33.298726
6.0,1,33.301088
4.45,8,33.318412
-2.0,1,33.320828
5.0,1,33.323241
-2.0,1,33.325635
5.0,1,33.327883
6.0,1,33.330106
-2.0,1,33.332278
5.75,2,33.336752
6.0,1,33.339103
6.0,1,33.341416
-5.25,18,33.37974
-2.0,1,33.381943
-3.8,9,33.400779
6.0,1,33.402984
5.0,1,33.40515
5.75,2,33.409395
-5.25,18,33.447501
6.0,1,33.449621
5.0,1,33.45182
-2.05,2,33.455929
6.0,1,33.45807
-5.25,18,33.498215
-5.25,18,33.535989
-2.05,2,33.540262
6.0,1,33.542387
5.0,1,33.544437
-2.0,1,33.54649
-2.05,2,33.550517
-2.0,1,33.552614
5.75,2,33.556832
-2.0,1,33.559008
5.0,1,33.561215
-2.0,1,33.563283
-3.05,6,33.577312
4.75,2,33.583266
6.0,1,33.58617
4.75,2,33.591711
-2.0,1,33.594473
5.0,1,33.597322
5.0,1,33.600089
5.75,2,33.605674
-2.0,1,33.608402
6.0,1,33.611222
-2.0,1,33.614025
5.75,2,33.619616
-2.0,1,33.622453
-2.0,1,33.625323
-5.3,15,33.664413
-2.0,1,33.666639
-2.0,1,33.668903
-6.05,18,33.708745
-2.0,1,33.710711
-2.05,2,33.714778
5.0,1,33.716867
-2.0,1,33.718815
-5.25,18,33.756226
-2.05,2,33.760838
6.0,1,33.763153
5.0,1,33.765444
4.75,2,33.769835
-5.25,18,33.809972
6.0,1,33.812225
-2.0,1,33.814434
5.75,2,33.818886
6.0,1,33.821128
4.75,2,33.825603
5.0,1,33.827854
5.0,1,33.829927
6.0,1,33.832073
6.0,1,33.834239
5.0,1,33.836255
5.75,2,33.840314
-2.05,2,33.844259
-2.3,3,33.850114
6.0,1,33.852209
5.0,1,33.854369
-5.25,18,33.891618
-2.0,1,33.893739
-2.05,2,33.897799
-2.3,3,33.903894
-3.8,9,33.921747
-4.3,11,33.943627
5.75,2,33.947443
-5.25,18,33.983264
5.75,2,33.987287
-2.0,1,33.989259
5.0,1,33.991286
5.0,1,33.993268
5.0,1,33.995361
-2.05,2,33.999335
5.0,1,34.00143
6.0,1,34.003467
-4.55,12,34.029132
5.75,2,34.033077
4.75,2,34.037021
-2.55,4,34.045001
-2.05,2,34.04954
6.0,1,34.05191
-2.0,1,34.054087
5.0,1,34.056414
6.0,1,34.058751
4.75,2,34.063755
5.0,1,34.066311
-2.0,1,34.06939
-2.0,1,34.071801
-2.0,1,34.0739
4.75,2,34.078586
5.0,1,34.081516
-2.0,1,34.08357
6.0,1,34.085778
-3.05,6,34.098231
-5.25,18,34.134787
-2.0,1,34.136789
5.75,2,34.141298
6.0,1,34.143328
-2.05,2,34.147414
-2.0,1,34.149474
-2.05,2,34.153733
6.0,1,34.155784
-5.25,18,34.192763
-5.3,15,34.224252
-5.25,18,34.261877
4.75,2,34.265984
-5.25,18,35.722917
4.75,2,35.727145
-5.25,18,35.767991
6.0,1,35.770247
4.75,2,35.774705
-4.8,13,35.801683
5.0,1,35.804067
6.0,1,35.806412
5.75,2,35.81112
-2.0,1,35.81339
-2.0,1,35.815665
5.0,1,35.818026
5.0,1,35.820321
-2.05,2,35.824957
-2.0,1,35.827259
-2.0,1,35.829622
6.0,1,35.832018
6.0,1,35.83442
4.75,2,35.839187
6.0,1,35.841576
-2.05,2,35.846201
5.0,1,35.84859
-5.25,18,35.890173
-2.0,1,35.892468
-2.55,4,35.901711
6.0,1,35.904055
-2.0,1,35.906302
5.75,2,35.911006
6.0,1,35.913422
5.0,1,35.915792
4.75,2,35.920514
5.0,1,35.922864
-2.8,5,35.934714
4.75,2,35.939387
-2.0,1,35.941701
-5.25,18,35.983596
-5.25,18,36.024791
4.75,2,36.029467
-5.25,18,36.071376
6.0,1,36.073695
4.75,2,36.078354
5.0,1,36.080725
4.75,2,36.085338
5.0,1,36.08767
-2.0,1,36.089974
5.0,1,36.092318
-2.0,1,36.094635
-2.0,1,36.096999
-2.0,1,36.099391
-5.25,18,36.141009
-3.8,9,36.161754
-5.25,18,36.203431
-2.0,1,36.20567
-5.25,18,36.247722
5.0,1,36.250045
6.0,1,36.252362
4.75,2,36.257097
-2.05,2,36.261734
-5.25,18,36.303979
5.75,2,36.308666
5.0,1,36.311024
-2.05,2,36.315467
4.75,2,36.320001
6.0,1,36.322281
-5.25,18,36.363977
6.0,1,36.366288
6.0,1,36.368587
-2.05,2,36.373205
-2.05,2,36.377882
-5.25,18,36.419028
-2.55,4,36.428131
-2.0,1,36.430541
-2.05,2,36.435303
-2.05,2,36.440113
5.75,2,36.444874
5.0,1,36.447149
5.0,1,36.449488
-2.3,3,36.456373
-5.25,18,36.497531
5.0,1,36.499785
-2.0,1,36.502013
-3.55,8,36.519348
6.0,1,36.521713
6.0,1,36.524008
5.0,1,36.526092
6.0,1,36.528237
4.75,2,36.532245
6.0,1,36.534299
5.0,1,36.536326
5.75,2,36.540979
4.75,2,36.54581
-2.0,1,36.548139
-5.25,18,36.589628
5.0,1,36.591937
-5.25,18,36.631199
-5.25,18,36.669145
-2.0,1,36.6713
5.75,2,36.675579
6.0,1,36.677847
6.0,1,36.680087
-5.25,18,36.71823
5.0,1,36.720512
4.75,2,36.72482
4.75,2,36.729028
4.75,2,36.733334
6.0,1,36.735452
-5.25,18,36.773282
-2.05,2,36.777431
-2.05,2,36.781955
6.0,1,36.784158
-2.0,1,36.786312
-2.0,1,36.788429
-2.05,2,36.792854
-2.05,2,36.797199
-2.0,1,36.79937
-3.8,9,36.819129
4.75,2,36.823685
5.0,1,36.825959
-5.25,18,38.419091
6.0,1,38.421676
-2.05,2,38.426379
4.75,2,38.431197
-2.05,2,38.435944
-5.25,18,38.476374
-5.25,18,38.517566
-5.25,18,38.559097
-2.05,2,38.5636
-3.05,6,38.577307
5.0,1,38.57978
6.0,1,38.582154
5.75,2,38.586656
-5.25,18,38.627842
-3.05,6,38.64147
-5.25,18,38.68303
-2.05,2,38.687482
5.0,1,38.689761
-2.05,2,38.694445
-2.0,1,38.696731
5.75,2,38.701433
-5.25,18,38.743236
-2.0,1,38.745461
-2.05,2,38.749974
5.75,2,38.754467
-2.55,4,38.763622
-2.0,1,38.765907
5.0,1,38.768332
4.75,2,38.772985
-2.0,1,38.775295
6.0,1,38.77773
4.75,2,38.782301
-2.55,4,38.791373
-2.0,1,38.793621
5.0,1,38.795945
5.0,1,38.798212
-2.05,2,38.802728
4.75,2,38.807286
-4.8,13,38.836543
-2.0,1,38.838766
4.75,2,38.843266
-5.25,18,38.883972
4.75,2,38.88862
-2.0,1,38.890825
-5.55,16,38.928028
5.75,2,38.932725
-5.25,18,38.974986
5.0,1,38.977296
5.0,1,38.979524
-2.05,2,38.98401
5.75,2,38.98866
-5.25,18,39.030046
5.75,2,39.034795
-4.55,12,39.062466
-5.25,18,39.10348
4.75,2,39.108191
-5.25,18,39.148387
5.75,2,39.1532
5.0,1,39.155674
5.75,2,39.160547
-2.55,4,39.169679
5.0,1,39.172119
-3.55,8,39.193552
-2.0,1,39.195867
6.0,1,39.19823
5.0,1,39.200605
5.75,2,39.205509
5.75,2,39.21048
-2.05,2,39.21508
-2.0,1,39.217418
-2.0,1,39.219765
-2.05,2,39.224415
-5.25,18,39.269708
-2.0,1,39.27208
-2.0,1,39.274524
5.0,1,39.277149
-3.55,8,39.296553
-3.3,7,39.313836
5.75,2,39.318978
-5.25,18,39.362232
-5.25,18,39.404608
-5.25,18,39.447044
-2.05,2,39.451581
-5.25,18,39.494272
-2.05,2,39.498927
-3.8,9,39.51993
5.0,1,39.522412
5.75,2,39.527058
-2.05,2,39.531622
-2.05,2,39.5361
-2.0,1,39.538356
-2.05,2,39.542803
6.0,1,39.545086
5.0,1,39.547353
5.75,2,39.551902
5.75,2,39.5568
-2.05,2,39.561847
-3.05,6,39.57628
-3.55,8,39.595528
-2.0,1,39.597974
-2.8,5,41.21333
-2.05,2,41.217792
4.75,2,41.222249
-2.05,2,41.22693
-2.0,1,41.229192
-2.05,2,41.233485
-5.25,18,41.27314
-2.55,4,41.282048
5.75,2,41.286562
4.75,2,41.291349
6.0,1,41.293505
-2.0,1,41.295671
5.0,1,41.297979
-5.8,17,41.33573
-4.55,12,41.362832
-4.55,12,41.390529
-2.0,1,41.392966
-5.25,18,41.43406
-2.55,4,41.443431
-2.0,1,41.445836
-5.55,16,41.483041
-5.25,18,41.525379
6.0,1,41.527786
-2.0,1,41.530146
-2.05,2,41.534785
-2.3,3,41.541784
-2.0,1,41.544107
4.75,2,41.54882
4.75,2,41.553427
-2.05,2,41.557958
-5.25,18,41.599535
5.75,2,41.604282
-5.25,18,41.648593
5.0,1,41.6512
6.0,1,41.653973
4.75,2,41.658971
-2.05,2,41.663985
5.0,1,41.666424
5.0,1,41.668898
-5.55,16,41.70509
5.0,1,41.707261
5.0,1,41.709537
5.75,2,41.713884
-2.0,1,41.716022
-2.0,1,41.718236
-2.05,2,41.722638
5.0,1,41.724888
5.0,1,41.727058
-5.25,18,41.766277
-2.3,3,41.772838
6.0,1,41.774992
4.75,2,41.779266
5.0,1,41.781475
-2.55,4,41.789935
-5.25,18,41.831218
-5.25,18,41.871909
5.0,1,41.874302
5.75,2,41.878897
4.75,2,41.88344
4.75,2,41.888115
-2.0,1,41.890413
-2.55,4,41.899567
5.75,2,41.904175
-2.05,2,41.908783
4.75,2,41.913495
-2.05,2,41.918082
-5.25,18,41.960288
4.75,2,41.965128
-5.25,18,42.010167
-2.05,2,42.01517
6.0,1,42.017759
5.0,1,42.020325
5.0,1,42.022912
5.0,1,42.025467
-3.55,8,42.044784
-2.0,1,42.047042
-2.0,1,42.049334
-2.0,1,42.051855
-5.25,18,42.093673
-2.0,1,42.096064
-4.8,13,42.125398
-2.3,3,42.13214
-2.0,1,42.134378
-2.3,3,42.141386
-2.55,4,42.150555
-2.0,1,42.15278
4.75,2,42.157272
-2.0,1,42.159565
-3.05,6,42.172997
-5.25,18,42.214059
-2.0,1,42.216253
-2.05,2,42.220844
4.75,2,42.225381
4.75,2,42.229838
5.0,1,42.232075
-5.25,18,42.272559
6.0,1,42.274875
5.0,1,42.277139
-2.3,3,42.284015
6.0,1,42.286303
-2.0,1,42.288487
-2.05,2,42.292958
4.75,2,42.297393
-5.25,18,42.337815
5.75,2,42.342451
4.75,2,42.347079
5.75,2,42.351704
-2.05,2,42.356259
-2.0,1,42.358641
-2.05,2,42.363181
-2.0,1,42.365526
-2.05,2,42.370035
-2.05,2,42.374599
6.0,1,42.377024
-2.0,1,42.379331
5.0,1,42.381703
4.75,2,43.974034
4.75,2,43.978087
-5.25,18,44.016711
6.0,1,44.018903
4.75,2,44.023346
-5.25,18,44.062571
5.0,1,44.064797
-5.55,16,44.099118
4.75,2,44.103379
4.75,2,44.107808
-2.55,4,44.116571
-2.05,2,44.121462
-2.0,1,44.123862
4.75,2,44.128215
-2.05,2,44.13245
-2.0,1,44.13459
-2.0,1,44.136663
6.0,1,44.138812
4.75,2,44.143073
6.0,1,44.145334
-3.05,6,44.158394
-2.05,2,44.163004
-3.3,7,44.178419
-2.0,1,44.180631
-2.0,1,44.182711
-4.3,11,44.206383
-5.25,18,44.245335
6.0,1,44.247688
5.0,1,44.249858
4.75,2,44.254284
-4.8,13,44.284117
6.0,1,44.286396
-5.25,18,44.325342
-2.0,1,44.32742
-2.05,2,44.331641
-2.05,2,44.335873
5.75,2,44.340256
5.0,1,44.342373
-2.0,1,44.34449
-2.55,4,44.353069
5.0,1,44.355255
-2.55,4,44.363634
-2.0,1,44.365755
5.0,1,44.367898
-5.05,14,44.398006
-2.05,2,44.402422
5.75,2,44.406965
4.75,2,44.411385
6.0,1,44.413562
5.75,2,44.418009
5.75,2,44.42229
-2.0,1,44.424436
-2.05,2,44.428805
6.0,1,44.431123
-5.25,18,44.472721
-3.3,7,44.489562
-5.25,18,44.530785
-2.0,1,44.533085
-3.55,8,44.55081
-2.0,1,44.553111
-2.0,1,44.555302
6.0,1,44.557616
5.0,1,44.559845
5.75,2,44.564254
5.0,1,44.566527
6.0,1,44.568886
-5.25,18,44.607835
6.0,1,44.609973
-2.0,1,44.61202
-5.25,18,44.650653
6.0,1,44.652853
-2.05,2,44.657065
6.0,1,44.65927
-5.55,16,44.693969
5.0,1,44.696223
-3.3,7,44.711046
5.0,1,44.713297
-2.0,1,44.715529
-5.8,17,44.752164
5.0,1,44.75436
-2.0,1,44.75658
-2.0,1,44.758757
4.75,2,44.763166
-3.05,6,44.77603
5.75,2,44.780319
-2.05,2,44.784461
4.75,2,44.788842
-2.55,4,44.797909
-2.0,1,44.800349
-2.0,1,44.802783
6.0,1,44.805248
4.75,2,44.810168
-5.25,18,44.851002
5.0,1,44.853318
-5.25,18,44.89394
-2.0,1,44.896208
-2.3,3,44.903116
-2.0,1,44.905425
-4.05,10,44.928481
-3.8,9,44.949471
4.75,2,44.954064
5.75,2,44.958658
-2.0,1,44.960934
5.75,2,44.965512
-2.05,2,44.969809
-2.0,1,44.971941
6.0,1,44.974123
4.75,2,44.978288
-2.0,1,44.980558
-2.0,1,44.982749
-5.25,18,45.022163
-2.0,1,45.024349
5.0,1,45.026578
5.75,2,45.030889
-3.05,6,45.043644
-2.05,2,45.047779
-2.0,1,45.049861
-2.0,1,45.051938
4.75,2,45.056103
4.75,2,45.060297
-2.0,1,45.062413
-2.0,1,45.064527
-4.05,10,45.08592
-4.55,12,46.935501
-2.0,1,46.938312
-2.0,1,46.940933
-2.0,1,46.943618
5.75,2,46.948903
6.0,1,46.951548
4.75,2,46.956795
-3.55,8,46.980029
-2.05,2,46.986095
-2.0,1,46.989108
-2.0,1,46.992084
6.0,1,46.995723
5.0,1,46.999538
5.75,2,47.006519
5.75,2,47.013614
-2.0,1,47.016968
-2.05,2,47.023822
5.0,1,47.026766
-2.05,2,47.031361
-4.3,11,47.057222
-2.0,1,47.059906
4.75,2,47.065908
6.0,1,47.068548
-2.0,1,47.071234
-3.05,6,47.087971
6.0,1,47.09152
-2.0,1,47.094932
4.75,2,47.100354
6.0,1,47.102954
-2.0,1,47.10563
-2.55,4,47.115492
-2.0,1,47.117895
4.75,2,47.12264
5.75,2,47.127682
-2.0,1,47.130132
-3.15,8,47.15
-2.05,2,47.155709
-2.0,1,47.158324
-2.0,1,47.160763
5.0,1,47.163143
-3.3,7,47.189264
-2.05,2,47.196814
5.0,1,47.2005
5.0,1,47.20397
4.75,2,47.211066
-2.0,1,47.214607
-4.3,11,47.257551
5.75,2,47.264889
5.0,1,47.268375
-2.0,1,47.271042
-2.05,2,47.276193
-2.05,2,47.281523
5.0,1,47.284933
-4.8,13,47.325775
5.75,2,47.332022
5.75,2,47.337677
4.75,2,47.343119
-2.05,2,47.348784
5.0,1,47.351774
-2.05,2,47.357341
4.75,2,47.363135
4.75,2,47.368193
5.75,2,47.373321
-4.05,10,47.398489
5.0,1,47.401057
-2.0,1,47.403497
-2.0,1,47.406179
-2.0,1,47.408795
-2.05,2,47.413941
-4.55,12,47.443848
-2.05,2,47.448837
4.75,2,47.453786
5.0,1,47.456258
-2.0,1,47.458897
-2.0,1,47.461412
-2.55,4,47.471461
-2.05,2,47.476491
-2.05,2,47.481334
-5.8,17,47.524195
-2.3,3,47.532232
-2.0,1,47.534689
5.0,1,47.537373
-2.0,1,47.539953
6.0,1,47.542867
5.0,1,47.545358
6.0,1,47.548129
6.0,1,47.550593
-2.0,1,47.55312
-3.3,7,47.570983
6.0,1,47.573474
5.0,1,47.576149
5.0,1,47.578707
5.75,2,47.58391
5.75,2,47.589146
-3.55,8,47.611011
5.0,1,47.613633
4.75,2,47.619107
4.75,2,47.624632
-5.3,15,47.665992
-2.0,1,47.668695
-5.3,15,47.712404
5.0,1,47.715662
-2.0,1,47.718566
6.0,1,47.721606
5.0,1,47.724824
-5.8,17,47.778319
4.75,2,47.784915
-2.0,1,47.787822
5.75,2,47.793448
-2.05,2,47.799177
-2.05,2,47.804891
-5.05,14,47.848796
5.75,2,47.855275
5.0,1,47.858417
-2.05,2,47.864974
-2.05,2,47.871514
6.0,1,47.874727
-2.0,1,47.878233
4.75,2,47.884932
-2.05,2,47.891144
5.75,2,47.897868
-2.05,2,47.90466
-2.0,1,47.90787
-2.05,2,47.914201
5.0,1,47.917577
6.0,1,47.920568
-2.0,1,47.923685
-2.05,2,47.929784
5.75,2,47.936
-2.0,1,47.939023
-5.25,18,47.992763
-2.0,1,47.996255
5.0,1,48.002517
-5.05,14,48.052906
-2.55,4,48.067546
-2.55,4,48.081185
5.75,2,48.088503
-2.0,1,48.092143
-3.05,6,48.117372
4.75,2,48.127834
-6.05,18,48.207891
-2.05,2,48.219031
6.0,1,48.224892
5.0,1,48.230662
5.75,2,48.240894
5.75,2,48.250185
-2.0,1,48.253732
4.75,2,48.262594
5.75,2,48.27061
6.0,1,48.274922
5.0,1,48.279041
5.0,1,48.282479
4.75,2,48.291035
-2.05,2,48.298246
-5.25,18,48.363002
-2.05,2,48.369574
-2.0,1,48.373023
5.0,1,48.376566
-2.0,1,48.380404
-5.25,18,48.437553
-2.55,4,48.448882
6.0,1,48.451724
-5.25,18,48.508956
-2.0,1,48.512014
6.0,1,48.515882
4.75,2,50.573055
-2.05,2,50.579283
5.0,1,50.582185
5.0,1,50.584995
5.0,1,50.587838
5.75,2,50.593318
-2.3,3,50.601453
-2.0,1,50.604724
-2.05,2,50.611279
-2.0,1,50.615146
-2.0,1,50.618565
5.0,1,50.622668
-2.05,2,50.628765
4.75,2,50.63497
5.0,1,50.637877
5.0,1,50.640778
-4.05,10,50.667969
-2.0,1,50.670557
5.0,1,50.673231
4.75,2,50.678368
-2.0,1,50.680966
-5.25,18,50.728527
-2.3,3,50.73631
6.0,1,50.738992
-2.05,2,50.744228
-2.0,1,50.747031
5.0,1,50.749765
4.75,2,50.754857
5.75,2,50.760021
5.75,2,50.765262
-5.55,16,50.808515
5.0,1,50.811479
5.75,2,50.817035
5.75,2,50.822265
-3.55,8,50.843917
4.75,2,50.849252
4.75,2,50.854414
5.0,1,50.857038
5.75,2,50.86243
-2.05,2,50.867641
-5.25,18,50.915029
6.0,1,50.917726
5.75,2,50.923053
-2.0,1,50.925643
-2.0,1,50.928279
6.0,1,50.930995
-2.0,1,50.933511
6.0,1,50.936218
6.0,1,50.93901
-2.8,5,50.953469
-5.25,18,51.00171
-2.0,1,51.004292
-2.0,1,51.006972
5.0,1,51.009686
-5.25,18,51.058914
-2.0,1,51.061283
-2.3,3,51.068534
-5.25,18,51.114213
-5.25,18,51.160974
-2.3,3,51.169588
-2.0,1,51.173464
4.75,2,51.180639
-2.8,5,51.202134
5.75,2,51.210306
4.75,2,51.217851
6.0,1,51.220832
6.0,1,51.223475
-2.05,2,51.228732
4.75,2,51.233819
5.75,2,51.239373
4.75,2,51.245052
-2.0,1,51.248059
4.75,2,51.253548
-2.0,1,51.256189
-2.05,2,51.261213
5.0,1,51.263767
-2.0,1,51.266252
-6.05,18,51.313535
-2.05,2,51.318348
5.0,1,51.321124
5.75,2,51.326058
4.75,2,51.331108
5.75,2,51.336185
6.0,1,51.338655
5.75,2,51.343845
5.75,2,51.348927
-2.05,2,51.353932
5.0,1,51.35654
-3.55,8,51.376102
6.0,1,51.378695
4.75,2,51.383611
-2.05,2,51.38837
6.0,1,51.390814
5.75,2,51.395648
4.75,2,51.400538
6.0,1,51.40299
-3.8,9,51.424173
5.0,1,51.426537
5.75,2,51.431237
-2.05,2,51.435802
-5.8,17,51.477014
-2.0,1,51.47957
-5.25,18,51.533273
-2.05,2,51.538672
-5.25,18,51.588397
-2.0,1,51.591038
-2.05,2,51.596724
5.75,2,51.613465
4.75,2,51.619236
-2.05,2,51.624501
-2.05,2,51.630126
5.75,2,51.635892
-2.0,1,51.63852
6.0,1,51.641562
-2.55,4,51.652506
4.75,2,51.657936
-2.05,2,51.663544
5.0,1,51.666436
6.0,1,51.66906
-5.25,18,51.720001
5.0,1,51.722587
-2.0,1,51.724992
6.0,1,51.727557
-2.0,1,51.730021
5.0,1,51.732462
-3.8,9,51.755946
6.0,1,51.75913
-5.25,18,51.80838
-2.0,1,51.811069
6.0,1,51.813963
5.0,1,51.816676
6.0,1,51.819326
-3.3,7,51.838134
4.75,2,51.843919
5.0,1,51.847035
-2.0,1,51.849682
-2.0,1,51.852246
5.0,1,51.855203
-5.8,17,51.917654
-2.0,1,51.920275
6.0,1,51.922922
-2.05,2,51.928521
-3.55,8,51.94832
6.0,1,51.950781
-5.55,16,53.775952
4.75,2,53.780713
5.0,1,53.782971
6.0,1,53.785332
4.75,2,53.790129
-2.0,1,53.792567
-5.55,16,53.832729
-2.05,2,53.837804
4.75,2,53.842752
5.75,2,53.847554
-2.05,2,53.852274
-2.0,1,53.854571
-2.0,1,53.856964
-5.3,15,53.892156
6.0,1,53.89464
-2.05,2,53.899361
5.0,1,53.901858
6.0,1,53.904307
6.0,1,53.90677
-2.05,2,53.911498
5.0,1,53.91494
-2.0,1,53.918042
-2.0,1,53.920733
6.0,1,53.923515
4.75,2,53.929035
-2.0,1,53.931715
-5.25,18,53.979337
6.0,1,53.981988
5.0,1,53.98464
5.0,1,53.987264
5.0,1,53.989977
5.0,1,53.992623
-2.55,4,54.003
6.0,1,54.005676
5.0,1,54.008327
-3.05,6,54.024299
5.0,1,54.027087
5.75,2,54.032307
-2.0,1,54.034849
-3.3,7,54.05344
-2.8,5,54.066839
-2.05,2,54.072025
5.0,1,54.074672
-2.0,1,54.077235
4.75,2,54.082542
-3.8,9,54.106043
-5.8,17,54.151281
-2.0,1,54.154012
-2.3,3,54.162892
-2.0,1,54.165817
-2.05,2,54.171237
-2.55,4,54.182678
5.75,2,54.188856
-2.05,2,54.194376
-2.05,2,54.200217
-2.0,1,54.202962
5.0,1,54.20572
-5.25,18,54.255912
5.0,1,54.258669
-2.05,2,54.263742
6.0,1,54.26638
-2.0,1,54.269064
-2.0,1,54.271614
4.75,2,54.277103
5.75,2,54.282209
5.75,2,54.28771
-5.25,18,54.33446
-5.05,14,54.370235
-2.0,1,54.372864
-2.05,2,54.37824
-3.8,9,54.401336
5.0,1,54.403958
-2.05,2,54.409241
4.75,2,54.414516
5.75,2,54.41968
5.0,1,54.422318
-5.25,18,54.469633
-2.0,1,54.472144
4.75,2,54.477437
-5.25,18,54.524739
-2.05,2,54.529631
5.0,1,54.53199
6.0,1,54.53442
-5.25,18,54.584487
5.0,1,54.587223
5.75,2,54.592613
6.0,1,54.59519
-2.05,2,54.601149
-5.25,18,54.653454
-5.25,18,54.704235
4.75,2,54.70993
6.0,1,54.712597
6.0,1,54.715266
-5.25,18,54.768098
5.0,1,54.771212
6.0,1,54.774024
5.75,2,54.779525
6.0,1,54.782514
-4.3,11,54.815893
-2.05,2,54.821341
5.75,2,54.826951
-2.05,2,54.832217
-2.3,3,54.840396
-6.05,18,54.890242
4.75,2,54.895656
5.0,1,54.89835
5.0,1,54.900991
6.0,1,54.903696
-2.0,1,54.906319
4.75,2,54.91163
6.0,1,54.91437
5.0,1,54.917067
-5.25,18,54.97075
-2.0,1,54.973217
-2.0,1,54.975664
-5.25,18,55.048502
-2.0,1,55.052555
-2.05,2,55.058502
4.75,2,55.064322
4.75,2,55.069745
-2.0,1,55.072235
5.0,1,55.074836
-2.05,2,55.079835
-2.05,2,55.085675
-2.0,1,55.0882
-2.55,4,55.101325
5.0,1,55.104737
-2.3,3,55.113781
-3.05,6,55.148133
-5.25,18,57.038419
-2.0,1,57.040447
5.0,1,57.042483
4.75,2,57.046915
5.0,1,57.049018
-2.05,2,57.053117
5.0,1,57.055188
-2.3,3,57.060999
5.0,1,57.06304
5.75,2,57.067069
5.75,2,57.070944
5.75,2,57.074763
-2.0,1,57.076668
-3.05,6,57.088673
-2.05,2,57.092678
6.0,1,57.094701
-6.05,18,57.131136
4.75,2,57.135278
5.0,1,57.137349
4.75,2,57.141357
-2.0,1,57.143311
5.0,1,57.145336
-2.0,1,57.147297
4.75,2,57.151395
5.0,1,57.153387
4.75,2,57.157495
-2.0,1,57.159439
-2.0,1,57.161505
-3.8,9,57.179754
6.0,1,57.181777
6.0,1,57.183803
-2.0,1,57.185819
-2.0,1,57.187786
-5.55,16,57.220796
-2.0,1,57.222938
-2.05,2,57.227278
4.75,2,57.231579
-5.25,18,57.272444
-2.05,2,57.276941
5.0,1,57.279298
5.0,1,57.281484
4.75,2,57.285858
-2.1,3,57.292473
-2.0,1,57.29466
-2.8,5,57.305547
5.75,2,57.309861
5.0,1,57.311974
-2.0,1,57.314119
-2.0,1,57.316232
6.0,1,57.318456
-2.0,1,57.320507
5.75,2,57.324794
-2.3,3,57.331186
-2.0,1,57.333333
5.0,1,57.33546
5.0,1,57.33756
-2.05,2,57.341851
-4.55,12,57.367324
-2.8,5,57.378131
-2.05,2,57.382288
5.75,2,57.386494
-2.3,3,57.392898
-5.25,18,57.431597
6.0,1,57.433777
-2.0,1,57.435879
-2.05,2,57.440167
4.75,2,57.444721
6.0,1,57.447009
-2.0,1,57.449265
4.75,2,57.453592
-2.05,2,57.457942
-2.0,1,57.460121
4.75,2,57.464462
-2.05,2,57.46875
-2.0,1,57.471016
5.75,2,57.475237
-2.3,3,57.481596
5.75,2,57.485861
4.75,2,57.490081
-2.0,1,57.492152
4.75,2,57.496413
-2.05,2,57.500608
5.75,2,57.504838
-2.3,3,57.51094
-2.0,1,57.512987
-2.0,1,57.515041
-2.0,1,57.517406
4.75,2,57.52203
-5.25,18,57.562311
-2.0,1,57.56455
4.75,2,57.569201
-2.0,1,57.571354
-2.0,1,57.57365
-2.0,1,57.576302
5.0,1,57.579321
-2.05,2,57.58376
5.0,1,57.585959
5.0,1,57.588059
-4.05,10,57.60826
5.0,1,57.610354
4.75,2,57.614363
4.75,2,57.618431
-2.0,1,57.620335
-4.8,13,57.646525
6.0,1,57.648634
-2.05,2,57.652656
5.75,2,57.656662
6.0,1,57.658608
6.0,1,57.660647
-2.0,1,57.662517
-3.3,7,57.676286
5.75,2,57.680324
5.0,1,57.682363
6.0,1,57.684348
4.75,2,57.688517
5.0,1,57.690461
-2.05,2,57.694301
6.0,1,57.696278
-5.05,14,57.724076
-2.05,2,57.72806
-2.05,2,57.73208
5.0,1,57.734158
-2.3,3,57.740091
-2.0,1,57.74217
-2.3,3,57.748224
5.0,1,57.750238
4.75,2,57.754126
5.0,1,57.756191
5.0,1,57.758173
5.75,2,57.762206
5.75,2,57.766258
-2.0,1,57.768229
6.0,1,57.770202
-2.0,1,57.772259
4.75,2,57.776409
5.0,1,57.778477
-2.0,1,57.780499
5.75,2,57.784651
-2.05,2,57.78863
-2.05,2,57.792579
-4.55,12,57.816344
6.0,1,57.818518
-2.0,1,57.820726
4.75,2,57.82524
5.75,2,57.829638
6.0,1,57.831822
-2.0,1,57.83396
5.75,2,57.838222
4.75,2,57.842506
5.0,1,57.844722
-2.05,2,57.848965
-2.05,2,57.853203
5.0,1,57.855409
4.75,2,57.859714
-2.1,3,57.866129
-4.3,11,57.889157
5.75,2,57.893433
5.0,1,57.895649
-2.0,1,57.897796
6.0,1,57.899993
-2.0,1,57.90223
5.75,2,57.906694
-2.05,2,57.912082
-2.0,1,57.914552
-2.0,1,57.916931
-2.0,1,57.919299
6.0,1,57.921655
6.0,1,57.924049
-2.0,1,57.926353
-2.0,1,57.928742
-4.05,10,57.952633
-2.0,1,57.954956
5.75,2,57.959569
4.75,2,57.964571
5.75,2,57.96947
-2.0,1,57.971847
-5.25,18,58.015019
-2.0,1,58.017316
6.0,1,58.019719
-2.05,2,58.02448
4.75,2,58.0293
5.75,2,58.034188
-2.0,1,58.036782
-2.0,1,58.039253
-4.8,13,58.071594
5.75,2,58.076492
6.0,1,58.078959
4.75,2,58.084001
-2.05,2,58.088764
5.0,1,58.091271
5.75,2,58.096114
-2.05,2,58.101194
-5.55,16,58.142176
4.75,2,59.865903
-2.05,2,59.870332
-5.25,18,59.909694
-2.0,1,59.911808
6.0,1,59.914031
5.75,2,59.918522
5.75,2,59.922774
-3.3,7,59.937878
-2.0,1,59.940023
-2.0,1,59.942215
-5.25,18,59.981798
5.75,2,59.98609
-2.0,1,59.988317
-5.55,16,60.023136
-2.8,5,60.034312
-2.55,4,60.045002
5.0,1,60.047805
-3.05,6,60.064033
5.0,1,60.066944
-2.05,2,60.072711
5.0,1,60.075673
6.0,1,60.078622
6.0,1,60.081596
-2.0,1,60.084561
-2.05,2,60.090416
-2.05,2,60.096135
5.75,2,60.102171
5.0,1,60.105071
5.75,2,60.111042
-2.55,4,60.122581
6.0,1,60.125829
-2.05,2,60.131567
5.75,2,60.13744
-2.0,1,60.140216
-2.05,2,60.146185
6.0,1,60.14925
4.75,2,60.155405
-2.05,2,60.161859
-2.05,2,60.167918
4.75,2,60.17332
-2.55,4,60.182897
6.0,1,60.1853
5.75,2,60.189969
6.0,1,60.192902
-5.25,18,60.236385
-2.3,3,60.243664
5.75,2,60.248657
5.75,2,60.25361
-2.0,1,60.255927
5.0,1,60.258429
4.75,2,60.263192
5.0,1,60.265585
5.0,1,60.26798
-2.0,1,60.270269
6.0,1,60.272765
-2.3,3,60.279975
5.75,2,60.284999
5.0,1,60.287496
-2.0,1,60.28998
-5.25,18,60.334894
6.0,1,60.337523
5.75,2,60.342438
5.75,2,60.347677
4.75,2,60.352627
-5.55,16,60.393185
5.75,2,60.398329
-2.05,2,60.403297
5.75,2,60.408367
5.75,2,60.413703
-2.0,1,60.416311
4.75,2,60.421604
5.0,1,60.424081
-2.0,1,60.426582
6.0,1,60.429123
5.75,2,60.43409
5.75,2,60.438898
-2.0,1,60.441336
6.0,1,60.443752
5.75,2,60.448689
5.75,2,60.453261
5.75,2,60.457809
5.0,1,60.460137
6.0,1,60.462864
-2.3,3,60.4704
-2.0,1,60.472949
5.75,2,60.477972
5.0,1,60.480466
-4.05,10,60.505267
-2.0,1,60.507663
5.75,2,60.512641
5.0,1,60.515098
6.0,1,60.517549
-2.05,2,60.522426
5.75,2,60.527362
-2.05,2,60.532372
6.0,1,60.53502
-2.0,1,60.537648
6.0,1,60.540299
-2.0,1,60.542982
-4.05,10,60.569449
6.0,1,60.572149
5.75,2,60.57737
5.0,1,60.580078
-2.05,2,60.585009
4.75,2,60.590992
-2.0,1,60.593718
-2.3,3,60.6017
4.75,2,60.606815
5.75,2,60.611669
4.75,2,60.616498
-2.05,2,60.621247
-2.05,2,60.626119
6.0,1,60.628563
4.75,2,60.633365
-2.0,1,60.635719
-2.0,1,60.638119
-2.0,1,60.640525
-2.05,2,60.645495
5.0,1,60.647973
5.0,1,60.650424
-2.0,1,60.652963
4.75,2,60.658051
-2.0,1,60.66047
4.75,2,60.665241
5.75,2,60.670038
5.0,1,60.672455
5.0,1,60.674704
-2.0,1,60.676944
4.75,2,60.681486
4.75,2,60.686111
4.75,2,60.690669
5.0,1,60.693029
-2.0,1,60.695277
-2.0,1,60.697708
5.75,2,60.702322
-6.05,18,60.74281
6.0,1,60.745125
-5.3,15,60.779672
-2.0,1,60.781984
-2.0,1,60.784382
5.0,1,60.786879
-2.0,1,60.78916
-5.25,18,60.83076
5.0,1,60.833101
5.0,1,60.835422
6.0,1,60.837727
-2.0,1,60.839987
5.0,1,60.842379
-2.0,1,60.844756
-2.0,1,60.847064
-3.8,9,60.867788
-2.0,1,60.87006
-3.8,9,60.891033
-2.55,4,60.900001
-2.0,1,60.902354
-2.05,2,60.906755
4.75,2,60.911237
-2.05,2,60.916115
-2.0,1,60.918674
-2.55,4,60.929052
5.75,2,60.934252
-4.55,12,60.963931
-2.05,2,60.968918
-5.25,18,61.013061
6.0,1,61.015559
5.0,1,61.018026
5.0,1,61.020507
-2.0,1,61.022876
-2.0,1,61.025314
-2.0,1,61.027707
-2.0,1,61.030287
5.75,2,61.035454
-2.05,2,61.040622
-3.3,7,61.05884
5.75,2,61.064271
-2.05,2,61.069435
5.75,2,61.074776
6.0,1,61.077481
5.0,1,61.080104
-2.05,2,61.085383
-4.05,10,61.109988
4.75,2,61.114815
-5.25,18,62.616257
-2.05,2,62.620349
-4.3,11,62.642237
5.0,1,62.644376
4.75,2,62.648464
-2.55,4,62.656342
-2.05,2,62.66032
-2.0,1,62.662364
4.75,2,62.666352
-2.0,1,62.668351
-2.05,2,62.672431
5.75,2,62.676405
6.0,1,62.678602
5.75,2,62.682633
5.0,1,62.68472
6.0,1,62.686772
5.0,1,62.688863
5.75,2,62.692812
6.0,1,62.694901
-5.05,14,62.722693
-2.05,2,62.726615
4.75,2,62.730671
5.0,1,62.732799
6.0,1,62.734837
-2.0,1,62.736861
5.0,1,62.738933
-2.0,1,62.740976
4.75,2,62.745058
-2.05,2,62.749004
-5.55,16,62.780593
5.0,1,62.782678
6.0,1,62.78475
5.0,1,62.786862
-2.05,2,62.791275
-2.0,1,62.793994
-2.0,1,62.795997
6.0,1,62.797933
-2.05,2,62.801845
-2.05,2,62.805832
5.75,2,62.809994
6.0,1,62.812042
-2.1,3,62.817985
5.75,2,62.821994
-3.55,8,62.837728
6.0,1,62.839778
-2.05,2,62.843765
-2.0,1,62.845824
5.0,1,62.84788
6.0,1,62.850031
-2.55,4,62.857838
-2.0,1,62.859874
6.0,1,62.861942
4.75,2,62.865957
-2.0,1,62.868016
-2.3,3,62.874096
-4.05,10,62.894625
5.0,1,62.896709
-2.55,4,62.904667
6.0,1,62.906665
6.0,1,62.90875
-2.05,2,62.912843
-2.0,1,62.914934
-2.05,2,62.919032
-2.05,2,62.923105
-2.0,1,62.924978
5.0,1,62.927066
5.0,1,62.929119
-2.05,2,62.933263
-2.05,2,62.937401
5.0,1,62.939974
5.75,2,62.945262
-2.05,2,62.949326
5.0,1,62.951727
5.0,1,62.953938
-2.05,2,62.958367
-5.25,18,62.998184
5.0,1,63.000387
4.75,2,63.004835
4.75,2,63.009166
-2.05,2,63.013608
-3.3,7,63.029181
-2.0,1,63.031381
-2.0,1,63.033648
6.0,1,63.03592
5.75,2,63.040403
5.0,1,63.042572
-2.0,1,63.044885
6.0,1,63.046924
5.0,1,63.049075
4.75,2,63.053427
-2.0,1,63.055486
-2.05,2,63.059554
-2.0,1,63.0616
4.75,2,63.065813
5.75,2,63.069902
4.75,2,63.073975
-2.0,1,63.076024
-2.0,1,63.078046
-2.8,5,63.088281
-2.0,1,63.090359
5.0,1,63.092444
-2.3,3,63.098737
5.75,2,63.102841
5.75,2,63.107032
-3.8,9,63.125286
5.0,1,63.127367
-5.25,18,63.164496
4.75,2,63.168657
-2.0,1,63.170644
5.75,2,63.174825
-2.0,1,63.176886
-2.0,1,63.178898
-6.05,18,63.21558
-5.25,18,63.251923
5.0,1,63.25401
-2.05,2,63.258106
4.75,2,63.262268
6.0,1,63.264314
4.75,2,63.268377
5.75,2,63.272374
-2.0,1,63.274365
-2.55,4,63.282608
5.0,1,63.284704
5.0,1,63.286818
6.0,1,63.288877
6.0,1,63.290993
-2.05,2,63.295156
5.0,1,63.297274
-4.55,12,63.322261
6.0,1,63.324338
-2.0,1,63.326343
-2.05,2,63.330453
-2.3,3,63.336803
-2.05,2,63.340875
5.75,2,63.345024
5.75,2,63.348983
-2.0,1,63.350954
6.0,1,63.352974
-2.05,2,63.356948
5.0,1,63.358911
6.0,1,63.360903
-2.0,1,63.36287
-2.0,1,63.364817
-2.0,1,63.366777
-2.0,1,63.368781
-4.55,12,63.392853
5.75,2,63.39703
6.0,1,63.399046
-2.05,2,63.40315
5.0,1,63.405285
-3.05,6,63.417545
4.75,2,63.421683
5.75,2,63.425724
-4.3,11,63.448071
-2.0,1,63.450092
5.0,1,63.452122
4.75,2,63.456088
-2.0,1,63.458042
6.0,1,63.460064
6.0,1,63.462149
6.0,1,63.464187
-2.05,2,63.46818
-2.0,1,63.470227
-2.05,2,63.474214
-2.0,1,63.476264
4.75,2,63.480322
5.75,2,63.484389
-2.05,2,63.488459
5.0,1,63.490778
-2.55,4,63.498905
6.0,1,63.501081
-2.0,1,63.503047
-2.05,2,63.507157
-2.05,2,63.511335
-3.55,8,63.527389
4.75,2,63.531692
-2.3,3,63.53788
-2.0,1,63.539839
5.0,1,63.541935
6.0,1,63.543875
-5.25,18,63.579456
-2.0,1,63.581522
-2.0,1,63.58352
5.9,3,63.589755
5.0,1,63.591847
4.75,2,63.596068
-2.0,1,63.598214
-2.0,1,63.600262
5.75,2,63.604729
5.0,1,63.606899
5.75,2,63.611267
5.0,1,63.613485
-2.05,2,63.617613
-2.0,1,63.619754
-2.0,1,63.621877
6.0,1,63.624087
4.75,2,63.628383
-2.8,5,65.248089
4.75,2,65.252611
-2.3,3,65.259337
-2.05,2,65.263849
4.75,2,65.268329
5.0,1,65.270529
-2.05,2,65.274909
4.75,2,65.27942
-2.0,1,65.281832
5.0,1,65.284123
-5.25,18,65.324709
-2.05,2,65.32929
5.75,2,65.333838
5.75,2,65.338377
-2.0,1,65.340581
5.75,2,65.345157
-4.8,13,65.37379
-2.05,2,65.378255
-2.0,1,65.380501
-2.0,1,65.382722
-2.55,4,65.39145
-2.05,2,65.395849
-2.05,2,65.400305
-2.0,1,65.402527
-2.0,1,65.404767
5.0,1,65.407137
5.0,1,65.409502
5.0,1,65.411822
5.0,1,65.414172
-2.0,1,65.416394
-2.0,1,65.418682
-2.0,1,65.420932
4.75,2,65.425583
-2.05,2,65.430081
5.0,1,65.432449
-2.0,1,65.434702
-2.05,2,65.439137
-2.0,1,65.441422
-2.0,1,65.443679
5.0,1,65.445972
-2.05,2,65.450677
-2.0,1,65.453033
-2.05,2,65.457564
5.75,2,65.46234
-2.0,1,65.464654
5.0,1,65.467076
-4.3,11,65.492862
-2.0,1,65.495235
5.0,1,65.49771
6.0,1,65.499988
-2.0,1,65.502266
6.0,1,65.504642
-2.0,1,65.506897
5.0,1,65.509262
-2.8,5,65.520612
5.75,2,65.525219
6.0,1,65.527521
5.0,1,65.529873
5.75,2,65.534393
5.0,1,65.536749
4.75,2,65.541472
-2.05,2,65.546175
6.0,1,65.548657
5.0,1,65.550987
6.0,1,65.553329
5.75,2,65.557949
4.75,2,65.562633
5.0,1,65.565027
-2.55,4,65.574422
4.75,2,65.57919
6.0,1,65.581812
5.0,1,65.584167
5.0,1,65.586508
-2.0,1,65.588832
5.0,1,65.591208
5.75,2,65.595844
5.75,2,65.600321
-2.0,1,65.602656
6.0,1,65.604993
5.75,2,65.609618
5.0,1,65.611947
5.0,1,65.614262
-3.05,6,65.628154
6.0,1,65.630497
-5.25,18,65.671511
-5.8,17,65.710781
6.0,1,65.713076
5.0,1,65.715297
-2.05,2,65.719725
-2.0,1,65.721934
4.75,2,65.726429
6.0,1,65.72879
-2.05,2,65.733206
6.0,1,65.735497
5.75,2,65.740253
-2.0,1,65.742857
4.75,2,65.747624
-3.05,6,65.762533
-2.05,2,65.767369
5.0,1,65.76982
-2.0,1,65.772259
-2.05,2,65.777167
-2.0,1,65.779606
-2.0,1,65.782256
-2.05,2,65.787382
5.0,1,65.789989
5.75,2,65.795052
4.75,2,65.799641
6.0,1,65.801964
5.75,2,65.806496
-2.3,3,65.813329
-2.0,1,65.81565
6.0,1,65.818071
-2.0,1,65.820356
5.75,2,65.825068
5.75,2,65.829589
-2.05,2,65.833923
-2.3,3,65.840652
-2.0,1,65.842867
-2.0,1,65.845216
-2.55,4,65.854348
5.0,1,65.856744
5.75,2,65.861194
6.0,1,65.863449
4.75,2,65.867958
-3.3,7,65.884325
-2.05,2,65.889394
-2.0,1,65.891905
-5.05,14,65.927123
-2.0,1,65.929691
5.0,1,65.932158
-5.25,18,65.976397
-2.0,1,65.978781
-2.0,1,65.981317
6.0,1,65.983783
-3.05,6,65.998349
-5.25,18,66.042141
-2.05,2,66.047133
-2.0,1,66.049585
5.0,1,66.052122
-2.05,2,66.056916
-2.05,2,66.06187
4.75,2,66.066788
-2.0,1,66.069231
6.0,1,66.071765
-2.0,1,66.074192
6.0,1,66.07662
-2.0,1,66.079076
4.75,2,66.084045
-3.05,6,66.09872
6.0,1,66.10126
5.0,1,66.10367
-2.05,2,66.108481
5.75,2,66.113289
-2.0,1,66.115596
5.75,2,66.120393
5.75,2,66.125147
4.75,2,66.129988
6.0,1,66.132414
5.0,1,66.134956
5.0,1,66.137485
4.75,2,66.142449
5.0,1,66.144902
6.0,1,66.147274
-2.05,2,66.152136
5.0,1,66.154734
6.0,1,66.157255
5.0,1,66.159714
-2.05,2,66.164577
5.0,1,66.167017
6.0,1,66.169415
-2.0,1,66.171831
6.0,1,66.174405
-5.25,18,66.218143
4.75,2,66.223072
5.0,1,66.225557
-2.05,2,66.230403
-2.05,2,66.235234
5.0,1,66.237734
4.75,2,66.242527
4.75,2,66.247265
-5.25,18,66.290432
5.0,1,66.292884
-2.55,4,66.302544
5.0,1,66.30508
6.0,1,66.307525
5.75,2,66.312518
-2.05,2,66.317489
5.0,1,66.320009
4.75,2,66.32494
-2.05,2,66.329771
-2.05,2,66.334658
-2.0,1,66.337041
-3.8,9,66.358795
5.0,1,66.361232
5.0,1,66.363737
-5.55,16,66.401789
5.75,2,66.406693
5.0,1,66.409102
5.0,1,66.411493
-2.0,1,66.413822
-2.0,1,66.416192
-2.0,1,66.418611
4.75,2,66.423414
4.75,2,66.428236
-2.55,4,66.438021
5.0,1,66.440487
-2.0,1,66.442794
-2.05,2,66.447821
-2.0,1,66.450218
-2.0,1,66.452692
4.75,2,68.199668
5.0,1,68.202273
-2.05,2,68.20713
-3.55,8,68.226796
5.75,2,68.231807
-2.05,2,68.236629
-2.0,1,68.238947
-2.0,1,68.241467
5.0,1,68.244008
5.45,4,68.253738
-5.8,17,68.296205
5.0,1,68.298613
4.75,2,68.303572
-2.0,1,68.306063
4.75,2,68.311331
-2.0,1,68.31372
-2.0,1,68.316055
-2.0,1,68.318453
5.0,1,68.320916
-2.05,2,68.325616
-2.05,2,68.330354
5.75,2,68.335132
-5.05,14,68.370296
-2.05,2,68.375421
4.75,2,68.38046
-2.0,1,68.382903
-2.0,1,68.385381
5.75,2,68.3903
-2.05,2,68.395196
4.75,2,68.400285
-2.0,1,68.402706
6.0,1,68.405099
4.75,2,68.409783
-2.0,1,68.412015
5.0,1,68.414222
-3.8,9,68.433185
5.75,2,68.437381
4.75,2,68.441704
5.75,2,68.445758
6.0,1,68.447736
-2.0,1,68.4497
-4.55,12,68.473989
5.75,2,68.478067
6.0,1,68.480193
-2.05,2,68.484264
-2.55,4,68.492289
6.0,1,68.494231
-2.05,2,68.498014
-2.05,2,68.501861
-2.05,2,68.505807
5.75,2,68.50974
6.0,1,68.511693
5.75,2,68.515596
6.0,1,68.51756
-2.05,2,68.521463
5.0,1,68.523521
-2.05,2,68.527309
-2.3,3,68.53302
6.0,1,68.534989
-4.05,10,68.553874
-2.0,1,68.555569
-2.0,1,68.557398
-2.0,1,68.559099
6.0,1,68.560938
4.4,9,68.576466
5.0,1,68.578196
-2.3,3,68.583324
-2.05,2,68.586759
5.0,1,68.588506
5.75,2,68.591946
-3.3,7,68.60399
-2.0,1,68.605765
-2.05,2,68.609445
-2.0,1,68.61119
-2.3,3,68.616414
-2.0,1,68.61811
-2.0,1,68.61981
-2.05,2,68.623302
-5.25,18,68.654551
-2.0,1,68.65626
-5.3,15,68.682549
-2.0,1,68.68422
-2.0,1,68.685925
-2.0,1,68.687635
5.75,2,68.69116
-2.0,1,68.692835
5.0,1,68.694811
5.75,2,68.698212
-2.05,2,68.701607
-2.3,3,68.706692
-2.05,2,68.710145
-2.0,1,68.711911
4.7,7,68.723906
-2.0,1,68.725597
4.75,2,68.729086
6.0,1,68.73083
5.0,1,68.73257
5.0,1,68.734306
-3.3,7,68.746761
6.0,1,68.748547
-2.55,4,68.755401
-5.25,18,68.786588
6.0,1,68.788314
-2.0,1,68.790024
-2.3,3,68.795099
5.0,1,68.796823
-2.05,2,68.80017
6.0,1,68.801993
5.0,1,68.80381
5.75,2,68.807372
5.0,1,68.809128
5.75,2,68.812758
-2.0,1,68.814515
5.0,1,68.816399
-3.8,9,68.833073
-2.05,2,68.836813
6.0,1,68.838654
-6.05,18,68.871887
-2.55,4,68.879329
5.0,1,68.881188
-2.0,1,68.882972
-2.0,1,68.884799
5.0,1,68.886748
-2.05,2,68.890412
6.0,1,68.89227
-2.05,2,68.895875
-2.0,1,68.897747
-2.8,5,68.906779
-2.0,1,68.908669
-2.3,3,68.91401
6.0,1,68.915837
-2.0,1,68.917605
5.75,2,68.921289
-2.05,2,68.924848
6.0,1,68.926682
-2.05,2,68.930273
5.0,1,68.932134
-2.3,3,68.937782
4.75,2,68.941509
5.0,1,68.943317
5.0,1,68.945113
-2.0,1,68.946912
-5.25,18,68.980052
-2.3,3,68.985462
4.75,2,68.98909
5.0,1,68.990919
5.75,2,68.994814
4.75,2,68.998607
6.0,1,69.000406
6.0,1,69.002287
5.75,2,69.006047
-2.0,1,69.007838
-2.0,1,69.009758
-2.0,1,69.011512
4.75,2,69.015283
5.75,2,69.018924
6.0,1,69.020788
4.75,2,69.024402
-2.05,2,69.02797
-5.25,18,69.061583
5.0,1,69.063497
-2.0,1,69.065336
5.75,2,69.069067
-2.05,2,69.072743
-2.0,1,69.074611
-2.0,1,69.076522
5.0,1,69.078616
-2.0,1,69.081043
-2.0,1,69.083452
5.75,2,69.088156
-2.8,5,69.099502
-2.0,1,69.101796
5.75,2,69.106463
5.75,2,69.111155
6.0,1,69.113564
5.75,2,69.118411
6.0,1,69.120926
5.0,1,69.123492
-2.0,1,69.125903
6.0,1,69.12845
-2.05,2,69.133186
5.0,1,69.135672
6.0,1,69.138204
6.0,1,69.140562
-2.0,1,69.142807
-2.05,2,69.147919
-2.0,1,69.15033
5.0,1,69.152884
5.0,1,69.155269
5.0,1,69.157796
-2.05,2,69.162525
6.0,1,69.165296
5.75,2,69.169986
-2.0,1,69.172237
6.0,1,69.174573
5.0,1,69.176835
5.75,2,69.18121
-2.05,2,69.185549
-3.55,8,69.203469
-2.05,2,69.208404
-2.05,2,69.213418
-2.05,2,69.218321
5.0,1,69.220831
4.75,2,70.753749
-2.05,2,70.758978
-2.3,3,70.765988
4.75,2,70.77069
4.75,2,70.775363
-2.05,2,70.780037
6.0,1,70.782347
-2.3,3,70.789686
4.75,2,70.794374
-2.0,1,70.796645
-2.8,5,70.808504
-5.25,18,70.85155
5.75,2,70.856173
4.75,2,70.860904
5.75,2,70.865637
5.0,1,70.867932
-2.0,1,70.870458
6.0,1,70.872952
-2.05,2,70.877652
-4.35,12,70.906713
6.0,1,70.909364
5.0,1,70.91181
6.0,1,70.914377
5.0,1,70.916771
-5.3,15,70.952337
-2.0,1,70.954756
6.0,1,70.957376
-2.0,1,70.959753
5.75,2,70.964629
-2.0,1,70.966954
-3.05,6,70.98142
5.0,1,70.98386
5.0,1,70.986367
-2.05,2,70.991188
5.75,2,70.996042
-2.0,1,70.998466
5.45,4,71.008268
5.0,1,71.010665
6.0,1,71.013057
-2.0,1,71.015344
5.0,1,71.017732
5.75,2,71.022485
-2.3,3,71.029765
-2.05,2,71.034565
6.0,1,71.037007
-2.0,1,71.039468
-2.0,1,71.04216
5.0,1,71.044734
5.0,1,71.047326
-2.05,2,71.052087
-5.25,18,71.099427
-3.8,9,71.123093
-5.05,14,71.159345
-2.05,2,71.164515
6.0,1,71.167282
5.0,1,71.170083
-2.05,2,71.175395
5.0,1,71.177897
-5.05,18,71.219205
5.0,1,71.221407
5.75,2,71.225702
-2.0,1,71.227894
-2.0,1,71.230109
-3.55,8,71.247591
-2.0,1,71.249751
-2.0,1,71.251976
6.0,1,71.25432
5.0,1,71.2566
6.0,1,71.258752
5.75,2,71.26304
-2.3,3,71.26957
-2.05,2,71.273912
-2.55,4,71.282786
-2.05,2,71.287136
3.9,11,71.311309
5.2,5,71.322231
-3.55,8,71.339432
6.0,1,71.341859
6.0,1,71.344085
5.0,1,71.346359
-2.05,2,71.350766
-3.55,8,71.368459
-2.0,1,71.37067
-2.0,1,71.372925
-2.05,2,71.377596
5.0,1,71.379987
-2.55,4,71.38882
-2.0,1,71.391111
-2.05,2,71.395507
-2.0,1,71.397702
-2.0,1,71.39981
6.0,1,71.402086
4.75,2,71.406445
5.0,1,71.408649
4.75,2,71.413008
-2.55,4,71.421653
-3.3,7,71.43744
4.75,2,71.441829
4.75,2,71.446304
5.75,2,71.450835
-2.05,2,71.455237
5.0,1,71.457476
-2.05,2,71.461816
-2.55,4,71.470645
5.0,1,71.472826
5.75,2,71.477023
-5.25,18,71.516666
-2.0,1,71.518943
-2.05,2,71.523098
4.75,2,71.527254
-4.05,10,71.548272
-2.3,3,71.554922
-2.0,1,71.557042
4.75,2,71.561196
-5.25,18,71.599267
6.0,1,71.601444
-2.55,4,71.609915
5.0,1,71.612043
-2.05,2,71.616152
-5.25,18,71.654354
6.0,1,71.656408
-5.55,16,71.689292
6.0,1,71.691446
-2.0,1,71.693561
-2.0,1,71.69563
-2.0,1,71.697812
4.75,2,71.702122
4.75,2,71.706225
-6.05,18,71.744125
6.0,1,71.746243
4.75,2,71.750426
4.75,2,71.754631
4.75,2,71.75876
-2.0,1,71.760804
-2.05,2,71.76485
-2.05,2,71.769289
6.0,1,71.771398
5.75,2,71.775563
-2.55,4,71.784101
-2.05,2,71.788229
6.0,1,71.790447
-2.0,1,71.792522
-2.05,2,71.796688
4.75,2,71.800917
-2.05,2,71.805129
-2.8,5,71.815579
-2.55,4,71.824375
-2.05,2,71.829135
-2.0,1,71.831456
-2.0,1,71.833787
-2.0,1,71.836078
6.0,1,71.838432
-2.05,2,71.843026
-2.05,2,71.847731
4.75,2,71.852575
-2.0,1,71.854851
-2.0,1,71.857133
-4.55,12,71.884655
5.0,1,71.886981
-2.05,2,71.891867
4.75,2,71.897576
-2.05,2,71.902303
6.0,1,71.904711
-2.0,1,71.907311
6.0,1,71.909745
5.0,1,71.912603
-2.0,1,71.915197
5.0,1,71.917736
5.0,1,71.920249
5.0,1,73.672849
-2.0,1,73.675204
-2.0,1,73.677709
4.75,2,73.682309
-2.05,2,73.687186
4.75,2,73.691699
-2.3,3,73.698225
-4.45,18,73.736978
-2.05,2,73.741353
5.75,2,73.745751
-2.05,2,73.750088
-5.25,18,73.789164
-2.0,1,73.791322
4.75,2,73.795733
5.0,1,73.797918
-2.0,1,73.799997
4.75,2,73.804282
-2.0,1,73.806407
6.0,1,73.808588
-2.0,1,73.810676
5.0,1,73.812995
-2.0,1,73.815383
4.75,2,73.819914
-6.05,18,73.859325
5.75,2,73.864594
4.75,2,73.869509
5.0,1,73.871976
-2.05,2,73.876869
5.0,1,73.879405
-2.0,1,73.881876
5.95,2,73.886789
-2.0,1,73.889232
-2.05,2,73.893962
5.0,1,73.896596
5.0,1,73.899166
5.75,2,73.904207
5.75,2,73.909099
-2.0,1,73.911471
6.0,1,73.914
5.75,2,73.91884
5.75,2,73.923635
4.75,2,73.928411
5.75,2,73.933094
6.0,1,73.935523
5.0,1,73.937936
5.75,2,73.942837
-2.0,1,73.945253
-4.55,12,73.97399
-2.8,5,73.985866
-2.3,3,73.992865
5.0,1,73.995548
-2.05,2,74.00057
5.75,2,74.005485
5.0,1,74.008004
-2.0,1,74.010428
-2.0,1,74.012918
5.65,4,74.02258
5.75,2,74.027628
5.75,2,74.032686
-2.0,1,74.035172
-2.05,2,74.040066
-2.0,1,74.042539
5.75,2,74.047437
-3.6,9,74.069515
-3.05,6,74.084054
5.75,2,74.088545
5.0,1,74.090927
-2.05,2,74.095442
5.75,2,74.099995
-2.05,2,74.104295
-2.05,2,74.108604
-2.0,1,74.110859
5.0,1,74.113176
-2.55,4,74.122149
5.75,2,74.126672
-2.05,2,74.131189
-2.05,2,74.135684
5.75,2,74.140028
-5.25,18,74.182485
5.75,2,74.186875
-2.05,2,74.191239
-2.0,1,74.193477
-2.0,1,74.195667
-4.05,10,74.218964
4.75,2,74.223974
-5.3,15,74.260133
6.0,1,74.262667
6.0,1,74.265126
4.75,2,74.269974
-2.0,1,74.272388
5.75,2,74.277391
-5.25,18,74.316973
5.75,2,74.321466
-3.05,6,74.33481
5.75,2,74.339283
-5.25,18,74.378675
6.0,1,74.380875
5.0,1,74.383101
6.0,1,74.385388
-3.8,9,74.40483
5.0,1,74.407012
-2.05,2,74.411303
4.75,2,74.41582
-3.8,9,74.435615
5.0,1,74.437925
5.0,1,74.440157
5.0,1,74.442351
5.0,1,74.444593
-2.0,1,74.446717
5.0,1,74.449027
-2.0,1,74.45118
5.0,1,74.453501
5.0,1,74.4557
-2.05,2,74.460097
4.75,2,74.464636
-2.55,4,74.473546
5.0,1,74.47575
-2.05,2,74.4801
5.0,1,74.482279
-2.0,1,74.48447
4.75,2,74.488858
5.75,2,74.493361
-2.0,1,74.495583
-2.0,1,74.497871
-5.25,18,74.536971
-3.55,8,74.554682
-2.0,1,74.556894
6.0,1,74.559091
5.0,1,74.561378
4.75,2,74.565677
4.75,2,74.570015
-2.0,1,74.572117
-2.3,3,74.578984
4.75,2,74.583652
6.0,1,74.585882
5.75,2,74.590213
-2.0,1,74.592432
-2.0,1,74.594662
4.75,2,74.599165
-2.05,2,74.603509
5.75,2,74.608004
4.75,2,74.612519
5.0,1,74.614676
5.75,2,74.619147
4.75,2,74.623582
5.0,1,74.625857
-2.55,4,74.634703
4.75,2,74.639085
4.75,2,74.643429
-2.05,2,74.647701
-2.0,1,74.649908
-2.05,2,74.654242
4.75,2,74.658644
5.75,2,74.663089
-5.25,18,74.702968
6.0,1,74.70525
5.75,2,74.709677
-2.55,4,74.718465
-2.0,1,74.720639
5.75,2,74.725212
-5.3,15,74.757862
-2.05,2,74.762157
-2.0,1,74.764319
-2.0,1,74.76654
4.75,2,74.771017
-5.3,15,74.803379
4.75,2,74.807902
-2.0,1,74.810112
-2.0,1,74.8123
4.75,2,74.816801
-2.8,5,74.827727
-4.05,10,76.365273
6.0,1,76.367558
-2.0,1,76.369797
-2.0,1,76.372005
-2.05,2,76.37662
5.0,1,76.378883
-2.0,1,76.381512
-2.05,2,76.386569
4.75,2,76.391739
5.75,2,76.396786
-2.05,2,76.401708
-2.0,1,76.404181
5.75,2,76.409083
-2.0,1,76.411464
-4.3,11,76.436146
-2.0,1,76.438388
-2.3,3,76.444827
4.75,2,76.449272
5.0,1,76.451556
4.75,2,76.455962
5.75,2,76.460486
6.0,1,76.46278
5.0,1,76.465086
-2.05,2,76.46943
-2.0,1,76.47164
-2.0,1,76.473703
-2.0,1,76.475747
4.75,2,76.479866
4.75,2,76.484065
-5.25,18,76.521514
4.9,7,76.53602
-3.8,9,76.554741
-2.8,5,76.565117
-2.05,2,76.569157
-2.0,1,76.57122
-2.0,1,76.573246
-2.0,1,76.575264
5.0,1,76.57738
-2.0,1,76.579454
5.0,1,76.581595
-2.0,1,76.583613
5.0,1,76.585727
5.95,2,76.590241
5.95,2,76.594501
5.0,1,76.596669
-3.05,6,76.609525
6.0,1,76.6117
5.95,2,76.616137
4.75,2,76.620674
-5.55,16,76.655967
6.0,1,76.658208
-2.0,1,76.660278
5.0,1,76.662475
6.0,1,76.664716
-2.0,1,76.666781
-2.0,1,76.668941
4.75,2,76.673569
-2.05,2,76.67805
4.75,2,76.682518
5.0,1,76.684687
-4.3,11,76.708655
-2.0,1,76.710802
-2.8,5,76.721725
-2.0,1,76.723881
-2.0,1,76.726017
-2.8,5,76.737072
5.0,1,76.739381
5.75,2,76.743735
-2.0,1,76.745856
5.0,1,76.748027
-2.05,2,76.752212
5.0,1,76.754443
6.0,1,76.756625
-2.0,1,76.758947
-2.0,1,76.761282
-2.0,1,76.763437
-5.8,17,76.8005
6.0,1,76.802733
5.0,1,76.804896
4.75,2,76.809165
-3.3,7,76.824391
5.7,3,76.830873
4.75,2,76.835323
4.75,2,76.839769
-2.0,1,76.84204
5.75,2,76.8467
6.0,1,76.848979
-2.05,2,76.853373
5.75,2,76.85792
-2.55,4,76.866646
-4.85,18,76.906686
4.75,2,76.911147
-2.05,2,76.91553
-2.0,1,76.917671
-2.05,2,76.922104
-2.0,1,76.924364
5.75,2,76.929041
6.0,1,76.931465
-4.55,12,76.957678
-2.0,1,76.95986
-2.3,3,76.966515
-2.0,1,76.968796
5.0,1,76.97096
-5.25,18,77.010927
5.45,4,77.019997
6.0,1,77.022203
-2.0,1,77.024334
-5.25,18,77.064132
-2.0,1,77.066392
5.0,1,77.068706
-5.3,15,77.102479
4.75,2,77.106864
6.0,1,77.109113
5.95,2,77.113595
-4.05,10,77.135337
4.75,2,77.13975
6.0,1,77.142094
5.0,1,77.144527
-4.05,10,77.166154
-2.0,1,77.168388
5.0,1,77.170668
5.75,2,77.175085
5.0,1,77.177241
4.75,2,77.181543
4.4,9,77.201475
5.75,2,77.20582
5.0,1,77.20835
-2.05,2,77.212602
5.75,2,77.216805
-3.85,10,77.239022
-2.05,2,77.243494
-2.05,2,77.247937
-2.55,4,77.256925
4.75,2,77.261446
6.0,1,77.263807
4.75,2,77.268296
5.0,1,77.270648
6.0,1,77.272901
-2.0,1,77.27501
5.0,1,77.277343
6.0,1,77.27948
5.0,1,77.281664
5.0,1,77.283813
5.0,1,77.285988
5.75,2,77.290279
5.75,2,77.294549
5.0,1,77.296721
-2.0,1,77.298808
-2.0,1,77.30097
-2.0,1,77.303075
-2.0,1,77.305244
4.75,2,77.309605
-2.0,1,77.311675
4.75,2,77.316448
6.0,1,77.318711
-2.0,1,77.320928
5.0,1,77.323209
-5.25,18,77.363295
5.0,1,77.365547
-2.05,2,77.369944
-2.0,1,77.372128
5.0,1,77.374345
5.0,1,77.376584
-2.05,2,77.381035
5.0,1,77.383361
6.0,1,77.385628
6.0,1,77.387884
6.0,1,77.390129
6.0,1,77.392316
6.0,1,77.394586
-2.3,3,77.401621
5.75,2,77.406027
-5.8,17,77.442695
-2.05,2,77.447189
4.75,2,77.451637
4.75,2,77.456025
5.0,1,77.458278
-5.25,18,78.957439
5.0,1,78.959541
-2.05,2,78.963673
-2.05,2,78.967673
-2.3,3,78.973719
5.75,2,78.978165
4.75,2,78.982365
-2.0,1,78.984453
5.75,2,78.988697
5.75,2,78.992907
4.75,2,78.997118
6.0,1,78.999205
-2.8,5,79.009625
-2.05,2,79.013779
5.75,2,79.017976
6.0,1,79.020188
5.0,1,79.022363
5.0,1,79.024372
-5.8,17,79.059524
5.75,2,79.063915
-2.05,2,79.068075
6.0,1,79.07019
5.75,2,79.074337
5.75,2,79.078553
-2.0,1,79.080645
-2.0,1,79.082664
-2.05,2,79.086699
5.75,2,79.090773
6.0,1,79.092779
-5.25,18,79.130217
-2.3,3,79.136446
-2.05,2,79.140519
6.0,1,79.142556
-2.3,3,79.148978
5.75,2,79.153283
-2.8,5,79.16393
5.0,1,79.166083
6.0,1,79.168084
6.0,1,79.170113
-3.05,6,79.182225
-2.0,1,79.184202
-2.0,1,79.186201
5.0,1,79.188293
5.0,1,79.190422
-5.25,18,79.22706
5.0,1,79.229118
-2.0,1,79.231089
5.0,1,79.233186
5.0,1,79.23536
5.75,2,79.239392
4.75,2,79.243529
5.75,2,79.247691
5.0,1,79.249712
-2.05,2,79.253827
5.75,2,79.258028
-2.0,1,79.260119
6.0,1,79.26231
-2.55,4,79.270859
6.0,1,79.273048
-2.0,1,79.275176
3.95,10,79.296176
6.0,1,79.298248
-5.25,18,79.335972
5.75,2,79.34013
4.75,2,79.34426
-2.05,2,79.348446
5.0,1,79.350609
6.0,1,79.352659
5.0,1,79.354682
-5.25,18,79.391955
5.75,2,79.39615
5.75,2,79.400329
4.75,2,79.404463
5.95,2,79.408576
-2.0,1,79.410649
5.0,1,79.412733
5.0,1,79.414881
4.75,2,79.41905
-2.0,1,79.42112
-2.0,1,79.423195
4.75,2,79.42742
-2.05,2,79.431635
-2.3,3,79.437741
5.0,1,79.439869
5.0,1,79.442011
-2.05,2,79.446139
-2.55,4,79.454406
6.0,1,79.456506
-2.0,1,79.458524
-2.0,1,79.460594
4.75,2,79.464815
6.0,1,79.46695
-2.0,1,79.469028
5.0,1,79.471522
5.0,1,79.473646
5.0,1,79.475687
4.75,2,79.479941
4.75,2,79.484185
6.0,1,79.48622
6.0,1,79.488266
6.0,1,79.490414
5.0,1,79.492467
-3.55,8,79.508816
5.0,1,79.510894
-4.65,14,79.541151
5.75,2,79.545849
5.75,2,79.550363
4.75,2,79.554859
-2.8,5,79.566039
-2.0,1,79.568266
-2.05,2,79.572708
6.0,1,79.575201
4.75,2,79.579699
4.75,2,79.584316
4.75,2,79.588918
5.75,2,79.593554
5.75,2,79.597942
-5.25,18,79.638432
-2.0,1,79.640712
-2.0,1,79.642982
-2.0,1,79.645303
-2.0,1,79.647548
-2.05,2,79.652096
5.75,2,79.656772
5.0,1,79.65907
-2.0,1,79.661616
-2.0,1,79.663929
-2.3,3,79.67007
-2.55,4,79.678534
-2.0,1,79.680638
-2.0,1,79.682858
5.0,1,79.684976
-2.0,1,79.686932
5.9,3,79.692978
-5.25,18,79.733077
5.95,2,79.737536
5.75,2,79.741826
-2.05,2,79.746282
5.0,1,79.748741
4.75,2,79.753297
5.0,1,79.755535
4.75,2,79.760091
-4.15,12,79.785445
5.0,1,79.787716
5.9,3,79.794282
5.0,1,79.796537
4.7,7,79.811107
-2.0,1,79.813243
-2.05,2,79.817437
6.0,1,79.819551
4.75,2,79.823674
5.75,2,79.827948
5.4,5,79.838722
5.75,2,79.842825
-2.8,5,79.853421
6.0,1,79.855574
-2.05,2,79.859814
-2.0,1,79.861949
-2.3,3,79.868456
-2.0,1,79.870624
5.0,1,79.872786
4.75,2,79.87726
-2.8,5,79.888083
5.75,2,79.892232
6.0,1,79.89434
-2.05,2,79.898456
5.0,1,79.900601
-2.05,2,79.904665
5.0,1,79.906833
4.75,2,79.91116
-2.05,2,79.915359
6.0,1,79.917691
-5.25,18,79.955324
5.0,1,79.957491
5.7,3,79.963932
4.75,2,79.968165
-2.8,5,79.978587
5.0,1,79.98091
-2.0,1,79.982983
-2.05,2,79.987096
4.75,2,79.991157
5.0,1,79.993318
-2.0,1,79.995348
-2.55,4,80.003804
5.75,2,80.00787
-2.05,2,80.011863
-2.0,1,80.013872
6.0,1,80.015992
-2.3,3,81.481461
-2.0,1,81.483682
5.75,2,81.487983
-5.25,18,81.525437
4.75,2,81.529645
-5.05,18,81.56661
5.0,1,81.568706
-2.05,2,81.572763
-3.6,9,81.591116
5.0,1,81.593158
-5.05,14,81.623393
6.0,1,81.625706
-2.05,2,81.630045
-2.0,1,81.632135
4.75,2,81.636366
5.75,2,81.64062
5.75,2,81.644787
5.0,1,81.64707
4.75,2,81.651383
-2.35,4,81.660117
2.9,15,81.692478
5.75,2,81.696695
-2.55,4,81.705072
-2.05,2,81.710182
6.0,1,81.713034
5.75,2,81.718507
5.75,2,81.724396
4.75,2,81.729862
-3.55,8,81.754711
-2.0,1,81.757721
5.0,1,81.760693
5.0,1,81.763544
-2.0,1,81.766314
-2.0,1,81.769179
5.75,2,81.775011
6.0,1,81.77794
-2.05,2,81.78362
6.0,1,81.786523
-2.55,4,81.797926
6.0,1,81.800785
-2.3,3,81.809236
-5.25,18,81.860543
-2.05,2,81.866185
-2.0,1,81.869001
4.75,2,81.874629
6.0,1,81.877198
4.75,2,81.88292
-2.0,1,81.885551
-2.0,1,81.88809
4.75,2,81.893487
5.9,3,81.901211
-2.0,1,81.903883
-2.05,2,81.909179
-2.05,2,81.914558
4.75,2,81.91978
-3.3,7,81.938689
-2.3,3,81.946384
-4.8,13,81.981216
-2.0,1,81.983833
-2.0,1,81.986387
5.15,6,82.002595
4.75,2,82.008003
-2.0,1,82.01064
5.75,2,82.016143
6.0,1,82.018731
-2.05,2,82.023858
-2.0,1,82.026495
4.75,2,82.031807
4.75,2,82.037179
5.75,2,82.042434
-2.0,1,82.045143
4.75,2,82.051311
-5.25,18,82.097852
5.0,1,82.100466
5.75,2,82.105562
5.0,1,82.10809
5.0,1,82.110679
-4.05,10,82.136014
-2.0,1,82.138601
-5.25,18,82.184534
6.0,1,82.186903
-2.05,2,82.191633
5.0,1,82.194061
5.75,2,82.19887
-2.0,1,82.201229
6.0,1,82.203667
-2.05,2,82.208513
4.75,2,82.213718
-2.0,1,82.216248
5.75,2,82.221901
-4.05,10,82.248241
5.75,2,82.253636
5.45,4,82.264312
5.0,1,82.267032
-2.0,1,82.269625
5.0,1,82.272267
6.0,1,82.274958
5.0,1,82.277599
5.75,2,82.282872
6.0,1,82.285563
6.0,1,82.288197
4.75,2,82.293647
-2.0,1,82.296275
5.0,1,82.299116
-2.05,2,82.304353
-2.0,1,82.307071
5.0,1,82.309768
6.0,1,82.312449
-2.0,1,82.314985
-2.3,3,82.322871
5.45,4,82.333555
5.0,1,82.336223
-3.05,6,82.351915
-2.0,1,82.354528
4.75,2,82.35985
5.75,2,82.365209
5.75,2,82.370481
5.75,2,82.37571
-5.25,18,82.423367
-2.0,1,82.426084
-3.55,8,82.446902
5.2,5,82.459237
5.0,1,82.461844
-2.05,2,82.466733
5.15,6,82.48173
-3.3,7,82.499222
4.75,2,82.504627
-2.0,1,82.507194
-2.0,1,82.509783
-2.05,2,82.514709
4.75,2,82.52016
-2.0,1,82.522693
6.0,1,82.525117
-2.0,1,82.527496
4.75,2,82.53232
-2.0,1,82.53468
-2.0,1,82.537172
5.0,1,82.539713
-2.0,1,82.542169
6.0,1,82.544765
-2.0,1,82.547092
5.75,2,82.552146
-2.0,1,82.554737
4.75,2,82.559763
4.75,2,82.565108
-2.55,4,82.574874
5.75,2,82.579953
-2.0,1,82.582358
-2.05,2,82.587368
4.75,2,82.592402
-2.1,3,82.599649
4.95,6,82.61484
-2.0,1,82.617324
-2.0,1,82.619673
5.75,2,82.624479
-2.0,1,82.62679
5.0,1,82.629312
-5.25,18,82.673471
-2.05,2,82.678248
4.75,2,82.683013
-3.05,6,82.698099
5.75,2,82.703
4.75,2,82.707728
6.0,1,82.710183
6.0,1,82.712588
3.95,10,82.737077
-2.05,2,82.741945
-2.05,2,82.746858
-2.0,1,82.749319
-2.0,1,82.751742
6.0,1,82.754264
4.75,2,82.759192
-5.25,18,84.298692
-2.05,2,84.303291
-5.25,18,84.3454
5.75,2,84.350266
-2.0,1,84.352642
6.0,1,84.355299
-2.0,1,84.357474
-2.0,1,84.359537
5.0,1,84.361778
-2.55,4,84.3706
-2.0,1,84.373047
-2.05,2,84.377342
4.75,2,84.381793
6.0,1,84.384031
-2.0,1,84.386326
-2.1,3,84.393052
5.0,1,84.395392
-2.55,4,84.404596
5.0,1,84.406821
-2.0,1,84.409038
5.0,1,84.411288
5.0,1,84.413646
-2.55,4,84.422561
4.75,2,84.427137
6.0,1,84.42943
6.0,1,84.431739
4.75,2,84.436243
-2.0,1,84.43849
5.75,2,84.44317
-2.55,4,84.452293
4.75,2,84.45688
-2.05,2,84.461532
5.9,3,84.468857
5.75,2,84.473408
6.0,1,84.475958
4.95,6,84.490958
5.0,1,84.493359
5.0,1,84.495781
4.45,8,84.515218
6.0,1,84.517814
-2.55,4,84.527479
5.0,1,84.529953
-2.0,1,84.53224
4.75,2,84.537035
5.0,1,84.53945
-2.0,1,84.541946
4.2,9,84.563692
5.0,1,84.566205
5.0,1,84.568749
6.0,1,84.571292
4.75,2,84.576237
-2.0,1,84.578684
-2.0,1,84.581196
-2.0,1,84.583591
-2.0,1,84.586118
5.75,2,84.591045
6.0,1,84.593599
6.0,1,84.596228
6.0,1,84.59874
5.0,1,84.601256
5.9,3,84.609235
5.75,2,84.614468
-2.05,2,84.619606
-2.0,1,84.622201
4.75,2,84.627389
-2.0,1,84.629864
5.0,1,84.63254
4.75,2,84.63788
4.75,2,84.642937
4.75,2,84.648086
5.75,2,84.653541
6.0,1,84.656036
-2.0,1,84.658494
6.0,1,84.661024
5.2,5,84.673196
6.0,1,84.675678
-2.0,1,84.678146
6.0,1,84.680645
-2.8,5,84.693016
4.75,2,84.698191
-2.0,1,84.700662
-2.0,1,84.703113
-2.0,1,84.705576
5.75,2,84.710673
5.0,1,84.7134
6.0,1,84.715986
4.75,2,84.72086
-2.05,2,84.725528
-2.0,1,84.727937
-6.05,18,84.771434
5.0,1,84.773912
4.75,2,84.77878
3.4,13,84.811344
-2.3,3,84.818642
4.75,2,84.823865
4.75,2,84.828615
-2.05,2,84.833243
-5.25,18,84.876855
5.0,1,84.879233
6.0,1,84.881627
4.75,2,84.886291
-2.05,2,84.891135
6.0,1,84.89357
5.75,2,84.898426
-2.8,5,84.910811
-2.05,2,84.915493
6.0,1,84.917951
4.75,2,84.922682
5.75,2,84.927733
6.0,1,84.930117
4.75,2,84.934813
5.65,4,84.944343
5.0,1,84.946881
4.75,2,84.951998
5.0,1,84.954386
5.0,1,84.956922
-2.0,1,84.959246
5.0,1,84.961831
-2.6,5,84.974119
4.75,2,84.978931
6.0,1,84.981326
2.65,16,85.019675
6.0,1,85.022056
-2.05,2,85.027013
5.0,1,85.029653
-4.8,13,85.061026
5.0,1,85.063442
5.0,1,85.06581
5.0,1,85.068197
-3.55,8,85.087893
-2.0,1,85.090305
5.0,1,85.092773
5.0,1,85.095114
-2.8,5,85.106932
5.0,1,85.109396
-2.05,2,85.114108
6.0,1,85.116508
4.75,2,85.121594
-2.8,5,85.134014
5.75,2,85.13904
-5.25,18,85.183288
-2.3,3,85.190706
-2.55,4,85.200544
-5.25,18,85.243425
5.0,1,85.245858
5.0,1,85.248357
4.75,2,85.253685
4.75,2,85.258507
4.9,7,85.275447
6.0,1,85.277977
5.9,3,85.285308
-2.0,1,85.287727
-2.05,2,85.292845
-2.0,1,85.295302
4.75,2,85.300284
3.7,11,85.327197
5.75,2,85.332031
-5.25,18,85.376164
4.75,2,85.381863
4.75,2,85.38694
-2.05,2,85.392326
-4.85,18,85.43585
-4.05,10,85.461097
-2.05,2,85.46586
-2.05,2,85.47093
4.75,2,85.4761
-2.8,5,85.487672
-4.8,13,87.010056
6.0,1,87.012383
4.75,2,87.016725
-2.05,2,87.021065
-2.0,1,87.023226
4.75,2,87.027563
-5.25,18,87.064259
-5.05,14,87.093186
-2.0,1,87.095403
-5.25,18,87.133574
4.75,2,87.137906
5.0,1,87.140164
-5.25,18,87.178332
-2.0,1,87.180542
3.05,16,87.214847
5.0,1,87.216979
6.0,1,87.219037
-2.0,1,87.221135
5.0,1,87.223291
6.0,1,87.225408
-3.8,9,87.244584
3.65,12,87.270317
-5.05,14,87.300765
6.0,1,87.303051
-2.05,2,87.307305
4.65,8,87.324235
5.75,2,87.32858
6.0,1,87.330756
2.9,15,87.363237
5.0,1,87.36545
3.9,11,87.389667
-2.05,2,87.393947
5.0,1,87.39622
6.0,1,87.398422
-5.25,18,87.43757
-2.3,3,87.443788
6.0,1,87.445964
-2.0,1,87.448002
-3.55,8,87.464816
5.75,2,87.469049
-3.3,7,87.484268
6.0,1,87.486434
-2.0,1,87.488609
-5.05,18,87.53074
5.75,2,87.535872
5.75,2,87.540963
3.85,12,87.570421
5.0,1,87.572906
-4.85,18,87.615263
-3.05,6,87.628881
-2.0,1,87.631128
-5.25,18,87.67215
5.95,2,87.676644
-2.55,4,87.685843
-2.0,1,87.688104
-2.6,5,87.699983
5.75,2,87.704728
5.0,1,87.706934
5.0,1,87.709272
6.0,1,87.711614
-2.05,2,87.716106
5.0,1,87.718514
4.75,2,87.723138
-2.0,1,87.725828
-5.25,18,87.770211
4.75,2,87.775038
5.0,1,87.777481
4.75,2,87.782327
-2.0,1,87.784729
-2.0,1,87.787106
5.75,2,87.792157
-2.0,1,87.794546
4.65,8,87.814171
5.0,1,87.816714
-5.25,18,87.860811
-2.3,3,87.868095
5.75,2,87.873031
-2.05,2,87.877876
5.75,2,87.882718
-5.25,18,87.926017
5.0,1,87.928363
6.0,1,87.93072
5.75,2,87.935409
-2.55,4,87.945414
-2.0,1,87.94781
6.0,1,87.950436
5.75,2,87.955482
5.75,2,87.960309
5.1,7,87.976909
4.75,2,87.981892
6.0,1,87.984342
6.0,1,87.986737
-2.0,1,87.989277
4.75,2,87.994302
-3.3,7,88.011324
-4.05,10,88.036837
5.0,1,88.03944
5.0,1,88.041953
4.75,2,88.046787
-2.0,1,88.049178
-5.25,18,88.094163
-5.25,18,88.13855
5.0,1,88.141129
4.75,2,88.146261
-4.8,13,89.6457
5.0,1,89.647972
6.0,1,89.650068
-2.3,3,89.656444
-2.05,2,89.660492
4.75,2,89.664666
5.65,4,89.672879
5.75,2,89.676942
6.0,1,89.678994
3.2,13,89.705905
-5.25,18,89.743811
4.75,2,89.748064
5.75,2,89.75223
5.75,2,89.756384
4.75,2,89.760535
-2.0,1,89.762695
5.0,1,89.76487
6.0,1,89.766984
-5.25,18,89.804498
4.75,2,89.808703
4.75,2,89.812837
5.4,5,89.823212
-5.25,18,89.860124
5.95,2,89.864233
5.0,1,89.8663
-5.05,18,89.903866
-2.55,4,89.911995
5.95,2,89.916296
-5.25,18,89.954056
5.95,2,89.958244
5.0,1,89.960371
5.95,2,89.964746
-2.05,2,89.968967
6.0,1,89.971145
6.0,1,89.973297
-2.05,2,89.97744
4.75,2,89.981757
6.0,1,89.983785
5.65,4,89.992408
-2.0,1,89.994493
4.75,2,89.998685
5.0,1,90.000757
-5.25,18,90.038195
-5.25,18,90.076761
-5.25,18,90.113542
6.0,1,90.115589
5.9,3,90.121638
6.0,1,90.123756
-2.55,4,90.131962
-2.05,2,90.136069
-2.0,1,90.138202
6.0,1,90.140255
-2.0,1,90.142212
-5.55,16,90.175147
5.75,2,90.179278
4.75,2,90.183456
5.0,1,90.185631
5.0,1,90.187776
4.75,2,90.191893
5.9,3,90.19822
5.75,2,90.202566
-2.3,3,90.208733
6.0,1,90.210899
-2.8,5,90.221718
5.0,1,90.22405
5.75,2,90.22856
5.75,2,90.232969
6.0,1,90.235239
4.75,2,90.239786
6.0,1,90.242111
-2.0,1,90.244372
-2.0,1,90.246546
-5.25,18,90.285794
5.75,2,90.290337
-2.55,4,90.299191
4.75,2,90.3037
6.0,1,90.305944
5.75,2,90.310414
-2.0,1,90.312666
5.0,1,90.314987
-4.05,10,90.336829
-2.55,4,90.345584
4.75,2,90.350099
6.0,1,90.352375
5.0,1,90.354717
6.0,1,90.356992
5.0,1,90.359307
4.75,2,90.363806
-2.0,1,90.365996
4.75,2,90.370732
5.15,6,90.383943
6.0,1,90.386221
2.95,14,90.416755
-2.0,1,90.418984
4.75,2,90.423363
-2.05,2,90.427766
6.0,1,90.430048
-2.05,2,90.434475
6.0,1,90.436743
4.95,6,90.449838
-2.8,5,90.461034
-2.55,4,90.469659
6.0,1,90.471912
4.65,8,90.490558
5.0,1,90.492896
5.0,1,90.495504
-2.0,1,90.498015
6.0,1,90.50032
-5.25,18,90.540336
-2.05,2,90.544739
-2.05,2,90.549268
6.0,1,90.551541
-5.25,18,90.592743
4.75,2,90.597125
6.0,1,90.599319
-2.0,1,90.601509
-2.1,3,90.608753
3.95,10,90.633151
-2.05,2,90.637995
6.0,1,90.64052
5.75,2,90.645364
-2.3,3,90.652595
-5.25,18,90.694974
3.45,12,90.724166
-5.25,18,92.537687
6.0,1,92.540405
5.75,2,92.545738
5.0,1,92.54891
5.45,4,92.55957
5.0,1,92.562193
5.7,3,92.569824
6.0,1,92.572344
-2.55,4,92.582643
5.0,1,92.585147
-2.55,4,92.594941
-2.0,1,92.597416
5.75,2,92.602208
5.75,2,92.607105
-2.55,4,92.616165
5.0,1,92.618556
5.7,3,92.625355
-5.25,18,92.663698
-2.0,1,92.665524
6.0,1,92.667471
5.0,1,92.669307
-2.05,2,92.673054
-2.3,3,92.678832
4.75,2,92.682791
-2.05,2,92.686639
5.0,1,92.688772
5.65,4,92.696391
5.0,1,92.698397
5.75,2,92.702255
6.0,1,92.704187
6.0,1,92.706137
-2.0,1,92.708042
6.0,1,92.710039
5.0,1,92.711966
5.7,3,92.717779
5.0,1,92.719721
4.7,7,92.732739
6.0,1,92.734684
6.0,1,92.736609
5.0,1,92.738539
5.0,1,92.740401
6.0,1,92.742252
5.0,1,92.744085
5.75,2,92.747946
-3.3,7,92.761045
-3.05,6,92.772306
4.65,8,92.788168
5.7,3,92.794053
6.0,1,92.796096
5.95,2,92.80026
-2.0,1,92.802438
5.95,2,92.8064
5.95,2,92.810433
4.75,2,92.814569
4.9,7,92.828449
5.0,1,92.830534
6.0,1,92.832576
-5.25,18,92.867893
5.0,1,92.869862
5.0,1,92.871834
-5.25,18,92.907792
5.0,1,92.909809
5.95,2,92.913827
6.0,1,92.915856
6.0,1,92.917844
5.0,1,92.919855
4.75,2,92.923842
-2.0,1,92.925781
-2.05,2,92.930005
-2.05,2,92.933834
5.9,3,92.939644
-2.0,1,92.94156
5.0,1,92.943538
6.0,1,92.945488
5.75,2,92.949392
6.0,1,92.951329
5.75,2,92.955296
5.9,3,92.96141
4.75,2,92.96555
-2.0,1,92.967509
4.75,2,92.971489
-2.0,1,92.973691
5.2,5,92.983595
5.85,4,92.991486
5.75,2,92.995347
4.7,7,93.009244
5.95,2,93.013272
5.75,2,93.01744
5.0,1,93.019496
2.2,17,93.053963
4.75,2,93.05797
5.75,2,93.061945
-2.55,4,93.069948
-2.0,1,93.071911
-4.85,18,93.107699
-2.05,2,93.111555
2.8,17,93.145124
4.95,6,93.157166
2.95,14,93.186128
5.75,2,93.190102
5.9,3,93.19594
4.75,2,93.19994
5.75,2,93.203876
6.0,1,93.20595
6.0,1,93.207975
5.75,2,93.211929
4.75,2,93.215803
5.0,1,93.217794
5.0,1,93.219791
-2.65,6,93.231734
-5.25,18,93.268314
5.75,2,93.272472
5.7,3,93.278364
5.7,3,93.284246
5.0,1,93.286346
2.65,16,93.317609
4.75,2,93.321666
4.95,6,93.333697
5.75,2,93.337697
5.75,2,93.341563
-2.0,1,93.343489
5.75,2,93.347396
6.0,1,93.349396
5.0,1,93.35145
6.0,1,93.353529
6.0,1,93.355436
5.0,1,93.35763
4.75,2,93.36154
-2.05,2,93.36555
5.75,2,93.369589
4.75,2,93.373586
4.75,2,93.377484
5.75,2,93.381337
6.0,1,93.383245
5.0,1,93.385213
5.0,1,93.387145
5.0,1,93.389166
2.2,17,93.423623
5.0,1,93.425712
5.7,3,93.432094
-2.05,2,93.436202
5.0,1,93.438294
5.0,1,93.440351
5.75,2,93.444665
4.75,2,93.44873
5.0,1,93.450792
6.0,1,93.452803
4.75,2,93.45697
-2.3,3,93.462871
5.0,1,93.464892
5.45,4,93.472845
5.75,2,93.476828
-2.3,3,93.487788
-2.8,5,93.497333
-2.0,1,93.499274
5.9,3,93.505415
-3.55,8,93.521379
6.7,7,93.535166
-3.3,7,93.54831
-8.75,32,95.009839
-8.35,32,95.073902
5.0,1,95.075954
-7.95,32,95.140224
-2.05,2,95.144125
6.0,1,95.146248
-2.05,2,95.150376
5.45,12,95.174398
-7.95,32,95.238262
7.75,2,95.242347
-8.35,32,95.307175
3.4,13,95.33499
5.9,3,95.341411
-2.0,1,95.343486
-5.8,17,95.379484
-8.35,32,95.44758
2.65,16,95.481682
-7.55,32,95.549722
5.75,2,95.554122
5.75,2,95.55851
-6.05,18,95.597906
3.2,13,95.625803
5.75,2,95.630043
-7.95,32,95.697726
5.7,3,95.704132
-2.05,2,95.708312
-8.75,32,95.776613
6.4,9,95.795905
5.75,2,95.800235
-5.4,17,95.836391
-3.6,13,95.863922
-2.0,1,95.866122
4.75,2,95.870427
-5.6,17,95.906564
6.95,6,95.919326
7.45,4,95.928002
5.0,1,95.930169
-2.05,2,95.934353
-8.9,31,96.000564
-2.0,1,96.00275
-6.0,25,97.653455
5.9,3,97.660171
-4.95,20,97.704034
-8.75,32,97.77491
-8.35,32,97.847026
-8.35,32,97.924352
-6.75,32,98.001101
5.0,1,98.003853
-8.75,32,98.079951
6.0,1,98.082372
-2.0,1,98.084801
-8.75,32,98.159719
-7.55,32,98.2356
-4.85,18,98.278826
-8.35,32,98.35567
-4.35,12,98.384917
-8.35,32,98.460905
-5.45,18,98.50361
-2.05,2,98.508376
-8.15,32,98.584099
5.0,1,98.586453
5.9,3,98.593208
7.9,3,98.599992
-2.0,1,98.602271
6.7,7,98.617932
-6.55,20,98.663043
4.75,2,98.667898
-2.0,1,98.670191
-8.35,32,98.741243
4.9,7,98.756503
-7.15,32,100.390826
-7.95,32,100.462717
-2.05,2,100.467461
-7.15,32,100.53869
-8.35,32,100.60867
7.9,3,100.61509
-2.0,1,100.617194
-2.05,2,100.621288
-8.35,32,100.687172
7.75,2,100.691437
7.75,2,100.69586
-8.35,32,100.763126
-8.35,32,100.829282
-7.95,32,100.895656
4.75,2,100.899965
-2.3,3,100.906391
-2.0,1,100.908569
8.0,1,100.910765
-5.4,17,100.946649
-2.0,1,100.948761
-2.55,4,100.957166
-2.0,1,100.959294
-2.05,2,100.963474
-7.95,32,101.031055
-2.55,4,101.039567
-6.9,23,101.087023
-8.15,32,101.154092
-4.1,15,101.185016
5.75,2,101.1896
4.75,2,101.193858
5.0,1,101.196048
7.9,3,101.202316
5.0,1,101.204643
-3.8,13,101.233763
-2.3,3,101.240272
-8.35,32,101.310547
-8.75,32,101.380977
-7.15,32,101.451364
-7.55,32,103.060836
5.0,1,103.063138
4.75,2,103.067403
4.75,2,103.071592
-7.15,32,103.138877
-8.0,29,103.199651
7.65,4,103.208577
-2.0,1,103.210805
4.75,2,103.215381
-8.75,32,103.286419
5.0,1,103.288866
-8.55,32,103.365844
4.75,2,103.371111
-2.3,3,103.379183
-2.0,1,103.381799
5.0,1,103.384721
5.0,1,103.387444
-8.75,32,103.466267
4.75,2,103.471308
8.0,1,103.473857
-2.0,1,103.476268
-2.05,2,103.481096
-5.4,17,103.519965
8.0,1,103.522345
-7.75,32,103.594537
-8.35,32,103.665584
-8.75,32,103.737686
8.0,1,103.739914
-3.95,12,103.766659
-2.0,1,103.769033
4.75,2,103.773741
4.75,2,103.778408
-7.3,23,103.830937
7.75,2,103.835537
-2.0,1,103.837747
-7.95,32,103.910725
4.75,2,103.915313
-4.2,13,103.944655
-7.95,32,104.015686
4.75,2,104.020192
-8.35,32,104.091644
-8.35,32,104.1625
8.0,1,104.164749
8.0,1,104.167006
-2.0,1,104.16921
7.75,2,104.173746
-7.95,32,105.790818
-2.3,3,105.797134
-8.15,32,105.863759
-8.35,32,105.929868
-7.15,32,105.996061
-2.3,3,106.00243
-8.75,32,106.06899
-8.75,32,106.135666
5.0,1,106.137798
6.0,1,106.13985
5.0,1,106.142036
7.75,2,106.146308
-2.0,1,106.148416
-7.15,32,106.220105
-8.75,32,106.292565
-8.75,32,106.364532
8.0,1,106.366817
-2.05,2,106.371368
-7.35,32,106.442933
5.45,4,106.451878
7.75,2,106.456403
-8.35,32,106.52832
-2.0,1,106.530584
-8.75,32,106.602404
3.45,12,106.629594
-8.75,32,106.701126
5.15,14,106.732112
-2.3,3,106.738641
-6.05,18,106.778168
-7.75,32,108.381434
-3.15,8,108.398837
-2.9,7,108.414017
4.85,8,108.430824
-2.05,2,108.435069
-2.0,1,108.437254
-2.85,6,108.449782
-6.75,32,108.518058
-8.35,32,108.584208
8.0,1,108.586324
7.95,2,108.590593
-2.05,2,108.594747
-7.95,32,108.659373
-3.95,12,108.683406
4.75,2,108.687566
-7.95,32,108.75375
-3.35,8,108.770865
-2.0,1,108.77286
-2.1,3,108.778951
5.95,2,108.783064
-2.6,5,108.793368
-2.1,3,108.799592
-2.0,1,108.801835
7.75,2,108.806002
-2.0,1,108.808019
-2.4,5,108.818476
7.95,2,108.822606
5.0,1,108.824741
-6.85,26,108.878441
-7.55,32,108.945473
-4.4,13,108.972649
-2.0,1,108.974685
-2.85,6,108.986465
-8.75,32,109.053113
-3.95,12,109.078188
-2.4,5,109.088485
8.0,1,109.090644
5.95,2,109.094908
5.75,2,109.09916
7.75,2,109.103669
6.8,9,109.122304
-2.85,6,109.134509
-2.2,5,109.144758
-2.1,3,109.15088
-2.1,3,109.157254
-2.0,1,109.159411
-3.0,9,109.178549
-7.0,29,109.239217
-2.0,1,109.241366
-2.05,2,109.245522
6.0,1,109.247803
-2.05,2,109.252142
-9.1,31,109.316559
4.75,2,109.320784
-2.0,1,109.322886
-2.65,6,109.335465
6.45,8,109.352415
-2.3,3,109.358898
-2.1,3,109.365043
5.0,1,109.367236
-2.8,5,109.377604
-7.95,32,110.933362
6.2,9,110.952738
7.9,3,110.958979
-2.55,4,110.967536
-2.6,5,110.978061
5.0,1,110.980228
-2.0,1,110.982255
5.0,1,110.984343
-2.55,4,110.992715
6.0,1,110.994932
5.0,1,110.997103
5.4,5,111.007885
-2.0,1,111.010001
-2.0,1,111.011979
-4.35,12,111.038408
7.95,2,111.043096
-2.0,1,111.045371
-2.0,1,111.047806
5.0,1,111.050139
7.65,4,111.059132
-6.6,21,111.105925
-2.2,5,111.117143
4.75,2,111.121926
8.0,1,111.124309
-2.6,5,111.135315
-6.9,23,111.186865
-2.05,2,111.191412
-2.7,7,111.211315
-8.75,32,111.284085
-2.8,5,111.295757
7.9,3,111.302569
8.0,1,111.304806
7.95,2,111.309246
6.0,1,111.311659
5.0,1,111.313948
4.75,2,111.318543
7.95,2,111.323231
-4.3,11,111.348026
-2.0,1,111.350336
-2.1,3,111.357057
-6.9,23,111.408925
-2.85,6,111.422056
5.95,2,111.426544
-2.0,1,111.428684
5.0,1,111.430933
-3.65,10,111.453771
5.75,2,111.458271
-8.35,32,111.530138
7.75,2,111.534805
-2.05,2,111.539391
-3.55,8,111.558409
-2.65,6,111.571961
-2.6,5,111.583285
-2.0,1,111.585556
7.95,2,111.590227
-8.75,32,111.66406
-3.05,6,111.67767
5.0,1,111.679949
-2.05,2,111.684428
5.75,2,111.688936
-3.7,11,111.713962
-2.0,1,111.716438
-3.1,7,111.733544
4.75,2,111.738298
-2.0,1,111.740607
6.15,10,111.764508
-2.05,2,111.769394
-2.85,6,111.783908
5.9,3,111.79146
-8.35,32,111.873444
-7.95,32,111.952205
5.0,1,111.95463
-7.35,32,112.031333
8.0,1,112.033803
7.4,5,112.046066
-2.0,1,112.048498
7.75,2,112.053213
8.0,1,112.055502
-8.75,32,113.759743
-7.95,32,113.834502
7.95,2,113.839255
-4.3,15,113.873016
7.85,4,113.882758
-2.05,2,113.887483
-7.75,32,113.974831
6.95,6,113.990064
-2.55,4,114.000877
-2.05,2,114.00599
6.0,1,114.008735
-2.05,2,114.014134
4.75,2,114.019331
-2.6,5,114.031648
-2.0,1,114.0346
-2.0,1,114.037169
-2.05,2,114.042334
-2.45,6,114.056908
-4.15,12,114.085567
8.0,1,114.088175
7.85,4,114.098171
5.0,1,114.100683
-2.1,3,114.107884
-2.1,3,114.115126
-2.0,1,114.117581
4.75,2,114.122415
-2.6,5,114.134364
-2.0,1,114.137231
-3.05,6,114.153256
6.0,1,114.15608
-2.05,2,114.161503
-3.3,7,114.179953
7.75,2,114.185194
-2.7,7,114.203922
-3.95,12,114.233531
-2.05,2,114.238434
-2.0,1,114.240835
4.4,9,114.262347
-2.3,3,114.269378
-6.35,20,114.315826
-2.6,5,114.326907
-3.5,11,114.35123
-3.6,9,114.370883
-2.05,2,114.375244
-2.05,2,114.379615
-7.2,25,114.437428
8.0,1,114.439864
3.85,12,114.466967
-5.65,22,114.516541
-3.1,7,114.532335
-2.6,5,114.543535
-2.6,5,114.555141
-3.85,10,114.578008
4.75,2,114.582394
4.35,10,114.604553
-4.35,12,114.631951
7.95,2,114.636815
-2.0,1,114.639151
-2.0,1,114.641562
-2.05,2,114.646036
-2.45,6,114.659802
-4.7,15,114.693932
-3.3,11,114.718834
4.75,2,114.723233
-7.35,28,114.786013
-2.8,5,114.797431
-2.05,2,114.801962
-5.2,17,114.840448
-2.3,3,114.847123
-3.25,10,114.869746
-7.75,28,114.93187
-5.1,15,116.578362
7.65,4,116.587583
6.7,7,116.603736
6.95,6,116.617748
-2.0,1,116.620007
-2.6,5,116.631617
-7.35,24,116.685906
4.75,2,116.690673
7.95,2,116.69561
-2.05,2,116.700544
8.0,1,116.702864
-2.05,2,116.707398
-3.8,13,116.737225
-6.95,32,116.811564
-2.0,1,116.81386
5.0,1,116.816167
4.75,2,116.820837
-2.0,1,116.823103
-2.05,2,116.827463
-2.0,1,116.829672
-4.85,18,116.870035
4.75,2,116.874535
5.0,1,116.876719
-3.85,10,116.899434
-2.0,1,116.901637
-2.35,4,116.911125
5.75,2,116.915919
-2.0,1,116.918182
-2.0,1,116.920456
6.0,1,116.922747
-2.0,1,116.924984
-3.35,8,116.942992
-2.0,1,116.945285
5.95,2,116.950044
-2.55,4,116.958882
-5.6,21,117.005409
-2.1,3,117.012019
-2.3,3,117.01859
7.65,4,117.027718
-8.35,32,117.100149
8.0,1,117.102574
-2.05,2,117.107333
-2.0,1,117.109715
-2.0,1,117.112079
-2.7,7,117.129014
7.75,2,117.13386
-2.05,2,117.138553
-2.3,3,117.145849
-7.75,32,117.223472
-3.4,9,117.244872
8.0,1,117.247246
8.0,1,117.249829
-2.3,3,117.257007
-2.55,4,117.266482
4.75,2,117.271349
5.0,1,117.273816
5.95,2,117.278698
8.0,1,117.281178
-2.05,2,117.285968
-6.3,23,117.339599
5.0,1,117.341831
-4.7,15,117.375835
8.0,1,117.378214
8.0,1,117.380471
8.0,1,117.382664
-2.05,2,117.387104
-3.55,12,117.41393
7.75,2,117.418611
-2.65,6,117.432248
-2.0,1,117.434515
-2.05,2,117.438915
-6.65,22,117.489451
-3.1,7,117.505366
-2.0,1,117.50796
-2.1,3,117.515088
-2.0,1,117.517494
8.0,1,117.519827
8.0,1,117.52223
-2.0,1,117.524594
-2.0,1,117.526894
-2.0,1,117.529251
-2.0,1,117.531658
-3.4,9,117.553645
-4.8,17,117.593092
-2.0,1,117.595263
5.95,2,117.599813
-2.05,2,117.604024
4.75,2,117.608306
-2.05,2,117.612607
-2.6,5,117.623881
-2.3,3,117.630792
7.75,2,117.635618
4.75,2,117.640201
-2.1,3,117.647143
-2.05,2,117.651808
8.0,1,117.654282
8.0,1,117.656605
-2.1,3,117.663648
-2.6,5,117.674814
-2.05,2,117.679483
5.95,2,117.684009
5.0,1,117.686269
5.0,1,117.688625
-2.0,1,117.691083
-2.3,3,117.697862
5.95,2,117.702403
-2.8,5,117.713962
5.95,2,117.718891
6.0,1,117.721605
-3.35,8,117.74059
-2.55,4,119.35043
-2.7,7,119.367855
-2.3,3,119.375084
-2.05,2,119.379824
5.9,3,119.387274
-2.0,1,119.389682
-2.0,1,119.39218
-3.15,8,119.410953
-3.05,6,119.424107
-4.7,15,119.458421
7.95,2,119.463001
-2.0,1,119.465278
-6.65,26,119.523889
8.0,1,119.526137
-2.05,2,119.530486
-2.0,1,119.532694
7.75,2,119.537075
7.95,2,119.54175
-2.05,2,119.546451
-2.05,2,119.551221
-2.15,4,119.560299
8.0,1,119.562544
-2.8,5,119.573353
-2.55,4,119.582103
-2.0,1,119.584292
4.95,14,119.615843
-3.05,6,119.628862
-2.1,3,119.635545
-2.05,2,119.640112
-2.8,5,119.651708
-2.0,1,119.653977
-2.05,2,119.658438
7.9,3,119.665125
-2.45,6,119.678837
-2.05,2,119.683487
7.9,3,119.690361
-2.0,1,119.692664
-2.05,2,119.697221
-2.05,2,119.701804
7.75,2,119.706418
8.0,1,119.708688
-2.95,8,119.726642
7.45,4,119.735693
5.0,1,119.738029
-3.15,8,119.756101
-2.0,1,119.758398
6.0,1,119.760703
4.75,2,119.765489
-8.75,32,119.837743
5.95,2,119.842286
-4.35,12,119.869553
-2.0,1,119.871773
7.9,3,119.878565
-2.0,1,119.880927
-2.85,6,119.894721
-2.0,1,119.897125
7.75,2,119.901621
-3.1,7,119.916624
-2.05,2,119.920994
-2.45,6,119.934532
-2.3,3,119.941234
-2.05,2,119.945535
-2.0,1,119.947706
-2.3,3,119.954247
-2.05,2,119.958652
-2.95,8,119.976161
-7.75,32,120.04597
-8.75,32,120.128356
-2.0,1,120.131073
-4.15,12,120.16525
-2.05,2,120.171072
-2.05,2,120.176824
-4.1,11,120.209107
-2.0,1,120.212097
-2.6,5,120.225839
4.75,2,120.231266
-2.0,1,120.234107
-2.05,2,120.239306
-2.1,3,120.246301
4.75,2,120.25163
-4.3,15,120.286984
-2.3,3,120.294242
-2.0,1,120.296561
-2.3,3,120.303696
-4.7,15,120.339067
-8.35,32,120.41493
-8.75,32,120.489324
-2.8,5,120.50134
-2.0,1,120.503623
-2.0,1,120.50595
7.95,2,120.510707
-4.85,18,122.087808
5.75,2,122.092057
8.0,1,122.094185
-2.0,1,122.096177
6.0,1,122.098271
-2.0,1,122.100348
7.4,5,122.110693
-2.75,8,122.127486
-3.05,6,122.140116
6.0,1,122.142275
-2.65,6,122.15453
-3.55,8,122.170933
-2.0,1,122.173024
-2.3,3,122.17909
4.75,2,122.183318
-2.0,1,122.185425
7.75,2,122.189611
-2.15,4,122.197739
-3.45,10,122.21839
-2.0,1,122.220572
5.95,2,122.224711
-2.05,2,122.228745
-7.55,32,122.296738
-2.3,3,122.303327
-2.0,1,122.305584
-2.1,3,122.312041
7.75,2,122.316441
-2.05,2,122.320766
-2.1,3,122.327469
7.65,4,122.336272
-2.0,1,122.338388
-2.05,2,122.342641
-2.0,1,122.344799
5.9,3,122.351452
7.95,2,122.355825
7.95,2,122.360364
6.0,1,122.362571
-2.1,3,122.369195
6.0,1,122.371629
-5.05,18,122.410655
-3.1,7,122.425927
5.0,1,122.428128
8.0,1,122.430319
7.95,2,122.43477
-2.05,2,122.43914
-2.0,1,122.441422
-2.75,8,122.459376
-2.05,2,122.463746
7.9,3,122.470441
-2.1,3,122.477168
-2.0,1,122.479497
-2.3,3,122.48634
-2.1,3,122.492947
-7.75,32,122.565442
-2.6,5,122.576764
-2.05,2,122.581299
7.95,2,122.586143
5.95,2,122.590745
8.0,1,122.593055
5.0,1,122.595349
-2.0,1,122.597567
-2.35,4,122.606397
-2.0,1,122.608626
6.0,1,122.610889
5.4,5,122.622153
7.75,2,122.626776
-2.05,2,122.631166
-2.05,2,122.635502
-5.15,16,122.670176
-3.05,10,122.692486
-3.95,12,122.719289
-2.55,4,122.728335
-2.15,4,122.738247
7.95,2,122.743617
-2.6,5,122.758379
-2.1,3,122.767322
-2.15,4,122.779602
8.0,1,122.782428
-2.0,1,122.785205
-3.8,9,122.810503
-2.0,1,122.813276
-2.2,5,122.827169
-2.9,7,122.847327
-2.0,1,122.850112
-2.0,1,122.852973
-2.05,2,122.85839
5.95,2,122.863345
7.5,7,122.880752
-2.0,1,122.883332
-2.05,2,122.888679
-2.3,3,122.896475
-2.05,2,122.901521
7.7,3,122.909264
-2.05,2,122.914335
-2.05,2,122.919479
-2.35,4,122.930294
-2.0,1,122.932959
8.0,1,122.935658
7.75,2,122.941111
-2.55,4,122.951601
-2.05,2,122.9569
-2.05,2,122.962193
-3.7,11,122.990741
-2.7,7,123.009264
5.75,2,123.014687
-2.0,1,123.017337
5.0,1,123.019971
8.0,1,123.02266
6.9,7,123.040853
-2.0,1,123.043473
-2.0,1,123.046055
-2.05,2,123.051167
5.45,4,123.062012
-2.05,2,123.067248
7.9,3,123.075088
-2.0,1,123.077717
8.0,1,123.080391
-4.1,11,123.10898
-2.7,7,123.127213
-2.3,3,123.134804
-2.6,5,123.147859
-3.65,10,123.173357
-2.1,3,123.181323
-2.65,6,123.196763
-2.05,2,123.20178
6.0,1,123.204344
-2.05,2,123.209419
-2.05,2,123.214434
7.75,2,123.219534
-2.0,1,123.222031
-2.0,1,123.224669
-2.0,1,123.227167
-2.1,3,123.234797
-2.1,3,123.242425
5.95,2,123.247598
5.7,3,123.255403
-3.95,16,123.295911
-2.0,1,123.298441
8.0,1,123.300827
-4.2,13,125.014165
-2.55,4,125.025355
7.95,2,125.031026
7.75,2,125.036673
-2.0,1,125.039428
-2.0,1,125.042311
5.75,2,125.04812
-2.05,2,125.053874
-2.1,3,125.062737
-2.1,3,125.071239
-2.05,2,125.07684
5.0,1,125.079746
-2.0,1,125.082531
-3.0,9,125.108395
6.95,6,125.125542
4.75,2,125.131235
-2.0,1,125.134076
-2.15,4,125.145627
5.0,1,125.148449
-2.0,1,125.151238
-2.1,3,125.159799
-2.0,1,125.162581
5.0,1,125.16556
8.0,1,125.168362
6.0,1,125.171188
-2.05,2,125.176693
5.0,1,125.179571
-2.0,1,125.18235
-3.6,9,125.208724
-4.2,13,125.246161
5.0,1,125.24925
-2.0,1,125.252177
-2.0,1,125.255186
8.0,1,125.25811
-2.05,2,125.263788
-2.0,1,125.266734
5.9,3,125.275489
4.95,10,125.304346
-2.1,3,125.312336
-2.0,1,125.315088
-2.0,1,125.317767
6.0,1,125.320449
7.9,3,125.328452
-2.35,4,125.33875
7.9,3,125.346735
-2.05,2,125.351977
5.0,1,125.35461
8.0,1,125.357271
-3.55,8,125.377561
5.0,1,125.380172
-2.0,1,125.382682
5.0,1,125.385301
-2.05,2,125.390467
-2.05,2,125.395688
-2.05,2,125.401187
6.0,1,125.403913
-2.0,1,125.406422
-2.1,3,125.414217
-2.0,1,125.416782
-2.05,2,125.422135
-2.85,6,125.437915
-2.05,2,125.443071
-2.1,3,125.450947
5.0,1,125.453622
-2.05,2,125.458683
5.95,2,125.463898
-3.3,7,125.482628
-2.0,1,125.485409
-2.05,2,125.490642
-3.1,7,125.508909
-2.0,1,125.511567
7.95,2,125.516896
5.0,1,125.519481
-2.05,2,125.524672
5.0,1,125.527469
-2.1,3,125.535733
5.0,1,125.538548
-2.0,1,125.541135
-2.0,1,125.543589
-2.1,3,125.550826
5.0,1,125.553145
7.95,2,125.557994
-2.05,2,125.562714
-2.0,1,125.564959
5.95,2,125.569362
-2.1,3,125.5761
-2.0,1,125.578271
6.0,1,125.580595
7.65,4,125.589686
-2.0,1,125.591932
-2.15,4,125.600765
5.0,1,125.603028
-2.0,1,125.605192
6.0,1,125.607512
-5.1,15,125.640743
5.0,1,125.642985
-2.05,2,125.647436
-4.05,10,125.669782
-2.1,3,125.676341
-2.05,2,125.680778
-7.75,32,125.746916
-2.0,1,125.748903
-2.05,2,125.753036
-2.0,1,125.755076
-2.05,2,125.759317
-2.6,5,125.769547
6.0,1,125.771578
-2.0,1,125.773633
-2.0,1,125.775668
-2.1,3,125.781731
-2.05,2,125.7861
6.0,1,125.788193
5.0,1,125.79023
5.4,5,125.800367
-2.1,3,125.806806
-2.0,1,125.808897
-2.15,4,125.817177
5.0,1,125.819328
5.95,2,125.82363
-2.05,2,125.828097
-2.2,5,125.838697
-2.1,3,125.845169
6.0,1,125.847524
-2.45,6,125.860116
-2.05,2,125.864213
-2.05,2,125.86859
-2.05,2,125.872844
8.0,1,125.87499
5.0,1,125.877311
-2.05,2,125.881688
-4.2,13,125.908669
5.0,1,125.911023
5.0,1,125.91327
-7.15,32,125.980964
8.0,1,125.983094
-2.0,1,125.985187
-2.0,1,125.987334
7.9,3,125.994153
-2.5,7,126.009372
-3.15,8,126.025955
5.75,2,126.030117
-2.1,3,126.036429
-2.0,1,126.038523
7.75,2,126.042964
-2.1,3,126.049047
7.9,3,126.055243
-2.05,2,126.059382
-3.35,8,126.07562
-5.25,18,126.112251
-3.75,12,126.136531
8.0,1,126.138652
-2.0,1,126.140725
-3.3,7,126.154959
4.75,2,126.159071
-2.8,5,126.169315
6.0,1,126.1714
-2.0,1,126.173494
-4.15,16,127.682564
5.95,2,127.686922
-3.4,9,127.706694
7.9,3,127.713108
7.9,3,127.719616
-2.05,2,127.72408
7.95,2,127.72859
7.7,3,127.735136
-3.8,9,127.755114
-2.3,3,127.761683
-2.0,1,127.763814
-2.0,1,127.766092
4.75,2,127.770504
-2.0,1,127.772649
5.85,4,127.781443
5.45,4,127.790306
7.95,2,127.79481
5.0,1,127.797021
-2.4,5,127.808491
-2.05,2,127.81291
-2.05,2,127.817274
-2.0,1,127.819443
-2.1,3,127.82605
-2.1,3,127.832915
7.95,2,127.837359
8.0,1,127.839543
5.9,3,127.846147
-2.05,2,127.850645
6.0,1,127.852917
7.75,2,127.857522
-2.05,2,127.861847
5.95,2,127.866316
-2.0,1,127.868587
-2.05,2,127.87296
7.95,2,127.878037
8.0,1,127.880473
-2.05,2,127.88527
-2.0,1,127.887681
-2.05,2,127.8925
4.75,2,127.897444
5.0,1,127.899921
-2.0,1,127.902325
7.75,2,127.907282
4.85,8,127.926299
5.0,1,127.92871
-2.0,1,127.931061
-2.0,1,127.933518
7.9,3,127.940812
-2.05,2,127.945797
-2.0,1,127.948205
7.9,3,127.955496
5.0,1,127.95794
-2.0,1,127.960295
-2.3,3,127.967359
7.75,2,127.972137
-2.85,6,127.986229
-2.1,3,127.993262
-8.35,32,128.065629
-3.05,6,128.078523
-2.45,6,128.091511
-2.05,2,128.095906
-2.95,8,128.112993
-2.35,4,128.121645
-2.0,1,128.123788
-2.0,1,128.126007
4.75,2,128.130448
-2.0,1,128.132617
7.9,3,128.139054
7.9,3,128.145719
-2.35,4,128.154412
-2.0,1,128.156634
6.0,1,128.158827
5.45,4,128.167657
-2.1,3,128.174088
5.0,1,128.17624
7.75,2,128.180484
5.95,2,128.184737
-2.6,5,128.195388
8.0,1,128.197597
-2.0,1,128.199685
6.0,1,128.201881
-2.0,1,128.20397
-2.05,2,128.20826
-2.0,1,128.210424
-3.05,10,128.232035
5.0,1,128.234221
-2.05,2,128.238449
-2.0,1,128.240612
-2.35,4,128.249486
-2.05,2,128.253935
-2.1,3,128.260725
7.75,2,128.265124
-2.05,2,128.26939
-2.0,1,128.271555
-2.0,1,128.273836
-2.05,2,128.278075
5.0,1,128.280295
5.75,2,128.284738
5.75,2,128.289084
-2.0,1,128.291177
-2.0,1,128.293374
-2.05,2,128.297616
-2.05,2,128.302233
-5.95,20,128.346547
4.75,2,128.350897
-2.0,1,128.353027
-2.35,4,128.361671
7.75,2,128.3661
5.0,1,128.368263
8.0,1,128.37054
7.4,5,128.381489
-2.0,1,128.38372
-2.6,5,128.395189
-2.05,2,128.399503
-6.4,21,128.445494
-4.5,15,128.477793
-2.05,2,128.482066
-2.05,2,128.486354
-2.0,1,128.488492
-2.4,5,128.499282
-2.3,3,128.505903
-2.0,1,128.508063
7.75,2,128.51241
-2.0,1,128.514743
-2.0,1,128.517042
4.75,2,128.521495
-2.05,2,128.526029
6.0,1,128.528255
6.45,12,128.55424
-2.2,5,128.565591
-2.35,4,128.574528
-2.0,1,128.576719
-2.0,1,128.578989
-2.1,3,128.585615
-4.7,19,128.627852
-2.05,2,128.632385
7.15,6,128.645767
7.95,2,128.650127
-2.3,3,128.656536
6.0,1,128.658788
-2.15,4,128.667476
6.0,1,128.669748
-2.2,5,128.680496
-2.85,6,128.693798
-2.0,1,128.695991
6.0,1,128.698288
-2.05,2,128.702612
4.75,2,128.706891
-2.65,6,128.719841
-2.1,3,128.726482
-2.35,8,128.744273
-2.0,1,128.746501
8.0,1,128.748782
5.9,3,128.755335
-2.0,1,128.757568
-2.05,2,128.761918
-2.4,5,128.773003
6.0,1,128.775212
6.0,1,128.777371
-2.0,1,128.779517
-2.8,5,128.79036
-3.05,6,128.804013
-2.0,1,128.806339
-4.2,13,130.369487
8.0,1,130.371684
-4.15,16,130.407357
8.0,1,130.409661
4.75,2,130.414141
8.0,1,130.416432
-2.1,3,130.423079
6.0,1,130.425393
8.0,1,130.427643
5.0,1,130.429944
-2.05,2,130.434578
5.95,2,130.439188
5.0,1,130.441529
-2.3,3,130.44816
-2.0,1,130.450331
8.0,1,130.452517
-2.05,2,130.456905
-2.0,1,130.459061
5.7,3,130.465723
-3.1,7,130.48161
5.0,1,130.483927
-2.0,1,130.486178
-3.7,11,130.510089
-2.7,7,130.525737
-2.05,2,130.530189
5.0,1,130.532508
-2.0,1,130.53469
-4.75,16,130.570649
5.0,1,130.572972
-2.6,5,130.584366
-2.1,3,130.591454
-2.15,4,130.60052
-2.1,3,130.60719
7.9,3,130.613729
-2.0,1,130.615785
6.0,1,130.61804
4.75,2,130.622533
6.0,1,130.62474
-2.8,5,130.636393
-2.95,8,130.654431
-2.05,2,130.658844
-2.35,4,130.667789
-2.05,2,130.672093
-2.05,2,130.676466
-3.95,12,130.703389
-2.05,2,130.707676
-2.2,5,130.718722
7.95,2,130.723077
-2.0,1,130.725258
4.75,2,130.729636
7.95,2,130.734578
-2.1,3,130.741133
6.0,1,130.743329
-2.05,2,130.747566
4.75,2,130.75193
5.2,5,130.762842
5.95,2,130.76719
5.0,1,130.769377
-3.5,11,130.793909
5.0,1,130.796176
-2.55,8,130.815014
-7.35,28,130.879056
5.0,1,130.88135
-2.05,2,130.885834
-2.0,1,130.887972
-2.05,2,130.892264
4.75,2,130.896674
4.75,2,130.901062
-2.0,1,130.903473
6.0,1,130.90595
7.9,3,130.912719
-4.5,15,130.9473
7.6,5,130.959543
5.0,1,130.96206
5.0,1,130.964469
7.9,3,130.97138
4.45,8,130.990671
8.0,1,130.993268
5.95,2,130.998008
5.0,1,131.000374
-2.15,4,131.00979
6.0,1,131.012169
-2.05,2,131.016866
-3.0,9,131.037874
-2.0,1,131.04036
5.0,1,131.042864
-2.05,2,131.047692
7.9,3,131.054781
-5.0,17,131.096105
-2.1,3,131.103732
-2.0,1,131.106277
-2.0,1,131.108857
5.7,3,131.116601
-2.95,8,131.135296
6.0,1,131.13783
-2.1,3,131.144903
5.0,1,131.147372
-2.0,1,131.149743
5.95,2,131.154581
-2.05,2,131.159583
7.75,2,131.164655
5.0,1,131.167149
-3.35,12,131.194783
-2.1,3,131.201996
5.0,1,131.204583
-2.1,3,131.211553
8.0,1,131.214014
7.75,2,131.218754
-2.05,2,131.223457
7.95,2,131.22821
6.0,1,131.23067
-2.0,1,131.23305
8.0,1,131.235446
-2.1,3,131.242488
-2.05,2,131.247388
-2.35,4,131.25665
-3.45,10,131.279603
7.95,2,131.284325
-2.4,5,131.296237
4.75,2,131.300892
5.0,1,131.303404
-2.05,2,131.308226
5.9,3,131.315249
-2.6,5,131.326732
-2.0,1,131.329025
-7.15,32,131.404386
8.0,1,131.407124
-2.05,2,131.412348
5.95,2,131.417665
-2.05,2,131.422786
-6.4,21,131.476712
-2.0,1,131.479135
-2.0,1,131.481563
-2.05,2,131.486438
-2.05,2,131.491313
-2.95,8,131.510795
-2.05,2,131.515489
-2.05,2,131.520338
5.0,1,131.52272
-2.1,3,131.529651
5.0,1,133.144646
-2.05,2,133.149271
-2.05,2,133.153878
-2.6,5,133.164894
-3.6,9,133.184876
-2.0,1,133.187169
-2.0,1,133.189449
-2.3,3,133.196043
-7.95,32,133.267632
-2.0,1,133.269899
-2.05,2,133.274411
-2.0,1,133.276728
-2.15,4,133.285488
5.95,2,133.290108
8.0,1,133.292496
6.0,1,133.29482
7.95,2,133.299307
5.0,1,133.301657
-2.1,3,133.308823
-4.45,14,133.339753
-2.6,5,133.351114
8.0,1,133.35338
5.95,2,133.357936
-2.15,4,133.366883
-2.0,1,133.369106
7.95,2,133.373545
-2.05,2,133.378078
5.0,1,133.380414
7.75,2,133.384908
-2.15,4,133.393698
-2.0,1,133.395962
7.75,2,133.400417
-2.05,2,133.404846
-2.7,7,133.420857
-3.1,7,133.437414
7.75,2,133.442349
5.95,2,133.447218
-3.45,10,133.470927
-2.0,1,133.473309
-2.3,3,133.480536
-2.0,1,133.483012
-2.05,2,133.487853
-2.85,6,133.502331
-2.35,4,133.511948
-2.1,3,133.519076
-3.1,7,133.53603
-2.1,3,133.542993
-2.55,4,133.552527
-2.8,5,133.564824
-2.35,4,133.574683
-2.05,2,133.579461
-2.05,2,133.584209
6.0,1,133.586677
-2.0,1,133.589012
-3.55,8,133.608469
-2.05,2,133.613275
5.95,2,133.618071
5.0,1,133.62052
5.95,2,133.62535
8.0,1,133.627736
6.0,1,133.63007
3.4,13,133.663707
-6.55,32,133.743026
5.0,1,133.745609
8.0,1,133.748137
-3.65,10,133.772037
-2.05,2,133.776774
7.9,3,133.783936
-2.0,1,133.786251
5.0,1,133.788762
-2.0,1,133.791069
7.9,3,133.798217
-4.15,12,133.826581
6.0,1,133.829085
-2.05,2,133.833789
6.0,1,133.836194
-3.5,11,133.862713
5.0,1,133.865261
7.95,2,133.869978
-2.1,3,133.877451
-2.05,2,133.882471
-2.0,1,133.884794
-2.3,3,133.892395
-2.0,1,133.894914
7.95,2,133.899743
7.95,2,133.904495
-2.0,1,133.906802
6.0,1,133.909389
-2.1,3,133.916342
-2.15,4,133.925993
-2.1,3,133.933588
-2.65,6,133.94787
8.0,1,133.950288
-2.05,2,133.955026
-2.0,1,133.957473
-2.65,6,133.971835
7.95,2,133.976935
-2.0,1,133.979373
-2.0,1,133.981805
-2.1,3,133.989162
-2.05,2,133.993975
4.75,2,133.998731
6.0,1,134.001069
-2.05,2,134.006315
-2.05,2,134.011623
8.0,1,134.014253
-2.0,1,134.016784
-2.0,1,134.019423
-2.3,3,134.027257
5.0,1,134.029934
7.75,2,134.035082
-2.05,2,134.04028
-2.3,3,134.04817
-2.05,2,134.053615
6.0,1,134.056359
-2.05,2,134.061641
5.0,1,134.064273
-2.0,1,134.066823
5.0,1,134.069465
-2.05,2,134.074587
-2.1,3,134.082336
8.0,1,134.084945
-2.2,5,134.09796
-2.0,1,134.100538
-2.0,1,134.103261
5.95,2,134.108632
5.0,1,134.111224
-2.3,3,134.119
5.95,2,134.124354
-2.1,3,134.132127
-2.1,3,134.13952
-3.1,7,134.156743
7.85,4,134.166549
4.75,2,134.171402
-2.05,2,134.176098
-2.05,2,134.180797
-2.0,1,134.183199
-2.35,4,134.192919
7.95,2,134.197911
7.95,2,134.202799
5.75,2,134.207716
7.6,5,134.219949
5.75,2,134.225024
-2.15,4,134.234833
-2.05,2,134.23938
5.9,3,134.246171
5.0,1,134.248375
-4.7,15,134.281738
5.95,2,134.28618
-2.2,5,134.297056
4.75,2,134.301572
-2.9,7,134.317278
5.0,1,134.319627
7.75,2,134.324248
-2.05,2,134.328742
8.0,1,134.331022
7.95,2,134.335512
5.9,3,134.342236
-2.35,4,134.351125
-2.0,1,134.353408
-2.05,2,134.3579
5.0,1,134.360334
7.95,2,135.936494
6.0,1,135.939526
6.9,7,135.955074
-2.0,1,135.957375
-2.1,3,135.964189
-7.05,26,136.022241
-2.15,4,136.031311
-2.0,1,136.033582
-2.0,1,136.035878
-2.05,2,136.04038
7.9,3,136.047042
6.0,1,136.049428
-2.1,3,136.05616
-2.05,2,136.060655
-4.85,22,136.110112
-3.15,8,136.127817
5.0,1,136.130098
7.75,2,136.134586
-2.0,1,136.136787
3.65,12,136.164169
8.0,1,136.166377
-2.0,1,136.16865
-2.05,2,136.173072
5.0,1,136.17536
5.0,1,136.177595
5.75,2,136.182131
7.9,3,136.188877
-3.0,9,136.209184
-2.05,2,136.213714
-2.35,4,136.222689
-2.3,3,136.229471
-2.05,2,136.234039
-2.6,5,136.245492
7.9,3,136.252363
-2.15,4,136.261567
-2.1,3,136.268319
-2.05,2,136.272823
7.95,2,136.277329
-2.4,5,136.288689
-2.15,4,136.297939
7.9,3,136.304732
5.9,3,136.311665
-2.05,2,136.316172
-2.0,1,136.318461
5.0,1,136.320788
-2.05,2,136.325421
-2.1,3,136.332381
5.65,4,136.341712
-2.0,1,136.343917
6.0,1,136.346289
5.0,1,136.348587
-2.0,1,136.350875
7.75,2,136.355551
5.95,2,136.360067
7.4,5,136.371334
-2.0,1,136.373645
8.0,1,136.375862
5.75,2,136.380383
-2.0,1,136.382671
5.0,1,136.384921
-3.65,10,136.407635
5.0,1,136.410169
-2.1,3,136.417117
-2.75,8,136.435181
-3.8,13,136.464414
6.0,1,136.466676
-5.4,21,136.513789
-2.05,2,136.518166
7.75,2,136.522678
7.75,2,136.52709
6.0,1,136.529406
-2.6,5,136.540773
5.0,1,136.543097
-2.05,2,136.547749
8.0,1,136.550034
5.2,5,136.56165
-2.8,5,136.572815
-2.3,3,136.579735
5.0,1,136.582141
-2.1,3,136.589119
7.95,2,136.593978
7.75,2,136.598686
7.85,4,136.607551
-2.0,1,136.609785
8.0,1,136.612105
-2.05,2,136.616724
5.0,1,136.619024
5.95,2,136.623681
-2.0,1,136.625999
-2.0,1,136.628302
-2.05,2,136.632936
-2.1,3,136.640002
7.85,4,136.649278
-2.05,2,136.654084
5.75,2,136.658723
-2.0,1,136.660973
-2.0,1,136.663328
5.75,2,136.668059
-2.1,3,136.674601
-2.05,2,136.678937
-2.4,5,136.690051
7.95,2,136.694501
7.95,2,136.69907
-2.35,4,136.708211
5.0,1,136.710598
7.9,3,136.71742
-2.3,3,136.724021
-2.05,2,136.728482
-2.05,2,136.73288
-2.1,3,136.739522
-2.05,2,136.743954
-2.0,1,136.746141
-2.0,1,136.748568
-2.05,2,136.753171
5.0,1,136.755468
-2.0,1,136.757788
-2.35,4,136.766689
-2.1,3,136.773314
-2.1,3,136.780185
-2.0,1,136.782394
-2.0,1,136.784592
-2.9,7,136.800251
-2.85,6,136.813675
-3.1,7,136.830532
-2.0,1,136.832916
-2.0,1,136.835481
-2.0,1,136.837978
5.0,1,136.84047
-2.0,1,136.84279
-2.45,6,136.857277
-2.3,3,136.864253
4.75,2,136.869178
-2.05,2,136.873966
-2.05,2,136.879022
7.75,2,136.883853
-2.0,1,136.88609
-2.55,4,136.894804
-2.0,1,136.897108
-3.1,7,136.912436
5.95,2,136.916795
-2.05,2,136.921237
5.95,2,136.925846
-2.05,2,136.930265
-2.0,1,136.932374
-2.0,1,136.93463
5.95,10,136.95702
-2.85,6,136.970134
7.65,4,136.978868
-3.15,8,136.996454
-2.15,4,137.005482
7.9,3,137.012268
5.0,1,137.014545
7.9,3,137.021196
-2.05,2,137.025488
-2.0,1,137.027665
7.9,3,137.034392
-2.05,2,137.038894
-2.0,1,137.041171
-2.0,1,137.043426
6.0,1,137.045753
7.2,5,137.056962
-3.15,8,137.074635
8.0,1,137.076954
7.95,2,137.081263
-2.75,8,138.539209
-2.15,4,138.547514
5.95,2,138.551512
-2.35,4,138.559542
7.95,2,138.563394
-2.0,1,138.565305
-2.6,5,138.575144
7.4,5,138.585097
-2.85,6,138.597576
-2.35,4,138.606326
-2.15,4,138.617142
-6.0,25,138.675313
7.95,2,138.679529
6.0,1,138.681633
7.95,2,138.685863
8.0,1,138.688108
-5.1,19,138.729609
-3.45,10,138.751304
-2.1,3,138.75798
-2.0,1,138.76022
-6.3,23,138.811566
-2.0,1,138.813908
5.0,1,138.816218
5.95,2,138.820794
7.95,2,138.825458
5.0,1,138.827711
-2.0,1,138.830043
-2.05,2,138.834369
-2.05,2,138.838663
6.7,7,138.854481
-2.3,3,138.86115
-2.05,2,138.86563
-2.35,4,138.874903
-2.0,1,138.877192
7.95,2,138.881511
-2.05,2,138.886026
5.0,1,138.888256
-2.05,2,138.892835
7.9,3,138.899346
-2.05,2,138.903738
-2.8,9,138.923785
-2.05,2,138.928385
7.75,2,138.932912
-2.05,2,138.937407
-2.05,2,138.941942
5.0,1,138.944222
-2.05,2,138.948745
5.95,2,138.953315
6.0,1,138.95557
-2.05,2,138.960052
-2.0,1,138.962256
5.95,2,138.966655
5.0,1,138.969043
-2.05,2,138.973533
-2.9,7,138.989332
-2.05,2,138.993759
4.75,2,138.998384
-2.1,3,139.004936
5.85,4,139.014018
-2.1,3,139.020602
5.95,2,139.025099
-2.05,2,139.02951
-2.0,1,139.031699
7.9,3,139.038495
-2.05,2,139.042943
-2.1,3,139.049709
-3.2,9,139.069755
-2.55,4,139.0786
-2.0,1,139.080887
-2.05,2,139.085359
-2.05,2,139.089779
8.0,1,139.092073
-2.1,3,139.098769
5.0,1,139.100973
-2.1,3,139.107406
-2.0,1,139.109563
-2.0,1,139.111829
-2.85,6,139.125222
-2.1,3,139.131711
-2.95,8,139.149509
-2.0,1,139.151673
5.9,3,139.158416
-2.05,2,139.162861
-2.0,1,139.165128
-2.0,1,139.167271
-2.0,1,139.169445
5.95,2,139.17402
-2.05,2,139.17858
5.95,2,139.183598
-2.0,1,139.185911
7.6,5,139.197252
5.75,2,139.201907
5.0,1,139.204222
5.0,1,139.206617
6.0,1,139.208965
7.95,2,139.213608
5.0,1,139.215861
-2.0,1,139.218064
-2.85,6,139.231389
5.75,2,139.235793
-2.1,3,139.242281
-2.05,2,139.246835
-2.05,2,139.251243
7.7,3,139.258027
5.0,1,139.260285
5.7,3,139.267101
5.0,1,139.269435
-2.05,2,139.274044
-2.0,1,139.276318
5.75,2,139.280873
-2.3,3,139.287691
-2.0,1,139.289928
7.95,2,139.294449
-2.0,1,139.296504
-2.15,4,139.30533
-2.05,2,139.310358
8.0,1,139.312796
-2.05,2,139.317273
7.75,2,139.321892
-2.6,5,139.33321
-2.05,2,139.337958
-6.6,21,139.386065
-3.45,10,139.408378
-2.05,2,139.412859
5.0,1,139.415259
8.0,1,139.417554
-2.05,2,139.42197
-2.0,1,139.424241
-3.15,8,139.443594
-2.6,5,139.455664
-2.1,3,139.462874
-2.35,4,139.472389
-3.4,9,139.494738
7.65,4,139.504739
6.85,8,139.524865
5.0,1,139.527372
4.75,2,139.532408
-2.6,5,139.544713
7.95,2,139.549433
-2.05,2,139.554181
7.95,2,139.559094
4.2,9,139.580153
7.9,3,139.586634
7.95,2,139.591173
-2.0,1,139.593429
-2.05,2,139.597859
5.0,1,139.600258
5.0,1,139.602715
-5.25,18,139.642253
5.75,2,139.646699
-2.05,2,139.651269
7.75,2,139.655715
-2.05,2,139.660109
5.0,1,139.66231
-2.0,1,139.664452
5.0,1,139.666745
-2.7,7,139.68227
-2.05,2,139.686637
5.95,2,139.691061
-3.45,10,141.263978
-2.7,7,141.27984
5.0,1,141.282036
5.9,3,141.28837
-2.05,2,141.292562
5.75,2,141.296912
6.0,1,141.298949
8.0,1,141.300978
6.0,1,141.303042
4.75,2,141.307254
-2.0,1,141.309302
-2.55,4,141.317696
-2.6,5,141.327806
5.75,2,141.332007
-2.0,1,141.334015
-2.0,1,141.336079
-2.0,1,141.338199
-2.65,6,141.350811
-2.0,1,141.352928
7.75,2,141.357531
-2.0,1,141.359656
-2.7,7,141.374065
-2.0,1,141.376071
-4.05,10,141.396647
-2.0,1,141.398917
5.75,2,141.403411
4.75,2,141.407567
-2.95,8,141.424253
-2.05,2,141.428603
-2.1,3,141.434934
8.0,1,141.437281
-2.1,3,141.443879
7.4,5,141.454592
-2.05,2,141.458895
-3.1,11,141.482326
7.85,4,141.491082
-2.6,5,141.502519
7.5,7,141.518423
5.45,4,141.527462
-2.0,1,141.529705
7.95,2,141.534112
8.0,1,141.536259
7.75,2,141.540646
-2.05,2,141.544969
-2.05,2,141.549584
4.75,2,141.554092
8.0,1,141.556391
5.9,3,141.5629
-2.0,1,141.565002
5.5,15,141.598372
-2.55,4,141.607083
7.95,2,141.611462
-3.2,9,141.632142
7.75,2,141.636727
-6.75,24,141.689507
7.9,3,141.696376
-2.1,3,141.703334
-2.05,2,141.707766
-2.95,8,141.725546
5.0,1,141.727793
-2.0,1,141.730009
-2.05,2,141.734401
7.9,3,141.741332
6.0,1,141.744015
8.0,1,141.746464
8.0,1,141.74888
-2.1,3,141.756222
-2.15,4,141.765944
7.9,3,141.773279
-2.0,1,141.77561
-2.0,1,141.778063
-2.05,2,141.782829
7.95,2,141.788176
-2.1,3,141.795666
-2.0,1,141.798154
7.9,3,141.805518
-2.35,4,141.815239
5.95,2,141.820257
-2.05,2,141.825259
-8.4,29,141.895817
5.95,2,141.900694
-2.0,1,141.903033
5.0,1,141.905487
-2.0,1,141.907869
-7.15,32,141.986092
5.0,1,141.988603
-2.05,2,141.993561
-2.0,1,141.99601
8.0,1,141.998649
-2.1,3,142.006119
-2.3,3,142.01356
-2.05,2,142.018499
7.75,2,142.023331
-2.35,4,142.033266
-3.55,8,142.0528
5.0,1,142.055253
-2.0,1,142.057649
-2.3,3,142.064923
6.0,1,142.067399
5.95,2,142.072266
6.95,10,142.09658
7.85,4,142.106488
-2.3,3,142.113825
-2.55,4,142.123401
-2.0,1,142.125923
-2.45,6,142.140498
7.75,2,142.145475
7.95,2,142.150256
8.0,1,142.152506
8.0,1,142.154716
5.6,5,142.166029
5.2,5,142.177389
-2.05,2,142.181906
7.95,2,142.186534
-4.4,13,142.217958
5.95,2,142.222981
7.95,2,142.227863
-2.05,2,142.232712
-2.05,2,142.237557
5.95,2,142.24243
6.0,1,142.244937
-4.0,17,142.286316
-2.0,1,142.288688
-4.15,16,142.32655
7.95,2,142.331228
-2.05,2,142.335714
-2.05,2,142.34017
-2.0,1,142.342392
-2.0,1,142.344615
5.95,2,142.349109
-2.05,2,142.353491
7.95,2,142.358071
-2.0,1,142.360217
5.95,2,142.364873
-2.0,1,142.366997
-2.1,3,142.373916
5.75,2,142.378488
8.0,1,142.380918
6.0,1,142.383286
7.6,5,142.3944
4.75,2,142.398975
-2.05,2,142.403563
-3.7,11,144.04962
-2.45,6,144.063145
-2.0,1,144.065475
-2.0,1,144.067681
6.8,9,144.088344
-2.1,3,144.095171
8.0,1,144.097445
-2.0,1,144.099687
-2.05,2,144.104286
-2.1,3,144.111221
-2.05,2,144.115729
-5.75,20,144.160918
4.75,2,144.16532
-2.7,7,144.18089
-2.1,3,144.187621
-2.05,2,144.191958
-2.15,4,144.201102
-2.0,1,144.203309
-2.0,1,144.205505
5.0,1,144.207667
-2.0,1,144.209963
5.0,1,144.212242
5.0,1,144.214576
-2.35,4,144.223607
-7.55,32,144.299211
-2.95,8,144.318678
-2.1,3,144.326083
5.45,4,144.336101
5.0,1,144.33864
-2.05,2,144.343582
7.75,2,144.348677
7.75,2,144.353536
-2.1,3,144.360624
5.95,2,144.365472
-2.3,3,144.372729
-2.2,5,144.38465
-2.05,2,144.38943
-2.4,5,144.401534
7.75,2,144.406339
5.0,1,144.408797
7.75,2,144.413748
-2.3,3,144.42105
-2.1,3,144.428315
-2.0,1,144.430971
-2.05,2,144.435818
-4.55,20,144.483197
-2.0,1,144.485637
-3.65,10,144.508473
-2.05,2,144.513137
-2.0,1,144.515711
-2.0,1,144.51811
-2.0,1,144.520409
-2.05,2,144.524949
5.95,2,144.529628
5.75,2,144.534259
-2.05,2,144.538771
4.75,2,144.54337
-2.05,2,144.547899
-2.0,1,144.550105
-3.0,9,144.570754
-2.0,1,144.573097
-2.0,1,144.575353
7.85,4,144.584661
8.0,1,144.586965
-2.1,3,144.593829
-2.0,1,144.596177
-2.0,1,144.598513
-3.05,6,144.61237
5.9,3,144.619161
5.9,3,144.62608
8.0,1,144.628335
5.0,1,144.630647
-2.35,4,144.639429
4.75,2,144.644317
-2.0,1,144.646597
7.95,2,144.651528
7.95,2,144.656412
-2.35,4,144.665942
5.0,1,144.66837
-3.8,13,144.700296
-2.05,2,144.705073
7.95,2,144.710019
-2.1,3,144.717416
8.0,1,144.719826
6.0,1,144.722293
-2.0,1,144.724637
-3.15,8,144.743703
7.95,2,144.748979
-2.35,4,144.758564
7.85,4,144.768286
-2.0,1,144.770725
-2.05,2,144.77558
7.95,2,144.780354
-2.55,4,144.789984
8.0,1,144.792431
-2.85,6,144.807323
-2.0,1,144.809877
-2.1,3,144.817564
-3.05,6,144.832766
-2.05,2,144.83776
6.0,1,144.840407
-2.55,4,144.850189
5.95,2,144.855273
7.95,2,144.860434
-2.0,1,144.862837
7.95,2,144.867677
6.0,1,144.870151
-2.0,1,144.872612
-2.35,4,144.882576
-2.95,8,144.90229
-2.1,3,144.909565
8.0,1,144.911963
-4.05,10,144.935876
-2.0,1,144.938391
-2.6,5,144.950688
-2.05,2,144.955535
-2.05,2,144.960415
5.95,2,144.965327
-2.2,5,144.977257
-2.15,4,144.987005
5.95,2,144.992021
-2.0,1,144.994462
-2.05,2,144.999324
6.0,1,145.001917
-2.1,3,145.009144
-2.0,1,145.011468
-2.0,1,145.014003
8.0,1,145.016597
-2.15,4,145.026713
-2.2,5,145.038846
4.75,2,145.043692
-2.05,2,145.048409
6.0,1,145.050969
5.95,2,145.055814
-2.0,1,145.058194
-2.0,1,145.060602
-2.05,2,145.065439
-2.05,2,145.070347
-2.0,1,145.073024
7.15,6,145.087487
8.0,1,145.089951
-2.65,6,145.104323
-2.65,6,145.118909
-2.05,2,145.123654
-2.05,2,145.128436
7.95,2,145.133559
-2.05,2,145.138274
-2.3,3,145.145658
-2.05,2,145.150566
5.75,2,145.155817
7.95,2,145.160712
-2.0,1,145.163036
6.0,1,145.165639
-2.0,1,145.168108
-3.3,7,145.185628
5.65,4,145.195631
5.75,2,145.200914
-2.0,1,145.203343
-2.0,1,145.205772
5.0,1,145.208213
-2.0,1,145.210743
5.0,1,145.213258
-2.0,1,145.215708
-7.75,32,147.032913
-3.8,13,147.063412
7.9,3,147.070336
7.75,2,147.075398
5.75,2,147.080045
-2.15,4,147.089197
7.65,4,147.098284
-3.9,11,147.1237
7.9,3,147.130707
-2.05,2,147.135255
-2.15,4,147.144201
-2.0,1,147.146529
-2.1,3,147.15325
7.95,2,147.157815
5.95,2,147.162614
-2.3,3,147.169307
-2.05,2,147.173838
6.0,1,147.176196
7.75,2,147.180713
-2.0,1,147.18298
8.0,1,147.18534
-2.1,3,147.192048
7.95,2,147.196595
-2.05,2,147.201108
-2.2,5,147.21266
-6.2,21,147.259797
6.0,1,147.262199
-2.1,3,147.268943
-2.3,3,147.275648
-3.55,8,147.29409
7.9,3,147.301176
-6.7,31,147.37172
-2.05,2,147.376456
-2.0,1,147.378685
-2.1,3,147.385402
5.9,3,147.392346
-5.25,18,147.434927
4.75,2,147.439919
-2.15,4,147.449399
6.0,1,147.451888
-2.7,7,147.468848
6.0,1,147.471236
-2.7,7,147.487921
7.35,6,147.502546
-2.0,1,147.505012
-2.0,1,147.507345
6.0,1,147.509934
-2.65,6,147.523793
-2.0,1,147.526018
-2.0,1,147.528214
-2.7,7,147.544459
7.75,2,147.54914
8.0,1,147.551372
3.65,12,147.57789
-2.05,2,147.582308
8.0,1,147.584553
-2.5,7,147.600921
5.95,2,147.605941
-2.0,1,147.608353
-2.0,1,147.610767
-3.25,10,147.633796
-2.1,3,147.640617
8.0,1,147.642895
-2.2,5,147.653837
7.75,6,147.666902
-2.1,3,147.673467
-2.0,1,147.675697
5.0,1,147.677998
5.95,2,147.682421
8.0,1,147.6847
4.75,2,147.68912
6.0,1,147.691473
-2.0,1,147.693696
5.4,5,147.704738
5.0,1,147.706987
-2.1,3,147.713619
-2.5,7,147.728669
-2.0,1,147.730895
-2.05,2,147.735124
-2.0,1,147.737299
-2.15,4,147.745578
-2.0,1,147.747646
-2.15,4,147.755904
7.95,2,147.759808
-3.05,6,147.77187
7.75,2,147.775944
-2.0,1,147.77804
-4.5,23,147.826587
8.0,1,147.828897
-2.1,3,147.835512
-2.1,3,147.841982
7.95,2,147.846313
7.75,2,147.850577
-4.25,14,147.881609
7.95,2,147.886383
4.95,6,147.900148
7.7,3,147.907123
7.95,2,147.911688
6.0,1,147.913973
-2.05,2,147.918446
-2.0,1,147.920691
-2.65,6,147.935484
-3.1,7,147.951107
-2.05,2,147.955727
-4.05,14,147.988083
-2.05,2,147.99262
7.9,3,147.99929
-2.4,5,148.011056
-2.95,8,148.029982
-2.1,3,148.037145
5.0,1,148.039595
-2.0,1,148.041937
-2.65,6,148.055569
-2.0,1,148.05793
-2.85,6,148.071244
-2.15,4,148.079987
-6.6,29,148.140109
-2.0,1,148.142233
-2.1,3,148.148516
-2.45,6,148.160712
-2.0,1,148.162534
-2.05,2,149.56247
5.75,2,149.566688
-2.0,1,149.568716
-2.05,2,149.572895
-5.45,18,149.610127
-2.3,3,149.616773
6.35,10,149.637346
6.0,1,149.639578
-2.4,5,149.649692
7.95,2,149.653902
7.85,4,149.662056
7.45,4,149.670339
8.0,1,149.672503
7.65,4,149.680981
-5.95,32,149.751159
7.95,2,149.75553
-2.85,6,149.769169
-2.05,2,149.773638
5.0,1,149.775856
7.75,6,149.789269
7.8,5,149.800204
-2.0,1,149.802373
-2.05,2,149.807013
-2.65,6,149.820913
-2.0,1,149.823342
-2.1,3,149.831192
5.0,1,149.833679
-2.05,2,149.838558
7.25,8,149.858748
-2.05,2,149.863846
-2.55,4,149.872812
7.9,3,149.879469
-4.0,13,149.907858
-4.7,15,149.940737
8.0,1,149.943061
7.9,3,149.949661
5.0,1,149.951966
-2.1,3,149.958495
-2.0,1,149.960742
-2.8,5,149.971794
-2.05,2,149.976226
5.0,1,149.978618
-2.05,2,149.98304
-2.05,2,149.987419
-2.2,5,149.998524
-8.55,32,150.068351
-2.55,4,150.077001
-2.0,1,150.079218
8.0,1,150.081467
-2.9,7,150.096514
-2.2,5,150.107613
-2.15,4,150.116296
-2.05,2,150.120823
-8.35,32,150.190498
-2.65,6,150.203516
-2.0,1,150.205718
-2.0,1,150.207949
7.05,8,150.225402
5.75,2,150.229821
6.0,1,150.232176
-2.0,1,150.234462
5.0,1,150.23679
5.0,1,150.239107
5.0,1,150.241387
-2.3,3,150.248025
7.1,7,150.263314
-2.1,3,150.269747
-2.6,5,150.280668
8.0,1,150.282941
-2.0,1,150.285181
7.75,2,150.289639
5.0,1,150.291898
5.0,1,150.294233
8.0,1,150.296482
-2.0,1,150.29868
8.0,1,150.300954
8.0,1,150.303266
7.95,2,150.30771
-6.1,23,150.357487
-2.05,2,150.362055
7.9,3,150.368545
5.9,3,150.375054
5.75,2,150.379554
7.75,2,150.383936
-3.65,10,150.40594
7.85,4,150.414932
5.0,1,150.417119
-2.05,2,150.421495
7.9,3,150.427966
-3.2,9,150.447617
-2.4,5,150.458799
8.0,1,150.461033
-4.9,23,150.511407
-2.0,1,150.513645
-2.05,2,150.518205
5.0,1,150.520527
5.95,2,150.524971
-2.1,3,150.531677
5.95,2,150.536165
5.0,1,150.538308
7.75,2,150.542713
-2.9,7,150.558274
6.0,1,150.560577
8.0,1,150.562836
7.95,2,150.567345
-2.0,1,150.569455
-2.0,1,150.57162
-2.05,2,150.576318
-2.6,5,150.587117
4.75,2,150.59147
-2.05,2,150.595819
7.65,4,150.604625
-6.6,21,150.65046
-6.35,32,152.332512
5.0,1,152.334979
-2.35,4,152.34434
5.0,1,152.346695
-2.05,2,152.351399
6.0,1,152.353766
-2.05,2,152.358366
-5.45,22,152.410855
4.75,2,152.416043
-2.1,3,152.423177
-2.05,2,152.428014
-2.0,1,152.430505
8.0,1,152.433106
5.0,1,152.435667
-4.75,16,152.474418
-2.0,1,152.476809
6.45,12,152.50559
-2.05,2,152.510298
-2.4,5,152.522295
-3.75,12,152.55058
7.75,2,152.555287
6.0,1,152.557673
-2.0,1,152.559936
5.0,1,152.562404
8.0,1,152.56472
6.55,10,152.588218
-2.3,3,152.595078
5.0,1,152.597516
-2.05,2,152.602208
5.95,2,152.606961
6.0,1,152.609262
-2.1,3,152.616409
-2.0,1,152.618824
5.75,2,152.623489
6.0,1,152.625815
7.8,5,152.63724
8.0,1,152.639588
8.0,1,152.64201
-2.0,1,152.644251
5.95,2,152.648854
7.95,2,152.653436
5.9,3,152.660312
-5.35,20,152.706915
-2.35,4,152.716311
7.1,7,152.733122
-2.0,1,152.735397
-2.0,1,152.737695
-2.0,1,152.740061
5.0,1,152.742417
-2.05,2,152.746988
-2.05,2,152.751862
-2.2,5,152.763952
7.95,2,152.768584
-2.05,2,152.773259
7.75,2,152.777982
-2.6,5,152.789367
-2.0,1,152.79171
7.9,3,152.798452
-3.1,7,152.814175
-2.35,4,152.822919
-2.05,2,152.827387
7.95,2,152.831911
5.95,2,152.836686
5.0,1,152.838943
-2.6,9,152.858565
5.0,1,152.860868
-2.0,1,152.86314
7.9,3,152.870067
-2.0,1,152.872326
-2.05,2,152.876949
-2.05,2,152.881302
5.0,1,152.883582
-2.0,1,152.885829
-2.05,2,152.890519
8.0,1,152.892913
-2.0,1,152.895282
7.8,5,152.906753
4.75,2,152.911236
-2.3,3,152.918039
-2.3,3,152.92465
-2.0,1,152.926776
-2.05,2,152.93104
-2.2,5,152.942099
-2.0,1,152.944311
6.7,11,152.968896
-7.75,32,153.038399
4.75,2,153.042916
6.0,1,153.045236
7.9,3,153.05219
-2.05,2,153.056646
6.65,8,153.074064
-2.05,2,153.078398
5.0,1,153.080767
-4.05,14,153.111057
7.95,2,153.115522
7.95,2,153.119967
-2.0,1,153.122218
7.9,3,153.128794
-2.05,2,153.133414
5.9,3,153.14015
5.0,1,153.142342
5.9,3,153.149034
-2.0,1,153.151173
-2.05,2,153.15564
7.65,4,153.164273
-2.1,3,153.170795
-3.5,11,153.194479
7.95,2,153.198885
-2.1,3,153.205423
6.0,1,153.20763
-2.0,1,153.209866
6.4,13,153.238308
7.75,2,153.24271
-7.35,32,153.313309
-4.9,19,153.354533
-2.35,4,153.363139
-2.1,3,153.369542
4.75,2,153.374018
7.75,2,153.378426
8.0,1,153.380696
8.0,1,153.382983
-2.6,5,153.394113
-2.0,1,153.396348
5.0,1,153.398654
5.0,1,153.400936
6.0,1,153.403229
5.0,1,153.40555
-2.0,1,153.407768
6.7,7,153.422798
4.75,2,153.42727
-2.05,2,153.431809
-2.95,8,153.449021
5.0,1,153.451304
7.9,3,155.003783
5.0,1,155.006204
-2.0,1,155.008439
5.0,1,155.011043
7.35,6,155.025863
7.05,8,155.045262
-2.0,1,155.047815
5.95,2,155.052927
-2.0,1,155.055568
7.45,4,155.065177
7.9,3,155.07234
-2.05,2,155.077065
7.9,3,155.084212
7.75,6,155.098898
-2.0,1,155.10132
8.0,1,155.103686
5.0,1,155.10612
-2.0,1,155.108581
5.0,1,155.111009
7.5,7,155.127818
6.55,14,155.160578
6.05,12,155.18774
7.85,4,155.19665
7.8,5,155.207534
5.75,2,155.211937
3.55,26,155.268959
7.75,2,155.273462
-2.05,2,155.277799
6.45,8,155.295586
-2.55,8,155.31272
5.75,2,155.31701
-2.9,7,155.331964
5.95,2,155.336319
-2.85,6,155.349153
7.95,2,155.353539
-2.2,5,155.364462
7.95,2,155.368809
7.95,2,155.37308
5.0,1,155.375244
7.95,2,155.379577
6.0,1,155.381797
-2.15,4,155.390572
-2.0,1,155.392802
3.4,25,155.447689
-4.55,20,155.491421
-2.0,1,155.493564
7.9,3,155.500211
5.95,2,155.504655
-2.05,2,155.508906
8.0,1,155.511146
4.75,2,155.515559
-2.0,1,155.517833
-2.05,2,155.522324
-3.95,12,155.548408
7.95,2,155.552843
7.85,4,155.561507
8.0,1,155.563691
7.65,4,155.572273
-2.05,2,155.57658
5.0,1,155.57878
8.0,1,155.580924
-2.05,2,155.585348
7.9,3,155.59187
5.75,2,155.596181
5.0,1,155.598515
5.95,14,155.629265
5.6,5,155.640409
-2.0,1,155.642604
7.9,3,155.649216
7.9,3,155.655781
-2.3,3,155.66238
-2.45,6,155.675365
7.5,7,155.690802
-2.05,2,155.695544
4.75,2,155.700102
5.75,2,155.704536
-2.05,2,155.708954
-2.35,4,155.717609
-2.1,3,155.724049
-2.0,1,155.726271
-2.15,4,155.734861
-2.05,2,155.739281
-3.55,8,155.756777
6.9,11,155.780885
-2.0,1,155.783075
7.85,4,155.791725
5.45,16,155.826484
-2.4,5,155.837239
-2.2,5,155.847989
-2.65,6,155.861169
-2.05,2,155.865618
7.85,4,155.874352
8.0,1,155.876604
7.55,6,155.889608
7.7,3,155.8961
3.15,14,155.927106
7.55,6,155.940345
-2.0,1,155.942529
5.0,1,155.944777
-2.05,2,155.949301
8.0,1,155.951536
5.95,2,155.955964
2.7,27,156.016778
-2.05,2,156.021123
5.0,1,156.023376
7.95,2,156.02777
-2.0,1,156.029965
7.95,2,156.034582
7.95,2,156.03907
6.0,1,156.0414
5.95,2,156.045897
7.0,9,156.066535
5.0,1,156.068842
8.0,1,156.07114
7.65,4,156.080058
-2.0,1,156.082283
5.0,1,156.084595
7.95,2,156.089062
7.75,2,156.093559
6.5,11,156.116538
-5.05,18,157.706298
7.7,3,157.713283
-2.05,2,157.717759
-2.05,2,157.722266
6.0,1,157.724602
-2.05,2,157.728899
-2.0,1,157.731103
7.05,8,157.749111
-8.35,32,157.820809
-2.35,4,157.82942
5.0,1,157.831587
-2.05,2,157.836025
-2.05,2,157.840438
8.0,1,157.842788
-2.0,1,157.84505
7.4,5,157.856657
5.1,23,157.912299
5.0,1,157.914814
7.1,7,157.930929
7.75,2,157.935682
7.7,7,157.951881
5.0,1,157.954339
-8.15,32,158.028505
5.0,1,158.030762
-2.85,6,158.043797
7.9,3,158.050428
7.95,2,158.054781
7.1,7,158.070956
7.45,4,158.080296
-2.15,4,158.089825
7.85,4,158.099126
-2.0,1,158.101581
7.95,2,158.1063
7.95,2,158.110976
6.0,1,158.113467
8.0,1,158.115885
7.65,4,158.125215
7.45,4,158.134687
4.05,24,158.19023
-2.0,1,158.192639
-2.05,2,158.197249
7.7,3,158.20422
8.0,1,158.206637
7.9,3,158.213731
6.45,12,158.241554
3.5,31,158.313813
-2.05,2,158.318478
8.0,1,158.320939
7.45,4,158.33018
8.0,1,158.33259
4.75,2,158.337471
7.65,4,158.346814
6.8,9,158.367678
7.9,3,158.374647
-7.95,32,158.457038
8.0,1,158.459666
7.95,2,158.464964
7.95,2,158.470294
7.95,2,158.475441
8.0,1,158.478
-2.4,5,158.489746
5.6,5,158.501535
-2.1,3,158.508774
7.1,7,158.525051
5.45,4,158.53435
7.9,3,158.541489
7.95,2,158.546146
5.55,18,158.585672
-2.4,5,158.596737
-2.4,5,158.6078
7.95,2,158.612188
-2.15,4,158.620845
-2.1,3,158.62746
-5.7,19,158.669025
-2.0,1,158.671267
7.75,2,158.675727
-2.05,2,158.680365
5.7,3,158.687034
7.95,2,158.691384
-2.2,5,158.702258
-2.05,2,158.706569
-2.0,1,158.708843
-2.0,1,158.711015
8.0,1,158.713241
-2.05,2,158.717798
7.85,4,158.726683
-2.1,3,158.733376
7.9,3,158.739798
6.0,1,158.742013
7.55,6,158.754939
5.0,1,158.757163
-2.05,2,158.761461
7.95,2,158.766026
6.25,12,158.792302
7.4,5,158.803404
6.0,1,158.805582
-2.0,1,158.807815
-2.0,1,158.809996
5.0,1,158.812173
5.95,2,158.816665
7.9,3,158.823478
-2.0,1,158.825722
5.0,1,158.828189
4.75,2,158.832743
-2.05,2,158.837203
4.75,2,158.841564
7.9,3,158.848305
6.8,13,160.391226
7.65,4,160.399447
7.7,3,160.40577
-2.0,1,160.407861
5.0,1,160.410052
7.05,8,160.426544
-3.35,8,160.443919
6.0,1,160.446072
-3.1,7,160.460461
4.75,2,160.464938
5.75,2,160.469131
5.0,1,160.471365
8.0,1,160.473536
5.0,1,160.475667
7.25,8,160.492303
7.95,2,160.496649
3.45,12,160.521826
7.45,4,160.530258
-2.15,4,160.538352
5.0,1,160.540606
-2.05,2,160.544787
8.0,1,160.546878
4.75,2,160.551157
7.85,4,160.559666
6.0,1,160.561963
-2.0,1,160.564214
8.0,1,160.566355
5.0,1,160.56859
7.95,2,160.572948
5.65,4,160.581237
-2.0,1,160.583403
6.9,7,160.598464
-2.0,1,160.600774
-7.15,32,160.666414
7.55,6,160.678608
-5.35,32,160.743755
6.0,1,160.745942
-2.0,1,160.748005
7.35,6,160.760103
5.9,3,160.766392
7.9,3,160.772659
7.85,4,160.780835
7.65,4,160.789096
-3.1,7,160.803295
-3.7,11,160.825997
-2.2,5,160.836218
5.95,2,160.840321
7.7,3,160.846484
8.0,1,160.848622
7.5,7,160.863134
8.0,1,160.865317
4.75,2,160.869459
-2.05,2,160.873583
5.0,1,160.875727
7.85,4,160.883894
7.8,5,160.89413
-2.1,3,160.900759
7.95,2,160.90498
-2.75,8,160.922434
5.8,17,160.960689
-4.95,16,160.996847
-2.0,1,160.999101
6.0,1,161.001429
-2.0,1,161.003682
5.9,3,161.010303
-5.35,20,161.05412
7.3,7,161.069789
5.0,1,161.072089
-2.65,6,161.085188
5.95,18,161.124517
5.75,2,161.12892
4.75,2,161.133394
7.95,2,161.137811
7.75,6,161.151018
6.55,10,161.172954
7.65,8,161.190694
7.95,2,161.195014
-2.0,1,161.197517
6.65,12,161.224382
5.0,1,161.226661
5.0,1,161.228939
5.0,1,161.231181
7.85,4,161.240193
5.9,3,161.246895
6.85,8,161.264819
7.9,3,161.271556
-2.05,2,161.276021
8.0,1,161.278227
7.5,7,161.293813
-2.6,5,161.304915
-3.3,11,161.32907
7.85,4,161.338022
5.95,2,161.342513
-3.7,11,161.366587
7.65,4,161.375664
7.9,3,161.382206
5.9,3,161.388807
-3.1,11,161.413563
7.2,5,161.424605
7.75,2,161.429252
4.9,7,161.445068
-3.45,10,161.467256
-2.05,2,161.47162
7.95,2,161.476156
6.6,9,162.979504
5.0,1,162.981818
7.95,2,162.986256
4.75,2,162.990874
5.15,18,163.028983
-2.4,5,163.039403
8.0,1,163.041498
7.6,5,163.051911
-2.1,3,163.058277
4.75,2,163.062432
7.95,2,163.066575
5.95,14,163.096055
7.9,3,163.102402
8.0,1,163.104509
1.4,29,163.164589
-2.1,3,163.170735
6.4,13,163.196905
5.0,1,163.199039
7.55,6,163.211635
7.65,4,163.219912
7.65,8,163.236525
7.9,3,163.242533
7.15,6,163.254771
7.9,3,163.261024
8.0,1,163.263138
-2.0,1,163.265267
4.75,2,163.269444
7.95,2,163.273461
7.9,3,163.279527
5.95,2,163.283669
7.65,4,163.292052
7.85,4,163.300304
-7.55,32,163.38222
7.75,2,163.388054
7.65,4,163.399709
7.9,3,163.407836
7.8,5,163.421146
7.95,2,163.427177
-2.05,2,163.432138
5.0,1,163.434652
5.75,2,163.439691
6.0,1,163.442481
7.75,6,163.456491
7.85,4,163.465632
7.15,6,163.479152
7.4,5,163.489867
6.0,1,163.492025
5.9,3,163.498681
-2.3,3,163.517092
5.95,2,163.521455
5.9,3,163.529597
-10.25,50,163.642005
-4.05,18,163.679656
7.8,5,163.690194
-3.85,18,163.727634
-5.45,22,163.773976
-2.0,1,163.776167
-6.75,32,163.843256
-9.45,50,163.950586
8.55,10,163.973006
-8.85,42,164.061196
-8.9,39,165.715146
-3.4,9,165.733777
-9.25,50,165.839679
-11.25,50,165.950208
-11.1,47,166.055135
-2.8,5,166.066464
9.05,12,166.092858
6.6,13,166.121677
-2.9,7,166.137157
-2.85,6,166.150408
-3.75,12,166.176792
-10.45,50,166.286784
-3.0,9,166.306603
-2.3,3,166.313236
9.9,3,166.319955
-3.3,15,166.35317
-2.05,2,166.357599
-2.0,1,166.359893
-2.6,5,166.372046
5.95,2,166.376833
-2.8,9,166.396668
5.95,2,166.401099
-9.05,50,166.524304
-4.6,17,166.563085
7.8,5,166.574534
-10.05,50,166.68964
-11.65,50,166.800682
-2.0,1,166.803005
7.95,2,166.807755
-6.65,34,168.825392
-10.65,50,168.944958
9.9,3,168.953095
9.7,3,168.960968
-9.25,50,169.083118
-3.95,20,169.135772
-8.25,50,169.261343
5.7,3,169.26879
-8.65,50,169.383183
-2.0,1,169.385441
8.0,1,169.387721
-10.85,50,169.510758
-9.05,50,169.632939
8.25,12,169.660095
-8.6,33,169.735583
-5.8,25,169.792482
9.9,3,169.799702
4.75,2,169.804518
9.95,2,169.809166
-2.05,2,169.813747
4.75,2,169.818674
6.0,1,169.821192
8.8,9,169.842224
-2.05,2,169.847141
-11.05,50,169.962697
-9.45,50,172.212498
-2.0,1,172.2156
-9.65,50,172.380522
-6.85,50,172.55556
-8.05,50,172.737955
-2.05,2,172.744981
-10.05,50,172.906611
7.95,2,172.915466
4.75,2,172.924726
-8.05,50,173.096489
-5.6,25,173.175896
-2.0,1,173.179141
-10.65,50,173.348167
5.0,1,173.351285
-4.1,15,173.404348
-10.45,50,173.568482
6.0,1,173.572244
-7.05,50,173.727924
-10.05,50,176.359044
10.0,1,176.362783
5.95,18,176.429902
-8.2,45,176.565788
-2.0,1,176.568405
8.8,9,176.59484
-2.0,1,176.597919
7.8,5,176.612954
-9.4,45,176.737005
-2.5,7,176.757638
-9.25,50,176.891417
-3.1,15,176.933089
-3.25,10,176.968078
-2.3,7,176.991345
-9.05,50,177.152886
-2.05,2,177.159029
9.95,2,177.164901
9.95,2,177.170606
7.6,5,177.184363
-2.1,3,177.19464
-9.65,50,177.34771
5.75,2,177.354542
-6.3,27,177.450924
5.6,5,177.466809
-11.05,50,177.609469
5.9,3,177.617299
-9.85,50,177.748039
5.8,5,177.761871
-4.0,13,179.577352
5.0,1,179.58146
-2.95,8,179.607985
9.75,2,179.615831
-6.15,36,179.725633
-2.75,8,179.752887
-9.85,50,179.887765
-8.85,50,180.019845
-2.05,2,180.025322
7.85,4,180.035781
5.4,5,180.04976
-8.8,45,180.170658
-6.1,23,180.236333
9.9,3,180.245086
-2.1,3,180.253407
-5.75,24,180.32128
-4.9,27,180.396081
-2.3,3,180.404312
-2.05,2,180.409734
-10.85,50,180.552093
7.5,7,180.572017
-10.05,50,180.71214
-2.05,2,180.717989
7.95,2,180.723593
-2.7,7,180.743618
-2.0,1,180.746447
5.0,1,180.749382
9.75,6,180.765701
-2.2,5,180.779472
-2.05,2,180.784856
9.95,2,180.790417
9.85,4,180.800814
7.5,7,180.818565
-6.25,34,180.90729
-3.0,9,180.930347
9.75,6,180.945629
-3.05,10,180.970476
-2.3,3,180.977418
7.95,2,180.982069
-9.2,45,182.913007
4.75,2,182.918241
7.7,3,182.926438
5.0,1,182.929697
9.6,5,182.94383
-2.8,5,182.960095
-3.85,10,182.985298
-8.4,45,183.106932
-3.7,15,183.150139
-2.05,2,183.155762
-2.0,1,183.158615
-2.65,6,183.175117
-10.05,50,183.309129
-6.0,37,183.399261
-5.65,22,183.455185
-5.1,19,183.503139
-2.1,3,183.510737
-3.85,14,183.546975
10.0,1,183.549684
-5.3,27,183.617516
-2.35,4,183.627648
5.0,1,183.630332
-2.0,1,183.632938
-3.4,9,183.654548
5.0,1,183.65701
-3.15,8,183.676563
-2.95,8,183.695422
-2.7,11,183.721157
-7.25,50,183.83925
-3.25,10,183.862799
-5.35,24,183.919647
-2.8,5,183.931208
-5.3,23,183.985745
4.75,2,183.990483
-2.7,11,184.016752
-2.05,2,184.021815
-2.65,6,184.03861
-2.0,1,184.041248
9.95,2,184.046366
-4.75,24,185.912888
-3.15,8,185.934221
-3.85,14,185.973905
-5.2,25,186.051977
-2.0,1,186.054903
-10.05,50,186.200079
-8.45,50,186.330877
-5.75,24,186.392525
-2.1,3,186.399946
10.0,1,186.402328
-8.5,43,186.509646
-2.0,1,186.512055
5.0,1,186.514997
-2.1,3,186.522532
6.0,1,186.52515
-2.15,4,186.535179
8.0,1,186.537852
-4.65,22,186.591501
8.0,1,186.593919
-2.95,8,186.612569
5.0,1,186.61517
-2.4,5,186.626649
-3.3,15,186.66193
10.0,1,186.664582
-2.1,3,186.671897
-5.5,23,186.722975
10.0,1,186.725329
-3.05,14,186.766132
-2.75,8,186.789428
-3.55,12,186.820761
5.95,2,186.826229
-4.25,18,186.873413
-2.0,1,186.876075
-9.25,50,186.995443
-2.0,1,186.997896
-2.85,14,187.030858
-4.55,20,187.075751
-3.15,12,187.101752
-3.5,15,187.134094
-5.5,23,187.183905
-2.1,3,187.190465
9.95,2,187.194938
6.0,1,187.197196
7.9,3,187.203752
-2.6,5,188.772149
-5.75,24,188.82303
9.9,3,188.829192
7.05,8,188.846343
-3.85,14,188.875283
-2.05,2,188.879431
5.0,1,188.882074
6.0,1,188.88424
4.75,2,188.888552
-4.6,25,188.941997
5.95,2,188.946258
6.0,1,188.948382
-2.7,7,188.96377
-2.0,1,188.965993
-5.65,26,189.0247
-2.0,1,189.026933
-2.05,2,189.031317
-2.0,1,189.033552
-8.85,50,189.163751
-2.05,2,189.16895
-2.1,3,189.176928
9.95,2,189.182735
-2.05,2,189.188241
-3.4,13,189.223443
5.9,3,189.233077
5.95,2,189.238339
5.9,3,189.246384
5.0,1,189.249104
-2.1,3,189.257058
-6.85,38,189.354801
-3.25,10,189.377522
9.8,5,189.388832
-4.7,23,189.441547
-3.15,16,189.478558
-9.25,50,189.591854
-3.65,22,189.641718
-3.6,13,189.671458
9.05,8,189.689578
-2.9,7,189.705353
-5.85,50,189.820686
-5.4,21,189.868719
5.95,2,189.873589
-2.0,1,189.875818
-7.7,39,191.635977
-2.0,1,191.638647
-2.15,4,191.649905
9.65,4,191.660366
-6.75,28,191.73417
-2.05,2,191.739205
-2.1,3,191.747099
5.0,1,191.749892
9.0,9,191.772024
-3.15,8,191.792083
-2.1,3,191.799714
-2.0,1,191.802368
-2.75,8,191.822429
-3.65,18,191.866985
-2.8,9,191.889259
-2.2,5,191.902096
-2.2,5,191.914231
-2.1,3,191.921571
-2.05,2,191.92645
5.9,3,191.933798
-2.0,1,191.936264
-2.2,5,191.948245
-4.15,20,191.996062
-2.0,1,191.998597
-2.1,3,192.005919
-2.05,2,192.010713
5.65,20,192.062999
-2.1,3,192.070724
-2.0,1,192.073358
-2.1,3,192.081063
-2.2,5,192.093727
8.9,11,192.122081
5.95,2,192.127213
-2.1,3,192.134846
-2.05,2,192.13998
-2.1,3,192.147632
-9.25,50,192.269252
-3.2,9,192.290179
-3.95,20,192.336649
-2.4,5,192.34823
-4.85,22,192.40015
-2.35,4,192.409603
-2.15,4,192.418804
-3.25,10,192.442745
-2.25,6,192.456507
-4.35,16,192.494771
-2.4,5,192.506578
-2.75,8,192.525651
5.45,4,192.535075
-2.15,4,192.544505
-2.0,1,192.546827
-2.25,6,192.561101
-8.1,31,192.632456
-2.0,1,192.634823
7.9,3,192.641819
-2.0,1,192.644209
8.15,18,192.685352
-2.05,2,192.69013
-2.05,2,192.694628
-2.0,1,192.69698
-2.0,1,192.699318
-2.0,1,192.701645
-2.95,8,192.719881
-2.3,3,192.726743
-2.0,1,192.729156
-2.05,2,192.733619
-2.05,2,192.738083
-2.35,4,192.746982
-2.1,3,192.753672
-8.85,50,194.700837
-2.05,2,194.70779
-7.9,31,194.795054
-2.05,2,194.80015
9.9,3,194.808022
7.65,4,194.818394
-2.1,3,194.82621
-3.3,11,194.855161
-2.85,10,194.8829
-2.55,8,194.904293
-2.55,4,194.915303
7.95,2,194.92093
5.0,1,194.923697
5.0,1,194.92642
-2.05,2,194.931713
-2.2,5,194.945221
-2.4,5,194.959417
6.0,1,194.962638
5.9,3,194.971263
-4.95,20,195.028014
-4.65,18,195.07845
-2.25,6,195.094524
-2.95,12,195.127602
-3.25,10,195.155793
5.75,2,195.161582
-2.0,1,195.164046
5.0,1,195.166862
-2.0,1,195.169545
-3.2,13,195.20679
5.0,1,195.209783
7.75,6,195.22726
-2.1,3,195.235271
-2.05,2,195.240755
-2.0,1,195.243338
-2.35,4,195.254481
-2.85,10,195.282208
-2.35,4,195.293813
-2.3,3,195.302163
-2.3,7,195.321116
4.75,2,195.326596
5.0,1,195.32935
5.0,1,195.332488
-2.95,12,195.367425
-2.0,1,195.370461
-2.45,6,195.387389
-2.1,3,195.395658
6.0,1,195.39841
5.75,2,195.404186
-2.0,1,195.406935
-2.15,4,195.417848
-2.1,3,195.425866
-2.3,3,195.433905
-2.05,2,195.439043
-3.6,13,195.473853
-2.05,2,195.479585
-2.1,3,195.488024
-2.25,6,195.504947
-2.0,1,195.508036
-2.3,7,195.529362
-2.9,11,195.563971
-2.4,5,195.581841
-2.2,5,195.601021
-2.05,2,195.608567
-4.1,15,195.668318
-2.0,1,195.672102
-2.0,1,195.675632
-2.0,1,195.679548
5.9,3,195.69038
5.0,1,195.693997
-2.0,1,195.697271
-2.0,1,195.700925
9.85,4,195.715391
-2.5,7,195.741437
-2.55,4,195.755361
5.65,4,195.769633
-2.0,1,195.772885
-3.15,8,195.801283
9.75,6,195.82287
9.6,5,195.840982
7.9,3,195.851857
-2.7,7,195.877605
-2.1,3,195.890892
-2.0,1,195.895453
-2.5,7,195.922271
-2.05,2,195.929707
-3.15,12,195.96955
-2.05,2,195.976014
-2.1,3,195.985026
-2.15,4,195.996948
-2.1,3,196.006945
-2.45,6,196.02622
5.0,1,196.029356
-2.05,2,196.035901
-2.4,5,196.050262
-3.65,14,196.092407
-2.75,8,196.121147
-2.15,4,196.13555
-5.8,37,196.256087
5.0,1,196.259118
-2.4,5,198.134443
-2.75,8,198.154284
-2.15,4,198.165045
5.0,1,198.167575
9.95,2,198.172845
5.95,2,198.178114
5.0,1,198.180697
-2.3,3,198.188564
-2.15,4,198.198843
-2.05,2,198.204112
-2.15,4,198.214414
-2.0,1,198.217172
9.95,2,198.222252
-2.0,1,198.224793
-2.75,8,198.245084
-3.1,7,198.26217
-3.4,21,198.319889
5.95,2,198.32656
-2.0,1,198.329915
-2.05,2,198.336059
-2.15,4,198.349219
-2.1,3,198.359588
5.0,1,198.3625
-2.05,2,198.367632
-3.3,11,198.397148
-2.05,2,198.402666
5.0,1,198.405416
-2.3,3,198.413026
7.9,3,198.420976
-2.45,6,198.435679
-5.95,28,198.505674
-2.05,2,198.510249
-2.1,3,198.519675
-2.15,4,198.529672
9.65,4,198.540065
-2.35,4,198.549965
-2.45,10,198.574909
-3.4,13,198.607272
9.9,3,198.614966
-2.25,6,198.630021
-2.0,1,198.632598
5.75,2,198.638016
-2.65,6,198.654473
-2.05,2,198.659935
-2.05,2,198.665613
-2.6,5,198.678717
-2.9,7,198.69752
-3.45,10,198.722962
7.9,3,198.730868
6.85,8,198.753286
-2.0,1,198.75632
5.0,1,198.759305
-2.9,11,198.789815
-2.8,5,198.802919
-2.1,3,198.810743
-2.0,1,198.813488
-2.15,4,198.824646
5.0,1,198.827552
-2.0,1,198.830402
5.0,1,198.83333
9.65,4,198.844313
-2.0,1,198.847082
9.9,3,198.855323
-2.05,2,198.860544
-2.0,1,198.863489
6.0,1,198.866352
-2.05,2,198.871526
7.5,7,198.890646
-2.4,5,198.903892
-2.65,6,198.92101
5.0,1,198.923652
-2.55,8,198.94552
-2.05,2,198.952688
-2.0,1,198.955844
-2.05,2,198.961089
-2.5,7,198.980548
-2.05,2,198.985921
-2.05,2,198.991497
-2.6,5,199.004908
-2.05,2,199.010063
-2.0,1,199.012667
-2.05,2,199.017829
6.0,1,199.020512
-3.35,12,199.050807
9.8,5,199.062678
4.75,2,199.067492
-2.1,3,199.074433
-2.75,12,199.102917
-4.0,13,199.134144
-2.15,4,199.143583
5.95,2,199.14833
5.95,2,199.153287
-2.05,2,199.158075
5.0,1,199.16064
-3.4,9,199.182553
10.0,1,199.184983
-3.6,17,199.226613
-2.0,1,199.229147
5.0,1,199.231663
-3.05,10,199.255933
-2.0,1,199.258362
-3.0,9,199.279948
8.0,1,199.282552
7.95,2,199.287381
-2.05,2,199.292319
-2.1,3,199.299528
-2.45,6,199.314197
-2.05,2,199.319033
-2.45,6,199.333403
-2.8,5,199.345269
-2.0,1,199.347733
-2.05,2,199.352664
6.55,22,199.405938
4.75,2,199.410705
-2.55,4,199.4203
-2.65,6,199.434669
-2.3,3,199.441964
-2.05,2,199.44681
7.95,2,199.452013
5.95,2,201.293819
-2.15,4,201.304191
6.0,1,201.306903
-2.25,6,201.322293
10.0,1,201.325005
-2.0,1,201.327781
-3.25,14,201.366754
-2.0,1,201.36935
5.0,1,201.371979
9.9,3,201.37995
-2.05,2,201.385205
-2.95,12,201.418811
-2.0,1,201.421522
-2.55,8,201.443054
-2.05,2,201.448359
9.95,2,201.453767
-2.05,2,201.459093
-2.1,3,201.466837
5.0,1,201.469516
-2.0,1,201.472087
-2.3,3,201.480095
-3.4,13,201.513704
-2.55,4,201.524377
-2.1,3,201.53218
-2.0,1,201.534851
-2.6,5,201.548016
-2.6,5,201.560775
-4.05,18,201.607444
-2.05,2,201.612733
-2.05,2,201.617849
-2.05,2,201.623025
-2.05,2,201.628141
-2.1,3,201.63634
-2.0,1,201.638887
-2.6,5,201.652049
-2.8,9,201.675098
-2.15,4,201.685424
-2.8,5,201.698488
8.0,1,201.701128
9.75,6,201.716609
-2.05,2,201.722075
-2.05,2,201.727485
-2.0,1,201.730367
-2.0,1,201.733454
-2.05,2,201.73921
-3.35,12,201.773016
-5.8,21,201.83041
-2.0,1,201.832967
-2.15,4,201.843918
-2.4,5,201.858078
-2.05,2,201.863394
-2.2,5,201.876499
9.7,3,201.884076
5.0,1,201.886939
-2.05,2,201.892105
9.9,3,201.900008
-3.05,10,201.927136
-2.15,4,201.937806
-3.05,10,201.963254
-2.05,2,201.968206
-2.05,2,201.973743
-2.45,6,201.989846
-2.0,1,201.992653
-2.0,1,201.995245
-3.45,10,202.021815
-2.0,1,202.024648
5.75,2,202.030198
7.9,3,202.038511
-2.0,1,202.041284
-4.75,20,202.096834
-2.3,3,202.10496
-2.05,2,202.110286
-2.0,1,202.113079
5.0,1,202.115974
-2.0,1,202.118701
-2.0,1,202.121624
-2.1,3,202.130097
-2.0,1,202.132843
-2.15,4,202.144101
-2.05,2,202.149571
5.0,1,202.152496
7.95,2,202.158234
6.0,1,202.160941
-2.1,3,202.168697
-2.75,8,202.190046
7.95,2,202.195157
-2.0,1,202.197705
-5.3,23,202.262971
6.0,1,202.265872
-2.0,1,202.268658
5.0,1,202.271316
9.45,8,202.292593
-2.0,1,202.29524
-2.0,1,202.297983
9.5,7,202.316904
-2.0,1,202.319581
-2.15,4,202.330156
-2.05,2,202.335507
8.7,11,202.364194
-2.05,2,202.369629
-2.6,5,202.382967
-2.55,8,202.404264
-2.05,2,202.409504
-2.4,5,202.422331
-4.65,18,202.47061
5.0,1,202.474296
5.95,2,202.480861
-2.15,4,202.493511
8.05,12,202.53299
-2.1,3,202.540984
9.85,4,202.552003
-2.2,5,202.5666
7.9,3,202.575364
-2.1,3,202.583634
-2.15,4,202.595689
-3.85,14,202.63516
-2.05,2,202.640874
-2.15,4,202.652144
-2.75,8,202.678049
-4.35,16,204.614743
-2.1,3,204.621185
4.75,2,204.625497
-4.7,19,204.667707
-2.0,1,204.670013
-2.2,5,204.681543
-2.0,1,204.683959
-3.15,8,204.701659
-2.15,4,204.710255
-2.25,6,204.723561
-2.95,8,204.740991
-2.15,4,204.749707
-5.4,25,204.804053
5.95,2,204.808346
-2.1,3,204.814943
9.95,2,204.819489
-4.55,16,204.855134
-3.0,9,204.875355
-3.45,10,204.897667
9.95,2,204.902071
-2.4,5,204.913393
6.0,1,204.915647
-4.3,19,204.957538
-2.2,5,204.968387
9.9,3,204.975182
-2.0,1,204.977428
5.0,1,204.979666
-2.0,1,204.981893
-2.4,5,204.992935
-2.1,3,204.999825
5.0,1,205.002262
9.9,3,205.008931
-2.05,2,205.013525
7.8,13,205.043765
7.95,2,205.048445
-2.0,1,205.050656
-2.05,2,205.056448
-5.0,25,205.115213
7.2,5,205.126735
-2.15,4,205.135934
-2.1,3,205.14258
-5.95,24,205.200962
5.95,2,205.206394
-2.1,3,205.214187
7.9,3,205.222166
-2.0,1,205.224816
-2.1,3,205.232757
-2.05,2,205.238069
-2.15,4,205.249273
-4.2,17,205.295937
-2.0,1,205.298787
-3.0,9,205.324026
5.0,1,205.326807
-2.1,3,205.334718
-2.45,6,205.350951
-7.45,50,205.47277
9.15,6,205.488183
-2.05,2,205.493056
-3.15,8,205.512614
-2.05,2,205.517569
-2.8,9,205.539748
-2.65,6,205.554027
-2.45,6,205.56819
-3.6,13,205.598738
-3.25,10,205.62249
-2.05,2,205.627142
5.95,2,205.632044
-2.4,9,205.653171
-2.1,3,205.66026
-2.35,4,205.669693
-2.0,1,205.672196
-3.05,10,205.696435
-2.05,2,205.70136
-2.1,3,205.708598
-2.05,2,205.713241
-4.05,18,205.755519
-2.4,5,205.767184
-5.25,26,207.579227
-2.0,1,207.582536
7.9,3,207.591605
9.65,8,207.617016
-2.0,1,207.619941
-2.15,4,207.632587
6.0,1,207.635712
-2.0,1,207.638762
-2.0,1,207.642102
7.9,3,207.651404
5.95,2,207.657591
-2.2,5,207.673159
-2.0,1,207.676174
9.65,4,207.68769
-2.0,1,207.6906
-2.1,3,207.699553
-2.05,2,207.705436
5.95,2,207.711697
-2.15,4,207.722667
-2.0,1,207.725641
-2.0,1,207.728679
-2.15,4,207.741747
-2.25,6,207.759794
-2.35,8,207.78098
-2.0,1,207.783716
7.9,3,207.792046
-4.05,14,207.829748
7.75,2,207.835059
9.25,8,207.855522
-2.05,2,207.860949
-4.5,19,207.9089
9.95,2,207.914002
-2.2,5,207.926896
-2.05,2,207.931822
-2.0,1,207.934306
-2.1,3,207.941923
9.8,5,207.954355
-2.1,3,207.962237
7.9,3,207.970688
5.0,1,207.973582
9.6,5,207.987107
9.85,4,207.997647
-2.05,2,208.003185
-2.65,10,208.028832
-2.0,1,208.031354
-2.1,3,208.03891
-2.0,1,208.041314
-2.05,2,208.046301
-2.0,1,208.04888
-2.15,4,208.059496
7.95,2,208.0652
7.95,2,208.070737
-2.1,3,208.078317
4.75,2,208.083373
-3.15,8,208.106379
-2.05,2,208.111694
-4.85,18,208.158406
6.0,1,208.161065
5.0,1,208.163615
-2.45,6,208.18031
-2.1,3,208.188578
-2.15,4,208.199623
-2.05,2,208.20587
-2.0,1,208.209507
-4.05,14,208.248689
-2.0,1,208.251436
-2.0,1,208.254144
-2.0,1,208.256898
-2.05,2,208.262486
5.0,1,208.265413
-2.25,6,208.281349
-2.9,7,208.301392
9.95,2,208.307623
5.0,1,208.310954
10.0,1,208.314587
-2.0,1,208.317585
-2.05,2,208.324771
5.0,1,208.327535
5.4,5,208.342306
-2.15,4,208.355186
-2.0,1,208.358884
-6.2,29,208.448315
-2.0,1,208.451536
-2.4,5,208.465989
7.65,4,208.477886
-2.3,3,208.486506
-3.25,10,208.516843
-2.05,2,208.523086
-2.0,1,208.526512
5.9,3,208.535352
-4.0,21,208.597925
7.95,2,208.603193
-2.95,8,208.629395
-2.1,3,208.63803
-2.65,6,208.656342
-2.6,5,208.671361
9.35,6,208.692218
7.9,3,208.700687
-2.05,2,208.706801
-2.0,1,208.71063
-2.1,3,208.719988
-2.05,2,208.727311
-2.15,4,208.740547
5.85,4,208.75102
7.85,4,208.76492
5.0,1,208.76818
-2.0,1,208.771191
-2.0,1,208.774491
9.9,3,208.782735
7.9,3,208.79115
-2.9,7,208.809661
-2.05,2,208.815047
-2.0,1,208.817653
6.0,1,208.820317
-2.0,1,208.823115
5.0,1,208.825679
-2.1,3,208.833075
-2.3,3,208.841087
-2.7,7,208.859275
-2.05,2,208.864251
-2.15,4,208.875107
-2.0,1,208.877652
-3.05,10,208.902713
-2.1,3,208.910584
-4.45,18,208.956993
-2.1,3,208.964693
-2.0,1,208.967206
10.0,1,208.969686
-2.0,1,208.972293
-2.05,2,208.977307
-2.5,7,210.915864
-2.0,1,210.918087
-4.1,15,210.952632
-2.3,3,210.959664
-2.0,1,210.962078
-2.15,4,210.97121
-2.1,3,210.97796
-3.05,10,211.000736
5.9,3,211.007573
-2.95,8,211.025907
5.95,2,211.030946
-3.85,18,211.077499
-2.1,3,211.085098
-2.0,1,211.087799
-2.1,3,211.095249
4.75,2,211.100377
-2.0,1,211.102928
-2.2,5,211.115266
-2.1,3,211.123006
-2.0,1,211.125468
-2.0,1,211.128092
-2.05,2,211.133174
-2.1,3,211.140866
5.0,1,211.143647
-2.1,3,211.151079
-3.55,12,211.183186
-2.1,3,211.190731
-2.0,1,211.19329
5.95,2,211.198311
-6.5,27,211.268161
-2.15,4,211.278297
-2.15,4,211.288296
-2.0,1,211.291146
7.8,5,211.304139
-2.2,5,211.316412
-2.05,2,211.321575
-2.0,1,211.324151
-4.4,17,211.366729
-3.15,8,211.386984
7.95,2,211.392026
5.0,1,211.394594
-2.05,2,211.399515
9.9,3,211.407141
10.0,1,211.409709
-2.45,6,211.424401
-2.75,8,211.443731
9.65,4,211.453653
-2.0,1,211.456185
-2.05,2,211.461236
-2.55,8,211.481354
5.0,1,211.484476
-2.45,10,211.509971
-9.05,50,211.64279
-2.05,2,211.648066
9.9,3,211.655771
-2.05,2,211.660983
5.0,1,211.663654
-2.2,5,211.676505
-2.7,7,211.694883
-2.25,6,211.711055
6.0,1,211.713755
9.15,10,211.739661
-3.4,13,211.772991
-2.1,3,211.780138
-2.55,8,211.800694
-2.15,4,211.810347
-2.05,2,211.815176
-2.5,7,211.832593
-2.0,1,211.835029
-2.1,3,211.842552
-2.3,3,211.849833
9.55,6,211.864141
-2.45,10,211.888054
9.65,4,211.897634
-2.4,5,211.910056
5.95,2,211.915206
-2.05,2,211.92036
-2.2,5,211.933493
6.0,1,211.937207
5.95,2,211.943113
-3.2,9,211.96549
-2.0,1,211.968031
-2.3,3,211.975791
-2.0,1,211.97827
-2.1,3,211.986492
-2.1,3,211.993987
-2.2,5,212.006277
-2.5,7,212.023434
-2.25,6,212.038145
-2.1,3,212.045537
-2.0,1,212.047853
-2.05,2,212.052626
-2.5,7,212.069674
7.9,3,212.077676
-2.2,5,212.090049
9.75,6,212.104926
7.9,3,212.112199
-2.65,10,212.135988
9.95,2,212.140842
-2.8,5,212.152812
-2.0,1,212.155203
7.95,2,212.16012
-2.15,4,212.169734
5.4,5,212.1818
-2.15,4,212.191445
-2.65,6,214.013874
-2.0,1,214.016232
9.95,2,214.021321
-3.2,9,214.043181
4.75,2,214.04824
-2.0,1,214.0507
-3.6,9,214.074573
-2.6,5,214.08761
-2.15,4,214.097521
-2.9,7,214.11513
6.0,1,214.117758
-2.15,4,214.127589
-2.1,3,214.135321
-2.15,4,214.144798
-2.05,2,214.149668
-2.55,8,214.169669
-2.05,2,214.174716
-2.5,7,214.191621
5.0,1,214.194205
-3.75,12,214.222508
-2.15,4,214.232829
7.05,8,214.254194
5.0,1,214.256867
9.9,3,214.264636
-2.0,1,214.267266
9.8,5,214.280011
-2.5,7,214.298028
7.9,3,214.305643
-2.1,3,214.313527
5.0,1,214.316152
-2.95,8,214.336563
-2.05,2,214.34186
-2.05,2,214.347018
-2.05,2,214.352102
-2.0,1,214.354696
7.3,7,214.372766
7.95,2,214.377882
-2.0,1,214.380391
5.95,2,214.385644
-2.0,1,214.388196
9.6,5,214.401134
-2.05,2,214.406376
5.0,1,214.409017
-2.65,6,214.424393
-4.35,20,214.475754
7.95,2,214.481076
-4.1,19,214.528298
-2.4,5,214.540627
5.9,3,214.547904
-2.2,5,214.560263
-4.05,14,214.595662
5.95,2,214.600471
-2.2,5,214.612409
-2.2,5,214.624791
-2.1,3,214.632674
9.9,3,214.639915
-2.0,1,214.64228
9.45,8,214.661597
-2.1,3,214.668805
-2.0,1,214.671215
-2.75,8,214.690505
-2.0,1,214.692856
-2.0,1,214.69535
-2.5,7,214.712831
-2.9,7,214.731756
-2.0,1,214.734441
-2.15,4,214.744449
-2.4,5,214.75656
-2.0,1,214.758913
-2.0,1,214.761367
-2.05,2,214.766202
-2.1,3,214.773292
-2.55,4,214.782538
-2.95,12,214.810052
-3.6,13,214.839482
-2.0,1,214.841811
-2.0,1,214.844057
-2.15,4,214.853033
9.85,4,214.862074
-2.7,7,214.878304
-2.2,5,214.889942
-2.0,1,214.892287
9.95,2,214.896978
-2.4,5,214.908771
5.0,1,214.911303
-2.05,2,214.916154
-2.05,2,214.920864
-2.0,1,214.923177
5.0,1,214.925564
-4.1,19,214.968733
9.45,4,214.977716
-2.15,4,214.986616
-2.0,1,214.989028
-2.65,6,215.002635
-2.3,7,215.018261
-2.7,7,215.033784
-2.0,1,215.036122
7.95,2,215.040759
9.75,2,215.045461
-2.0,1,215.047845
5.9,3,215.054779
-5.7,27,215.11937
5.75,2,215.124131
-2.1,3,215.131361
-2.1,3,215.138373
5.0,1,215.140706
-3.5,11,215.165893
9.85,4,215.175379
-2.0,1,215.177634
7.75,6,215.191374
-2.0,1,215.193651
4.75,2,215.198483
-3.65,22,215.250853
9.9,3,216.934216
-2.1,3,216.941618
9.95,2,216.946485
-2.1,3,216.953573
-2.65,6,216.967927
5.75,2,216.972827
10.0,1,216.975173
5.0,1,216.977531
6.0,1,216.979934
-2.05,2,216.984723
-2.5,7,217.001663
-4.3,15,217.039567
-2.0,1,217.042071
-3.05,10,217.06725
-2.0,1,217.069803
7.95,2,217.074916
-4.5,15,217.112957
6.0,1,217.115471
-2.3,7,217.13278
-2.0,1,217.135273
-2.45,6,217.149629
-2.05,2,217.154483
-2.25,6,217.169308
-2.15,4,217.17907
-2.45,6,217.193486
-2.05,2,217.198212
5.95,2,217.203074
-2.15,4,217.212928
-2.05,2,217.217818
-2.05,2,217.222644
-2.1,3,217.230041
-2.0,1,217.232493
5.95,2,217.237278
-2.1,3,217.244716
-2.1,3,217.252008
-2.05,2,217.257042
-9.25,50,217.385279
-3.7,15,217.421093
-2.4,5,217.432731
-2.45,6,217.447003
9.2,5,217.459047
-2.1,3,217.466135
-2.0,1,217.468619
-2.15,4,217.478374
-2.0,1,217.480801
-2.05,2,217.485483
-2.1,3,217.492642
-2.15,4,217.502088
-2.15,4,217.512019
-2.05,2,217.516869
10.0,1,217.519664
6.0,1,217.522177
-2.1,3,217.529664
-2.05,2,217.53474
-2.05,2,217.539471
8.2,17,217.581129
-2.8,9,217.604366
-2.15,4,217.614537
-2.3,3,217.621747
-2.25,6,217.636739
-2.4,5,217.649332
5.0,1,217.652067
-2.4,5,217.665043
6.65,20,217.714911
8.9,7,217.731858
5.0,1,217.734297
-7.25,50,217.854291
-2.1,3,217.861525
7.95,2,217.866472
-2.6,5,217.87874
-2.05,2,217.883667
10.0,1,217.886176
-2.2,5,217.898307
-2.7,7,217.916659
7.9,3,217.924045
-2.05,2,217.9292
-2.4,5,217.941588
-2.1,3,217.949391
-2.0,1,217.951834
-2.1,3,217.959202
-2.0,1,217.96176
-2.7,11,217.988862
5.0,1,217.991362
-2.6,5,218.00345
7.95,2,218.009
-2.0,1,218.011321
4.75,2,218.016184
-2.0,1,218.018682
-2.3,3,218.02563
-2.0,1,218.027825
-2.0,1,218.030436
-2.95,8,218.04828
-2.0,1,218.050625
-2.2,5,218.061867
-4.4,21,218.109035
-2.0,1,218.111245
6.0,1,218.113492
-2.1,3,218.12025
-2.0,1,218.122508
-2.45,6,218.136723
-2.2,5,218.147938
-2.0,1,218.150155
-2.05,2,218.154584
-2.05,2,218.159643
-2.1,3,218.166504
-2.1,3,218.17333
-2.7,7,219.82705
9.7,3,219.833679
-2.35,4,219.842485
-2.05,2,219.846777
-2.05,2,219.851056
9.85,4,219.859848
9.85,4,219.868743
-2.15,4,219.877506
-2.5,7,219.892762
-4.6,17,219.929776
-3.8,17,219.966797
5.0,1,219.969127
-2.1,3,219.975795
-2.15,4,219.984466
-2.35,4,219.993248
-2.1,3,219.999736
4.75,2,220.004235
-2.15,4,220.01298
5.95,2,220.01752
-2.1,3,220.024103
5.0,1,220.026412
9.95,2,220.031054
6.0,1,220.033362
-2.0,1,220.035804
-2.3,7,220.05109
-2.05,2,220.055624
-2.1,3,220.062495
-2.1,3,220.069107
5.0,1,220.071574
-2.05,2,220.076025
-3.8,13,220.105201
-2.45,6,220.118468
-2.15,4,220.127537
-2.0,1,220.129797
5.9,3,220.136416
9.95,2,220.140752
5.0,1,220.142946
-2.15,4,220.151719
-2.05,2,220.156158
-2.6,9,220.176201
-2.05,2,220.180489
5.0,1,220.182684
7.95,2,220.187093
-2.05,2,220.19144
-2.05,2,220.195837
10.0,1,220.198099
-2.0,1,220.20021
5.0,1,220.202443
7.8,5,220.213525
7.95,2,220.217854
5.0,1,220.220052
5.0,1,220.222239
-2.1,3,220.228847
7.95,2,220.233403
-2.05,2,220.237796
-3.45,14,220.268489
-2.1,3,220.275073
-2.05,2,220.279571
-2.1,3,220.286342
-2.0,1,220.288638
5.95,2,220.293188
-2.4,5,220.304355
-2.0,1,220.306525
-2.3,3,220.313102
-2.0,1,220.315335
6.0,1,220.317758
-2.25,6,220.331019
-2.0,1,220.333222
-2.4,5,220.3443
-2.0,1,220.346481
9.8,5,220.35759
6.0,1,220.359826
9.9,3,220.366345
-2.1,3,220.372993
-2.35,4,220.382101
-2.65,6,220.39523
-2.0,1,220.397507
-2.0,1,220.399678
-2.6,5,220.410648
-2.0,1,220.412837
9.7,3,220.419436
-2.4,5,220.430773
6.0,1,220.433217
-2.05,2,220.437983
9.85,4,220.447162
-3.8,17,220.486162
6.0,1,220.488509
-2.1,3,220.495172
-2.0,1,220.497465
7.95,2,220.502021
-2.1,3,220.508789
6.0,1,220.511241
-2.15,4,220.520318
-2.3,7,220.536221
9.7,3,220.543168
-2.25,6,220.55711
5.95,2,220.561547
7.95,2,220.566047
-2.0,1,220.568124
5.0,1,220.570325
-2.1,3,220.576977
-2.2,5,220.58799
-2.05,2,220.592663
-2.1,3,220.599265
9.3,7,220.614554
-2.05,2,220.618854
-2.45,6,220.632231
-2.05,2,220.636689
-2.05,2,220.64103
5.0,1,220.643306
-2.95,8,220.660911
-2.25,6,220.673947
-2.7,7,220.689513
7.9,3,220.696345
-2.5,7,220.711932
-2.0,1,220.714153
-2.6,5,220.725404
-2.05,2,220.7297
5.95,2,220.734072
-2.1,3,220.740697
-2.0,1,220.742838
6.0,1,220.74519
-2.45,6,220.758246
-2.45,6,220.771407
-2.1,3,220.777965
5.9,3,220.784637
-2.1,3,220.791258
-3.75,12,220.820003
-2.3,3,220.827218
-2.15,4,220.836944
-2.05,2,220.841774
-3.2,9,220.863581
-2.35,4,220.873075
-2.0,1,220.875453
5.0,1,220.877876
7.65,8,220.896704
-2.05,2,220.901506
8.35,14,220.9349
-2.0,1,220.937292
-3.15,12,220.965914
8.35,14,222.679979
-2.0,1,222.682355
-2.0,1,222.684614
-3.6,13,222.713561
-2.0,1,222.715762
-2.2,5,222.727039
-2.05,2,222.731547
-2.15,4,222.74031
-2.15,4,222.749042
-2.0,1,222.751299
-2.1,3,222.758018
5.0,1,222.760353
-2.1,3,222.767181
-2.0,1,222.769453
-2.15,4,222.7782
-3.15,16,222.813177
-2.05,2,222.817624
-2.65,6,222.83089
-2.05,2,222.835291
5.0,1,222.837669
-2.1,3,222.844229
-3.05,6,222.857766
9.9,3,222.864316
-2.05,2,222.868605
-2.1,3,222.875257
5.0,1,222.87748
9.75,2,222.881887
-2.5,7,222.897365
-2.0,1,222.899565
-2.4,5,222.910574
9.95,2,222.915189
-2.0,1,222.917475
-2.05,2,222.921898
5.0,1,222.924185
-2.0,1,222.92639
5.9,3,222.93306
-5.1,23,222.983273
5.95,2,222.987815
10.0,1,222.990089
7.9,3,222.996673
7.95,2,223.001165
9.85,4,223.009959
-5.1,19,223.051206
9.85,4,223.060009
-3.05,14,223.090546
-2.4,5,223.101358
6.0,1,223.10367
-2.1,3,223.110473
5.0,1,223.11278
-2.0,1,223.115039
-2.0,1,223.117316
9.9,3,223.123903
-2.05,2,223.128215
-2.1,3,223.134739
-2.15,4,223.143473
9.85,4,223.15248
-2.15,4,223.161451
9.65,8,223.179057
-2.1,3,223.185574
5.0,1,223.187868
-2.0,1,223.190174
-2.0,1,223.192532
5.0,1,223.194931
-2.0,1,223.19717
-2.35,8,223.215032
-2.1,3,223.221834
7.95,2,223.226507
-2.15,4,223.235469
-2.6,9,223.255231
-2.25,6,223.2685
-2.65,6,223.282008
9.9,3,223.288847
-2.05,2,223.293206
-2.1,3,223.29987
-2.15,4,223.308711
-2.1,3,223.315454
-2.05,2,223.320019
6.0,1,223.322488
-2.5,7,223.337711
5.95,2,223.342254
-3.7,11,223.36624
7.8,5,223.377148
-2.0,1,223.379349
-3.65,18,223.41903
6.0,1,223.42153
6.0,1,223.423835
9.65,4,223.43269
-2.95,8,223.450226
-2.0,1,223.452396
-2.0,1,223.454657
-2.05,2,223.459338
9.95,2,223.463749
7.9,3,223.470227
-2.2,5,223.481697
-2.0,1,223.483977
-2.0,1,223.486259
7.75,2,223.490932
-2.05,2,223.495498
-5.1,19,223.538281
9.8,5,223.549205
-3.1,7,223.564398
7.9,3,223.57094
-2.0,1,223.573221
-2.1,3,223.57991
-3.1,15,223.613267
9.9,3,223.620118
-2.1,3,223.6266
-2.6,5,223.63815
6.0,1,223.64044
-2.05,2,223.644986
-3.0,9,223.665268
6.0,1,223.667613
-2.6,5,223.678594
-2.4,5,223.689811
9.85,4,223.698914
-3.5,15,223.732189
4.65,8,223.750133
-2.0,1,223.752298
-3.2,9,223.771971
9.65,4,223.780832
-7.0,33,225.415301
-2.05,2,225.4206
5.0,1,225.423419
-2.1,3,225.43095
-3.35,8,225.451275
-2.1,3,225.459619
-2.05,2,225.464555
6.0,1,225.467016
-2.15,4,225.477404
-3.05,10,225.504281
-2.05,2,225.509927
5.95,2,225.51506
-2.15,4,225.524736
7.95,2,225.529711
-2.15,4,225.539909
-2.05,2,225.544948
5.0,1,225.547509
-2.3,3,225.554858
-3.5,15,225.591379
-3.1,11,225.617141
-2.4,5,225.628346
-2.45,6,225.641762
-3.8,9,225.661775
-2.05,2,225.666253
-2.0,1,225.668498
-2.2,5,225.679661
-2.1,3,225.686383
-2.15,4,225.695459
5.75,2,225.700073
9.65,4,225.709095
7.5,7,225.72504
-2.2,5,225.736064
9.8,5,225.747395
-2.05,2,225.751769
-2.05,2,225.756239
5.95,2,225.760946
-2.2,5,225.772149
9.9,3,225.778929
9.95,2,225.783292
-2.0,1,225.785497
-2.5,7,225.801414
-2.75,8,225.819363
-2.2,5,225.830527
-2.4,5,225.841784
-5.95,24,225.895206
-2.3,3,225.901923
-2.45,6,225.915295
5.9,3,225.922223
-2.05,2,225.926786
9.9,3,225.933535
-5.9,23,225.985145
-2.2,5,225.996321
-2.15,4,226.005747
9.8,5,226.017173
9.9,3,226.023895
-2.0,1,226.026182
5.0,1,226.028514
-2.35,4,226.037528
-2.0,1,226.039794
-2.15,4,226.048738
-2.65,6,226.062007
5.95,2,226.066494
-2.85,10,226.088361
-2.05,2,226.09302
-2.05,2,226.09779
7.7,3,226.104591
-2.65,6,226.118434
5.0,1,226.120722
5.95,2,226.125296
-2.0,1,226.127448
-2.4,5,226.139002
-2.45,6,226.152543
6.0,1,226.154823
7.9,3,226.161513
5.85,4,226.17072
-2.15,4,226.179651
-3.1,11,226.204334
8.0,1,226.206658
-2.15,4,226.215915
5.0,1,226.218191
9.9,3,226.225173
9.95,2,226.229887
5.0,1,226.232108
-4.25,18,226.272485
-2.9,7,226.287934
-5.8,29,226.354468
-2.1,3,226.361156
5.0,1,226.363474
10.0,1,226.365755
7.95,2,226.370193
-3.1,11,226.395083
-2.3,3,226.40188
-2.95,8,226.420212
-3.35,8,226.438545
-2.1,3,226.445302
-2.55,8,226.463305
-2.15,4,226.472296
-4.0,17,226.510692
-2.0,1,226.51307
-2.0,1,226.515395
9.8,5,228.120074
-8.25,50,228.238422
-2.0,1,228.240882
-2.35,4,228.250443
-2.1,3,228.257736
9.85,4,228.267625
5.0,1,228.270296
9.75,2,228.275251
5.9,3,228.282416
-5.25,50,228.403223
-2.0,1,228.405648
-2.05,2,228.410549
5.9,3,228.417831
-2.0,1,228.420264
9.3,7,228.437046
-2.6,5,228.449161
-2.05,2,228.453897
-2.05,2,228.458664
9.9,3,228.465773
-2.45,10,228.489343
-2.05,2,228.494104
6.0,1,228.496622
-3.25,14,228.529729
9.95,2,228.534546
-2.0,1,228.536983
9.6,5,228.548908
-2.1,3,228.556083
-3.35,20,228.603821
-2.2,5,228.615766
-2.15,4,228.625406
9.9,3,228.632565
-5.85,30,228.704461
-2.15,4,228.714096
-3.05,18,228.756921
-2.05,2,228.761629
5.0,1,228.764085
-3.55,8,228.783196
-2.0,1,228.7857
-2.15,4,228.795179
7.95,2,228.800078
-2.7,7,228.816961
-2.0,1,228.819467
5.95,2,228.824487
6.0,1,228.827077
10.0,1,228.829604
-2.0,1,228.832049
-2.0,1,228.834593
-2.1,3,228.841788
-2.65,6,228.85592
-2.35,4,228.865395
-3.25,10,228.889491
9.75,2,228.894061
5.95,2,228.898571
5.0,1,228.900922
-6.0,33,228.973906
-2.25,6,228.987161
-2.1,3,228.99389
7.6,5,229.005197
-2.05,2,229.009688
-2.75,8,229.027312
-5.3,35,229.104416
-2.0,1,229.106712
9.1,15,229.140186
-3.35,12,229.166878
-2.1,3,229.173679
-2.45,6,229.187224
-2.4,5,229.198417
-2.2,5,229.209608
-2.0,1,229.21193
-2.0,1,229.214249
-2.0,1,229.216567
-2.0,1,229.2189
-4.9,27,229.278692
9.95,2,229.283345
-2.1,3,229.29006
6.0,1,229.292466
-2.35,8,229.310426
-2.05,2,231.100693
5.0,1,231.104574
-2.05,2,231.111281
5.95,2,231.11831
7.95,2,231.124166
-2.3,3,231.132217
-3.25,14,231.16742
-2.1,3,231.174761
-2.15,4,231.184797
-2.6,9,231.206694
-2.8,5,231.219449
-2.05,2,231.224409
-2.0,1,231.227052
5.0,1,231.229718
-2.05,2,231.23473
8.45,12,231.264872
-2.0,1,231.26732
-2.1,3,231.274932
-2.75,8,231.295261
-3.65,18,231.343689
-2.7,7,231.362374
-2.15,4,231.372649
-2.0,1,231.375219
5.45,4,231.385864
9.85,4,231.396131
5.75,2,231.401318
7.9,3,231.40905
-2.0,1,231.411596
5.9,3,231.418912
-3.25,10,231.443504
-2.1,3,231.451032
5.0,1,231.453501
-3.45,10,231.477589
10.0,1,231.480239
-9.05,50,231.609438
-2.4,5,231.623313
-2.7,11,231.654807
-2.05,2,231.660724
7.9,3,231.66942
9.9,3,231.678291
-2.7,7,231.699993
-2.95,8,231.725792
-3.85,22,231.788594
5.0,1,231.792063
-2.05,2,231.797595
7.95,2,231.803509
7.75,6,231.820398
-2.95,8,231.842996
-2.3,3,231.852242
8.0,1,231.85527
-2.05,2,231.860159
-2.0,1,231.862752
7.95,2,231.869037
9.85,4,231.880736
9.25,8,231.905254
9.85,4,231.917479
6.0,1,231.920354
-2.05,2,231.92571
5.0,1,231.929013
-6.75,24,232.001275
-2.1,3,232.009906
-2.05,2,232.016024
-2.45,6,232.033942
9.8,5,232.049357
-2.0,1,232.052159
-2.15,4,232.065645
-2.75,8,232.088319
-2.45,6,232.105736
-2.05,2,232.111506
-7.6,45,232.239246
-2.55,4,232.249876
4.75,2,232.255192
5.0,1,232.25778
7.9,3,232.265666
-2.1,3,232.273611
-3.7,15,232.313229
-2.0,1,232.315799
9.85,4,232.326173
-3.55,12,232.357019
7.9,3,232.364775
-2.05,2,232.370326
-2.0,1,232.373189
-2.0,1,232.376221
-2.15,4,232.386848
-2.3,7,232.405059
-2.45,6,232.420552
-3.65,22,232.486955
5.85,4,232.499506
5.0,1,232.502523
-2.15,4,235.045717
-2.2,5,235.063654
-2.95,16,235.115489
5.95,2,235.121352
-3.85,14,235.162509
-2.0,1,235.165334
9.45,8,235.188565
-2.15,4,235.199618
-2.05,2,235.205088
-2.0,1,235.207916
9.3,7,235.232632
-2.4,5,235.247538
-2.0,1,235.251734
8.75,14,235.299079
-2.2,5,235.314387
5.0,1,235.317601
-2.15,4,235.330362
-2.15,4,235.343125
5.0,1,235.346528
-2.4,5,235.360715
-2.25,6,235.377523
-2.05,2,235.382866
9.5,7,235.401112
-4.65,14,235.441439
9.65,4,235.453408
-2.15,4,235.46517
7.4,21,235.526209
7.9,3,235.535255
-2.3,7,235.554886
7.95,2,235.560452
-2.0,1,235.563199
-2.05,2,235.568939
-2.1,3,235.577043
-2.0,1,235.579899
7.8,5,235.593626
-2.15,4,235.604748
-2.05,2,235.611034
-2.5,7,235.630653
-2.15,4,235.640793
6.0,1,235.643477
9.95,2,235.648694
-2.2,5,235.662762
-2.35,4,235.673616
-2.3,7,235.692537
-2.05,2,235.697958
-2.0,1,235.700663
5.0,1,235.703279
7.9,3,235.710994
-2.15,4,235.721317
-2.05,2,235.726456
-4.8,25,235.794436
-2.55,8,235.820317
9.6,5,235.835986
-2.0,1,235.839773
5.9,3,235.849162
-2.95,8,235.874413
5.0,1,235.877519
7.9,3,235.887637
-3.3,11,235.920979
-3.0,9,235.946021
-7.25,50,236.109597
-2.0,1,236.112553
5.0,1,236.115988
7.85,4,236.131507
9.7,7,236.157244
9.75,6,236.177307
5.95,2,236.184614
-2.05,2,236.191242
-2.2,5,236.205565
-2.1,3,236.213605
-2.2,5,236.226707
-2.4,5,236.241863
-2.0,1,236.244831
-2.35,8,236.2667
-2.1,3,236.274857
-2.0,1,236.278464
8.0,1,236.281542
9.95,2,236.286896
4.75,2,236.292577
-4.2,21,236.349001
-2.0,1,236.351574
-2.4,5,236.364967
-3.15,12,236.398114
6.0,1,236.401106
-7.45,38,236.503392
-2.0,1,236.50613
-2.55,8,236.527122
5.0,1,236.529793
7.85,4,236.540627
8.25,16,238.649724
8.7,15,238.692004
-2.4,5,238.705353
7.9,3,238.713861
-2.05,2,238.719342
-2.15,4,238.728781
9.9,3,238.73569
-2.0,1,238.738118
-2.05,2,238.742832
-2.15,4,238.751778
-2.0,1,238.754064
-2.0,1,238.756339
-2.0,1,238.759412
-2.15,4,238.768759
8.8,13,238.797468
-2.45,6,238.810563
-2.1,3,238.817274
9.65,4,238.826296
5.0,1,238.828506
8.35,10,238.854509
9.9,3,238.863488
-4.35,12,238.919278
-2.2,5,238.934066
-3.45,14,238.992914
-5.55,20,239.074289
-2.05,2,239.083116
-2.05,2,239.089735
-2.65,6,239.109268
9.95,2,239.117831
9.75,2,239.122993
-2.25,6,239.138904
8.2,21,239.196967
-2.0,1,239.200074
-2.05,2,239.20505
-2.55,8,239.226012
-2.25,6,239.243214
9.85,4,239.254489
-2.45,6,239.271083
-2.05,2,239.27682
-2.55,8,239.297604
-2.1,3,239.304837
-2.75,8,239.328083
-2.1,3,239.337363
5.0,1,239.340542
5.0,1,239.343641
8.0,1,239.346698
-2.9,7,239.369309
5.0,1,239.372406
9.45,8,239.397021
-2.55,8,239.416194
-2.35,4,239.425854
7.95,2,239.430797
9.45,8,239.453464
-2.0,1,239.455964
7.9,3,239.463593
9.95,2,239.468517
-3.55,16,239.508636
7.9,3,239.516864
-2.2,5,239.528782
9.5,7,239.54695
-2.0,1,239.549526
5.0,1,239.552064
-8.95,32,239.634172
-2.0,1,239.637178
7.95,2,239.643039
-2.7,11,239.674574
5.0,1,239.67756
-2.15,4,239.689131
5.95,2,239.695242
5.9,3,239.703943
-2.05,2,239.709956
-2.65,10,239.741255
5.9,3,239.750171
-2.1,3,239.759757
5.0,1,239.762664
5.95,2,239.768985
-2.1,3,239.776945
9.7,7,239.796354
-2.1,3,239.804881
-8.6,49,239.951409
9.85,4,239.962899
-2.0,1,239.965734
8.9,15,240.008748
10.0,1,240.011447
-2.0,1,240.014164
-2.8,9,240.038852
-2.0,1,240.041821
-2.1,3,240.050477
6.0,1,240.053284
9.85,4,240.06543
-2.05,2,240.071989
-2.0,1,240.075019
-2.0,1,240.077793
7.95,18,242.358922
9.95,2,242.365324
8.1,15,242.416692
7.9,19,242.475125
-2.75,8,242.50196
-2.05,2,242.508716
9.5,7,242.531501
5.0,1,242.53466
9.1,7,242.555292
-3.05,14,242.599491
7.85,4,242.612091
-6.0,37,242.723231
-3.9,23,242.79415
9.85,4,242.808846
9.0,13,242.852461
7.8,5,242.866963
-2.35,8,242.893028
-2.0,1,242.895848
7.25,8,242.919497
-3.5,15,242.960747
9.95,2,242.967753
-2.2,5,242.981395
-2.05,2,242.987928
-2.2,5,243.002027
10.0,1,243.005713
5.95,2,243.011097
-2.0,1,243.013635
-5.9,39,243.121526
-2.1,3,243.130925
-2.05,2,243.136724
5.55,6,243.153567
-2.0,1,243.156376
-5.5,27,243.235695
9.8,5,243.250182
-2.15,4,243.261436
-2.6,9,243.286803
-2.4,5,243.303315
-2.05,2,243.308369
-2.05,2,243.313454
-3.8,13,243.348049
-2.15,4,243.359091
5.8,21,243.4158
-2.15,4,243.426291
9.95,2,243.43169
-2.0,1,243.43439
-8.05,50,243.559936
5.95,2,243.564919
-2.85,10,243.589529
-2.15,4,243.59914
9.3,7,243.616631
7.85,4,243.626559
9.85,4,243.636665
10.0,1,243.639175
-5.45,34,243.722126
-3.4,9,243.743714
-2.15,4,243.753425
-2.05,2,243.758384
7.95,2,243.762966
8.35,14,245.441408
-2.6,5,245.453764
-2.0,1,245.456215
-4.2,13,245.48693
-2.0,1,245.489284
-2.05,2,245.49404
6.0,1,245.496375
9.95,2,245.50093
-2.1,3,245.50787
5.95,2,245.51269
9.9,3,245.519646
8.0,1,245.521981
-3.0,9,245.541536
-7.15,32,245.613837
-2.1,3,245.621011
-2.0,1,245.623348
7.95,2,245.628183
-2.0,1,245.630441
-2.1,3,245.637664
5.95,2,245.64282
-2.05,2,245.647356
7.45,20,245.6935
9.7,7,245.709686
5.95,2,245.714434
-2.05,2,245.71919
9.9,3,245.726229
5.95,2,245.730947
8.95,14,245.763646
-5.45,30,245.843628
-3.4,17,245.888617
10.0,1,245.891352
9.55,6,245.907137
5.75,2,245.912331
-2.0,1,245.915087
-3.4,9,245.938187
-2.55,8,245.958557
-2.2,5,245.971036
-2.35,8,245.991141
-4.25,18,246.035605
6.0,1,246.038029
9.95,2,246.042864
-2.0,1,246.045166
-2.95,8,246.065523
-2.0,1,246.068128
6.65,20,246.120195
-2.4,9,246.143795
9.55,6,246.159636
7.9,3,246.16747
-2.95,8,246.188302
-2.0,1,246.191014
-6.85,50,246.32405
5.0,1,246.326882
9.85,4,246.337505
-2.05,2,246.34297
-2.0,1,246.345681
-2.05,2,246.350901
9.4,9,246.374794
-3.95,16,246.417243
-2.65,6,246.433573
9.85,4,246.444029
-2.7,7,246.462565
-2.15,4,246.47336
5.15,6,246.488438
6.0,1,246.491308
7.95,2,246.496355
10.0,1,246.49878
-2.65,6,246.51418
7.95,2,246.51981
5.95,2,246.524782
-2.0,1,246.527389
9.95,2,246.532772
-2.0,1,246.53546
-2.15,4,246.545703
5.95,2,246.550678
-2.0,1,246.5533
7.3,7,246.570125
-4.05,18,246.613419
-2.05,2,246.618262
9.6,5,246.630119
-2.9,7,246.648041
9.6,5,246.660498
9.0,13,246.692533
-3.2,17,248.472924
-2.2,5,248.483702
-2.1,3,248.490475
8.0,1,248.493852
-2.0,1,248.497054
-4.2,17,248.543537
9.9,3,248.550361
-2.0,1,248.552624
-2.05,2,248.556953
5.0,1,248.559223
8.65,16,248.595311
-2.0,1,248.59753
9.9,3,248.604692
9.85,4,248.613741
6.85,20,248.659514
9.6,5,248.671865
-2.1,3,248.681039
9.8,5,248.697311
9.55,6,248.711688
-2.0,1,248.713889
-2.1,3,248.720501
9.9,3,248.727113
6.0,1,248.729494
-2.1,3,248.736097
-2.0,1,248.738254
5.0,1,248.740479
-2.45,6,248.753901
-2.0,1,248.756111
9.9,3,248.763844
-2.05,2,248.770033
-2.0,1,248.772892
-2.3,7,248.794795
9.75,6,248.808462
-2.15,4,248.817847
-2.15,4,248.826587
6.0,1,248.829025
-2.3,3,248.835811
-2.1,3,248.8428
-5.4,29,248.909788
5.0,1,248.912103
-2.4,5,248.923357
5.95,2,248.928138
-3.2,13,248.95946
-3.05,10,248.984325
8.0,1,248.98703
-2.1,3,248.994424
7.95,2,248.999361
8.15,10,249.023466
-3.55,12,249.051905
-2.05,2,249.056802
-2.05,2,249.063192
-2.8,9,249.092454
8.6,13,249.127485
-2.1,3,249.135388
7.85,4,249.14613
-3.85,14,249.182106
7.75,14,249.219409
-2.05,2,249.224692
-2.15,4,249.23515
-2.0,1,249.237798
-2.05,2,249.243035
6.0,1,249.245679
-2.2,5,249.2586
-3.95,16,249.298731
9.95,2,249.304112
9.65,4,249.314103
9.9,3,249.321619
-2.1,3,249.32906
8.7,11,249.355817
8.6,13,249.387538
-2.8,9,249.40993
-2.1,3,249.417248
9.25,8,249.436707
7.95,2,249.4416
9.85,4,249.451146
9.55,6,249.466155
4.3,35,249.554915
-2.05,2,249.559912
-2.05,2,249.565144
9.3,7,249.582813
-2.0,1,249.585579
-2.1,3,249.593273
-3.8,17,249.635213
-2.2,5,249.64753
-3.55,8,249.667559
7.8,29,251.671797
9.15,14,251.707777
-2.5,11,251.7355
-2.15,4,251.745461
-2.05,2,251.750289
5.05,36,251.838539
9.9,3,251.846063
10.0,1,251.848634
5.0,1,251.851155
9.25,16,251.890461
7.9,3,251.897884
-3.25,10,251.923029
-2.1,3,251.930506
9.75,6,251.945846
7.3,7,251.963852
9.9,3,251.971173
-2.6,9,251.992842
-2.1,3,252.001993
-2.05,2,252.008031
-2.05,2,252.014173
-4.4,17,252.061244
9.8,5,252.075014
5.0,1,252.077864
9.45,8,252.099345
7.75,18,252.141875
-2.25,6,252.156005
9.9,3,252.163139
4.35,38,252.262021
-2.0,1,252.264645
9.0,9,252.288208
9.65,4,252.298761
8.0,1,252.301457
-2.0,1,252.304058
9.95,2,252.309236
9.85,4,252.319583
9.4,9,252.34291
-7.05,50,252.472351
5.95,2,252.477514
7.85,4,252.487719
-2.4,5,252.500707
9.85,4,252.511203
-4.8,21,252.565595
-2.9,7,252.583635
5.0,1,252.586261
-2.15,4,252.596028
-2.2,5,252.607975
9.95,2,252.612844
9.9,3,252.62007
8.85,12,252.648738
-2.8,13,252.679892
-2.0,1,252.682282
-3.85,10,252.705926
7.85,4,252.714949
-2.0,1,252.717241
7.95,2,252.722224
-2.05,2,252.726835
9.7,7,252.742962
-2.0,1,252.74562
-7.35,32,252.831891
7.95,2,252.837083
9.8,5,252.851188
-2.15,4,252.861627
-2.45,6,252.877181
9.6,5,252.890003
-2.4,5,252.902704
4.1,31,254.89454
9.65,4,254.905171
-2.25,6,254.920847
-2.8,9,254.945188
8.0,1,254.947936
9.2,13,254.98208
9.35,10,255.009942
-2.0,1,255.012672
9.7,7,255.031577
5.0,1,255.034513
8.05,16,255.080702
-2.8,9,255.106579
6.0,1,255.109917
-2.15,4,255.120716
-2.05,2,255.126571
-2.35,8,255.149436
9.85,4,255.16122
9.35,6,255.177664
9.05,12,255.213789
-5.2,17,255.270022
6.5,23,255.336768
-2.0,1,255.339585
7.8,5,255.353596
5.95,2,255.359356
9.95,2,255.365133
-2.1,3,255.373458
-2.3,3,255.38166
7.75,2,255.387087
7.45,4,255.398129
-2.5,11,255.428991
-2.75,12,255.461745
-2.05,2,255.466998
-5.2,33,255.548558
4.75,2,255.5535
-2.1,3,255.560768
-2.0,1,255.563237
-2.05,2,255.569833
-2.4,5,255.586484
9.75,6,255.604507
6.0,1,255.606949
-2.05,2,255.612049
9.9,3,255.619065
7.9,3,255.626446
-2.05,2,255.63153
9.9,3,255.639109
9.9,3,255.646307
5.0,1,255.64877
10.0,1,255.651342
9.9,3,255.658639
9.2,9,255.681
9.85,4,255.691173
9.85,4,255.701806
9.65,4,255.712367
-7.25,26,255.780809
9.7,7,255.799555
-2.05,2,255.804272
-2.2,5,255.816471
7.8,17,255.861895
8.9,11,255.892287
-2.1,3,255.900544
8.0,1,255.903406
-6.65,50,256.034694
-2.0,1,256.037276
-3.05,18,256.085256
-2.1,3,256.093202
9.5,7,256.111667
7.6,5,256.125254
6.0,1,256.127877
-2.05,2,256.133436
6.0,1,256.135886
5.0,1,256.138346
6.0,1,256.140954
-2.05,2,256.145803
-2.95,8,256.165034
-2.1,3,256.172311
6.0,1,256.174948
7.95,2,256.179852
8.85,8,256.19973
9.9,3,256.207188
-7.05,50,258.292404
9.1,7,258.319423
-2.0,1,258.322362
-2.1,3,258.331442
7.95,2,258.337244
-8.25,50,258.493386
8.7,15,258.541421
-2.05,2,258.547426
8.8,13,258.583617
6.0,1,258.58641
8.35,18,258.636602
-2.0,1,258.639838
5.95,2,258.645645
9.35,10,258.674029
8.5,15,258.717076
9.7,7,258.738535
-2.3,7,258.762045
-2.45,6,258.784874
-2.45,6,258.807417
-2.0,1,258.811085
-2.25,6,258.836153
-2.2,5,258.850637
7.9,3,258.859397
9.9,3,258.868039
9.9,3,258.877013
-2.0,1,258.880054
9.35,6,258.897799
9.9,3,258.907013
9.6,5,258.921611
9.85,4,258.933444
-2.15,4,258.945424
8.3,15,258.99063
-2.1,3,259.0008
7.45,20,259.060787
5.0,1,259.063643
7.5,27,259.145521
-2.05,2,259.151198
9.95,2,259.156994
6.5,27,259.23365
-2.0,1,259.236451
6.4,25,259.30564
9.85,4,259.316157
5.0,1,259.318836
7.95,2,259.324473
5.95,2,259.330115
-2.35,4,259.341821
9.65,8,259.365658
5.0,1,259.368686
10.0,1,259.371673
9.75,6,259.389183
9.9,3,259.397382
9.95,2,259.40281
9.4,9,259.4283
-2.2,5,259.442218
-2.05,2,259.447421
-2.1,3,259.455502
7.9,3,259.46448
9.9,3,259.472969
9.65,4,259.484903
-2.0,1,259.487747
9.95,2,259.493721
10.0,1,259.496663
-2.0,1,259.499533
5.0,1,259.502683
-2.1,3,259.511531
9.8,5,259.525665
-4.05,26,259.597
-2.2,5,259.610366
9.85,4,259.621017
9.7,7,259.639939
9.55,10,259.666816
5.0,1,259.669575
8.85,12,259.702584
9.85,4,259.713539
9.8,5,262.003867
9.55,10,262.033868
7.75,2,262.040109
9.9,3,262.049803
9.1,11,262.083338
7.65,4,262.100655
7.9,3,262.116686
7.8,5,262.143495
-2.75,8,262.182106
5.95,2,262.191644
7.9,3,262.206604
5.75,2,262.215722
9.45,8,262.243143
8.7,11,262.281132
-3.45,18,262.347328
9.8,5,262.365517
9.95,2,262.37208
-2.0,1,262.375525
9.75,2,262.382401
9.75,6,262.400665
9.3,7,262.423028
8.9,11,262.457726
-3.6,21,262.521367
-2.0,1,262.524464
7.6,9,262.552765
-2.0,1,262.556034
7.65,4,262.568498
-2.1,3,262.577585
-2.0,1,262.58072
9.85,4,262.592951
-2.0,1,262.595882
-7.35,32,262.689903
6.0,1,262.693295
-6.3,43,262.843721
-2.0,1,262.84683
-2.0,1,262.850889
8.95,10,262.887003
9.9,3,262.897979
5.95,2,262.905269
-5.0,17,262.965399
8.15,18,263.018968
9.95,2,263.024956
8.8,9,263.052918
9.85,4,263.065496
9.95,2,263.071299
7.95,2,263.079917
9.45,8,263.106658
9.1,15,263.153338
7.85,4,263.166316
6.0,1,263.169678
-2.7,7,263.195986
6.0,1,263.20002
-2.0,1,263.203407
9.85,4,263.218236
-2.3,3,263.227844
8.0,1,263.231119
-2.0,1,263.234496
-2.35,4,263.247123
9.45,12,263.286307
9.85,4,263.301526
-2.05,2,263.308352
7.95,2,263.316055
5.55,30,263.41529
9.7,7,263.437864
9.5,7,263.459205
9.9,3,263.467817
9.85,4,263.479934
9.85,4,263.491999
9.6,9,263.517749
6.0,1,263.520688
9.35,6,263.537599
5.75,2,263.543341
7.85,4,263.555642
9.55,6,263.572638
9.1,7,263.592827
9.85,4,263.604568
8.95,14,263.643292
8.6,13,263.680579
5.0,1,263.683434
9.85,4,265.581761
9.75,6,265.597444
-6.65,50,265.734166
-2.0,1,265.737089
9.85,4,265.748388
9.1,11,265.78055
8.0,17,265.829189
9.7,7,265.84729
-2.2,5,265.861073
-3.25,18,265.911275
9.45,8,265.934654
6.0,1,265.937872
-2.0,1,265.940668
9.75,6,265.958151
-2.0,1,265.961094
-2.85,6,265.978306
9.9,3,265.987066
-2.0,1,265.989952
6.0,1,265.992926
5.0,1,265.995888
9.85,4,266.007031
-3.0,13,266.044892
6.0,1,266.04793
9.8,5,266.062307
9.4,9,266.086953
9.75,6,266.103425
9.55,6,266.119525
7.95,2,266.124887
9.85,4,266.136203
5.9,3,266.144061
5.0,1,266.147354
-2.0,1,266.15027
5.0,1,266.153053
-2.55,8,266.174015
-2.6,5,266.18731
6.3,23,266.249426
9.85,4,266.260039
8.75,10,266.287119
-2.1,3,266.295062
9.8,5,266.309204
7.4,5,266.323081
9.95,2,266.328689
8.85,12,266.362832
9.95,2,266.368508
7.95,2,266.37427
-7.05,34,266.471702
7.8,5,266.486005
9.2,9,266.511453
7.15,18,266.562408
9.85,4,266.573396
5.95,2,266.578914
9.55,6,266.595567
10.0,1,266.598358
7.75,2,266.603962
-2.5,7,266.623285
9.7,7,266.642946
9.75,6,266.659544
-2.15,4,266.670923
9.8,5,266.685155
6.55,26,266.767017
-2.0,1,266.770054
-2.05,2,266.7757
8.05,20,266.832351
9.85,4,266.843552
7.8,21,266.900787
9.85,4,266.91146
9.35,10,266.938423
10.0,1,266.941014
6.0,1,266.943577
10.0,1,266.946566
-2.0,1,266.949294
-3.1,11,266.978827
-2.0,1,266.981886
5.0,1,266.984847
9.6,5,266.998325
9.65,8,268.857349
6.0,1,268.860017
9.85,4,268.870364
9.9,3,268.877935
7.85,4,268.888176
9.85,4,268.89876
9.0,17,268.939853
-2.05,2,268.945278
-2.05,2,268.950494
9.4,5,268.962712
-2.45,6,268.977663
9.8,5,268.989782
7.5,7,269.006625
-2.0,1,269.009099
-2.05,2,269.013927
-2.1,3,269.021794
-2.05,2,269.026442
-2.0,1,269.028849
9.85,4,269.038037
9.8,5,269.051055
9.6,5,269.063431
9.1,11,269.090377
-2.05,2,269.095238
6.25,24,269.154703
5.75,2,269.159641
7.95,2,269.164591
8.65,12,269.194242
9.65,8,269.213554
9.75,6,269.227683
7.9,3,269.235814
9.85,4,269.246173
7.9,3,269.254127
-2.05,2,269.259376
8.85,8,269.280436
10.0,1,269.283081
9.8,5,269.295881
9.5,7,269.313996
9.9,3,269.321961
5.9,3,269.329811
9.75,6,269.345318
9.95,2,269.350475
9.95,2,269.355671
9.25,8,269.376354
6.7,31,269.456526
9.75,6,269.472101
6.0,1,269.474774
8.05,16,269.516328
-3.2,17,269.569258
-2.15,4,269.578951
-2.0,1,269.581436
-2.25,6,269.596057
-11.05,58,269.733617
-10.55,72,269.905167
11.9,3,269.912366
-8.55,72,270.09617
-2.05,2,270.101332
8.8,9,270.124647
-3.8,17,272.259577
11.9,3,272.265719
-3.65,14,272.293134
9.85,4,272.3015
9.1,11,272.323342
9.7,7,272.337792
-2.65,6,272.350466
7.9,3,272.357011
-2.0,1,272.359107
7.95,2,272.363434
11.9,3,272.369804
-12.55,72,272.523129
-11.75,72,272.675924
-11.35,60,272.804965
-12.75,72,272.965399
-2.0,1,272.968074
5.9,3,272.975924
5.0,1,272.978524
-4.15,20,273.028762
-11.15,72,273.211016
-2.1,3,273.218811
11.8,5,273.231336
-12.75,72,275.077397
9.9,3,275.084554
-8.65,50,275.191794
-11.95,72,275.357024
-10.75,72,275.528682
-2.7,7,275.546755
-5.9,31,275.631759
-2.15,4,275.643549
-11.75,72,275.838561
-7.55,40,275.933987
-12.75,72,276.101699
-2.05,2,276.10633
-11.55,72,276.274867
11.25,8,277.975851
-8.75,72,278.128577
11.8,5,278.13904
7.9,3,278.145497
10.95,10,278.168204
-12.95,72,278.338369
-12.15,72,278.497989
-11.15,72,278.653944
-8.35,72,278.806191
-10.35,72,278.968168
-10.75,72,280.882288
-9.75,72,281.043326
7.9,3,281.050329
-2.1,3,281.057126
9.75,22,281.108626
11.85,4,281.118443
-8.55,72,281.287403
8.3,19,281.333154
11.1,7,281.348932
-7.95,48,281.455354
-2.15,4,281.464114
9.3,7,281.479992
-11.9,71,281.638797
-2.0,1,281.641165
-10.55,72,281.806081
9.9,3,281.81283
-2.05,2,281.817285
-9.15,72,281.98619
-10.75,72,283.908194
-7.95,72,284.060508
-2.9,11,284.083953
-2.0,1,284.086151
5.95,2,284.090402
-6.35,44,284.182384
-7.4,45,284.280141
-6.95,72,284.447984
-5.35,32,284.527342
-2.35,8,284.547199
-2.8,17,284.589991
-10.15,72,284.762289
9.7,7,284.778813
7.95,2,284.783667
-9.95,72,284.947662
-9.35,72,286.765254
-4.05,22,286.820032
7.9,3,286.827672
-9.0,65,286.978444
-2.1,3,286.98595
6.0,1,286.988335
9.2,13,287.018561
-9.35,72,287.188689
-7.4,53,287.316182
-10.35,72,287.48128
-2.15,4,287.490105
-2.0,1,287.492257
-10.95,72,287.660872
-8.75,72,289.542518
8.5,11,289.56672
-5.45,30,289.632989
11.25,16,289.668417
5.0,1,289.670952
-2.2,5,289.6822
-2.5,7,289.697694
-10.55,72,289.85745
-2.0,1,289.85972
-6.0,37,289.942519
-3.0,13,289.971338
-7.1,47,290.079615
-9.35,72,290.242205
-9.2,53,290.35752
-3.75,16,290.39445
-3.1,11,290.420205
-4.7,35,290.50249
5.95,2,290.507263
-6.5,39,290.599129
-2.1,3,290.606622
-5.05,30,292.347701
-2.1,3,292.354316
-2.0,1,292.356503
-2.05,2,292.361306
-8.95,72,292.521328
-9.15,72,292.679952
-3.1,15,292.715407
-7.05,50,292.845877
-2.1,3,292.85302
6.65,8,292.872218
9.7,3,292.879583
-5.25,30,292.95065
5.0,1,292.953334
11.9,3,292.960944
8.0,1,292.963488
-2.1,3,292.970842
-9.35,60,293.113328
-3.55,16,293.151345
7.8,5,293.163534
-2.4,9,293.184907
-2.4,9,293.205964
-2.8,13,293.237023
6.0,1,293.239479
-3.5,19,293.284509
9.85,4,293.293926
-2.65,10,293.318081
-11.15,72,293.498702
11.95,2,293.503671
-3.55,16,293.541762
-4.1,23,295.404675
11.15,18,295.449118
5.0,1,295.451577
-2.0,1,295.453978
-2.8,13,295.485481
-3.0,9,295.506998
-5.95,36,295.594271
11.35,10,295.619084
7.95,2,295.624215
-9.0,49,295.743993
6.0,1,295.746586
-2.85,14,295.783355
-3.85,14,295.819471
-3.85,18,295.864802
-4.2,17,295.907638
11.35,10,295.932536
-3.55,20,295.983198
-2.7,7,296.000747
-2.0,1,296.003167
11.45,8,296.022563
-2.0,1,296.024987
9.8,5,296.036779
7.9,3,296.04402
-3.15,16,296.082111
-13.15,72,296.253825
5.0,1,296.25628
-5.8,33,296.333915
-8.7,55,296.463636
9.8,5,296.475418
9.75,2,296.480098
-2.45,10,296.503101
-3.4,21,296.55006
-2.05,2,296.554497
9.75,6,296.567992
-4.45,30,298.426412
5.0,1,298.428883
-4.7,31,298.502201
-2.1,3,298.509381
-5.75,28,298.57575
5.15,6,298.589985
-5.85,42,298.690822
-2.4,5,298.702796
-2.15,4,298.712246
-11.15,72,298.884191
9.45,8,298.902395
-7.2,45,299.003935
-3.85,14,299.035333
-5.8,41,299.129804
-2.8,13,299.158384
-8.55,72,299.352808
-2.0,1,299.35561
-4.35,24,299.425428
9.7,7,299.445232
-3.6,17,299.493039
5.95,2,299.498768
-8.15,56,299.643232
-2.85,10,301.461501
-2.15,4,301.470998
5.0,1,301.473577
-6.55,72,301.648017
-2.25,6,301.662492
-2.7,15,301.698302
-2.95,12,301.729396
-2.0,1,301.731955
-3.4,17,301.772962
9.3,11,301.798715
-2.1,3,301.805566
-2.55,8,301.823392
-3.3,19,301.865991
-3.3,11,301.890902
10.0,1,301.893162
-4.85,26,301.951023
-2.85,14,301.985222
-3.0,21,302.034227
-2.1,3,302.041376
5.95,2,302.046035
-2.15,4,302.055257
-4.55,28,302.119097
-5.6,45,302.236944
-2.8,9,302.260281
9.8,5,302.275675
-4.55,24,302.33936
-2.1,3,302.347982
-3.6,17,302.393778
-2.05,2,302.398721
-3.95,28,302.468216
-2.65,6,302.482996
-2.0,1,302.485481
11.35,6,302.499974
5.0,1,302.502327
-2.6,5,302.515065
-2.05,2,302.519745
-2.05,2,302.524415
-2.4,9,302.545908
-2.25,6,302.560392
6.0,1,302.562886
-6.4,57,304.500448
-5.95,32,304.576362
-2.2,5,304.587976
-2.0,1,304.590391
-2.0,1,304.592818
9.85,4,304.602235
-6.3,39,304.694982
-2.9,11,304.721434
-2.0,1,304.723806
-2.2,5,304.735564
-2.0,1,304.738106
-4.2,25,304.803473
-2.8,5,304.815091
8.0,1,304.817614
-2.9,7,304.833433
-2.15,4,304.842369
-2.8,9,304.862591
7.55,10,304.88496
8.0,1,304.88741
10.9,11,304.911335
-2.3,3,304.918105
7.9,3,304.924803
-2.15,4,304.933475
-2.35,8,304.951016
-2.0,1,304.953261
7.95,2,304.957781
-2.0,1,304.959985
-3.15,12,304.987529
-2.55,4,304.996607
11.8,5,305.007664
6.0,1,305.010047
-2.0,1,305.012275
-2.85,18,305.060538
-2.05,2,305.065661
-4.65,30,305.144357
11.65,4,305.154093
11.9,3,305.161487
-2.15,4,305.171108
-2.2,5,305.182954
5.9,3,305.19012
-5.45,30,305.260788
-2.0,1,305.263238
5.9,3,305.270272
-2.7,11,305.296608
-2.15,4,305.306273
11.75,2,305.311104
-2.0,1,305.313403
-2.8,9,305.335149
6.0,1,305.337671
-2.7,11,305.364453
8.0,1,305.366945
-2.0,1,305.369586
5.0,1,305.372096
-2.55,8,305.397552
-2.2,5,305.410677
-2.0,1,305.4131
-5.9,39,305.506465
-2.0,1,305.508857
-2.05,2,305.513549
10.75,14,305.546709
-2.0,1,305.548969
5.0,1,305.551332
7.95,2,305.556026
-2.0,1,305.558371
-8.6,49,305.674352
-3.15,20,305.720982
-2.75,12,307.562826
-2.5,11,307.587495
11.3,7,307.6033
7.9,3,307.609899
-2.05,2,307.614256
-2.0,1,307.616398
-2.1,3,307.622931
-3.6,21,307.668555
5.0,1,307.670775
-2.25,6,307.684066
-2.1,3,307.690516
-2.0,1,307.692721
-3.0,13,307.720886
-3.15,12,307.747208
-2.65,10,307.76962
-2.4,5,307.780792
-2.05,2,307.785179
-5.6,37,307.867577
-5.5,39,307.954562
-4.65,30,308.021628
-6.85,50,308.133749
-2.0,1,308.135898
-2.75,8,308.153696
-2.95,20,308.197328
5.95,2,308.201725
-2.3,7,308.216977
-4.65,34,308.291111
-6.3,43,308.385206
-2.0,1,308.387496
-5.4,49,308.496033
-9.35,72,308.656295
-2.2,5,308.668188
-2.45,6,310.268563
7.9,3,310.27535
-2.05,2,310.279984
-2.6,9,310.300019
5.95,2,310.304483
-2.1,3,310.311068
11.9,3,310.317574
-2.05,2,310.321991
-2.4,9,310.342052
-2.15,4,310.35093
-2.0,1,310.353646
-2.1,3,310.360915
6.0,1,310.363444
-2.2,5,310.37589
-2.05,2,310.380888
-2.25,6,310.3956
5.0,1,310.398102
-6.2,45,310.505898
-2.3,3,310.512704
-2.4,9,310.53282
6.0,1,310.535335
-2.0,1,310.537591
-2.0,1,310.539836
5.0,1,310.542069
-3.7,23,310.59869
-2.35,4,310.60954
-3.5,15,310.648817
-2.1,3,310.656285
9.75,6,310.671289
-2.0,1,310.673738
-2.1,3,310.681094
5.95,2,310.68593
-2.05,2,310.690927
-2.05,2,310.696296
-2.15,4,310.707724
-2.0,1,310.710526
-3.55,20,310.769238
-2.35,4,310.781396
-2.1,3,310.790092
-2.1,3,310.7988
-7.9,63,310.968156
-3.6,17,311.01145
5.0,1,311.014939
-2.15,4,311.0273
-2.1,3,311.035541
-2.0,1,311.038444
-2.95,12,311.071049
-2.0,1,311.07375
-2.65,10,311.100781
-5.7,39,311.20407
-3.0,9,311.227907
11.85,4,311.238519
-2.15,4,311.249293
-3.35,12,311.280577
-2.0,1,311.283232
11.5,7,311.301389
-2.75,8,311.321758
-2.0,1,311.324244
-2.15,4,311.33372
11.9,3,311.340567
5.0,1,311.342987
-4.0,21,311.390765
9.9,3,311.397798
-2.55,8,311.415716
-2.2,5,311.426933
-4.2,25,311.483423
-2.1,3,311.490267
7.95,2,311.494888
-2.1,3,311.502047
-2.1,3,311.509378
-3.4,17,311.551631
-2.95,8,313.274901
11.55,10,313.299172
-2.05,2,313.304057
-2.85,10,313.328164
-2.0,1,313.330535
-2.1,3,313.337797
-2.2,5,313.34984
-3.05,10,313.374085
-2.5,11,313.400786
-2.35,4,313.410381
-2.05,2,313.415342
11.7,7,313.432021
-2.1,3,313.439182
7.85,4,313.449084
7.8,5,313.46128
8.0,1,313.463718
9.2,9,313.485511
11.8,5,313.497732
-2.15,4,313.507473
9.3,11,313.535003
11.05,12,313.564411
6.0,1,313.566999
-2.1,3,313.574332
11.45,8,313.593629
-3.1,19,313.636782
-2.1,3,313.643636
9.2,13,313.672879
-2.05,2,313.677455
-2.0,1,313.679775
-2.05,2,313.684246
-2.0,1,313.686551
-4.0,25,313.742431
-2.1,3,313.749213
10.8,13,313.781379
-2.15,4,313.790195
-3.45,14,313.822378
-2.0,1,313.824625
-2.0,1,313.82681
5.95,2,313.831409
11.8,5,313.843299
-2.05,2,313.848038
-3.05,10,313.871842
-2.0,1,313.874337
-3.25,14,313.908082
-4.6,17,313.948477
9.9,3,313.955758
-2.0,1,313.958241
-2.75,8,313.977719
-2.2,5,313.990332
-2.05,2,313.995312
-2.0,1,313.997926
-2.25,6,314.012338
-2.25,6,314.026649
-2.3,7,314.043607
-2.1,3,314.05081
-2.55,8,314.069793
-2.1,3,314.076975
-2.05,2,314.081857
-2.0,1,314.08424
-2.2,5,314.096051
-2.0,1,314.098394
-2.0,1,314.100759
7.95,2,314.105528
9.9,3,314.112806
-3.1,11,314.138968
-2.6,13,314.16965
11.95,2,314.174416
-2.65,6,314.188968
-2.2,5,314.201812
-2.15,4,314.211308
-3.3,15,314.246805
-3.0,9,314.267781
-3.8,13,314.297475
-3.55,12,314.324115
-2.65,10,314.346557
-3.2,17,314.384606
11.35,6,314.398073
-2.2,5,314.409468
-5.7,31,316.271209
7.95,2,316.276407
-2.15,4,316.286552
-2.05,2,316.29306
-2.1,3,316.300601
6.0,1,316.304084
7.9,3,316.311306
7.95,2,316.31676
11.6,9,316.341828
-2.1,3,316.349244
-2.0,1,316.352128
-2.2,5,316.367744
5.0,1,316.370875
-2.85,10,316.398888
6.0,1,316.401502
-2.2,5,316.415094
5.0,1,316.417599
-2.2,5,316.431153
-2.35,4,316.44342
-5.1,35,316.529748
-2.0,1,316.532143
-2.6,9,316.553183
-2.0,1,316.555657
-2.0,1,316.558139
-2.95,12,316.586572
-2.0,1,316.589058
-2.0,1,316.591509
-4.5,19,316.636744
-2.55,12,316.666512
5.75,2,316.671354
9.5,7,316.688453
-2.0,1,316.69084
-2.15,4,316.700353
-2.05,2,316.705152
-2.05,2,316.710126
-2.0,1,316.71255
-2.05,2,316.716989
-2.55,12,316.743823
-2.15,4,316.752716
5.0,1,316.754951
-2.0,1,316.757136
-2.55,8,316.775593
5.95,2,316.780285
-2.1,3,316.787209
-2.0,1,316.789554
-2.35,8,316.807618
9.0,9,316.827908
-2.15,4,316.836936
6.0,1,316.839256
-3.1,11,316.864908
-2.05,2,316.869475
10.2,17,316.908365
-2.0,1,316.910683
-2.35,8,316.928714
-2.15,4,316.937713
9.8,5,316.949172
6.0,1,316.951491
-2.0,1,316.953832
-2.2,5,316.965155
12.0,1,316.967458
-3.8,21,317.014901
-3.5,11,317.040009
-2.15,4,317.049056
-3.45,10,317.071308
-2.15,4,317.080312
11.7,7,317.095922
7.35,6,317.109327
-2.5,7,317.124895
11.35,10,317.147258
-3.5,19,317.189654
-2.0,1,317.192063
-2.6,9,317.212017
5.95,2,317.216583
-2.0,1,317.218832
-2.0,1,317.221108
-2.4,9,317.241326
-3.05,14,317.272841
-2.1,3,317.279785
-2.1,3,317.286417
5.0,1,317.288798
-2.05,2,317.293457
-7.95,72,317.454125
-2.7,7,319.121598
-2.1,3,319.128539
-2.75,8,319.146964
-2.2,5,319.159717
-2.35,4,319.168874
-2.15,4,319.178039
-2.55,8,319.199046
-2.05,2,319.205591
-3.25,14,319.238968
-2.0,1,319.241308
-2.05,2,319.245836
-2.4,9,319.267797
-2.0,1,319.270188
9.7,7,319.286926
-2.15,4,319.2961
-2.15,4,319.305645
-2.1,3,319.312455
-2.1,3,319.322095
11.85,4,319.331559
-2.1,3,319.338458
-2.0,1,319.340762
-2.0,1,319.34296
5.0,1,319.345304
8.0,1,319.348209
5.0,1,319.350676
-2.2,5,319.362126
-2.65,10,319.386212
9.75,6,319.400243
-2.15,4,319.410122
5.95,2,319.415166
-3.15,20,319.464136
-2.0,1,319.46662
-2.65,6,319.480653
-5.2,37,319.569424
9.75,6,319.584918
-3.65,22,319.64035
-2.1,3,319.647992
9.9,3,319.655522
-2.0,1,319.658211
11.7,7,319.675431
-2.0,1,319.677896
9.9,3,319.685434
11.95,2,319.690275
-2.4,9,319.712217
-2.75,8,319.732045
-2.4,5,319.744509
-5.85,34,319.832211
-2.45,10,319.858226
-2.0,1,319.86093
-2.0,1,319.863653
7.85,4,319.874345
-2.7,11,319.903605
-2.1,3,319.911647
-2.1,3,319.91951
-2.15,4,319.929336
-2.0,1,319.931821
-2.0,1,319.934203
-2.35,8,319.953545
-6.65,46,320.069024
-2.05,2,320.074111
-2.0,1,320.076576
-2.0,1,320.079074
11.25,8,320.098597
11.8,5,320.110705
-3.2,9,320.132194
11.75,6,320.147331
-2.75,8,320.166629
7.75,6,320.181208
-2.1,3,320.188585
-2.4,5,320.200994
-7.55,72,320.376543
-2.0,1,320.379107
-2.0,1,320.381607
-2.3,7,322.19556
11.9,3,322.203336
9.85,4,322.213203
-2.15,4,322.22364
8.0,25,322.286664
-2.05,2,322.291878
-2.75,12,322.323382
5.0,1,322.326157
-2.05,2,322.331474
-2.0,1,322.334345
-2.0,1,322.337163
-3.3,11,322.366443
-4.5,27,322.43313
-2.35,4,322.443088
-3.7,15,322.478883
-2.3,3,322.487082
-2.3,7,322.506238
-2.0,1,322.509231
5.95,2,322.514627
-6.9,51,322.644329
11.9,3,322.651598
5.95,2,322.656685
5.0,1,322.659167
-2.15,4,322.668411
-2.1,3,322.675583
-2.1,3,322.682898
-2.5,7,322.703423
-2.05,2,322.708452
5.75,2,322.713317
-2.45,10,322.737962
-2.0,1,322.740447
-3.7,15,322.77614
-2.7,7,322.793024
11.8,5,322.805053
-2.7,15,322.839877
-2.95,16,322.877137
-2.15,4,322.886608
11.7,7,322.90345
-2.25,6,322.918245
-2.1,3,322.925723
-3.1,11,322.952362
-2.0,1,322.954898
11.65,4,322.964528
-2.15,4,322.974291
-2.15,4,322.984258
7.8,25,323.044922
7.55,6,323.059391
10.0,1,323.061853
11.85,4,323.071379
-3.8,17,323.115271
5.0,1,323.117887
-2.15,4,323.127374
9.6,9,323.14845
-2.8,13,323.179737
-2.05,2,323.185543
-2.0,1,323.18848
-2.85,14,323.22412
5.95,2,323.229099
-2.45,6,323.243368
-5.2,29,323.312451
-3.25,18,323.355823
-2.15,4,323.365229
-7.0,33,323.443031
5.95,2,325.178061
-7.75,72,325.341785
6.0,1,325.344126
-2.15,4,325.352968
-2.0,1,325.355184
-3.55,20,325.400801
-2.4,5,325.412005
-2.2,5,325.423231
-2.05,2,325.427767
-2.15,4,325.436993
-2.3,7,325.452928
-2.2,5,325.464309
5.95,2,325.468985
-2.85,14,325.500559
-6.45,38,325.588414
7.9,3,325.595265
-2.85,10,325.618145
-2.1,3,325.624853
-2.7,7,325.641216
-2.25,6,325.655742
-3.55,12,325.685694
6.0,1,325.688307
-4.4,25,325.75456
-2.45,10,325.782833
-2.1,3,325.791671
-3.4,25,325.864102
-2.0,1,325.866722
-2.3,7,325.887469
-3.0,13,325.921674
-2.3,7,325.93918
-2.75,8,325.960111
-3.2,21,326.018849
9.95,2,326.024906
9.7,7,326.046106
-2.15,4,326.057583
-2.0,1,326.060404
8.0,1,326.063186
11.5,7,326.08382
-2.55,8,326.10567
-2.3,7,326.128585
9.85,4,326.140996
11.9,3,326.150061
11.85,4,326.161709
-2.0,1,326.164601
-2.15,4,326.17557
-4.25,34,326.260498
11.85,4,326.270097
11.75,6,326.28487
-2.2,5,326.296872
11.45,12,326.32648
-2.0,1,326.32899
-2.05,2,326.333775
-2.05,2,326.338474
-7.6,45,326.446831
-2.5,11,328.290514
-7.05,50,328.419319
-2.15,4,328.430182
-2.15,4,328.440504
-2.65,6,328.456477
-2.1,3,328.46451
5.9,3,328.472609
10.95,10,328.49868
6.0,1,328.501408
-2.9,11,328.528632
5.9,3,328.535923
-2.1,3,328.543428
9.65,8,328.564001
-2.3,3,328.571724
-2.1,3,328.5791
7.9,3,328.587144
5.85,4,328.596992
7.95,2,328.601865
-2.95,16,328.642852
-2.15,4,328.652925
-2.8,13,328.686637
-2.55,12,328.718778
-4.05,22,328.778901
-4.65,30,328.866617
-2.1,3,328.87952
-2.45,6,328.907657
11.8,5,328.928992
-2.0,1,328.933155
-2.0,1,328.936553
-2.2,5,328.954552
-3.1,11,329.000633
-2.85,14,329.056113
7.9,3,329.067215
-3.4,21,329.153852
-2.15,4,329.168062
-5.0,37,329.288033
-2.5,11,329.320173
11.7,7,329.340179
-2.0,1,329.343073
-2.4,5,329.357901
-3.45,14,329.398849
-3.25,10,329.427925
-2.0,1,329.430677
5.0,1,329.433622
5.85,4,329.444909
-3.95,20,329.50304
-2.0,1,329.506067
-2.45,6,329.523088
10.25,16,329.567173
-2.6,9,329.590849
-2.6,13,329.624763
-2.45,6,329.640342
-2.6,9,329.66421
-2.75,8,329.685309
-2.15,4,329.696474
-6.35,56,331.849051
-2.2,5,331.862151
-4.6,25,331.929156
-2.0,1,331.931885
-2.2,5,331.945638
-2.1,3,331.954273
-2.0,1,331.957306
-2.0,1,331.959889
-2.1,3,331.968121
9.3,7,331.988955
-2.0,1,331.991629
-2.15,4,332.003884
-2.35,4,332.015182
-3.25,18,332.065487
-3.5,11,332.093677
-2.25,6,332.108635
-2.45,6,332.123497
-2.0,1,332.126213
-5.05,30,332.201317
5.0,1,332.203981
-2.5,11,332.231083
5.95,2,332.236248
-2.0,1,332.239007
5.0,1,332.241611
5.95,2,332.246946
-2.15,4,332.257967
9.9,3,332.265777
-2.6,9,332.288561
-2.25,6,332.303857
-2.05,2,332.308748
-2.2,5,332.321084
5.95,2,332.325624
-3.25,10,332.348778
-2.25,6,332.362776
11.95,2,332.367316
-2.0,1,332.369937
-2.15,4,332.378779
-2.2,5,332.389834
-2.75,12,332.415617
-2.6,13,332.442986
-2.3,7,332.457654
10.9,15,332.489991
-2.95,12,332.515407
-3.15,24,332.572071
-2.25,6,332.585909
7.95,2,332.590608
-2.65,10,332.615006
-2.25,6,332.629495
-2.0,1,332.631887
-3.25,18,332.676051
-2.05,2,332.681058
-2.05,2,332.685961
-3.85,18,332.730029
-2.0,1,332.732667
-2.2,5,332.74489
7.85,4,332.754848
-3.5,15,332.79265
7.45,8,332.812479
5.85,4,332.822329
6.0,1,332.824872
7.9,3,332.832107
11.8,5,332.844107
-2.1,3,332.851632
-2.6,13,332.884456
-3.1,23,332.944127
-3.75,16,332.98674
-2.05,2,332.991853
-2.65,14,333.030912
-2.25,6,333.047511
-2.0,1,333.050331
-3.1,11,335.00159
5.0,1,335.004695
-2.7,11,335.032059
-2.3,3,335.039706
11.95,2,335.045096
4.75,2,335.050289
-2.95,20,335.098351
5.95,2,335.103408
-2.1,3,335.110761
-2.25,6,335.125604
-2.25,6,335.14069
7.55,6,335.155433
-2.1,3,335.162635
-2.65,10,335.186774
-2.5,7,335.203992
-2.35,8,335.224349
-2.2,5,335.237596
-6.45,50,335.373953
-3.6,21,335.429403
-2.0,1,335.431946
5.95,2,335.43735
-2.55,12,335.468309
11.65,8,335.489324
-2.0,1,335.491845
5.95,2,335.49858
-4.6,29,335.57754
-2.4,9,335.602817
-2.05,2,335.608223
-2.4,5,335.623071
-3.15,16,335.662252
11.75,6,335.675536
-2.1,3,335.682287
-2.0,1,335.684546
-2.05,2,335.688684
-2.55,4,335.697091
-3.8,17,335.731937
11.95,2,335.735956
11.95,2,335.74002
-2.45,6,335.751955
-2.15,4,335.759906
-3.45,14,335.787939
5.95,2,335.792031
8.0,1,335.794131
-3.15,12,335.817539
11.2,9,335.834356
-2.85,14,335.860635
-3.5,23,335.907433
-2.0,1,335.909599
5.0,1,335.911768
-2.0,1,335.913911
5.0,1,335.916157
-2.1,3,335.92281
9.75,26,335.988219
6.0,1,335.991204
9.95,2,335.996637
-2.05,2,336.001664
-2.05,2,336.006922
-2.45,6,336.021805
-3.05,22,336.076114
-2.6,5,336.088135
-2.15,4,336.098396
-3.45,18,336.142424
-2.35,8,336.162269
-2.2,5,336.174403
-2.05,2,336.17947
4.75,2,336.184499
-2.55,8,336.20414
7.9,3,336.211451
-2.0,1,336.213853
9.8,5,336.227302
7.9,3,336.235305
-5.0,45,338.329781
-5.75,36,338.416417
-2.15,4,338.425688
-2.35,8,338.446414
-2.25,6,338.461718
-2.0,1,338.464446
-2.0,1,338.466943
-2.75,12,338.49808
-2.5,7,338.515656
-2.1,3,338.52314
-2.6,9,338.551046
-2.05,2,338.558834
-2.0,1,338.562723
-3.75,20,338.649518
-2.0,1,338.653546
-2.1,3,338.664163
6.0,1,338.667143
-2.0,1,338.67011
11.9,3,338.678895
-2.45,6,338.696809
-2.1,3,338.705358
-3.2,25,338.784894
7.95,2,338.791848
-3.25,14,338.835323
5.0,1,338.838556
-3.25,22,338.910798
11.8,5,338.930302
-2.0,1,338.934695
-2.45,6,338.966156
-2.05,2,338.976347
-2.0,1,338.981557
-2.05,2,338.990963
-2.65,10,339.057474
-2.1,3,339.073624
7.95,2,339.081678
11.15,14,339.131844
-2.55,12,339.17852
-6.25,42,339.319929
-3.6,13,339.359247
-3.1,15,339.403726
-2.1,3,339.412499
5.0,1,339.41547
11.9,3,339.425402
11.9,3,339.436262
-2.0,1,339.439222
-2.8,9,339.464125
-2.7,7,339.482773
-2.5,7,339.501631
11.85,4,339.51165
5.0,1,339.514083
5.95,2,339.518876
-2.0,1,339.521272
11.3,11,339.547897
-4.8,25,339.6095
-2.2,5,339.621788
5.9,3,339.629102
5.9,3,339.63686
-3.4,13,339.671312
-3.4,9,339.692577
-2.25,6,339.706038
-2.65,10,339.728803
7.9,3,339.735864
5.95,2,339.740512
-3.2,21,341.702319
-2.0,1,341.704916
-4.45,38,341.798552
-2.1,3,341.805719
-2.4,5,341.818125
-2.0,1,341.820503
6.0,1,341.823006
-2.0,1,341.825546
-2.0,1,341.827937
-2.45,6,341.842858
-2.15,4,341.852725
-2.35,8,341.872728
-2.45,6,341.887282
-5.65,30,341.964081
9.85,4,341.974692
-2.3,7,341.992815
-2.15,4,342.003194
6.0,1,342.005849
-2.2,5,342.01875
6.0,1,342.021464
-3.55,16,342.063859
-3.4,13,342.097815
-2.5,11,342.127256
7.8,5,342.140647
-2.0,1,342.143448
-2.2,5,342.157534
-2.35,8,342.17903
-2.05,2,342.184181
11.7,3,342.192025
-2.05,2,342.197354
11.9,3,342.20519
-2.0,1,342.207863
-2.2,5,342.220826
-2.0,1,342.223565
-2.85,10,342.249598
-2.05,2,342.254763
-2.05,2,342.260031
-2.35,4,342.271632
-2.05,2,342.277189
-3.05,10,342.304707
-2.5,7,342.321665
-2.05,2,342.326453
-2.0,1,342.328885
-3.05,10,342.35363
-2.05,2,342.358647
-2.85,18,342.40405
5.0,1,342.406596
-2.25,6,342.421653
-2.7,11,342.448991
-2.05,2,342.453873
-2.05,2,342.458944
-2.15,4,342.469079
11.8,5,342.48128
-2.05,2,342.4863
-2.0,1,342.488782
9.9,3,342.497338
9.9,3,342.504881
11.75,6,342.520359
-2.25,6,342.535514
-2.5,11,342.562342
-2.55,8,342.583459
-2.05,2,342.588585
-2.1,3,342.596315
-2.05,2,342.601126
-2.2,5,342.613283
-3.1,11,342.639919
-2.05,2,342.644736
-2.1,3,342.652015
-2.15,4,342.661589
-2.15,4,342.671329
-2.1,3,342.678244
-2.15,4,342.68725
-2.3,7,342.70416
-2.2,5,342.716729
-2.1,3,342.72383
-2.15,4,342.733937
-2.05,2,342.739226
-2.1,3,342.747124
-3.0,13,342.778819
-2.4,9,342.800952
-2.0,1,342.803377
-6.2,49,342.920324
-2.95,8,342.938712
-2.2,5,342.95033
-2.1,3,342.957362
-2.0,1,342.959713
11.9,3,342.966839
-2.0,1,342.969234
-2.3,7,344.647501
-2.2,5,344.659281
-2.2,5,344.670981
5.95,2,344.675464
11.75,6,344.688888
11.85,4,344.697734
-2.1,3,344.704878
-2.0,1,344.707116
9.8,5,344.719964
-2.0,1,344.722552
-2.1,3,344.73042
-2.2,5,344.742537
-4.9,27,344.807108
8.0,1,344.809762
5.75,2,344.814514
5.0,1,344.817023
-2.0,1,344.819479
-2.0,1,344.82187
11.85,4,344.831399
5.0,1,344.833796
-2.1,3,344.841376
-2.35,8,344.86107
-2.2,5,344.87236
-2.1,3,344.879051
5.0,1,344.881359
-2.15,4,344.89044
-2.4,5,344.901705
11.05,8,344.91943
-2.1,3,344.926477
-6.55,40,345.020937
9.95,2,345.026063
5.0,1,345.028471
-2.3,7,345.044798
-2.2,5,345.056146
-2.75,16,345.091732
-4.65,18,345.132506
10.4,17,345.170274
9.9,3,345.177609
-2.05,2,345.182124
-2.0,1,345.184334
-2.0,1,345.18652
-3.35,8,345.204176
5.85,4,345.213191
-6.2,37,345.295573
7.35,6,345.308736
-2.0,1,345.310942
-2.5,7,345.327264
-2.2,5,345.338971
-4.6,25,345.397267
-2.05,2,345.4017
7.85,4,345.411843
-2.1,3,345.418589
5.75,2,345.42406
-2.0,1,345.427027
-2.3,7,345.447053
-2.0,1,345.450853
9.8,5,345.465295
-3.85,18,345.512944
-2.05,2,345.518019
7.9,3,345.526141
5.9,3,345.533677
-3.85,22,345.58401
-2.0,1,345.586214
-2.05,2,345.590566
7.8,5,345.606295
-2.0,1,345.609525
7.9,3,345.619468
11.65,4,345.629225
-2.6,9,345.650507
-2.85,14,345.68257
-2.0,1,345.684909
-2.35,8,345.703088
-5.0,25,345.759067
-2.2,5,345.76995
-2.0,1,345.772252
-2.25,6,345.78589
-2.0,1,345.788064
6.0,1,345.790392
9.6,5,345.801574
-2.5,7,345.817178
-3.95,24,347.497663
5.0,1,347.500329
7.95,2,347.505537
12.0,1,347.508115
-2.0,1,347.510719
7.9,3,347.518524
-2.05,2,347.523727
-2.0,1,347.526888
-2.85,14,347.566462
-2.0,1,347.569119
-2.3,7,347.587216
-2.15,4,347.597495
-2.15,4,347.607651
-2.2,5,347.620349
-2.2,5,347.633141
-2.25,6,347.648145
-2.05,2,347.653248
6.0,1,347.655827
-2.05,2,347.660967
-2.5,7,347.67855
-2.0,1,347.681017
-2.8,13,347.712727
-2.15,4,347.722543
-2.05,2,347.727655
-2.45,10,347.750945
-2.9,11,347.775739
-2.35,8,347.793905
-3.8,17,347.832069
-2.05,2,347.8367
-2.15,4,347.845647
5.0,1,347.847916
8.0,1,347.850203
-2.65,10,347.872815
-2.1,3,347.879474
7.85,4,347.888544
-4.7,31,347.958574
-2.1,3,347.965333
4.75,2,347.969881
4.75,2,347.974317
7.85,4,347.983359
-2.3,7,347.998962
-3.05,14,348.030368
-2.2,5,348.041942
-2.15,4,348.050802
-2.25,6,348.064234
6.0,1,348.066488
10.0,1,348.068888
-2.15,4,348.078094
-2.0,1,348.080389
-2.05,2,348.085184
-2.2,5,348.097397
-2.05,2,348.102144
11.75,6,348.116229
-2.1,3,348.123788
-2.05,2,348.129092
-2.35,8,348.149246
-2.1,3,348.157023
-2.1,3,348.164359
-2.1,3,348.172355
-2.2,5,348.184702
-2.0,1,348.187335
-2.2,5,348.200705
-2.05,2,348.205648
-2.0,1,348.208261
5.0,1,348.210912
-2.0,1,348.213517
-2.15,4,348.223874
-3.3,19,348.270677
-2.2,5,348.28268
-2.7,11,348.30974
-2.15,4,348.319649
-2.7,11,348.346717
-2.65,10,348.371231
-2.2,5,348.3845
-3.1,11,348.414395
-3.45,14,348.450771
-2.5,7,348.469356
-2.0,1,348.471969
-2.25,6,348.487626
-2.0,1,348.490332
-2.15,4,348.501328
9.9,3,348.509149
-2.0,1,348.512375
-2.0,1,348.515089
-2.1,3,348.522557
-2.15,4,348.532564
-2.1,3,348.540329
-2.0,1,348.542912
-2.2,5,348.55683
-3.55,16,348.601482
-3.25,18,348.650086
-2.5,7,348.668862
-2.45,6,348.685087
7.9,3,348.693362
11.8,5,348.706001
-2.15,4,348.716666
-3.4,17,350.671771
10.2,13,350.704187
-2.25,6,350.718793
-2.05,2,350.723569
-2.15,4,350.733469
6.0,1,350.736016
-2.0,1,350.738451
-2.0,1,350.740887
-2.2,5,350.7528
-2.1,3,350.76005
9.8,5,350.772482
-2.1,3,350.779491
-2.0,1,350.781868
11.95,2,350.786624
-2.3,7,350.80327
11.7,7,350.820204
-2.0,1,350.822522
5.0,1,350.824983
-2.0,1,350.827286
-2.5,7,350.844153
-2.0,1,350.846493
-2.75,12,350.874916
-3.3,15,350.911996
-2.1,3,350.919505
-2.2,5,350.931554
-2.05,2,350.936406
-2.75,8,350.956016
-2.5,7,350.972111
7.9,3,350.979632
-2.0,1,350.981978
-2.0,1,350.984309
9.55,10,351.007928
-2.25,6,351.023057
-2.0,1,351.025414
-2.4,5,351.037071
7.9,3,351.043867
-2.35,4,351.052926
-2.0,1,351.05529
9.55,6,351.068471
9.85,4,351.077922
-2.45,6,351.091691
-2.0,1,351.094006
-2.25,6,351.107327
-2.3,7,351.123882
-2.15,4,351.133005
-2.0,1,351.1352
-5.65,50,351.250163
5.95,2,351.254633
-2.25,6,351.268075
-2.55,12,351.296941
-3.7,23,351.358773
-2.0,1,351.361414
11.8,5,351.374569
-2.0,1,351.377152
-2.3,7,351.394414
-3.4,21,351.442792
11.85,4,351.451741
-2.65,10,351.473953
-2.5,7,351.489092
-2.1,3,351.495812
-2.65,6,351.511873
10.3,23,351.569591
-7.5,55,351.691714
5.15,6,351.705786
-2.05,2,351.710381
-2.8,13,351.739504
-2.6,9,351.759526
9.35,6,351.77268
-8.25,62,353.723195
6.0,1,353.725921
-2.8,5,353.738351
11.95,2,353.743483
-2.0,1,353.74601
-2.1,3,353.753597
11.75,6,353.769015
7.9,3,353.776535
-3.95,20,353.824837
-3.3,23,353.877858
-2.0,1,353.880081
-3.95,28,353.942136
-2.0,1,353.944315
9.6,9,353.965803
5.95,2,353.97062
-3.75,20,354.017869
6.0,1,354.020366
-2.65,10,354.044818
-2.9,15,354.084573
-4.0,17,354.128676
5.0,1,354.131344
6.0,1,354.134014
-2.05,2,354.139113
-2.4,5,354.152236
-2.65,14,354.186895
-2.45,10,354.210905
10.0,1,354.213381
-2.1,3,354.220322
11.9,3,354.227582
-2.0,1,354.229934
-2.0,1,354.232271
11.45,8,354.251361
11.8,5,354.263762
7.95,2,354.268605
-2.05,2,354.273479
-2.0,1,354.275855
-2.25,6,354.289816
-2.1,3,354.296867
-2.1,3,354.303965
-3.6,17,354.343936
-2.1,3,354.351032
-2.2,5,354.363004
-2.1,3,354.370126
6.0,1,354.372497
-2.6,5,354.384048
-2.0,1,354.386368
-2.75,8,354.405711
-2.15,4,354.415269
-2.05,2,354.420367
9.9,3,354.427881
9.8,5,354.440164
-2.55,8,354.460521
5.0,1,354.463079
11.65,8,354.482743
11.85,4,354.492765
-2.6,13,354.523717
-2.05,2,354.528715
-3.25,22,354.583377
7.85,4,354.593487
-2.1,3,354.601246
-4.65,34,354.692197
-2.4,5,354.705818
-2.0,1,354.708314
-5.15,32,354.788275
5.0,1,354.790738
7.9,3,354.798083
-2.65,6,354.812123
-2.0,1,354.814599
-2.55,8,354.83432
-5.3,31,354.908847
5.0,1,354.911443
-5.0,29,356.747231
9.7,7,356.76418
-3.7,23,356.820516
7.95,2,356.825549
-2.15,4,356.835567
11.4,9,356.858618
-2.8,9,356.881223
-2.15,4,356.891297
-2.5,11,356.918576
-2.0,1,356.921115
-2.8,9,356.94351
-2.15,4,356.95346
-2.0,1,356.955807
-2.05,2,356.96067
-2.25,6,356.975097
-2.1,3,356.982279
-3.6,17,357.022227
-2.05,2,357.026933
-2.5,7,357.043406
-4.9,23,357.097868
-2.25,6,357.114082
-4.35,28,357.186754
-2.1,3,357.194051
-7.6,49,357.311042
-2.05,2,357.315967
-2.5,7,357.332489
8.0,1,357.334966
-4.2,25,357.393623
-2.1,3,357.400781
-2.45,10,357.424229
11.45,12,357.453923
11.4,9,357.475952
-2.05,2,357.480693
5.0,1,357.483241
-2.3,7,357.499657
-2.5,11,357.525491
5.0,1,357.527864
8.1,43,357.638777
-2.95,12,357.672338
8.75,46,357.787445
-2.2,5,357.799855
-2.3,3,357.807754
-2.3,7,357.826098
-2.05,2,357.831201
-4.25,26,357.898996
-3.6,29,359.618115
5.0,1,359.620509
-2.65,6,359.634275
-4.0,25,359.690028
-2.25,6,359.703032
-2.05,2,359.70734
-3.0,17,359.744712
-2.35,4,359.753428
-3.25,10,359.775398
-2.2,5,359.78704
-2.1,3,359.794199
9.65,4,359.803689
7.9,3,359.810982
-2.15,4,359.820769
-2.45,10,359.845987
-2.9,15,359.883127
-3.05,18,359.92738
-2.95,8,359.946734
11.2,13,359.978414
11.45,8,359.997556
-2.1,3,360.00468
11.05,12,360.032906
-2.55,8,360.051428
-2.7,15,360.086229
-2.35,8,360.104825
11.6,9,360.12607
-5.65,30,360.195482
5.0,1,360.197751
-2.35,4,360.206666
-2.0,1,360.208834
-2.2,5,360.219817
-2.0,1,360.222093
-3.25,10,360.244064
7.8,5,360.255517
-2.1,3,360.26239
8.0,1,360.264722
-2.35,4,360.273677
-2.0,1,360.275965
-2.2,5,360.287536
-2.15,4,360.296815
11.7,7,360.313079
-4.35,20,360.358364
8.0,1,360.36085
-2.0,1,360.363041
6.0,1,360.365326
11.55,6,360.378874
6.0,1,360.381143
-4.45,22,360.432042
-2.0,1,360.434551
-2.15,4,360.443613
-2.0,1,360.446055
-2.6,9,360.467629
-2.25,6,360.482216
-2.1,3,360.489256
11.55,10,360.512237
8.0,1,360.514663
-2.15,4,360.524062
5.0,1,360.526476
6.0,1,360.529207
-2.7,11,360.561563
-3.4,13,360.594238
9.95,22,360.647666
7.9,3,360.655394
-2.5,7,360.673719
-3.35,20,360.728492
-2.1,3,360.736179
-2.65,10,360.762908
-2.15,4,360.773574
-3.2,21,362.59672
-2.15,4,362.608558
-4.65,30,362.685617
7.85,4,362.696479
5.95,2,362.701649
-2.45,6,362.717417
11.8,5,362.73045
-2.6,13,362.764559
-10.35,72,362.979109
11.7,7,363.006922
11.5,11,363.051077
-4.95,24,363.130629
11.95,2,363.135884
-2.0,1,363.138713
-2.15,4,363.149687
-2.0,1,363.152464
-2.2,5,363.166166
-2.1,3,363.174057
5.95,2,363.179255
11.85,4,363.189895
-6.55,40,363.290837
-2.6,13,363.32699
-2.05,2,363.331752
-2.0,1,363.334562
9.8,5,363.347019
8.0,1,363.349949
-2.35,4,363.359971
9.55,10,363.384348
-2.55,8,363.405329
-2.6,9,363.430708
-2.2,5,363.444792
-2.2,5,363.458808
7.75,6,363.474609
-2.05,2,363.479878
-2.05,2,363.485266
-2.65,6,363.50125
-2.05,2,363.506715
-2.05,2,363.51217
-2.05,2,363.517631
-2.1,3,363.5254
-2.65,6,363.541592
5.0,1,363.544477
-2.15,4,363.555389
-2.15,4,363.565986
5.9,3,363.574467
-2.0,1,363.577101
-2.45,10,363.602957
9.25,8,363.624442
-2.15,4,363.635034
-2.15,4,363.645329
-2.35,8,363.673845
-2.35,4,363.689118
-3.45,18,363.737033
-2.25,6,363.75268
-2.7,7,363.772142
-2.0,1,363.774876
9.75,6,363.79115
-2.15,4,363.801689
5.0,1,363.804493
-2.2,5,363.817915
-2.5,7,363.836046
-2.2,5,363.849187
7.95,2,363.854475
-2.0,1,363.856993
-2.45,10,363.883875
-2.0,1,363.886451
-2.1,3,363.894176
-2.0,1,363.896821
-2.65,14,363.933971
-3.35,16,363.975515
-2.05,2,363.980851
-2.15,4,363.991439
-2.0,1,363.994095
-2.35,8,364.015271
-2.0,1,364.018062
-2.25,6,365.97823
6.0,1,365.98084
-3.25,14,366.015925
-2.55,12,366.049314
-2.0,1,366.052294
-6.3,55,366.195873
-2.45,6,366.210255
-5.35,36,366.30306
-2.4,9,366.330032
-2.4,5,366.340704
6.0,1,366.342844
-3.35,28,366.401706
-2.05,2,366.405955
-3.15,12,366.430953
-2.7,11,366.456236
5.0,1,366.458628
-3.65,26,366.516631
-2.15,4,366.525075
-2.15,4,366.533337
-2.65,10,366.55508
-3.6,25,366.609068
5.95,2,366.613273
-7.5,55,366.728215
8.95,14,366.758552
-2.25,6,366.772161
6.0,1,366.774414
-2.1,3,366.780707
-4.55,20,366.823653
-3.0,9,366.845489
-2.3,7,366.865739
-2.0,1,366.868195
5.0,1,366.870589
-3.9,23,366.921405
-2.75,12,366.946882
-2.0,1,366.949034
-2.0,1,366.951203
-2.65,10,366.972687
-8.55,72,367.13298
11.6,5,367.144303
-3.0,21,368.889358
7.85,4,368.89936
-2.15,4,368.909978
-3.1,15,368.945417
-2.0,1,368.94768
-2.0,1,368.949997
-2.15,4,368.959915
-5.3,47,369.070392
11.65,8,369.089274
-5.9,43,369.189022
10.35,18,369.228748
11.65,8,369.249475
-4.0,21,369.300584
-2.1,3,369.307903
-2.1,3,369.314948
11.85,4,369.324622
-2.25,6,369.33921
-2.0,1,369.341715
-2.2,5,369.353925
-4.45,18,369.394338
5.9,3,369.400841
11.15,10,369.423229
-2.1,3,369.429919
-2.05,2,369.434623
6.0,1,369.437176
-2.25,6,369.451601
-2.05,2,369.456501
11.05,12,369.486358
-2.4,9,369.509369
-7.1,43,369.62178
-2.05,2,369.626782
10.35,14,369.662013
-2.8,13,369.692711
-2.1,3,369.700045
10.05,28,369.767593
-4.65,34,369.849722
11.3,15,369.886229
-3.4,17,369.931948
5.95,2,369.937307
7.95,2,369.942701
-2.15,4,369.953525
-2.1,3,369.961703
-2.75,8,369.984485
-4.2,37,370.088696
-5.15,24,371.910356
-2.0,1,371.912725
7.9,3,371.919527
-3.55,16,371.955134
11.05,8,371.972906
-2.05,2,371.977579
-2.5,7,371.993174
5.95,2,371.997755
-2.35,8,372.01548
-3.45,18,372.056247
12.0,1,372.058605
11.9,3,372.065397
-7.7,47,372.17512
-2.5,7,372.192267
-3.2,21,372.240235
-2.05,2,372.244663
-2.15,4,372.254388
-2.65,10,372.278568
5.95,2,372.283501
11.85,4,372.293254
-2.1,3,372.300519
11.35,6,372.315035
-2.0,1,372.317671
-3.0,13,372.349383
5.0,1,372.351912
-2.6,13,372.383109
-2.0,1,372.385556
-2.2,5,372.39772
-2.05,2,372.402607
-2.0,1,372.405026
11.55,10,372.430201
-2.0,1,372.43249
-2.15,4,372.442033
11.65,8,372.460174
-2.1,3,372.466866
-2.05,2,372.471437
7.9,3,372.478264
-2.75,8,372.496743
-2.55,12,372.524187
-2.0,1,372.526511
11.65,4,372.535521
6.0,1,372.537837
-2.35,8,372.555407
-3.6,21,372.603564
9.85,4,372.612733
-2.35,8,372.630528
9.9,3,372.637777
-2.35,8,372.656254
-2.0,1,372.658543
9.1,7,372.674388
5.75,2,372.679024
-2.2,5,372.690335
9.0,29,372.75824
11.7,7,372.775484
11.35,10,372.799531
8.0,1,372.802042
-4.7,31,372.875057
-2.1,3,372.881795
-2.0,1,372.884069
11.3,7,372.900483
-2.6,5,372.912298
-3.0,13,372.943112
-3.75,20,372.989751
-3.65,14,373.022896
10.3,23,374.692035
-2.6,5,374.703204
-2.65,10,374.729736
-2.6,9,374.751745
7.85,4,374.761456
8.6,37,374.858873
9.85,4,374.867838
-6.05,34,374.942425
-2.0,1,374.944614
11.95,2,374.948977
-2.0,1,374.95111
-2.4,5,374.962161
-3.6,29,375.035988
-2.7,11,375.060933
5.0,1,375.063296
11.5,7,375.079819
10.8,17,375.118806
-2.05,2,375.123616
6.0,1,375.126132
7.9,3,375.133213
-2.1,3,375.140138
-2.15,4,375.149828
6.0,1,375.152318
-2.4,9,375.173401
-2.05,2,375.178266
-3.35,12,375.208193
-2.3,7,375.225344
11.9,3,375.232354
-2.35,8,375.251077
-4.0,13,375.282553
11.75,6,375.297173
-2.15,4,375.307392
9.55,10,375.331441
10.9,11,375.35769
-2.3,7,375.374827
7.9,3,375.38215
-5.5,35,375.466184
-2.2,5,375.477235
-2.1,3,375.483788
11.75,6,375.497077
-2.05,2,375.501451
-2.4,5,375.51233
-5.15,24,375.565261
-11.55,72,375.756742
7.9,3,375.765998
11.9,3,375.775189
6.0,1,375.778387
11.65,8,375.804212
11.0,13,375.845416
11.15,10,375.875105
11.9,3,375.88383
6.0,1,375.88656
9.25,8,375.907737
11.65,8,375.927697
-2.0,1,375.930195
-2.55,8,377.701511
-2.0,1,377.704336
-2.0,1,377.70702
11.75,6,377.721357
-2.15,4,377.731456
-2.0,1,377.73419
11.45,12,377.764404
-2.0,1,377.766839
11.35,10,377.791345
10.65,16,377.831394
11.9,3,377.839027
-2.6,9,377.86074
5.95,2,377.865643
9.75,6,377.8801
11.95,2,377.884975
-2.1,3,377.892484
-3.1,15,377.926419
11.65,8,377.944247
11.5,7,377.961224
-2.0,1,377.963493
-2.1,3,377.9706
-2.8,13,377.999713
-4.0,21,378.045983
11.95,2,378.05046
7.95,2,378.055001
11.55,10,378.07685
5.0,1,378.07919
-4.1,23,378.130961
-2.15,4,378.13978
-2.0,1,378.142482
-2.2,5,378.155159
-2.45,6,378.170011
11.75,6,378.185032
-3.5,11,378.211906
-4.3,23,378.271099
-5.3,39,378.37383
-2.4,5,378.386701
-2.65,6,378.402248
6.0,1,378.404955
-3.1,15,378.445398
-2.05,2,378.450693
7.65,4,378.461244
-2.05,2,378.466824
-3.8,21,378.517717
10.35,18,378.557278
-2.9,11,378.582113
-2.4,9,378.603519
-3.15,20,378.648704
-3.05,10,378.671078
-3.25,14,378.701835
11.95,2,378.707028
-3.05,14,378.74578
-2.4,9,378.768006
7.0,53,378.90877
5.0,1,378.911704
6.0,1,378.914667
10.75,18,380.858454
-3.15,8,380.878634
9.95,2,380.883588
-2.0,1,380.886161
11.8,5,380.899682
-2.15,4,380.910189
-2.5,7,380.928727
-2.05,2,380.933881
-2.4,9,380.95838
-6.45,58,381.144417
11.75,6,381.164413
7.9,3,381.174753
7.9,3,381.184701
-2.0,1,381.188034
-5.55,48,381.337979
5.0,1,381.341197
-2.2,5,381.356464
11.8,5,381.37109
-2.4,9,381.396953
5.0,1,381.399885
10.85,16,381.445215
-2.85,10,381.473625
6.0,1,381.477307
-2.0,1,381.480294
9.95,18,381.534747
9.3,23,381.606366
9.95,2,381.612339
7.8,5,381.627054
11.55,10,381.655599
-2.5,11,381.686226
6.9,59,381.84373
11.5,11,381.87216
8.0,1,381.875101
-2.6,5,381.888471
-2.55,8,381.909268
8.95,26,381.979136
-2.0,1,381.981747
11.3,7,381.999976
11.2,13,382.036992
7.95,2,382.042927
-2.3,7,382.063135
11.45,8,382.085868
7.8,5,382.100848
-2.45,6,382.118364
9.3,31,382.203647
6.0,1,382.206393
10.75,18,382.254775
-2.4,5,382.268047
5.0,1,382.270688
7.95,2,382.276016
-2.1,3,382.283829
11.8,5,382.296731
5.9,3,382.305137
5.0,1,382.307834
-3.1,15,384.353349
-2.55,8,384.376352
5.95,2,384.382078
-2.0,1,384.384944
-8.75,72,384.594396
-2.3,7,384.615036
11.8,5,384.630741
-2.45,10,384.661176
-2.05,2,384.667016
11.55,10,384.69709
-6.35,72,384.912982
9.45,8,384.935714
11.35,14,384.976338
7.95,2,384.982137
11.8,5,384.995978
-2.0,1,384.998793
-2.1,3,385.006778
-6.4,45,385.138454
7.95,2,385.144917
-2.1,3,385.154257
11.1,15,385.20219
-2.0,1,385.205042
-2.45,6,385.221225
11.8,5,385.235402
11.7,7,385.254092
-4.8,21,385.314291
-2.0,1,385.317276
-2.05,2,385.322493
11.7,7,385.341609
10.8,13,385.375864
11.8,5,385.388391
-2.0,1,385.39096
5.0,1,385.393414
-2.4,5,385.405529
-2.1,3,385.412956
5.0,1,385.415532
10.6,25,385.478213
-2.6,5,385.491155
9.85,16,385.534984
-2.15,4,385.546771
9.5,23,385.60758
-2.5,7,385.626176
9.25,32,385.71474
6.0,1,385.717642
11.6,9,385.740506
-2.1,3,385.747889
-2.85,14,387.986014
11.6,9,388.017289
-2.0,1,388.020818
-2.0,1,388.024225
-2.15,4,388.037055
11.4,13,388.077236
-2.15,4,388.090485
-2.0,1,388.094187
10.7,15,388.140743
-2.55,8,388.165184
11.5,7,388.185865
-6.4,41,388.311834
6.0,1,388.315492
5.95,2,388.320917
10.6,13,388.355503
11.5,7,388.374336
-2.0,1,388.377188
11.7,7,388.396896
-2.0,1,388.399681
-2.05,2,388.405038
10.0,25,388.474654
-3.15,12,388.508324
-9.3,63,388.682621
-2.35,4,388.694055
11.55,10,388.721982
11.3,7,388.740922
8.0,1,388.743665
9.85,20,388.797261
11.65,8,388.817916
5.05,60,388.982917
11.3,7,389.002696
10.95,14,389.042429
-4.3,15,389.086383
-2.1,3,389.095554
-6.65,58,389.27598
-2.65,6,389.292942
-2.05,2,389.298826
10.5,23,389.364834
-2.2,5,389.379408
10.65,16,389.423855
11.8,5,389.438472
-2.3,3,389.446947
11.55,10,391.61608
11.2,9,391.638865
-2.0,1,391.641866
11.05,12,391.674052
-2.05,2,391.679623
-2.1,3,391.687258
7.95,2,391.69275
7.9,3,391.700161
11.35,14,391.734699
11.6,9,391.758524
11.85,4,391.77047
5.0,1,391.77298
-2.55,4,391.782896
5.95,2,391.788021
-2.0,1,391.790528
9.2,29,391.867864
-2.05,2,391.873538
-2.15,4,391.884238
11.75,6,391.899345
-9.85,54,392.042031
-2.8,9,392.065389
11.7,7,392.082867
5.0,1,392.085688
11.75,6,392.10054
-2.0,1,392.103036
11.25,12,392.131611
11.8,5,392.14344
-2.0,1,392.145777
-2.0,1,392.148036
10.9,11,392.173005
6.0,1,392.175189
12.0,1,392.177454
7.9,3,392.184321
11.15,10,392.207159
10.9,11,392.231716
-2.25,6,392.24525
-2.2,5,392.256235
-3.6,17,392.29366
6.0,1,392.29604
-2.05,2,392.300811
-2.05,2,392.305775
-2.05,2,392.310207
11.35,6,392.323586
6.0,1,392.325881
11.75,6,392.339845
9.8,21,392.390404
-2.15,4,392.399992
10.75,14,392.431743
6.0,1,392.434189
11.75,6,392.448243
-2.15,4,392.456969
-2.0,1,392.459472
8.45,28,392.521353
9.4,29,392.591554
10.9,15,392.626461
-2.05,2,392.6318
11.65,8,392.652531
5.0,1,392.654965
-2.05,2,392.659766
-2.05,2,392.666086
9.15,26,392.736167
5.95,2,392.741648
10.2,21,392.79863
11.7,7,392.817547
5.95,2,392.823025
9.1,27,394.695119
-2.55,8,394.714969
7.9,3,394.722671
-2.05,2,394.727431
-2.0,1,394.729843
11.75,6,394.744824
8.45,28,394.81376
10.75,14,394.850517
9.9,3,394.857795
-2.0,1,394.860141
11.8,5,394.87243
11.15,10,394.897224
9.75,6,394.911512
9.9,15,394.948244
5.0,1,394.9507
-2.0,1,394.953081
11.85,4,394.963094
11.9,3,394.970303
11.55,10,394.994467
9.85,4,395.004166
9.95,2,395.008943
-9.75,72,395.192342
-2.2,5,395.205291
-2.05,2,395.210384
8.5,43,395.318055
-4.25,18,395.365212
9.6,9,395.388697
11.35,10,395.414995
10.7,11,395.443905
-3.5,15,395.483317
9.65,8,395.503866
9.75,26,395.569883
6.0,1,395.572457
11.6,9,395.594563
11.65,8,395.613855
-3.1,19,395.659914
10.2,21,395.709558
5.95,2,395.71433
11.6,5,395.72642
-10.55,72,395.899574
-2.0,1,395.901885
6.0,1,395.904215
-2.0,1,395.906514
4.05,60,397.748976
11.9,3,397.75633
11.8,5,397.768268
8.95,30,397.838811
8.8,29,397.90719
11.55,6,397.921515
11.75,6,397.935609
9.95,2,397.94029
11.65,8,397.95856
-2.0,1,397.960867
11.55,10,397.984298
9.45,24,398.040264
5.75,2,398.045117
11.75,6,398.05951
9.15,30,398.13034
11.65,8,398.149349
-3.35,16,398.187757
11.6,9,398.209253
11.45,8,398.22856
7.95,2,398.233407
11.6,9,398.254764
7.95,2,398.259524
11.95,2,398.264759
-2.3,7,398.282061
11.3,11,398.308696
5.0,1,398.311188
11.6,9,398.332932
10.65,12,398.361393
11.7,7,398.378374
11.25,12,398.406102
11.85,4,398.41496
-2.2,5,398.425815
11.9,3,398.4324
11.8,5,398.443243
11.7,7,398.458478
-2.05,2,398.463104
11.95,2,398.467642
11.35,10,398.490501
11.9,3,398.497154
11.65,8,398.515144
7.95,2,398.519787
9.8,5,398.531049
11.55,10,398.553487
-2.35,8,398.572125
7.85,4,398.581844
-2.05,2,398.586678
10.4,25,398.645378
10.75,14,398.676713
11.25,12,398.704624
-2.0,1,398.706867
-2.05,2,398.711381
9.95,26,398.769786
-2.25,6,398.784633
10.4,17,398.827262
11.85,4,398.837596
11.45,8,400.612836
-2.2,5,400.624654
10.6,17,400.664474
-2.0,1,400.667132
11.7,7,400.68372
11.2,9,400.706451
11.2,9,400.728554
-2.15,4,400.738514
11.75,6,400.752658
-2.1,3,400.759482
-2.15,4,400.769124
9.5,11,400.794933
11.7,7,400.811111
11.75,6,400.82514
11.4,13,400.855007
11.65,8,400.873772
11.65,8,400.89287
-2.0,1,400.895382
11.6,5,400.908186
11.3,11,400.934439
-5.75,28,400.999313
-6.4,33,401.074145
11.85,4,401.083548
11.05,12,401.109744
-2.05,2,401.114285
6.0,1,401.116608
11.8,5,401.128056
-2.15,4,401.137232
5.95,2,401.142433
12.0,1,401.144915
11.75,6,401.159812
9.7,27,401.220928
11.7,7,401.236614
11.95,2,401.241001
11.6,9,401.261099
-3.4,13,401.289794
-2.0,1,401.292393
11.85,4,401.301739
11.4,9,401.321959
-2.1,3,401.328757
-2.4,5,401.340218
11.35,10,401.362368
11.65,8,401.381059
4.75,2,401.385601
11.2,9,401.405588
11.85,4,401.414757
11.2,9,401.435373
11.5,11,401.460307
9.95,26,401.518538
11.8,5,401.52984
11.9,3,401.53646
11.6,9,401.556864
5.0,1,401.559187
11.55,6,401.572786
11.8,5,401.583886
11.65,8,401.601975
11.15,18,401.642286
-2.1,3,401.64887
11.75,6,401.661973
5.95,2,401.666574
11.95,2,401.671032
11.6,9,401.69177
-2.05,2,401.696438
9.3,7,401.712952
7.75,2,401.718282
11.4,9,401.739504
-2.0,1,401.741858
-3.2,13,401.77392
-2.0,1,401.776388
-9.95,72,403.772839
11.65,8,403.790712
10.85,16,403.829295
7.3,39,403.925667
-2.05,2,403.930635
11.6,9,403.952884
10.55,14,403.987271
-2.15,4,403.997174
10.3,27,404.063313
11.05,12,404.092237
9.95,2,404.097049
11.45,8,404.116288
11.0,13,404.148505
-2.05,2,404.153472
-2.0,1,404.155942
-2.15,4,404.16569
6.5,47,404.274433
11.45,8,404.293115
11.35,10,404.3161
-3.5,27,404.377765
-2.0,1,404.380039
8.0,1,404.382491
11.8,5,404.394237
6.0,1,404.396759
11.9,3,404.404212
-2.05,2,404.409329
11.85,4,404.419096
-2.0,1,404.42156
9.2,21,404.472588
11.9,3,404.479894
6.0,1,404.482525
-2.05,2,404.487439
10.6,13,404.52395
-3.25,14,404.558548
-2.05,2,404.563222
-2.0,1,404.565615
11.25,8,404.583893
11.8,5,404.595475
11.6,9,404.616269
9.2,25,404.674937
7.95,2,404.679675
11.5,11,404.704409
11.4,13,404.733963
-2.1,3,404.741153
-2.0,1,404.743424
11.85,4,404.752743
-2.05,2,404.757405
11.55,10,404.78038
11.8,5,404.791974
11.5,11,404.817207
10.7,19,406.536965
7.95,34,406.615118
9.4,25,406.671487
11.9,3,406.678317
11.85,4,406.687331
-2.0,1,406.689555
5.0,1,406.691815
10.6,13,406.721154
5.0,1,406.723379
-2.05,2,406.727776
11.55,6,406.741228
7.9,3,406.747875
11.75,6,406.761367
9.9,19,406.805014
-2.15,4,406.813975
-3.1,15,406.848502
11.8,5,406.860043
10.4,21,406.907539
11.5,7,406.923152
11.85,4,406.931991
11.8,5,406.943344
11.85,4,406.952412
11.4,9,406.973236
10.95,10,406.997588
-2.0,1,407.000016
10.3,19,407.044866
-2.35,8,407.064172
-2.05,2,407.069054
11.55,10,407.09318
11.6,9,407.114933
11.3,7,407.131777
11.3,11,407.158518
11.6,5,407.170644
11.4,9,407.192921
11.3,11,407.219631
-2.05,2,407.224617
-2.0,1,407.22715
6.0,1,407.229659
-2.6,9,407.251213
11.95,2,407.256175
11.65,8,407.275535
11.75,6,407.290067
11.15,14,407.324025
10.9,15,407.360681
10.55,14,407.395548
-2.0,1,407.398038
11.75,2,407.402923
-2.05,2,407.40774
10.9,19,407.4529
8.2,41,407.551468
11.75,6,407.565983
11.5,7,407.586224
11.7,7,407.602243
11.8,5,407.614211
8.0,1,407.616765
-2.05,2,407.621738
11.7,7,407.638332
11.35,10,407.661225
11.65,8,407.679852
11.85,4,407.689185
7.9,3,407.696239
4.75,2,407.700694
10.9,15,409.431667
11.6,9,409.454073
11.2,13,409.486107
7.9,3,409.493429
11.45,8,409.512776
5.0,1,409.515249
11.4,9,409.537416
-2.1,3,409.544733
11.65,8,409.565168
11.7,7,409.583789
-2.4,5,409.596458
10.85,12,409.627001
5.95,2,409.631955
-2.05,2,409.637899
9.65,24,409.701006
11.75,6,409.717249
10.0,21,409.773462
7.95,2,409.77868
-2.0,1,409.781329
11.05,12,409.812557
11.55,10,409.839273
11.7,7,409.857989
9.0,21,409.912308
-2.15,4,409.922951
-2.8,9,409.946531
11.7,7,409.965012
11.7,7,409.983194
5.75,2,409.988554
11.7,7,410.007146
10.6,17,410.051281
5.0,1,410.053881
-2.0,1,410.056221
11.65,8,410.075611
11.75,6,410.090236
-2.05,2,410.095061
11.35,10,410.118887
-2.6,9,410.140134
8.6,33,410.216687
11.2,9,410.23752
11.95,2,410.242074
11.4,13,410.27217
11.45,8,410.29166
10.7,19,410.340547
11.65,8,410.360094
11.6,9,410.384682
-2.0,1,410.387632
11.85,4,410.398703
11.2,13,410.431257
11.0,17,410.472756
11.8,5,410.485287
5.0,1,410.487699
11.7,7,410.5039
8.0,1,410.506285
5.95,2,410.511317
11.6,9,410.532593
11.75,6,410.546609
11.0,13,410.577382
11.15,14,410.611457
11.6,9,410.633332
-2.15,4,410.64407
9.75,18,410.687543
11.75,6,410.702163
11.65,8,412.420807
11.6,9,412.441558
5.9,3,412.449432
9.1,23,412.504921
11.15,10,412.529837
-2.0,1,412.532083
11.2,9,412.552635
-2.05,2,412.55734
11.7,7,412.572952
8.0,1,412.575264
5.95,2,412.579727
8.0,1,412.582058
5.9,3,412.588817
-2.0,1,412.591292
11.8,5,412.602949
11.45,8,412.620688
11.65,8,412.638237
11.75,6,412.651891
-2.05,2,412.656233
11.35,10,412.678525
11.65,8,412.696476
11.2,13,412.726152
11.7,7,412.741557
11.8,5,412.752671
10.7,15,412.785648
11.7,7,412.800977
11.85,4,412.809801
11.7,7,412.825325
5.95,2,412.829793
-2.2,5,412.840828
8.05,32,412.913489
10.6,17,412.954805
11.6,9,412.975303
8.8,25,413.03158
-2.1,3,413.038296
-2.05,2,413.042747
9.9,15,413.075959
7.85,32,413.153102
-2.0,1,413.155783
11.55,10,413.180921
11.95,2,413.187456
11.65,8,413.210885
6.0,1,413.213392
12.0,1,413.215934
11.3,11,413.24446
11.65,4,413.254394
-2.05,2,413.259428
10.9,11,413.287409
11.35,10,413.313573
11.7,7,413.332896
11.5,7,413.352484
5.0,1,413.355538
-2.35,8,413.376831
7.85,4,413.387427
11.55,10,413.413502
10.9,11,413.441171
-2.2,5,413.453562
10.95,10,413.477994
10.2,17,413.527411
5.0,1,413.530872
11.55,6,413.552081
11.8,5,413.566146
11.5,11,413.598266
5.0,1,413.600975
-2.75,8,413.62214
11.1,11,413.649867
11.8,5,415.453764
11.65,8,415.474982
11.05,12,415.506135
11.45,8,415.525456
10.75,14,415.558576
5.0,1,415.561074
11.65,8,415.579665
-3.2,9,415.6014
-8.55,36,415.691298
10.9,11,415.717989
11.8,5,415.729842
7.85,4,415.739978
-2.05,2,415.744852
5.95,2,415.749558
-2.0,1,415.751891
11.5,7,415.769745
11.75,6,415.784197
10.75,10,415.809021
-2.05,2,415.81386
-3.4,9,415.836169
11.95,2,415.841604
6.0,1,415.844338
11.6,9,415.868328
9.7,19,415.921382
-2.0,1,415.924233
7.6,37,416.038956
5.0,1,416.04239
11.7,7,416.065239
11.7,7,416.0865
11.1,15,416.135002
9.75,6,416.154768
11.8,5,416.171192
-2.25,6,416.190724
11.95,2,416.197219
11.1,11,416.233199
7.95,2,416.240255
-2.05,2,416.247153
10.75,10,416.28258
11.65,8,416.307718
-2.1,3,416.317283
11.8,5,416.333108
11.65,8,416.357865
7.9,3,416.367063
11.5,7,416.388658
-2.0,1,416.391726
11.65,8,416.415777
11.4,9,416.441314
11.55,10,416.470845
11.15,10,416.499428
10.15,18,416.549788
11.05,12,416.583346
11.55,6,416.599707
5.95,2,416.605406
5.0,1,416.60822
11.15,6,416.624584
9.0,29,416.705124
11.35,6,416.720072
10.0,21,416.771892
10.8,17,416.813973
7.95,2,416.818939
11.65,8,416.838822
7.9,3,416.846242
11.3,11,418.610358
11.85,4,418.620269
11.9,3,418.627274
11.0,9,418.648389
11.55,10,418.671488
-2.15,4,418.680675
5.0,1,418.683033
11.85,4,418.692127
5.95,2,418.696788
11.8,5,418.708276
-2.15,4,418.717312
11.4,13,418.746903
-2.05,2,418.751598
11.75,6,418.76552
11.8,5,418.776834
5.9,3,418.783459
5.0,1,418.785838
11.4,9,418.806487
8.0,1,418.808824
11.65,8,418.82681
7.9,3,418.833694
11.75,6,418.847396
11.1,11,418.87288
5.95,2,418.877553
11.55,10,418.902336
11.65,8,418.922244
-2.0,1,418.924766
5.0,1,418.927262
11.65,8,418.946889
11.6,9,418.969528
9.9,3,418.97715
-2.15,4,418.987026
5.0,1,418.989537
11.3,11,419.017056
5.0,1,419.019569
11.7,7,419.037084
11.75,6,419.052195
11.4,9,419.07517
7.95,2,419.080219
-2.2,5,419.092842
11.7,7,419.110361
-2.0,1,419.112926
11.8,5,419.125064
6.0,1,419.127868
-2.15,4,419.137403
-2.05,2,419.142688
11.7,7,419.159175
-2.0,1,419.161489
-2.0,1,419.163742
-2.0,1,419.165996
9.7,19,419.210885
9.85,4,419.220324
11.75,6,419.234705
-2.1,3,419.241828
7.85,4,419.251679
10.4,17,419.292177
11.7,7,419.309076
10.25,16,419.347563
10.4,17,419.389526
-2.0,1,419.39185
-2.0,1,419.394323
-4.05,22,419.447388
11.65,8,419.468688
9.85,24,419.531692
11.75,6,419.547387
11.7,7,419.566136
-2.0,1,419.568775
11.45,12,419.598553
5.95,2,419.603289
-2.0,1,419.605753
11.7,7,419.622674
11.55,6,419.636859
10.6,17,419.678758
-2.0,1,419.682651
-2.0,1,419.685302
11.45,8,419.705083
10.95,14,419.739719
-8.95,72,421.707784
10.45,16,421.746483
-2.05,2,421.751458
10.85,16,421.792371
11.7,7,421.812982
-2.1,3,421.820553
10.5,19,421.868401
11.7,7,421.885917
-2.1,3,421.892995
11.5,7,421.910339
10.85,12,421.939093
11.55,10,421.963478
11.7,7,421.980575
11.35,10,422.006499
11.85,4,422.016883
11.75,6,422.032439
11.7,7,422.050464
5.0,1,422.053023
10.8,13,422.085039
11.8,5,422.097458
-2.0,1,422.099939
10.9,11,422.126293
-2.1,3,422.133773
-2.0,1,422.13632
5.0,1,422.138875
-2.0,1,422.141294
7.8,5,422.153363
11.95,2,422.158329
-2.0,1,422.160736
11.75,6,422.175183
11.55,10,422.199473
9.85,4,422.209261
-10.95,72,422.383439
11.45,8,422.402897
11.65,8,422.422457
11.2,9,422.444216
-3.6,17,422.485107
10.35,18,422.527113
-2.05,2,422.531703
-10.15,72,422.695299
11.9,3,422.702245
5.0,1,422.704661
-2.0,1,422.706956
11.6,9,422.728653
11.85,4,422.738358
10.9,11,422.76488
11.7,7,422.781918
11.7,7,422.799202
11.65,8,422.819061
11.9,3,422.826575
11.3,11,422.853229
-2.15,4,422.862868
11.6,9,424.875291
11.8,5,424.888378
5.8,33,424.967749
-2.0,1,424.97011
11.3,7,424.987173
7.8,33,425.06882
-2.0,1,425.071268
11.7,7,425.088675
-2.0,1,425.091064
7.9,3,425.098592
11.7,7,425.116397
11.85,4,425.12633
-2.0,1,425.128982
9.85,4,425.138775
-3.05,14,425.172452
11.75,6,425.18694
11.6,9,425.208283
11.85,4,425.217946
-14.05,98,425.474942
-19.65,98,425.692342
-2.05,2,425.698495
7.9,3,425.706172
5.0,1,425.708627
-14.65,98,425.95094
-11.85,98,427.862716
13.85,4,427.871737
-5.5,39,427.962546
-2.4,5,427.973751
10.5,15,428.007916
-3.8,29,428.074045
-2.05,2,428.078594
-3.75,16,428.115293
7.9,3,428.122696
-9.8,69,428.289496
-2.7,11,428.315188
-12.65,98,428.536801
-21.45,98,428.761765
-9.7,59,428.899906
13.55,6,428.912789
-2.2,5,428.923618
11.75,6,428.93667
7.6,5,428.947604
-13.85,98,430.848712
-15.45,98,431.070269
10.55,18,431.111488
5.0,1,431.11405
-12.05,98,431.336884
-9.85,70,431.48978
-2.0,1,431.49226
13.7,7,431.507646
13.9,3,431.514259
-16.05,98,431.738981
-2.0,1,431.741408
-17.25,98,433.781187
-3.75,24,433.836999
-16.85,98,434.07012
-2.35,8,434.088972
-12.25,98,434.330997
-13.05,98,434.553705
-13.85,98,434.782181
-2.0,1,434.784721
-2.0,1,434.787345
-14.25,98,436.83386
-12.85,98,437.057477
-9.65,62,437.198066
-16.85,98,437.424435
-13.45,98,437.651224
11.3,15,437.686116
-4.4,21,437.734953
7.75,38,439.635587
-12.05,98,439.882806
-13.25,98,440.104136
-12.05,98,440.321444
-11.65,98,440.541304
-10.45,98,440.746184
-10.65,98,442.724694
-11.65,98,442.964716
-8.85,66,443.126474
13.8,5,443.138901
-10.05,98,443.368531
-3.85,18,443.409425
-2.8,13,443.439098
-10.85,98,443.677049
-11.25,98,445.751966
13.35,10,445.774306
-10.0,81,445.948334
-13.65,98,446.157692
-5.75,40,446.240948
9.6,9,446.259933
11.65,8,446.277627
-13.25,98,446.486911
-11.25,98,446.693645
-11.85,98,448.520676
-2.0,1,448.522832
-2.0,1,448.525169
5.9,3,448.531823
-9.65,98,448.732276
-2.0,1,448.73447
-3.05,14,448.764142
-11.25,98,448.967911
-13.25,98,449.185205
-13.35,80,449.362741
-3.75,20,449.405062
-6.0,37,451.211068
-9.05,62,451.360555
-2.0,1,451.362896
-12.85,98,451.591562
-11.25,98,451.830326
-2.55,8,451.848308
-12.05,98,452.084784
-13.45,98,452.307125
-2.0,1,452.30941
-11.05,98,454.199313
-4.95,48,454.301657
-8.65,98,454.517903
-12.25,98,454.730515
-11.05,98,454.979487
5.0,1,454.982257
-6.2,65,455.139458
-13.85,98,456.986354
-9.25,98,457.193747
8.0,1,457.196056
-3.85,22,457.241513
-9.9,95,457.438864
-4.55,24,457.491935
-10.65,98,457.709359
9.85,4,457.718055
12.95,10,457.738887
-4.05,26,457.79662
13.65,8,457.814502
-9.45,98,459.704563
9.9,3,459.711773
-2.0,1,459.714194
-2.0,1,459.716624
-9.25,98,459.957591
6.0,1,459.960186
-2.0,1,459.962829
-2.0,1,459.965342
11.2,13,459.997543
7.9,51,460.122476
-10.05,98,460.361309
5.9,3,460.369303
-11.85,90,460.588182
-6.4,61,460.748955
5.95,2,460.75469
-11.05,98,462.961251
-6.4,65,463.120867
9.85,4,463.130975
-2.0,1,463.133408
-12.45,98,463.374387
11.15,14,463.408122
-10.65,98,463.654967
-8.65,98,463.896572
-3.0,17,463.93752
-10.25,98,465.940456
-4.2,25,466.001051
11.05,16,466.038253
-3.45,30,466.108788
-5.2,49,466.222419
13.2,17,466.270261
-8.65,98,466.520972
-3.25,18,466.566448
13.35,10,466.594101
-8.45,98,466.851221
-2.05,2,466.856868
-3.05,10,466.884357
5.0,1,466.887505
-2.9,15,466.928129
-9.15,84,467.137994
6.0,1,467.140561
5.9,3,469.118939
9.65,8,469.14116
-3.85,30,469.221297
-5.55,56,469.374496
-2.15,4,469.385379
-3.2,17,469.430598
-4.3,31,469.514352
10.55,26,469.585082
-8.3,75,469.784678
9.8,5,469.798026
5.0,1,469.800813
-4.75,48,469.928096
-8.85,98,470.191532
-2.7,15,470.231606
-5.6,57,470.384795
-2.05,2,470.390297
-7.85,98,472.338025
12.15,34,472.414171
-6.5,51,472.529528
-7.85,98,472.750066
-8.65,98,472.971131
-5.25,34,473.046347
-7.3,79,473.224053
-2.05,2,473.228554
-2.05,2,473.232965
-9.25,98,475.132524
7.65,52,475.255232
-7.45,98,475.500076
-4.1,27,475.566213
-6.65,54,475.698311
-2.2,5,475.710399
-9.3,83,475.912941
-2.9,11,475.937784
-8.25,98,476.161198
-9.65,98,478.081895
-8.05,98,478.292024
-7.9,83,478.482942
-5.75,36,478.563557
7.95,2,478.568203
-2.0,1,478.570399
-2.65,14,478.601769
10.95,14,478.633553
11.45,4,478.64248
-5.85,38,478.728394
-3.6,25,478.784561
-7.1,71,478.95156
-6.5,71,480.771578
5.0,1,480.774022
-2.0,1,480.776284
-2.35,8,480.794076
-3.25,10,480.816106
-10.85,98,481.040764
-4.8,37,481.12335
-2.0,1,481.125789
-2.25,6,481.139242
11.25,12,481.167264
-3.2,25,481.22325
-2.3,7,481.238621
-2.0,1,481.241088
-3.05,18,481.28427
-2.0,1,481.286583
-2.1,3,481.293511
-8.5,71,481.463423
-5.65,50,481.583303
-5.0,37,481.674622
-5.9,63,481.832714
-3.15,20,481.881484
-5.15,44,483.997389
12.8,21,484.04721
-2.1,3,484.054128
9.6,9,484.075518
7.9,3,484.082594
-2.1,3,484.089649
-2.05,2,484.094351
6.0,1,484.096925
-8.25,98,484.330941
-4.65,30,484.406275
-9.7,83,484.623565
-2.95,16,484.665367
-3.6,21,484.722194
5.0,1,484.725185
-6.35,56,484.921478
-8.65,98,485.233533
-2.55,12,485.278344
7.6,5,485.299164
7.95,2,485.307412
-5.15,36,485.422983
-2.05,2,485.429611
-5.55,48,487.740702
-2.35,8,487.763329
-3.2,17,487.812858
-2.6,9,487.839782
-5.75,40,487.960288
11.75,38,488.069458
-2.2,5,488.085057
-3.6,25,488.155698
-7.5,67,488.348462
7.85,4,488.360058
8.0,1,488.362843
-5.35,28,488.445131
-7.05,86,488.69974
10.2,25,488.778221
-2.25,6,488.825572
13.5,7,488.856904
-4.25,30,488.968084
11.45,8,488.99124
-2.35,8,489.016537
-3.25,18,489.072653
-3.55,24,489.146273
5.95,2,489.154447
9.9,3,489.164013
-4.5,35,491.72969
-9.65,98,492.055246
5.0,1,492.059017
-2.15,4,492.074149
-2.2,5,492.092513
-2.85,10,492.129162
-3.25,22,492.214259
-2.2,5,492.233026
4.75,2,492.240939
-2.05,2,492.248812
-2.9,15,492.306628
-8.05,98,492.664272
5.0,1,492.667953
-4.75,40,492.8115
7.9,3,492.822515
-2.2,5,492.840833
-2.0,1,492.844309
-3.35,16,492.900873
-2.0,1,492.904394
-2.0,1,492.907965
-2.5,11,492.946294
13.35,10,492.981636
-2.05,2,492.988549
-2.2,5,493.006462
-7.8,81,493.246479
-3.5,23,493.30637
12.25,28,495.36957
-2.3,7,495.38484
11.5,7,495.400239
-2.0,1,495.402568
13.75,6,495.415529
-2.0,1,495.41784
-2.1,3,495.42431
-2.25,6,495.437357
-5.2,37,495.519198
-2.0,1,495.521457
-2.3,7,495.537985
-2.05,2,495.542529
7.95,2,495.547437
7.9,3,495.554504
-3.75,28,495.616549
-2.15,4,495.625483
-2.0,1,495.627895
-2.3,7,495.643498
-2.15,4,495.653173
-2.1,3,495.659747
-3.3,23,495.710857
12.7,19,495.752532
-3.6,17,495.79114
-3.85,22,495.840547
13.75,6,495.855027
-2.65,14,495.888013
-3.35,20,495.934387
7.75,6,495.949115
13.45,12,495.979152
-2.55,12,496.008533
-2.15,4,496.018308
-7.35,56,496.157159
-2.0,1,496.159791
-8.25,98,496.44821
-2.3,7,496.467817
13.35,14,496.515141
11.85,4,496.526295
-2.4,5,496.541007
-5.15,40,498.40099
-2.3,7,498.419394
-2.4,9,498.442702
-4.9,43,498.556197
-3.75,24,498.613785
-2.2,5,498.626237
-2.6,9,498.649611
-4.05,26,498.713828
11.55,10,498.738692
-2.3,7,498.755817
8.0,1,498.758492
-3.3,11,498.784665
-7.2,61,498.933012
-2.5,7,498.950336
-2.1,3,498.957853
-2.1,3,498.96532
13.7,7,498.98226
-6.35,56,499.118997
-2.3,7,499.137213
12.95,18,499.182011
-2.95,16,499.222079
-3.55,16,499.261552
-2.4,9,499.282794
-3.2,13,499.315704
-3.65,22,499.369985
-2.0,1,499.37262
11.3,11,499.399217
-2.0,1,499.401661
-2.1,3,499.409195
-4.3,23,499.465728
-2.05,2,499.470626
-2.55,8,499.490138
-4.35,24,499.548715
-2.1,3,499.55631
13.8,5,499.568602
-5.0,41,501.396708
-2.25,6,501.411662
-2.95,20,501.460411
-3.6,17,501.50119
-2.45,10,501.525648
-2.15,4,501.535074
7.95,2,501.539875
-2.85,18,501.583279
-4.0,33,501.667426
-3.8,37,501.763122
-2.15,4,501.773527
-2.45,10,501.799962
-2.4,9,501.822915
-2.15,4,501.833258
-2.9,7,501.850716
-2.45,10,501.876033
-2.05,2,501.881224
-2.15,4,501.891479
-2.05,2,501.89675
-2.7,11,501.924774
-4.95,40,502.026224
-2.25,6,502.040939
-2.1,3,502.04817
12.9,11,502.075332
-3.75,28,502.142604
-2.2,5,502.15467
-2.3,7,502.171608
9.1,11,502.198401
-2.8,17,502.239465
-2.15,4,502.249245
-2.25,6,502.263671
-2.0,1,502.266136
-3.7,23,502.321674
6.0,1,502.324195
-3.0,13,502.3553
-2.0,1,502.357816
-5.45,58,502.501439
-2.25,6,502.515778
-2.15,4,502.525459
-2.3,7,502.542014
-2.4,9,502.564328
-2.45,6,502.579201
-3.4,21,502.633859
-5.15,48,504.413172
-3.4,25,504.471362
-4.05,38,504.557649
-2.2,5,504.568796
-7.6,85,504.779772
13.7,7,504.796216
5.95,2,504.801145
7.9,3,504.808661
-4.95,48,504.919515
-2.7,11,504.943861
-4.05,22,504.992359
-2.4,5,505.003667
-2.1,3,505.010341
9.75,6,505.023657
-2.0,1,505.025944
-3.45,18,505.06637
-2.45,10,505.088373
-2.2,5,505.09918
-7.15,68,505.248775
-2.05,2,505.253651
-2.15,4,505.262336
9.95,2,505.266754
-2.05,2,505.271051
-3.95,16,505.306185
5.0,1,505.308412
-2.2,5,505.319548
5.0,1,505.321869
-2.2,5,505.332908
9.75,6,505.34603
-3.9,27,505.405176
-2.15,4,505.414016
-4.2,33,505.486779
-2.05,2,505.49137
5.9,3,505.497919
-2.4,9,507.195698
-2.0,1,507.197912
-2.55,8,507.215651
-2.1,3,507.222188
13.65,8,507.240264
-2.5,11,507.265041
-3.1,19,507.308861
-4.9,39,507.399559
-2.05,2,507.404201
-2.0,1,507.406529
-2.65,14,507.438977
-2.05,2,507.443699
-2.6,9,507.46444
-2.15,4,507.473253
-2.2,5,507.484277
-2.9,11,507.508708
-6.25,46,507.6136
13.4,9,507.635464
-2.5,11,507.662049
7.9,3,507.669386
-6.65,42,507.766961
13.7,7,507.783262
-2.25,6,507.797438
-2.85,14,507.830579
-2.0,1,507.833
11.45,12,507.861243
-2.85,14,507.894078
-6.2,61,508.041915
-2.25,6,508.057926
-2.35,8,508.077986
-2.65,14,508.112714
5.95,2,508.117738
-4.6,37,508.208498
-2.2,5,508.220762
5.0,1,508.223423
-2.0,1,508.226099
5.95,2,508.230927
7.9,3,508.238423
-2.4,9,508.265136
13.15,18,508.31204
-2.1,3,508.319265
9.85,4,508.329738
-2.55,12,508.35862
-2.25,6,508.372661
-3.75,24,510.048252
-3.7,27,510.11543
-2.0,1,510.118102
-3.35,20,510.165684
-2.05,2,510.171425
-2.0,1,510.174094
-3.2,21,510.228341
-2.95,12,510.256349
-5.35,36,510.344064
13.7,7,510.362087
-2.05,2,510.367249
-2.25,6,510.38268
-2.0,1,510.385267
-3.7,27,510.451103
-2.15,4,510.460608
-2.0,1,510.463033
12.9,11,510.48882
-2.0,1,510.491136
11.35,14,510.524059
-3.0,17,510.563498
-2.1,3,510.570916
-2.0,1,510.573251
-2.2,5,510.584962
-2.1,3,510.591884
-2.0,1,510.594384
-2.05,2,510.599061
-3.35,24,510.65798
-2.0,1,510.660454
-4.5,23,510.715687
-5.05,42,510.816052
-3.5,31,510.889785
6.0,1,510.892185
-2.4,9,510.913332
-2.45,6,510.927277
-2.45,10,510.952136
-5.45,54,511.080174
-2.35,4,511.089564
-4.55,36,511.175109
-2.0,1,511.177748
-2.35,8,511.197044
-3.15,20,511.244556
-2.25,6,512.948097
-3.45,14,512.980669
-2.4,5,512.992076
-2.6,9,513.011591
7.95,2,513.016227
-3.7,23,513.069353
-3.0,13,513.101674
-8.85,86,513.319453
5.95,2,513.324433
6.0,1,513.327066
-2.05,2,513.331942
10.6,13,513.364676
-2.0,1,513.367251
-3.65,26,513.432537
-5.65,34,513.516043
-2.05,2,513.520796
-2.45,10,513.544157
9.7,7,513.560324
-2.15,4,513.56963
-3.4,21,513.619487
-2.0,1,513.621913
7.95,2,513.626753
5.9,3,513.634161
-3.7,27,513.700215
13.45,12,513.731412
-4.1,19,513.777998
-2.4,5,513.790119
-2.15,4,513.800037
-2.2,5,513.812587
-2.6,13,513.844683
-2.7,11,513.87229
-2.95,12,513.902812
-3.6,25,513.964893
-2.15,4,513.974659
-3.65,30,514.048585
-2.1,3,514.055826
-2.3,7,514.072973
-2.35,8,514.094998
-2.15,4,514.105168
13.75,6,514.120176
-3.25,18,514.164952
-2.0,1,514.167401
-2.8,13,516.405778
-2.05,2,516.411972
7.9,3,516.420511
11.95,2,516.426194
-3.35,16,516.471608
-2.8,13,516.508187
5.0,1,516.511154
5.95,2,516.516857
-2.6,13,516.552141
13.3,11,516.580812
-2.85,10,516.6071
-5.75,52,516.74527
-7.25,62,516.900286
-2.05,2,516.905368
-2.0,1,516.907871
-2.05,2,516.912839
-2.25,6,516.92766
-3.1,23,516.98396
5.9,3,516.991355
-3.3,23,517.049458
11.15,18,517.10266
-2.3,7,517.122619
-4.35,28,517.193601
-3.0,17,517.236975
-4.8,41,517.34168
-3.65,26,517.407541
-2.0,1,517.409975
5.0,1,517.412532
-2.1,3,517.420681
-2.25,6,517.436006
-2.6,13,517.467965
-2.2,5,517.481152
-2.15,4,517.491508
11.45,12,517.52264
-2.05,2,517.527759
-4.7,39,517.626871
-6.65,74,519.550598
-6.35,64,519.715321
-2.1,3,519.722434
-2.1,3,519.729544
-3.25,18,519.772503
-2.15,4,519.781806
-2.0,1,519.784242
13.75,6,519.798478
-2.2,5,519.809874
-3.0,13,519.841322
5.95,2,519.847341
5.9,3,519.85794
13.65,8,519.880658
9.75,6,519.896584
11.8,5,519.909651
-5.7,47,520.067816
-3.75,24,520.151907
-2.8,17,520.204973
-2.2,5,520.219344
-2.05,2,520.225463
-3.1,19,520.276563
-2.4,9,520.300988
-2.1,3,520.308539
-3.0,17,520.35104
-2.1,3,520.358277
5.0,1,520.361691
-2.45,10,520.389946
-3.85,18,520.439956
-2.15,4,520.450512
-2.0,1,520.453335
7.9,3,520.461138
-2.3,7,520.4804
-2.2,5,520.49496
-2.4,5,520.508246
9.75,6,520.523979
-2.25,6,520.540402
-2.85,18,520.585762
-2.65,10,520.610278
-2.6,13,520.641873
5.0,1,520.644369
-3.65,22,520.699585
-3.2,25,520.761766
-2.15,4,520.77498
-2.75,12,520.808227
-2.0,1,520.811328
-2.4,9,520.832955
-2.2,5,520.844443
-2.75,12,522.930589
-2.75,8,522.951539
10.0,1,522.954158
-3.0,13,522.987572
13.9,3,522.994989
7.95,2,522.999923
-2.1,3,523.007298
-3.05,14,523.042331
5.0,1,523.044975
6.0,1,523.047558
-2.0,1,523.050102
-5.6,37,523.140385
-3.2,17,523.182677
9.9,23,523.242881
-2.7,11,523.272001
-2.1,3,523.281165
-2.2,5,523.294453
-2.25,6,523.310244
-2.1,3,523.318965
-2.05,2,523.324606
-2.05,2,523.329958
-3.15,20,523.381139
-2.2,5,523.393843
9.85,4,523.404157
-7.4,77,523.598581
-2.75,12,523.628181
-2.1,3,523.635547
-2.25,6,523.650497
-2.9,11,523.676832
-2.05,2,523.681642
-2.0,1,523.684073
-2.65,6,523.698941
-2.7,11,523.72622
-3.75,28,523.79714
-2.2,5,523.810395
-2.35,8,523.83274
-2.05,2,523.838194
-2.75,12,523.870909
-2.0,1,523.873814
-2.0,1,523.876398
-2.15,4,523.886983
-2.35,8,523.90686
-6.0,45,524.031182
-3.4,25,524.098559
-3.15,20,524.155015
-2.0,1,524.157769
-2.6,9,524.181406
-4.0,37,526.139627
-4.45,38,526.231865
-2.1,3,526.238572
-3.45,14,526.270452
-2.45,10,526.292779
-8.65,98,526.547983
-2.55,12,526.580772
-7.6,85,526.84011
6.0,1,526.84286
5.0,1,526.845582
-3.45,22,526.904188
-2.4,9,526.929263
-2.6,13,526.964253
-2.55,12,526.995543
-2.95,16,527.03696
-2.05,2,527.042231
5.95,2,527.047551
-3.35,24,527.109437
-2.15,4,527.119714
-2.1,3,527.127541
11.7,7,527.144978
-2.7,11,527.172865
-2.3,7,527.190287
-3.5,23,527.248807
11.7,7,527.266377
-2.3,7,527.283191
-2.95,20,527.336224
-4.4,25,527.402007
7.95,2,527.407207
-5.35,52,529.762036
5.0,1,529.764835
9.9,3,529.772885
-3.1,19,529.824903
-2.25,6,529.841806
13.7,7,529.860701
-2.95,20,529.909802
-2.15,4,529.919687
-4.65,42,530.023837
-4.5,31,530.101958
-3.6,29,530.174349
-2.6,9,530.196473
-3.0,17,530.23898
-2.15,4,530.249149
-2.0,1,530.25159
-2.0,1,530.254126
-2.4,9,530.276515
-2.15,4,530.286315
5.9,3,530.294012
-2.95,12,530.323369
-2.0,1,530.325861
13.65,8,530.345347
-3.35,24,530.404841
-2.05,2,530.409765
-4.3,23,530.466614
-2.65,14,530.501109
-2.2,5,530.513393
-2.25,6,530.528217
-2.25,6,530.542981
-2.0,1,530.545612
-2.5,11,530.57305
7.9,3,530.580515
-5.25,50,530.710585
-2.1,3,530.7185
11.4,9,530.742082
13.5,7,530.760513
-2.7,15,530.79787
9.9,3,530.805479
5.0,1,530.80824
-3.4,25,530.870476
13.7,7,530.888625
13.7,7,530.905582
-2.55,8,530.926525
-2.55,12,530.957978
-2.05,2,530.962988
13.7,7,532.746451
-2.75,12,532.775588
-2.65,10,532.801123
-2.1,3,532.808566
-3.55,16,532.847838
-2.2,5,532.859964
-2.85,10,532.885129
-2.4,9,532.907091
5.0,1,532.909559
-3.4,17,532.95349
-2.5,11,532.98304
-2.35,8,533.004061
9.7,7,533.022779
-2.35,8,533.043862
-5.15,48,533.170341
7.85,4,533.180593
-2.0,1,533.18316
-4.15,32,533.259789
-3.6,25,533.315102
-2.15,4,533.32392
13.65,8,533.341289
7.85,4,533.350274
-2.0,1,533.352517
-2.2,5,533.363699
-2.8,17,533.403118
6.0,1,533.405761
-2.4,9,533.426784
-2.1,3,533.433661
-2.9,19,533.478476
13.85,4,533.487981
-3.95,32,533.567154
-5.2,49,533.691308
-3.9,27,533.757559
-2.2,5,533.769669
-2.75,16,533.8092
-5.0,57,533.958025
-2.0,1,533.960862
-2.05,2,533.966163
-5.55,44,535.974926
-2.65,10,536.008308
5.0,1,536.011658
-2.75,12,536.047328
-3.0,17,536.092083
-5.1,31,536.174751
13.8,5,536.187964
-3.15,12,536.21998
-2.2,5,536.233671
9.85,4,536.244245
-2.2,5,536.256932
9.15,14,536.289969
-3.0,17,536.329056
-2.8,13,536.360005
-3.3,19,536.405122
11.7,7,536.422903
-2.3,7,536.439866
-2.1,3,536.447187
-3.15,16,536.486797
-2.0,1,536.489495
13.7,7,536.506392
-2.55,12,536.537888
5.95,2,536.542912
-2.0,1,536.545422
-3.3,15,536.584032
5.85,4,536.59418
-2.25,6,536.608978
13.7,7,536.626022
11.75,6,536.64065
-3.1,19,536.688487
5.0,1,536.691049
-2.45,10,536.714577
-2.1,3,536.722202
-2.1,3,536.729519
5.95,2,536.734569
-2.6,13,536.767907
-2.0,1,536.770355
6.0,1,536.772811
-3.35,12,536.801906
-3.1,15,536.838786
-3.85,30,536.912162
-10.75,84,537.118696
11.9,3,537.125946
-2.2,5,537.137896
-2.2,5,537.150017
-2.15,4,537.1599
-2.55,12,537.190389
-2.05,2,537.195472
-3.2,21,539.001951
-2.15,4,539.011672
-2.7,15,539.04643
13.75,6,539.060464
-2.35,8,539.080102
-2.7,15,539.117278
-4.55,32,539.197464
-2.25,6,539.212469
-2.1,3,539.220084
9.85,4,539.229804
5.0,1,539.232321
-4.8,45,539.342115
-2.4,9,539.364879
-2.85,18,539.410705
5.95,2,539.415694
-2.0,1,539.418136
-2.05,2,539.423195
10.6,17,539.465418
11.65,8,539.484134
-2.8,13,539.51508
-2.9,15,539.5516
-4.0,33,539.632354
-3.9,19,539.678488
5.0,1,539.681001
-2.75,16,539.720972
-2.6,9,539.743291
9.9,3,539.750908
9.85,4,539.760675
-2.0,1,539.763057
6.0,1,539.765538
-2.1,3,539.772996
-2.45,6,539.787597
-3.4,17,539.829812
-2.4,9,539.855461
-2.1,3,539.8648
-3.45,18,539.920141
6.0,1,539.922659
-2.35,4,539.932222
-2.15,4,539.942233
-2.55,8,539.961505
-2.05,2,539.966387
-2.6,9,539.986993
-2.45,10,540.011686
-2.2,5,540.023735
-4.25,30,540.097332
-2.3,7,540.114902
-3.9,23,540.170697
-2.45,10,540.195526
-2.95,12,540.225042
-3.45,18,542.073056
9.9,3,542.081938
-2.15,4,542.092924
5.95,2,542.098385
-2.25,6,542.115589
-2.4,9,542.140636
-2.1,3,542.148813
-2.35,4,542.159897
11.85,4,542.170493
-2.35,8,542.192158
-2.55,12,542.221733
13.7,7,542.239128
8.0,1,542.241714
13.55,10,542.266224
-2.9,15,542.302787
-2.5,7,542.319485
-3.05,14,542.350683
-2.85,18,542.389681
-2.0,1,542.391729
-2.4,9,542.410651
-2.7,11,542.433421
-3.9,35,542.506313
-2.35,8,542.525795
11.65,8,542.543719
9.85,4,542.553376
-2.2,5,542.566302
-2.55,12,542.591685
-2.3,7,542.606211
-2.8,13,542.633595
-2.1,3,542.639932
-2.1,3,542.646394
11.8,5,542.65731
-2.05,2,542.661397
6.0,1,542.663502
-2.45,10,542.685258
-2.8,17,542.721241
-2.6,9,542.740066
12.9,15,542.771464
-3.55,12,542.796705
-3.0,13,542.82568
9.95,2,542.829977
9.7,7,542.846502
9.85,4,542.855449
-2.45,10,542.87829
-2.95,20,542.930718
9.95,2,542.936327
-3.2,21,543.000969
-2.0,1,543.003999
-2.3,7,543.023042
-4.4,25,543.088763
-2.1,3,543.096546
9.85,4,543.106997
9.75,6,543.122002
-2.0,1,543.124387
-2.75,12,543.152107
-2.05,2,543.156829
-2.45,10,543.180323
-3.45,18,543.225765
-2.55,8,543.248889
-2.05,2,543.254643
-2.65,10,544.803323
5.0,1,544.805728
-2.45,6,544.819555
-3.4,21,544.86933
-2.4,9,544.889798
7.8,5,544.901345
-2.5,11,544.927648
-2.25,6,544.941858
-3.25,22,544.996505
-2.5,11,545.024109
9.7,7,545.04121
11.95,30,545.113651
5.95,2,545.118633
-2.15,4,545.128502
-2.85,18,545.172299
-3.1,19,545.220364
13.75,6,545.235753
5.9,3,545.243415
7.9,3,545.251221
-2.2,5,545.26454
-2.25,6,545.279909
5.0,1,545.282519
13.1,15,545.320868
5.0,1,545.323424
-2.6,9,545.346012
-3.85,34,545.434589
-2.15,4,545.444931
-4.05,26,545.508692
-2.05,2,545.51367
-2.05,2,545.518473
-2.2,5,545.530326
-2.4,9,545.552027
-2.0,1,545.55464
-2.6,13,545.585938
-2.15,4,545.595583
5.0,1,545.598054
-3.45,14,545.631574
-4.75,44,545.738355
5.0,1,545.740878
-3.0,13,545.772853
-2.9,15,545.810363
-2.9,15,545.846739
-3.1,19,545.89662
-2.35,8,545.916678
-3.4,21,545.970469
7.95,2,545.976005
-2.1,3,545.983962
-2.1,3,545.991608
-2.25,6,546.006573
-2.1,3,546.014316
-2.0,1,546.017017
-5.05,46,547.937426
-2.2,5,547.948691
13.85,4,547.957086
-2.8,17,547.994978
-2.25,6,548.0083
11.75,6,548.021763
-2.3,7,548.038852
-5.25,30,548.107182
-3.55,32,548.18552
-2.85,18,548.227766
13.5,11,548.253879
-2.0,1,548.256346
-2.9,15,548.293059
9.7,7,548.310564
-2.0,1,548.313051
-2.05,2,548.317924
-3.1,23,548.381399
-2.5,11,548.409486
-3.3,19,548.462243
-2.35,8,548.48191
8.0,1,548.484378
-3.65,22,548.536591
-2.45,10,548.560395
-5.65,50,548.68165
-3.2,13,548.712443
-2.05,2,548.71717
-2.05,2,548.721898
-4.15,40,548.815642
-4.55,32,548.89285
-2.75,16,548.930871
-2.0,1,548.933327
-2.7,11,548.96025
8.0,1,548.962726
9.65,8,548.982889
-2.1,3,548.991055
-3.1,15,549.030383
-3.15,24,549.096339
-2.05,2,549.101733
-2.35,8,550.877151
-4.35,36,550.960686
-2.5,7,550.979243
-2.05,2,550.985224
-2.0,1,550.98777
-3.0,21,551.044938
13.55,10,551.069479
-4.25,34,551.146559
9.8,5,551.157861
-2.65,14,551.19297
-2.25,6,551.207141
-2.2,5,551.218401
12.8,13,551.247762
-2.6,13,551.276886
-3.0,13,551.305624
-2.0,1,551.307842
-2.85,18,551.348317
-4.0,25,551.404161
-2.2,5,551.415504
7.85,4,551.424586
13.4,13,551.453056
-2.35,8,551.47071
-4.2,29,551.535325
-2.35,8,551.552812
-2.8,13,551.581384
-2.35,4,551.59094
-2.35,8,551.610125
-2.1,3,551.617702
-5.05,34,551.698972
7.95,2,551.704117
-2.15,4,551.715528
-2.25,6,551.736066
-2.55,12,551.775274
-2.55,12,551.811037
-2.8,13,551.851212
-3.0,21,551.91653
9.7,7,551.938927
11.8,5,551.952989
-2.15,4,551.963021
-2.0,1,551.965605
-2.0,1,551.968515
-2.15,4,551.978798
-3.5,31,552.060583
-3.55,16,552.101465
11.75,6,552.115915
7.9,3,552.123362
-2.4,9,553.91062
-2.45,10,553.934723
9.9,3,553.941989
-2.25,6,553.956332
-2.0,1,553.958929
-2.0,1,553.961444
-2.3,7,553.978483
-3.75,32,554.055969
6.0,1,554.058506
-2.05,2,554.063494
5.0,1,554.066512
-3.05,22,554.123152
-2.5,11,554.149983
-2.45,6,554.16429
-2.45,10,554.188105
-2.3,7,554.204842
-6.0,49,554.325602
-2.05,2,554.330464
5.0,1,554.33283
-5.75,60,554.476789
-3.3,27,554.542286
-2.25,6,554.556855
-2.55,8,554.576553
-2.45,10,554.60183
-2.0,1,554.604401
-2.35,8,554.624029
-2.25,6,554.639157
7.85,4,554.649025
-3.8,29,554.720082
11.65,40,554.817201
-3.7,19,554.86209
-3.55,28,554.936838
-2.15,4,554.948131
5.0,1,554.951003
5.0,1,554.953884
12.1,27,555.028597
-2.0,1,555.031361
-2.45,10,555.05946
-2.05,2,555.064866
9.65,8,555.086893
-2.1,3,555.094548
-3.5,23,555.153929
-2.85,10,555.179651
-2.0,1,555.182369
11.55,38,557.093683
10.2,25,557.155302
13.05,16,557.1919
-3.7,27,557.252746
-2.4,9,557.272692
-2.55,8,557.291004
9.65,8,557.308862
12.0,1,557.311198
-2.15,4,557.320081
-2.35,8,557.338512
-2.55,12,557.364786
-2.05,2,557.369233
-2.95,12,557.396138
-2.05,2,557.400535
-2.6,9,557.420547
-6.75,60,557.552407
-3.35,24,557.605918
-2.0,1,557.608101
-3.55,20,557.65213
12.5,19,557.694066
-2.9,19,557.735959
-3.9,15,557.769152
-2.25,6,557.782568
-2.2,5,557.793463
-2.6,13,557.822222
-2.45,10,557.844095
-2.65,10,557.865355
-2.9,11,557.889981
5.9,3,557.896911
12.8,21,557.942652
-4.6,37,558.023701
-2.4,5,558.035009
-2.45,10,558.057396
11.65,8,558.07533
-2.15,4,558.084174
-2.05,2,558.088638
-3.2,13,558.118764
12.1,35,559.962955
-2.2,5,559.975287
-3.35,24,560.038865
-2.35,4,560.048716
13.6,9,560.069822
-2.0,1,560.072159
-2.25,6,560.086164
-2.15,4,560.095708
-2.65,14,560.128031
-2.0,1,560.130612
-2.9,19,560.173396
-2.25,6,560.187186
5.0,1,560.189847
-2.15,4,560.19916
6.0,1,560.201603
13.85,4,560.211043
-2.2,5,560.222551
-6.55,64,560.368828
13.75,6,560.382457
7.95,2,560.386964
5.0,1,560.389267
11.6,9,560.409787
-2.8,9,560.430713
-3.05,18,560.471529
-2.15,4,560.480753
-3.25,26,560.539726
-2.4,5,560.551061
9.95,2,560.555658
-2.3,7,560.571561
-2.0,1,560.573947
-2.8,13,560.603549
-2.25,6,560.617329
-2.25,6,560.630985
-2.25,6,560.644933
12.1,31,560.715399
6.0,1,560.718004
-2.65,14,560.750046
-2.0,1,560.75234
-2.5,11,560.777124
13.75,6,560.791007
9.85,4,560.800416
11.2,9,560.82243
7.9,3,560.829702
-2.3,7,560.845528
11.9,3,560.852414
11.85,4,560.861493
13.65,8,560.87974
-4.35,32,560.952229
7.85,4,560.962368
10.45,60,561.109934
-3.1,11,562.829816
-2.85,14,562.861219
5.9,3,562.867668
13.6,9,562.891568
-2.3,7,562.907237
9.8,49,563.034619
-4.1,31,563.119832
-2.15,4,563.129834
5.95,2,563.134813
-2.15,4,563.14421
-3.2,21,563.194739
11.7,35,563.278719
-2.1,3,563.286272
11.8,5,563.298307
9.8,57,563.433141
-3.95,32,563.503174
-3.85,22,563.552263
-2.1,3,563.55908
-2.0,1,563.561453
-3.75,28,563.623287
-2.0,1,563.625508
9.85,4,563.634318
5.0,1,563.636546
-2.45,10,563.659073
-2.65,14,563.691404
9.9,3,563.698127
12.35,30,563.766015
10.7,47,563.880698
-2.15,4,563.890131
-2.0,1,563.892587
-2.0,1,563.895412
-2.05,2,563.900714
-2.25,6,563.915051
-8.0,69,565.814187
-2.2,5,565.826027
-2.65,14,565.858808
13.55,10,565.883026
9.75,6,565.897576
-2.35,8,565.916643
13.85,4,565.926522
-7.55,64,566.081797
-2.0,1,566.084184
-2.8,17,566.124696
-2.15,4,566.134435
11.85,32,566.21228
-4.25,18,566.255761
-3.4,21,566.31313
-2.55,12,566.345016
-2.15,4,566.355783
-2.0,1,566.358525
-2.55,12,566.389521
-2.0,1,566.392183
-2.3,7,566.410387
13.8,5,566.423967
7.9,3,566.431447
-2.0,1,566.434072
-2.35,8,566.454329
9.8,5,566.467479
9.45,56,566.616729
-2.65,14,566.654645
13.75,6,566.66942
5.95,2,566.674943
13.95,2,566.680017
-2.3,7,566.69712
-2.65,10,566.721375
12.8,17,566.759306
6.0,1,566.761636
-7.95,68,566.915886
13.6,9,566.936479
11.6,9,566.956784
10.15,42,568.699667
-3.75,32,568.781496
-4.7,35,568.863557
-2.35,8,568.882962
-2.5,11,568.909042
11.6,9,568.930227
13.1,15,568.965982
11.9,27,569.030731
-2.45,6,569.044886
11.2,9,569.06657
5.0,1,569.069159
7.95,74,569.249779
12.8,17,569.291301
-2.15,4,569.301014
-2.05,2,569.305916
12.75,22,569.359358
9.85,4,569.369343
12.0,25,569.429203
-2.05,2,569.434242
-2.65,14,569.468483
-2.0,1,569.470987
-2.4,9,569.493401
-2.65,14,569.527513
13.55,10,569.551474
11.1,31,569.625174
-2.2,5,569.636814
13.7,7,569.65326
-2.7,11,569.679473
-3.05,18,569.722152
-2.35,8,569.741056
-6.0,49,569.85839
5.0,1,569.860908
-4.3,31,571.591325
13.15,18,571.636851
-2.9,15,571.67503
13.35,10,571.700596
11.3,31,571.780229
12.95,14,571.81599
7.9,3,571.823627
-2.7,15,571.860218
-5.6,41,571.96471
12.1,27,572.038749
13.45,12,572.07387
-2.0,1,572.076632
11.8,5,572.097559
-2.0,1,572.100274
13.7,7,572.121138
12.5,23,572.180287
-2.05,2,572.185269
-2.25,6,572.199405
12.1,23,572.254625
-2.8,13,572.286651
12.9,15,572.32565
12.45,20,572.376215
-9.85,98,572.609452
-3.75,28,572.674451
5.95,2,572.67918
-3.65,18,572.721743
-6.15,40,572.815511
11.7,39,574.577581
-2.9,11,574.60399
-2.75,16,574.642031
-2.55,12,574.671374
13.6,9,574.695633
-2.25,6,574.710201
-2.0,1,574.712673
13.6,9,574.735019
7.85,4,574.745783
-2.1,3,574.753338
5.9,3,574.761005
13.05,12,574.791428
-2.0,1,574.793895
13.25,16,574.834114
13.65,8,574.854356
-2.05,2,574.859499
11.55,10,574.885765
-2.5,7,574.90349
5.0,1,574.906065
13.2,17,574.949935
11.9,27,575.018906
-2.4,9,575.041515
-2.2,5,575.054086
8.45,52,575.189016
9.85,4,575.199763
5.95,2,575.205093
11.85,4,575.216553
13.3,11,575.244918
13.9,3,575.252835
13.8,5,575.265789
-2.85,10,575.291431
-2.0,1,575.294621
13.45,12,575.328003
12.45,20,575.383368
-2.35,8,575.405353
13.2,9,575.429439
13.8,5,575.442161
7.9,3,575.449744
-2.5,7,575.467985
5.95,2,575.473438
12.1,23,575.533458
-2.0,1,575.535988
-2.4,9,575.559035
-2.0,1,575.561722
-3.65,18,575.60743
12.75,22,575.665357
-3.5,31,575.741579
-2.25,6,575.755956
12.7,19,575.801701
-2.4,9,577.735134
-2.1,3,577.742374
-2.6,9,577.763418
-2.0,1,577.765815
-2.25,6,577.780231
-2.15,4,577.789757
7.95,2,577.794646
-2.0,1,577.797057
13.2,17,577.837123
-2.1,3,577.844245
11.7,7,577.861088
12.75,14,577.896886
13.3,15,577.932416
10.4,45,578.039477
-2.2,5,578.05134
-5.2,41,578.142052
13.5,11,578.166527
12.5,19,578.208612
7.85,4,578.217335
10.1,43,578.313279
-2.4,9,578.333294
11.75,42,578.42785
9.65,40,578.517901
9.85,4,578.527651
-2.4,9,578.550221
-2.7,15,578.587737
9.8,5,578.599751
-2.0,1,578.602715
13.15,10,578.62884
5.9,3,578.63585
13.0,17,578.679605
12.4,29,578.746575
-2.6,9,578.766784
9.75,6,578.780256
12.5,27,578.839916
-2.4,9,578.860208
5.95,2,578.865014
9.85,4,578.874203
10.35,30,580.637473
-5.45,50,580.750484
13.6,9,580.771034
12.9,15,580.80514
-2.7,15,580.838515
13.05,12,580.866539
-3.8,13,580.89813
13.3,15,580.936168
5.0,1,580.938771
-2.2,5,580.951153
-2.0,1,580.953891
-2.95,20,581.005333
13.25,12,581.03589
13.35,10,581.061942
12.45,24,581.124575
9.95,2,581.129722
-2.0,1,581.132279
-2.1,3,581.140288
-2.05,2,581.145474
11.4,29,581.22024
-2.5,11,581.248638
9.7,7,581.266215
7.95,2,581.271906
13.8,5,581.284134
13.25,12,581.315046
13.9,3,581.322515
12.95,22,581.380046
12.2,25,581.441187
10.95,38,581.532713
5.9,3,581.53995
8.0,1,581.542455
13.0,17,581.583082
13.3,15,581.616491
-2.6,13,581.645577
9.8,5,581.657851
7.5,87,583.698859
10.35,34,583.777373
11.4,33,583.85125
-3.2,17,583.889232
7.0,73,584.054232
12.75,22,584.104762
10.35,54,584.225861
13.7,7,584.241344
-3.2,13,584.270675
8.0,1,584.272961
-2.1,3,584.279528
12.65,16,584.315724
9.95,2,584.320393
-2.15,4,584.329912
13.55,10,584.353023
-2.0,1,584.355393
11.3,31,584.430219
12.6,17,584.471428
11.5,27,584.537483
-2.0,1,584.540112
-2.0,1,584.542628
12.95,18,584.586685
-2.1,3,584.593882
11.05,28,584.66167
-2.15,4,584.67239
11.95,14,584.708378
11.9,3,584.716156
6.1,71,586.452821
-2.75,12,586.48176
-2.85,14,586.515987
11.5,27,586.579987
7.95,2,586.584816
13.05,16,586.622651
13.3,15,586.657968
11.45,12,586.684139
13.55,10,586.706096
-2.0,1,586.708249
13.2,17,586.746619
13.45,12,586.77529
13.25,16,586.815217
13.45,12,586.84388
13.8,5,586.856043
13.15,10,586.879822
-2.05,2,586.884548
12.1,27,586.948793
-5.2,45,587.055007
9.8,5,587.067194
13.25,12,587.095699
-2.85,10,587.119348
13.35,14,587.152967
-2.1,3,587.160408
13.55,10,587.184306
9.75,50,587.307508
-4.0,29,587.376364
13.55,10,587.399641
13.75,6,587.417132
-2.1,3,587.424598
-2.0,1,587.427045
13.25,16,587.466223
9.65,52,587.606691
-2.1,3,587.615858
13.4,9,587.641595
12.8,17,587.687895
-2.45,10,589.552527
9.75,6,589.568567
13.0,9,589.59316
7.85,4,589.604634
11.7,7,589.623072
9.9,3,589.630913
-2.2,5,589.642676
13.55,10,589.666316
-2.15,4,589.675867
11.7,7,589.692401
13.45,8,589.711462
-2.05,2,589.716497
13.1,15,589.751643
7.9,3,589.758924
12.65,20,589.80696
13.15,14,589.840351
13.75,6,589.85515
-2.2,5,589.867483
13.65,8,589.88796
-2.2,5,589.90148
11.9,19,589.94955
12.75,22,590.001634
-3.1,15,590.037378
-3.5,15,590.073104
-2.1,3,590.080076
11.8,5,590.091835
-2.45,10,590.115527
13.65,8,590.134398
-2.0,1,590.13688
12.55,22,590.189414
13.05,16,590.227721
-2.3,7,590.244396
11.45,24,590.307285
13.55,10,590.333456
6.15,66,590.49487
12.95,14,590.529931
13.65,8,590.548668
5.0,1,590.551084
13.55,10,590.574858
11.9,23,590.628737
12.25,24,590.685287
11.65,8,590.704713
-2.05,2,590.70981
13.7,7,590.726588
13.55,6,590.74107
12.0,25,592.525079
-2.0,1,592.527707
-2.0,1,592.530265
11.75,22,592.583066
12.2,21,592.635123
13.65,8,592.654791
5.0,1,592.657357
5.0,1,592.660223
13.1,15,592.700171
12.95,14,592.739738
13.45,12,592.771298
6.0,1,592.774345
-2.5,11,592.803737
12.75,26,592.871392
10.65,40,592.976977
13.6,9,593.002014
-2.0,1,593.004484
13.5,11,593.035242
11.85,32,593.122686
13.55,10,593.149277
-3.0,13,593.18324
13.25,8,593.203696
13.45,12,593.236072
13.15,18,593.291292
-2.25,6,593.310444
-3.55,20,593.365469
-2.0,1,593.368056
12.75,22,593.425523
6.0,1,593.428864
13.6,9,593.456067
12.5,19,593.50298
13.5,11,593.530561
7.95,2,593.536348
13.05,16,593.581178
12.45,28,593.658705
-2.1,3,593.666189
-5.0,33,593.749774
-4.75,36,593.836257
13.85,4,593.845979
9.85,4,593.856023
13.05,20,595.631489
12.5,27,595.708596
13.6,9,595.733201
13.6,9,595.75596
13.05,16,595.79612
-2.0,1,595.79854
13.0,21,595.852375
12.15,26,595.917835
13.35,10,595.941438
13.4,13,595.972006
13.7,7,595.989176
-2.0,1,595.991749
-2.1,3,595.999071
-2.15,4,596.00864
10.6,41,596.110811
7.75,58,596.254011
-2.0,1,596.25689
12.0,21,596.315179
7.9,3,596.323601
6.0,1,596.326495
5.0,1,596.329748
13.8,5,596.344382
-2.1,3,596.353156
-2.35,8,596.376502
12.9,15,596.419146
7.95,2,596.424973
13.7,7,596.44467
5.95,2,596.450224
11.15,42,596.566074
-3.15,16,596.60906
13.45,8,596.631031
12.9,19,596.683485
12.25,28,596.756287
13.15,14,596.790399
7.85,4,596.80034
13.05,12,596.829736
13.1,19,596.876159
13.35,14,596.910156
-2.1,3,596.916971
-2.4,5,598.615422
12.2,17,598.65635
5.0,1,598.658843
-2.15,4,598.668417
13.25,16,598.70812
-2.35,8,598.729806
11.95,2,598.735172
-2.05,2,598.7404
13.2,13,598.775954
13.7,7,598.795163
-2.6,13,598.829848
-2.0,1,598.832547
-2.1,3,598.840599
9.7,71,599.022835
11.95,30,599.106191
13.5,11,599.133579
13.5,11,599.161633
6.0,1,599.164222
-2.1,3,599.171836
5.9,3,599.179358
13.05,12,599.209442
13.55,10,599.233372
-2.2,5,599.24488
13.1,19,599.29004
13.25,16,599.329831
13.0,17,599.371058
7.9,3,599.378501
12.55,14,599.412622
-2.0,1,599.414905
13.6,9,599.43549
14.0,1,599.437792
10.75,34,599.518345
6.0,1,599.520851
-2.2,5,599.53335
11.3,23,599.587331
13.35,14,599.621324
-4.65,22,599.67372
-2.45,10,599.697012
-2.0,1,599.699597
9.3,47,599.808122
-2.3,7,599.824249
13.65,8,599.842608
-3.25,22,601.833326
13.5,11,601.861526
-2.3,7,601.879297
5.9,3,601.886764
9.9,3,601.894167
13.8,5,601.905881
13.3,11,601.931462
5.95,2,601.93632
11.65,32,602.013566
-2.0,1,602.016121
9.8,33,602.100388
13.4,13,602.134132
13.45,12,602.163786
11.55,10,602.186534
-2.1,3,602.193315
11.4,21,602.24065
5.0,1,602.243057
7.9,3,602.249815
-2.2,5,602.261394
13.5,11,602.285526
5.9,3,602.292444
-2.0,1,602.294605
-2.4,5,602.305846
13.45,8,602.323567
-2.0,1,602.325756
-2.05,2,602.330607
13.9,3,602.337513
5.95,2,602.342303
13.65,8,602.363136
-2.65,10,602.389096
13.4,13,602.4227
12.8,17,602.464474
-2.45,10,602.488577
13.25,12,602.51564
-2.0,1,602.518008
13.5,11,602.543506
13.65,8,602.561643
11.35,26,602.620496
9.7,47,602.728113
12.75,22,602.779007
13.4,13,602.808535
13.65,8,602.827343
-2.15,4,602.836713
12.55,22,602.889152
11.2,33,602.971089
-2.2,5,602.987919
-3.0,9,603.015053
13.55,10,603.043851
9.7,7,605.20501
12.8,21,605.265742
-2.15,4,605.27613
-2.0,1,605.278656
-2.0,1,605.281465
-2.15,4,605.291274
11.6,21,605.337659
5.95,2,605.341812
-2.0,1,605.343863
11.9,27,605.394677
12.35,26,605.443725
9.85,32,605.506362
12.7,19,605.545002
14.0,1,605.547611
13.25,12,605.575686
13.4,13,605.605818
-2.0,1,605.608524
-2.45,10,605.632895
-8.85,98,605.864361
13.6,9,605.884763
10.8,29,605.954015
-2.05,2,605.95889
13.05,20,606.006763
-2.0,1,606.009242
13.6,9,606.030913
13.65,8,606.050667
13.3,11,606.078152
13.25,16,606.116807
13.95,2,606.121557
9.25,40,606.216195
5.95,2,606.221013
12.4,21,606.271676
13.1,19,606.315966
13.55,10,606.339103
11.3,31,608.00184
-2.55,8,608.019541
13.0,17,608.056479
-2.0,1,608.058585
-2.2,5,608.069562
13.3,15,608.102392
-2.15,4,608.111162
-2.0,1,608.113424
-2.3,7,608.128847
11.55,10,608.15068
9.9,3,608.157188
12.25,28,608.217167
5.9,3,608.223785
11.65,32,608.295897
11.55,26,608.355439
5.9,3,608.362154
13.85,4,608.371177
13.65,8,608.389854
11.6,29,608.457401
13.05,16,608.495074
12.9,15,608.528434
13.4,13,608.557967
13.5,11,608.583156
13.3,15,608.616945
13.0,17,608.654764
-2.4,9,608.677724
13.75,6,608.691416
12.7,15,608.72631
5.0,1,608.728701
10.05,48,608.83691
11.85,20,608.882578
12.65,16,608.920396
11.3,39,609.00896
11.55,26,609.068175
-3.1,15,609.10503
-2.0,1,609.107504
11.75,6,609.120809
12.5,23,610.964303
5.0,1,610.967379
12.45,16,611.012913
-2.45,10,611.03942
12.85,16,611.080014
13.55,10,611.107385
-2.25,6,611.123529
13.6,9,611.147651
11.5,31,611.233563
13.0,17,611.27679
9.7,7,611.297755
-2.2,5,611.310509
13.2,17,611.357135
11.6,33,611.456851
13.5,11,611.489091
-2.15,4,611.501976
-2.5,11,611.537616
-2.15,4,611.55087
13.45,12,611.586216
-2.1,3,611.594632
12.65,16,611.637499
13.5,7,611.656192
13.0,13,611.690078
-2.0,1,611.69289
5.0,1,611.6956
13.9,3,611.703424
5.85,4,611.714136
12.85,16,611.754923
-2.0,1,611.757343
7.85,4,611.766983
11.0,25,611.826163
-2.0,1,611.828583
13.55,10,611.852445
-2.05,2,611.85718
11.95,30,611.928717
-2.15,4,611.938557
12.45,24,612.000688
13.5,11,612.029634
-3.15,12,612.059773
13.5,11,612.088814
-2.0,1,612.09211
13.4,13,612.123594
13.5,11,612.149794
11.4,25,612.210487
11.65,28,613.932712
9.5,7,613.952405
7.85,4,613.963664
12.65,16,614.007269
10.8,33,614.091535
12.85,16,614.1308
13.35,10,614.154776
-2.0,1,614.157181
-2.15,4,614.167086
13.6,9,614.188341
-2.0,1,614.190706
5.0,1,614.193141
12.55,14,614.226843
12.75,14,614.259719
-2.75,12,614.290117
13.95,2,614.295479
9.9,3,614.303109
12.0,25,614.364226
13.35,10,614.387939
12.75,22,614.439761
12.85,12,614.467124
9.4,57,614.597624
7.95,2,614.60233
10.7,31,614.672777
-2.3,7,614.688742
-2.4,9,614.708973
-2.15,4,614.718367
12.15,22,614.768792
-4.8,33,614.848338
13.4,13,614.878975
11.4,21,614.929213
-2.05,2,614.934523
12.9,15,614.970355
7.95,2,614.975241
13.2,13,615.006509
-2.05,2,615.011426
5.9,3,615.018912
13.7,7,615.035616
13.85,4,615.045138
11.5,11,615.071262
13.2,17,615.11146
13.05,16,616.982073
13.45,12,617.011167
-2.0,1,617.013667
13.6,9,617.037063
12.8,17,617.078497
12.2,25,617.137413
12.6,17,617.180678
11.7,35,617.269686
12.3,31,617.348156
13.0,17,617.39208
13.7,7,617.411005
13.7,7,617.429902
12.7,19,617.475108
13.15,18,617.517869
6.0,1,617.520365
-2.45,10,617.543717
13.25,8,617.562289
13.55,10,617.586065
13.55,6,617.599157
12.05,20,617.643675
11.75,6,617.657067
12.7,19,617.700493
-2.65,6,617.715407
7.9,3,617.723856
5.0,1,617.726904
13.6,9,617.751145
10.5,43,617.864497
5.0,1,617.867059
12.7,19,617.919377
-2.45,10,617.946474
13.85,4,617.957713
12.95,14,617.994747
13.15,10,618.021055
13.75,6,618.036859
-2.25,6,618.052832
12.7,15,618.093424
5.9,3,618.101119
-2.0,1,618.103645
13.55,10,618.127984
6.85,68,620.000257
13.5,7,620.01592
11.85,20,620.060394
12.95,10,620.083338
-3.1,15,620.117313
9.2,49,620.225366
13.55,10,620.247095
13.45,12,620.273571
-2.65,10,620.295543
12.85,16,620.331219
-2.0,1,620.333546
-2.0,1,620.335784
13.35,10,620.357762
-5.15,36,620.441319
10.45,44,620.545559
13.55,10,620.569837
9.85,4,620.579621
13.55,6,620.594243
-2.1,3,620.60189
13.7,7,620.619805
12.35,22,620.674189
13.45,8,620.693618
11.8,5,620.706038
11.9,23,620.761832
13.65,8,620.780888
-2.05,2,620.785709
7.95,2,620.790615
12.85,16,620.829778
5.95,2,620.834655
13.45,12,620.863109
-2.1,3,620.870289
-2.0,1,620.872696
13.4,13,620.902581
12.8,13,620.932043
13.4,13,620.960945
13.45,12,620.987416
12.15,26,621.045234
5.0,1,621.047567
13.65,8,621.065149
5.7,3,621.072155
12.95,10,621.095758
5.95,2,621.100559
-4.0,17,621.140825
13.95,2,621.145546
13.8,5,622.98474
13.25,8,623.006052
13.5,7,623.025001
13.1,15,623.070199
13.5,11,623.101659
12.0,25,623.174632
12.5,19,623.229968
13.7,7,623.250209
13.4,13,623.283469
13.55,6,623.298402
13.9,3,623.305764
12.95,22,623.357862
13.2,13,623.387729
5.9,3,623.394794
13.65,8,623.417508
13.3,11,623.446842
13.0,13,623.481086
-2.15,4,623.491675
5.0,1,623.494362
9.75,6,623.510383
13.5,7,623.529012
-2.35,8,623.549157
13.55,10,623.575169
9.7,55,623.698913
12.4,21,623.74368
13.8,5,623.755467
13.6,5,623.767934
13.35,10,623.792086
13.3,15,623.828117
10.95,26,623.893565
7.9,3,623.901232
12.05,24,623.963738
13.2,9,623.987252
10.85,40,624.093505
5.95,2,624.099106
-2.8,17,624.144282
13.65,8,624.165792
12.2,21,624.226368
5.0,1,624.229229
10.0,41,626.342349
-2.15,4,626.353765
13.5,11,626.382156
11.8,21,626.433684
13.2,17,626.475157
-2.25,6,626.489573
12.95,18,626.533839
-2.7,11,626.560557
13.7,7,626.578242
13.45,12,626.607649
-2.05,2,626.612489
13.2,17,626.654492
-2.05,2,626.65937
-2.05,2,626.66423
12.55,22,626.718663
-2.0,1,626.721051
-2.2,5,626.733293
2.55,82,626.932731
13.25,12,626.96208
9.95,2,626.967227
12.8,17,627.009553
13.55,10,627.033899
-7.65,74,627.222475
13.15,18,627.269227
9.75,50,627.410718
13.1,15,627.45791
13.55,10,627.486747
9.85,4,627.497846
13.55,10,627.522904
-2.05,2,627.528017
13.1,19,627.57469
5.9,3,627.582021
12.75,10,627.605469
12.7,27,629.195221
13.2,17,629.236083
9.35,54,629.363097
-2.5,11,629.389338
12.65,20,629.437233
8.0,1,629.439807
10.75,30,629.511328
13.45,12,629.54122
7.9,3,629.548717
13.0,17,629.589633
13.75,6,629.603888
11.6,9,629.625648
5.9,3,629.632349
13.7,7,629.648217
-2.35,8,629.666091
13.3,15,629.700222
-2.1,3,629.707875
12.65,16,629.754714
-2.4,9,629.793786
-16.1,103,630.049129
15.1,19,630.093119
-10.2,61,630.230887
-13.15,128,632.278956
-16.35,128,632.560444
-13.75,128,632.841269
-2.0,1,632.843486
-15.15,128,633.111896
12.9,19,633.152053
-16.55,128,635.045868
-14.15,128,635.313437
-12.55,128,635.581161
-3.85,26,635.635379
-12.15,128,635.903796
-15.15,128,637.756961
15.45,12,637.782088
-3.95,28,637.841581
13.15,18,637.879191
-2.05,2,637.883902
11.8,5,637.895015
-12.95,128,638.167431
-2.0,1,638.169806
-18.35,128,638.449403
-18.15,128,640.42578
-19.15,128,640.696161
-18.95,128,640.989417
-13.1,99,641.225862
-2.25,6,641.240037
-12.15,128,643.393252
15.5,11,643.4177
-5.8,41,643.504251
-15.15,128,643.788777
-11.75,128,644.082128
14.4,21,644.129361
-14.35,128,644.438271
-13.15,128,646.386757
6.0,1,646.389631
-11.75,128,646.691389
9.75,6,646.705704
-6.8,53,646.831164
-11.95,128,647.12718
13.15,18,647.169878
7.95,2,647.174867
-7.7,47,647.293375
-3.55,16,647.333359
-4.4,33,649.26736
13.15,14,649.301297
-12.55,128,649.589996
5.95,2,649.594641
-11.95,128,649.878268
7.85,4,649.887491
5.9,3,649.895071
5.9,3,649.902199
-5.65,38,649.989202
-15.95,128,650.277119
-9.55,128,652.310319
-11.75,72,652.486381
-2.35,8,652.506658
1.6,117,652.797575
15.6,9,652.820109
-15.55,128,653.122872
-3.85,18,653.165245
-2.0,1,653.167647
-9.05,90,655.213113
-6.05,42,655.310436
5.95,2,655.31472
-11.55,128,655.592832
-6.85,74,655.779784
11.75,6,655.800932
-3.1,19,655.868478
-12.75,128,656.292273
-11.35,128,658.356148
-14.85,126,658.635128
5.0,1,658.637611
-11.35,128,658.915713
-5.2,33,658.991323
-10.55,128,659.295853
-12.55,128,661.380078
-2.0,1,661.382397
-12.75,128,661.677245
12.85,20,661.7241
-13.75,128,662.018229
-2.8,17,662.056604
14.15,26,662.115683
6.0,1,662.118109
-11.75,128,662.408635
-2.15,4,664.267227
-2.05,2,664.271989
-2.8,9,664.292312
-3.3,23,664.345334
-13.15,128,664.639922
-7.45,46,664.750315
-4.2,41,664.843315
13.85,4,664.852381
13.15,14,664.884521
5.95,2,664.88919
-10.15,128,665.178982
-2.0,1,665.181378
-9.5,111,665.433921
11.5,7,667.241444
-12.55,128,667.538292
-5.25,54,667.662394
-2.2,5,667.67399
14.3,19,667.717359
-2.65,10,667.740098
-5.45,50,667.852656
11.45,12,667.880961
-5.5,39,667.97284
-9.55,128,668.271244
-10.35,128,670.538177
-5.25,62,670.690959
6.0,1,670.693508
-2.15,4,670.703344
-12.75,128,671.027584
-9.95,128,671.334638
-11.75,128,673.438732
5.0,1,673.441221
-10.75,128,673.732645
-13.4,109,673.987128
-2.15,4,673.996258
-2.15,4,674.005407
-10.55,128,674.299962
-2.0,1,674.302373
-2.2,5,674.313871
-10.95,128,676.364575
-6.4,61,676.494965
15.4,13,676.522723
-2.1,3,676.529328
-2.3,7,676.544556
6.0,1,676.546757
-9.95,128,676.821016
-2.05,2,676.824835
-4.35,32,676.880683
-4.15,40,676.943419
-8.95,128,677.150985
-9.35,128,678.825121
12.75,22,678.867683
-7.95,128,679.148546
9.75,6,679.162247
8.0,1,679.164604
13.05,20,679.21323
-10.35,128,679.529936
-11.55,128,679.848074
-9.95,128,682.053566
-9.75,128,682.351117
-2.0,1,682.35343
-11.15,128,682.647594
11.95,2,682.652191
-3.75,32,682.728673
-2.0,1,682.73128
13.6,9,682.751885
-2.0,1,682.754237
-2.55,12,682.782137
-8.95,128,684.887406
5.0,1,684.889921
-2.0,1,684.892218
-9.15,104,685.133604
-2.8,17,685.172712
-5.4,57,685.304264
14.3,31,685.367342
5.0,1,685.36946
7.9,3,685.375975
-5.0,49,685.475572
-8.05,102,685.713859
-3.25,22,685.768187
-9.8,113,687.915756
-4.25,34,688.00001
-2.0,1,688.002523
-3.35,28,688.069188
-2.4,9,688.091028
-2.15,4,688.10085
12.4,49,688.2198
14.55,30,688.291745
-8.25,86,688.504208
15.85,4,688.514184
-2.35,8,688.533759
-2.95,16,688.573317
-2.55,12,688.601297
14.75,26,688.661114
13.85,4,688.670346
-6.6,25,688.726727
-3.45,22,688.776234
-6.7,63,688.916902
-10.0,97,690.838299
-7.35,76,691.01309
-2.35,8,691.031936
-3.65,34,691.116025
9.8,5,691.128138
11.8,5,691.140529
-2.15,4,691.150245
-5.65,42,691.252806
14.9,15,691.289283
-2.0,1,691.291805
7.9,3,691.299198
-5.45,58,691.441548
-2.05,2,691.446382
-8.95,128,691.760593
-7.4,81,691.959072
-2.3,7,691.976033
-3.3,27,692.042286
14.4,29,693.856283
-2.25,6,693.870926
-2.85,10,693.895247
14.9,15,693.931545
-4.4,41,694.031751
-3.3,19,694.0794
-7.25,90,694.303763
5.95,2,694.308736
-8.05,106,694.573204
-3.35,20,694.622302
-4.65,42,694.725988
-2.8,17,694.7674
-9.55,128,696.402751
-5.2,65,696.549642
-8.75,128,696.879803
-9.55,96,697.1258
-2.95,20,697.173075
-5.9,59,697.316347
-2.05,2,697.321337
-5.05,58,697.46101
7.9,3,697.468679
-5.6,61,697.611328
-5.8,45,699.467185
-6.75,80,699.658299
-3.55,28,699.724636
-2.1,3,699.732153
-2.0,1,699.73473
5.95,2,699.739711
-8.95,112,700.004807
-2.15,4,700.013741
-6.2,69,700.167429
-8.75,128,700.462534
15.65,8,700.481635
5.0,1,700.484101
7.9,3,700.491104
-3.3,27,700.555995
13.8,5,700.567949
-6.25,70,702.458939
-5.6,61,702.612705
-4.3,43,702.722247
-5.35,48,702.845627
-4.4,37,702.937296
-2.7,11,702.963305
-8.65,94,703.188884
6.0,1,703.191364
13.6,9,703.213098
15.7,7,703.22976
-2.0,1,703.232191
-2.45,10,703.256686
-8.95,128,703.575791
-2.0,1,703.578253
-2.2,5,705.27238
-2.0,1,705.274878
6.0,1,705.277238
7.9,3,705.283988
-3.9,35,705.363984
-2.6,13,705.393699
14.55,18,705.435477
-2.8,17,705.474654
-2.2,5,705.486618
-3.25,22,705.537971
-2.3,7,705.554063
-2.0,1,705.556581
-2.6,13,705.586565
-2.45,10,705.610389
-4.95,48,705.721836
-4.5,47,705.831096
-2.25,6,705.845702
-3.3,19,705.889191
-2.9,19,705.933471
-3.9,31,706.005261
16.0,1,706.007845
-2.45,10,706.032218
-3.4,29,706.099759
-8.75,128,706.394068
-2.05,2,706.398886
-2.2,5,706.41074
-2.0,1,706.413196
-2.3,7,706.429785
5.95,2,706.434401
-2.2,5,706.445884
-2.2,5,708.199549
-2.65,14,708.231917
-2.35,8,708.250718
-2.7,11,708.276592
-5.85,58,708.415879
-3.25,26,708.480437
-4.45,30,708.552955
-2.55,12,708.582489
-5.0,25,708.643801
-3.6,25,708.707916
-2.75,16,708.746698
-2.95,12,708.77593
-2.1,3,708.783313
6.0,1,708.786015
-3.05,14,708.818502
-3.75,28,708.885641
-3.25,18,708.929403
-4.25,38,709.015631
-5.65,50,709.128251
-2.0,1,709.130564
-2.55,4,709.139817
5.95,2,709.144543
-4.1,27,709.207885
-2.3,7,709.22491
-3.05,18,709.267407
-4.0,37,709.369773
-3.3,19,709.416325
-4.4,41,711.170559
-3.1,23,711.218365
-2.85,18,711.256334
-2.55,12,711.281661
-3.1,23,711.329034
-2.3,7,711.343375
-2.4,9,711.361808
5.95,2,711.36617
-2.45,10,711.386612
-2.45,10,711.407516
-3.45,22,711.456233
-2.55,12,711.482559
-2.35,4,711.491722
-2.5,11,711.51689
-2.05,2,711.521502
-2.35,8,711.538953
-2.2,5,711.549871
-3.15,16,711.58564
-2.2,5,711.596834
-2.0,1,711.599003
-2.0,1,711.601197
-2.8,9,711.621016
-3.85,22,711.669744
7.85,4,711.678507
-2.15,4,711.687258
-2.65,10,711.709717
-2.05,2,711.714206
-2.15,4,711.723027
-4.4,37,711.809923
6.0,1,711.81226
-4.55,36,711.892678
11.65,8,711.910733
-4.0,33,711.985472
-2.6,13,712.015862
-2.0,1,712.018312
7.9,3,712.025638
-4.3,35,712.108795
-2.3,7,712.12572
-2.45,10,712.149765
-4.8,45,713.892537
-4.85,42,713.996344
-2.0,1,713.999004
-2.5,7,714.016262
-3.9,31,714.091721
-2.35,8,714.111121
-2.1,3,714.118365
-3.25,26,714.184547
-2.4,9,714.206784
-2.95,20,714.25551
-3.0,21,714.306714
-6.35,68,714.498799
-3.45,30,714.581589
-3.2,21,714.637775
-5.7,63,714.802285
-2.75,12,714.832594
6.0,1,714.835327
4.75,2,714.840779
-3.25,26,714.907166
-5.55,68,715.084872
-3.85,30,715.159275
-2.0,1,715.161715
8.0,1,715.164279
-2.3,7,715.181382
-2.2,5,715.193583
-4.55,36,717.239515
5.0,1,717.242191
-2.15,4,717.253209
-2.45,10,717.280985
-2.8,17,717.327988
-5.9,67,717.502683
-3.05,22,717.556133
-2.6,13,717.587997
-4.85,38,717.686505
-2.2,5,717.698327
-2.0,1,717.700645
-3.55,24,717.756574
-3.65,18,717.79842
6.0,1,717.800855
7.9,3,717.807819
14.65,24,717.863158
-3.6,29,717.929092
-2.65,10,717.951265
-2.1,3,717.958106
9.9,3,717.965103
14.6,21,718.011557
-3.2,21,718.058961
-3.1,23,718.112011
-3.35,20,718.157576
-4.55,32,718.238278
-2.45,10,718.262764
-3.3,23,718.318921
-2.65,10,718.343332
-2.8,9,718.365361
-3.55,32,720.234183
-3.05,18,720.278205
-2.65,14,720.311723
-2.0,1,720.314272
-2.4,9,720.336545
-2.6,13,720.368227
-4.1,39,720.464411
-2.35,8,720.48383
-2.0,1,720.486274
-4.65,42,720.588881
-2.55,4,720.598867
-3.9,23,720.655891
-5.8,57,720.799143
-2.65,10,720.823753
-2.5,7,720.840999
-3.7,35,720.927588
-2.5,7,720.944663
5.0,1,720.947187
-3.0,17,720.989087
-2.15,4,720.999125
-2.9,15,721.036408
6.0,1,721.038999
-2.2,5,721.051337
-5.35,52,721.179023
-2.0,1,721.18147
11.25,12,721.210897
7.9,3,721.218599
-2.95,20,721.267561
-3.05,18,721.311347
-2.65,14,721.345628
-2.05,2,721.350563
-5.35,32,721.428941
