#{"t_start": 1785871358.0980659, "env_id": "None"}
r,l,t
9.99,2,2.724392
9.75,1,2.732946
9.75,1,2.741482
9.75,1,2.752096
11.745,2,2.77252
9.99,2,2.789137
11.745,2,2.805718
9.99,2,2.82452
10.495,7,2.883415
9.75,1,2.892492
11.995,1,2.904887
9.97,6,2.957244
9.631667,11,3.051987
9.22,9,3.134886
10.661667,1,3.148799
9.49,4,3.182595
10.381667,8,3.251614
10.141667,7,3.314172
11.063333,5,3.352971
11.323333,2,3.369108
11.245,4,3.401277
7.695,28,3.641701
11.995,1,3.650619
11.745,2,3.670036
9.99,2,3.688689
9.75,1,3.697181
10.141667,7,3.758629
11.225,8,3.823322
9.75,1,3.831016
9.75,1,3.839159
9.75,1,3.84896
11.313333,4,3.882851
10.651667,3,3.908672
10.151667,5,4.042319
10.871667,12,4.142893
10.078333,2,4.159792
10.303333,10,4.238643
10.425,17,4.36658
11.495,3,4.390755
8.753333,26,4.595173
10.411667,2,4.61155
11.995,1,4.619718
11.995,1,4.628801
9.75,1,4.636064
9.263333,22,4.81397
10.985,3,4.836664
10.763333,16,4.965657
6.476667,54,5.393159
10.626667,8,5.454532
5.445,82,6.108992
9.75,1,6.116187
10.995,1,6.125507
9.75,1,6.132693
10.288333,9,6.20379
9.49,4,6.236865
10.995,5,6.276327
11.745,2,6.296746
8.768333,19,6.451747
9.99,2,6.468573
9.43,16,6.598076
8.721667,50,6.988886
9.905,23,7.169188
9.273333,20,7.324517
10.656667,2,7.33986
10.293333,12,7.432822
7.458333,36,7.712657
10.406667,3,7.738494
8.946667,50,8.136445
10.685,14,8.250735
6.141667,76,8.860173
11.745,2,8.876242
-6.801667,100,9.665431
9.99,2,9.682348
10.651667,3,9.706013
9.75,1,9.713078
10.401667,4,9.744112
11.323333,2,9.761437
8.74,7,9.819521
9.191667,54,10.250811
9.891667,8,10.313613
10.93,18,10.457093
10.07,43,10.807441
11.043333,9,10.880615
9.935,17,16.577687
10.656667,2,16.596919
9.99,2,16.614984
10.646667,4,16.650254
10.985,3,16.732475
10.661667,1,16.742885
10.555,9,16.82158
-4.84,100,17.643701
10.985,3,17.6702
10.455,11,17.762259
9.635,46,18.139903
10.406667,3,18.164052
6.64,66,18.697545
10.865,9,18.768316
11.1,20,18.936222
10.75,10,19.018134
10.646667,4,19.050424
10.78,4,19.084021
10.13,36,19.373273
9.725,28,19.604059
9.275,20,19.765543
10.845,13,19.872977
8.99,37,20.173097
10.763333,16,20.31001
-7.155,100,21.220209
11.323333,2,21.238439
9.415,85,22.014252
10.585,3,22.041
-2.66,100,22.975526
10.656667,2,22.995433
10.815,19,23.152688
9.565,42,23.502176
11.125,6,23.552906
9.825,39,23.876946
11.375,5,23.920357
11.063333,5,23.964961
9.995,23,24.157367
10.105,14,24.29947
9.68,28,24.532923
10.48,15,24.658233
10.985,3,24.685131
10.5,11,24.776697
10.38,4,24.811188
8.13,62,30.939847
11.323333,2,30.957524
10.195,1,30.966808
10.585,3,30.992166
11.345,11,31.086825
10.195,1,31.095417
10.656667,2,31.113517
10.585,3,31.13936
11.995,1,31.147524
10.965,7,31.212352
11.14,12,31.317447
11.995,1,31.327542
10.595,1,31.338105
10.39,2,31.356949
10.185,3,31.384632
11.54,12,31.485048
11.17,6,31.540064
10.53,5,31.58698
11.995,1,31.595681
10.195,1,31.605369
10.39,2,31.622903
11.18,4,31.655575
9.99,2,31.673199
10.92,7,31.736079
9.99,2,31.755527
10.975,5,31.799658
10.39,2,31.816066
10.975,5,31.861599
11.323333,2,31.878794
9.291667,30,32.162861
9.088333,88,32.899902
10.101667,15,33.025481
8.8,57,33.497059
10.648333,8,33.562775
7.83,55,34.02766
11.323333,2,34.044623
11.995,1,34.052515
10.985,3,34.076761
11.17,6,34.122893
10.855,20,34.293808
10.601667,26,34.511254
11.995,1,34.520274
-4.285,100,35.523837
-3.863333,100,37.328829
10.801667,35,37.621685
11.355,9,37.696338
10.46,19,37.857276
9.88,37,38.174512
10.52,7,38.232846
7.741667,46,38.60357
10.328333,23,38.79471
10.39,2,38.81209
10.77,6,38.86154
10.585,3,38.885145
9.231667,42,39.239869
9.815,32,39.500491
11.026667,8,39.570355
11.51,18,39.726176
-2.926667,100,40.560725
11.323333,2,40.578033
11.29,13,46.293485
10.641667,5,46.337295
9.99,2,46.355463
11.016667,10,46.439819
10.656667,2,46.456599
11.995,1,46.464829
10.736667,17,46.609676
10.976667,18,46.768389
10.213333,28,47.00899
11.033333,11,47.106182
11.985,3,47.13221
11.006667,12,47.234313
10.75,10,47.324015
10.585,3,47.349398
11.105,19,47.516524
10.898333,7,47.577185
10.92,7,47.636506
10.898333,7,47.695626
11.995,1,47.704949
10.598333,18,47.860366
9.99,2,47.878216
11.016667,10,47.963559
10.77,6,48.0139
10.635,15,48.143164
10.513333,4,48.176494
11.171667,10,48.263037
10.641667,5,48.304899
10.786667,7,48.365341
10.385,3,48.390891
10.76,8,48.456612
10.641667,5,48.501389
10.898333,7,48.563603
10.466667,22,48.752049
11.17,6,48.802223
11.323333,2,48.81994
10.773333,14,48.939062
10.955,9,49.015544
11.526667,19,49.180944
11.016667,10,49.273066
10.641667,5,49.316291
10.483333,10,49.401377
10.513333,4,49.436774
11.125,6,49.489665
11.115,8,49.559225
11.283333,10,49.645324
10.263333,5,49.691157
10.571667,32,49.96286
10.766667,11,50.057425
11.151667,14,50.174322
11.085,23,50.365879
9.75,1,50.374802
11.006667,12,50.479777
10.77,6,50.530304
10.881667,19,50.691357
10.661667,1,50.701405
11.006667,12,50.80837
10.171429,31,51.218501
9.512381,43,51.579344
9.372857,60,52.07552
11.995,1,52.084157
8.501905,60,52.592622
10.585,3,52.618242
11.043333,9,52.691608
11.995,1,52.702251
11.323333,2,52.720875
-3.269524,100,53.561085
10.513333,4,53.597328
11.323333,2,53.613762
11.323333,2,53.630827
10.14,3,53.658514
10.202143,33,53.932611
10.742619,12,54.030195
9.58381,45,54.395413
9.682381,58,54.872321
10.090238,1,54.881072
10.591667,15,60.618287
10.572381,27,60.852186
10.912381,8,60.918316
10.39381,30,61.170923
8.712381,56,61.641502
11.995,1,61.65012
10.042381,35,61.945691
10.381667,8,62.014898
10.902381,10,62.098032
-3.038333,100,62.928641
-2.48,100,63.788125
10.256667,2,63.805377
-4.018333,100,64.638094
10.343095,32,64.909594
10.594048,58,65.401461
10.252143,23,65.587858
9.702143,35,65.88412
10.542143,14,65.9985
11.032857,22,66.182235
11.063333,5,66.225147
-3.800238,100,67.064758
10.962619,17,67.210591
8.511667,88,67.941262
11.995,1,67.950054
10.84381,38,68.262151
-1.187381,100,69.099983
11.313333,4,69.136176
11.153095,17,74.867021
10.631667,7,74.926485
10.712619,18,75.080863
11.353571,15,75.205909
10.972619,15,75.338701
11.092857,10,75.425878
10.812143,9,75.503858
10.742619,12,75.609527
10.541429,6,75.659988
11.155,9,75.738602
10.471905,9,75.816331
10.128333,1,75.824796
10.642381,13,75.937628
9.99,2,75.954795
11.641667,5,75.998703
10.45119,5,76.042902
11.97,6,76.096047
10.822143,7,76.156643
11.995,1,76.166741
11.143095,19,76.326061
10.78,4,76.359275
11.062857,16,76.498596
10.731905,6,76.551537
11.104286,24,76.754026
10.912381,8,76.82141
10.78,4,76.854198
10.812857,17,76.998251
11.082857,12,77.099391
10.385,3,77.125009
11.263333,14,77.245596
10.39,2,77.265395
11.995,1,77.274595
10.591667,15,77.401237
11.082857,12,77.498631
10.812143,9,77.57687
10.45119,5,77.620965
10.972619,15,77.749615
10.291429,7,77.809905
9.75,1,77.816267
11.17,6,77.870285
10.832381,24,78.07458
10.481905,7,78.132427
10.711905,10,78.217732
9.75,1,78.225671
10.721905,8,78.293752
10.923333,33,78.575601
10.992619,11,78.667053
11.173095,13,78.776547
9.99,2,78.793079
11.173095,13,78.902775
11.006667,12,79.001728
10.992619,11,79.095844
10.431905,17,79.244671
11.082857,12,79.348563
10.656667,2,79.366475
10.992619,11,79.461338
11.072857,14,79.582675
10.822143,7,79.641637
10.641667,5,79.685382
11.073333,3,79.710181
11.995,1,79.719179
10.541429,6,79.769711
11.263333,14,79.889406
11.032857,22,80.081331
9.99,2,80.098759
10.975,5,80.142987
10.513333,4,80.176196
10.975,5,80.219971
10.812143,9,80.293787
10.562143,10,80.378811
11.082857,12,80.484943
10.562143,10,80.566148
10.541429,6,80.617242
10.772857,25,80.83121
10.872381,16,80.969063
11.995,1,80.978601
10.471905,9,81.052195
10.591667,15,81.182517
10.541429,6,81.237756
10.661667,1,81.246552
11.253333,16,81.380913
10.328333,1,81.389596
10.853571,17,81.535609
-2.715,100,83.137022
10.78,4,83.18282
11.985,3,83.208028
9.620556,91,89.560791
11.033333,11,89.663417
-2.793333,100,90.507271
10.725,6,90.559773
-2.270556,100,91.41003
-2.871667,100,92.257066
-2.780556,100,93.090661
10.556111,64,93.63036
8.824444,79,94.29431
10.661667,1,94.301984
-1.878889,100,95.138996
8.186429,87,95.862688
7.117778,95,96.660372
11.985,3,96.686192
-1.545556,100,97.535713
11.143095,19,97.69712
10.452778,67,103.873644
10.306667,23,104.069519
9.794444,85,104.780205
10.883889,52,105.215645
10.511429,12,105.320247
9.261667,87,106.026873
-1.290556,100,106.857944
-1.591111,100,107.690542
-1.611111,100,108.528858
-3.806111,100,109.364816
10.960556,19,109.525121
9.537778,52,109.958309
11.283333,10,110.041598
10.596667,14,110.159389
9.741667,89,110.902595
10.801667,24,111.106226
10.739444,41,111.451041
11.31,9,111.530293
10.398571,6,111.57876
9.224444,48,117.59134
10.266111,20,117.758571
10.170556,30,118.015652
10.497222,45,118.40193
10.883571,9,118.478171
11.035556,55,118.946977
10.667222,11,119.043247
11.273889,23,119.243487
10.960556,19,119.407463
11.031667,27,119.633942
10.192778,70,120.220717
11.313333,4,120.252873
9.988333,22,120.437277
11.013889,26,120.655422
11.985,3,120.681351
11.314444,26,120.902065
10.898333,7,120.958906
10.256667,2,120.974952
10.661667,1,120.984983
10.898333,7,121.046496
11.14,12,121.148118
10.457778,15,121.277583
10.982778,59,121.775611
10.748333,17,121.921061
10.981111,26,122.141214
11.985,3,122.166835
11.313333,4,122.201202
10.690556,24,122.408168
11.17,6,122.460355
10.656667,2,122.476989
10.495556,12,122.579834
11.323333,2,122.597108
10.89,22,122.782836
10.971111,28,123.016802
11.013333,15,123.147264
10.707778,14,123.26183
11.995,1,123.270084
10.195,1,123.280552
10.758333,15,123.406899
10.798889,18,123.557185
10.657222,13,123.663433
11.17,6,123.714806
10.960556,19,123.871066
10.701111,33,124.150785
11.026667,8,124.220488
10.940556,23,124.416034
10.950556,21,124.598086
10.746429,16,124.734507
11.112778,33,125.018477
10.426111,37,125.331593
10.892778,28,125.573457
10.741667,36,125.874387
10.971111,28,126.110526
11.021111,18,131.876429
10.859444,17,132.019782
10.707778,14,132.136402
11.314444,26,132.358886
10.852222,25,132.567696
10.761111,21,132.744165
10.808889,16,132.883665
11.262143,19,133.045639
10.758333,15,133.17328
10.697778,16,133.306376
11.56,8,133.370962
10.983889,32,133.64131
10.326667,19,133.804456
10.556111,11,133.900417
10.758333,15,134.025436
10.52,7,134.083
10.205,10,134.168892
10.556111,11,134.259891
10.585,3,134.285369
10.657222,13,134.391606
11.061667,21,134.565073
11.365,7,134.627203
10.262778,3,134.652873
10.818889,14,134.771521
10.859444,17,134.914568
10.404444,8,134.980608
10.67,17,135.126273
10.328333,1,135.134373
9.75,1,135.141505
9.75,1,135.149852
10.556111,11,135.24513
11.273889,23,135.435527
10.960556,19,135.59377
10.985,3,135.620467
10.056111,13,135.728743
11.112222,22,135.921783
10.463333,27,136.152308
10.585,3,136.17826
10.869444,15,136.309949
10.656667,2,136.329542
11.985,3,136.356688
10.407222,14,136.474239
11.061667,21,136.653592
10.637778,28,136.89083
10.596667,14,137.010317
11.98,4,137.046082
10.518889,25,137.257691
10.808889,16,137.391944
11.365,7,137.452112
10.657222,13,137.561811
10.303333,6,137.613692
11.305,39,137.947657
10.606667,12,138.052106
11.061667,21,138.229541
11.995,1,138.238313
10.758333,15,138.365474
11.082222,28,138.609994
10.78,4,138.645694
10.91,18,138.80071
10.906111,43,139.168371
11.001111,22,139.353594
10.656667,2,139.371006
10.93,14,139.491075
11.995,1,139.500157
9.75,1,139.507699
10.596667,14,139.627345
11.365,27,139.852835
11.313333,4,139.885745
10.293333,8,139.951074
10.356667,13,140.062145
10.543889,71,146.273596
10.328333,1,146.283953
10.661667,1,146.292452
10.91,18,146.448326
11.314444,26,146.677027
10.9,20,146.844144
11.995,1,146.853467
10.748333,17,147.001654
11.995,1,147.011293
11.995,1,147.020738
10.91,18,147.172265
10.808889,16,147.312011
10.811667,22,147.49421
10.758333,15,147.619617
10.404444,8,147.687718
11.324444,24,147.897244
10.797143,12,147.997878
11.283333,10,148.085812
10.585,3,148.115327
11.112222,22,148.303817
9.75,1,148.311702
11.162778,23,148.514295
11.193333,28,148.75345
10.306111,12,148.856357
10.859444,17,148.998318
10.717778,12,149.107654
11.262143,19,149.267485
10.963333,25,149.480915
11.641667,5,149.525738
10.912381,8,149.595328
10.768333,13,149.706874
10.808889,16,149.840577
11.17,6,149.891768
10.758333,15,150.020908
10.960556,19,150.181968
11.365,27,150.416502
10.940556,23,150.610608
11.323333,2,150.62722
11.112778,33,150.912127
10.950556,21,151.087709
10.912778,24,151.293344
10.558889,17,151.440748
10.898333,7,151.501495
11.021111,18,151.655127
10.87,26,151.878233
11.995,1,151.887198
10.657222,13,151.998257
10.859444,17,152.145866
10.808889,16,152.285679
10.829444,23,152.481756
11.182778,19,152.643553
10.902381,10,152.731734
10.735,4,152.768234
10.597857,9,152.844338
10.811667,22,153.030772
10.808889,16,153.168317
10.985,3,153.194518
10.641667,5,153.240123
11.152778,25,153.452728
9.75,1,153.460392
10.768333,13,153.57363
-1.700556,100,154.47647
-3.416667,100,160.876769
10.975,45,161.252806
-1.322222,100,162.091587
-1.789444,100,162.929583
-3.437222,100,163.764693
-1.835,100,164.604089
-2.726111,100,165.454913
-1.723333,100,166.299945
-1.522778,100,167.148771
-2.012778,100,167.981511
-0.611111,100,168.8317
10.337222,39,174.704617
10.887222,27,174.935701
10.902381,10,175.018352
10.585,3,175.044282
-2.101667,100,175.884565
10.670556,17,176.029058
10.807222,43,176.390643
10.489444,22,176.57764
10.661667,63,177.10607
10.686667,27,177.344192
10.857778,24,177.548184
10.857778,24,177.753612
10.433889,11,177.846817
10.053333,60,178.353854
10.130556,27,178.588046
10.758333,15,178.712862
10.973333,23,178.905057
10.557143,11,179.000641
10.275556,29,179.243833
10.755556,31,179.508792
10.77,6,179.560712
10.39,2,179.577694
10.946111,33,179.85886
10.917222,21,180.033925
10.437778,59,180.527072
9.606111,56,180.99634
10.945556,42,181.347538
10.965556,38,181.667104
10.515556,30,181.920068
10.67,26,182.137511
10.660556,19,182.299571
10.473333,12,182.403687
-1.411111,100,183.246887
10.641667,5,188.877779
10.631111,16,189.022089
11.995,1,189.031977
10.661667,1,189.041844
10.739444,21,189.219464
11.103571,16,189.357828
11.313333,4,189.389984
10.873889,34,189.676887
10.838333,19,189.841786
10.818333,23,190.040719
10.9,20,190.210008
11.104444,28,190.448592
10.627778,21,190.624926
11.001111,22,190.813943
11.104444,28,191.0525
11.212778,33,191.33285
10.585,3,191.358703
10.78,4,191.391707
10.926111,37,191.707044
11.093889,39,192.046331
9.99,2,192.064363
10.749444,19,192.225163
10.828333,21,192.411566
10.815,28,192.651333
10.802143,11,192.745313
10.808333,25,192.961085
10.303333,6,193.014405
10.591667,15,193.143838
9.99,2,193.161904
10.946667,24,193.365426
10.867778,22,193.549456
10.735556,35,193.845616
11.133333,40,194.186933
11.165556,29,194.432855
10.735,44,194.811629
10.607857,7,194.870665
10.78,4,194.901593
10.798333,27,195.132041
10.391111,15,195.261693
11.183333,30,195.513171
11.292222,26,195.745072
10.867222,31,196.009769
11.232222,38,196.333368
11.113333,44,196.704686
10.749444,19,196.862335
10.985,3,196.887959
10.837778,28,197.125154
10.357778,26,197.348045
10.963333,25,197.562442
10.148571,7,203.166081
10.898333,7,203.228796
10.128333,1,203.23825
10.867778,22,203.422661
10.907222,23,203.623132
10.828333,21,203.798507
10.315556,8,203.869316
11.311111,40,204.209656
10.661667,1,204.217985
10.657222,24,204.417696
10.749444,19,204.579057
10.975,5,204.621208
10.567778,33,204.896081
10.867778,22,205.086198
10.996111,23,205.279799
9.75,1,205.287765
11.153889,27,205.515694
10.907222,23,205.717197
10.656667,2,205.733622
10.788889,20,205.900571
10.94,12,206.000148
11.213333,24,206.204736
10.867778,22,206.387058
10.341667,16,206.52275
10.512778,13,206.635242
10.975,5,206.677793
11.985,3,206.703964
10.532222,18,206.85995
10.591667,15,206.986529
9.75,1,206.994745
11.005556,30,207.254313
10.768333,13,207.364141
10.719444,25,207.582024
10.355,9,207.65837
10.814444,37,207.967875
11.074444,34,208.2548
10.857778,24,208.457619
11.035556,24,208.658614
11.159444,48,209.074403
10.828333,21,209.254356
10.538889,21,209.433511
10.591667,15,209.565773
10.77,6,209.61842
10.748889,28,209.854806
10.91,18,210.006569
11.153333,36,210.313275
10.661667,1,210.322258
10.788889,20,210.492615
10.946667,24,210.699414
10.902381,10,210.782479
10.936667,26,210.999675
10.373333,32,211.276035
11.291667,35,211.571376
10.601667,13,211.685494
9.99,2,211.703313
9.75,1,211.710936
10.675556,47,217.656596
10.721905,8,217.726698
10.824444,35,218.025699
11.026667,8,218.096867
11.222778,31,218.361959
10.739444,21,218.547265
10.660556,19,218.709093
10.926667,28,218.943969
10.617778,23,219.143741
10.775556,27,219.372031
11.283333,10,219.45428
10.88,46,219.840009
10.552222,14,219.959031
11.995,1,219.967545
10.970556,17,220.109204
10.749444,19,220.266991
10.917222,21,220.445725
10.985,3,220.473819
11.094444,30,220.726616
10.647222,26,220.944943
11.195714,18,221.095343
10.778889,22,221.282259
11.173333,32,221.556214
10.907222,23,221.752516
10.812143,9,221.82663
11.222778,31,222.086955
10.798333,27,222.312625
10.721905,8,222.384073
10.621111,18,222.533232
10.828333,21,222.714813
10.77,6,222.765837
10.893889,30,223.016759
11.183333,30,223.27055
11.241667,45,223.652969
11.104444,28,223.885401
10.617778,23,224.076483
10.71,18,224.22903
10.976111,27,224.454786
10.788889,20,224.623105
10.541429,6,224.671336
10.391111,15,224.800538
10.946667,24,225.007708
10.548889,19,225.169519
11.025556,26,225.393931
10.946667,24,225.596388
10.7,20,225.765942
10.738333,39,231.636376
10.552222,14,231.756466
11.113889,35,232.053788
10.281429,9,232.130489
10.93,14,232.252428
10.907222,23,232.451442
11.313333,4,232.485931
10.661667,1,232.494885
10.631111,16,232.634541
10.946667,24,232.836352
9.75,1,232.844395
11.641667,5,232.886935
11.133889,31,233.152218
10.420556,18,233.312997
11.261111,50,233.734954
10.867778,22,233.927893
10.956667,22,234.12017
11.074444,34,234.41302
11.281667,37,234.72749
10.749444,19,234.886529
11.082857,12,234.988928
10.746111,24,235.194625
10.828333,21,235.372438
11.323333,2,235.388725
11.323333,2,235.407479
11.123889,33,235.688215
11.025556,26,235.906917
10.696667,25,236.11711
10.996429,15,236.244797
11.021111,18,236.399524
10.877222,29,236.648814
10.828333,21,236.829635
10.345,11,236.923576
10.986111,25,237.133996
10.863571,13,237.246331
11.085,23,237.443617
10.867778,22,237.635353
11.133333,40,237.968301
10.759444,17,238.113054
9.99,2,238.129797
10.798889,18,238.2863
10.71,18,238.440917
11.123889,33,238.727103
11.104444,28,238.969146
11.085,23,239.164452
10.631111,16,239.300757
10.867778,22,239.493476
11.025556,26,239.717878
11.143889,29,239.970883
10.788889,20,240.141727
10.721905,8,240.213151
10.923095,14,240.332122
11.035556,24,246.069824
11.323333,2,246.086768
10.897222,25,246.298033
11.143889,29,246.548271
11.262222,32,246.81349
-2.738182,121,247.837111
-1.884545,121,248.866544
-1.476818,121,249.887096
10.898333,7,249.949945
-0.986818,121,250.978225
-5.052273,121,251.998473
9.75,1,252.009086
11.129286,17,252.152636
-3.174545,121,253.174677
10.818889,14,253.295053
-1.476818,121,254.303204
-3.136364,121,260.846274
-1.903636,121,261.87403
10.975,5,261.919689
-4.072273,121,262.956862
10.888182,26,263.176481
11.313333,4,263.21024
-1.830909,121,264.235155
10.808889,16,264.376716
11.283333,10,264.459142
-2.267273,121,265.485918
10.180476,2,265.505773
-1.767727,121,266.532814
-1.413636,121,267.557537
-2.548636,121,268.582143
11.129286,17,268.723434
11.155,9,268.801835
10.742727,26,274.631809
11.066364,34,274.923679
10.992619,11,275.019837
10.7,20,275.189861
11.133182,57,275.673083
10.721905,8,275.738649
10.64,32,276.012964
10.838182,36,276.313242
11.056364,36,276.613652
10.972273,31,276.880861
10.742727,26,277.102375
10.794091,23,277.295136
-1.811818,121,278.331846
9.75,1,278.339427
11.995,1,278.348733
9.817273,35,278.641823
10.019545,60,279.152005
10.585,3,279.177368
10.93,14,279.296811
10.138636,27,279.532068
10.794091,23,279.73124
11.06,10,279.815382
10.648636,23,280.013218
10.756818,45,280.391572
10.650909,39,280.725124
10.270455,68,281.3066
11.085,23,281.495291
11.273333,12,281.596187
11.334444,22,281.785607
10.598636,33,282.070747
10.957273,65,282.632341
10.638636,25,282.847919
10.139545,36,288.696566
11.015,37,289.020085
10.128333,1,289.028835
10.878182,28,289.270908
10.985,3,289.296997
10.920909,34,289.581186
10.815455,26,289.804946
10.795455,30,290.06337
10.902381,10,290.146569
10.606818,26,290.36239
10.815455,26,290.587637
10.361364,46,290.975375
11.082857,12,291.074362
9.75,1,291.081622
-2.34,121,292.107295
10.664286,10,292.19473
11.313333,4,292.229931
10.439091,14,292.3511
9.75,1,292.358752
10.664286,10,292.443808
10.794091,23,292.639131
11.353571,15,292.761925
11.003889,28,292.997587
10.963636,40,293.337941
10.305,19,293.498772
10.514091,30,293.75651
10.523182,19,293.91913
10.952273,35,294.21309
10.804091,21,294.396796
10.595,72,295.015939
10.653636,53,295.470819
10.661667,1,295.480338
11.283333,10,295.567386
10.555909,27,295.80101
10.993636,34,296.09123
10.878182,28,296.329741
11.213333,24,296.534476
10.992619,11,296.626826
10.557273,34,296.917309
10.637273,18,297.069102
10.868182,30,297.327828
10.970556,17,302.997247
10.742727,26,303.216501
10.658636,21,303.395802
11.173095,13,303.50839
10.982273,29,303.753694
10.455,9,303.831183
10.658636,21,304.010548
11.119091,38,304.326937
10.846818,27,304.554283
11.097727,35,304.850182
11.035,33,305.130279
10.403636,54,305.583528
11.277273,50,306.006694
10.745,42,306.364767
10.713636,41,306.709665
10.869545,37,307.016276
11.077727,39,307.344531
10.595909,19,307.500792
10.807727,44,307.875622
10.609444,18,308.024338
11.155,9,308.101347
9.75,1,308.108329
10.752727,24,308.315724
10.805455,28,308.551574
11.323333,2,308.567904
10.798333,27,308.79624
10.690909,31,309.056301
10.693182,47,309.459018
10.846818,27,309.686794
10.658636,21,309.866899
10.972273,31,310.132023
10.859545,39,310.469712
11.003636,32,310.74619
11.985,3,310.771835
10.798182,44,311.148936
10.986111,25,311.35846
11.395,21,311.532257
11.023636,28,317.393728
11.079091,46,317.785162
10.641667,5,317.826998
10.955,49,318.250101
10.762727,22,318.44112
10.65,30,318.691474
9.75,1,318.699118
9.98,4,318.734561
11.995,1,318.743214
11.323333,2,318.760298
11.313333,4,318.797079
10.656667,2,318.814628
11.003636,32,319.088164
11.323333,2,319.105847
10.940909,30,319.357644
10.513333,4,319.391408
10.902381,10,319.47771
9.99,2,319.494282
10.78,4,319.527944
11.035,33,319.817609
10.765455,36,320.128429
11.013636,30,320.385312
10.836818,29,320.636528
10.942273,37,320.950129
10.661667,1,320.958014
10.753636,33,321.241885
11.365,7,321.303081
10.856818,25,321.522109
10.67,26,321.7455
10.533182,17,321.891527
10.902273,45,322.276124
10.92,16,322.411531
10.744091,33,322.689798
11.411667,11,322.784137
10.960556,19,322.943404
10.879091,37,323.260352
10.270714,3,323.285949
11.129286,17,323.432484
11.143182,55,323.890045
11.985,3,323.915852
10.628182,29,324.163114
10.975,5,324.202699
10.962273,33,324.482485
10.568182,41,324.826272
11.365,7,324.886496
10.470455,15,325.016016
10.815455,26,325.235261
10.577273,30,325.494298
10.805455,28,325.731074
10.784091,25,325.944252
10.766818,43,331.907094
10.826818,31,332.173102
10.812143,9,332.250594
10.69,22,332.440787
10.732727,28,332.684319
10.68,24,332.889974
10.754091,31,333.156022
10.631111,16,333.289831
10.888182,26,333.513702
10.909545,29,333.762884
10.016364,48,334.175705
10.795,32,334.450518
10.902381,10,334.53398
11.104444,28,334.776481
10.815455,26,334.994577
10.930909,32,335.258952
11.129091,36,335.564583
10.975,5,335.606097
10.784091,25,335.817177
11.072857,14,335.939944
10.909545,29,336.179899
10.992619,11,336.273542
11.285909,41,336.618644
10.815455,26,336.83787
10.495556,12,336.936413
10.878182,28,337.172936
10.816818,33,337.456672
10.940909,30,337.718571
10.668636,19,337.88579
10.878182,28,338.123507
10.628182,29,338.376275
10.627273,20,338.549046
10.878182,28,338.789958
10.888182,26,339.011022
11.421364,43,339.373589
10.878182,28,339.609932
11.17,6,339.660995
10.407727,13,339.771575
10.78,4,339.806445
11.104545,70,346.016156
11.066364,34,346.303607
11.026667,8,346.372694
10.564545,18,346.5264
10.328333,1,346.536529
10.585,3,346.561291
10.838182,36,346.871928
10.417727,11,346.967417
10.631667,7,347.029022
11.405,19,347.191464
10.251818,17,347.336165
11.082857,12,347.43977
10.812143,9,347.515017
10.531429,8,347.580216
10.815455,26,347.795778
10.995,41,348.142157
10.976364,52,348.582554
11.062857,16,348.718684
10.660455,39,349.049966
11.160455,37,349.364172
10.856818,25,349.576954
10.858182,32,349.855329
10.794091,23,350.049541
10.930909,32,350.326982
10.774091,27,350.553739
9.75,1,350.562137
10.859444,17,350.710627
10.617273,22,350.900739
10.996429,15,351.026582
11.995,1,351.035301
10.907222,23,351.232958
10.797143,12,351.33576
10.815455,26,351.561503
10.975,5,351.604796
10.577273,30,351.86023
11.17,6,351.91375
10.818333,23,352.115311
10.691364,29,352.371995
10.565455,27,352.5989
10.972273,31,352.864568
10.721905,8,352.932745
11.155,9,353.012063
11.254545,40,353.363353
11.066364,34,353.651334
10.345,11,353.751053
10.598636,33,354.029641
10.996429,15,354.157891
10.846818,27,354.394866
11.129286,17,354.53855
10.794091,23,360.274813
10.439091,14,360.399129
10.721905,8,360.467224
10.752727,24,360.67944
11.097727,35,360.978904
10.470455,15,361.106966
10.627273,20,361.277931
10.985,3,361.302696
10.752727,24,361.508782
11.641667,5,361.553227
10.595909,19,361.713585
10.940909,30,361.966751
10.784091,25,362.173084
11.17,6,362.22282
9.75,1,362.230672
11.263889,25,362.442812
10.524091,28,362.675594
10.784091,25,362.892995
10.846818,27,363.125594
11.076364,32,363.40213
11.263889,25,363.616387
10.827727,40,363.947955
10.732273,30,364.198233
10.659545,30,364.457097
11.119091,38,364.777602
10.69,22,364.962833
10.711364,25,365.173742
9.75,1,365.180218
10.762727,22,365.363633
10.595909,19,365.526729
10.504091,32,365.794196
10.69,22,365.983998
10.544545,22,366.176956
11.082857,12,366.278333
10.470455,15,366.412026
10.985,3,366.436717
11.046364,38,366.762655
11.17,6,366.816096
10.784091,25,367.023787
10.585909,21,367.206194
-3.139697,144,368.418896
11.061667,21,368.602086
11.313333,4,368.637816
-1.75803,144,375.386129
10.975,5,375.428411
-1.659394,144,376.646648
-2.457576,144,377.857761
-3.162273,144,379.078162
-3.652273,144,380.288935
11.323333,2,380.307796
10.885606,35,380.607754
-1.543333,144,381.827197
-2.672273,144,383.049602
10.733788,29,388.894288
9.978636,81,389.580939
11.641667,5,389.623364
10.91,18,389.784436
10.774394,33,390.061949
10.516818,133,391.186567
10.458485,29,391.431013
10.465455,16,391.561617
10.567273,32,391.840151
10.450758,25,392.056815
10.625606,87,392.803157
11.313333,4,392.839184
10.450758,25,393.047364
11.047424,39,393.378764
10.956818,45,393.762836
10.930909,32,394.039952
10.575,36,394.353255
-3.129394,144,395.587382
-1.659394,144,396.815146
10.47197,45,397.196882
10.632576,25,397.406935
10.819697,30,403.262571
10.910909,36,403.570266
10.796212,65,404.124881
10.697879,18,404.281185
10.960556,19,404.441348
10.213788,35,404.734129
10.739091,34,405.017433
9.010909,73,405.623439
10.752121,43,405.987719
10.713788,33,406.270509
10.521364,23,406.466046
11.641667,5,406.509713
-1.598788,144,407.727396
10.713788,33,408.007223
9.98,4,408.040603
10.607273,24,408.2377
11.195714,18,408.395985
10.805,39,408.727499
11.353571,15,408.853226
11.995,1,408.861015
10.845606,43,409.229114
10.628485,44,409.604132
10.78,4,409.637056
10.985,3,409.661897
10.533182,57,410.153612
10.898333,7,410.211571
10.701364,27,410.440758
10.840303,38,410.76514
10.355606,43,411.133472
10.859444,17,411.277067
10.759091,30,411.5298
11.185714,20,411.699275
10.657222,13,417.355194
10.805,39,417.686783
10.758333,15,417.813218
10.688485,32,418.089126
10.885606,35,418.388083
11.059848,85,419.108874
10.270303,54,419.571609
10.708485,28,419.81098
10.885606,35,420.100605
10.946818,47,420.501159
10.657222,13,420.613486
10.845,31,420.874243
10.860303,34,421.1652
10.287879,51,421.597331
10.559697,33,421.87193
10.992619,11,421.963817
10.380909,44,422.335113
10.259697,44,422.709133
10.289697,38,423.033347
10.532727,99,423.885529
10.638485,42,424.249691
9.99,2,424.26687
10.58197,23,424.458425
10.708485,28,424.699733
10.916212,41,425.056447
10.39,2,425.073845
10.936212,37,425.388079
10.723788,31,425.647494
11.313333,4,425.68092
10.896212,45,431.683097
10.686212,38,432.006408
10.764394,35,432.307109
10.183182,29,432.55348
10.835,33,432.832751
11.365,7,432.894064
10.607273,24,433.102205
10.556667,22,433.288664
10.926212,39,433.619861
10.693182,25,433.830195
10.732121,47,434.233115
10.836818,29,434.480111
10.759091,30,434.727142
10.910909,36,435.030632
11.155,9,435.108994
10.986111,25,435.315614
11.002121,42,435.669196
10.552222,14,435.79306
10.707778,14,435.910301
11.995,1,435.919244
11.995,1,435.928208
10.501818,16,436.066559
10.323333,55,436.540325
11.283333,10,436.62532
10.661515,49,437.044372
10.527273,40,437.390546
10.77,6,437.442308
11.012121,40,437.788457
10.798889,18,437.943258
10.388485,43,438.313146
9.75,1,438.321178
10.819697,30,438.577984
10.975,5,438.620742
11.011111,20,438.796718
10.809697,32,439.071729
10.835,33,439.356074
10.976818,41,439.703092
10.885606,35,439.996778
10.575,36,440.304897
11.365,27,446.13898
11.012121,40,446.476575
11.061667,21,446.656089
10.886212,47,447.054585
10.56197,27,447.280171
11.08803,43,447.642864
11.002121,42,447.98905
9.807424,91,448.763168
10.706818,46,449.15179
10.936212,37,449.463835
9.99,2,449.480451
11.026667,8,449.549421
10.688485,32,449.816905
10.632576,25,450.027503
10.930909,32,450.301479
10.57197,25,450.51401
10.713788,33,450.790848
10.58197,23,450.989745
11.17,6,451.038339
11.263333,14,451.156748
10.436818,51,451.59111
10.756818,36,451.891366
10.570303,43,452.25875
11.262143,19,452.414276
10.418636,20,452.584375
10.683182,27,452.810998
10.473333,12,452.911575
11.173095,13,453.020397
10.992619,11,453.111585
10.835,33,453.386884
11.143939,50,453.817387
10.33197,24,454.021262
10.683182,27,454.252733
10.661667,1,454.261182
10.708485,28,454.505409
10.926212,39,460.371733
10.850303,36,460.676085
10.764394,35,460.9733
10.845,31,461.239608
10.652727,75,461.873305
10.535,44,462.248989
10.936212,37,462.561551
10.506061,20,462.73197
10.936212,37,463.043087
11.015152,51,463.484074
10.825606,47,463.877859
10.784394,31,464.141485
10.597273,26,464.360499
10.637879,30,464.613924
11.320455,45,464.988765
11.063333,54,465.462645
10.627879,32,465.733314
10.835,33,466.011529
11.115152,80,466.69348
10.476061,26,466.919765
10.671515,47,467.322663
10.617273,22,467.511071
10.501364,27,467.736828
10.708485,28,467.973695
10.986818,39,468.324216
10.946212,35,468.625438
11.011111,20,468.794378
11.641667,5,468.833092
10.788889,20,474.605387
10.668485,36,474.909626
11.442727,46,475.303607
10.910909,36,475.609112
10.656212,44,475.980086
10.926818,51,476.418178
10.856818,25,476.631058
10.559697,33,476.912807
10.733788,29,477.160152
10.992619,11,477.252806
11.062727,42,477.607282
10.718485,26,477.827153
10.885606,35,478.118852
10.794394,29,478.366665
10.521364,23,478.566173
10.815,37,478.879776
10.825,35,479.178291
10.799697,34,479.47167
10.799697,34,479.767314
10.430152,17,479.912595
10.888636,46,480.312464
10.835,33,480.592939
10.328333,1,480.602132
10.700909,29,480.84596
10.795,32,481.121706
10.910909,36,481.426361
10.739091,34,481.712676
10.855606,41,482.058675
11.985,3,482.084419
10.566667,20,482.252077
10.683182,27,482.480536
10.769697,40,482.819859
10.936212,37,483.124454
10.91,18,488.816289
10.936212,37,489.128876
10.941818,39,489.45521
11.128636,47,489.854628
10.733788,29,490.10071
10.940909,30,490.360564
10.480758,19,490.521503
11.037424,41,490.865437
10.910909,36,491.174689
10.846818,27,491.403377
10.961515,38,491.719519
10.941515,42,492.076684
10.809697,32,492.348878
10.708485,28,492.588424
11.026667,8,492.657352
10.556667,22,492.841871
11.003636,32,493.120377
10.961515,38,493.437404
10.774394,33,493.7162
10.885606,35,494.02035
10.556667,22,494.20765
10.632576,25,494.417911
10.919242,52,494.866523
10.708485,28,495.108209
10.759091,30,495.361581
10.835,33,495.639075
11.173939,44,496.012848
10.961515,38,496.333588
11.995,1,496.341775
10.808889,16,496.477739
10.986818,39,496.814403
11.224545,46,497.205189
10.809697,32,503.009908
10.683182,27,503.24665
9.75,1,503.255095
10.799697,34,503.547502
10.885606,35,503.847681
11.012121,40,504.188352
10.733788,29,504.441893
10.936212,37,504.758437
10.657879,26,504.980674
10.440152,15,505.10889
11.037424,41,505.456732
11.313333,4,505.491816
10.585,3,505.517733
9.75,1,505.5258
10.698485,30,505.781808
11.281061,65,506.336964
10.920909,34,506.625626
10.976818,41,506.968067
10.724394,43,507.329948
10.453788,36,507.630109
10.860303,34,507.915479
11.567222,31,508.179606
10.657879,26,508.397653
10.607273,24,508.600358
10.961515,38,508.923748
10.774394,33,509.20315
10.531429,8,509.268878
11.017424,45,509.651144
11.118636,49,510.078648
10.661667,1,510.087901
10.794394,29,510.335294
10.602576,31,510.603824
11.071667,19,510.771105
10.908636,42,511.122946
10.885606,35,511.424828
10.865606,39,517.295491
10.708485,28,517.534333
10.885606,35,517.830745
10.835,33,518.105983
10.413182,32,518.386823
10.875606,37,518.697719
10.657879,26,518.921352
10.559697,33,519.200723
10.856818,25,519.414286
10.721905,8,519.484086
11.012121,40,519.830096
10.730714,11,519.923309
10.985,3,519.948796
10.719091,38,520.266366
10.986818,39,520.597917
10.951515,40,520.934821
10.696212,36,521.244058
10.759697,42,521.597803
10.812727,43,521.962069
10.985,3,521.987198
10.708485,28,522.226323
10.632576,25,522.440464
11.224545,46,522.832863
10.975,5,522.876043
10.829697,28,523.109416
11.143939,50,523.528342
10.677879,22,523.715675
10.521364,23,523.908703
10.612576,29,524.162804
10.961515,38,524.489877
10.430152,17,524.634117
10.683182,27,524.865779
10.506061,20,525.039594
10.693182,25,525.249981
11.995,1,525.258714
10.718485,26,525.481818
10.656667,2,525.499681
10.885606,35,525.798708
11.012121,40,531.672721
10.718485,26,531.888211
10.835,33,532.169749
10.936212,37,532.477599
10.835,33,532.755324
10.683182,27,532.983617
11.239848,49,533.402205
10.739091,34,533.692334
10.916212,41,534.03995
-4.708077,169,535.585428
-2.132692,169,537.021881
10.328333,1,537.037434
-1.884872,169,538.458743
10.898182,24,538.661591
-2.725256,169,540.079134
-2.249487,169,547.113601
10.975,5,547.15623
-1.152692,169,548.587831
11.323333,2,548.60743
-6.038462,169,550.043332
-1.656923,169,551.488004
-1.768077,169,552.935385
-1.731026,169,554.380025
10.598205,106,560.890781
10.591154,51,561.324234
11.065,27,561.555391
10.975,5,561.596987
11.143889,29,561.845196
10.662436,47,562.248846
10.975,5,562.291112
10.516026,25,562.503225
10.661154,37,562.810911
10.610513,42,563.168048
10.996429,15,563.302507
10.464744,25,563.519074
10.824444,26,563.737087
-2.645513,169,565.166071
-1.950385,169,566.605024
10.357564,51,567.03617
9.697564,85,567.762246
10.328333,1,567.772093
10.436026,41,568.119582
10.564545,18,568.27375
10.247564,73,574.482325
10.606667,12,574.581253
10.794091,23,574.775511
10.61859,25,574.99304
10.533718,34,575.277283
10.611154,47,575.673712
11.313333,4,575.706694
10.485385,26,575.931404
9.98,4,575.966103
9.891795,49,576.384038
10.651795,44,576.768463
-0.793718,169,578.207589
10.422436,46,578.601498
10.733077,38,578.926061
11.262143,19,579.092922
9.28141,101,579.93509
10.590513,46,580.318033
10.617879,34,580.600158
10.846282,41,580.946673
10.661154,37,581.262068
-1.870641,169,582.709713
10.795,41,583.061672
10.516026,25,588.873714
10.346282,43,589.243401
10.996429,15,589.377797
10.985,3,589.40274
10.856923,44,589.77753
-1.819359,169,591.220086
10.60859,27,591.451833
10.828846,65,592.003786
10.36141,81,592.696591
10.681154,33,592.983171
10.631667,7,593.04328
11.323333,2,593.060792
10.893889,30,593.316274
10.433462,21,593.497208
10.567949,30,593.751653
10.641667,5,593.794481
10.775641,50,594.221124
9.754359,48,594.627376
10.797143,12,594.729295
10.982051,60,595.236907
10.713718,47,595.641878
10.579872,43,595.998362
11.985,3,596.025226
10.755,49,596.435314
10.815,37,596.745272
10.754615,77,597.401975
10.742436,31,603.196714
10.681154,33,603.477388
9.75,1,603.485478
10.421154,36,603.787994
10.724359,50,604.205519
10.843571,17,604.350393
10.485385,26,604.573188
10.656667,2,604.591722
10.476026,33,604.873287
10.207308,48,605.272915
10.805,39,605.605916
10.812143,9,605.682994
10.337949,27,605.917553
10.662436,47,606.311275
10.513718,38,606.63762
10.432436,44,607.010637
10.410513,33,607.289301
10.650513,34,607.575291
10.280128,87,608.312702
-1.819359,169,609.741541
10.885606,35,610.045432
11.022692,57,610.527648
10.486667,36,610.82851
10.664286,10,610.915658
10.877564,45,611.301866
10.722436,35,611.599146
10.930909,32,617.408165
9.75,1,617.416219
10.755,49,617.836131
10.970128,47,618.22515
10.487308,41,618.570719
10.433462,21,618.742954
10.661667,1,618.750775
10.825641,40,619.089812
10.660513,32,619.360172
10.825,35,619.649343
10.307308,28,619.884267
10.846282,41,620.227218
10.867778,22,620.410204
-5.767821,169,621.842463
9.99,2,621.861178
10.795641,46,622.260505
10.661667,1,622.269422
10.907222,23,622.466544
10.815,37,622.780813
10.887564,43,623.152792
10.660513,32,623.429281
10.558205,65,623.979827
10.567308,25,624.186948
10.815,37,624.503722
11.155,9,624.578756
11.129286,17,624.720091
10.797564,61,625.241496
11.063333,54,625.69932
10.126667,59,631.811349
10.651154,39,632.141653
10.671795,40,632.487736
10.971515,36,632.791081
10.656667,2,632.806753
9.75,1,632.814496
11.083974,55,633.275589
10.743077,36,633.585378
10.898205,46,633.978341
10.985,3,634.002456
10.398636,46,634.397647
10.693077,46,634.794976
10.656667,2,634.811617
10.722436,35,635.110756
10.849487,66,635.673455
10.753718,39,635.999066
10.648205,47,636.398085
10.328333,1,636.407404
10.814359,32,636.689104
10.940128,53,637.141073
9.75,1,637.149347
10.641667,5,637.190811
11.062692,49,637.608823
10.546282,52,638.045634
10.980128,45,638.433693
10.660513,32,638.70153
10.668846,48,639.110255
10.897564,41,639.4591
10.970128,47,639.869677
10.45119,5,639.915082
10.907564,39,645.78708
10.162821,21,645.962891
10.637564,44,646.341752
10.637564,44,646.721783
10.639872,31,646.981245
10.670513,30,647.235425
10.730714,11,647.327785
10.678205,41,647.670708
10.723077,40,648.010747
10.878182,28,648.246603
11.062857,16,648.378804
11.185714,20,648.551035
10.546667,24,648.759118
10.661667,1,648.769011
10.408205,46,649.160587
10.305,41,649.509605
10.795641,46,649.896348
10.950769,56,650.367014
10.585,3,650.392079
10.639872,31,650.653143
11.162778,23,650.848084
10.928846,45,651.227194
10.854615,57,651.707755
10.743718,41,652.06131
11.063333,54,652.517878
10.753718,39,652.847526
10.579231,38,653.175973
10.866923,42,653.535308
10.938846,43,653.901222
11.323333,2,653.917475
10.441795,37,654.233033
10.616923,43,660.126252
10.888182,26,660.343963
10.806282,49,660.761099
11.44381,16,660.891023
10.907179,67,661.464896
10.567949,30,661.722647
10.585,3,661.747838
10.733718,43,662.120216
10.495385,24,662.327548
10.996429,15,662.458926
10.461795,33,662.739033
10.888205,48,663.153641
9.75,1,663.161967
10.897564,41,663.511381
10.340303,40,663.853556
11.985,3,663.879254
11.042692,53,664.331218
10.639872,31,664.593046
10.784359,38,664.914611
10.59859,29,665.162753
11.461429,22,665.35032
10.866923,42,665.702908
10.649872,29,665.949921
10.296667,25,666.164273
10.959487,44,666.542398
10.495385,24,666.747013
10.753718,39,667.078852
10.825641,40,667.422735
10.897564,41,667.765929
10.544359,37,668.078698
11.103974,51,668.512585
11.17,6,668.562431
11.461429,22,674.370428
10.907179,116,675.354089
10.898333,7,675.414607
10.887564,43,675.783202
11.025556,26,676.009449
10.69141,64,676.562758
10.763718,37,676.879051
10.611795,52,677.326523
10.472436,36,677.63175
9.75,1,677.639845
10.847564,51,678.068578
10.846282,41,678.4164
11.025556,26,678.641744
10.322143,7,678.702808
10.763718,37,679.013147
10.227308,44,679.380153
10.982692,65,679.938526
10.618205,53,680.391667
11.155,9,680.468886
10.97141,57,680.946885
10.701795,34,681.230829
10.773718,35,681.531194
10.78,4,681.565891
10.779697,38,681.883407
10.711795,32,682.155066
10.785,43,682.518604
10.950128,51,682.953101
10.763718,37,688.822883
10.743718,41,689.175785
10.835641,38,689.500152
10.866923,42,689.867981
10.722436,35,690.166342
10.992619,11,690.260793
11.03141,45,690.648623
10.784394,31,690.913525
11.01141,49,691.337058
11.641667,5,691.379246
10.719487,43,691.743022
10.835641,38,692.066458
11.052692,51,692.497167
10.309615,15,692.626951
10.410513,33,692.910777
10.622576,27,693.145049
10.700128,52,693.589654
10.59859,29,693.836147
10.482436,34,694.130191
10.660513,32,694.40469
11.043333,58,694.89464
10.899487,56,695.374401
10.928846,45,695.762699
11.073333,52,696.212773
11.073333,52,696.65337
10.691795,36,696.967125
10.986111,25,697.180515
10.577949,28,702.956822
10.928846,45,703.340729
10.660513,32,703.610989
10.805,39,703.948002
10.763718,37,704.261371
10.60859,27,704.486131
10.637564,44,704.853621
10.596282,42,705.210103
10.39,2,705.228777
11.125897,62,705.749361
10.58859,31,706.006192
10.681795,38,706.331482
10.992051,58,706.828712
10.633077,58,707.323577
10.763718,37,707.640803
10.805,39,707.971118
10.784359,38,708.293364
10.93,14,708.408733
10.975,5,708.451085
11.163939,46,708.846802
10.743718,41,709.197345
10.649872,29,709.452449
10.50859,47,709.85432
10.619872,35,710.156484
10.908205,44,710.529765
10.585,3,710.558054
10.732436,33,710.837177
11.263333,14,710.954577
10.565,38,711.27685
11.025556,26,711.497428
10.585,3,711.525629
10.743077,36,717.443986
11.032051,50,717.876302
9.99,2,717.891787
10.701795,34,718.18622
10.639872,31,718.449174
10.599231,34,718.743362
11.026667,8,718.812522
11.073333,52,719.25807
10.908205,44,719.633584
10.754359,44,720.014449
10.722436,35,720.316409
11.995,1,720.3256
11.755,9,720.402565
10.946667,24,720.60664
11.104444,28,720.842334
10.513333,4,720.876898
10.805,39,721.201387
10.732436,33,721.479891
11.042692,53,721.931326
10.649872,29,722.180825
10.557308,27,722.411717
10.681154,33,722.692969
10.722436,35,722.987705
10.639872,31,723.260963
10.909545,29,723.508161
11.411667,11,723.602031
10.992619,11,723.697063
10.815,37,724.011721
10.895606,33,724.291197
10.985,3,724.316333
10.661667,1,724.32472
10.857564,49,724.742505
10.960128,49,725.169518
10.701795,34,725.460725
10.970128,47,725.861413
9.75,1,725.869131
10.417879,25,731.619858
10.866923,42,731.980674
10.59859,29,732.225523
10.639872,31,732.493301
10.784359,38,732.822655
10.451795,35,733.119342
10.693077,46,733.517267
10.938846,43,733.882657
11.804762,20,734.053528
10.722436,35,734.348839
11.01141,49,734.763377
10.898333,7,734.824235
10.795,41,735.17342
10.794359,36,735.483774
10.928846,45,735.868803
10.846282,41,736.210674
10.495385,24,736.417436
10.928846,45,736.797258
11.026667,8,736.86507
10.681154,33,737.146262
10.270714,3,737.171933
10.54859,39,737.517594
10.996818,37,737.832876
10.523974,118,738.838197
10.732436,33,739.125829
11.00141,51,739.562393
10.825641,40,739.913761
11.022051,52,745.902497
10.866923,42,746.26002
11.217821,59,746.758575
10.639872,31,747.022769
10.782051,51,747.452274
10.809697,32,747.728148
10.549872,49,748.145648
10.743077,36,748.452237
10.629872,33,748.730967
10.936212,37,749.056137
11.143889,29,749.303681
10.577949,28,749.537968
10.908205,44,749.904317
10.812143,9,749.979905
9.75,1,749.987417
10.825641,40,750.331452
10.970128,47,750.735342
11.032051,50,751.156847
11.093974,53,751.603465
10.970128,47,752.000197
10.797143,12,752.102526
10.949487,46,752.494191
11.138636,45,752.874053
10.866923,42,753.228943
10.758333,15,753.354041
10.970128,47,753.754428
11.01141,49,754.175962
11.01141,49,760.197221
10.918846,47,760.602368
10.876923,40,760.946461
10.939487,48,761.360178
10.392179,19,761.5175
10.577949,28,761.761877
10.990769,48,762.165415
10.330256,16,762.296926
10.701795,34,762.579845
10.846923,46,762.964575
10.681154,33,763.248312
11.365,7,763.307425
9.75,1,763.328565
-2.652308,196,765.002435
-2.834615,196,766.703007
10.585,3,766.730539
10.39,2,766.748445
-2.033681,196,768.4211
10.831923,49,768.856052
-4.662747,196,776.065097
-1.672308,196,777.745247
10.531364,21,777.925002
-2.023956,196,779.590148
11.129286,17,779.734931
9.75,1,779.744501
10.470455,15,779.87497
-3.23022,196,781.533436
-3.814615,196,788.740125
10.433077,49,789.150665
10.086099,65,789.710683
10.574231,39,790.044993
10.169121,44,790.414922
10.383077,59,790.917187
9.675165,85,791.647499
10.564011,85,792.365075
10.690055,51,792.801241
-1.452527,196,794.451269
-1.192033,196,796.144311
9.797253,43,796.508618
10.39,2,796.52523
10.070055,77,797.165858
10.595909,19,797.326057
9.75,1,797.333023
10.749444,19,803.028659
10.565165,54,803.493106
10.778901,64,804.043741
10.960556,19,804.206118
10.740055,41,804.561234
10.993636,34,804.853489
10.097967,89,805.61723
10.641667,5,805.660627
10.571923,101,806.529732
9.932363,43,806.901887
10.503297,40,807.247048
10.784945,54,807.702833
-1.936044,196,809.365953
-4.031154,196,811.044796
10.697033,54,811.508935
10.628187,37,817.408625
10.714011,55,817.882602
10.855879,53,818.327547
-2.60511,196,819.999928
10.747033,44,820.376176
10.713077,42,820.745233
-2.429286,196,822.430978
10.584231,37,822.748655
10.537967,99,823.595349
10.750989,52,824.036463
10.251209,59,824.546012
10.670055,55,825.008058
10.409835,102,825.86644
10.533297,34,831.693786
11.026667,8,831.763136
10.626813,112,832.710942
10.668636,19,832.876202
10.992619,11,832.96889
10.477747,57,833.452672
10.724725,61,833.975356
10.696099,41,834.325427
10.494011,50,834.753511
10.440055,52,835.201774
10.513333,4,835.237254
11.97,6,835.292128
10.740055,41,835.649189
10.364451,37,835.965526
10.334231,38,836.29116
10.456099,40,836.636986
10.707778,14,836.754979
10.814945,48,837.169537
11.313333,4,837.202372
10.619835,60,837.722739
10.487033,96,838.539861
10.617967,83,839.245163
10.611209,36,839.55064
10.422143,38,839.869865
10.594231,35,840.16212
10.851923,45,846.087596
9.963077,45,846.474801
10.611209,36,846.783566
10.760989,50,847.208549
10.214011,57,847.689865
10.704725,65,848.244081
10.677747,66,848.804702
10.225385,29,849.051801
10.534725,99,849.89488
10.841923,47,850.293195
10.594231,35,850.593555
10.679121,40,850.932035
10.265879,73,851.560741
10.69,22,851.745775
10.774011,43,852.117077
10.218407,26,852.340392
10.872857,54,852.800461
10.659121,44,853.1709
10.594231,35,853.473317
10.774945,56,853.953998
10.564945,49,854.367387
10.639121,48,860.325294
10.327747,87,861.066511
10.611209,36,861.374203
9.99,2,861.392132
10.863571,13,861.501073
9.75,1,861.509019
11.082857,12,861.610165
10.869835,59,862.114078
10.389121,49,862.532668
10.880909,42,862.891839
10.497033,45,863.27792
10.645165,38,863.603503
10.744011,49,864.017524
11.263333,14,864.138318
10.328901,56,864.615306
10.406813,58,865.104714
10.950769,56,865.597153
10.641667,5,865.642011
10.689121,38,865.963826
11.003889,28,866.204321
10.652143,41,866.553075
10.439121,39,866.887617
10.531209,52,867.336415
10.78,4,867.370852
10.509341,30,867.620449
11.013333,15,867.747091
9.99,2,867.764207
10.416099,48,868.172926
10.562857,67,868.763165
10.679121,40,874.65212
10.543297,32,874.92365
10.328333,1,874.933127
10.632857,53,875.396896
10.684011,61,875.91702
9.75,1,875.924828
10.900769,66,876.490741
11.162778,23,876.688596
10.693077,46,877.077229
10.443462,19,877.236572
10.697967,67,877.810983
11.129091,36,878.117582
10.927747,65,878.673647
10.841923,47,879.068657
10.747033,44,879.441627
10.679121,40,879.78583
10.745659,70,880.385747
10.686099,43,880.749342
10.505556,10,880.835213
10.464011,56,881.306747
10.622143,47,881.717042
10.447033,55,882.174917
10.985,3,882.201381
10.970556,17,882.346864
10.730055,43,882.710768
10.723077,40,883.046281
10.882857,52,889.107327
10.458407,27,889.338655
10.656099,49,889.761987
10.849444,19,889.924079
10.656667,2,889.940351
10.840303,38,890.257325
10.662143,39,890.593731
10.781923,59,891.094442
10.960556,19,891.25712
10.853571,66,891.822741
10.531429,8,891.891273
10.458407,27,892.122865
10.93,14,892.24415
10.340495,33,892.529394
11.062857,16,892.668395
10.611209,36,892.972179
10.960556,19,893.131627
10.475385,28,893.367462
10.734725,59,893.881543
10.730055,43,894.253338
10.943791,53,894.712935
10.747033,44,895.087585
10.683077,48,895.497969
10.760989,50,895.924736
10.672143,37,896.234362
10.875879,49,896.650878
10.856813,66,897.2187
11.082857,12,897.320547
10.713077,42,903.279991
9.75,1,903.286594
10.298901,62,903.82267
10.448681,76,904.467809
10.938681,76,905.106375
10.794945,52,905.549551
10.828333,21,905.722369
10.637033,66,906.278832
10.526319,31,906.547928
10.797967,47,906.945302
10.967747,57,907.424358
10.865879,51,907.853949
10.656667,2,907.871116
10.747033,44,908.249811
10.499341,32,908.520871
10.518681,111,909.46226
10.985,3,909.489716
10.975,5,909.531735
10.375165,43,909.890115
10.940909,30,910.148337
10.814945,48,910.553388
10.797967,47,910.953421
10.475385,28,911.189721
10.858901,48,911.604737
10.632857,53,917.667527
10.577253,34,917.952863
10.704011,57,918.433091
10.642143,43,918.797717
10.916813,54,919.258495
10.859835,61,919.772708
10.748901,70,920.380908
10.355879,55,920.854707
10.848901,50,921.282421
11.052637,62,921.811178
11.56,8,921.87961
10.287967,51,922.313858
10.577253,34,922.609504
11.103571,65,923.186179
10.713077,42,923.547534
10.866813,64,924.085718
10.885879,47,924.483992
10.850769,76,925.129302
10.608901,49,925.549369
9.75,1,925.556521
10.594231,35,925.855093
10.696099,41,926.204543
10.536319,29,931.995847
10.661667,1,932.00543
10.898333,7,932.065202
10.875879,49,932.484885
10.385,3,932.509285
10.662143,39,932.837141
10.717033,50,933.260267
10.896813,58,933.758469
10.543297,32,934.026796
10.686099,43,934.393318
10.69141,64,934.925899
11.995,1,934.934276
10.628187,37,935.244022
11.755,9,935.320679
10.469341,38,935.649775
10.814945,48,936.066213
10.848901,50,936.50849
10.409121,45,936.900369
10.421429,30,937.155102
10.774011,43,937.515118
10.681795,38,937.843843
10.780989,46,938.239195
10.740055,41,938.586913
10.513333,4,938.621715
10.672143,37,938.944675
10.737033,46,939.333381
10.858901,48,939.741948
10.541923,58,940.239322
10.376364,12,940.342309
11.093571,67,946.533441
10.664286,10,946.622585
10.424451,25,946.832934
10.696099,41,947.181596
10.591667,15,947.31323
10.926813,52,947.758486
10.78,4,947.79407
10.283182,18,947.943293
10.683182,27,948.175657
10.730055,43,948.5449
10.696099,41,948.897615
10.780989,46,949.288028
10.656667,2,949.305338
10.543297,32,949.57304
10.950769,56,950.054481
10.804945,50,950.484584
10.713077,42,950.835074
10.721905,8,950.90125
10.689121,38,951.228307
10.822637,108,952.148772
10.898333,7,952.209504
10.737033,46,952.600983
10.899835,53,953.053186
10.661667,1,953.061396
10.128187,39,953.389557
10.703077,44,953.766135
10.757033,42,954.123816
10.509341,30,954.384388
10.594231,35,954.678921
10.93,14,954.798301
10.696099,41,960.677361
10.863571,13,960.790195
10.984725,58,961.284777
10.725659,74,961.911707
10.662143,39,962.248283
11.072727,40,962.586859
10.899835,53,963.047892
11.035,33,963.32586
10.356538,21,963.500222
10.848901,50,963.920892
10.720055,45,964.297631
10.740055,41,964.643126
10.543297,32,964.915095
10.733788,29,965.159918
10.865879,51,965.595412
11.069615,63,966.137328
11.54,12,966.234983
10.926813,52,966.684051
10.417473,22,966.871392
10.899835,53,967.330307
10.77,6,967.380484
10.661667,1,967.389074
10.848901,50,967.820398
10.689121,38,968.142199
10.664286,10,968.227288
10.909545,29,968.470219
10.628187,37,968.79468
10.975,5,968.839314
10.714011,55,974.932863
11.255909,47,975.337199
10.926813,52,975.782345
10.788901,62,976.312577
10.662143,39,976.643209
11.17,6,976.698037
10.790989,44,977.071125
10.781923,59,977.578949
10.683077,48,977.992751
10.780989,46,978.387001
10.737747,54,978.847531
10.472363,33,979.132285
10.713077,42,979.483121
10.841923,47,979.88499
10.902381,10,979.966836
10.747033,44,980.342102
10.645165,38,980.665191
10.78,4,980.698043
10.710055,47,981.094542
10.638187,35,981.392422
10.317253,37,981.703806
10.916813,54,982.166891
10.814945,48,982.578034
10.974725,60,983.087037
10.598187,43,983.457701
10.774011,43,989.372985
10.645165,38,989.696572
11.155,9,989.770229
10.821923,51,990.196864
11.062857,16,990.335479
11.365,7,990.396596
10.896813,58,990.885286
10.464011,56,991.35895
10.564945,49,991.773912
10.740055,41,992.127522
10.458407,27,992.360933
10.958681,72,992.971491
10.564945,49,993.393987
10.594231,35,993.69256
11.079615,61,994.20917
11.094505,80,994.899675
10.450769,107,995.799923
10.621209,34,996.091143
10.721905,8,996.16072
10.788901,62,996.681166
10.906813,56,997.161425
10.533297,34,997.451158
10.710055,47,1003.469239
9.99,2,1003.486698
11.025556,26,1003.710913
10.797967,47,1004.109629
10.7,20,1004.280373
11.323333,2,1004.297506
10.77,6,1004.348301
10.509341,30,1004.605461
10.868901,46,1004.999657
10.608187,41,1005.361123
11.341111,34,1005.655421
10.892857,50,1006.084719
10.721364,23,1006.28241
10.916813,54,1006.744178
10.950769,56,1007.221555
10.797967,47,1007.626278
10.950769,56,1008.105793
10.754011,47,1008.503255
10.797967,47,1008.912678
10.882857,52,1009.361042
10.587253,32,1009.630726
10.585,3,1009.6556
11.985,3,1009.682728
11.313333,4,1009.715588
10.819697,30,1009.975795
10.585,3,1010.001636
10.645165,38,1010.327675
11.026667,8,1010.399199
10.649835,54,1010.859684
10.848901,50,1011.285094
10.629231,28,1011.523901
10.683077,48,1011.933099
10.814945,48,1017.958946
10.706099,39,1018.294266
11.17,6,1018.34769
10.713077,42,1018.711677
10.856593,110,1019.656783
10.645165,38,1019.980681
11.56,8,1020.048274
10.797967,47,1020.453746
10.641667,5,1020.499167
10.645165,38,1020.830484
10.560275,33,1021.113016
10.730055,43,1021.486447
10.967747,57,1021.980971
11.183333,30,1022.236348
10.933791,55,1022.712629
10.764011,45,1023.097515
10.655165,36,1023.403373
10.846282,41,1023.757313
10.907222,23,1023.948788
10.533297,34,1024.236538
10.977747,55,1024.706264
10.557308,27,1024.936098
10.689121,38,1025.266555
11.120549,66,1025.830341
10.748681,65,1026.388044
10.441429,26,1032.148735
11.112222,22,1032.334616
10.594231,35,1032.629087
10.804945,50,1033.050035
10.737033,46,1033.442422
10.805879,63,1033.979088
10.696099,41,1034.324748
10.787967,49,1034.748685
9.75,1,1034.755409
11.025556,26,1034.979938
11.313333,4,1035.014288
10.975,5,1035.05705
11.183333,30,1035.31721
10.858901,48,1035.721269
10.645165,38,1036.042197
10.916813,54,1036.507403
11.365,7,1036.565175
10.933791,55,1037.026866
10.657222,13,1037.131854
10.661667,1,1037.140615
10.723077,40,1037.475802
10.996429,15,1037.601443
11.323333,2,1037.619836
10.791923,57,1038.100271
10.788901,62,1038.613418
11.466111,29,1038.856169
10.641667,5,1038.898421
11.018681,60,1039.403147
10.831923,49,1039.814936
10.916813,54,1040.274575
10.992637,74,1046.454607
10.628187,37,1046.776696
10.780989,46,1047.162875
11.995,1,1047.171966
10.780989,46,1047.553907
10.601209,38,1047.87898
10.825879,59,1048.383888
10.662143,39,1048.720799
9.75,1,1048.727319
10.509341,30,1048.986763
11.466111,29,1049.236431
10.645165,38,1049.569395
10.631111,16,1049.701424
10.975,5,1049.743407
10.859444,17,1049.887418
10.899835,53,1050.339686
10.992619,11,1050.433141
10.662143,39,1050.762345
10.992619,11,1050.857906
10.621209,34,1051.149937
10.812143,9,1051.228448
10.848901,50,1051.649942
9.797033,136,1052.800182
11.018681,60,1053.312329
10.804945,50,1053.734251
11.097727,35,1054.027941
10.740055,41,1054.382214
10.811667,22,1054.566484
11.001703,59,1060.616664
10.848901,50,1061.042521
10.679121,40,1061.379526
11.018681,60,1061.883487
10.916813,54,1062.346094
10.815879,61,1062.862174
11.052637,62,1063.398167
11.461429,22,1063.582771
10.747033,44,1063.960842
10.764011,45,1064.343877
10.723077,40,1064.689196
10.984725,58,1065.183167
10.385,3,1065.209109
10.907222,23,1065.40216
10.950769,56,1065.886662
10.730055,43,1066.24518
-4.286667,225,1068.452028
-1.382143,225,1076.019723
10.788889,20,1076.194302
10.632576,25,1076.414014
-5.228571,225,1078.341549
9.75,1,1078.351084
9.75,1,1078.360739
10.590303,39,1078.687154
-2.405476,225,1080.609915
11.323333,2,1080.628723
-2.930952,225,1082.55285
-1.877381,225,1090.078421
10.715,57,1090.560758
10.398571,6,1090.613153
10.992143,24,1090.813793
9.792381,183,1092.370145
11.034545,84,1093.092915
-3.725714,225,1095.043272
-2.103333,225,1096.981911
9.990714,121,1098.016306
11.38,44,1103.933285
10.20381,55,1104.409874
-2.588095,225,1106.328588
11.363571,13,1106.447744
10.620238,55,1106.924574
-3.195,225,1108.863916
-6.967857,225,1110.805655
10.455455,18,1110.960875
9.054286,78,1111.637309
10.641667,5,1111.680527
10.549091,54,1112.145355
10.628333,61,1118.264272
9.75,1,1118.272302
10.730714,11,1118.371144
11.025556,26,1118.587551
11.233182,37,1118.909797
8.954524,166,1120.324964
10.39,2,1120.341658
-6.627619,225,1122.292568
11.658333,15,1122.422763
10.214286,91,1123.197617
10.082143,106,1124.109553
9.652619,132,1125.240788
10.495952,57,1125.726959
10.491667,35,1126.02866
10.516061,18,1126.183197
10.656667,2,1126.200589
10.21881,83,1132.520375
10.810714,55,1132.990597
11.323333,2,1133.00659
9.365238,141,1134.206008
11.641667,5,1134.247696
10.519762,37,1134.561826
10.642619,81,1135.252619
10.476429,50,1135.675599
10.716429,51,1136.113227
10.967747,57,1136.605902
-2.144048,225,1138.543525
10.420714,84,1139.266394
10.147619,51,1139.702278
11.755,9,1139.777893
10.541429,6,1139.831585
9.04881,170,1146.810592
10.808889,16,1146.948161
10.590238,61,1147.470951
10.501667,33,1147.754713
10.528095,62,1148.282803
10.718571,62,1148.818348
11.995,1,1148.826601
10.392143,44,1149.197085
10.770714,63,1149.722673
10.744524,53,1150.174155
10.192619,73,1150.795175
10.649286,84,1151.519115
10.425714,52,1151.971578
10.143333,29,1152.2211
10.967424,55,1152.693867
10.539048,87,1153.454643
10.789697,36,1153.754987
10.698571,66,1154.320977
9.75,1,1154.328246
10.661667,1,1154.340756
10.806667,52,1154.791795
10.355238,28,1155.031684
10.720476,54,1161.076123
10.692619,71,1161.68972
10.679121,40,1162.031049
10.446374,187,1163.653427
10.174524,69,1164.243325
10.180952,102,1165.124451
10.876905,57,1165.603651
11.755,9,1165.678939
10.364762,99,1166.527596
10.827143,86,1167.258423
10.822692,48,1167.666016
10.604048,43,1168.043798
11.641667,5,1168.087558
10.556667,102,1168.975762
10.718571,62,1169.513083
10.346538,23,1169.708682
10.562222,12,1169.810782
10.721905,8,1169.878242
10.470714,74,1176.097399
-2.144048,225,1178.015018
10.500714,68,1178.598733
10.393333,28,1178.837091
10.852857,58,1179.335877
10.658333,55,1179.810904
10.69,22,1179.999347
10.636429,67,1180.569543
10.282619,55,1181.046208
10.670556,17,1181.191336
10.63619,48,1181.598581
10.267857,46,1181.988613
10.784011,41,1182.341862
11.283333,10,1182.429203
10.656667,2,1182.446552
10.385,3,1182.4715
9.835952,42,1182.82397
10.899048,64,1183.373064
10.664286,50,1183.802672
10.985,3,1183.828523
10.605,70,1189.963247
10.649048,65,1190.521319
10.764011,45,1190.904366
10.786667,56,1191.387668
11.263333,14,1191.504563
10.654286,52,1191.951799
10.398333,58,1192.443446
11.011111,20,1192.617244
10.800714,57,1193.099886
10.604048,43,1193.46507
10.746667,64,1194.011251
10.505714,36,1194.315518
10.62619,50,1194.734507
9.99,2,1194.7544
10.178571,72,1195.365078
10.733788,29,1195.616352
10.480476,53,1196.061686
10.656667,2,1196.078526
10.6,40,1196.435924
10.826905,67,1197.005426
10.716429,51,1197.443644
10.766667,60,1197.964824
10.332143,5,1198.007504
10.439524,34,1198.299721
10.702381,50,1204.339682
10.714762,78,1205.011837
10.876905,57,1205.50412
11.067727,41,1205.857411
10.797143,12,1205.962127
10.780714,61,1206.486577
10.662381,58,1206.988763
10.451667,43,1207.349274
10.606667,12,1207.453348
10.328333,1,1207.46101
10.641667,5,1207.504088
10.256667,2,1207.521714
10.774762,66,1208.093458
10.54381,36,1208.397751
10.786667,56,1208.87764
10.800714,57,1209.370394
10.25619,75,1210.012218
10.740476,50,1210.448709
10.661667,1,1210.457364
10.842857,60,1210.972382
10.180952,151,1212.264751
10.556111,11,1212.357125
10.59859,29,1212.60758
9.99,2,1212.626522
10.407473,24,1212.829005
10.624524,77,1219.086292
10.752727,24,1219.290457
10.736429,47,1219.692488
10.476429,50,1220.124842
10.664286,50,1220.548857
10.768571,52,1220.983401
11.016667,10,1221.068394
11.995,1,1221.07814
10.660238,47,1221.487846
10.334286,67,1222.060261
10.557308,27,1222.291924
10.863571,113,1223.259768
10.749444,19,1223.421751
10.754524,51,1223.857795
10.656667,2,1223.874774
10.716429,51,1224.308818
10.650238,49,1224.726683
10.782619,53,1225.181382
10.684286,46,1225.577683
10.780714,61,1226.097291
10.730476,52,1226.553374
10.55,50,1226.985229
10.470476,55,1233.002986
10.744524,53,1233.454548
10.706429,53,1233.898482
10.804762,60,1234.415303
11.129091,36,1234.724263
-1.80119,225,1236.654102
10.456667,73,1237.279637
10.736667,66,1237.842602
10.898333,7,1237.899379
10.537857,41,1238.252373
10.842857,60,1238.748708
10.599231,34,1239.034402
10.981703,63,1239.563859
10.855879,53,1240.013421
11.028681,58,1240.49855
10.561905,40,1240.837206
10.354048,44,1241.215065
10.572857,65,1247.29532
10.575952,41,1247.644696
10.770952,82,1248.337672
10.670238,45,1248.723828
10.222857,24,1248.925646
10.630238,53,1249.368477
10.466429,52,1249.812034
10.796667,54,1250.271965
10.786667,56,1250.746735
10.772619,55,1251.214699
11.505,10,1251.296373
10.661667,1,1251.305738
11.641667,5,1251.346912
11.026667,8,1251.411096
10.618095,44,1251.782315
10.836905,65,1252.341245
10.78,4,1252.37623
10.519762,37,1252.702217
10.644286,54,1253.162271
10.491667,35,1253.463563
10.806667,52,1253.90694
10.505556,10,1253.991134
10.542857,71,1254.601104
10.59,42,1254.960035
10.632143,45,1255.346869
10.985,3,1255.374246
10.50881,123,1261.949471
10.712381,48,1262.355064
10.784762,64,1262.905919
10.975,5,1262.946654
10.670476,64,1263.491462
10.712381,48,1263.901771
10.935238,72,1264.512833
10.266026,26,1264.733354
10.744524,53,1265.184005
10.519762,37,1265.497184
10.59,42,1265.865709
10.618095,44,1266.242148
10.885606,35,1266.542359
11.323333,2,1266.559519
10.547308,29,1266.804117
10.385,3,1266.829957
10.541429,6,1266.878539
10.474524,58,1267.382886
10.951429,84,1268.093968
10.885,63,1268.624671
11.365,7,1268.686125
10.350238,60,1269.197941
10.826905,67,1269.76925
10.856905,61,1275.840503
10.648333,57,1276.327084
10.661667,1,1276.336436
10.975,5,1276.382328
10.385476,41,1276.740873
10.796667,54,1277.205641
10.403333,26,1277.434953
10.786667,56,1277.914431
10.640952,108,1278.847339
10.859444,17,1278.990931
10.733788,29,1279.23618
10.985,3,1279.262365
10.652857,98,1280.109847
10.541429,6,1280.161485
10.940909,30,1280.417558
10.730476,52,1280.867458
11.082857,12,1280.967116
10.788889,20,1281.139819
10.784762,64,1281.693523
10.937143,64,1282.237972
10.893571,58,1282.735127
10.740476,50,1283.168829
10.485714,40,1283.514446
10.452619,70,1284.11352
9.75,1,1284.121673
10.505714,36,1290.042746
11.44381,16,1290.184022
10.64619,46,1290.581228
10.993333,68,1291.15999
10.491667,35,1291.457664
10.847727,36,1291.763231
10.809697,32,1292.037024
10.899048,64,1292.578227
10.913095,65,1293.130144
10.505714,36,1293.435091
10.965238,66,1294.00427
10.661667,1,1294.01335
10.812857,66,1294.574583
10.478571,61,1295.094775
10.608095,46,1295.484775
10.885606,35,1295.786151
10.513333,4,1295.819262
10.712381,48,1296.226695
10.702381,50,1296.642246
10.608095,46,1297.043544
11.052692,51,1297.478635
10.856905,61,1297.995382
10.604048,43,1298.365219
10.356429,74,1304.625183
10.632143,45,1305.011057
11.314444,26,1305.234713
11.995,1,1305.242379
10.721364,23,1305.437978
10.640238,51,1305.879884
10.786667,56,1306.365378
10.720476,54,1306.825412
10.800714,57,1307.307172
10.64619,46,1307.698893
10.744524,53,1308.139734
10.656667,2,1308.156891
10.464048,71,1308.750167
10.82881,59,1309.24577
11.065,27,1309.480582
11.314444,26,1309.701054
10.656667,2,1309.719265
11.026667,8,1309.786073
10.872857,54,1310.243293
10.575952,41,1310.589463
10.949286,73,1311.211897
10.575952,41,1311.562773
10.565952,43,1311.936949
10.835,33,1312.222934
10.524762,67,1312.793719
10.745,91,1319.195758
10.865,67,1319.765905
10.842857,60,1320.275654
10.772619,55,1320.747723
10.786667,56,1321.215148
11.400556,31,1321.478654
10.575952,41,1321.825601
10.684286,46,1322.218379
10.62619,50,1322.650224
10.670238,45,1323.03744
10.694286,44,1323.417977
10.758571,54,1323.872795
10.585,3,1323.898337
10.688333,49,1324.311757
10.796667,54,1324.768535
9.75,1,1324.776462
10.752619,59,1325.27859
10.600238,59,1325.793344
10.772619,55,1326.260873
10.547857,39,1326.592822
10.53381,38,1326.914663
11.115714,74,1333.14359
10.632143,45,1333.525435
10.591667,15,1333.657158
10.945238,70,1334.252609
10.810714,55,1334.713033
10.688333,49,1335.128259
10.561905,40,1335.47879
11.301667,33,1335.767208
10.825641,40,1336.108173
11.365,7,1336.168204
10.688333,49,1336.594399
10.44,23,1336.796162
10.618095,44,1337.182893
10.404286,53,1337.640954
10.836905,65,1338.201603
10.873095,73,1338.831341
10.929286,77,1339.490997
10.955238,68,1340.073406
10.635,64,1340.632582
10.758571,54,1341.098661
10.606429,73,1341.723245
10.534048,57,1347.747085
11.011429,72,1348.357229
10.704524,61,1348.886892
11.353571,15,1349.012212
-2.065238,225,1350.917222
11.173095,13,1351.029007
10.658333,55,1351.497994
10.632143,45,1351.885461
11.995,1,1351.894304
10.585,3,1351.920218
10.519762,37,1352.236848
10.842857,60,1352.761774
10.622143,47,1353.163221
11.025556,26,1353.384103
10.786667,56,1353.85836
10.600952,67,1354.429888
9.97,6,1354.479694
11.129286,17,1354.627343
10.776667,58,1355.120731
10.325952,42,1355.482055
10.975,5,1355.526219
10.529762,35,1355.824366
10.959524,90,1362.203423
10.39,2,1362.221047
11.155,9,1362.29887
10.797143,12,1362.400932
11.17,6,1362.44978
10.786667,56,1362.933758
11.985,3,1362.961432
10.792619,51,1363.390621
10.866905,59,1363.894902
11.155,9,1363.971196
11.01141,49,1364.395172
10.734524,55,1364.86602
10.859444,17,1365.013034
10.39,2,1365.030299
10.547857,39,1365.36384
10.712619,67,1365.936436
10.688333,49,1366.357188
11.263333,14,1366.4745
11.985,3,1366.499836
10.654286,52,1366.950375
10.597857,9,1367.031657
10.618333,63,1367.568083
10.758571,54,1368.033147
10.676429,59,1368.540292
10.656667,2,1368.557014
10.39,2,1368.573704
11.353571,15,1368.699541
11.313333,4,1368.736452
11.011111,20,1368.903111
10.870952,62,1369.429417
10.736667,66,1369.995697
10.693182,25,1370.213154
10.997381,71,1376.431168
11.112222,22,1376.62169
10.885,63,1377.160683
10.933571,99,1378.016019
10.965238,66,1378.590274
10.410238,48,1379.002272
10.82881,59,1379.5012
10.495476,179,1381.040177
10.565952,43,1381.405419
10.83881,57,1381.893322
10.985,3,1381.918565
10.923095,63,1382.456622
10.772619,55,1382.930423
10.945238,70,1383.531699
10.797967,47,1383.940577
10.525476,75,1384.585412
10.984725,58,1390.61583
10.822857,64,1391.165942
10.702381,50,1391.593517
10.80881,63,1392.125951
10.867778,22,1392.304334
10.936212,37,1392.623176
10.692381,52,1393.067538
10.875,65,1393.623799
10.574762,57,1394.11701
10.740476,50,1394.543779
10.471667,39,1394.873824
10.82881,59,1395.375892
11.985,3,1395.402768
10.772619,55,1395.870775
10.800714,57,1396.352215
10.885,63,1396.88984
10.960556,19,1397.057425
10.716429,51,1397.48711
10.955238,68,1398.069145
11.173095,13,1398.178103
10.732857,82,1398.87455
11.995,1,1398.883732
10.328333,1,1398.891506
10.537857,41,1404.771498
10.82881,59,1405.268348
10.805,39,1405.59999
10.433571,39,1405.926949
10.856905,61,1406.43606
10.63619,48,1406.84204
11.668333,13,1406.95099
10.764524,49,1407.371902
10.716429,51,1407.803393
10.402857,99,1408.641611
10.638095,40,1408.989805
10.786667,56,1409.46936
10.899048,64,1410.006437
10.561905,40,1410.352462
10.66619,42,1410.711197
10.642143,43,1411.074003
10.796667,54,1411.532656
10.325952,42,1411.891612
11.995,1,1411.900212
10.82881,59,1412.407543
10.575952,41,1412.756161
11.082857,12,1412.859212
10.748571,56,1413.338959
10.860303,34,1419.244206
10.674286,48,1419.657601
10.856905,61,1420.183905
10.712381,48,1420.592482
10.675238,75,1421.227747
10.969286,69,1421.825307
10.615,68,1422.411094
10.83881,57,1422.895786
10.852857,58,1423.399404
10.279762,36,1423.708117
10.494524,54,1424.165586
10.674286,48,1424.586345
11.263889,25,1424.798765
10.870952,62,1425.328436
11.313333,4,1425.360156
10.676429,59,1425.87176
10.716429,51,1426.313469
10.832857,62,1426.840286
10.800714,57,1427.350868
10.718571,62,1433.408536
10.749444,19,1433.565469
9.98,4,1433.599278
10.794762,62,1434.128201
9.75,1,1434.135164
10.632143,45,1434.525645
10.702381,50,1434.957215
10.45119,5,1434.999708
10.997381,71,1435.602319
10.501667,33,1435.881811
10.702381,50,1436.315103
10.575952,41,1436.667133
10.614048,41,1437.019127
10.702381,50,1437.447533
10.975,5,1437.489434
10.909545,29,1437.740096
10.82881,59,1438.246068
10.614048,41,1438.602312
10.726429,49,1439.02668
9.97,6,1439.078249
10.959286,71,1439.675358
9.205,105,1440.564507
10.335952,40,1440.906229
11.191818,38,1441.23442
10.913095,65,1441.787053
10.614048,41,1442.136241
10.91,18,1447.89979
10.632143,45,1448.287507
10.702381,50,1448.714928
11.009524,80,1449.403862
10.797143,12,1449.510365
10.716429,51,1449.947898
10.80881,63,1450.489677
10.744524,53,1450.943305
10.813095,85,1451.670548
10.895,61,1452.19603
10.688333,49,1452.621765
10.561905,40,1452.965065
10.654286,52,1453.419501
10.641667,5,1453.464098
10.796667,54,1453.925297
10.842857,60,1454.433619
10.76141,50,1454.86592
10.547857,39,1455.205112
10.772619,55,1455.676008
10.898333,7,1455.736773
10.657143,120,1462.395486
10.618095,44,1462.779838
10.885,63,1463.31915
11.067619,76,1463.974377
10.509762,39,1464.304832
10.622143,47,1464.703276
10.585952,39,1465.037883
10.78,4,1465.072389
10.64619,46,1465.458811
10.674286,48,1465.865118
10.852857,58,1466.367038
10.946667,24,1466.576174
10.713077,42,1466.933757
10.556667,22,1467.118754
10.54381,36,1467.428634
10.82881,59,1467.930699
10.786667,56,1468.408652
10.730476,52,1468.850346
11.035,33,1469.132407
10.985,3,1469.158273
10.815455,26,1469.384585
10.828333,21,1469.567055
10.668333,53,1470.027063
9.75,1,1470.035325
10.909048,62,1470.556537
-2.241667,256,1478.487743
10.744524,53,1478.956222
11.527857,23,1479.14961
-2.136667,256,1481.350903
-2.865,256,1483.554011
-2.893333,256,1491.346632
7.578333,209,1493.146923
-2.931667,256,1495.330493
10.683182,27,1495.561055
-3.221667,256,1497.773778
-1.846667,256,1505.56375
8.081667,135,1506.722292
9.821667,92,1507.512643
11.411667,11,1507.605541
10.93,14,1507.724185
-3.093333,256,1509.937326
-2.331667,256,1512.149151
9.303333,150,1513.443788
10.91,18,1513.59421
10.664286,10,1513.680593
11.262143,19,1513.843184
-2.28,256,1521.542653
10.690909,31,1521.807267
-3.616667,256,1524.017967
10.752727,24,1524.233198
9.75,1,1524.240675
-4.106667,256,1526.424458
9.546667,206,1528.19228
10.261667,102,1534.584707
9.75,1,1534.591338
10.516667,50,1535.01219
-5.866667,256,1537.200531
-2.28,256,1539.38669
-5.12,256,1541.573988
10.396667,54,1542.032488
10.656667,2,1542.050711
10.463333,54,1542.508942
10.163333,45,1548.402617
10.815455,26,1548.624192
10.907222,23,1548.818812
10.098333,68,1549.400133
10.586667,56,1549.881926
7.318333,136,1551.034898
10.685,73,1551.656834
10.975,5,1551.700401
9.258333,247,1553.804218
11.283333,10,1553.890446
9.933333,82,1554.58992
10.465,7,1554.650223
10.4,71,1555.256499
10.611667,61,1555.773365
10.156667,84,1556.495557
10.828333,21,1556.674668
10.816364,35,1562.500619
10.258333,85,1563.215199
10.643333,58,1563.714012
10.635,83,1564.415198
10.756667,62,1564.943633
10.39,73,1565.563516
9.356667,77,1566.225896
10.298333,48,1566.642027
10.205,40,1566.993931
10.213333,135,1568.160121
11.17,6,1568.211176
10.777143,16,1568.345699
11.062727,42,1568.706839
8.793333,243,1570.791139
10.516667,70,1576.992306
9.676667,151,1578.305285
11.160455,37,1578.621371
10.615,67,1579.193855
11.323333,2,1579.21021
9.74,116,1580.204732
10.749444,19,1580.373269
10.43,65,1580.929758
10.536667,46,1581.334169
10.461667,82,1582.038772
10.77,6,1582.090481
9.966667,73,1582.72383
10.431154,34,1583.017789
10.758333,15,1583.142503
7.89,252,1585.311263
10.316667,141,1592.068738
10.638333,69,1592.659105
10.481667,118,1593.66165
10.385,84,1594.389887
11.160455,37,1594.710829
11.641667,5,1594.75213
10.585,3,1594.778589
9.328333,66,1595.334704
10.909545,29,1595.58173
-2.28,256,1597.77803
10.463333,134,1598.929364
10.481667,87,1599.667304
11.411667,11,1599.76311
10.675,55,1605.839313
10.898333,7,1605.899429
10.416667,61,1606.434289
11.365,7,1606.497473
10.086667,27,1606.726048
10.39,2,1606.743331
10.627273,20,1606.914265
10.701667,63,1607.461337
10.498333,68,1608.050455
10.758333,65,1608.611057
10.746667,64,1609.163966
10.670556,17,1609.309281
10.791667,65,1609.86991
10.560275,33,1610.16066
-1.646667,256,1612.368607
10.78,4,1612.406847
10.683333,70,1613.006859
10.29,73,1613.646017
11.17,6,1613.69714
10.784091,25,1613.91166
10.041667,68,1620.093369
10.69,22,1620.286479
10.528333,82,1621.003438
10.56,48,1621.417005
10.418333,144,1622.663001
10.586667,56,1623.154187
10.44,63,1623.701481
10.735,63,1624.251307
10.466667,71,1624.866826
10.0,122,1625.905682
10.631667,57,1626.39384
9.781667,120,1627.426636
11.01141,49,1627.857991
10.618333,53,1628.30755
10.557308,27,1628.536608
10.618333,53,1634.585361
10.755,59,1635.084217
10.443333,89,1635.835671
10.726667,68,1636.418323
10.771667,89,1637.175088
10.528333,51,1637.610526
10.595,71,1638.227026
10.578333,81,1638.923404
11.995,1,1638.933178
10.721667,59,1639.435197
10.618333,53,1639.887244
10.415,58,1640.380969
9.481667,229,1642.350057
10.58,64,1642.893502
10.722436,35,1648.731384
10.751667,73,1649.36048
10.533333,60,1649.872857
10.55,50,1650.304441
10.583333,90,1651.07274
10.71,58,1651.55863
10.707778,14,1651.679133
10.39,53,1652.142015
10.635,63,1652.684237
10.328333,1,1652.692811
10.488333,130,1653.800696
10.468333,94,1654.603852
11.283333,10,1654.690029
10.84,72,1655.307729
10.52,56,1655.787177
10.835,63,1656.31775
10.665,57,1656.798626
10.501667,43,1657.170452
10.28,55,1663.24886
10.386667,67,1663.821874
10.848333,67,1664.38652
10.575,115,1665.384793
10.738571,58,1665.892261
10.698333,57,1666.382853
10.745,81,1667.081328
10.743333,78,1667.746943
10.645,61,1668.268164
10.241667,126,1669.352847
10.67,66,1669.906541
10.13,56,1670.390096
10.78,4,1670.427069
10.730055,43,1670.809841
10.231667,48,1671.206917
10.846818,27,1671.43508
10.628333,51,1671.859566
10.808333,75,1678.041541
10.414286,11,1678.13321
10.695,71,1678.738802
10.560275,33,1679.015917
10.371209,35,1679.312812
10.618333,104,1680.200649
10.726667,68,1680.782075
10.536667,26,1681.001999
10.821667,79,1681.674623
10.728333,91,1682.459764
10.538333,89,1683.215319
10.657879,26,1683.454067
11.262143,19,1683.618873
10.516026,25,1683.835562
10.665,57,1684.339057
10.368333,54,1684.807237
10.641667,5,1684.849435
10.42,36,1685.157777
10.688333,59,1685.677756
10.805,69,1691.866858
-2.246667,256,1694.060093
10.426667,59,1694.564892
10.573333,52,1695.011122
10.655,59,1695.515955
10.65,50,1695.942393
10.49,42,1696.30076
10.571667,49,1696.728681
10.475385,28,1696.967027
10.573333,72,1697.58865
10.7,60,1698.10741
10.733333,60,1698.624506
10.616667,50,1699.052436
11.323333,2,1699.069869
10.893333,88,1699.828704
10.438333,60,1700.344882
10.263333,76,1706.543396
10.701667,63,1707.083016
10.7,60,1707.594609
10.485,64,1708.140553
10.698333,57,1708.634513
10.521667,59,1709.132707
10.975,5,1709.17308
10.735,83,1709.88652
11.755,9,1709.963551
10.994725,56,1710.4498
10.93,14,1710.568902
10.68,64,1711.115731
10.661667,1,1711.124707
10.673333,52,1711.574185
10.385,33,1711.851574
10.444103,24,1712.055852
10.831923,49,1712.488886
10.455,39,1712.827353
10.595909,19,1712.991036
10.78,4,1713.025411
11.395,21,1713.208366
10.413333,95,1714.019087
10.681667,67,1714.596192
10.576667,58,1720.637972
10.608333,55,1721.115788
10.45,61,1721.643554
10.375,77,1722.309611
10.985,3,1722.335745
10.688333,59,1722.851666
10.568333,43,1723.215122
10.561667,71,1723.821848
10.541667,75,1724.46366
10.996818,37,1724.786997
10.641667,55,1725.256453
10.128333,53,1725.703106
10.513333,44,1726.073203
10.793333,68,1726.653317
10.746667,64,1727.194203
10.955,99,1728.051041
10.675,55,1728.525448
10.735,63,1729.053076
10.468333,43,1734.968657
10.730714,11,1735.062539
10.815,67,1735.644391
10.378333,41,1735.995913
10.657879,26,1736.223659
9.742436,133,1737.365238
10.733333,60,1737.873307
10.407727,13,1737.987803
10.828333,21,1738.171713
10.655,59,1738.681457
10.658333,45,1739.066636
10.651667,93,1739.864913
10.591667,65,1740.417773
10.71,58,1740.907606
10.783333,70,1741.506696
10.446667,44,1741.883734
10.758333,15,1742.013454
10.940909,30,1742.26374
10.797143,12,1742.365523
10.996429,15,1742.493427
10.658333,65,1743.043395
10.74,72,1749.174953
10.783333,70,1749.778882
10.771667,69,1750.354472
10.668333,83,1751.061229
10.156667,53,1751.506641
10.875,75,1752.146385
10.503333,77,1752.801662
10.680556,15,1752.930411
10.536667,46,1753.322721
10.576667,89,1754.081318
10.859444,17,1754.227197
10.633333,60,1754.745189
10.595,51,1755.180736
10.698485,30,1755.436734
11.365,7,1755.494939
10.171667,80,1756.182448
10.945,81,1756.874924
10.683182,27,1757.106159
10.902381,10,1757.19194
10.941667,75,1763.438709
9.99,2,1763.456134
11.17,6,1763.50521
10.678333,61,1764.025209
10.425,56,1764.505923
10.735,63,1765.041107
10.805,69,1765.62986
10.291667,56,1766.104725
11.323333,2,1766.121462
10.38,55,1766.593255
11.155,9,1766.666816
10.425,56,1767.144924
10.195,1,1767.153896
10.54,52,1767.60092
10.623333,62,1768.138252
10.668333,63,1768.685762
10.758333,65,1769.238582
10.765,88,1769.98782
10.576667,58,1770.482994
10.608333,55,1770.95278
11.107727,33,1771.230776
10.688333,59,1771.73239
10.735,83,1778.031244
10.836667,86,1778.761184
10.276667,49,1779.189737
10.698333,57,1779.682459
10.831923,49,1780.09532
10.627273,20,1780.269738
9.796667,47,1780.665952
10.735,63,1781.202461
10.608333,55,1781.677913
10.765,57,1782.163134
10.749444,19,1782.331148
10.483333,81,1783.025465
10.623333,73,1783.653986
10.873333,72,1784.269408
10.58,75,1784.909084
10.788889,20,1785.075285
10.531667,68,1785.649697
9.75,1,1785.656173
10.707778,14,1785.775273
10.902381,10,1785.858388
10.385,124,1792.516211
10.676667,58,1793.017316
10.645,61,1793.539933
10.565,97,1794.379363
10.613333,64,1794.931401
10.74,72,1795.549621
10.848901,50,1795.963741
10.44,52,1796.404178
10.708333,75,1797.043446
11.995,1,1797.051533
10.753333,76,1797.707877
10.63,74,1798.345261
10.758333,65,1798.897415
10.578333,92,1799.682487
10.631667,117,1800.68036
10.723333,62,1806.736963
10.7,60,1807.251655
10.645,61,1807.772141
10.631667,57,1808.261038
10.771667,69,1808.862363
10.663333,54,1809.318195
10.663333,74,1809.946628
10.74,72,1810.561426
10.42,36,1810.867196
10.907143,70,1811.469681
10.41,69,1812.060764
10.758333,65,1812.615176
10.688333,59,1813.113812
10.201795,36,1813.417702
10.5,60,1813.932682
10.641667,55,1814.402402
10.631667,57,1814.891763
10.806667,83,1821.164841
10.69,62,1821.698482
10.735,63,1822.23836
10.676667,58,1822.742906
10.513333,44,1823.127892
10.31,49,1823.547604
10.723333,62,1824.077624
10.661667,1,1824.086588
10.443333,38,1824.419794
10.666667,60,1824.931828
9.75,1,1824.939681
10.7,60,1825.459035
10.596667,74,1826.089288
10.721364,23,1826.289327
10.676667,58,1826.800956
10.801667,63,1827.341621
10.970128,47,1827.747474
10.84,72,1828.368418
10.473333,63,1828.911363
10.746667,64,1829.459131
10.033333,42,1835.442177
10.643333,58,1835.939128
10.793333,68,1836.528664
10.618333,53,1836.985044
11.263333,14,1837.107739
10.673333,72,1837.730958
10.733333,60,1838.245773
11.124615,52,1838.697962
10.583333,50,1839.121761
10.63,54,1839.581927
10.735,63,1840.121579
10.513333,4,1840.15605
10.476667,38,1840.483455
9.75,1,1840.49098
10.736667,66,1841.061745
10.551667,53,1841.521046
10.56,48,1841.931959
10.49,42,1842.292511
10.787967,49,1842.71262
10.68,64,1843.26496
10.55,50,1843.691217
10.536667,66,1849.858707
10.746667,64,1850.3983
10.648333,67,1850.97603
10.875,75,1851.617112
10.618333,53,1852.079981
10.746667,64,1852.638691
10.755,59,1853.149871
10.972273,31,1853.414249
11.026667,8,1853.482823
10.536667,77,1854.1507
10.708333,55,1854.627157
11.222778,31,1854.891252
10.533333,71,1855.496843
10.985,3,1855.521515
10.795,71,1856.137797
10.898333,7,1856.195659
10.478333,41,1856.550814
10.796667,74,1857.181037
10.735476,82,1857.887458
10.665,57,1858.376644
10.805,69,1864.499161
10.821667,79,1865.18103
10.7,60,1865.681929
10.843333,78,1866.356713
10.606667,52,1866.80895
10.328333,1,1866.816934
11.328571,20,1866.98815
10.811667,61,1867.518057
10.84,72,1868.137397
10.176667,60,1868.653071
10.688333,59,1869.165452
10.738333,69,1869.758624
10.725,65,1870.323042
10.985,3,1870.347879
10.525,45,1870.7247
10.711667,61,1871.243932
10.553333,56,1871.734881
10.63,54,1872.196084
10.606667,52,1872.644897
9.99,2,1872.661103
10.653333,56,1878.753814
10.836667,86,1879.500818
10.665,57,1879.992607
10.84,72,1880.610526
10.745,61,1881.137465
10.865879,51,1881.574197
10.426667,59,1882.080503
10.730714,11,1882.175012
10.660513,32,1882.447421
10.641667,5,1882.490584
10.560275,33,1882.773016
10.525,45,1883.149383
10.746667,64,1883.711001
10.595,51,1884.147213
10.38,55,1884.622857
10.548333,47,1885.019571
10.793333,68,1885.602823
9.99,2,1885.620428
11.183333,30,1885.877311
10.684286,46,1886.265348
10.991667,85,1887.000692
11.995,1,1887.009202
11.313333,4,1887.040638
10.670556,17,1892.781069
10.616667,50,1893.218252
10.7,60,1893.739342
10.816667,70,1894.347986
10.6,80,1895.050863
10.31,49,1895.474094
10.931667,77,1896.133702
10.37,66,1896.69423
10.602143,51,1897.130799
10.896667,74,1897.768682
10.985,3,1897.794823
10.577949,28,1898.038531
10.702381,50,1898.463725
10.985,3,1898.488948
10.541429,6,1898.538687
11.011111,20,1898.708366
10.733333,60,1899.227733
10.623333,82,1899.937185
10.531667,97,1900.760924
10.721905,8,1900.82771
10.63,54,1901.298435
10.723333,62,1907.4281
11.003636,32,1907.707544
10.851667,73,1908.337907
10.723333,62,1908.878439
10.853333,76,1909.543348
10.75,70,1910.149161
10.676667,58,1910.651989
10.415,58,1911.147034
10.886667,76,1911.803652
11.008333,75,1912.453954
10.76,68,1913.042
10.555,59,1913.548285
10.664286,10,1913.635813
10.583333,50,1914.064216
11.323333,2,1914.081217
11.985,3,1914.107021
10.711667,61,1914.631757
11.155,9,1914.710103
10.335,54,1915.179707
11.062857,16,1915.316975
10.256667,2,1915.33368
10.933333,80,1921.637079
10.491667,35,1921.937215
10.733788,29,1922.1802
10.49,42,1922.531727
10.485,64,1923.092476
11.313333,4,1923.128124
10.656667,62,1923.662706
11.995,1,1923.671449
10.898333,7,1923.732686
10.863333,74,1924.366986
10.758333,65,1924.932419
10.726667,68,1925.521114
10.746667,64,1926.059341
10.746667,64,1926.6069
10.633333,60,1927.116665
10.730714,11,1927.214263
10.676667,58,1927.71119
10.548333,47,1928.121727
10.614048,41,1928.473109
10.743333,58,1928.967153
10.501667,43,1929.333357
10.76,68,1929.920704
10.91,78,1936.121917
10.707778,14,1936.241301
10.675,55,1936.709948
10.805,69,1937.305269
10.851667,73,1937.938855
10.921667,79,1938.592941
10.631667,57,1939.083278
10.688333,59,1939.587803
10.606667,52,1940.022607
10.805,69,1940.612439
10.861667,91,1941.402003
10.656667,2,1941.41907
10.578333,61,1941.941609
10.795,71,1942.544053
10.856818,25,1942.753679
10.57,46,1943.14025
10.585,3,1943.167001
10.735,63,1943.696762
11.025556,26,1943.91948
10.781667,67,1944.489043
10.835,83,1950.750013
11.17,6,1950.7999
10.577253,34,1951.085397
10.360952,4,1951.119081
10.730714,11,1951.212145
10.828333,71,1951.818464
10.786667,76,1952.472597
10.205,40,1952.814105
10.0,62,1953.3544
10.78,4,1953.390144
10.525,45,1953.773503
10.63,54,1954.238582
10.571667,49,1954.661138
10.898333,7,1954.718628
10.57,46,1955.112162
10.693333,79,1955.793792
10.711667,61,1956.310775
10.781667,67,1956.882838
10.859444,17,1957.033022
10.676667,58,1957.523956
11.313333,4,1957.557619
10.721667,59,1958.060418
10.886667,76,1958.714474
10.758333,65,1964.799411
10.561667,51,1965.236484
10.658333,65,1965.793887
10.788889,20,1965.961243
9.99,2,1965.978225
11.112222,22,1966.161553
10.891667,85,1966.893744
10.675,55,1967.364784
10.913333,84,1968.091426
10.4,51,1968.540353
11.195714,18,1968.691215
10.771667,69,1969.289317
10.851667,73,1969.917923
10.55,170,1971.388799
10.653333,56,1971.871307
10.706667,72,1972.487297
10.886667,76,1973.13831
10.583333,50,1979.167627
10.548333,47,1979.573124
11.155,9,1979.651286
10.758333,65,1980.216414
10.875,75,1980.858626
10.735,63,1981.393464
10.678333,61,1981.903368
10.77,66,1982.471518
10.986111,25,1982.684052
10.848333,87,1983.435143
10.662143,39,1983.771174
10.218333,44,1984.140297
10.676667,58,1984.627783
10.766667,100,1985.485966
10.63,54,1985.948616
10.735,63,1986.495433
10.746667,64,1987.052696
10.77,66,1987.612298
10.688333,59,1993.660759
10.721667,59,1994.159367
10.781667,67,1994.730821
10.738333,69,1995.331394
10.446667,75,1995.97379
10.71,58,1996.478694
11.066364,34,1996.770974
10.49,42,1997.133664
10.795,32,1997.406565
10.635,63,1997.944247
11.026667,88,1998.703343
10.756667,62,1999.242609
10.909545,29,1999.48905
10.71,58,1999.987068
10.744524,53,2000.438268
10.94,72,2001.057491
11.985,3,2001.085681
10.475,55,2007.783015
10.475294,52,2008.237942
10.961515,38,2008.564361
-2.077353,289,2011.039478
10.39,2,2011.056152
-2.018529,289,2013.500679
-1.871471,289,2015.975142
-2.248824,289,2023.992968
10.960556,19,2024.153853
10.657222,13,2024.272991
11.119286,19,2024.438331
-4.037353,289,2026.932271
-3.233824,289,2029.436749
-2.562353,289,2037.547624
10.78,4,2037.583711
10.992619,11,2037.676106
-4.404706,289,2040.174828
11.222778,31,2040.439517
10.223824,117,2041.443742
-2.988529,289,2043.922401
11.143889,29,2044.175084
10.667222,11,2044.266525
9.867353,153,2051.186719
10.407727,13,2051.298237
10.519118,105,2052.198053
11.365,7,2052.255758
-2.400882,289,2054.729529
-3.091765,289,2057.213927
11.17,6,2057.264189
-3.571765,289,2065.343728
10.812143,9,2065.422668
-5.571176,289,2067.927613
10.808889,16,2068.069345
9.691765,97,2068.910475
9.613529,95,2069.74068
10.309412,144,2070.979295
10.536667,26,2071.201877
-2.68,289,2073.710078
10.546319,27,2073.941905
9.732941,77,2080.18999
9.890588,69,2080.779873
10.328333,1,2080.788956
10.051176,80,2081.477455
8.98,110,2082.415568
10.560588,82,2083.122455
9.849706,233,2085.135257
10.002121,46,2085.53051
10.261471,84,2086.251171
10.82881,59,2086.757888
10.541176,80,2087.441989
10.878182,28,2087.683504
10.231765,87,2088.439028
-4.703824,289,2096.519448
10.571176,74,2097.159389
10.329412,91,2097.932436
10.820714,53,2098.388366
10.39,2,2098.405404
10.302059,119,2099.430804
11.17,6,2099.4812
-2.136176,289,2101.983861
9.955882,201,2109.282954
10.436176,51,2109.718727
10.100294,177,2111.252432
-3.919706,289,2113.735599
10.357059,58,2114.23097
10.347353,108,2115.152868
11.995,1,2115.161856
11.995,1,2115.170777
10.332353,61,2115.693727
10.699118,69,2116.292599
10.561176,76,2116.94137
10.530588,88,2123.288507
9.782941,67,2123.859426
10.332353,61,2124.382922
10.400882,111,2125.325589
10.116471,63,2125.866857
10.802143,11,2125.958728
10.549412,96,2126.777186
10.476176,43,2127.13666
10.592059,61,2127.657956
10.661667,1,2127.666718
10.562941,58,2128.153433
10.869286,20,2128.325613
-2.366471,289,2130.802126
10.203529,75,2131.45138
10.195,1,2131.460839
10.332353,61,2137.498976
10.334412,89,2138.251215
10.106471,65,2138.800461
10.762121,41,2139.148686
-2.459706,289,2141.62104
11.995,1,2141.630186
10.150294,69,2142.228124
-2.827059,289,2144.726798
9.996176,190,2151.893945
10.65,70,2152.496381
10.259412,105,2153.392934
-1.660588,289,2155.856488
10.776765,77,2156.516112
10.477647,79,2157.193393
9.965,110,2158.141085
10.081176,74,2158.785605
10.933791,55,2159.25938
10.641667,5,2159.301306
10.505294,46,2159.69521
10.809697,32,2159.974303
10.350882,72,2166.159415
10.596176,119,2167.186443
10.474412,61,2167.70503
10.404118,78,2168.379474
10.489412,108,2169.293883
10.688529,77,2169.949818
10.699412,66,2170.523439
10.679412,70,2171.13101
10.222941,77,2171.789147
10.472941,76,2172.438072
10.570882,77,2173.100354
10.553235,57,2173.588546
10.658636,21,2173.768081
10.94,12,2173.869374
10.767353,73,2174.498186
10.630588,68,2180.572735
10.503529,64,2181.116936
10.359412,85,2181.84947
10.534118,103,2182.73778
10.656667,2,2182.754983
10.69,22,2182.943419
10.747647,74,2183.585996
10.052941,62,2184.113004
10.520882,87,2184.867535
10.723333,62,2185.400819
10.516765,80,2186.094901
10.677647,88,2186.841675
11.313333,4,2186.876202
10.379412,81,2187.573366
11.076364,32,2187.847309
10.450588,104,2188.721404
10.612647,51,2194.65939
11.313333,4,2194.69327
10.091471,69,2195.272565
10.446471,46,2195.662782
10.679412,70,2196.250372
10.379412,81,2196.940267
10.710556,20,2197.110171
10.214118,67,2197.684077
11.641667,5,2197.729386
10.366667,51,2198.168494
11.44381,16,2198.301825
10.523824,57,2198.792662
9.899118,180,2200.312051
10.936813,50,2200.73258
10.718235,74,2201.358088
10.640588,66,2201.919211
10.556667,22,2202.102742
10.975,5,2202.14534
10.629231,28,2202.380952
10.656667,2,2202.399127
10.991471,87,2208.62138
10.910909,36,2208.926407
11.262143,19,2209.0893
10.552941,60,2209.596465
10.630294,71,2210.210091
11.641667,5,2210.251657
10.863824,89,2210.998039
10.274118,55,2211.474763
11.301667,33,2211.754758
11.239848,49,2212.174056
10.825455,24,2212.374339
10.501471,85,2213.095294
11.395,21,2213.268445
10.831923,49,2213.6836
10.501176,88,2214.436689
10.658235,86,2215.156288
10.473333,12,2215.259392
10.590588,76,2215.906129
10.327353,112,2216.863698
10.274412,52,2222.788182
10.420882,107,2223.690112
10.77,6,2223.740493
10.681154,33,2224.020536
11.56,8,2224.086197
10.389872,32,2224.357884
10.659412,74,2224.984034
11.183333,30,2225.236187
10.472059,85,2225.945133
10.651471,55,2226.4125
10.620294,73,2227.032484
10.328529,49,2227.447307
10.986111,25,2227.661502
10.731364,21,2227.842915
10.856667,82,2228.539897
10.080882,77,2229.198582
10.602059,59,2229.70693
11.995,1,2229.715412
10.62,76,2230.372933
11.283333,10,2230.459784
10.428529,80,2231.140027
10.533824,55,2237.105229
10.601765,62,2237.634068
10.621471,61,2238.142815
10.93,14,2238.259394
10.485588,98,2239.085424
10.523333,42,2239.434367
11.097727,35,2239.739198
10.573333,83,2240.459077
10.543824,53,2240.908494
11.062857,16,2241.041161
10.582647,57,2241.519714
10.262353,75,2242.168769
10.688824,74,2242.809938
10.667353,93,2243.598769
10.687353,89,2244.3408
10.641176,60,2244.846937
10.59859,29,2245.091297
10.315,89,2251.327352
10.660294,65,2251.877761
10.650294,67,2252.446012
10.832647,107,2253.353981
10.918205,42,2253.713233
10.235294,51,2254.144751
10.688529,77,2254.794342
10.179118,75,2255.429439
10.661667,1,2255.437193
10.759091,30,2255.687986
10.93,14,2255.803611
10.669412,72,2256.412691
10.689706,65,2256.976278
11.995,1,2256.984965
10.484412,59,2257.48998
10.495,51,2257.921389
10.631176,62,2258.449685
10.383333,81,2259.125719
10.785882,84,2265.317485
10.531429,8,2265.388609
10.641471,57,2265.882267
10.296471,78,2266.545137
10.643529,87,2267.277434
10.638187,35,2267.573448
10.599412,86,2268.296938
10.910909,36,2268.602962
10.650294,67,2269.165658
10.572647,59,2269.660475
10.462059,87,2270.401385
10.649706,73,2271.049005
10.786176,81,2271.731394
10.795882,82,2272.424834
10.727941,75,2273.077506
10.456176,47,2273.490635
10.731364,21,2273.668238
10.659412,74,2279.792433
10.878182,28,2280.03415
10.756765,81,2280.734694
10.380588,118,2281.737493
10.808889,16,2281.873662
10.728235,72,2282.499355
11.162778,23,2282.690729
10.260588,93,2283.476256
10.66,68,2284.054319
10.808889,16,2284.190529
10.455588,53,2284.64468
10.995,71,2285.24674
10.661667,1,2285.256033
10.475,55,2285.733859
10.805588,83,2286.453889
10.592353,58,2286.951156
10.758333,15,2287.076068
9.75,1,2287.083886
10.796471,76,2287.731385
10.159706,73,2293.852932
10.235588,48,2294.264608
10.273824,58,2294.7581
10.507353,76,2295.407033
10.679706,67,2295.981205
10.513333,4,2296.016728
10.601765,62,2296.539553
10.524412,51,2296.980628
10.360882,70,2297.572422
10.63,85,2298.299713
10.620882,67,2298.881956
10.477647,79,2299.548574
10.592353,58,2300.044088
10.404848,16,2300.176747
10.195,1,2300.18567
10.882857,52,2300.619901
10.501818,16,2300.758815
9.99,2,2300.776978
10.689118,71,2301.381492
10.755,99,2302.227761
10.582353,60,2308.151329
10.563235,55,2308.609785
10.582059,63,2309.132821
10.91,18,2309.284265
10.514706,50,2309.711577
10.58197,23,2309.907256
10.975,5,2309.948853
10.66,68,2310.526023
10.458824,71,2311.137999
10.689118,71,2311.741416
11.213333,24,2311.938643
11.995,1,2311.948225
10.756765,81,2312.628605
10.650294,67,2313.185757
10.738529,67,2313.750186
10.708529,73,2314.361197
10.986111,25,2314.573884
10.497647,75,2315.20997
10.553235,57,2315.687104
10.495,51,2316.117213
10.670556,17,2316.258884
10.630294,71,2322.352538
10.985,3,2322.377668
10.601765,62,2322.905132
10.747353,77,2323.555399
10.640588,66,2324.115583
10.572941,56,2324.590737
10.62,76,2325.242851
9.75,1,2325.251033
10.639706,75,2325.882944
10.367353,104,2326.766212
10.661667,1,2326.7751
10.661667,1,2326.783536
10.727059,84,2327.490876
10.487647,77,2328.137655
11.272143,17,2328.275607
10.520294,93,2329.049521
10.786471,78,2329.714818
10.667941,87,2330.457012
10.775,95,2336.746122
10.465882,48,2337.148106
10.419706,70,2337.740181
10.766765,79,2338.409672
10.825,85,2339.124276
11.082857,12,2339.223893
10.468529,72,2339.849513
10.708529,73,2340.466009
10.766176,85,2341.180373
10.532647,67,2341.745372
10.572647,59,2342.239488
10.198824,74,2342.870412
10.503235,67,2343.442574
10.698824,72,2344.050542
10.972273,31,2344.309802
10.598824,92,2350.497783
10.495,51,2350.930851
10.749444,19,2351.088454
10.590882,73,2351.705989
10.592059,61,2352.226255
10.723333,62,2352.758927
10.648235,88,2353.52395
10.534118,52,2353.967719
10.45119,5,2354.010407
10.453824,71,2354.624279
10.825,85,2355.341271
10.505,49,2355.761301
10.728529,69,2356.347692
10.686765,95,2357.148482
11.298571,26,2357.364596
10.697647,84,2358.09068
10.503824,61,2358.615125
10.533235,61,2364.543588
10.907222,23,2364.74236
10.427059,95,2365.554613
10.486176,92,2366.329695
10.421429,30,2366.580497
10.504706,52,2367.021185
10.763824,109,2367.956596
10.961515,38,2368.271755
11.022121,38,2368.589146
10.611471,63,2369.130218
10.570882,77,2369.79034
10.500294,97,2370.61091
10.716765,89,2371.361156
10.815455,26,2371.579173
11.44381,16,2371.713846
10.984725,58,2372.196811
10.669706,69,2372.777751
10.661667,1,2372.786125
10.620588,70,2378.783562
10.677941,85,2379.503995
10.514412,104,2380.389097
10.572647,59,2380.893064
10.505,49,2381.299271
10.854118,88,2382.050883
10.205294,157,2383.376374
10.348824,42,2383.733753
10.631471,59,2384.235285
10.377941,145,2385.46289
10.747353,77,2386.122386
10.621471,61,2386.642024
10.909545,29,2386.884976
10.650588,64,2392.90539
10.696471,96,2393.720179
10.629412,80,2394.401941
10.67,66,2394.962719
10.617353,103,2395.832595
10.668529,81,2396.518039
10.763529,112,2397.449513
10.602353,56,2397.924413
10.784359,38,2398.248846
10.717647,80,2398.926343
10.735,103,2399.803297
10.985,3,2399.830081
10.708824,70,2400.424931
10.514412,53,2400.876942
10.448333,48,2406.70147
9.99,2,2406.721854
10.64,72,2407.330478
10.66,68,2407.916365
10.815294,84,2408.621294
10.448824,73,2409.242236
10.728235,72,2409.850498
10.66,68,2410.425516
10.728235,72,2411.030653
10.784706,96,2411.824523
11.17,6,2411.873203
10.349412,36,2412.176431
10.776765,77,2412.831303
10.572647,59,2413.340419
10.650588,64,2413.885455
10.562647,61,2414.398141
10.439121,39,2414.721439
10.786176,81,2420.811933
11.195714,18,2420.961758
10.541176,80,2421.645759
10.766765,79,2422.313907
10.582353,60,2422.826413
10.734011,51,2423.254774
10.747647,74,2423.890961
10.582353,60,2424.396865
10.699118,69,2424.997602
10.582353,60,2425.513995
10.435588,57,2425.993033
9.75,1,2426.00103
10.948333,87,2426.749059
10.534118,52,2427.186345
10.449118,70,2427.777405
10.552647,63,2428.306834
10.487647,77,2428.959992
10.745882,92,2435.211963
10.795588,85,2435.945287
10.677647,88,2436.692573
10.749444,19,2436.851258
10.592059,61,2437.373929
10.985,3,2437.398606
10.602059,59,2437.89849
9.99,2,2437.916366
10.332059,64,2438.450503
10.514412,53,2438.908882
10.737647,76,2439.540101
11.025556,26,2439.758302
10.722436,35,2440.048587
10.650882,61,2440.569823
10.727941,75,2441.208825
10.38,75,2441.833393
11.353571,15,2441.962011
10.426176,104,2442.852654
10.542353,68,2443.436146
10.656667,2,2443.452439
10.555588,84,2449.576824
10.504706,52,2450.018878
10.417353,43,2450.393102
10.656667,2,2450.409659
10.454286,43,2450.773097
10.689118,71,2451.377353
10.863571,13,2451.486133
10.342059,62,2452.005435
10.768571,52,2452.441931
10.898333,7,2452.502875
11.995,1,2452.512065
10.553529,54,2452.967383
10.907222,23,2453.161167
10.867778,22,2453.347572
10.698235,78,2454.01152
10.748235,68,2454.581713
11.195714,18,2454.733013
10.660588,62,2455.25866
10.814945,48,2455.663639
10.658824,80,2456.334246
10.650882,61,2456.850308
10.515882,89,2457.60188
10.466176,45,2463.393425
10.985,3,2463.420981
10.91,18,2463.574875
10.656667,2,2463.592157
10.754412,105,2464.473248
11.162778,23,2464.663651
10.409706,72,2465.263403
10.898333,7,2465.324992
10.708824,70,2465.914991
10.679412,70,2466.510215
10.669706,69,2467.093536
10.795882,82,2467.770908
10.454412,65,2468.327063
10.15,72,2468.935177
10.630882,65,2469.491274
10.415,67,2470.069956
10.604118,89,2470.819475
10.573333,52,2471.255105
10.621471,61,2477.165448
10.795,71,2477.765043
10.883235,91,2478.53117
10.697941,81,2479.2148
10.630882,65,2479.770615
10.55,90,2480.53839
10.67,66,2481.091488
10.533824,55,2481.573335
10.916813,54,2482.032148
10.698824,72,2482.637897
10.483529,68,2483.207312
10.718529,71,2483.805428
10.667353,93,2484.582681
10.678529,79,2485.249845
10.570294,83,2491.360904
10.956667,22,2491.545401
10.757059,78,2492.208695
10.647941,91,2492.980027
10.698529,75,2493.622955
11.155,9,2493.698257
10.45119,5,2493.739646
10.555,90,2494.495895
10.846282,41,2494.842939
10.679412,70,2495.426556
10.784394,31,2495.686996
10.757941,69,2496.291112
10.543529,56,2496.780563
10.863235,95,2497.59
10.699118,69,2498.178657
10.850303,36,2498.480007
10.650294,67,2499.060548
10.650294,67,2499.624073
10.698824,72,2505.638279
10.641176,60,2506.148934
10.733788,29,2506.389382
11.129286,17,2506.532486
10.679412,70,2507.125302
10.272647,121,2508.144706
10.689118,71,2508.730043
10.351176,169,2510.148951
10.786471,78,2510.807876
10.968333,83,2511.513854
10.640588,66,2512.068311
10.512059,77,2512.706746
10.514412,53,2513.164045
10.507059,79,2513.834395
10.629412,80,2519.923423
10.717647,80,2520.613034
11.95,10,2520.700153
10.581176,72,2521.310596
10.940588,106,2522.191173
10.727941,75,2522.827348
11.129286,17,2522.966347
10.521765,78,2523.62962
10.635165,40,2523.963467
10.730714,11,2524.057286
10.815882,78,2524.705925
10.883529,88,2525.447912
10.514412,53,2525.893173
10.758333,65,2526.442972
10.293529,57,2526.925203
10.431667,37,2527.23616
11.17,6,2527.287481
10.66,68,2527.852762
10.565294,85,2533.958763
11.129091,36,2534.258763
11.985,3,2534.283924
10.689118,71,2534.880871
10.524118,54,2535.332508
10.757353,75,2535.958333
10.581471,69,2536.541945
10.505294,46,2536.921712
10.812143,9,2536.997853
10.852647,103,2537.881531
10.747033,44,2538.251223
9.97,6,2538.304797
10.514118,56,2538.788472
10.727647,78,2539.456332
11.155,9,2539.528347
10.669706,69,2540.127026
11.313333,4,2540.162244
10.630882,65,2540.712691
10.669412,72,2541.325845
10.543235,59,2541.8296
10.446471,46,2547.666363
10.582353,60,2548.178858
10.66,68,2548.757481
10.630882,65,2549.319128
10.844706,84,2550.030161
10.784091,25,2550.240865
10.659412,74,2550.874527
10.400294,68,2551.456582
10.776471,80,2552.136919
11.56,8,2552.202625
10.69,22,2552.395952
10.523824,57,2552.88689
10.718529,71,2553.491539
10.606667,12,2553.595184
10.562941,58,2554.085379
10.582647,57,2554.561998
10.668235,84,2555.277119
10.475588,49,2555.697816
10.526176,84,2561.808511
10.572647,59,2562.310917
10.766471,82,2562.990518
10.582647,57,2563.471796
10.543529,56,2563.945209
10.591176,70,2564.530873
10.708529,73,2565.149969
10.696099,41,2565.496015
10.629286,19,2565.655784
10.650294,67,2566.222013
10.573235,53,2566.665842
10.786765,75,2567.295752
10.592059,61,2567.802965
10.660294,65,2568.335762
10.38,75,2568.951127
10.776765,77,2569.586015
10.668824,78,2575.649679
10.131667,68,2576.232399
10.728235,72,2576.831955
10.526319,31,2577.096364
10.669706,69,2577.682342
10.540882,83,2578.38488
11.375,25,2578.597525
10.417353,43,2578.966142
10.570882,77,2579.615826
10.585,3,2579.641133
11.112222,22,2579.831897
10.621176,64,2580.37729
10.514706,150,2581.646969
10.639706,75,2582.29152
11.365,7,2582.349538
10.562941,58,2582.840599
10.948846,41,2583.190028
11.995,1,2583.198853
10.785294,90,2583.960559
10.592059,61,2589.886479
10.606667,12,2589.985093
10.794394,29,2590.229416
10.919545,27,2590.46693
10.707059,88,2591.225437
10.591667,15,2591.349711
10.708529,73,2591.967721
10.585,3,2591.993068
10.588529,97,2592.801451
10.728235,72,2593.407163
10.697647,84,2594.120715
10.627273,20,2594.288026
10.533235,61,2594.801268
10.815,87,2595.537468
10.885606,35,2595.83722
10.721905,8,2595.90413
10.985,3,2595.92887
10.860303,34,2596.218572
10.727941,75,2596.847303
10.650294,67,2597.422462
10.650588,64,2597.965446
10.570588,80,2604.113159
10.602059,59,2604.622411
10.805,39,2604.954263
10.566765,119,2605.973104
10.602059,59,2606.472003
10.445476,29,2606.711321
10.562941,58,2607.199776
10.521471,81,2607.878005
10.339706,86,2608.608951
11.995,1,2608.61811
10.816176,75,2609.25576
10.805,69,2609.84147
10.669706,69,2610.419931
10.66,68,2611.001903
10.679412,70,2611.601645
11.083333,50,2612.029315
10.679706,67,2618.008947
10.592353,58,2618.502732
10.853824,91,2619.269144
10.860303,34,2619.555058
11.222778,31,2619.812661
11.995,1,2619.821186
10.785882,84,2620.525337
10.621176,64,2621.068751
10.985,3,2621.093745
10.629706,77,2621.742125
11.985,3,2621.767493
10.902381,10,2621.847853
10.808889,16,2621.98287
10.582647,57,2622.463879
10.591176,70,2623.054791
9.75,1,2623.061231
10.899835,53,2623.497812
10.485294,50,2623.913261
10.687647,86,2624.636758
10.812143,9,2624.713428
11.995,1,2624.723312
10.658636,21,2624.898068
10.708529,73,2625.521827
10.832059,113,2626.483531
10.533235,61,2632.414087
10.809697,32,2632.682053
10.689118,71,2633.285417
10.828333,21,2633.4635
10.622143,47,2633.86018
10.627273,20,2634.030831
10.477941,76,2634.688275
11.114615,54,2635.150476
10.728235,72,2635.766576
10.254706,53,2636.214598
10.882941,94,2637.004582
10.679412,70,2637.597276
10.591765,64,2638.146468
10.661667,1,2638.154977
10.611471,63,2638.689346
10.805,69,2639.27904
10.495,51,2639.703756
10.699118,69,2640.29395
10.65,70,2646.286216
10.765588,91,2647.049865
10.697647,84,2647.755755
10.502353,76,2648.394675
11.155,9,2648.472861
10.591765,64,2649.009775
10.630882,65,2649.555318
10.706471,94,2650.347322
10.641667,5,2650.38912
10.571765,68,2650.969097
10.717059,86,2651.694356
10.631176,62,2652.220261
10.728333,71,2652.822571
10.669706,69,2653.399909
10.244118,61,2653.914695
10.235294,51,2654.346883
10.834706,86,2660.472091
10.541765,74,2661.105594
10.572647,59,2661.599779
10.650294,67,2662.163161
10.698824,72,2662.765351
10.912353,94,2663.551347
10.689706,65,2664.099998
11.401667,13,2664.208858
10.543235,59,2664.709095
10.514412,53,2665.158222
10.523333,42,2665.51828
10.455,59,2666.018907
10.873333,72,2666.625052
10.59859,29,2666.862616
10.996818,37,2667.177372
10.66,68,2667.754777
10.534118,52,2668.185617
10.796667,54,2668.628799
10.657879,26,2674.233102
10.757353,75,2674.868974
-1.940261,324,2677.886896
-2.280131,324,2680.615312
-3.462549,324,2688.754066
-4.240131,324,2691.525768
-1.887974,324,2694.291391
-2.90085,324,2702.505032
11.323333,2,2702.522806
-3.727353,324,2705.251704
10.328333,1,2705.261813
-2.253987,324,2708.027504
-3.495425,324,2710.800477
-4.655065,324,2718.975876
-3.15219,324,2721.730852
10.079248,175,2723.229401
-2.067614,324,2731.357896
9.408889,247,2733.476537
-2.436993,324,2736.242958
-2.541569,324,2739.001126
10.004314,107,2745.365205
9.589608,139,2746.550934
10.083824,146,2747.786974
10.942692,73,2748.41323
11.323333,2,2748.430855
11.985,3,2748.456708
10.172026,63,2748.989404
10.272619,57,2749.468477
-2.384706,324,2752.218456
-4.811928,324,2760.428471
10.290817,68,2761.003277
11.985,3,2761.027805
10.960556,19,2761.188509
10.561536,89,2761.954402
-2.665556,324,2764.721898
11.183333,30,2764.977319
9.959739,95,2765.782194
10.626111,97,2766.609548
10.93,14,2766.727977
10.675752,74,2767.354088
9.994542,141,2774.014243
9.988889,82,2774.715773
10.116111,101,2775.574781
8.641895,192,2777.208472
9.445033,196,2778.878464
10.581895,98,2779.716659
10.210327,139,2780.894554
9.845752,191,2787.918635
10.408529,83,2788.633467
-2.329052,324,2791.400498
10.170458,79,2792.062685
10.940909,30,2792.320323
10.290817,68,2792.88947
10.219608,111,2793.821736
-5.403137,324,2802.01831
10.504118,58,2802.510772
9.864183,154,2803.820268
10.519248,87,2804.552578
9.396111,147,2805.814575
10.339967,100,2806.665404
10.543105,77,2807.325147
10.573824,97,2808.143992
10.325033,69,2808.728297
10.098758,177,2815.624489
8.79683,195,2817.280896
10.737033,46,2817.663134
10.302745,112,2818.614599
10.343105,68,2819.204988
10.563824,99,2820.050275
10.15768,175,2821.539003
-5.145065,324,2829.697226
10.956212,33,2829.984666
10.62768,81,2830.672226
-4.289052,324,2833.418859
10.051536,142,2834.613355
9.998889,80,2835.301855
9.949248,103,2836.187123
11.995,1,2836.196308
8.542255,127,2837.275798
9.75,1,2837.284072
10.784394,31,2837.55148
10.320458,98,2843.838506
8.877549,205,2845.582523
10.45817,60,2846.083317
10.428399,98,2846.921452
9.413824,231,2848.885336
10.228529,70,2849.482579
10.400327,101,2850.339028
10.463333,125,2851.396214
10.548399,123,2852.449762
10.225752,115,2858.877789
10.081176,74,2859.510534
10.37683,124,2860.555957
10.426111,137,2861.713707
10.541429,6,2861.764082
10.510817,73,2862.373052
10.071536,187,2863.952528
10.214314,65,2864.499869
10.569248,77,2865.143298
10.405165,37,2865.455673
9.893595,54,2865.909537
10.102974,135,2872.46483
10.952121,52,2872.912325
10.506601,66,2873.475192
11.015152,51,2873.905941
10.252386,60,2874.411586
10.670556,17,2874.558145
10.512353,74,2875.178924
10.49817,52,2875.617018
10.504902,101,2876.465878
10.091176,72,2877.075004
10.434673,83,2877.789088
10.708485,28,2878.029006
10.149967,89,2878.7792
10.657222,13,2878.888275
10.700686,103,2879.772848
10.992619,11,2879.865617
10.609967,95,2886.111784
11.365,7,2886.169661
10.538889,70,2886.764041
10.681895,78,2887.423028
10.679121,40,2887.762251
10.228889,83,2888.468774
10.362026,74,2889.092056
10.661667,1,2889.101247
10.474673,75,2889.726349
10.684902,114,2890.680439
10.60768,85,2891.395776
10.129477,197,2893.061751
10.733182,39,2893.386925
10.714183,82,2894.078631
10.361176,67,2894.639612
10.489608,106,2900.989641
10.720327,86,2901.710227
9.604052,274,2904.047977
10.553824,51,2904.477041
10.341307,52,2904.913822
10.534673,63,2905.454564
11.985,3,2905.482333
10.708399,91,2906.252575
10.48732,96,2907.065637
11.293333,8,2907.130621
10.110458,91,2907.894803
10.563105,73,2908.514225
9.831176,75,2914.605669
10.523105,81,2915.283792
10.062059,69,2915.866804
10.466471,93,2916.655009
10.60768,85,2917.383091
10.333105,70,2917.973724
11.796667,14,2918.091896
11.262143,19,2918.248366
11.011111,20,2918.415808
10.27732,89,2919.174342
10.546961,71,2919.785057
10.331536,86,2920.51106
10.985,3,2920.536937
10.393464,71,2921.141052
10.450458,72,2921.757383
10.269248,88,2922.504541
11.17,6,2922.555319
10.439967,80,2928.648612
10.554902,91,2929.420573
10.564545,18,2929.572625
10.79,2,2929.589675
10.229967,122,2930.611489
9.933105,101,2931.480487
10.886667,76,2932.126833
9.721307,127,2933.201021
10.47,17,2933.341496
10.64768,77,2933.989158
10.362386,87,2934.72736
10.595392,77,2935.377467
11.097727,35,2935.675317
11.995,1,2935.684229
10.202026,57,2936.171779
10.371307,46,2936.567208
10.53732,86,2942.785393
11.183095,11,2942.876416
10.506601,66,2943.442013
10.677143,67,2944.0104
10.368399,110,2944.947547
10.139837,208,2946.689958
10.985,3,2946.714788
10.545392,87,2947.441897
10.631667,88,2948.187975
10.500686,94,2948.97806
10.681895,78,2949.630697
10.603824,91,2950.393127
10.458889,86,2951.11418
10.305392,86,2957.225923
10.444183,87,2957.968243
10.583464,82,2958.668319
10.335392,80,2959.342932
10.534902,95,2960.145182
10.688333,59,2960.639072
10.659967,85,2961.361531
10.658399,101,2962.221552
10.609248,69,2962.811297
10.486242,57,2963.290802
10.678039,84,2963.995598
7.470686,210,2971.235216
10.085261,149,2972.517636
10.392026,68,2973.090196
10.444183,87,2973.822921
10.555392,85,2974.544537
10.550817,65,2975.089722
11.457857,37,2975.399487
10.79,2,2975.417031
10.585,3,2975.442733
11.062692,49,2975.853677
10.364673,97,2976.65983
11.995,1,2976.667953
10.603824,91,2977.437626
10.176111,89,2978.188743
10.686111,85,2978.902552
10.313464,87,2985.091561
11.026667,8,2985.15801
10.568889,64,2985.690545
9.925261,181,2987.21403
10.526961,75,2987.840625
10.698235,78,2988.48858
10.212614,149,2989.75185
10.482386,63,2990.280014
10.328333,1,2990.28902
10.140458,85,2991.002006
11.042692,53,2991.447669
11.025659,63,2991.975232
10.470817,81,2992.658581
10.44719,172,2999.570885
10.411667,51,3000.001753
10.59732,74,3000.630078
11.323333,2,3000.646645
10.605392,75,3001.275049
10.095752,92,3002.049953
10.707778,14,3002.167823
10.595909,19,3002.330263
10.714542,95,3003.132932
10.862222,23,3003.331102
10.685,73,3003.940194
10.561176,76,3004.585891
11.323333,2,3004.602688
10.992619,11,3004.701907
11.213333,24,3004.908449
10.638333,89,3005.657427
11.037424,41,3005.999351
10.686471,98,3006.834808
10.451429,24,3007.039336
10.773718,35,3007.333504
10.482255,82,3013.492538
10.972273,31,3013.750953
10.885606,35,3014.042355
10.484314,60,3014.538009
10.292386,52,3014.967515
10.718399,89,3015.713881
10.457549,134,3016.847257
10.589248,73,3017.469213
10.631536,75,3018.099876
10.494314,58,3018.595176
10.579248,75,3019.228912
11.032051,50,3019.65294
10.521176,84,3020.376646
10.704183,84,3021.078313
10.544673,61,3021.581555
10.30732,83,3027.677473
10.61768,83,3028.362013
10.670327,96,3029.166381
9.75,1,3029.173071
11.323333,2,3029.190047
10.553464,88,3029.933827
10.556961,69,3030.514882
10.405033,102,3031.377333
10.466242,61,3031.895905
10.639608,76,3032.551659
10.093235,50,3032.979151
10.665,57,3033.461357
10.512974,102,3034.325448
10.768758,92,3035.101233
10.315,27,3035.330178
10.711795,32,3035.596688
10.619837,161,3042.439373
10.664183,92,3043.214143
10.780989,46,3043.609983
10.502745,72,3044.225853
10.794902,92,3045.010692
10.541176,80,3045.685865
11.195714,18,3045.838356
10.708399,91,3046.611462
10.824945,46,3047.005501
10.389608,77,3047.65763
10.341176,71,3048.256818
10.885606,35,3048.551586
10.744542,89,3049.309038
9.984314,62,3049.838416
10.415882,58,3055.72765
10.829477,106,3056.631261
10.486601,70,3057.221277
11.195714,18,3057.376053
10.206601,77,3058.020391
10.542745,64,3058.567612
10.123464,76,3059.205977
10.655621,146,3060.435268
10.578889,62,3060.955565
10.470458,68,3061.531028
10.758399,81,3062.217509
10.749444,19,3062.378664
10.744542,89,3063.12985
10.898333,7,3063.189126
10.52732,88,3069.408039
10.574542,123,3070.45275
10.626111,97,3071.269342
10.488529,67,3071.840998
10.442745,84,3072.554144
10.274673,66,3073.113498
10.529967,111,3074.067795
10.679967,81,3074.765075
10.806176,77,3075.415
10.689412,68,3075.994857
10.825641,40,3076.328716
10.601536,81,3077.003968
11.995,1,3077.01295
10.660294,65,3077.559607
10.389379,45,3077.94485
10.797143,12,3078.048336
9.75,1,3078.054785
10.438039,83,3084.170127
10.44781,49,3084.591355
11.113974,49,3085.002572
9.75,1,3085.010756
11.995,1,3085.019612
10.726471,90,3085.789857
9.869379,51,3086.225098
11.262143,19,3086.381583
10.848901,50,3086.808475
10.658636,21,3086.984525
10.531364,21,3087.162793
10.59732,74,3087.792351
10.7,20,3087.959075
10.869835,59,3088.452221
10.585,3,3088.477385
10.599608,84,3089.187708
10.319608,91,3089.96788
10.603464,78,3090.626307
10.856818,25,3090.83963
9.98,4,3090.875512
10.645606,34,3091.164394
10.722974,109,3092.077125
10.57197,25,3097.754642
10.898333,7,3097.812725
10.77,66,3098.374668
10.662059,47,3098.771938
10.598399,113,3099.735796
10.242255,81,3100.418056
10.435882,54,3100.875253
10.472255,84,3101.595811
10.502614,91,3102.362174
-2.62,324,3105.119973
10.399608,75,3105.76063
10.53381,38,3106.085163
10.523464,94,3112.257664
10.898333,7,3112.318425
10.490458,64,3112.875091
11.323333,2,3112.891538
10.512745,70,3113.474341
10.412143,40,3113.817538
10.694542,99,3114.664369
10.593105,67,3115.230126
10.474314,62,3115.759946
10.524673,65,3116.316004
10.635752,82,3117.006249
10.442026,58,3117.500829
10.062941,60,3118.01065
10.548889,68,3118.589291
10.425392,111,3119.528873
10.658039,88,3120.282513
10.355392,76,3126.320939
10.784359,38,3126.644799
11.011111,20,3126.810145
10.120327,108,3127.711103
10.336242,87,3128.444207
10.28719,155,3129.751344
10.203954,54,3130.203712
10.494314,58,3130.687143
10.362614,119,3131.708507
11.143889,29,3131.955316
10.39,2,3131.973802
10.435882,54,3132.433375
10.092974,186,3134.010702
10.545392,87,3140.137034
10.676111,87,3140.878171
11.155,9,3140.954566
11.313333,4,3140.988278
10.45817,60,3141.492165
10.502745,72,3142.109415
10.452255,88,3142.863724
10.460817,83,3143.573701
10.859444,17,3143.720412
10.41768,74,3144.356012
11.995,1,3144.363695
10.512386,57,3144.85203
10.809697,32,3145.129035
10.60732,72,3145.740737
11.273889,23,3145.937406
10.601176,68,3146.521467
10.560817,63,3147.056306
10.613464,76,3147.699933
10.411536,70,3148.290141
10.63768,79,3154.445193
10.463954,51,3154.88296
10.593105,67,3155.459141
10.621895,90,3156.212261
10.481405,173,3157.667332
10.271536,98,3158.487916
10.633824,85,3159.208717
10.828333,21,3159.386632
10.606111,101,3160.250121
10.432386,73,3160.86624
10.433954,57,3161.339629
10.784359,38,3161.664726
11.313333,4,3161.698035
10.91,18,3161.853248
10.085033,68,3162.425325
10.385,3,3162.451596
10.08732,78,3168.570828
10.429967,82,3169.265594
10.496601,68,3169.839086
10.476471,91,3170.605589
10.713824,119,3171.606741
10.42781,53,3172.054523
10.615392,73,3172.680169
10.681895,78,3173.336327
10.620686,119,3174.338681
9.942386,73,3174.957712
10.842974,85,3175.672089
10.53381,38,3175.983805
10.836667,66,3176.541023
10.580817,59,3182.493879
11.028681,58,3182.981874
10.488529,67,3183.549608
10.626471,110,3184.480939
10.147451,47,3184.881474
10.609608,82,3185.569509
10.261176,87,3186.303195
10.476242,59,3186.800033
10.605392,75,3187.42836
10.490817,77,3188.075289
10.518889,74,3188.70197
10.401667,53,3189.149929
10.611895,92,3189.931665
10.641536,73,3190.55839
11.461429,22,3190.746682
10.441154,32,3196.430543
10.838399,65,3196.977132
10.591176,70,3197.564678
10.656667,2,3197.580917
9.895392,217,3199.427967
10.240817,78,3200.088545
10.770327,76,3200.738091
10.831923,49,3201.146545
10.369967,94,3201.93835
10.591176,70,3202.524164
10.626111,97,3203.339463
10.678039,84,3204.038541
10.611536,79,3204.702288
10.828758,80,3210.763796
10.168529,131,3211.858048
10.601176,68,3212.428793
10.34732,75,3213.058811
10.436242,67,3213.612588
10.641667,5,3213.654631
10.393824,84,3214.362715
10.656667,2,3214.379607
10.494314,58,3214.911499
10.513333,44,3215.295327
10.870303,32,3215.565791
10.985,3,3215.591922
10.633464,72,3216.198149
10.621895,90,3216.958917
10.515033,80,3217.63834
10.430817,89,3218.389015
10.516601,64,3218.92443
10.666111,89,3225.130748
10.56732,80,3225.815048
10.434314,70,3226.404047
10.305392,86,3227.136074
10.852857,58,3227.62724
10.393464,71,3228.231557
10.814762,58,3228.716332
10.612255,105,3229.613397
10.472614,97,3230.444844
10.454314,66,3231.003393
10.475621,182,3232.539454
11.062857,16,3232.669505
10.300817,115,3239.046319
10.47732,98,3239.88018
10.650686,113,3240.841689
10.66768,73,3241.45368
10.28902,52,3241.892475
9.991536,105,3242.776758
10.63732,66,3243.342612
10.468399,90,3244.097954
10.751046,106,3245.005145
11.313333,4,3245.037356
10.412386,77,3245.690526
10.460327,89,3246.449121
10.513182,21,3246.626128
10.535033,76,3252.728185
10.446601,78,3253.391774
10.938846,43,3253.756168
9.98,4,3253.789317
10.375882,66,3254.357469
10.579477,107,3255.237612
10.675752,74,3255.850927
10.526601,62,3256.380164
10.721905,8,3256.4491
10.678039,84,3257.171185
10.585,3,3257.199202
10.54732,84,3257.913109
10.348399,114,3258.866655
10.625752,84,3259.591041
10.645752,80,3260.273513
10.651895,84,3260.980896
10.210327,90,3267.206223
10.475882,46,3267.595109
10.293105,127,3268.669919
10.721667,59,3269.169309
10.180458,77,3269.813214
10.686111,85,3270.536108
10.518529,61,3271.044155
10.712255,85,3271.759977
9.99,2,3271.775481
10.607273,24,3271.970893
11.56,8,3272.033945
10.411895,83,3272.727012
10.561895,102,3273.574495
11.026667,8,3273.639808
10.616471,112,3274.582686
10.575033,68,3275.160906
10.138039,192,3282.199767
10.186111,136,3283.358196
10.752727,24,3283.565241
11.313333,4,3283.600327
10.456601,76,3284.230558
10.511176,86,3284.964254
11.995,1,3284.972984
10.898333,7,3285.030915
10.570686,129,3286.128675
10.354048,44,3286.500261
10.721795,30,3286.760166
10.605752,88,3287.507677
10.404183,95,3288.301881
11.17,6,3288.353059
10.404314,76,3288.988147
10.553105,75,3295.01872
10.724183,80,3295.677037
10.605392,75,3296.312994
11.314444,26,3296.530046
10.526601,62,3297.051872
10.658636,21,3297.225801
10.595621,109,3298.139132
10.529248,85,3298.850007
10.595392,77,3299.500145
10.54732,84,3300.217359
10.982273,29,3300.461673
10.535033,76,3301.098053
11.026667,8,3301.164164
10.504673,69,3301.743124
10.661667,1,3301.752236
11.56,8,3301.820195
10.628333,51,3302.253882
10.45119,5,3302.294815
10.462386,67,3302.850807
10.483105,89,3309.065295
10.749444,19,3309.221115
10.702255,87,3309.949294
10.634183,98,3310.760451
10.634542,111,3311.69114
9.99,2,3311.710156
10.768235,64,3312.246393
10.546961,71,3312.846084
10.468889,84,3313.548172
10.434673,83,3314.25456
10.551176,78,3314.912361
10.500458,62,3315.432761
10.359248,70,3316.028585
10.658039,88,3316.76708
10.698399,93,3317.545428
10.401536,72,3323.616405
10.561176,76,3324.259448
10.399739,56,3324.728644
10.256667,2,3324.746222
10.593464,80,3325.425276
9.889967,190,3327.018397
10.595909,19,3327.178048
10.798889,18,3327.331177
10.661046,124,3328.378997
10.479608,108,3329.276302
10.548889,68,3329.847868
10.740327,82,3330.529486
10.708485,28,3330.766191
10.526961,75,3331.39411
10.545392,87,3337.540724
10.909545,29,3337.786867
10.423954,59,3338.278539
10.728399,87,3339.015597
10.797059,70,3339.618222
10.859444,17,3339.761901
10.522386,55,3340.229844
10.498039,120,3341.276184
10.606667,12,3341.375799
10.532745,66,3341.938364
10.484673,73,3342.562301
10.597857,9,3342.638474
10.439967,80,3343.313341
10.463954,51,3343.744157
10.441667,45,3344.123474
10.601895,94,3344.915136
10.368039,97,3345.725886
10.839477,104,3352.00825
10.613464,76,3352.650541
11.985,3,3352.675314
10.742255,79,3353.344333
10.386471,109,3354.279054
10.77,6,3354.329028
10.611536,79,3355.009631
9.99,2,3355.029794
10.689412,68,3355.609435
10.696471,96,3356.430025
10.652614,110,3357.375915
10.713693,137,3358.533548
10.785659,62,3359.065024
10.615752,86,3359.800127
10.341667,65,3365.756694
10.784394,31,3366.013292
10.760686,91,3366.788972
10.810327,68,3367.376984
10.605392,75,3368.014754
10.62,76,3368.665327
10.835,33,3368.94558
10.658758,114,3369.893704
10.797143,12,3369.990292
10.661667,1,3369.997951
10.594231,35,3370.288502
10.655752,78,3370.944613
10.763718,37,3371.249901
10.984725,58,3371.732701
10.64768,77,3372.381793
9.960098,59,3372.881195
10.553235,57,3373.364103
10.599967,97,3379.643762
10.724542,93,3380.424937
10.540458,54,3380.878039
10.686111,85,3381.607481
10.370098,75,3382.244333
10.898333,7,3382.302959
10.62732,68,3382.874284
10.619248,67,3383.43404
10.816667,70,3384.017703
10.560817,63,3384.545833
10.519608,100,3385.398782
10.63768,79,3386.077616
10.573105,71,3386.692103
10.266961,78,3387.342574
10.619248,67,3387.904261
10.996111,23,3393.516283
10.659608,72,3394.125906
10.060817,65,3394.679463
10.59732,74,3395.309333
10.898333,7,3395.367517
10.662255,95,3396.162922
10.621895,90,3396.919375
10.769091,28,3397.158828
10.91,18,3397.312057
11.995,1,3397.320654
10.736111,75,3397.959739
10.571176,74,3398.583165
11.365,7,3398.642911
10.710327,88,3399.391363
9.99,2,3399.408528
10.252386,60,3399.919898
10.498758,97,3400.751067
10.563464,86,3401.476753
10.67768,71,3402.081531
10.605033,62,3408.059225
10.683464,62,3408.585678
10.328333,1,3408.594209
10.605392,75,3409.230473
10.42781,53,3409.677612
10.674183,90,3410.435695
11.065,27,3410.664937
11.036364,40,3411.000344
10.482745,76,3411.645247
10.626471,110,3412.573444
10.556961,69,3413.164559
10.526961,75,3413.79608
10.750686,93,3414.568094
10.821046,92,3415.338085
10.814902,88,3416.083449
10.675392,61,3422.064813
10.512778,13,3422.174352
10.585,3,3422.200256
10.555033,72,3422.812191
10.435882,54,3423.262921
10.195,1,3423.272604
10.213954,52,3423.704346
11.026667,8,3423.771254
10.316961,68,3424.345787
10.572745,58,3424.837829
10.619967,93,3425.632912
10.512745,70,3426.230105
10.585,34,3426.517259
10.632255,101,3427.364868
10.64768,77,3428.01837
10.800686,83,3428.722912
10.641176,60,3429.230155
10.565752,96,3430.048908
10.788889,20,3430.217488
10.585392,79,3436.265796
10.395392,68,3436.834616
10.728235,72,3437.435032
11.17,6,3437.486206
10.55634,143,3438.690734
10.561536,89,3439.428727
11.985,3,3439.453285
11.995,1,3439.46225
10.589967,99,3440.286863
10.645392,67,3440.857308
10.558333,45,3441.232713
10.347549,156,3442.55839
10.296961,72,3443.173942
10.679608,68,3443.749786
10.513464,96,3449.969329
11.985,3,3449.994452
10.651536,71,3450.607746
10.902381,10,3450.693268
10.678636,17,3450.840693
10.670055,55,3451.313975
10.480098,53,3451.763638
10.368399,110,3452.702936
10.661536,69,3453.283089
10.665752,76,3453.92407
10.708399,91,3454.699511
10.455392,105,3455.586105
10.663464,66,3456.147544
10.358889,106,3457.041374
10.494314,58,3457.534166
10.66768,73,3458.148469
10.824052,128,3464.631464
10.331536,86,3465.36913
10.496242,55,3465.829527
10.792614,82,3466.527716
11.44381,16,3466.662434
10.262386,107,3467.570872
10.269739,82,3468.253452
10.823333,102,3469.118554
10.762614,88,3469.860894
10.583105,69,3470.44814
10.574673,55,3470.924918
10.672143,37,3471.241129
10.868901,46,3471.625671
10.526319,31,3471.881767
-2.384706,324,3480.003301
10.756111,71,3480.610855
10.972273,31,3480.877181
10.449739,46,3481.265935
11.252143,21,3481.445256
10.25732,142,3482.629829
9.855621,306,3485.235448
10.844902,82,3485.936403
10.661667,1,3485.94675
10.648095,38,3486.263257
